ISO-10303-21;
HEADER;
FILE_DESCRIPTION(('ViewDefinition [CoordinationView]','RevitIdentifiers [ContentGUID: cbb0ae2e-6350-4225-8ca4-af668662c38d, VersionGUID: 5ee5dd63-0559-4744-a378-eedc59056dcd, NumberOfSaves: 40]','CoordinateReference [CoordinateBase: Shared Coordinates]'),'2;1');
FILE_NAME('02_00_010.ifc','2026-01-19T15:49:46+01:00',(''),(''),'ODA SDAI 24.6','Autodesk Revit 24.3.30.11 (ENU) - IFC 24.3.30.11','');
FILE_SCHEMA(('IFC4X3'));
ENDSEC;
DATA;
#1=IFCORGANIZATION($,'Autodesk Revit 2024 (ENU)',$,$,$);
#2=IFCAPPLICATION(#1,'2024','Autodesk Revit 2024 (ENU)','Revit');
#3=IFCCARTESIANPOINT((0.,0.,0.));
#4=IFCCARTESIANPOINT((0.,0.));
#5=IFCDIRECTION((1.,0.,0.));
#6=IFCDIRECTION((-1.,0.,0.));
#7=IFCDIRECTION((0.,1.,0.));
#8=IFCDIRECTION((0.,-1.,0.));
#9=IFCDIRECTION((0.,0.,1.));
#10=IFCDIRECTION((0.,0.,-1.));
#11=IFCDIRECTION((1.,0.));
#12=IFCDIRECTION((-1.,0.));
#13=IFCDIRECTION((0.,1.));
#14=IFCDIRECTION((0.,-1.));
#15=IFCPERSON($,'','h.helming',$,$,$,$,$);
#16=IFCORGANIZATION($,'Organization Name','Organization Description',$,$);
#17=IFCPERSONANDORGANIZATION(#15,#16,$);
#18=IFCOWNERHISTORY(#17,#2,$,.NOCHANGE.,$,$,$,1767950137);
#19=IFCSIUNIT(*,.LENGTHUNIT.,.MILLI.,.METRE.);
#20=IFCAXIS2PLACEMENT3D(#3,$,$);
#21=IFCDIRECTION((6.12303176911189E-17,1.));
#22=IFCGEOMETRICREPRESENTATIONCONTEXT($,'Model',3,0.01,#20,#21);
#23=IFCGEOMETRICREPRESENTATIONSUBCONTEXT('Axis','Model',*,*,*,*,#22,$,.GRAPH_VIEW.,$);
#24=IFCGEOMETRICREPRESENTATIONSUBCONTEXT('Body','Model',*,*,*,*,#22,$,.MODEL_VIEW.,$);
#25=IFCGEOMETRICREPRESENTATIONSUBCONTEXT('Box','Model',*,*,*,*,#22,$,.MODEL_VIEW.,$);
#26=IFCGEOMETRICREPRESENTATIONSUBCONTEXT('FootPrint','Model',*,*,*,*,#22,$,.MODEL_VIEW.,$);
#27=IFCPROJECT('3BiAukOr129OoahsPvdJnz',#18,'Project Number',$,$,'Project Name','Project Status',(#22),#17097);
#28=IFCCLASSIFICATION('CSI (Construction Specifications Institute)','1998',$,'Uniformat','UniFormat Classification','https://www.csiresources.org/standards/uniformat',$);
#29=IFCAXIS2PLACEMENT3D(#3,$,$);
#30=IFCLOCALPLACEMENT(#41,#29);
#31=IFCPOSTALADDRESS($,$,$,$,('Enter address hereAddress Line 2'),$,'','Boston','','MA');
#32=IFCBUILDING('3BiAukOr129OoahsPvdJny',#18,'Building Name',$,$,#30,$,'Building Name',.ELEMENT.,$,$,#31);
#33=IFCAXIS2PLACEMENT3D(#3,$,$);
#34=IFCLOCALPLACEMENT(#30,#33);
#35=IFCBUILDINGSTOREY('2JF4e6axWHqu3u0C1FZlmi',#18,'L1',$,'Level:8mm Head',#34,$,'L1',.ELEMENT.,0.);
#36=IFCCARTESIANPOINT((0.,0.,3000.));
#37=IFCAXIS2PLACEMENT3D(#36,$,$);
#38=IFCLOCALPLACEMENT(#30,#37);
#39=IFCBUILDINGSTOREY('1ZGO8hrFCHqw0v0026FpFv',#18,'L2',$,'Level:8mm Head',#38,$,'L2',.ELEMENT.,3000.);
#40=IFCAXIS2PLACEMENT3D(#3,$,$);
#41=IFCLOCALPLACEMENT($,#40);
#42=IFCSITE('3BiAukOr129OoahsPvdJn$',#18,'Default',$,$,#41,$,$,.ELEMENT.,(42,21,31,401672),(-71,-3,-24,-345703),0.,$,$);
#43=IFCPROPERTYSINGLEVALUE('Reference',$,IFCIDENTIFIER('Project Information'),$);
#44=IFCPROPERTYSET('2mFJcO6I01h0OYRLOICO3c',#18,'Pset_SiteCommon',$,(#43));
#45=IFCPROPERTYSINGLEVALUE('IsExternal',$,IFCBOOLEAN(.F.),$);
#46=IFCPROPERTYSET('0O$B2PbAODr9jYnpcaZGJT',#18,'Pset_SpaceCommon',$,(#43,#45));
#47=IFCRELDEFINESBYPROPERTIES('2fDrcjst0HFayqQ3dY1cGQ',#18,$,$,(#42),#44);
#48=IFCRELDEFINESBYPROPERTIES('1lYkP70lXSGXnZeJnLC8MY',#18,$,$,(#42),#46);
#79=IFCAXIS2PLACEMENT3D(#3,$,$);
#80=IFCLOCALPLACEMENT(#34,#79);
#81=IFCCARTESIANPOINT((6650.,11750.,0.));
#82=IFCCARTESIANPOINT((6650.,7875.,0.));
#83=IFCCARTESIANPOINT((6650.,5200.,0.));
#84=IFCCARTESIANPOINT((250.,5200.,0.));
#85=IFCCARTESIANPOINT((250.,11750.,0.));
#86=IFCPOLYLOOP((#81,#82,#83,#84,#85));
#87=IFCFACEOUTERBOUND(#86,.T.);
#88=IFCFACE((#87));
#89=IFCCARTESIANPOINT((6650.,11750.,2695.2));
#90=IFCCARTESIANPOINT((6650.,7875.,2695.2));
#91=IFCPOLYLOOP((#82,#81,#89,#90));
#92=IFCFACEOUTERBOUND(#91,.T.);
#93=IFCFACE((#92));
#94=IFCCARTESIANPOINT((250.,11750.,2695.2));
#95=IFCPOLYLOOP((#81,#85,#94,#89));
#96=IFCFACEOUTERBOUND(#95,.T.);
#97=IFCFACE((#96));
#98=IFCCARTESIANPOINT((250.,5200.,2695.2));
#99=IFCPOLYLOOP((#85,#84,#98,#94));
#100=IFCFACEOUTERBOUND(#99,.T.);
#101=IFCFACE((#100));
#102=IFCCARTESIANPOINT((6650.,5200.,2695.2));
#103=IFCPOLYLOOP((#84,#83,#102,#98));
#104=IFCFACEOUTERBOUND(#103,.T.);
#105=IFCFACE((#104));
#106=IFCPOLYLOOP((#83,#82,#90,#102));
#107=IFCFACEOUTERBOUND(#106,.T.);
#108=IFCFACE((#107));
#109=IFCPOLYLOOP((#90,#89,#94,#98,#102));
#110=IFCFACEOUTERBOUND(#109,.T.);
#111=IFCFACE((#110));
#112=IFCCLOSEDSHELL((#88,#93,#97,#101,#105,#108,#111));
#113=IFCFACETEDBREP(#112);
#114=IFCSHAPEREPRESENTATION(#24,'Body','Brep',(#113));
#115=IFCPRODUCTDEFINITIONSHAPE($,$,(#114));
#116=IFCSIUNIT(*,.AREAUNIT.,$,.SQUARE_METRE.);
#117=IFCSPACE('0NHXowVlLAMxbt4g08$mhM',#18,'144',$,$,#80,#115,'room',.ELEMENT.,.NOTDEFINED.,$);
#118=IFCSPACETYPE('0NHXowVlLAMxbt6g08$mhM',#18,'room 144:1620375',$,$,$,$,'1620375',$,.NOTDEFINED.,$);
#119=IFCPROPERTYSINGLEVALUE('Reference',$,IFCIDENTIFIER('room 144'),$);
#120=IFCPROPERTYSET('1kxusDXJnsrQBHFe3GE30a',#18,'Pset_SpaceCommon',$,(#45,#119));
#121=IFCPROPERTYSET('2UNxXqTfaWV7WkrWe2HYW1',#18,'Pset_SpaceHeaterTypeCommon',$,(#119));
#122=IFCRELDEFINESBYPROPERTIES('0bXpui8so4ap3qmky9IQF$',#18,$,$,(#117),#120);
#123=IFCRELDEFINESBYPROPERTIES('3NgyiSmZIkZ3fXHIqJsnbh',#18,$,$,(#117),#121);
#124=IFCAXIS2PLACEMENT3D(#3,$,$);
#125=IFCLOCALPLACEMENT(#34,#124);
#126=IFCCARTESIANPOINT((8400.,6250.,3000.));
#127=IFCCARTESIANPOINT((8400.,1500.,3000.));
#128=IFCCARTESIANPOINT((17400.,1500.,3000.));
#129=IFCCARTESIANPOINT((17400.,6250.,3000.));
#130=IFCPOLYLOOP((#126,#127,#128,#129));
#131=IFCFACEOUTERBOUND(#130,.T.);
#132=IFCFACE((#131));
#133=IFCCARTESIANPOINT((6900.,5075.,0.));
#134=IFCCARTESIANPOINT((6900.,7750.,0.));
#135=IFCCARTESIANPOINT((11475.,7750.,0.));
#136=IFCCARTESIANPOINT((15825.,7750.,0.));
#137=IFCCARTESIANPOINT((18900.,7750.,0.));
#138=IFCCARTESIANPOINT((18900.,0.,0.));
#139=IFCCARTESIANPOINT((16050.,0.,0.));
#140=IFCCARTESIANPOINT((16050.,300.,0.));
#141=IFCCARTESIANPOINT((15750.,300.,0.));
#142=IFCCARTESIANPOINT((15750.,0.,0.));
#143=IFCCARTESIANPOINT((13050.,0.,0.));
#144=IFCCARTESIANPOINT((13050.,300.,0.));
#145=IFCCARTESIANPOINT((12750.,300.,0.));
#146=IFCCARTESIANPOINT((12750.,0.,0.));
#147=IFCCARTESIANPOINT((10050.,0.,0.));
#148=IFCCARTESIANPOINT((10050.,300.,0.));
#149=IFCCARTESIANPOINT((9750.,300.,0.));
#150=IFCCARTESIANPOINT((9750.,0.,0.));
#151=IFCCARTESIANPOINT((6900.,0.,0.));
#152=IFCPOLYLOOP((#133,#134,#135,#136,#137,#138,#139,#140,#141,#142,#143,#144,#145,#146,#147,#148,#149,#150,#151));
#153=IFCFACEOUTERBOUND(#152,.T.);
#154=IFCFACE((#153));
#155=IFCCARTESIANPOINT((6900.,5075.,2695.2));
#156=IFCCARTESIANPOINT((6900.,7750.,2695.2));
#157=IFCPOLYLOOP((#134,#133,#155,#156));
#158=IFCFACEOUTERBOUND(#157,.T.);
#159=IFCFACE((#158));
#160=IFCCARTESIANPOINT((6900.,0.,2695.2));
#161=IFCPOLYLOOP((#133,#151,#160,#155));
#162=IFCFACEOUTERBOUND(#161,.T.);
#163=IFCFACE((#162));
#164=IFCCARTESIANPOINT((9750.,0.,2695.2));
#165=IFCPOLYLOOP((#151,#150,#164,#160));
#166=IFCFACEOUTERBOUND(#165,.T.);
#167=IFCFACE((#166));
#168=IFCCARTESIANPOINT((9750.,300.,2695.2));
#169=IFCPOLYLOOP((#150,#149,#168,#164));
#170=IFCFACEOUTERBOUND(#169,.T.);
#171=IFCFACE((#170));
#172=IFCCARTESIANPOINT((10050.,300.,2695.2));
#173=IFCPOLYLOOP((#149,#148,#172,#168));
#174=IFCFACEOUTERBOUND(#173,.T.);
#175=IFCFACE((#174));
#176=IFCCARTESIANPOINT((10050.,0.,2695.2));
#177=IFCPOLYLOOP((#148,#147,#176,#172));
#178=IFCFACEOUTERBOUND(#177,.T.);
#179=IFCFACE((#178));
#180=IFCCARTESIANPOINT((12750.,0.,2695.2));
#181=IFCPOLYLOOP((#147,#146,#180,#176));
#182=IFCFACEOUTERBOUND(#181,.T.);
#183=IFCFACE((#182));
#184=IFCCARTESIANPOINT((12750.,300.,2695.2));
#185=IFCPOLYLOOP((#146,#145,#184,#180));
#186=IFCFACEOUTERBOUND(#185,.T.);
#187=IFCFACE((#186));
#188=IFCCARTESIANPOINT((13050.,300.,2695.2));
#189=IFCPOLYLOOP((#145,#144,#188,#184));
#190=IFCFACEOUTERBOUND(#189,.T.);
#191=IFCFACE((#190));
#192=IFCCARTESIANPOINT((13050.,0.,2695.2));
#193=IFCPOLYLOOP((#144,#143,#192,#188));
#194=IFCFACEOUTERBOUND(#193,.T.);
#195=IFCFACE((#194));
#196=IFCCARTESIANPOINT((15750.,0.,2695.2));
#197=IFCPOLYLOOP((#143,#142,#196,#192));
#198=IFCFACEOUTERBOUND(#197,.T.);
#199=IFCFACE((#198));
#200=IFCCARTESIANPOINT((15750.,300.,2695.2));
#201=IFCPOLYLOOP((#142,#141,#200,#196));
#202=IFCFACEOUTERBOUND(#201,.T.);
#203=IFCFACE((#202));
#204=IFCCARTESIANPOINT((16050.,300.,2695.2));
#205=IFCPOLYLOOP((#141,#140,#204,#200));
#206=IFCFACEOUTERBOUND(#205,.T.);
#207=IFCFACE((#206));
#208=IFCCARTESIANPOINT((16050.,0.,2695.2));
#209=IFCPOLYLOOP((#140,#139,#208,#204));
#210=IFCFACEOUTERBOUND(#209,.T.);
#211=IFCFACE((#210));
#212=IFCCARTESIANPOINT((18900.,0.,2695.2));
#213=IFCPOLYLOOP((#139,#138,#212,#208));
#214=IFCFACEOUTERBOUND(#213,.T.);
#215=IFCFACE((#214));
#216=IFCCARTESIANPOINT((18900.,7750.,2695.2));
#217=IFCPOLYLOOP((#138,#137,#216,#212));
#218=IFCFACEOUTERBOUND(#217,.T.);
#219=IFCFACE((#218));
#220=IFCCARTESIANPOINT((15825.,7750.,2695.2));
#221=IFCPOLYLOOP((#137,#136,#220,#216));
#222=IFCFACEOUTERBOUND(#221,.T.);
#223=IFCFACE((#222));
#224=IFCCARTESIANPOINT((11475.,7750.,2695.2));
#225=IFCPOLYLOOP((#136,#135,#224,#220));
#226=IFCFACEOUTERBOUND(#225,.T.);
#227=IFCFACE((#226));
#228=IFCPOLYLOOP((#135,#134,#156,#224));
#229=IFCFACEOUTERBOUND(#228,.T.);
#230=IFCFACE((#229));
#231=IFCCARTESIANPOINT((8400.,1500.,2695.2));
#232=IFCCARTESIANPOINT((8400.,6250.,2695.2));
#233=IFCCARTESIANPOINT((17400.,6250.,2695.2));
#234=IFCCARTESIANPOINT((17400.,1500.,2695.2));
#235=IFCPOLYLOOP((#231,#232,#233,#234));
#236=IFCFACEBOUND(#235,.T.);
#237=IFCPOLYLOOP((#156,#155,#160,#164,#168,#172,#176,#180,#184,#188,#192,#196,#200,#204,#208,#212,#216,#220,#224));
#238=IFCFACEOUTERBOUND(#237,.T.);
#239=IFCFACE((#236,#238));
#240=IFCPOLYLOOP((#232,#231,#127,#126));
#241=IFCFACEOUTERBOUND(#240,.T.);
#242=IFCFACE((#241));
#243=IFCPOLYLOOP((#233,#232,#126,#129));
#244=IFCFACEOUTERBOUND(#243,.T.);
#245=IFCFACE((#244));
#246=IFCPOLYLOOP((#234,#233,#129,#128));
#247=IFCFACEOUTERBOUND(#246,.T.);
#248=IFCFACE((#247));
#249=IFCPOLYLOOP((#231,#234,#128,#127));
#250=IFCFACEOUTERBOUND(#249,.T.);
#251=IFCFACE((#250));
#252=IFCCLOSEDSHELL((#132,#154,#159,#163,#167,#171,#175,#179,#183,#187,#191,#195,#199,#203,#207,#211,#215,#219,#223,#227,#230,#239,#242,#245,#248,#251));
#253=IFCFACETEDBREP(#252);
#254=IFCSHAPEREPRESENTATION(#24,'Body','Brep',(#253));
#255=IFCPRODUCTDEFINITIONSHAPE($,$,(#254));
#256=IFCSPACE('2YBG8$weL8dfjf3ERiESW$',#18,'145',$,$,#125,#255,'room',.ELEMENT.,.NOTDEFINED.,$);
#257=IFCSPACETYPE('2YBG8$weL8dfjf1ERiESW$',#18,'room 145:1624468',$,$,$,$,'1624468',$,.NOTDEFINED.,$);
#258=IFCPROPERTYSINGLEVALUE('Reference',$,IFCIDENTIFIER('room 145'),$);
#259=IFCPROPERTYSET('06wvx7FHtixVXIatzawKJi',#18,'Pset_SpaceCommon',$,(#45,#258));
#260=IFCPROPERTYSET('25LUkQgxD$maEr9$cDmboU',#18,'Pset_SpaceHeaterTypeCommon',$,(#258));
#261=IFCRELDEFINESBYPROPERTIES('0QhiHYWDNPs7vxmT7BXv6o',#18,$,$,(#256),#259);
#262=IFCRELDEFINESBYPROPERTIES('1MYWQZkD6qGGTdshRsV6D0',#18,$,$,(#256),#260);
#265=IFCAXIS2PLACEMENT3D(#3,$,$);
#266=IFCLOCALPLACEMENT(#34,#265);
#267=IFCCARTESIANPOINT((6650.,4950.,0.));
#268=IFCCARTESIANPOINT((6650.,250.,0.));
#269=IFCCARTESIANPOINT((250.,250.,0.));
#270=IFCCARTESIANPOINT((250.,4950.,0.));
#271=IFCPOLYLOOP((#267,#268,#269,#270));
#272=IFCFACEOUTERBOUND(#271,.T.);
#273=IFCFACE((#272));
#274=IFCCARTESIANPOINT((6650.,4950.,2695.2));
#275=IFCCARTESIANPOINT((6650.,250.,2695.2));
#276=IFCPOLYLOOP((#268,#267,#274,#275));
#277=IFCFACEOUTERBOUND(#276,.T.);
#278=IFCFACE((#277));
#279=IFCCARTESIANPOINT((250.,4950.,2695.2));
#280=IFCPOLYLOOP((#267,#270,#279,#274));
#281=IFCFACEOUTERBOUND(#280,.T.);
#282=IFCFACE((#281));
#283=IFCCARTESIANPOINT((250.,250.,2695.2));
#284=IFCPOLYLOOP((#270,#269,#283,#279));
#285=IFCFACEOUTERBOUND(#284,.T.);
#286=IFCFACE((#285));
#287=IFCPOLYLOOP((#269,#268,#275,#283));
#288=IFCFACEOUTERBOUND(#287,.T.);
#289=IFCFACE((#288));
#290=IFCPOLYLOOP((#275,#274,#279,#283));
#291=IFCFACEOUTERBOUND(#290,.T.);
#292=IFCFACE((#291));
#293=IFCCLOSEDSHELL((#273,#278,#282,#286,#289,#292));
#294=IFCFACETEDBREP(#293);
#295=IFCSHAPEREPRESENTATION(#24,'Body','Brep',(#294));
#296=IFCPRODUCTDEFINITIONSHAPE($,$,(#295));
#297=IFCSPACE('11BMJXjID8ivejS6zmMtEL',#18,'147',$,$,#266,#296,'room',.ELEMENT.,.NOTDEFINED.,$);
#298=IFCSPACETYPE('11BMJXjID8ivejU6zmMtEL',#18,'room 147:1627735',$,$,$,$,'1627735',$,.NOTDEFINED.,$);
#299=IFCPROPERTYSINGLEVALUE('Reference',$,IFCIDENTIFIER('room 147'),$);
#300=IFCPROPERTYSET('2ZBXuABitaiMBPDYp3Qrlf',#18,'Pset_SpaceCommon',$,(#45,#299));
#301=IFCPROPERTYSET('3lFNlHI_7JwVDwp3YDQXBa',#18,'Pset_SpaceHeaterTypeCommon',$,(#299));
#302=IFCRELDEFINESBYPROPERTIES('1XhnAzBhz8_SiH4rTUmw6F',#18,$,$,(#297),#300);
#303=IFCRELDEFINESBYPROPERTIES('1Nru_ySuITkCv$DMrOoYpr',#18,$,$,(#297),#301);
#304=IFCAXIS2PLACEMENT3D(#3,$,$);
#305=IFCLOCALPLACEMENT(#34,#304);
#306=IFCCARTESIANPOINT((6900.,8000.,0.));
#307=IFCCARTESIANPOINT((6900.,11750.,0.));
#308=IFCCARTESIANPOINT((11350.,11750.,0.));
#309=IFCCARTESIANPOINT((11350.,8000.,0.));
#310=IFCPOLYLOOP((#306,#307,#308,#309));
#311=IFCFACEOUTERBOUND(#310,.T.);
#312=IFCFACE((#311));
#313=IFCCARTESIANPOINT((6900.,8000.,2695.2));
#314=IFCCARTESIANPOINT((6900.,11750.,2695.2));
#315=IFCPOLYLOOP((#307,#306,#313,#314));
#316=IFCFACEOUTERBOUND(#315,.T.);
#317=IFCFACE((#316));
#318=IFCCARTESIANPOINT((11350.,8000.,2695.2));
#319=IFCPOLYLOOP((#306,#309,#318,#313));
#320=IFCFACEOUTERBOUND(#319,.T.);
#321=IFCFACE((#320));
#322=IFCCARTESIANPOINT((11350.,11750.,2695.2));
#323=IFCPOLYLOOP((#309,#308,#322,#318));
#324=IFCFACEOUTERBOUND(#323,.T.);
#325=IFCFACE((#324));
#326=IFCPOLYLOOP((#308,#307,#314,#322));
#327=IFCFACEOUTERBOUND(#326,.T.);
#328=IFCFACE((#327));
#329=IFCPOLYLOOP((#314,#313,#318,#322));
#330=IFCFACEOUTERBOUND(#329,.T.);
#331=IFCFACE((#330));
#332=IFCCLOSEDSHELL((#312,#317,#321,#325,#328,#331));
#333=IFCFACETEDBREP(#332);
#334=IFCSHAPEREPRESENTATION(#24,'Body','Brep',(#333));
#335=IFCPRODUCTDEFINITIONSHAPE($,$,(#334));
#336=IFCSPACE('11BMJXjID8ivejS6zmMtEO',#18,'148',$,$,#305,#335,'room',.ELEMENT.,.NOTDEFINED.,$);
#337=IFCSPACETYPE('11BMJXjID8ivejU6zmMtEO',#18,'room 148:1627738',$,$,$,$,'1627738',$,.NOTDEFINED.,$);
#338=IFCPROPERTYSINGLEVALUE('Reference',$,IFCIDENTIFIER('room 148'),$);
#339=IFCPROPERTYSET('2X5BLFtx8$d7NhneQyq6Ci',#18,'Pset_SpaceCommon',$,(#45,#338));
#340=IFCPROPERTYSET('2Doo19RfPi_kvc895gIHv6',#18,'Pset_SpaceHeaterTypeCommon',$,(#338));
#341=IFCRELDEFINESBYPROPERTIES('2nIXL_uI2OKrQSxmjTOvUm',#18,$,$,(#336),#339);
#342=IFCRELDEFINESBYPROPERTIES('06q4BzsjJNax2kLRO8M8Xu',#18,$,$,(#336),#340);
#343=IFCAXIS2PLACEMENT3D(#3,$,$);
#344=IFCLOCALPLACEMENT(#34,#343);
#345=IFCCARTESIANPOINT((369.398080000007,-410.000000000003));
#346=IFCAXIS2PLACEMENT2D(#345,#11);
#347=IFCRECTANGLEPROFILEDEF(.AREA.,$,#346,3750.00000000002,4100.00000000002);
#348=IFCCARTESIANPOINT((14060.,10244.3980799999,0.));
#349=IFCAXIS2PLACEMENT3D(#348,#9,#8);
#350=IFCEXTRUDEDAREASOLID(#347,#349,#9,2695.2);
#351=IFCSIUNIT(*,.PLANEANGLEUNIT.,$,.RADIAN.);
#352=IFCDIMENSIONALEXPONENTS(0,0,0,0,0,0,0);
#353=IFCMEASUREWITHUNIT(IFCPLANEANGLEMEASURE(0.0174532925199433),#351);
#354=IFCCONVERSIONBASEDUNIT(#352,.PLANEANGLEUNIT.,'DEGREE',#353);
#355=IFCSHAPEREPRESENTATION(#24,'Body','SweptSolid',(#350));
#356=IFCPRODUCTDEFINITIONSHAPE($,$,(#355));
#357=IFCSPACE('11BMJXjID8ivejS6zmMtEV',#18,'149',$,$,#344,#356,'room',.ELEMENT.,.NOTDEFINED.,$);
#358=IFCSPACETYPE('11BMJXjID8ivejU6zmMtEV',#18,'room 149:1627741',$,$,$,$,'1627741',$,.NOTDEFINED.,$);
#359=IFCPROPERTYSINGLEVALUE('Reference',$,IFCIDENTIFIER('room 149'),$);
#360=IFCPROPERTYSET('3O0ZtQfXYAbMJODRYc6dZI',#18,'Pset_SpaceCommon',$,(#45,#359));
#361=IFCPROPERTYSET('2Ly$XQ_zZj1QDs7LNfPPi8',#18,'Pset_SpaceHeaterTypeCommon',$,(#359));
#362=IFCRELDEFINESBYPROPERTIES('2KaBUICx_NZAw1gWuRBw5e',#18,$,$,(#357),#360);
#363=IFCRELDEFINESBYPROPERTIES('1ryjLWuJV6RLPLr1xc8mzC',#18,$,$,(#357),#361);
#364=IFCAXIS2PLACEMENT3D(#3,$,$);
#365=IFCLOCALPLACEMENT(#34,#364);
#366=IFCCARTESIANPOINT((18900.,11750.,0.));
#367=IFCCARTESIANPOINT((18900.,8000.,0.));
#368=IFCCARTESIANPOINT((15950.,8000.,0.));
#369=IFCCARTESIANPOINT((15950.,11750.,0.));
#370=IFCPOLYLOOP((#366,#367,#368,#369));
#371=IFCFACEOUTERBOUND(#370,.T.);
#372=IFCFACE((#371));
#373=IFCCARTESIANPOINT((18900.,11750.,2695.2));
#374=IFCCARTESIANPOINT((18900.,8000.,2695.2));
#375=IFCPOLYLOOP((#367,#366,#373,#374));
#376=IFCFACEOUTERBOUND(#375,.T.);
#377=IFCFACE((#376));
#378=IFCCARTESIANPOINT((15950.,11750.,2695.2));
#379=IFCPOLYLOOP((#366,#369,#378,#373));
#380=IFCFACEOUTERBOUND(#379,.T.);
#381=IFCFACE((#380));
#382=IFCCARTESIANPOINT((15950.,8000.,2695.2));
#383=IFCPOLYLOOP((#369,#368,#382,#378));
#384=IFCFACEOUTERBOUND(#383,.T.);
#385=IFCFACE((#384));
#386=IFCPOLYLOOP((#368,#367,#374,#382));
#387=IFCFACEOUTERBOUND(#386,.T.);
#388=IFCFACE((#387));
#389=IFCPOLYLOOP((#374,#373,#378,#382));
#390=IFCFACEOUTERBOUND(#389,.T.);
#391=IFCFACE((#390));
#392=IFCCLOSEDSHELL((#372,#377,#381,#385,#388,#391));
#393=IFCFACETEDBREP(#392);
#394=IFCSHAPEREPRESENTATION(#24,'Body','Brep',(#393));
#395=IFCPRODUCTDEFINITIONSHAPE($,$,(#394));
#396=IFCSPACE('11BMJXjID8ivejS6zmMtEY',#18,'150',$,$,#365,#395,'room',.ELEMENT.,.NOTDEFINED.,$);
#397=IFCSPACETYPE('11BMJXjID8ivejU6zmMtEY',#18,'room 150:1627744',$,$,$,$,'1627744',$,.NOTDEFINED.,$);
#398=IFCPROPERTYSINGLEVALUE('Reference',$,IFCIDENTIFIER('room 150'),$);
#399=IFCPROPERTYSET('1BnHvMjeu74_OfOc4p8NC0',#18,'Pset_SpaceCommon',$,(#45,#398));
#400=IFCPROPERTYSET('2L73VQneLHjbiaxEA_dxb0',#18,'Pset_SpaceHeaterTypeCommon',$,(#398));
#401=IFCRELDEFINESBYPROPERTIES('3x2FV9C43YTUK6XQpyJh3V',#18,$,$,(#396),#399);
#402=IFCRELDEFINESBYPROPERTIES('3jgK68xH3M93PuKyW$4d1M',#18,$,$,(#396),#400);
#403=IFCCARTESIANPOINT((6775.,12000.,0.));
#404=IFCAXIS2PLACEMENT3D(#403,#9,#8);
#405=IFCLOCALPLACEMENT(#34,#404);
#406=IFCCARTESIANPOINT((12000.,-0.));
#407=IFCPOLYLINE((#4,#406));
#408=IFCSHAPEREPRESENTATION(#23,'Axis','Curve2D',(#407));
#409=IFCCARTESIANPOINT((5999.99999999999,-5.6843418860808E-14));
#410=IFCAXIS2PLACEMENT2D(#409,#11);
#411=IFCRECTANGLEPROFILEDEF(.AREA.,$,#410,12000.,249.999999999999);
#412=IFCAXIS2PLACEMENT3D(#3,$,$);
#413=IFCEXTRUDEDAREASOLID(#411,#412,#9,2695.2);
#414=IFCCARTESIANPOINT((250.,-0.));
#415=IFCCARTESIANPOINT((11750.,-0.));
#416=IFCCARTESIANPOINT((12000.,-0.));
#417=IFCCARTESIANPOINT((12000.,250.));
#418=IFCCARTESIANPOINT((250.,250.));
#419=IFCCARTESIANPOINT((-0.,250.));
#420=IFCPOLYLINE((#4,#414,#415,#416,#417,#418,#419,#4));
#421=IFCCARTESIANPOINT((0.,-125.,2695.2));
#422=IFCAXIS2PLACEMENT3D(#421,#10,#8);
#423=IFCPLANE(#422);
#424=IFCCARTESIANPOINT((0.,-125.,2695.2));
#425=IFCAXIS2PLACEMENT3D(#424,$,$);
#426=IFCPOLYGONALBOUNDEDHALFSPACE(#423,.T.,#425,#420);
#427=IFCBOOLEANCLIPPINGRESULT(.DIFFERENCE.,#413,#426);
#428=IFCCOLOURRGB($,0.752941176470588,0.752941176470588,0.752941176470588);
#429=IFCSURFACESTYLERENDERING(#428,0.,$,$,$,$,IFCNORMALISEDRATIOMEASURE(0.5),IFCSPECULAREXPONENT(10.),.NOTDEFINED.);
#430=IFCSURFACESTYLE('Default Wall',.BOTH.,(#429));
#431=IFCSTYLEDITEM(#413,(#430),$);
#432=IFCSHAPEREPRESENTATION(#24,'Body','Clipping',(#427));
#433=IFCPRODUCTDEFINITIONSHAPE($,$,(#408,#432));
#434=IFCWALL('0NHXowVlLAMxbt4g08$mA8',#18,'Basic Wall:Generic - 250mm:1618377',$,'Basic Wall:Generic - 250mm',#405,#433,'1618377',.NOTDEFINED.);
#435=IFCMATERIAL('Default Wall',$,'Miscellaneous');
#436=IFCSTYLEDITEM($,(#430),$);
#437=IFCSTYLEDREPRESENTATION(#22,'Style','Material',(#436));
#438=IFCMATERIALDEFINITIONREPRESENTATION($,$,(#437),#435);
#439=IFCMATERIALLAYER(#435,250.,$,'Layer',$,'Miscellaneous',$);
#440=IFCMATERIALLAYERSET((#439),'Basic Wall:Generic - 250mm',$);
#441=IFCWALLTYPE('3E$cYc__TFSxk95ilJEoCQ',#18,'Basic Wall:Generic - 250mm',$,$,(#455),$,'1616938',$,.STANDARD.);
#442=IFCPROPERTYSINGLEVALUE('Reference',$,IFCIDENTIFIER('Generic - 250mm'),$);
#443=IFCPROPERTYSET('3Ey0ud59oVZYGxiUzT4vpK',#18,'Pset_EnvironmentalImpactIndicators',$,(#442));
#444=IFCPROPERTYSINGLEVALUE('Reference',$,IFCLABEL('Generic - 250mm'),$);
#445=IFCPROPERTYSET('02MLpNVJBw3bBlN$4r3HpS',#18,'Pset_ReinforcementBarPitchOfWall',$,(#444));
#446=IFCPROPERTYSINGLEVALUE('IsExternal',$,IFCBOOLEAN(.T.),$);
#447=IFCPROPERTYSINGLEVALUE('LoadBearing',$,IFCBOOLEAN(.F.),$);
#448=IFCPROPERTYSINGLEVALUE('ExtendToStructure',$,IFCBOOLEAN(.T.),$);
#449=IFCPROPERTYSET('0xELJfVrog0GHPrwBT_VJF',#18,'Pset_WallCommon',$,(#442,#446,#447,#448));
#450=IFCRELDEFINESBYPROPERTIES('3s4QU9O9YAcBxtIkKlhsLn',#18,$,$,(#434),#443);
#451=IFCRELDEFINESBYPROPERTIES('02EcY9SFer0MffMqoj_GyL',#18,$,$,(#434),#445);
#452=IFCRELDEFINESBYPROPERTIES('3iX$9gue9MLy11GrSZQIrT',#18,$,$,(#434),#449);
#453=IFCCLASSIFICATIONREFERENCE('https://www.csiresources.org/standards/uniformat','B2010','Exterior Walls',#28,'',$);
#454=IFCPROPERTYSINGLEVALUE('Description',$,IFCTEXT('Generic Wall (Material By Category), 200mm thick'),$);
#455=IFCPROPERTYSET('2M6hyWcyLpt6k7IojqZ76o',#18,'Pset_ReinforcementBarPitchOfWall',$,(#454));
#456=IFCCARTESIANPOINT((15975.,11875.,0.));
#457=IFCAXIS2PLACEMENT3D(#456,#9,#6);
#458=IFCLOCALPLACEMENT(#34,#457);
#459=IFCCARTESIANPOINT((9075.,0.));
#460=IFCPOLYLINE((#4,#459));
#461=IFCSHAPEREPRESENTATION(#23,'Axis','Curve2D',(#460));
#462=IFCCARTESIANPOINT((4537.50000000001,0.));
#463=IFCAXIS2PLACEMENT2D(#462,#12);
#464=IFCRECTANGLEPROFILEDEF(.AREA.,$,#463,9075.00000000001,249.999999999999);
#465=IFCAXIS2PLACEMENT3D(#3,$,$);
#466=IFCEXTRUDEDAREASOLID(#464,#465,#9,2695.2);
#467=IFCCARTESIANPOINT((9075.,0.));
#468=IFCCARTESIANPOINT((9075.,250.));
#469=IFCCARTESIANPOINT((0.,250.));
#470=IFCPOLYLINE((#4,#467,#468,#469,#4));
#471=IFCCARTESIANPOINT((0.,-125.,2695.2));
#472=IFCAXIS2PLACEMENT3D(#471,#10,#5);
#473=IFCPLANE(#472);
#474=IFCCARTESIANPOINT((0.,-125.,2695.2));
#475=IFCAXIS2PLACEMENT3D(#474,$,$);
#476=IFCPOLYGONALBOUNDEDHALFSPACE(#473,.T.,#475,#470);
#477=IFCBOOLEANCLIPPINGRESULT(.DIFFERENCE.,#466,#476);
#478=IFCSTYLEDITEM(#466,(#430),$);
#479=IFCSHAPEREPRESENTATION(#24,'Body','Clipping',(#477));
#480=IFCPRODUCTDEFINITIONSHAPE($,$,(#461,#479));
#481=IFCWALL('0NHXowVlLAMxbt4g08$m6j',#18,'Basic Wall:Generic - 250mm:1618668',$,'Basic Wall:Generic - 250mm',#458,#480,'1618668',.NOTDEFINED.);
#482=IFCPROPERTYSET('0Y3bJD48E8K_zjKvVzUsP1',#18,'Pset_EnvironmentalImpactIndicators',$,(#442));
#483=IFCPROPERTYSINGLEVALUE('Reference',$,IFCLABEL('Generic - 250mm'),$);
#484=IFCPROPERTYSET('1LkAxd34nLBCbxXiPfIk34',#18,'Pset_ReinforcementBarPitchOfWall',$,(#483));
#485=IFCPROPERTYSET('2QGOPoPGfiHKBIsjQRSojo',#18,'Pset_WallCommon',$,(#442,#446,#447,#448));
#486=IFCRELDEFINESBYPROPERTIES('3KVOUqQ5FIlKBFXnlyc$DY',#18,$,$,(#481),#482);
#487=IFCRELDEFINESBYPROPERTIES('3t0$TYqyGRtJ1baU2PgPDj',#18,$,$,(#481),#484);
#488=IFCRELDEFINESBYPROPERTIES('12FxApB3iqGTvNmTAkRMBg',#18,$,$,(#481),#485);
#489=IFCCARTESIANPOINT((19025.,0.,0.));
#490=IFCAXIS2PLACEMENT3D(#489,#9,#7);
#491=IFCLOCALPLACEMENT(#34,#490);
#492=IFCCARTESIANPOINT((12000.,0.));
#493=IFCPOLYLINE((#4,#492));
#494=IFCSHAPEREPRESENTATION(#23,'Axis','Curve2D',(#493));
#495=IFCCARTESIANPOINT((6000.00000000001,0.));
#496=IFCAXIS2PLACEMENT2D(#495,#12);
#497=IFCRECTANGLEPROFILEDEF(.AREA.,$,#496,12000.,249.999999999999);
#498=IFCAXIS2PLACEMENT3D(#3,$,$);
#499=IFCEXTRUDEDAREASOLID(#497,#498,#9,2695.2);
#500=IFCCARTESIANPOINT((12000.,0.));
#501=IFCCARTESIANPOINT((12000.,250.));
#502=IFCCARTESIANPOINT((11750.,250.));
#503=IFCCARTESIANPOINT((-0.,250.));
#504=IFCPOLYLINE((#4,#500,#501,#502,#503,#4));
#505=IFCCARTESIANPOINT((0.,-125.,2695.2));
#506=IFCAXIS2PLACEMENT3D(#505,#10,#7);
#507=IFCPLANE(#506);
#508=IFCCARTESIANPOINT((0.,-125.,2695.2));
#509=IFCAXIS2PLACEMENT3D(#508,$,$);
#510=IFCPOLYGONALBOUNDEDHALFSPACE(#507,.T.,#509,#504);
#511=IFCBOOLEANCLIPPINGRESULT(.DIFFERENCE.,#499,#510);
#512=IFCSTYLEDITEM(#499,(#430),$);
#513=IFCSHAPEREPRESENTATION(#24,'Body','Clipping',(#511));
#514=IFCPRODUCTDEFINITIONSHAPE($,$,(#494,#513));
#515=IFCWALL('0NHXowVlLAMxbt4g08$mOG',#18,'Basic Wall:Generic - 250mm:1619281',$,'Basic Wall:Generic - 250mm',#491,#514,'1619281',.NOTDEFINED.);
#516=IFCPROPERTYSET('3JpKC90L_ByqDBaOxwjOq9',#18,'Pset_EnvironmentalImpactIndicators',$,(#442));
#517=IFCPROPERTYSINGLEVALUE('Reference',$,IFCLABEL('Generic - 250mm'),$);
#518=IFCPROPERTYSET('0cPBM1ksS8Zapkcr6TXrAt',#18,'Pset_ReinforcementBarPitchOfWall',$,(#517));
#519=IFCPROPERTYSET('11Wc4I3EeGxo3LwNDuZgj8',#18,'Pset_WallCommon',$,(#442,#446,#447,#448));
#520=IFCRELDEFINESBYPROPERTIES('2hp9tunfXt87FJeTZhswO9',#18,$,$,(#515),#516);
#521=IFCRELDEFINESBYPROPERTIES('2vMnTuiui7S4XKsZgZtiTK',#18,$,$,(#515),#518);
#522=IFCRELDEFINESBYPROPERTIES('1tfcI0uvVYe7r$LFoWzFnP',#18,$,$,(#515),#519);
#523=IFCCARTESIANPOINT((18900.,11875.,0.));
#524=IFCAXIS2PLACEMENT3D(#523,#9,#6);
#525=IFCLOCALPLACEMENT(#34,#524);
#526=IFCCARTESIANPOINT((2925.,0.));
#527=IFCPOLYLINE((#4,#526));
#528=IFCSHAPEREPRESENTATION(#23,'Axis','Curve2D',(#527));
#529=IFCCARTESIANPOINT((1462.49999999998,2.98427949019242E-13));
#530=IFCAXIS2PLACEMENT2D(#529,#12);
#531=IFCRECTANGLEPROFILEDEF(.AREA.,$,#530,2924.99999999997,249.999999999999);
#532=IFCAXIS2PLACEMENT3D(#3,$,$);
#533=IFCEXTRUDEDAREASOLID(#531,#532,#9,2695.2);
#534=IFCCARTESIANPOINT((2925.,0.));
#535=IFCCARTESIANPOINT((2925.,250.));
#536=IFCCARTESIANPOINT((-0.,250.));
#537=IFCPOLYLINE((#4,#534,#535,#536,#4));
#538=IFCCARTESIANPOINT((0.,-125.,2695.2));
#539=IFCAXIS2PLACEMENT3D(#538,#10,#5);
#540=IFCPLANE(#539);
#541=IFCCARTESIANPOINT((0.,-125.,2695.2));
#542=IFCAXIS2PLACEMENT3D(#541,$,$);
#543=IFCPOLYGONALBOUNDEDHALFSPACE(#540,.T.,#542,#537);
#544=IFCBOOLEANCLIPPINGRESULT(.DIFFERENCE.,#533,#543);
#545=IFCSTYLEDITEM(#533,(#430),$);
#546=IFCSHAPEREPRESENTATION(#24,'Body','Clipping',(#544));
#547=IFCPRODUCTDEFINITIONSHAPE($,$,(#528,#546));
#548=IFCWALL('0NHXowVlLAMxbt4g08$mR5',#18,'Basic Wall:Generic - 250mm:1619332',$,'Basic Wall:Generic - 250mm',#525,#547,'1619332',.NOTDEFINED.);
#549=IFCPROPERTYSET('2qJ6fo2SkQwQs3lxhbjtVL',#18,'Pset_EnvironmentalImpactIndicators',$,(#442));
#550=IFCPROPERTYSINGLEVALUE('Reference',$,IFCLABEL('Generic - 250mm'),$);
#551=IFCPROPERTYSET('0E0tDbZFNuxdZ_njnmPS3o',#18,'Pset_ReinforcementBarPitchOfWall',$,(#550));
#552=IFCPROPERTYSET('1k65H$X3vcqpM0KdshkYAG',#18,'Pset_WallCommon',$,(#442,#446,#447,#448));
#553=IFCRELDEFINESBYPROPERTIES('2JJ5uT1wqHZJW6_$CbTjLN',#18,$,$,(#548),#549);
#554=IFCRELDEFINESBYPROPERTIES('3GtvQZ_MmzlAgLzC_Qyc0i',#18,$,$,(#548),#551);
#555=IFCRELDEFINESBYPROPERTIES('1WX2InKZWWvSGQmUScKr9a',#18,$,$,(#548),#552);
#556=IFCCARTESIANPOINT((6650.,125.,0.));
#557=IFCAXIS2PLACEMENT3D(#556,#9,#6);
#558=IFCLOCALPLACEMENT(#34,#557);
#559=IFCCARTESIANPOINT((6400.,0.));
#560=IFCPOLYLINE((#4,#559));
#561=IFCSHAPEREPRESENTATION(#23,'Axis','Curve2D',(#560));
#562=IFCCARTESIANPOINT((3200.,-1.4210854715202E-14));
#563=IFCAXIS2PLACEMENT2D(#562,#12);
#564=IFCRECTANGLEPROFILEDEF(.AREA.,$,#563,6400.,250.);
#565=IFCAXIS2PLACEMENT3D(#3,$,$);
#566=IFCEXTRUDEDAREASOLID(#564,#565,#9,2695.2);
#567=IFCCARTESIANPOINT((6400.,0.));
#568=IFCCARTESIANPOINT((6400.,250.));
#569=IFCCARTESIANPOINT((0.,250.));
#570=IFCPOLYLINE((#4,#567,#568,#569,#4));
#571=IFCCARTESIANPOINT((-0.,-125.,2695.2));
#572=IFCAXIS2PLACEMENT3D(#571,#10,#5);
#573=IFCPLANE(#572);
#574=IFCCARTESIANPOINT((-0.,-125.,2695.2));
#575=IFCAXIS2PLACEMENT3D(#574,$,$);
#576=IFCPOLYGONALBOUNDEDHALFSPACE(#573,.T.,#575,#570);
#577=IFCBOOLEANCLIPPINGRESULT(.DIFFERENCE.,#566,#576);
#578=IFCSTYLEDITEM(#566,(#430),$);
#579=IFCSHAPEREPRESENTATION(#24,'Body','Clipping',(#577));
#580=IFCPRODUCTDEFINITIONSHAPE($,$,(#561,#579));
#581=IFCWALL('0NHXowVlLAMxbt4g08$ml9',#18,'Basic Wall:Generic - 250mm:1620104',$,'Basic Wall:Generic - 250mm',#558,#580,'1620104',.NOTDEFINED.);
#582=IFCPROPERTYSET('0jWj2vZtsiddDO9rek_Uwr',#18,'Pset_EnvironmentalImpactIndicators',$,(#442));
#583=IFCPROPERTYSINGLEVALUE('Reference',$,IFCLABEL('Generic - 250mm'),$);
#584=IFCPROPERTYSET('0OTlbpZtfov3DFOGsr0Yu4',#18,'Pset_ReinforcementBarPitchOfWall',$,(#583));
#585=IFCPROPERTYSET('331XFbcdnEY3aFhmZc9iCw',#18,'Pset_WallCommon',$,(#442,#446,#447,#448));
#586=IFCRELDEFINESBYPROPERTIES('10Y5emm64SYpCmAU7nAFVr',#18,$,$,(#581),#582);
#587=IFCRELDEFINESBYPROPERTIES('3ylnkenbTT59ihCQW1ggDc',#18,$,$,(#581),#584);
#588=IFCRELDEFINESBYPROPERTIES('3EWGMH_dj1JsAv$m2s0Nm8',#18,$,$,(#581),#585);
#589=IFCCARTESIANPOINT((125.,0.,0.));
#590=IFCAXIS2PLACEMENT3D(#589,#9,#7);
#591=IFCLOCALPLACEMENT(#34,#590);
#592=IFCCARTESIANPOINT((12000.,0.));
#593=IFCPOLYLINE((#4,#592));
#594=IFCSHAPEREPRESENTATION(#23,'Axis','Curve2D',(#593));
#595=IFCCARTESIANPOINT((6000.,0.));
#596=IFCAXIS2PLACEMENT2D(#595,#12);
#597=IFCRECTANGLEPROFILEDEF(.AREA.,$,#596,12000.,250.);
#598=IFCAXIS2PLACEMENT3D(#3,$,$);
#599=IFCEXTRUDEDAREASOLID(#597,#598,#9,2695.2);
#600=IFCCARTESIANPOINT((250.,0.));
#601=IFCCARTESIANPOINT((11750.,0.));
#602=IFCCARTESIANPOINT((12000.,0.));
#603=IFCCARTESIANPOINT((12000.,250.));
#604=IFCCARTESIANPOINT((-0.,250.));
#605=IFCPOLYLINE((#4,#600,#601,#602,#603,#604,#4));
#606=IFCCARTESIANPOINT((0.,-125.,2695.2));
#607=IFCAXIS2PLACEMENT3D(#606,#10,#7);
#608=IFCPLANE(#607);
#609=IFCCARTESIANPOINT((0.,-125.,2695.2));
#610=IFCAXIS2PLACEMENT3D(#609,$,$);
#611=IFCPOLYGONALBOUNDEDHALFSPACE(#608,.T.,#610,#605);
#612=IFCBOOLEANCLIPPINGRESULT(.DIFFERENCE.,#599,#611);
#613=IFCSTYLEDITEM(#599,(#430),$);
#614=IFCSHAPEREPRESENTATION(#24,'Body','Clipping',(#612));
#615=IFCPRODUCTDEFINITIONSHAPE($,$,(#594,#614));
#616=IFCWALL('0NHXowVlLAMxbt4g08$ml8',#18,'Basic Wall:Generic - 250mm:1620105',$,'Basic Wall:Generic - 250mm',#591,#615,'1620105',.NOTDEFINED.);
#617=IFCPROPERTYSET('1PoklkocO725UGmkZPDfOS',#18,'Pset_EnvironmentalImpactIndicators',$,(#442));
#618=IFCPROPERTYSINGLEVALUE('Reference',$,IFCLABEL('Generic - 250mm'),$);
#619=IFCPROPERTYSET('3He4eEfdlXJU2VVvbVN0vD',#18,'Pset_ReinforcementBarPitchOfWall',$,(#618));
#620=IFCPROPERTYSET('0fv35i0FBEw8AqbImoePK3',#18,'Pset_WallCommon',$,(#442,#446,#447,#448));
#621=IFCRELDEFINESBYPROPERTIES('3xvacq2etZkP3BccSrqtvf',#18,$,$,(#616),#617);
#622=IFCRELDEFINESBYPROPERTIES('2U1jBz3UH10Xox7pYyojdU',#18,$,$,(#616),#619);
#623=IFCRELDEFINESBYPROPERTIES('2F3Fe8FjJgwuJEvUBvisp9',#18,$,$,(#616),#620);
#624=IFCCARTESIANPOINT((250.,11875.,0.));
#625=IFCAXIS2PLACEMENT3D(#624,$,$);
#626=IFCLOCALPLACEMENT(#34,#625);
#627=IFCCARTESIANPOINT((6400.,0.));
#628=IFCPOLYLINE((#4,#627));
#629=IFCSHAPEREPRESENTATION(#23,'Axis','Curve2D',(#628));
#630=IFCCARTESIANPOINT((3200.,2.98427949019242E-13));
#631=IFCAXIS2PLACEMENT2D(#630,#12);
#632=IFCRECTANGLEPROFILEDEF(.AREA.,$,#631,6399.99999999999,249.999999999999);
#633=IFCAXIS2PLACEMENT3D(#3,$,$);
#634=IFCEXTRUDEDAREASOLID(#632,#633,#9,2695.2);
#635=IFCCARTESIANPOINT((6400.,0.));
#636=IFCCARTESIANPOINT((6400.,250.));
#637=IFCCARTESIANPOINT((0.,250.));
#638=IFCPOLYLINE((#4,#635,#636,#637,#4));
#639=IFCCARTESIANPOINT((-0.,-125.,2695.2));
#640=IFCAXIS2PLACEMENT3D(#639,#10,#6);
#641=IFCPLANE(#640);
#642=IFCCARTESIANPOINT((-0.,-125.,2695.2));
#643=IFCAXIS2PLACEMENT3D(#642,$,$);
#644=IFCPOLYGONALBOUNDEDHALFSPACE(#641,.T.,#643,#638);
#645=IFCBOOLEANCLIPPINGRESULT(.DIFFERENCE.,#634,#644);
#646=IFCSTYLEDITEM(#634,(#430),$);
#647=IFCSHAPEREPRESENTATION(#24,'Body','Clipping',(#645));
#648=IFCPRODUCTDEFINITIONSHAPE($,$,(#629,#647));
#649=IFCWALL('0NHXowVlLAMxbt4g08$mlB',#18,'Basic Wall:Generic - 250mm:1620106',$,'Basic Wall:Generic - 250mm',#626,#648,'1620106',.NOTDEFINED.);
#650=IFCPROPERTYSET('1f5Cv4IhtzydZvTTnX1HvE',#18,'Pset_EnvironmentalImpactIndicators',$,(#442));
#651=IFCPROPERTYSINGLEVALUE('Reference',$,IFCLABEL('Generic - 250mm'),$);
#652=IFCPROPERTYSET('1sa3cbKCeFIp5rO8bNTRbY',#18,'Pset_ReinforcementBarPitchOfWall',$,(#651));
#653=IFCPROPERTYSET('1FUyU$WleD3gAXiIuYLUNt',#18,'Pset_WallCommon',$,(#442,#446,#447,#448));
#654=IFCRELDEFINESBYPROPERTIES('2u9AL1L8NiEX9CLjs0L4Or',#18,$,$,(#649),#650);
#655=IFCRELDEFINESBYPROPERTIES('1Q8Fbgh1dXsN$3XoVU72o0',#18,$,$,(#649),#652);
#656=IFCRELDEFINESBYPROPERTIES('0IUw5iHgozrb8j84x2s5Jj',#18,$,$,(#649),#653);
#657=IFCCARTESIANPOINT((115.009374999986,172.,1000.));
#658=IFCCARTESIANPOINT((115.350116737095,172.,1002.58819045103));
#659=IFCCARTESIANPOINT((116.349120962141,172.,1005.));
#660=IFCCARTESIANPOINT((117.93830718812,172.,1007.07106781187));
#661=IFCCARTESIANPOINT((120.009374999986,172.,1008.66025403784));
#662=IFCCARTESIANPOINT((122.421184548961,172.,1009.65925826289));
#663=IFCCARTESIANPOINT((125.009374999986,172.,1010.));
#664=IFCCARTESIANPOINT((127.597565451011,172.,1009.65925826289));
#665=IFCCARTESIANPOINT((130.009374999986,172.,1008.66025403784));
#666=IFCCARTESIANPOINT((132.080442811851,172.,1007.07106781187));
#667=IFCCARTESIANPOINT((133.66962903783,172.,1005.));
#668=IFCCARTESIANPOINT((134.668633262876,172.,1002.58819045103));
#669=IFCCARTESIANPOINT((135.009374999986,172.,1000.));
#670=IFCCARTESIANPOINT((134.668633262876,172.,997.411809548974));
#671=IFCCARTESIANPOINT((133.66962903783,172.,995.));
#672=IFCCARTESIANPOINT((132.080442811851,172.,992.928932188134));
#673=IFCCARTESIANPOINT((130.009374999986,172.,991.339745962155));
#674=IFCCARTESIANPOINT((127.597565451011,172.,990.340741737109));
#675=IFCCARTESIANPOINT((125.009374999986,172.,990.));
#676=IFCCARTESIANPOINT((122.42118454896,172.,990.340741737109));
#677=IFCCARTESIANPOINT((120.009374999986,172.,991.339745962156));
#678=IFCCARTESIANPOINT((117.93830718812,172.,992.928932188135));
#679=IFCCARTESIANPOINT((116.349120962141,172.,995.));
#680=IFCCARTESIANPOINT((115.350116737095,172.,997.411809548975));
#681=IFCCARTESIANPOINT((135.009374999986,142.,1000.));
#682=IFCCARTESIANPOINT((134.668633262876,142.,997.411809548974));
#683=IFCCARTESIANPOINT((133.66962903783,142.,995.));
#684=IFCCARTESIANPOINT((132.080442811851,142.,992.928932188134));
#685=IFCCARTESIANPOINT((130.009374999986,142.,991.339745962155));
#686=IFCCARTESIANPOINT((127.597565451011,142.,990.340741737109));
#687=IFCCARTESIANPOINT((125.009374999986,142.,990.));
#688=IFCCARTESIANPOINT((122.42118454896,142.,990.340741737109));
#689=IFCCARTESIANPOINT((120.009374999986,142.,991.339745962156));
#690=IFCCARTESIANPOINT((117.93830718812,142.,992.928932188135));
#691=IFCCARTESIANPOINT((116.349120962141,142.,995.));
#692=IFCCARTESIANPOINT((115.350116737095,142.,997.411809548975));
#693=IFCCARTESIANPOINT((115.009374999986,142.,1000.));
#694=IFCCARTESIANPOINT((115.350116737095,142.,1002.58819045103));
#695=IFCCARTESIANPOINT((116.349120962141,142.,1005.));
#696=IFCCARTESIANPOINT((117.93830718812,142.,1007.07106781187));
#697=IFCCARTESIANPOINT((120.009374999986,142.,1008.66025403784));
#698=IFCCARTESIANPOINT((122.421184548961,142.,1009.65925826289));
#699=IFCCARTESIANPOINT((125.009374999986,142.,1010.));
#700=IFCCARTESIANPOINT((127.597565451011,142.,1009.65925826289));
#701=IFCCARTESIANPOINT((130.009374999986,142.,1008.66025403784));
#702=IFCCARTESIANPOINT((132.080442811851,142.,1007.07106781187));
#703=IFCCARTESIANPOINT((133.66962903783,142.,1005.));
#704=IFCCARTESIANPOINT((134.668633262876,142.,1002.58819045103));
#705=IFCCARTESIANPOINT((140.009374999993,137.,1000.));
#706=IFCCARTESIANPOINT((140.009374999993,136.65925826289,997.411809548974));
#707=IFCCARTESIANPOINT((140.009374999993,135.660254037843,995.));
#708=IFCCARTESIANPOINT((140.009374999993,134.071067811864,992.928932188134));
#709=IFCCARTESIANPOINT((140.009374999993,132.,991.339745962155));
#710=IFCCARTESIANPOINT((140.009374999993,129.588190451024,990.340741737109));
#711=IFCCARTESIANPOINT((140.009374999993,127.,990.));
#712=IFCCARTESIANPOINT((140.009374999993,124.411809548973,990.340741737109));
#713=IFCCARTESIANPOINT((140.009374999993,122.,991.339745962155));
#714=IFCCARTESIANPOINT((140.009374999993,119.928932188133,992.928932188134));
#715=IFCCARTESIANPOINT((140.009374999993,118.339745962154,995.));
#716=IFCCARTESIANPOINT((140.009374999993,117.340741737108,997.411809548975));
#717=IFCCARTESIANPOINT((140.009374999993,117.,1000.));
#718=IFCCARTESIANPOINT((127.509374999989,120.349364905389,1000.));
#719=IFCCARTESIANPOINT((118.358739905376,129.500000000002,1000.));
#720=IFCCARTESIANPOINT((136.473841094055,138.464466094068,1000.));
#721=IFCCARTESIANPOINT((133.643177218647,118.705817554367,1000.));
#722=IFCCARTESIANPOINT((116.71519254347,135.63380225928,1000.));
#723=IFCCARTESIANPOINT((136.82627610932,117.852908777183,1000.));
#724=IFCCARTESIANPOINT((115.862283771728,138.816901129643,1000.));
#725=IFCCARTESIANPOINT((138.417825554656,117.426454388591,1000.));
#726=IFCCARTESIANPOINT((115.435829385857,140.408450564824,1000.));
#727=IFCCARTESIANPOINT((122.934057452682,124.924682452696,1000.));
#728=IFCCARTESIANPOINT((130.471703104851,128.247084953306,990.151922655303));
#729=IFCCARTESIANPOINT((126.25646058812,132.462328830194,990.151922490436));
#730=IFCCARTESIANPOINT((117.536966224423,132.566901129641,1000.));
#731=IFCCARTESIANPOINT((132.998757190759,123.329623681709,991.307206842549));
#732=IFCCARTESIANPOINT((123.974288286306,135.416124412892,990.276218677195));
#733=IFCCARTESIANPOINT((119.98103725959,136.039864479372,991.923303103072));
#734=IFCCARTESIANPOINT((135.990917462118,134.623630634522,992.487405404095));
#735=IFCCARTESIANPOINT((132.633005341928,137.981542384883,992.487405145908));
#736=IFCCARTESIANPOINT((131.50809206712,133.498717405389,990.453520847801));
#737=IFCCARTESIANPOINT((125.088865361315,127.328238130469,991.94476265457));
#738=IFCCARTESIANPOINT((130.576276109318,119.527591229878,1000.));
#739=IFCCARTESIANPOINT((125.221716226336,122.637023679042,1000.));
#740=IFCCARTESIANPOINT((120.646398679029,127.212341226349,1000.));
#741=IFCCARTESIANPOINT((140.009374999993,117.340741737108,1002.58819045103));
#742=IFCCARTESIANPOINT((140.009374999993,118.339745962154,1005.));
#743=IFCCARTESIANPOINT((140.009374999993,119.928932188133,1007.07106781187));
#744=IFCCARTESIANPOINT((140.009374999993,122.,1008.66025403784));
#745=IFCCARTESIANPOINT((140.009374999993,124.411809548974,1009.65925826289));
#746=IFCCARTESIANPOINT((140.009374999993,127.,1010.));
#747=IFCCARTESIANPOINT((140.009374999993,129.588190451024,1009.65925826289));
#748=IFCCARTESIANPOINT((140.009374999993,132.,1008.66025403784));
#749=IFCCARTESIANPOINT((140.009374999993,134.071067811864,1007.07106781187));
#750=IFCCARTESIANPOINT((140.009374999993,135.660254037843,1005.));
#751=IFCCARTESIANPOINT((140.009374999993,136.65925826289,1002.58819045102));
#752=IFCCARTESIANPOINT((126.256460588008,132.462328830074,1009.84807750954));
#753=IFCCARTESIANPOINT((130.471703104392,128.247084953196,1009.84807734463));
#754=IFCCARTESIANPOINT((132.998757190675,123.329623681673,1008.69279315741));
#755=IFCCARTESIANPOINT((123.974288286286,135.416124412863,1009.7237813228));
#756=IFCCARTESIANPOINT((119.981037259583,136.039864479351,1008.07669689692));
#757=IFCCARTESIANPOINT((132.63300534186,137.981542384842,1007.51259485416));
#758=IFCCARTESIANPOINT((135.990917462128,134.623630634528,1007.5125945959));
#759=IFCCARTESIANPOINT((131.508092066728,133.498717405049,1009.54647915236));
#760=IFCCARTESIANPOINT((125.337612737071,127.079490694254,1008.05523731716));
#761=IFCCARTESIANPOINT((245.009375,117.,1000.));
#762=IFCCARTESIANPOINT((245.009375,117.340741737108,997.411809548974));
#763=IFCCARTESIANPOINT((245.009375,118.339745962154,995.));
#764=IFCCARTESIANPOINT((245.009375,119.928932188133,992.928932188134));
#765=IFCCARTESIANPOINT((245.009375,122.,991.339745962155));
#766=IFCCARTESIANPOINT((245.009375,124.411809548974,990.340741737109));
#767=IFCCARTESIANPOINT((245.009375,127.,990.));
#768=IFCCARTESIANPOINT((245.009375,129.588190451024,990.340741737109));
#769=IFCCARTESIANPOINT((245.009375,132.,991.339745962155));
#770=IFCCARTESIANPOINT((245.009375,134.071067811864,992.928932188134));
#771=IFCCARTESIANPOINT((245.009375,135.660254037843,995.));
#772=IFCCARTESIANPOINT((245.009375,136.65925826289,997.411809548974));
#773=IFCCARTESIANPOINT((245.009375,137.,1000.));
#774=IFCCARTESIANPOINT((245.009375,136.65925826289,1002.58819045102));
#775=IFCCARTESIANPOINT((245.009375,135.660254037843,1005.));
#776=IFCCARTESIANPOINT((245.009375,134.071067811864,1007.07106781187));
#777=IFCCARTESIANPOINT((245.009375,132.,1008.66025403784));
#778=IFCCARTESIANPOINT((245.009375,129.588190451024,1009.65925826289));
#779=IFCCARTESIANPOINT((245.009375,127.,1010.));
#780=IFCCARTESIANPOINT((245.009375,124.411809548974,1009.65925826289));
#781=IFCCARTESIANPOINT((245.009375,122.,1008.66025403784));
#782=IFCCARTESIANPOINT((245.009375,119.928932188133,1007.07106781187));
#783=IFCCARTESIANPOINT((245.009375,118.339745962154,1005.));
#784=IFCCARTESIANPOINT((245.009375,117.340741737108,1002.58819045102));
#785=IFCPOLYLOOP((#678,#679,#680,#657,#658,#659,#660,#661,#662,#663,#664,#665,#666,#667,#668,#669,#670,#671,#672,#673,#674,#675,#676,#677));
#786=IFCFACEOUTERBOUND(#785,.T.);
#787=IFCFACE((#786));
#788=IFCPOLYLOOP((#693,#657,#680,#692));
#789=IFCFACEOUTERBOUND(#788,.T.);
#790=IFCFACE((#789));
#791=IFCPOLYLOOP((#692,#680,#679,#691));
#792=IFCFACEOUTERBOUND(#791,.T.);
#793=IFCFACE((#792));
#794=IFCPOLYLOOP((#689,#690,#678,#677));
#795=IFCFACEOUTERBOUND(#794,.T.);
#796=IFCFACE((#795));
#797=IFCPOLYLOOP((#679,#678,#690,#691));
#798=IFCFACEOUTERBOUND(#797,.T.);
#799=IFCFACE((#798));
#800=IFCPOLYLOOP((#688,#689,#677,#676));
#801=IFCFACEOUTERBOUND(#800,.T.);
#802=IFCFACE((#801));
#803=IFCPOLYLOOP((#675,#687,#688,#676));
#804=IFCFACEOUTERBOUND(#803,.T.);
#805=IFCFACE((#804));
#806=IFCPOLYLOOP((#686,#674,#673,#685));
#807=IFCFACEOUTERBOUND(#806,.T.);
#808=IFCFACE((#807));
#809=IFCPOLYLOOP((#685,#673,#672,#684));
#810=IFCFACEOUTERBOUND(#809,.T.);
#811=IFCFACE((#810));
#812=IFCPOLYLOOP((#682,#683,#671,#670));
#813=IFCFACEOUTERBOUND(#812,.T.);
#814=IFCFACE((#813));
#815=IFCPOLYLOOP((#672,#671,#683,#684));
#816=IFCFACEOUTERBOUND(#815,.T.);
#817=IFCFACE((#816));
#818=IFCPOLYLOOP((#681,#682,#670,#669));
#819=IFCFACEOUTERBOUND(#818,.T.);
#820=IFCFACE((#819));
#821=IFCPOLYLOOP((#686,#687,#675,#674));
#822=IFCFACEOUTERBOUND(#821,.T.);
#823=IFCFACE((#822));
#824=IFCPOLYLOOP((#681,#669,#668,#704));
#825=IFCFACEOUTERBOUND(#824,.T.);
#826=IFCFACE((#825));
#827=IFCPOLYLOOP((#704,#668,#667,#703));
#828=IFCFACEOUTERBOUND(#827,.T.);
#829=IFCFACE((#828));
#830=IFCPOLYLOOP((#701,#702,#666,#665));
#831=IFCFACEOUTERBOUND(#830,.T.);
#832=IFCFACE((#831));
#833=IFCPOLYLOOP((#667,#666,#702,#703));
#834=IFCFACEOUTERBOUND(#833,.T.);
#835=IFCFACE((#834));
#836=IFCPOLYLOOP((#700,#701,#665,#664));
#837=IFCFACEOUTERBOUND(#836,.T.);
#838=IFCFACE((#837));
#839=IFCPOLYLOOP((#663,#699,#700,#664));
#840=IFCFACEOUTERBOUND(#839,.T.);
#841=IFCFACE((#840));
#842=IFCPOLYLOOP((#698,#662,#661,#697));
#843=IFCFACEOUTERBOUND(#842,.T.);
#844=IFCFACE((#843));
#845=IFCPOLYLOOP((#697,#661,#660,#696));
#846=IFCFACEOUTERBOUND(#845,.T.);
#847=IFCFACE((#846));
#848=IFCPOLYLOOP((#694,#695,#659,#658));
#849=IFCFACEOUTERBOUND(#848,.T.);
#850=IFCFACE((#849));
#851=IFCPOLYLOOP((#660,#659,#695,#696));
#852=IFCFACEOUTERBOUND(#851,.T.);
#853=IFCFACE((#852));
#854=IFCPOLYLOOP((#693,#694,#658,#657));
#855=IFCFACEOUTERBOUND(#854,.T.);
#856=IFCFACE((#855));
#857=IFCPOLYLOOP((#698,#699,#663,#662));
#858=IFCFACEOUTERBOUND(#857,.T.);
#859=IFCFACE((#858));
#860=IFCPOLYLOOP((#691,#726,#692));
#861=IFCFACEOUTERBOUND(#860,.T.);
#862=IFCFACE((#861));
#863=IFCPOLYLOOP((#722,#688,#733));
#864=IFCFACEOUTERBOUND(#863,.T.);
#865=IFCFACE((#864));
#866=IFCPOLYLOOP((#735,#729,#732));
#867=IFCFACEOUTERBOUND(#866,.T.);
#868=IFCFACE((#867));
#869=IFCPOLYLOOP((#733,#719,#730,#722));
#870=IFCFACEOUTERBOUND(#869,.T.);
#871=IFCFACE((#870));
#872=IFCPOLYLOOP((#690,#689,#722));
#873=IFCFACEOUTERBOUND(#872,.T.);
#874=IFCFACE((#873));
#875=IFCPOLYLOOP((#690,#724,#691));
#876=IFCFACEOUTERBOUND(#875,.T.);
#877=IFCFACE((#876));
#878=IFCPOLYLOOP((#688,#722,#689));
#879=IFCFACEOUTERBOUND(#878,.T.);
#880=IFCFACE((#879));
#881=IFCPOLYLOOP((#733,#732,#719));
#882=IFCFACEOUTERBOUND(#881,.T.);
#883=IFCFACE((#882));
#884=IFCPOLYLOOP((#686,#685,#733));
#885=IFCFACEOUTERBOUND(#884,.T.);
#886=IFCFACE((#885));
#887=IFCPOLYLOOP((#736,#728,#737));
#888=IFCFACEOUTERBOUND(#887,.T.);
#889=IFCFACE((#888));
#890=IFCPOLYLOOP((#728,#731,#718));
#891=IFCFACEOUTERBOUND(#890,.T.);
#892=IFCFACE((#891));
#893=IFCPOLYLOOP((#688,#687,#733));
#894=IFCFACEOUTERBOUND(#893,.T.);
#895=IFCFACE((#894));
#896=IFCPOLYLOOP((#687,#686,#733));
#897=IFCFACEOUTERBOUND(#896,.T.);
#898=IFCFACE((#897));
#899=IFCPOLYLOOP((#734,#720,#705));
#900=IFCFACEOUTERBOUND(#899,.T.);
#901=IFCFACE((#900));
#902=IFCPOLYLOOP((#732,#733,#685));
#903=IFCFACEOUTERBOUND(#902,.T.);
#904=IFCFACE((#903));
#905=IFCPOLYLOOP((#707,#734,#706));
#906=IFCFACEOUTERBOUND(#905,.T.);
#907=IFCFACE((#906));
#908=IFCPOLYLOOP((#712,#721,#738));
#909=IFCFACEOUTERBOUND(#908,.T.);
#910=IFCFACE((#909));
#911=IFCPOLYLOOP((#716,#725,#715));
#912=IFCFACEOUTERBOUND(#911,.T.);
#913=IFCFACE((#912));
#914=IFCPOLYLOOP((#683,#735,#732));
#915=IFCFACEOUTERBOUND(#914,.T.);
#916=IFCFACE((#915));
#917=IFCPOLYLOOP((#685,#684,#732));
#918=IFCFACEOUTERBOUND(#917,.T.);
#919=IFCFACE((#918));
#920=IFCPOLYLOOP((#736,#737,#729));
#921=IFCFACEOUTERBOUND(#920,.T.);
#922=IFCFACE((#921));
#923=IFCPOLYLOOP((#709,#731,#708));
#924=IFCFACEOUTERBOUND(#923,.T.);
#925=IFCFACE((#924));
#926=IFCPOLYLOOP((#736,#735,#720));
#927=IFCFACEOUTERBOUND(#926,.T.);
#928=IFCFACE((#927));
#929=IFCPOLYLOOP((#737,#740,#729));
#930=IFCFACEOUTERBOUND(#929,.T.);
#931=IFCFACE((#930));
#932=IFCPOLYLOOP((#728,#739,#737));
#933=IFCFACEOUTERBOUND(#932,.T.);
#934=IFCFACE((#933));
#935=IFCPOLYLOOP((#712,#713,#721));
#936=IFCFACEOUTERBOUND(#935,.T.);
#937=IFCFACE((#936));
#938=IFCPOLYLOOP((#736,#729,#735));
#939=IFCFACEOUTERBOUND(#938,.T.);
#940=IFCFACE((#939));
#941=IFCPOLYLOOP((#731,#711,#738));
#942=IFCFACEOUTERBOUND(#941,.T.);
#943=IFCFACE((#942));
#944=IFCPOLYLOOP((#738,#711,#712));
#945=IFCFACEOUTERBOUND(#944,.T.);
#946=IFCFACE((#945));
#947=IFCPOLYLOOP((#721,#714,#723));
#948=IFCFACEOUTERBOUND(#947,.T.);
#949=IFCFACE((#948));
#950=IFCPOLYLOOP((#739,#728,#718));
#951=IFCFACEOUTERBOUND(#950,.T.);
#952=IFCFACE((#951));
#953=IFCPOLYLOOP((#713,#714,#721));
#954=IFCFACEOUTERBOUND(#953,.T.);
#955=IFCFACE((#954));
#956=IFCPOLYLOOP((#738,#718,#731));
#957=IFCFACEOUTERBOUND(#956,.T.);
#958=IFCFACE((#957));
#959=IFCPOLYLOOP((#717,#725,#716));
#960=IFCFACEOUTERBOUND(#959,.T.);
#961=IFCFACE((#960));
#962=IFCPOLYLOOP((#736,#734,#728));
#963=IFCFACEOUTERBOUND(#962,.T.);
#964=IFCFACE((#963));
#965=IFCPOLYLOOP((#729,#740,#732));
#966=IFCFACEOUTERBOUND(#965,.T.);
#967=IFCFACE((#966));
#968=IFCPOLYLOOP((#714,#715,#723));
#969=IFCFACEOUTERBOUND(#968,.T.);
#970=IFCFACE((#969));
#971=IFCPOLYLOOP((#682,#681,#735));
#972=IFCFACEOUTERBOUND(#971,.T.);
#973=IFCFACE((#972));
#974=IFCPOLYLOOP((#737,#739,#727,#740));
#975=IFCFACEOUTERBOUND(#974,.T.);
#976=IFCFACE((#975));
#977=IFCPOLYLOOP((#728,#734,#707));
#978=IFCFACEOUTERBOUND(#977,.T.);
#979=IFCFACE((#978));
#980=IFCPOLYLOOP((#724,#690,#722));
#981=IFCFACEOUTERBOUND(#980,.T.);
#982=IFCFACE((#981));
#983=IFCPOLYLOOP((#734,#705,#706));
#984=IFCFACEOUTERBOUND(#983,.T.);
#985=IFCFACE((#984));
#986=IFCPOLYLOOP((#726,#693,#692));
#987=IFCFACEOUTERBOUND(#986,.T.);
#988=IFCFACE((#987));
#989=IFCPOLYLOOP((#728,#708,#731));
#990=IFCFACEOUTERBOUND(#989,.T.);
#991=IFCFACE((#990));
#992=IFCPOLYLOOP((#715,#725,#723));
#993=IFCFACEOUTERBOUND(#992,.T.);
#994=IFCFACE((#993));
#995=IFCPOLYLOOP((#728,#707,#708));
#996=IFCFACEOUTERBOUND(#995,.T.);
#997=IFCFACE((#996));
#998=IFCPOLYLOOP((#691,#724,#726));
#999=IFCFACEOUTERBOUND(#998,.T.);
#1000=IFCFACE((#999));
#1001=IFCPOLYLOOP((#710,#731,#709));
#1002=IFCFACEOUTERBOUND(#1001,.T.);
#1003=IFCFACE((#1002));
#1004=IFCPOLYLOOP((#731,#710,#711));
#1005=IFCFACEOUTERBOUND(#1004,.T.);
#1006=IFCFACE((#1005));
#1007=IFCPOLYLOOP((#732,#684,#683));
#1008=IFCFACEOUTERBOUND(#1007,.T.);
#1009=IFCFACE((#1008));
#1010=IFCPOLYLOOP((#734,#736,#720));
#1011=IFCFACEOUTERBOUND(#1010,.T.);
#1012=IFCFACE((#1011));
#1013=IFCPOLYLOOP((#735,#683,#682));
#1014=IFCFACEOUTERBOUND(#1013,.T.);
#1015=IFCFACE((#1014));
#1016=IFCPOLYLOOP((#719,#732,#740));
#1017=IFCFACEOUTERBOUND(#1016,.T.);
#1018=IFCFACE((#1017));
#1019=IFCPOLYLOOP((#735,#681,#720));
#1020=IFCFACEOUTERBOUND(#1019,.T.);
#1021=IFCFACE((#1020));
#1022=IFCPOLYLOOP((#722,#730,#719,#756));
#1023=IFCFACEOUTERBOUND(#1022,.T.);
#1024=IFCFACE((#1023));
#1025=IFCPOLYLOOP((#759,#757,#752));
#1026=IFCFACEOUTERBOUND(#1025,.T.);
#1027=IFCFACE((#1026));
#1028=IFCPOLYLOOP((#758,#705,#720));
#1029=IFCFACEOUTERBOUND(#1028,.T.);
#1030=IFCFACE((#1029));
#1031=IFCPOLYLOOP((#703,#702,#755));
#1032=IFCFACEOUTERBOUND(#1031,.T.);
#1033=IFCFACE((#1032));
#1034=IFCPOLYLOOP((#757,#755,#752));
#1035=IFCFACEOUTERBOUND(#1034,.T.);
#1036=IFCFACE((#1035));
#1037=IFCPOLYLOOP((#758,#753,#750));
#1038=IFCFACEOUTERBOUND(#1037,.T.);
#1039=IFCFACE((#1038));
#1040=IFCPOLYLOOP((#755,#757,#703));
#1041=IFCFACEOUTERBOUND(#1040,.T.);
#1042=IFCFACE((#1041));
#1043=IFCPOLYLOOP((#759,#752,#760));
#1044=IFCFACEOUTERBOUND(#1043,.T.);
#1045=IFCFACE((#1044));
#1046=IFCPOLYLOOP((#703,#757,#704));
#1047=IFCFACEOUTERBOUND(#1046,.T.);
#1048=IFCFACE((#1047));
#1049=IFCPOLYLOOP((#759,#758,#720));
#1050=IFCFACEOUTERBOUND(#1049,.T.);
#1051=IFCFACE((#1050));
#1052=IFCPOLYLOOP((#753,#759,#760));
#1053=IFCFACEOUTERBOUND(#1052,.T.);
#1054=IFCFACE((#1053));
#1055=IFCPOLYLOOP((#751,#705,#758));
#1056=IFCFACEOUTERBOUND(#1055,.T.);
#1057=IFCFACE((#1056));
#1058=IFCPOLYLOOP((#694,#693,#726));
#1059=IFCFACEOUTERBOUND(#1058,.T.);
#1060=IFCFACE((#1059));
#1061=IFCPOLYLOOP((#754,#753,#718));
#1062=IFCFACEOUTERBOUND(#1061,.T.);
#1063=IFCFACE((#1062));
#1064=IFCPOLYLOOP((#754,#718,#738));
#1065=IFCFACEOUTERBOUND(#1064,.T.);
#1066=IFCFACE((#1065));
#1067=IFCPOLYLOOP((#724,#722,#696));
#1068=IFCFACEOUTERBOUND(#1067,.T.);
#1069=IFCFACE((#1068));
#1070=IFCPOLYLOOP((#698,#756,#699));
#1071=IFCFACEOUTERBOUND(#1070,.T.);
#1072=IFCFACE((#1071));
#1073=IFCPOLYLOOP((#739,#718,#753));
#1074=IFCFACEOUTERBOUND(#1073,.T.);
#1075=IFCFACE((#1074));
#1076=IFCPOLYLOOP((#697,#696,#722));
#1077=IFCFACEOUTERBOUND(#1076,.T.);
#1078=IFCFACE((#1077));
#1079=IFCPOLYLOOP((#722,#698,#697));
#1080=IFCFACEOUTERBOUND(#1079,.T.);
#1081=IFCFACE((#1080));
#1082=IFCPOLYLOOP((#719,#740,#755));
#1083=IFCFACEOUTERBOUND(#1082,.T.);
#1084=IFCFACE((#1083));
#1085=IFCPOLYLOOP((#738,#745,#746));
#1086=IFCFACEOUTERBOUND(#1085,.T.);
#1087=IFCFACE((#1086));
#1088=IFCPOLYLOOP((#722,#756,#698));
#1089=IFCFACEOUTERBOUND(#1088,.T.);
#1090=IFCFACE((#1089));
#1091=IFCPOLYLOOP((#753,#758,#759));
#1092=IFCFACEOUTERBOUND(#1091,.T.);
#1093=IFCFACE((#1092));
#1094=IFCPOLYLOOP((#757,#759,#720));
#1095=IFCFACEOUTERBOUND(#1094,.T.);
#1096=IFCFACE((#1095));
#1097=IFCPOLYLOOP((#751,#758,#750));
#1098=IFCFACEOUTERBOUND(#1097,.T.);
#1099=IFCFACE((#1098));
#1100=IFCPOLYLOOP((#749,#750,#753));
#1101=IFCFACEOUTERBOUND(#1100,.T.);
#1102=IFCFACE((#1101));
#1103=IFCPOLYLOOP((#696,#695,#724));
#1104=IFCFACEOUTERBOUND(#1103,.T.);
#1105=IFCFACE((#1104));
#1106=IFCPOLYLOOP((#753,#760,#739));
#1107=IFCFACEOUTERBOUND(#1106,.T.);
#1108=IFCFACE((#1107));
#1109=IFCPOLYLOOP((#757,#681,#704));
#1110=IFCFACEOUTERBOUND(#1109,.T.);
#1111=IFCFACE((#1110));
#1112=IFCPOLYLOOP((#723,#743,#721));
#1113=IFCFACEOUTERBOUND(#1112,.T.);
#1114=IFCFACE((#1113));
#1115=IFCPOLYLOOP((#748,#754,#747));
#1116=IFCFACEOUTERBOUND(#1115,.T.);
#1117=IFCFACE((#1116));
#1118=IFCPOLYLOOP((#742,#723,#725));
#1119=IFCFACEOUTERBOUND(#1118,.T.);
#1120=IFCFACE((#1119));
#1121=IFCPOLYLOOP((#695,#726,#724));
#1122=IFCFACEOUTERBOUND(#1121,.T.);
#1123=IFCFACE((#1122));
#1124=IFCPOLYLOOP((#748,#749,#754));
#1125=IFCFACEOUTERBOUND(#1124,.T.);
#1126=IFCFACE((#1125));
#1127=IFCPOLYLOOP((#725,#717,#741));
#1128=IFCFACEOUTERBOUND(#1127,.T.);
#1129=IFCFACE((#1128));
#1130=IFCPOLYLOOP((#754,#746,#747));
#1131=IFCFACEOUTERBOUND(#1130,.T.);
#1132=IFCFACE((#1131));
#1133=IFCPOLYLOOP((#752,#740,#760));
#1134=IFCFACEOUTERBOUND(#1133,.T.);
#1135=IFCFACE((#1134));
#1136=IFCPOLYLOOP((#760,#740,#727,#739));
#1137=IFCFACEOUTERBOUND(#1136,.T.);
#1138=IFCFACE((#1137));
#1139=IFCPOLYLOOP((#721,#743,#744));
#1140=IFCFACEOUTERBOUND(#1139,.T.);
#1141=IFCFACE((#1140));
#1142=IFCPOLYLOOP((#744,#745,#721));
#1143=IFCFACEOUTERBOUND(#1142,.T.);
#1144=IFCFACE((#1143));
#1145=IFCPOLYLOOP((#700,#756,#701));
#1146=IFCFACEOUTERBOUND(#1145,.T.);
#1147=IFCFACE((#1146));
#1148=IFCPOLYLOOP((#721,#745,#738));
#1149=IFCFACEOUTERBOUND(#1148,.T.);
#1150=IFCFACE((#1149));
#1151=IFCPOLYLOOP((#725,#741,#742));
#1152=IFCFACEOUTERBOUND(#1151,.T.);
#1153=IFCFACE((#1152));
#1154=IFCPOLYLOOP((#740,#752,#755));
#1155=IFCFACEOUTERBOUND(#1154,.T.);
#1156=IFCFACE((#1155));
#1157=IFCPOLYLOOP((#754,#738,#746));
#1158=IFCFACEOUTERBOUND(#1157,.T.);
#1159=IFCFACE((#1158));
#1160=IFCPOLYLOOP((#700,#699,#756));
#1161=IFCFACEOUTERBOUND(#1160,.T.);
#1162=IFCFACE((#1161));
#1163=IFCPOLYLOOP((#753,#754,#749));
#1164=IFCFACEOUTERBOUND(#1163,.T.);
#1165=IFCFACE((#1164));
#1166=IFCPOLYLOOP((#743,#723,#742));
#1167=IFCFACEOUTERBOUND(#1166,.T.);
#1168=IFCFACE((#1167));
#1169=IFCPOLYLOOP((#694,#726,#695));
#1170=IFCFACEOUTERBOUND(#1169,.T.);
#1171=IFCFACE((#1170));
#1172=IFCPOLYLOOP((#755,#756,#719));
#1173=IFCFACEOUTERBOUND(#1172,.T.);
#1174=IFCFACE((#1173));
#1175=IFCPOLYLOOP((#755,#702,#701));
#1176=IFCFACEOUTERBOUND(#1175,.T.);
#1177=IFCFACE((#1176));
#1178=IFCPOLYLOOP((#757,#720,#681));
#1179=IFCFACEOUTERBOUND(#1178,.T.);
#1180=IFCFACE((#1179));
#1181=IFCPOLYLOOP((#756,#755,#701));
#1182=IFCFACEOUTERBOUND(#1181,.T.);
#1183=IFCFACE((#1182));
#1184=IFCPOLYLOOP((#766,#767,#768,#769,#770,#771,#772,#773,#774,#775,#776,#777,#778,#779,#780,#781,#782,#783,#784,#761,#762,#763,#764,#765));
#1185=IFCFACEOUTERBOUND(#1184,.T.);
#1186=IFCFACE((#1185));
#1187=IFCPOLYLOOP((#761,#717,#716,#762));
#1188=IFCFACEOUTERBOUND(#1187,.T.);
#1189=IFCFACE((#1188));
#1190=IFCPOLYLOOP((#762,#716,#715,#763));
#1191=IFCFACEOUTERBOUND(#1190,.T.);
#1192=IFCFACE((#1191));
#1193=IFCPOLYLOOP((#764,#714,#713,#765));
#1194=IFCFACEOUTERBOUND(#1193,.T.);
#1195=IFCFACE((#1194));
#1196=IFCPOLYLOOP((#763,#715,#714,#764));
#1197=IFCFACEOUTERBOUND(#1196,.T.);
#1198=IFCFACE((#1197));
#1199=IFCPOLYLOOP((#765,#713,#712,#766));
#1200=IFCFACEOUTERBOUND(#1199,.T.);
#1201=IFCFACE((#1200));
#1202=IFCPOLYLOOP((#711,#767,#766,#712));
#1203=IFCFACEOUTERBOUND(#1202,.T.);
#1204=IFCFACE((#1203));
#1205=IFCPOLYLOOP((#709,#708,#770,#769));
#1206=IFCFACEOUTERBOUND(#1205,.T.);
#1207=IFCFACE((#1206));
#1208=IFCPOLYLOOP((#710,#709,#769,#768));
#1209=IFCFACEOUTERBOUND(#1208,.T.);
#1210=IFCFACE((#1209));
#1211=IFCPOLYLOOP((#706,#705,#773,#772));
#1212=IFCFACEOUTERBOUND(#1211,.T.);
#1213=IFCFACE((#1212));
#1214=IFCPOLYLOOP((#707,#706,#772,#771));
#1215=IFCFACEOUTERBOUND(#1214,.T.);
#1216=IFCFACE((#1215));
#1217=IFCPOLYLOOP((#708,#707,#771,#770));
#1218=IFCFACEOUTERBOUND(#1217,.T.);
#1219=IFCFACE((#1218));
#1220=IFCPOLYLOOP((#768,#767,#711,#710));
#1221=IFCFACEOUTERBOUND(#1220,.T.);
#1222=IFCFACE((#1221));
#1223=IFCPOLYLOOP((#774,#773,#705,#751));
#1224=IFCFACEOUTERBOUND(#1223,.T.);
#1225=IFCFACE((#1224));
#1226=IFCPOLYLOOP((#774,#751,#750,#775));
#1227=IFCFACEOUTERBOUND(#1226,.T.);
#1228=IFCFACE((#1227));
#1229=IFCPOLYLOOP((#748,#747,#778,#777));
#1230=IFCFACEOUTERBOUND(#1229,.T.);
#1231=IFCFACE((#1230));
#1232=IFCPOLYLOOP((#749,#748,#777,#776));
#1233=IFCFACEOUTERBOUND(#1232,.T.);
#1234=IFCFACE((#1233));
#1235=IFCPOLYLOOP((#776,#775,#750,#749));
#1236=IFCFACEOUTERBOUND(#1235,.T.);
#1237=IFCFACE((#1236));
#1238=IFCPOLYLOOP((#746,#779,#778,#747));
#1239=IFCFACEOUTERBOUND(#1238,.T.);
#1240=IFCFACE((#1239));
#1241=IFCPOLYLOOP((#743,#782,#781,#744));
#1242=IFCFACEOUTERBOUND(#1241,.T.);
#1243=IFCFACE((#1242));
#1244=IFCPOLYLOOP((#744,#781,#780,#745));
#1245=IFCFACEOUTERBOUND(#1244,.T.);
#1246=IFCFACE((#1245));
#1247=IFCPOLYLOOP((#717,#761,#784,#741));
#1248=IFCFACEOUTERBOUND(#1247,.T.);
#1249=IFCFACE((#1248));
#1250=IFCPOLYLOOP((#742,#741,#784,#783));
#1251=IFCFACEOUTERBOUND(#1250,.T.);
#1252=IFCFACE((#1251));
#1253=IFCPOLYLOOP((#743,#742,#783,#782));
#1254=IFCFACEOUTERBOUND(#1253,.T.);
#1255=IFCFACE((#1254));
#1256=IFCPOLYLOOP((#746,#745,#780,#779));
#1257=IFCFACEOUTERBOUND(#1256,.T.);
#1258=IFCFACE((#1257));
#1259=IFCCARTESIANPOINT((92.5093749999858,172.,1000.));
#1260=IFCCARTESIANPOINT((93.5316002113137,172.,992.235428646925));
#1261=IFCCARTESIANPOINT((96.5286128864527,172.,985.));
#1262=IFCCARTESIANPOINT((101.296171564389,172.,978.786796564404));
#1263=IFCCARTESIANPOINT((107.509374999986,172.,974.019237886467));
#1264=IFCCARTESIANPOINT((114.74480364691,172.,971.022225211328));
#1265=IFCCARTESIANPOINT((122.509374999986,172.,970.));
#1266=IFCCARTESIANPOINT((130.273946353061,172.,971.022225211328));
#1267=IFCCARTESIANPOINT((137.509374999986,172.,974.019237886467));
#1268=IFCCARTESIANPOINT((143.722578435582,172.,978.786796564404));
#1269=IFCCARTESIANPOINT((148.490137113519,172.,985.));
#1270=IFCCARTESIANPOINT((151.487149788658,172.,992.235428646925));
#1271=IFCCARTESIANPOINT((152.509374999986,172.,1000.));
#1272=IFCCARTESIANPOINT((151.487149788658,172.,1007.76457135308));
#1273=IFCCARTESIANPOINT((148.490137113519,172.,1015.));
#1274=IFCCARTESIANPOINT((143.722578435582,172.,1021.2132034356));
#1275=IFCCARTESIANPOINT((137.509374999986,172.,1025.98076211353));
#1276=IFCCARTESIANPOINT((130.273946353061,172.,1028.97777478867));
#1277=IFCCARTESIANPOINT((122.509374999986,172.,1030.));
#1278=IFCCARTESIANPOINT((114.74480364691,172.,1028.97777478867));
#1279=IFCCARTESIANPOINT((107.509374999986,172.,1025.98076211353));
#1280=IFCCARTESIANPOINT((101.296171564389,172.,1021.2132034356));
#1281=IFCCARTESIANPOINT((96.5286128864525,172.,1015.));
#1282=IFCCARTESIANPOINT((93.5316002113137,172.,1007.76457135308));
#1283=IFCCARTESIANPOINT((92.5093749999858,180.,1000.));
#1284=IFCCARTESIANPOINT((93.5316002113137,180.,1007.76457135308));
#1285=IFCCARTESIANPOINT((96.5286128864525,180.,1015.));
#1286=IFCCARTESIANPOINT((101.296171564389,180.,1021.2132034356));
#1287=IFCCARTESIANPOINT((107.509374999986,180.,1025.98076211353));
#1288=IFCCARTESIANPOINT((114.74480364691,180.,1028.97777478867));
#1289=IFCCARTESIANPOINT((122.509374999986,180.,1030.));
#1290=IFCCARTESIANPOINT((130.273946353061,180.,1028.97777478867));
#1291=IFCCARTESIANPOINT((137.509374999986,180.,1025.98076211353));
#1292=IFCCARTESIANPOINT((143.722578435582,180.,1021.2132034356));
#1293=IFCCARTESIANPOINT((148.490137113519,180.,1015.));
#1294=IFCCARTESIANPOINT((151.487149788658,180.,1007.76457135308));
#1295=IFCCARTESIANPOINT((152.509374999986,180.,1000.));
#1296=IFCCARTESIANPOINT((151.487149788658,180.,992.235428646925));
#1297=IFCCARTESIANPOINT((148.490137113519,180.,985.));
#1298=IFCCARTESIANPOINT((143.722578435582,180.,978.786796564404));
#1299=IFCCARTESIANPOINT((137.509374999986,180.,974.019237886467));
#1300=IFCCARTESIANPOINT((130.273946353061,180.,971.022225211328));
#1301=IFCCARTESIANPOINT((122.509374999986,180.,970.));
#1302=IFCCARTESIANPOINT((114.74480364691,180.,971.022225211328));
#1303=IFCCARTESIANPOINT((107.509374999986,180.,974.019237886467));
#1304=IFCCARTESIANPOINT((101.296171564389,180.,978.786796564404));
#1305=IFCCARTESIANPOINT((96.5286128864527,180.,985.));
#1306=IFCCARTESIANPOINT((93.5316002113137,180.,992.235428646925));
#1307=IFCPOLYLOOP((#1274,#1275,#1276,#1277,#1278,#1279,#1280,#1281,#1282,#1259,#1260,#1261,#1262,#1263,#1264,#1265,#1266,#1267,#1268,#1269,#1270,#1271,#1272,#1273));
#1308=IFCFACEOUTERBOUND(#1307,.T.);
#1309=IFCFACE((#1308));
#1310=IFCPOLYLOOP((#1301,#1302,#1303,#1304,#1305,#1306,#1283,#1284,#1285,#1286,#1287,#1288,#1289,#1290,#1291,#1292,#1293,#1294,#1295,#1296,#1297,#1298,#1299,#1300));
#1311=IFCFACEOUTERBOUND(#1310,.T.);
#1312=IFCFACE((#1311));
#1313=IFCPOLYLOOP((#1283,#1259,#1282,#1284));
#1314=IFCFACEOUTERBOUND(#1313,.T.);
#1315=IFCFACE((#1314));
#1316=IFCPOLYLOOP((#1284,#1282,#1281,#1285));
#1317=IFCFACEOUTERBOUND(#1316,.T.);
#1318=IFCFACE((#1317));
#1319=IFCPOLYLOOP((#1287,#1286,#1280,#1279));
#1320=IFCFACEOUTERBOUND(#1319,.T.);
#1321=IFCFACE((#1320));
#1322=IFCPOLYLOOP((#1280,#1286,#1285,#1281));
#1323=IFCFACEOUTERBOUND(#1322,.T.);
#1324=IFCFACE((#1323));
#1325=IFCPOLYLOOP((#1288,#1287,#1279,#1278));
#1326=IFCFACEOUTERBOUND(#1325,.T.);
#1327=IFCFACE((#1326));
#1328=IFCPOLYLOOP((#1288,#1278,#1277,#1289));
#1329=IFCFACEOUTERBOUND(#1328,.T.);
#1330=IFCFACE((#1329));
#1331=IFCPOLYLOOP((#1289,#1277,#1276,#1290));
#1332=IFCFACEOUTERBOUND(#1331,.T.);
#1333=IFCFACE((#1332));
#1334=IFCPOLYLOOP((#1290,#1276,#1275,#1291));
#1335=IFCFACEOUTERBOUND(#1334,.T.);
#1336=IFCFACE((#1335));
#1337=IFCPOLYLOOP((#1293,#1292,#1274,#1273));
#1338=IFCFACEOUTERBOUND(#1337,.T.);
#1339=IFCFACE((#1338));
#1340=IFCPOLYLOOP((#1274,#1292,#1291,#1275));
#1341=IFCFACEOUTERBOUND(#1340,.T.);
#1342=IFCFACE((#1341));
#1343=IFCPOLYLOOP((#1294,#1293,#1273,#1272));
#1344=IFCFACEOUTERBOUND(#1343,.T.);
#1345=IFCFACE((#1344));
#1346=IFCPOLYLOOP((#1294,#1272,#1271,#1295));
#1347=IFCFACEOUTERBOUND(#1346,.T.);
#1348=IFCFACE((#1347));
#1349=IFCPOLYLOOP((#1295,#1271,#1270,#1296));
#1350=IFCFACEOUTERBOUND(#1349,.T.);
#1351=IFCFACE((#1350));
#1352=IFCPOLYLOOP((#1296,#1270,#1269,#1297));
#1353=IFCFACEOUTERBOUND(#1352,.T.);
#1354=IFCFACE((#1353));
#1355=IFCPOLYLOOP((#1299,#1298,#1268,#1267));
#1356=IFCFACEOUTERBOUND(#1355,.T.);
#1357=IFCFACE((#1356));
#1358=IFCPOLYLOOP((#1268,#1298,#1297,#1269));
#1359=IFCFACEOUTERBOUND(#1358,.T.);
#1360=IFCFACE((#1359));
#1361=IFCPOLYLOOP((#1300,#1299,#1267,#1266));
#1362=IFCFACEOUTERBOUND(#1361,.T.);
#1363=IFCFACE((#1362));
#1364=IFCPOLYLOOP((#1300,#1266,#1265,#1301));
#1365=IFCFACEOUTERBOUND(#1364,.T.);
#1366=IFCFACE((#1365));
#1367=IFCPOLYLOOP((#1301,#1265,#1264,#1302));
#1368=IFCFACEOUTERBOUND(#1367,.T.);
#1369=IFCFACE((#1368));
#1370=IFCPOLYLOOP((#1302,#1264,#1263,#1303));
#1371=IFCFACEOUTERBOUND(#1370,.T.);
#1372=IFCFACE((#1371));
#1373=IFCPOLYLOOP((#1305,#1304,#1262,#1261));
#1374=IFCFACEOUTERBOUND(#1373,.T.);
#1375=IFCFACE((#1374));
#1376=IFCPOLYLOOP((#1262,#1304,#1303,#1263));
#1377=IFCFACEOUTERBOUND(#1376,.T.);
#1378=IFCFACE((#1377));
#1379=IFCPOLYLOOP((#1306,#1305,#1261,#1260));
#1380=IFCFACEOUTERBOUND(#1379,.T.);
#1381=IFCFACE((#1380));
#1382=IFCPOLYLOOP((#1306,#1260,#1259,#1283));
#1383=IFCFACEOUTERBOUND(#1382,.T.);
#1384=IFCFACE((#1383));
#1385=IFCCARTESIANPOINT((115.009374999986,233.,1000.));
#1386=IFCCARTESIANPOINT((115.350116737095,233.,997.411809548975));
#1387=IFCCARTESIANPOINT((116.349120962141,233.,995.));
#1388=IFCCARTESIANPOINT((117.93830718812,233.,992.928932188135));
#1389=IFCCARTESIANPOINT((120.009374999986,233.,991.339745962156));
#1390=IFCCARTESIANPOINT((122.42118454896,233.,990.340741737109));
#1391=IFCCARTESIANPOINT((125.009374999986,233.,990.));
#1392=IFCCARTESIANPOINT((127.597565451011,233.,990.340741737109));
#1393=IFCCARTESIANPOINT((130.009374999986,233.,991.339745962155));
#1394=IFCCARTESIANPOINT((132.080442811851,233.,992.928932188134));
#1395=IFCCARTESIANPOINT((133.66962903783,233.,995.));
#1396=IFCCARTESIANPOINT((134.668633262876,233.,997.411809548974));
#1397=IFCCARTESIANPOINT((135.009374999986,233.,1000.));
#1398=IFCCARTESIANPOINT((134.668633262877,233.,1002.58819045103));
#1399=IFCCARTESIANPOINT((133.66962903783,233.,1005.));
#1400=IFCCARTESIANPOINT((132.080442811851,233.,1007.07106781187));
#1401=IFCCARTESIANPOINT((130.009374999986,233.,1008.66025403784));
#1402=IFCCARTESIANPOINT((127.597565451011,233.,1009.65925826289));
#1403=IFCCARTESIANPOINT((125.009374999986,233.,1010.));
#1404=IFCCARTESIANPOINT((122.421184548961,233.,1009.65925826289));
#1405=IFCCARTESIANPOINT((120.009374999986,233.,1008.66025403784));
#1406=IFCCARTESIANPOINT((117.93830718812,233.,1007.07106781187));
#1407=IFCCARTESIANPOINT((116.349120962141,233.,1005.));
#1408=IFCCARTESIANPOINT((115.350116737095,233.,1002.58819045103));
#1409=IFCCARTESIANPOINT((115.009374999986,263.,1000.));
#1410=IFCCARTESIANPOINT((115.350116737095,263.,997.411809548975));
#1411=IFCCARTESIANPOINT((116.349120962141,263.,995.));
#1412=IFCCARTESIANPOINT((117.93830718812,263.,992.928932188135));
#1413=IFCCARTESIANPOINT((120.009374999986,263.,991.339745962156));
#1414=IFCCARTESIANPOINT((122.42118454896,263.,990.340741737109));
#1415=IFCCARTESIANPOINT((125.009374999986,263.,990.));
#1416=IFCCARTESIANPOINT((127.597565451011,263.,990.340741737109));
#1417=IFCCARTESIANPOINT((130.009374999986,263.,991.339745962155));
#1418=IFCCARTESIANPOINT((132.080442811851,263.,992.928932188134));
#1419=IFCCARTESIANPOINT((133.66962903783,263.,995.));
#1420=IFCCARTESIANPOINT((134.668633262876,263.,997.411809548974));
#1421=IFCCARTESIANPOINT((135.009374999986,263.,1000.));
#1422=IFCCARTESIANPOINT((134.668633262877,263.,1002.58819045103));
#1423=IFCCARTESIANPOINT((133.66962903783,263.,1005.));
#1424=IFCCARTESIANPOINT((132.080442811851,263.,1007.07106781187));
#1425=IFCCARTESIANPOINT((130.009374999986,263.,1008.66025403784));
#1426=IFCCARTESIANPOINT((127.597565451011,263.,1009.65925826289));
#1427=IFCCARTESIANPOINT((125.009374999986,263.,1010.));
#1428=IFCCARTESIANPOINT((122.421184548961,263.,1009.65925826289));
#1429=IFCCARTESIANPOINT((120.009374999986,263.,1008.66025403784));
#1430=IFCCARTESIANPOINT((117.93830718812,263.,1007.07106781187));
#1431=IFCCARTESIANPOINT((116.349120962141,263.,1005.));
#1432=IFCCARTESIANPOINT((115.350116737095,263.,1002.58819045103));
#1433=IFCCARTESIANPOINT((140.009374999993,268.,1000.));
#1434=IFCCARTESIANPOINT((136.473841094055,266.535533905942,1000.));
#1435=IFCCARTESIANPOINT((118.358739905376,275.500000000008,1000.));
#1436=IFCCARTESIANPOINT((127.509374999989,284.650635094622,1000.));
#1437=IFCCARTESIANPOINT((140.009374999993,288.,1000.));
#1438=IFCCARTESIANPOINT((140.009374999993,287.659258262902,997.411809548975));
#1439=IFCCARTESIANPOINT((140.009374999993,286.660254037856,995.));
#1440=IFCCARTESIANPOINT((140.009374999993,285.071067811877,992.928932188134));
#1441=IFCCARTESIANPOINT((140.009374999993,283.,991.339745962155));
#1442=IFCCARTESIANPOINT((140.009374999993,280.588190451037,990.340741737109));
#1443=IFCCARTESIANPOINT((140.009374999993,278.,990.));
#1444=IFCCARTESIANPOINT((140.009374999993,275.411809548986,990.340741737109));
#1445=IFCCARTESIANPOINT((140.009374999993,273.,991.339745962155));
#1446=IFCCARTESIANPOINT((140.009374999993,270.928932188146,992.928932188134));
#1447=IFCCARTESIANPOINT((140.009374999993,269.339745962167,995.));
#1448=IFCCARTESIANPOINT((140.009374999993,268.340741737121,997.411809548974));
#1449=IFCCARTESIANPOINT((116.71519254347,269.366197740731,1000.));
#1450=IFCCARTESIANPOINT((133.643177218647,286.294182445643,1000.));
#1451=IFCCARTESIANPOINT((115.862283771728,266.183098870367,1000.));
#1452=IFCCARTESIANPOINT((136.82627610932,287.147091222827,1000.));
#1453=IFCCARTESIANPOINT((115.435829385857,264.591549435186,1000.));
#1454=IFCCARTESIANPOINT((138.417825554656,287.573545611419,1000.));
#1455=IFCCARTESIANPOINT((122.934057452682,280.075317547315,1000.));
#1456=IFCCARTESIANPOINT((130.471703104851,276.752915046704,990.151922655303));
#1457=IFCCARTESIANPOINT((126.25646058812,272.537671169817,990.151922490436));
#1458=IFCCARTESIANPOINT((117.536966224423,272.433098870369,1000.));
#1459=IFCCARTESIANPOINT((132.998757190759,281.670376318301,991.307206842549));
#1460=IFCCARTESIANPOINT((123.974288286306,269.583875587118,990.276218677195));
#1461=IFCCARTESIANPOINT((119.98103725959,268.960135520638,991.923303103072));
#1462=IFCCARTESIANPOINT((135.990917462118,270.376369365488,992.487405404095));
#1463=IFCCARTESIANPOINT((132.633005341929,267.018457615127,992.487405145908));
#1464=IFCCARTESIANPOINT((131.50809206712,271.501282594621,990.453520847801));
#1465=IFCCARTESIANPOINT((125.088865361315,277.671761869541,991.94476265457));
#1466=IFCCARTESIANPOINT((130.576276109318,285.472408770132,1000.));
#1467=IFCCARTESIANPOINT((125.221716226336,282.362976320968,1000.));
#1468=IFCCARTESIANPOINT((120.646398679029,277.787658773661,1000.));
#1469=IFCCARTESIANPOINT((140.009374999993,268.340741737121,1002.58819045102));
#1470=IFCCARTESIANPOINT((140.009374999993,269.339745962167,1005.));
#1471=IFCCARTESIANPOINT((140.009374999993,270.928932188146,1007.07106781187));
#1472=IFCCARTESIANPOINT((140.009374999993,273.,1008.66025403784));
#1473=IFCCARTESIANPOINT((140.009374999993,275.411809548986,1009.65925826289));
#1474=IFCCARTESIANPOINT((140.009374999993,278.,1010.));
#1475=IFCCARTESIANPOINT((140.009374999993,280.588190451037,1009.65925826289));
#1476=IFCCARTESIANPOINT((140.009374999993,283.,1008.66025403784));
#1477=IFCCARTESIANPOINT((140.009374999993,285.071067811877,1007.07106781187));
#1478=IFCCARTESIANPOINT((140.009374999993,286.660254037856,1005.));
#1479=IFCCARTESIANPOINT((140.009374999993,287.659258262902,1002.58819045103));
#1480=IFCCARTESIANPOINT((126.256460588008,272.537671169936,1009.84807750954));
#1481=IFCCARTESIANPOINT((130.471703104392,276.752915046814,1009.84807734463));
#1482=IFCCARTESIANPOINT((132.998757190675,281.670376318337,1008.69279315741));
#1483=IFCCARTESIANPOINT((123.974288286286,269.583875587147,1009.7237813228));
#1484=IFCCARTESIANPOINT((119.981037259583,268.960135520659,1008.07669689692));
#1485=IFCCARTESIANPOINT((132.63300534186,267.018457615169,1007.51259485416));
#1486=IFCCARTESIANPOINT((135.990917462128,270.376369365482,1007.5125945959));
#1487=IFCCARTESIANPOINT((131.508092066729,271.501282594962,1009.54647915236));
#1488=IFCCARTESIANPOINT((125.337612737071,277.920509305756,1008.05523731716));
#1489=IFCCARTESIANPOINT((245.009375,288.,1000.));
#1490=IFCCARTESIANPOINT((245.009375,287.659258262902,1002.58819045102));
#1491=IFCCARTESIANPOINT((245.009375,286.660254037856,1005.));
#1492=IFCCARTESIANPOINT((245.009375000001,285.071067811877,1007.07106781187));
#1493=IFCCARTESIANPOINT((245.009375000001,283.,1008.66025403784));
#1494=IFCCARTESIANPOINT((245.009375000001,280.588190451037,1009.65925826289));
#1495=IFCCARTESIANPOINT((245.009375000001,278.,1010.));
#1496=IFCCARTESIANPOINT((245.009375000001,275.411809548986,1009.65925826289));
#1497=IFCCARTESIANPOINT((245.009375000001,273.,1008.66025403784));
#1498=IFCCARTESIANPOINT((245.009375000001,270.928932188146,1007.07106781187));
#1499=IFCCARTESIANPOINT((245.009375,269.339745962167,1005.));
#1500=IFCCARTESIANPOINT((245.009375,268.340741737121,1002.58819045102));
#1501=IFCCARTESIANPOINT((245.009375,268.,1000.));
#1502=IFCCARTESIANPOINT((245.009375,268.340741737121,997.411809548974));
#1503=IFCCARTESIANPOINT((245.009375,269.339745962167,995.));
#1504=IFCCARTESIANPOINT((245.009375,270.928932188146,992.928932188134));
#1505=IFCCARTESIANPOINT((245.009375,273.,991.339745962155));
#1506=IFCCARTESIANPOINT((245.009375,275.411809548986,990.340741737109));
#1507=IFCCARTESIANPOINT((245.009375,278.,990.));
#1508=IFCCARTESIANPOINT((245.009375,280.588190451037,990.340741737109));
#1509=IFCCARTESIANPOINT((245.009375,283.,991.339745962155));
#1510=IFCCARTESIANPOINT((245.009375,285.071067811877,992.928932188134));
#1511=IFCCARTESIANPOINT((245.009375,286.660254037856,995.));
#1512=IFCCARTESIANPOINT((245.009375,287.659258262902,997.411809548974));
#1513=IFCPOLYLOOP((#1390,#1391,#1392,#1393,#1394,#1395,#1396,#1397,#1398,#1399,#1400,#1401,#1402,#1403,#1404,#1405,#1406,#1407,#1408,#1385,#1386,#1387,#1388,#1389));
#1514=IFCFACEOUTERBOUND(#1513,.T.);
#1515=IFCFACE((#1514));
#1516=IFCPOLYLOOP((#1410,#1386,#1385,#1409));
#1517=IFCFACEOUTERBOUND(#1516,.T.);
#1518=IFCFACE((#1517));
#1519=IFCPOLYLOOP((#1411,#1387,#1386,#1410));
#1520=IFCFACEOUTERBOUND(#1519,.T.);
#1521=IFCFACE((#1520));
#1522=IFCPOLYLOOP((#1388,#1412,#1413,#1389));
#1523=IFCFACEOUTERBOUND(#1522,.T.);
#1524=IFCFACE((#1523));
#1525=IFCPOLYLOOP((#1411,#1412,#1388,#1387));
#1526=IFCFACEOUTERBOUND(#1525,.T.);
#1527=IFCFACE((#1526));
#1528=IFCPOLYLOOP((#1389,#1413,#1414,#1390));
#1529=IFCFACEOUTERBOUND(#1528,.T.);
#1530=IFCFACE((#1529));
#1531=IFCPOLYLOOP((#1390,#1414,#1415,#1391));
#1532=IFCFACEOUTERBOUND(#1531,.T.);
#1533=IFCFACE((#1532));
#1534=IFCPOLYLOOP((#1417,#1393,#1392,#1416));
#1535=IFCFACEOUTERBOUND(#1534,.T.);
#1536=IFCFACE((#1535));
#1537=IFCPOLYLOOP((#1418,#1394,#1393,#1417));
#1538=IFCFACEOUTERBOUND(#1537,.T.);
#1539=IFCFACE((#1538));
#1540=IFCPOLYLOOP((#1395,#1419,#1420,#1396));
#1541=IFCFACEOUTERBOUND(#1540,.T.);
#1542=IFCFACE((#1541));
#1543=IFCPOLYLOOP((#1418,#1419,#1395,#1394));
#1544=IFCFACEOUTERBOUND(#1543,.T.);
#1545=IFCFACE((#1544));
#1546=IFCPOLYLOOP((#1396,#1420,#1421,#1397));
#1547=IFCFACEOUTERBOUND(#1546,.T.);
#1548=IFCFACE((#1547));
#1549=IFCPOLYLOOP((#1392,#1391,#1415,#1416));
#1550=IFCFACEOUTERBOUND(#1549,.T.);
#1551=IFCFACE((#1550));
#1552=IFCPOLYLOOP((#1422,#1398,#1397,#1421));
#1553=IFCFACEOUTERBOUND(#1552,.T.);
#1554=IFCFACE((#1553));
#1555=IFCPOLYLOOP((#1423,#1399,#1398,#1422));
#1556=IFCFACEOUTERBOUND(#1555,.T.);
#1557=IFCFACE((#1556));
#1558=IFCPOLYLOOP((#1400,#1424,#1425,#1401));
#1559=IFCFACEOUTERBOUND(#1558,.T.);
#1560=IFCFACE((#1559));
#1561=IFCPOLYLOOP((#1423,#1424,#1400,#1399));
#1562=IFCFACEOUTERBOUND(#1561,.T.);
#1563=IFCFACE((#1562));
#1564=IFCPOLYLOOP((#1401,#1425,#1426,#1402));
#1565=IFCFACEOUTERBOUND(#1564,.T.);
#1566=IFCFACE((#1565));
#1567=IFCPOLYLOOP((#1402,#1426,#1427,#1403));
#1568=IFCFACEOUTERBOUND(#1567,.T.);
#1569=IFCFACE((#1568));
#1570=IFCPOLYLOOP((#1429,#1405,#1404,#1428));
#1571=IFCFACEOUTERBOUND(#1570,.T.);
#1572=IFCFACE((#1571));
#1573=IFCPOLYLOOP((#1430,#1406,#1405,#1429));
#1574=IFCFACEOUTERBOUND(#1573,.T.);
#1575=IFCFACE((#1574));
#1576=IFCPOLYLOOP((#1407,#1431,#1432,#1408));
#1577=IFCFACEOUTERBOUND(#1576,.T.);
#1578=IFCFACE((#1577));
#1579=IFCPOLYLOOP((#1430,#1431,#1407,#1406));
#1580=IFCFACEOUTERBOUND(#1579,.T.);
#1581=IFCFACE((#1580));
#1582=IFCPOLYLOOP((#1408,#1432,#1409,#1385));
#1583=IFCFACEOUTERBOUND(#1582,.T.);
#1584=IFCFACE((#1583));
#1585=IFCPOLYLOOP((#1404,#1403,#1427,#1428));
#1586=IFCFACEOUTERBOUND(#1585,.T.);
#1587=IFCFACE((#1586));
#1588=IFCPOLYLOOP((#1410,#1453,#1411));
#1589=IFCFACEOUTERBOUND(#1588,.T.);
#1590=IFCFACE((#1589));
#1591=IFCPOLYLOOP((#1461,#1414,#1449));
#1592=IFCFACEOUTERBOUND(#1591,.T.);
#1593=IFCFACE((#1592));
#1594=IFCPOLYLOOP((#1460,#1457,#1463));
#1595=IFCFACEOUTERBOUND(#1594,.T.);
#1596=IFCFACE((#1595));
#1597=IFCPOLYLOOP((#1449,#1458,#1435,#1461));
#1598=IFCFACEOUTERBOUND(#1597,.T.);
#1599=IFCFACE((#1598));
#1600=IFCPOLYLOOP((#1449,#1413,#1412));
#1601=IFCFACEOUTERBOUND(#1600,.T.);
#1602=IFCFACE((#1601));
#1603=IFCPOLYLOOP((#1411,#1451,#1412));
#1604=IFCFACEOUTERBOUND(#1603,.T.);
#1605=IFCFACE((#1604));
#1606=IFCPOLYLOOP((#1413,#1449,#1414));
#1607=IFCFACEOUTERBOUND(#1606,.T.);
#1608=IFCFACE((#1607));
#1609=IFCPOLYLOOP((#1435,#1460,#1461));
#1610=IFCFACEOUTERBOUND(#1609,.T.);
#1611=IFCFACE((#1610));
#1612=IFCPOLYLOOP((#1461,#1417,#1416));
#1613=IFCFACEOUTERBOUND(#1612,.T.);
#1614=IFCFACE((#1613));
#1615=IFCPOLYLOOP((#1465,#1456,#1464));
#1616=IFCFACEOUTERBOUND(#1615,.T.);
#1617=IFCFACE((#1616));
#1618=IFCPOLYLOOP((#1436,#1459,#1456));
#1619=IFCFACEOUTERBOUND(#1618,.T.);
#1620=IFCFACE((#1619));
#1621=IFCPOLYLOOP((#1461,#1415,#1414));
#1622=IFCFACEOUTERBOUND(#1621,.T.);
#1623=IFCFACE((#1622));
#1624=IFCPOLYLOOP((#1461,#1416,#1415));
#1625=IFCFACEOUTERBOUND(#1624,.T.);
#1626=IFCFACE((#1625));
#1627=IFCPOLYLOOP((#1433,#1434,#1462));
#1628=IFCFACEOUTERBOUND(#1627,.T.);
#1629=IFCFACE((#1628));
#1630=IFCPOLYLOOP((#1417,#1461,#1460));
#1631=IFCFACEOUTERBOUND(#1630,.T.);
#1632=IFCFACE((#1631));
#1633=IFCPOLYLOOP((#1448,#1462,#1447));
#1634=IFCFACEOUTERBOUND(#1633,.T.);
#1635=IFCFACE((#1634));
#1636=IFCPOLYLOOP((#1466,#1450,#1442));
#1637=IFCFACEOUTERBOUND(#1636,.T.);
#1638=IFCFACE((#1637));
#1639=IFCPOLYLOOP((#1410,#1409,#1453));
#1640=IFCFACEOUTERBOUND(#1639,.T.);
#1641=IFCFACE((#1640));
#1642=IFCPOLYLOOP((#1460,#1463,#1419));
#1643=IFCFACEOUTERBOUND(#1642,.T.);
#1644=IFCFACE((#1643));
#1645=IFCPOLYLOOP((#1460,#1418,#1417));
#1646=IFCFACEOUTERBOUND(#1645,.T.);
#1647=IFCFACE((#1646));
#1648=IFCPOLYLOOP((#1457,#1465,#1464));
#1649=IFCFACEOUTERBOUND(#1648,.T.);
#1650=IFCFACE((#1649));
#1651=IFCPOLYLOOP((#1446,#1459,#1445));
#1652=IFCFACEOUTERBOUND(#1651,.T.);
#1653=IFCFACE((#1652));
#1654=IFCPOLYLOOP((#1434,#1463,#1464));
#1655=IFCFACEOUTERBOUND(#1654,.T.);
#1656=IFCFACE((#1655));
#1657=IFCPOLYLOOP((#1457,#1468,#1465));
#1658=IFCFACEOUTERBOUND(#1657,.T.);
#1659=IFCFACE((#1658));
#1660=IFCPOLYLOOP((#1465,#1467,#1456));
#1661=IFCFACEOUTERBOUND(#1660,.T.);
#1662=IFCFACE((#1661));
#1663=IFCPOLYLOOP((#1450,#1441,#1442));
#1664=IFCFACEOUTERBOUND(#1663,.T.);
#1665=IFCFACE((#1664));
#1666=IFCPOLYLOOP((#1463,#1457,#1464));
#1667=IFCFACEOUTERBOUND(#1666,.T.);
#1668=IFCFACE((#1667));
#1669=IFCPOLYLOOP((#1466,#1443,#1459));
#1670=IFCFACEOUTERBOUND(#1669,.T.);
#1671=IFCFACE((#1670));
#1672=IFCPOLYLOOP((#1442,#1443,#1466));
#1673=IFCFACEOUTERBOUND(#1672,.T.);
#1674=IFCFACE((#1673));
#1675=IFCPOLYLOOP((#1452,#1440,#1450));
#1676=IFCFACEOUTERBOUND(#1675,.T.);
#1677=IFCFACE((#1676));
#1678=IFCPOLYLOOP((#1436,#1456,#1467));
#1679=IFCFACEOUTERBOUND(#1678,.T.);
#1680=IFCFACE((#1679));
#1681=IFCPOLYLOOP((#1450,#1440,#1441));
#1682=IFCFACEOUTERBOUND(#1681,.T.);
#1683=IFCFACE((#1682));
#1684=IFCPOLYLOOP((#1459,#1436,#1466));
#1685=IFCFACEOUTERBOUND(#1684,.T.);
#1686=IFCFACE((#1685));
#1687=IFCPOLYLOOP((#1438,#1454,#1437));
#1688=IFCFACEOUTERBOUND(#1687,.T.);
#1689=IFCFACE((#1688));
#1690=IFCPOLYLOOP((#1456,#1462,#1464));
#1691=IFCFACEOUTERBOUND(#1690,.T.);
#1692=IFCFACE((#1691));
#1693=IFCPOLYLOOP((#1460,#1468,#1457));
#1694=IFCFACEOUTERBOUND(#1693,.T.);
#1695=IFCFACE((#1694));
#1696=IFCPOLYLOOP((#1449,#1412,#1451));
#1697=IFCFACEOUTERBOUND(#1696,.T.);
#1698=IFCFACE((#1697));
#1699=IFCPOLYLOOP((#1463,#1421,#1420));
#1700=IFCFACEOUTERBOUND(#1699,.T.);
#1701=IFCFACE((#1700));
#1702=IFCPOLYLOOP((#1455,#1467,#1465,#1468));
#1703=IFCFACEOUTERBOUND(#1702,.T.);
#1704=IFCFACE((#1703));
#1705=IFCPOLYLOOP((#1447,#1462,#1456));
#1706=IFCFACEOUTERBOUND(#1705,.T.);
#1707=IFCFACE((#1706));
#1708=IFCPOLYLOOP((#1452,#1439,#1440));
#1709=IFCFACEOUTERBOUND(#1708,.T.);
#1710=IFCFACE((#1709));
#1711=IFCPOLYLOOP((#1448,#1433,#1462));
#1712=IFCFACEOUTERBOUND(#1711,.T.);
#1713=IFCFACE((#1712));
#1714=IFCPOLYLOOP((#1439,#1454,#1438));
#1715=IFCFACEOUTERBOUND(#1714,.T.);
#1716=IFCFACE((#1715));
#1717=IFCPOLYLOOP((#1459,#1446,#1456));
#1718=IFCFACEOUTERBOUND(#1717,.T.);
#1719=IFCFACE((#1718));
#1720=IFCPOLYLOOP((#1453,#1451,#1411));
#1721=IFCFACEOUTERBOUND(#1720,.T.);
#1722=IFCFACE((#1721));
#1723=IFCPOLYLOOP((#1446,#1447,#1456));
#1724=IFCFACEOUTERBOUND(#1723,.T.);
#1725=IFCFACE((#1724));
#1726=IFCPOLYLOOP((#1452,#1454,#1439));
#1727=IFCFACEOUTERBOUND(#1726,.T.);
#1728=IFCFACE((#1727));
#1729=IFCPOLYLOOP((#1445,#1459,#1444));
#1730=IFCFACEOUTERBOUND(#1729,.T.);
#1731=IFCFACE((#1730));
#1732=IFCPOLYLOOP((#1443,#1444,#1459));
#1733=IFCFACEOUTERBOUND(#1732,.T.);
#1734=IFCFACE((#1733));
#1735=IFCPOLYLOOP((#1419,#1418,#1460));
#1736=IFCFACEOUTERBOUND(#1735,.T.);
#1737=IFCFACE((#1736));
#1738=IFCPOLYLOOP((#1434,#1464,#1462));
#1739=IFCFACEOUTERBOUND(#1738,.T.);
#1740=IFCFACE((#1739));
#1741=IFCPOLYLOOP((#1420,#1419,#1463));
#1742=IFCFACEOUTERBOUND(#1741,.T.);
#1743=IFCFACE((#1742));
#1744=IFCPOLYLOOP((#1468,#1460,#1435));
#1745=IFCFACEOUTERBOUND(#1744,.T.);
#1746=IFCFACE((#1745));
#1747=IFCPOLYLOOP((#1434,#1421,#1463));
#1748=IFCFACEOUTERBOUND(#1747,.T.);
#1749=IFCFACE((#1748));
#1750=IFCPOLYLOOP((#1484,#1435,#1458,#1449));
#1751=IFCFACEOUTERBOUND(#1750,.T.);
#1752=IFCFACE((#1751));
#1753=IFCPOLYLOOP((#1480,#1485,#1487));
#1754=IFCFACEOUTERBOUND(#1753,.T.);
#1755=IFCFACE((#1754));
#1756=IFCPOLYLOOP((#1434,#1433,#1486));
#1757=IFCFACEOUTERBOUND(#1756,.T.);
#1758=IFCFACE((#1757));
#1759=IFCPOLYLOOP((#1483,#1424,#1423));
#1760=IFCFACEOUTERBOUND(#1759,.T.);
#1761=IFCFACE((#1760));
#1762=IFCPOLYLOOP((#1480,#1483,#1485));
#1763=IFCFACEOUTERBOUND(#1762,.T.);
#1764=IFCFACE((#1763));
#1765=IFCPOLYLOOP((#1470,#1481,#1486));
#1766=IFCFACEOUTERBOUND(#1765,.T.);
#1767=IFCFACE((#1766));
#1768=IFCPOLYLOOP((#1423,#1485,#1483));
#1769=IFCFACEOUTERBOUND(#1768,.T.);
#1770=IFCFACE((#1769));
#1771=IFCPOLYLOOP((#1488,#1480,#1487));
#1772=IFCFACEOUTERBOUND(#1771,.T.);
#1773=IFCFACE((#1772));
#1774=IFCPOLYLOOP((#1422,#1485,#1423));
#1775=IFCFACEOUTERBOUND(#1774,.T.);
#1776=IFCFACE((#1775));
#1777=IFCPOLYLOOP((#1434,#1486,#1487));
#1778=IFCFACEOUTERBOUND(#1777,.T.);
#1779=IFCFACE((#1778));
#1780=IFCPOLYLOOP((#1488,#1487,#1481));
#1781=IFCFACEOUTERBOUND(#1780,.T.);
#1782=IFCFACE((#1781));
#1783=IFCPOLYLOOP((#1486,#1433,#1469));
#1784=IFCFACEOUTERBOUND(#1783,.T.);
#1785=IFCFACE((#1784));
#1786=IFCPOLYLOOP((#1453,#1409,#1432));
#1787=IFCFACEOUTERBOUND(#1786,.T.);
#1788=IFCFACE((#1787));
#1789=IFCPOLYLOOP((#1436,#1481,#1482));
#1790=IFCFACEOUTERBOUND(#1789,.T.);
#1791=IFCFACE((#1790));
#1792=IFCPOLYLOOP((#1466,#1436,#1482));
#1793=IFCFACEOUTERBOUND(#1792,.T.);
#1794=IFCFACE((#1793));
#1795=IFCPOLYLOOP((#1430,#1449,#1451));
#1796=IFCFACEOUTERBOUND(#1795,.T.);
#1797=IFCFACE((#1796));
#1798=IFCPOLYLOOP((#1427,#1484,#1428));
#1799=IFCFACEOUTERBOUND(#1798,.T.);
#1800=IFCFACE((#1799));
#1801=IFCPOLYLOOP((#1481,#1436,#1467));
#1802=IFCFACEOUTERBOUND(#1801,.T.);
#1803=IFCFACE((#1802));
#1804=IFCPOLYLOOP((#1449,#1430,#1429));
#1805=IFCFACEOUTERBOUND(#1804,.T.);
#1806=IFCFACE((#1805));
#1807=IFCPOLYLOOP((#1429,#1428,#1449));
#1808=IFCFACEOUTERBOUND(#1807,.T.);
#1809=IFCFACE((#1808));
#1810=IFCPOLYLOOP((#1483,#1468,#1435));
#1811=IFCFACEOUTERBOUND(#1810,.T.);
#1812=IFCFACE((#1811));
#1813=IFCPOLYLOOP((#1474,#1475,#1466));
#1814=IFCFACEOUTERBOUND(#1813,.T.);
#1815=IFCFACE((#1814));
#1816=IFCPOLYLOOP((#1428,#1484,#1449));
#1817=IFCFACEOUTERBOUND(#1816,.T.);
#1818=IFCFACE((#1817));
#1819=IFCPOLYLOOP((#1487,#1486,#1481));
#1820=IFCFACEOUTERBOUND(#1819,.T.);
#1821=IFCFACE((#1820));
#1822=IFCPOLYLOOP((#1434,#1487,#1485));
#1823=IFCFACEOUTERBOUND(#1822,.T.);
#1824=IFCFACE((#1823));
#1825=IFCPOLYLOOP((#1470,#1486,#1469));
#1826=IFCFACEOUTERBOUND(#1825,.T.);
#1827=IFCFACE((#1826));
#1828=IFCPOLYLOOP((#1481,#1470,#1471));
#1829=IFCFACEOUTERBOUND(#1828,.T.);
#1830=IFCFACE((#1829));
#1831=IFCPOLYLOOP((#1450,#1477,#1452));
#1832=IFCFACEOUTERBOUND(#1831,.T.);
#1833=IFCFACE((#1832));
#1834=IFCPOLYLOOP((#1467,#1488,#1481));
#1835=IFCFACEOUTERBOUND(#1834,.T.);
#1836=IFCFACE((#1835));
#1837=IFCPOLYLOOP((#1422,#1421,#1485));
#1838=IFCFACEOUTERBOUND(#1837,.T.);
#1839=IFCFACE((#1838));
#1840=IFCPOLYLOOP((#1451,#1431,#1430));
#1841=IFCFACEOUTERBOUND(#1840,.T.);
#1842=IFCFACE((#1841));
#1843=IFCPOLYLOOP((#1473,#1482,#1472));
#1844=IFCFACEOUTERBOUND(#1843,.T.);
#1845=IFCFACE((#1844));
#1846=IFCPOLYLOOP((#1451,#1453,#1431));
#1847=IFCFACEOUTERBOUND(#1846,.T.);
#1848=IFCFACE((#1847));
#1849=IFCPOLYLOOP((#1454,#1452,#1478));
#1850=IFCFACEOUTERBOUND(#1849,.T.);
#1851=IFCFACE((#1850));
#1852=IFCPOLYLOOP((#1482,#1471,#1472));
#1853=IFCFACEOUTERBOUND(#1852,.T.);
#1854=IFCFACE((#1853));
#1855=IFCPOLYLOOP((#1431,#1453,#1432));
#1856=IFCFACEOUTERBOUND(#1855,.T.);
#1857=IFCFACE((#1856));
#1858=IFCPOLYLOOP((#1473,#1474,#1482));
#1859=IFCFACEOUTERBOUND(#1858,.T.);
#1860=IFCFACE((#1859));
#1861=IFCPOLYLOOP((#1488,#1468,#1480));
#1862=IFCFACEOUTERBOUND(#1861,.T.);
#1863=IFCFACE((#1862));
#1864=IFCPOLYLOOP((#1455,#1468,#1488,#1467));
#1865=IFCFACEOUTERBOUND(#1864,.T.);
#1866=IFCFACE((#1865));
#1867=IFCPOLYLOOP((#1476,#1477,#1450));
#1868=IFCFACEOUTERBOUND(#1867,.T.);
#1869=IFCFACE((#1868));
#1870=IFCPOLYLOOP((#1450,#1475,#1476));
#1871=IFCFACEOUTERBOUND(#1870,.T.);
#1872=IFCFACE((#1871));
#1873=IFCPOLYLOOP((#1425,#1484,#1426));
#1874=IFCFACEOUTERBOUND(#1873,.T.);
#1875=IFCFACE((#1874));
#1876=IFCPOLYLOOP((#1466,#1475,#1450));
#1877=IFCFACEOUTERBOUND(#1876,.T.);
#1878=IFCFACE((#1877));
#1879=IFCPOLYLOOP((#1478,#1479,#1454));
#1880=IFCFACEOUTERBOUND(#1879,.T.);
#1881=IFCFACE((#1880));
#1882=IFCPOLYLOOP((#1483,#1480,#1468));
#1883=IFCFACEOUTERBOUND(#1882,.T.);
#1884=IFCFACE((#1883));
#1885=IFCPOLYLOOP((#1474,#1466,#1482));
#1886=IFCFACEOUTERBOUND(#1885,.T.);
#1887=IFCFACE((#1886));
#1888=IFCPOLYLOOP((#1484,#1427,#1426));
#1889=IFCFACEOUTERBOUND(#1888,.T.);
#1890=IFCFACE((#1889));
#1891=IFCPOLYLOOP((#1471,#1482,#1481));
#1892=IFCFACEOUTERBOUND(#1891,.T.);
#1893=IFCFACE((#1892));
#1894=IFCPOLYLOOP((#1478,#1452,#1477));
#1895=IFCFACEOUTERBOUND(#1894,.T.);
#1896=IFCFACE((#1895));
#1897=IFCPOLYLOOP((#1479,#1437,#1454));
#1898=IFCFACEOUTERBOUND(#1897,.T.);
#1899=IFCFACE((#1898));
#1900=IFCPOLYLOOP((#1435,#1484,#1483));
#1901=IFCFACEOUTERBOUND(#1900,.T.);
#1902=IFCFACE((#1901));
#1903=IFCPOLYLOOP((#1425,#1424,#1483));
#1904=IFCFACEOUTERBOUND(#1903,.T.);
#1905=IFCFACE((#1904));
#1906=IFCPOLYLOOP((#1421,#1434,#1485));
#1907=IFCFACEOUTERBOUND(#1906,.T.);
#1908=IFCFACE((#1907));
#1909=IFCPOLYLOOP((#1425,#1483,#1484));
#1910=IFCFACEOUTERBOUND(#1909,.T.);
#1911=IFCFACE((#1910));
#1912=IFCPOLYLOOP((#1510,#1511,#1512,#1489,#1490,#1491,#1492,#1493,#1494,#1495,#1496,#1497,#1498,#1499,#1500,#1501,#1502,#1503,#1504,#1505,#1506,#1507,#1508,#1509));
#1913=IFCFACEOUTERBOUND(#1912,.T.);
#1914=IFCFACE((#1913));
#1915=IFCPOLYLOOP((#1512,#1438,#1437,#1489));
#1916=IFCFACEOUTERBOUND(#1915,.T.);
#1917=IFCFACE((#1916));
#1918=IFCPOLYLOOP((#1511,#1439,#1438,#1512));
#1919=IFCFACEOUTERBOUND(#1918,.T.);
#1920=IFCFACE((#1919));
#1921=IFCPOLYLOOP((#1509,#1441,#1440,#1510));
#1922=IFCFACEOUTERBOUND(#1921,.T.);
#1923=IFCFACE((#1922));
#1924=IFCPOLYLOOP((#1510,#1440,#1439,#1511));
#1925=IFCFACEOUTERBOUND(#1924,.T.);
#1926=IFCFACE((#1925));
#1927=IFCPOLYLOOP((#1508,#1442,#1441,#1509));
#1928=IFCFACEOUTERBOUND(#1927,.T.);
#1929=IFCFACE((#1928));
#1930=IFCPOLYLOOP((#1442,#1508,#1507,#1443));
#1931=IFCFACEOUTERBOUND(#1930,.T.);
#1932=IFCFACE((#1931));
#1933=IFCPOLYLOOP((#1505,#1504,#1446,#1445));
#1934=IFCFACEOUTERBOUND(#1933,.T.);
#1935=IFCFACE((#1934));
#1936=IFCPOLYLOOP((#1506,#1505,#1445,#1444));
#1937=IFCFACEOUTERBOUND(#1936,.T.);
#1938=IFCFACE((#1937));
#1939=IFCPOLYLOOP((#1502,#1501,#1433,#1448));
#1940=IFCFACEOUTERBOUND(#1939,.T.);
#1941=IFCFACE((#1940));
#1942=IFCPOLYLOOP((#1503,#1502,#1448,#1447));
#1943=IFCFACEOUTERBOUND(#1942,.T.);
#1944=IFCFACE((#1943));
#1945=IFCPOLYLOOP((#1504,#1503,#1447,#1446));
#1946=IFCFACEOUTERBOUND(#1945,.T.);
#1947=IFCFACE((#1946));
#1948=IFCPOLYLOOP((#1444,#1443,#1507,#1506));
#1949=IFCFACEOUTERBOUND(#1948,.T.);
#1950=IFCFACE((#1949));
#1951=IFCPOLYLOOP((#1433,#1501,#1500,#1469));
#1952=IFCFACEOUTERBOUND(#1951,.T.);
#1953=IFCFACE((#1952));
#1954=IFCPOLYLOOP((#1499,#1470,#1469,#1500));
#1955=IFCFACEOUTERBOUND(#1954,.T.);
#1956=IFCFACE((#1955));
#1957=IFCPOLYLOOP((#1497,#1496,#1473,#1472));
#1958=IFCFACEOUTERBOUND(#1957,.T.);
#1959=IFCFACE((#1958));
#1960=IFCPOLYLOOP((#1498,#1497,#1472,#1471));
#1961=IFCFACEOUTERBOUND(#1960,.T.);
#1962=IFCFACE((#1961));
#1963=IFCPOLYLOOP((#1470,#1499,#1498,#1471));
#1964=IFCFACEOUTERBOUND(#1963,.T.);
#1965=IFCFACE((#1964));
#1966=IFCPOLYLOOP((#1473,#1496,#1495,#1474));
#1967=IFCFACEOUTERBOUND(#1966,.T.);
#1968=IFCFACE((#1967));
#1969=IFCPOLYLOOP((#1493,#1492,#1477,#1476));
#1970=IFCFACEOUTERBOUND(#1969,.T.);
#1971=IFCFACE((#1970));
#1972=IFCPOLYLOOP((#1494,#1493,#1476,#1475));
#1973=IFCFACEOUTERBOUND(#1972,.T.);
#1974=IFCFACE((#1973));
#1975=IFCPOLYLOOP((#1490,#1489,#1437,#1479));
#1976=IFCFACEOUTERBOUND(#1975,.T.);
#1977=IFCFACE((#1976));
#1978=IFCPOLYLOOP((#1491,#1490,#1479,#1478));
#1979=IFCFACEOUTERBOUND(#1978,.T.);
#1980=IFCFACE((#1979));
#1981=IFCPOLYLOOP((#1492,#1491,#1478,#1477));
#1982=IFCFACEOUTERBOUND(#1981,.T.);
#1983=IFCFACE((#1982));
#1984=IFCPOLYLOOP((#1494,#1475,#1474,#1495));
#1985=IFCFACEOUTERBOUND(#1984,.T.);
#1986=IFCFACE((#1985));
#1987=IFCCARTESIANPOINT((92.5093749999859,233.,1000.));
#1988=IFCCARTESIANPOINT((93.5316002113138,233.,1007.76457135308));
#1989=IFCCARTESIANPOINT((96.5286128864527,233.,1015.));
#1990=IFCCARTESIANPOINT((101.296171564389,233.,1021.2132034356));
#1991=IFCCARTESIANPOINT((107.509374999986,233.,1025.98076211353));
#1992=IFCCARTESIANPOINT((114.74480364691,233.,1028.97777478867));
#1993=IFCCARTESIANPOINT((122.509374999986,233.,1030.));
#1994=IFCCARTESIANPOINT((130.273946353061,233.,1028.97777478867));
#1995=IFCCARTESIANPOINT((137.509374999986,233.,1025.98076211353));
#1996=IFCCARTESIANPOINT((143.722578435582,233.,1021.2132034356));
#1997=IFCCARTESIANPOINT((148.490137113519,233.,1015.));
#1998=IFCCARTESIANPOINT((151.487149788658,233.,1007.76457135308));
#1999=IFCCARTESIANPOINT((152.509374999986,233.,1000.));
#2000=IFCCARTESIANPOINT((151.487149788658,233.,992.235428646925));
#2001=IFCCARTESIANPOINT((148.490137113519,233.,985.));
#2002=IFCCARTESIANPOINT((143.722578435582,233.,978.786796564404));
#2003=IFCCARTESIANPOINT((137.509374999986,233.,974.019237886467));
#2004=IFCCARTESIANPOINT((130.273946353062,233.,971.022225211328));
#2005=IFCCARTESIANPOINT((122.509374999986,233.,970.));
#2006=IFCCARTESIANPOINT((114.74480364691,233.,971.022225211328));
#2007=IFCCARTESIANPOINT((107.509374999986,233.,974.019237886467));
#2008=IFCCARTESIANPOINT((101.296171564389,233.,978.786796564404));
#2009=IFCCARTESIANPOINT((96.5286128864527,233.,985.));
#2010=IFCCARTESIANPOINT((93.5316002113139,233.,992.235428646925));
#2011=IFCCARTESIANPOINT((92.5093749999859,225.,1000.));
#2012=IFCCARTESIANPOINT((93.5316002113139,225.,992.235428646925));
#2013=IFCCARTESIANPOINT((96.5286128864527,225.,985.));
#2014=IFCCARTESIANPOINT((101.296171564389,225.,978.786796564404));
#2015=IFCCARTESIANPOINT((107.509374999986,225.,974.019237886467));
#2016=IFCCARTESIANPOINT((114.74480364691,225.,971.022225211328));
#2017=IFCCARTESIANPOINT((122.509374999986,225.,970.));
#2018=IFCCARTESIANPOINT((130.273946353062,225.,971.022225211328));
#2019=IFCCARTESIANPOINT((137.509374999986,225.,974.019237886467));
#2020=IFCCARTESIANPOINT((143.722578435582,225.,978.786796564404));
#2021=IFCCARTESIANPOINT((148.490137113519,225.,985.));
#2022=IFCCARTESIANPOINT((151.487149788658,225.,992.235428646925));
#2023=IFCCARTESIANPOINT((152.509374999986,225.,1000.));
#2024=IFCCARTESIANPOINT((151.487149788658,225.,1007.76457135308));
#2025=IFCCARTESIANPOINT((148.490137113519,225.,1015.));
#2026=IFCCARTESIANPOINT((143.722578435582,225.,1021.2132034356));
#2027=IFCCARTESIANPOINT((137.509374999986,225.,1025.98076211353));
#2028=IFCCARTESIANPOINT((130.273946353061,225.,1028.97777478867));
#2029=IFCCARTESIANPOINT((122.509374999986,225.,1030.));
#2030=IFCCARTESIANPOINT((114.74480364691,225.,1028.97777478867));
#2031=IFCCARTESIANPOINT((107.509374999986,225.,1025.98076211353));
#2032=IFCCARTESIANPOINT((101.296171564389,225.,1021.2132034356));
#2033=IFCCARTESIANPOINT((96.5286128864527,225.,1015.));
#2034=IFCCARTESIANPOINT((93.5316002113138,225.,1007.76457135308));
#2035=IFCPOLYLOOP((#1994,#1995,#1996,#1997,#1998,#1999,#2000,#2001,#2002,#2003,#2004,#2005,#2006,#2007,#2008,#2009,#2010,#1987,#1988,#1989,#1990,#1991,#1992,#1993));
#2036=IFCFACEOUTERBOUND(#2035,.T.);
#2037=IFCFACE((#2036));
#2038=IFCPOLYLOOP((#2018,#2019,#2020,#2021,#2022,#2023,#2024,#2025,#2026,#2027,#2028,#2029,#2030,#2031,#2032,#2033,#2034,#2011,#2012,#2013,#2014,#2015,#2016,#2017));
#2039=IFCFACEOUTERBOUND(#2038,.T.);
#2040=IFCFACE((#2039));
#2041=IFCPOLYLOOP((#2034,#1988,#1987,#2011));
#2042=IFCFACEOUTERBOUND(#2041,.T.);
#2043=IFCFACE((#2042));
#2044=IFCPOLYLOOP((#2033,#1989,#1988,#2034));
#2045=IFCFACEOUTERBOUND(#2044,.T.);
#2046=IFCFACE((#2045));
#2047=IFCPOLYLOOP((#1991,#1990,#2032,#2031));
#2048=IFCFACEOUTERBOUND(#2047,.T.);
#2049=IFCFACE((#2048));
#2050=IFCPOLYLOOP((#2033,#2032,#1990,#1989));
#2051=IFCFACEOUTERBOUND(#2050,.T.);
#2052=IFCFACE((#2051));
#2053=IFCPOLYLOOP((#1992,#1991,#2031,#2030));
#2054=IFCFACEOUTERBOUND(#2053,.T.);
#2055=IFCFACE((#2054));
#2056=IFCPOLYLOOP((#1993,#1992,#2030,#2029));
#2057=IFCFACEOUTERBOUND(#2056,.T.);
#2058=IFCFACE((#2057));
#2059=IFCPOLYLOOP((#2028,#1994,#1993,#2029));
#2060=IFCFACEOUTERBOUND(#2059,.T.);
#2061=IFCFACE((#2060));
#2062=IFCPOLYLOOP((#2027,#1995,#1994,#2028));
#2063=IFCFACEOUTERBOUND(#2062,.T.);
#2064=IFCFACE((#2063));
#2065=IFCPOLYLOOP((#1997,#1996,#2026,#2025));
#2066=IFCFACEOUTERBOUND(#2065,.T.);
#2067=IFCFACE((#2066));
#2068=IFCPOLYLOOP((#2027,#2026,#1996,#1995));
#2069=IFCFACEOUTERBOUND(#2068,.T.);
#2070=IFCFACE((#2069));
#2071=IFCPOLYLOOP((#1998,#1997,#2025,#2024));
#2072=IFCFACEOUTERBOUND(#2071,.T.);
#2073=IFCFACE((#2072));
#2074=IFCPOLYLOOP((#1999,#1998,#2024,#2023));
#2075=IFCFACEOUTERBOUND(#2074,.T.);
#2076=IFCFACE((#2075));
#2077=IFCPOLYLOOP((#2022,#2000,#1999,#2023));
#2078=IFCFACEOUTERBOUND(#2077,.T.);
#2079=IFCFACE((#2078));
#2080=IFCPOLYLOOP((#2021,#2001,#2000,#2022));
#2081=IFCFACEOUTERBOUND(#2080,.T.);
#2082=IFCFACE((#2081));
#2083=IFCPOLYLOOP((#2003,#2002,#2020,#2019));
#2084=IFCFACEOUTERBOUND(#2083,.T.);
#2085=IFCFACE((#2084));
#2086=IFCPOLYLOOP((#2021,#2020,#2002,#2001));
#2087=IFCFACEOUTERBOUND(#2086,.T.);
#2088=IFCFACE((#2087));
#2089=IFCPOLYLOOP((#2004,#2003,#2019,#2018));
#2090=IFCFACEOUTERBOUND(#2089,.T.);
#2091=IFCFACE((#2090));
#2092=IFCPOLYLOOP((#2005,#2004,#2018,#2017));
#2093=IFCFACEOUTERBOUND(#2092,.T.);
#2094=IFCFACE((#2093));
#2095=IFCPOLYLOOP((#2016,#2006,#2005,#2017));
#2096=IFCFACEOUTERBOUND(#2095,.T.);
#2097=IFCFACE((#2096));
#2098=IFCPOLYLOOP((#2015,#2007,#2006,#2016));
#2099=IFCFACEOUTERBOUND(#2098,.T.);
#2100=IFCFACE((#2099));
#2101=IFCPOLYLOOP((#2009,#2008,#2014,#2013));
#2102=IFCFACEOUTERBOUND(#2101,.T.);
#2103=IFCFACE((#2102));
#2104=IFCPOLYLOOP((#2015,#2014,#2008,#2007));
#2105=IFCFACEOUTERBOUND(#2104,.T.);
#2106=IFCFACE((#2105));
#2107=IFCPOLYLOOP((#2010,#2009,#2013,#2012));
#2108=IFCFACEOUTERBOUND(#2107,.T.);
#2109=IFCFACE((#2108));
#2110=IFCPOLYLOOP((#1987,#2010,#2012,#2011));
#2111=IFCFACEOUTERBOUND(#2110,.T.);
#2112=IFCFACE((#2111));
#2113=IFCCARTESIANPOINT((50.,180.,2000.));
#2114=IFCCARTESIANPOINT((50.,180.,0.));
#2115=IFCCARTESIANPOINT((800.,180.,0.));
#2116=IFCCARTESIANPOINT((800.,180.,2000.));
#2117=IFCCARTESIANPOINT((202.399999999992,180.,1847.6));
#2118=IFCCARTESIANPOINT((329.399999999992,180.,1847.6));
#2119=IFCCARTESIANPOINT((329.399999999992,180.,1212.6));
#2120=IFCCARTESIANPOINT((202.399999999992,180.,1212.6));
#2121=IFCPOLYLOOP((#2113,#2114,#2115,#2116));
#2122=IFCFACEOUTERBOUND(#2121,.T.);
#2123=IFCPOLYLOOP((#2117,#2118,#2119,#2120));
#2124=IFCFACEBOUND(#2123,.T.);
#2125=IFCFACE((#2122,#2124));
#2126=IFCCARTESIANPOINT((50.,225.,2000.));
#2127=IFCCARTESIANPOINT((800.,225.,2000.));
#2128=IFCCARTESIANPOINT((800.,225.,0.));
#2129=IFCCARTESIANPOINT((50.,225.,0.));
#2130=IFCCARTESIANPOINT((202.399999999992,225.,1847.6));
#2131=IFCCARTESIANPOINT((202.399999999992,225.,1212.6));
#2132=IFCCARTESIANPOINT((329.399999999992,225.,1212.6));
#2133=IFCCARTESIANPOINT((329.399999999992,225.,1847.6));
#2134=IFCPOLYLOOP((#2126,#2127,#2128,#2129));
#2135=IFCFACEOUTERBOUND(#2134,.T.);
#2136=IFCPOLYLOOP((#2130,#2131,#2132,#2133));
#2137=IFCFACEBOUND(#2136,.T.);
#2138=IFCFACE((#2135,#2137));
#2139=IFCPOLYLOOP((#2114,#2113,#2126,#2129));
#2140=IFCFACEOUTERBOUND(#2139,.T.);
#2141=IFCFACE((#2140));
#2142=IFCPOLYLOOP((#2115,#2114,#2129,#2128));
#2143=IFCFACEOUTERBOUND(#2142,.T.);
#2144=IFCFACE((#2143));
#2145=IFCPOLYLOOP((#2116,#2115,#2128,#2127));
#2146=IFCFACEOUTERBOUND(#2145,.T.);
#2147=IFCFACE((#2146));
#2148=IFCPOLYLOOP((#2113,#2116,#2127,#2126));
#2149=IFCFACEOUTERBOUND(#2148,.T.);
#2150=IFCFACE((#2149));
#2151=IFCPOLYLOOP((#2118,#2117,#2130,#2133));
#2152=IFCFACEOUTERBOUND(#2151,.T.);
#2153=IFCFACE((#2152));
#2154=IFCPOLYLOOP((#2119,#2118,#2133,#2132));
#2155=IFCFACEOUTERBOUND(#2154,.T.);
#2156=IFCFACE((#2155));
#2157=IFCPOLYLOOP((#2120,#2119,#2132,#2131));
#2158=IFCFACEOUTERBOUND(#2157,.T.);
#2159=IFCFACE((#2158));
#2160=IFCPOLYLOOP((#2117,#2120,#2131,#2130));
#2161=IFCFACEOUTERBOUND(#2160,.T.);
#2162=IFCFACE((#2161));
#2163=IFCCARTESIANPOINT((800.,175.237500000005,0.));
#2164=IFCCARTESIANPOINT((800.,225.,0.));
#2165=IFCCARTESIANPOINT((850.,225.,0.));
#2166=IFCCARTESIANPOINT((850.,75.,0.));
#2167=IFCCARTESIANPOINT((800.,75.,0.));
#2168=IFCCARTESIANPOINT((800.,124.212500000005,0.));
#2169=IFCCARTESIANPOINT((784.125,124.212500000005,0.));
#2170=IFCCARTESIANPOINT((784.125,175.237500000005,0.));
#2171=IFCPOLYLOOP((#2163,#2164,#2165,#2166,#2167,#2168,#2169,#2170));
#2172=IFCFACEOUTERBOUND(#2171,.T.);
#2173=IFCFACE((#2172));
#2174=IFCCARTESIANPOINT((800.,175.237500000005,2000.));
#2175=IFCCARTESIANPOINT((800.,225.,2000.));
#2176=IFCPOLYLOOP((#2164,#2163,#2174,#2175));
#2177=IFCFACEOUTERBOUND(#2176,.T.);
#2178=IFCFACE((#2177));
#2179=IFCCARTESIANPOINT((50.,225.,2000.));
#2180=IFCCARTESIANPOINT((50.,225.,0.));
#2181=IFCCARTESIANPOINT((0.,225.,0.));
#2182=IFCCARTESIANPOINT((0.,225.,2100.));
#2183=IFCCARTESIANPOINT((850.,225.,2100.));
#2184=IFCPOLYLOOP((#2165,#2164,#2175,#2179,#2180,#2181,#2182,#2183));
#2185=IFCFACEOUTERBOUND(#2184,.T.);
#2186=IFCFACE((#2185));
#2187=IFCCARTESIANPOINT((850.,75.,2100.));
#2188=IFCPOLYLOOP((#2166,#2165,#2183,#2187));
#2189=IFCFACEOUTERBOUND(#2188,.T.);
#2190=IFCFACE((#2189));
#2191=IFCCARTESIANPOINT((0.,75.,2100.));
#2192=IFCCARTESIANPOINT((0.,75.,0.));
#2193=IFCCARTESIANPOINT((50.,75.,0.));
#2194=IFCCARTESIANPOINT((50.,75.,2000.));
#2195=IFCCARTESIANPOINT((800.,75.,2000.));
#2196=IFCPOLYLOOP((#2167,#2166,#2187,#2191,#2192,#2193,#2194,#2195));
#2197=IFCFACEOUTERBOUND(#2196,.T.);
#2198=IFCFACE((#2197));
#2199=IFCCARTESIANPOINT((800.,124.212500000005,2000.));
#2200=IFCPOLYLOOP((#2168,#2167,#2195,#2199));
#2201=IFCFACEOUTERBOUND(#2200,.T.);
#2202=IFCFACE((#2201));
#2203=IFCCARTESIANPOINT((50.,124.212500000005,2000.));
#2204=IFCCARTESIANPOINT((50.,124.212500000005,0.));
#2205=IFCCARTESIANPOINT((65.8749999999999,124.212500000005,0.));
#2206=IFCCARTESIANPOINT((65.8749999999997,124.212500000005,1984.125));
#2207=IFCCARTESIANPOINT((784.125,124.212500000005,1984.125));
#2208=IFCPOLYLOOP((#2169,#2168,#2199,#2203,#2204,#2205,#2206,#2207));
#2209=IFCFACEOUTERBOUND(#2208,.T.);
#2210=IFCFACE((#2209));
#2211=IFCCARTESIANPOINT((784.125,175.237500000005,1984.125));
#2212=IFCPOLYLOOP((#2170,#2169,#2207,#2211));
#2213=IFCFACEOUTERBOUND(#2212,.T.);
#2214=IFCFACE((#2213));
#2215=IFCCARTESIANPOINT((65.8749999999999,175.237500000005,1984.125));
#2216=IFCCARTESIANPOINT((65.8749999999999,175.237500000005,0.));
#2217=IFCCARTESIANPOINT((50.,175.237500000005,0.));
#2218=IFCCARTESIANPOINT((50.,175.237500000005,2000.));
#2219=IFCPOLYLOOP((#2163,#2170,#2211,#2215,#2216,#2217,#2218,#2174));
#2220=IFCFACEOUTERBOUND(#2219,.T.);
#2221=IFCFACE((#2220));
#2222=IFCPOLYLOOP((#2175,#2174,#2218,#2179));
#2223=IFCFACEOUTERBOUND(#2222,.T.);
#2224=IFCFACE((#2223));
#2225=IFCPOLYLOOP((#2195,#2194,#2203,#2199));
#2226=IFCFACEOUTERBOUND(#2225,.T.);
#2227=IFCFACE((#2226));
#2228=IFCPOLYLOOP((#2207,#2206,#2215,#2211));
#2229=IFCFACEOUTERBOUND(#2228,.T.);
#2230=IFCFACE((#2229));
#2231=IFCPOLYLOOP((#2181,#2180,#2217,#2216,#2205,#2204,#2193,#2192));
#2232=IFCFACEOUTERBOUND(#2231,.T.);
#2233=IFCFACE((#2232));
#2234=IFCPOLYLOOP((#2180,#2179,#2218,#2217));
#2235=IFCFACEOUTERBOUND(#2234,.T.);
#2236=IFCFACE((#2235));
#2237=IFCPOLYLOOP((#2182,#2181,#2192,#2191));
#2238=IFCFACEOUTERBOUND(#2237,.T.);
#2239=IFCFACE((#2238));
#2240=IFCPOLYLOOP((#2194,#2193,#2204,#2203));
#2241=IFCFACEOUTERBOUND(#2240,.T.);
#2242=IFCFACE((#2241));
#2243=IFCPOLYLOOP((#2206,#2205,#2216,#2215));
#2244=IFCFACEOUTERBOUND(#2243,.T.);
#2245=IFCFACE((#2244));
#2246=IFCPOLYLOOP((#2187,#2183,#2182,#2191));
#2247=IFCFACEOUTERBOUND(#2246,.T.);
#2248=IFCFACE((#2247));
#2249=IFCCARTESIANPOINT((202.399999999991,200.,1847.6));
#2250=IFCCARTESIANPOINT((202.399999999991,200.,1212.6));
#2251=IFCCARTESIANPOINT((329.399999999991,200.,1212.6));
#2252=IFCCARTESIANPOINT((329.399999999991,200.,1847.6));
#2253=IFCPOLYLOOP((#2249,#2250,#2251,#2252));
#2254=IFCFACEOUTERBOUND(#2253,.T.);
#2255=IFCFACE((#2254));
#2256=IFCCARTESIANPOINT((202.399999999991,205.,1847.6));
#2257=IFCCARTESIANPOINT((329.399999999991,205.,1847.6));
#2258=IFCCARTESIANPOINT((329.399999999991,205.,1212.6));
#2259=IFCCARTESIANPOINT((202.399999999991,205.,1212.6));
#2260=IFCPOLYLOOP((#2256,#2257,#2258,#2259));
#2261=IFCFACEOUTERBOUND(#2260,.T.);
#2262=IFCFACE((#2261));
#2263=IFCPOLYLOOP((#2250,#2249,#2256,#2259));
#2264=IFCFACEOUTERBOUND(#2263,.T.);
#2265=IFCFACE((#2264));
#2266=IFCPOLYLOOP((#2251,#2250,#2259,#2258));
#2267=IFCFACEOUTERBOUND(#2266,.T.);
#2268=IFCFACE((#2267));
#2269=IFCPOLYLOOP((#2252,#2251,#2258,#2257));
#2270=IFCFACEOUTERBOUND(#2269,.T.);
#2271=IFCFACE((#2270));
#2272=IFCPOLYLOOP((#2249,#2252,#2257,#2256));
#2273=IFCFACEOUTERBOUND(#2272,.T.);
#2274=IFCFACE((#2273));
#2275=IFCCARTESIANPOINT((202.399999999991,205.,1847.6));
#2276=IFCCARTESIANPOINT((202.399999999991,225.,1847.6));
#2277=IFCCARTESIANPOINT((202.399999999991,225.,1212.6));
#2278=IFCCARTESIANPOINT((202.399999999991,205.,1212.6));
#2279=IFCCARTESIANPOINT((214.399999999991,226.,1835.6));
#2280=IFCCARTESIANPOINT((214.399999999991,205.,1835.6));
#2281=IFCCARTESIANPOINT((214.399999999991,205.,1224.6));
#2282=IFCCARTESIANPOINT((214.399999999991,226.,1224.6));
#2283=IFCCARTESIANPOINT((209.399999999991,231.,1840.6));
#2284=IFCCARTESIANPOINT((212.935533905924,229.535533905937,1837.06446609407));
#2285=IFCCARTESIANPOINT((212.935533905924,229.535533905937,1223.13553390593));
#2286=IFCCARTESIANPOINT((209.399999999991,231.,1219.6));
#2287=IFCCARTESIANPOINT((209.399999999991,231.,1528.29246445877));
#2288=IFCCARTESIANPOINT((209.399999999991,231.,1684.44623222939));
#2289=IFCCARTESIANPOINT((209.399999999991,231.,1375.75376777061));
#2290=IFCCARTESIANPOINT((214.399999999991,226.,1530.10000180454));
#2291=IFCCARTESIANPOINT((214.399999999991,226.,1682.84999909773));
#2292=IFCCARTESIANPOINT((214.399999999991,226.,1377.35000090227));
#2293=IFCCARTESIANPOINT((209.399999999991,231.,1297.67689138617));
#2294=IFCCARTESIANPOINT((214.399999999991,226.,1300.97499864659));
#2295=IFCCARTESIANPOINT((214.399999999991,226.,1263.63844164625));
#2296=IFCCARTESIANPOINT((209.399999999991,231.,1762.52312361556));
#2297=IFCCARTESIANPOINT((214.399999999991,226.,1759.22499774432));
#2298=IFCCARTESIANPOINT((214.399999999991,226.,1721.03749842103));
#2299=IFCCARTESIANPOINT((209.399999999991,231.,1801.56156180778));
#2300=IFCCARTESIANPOINT((214.399999999991,226.,1606.47500045113));
#2301=IFCCARTESIANPOINT((209.399999999991,231.,1606.36934084321));
#2302=IFCCARTESIANPOINT((209.399999999991,231.,1645.40779403716));
#2303=IFCCARTESIANPOINT((209.399999999991,231.,1452.02311611469));
#2304=IFCCARTESIANPOINT((214.399999999991,226.,1453.72500315795));
#2305=IFCCARTESIANPOINT((214.399999999991,226.,1415.53750022557));
#2306=IFCCARTESIANPOINT((209.399999999991,231.,1258.63843819222));
#2307=IFCCARTESIANPOINT((214.399999999991,226.,1797.4125006767));
#2308=IFCCARTESIANPOINT((209.399999999991,231.,1723.48467042161));
#2309=IFCCARTESIANPOINT((209.399999999991,231.,1413.88844194265));
#2310=IFCCARTESIANPOINT((212.881634426114,229.588623931658,1432.95577583171));
#2311=IFCCARTESIANPOINT((212.971353763623,229.499347409879,1402.43539415687));
#2312=IFCCARTESIANPOINT((212.906182086678,229.564644046049,1462.53272088307));
#2313=IFCCARTESIANPOINT((214.399999999991,226.,1491.91250248124));
#2314=IFCCARTESIANPOINT((209.399999999991,231.,1490.15779028673));
#2315=IFCCARTESIANPOINT((213.033928920051,229.434320981503,1282.30672077618));
#2316=IFCCARTESIANPOINT((209.399999999991,231.,1336.71532957839));
#2317=IFCCARTESIANPOINT((212.849910579482,229.619132077384,1313.75377518662));
#2318=IFCCARTESIANPOINT((214.399999999991,226.,1339.16250157897));
#2319=IFCCARTESIANPOINT((213.006078150633,229.463553142583,1253.12313253535));
#2320=IFCCARTESIANPOINT((212.98708348315,229.483221509592,1701.94374511843));
#2321=IFCCARTESIANPOINT((212.900765138418,229.569964067832,1671.45874093531));
#2322=IFCCARTESIANPOINT((214.399999999991,226.,1644.66249977443));
#2323=IFCCARTESIANPOINT((212.93193456611,229.539129585179,1625.56874585576));
#2324=IFCCARTESIANPOINT((212.97489378507,229.495730885729,1731.3567869533));
#2325=IFCCARTESIANPOINT((212.937565451514,229.533501192334,1595.60657122841));
#2326=IFCCARTESIANPOINT((209.399999999991,231.,1567.33090265099));
#2327=IFCCARTESIANPOINT((214.399999999991,226.,1568.28750112784));
#2328=IFCCARTESIANPOINT((212.967058503427,229.503725678917,1549.19374661624));
#2329=IFCCARTESIANPOINT((212.966082130882,229.50471942326,1519.65089302769));
#2330=IFCCARTESIANPOINT((212.987083521732,229.483221469859,1358.25624852339));
#2331=IFCCARTESIANPOINT((213.036352030215,229.431755223253,1778.31874474968));
#2332=IFCCARTESIANPOINT((212.993794771025,229.476296757143,1807.44988031386));
#2333=IFCCARTESIANPOINT((212.937228178472,229.533838821083,1490.49203059577));
#2334=IFCCARTESIANPOINT((194.399999999991,229.,1855.6));
#2335=IFCCARTESIANPOINT((194.985786437618,230.414213562378,1855.01421356237));
#2336=IFCCARTESIANPOINT((196.399999999991,231.,1853.6));
#2337=IFCCARTESIANPOINT((196.399999999991,231.,1206.6));
#2338=IFCCARTESIANPOINT((194.985786437618,230.414213562378,1205.18578643763));
#2339=IFCCARTESIANPOINT((194.399999999991,229.,1204.6));
#2340=IFCCARTESIANPOINT((194.399999999991,229.,1530.09999802966));
#2341=IFCCARTESIANPOINT((194.399999999991,229.,1692.85000098517));
#2342=IFCCARTESIANPOINT((194.399999999991,229.,1367.34999901483));
#2343=IFCCARTESIANPOINT((196.399999999991,231.,1530.1));
#2344=IFCCARTESIANPOINT((196.399999999991,231.,1691.85));
#2345=IFCCARTESIANPOINT((196.399999999991,231.,1368.35));
#2346=IFCCARTESIANPOINT((196.399999999991,231.,1287.475));
#2347=IFCCARTESIANPOINT((194.399999999991,229.,1285.97499753708));
#2348=IFCCARTESIANPOINT((194.399999999991,229.,1326.66249630562));
#2349=IFCCARTESIANPOINT((196.399999999991,231.,1327.9125));
#2350=IFCCARTESIANPOINT((196.399999999991,231.,1772.725));
#2351=IFCCARTESIANPOINT((194.399999999991,229.,1774.22499852225));
#2352=IFCCARTESIANPOINT((194.399999999991,229.,1806.21983874732));
#2353=IFCCARTESIANPOINT((196.399999999991,231.,1813.1625));
#2354=IFCCARTESIANPOINT((196.399999999991,231.,1449.225));
#2355=IFCCARTESIANPOINT((194.399999999991,229.,1448.72500049258));
#2356=IFCCARTESIANPOINT((194.399999999991,229.,1489.41249926112));
#2357=IFCCARTESIANPOINT((196.399999999991,231.,1489.6625));
#2358=IFCCARTESIANPOINT((196.399999999991,231.,1610.975));
#2359=IFCCARTESIANPOINT((194.399999999991,229.,1611.47499950742));
#2360=IFCCARTESIANPOINT((194.399999999991,229.,1652.16250221663));
#2361=IFCCARTESIANPOINT((196.399999999991,231.,1651.4125));
#2362=IFCCARTESIANPOINT((196.399999999991,231.,1247.0375));
#2363=IFCCARTESIANPOINT((194.399999999991,229.,1245.28749876854));
#2364=IFCCARTESIANPOINT((194.399999999991,229.,1265.63124815281));
#2365=IFCCARTESIANPOINT((194.399999999991,229.,1830.90991740332));
#2366=IFCCARTESIANPOINT((196.399999999991,231.,1833.38125));
#2367=IFCCARTESIANPOINT((194.399999999991,229.,1229.29007865601));
#2368=IFCCARTESIANPOINT((196.399999999991,231.,1226.81875));
#2369=IFCCARTESIANPOINT((196.399999999991,231.,1732.2875));
#2370=IFCCARTESIANPOINT((194.399999999991,229.,1733.53749975371));
#2371=IFCCARTESIANPOINT((194.399999999991,229.,1753.88124913798));
#2372=IFCCARTESIANPOINT((196.399999999991,231.,1408.7875));
#2373=IFCCARTESIANPOINT((194.399999999991,229.,1408.03750172404));
#2374=IFCCARTESIANPOINT((194.399999999991,229.,1428.38125110831));
#2375=IFCCARTESIANPOINT((194.399999999991,229.,1570.7874967982));
#2376=IFCCARTESIANPOINT((196.399999999991,231.,1570.5375));
#2377=IFCCARTESIANPOINT((196.399999999991,231.,1550.31875));
#2378=IFCCARTESIANPOINT((194.399999999991,229.,1843.25495673132));
#2379=IFCCARTESIANPOINT((194.399999999991,229.,1216.945039328));
#2380=IFCCARTESIANPOINT((196.399999999991,231.,1841.2549612974));
#2381=IFCCARTESIANPOINT((194.942579145641,230.369643914789,1837.31810488398));
#2382=IFCCARTESIANPOINT((196.399999999991,231.,1823.27187680277));
#2383=IFCCARTESIANPOINT((194.399999999991,229.,1818.56487807532));
#2384=IFCCARTESIANPOINT((195.043425708338,230.4695938865,1818.2171864679));
#2385=IFCCARTESIANPOINT((196.399999999991,231.,1218.94503870259));
#2386=IFCCARTESIANPOINT((194.942579104154,230.369643870643,1222.88189465084));
#2387=IFCCARTESIANPOINT((195.067418003552,230.491383660491,1237.15690850574));
#2388=IFCCARTESIANPOINT((196.399999999991,231.,1792.94375));
#2389=IFCCARTESIANPOINT((195.108796177133,230.527348253625,1805.86126949405));
#2390=IFCCARTESIANPOINT((194.399999999991,229.,1790.22241863478));
#2391=IFCCARTESIANPOINT((194.399999999991,229.,1469.06874987685));
#2392=IFCCARTESIANPOINT((196.399999999991,231.,1469.44375));
#2393=IFCCARTESIANPOINT((196.399999999991,231.,1509.88125));
#2394=IFCCARTESIANPOINT((194.399999999991,229.,1509.75624864539));
#2395=IFCCARTESIANPOINT((194.399999999991,229.,1591.13125012315));
#2396=IFCCARTESIANPOINT((196.399999999991,231.,1590.75625));
#2397=IFCCARTESIANPOINT((196.399999999991,231.,1348.13125));
#2398=IFCCARTESIANPOINT((194.399999999991,229.,1347.00624963056));
#2399=IFCCARTESIANPOINT((194.399999999991,229.,1672.5062516009));
#2400=IFCCARTESIANPOINT((196.399999999991,231.,1671.63125));
#2401=IFCCARTESIANPOINT((196.399999999991,231.,1631.19375));
#2402=IFCCARTESIANPOINT((194.399999999991,229.,1631.81874889169));
#2403=IFCCARTESIANPOINT((196.399999999991,231.,1712.06875));
#2404=IFCCARTESIANPOINT((194.399999999991,229.,1713.19375036944));
#2405=IFCCARTESIANPOINT((194.399999999991,229.,1387.6937483991));
#2406=IFCCARTESIANPOINT((196.399999999991,231.,1388.56875));
#2407=IFCCARTESIANPOINT((196.399999999991,231.,1307.69375));
#2408=IFCCARTESIANPOINT((194.399999999991,229.,1306.31874692135));
#2409=IFCCARTESIANPOINT((195.045314327441,230.471335015759,1782.22370806504));
#2410=IFCCARTESIANPOINT((196.399999999991,231.,1803.05312319723));
#2411=IFCCARTESIANPOINT((194.967468436175,230.395655157509,1770.70997003952));
#2412=IFCCARTESIANPOINT((196.399999999991,231.,1752.50625));
#2413=IFCCARTESIANPOINT((196.399999999991,231.,1762.61562319723));
#2414=IFCCARTESIANPOINT((195.012732698228,230.44065590391,1757.56093511259));
#2415=IFCCARTESIANPOINT((194.995891552295,230.424246982486,1742.90246696652));
#2416=IFCCARTESIANPOINT((194.399999999991,229.,1764.05312185978));
#2417=IFCCARTESIANPOINT((194.961101053865,230.389089566172,1793.64173459094));
#2418=IFCCARTESIANPOINT((194.967060760686,230.395236587992,1248.58562736391));
#2419=IFCCARTESIANPOINT((196.399999999991,231.,1267.25625));
#2420=IFCCARTESIANPOINT((196.399999999991,231.,1257.14687680277));
#2421=IFCCARTESIANPOINT((195.016762753681,230.444525777005,1262.20156216493));
#2422=IFCCARTESIANPOINT((194.999545131595,230.427839683437,1276.78016407635));
#2423=IFCCARTESIANPOINT((194.399999999991,229.,1255.45937543101));
#2424=IFCCARTESIANPOINT((196.399999999991,231.,1429.00625));
#2425=IFCCARTESIANPOINT((195.013267914267,230.441171094088,1418.89687383174));
#2426=IFCCARTESIANPOINT((194.399999999991,229.,1550.44374741393));
#2427=IFCCARTESIANPOINT((196.399999999991,231.,1236.92812319723));
#2428=IFCCARTESIANPOINT((194.963904400002,230.391987581734,1458.89687352437));
#2429=IFCCARTESIANPOINT((194.969239386443,230.397470596017,1479.24062340585));
#2430=IFCCARTESIANPOINT((194.985786376054,230.414213500814,1519.99062330435));
#2431=IFCCARTESIANPOINT((194.991380559114,230.419785642552,1499.77187340845));
#2432=IFCCARTESIANPOINT((194.963904394279,230.39198757583,1601.30312271701));
#2433=IFCCARTESIANPOINT((194.996926663036,230.42526671579,1580.64687300152));
#2434=IFCCARTESIANPOINT((195.029145503718,230.456282235715,1358.24062415337));
#2435=IFCCARTESIANPOINT((195.03433117326,230.46114634986,1338.02187426105));
#2436=IFCCARTESIANPOINT((194.943448364892,230.370568252333,1682.6781223323));
#2437=IFCCARTESIANPOINT((195.018613030608,230.446295281342,1661.52187264491));
#2438=IFCCARTESIANPOINT((195.007871200049,230.435958705668,1621.08437281234));
#2439=IFCCARTESIANPOINT((194.95350103663,230.381173685316,1641.99062250873));
#2440=IFCCARTESIANPOINT((195.029145468399,230.456282202468,1701.95937252657));
#2441=IFCCARTESIANPOINT((194.93374066989,230.360177774008,1723.36562223443));
#2442=IFCCARTESIANPOINT((194.943448379675,230.370568268043,1377.52187400312));
#2443=IFCCARTESIANPOINT((194.94843123848,230.375844515422,1397.8656238829));
#2444=IFCCARTESIANPOINT((195.039462096113,230.465925172757,1317.8031243689));
#2445=IFCCARTESIANPOINT((195.044537505,230.47061940171,1297.58437447689));
#2446=IFCCARTESIANPOINT((196.399999999991,231.,1782.83437680277));
#2447=IFCCARTESIANPOINT((194.399999999991,229.,1743.70937641618));
#2448=IFCCARTESIANPOINT((196.399999999991,231.,1742.39687680277));
#2449=IFCCARTESIANPOINT((194.399999999991,229.,1275.80312087461));
#2450=IFCCARTESIANPOINT((196.399999999991,231.,1277.36562319723));
#2451=IFCCARTESIANPOINT((194.958658529619,230.386554999196,1438.55312364345));
#2452=IFCCARTESIANPOINT((196.399999999991,231.,1418.89687680277));
#2453=IFCCARTESIANPOINT((194.399999999991,229.,1418.20937838652));
#2454=IFCCARTESIANPOINT((194.98578636082,230.414213485579,1540.2093732016));
#2455=IFCCARTESIANPOINT((194.974664223101,230.403003180014,1560.61562294024));
#2456=IFCCARTESIANPOINT((194.399999999991,229.,1458.89687715505));
#2457=IFCCARTESIANPOINT((196.399999999991,231.,1459.33437680277));
#2458=IFCCARTESIANPOINT((194.399999999991,229.,1479.24062259865));
#2459=IFCCARTESIANPOINT((196.399999999991,231.,1479.55312319723));
#2460=IFCCARTESIANPOINT((195.083052203691,230.505207129213,1469.0656911756));
#2461=IFCCARTESIANPOINT((196.399999999991,231.,1519.99062319723));
#2462=IFCCARTESIANPOINT((194.399999999991,229.,1519.92812136719));
#2463=IFCCARTESIANPOINT((196.399999999991,231.,1499.77187680277));
#2464=IFCCARTESIANPOINT((195.074857283727,230.497997590634,1489.49616130456));
#2465=IFCCARTESIANPOINT((194.399999999991,229.,1499.58437592359));
#2466=IFCCARTESIANPOINT((194.888645822467,230.309888754854,1509.87835132957));
#2467=IFCCARTESIANPOINT((194.399999999991,229.,1601.30312678562));
#2468=IFCCARTESIANPOINT((196.399999999991,231.,1600.86562319723));
#2469=IFCCARTESIANPOINT((196.399999999991,231.,1580.64687680277));
#2470=IFCCARTESIANPOINT((194.399999999991,229.,1580.95937346067));
#2471=IFCCARTESIANPOINT((194.906653390907,230.330381864409,1590.9626392375));
#2472=IFCCARTESIANPOINT((196.399999999991,231.,1358.24062319723));
#2473=IFCCARTESIANPOINT((194.399999999991,229.,1357.17812629303));
#2474=IFCCARTESIANPOINT((196.399999999991,231.,1338.02187680277));
#2475=IFCCARTESIANPOINT((194.399999999991,229.,1336.83437296809));
#2476=IFCCARTESIANPOINT((194.88797496214,230.30911431316,1348.12755367426));
#2477=IFCCARTESIANPOINT((194.399999999991,229.,1682.6781243227));
#2478=IFCCARTESIANPOINT((196.399999999991,231.,1681.74062319723));
#2479=IFCCARTESIANPOINT((196.399999999991,231.,1661.52187680277));
#2480=IFCCARTESIANPOINT((194.399999999991,229.,1662.3343788791));
#2481=IFCCARTESIANPOINT((194.928678056522,230.354699870333,1672.08083648372));
#2482=IFCCARTESIANPOINT((196.399999999991,231.,1621.08437680277));
#2483=IFCCARTESIANPOINT((194.399999999991,229.,1621.64687222921));
#2484=IFCCARTESIANPOINT((194.399999999991,229.,1641.99062555416));
#2485=IFCCARTESIANPOINT((196.399999999991,231.,1641.30312319723));
#2486=IFCCARTESIANPOINT((195.056954954658,230.481968287859,1631.55728871439));
#2487=IFCCARTESIANPOINT((196.399999999991,231.,1701.95937680277));
#2488=IFCCARTESIANPOINT((194.399999999991,229.,1703.02187764764));
#2489=IFCCARTESIANPOINT((194.399999999991,229.,1723.36562309124));
#2490=IFCCARTESIANPOINT((196.399999999991,231.,1722.17812319723));
#2491=IFCCARTESIANPOINT((195.033047619317,230.459945611652,1712.6859062579));
#2492=IFCCARTESIANPOINT((194.399999999991,229.,1377.52187173663));
#2493=IFCCARTESIANPOINT((196.399999999991,231.,1378.45937680277));
#2494=IFCCARTESIANPOINT((194.399999999991,229.,1397.86562506157));
#2495=IFCCARTESIANPOINT((194.923101935132,230.348618591755,1408.3996873334));
#2496=IFCCARTESIANPOINT((196.399999999991,231.,1398.67812319723));
#2497=IFCCARTESIANPOINT((195.083504348323,230.505602603329,1387.69029936019));
#2498=IFCCARTESIANPOINT((196.399999999991,231.,1317.80312319723));
#2499=IFCCARTESIANPOINT((194.399999999991,229.,1316.49061964315));
#2500=IFCCARTESIANPOINT((194.887404920158,230.308455625719,1327.90871557876));
#2501=IFCCARTESIANPOINT((196.399999999991,231.,1297.58437680277));
#2502=IFCCARTESIANPOINT((195.064196380543,230.488498804259,1287.1735638581));
#2503=IFCCARTESIANPOINT((194.399999999991,229.,1296.14687419955));
#2504=IFCCARTESIANPOINT((194.886728864572,230.307673686635,1307.68988027199));
#2505=IFCCARTESIANPOINT((194.399999999991,229.,1438.55312383011));
#2506=IFCCARTESIANPOINT((194.891942801918,230.31368317617,1448.72692659089));
#2507=IFCCARTESIANPOINT((196.399999999991,231.,1439.11562319723));
#2508=IFCCARTESIANPOINT((196.399999999991,231.,1540.20937680277));
#2509=IFCCARTESIANPOINT((195.09031860833,230.511533874033,1530.09999826374));
#2510=IFCCARTESIANPOINT((194.399999999991,229.,1540.27187469213));
#2511=IFCCARTESIANPOINT((194.399999999991,229.,1560.61562013573));
#2512=IFCCARTESIANPOINT((196.399999999991,231.,1560.42812319723));
#2513=IFCCARTESIANPOINT((195.080817949835,230.503249386682,1550.41791043874));
#2514=IFCCARTESIANPOINT((194.399999999991,225.,1855.6));
#2515=IFCCARTESIANPOINT((194.399999999991,225.,1204.6));
#2516=IFCCARTESIANPOINT((329.399999999991,225.,1212.6));
#2517=IFCCARTESIANPOINT((329.399999999991,205.,1212.6));
#2518=IFCCARTESIANPOINT((317.399999999991,205.,1224.6));
#2519=IFCCARTESIANPOINT((317.399999999991,226.,1224.6));
#2520=IFCCARTESIANPOINT((318.864466094059,229.535533905937,1223.13553390593));
#2521=IFCCARTESIANPOINT((322.399999999991,231.,1219.6));
#2522=IFCCARTESIANPOINT((278.361556038656,226.,1224.6));
#2523=IFCCARTESIANPOINT((265.899999422952,231.,1219.6));
#2524=IFCCARTESIANPOINT((253.438443239226,226.,1224.6));
#2525=IFCCARTESIANPOINT((265.900002405564,229.394798205243,1223.27087798023));
#2526=IFCCARTESIANPOINT((248.438443704453,231.,1219.6));
#2527=IFCCARTESIANPOINT((283.361555141452,231.,1219.6));
#2528=IFCCARTESIANPOINT((239.302021379953,228.993385868698,1223.60495206477));
#2529=IFCCARTESIANPOINT((292.49798178625,228.993385813368,1223.60495210612));
#2530=IFCCARTESIANPOINT((335.399999999991,231.,1206.6));
#2531=IFCCARTESIANPOINT((336.814213562364,230.414213562377,1205.18578643763));
#2532=IFCCARTESIANPOINT((337.399999999991,229.,1204.6));
#2533=IFCCARTESIANPOINT((286.019841054375,231.,1206.6));
#2534=IFCCARTESIANPOINT((265.899999492782,229.,1204.6));
#2535=IFCCARTESIANPOINT((243.780158917636,229.,1204.6));
#2536=IFCCARTESIANPOINT((301.649999239178,229.,1204.6));
#2537=IFCCARTESIANPOINT((241.209921127794,231.,1206.6));
#2538=IFCCARTESIANPOINT((263.614881691695,231.,1206.6));
#2539=IFCCARTESIANPOINT((310.709919926573,231.,1206.6));
#2540=IFCCARTESIANPOINT((219.090079458813,229.,1204.6));
#2541=IFCCARTESIANPOINT((218.804960563893,231.,1206.6));
#2542=IFCCARTESIANPOINT((230.007440845843,231.,1206.6));
#2543=IFCCARTESIANPOINT((312.709920541169,229.,1204.6));
#2544=IFCCARTESIANPOINT((323.054959963282,231.,1206.6));
#2545=IFCCARTESIANPOINT((206.745039222193,229.,1204.6));
#2546=IFCCARTESIANPOINT((231.435119695434,229.,1204.6));
#2547=IFCCARTESIANPOINT((325.054959763371,229.,1204.6));
#2548=IFCCARTESIANPOINT((208.745040036701,231.,1206.6));
#2549=IFCCARTESIANPOINT((213.775000443041,230.407641960754,1205.17924523216));
#2550=IFCCARTESIANPOINT((307.179960585621,230.373367787475,1205.14608771917));
#2551=IFCCARTESIANPOINT((283.77499936598,229.,1204.6));
#2552=IFCCARTESIANPOINT((274.817361973646,231.,1206.6));
#2553=IFCCARTESIANPOINT((293.538561095664,230.393471178017,1205.16534391715));
#2554=IFCCARTESIANPOINT((235.608681341405,230.444891382803,1205.2171446598));
#2555=IFCCARTESIANPOINT((280.418601929922,230.458197937352,1205.23118343979));
#2556=IFCCARTESIANPOINT((248.264933728376,230.478582909595,1205.25322883181));
#2557=IFCCARTESIANPOINT((298.364881091085,231.,1206.6));
#2558=IFCCARTESIANPOINT((224.722645798713,230.240489781945,1205.03118353499));
#2559=IFCCARTESIANPOINT((254.840079205209,229.,1204.6));
#2560=IFCCARTESIANPOINT((260.370040600262,230.368947229446,1205.14192473342));
#2561=IFCCARTESIANPOINT((252.412401409745,231.,1206.6));
#2562=IFCCARTESIANPOINT((325.500098335449,230.427004307942,1205.19869392882));
#2563=IFCCARTESIANPOINT((337.399999999991,225.,1204.6));
#2564=IFCCARTESIANPOINT((329.399999999991,225.,1847.6));
#2565=IFCCARTESIANPOINT((329.399999999991,205.,1847.6));
#2566=IFCCARTESIANPOINT((317.399999999991,205.,1835.6));
#2567=IFCCARTESIANPOINT((317.399999999991,226.,1835.6));
#2568=IFCCARTESIANPOINT((318.864466094059,229.535533905937,1837.06446609407));
#2569=IFCCARTESIANPOINT((322.399999999991,231.,1840.6));
#2570=IFCCARTESIANPOINT((322.399999999991,231.,1531.90755228958));
#2571=IFCCARTESIANPOINT((322.399999999991,231.,1375.75376864392));
#2572=IFCCARTESIANPOINT((322.399999999991,231.,1684.44623135608));
#2573=IFCCARTESIANPOINT((317.399999999991,226.,1530.09999819546));
#2574=IFCCARTESIANPOINT((317.399999999991,226.,1377.35000090227));
#2575=IFCCARTESIANPOINT((317.399999999991,226.,1682.84999909773));
#2576=IFCCARTESIANPOINT((322.399999999991,231.,1762.52310817717));
#2577=IFCCARTESIANPOINT((317.399999999991,226.,1759.22499774432));
#2578=IFCCARTESIANPOINT((317.399999999991,226.,1796.56155658942));
#2579=IFCCARTESIANPOINT((322.399999999991,231.,1297.67687682109));
#2580=IFCCARTESIANPOINT((317.399999999991,226.,1300.97499864659));
#2581=IFCCARTESIANPOINT((317.399999999991,226.,1339.16249977443));
#2582=IFCCARTESIANPOINT((322.399999999991,231.,1258.63844591142));
#2583=IFCCARTESIANPOINT((317.399999999991,226.,1453.72499954886));
#2584=IFCCARTESIANPOINT((322.399999999991,231.,1453.83066046675));
#2585=IFCCARTESIANPOINT((322.399999999991,231.,1414.79221455534));
#2586=IFCCARTESIANPOINT((322.399999999991,231.,1608.17688432196));
#2587=IFCCARTESIANPOINT((317.399999999991,226.,1606.47500045113));
#2588=IFCCARTESIANPOINT((317.399999999991,226.,1644.66250157897));
#2589=IFCCARTESIANPOINT((322.399999999991,231.,1801.56155408858));
#2590=IFCCARTESIANPOINT((317.399999999991,226.,1262.78749751876));
#2591=IFCCARTESIANPOINT((322.399999999991,231.,1336.71532273251));
#2592=IFCCARTESIANPOINT((322.399999999991,231.,1646.31155033815));
#2593=IFCCARTESIANPOINT((318.918365573869,229.588623931658,1627.24422416829));
#2594=IFCCARTESIANPOINT((318.82864623636,229.499347409879,1657.76460584313));
#2595=IFCCARTESIANPOINT((318.893817913305,229.564644046049,1597.66727911693));
#2596=IFCCARTESIANPOINT((317.399999999991,226.,1568.2874993233));
#2597=IFCCARTESIANPOINT((322.399999999991,231.,1570.04221830577));
#2598=IFCCARTESIANPOINT((318.766071079932,229.434320981502,1777.89327922382));
#2599=IFCCARTESIANPOINT((322.399999999991,231.,1723.48467726749));
#2600=IFCCARTESIANPOINT((318.9500894205,229.619132077384,1746.44622481338));
#2601=IFCCARTESIANPOINT((317.399999999991,226.,1721.03749661648));
#2602=IFCCARTESIANPOINT((318.79392184935,229.463553142583,1807.07686746465));
#2603=IFCCARTESIANPOINT((318.812916516833,229.483221509591,1358.25625488157));
#2604=IFCCARTESIANPOINT((318.899234861565,229.569964067832,1388.74125906469));
#2605=IFCCARTESIANPOINT((317.399999999991,226.,1415.53750203011));
#2606=IFCCARTESIANPOINT((318.868065433872,229.539129585179,1434.63125414424));
#2607=IFCCARTESIANPOINT((318.825106214913,229.495730885729,1328.8432130467));
#2608=IFCCARTESIANPOINT((318.862434548469,229.533501192334,1464.59342877158));
#2609=IFCCARTESIANPOINT((322.399999999991,231.,1492.86910637817));
#2610=IFCCARTESIANPOINT((317.399999999991,226.,1491.91249706762));
#2611=IFCCARTESIANPOINT((318.832941496556,229.503725678916,1511.00625338376));
#2612=IFCCARTESIANPOINT((318.833917869101,229.50471942326,1540.54910697231));
#2613=IFCCARTESIANPOINT((318.812916478251,229.483221469859,1701.94375147661));
#2614=IFCCARTESIANPOINT((318.763647969768,229.431755223252,1281.88125525031));
#2615=IFCCARTESIANPOINT((318.806205228958,229.476296757143,1252.75011968614));
#2616=IFCCARTESIANPOINT((318.86277182151,229.533838821083,1569.70796940423));
#2617=IFCCARTESIANPOINT((335.399999999991,231.,1853.6));
#2618=IFCCARTESIANPOINT((336.814213562364,230.414213562377,1855.01421356237));
#2619=IFCCARTESIANPOINT((337.399999999991,229.,1855.6));
#2620=IFCCARTESIANPOINT((337.399999999991,229.,1530.1));
#2621=IFCCARTESIANPOINT((337.399999999991,229.,1367.35));
#2622=IFCCARTESIANPOINT((337.399999999991,229.,1692.85));
#2623=IFCCARTESIANPOINT((335.399999999991,231.,1530.09999819723));
#2624=IFCCARTESIANPOINT((335.399999999991,231.,1368.34999729585));
#2625=IFCCARTESIANPOINT((335.399999999991,231.,1691.84999909862));
#2626=IFCCARTESIANPOINT((335.399999999991,231.,1772.72499954931));
#2627=IFCCARTESIANPOINT((337.399999999991,229.,1774.225));
#2628=IFCCARTESIANPOINT((337.399999999991,229.,1733.5375));
#2629=IFCCARTESIANPOINT((335.399999999991,231.,1732.28749932396));
#2630=IFCCARTESIANPOINT((335.399999999991,231.,1287.47499684516));
#2631=IFCCARTESIANPOINT((337.399999999991,229.,1285.975));
#2632=IFCCARTESIANPOINT((337.399999999991,229.,1253.98015402399));
#2633=IFCCARTESIANPOINT((335.399999999991,231.,1247.03750022535));
#2634=IFCCARTESIANPOINT((335.399999999991,231.,1610.97499864793));
#2635=IFCCARTESIANPOINT((337.399999999991,229.,1611.475));
#2636=IFCCARTESIANPOINT((337.399999999991,229.,1570.7875));
#2637=IFCCARTESIANPOINT((335.399999999991,231.,1570.53749842258));
#2638=IFCCARTESIANPOINT((335.399999999991,231.,1449.22499774654));
#2639=IFCCARTESIANPOINT((337.399999999991,229.,1448.725));
#2640=IFCCARTESIANPOINT((337.399999999991,229.,1408.0375));
#2641=IFCCARTESIANPOINT((335.399999999991,231.,1408.7874975212));
#2642=IFCCARTESIANPOINT((335.399999999991,231.,1813.16249977465));
#2643=IFCCARTESIANPOINT((337.399999999991,229.,1814.9125));
#2644=IFCCARTESIANPOINT((337.399999999991,229.,1794.56875197034));
#2645=IFCCARTESIANPOINT((337.399999999991,229.,1229.290077012));
#2646=IFCCARTESIANPOINT((335.399999999991,231.,1226.81874830991));
#2647=IFCCARTESIANPOINT((337.399999999991,229.,1830.90991904733));
#2648=IFCCARTESIANPOINT((335.399999999991,231.,1833.38124808456));
#2649=IFCCARTESIANPOINT((335.399999999991,231.,1327.91249707051));
#2650=IFCCARTESIANPOINT((337.399999999991,229.,1326.6625));
#2651=IFCCARTESIANPOINT((337.399999999991,229.,1306.31875197034));
#2652=IFCCARTESIANPOINT((335.399999999991,231.,1651.41249887327));
#2653=IFCCARTESIANPOINT((337.399999999991,229.,1652.1625));
#2654=IFCCARTESIANPOINT((337.399999999991,229.,1631.81875197034));
#2655=IFCCARTESIANPOINT((337.399999999991,229.,1489.4125));
#2656=IFCCARTESIANPOINT((335.399999999991,231.,1489.66249797189));
#2657=IFCCARTESIANPOINT((335.399999999991,231.,1509.8812462818));
#2658=IFCCARTESIANPOINT((337.399999999991,229.,1216.945038506));
#2659=IFCCARTESIANPOINT((337.399999999991,229.,1843.254961494));
#2660=IFCCARTESIANPOINT((335.399999999991,231.,1218.94503968149));
#2661=IFCCARTESIANPOINT((336.857420854341,230.369643914788,1222.88189511602));
#2662=IFCCARTESIANPOINT((335.399999999991,231.,1236.92812426763));
#2663=IFCCARTESIANPOINT((337.399999999991,229.,1241.63511551799));
#2664=IFCCARTESIANPOINT((336.756574291645,230.4695938865,1241.9828135321));
#2665=IFCCARTESIANPOINT((335.399999999991,231.,1841.25495671298));
#2666=IFCCARTESIANPOINT((336.857420895828,230.369643870643,1837.31810534916));
#2667=IFCCARTESIANPOINT((336.732581996431,230.491383660491,1823.04309149426));
#2668=IFCCARTESIANPOINT((335.399999999991,231.,1267.25624853525));
#2669=IFCCARTESIANPOINT((336.691203822849,230.527348253624,1254.33873050595));
#2670=IFCCARTESIANPOINT((337.399999999991,229.,1269.97757701199));
#2671=IFCCARTESIANPOINT((337.399999999991,229.,1591.13124802966));
#2672=IFCCARTESIANPOINT((335.399999999991,231.,1590.75624673249));
#2673=IFCCARTESIANPOINT((335.399999999991,231.,1550.31875011267));
#2674=IFCCARTESIANPOINT((337.399999999991,229.,1550.44375197034));
#2675=IFCCARTESIANPOINT((337.399999999991,229.,1469.06875197034));
#2676=IFCCARTESIANPOINT((335.399999999991,231.,1469.44374966198));
#2677=IFCCARTESIANPOINT((335.399999999991,231.,1712.06875101406));
#2678=IFCCARTESIANPOINT((337.399999999991,229.,1713.19375197034));
#2679=IFCCARTESIANPOINT((337.399999999991,229.,1387.69375197034));
#2680=IFCCARTESIANPOINT((335.399999999991,231.,1388.56874921129));
#2681=IFCCARTESIANPOINT((335.399999999991,231.,1429.0062458311));
#2682=IFCCARTESIANPOINT((337.399999999991,229.,1428.38124802966));
#2683=IFCCARTESIANPOINT((335.399999999991,231.,1348.13124538041));
#2684=IFCCARTESIANPOINT((337.399999999991,229.,1347.00624802966));
#2685=IFCCARTESIANPOINT((337.399999999991,229.,1672.50624802966));
#2686=IFCCARTESIANPOINT((335.399999999991,231.,1671.63124718318));
#2687=IFCCARTESIANPOINT((335.399999999991,231.,1752.50624763387));
#2688=IFCCARTESIANPOINT((337.399999999991,229.,1753.88124802966));
#2689=IFCCARTESIANPOINT((336.754685672542,230.471335015759,1277.97629193496));
#2690=IFCCARTESIANPOINT((335.399999999991,231.,1257.14687618307));
#2691=IFCCARTESIANPOINT((336.832531563808,230.395655157509,1289.49002996048));
#2692=IFCCARTESIANPOINT((335.399999999991,231.,1307.6937487606));
#2693=IFCCARTESIANPOINT((335.399999999991,231.,1297.58437280288));
#2694=IFCCARTESIANPOINT((336.787267301755,230.44065590391,1302.63906488741));
#2695=IFCCARTESIANPOINT((336.804108447688,230.424246982485,1317.29753303348));
#2696=IFCCARTESIANPOINT((337.399999999991,229.,1296.14687598517));
#2697=IFCCARTESIANPOINT((336.838898946118,230.389089566172,1266.55826540906));
#2698=IFCCARTESIANPOINT((336.832939239297,230.395236587991,1811.61437263609));
#2699=IFCCARTESIANPOINT((335.399999999991,231.,1792.94375146475));
#2700=IFCCARTESIANPOINT((335.399999999991,231.,1803.05312742247));
#2701=IFCCARTESIANPOINT((336.783237246301,230.444525777005,1797.99843783507));
#2702=IFCCARTESIANPOINT((336.800454868388,230.427839683437,1783.41983592365));
#2703=IFCCARTESIANPOINT((337.399999999991,229.,1804.7406279555));
#2704=IFCCARTESIANPOINT((335.399999999991,231.,1631.19375056336));
#2705=IFCCARTESIANPOINT((336.786732085715,230.441171094088,1641.30312616826));
#2706=IFCCARTESIANPOINT((337.399999999991,229.,1509.75624802966));
#2707=IFCCARTESIANPOINT((335.399999999991,231.,1823.27187212684));
#2708=IFCCARTESIANPOINT((336.836095599981,230.391987581734,1601.30312647563));
#2709=IFCCARTESIANPOINT((336.830760613539,230.397470596017,1580.95937659415));
#2710=IFCCARTESIANPOINT((336.814213623928,230.414213500813,1540.20937669565));
#2711=IFCCARTESIANPOINT((336.808619440868,230.419785642552,1560.42812659155));
#2712=IFCCARTESIANPOINT((336.836095605704,230.39198757583,1458.89687728299));
#2713=IFCCARTESIANPOINT((336.803073336946,230.42526671579,1479.55312699848));
#2714=IFCCARTESIANPOINT((336.770854496265,230.456282235715,1701.95937584663));
#2715=IFCCARTESIANPOINT((336.765668826722,230.461146349859,1722.17812573895));
#2716=IFCCARTESIANPOINT((336.85655163509,230.370568252333,1377.5218776677));
#2717=IFCCARTESIANPOINT((336.781386969374,230.446295281342,1398.67812735509));
#2718=IFCCARTESIANPOINT((336.792128799933,230.435958705668,1439.11562718766));
#2719=IFCCARTESIANPOINT((336.846498963352,230.381173685315,1418.20937749126));
#2720=IFCCARTESIANPOINT((336.770854531583,230.456282202468,1358.24062747343));
#2721=IFCCARTESIANPOINT((336.866259330092,230.360177774007,1336.83437776557));
#2722=IFCCARTESIANPOINT((336.856551620308,230.370568268043,1682.67812599688));
#2723=IFCCARTESIANPOINT((336.851568761503,230.375844515422,1662.3343761171));
#2724=IFCCARTESIANPOINT((336.76053790387,230.465925172757,1742.3968756311));
#2725=IFCCARTESIANPOINT((336.755462494982,230.47061940171,1762.61562552311));
#2726=IFCCARTESIANPOINT((335.399999999991,231.,1277.36562088744));
#2727=IFCCARTESIANPOINT((337.399999999991,229.,1316.4906279555));
#2728=IFCCARTESIANPOINT((335.399999999991,231.,1317.80312471832));
#2729=IFCCARTESIANPOINT((337.399999999991,229.,1784.39687598517));
#2730=IFCCARTESIANPOINT((335.399999999991,231.,1782.83437550703));
#2731=IFCCARTESIANPOINT((336.841341470364,230.386554999196,1621.64687635655));
#2732=IFCCARTESIANPOINT((335.399999999991,231.,1641.30312652108));
#2733=IFCCARTESIANPOINT((337.399999999991,229.,1641.9906279555));
#2734=IFCCARTESIANPOINT((336.814213639163,230.414213485579,1519.9906267984));
#2735=IFCCARTESIANPOINT((336.825335776882,230.403003180013,1499.58437705976));
#2736=IFCCARTESIANPOINT((337.399999999991,229.,1601.30312401483));
#2737=IFCCARTESIANPOINT((335.399999999991,231.,1600.86562269021));
#2738=IFCCARTESIANPOINT((337.399999999991,229.,1580.9593720445));
#2739=IFCCARTESIANPOINT((335.399999999991,231.,1580.64687077477));
#2740=IFCCARTESIANPOINT((336.716947796291,230.505207129213,1591.1343088244));
#2741=IFCCARTESIANPOINT((335.399999999991,231.,1540.20937415495));
#2742=IFCCARTESIANPOINT((337.399999999991,229.,1540.27187598517));
#2743=IFCCARTESIANPOINT((335.399999999991,231.,1560.42812607039));
#2744=IFCCARTESIANPOINT((336.725142716255,230.497997590634,1570.70383869544));
#2745=IFCCARTESIANPOINT((337.399999999991,229.,1560.6156279555));
#2746=IFCCARTESIANPOINT((336.911354177515,230.309888754854,1550.32164867043));
#2747=IFCCARTESIANPOINT((337.399999999991,229.,1458.89687598517));
#2748=IFCCARTESIANPOINT((335.399999999991,231.,1459.33437370426));
#2749=IFCCARTESIANPOINT((335.399999999991,231.,1479.5531256197));
#2750=IFCCARTESIANPOINT((337.399999999991,229.,1479.2406279555));
#2751=IFCCARTESIANPOINT((336.893346609075,230.330381864409,1469.2373607625));
#2752=IFCCARTESIANPOINT((335.399999999991,231.,1701.95937505634));
#2753=IFCCARTESIANPOINT((337.399999999991,229.,1703.02187598517));
#2754=IFCCARTESIANPOINT((335.399999999991,231.,1722.17812697177));
#2755=IFCCARTESIANPOINT((337.399999999991,229.,1723.3656279555));
#2756=IFCCARTESIANPOINT((336.912025037843,230.30911431316,1712.07244632574));
#2757=IFCCARTESIANPOINT((337.399999999991,229.,1377.52187598517));
#2758=IFCCARTESIANPOINT((335.399999999991,231.,1378.45937325357));
#2759=IFCCARTESIANPOINT((335.399999999991,231.,1398.67812516901));
#2760=IFCCARTESIANPOINT((337.399999999991,229.,1397.8656279555));
#2761=IFCCARTESIANPOINT((336.87132194346,230.354699870332,1388.11916351628));
#2762=IFCCARTESIANPOINT((335.399999999991,231.,1439.11562178882));
#2763=IFCCARTESIANPOINT((337.399999999991,229.,1438.55312401483));
#2764=IFCCARTESIANPOINT((337.399999999991,229.,1418.2093720445));
#2765=IFCCARTESIANPOINT((335.399999999991,231.,1418.89686987339));
#2766=IFCCARTESIANPOINT((336.743045045324,230.481968287859,1428.64271128561));
#2767=IFCCARTESIANPOINT((335.399999999991,231.,1358.24062133813));
#2768=IFCCARTESIANPOINT((337.399999999991,229.,1357.17812401483));
#2769=IFCCARTESIANPOINT((337.399999999991,229.,1336.8343720445));
#2770=IFCCARTESIANPOINT((335.399999999991,231.,1338.02186942269));
#2771=IFCCARTESIANPOINT((336.766952380665,230.459945611652,1347.5140937421));
#2772=IFCCARTESIANPOINT((337.399999999991,229.,1682.67812401483));
#2773=IFCCARTESIANPOINT((335.399999999991,231.,1681.7406231409));
#2774=IFCCARTESIANPOINT((337.399999999991,229.,1662.3343720445));
#2775=IFCCARTESIANPOINT((336.876898064851,230.348618591755,1651.8003126666));
#2776=IFCCARTESIANPOINT((335.399999999991,231.,1661.52187122546));
#2777=IFCCARTESIANPOINT((336.71649565166,230.505602603329,1672.50970063981));
#2778=IFCCARTESIANPOINT((335.399999999991,231.,1742.39687167615));
#2779=IFCCARTESIANPOINT((337.399999999991,229.,1743.7093720445));
#2780=IFCCARTESIANPOINT((336.912595079825,230.308455625719,1732.29128442124));
#2781=IFCCARTESIANPOINT((335.399999999991,231.,1762.61562359159));
#2782=IFCCARTESIANPOINT((336.73580361944,230.488498804259,1773.02643614189));
#2783=IFCCARTESIANPOINT((337.399999999991,229.,1764.05312401483));
#2784=IFCCARTESIANPOINT((336.913271135411,230.307673686635,1752.51011972801));
#2785=IFCCARTESIANPOINT((337.399999999991,229.,1621.64687598517));
#2786=IFCCARTESIANPOINT((336.908057198064,230.31368317617,1611.4730734091));
#2787=IFCCARTESIANPOINT((335.399999999991,231.,1621.08437460564));
#2788=IFCCARTESIANPOINT((335.399999999991,231.,1519.99062223951));
#2789=IFCCARTESIANPOINT((336.709681391653,230.511533874033,1530.10000173626));
#2790=IFCCARTESIANPOINT((337.399999999991,229.,1519.92812401483));
#2791=IFCCARTESIANPOINT((337.399999999991,229.,1499.5843720445));
#2792=IFCCARTESIANPOINT((335.399999999991,231.,1499.77187032408));
#2793=IFCCARTESIANPOINT((336.719182050148,230.503249386681,1509.78208956126));
#2794=IFCCARTESIANPOINT((337.399999999991,225.,1855.6));
#2795=IFCCARTESIANPOINT((253.438444211825,226.,1835.6));
#2796=IFCCARTESIANPOINT((265.899999999991,231.,1840.6));
#2797=IFCCARTESIANPOINT((278.361556510258,226.,1835.6));
#2798=IFCCARTESIANPOINT((265.899997594418,229.394798205243,1836.92912201977));
#2799=IFCCARTESIANPOINT((283.361556294361,231.,1840.6));
#2800=IFCCARTESIANPOINT((248.438443705621,231.,1840.6));
#2801=IFCCARTESIANPOINT((292.49797862003,228.993385868698,1836.59504793523));
#2802=IFCCARTESIANPOINT((239.302018213733,228.993385813368,1836.59504789387));
#2803=IFCCARTESIANPOINT((245.780158945607,231.,1853.6));
#2804=IFCCARTESIANPOINT((265.9000005072,229.,1855.6));
#2805=IFCCARTESIANPOINT((288.019841082347,229.,1855.6));
#2806=IFCCARTESIANPOINT((230.150000760805,229.,1855.6));
#2807=IFCCARTESIANPOINT((290.590078872188,231.,1853.6));
#2808=IFCCARTESIANPOINT((268.185118308287,231.,1853.6));
#2809=IFCCARTESIANPOINT((221.09008007341,231.,1853.6));
#2810=IFCCARTESIANPOINT((312.709920541169,229.,1855.6));
#2811=IFCCARTESIANPOINT((312.99503943609,231.,1853.6));
#2812=IFCCARTESIANPOINT((301.792559154139,231.,1853.6));
#2813=IFCCARTESIANPOINT((219.090079458813,229.,1855.6));
#2814=IFCCARTESIANPOINT((208.745040036701,231.,1853.6));
#2815=IFCCARTESIANPOINT((325.054960777789,229.,1855.6));
#2816=IFCCARTESIANPOINT((300.364880304549,229.,1855.6));
#2817=IFCCARTESIANPOINT((206.745040236612,229.,1855.6));
#2818=IFCCARTESIANPOINT((323.054959963282,231.,1853.6));
#2819=IFCCARTESIANPOINT((318.024999556941,230.407641960754,1855.02075476784));
#2820=IFCCARTESIANPOINT((224.620039414362,230.373367787475,1855.05391228083));
#2821=IFCCARTESIANPOINT((248.025000634003,229.,1855.6));
#2822=IFCCARTESIANPOINT((256.982638026336,231.,1853.6));
#2823=IFCCARTESIANPOINT((238.261438904319,230.393471178017,1855.03465608285));
#2824=IFCCARTESIANPOINT((296.191318658578,230.444891382803,1854.9828553402));
#2825=IFCCARTESIANPOINT((251.381398070061,230.458197937352,1854.96881656021));
#2826=IFCCARTESIANPOINT((283.535066271606,230.478582909595,1854.94677116819));
#2827=IFCCARTESIANPOINT((233.435118908898,231.,1853.6));
#2828=IFCCARTESIANPOINT((307.077354201269,230.240489781945,1855.16881646501));
#2829=IFCCARTESIANPOINT((276.959920794774,229.,1855.6));
#2830=IFCCARTESIANPOINT((271.42995939972,230.368947229446,1855.05807526658));
#2831=IFCCARTESIANPOINT((279.387598590238,231.,1853.6));
#2832=IFCCARTESIANPOINT((206.299901664534,230.427004307942,1855.00130607118));
#2833=IFCPOLYLOOP((#2275,#2276,#2277,#2278));
#2834=IFCFACEOUTERBOUND(#2833,.T.);
#2835=IFCFACE((#2834));
#2836=IFCPOLYLOOP((#2280,#2281,#2282,#2295,#2294,#2318,#2292,#2305,#2304,#2313,#2290,#2327,#2300,#2322,#2291,#2298,#2297,#2307,#2279));
#2837=IFCFACEOUTERBOUND(#2836,.T.);
#2838=IFCFACE((#2837));
#2839=IFCPOLYLOOP((#2315,#2306,#2293));
#2840=IFCFACEOUTERBOUND(#2839,.T.);
#2841=IFCFACE((#2840));
#2842=IFCPOLYLOOP((#2308,#2324,#2320));
#2843=IFCFACEOUTERBOUND(#2842,.T.);
#2844=IFCFACE((#2843));
#2845=IFCPOLYLOOP((#2307,#2331,#2332));
#2846=IFCFACEOUTERBOUND(#2845,.T.);
#2847=IFCFACE((#2846));
#2848=IFCPOLYLOOP((#2293,#2317,#2315));
#2849=IFCFACEOUTERBOUND(#2848,.T.);
#2850=IFCFACE((#2849));
#2851=IFCPOLYLOOP((#2331,#2307,#2297));
#2852=IFCFACEOUTERBOUND(#2851,.T.);
#2853=IFCFACE((#2852));
#2854=IFCPOLYLOOP((#2309,#2310,#2311));
#2855=IFCFACEOUTERBOUND(#2854,.T.);
#2856=IFCFACE((#2855));
#2857=IFCPOLYLOOP((#2298,#2291,#2320));
#2858=IFCFACEOUTERBOUND(#2857,.T.);
#2859=IFCFACE((#2858));
#2860=IFCPOLYLOOP((#2301,#2302,#2323));
#2861=IFCFACEOUTERBOUND(#2860,.T.);
#2862=IFCFACE((#2861));
#2863=IFCPOLYLOOP((#2312,#2314,#2333));
#2864=IFCFACEOUTERBOUND(#2863,.T.);
#2865=IFCFACE((#2864));
#2866=IFCPOLYLOOP((#2327,#2328,#2325));
#2867=IFCFACEOUTERBOUND(#2866,.T.);
#2868=IFCFACE((#2867));
#2869=IFCPOLYLOOP((#2330,#2317,#2316));
#2870=IFCFACEOUTERBOUND(#2869,.T.);
#2871=IFCFACE((#2870));
#2872=IFCPOLYLOOP((#2319,#2282,#2285));
#2873=IFCFACEOUTERBOUND(#2872,.T.);
#2874=IFCFACE((#2873));
#2875=IFCPOLYLOOP((#2306,#2315,#2319));
#2876=IFCFACEOUTERBOUND(#2875,.T.);
#2877=IFCFACE((#2876));
#2878=IFCPOLYLOOP((#2332,#2331,#2299));
#2879=IFCFACEOUTERBOUND(#2878,.T.);
#2880=IFCFACE((#2879));
#2881=IFCPOLYLOOP((#2301,#2323,#2325));
#2882=IFCFACEOUTERBOUND(#2881,.T.);
#2883=IFCFACE((#2882));
#2884=IFCPOLYLOOP((#2324,#2298,#2320));
#2885=IFCFACEOUTERBOUND(#2884,.T.);
#2886=IFCFACE((#2885));
#2887=IFCPOLYLOOP((#2279,#2307,#2332));
#2888=IFCFACEOUTERBOUND(#2887,.T.);
#2889=IFCFACE((#2888));
#2890=IFCPOLYLOOP((#2283,#2284,#2332));
#2891=IFCFACEOUTERBOUND(#2890,.T.);
#2892=IFCFACE((#2891));
#2893=IFCPOLYLOOP((#2321,#2288,#2320));
#2894=IFCFACEOUTERBOUND(#2893,.T.);
#2895=IFCFACE((#2894));
#2896=IFCPOLYLOOP((#2323,#2321,#2322));
#2897=IFCFACEOUTERBOUND(#2896,.T.);
#2898=IFCFACE((#2897));
#2899=IFCPOLYLOOP((#2289,#2309,#2311));
#2900=IFCFACEOUTERBOUND(#2899,.T.);
#2901=IFCFACE((#2900));
#2902=IFCPOLYLOOP((#2304,#2310,#2312));
#2903=IFCFACEOUTERBOUND(#2902,.T.);
#2904=IFCFACE((#2903));
#2905=IFCPOLYLOOP((#2304,#2305,#2310));
#2906=IFCFACEOUTERBOUND(#2905,.T.);
#2907=IFCFACE((#2906));
#2908=IFCPOLYLOOP((#2286,#2306,#2319));
#2909=IFCFACEOUTERBOUND(#2908,.T.);
#2910=IFCFACE((#2909));
#2911=IFCPOLYLOOP((#2315,#2294,#2295));
#2912=IFCFACEOUTERBOUND(#2911,.T.);
#2913=IFCFACE((#2912));
#2914=IFCPOLYLOOP((#2310,#2303,#2312));
#2915=IFCFACEOUTERBOUND(#2914,.T.);
#2916=IFCFACE((#2915));
#2917=IFCPOLYLOOP((#2324,#2296,#2331));
#2918=IFCFACEOUTERBOUND(#2917,.T.);
#2919=IFCFACE((#2918));
#2920=IFCPOLYLOOP((#2303,#2310,#2309));
#2921=IFCFACEOUTERBOUND(#2920,.T.);
#2922=IFCFACE((#2921));
#2923=IFCPOLYLOOP((#2311,#2310,#2305));
#2924=IFCFACEOUTERBOUND(#2923,.T.);
#2925=IFCFACE((#2924));
#2926=IFCPOLYLOOP((#2305,#2292,#2311));
#2927=IFCFACEOUTERBOUND(#2926,.T.);
#2928=IFCFACE((#2927));
#2929=IFCPOLYLOOP((#2311,#2292,#2330));
#2930=IFCFACEOUTERBOUND(#2929,.T.);
#2931=IFCFACE((#2930));
#2932=IFCPOLYLOOP((#2314,#2287,#2329));
#2933=IFCFACEOUTERBOUND(#2932,.T.);
#2934=IFCFACE((#2933));
#2935=IFCPOLYLOOP((#2312,#2303,#2314));
#2936=IFCFACEOUTERBOUND(#2935,.T.);
#2937=IFCFACE((#2936));
#2938=IFCPOLYLOOP((#2287,#2328,#2329));
#2939=IFCFACEOUTERBOUND(#2938,.T.);
#2940=IFCFACE((#2939));
#2941=IFCPOLYLOOP((#2313,#2304,#2312));
#2942=IFCFACEOUTERBOUND(#2941,.T.);
#2943=IFCFACE((#2942));
#2944=IFCPOLYLOOP((#2315,#2295,#2319));
#2945=IFCFACEOUTERBOUND(#2944,.T.);
#2946=IFCFACE((#2945));
#2947=IFCPOLYLOOP((#2282,#2319,#2295));
#2948=IFCFACEOUTERBOUND(#2947,.T.);
#2949=IFCFACE((#2948));
#2950=IFCPOLYLOOP((#2315,#2317,#2294));
#2951=IFCFACEOUTERBOUND(#2950,.T.);
#2952=IFCFACE((#2951));
#2953=IFCPOLYLOOP((#2293,#2316,#2317));
#2954=IFCFACEOUTERBOUND(#2953,.T.);
#2955=IFCFACE((#2954));
#2956=IFCPOLYLOOP((#2292,#2318,#2330));
#2957=IFCFACEOUTERBOUND(#2956,.T.);
#2958=IFCFACE((#2957));
#2959=IFCPOLYLOOP((#2289,#2330,#2316));
#2960=IFCFACEOUTERBOUND(#2959,.T.);
#2961=IFCFACE((#2960));
#2962=IFCPOLYLOOP((#2318,#2294,#2317));
#2963=IFCFACEOUTERBOUND(#2962,.T.);
#2964=IFCFACE((#2963));
#2965=IFCPOLYLOOP((#2286,#2319,#2285));
#2966=IFCFACEOUTERBOUND(#2965,.T.);
#2967=IFCFACE((#2966));
#2968=IFCPOLYLOOP((#2321,#2320,#2291));
#2969=IFCFACEOUTERBOUND(#2968,.T.);
#2970=IFCFACE((#2969));
#2971=IFCPOLYLOOP((#2308,#2320,#2288));
#2972=IFCFACEOUTERBOUND(#2971,.T.);
#2973=IFCFACE((#2972));
#2974=IFCPOLYLOOP((#2323,#2300,#2325));
#2975=IFCFACEOUTERBOUND(#2974,.T.);
#2976=IFCFACE((#2975));
#2977=IFCPOLYLOOP((#2302,#2288,#2321));
#2978=IFCFACEOUTERBOUND(#2977,.T.);
#2979=IFCFACE((#2978));
#2980=IFCPOLYLOOP((#2321,#2291,#2322));
#2981=IFCFACEOUTERBOUND(#2980,.T.);
#2982=IFCFACE((#2981));
#2983=IFCPOLYLOOP((#2323,#2322,#2300));
#2984=IFCFACEOUTERBOUND(#2983,.T.);
#2985=IFCFACE((#2984));
#2986=IFCPOLYLOOP((#2321,#2323,#2302));
#2987=IFCFACEOUTERBOUND(#2986,.T.);
#2988=IFCFACE((#2987));
#2989=IFCPOLYLOOP((#2296,#2324,#2308));
#2990=IFCFACEOUTERBOUND(#2989,.T.);
#2991=IFCFACE((#2990));
#2992=IFCPOLYLOOP((#2297,#2298,#2324));
#2993=IFCFACEOUTERBOUND(#2992,.T.);
#2994=IFCFACE((#2993));
#2995=IFCPOLYLOOP((#2328,#2327,#2290));
#2996=IFCFACEOUTERBOUND(#2995,.T.);
#2997=IFCFACE((#2996));
#2998=IFCPOLYLOOP((#2325,#2300,#2327));
#2999=IFCFACEOUTERBOUND(#2998,.T.);
#3000=IFCFACE((#2999));
#3001=IFCPOLYLOOP((#2328,#2287,#2326));
#3002=IFCFACEOUTERBOUND(#3001,.T.);
#3003=IFCFACE((#3002));
#3004=IFCPOLYLOOP((#2326,#2301,#2325));
#3005=IFCFACEOUTERBOUND(#3004,.T.);
#3006=IFCFACE((#3005));
#3007=IFCPOLYLOOP((#2328,#2290,#2329));
#3008=IFCFACEOUTERBOUND(#3007,.T.);
#3009=IFCFACE((#3008));
#3010=IFCPOLYLOOP((#2325,#2328,#2326));
#3011=IFCFACEOUTERBOUND(#3010,.T.);
#3012=IFCFACE((#3011));
#3013=IFCPOLYLOOP((#2290,#2313,#2329));
#3014=IFCFACEOUTERBOUND(#3013,.T.);
#3015=IFCFACE((#3014));
#3016=IFCPOLYLOOP((#2329,#2313,#2333));
#3017=IFCFACEOUTERBOUND(#3016,.T.);
#3018=IFCFACE((#3017));
#3019=IFCPOLYLOOP((#2330,#2318,#2317));
#3020=IFCFACEOUTERBOUND(#3019,.T.);
#3021=IFCFACE((#3020));
#3022=IFCPOLYLOOP((#2311,#2330,#2289));
#3023=IFCFACEOUTERBOUND(#3022,.T.);
#3024=IFCFACE((#3023));
#3025=IFCPOLYLOOP((#2324,#2331,#2297));
#3026=IFCFACEOUTERBOUND(#3025,.T.);
#3027=IFCFACE((#3026));
#3028=IFCPOLYLOOP((#2299,#2331,#2296));
#3029=IFCFACEOUTERBOUND(#3028,.T.);
#3030=IFCFACE((#3029));
#3031=IFCPOLYLOOP((#2283,#2332,#2299));
#3032=IFCFACEOUTERBOUND(#3031,.T.);
#3033=IFCFACE((#3032));
#3034=IFCPOLYLOOP((#2279,#2332,#2284));
#3035=IFCFACEOUTERBOUND(#3034,.T.);
#3036=IFCFACE((#3035));
#3037=IFCPOLYLOOP((#2329,#2333,#2314));
#3038=IFCFACEOUTERBOUND(#3037,.T.);
#3039=IFCFACE((#3038));
#3040=IFCPOLYLOOP((#2313,#2312,#2333));
#3041=IFCFACEOUTERBOUND(#3040,.T.);
#3042=IFCFACE((#3041));
#3043=IFCPOLYLOOP((#2368,#2386,#2387));
#3044=IFCFACEOUTERBOUND(#3043,.T.);
#3045=IFCFACE((#3044));
#3046=IFCPOLYLOOP((#2431,#2356,#2465));
#3047=IFCFACEOUTERBOUND(#3046,.T.);
#3048=IFCFACE((#3047));
#3049=IFCPOLYLOOP((#2500,#2475,#2435));
#3050=IFCFACEOUTERBOUND(#3049,.T.);
#3051=IFCFACE((#3050));
#3052=IFCPOLYLOOP((#2451,#2374,#2505));
#3053=IFCFACEOUTERBOUND(#3052,.T.);
#3054=IFCFACE((#3053));
#3055=IFCPOLYLOOP((#2388,#2409,#2417));
#3056=IFCFACEOUTERBOUND(#3055,.T.);
#3057=IFCFACE((#3056));
#3058=IFCPOLYLOOP((#2384,#2353,#2389));
#3059=IFCFACEOUTERBOUND(#3058,.T.);
#3060=IFCFACE((#3059));
#3061=IFCPOLYLOOP((#2437,#2400,#2479,#2361));
#3062=IFCFACEOUTERBOUND(#3061,.T.);
#3063=IFCFACE((#3062));
#3064=IFCPOLYLOOP((#2418,#2421,#2420));
#3065=IFCFACEOUTERBOUND(#3064,.T.);
#3066=IFCFACE((#3065));
#3067=IFCPOLYLOOP((#2381,#2380,#2366,#2382));
#3068=IFCFACEOUTERBOUND(#3067,.T.);
#3069=IFCFACE((#3068));
#3070=IFCPOLYLOOP((#2508,#2513,#2512,#2377));
#3071=IFCFACEOUTERBOUND(#3070,.T.);
#3072=IFCFACE((#3071));
#3073=IFCPOLYLOOP((#2502,#2503,#2445));
#3074=IFCFACEOUTERBOUND(#3073,.T.);
#3075=IFCFACE((#3074));
#3076=IFCPOLYLOOP((#2420,#2421,#2419));
#3077=IFCFACEOUTERBOUND(#3076,.T.);
#3078=IFCFACE((#3077));
#3079=IFCPOLYLOOP((#2504,#2499,#2444));
#3080=IFCFACEOUTERBOUND(#3079,.T.);
#3081=IFCFACE((#3080));
#3082=IFCPOLYLOOP((#2476,#2473,#2434));
#3083=IFCFACEOUTERBOUND(#3082,.T.);
#3084=IFCFACE((#3083));
#3085=IFCPOLYLOOP((#2411,#2351,#2409));
#3086=IFCFACEOUTERBOUND(#3085,.T.);
#3087=IFCFACE((#3086));
#3088=IFCPOLYLOOP((#2441,#2491,#2404));
#3089=IFCFACEOUTERBOUND(#3088,.T.);
#3090=IFCFACE((#3089));
#3091=IFCPOLYLOOP((#2353,#2384,#2382));
#3092=IFCFACEOUTERBOUND(#3091,.T.);
#3093=IFCFACE((#3092));
#3094=IFCPOLYLOOP((#2385,#2337,#2338));
#3095=IFCFACEOUTERBOUND(#3094,.T.);
#3096=IFCFACE((#3095));
#3097=IFCPOLYLOOP((#2335,#2336,#2380));
#3098=IFCFACEOUTERBOUND(#3097,.T.);
#3099=IFCFACE((#3098));
#3100=IFCPOLYLOOP((#2460,#2457,#2428));
#3101=IFCFACEOUTERBOUND(#3100,.T.);
#3102=IFCFACE((#3101));
#3103=IFCPOLYLOOP((#2495,#2496,#2443));
#3104=IFCFACEOUTERBOUND(#3103,.T.);
#3105=IFCFACE((#3104));
#3106=IFCPOLYLOOP((#2464,#2459,#2429));
#3107=IFCFACEOUTERBOUND(#3106,.T.);
#3108=IFCFACE((#3107));
#3109=IFCPOLYLOOP((#2466,#2462,#2430));
#3110=IFCFACEOUTERBOUND(#3109,.T.);
#3111=IFCFACE((#3110));
#3112=IFCPOLYLOOP((#2513,#2508,#2454));
#3113=IFCFACEOUTERBOUND(#3112,.T.);
#3114=IFCFACE((#3113));
#3115=IFCPOLYLOOP((#2439,#2486,#2402));
#3116=IFCFACEOUTERBOUND(#3115,.T.);
#3117=IFCFACE((#3116));
#3118=IFCPOLYLOOP((#2439,#2402,#2484,#2360));
#3119=IFCFACEOUTERBOUND(#3118,.T.);
#3120=IFCFACE((#3119));
#3121=IFCPOLYLOOP((#2437,#2481,#2400));
#3122=IFCFACEOUTERBOUND(#3121,.T.);
#3123=IFCFACE((#3122));
#3124=IFCPOLYLOOP((#2381,#2378,#2335));
#3125=IFCFACEOUTERBOUND(#3124,.T.);
#3126=IFCFACE((#3125));
#3127=IFCPOLYLOOP((#2385,#2386,#2368));
#3128=IFCFACEOUTERBOUND(#3127,.T.);
#3129=IFCFACE((#3128));
#3130=IFCPOLYLOOP((#2387,#2418,#2362));
#3131=IFCFACEOUTERBOUND(#3130,.T.);
#3132=IFCFACE((#3131));
#3133=IFCPOLYLOOP((#2365,#2381,#2384));
#3134=IFCFACEOUTERBOUND(#3133,.T.);
#3135=IFCFACE((#3134));
#3136=IFCPOLYLOOP((#2363,#2418,#2387));
#3137=IFCFACEOUTERBOUND(#3136,.T.);
#3138=IFCFACE((#3137));
#3139=IFCPOLYLOOP((#2338,#2386,#2385));
#3140=IFCFACEOUTERBOUND(#3139,.T.);
#3141=IFCFACE((#3140));
#3142=IFCPOLYLOOP((#2414,#2415,#2371));
#3143=IFCFACEOUTERBOUND(#3142,.T.);
#3144=IFCFACE((#3143));
#3145=IFCPOLYLOOP((#2441,#2404,#2489,#2370));
#3146=IFCFACEOUTERBOUND(#3145,.T.);
#3147=IFCFACE((#3146));
#3148=IFCPOLYLOOP((#2414,#2413,#2412));
#3149=IFCFACEOUTERBOUND(#3148,.T.);
#3150=IFCFACE((#3149));
#3151=IFCPOLYLOOP((#2506,#2507,#2451));
#3152=IFCFACEOUTERBOUND(#3151,.T.);
#3153=IFCFACE((#3152));
#3154=IFCPOLYLOOP((#2497,#2493,#2442));
#3155=IFCFACEOUTERBOUND(#3154,.T.);
#3156=IFCFACE((#3155));
#3157=IFCPOLYLOOP((#2495,#2453,#2425));
#3158=IFCFACEOUTERBOUND(#3157,.T.);
#3159=IFCFACE((#3158));
#3160=IFCPOLYLOOP((#2433,#2471,#2396));
#3161=IFCFACEOUTERBOUND(#3160,.T.);
#3162=IFCFACE((#3161));
#3163=IFCPOLYLOOP((#2433,#2396,#2469,#2376));
#3164=IFCFACEOUTERBOUND(#3163,.T.);
#3165=IFCFACE((#3164));
#3166=IFCPOLYLOOP((#2343,#2461,#2509,#2508));
#3167=IFCFACEOUTERBOUND(#3166,.T.);
#3168=IFCFACE((#3167));
#3169=IFCPOLYLOOP((#2378,#2334,#2335));
#3170=IFCFACEOUTERBOUND(#3169,.T.);
#3171=IFCFACE((#3170));
#3172=IFCPOLYLOOP((#2338,#2339,#2379));
#3173=IFCFACEOUTERBOUND(#3172,.T.);
#3174=IFCFACE((#3173));
#3175=IFCPOLYLOOP((#2380,#2381,#2335));
#3176=IFCFACEOUTERBOUND(#3175,.T.);
#3177=IFCFACE((#3176));
#3178=IFCPOLYLOOP((#2365,#2378,#2381));
#3179=IFCFACEOUTERBOUND(#3178,.T.);
#3180=IFCFACE((#3179));
#3181=IFCPOLYLOOP((#2384,#2352,#2383,#2365));
#3182=IFCFACEOUTERBOUND(#3181,.T.);
#3183=IFCFACE((#3182));
#3184=IFCPOLYLOOP((#2384,#2381,#2382));
#3185=IFCFACEOUTERBOUND(#3184,.T.);
#3186=IFCFACE((#3185));
#3187=IFCPOLYLOOP((#2506,#2456,#2428));
#3188=IFCFACEOUTERBOUND(#3187,.T.);
#3189=IFCFACE((#3188));
#3190=IFCPOLYLOOP((#2386,#2338,#2379));
#3191=IFCFACEOUTERBOUND(#3190,.T.);
#3192=IFCFACE((#3191));
#3193=IFCPOLYLOOP((#2379,#2367,#2386));
#3194=IFCFACEOUTERBOUND(#3193,.T.);
#3195=IFCFACE((#3194));
#3196=IFCPOLYLOOP((#2387,#2386,#2367));
#3197=IFCFACEOUTERBOUND(#3196,.T.);
#3198=IFCFACE((#3197));
#3199=IFCPOLYLOOP((#2363,#2387,#2367));
#3200=IFCFACEOUTERBOUND(#3199,.T.);
#3201=IFCFACE((#3200));
#3202=IFCPOLYLOOP((#2387,#2362,#2427,#2368));
#3203=IFCFACEOUTERBOUND(#3202,.T.);
#3204=IFCFACE((#3203));
#3205=IFCPOLYLOOP((#2384,#2389,#2352));
#3206=IFCFACEOUTERBOUND(#3205,.T.);
#3207=IFCFACE((#3206));
#3208=IFCPOLYLOOP((#2389,#2353,#2410));
#3209=IFCFACEOUTERBOUND(#3208,.T.);
#3210=IFCFACE((#3209));
#3211=IFCPOLYLOOP((#2409,#2350,#2411));
#3212=IFCFACEOUTERBOUND(#3211,.T.);
#3213=IFCFACE((#3212));
#3214=IFCPOLYLOOP((#2409,#2351,#2390));
#3215=IFCFACEOUTERBOUND(#3214,.T.);
#3216=IFCFACE((#3215));
#3217=IFCPOLYLOOP((#2389,#2417,#2352));
#3218=IFCFACEOUTERBOUND(#3217,.T.);
#3219=IFCFACE((#3218));
#3220=IFCPOLYLOOP((#2429,#2391,#2458,#2356));
#3221=IFCFACEOUTERBOUND(#3220,.T.);
#3222=IFCFACE((#3221));
#3223=IFCPOLYLOOP((#2509,#2461,#2430));
#3224=IFCFACEOUTERBOUND(#3223,.T.);
#3225=IFCFACE((#3224));
#3226=IFCPOLYLOOP((#2431,#2393,#2463));
#3227=IFCFACEOUTERBOUND(#3226,.T.);
#3228=IFCFACE((#3227));
#3229=IFCPOLYLOOP((#2467,#2471,#2470,#2395));
#3230=IFCFACEOUTERBOUND(#3229,.T.);
#3231=IFCFACE((#3230));
#3232=IFCPOLYLOOP((#2471,#2467,#2432));
#3233=IFCFACEOUTERBOUND(#3232,.T.);
#3234=IFCFACE((#3233));
#3235=IFCPOLYLOOP((#2434,#2345,#2472,#2397));
#3236=IFCFACEOUTERBOUND(#3235,.T.);
#3237=IFCFACE((#3236));
#3238=IFCPOLYLOOP((#2435,#2397,#2474,#2349));
#3239=IFCFACEOUTERBOUND(#3238,.T.);
#3240=IFCFACE((#3239));
#3241=IFCPOLYLOOP((#2399,#2436,#2481));
#3242=IFCFACEOUTERBOUND(#3241,.T.);
#3243=IFCFACE((#3242));
#3244=IFCPOLYLOOP((#2436,#2399,#2477,#2341));
#3245=IFCFACEOUTERBOUND(#3244,.T.);
#3246=IFCFACE((#3245));
#3247=IFCPOLYLOOP((#2482,#2486,#2485,#2401));
#3248=IFCFACEOUTERBOUND(#3247,.T.);
#3249=IFCFACE((#3248));
#3250=IFCPOLYLOOP((#2486,#2482,#2438));
#3251=IFCFACEOUTERBOUND(#3250,.T.);
#3252=IFCFACE((#3251));
#3253=IFCPOLYLOOP((#2403,#2440,#2491));
#3254=IFCFACEOUTERBOUND(#3253,.T.);
#3255=IFCFACE((#3254));
#3256=IFCPOLYLOOP((#2440,#2403,#2487,#2344));
#3257=IFCFACEOUTERBOUND(#3256,.T.);
#3258=IFCFACE((#3257));
#3259=IFCPOLYLOOP((#2442,#2342,#2492,#2405));
#3260=IFCFACEOUTERBOUND(#3259,.T.);
#3261=IFCFACE((#3260));
#3262=IFCPOLYLOOP((#2443,#2405,#2494,#2373));
#3263=IFCFACEOUTERBOUND(#3262,.T.);
#3264=IFCFACE((#3263));
#3265=IFCPOLYLOOP((#2444,#2349,#2498,#2407));
#3266=IFCFACEOUTERBOUND(#3265,.T.);
#3267=IFCFACE((#3266));
#3268=IFCPOLYLOOP((#2445,#2407,#2501,#2346));
#3269=IFCFACEOUTERBOUND(#3268,.T.);
#3270=IFCFACE((#3269));
#3271=IFCPOLYLOOP((#2417,#2409,#2390));
#3272=IFCFACEOUTERBOUND(#3271,.T.);
#3273=IFCFACE((#3272));
#3274=IFCPOLYLOOP((#2409,#2388,#2446,#2350));
#3275=IFCFACEOUTERBOUND(#3274,.T.);
#3276=IFCFACE((#3275));
#3277=IFCPOLYLOOP((#2415,#2370,#2447,#2371));
#3278=IFCFACEOUTERBOUND(#3277,.T.);
#3279=IFCFACE((#3278));
#3280=IFCPOLYLOOP((#2417,#2410,#2388));
#3281=IFCFACEOUTERBOUND(#3280,.T.);
#3282=IFCFACE((#3281));
#3283=IFCPOLYLOOP((#2414,#2416,#2411));
#3284=IFCFACEOUTERBOUND(#3283,.T.);
#3285=IFCFACE((#3284));
#3286=IFCPOLYLOOP((#2411,#2413,#2414));
#3287=IFCFACEOUTERBOUND(#3286,.T.);
#3288=IFCFACE((#3287));
#3289=IFCPOLYLOOP((#2411,#2350,#2413));
#3290=IFCFACEOUTERBOUND(#3289,.T.);
#3291=IFCFACE((#3290));
#3292=IFCPOLYLOOP((#2414,#2412,#2415));
#3293=IFCFACEOUTERBOUND(#3292,.T.);
#3294=IFCFACE((#3293));
#3295=IFCPOLYLOOP((#2352,#2417,#2390));
#3296=IFCFACEOUTERBOUND(#3295,.T.);
#3297=IFCFACE((#3296));
#3298=IFCPOLYLOOP((#2415,#2412,#2448,#2369));
#3299=IFCFACEOUTERBOUND(#3298,.T.);
#3300=IFCFACE((#3299));
#3301=IFCPOLYLOOP((#2441,#2415,#2369));
#3302=IFCFACEOUTERBOUND(#3301,.T.);
#3303=IFCFACE((#3302));
#3304=IFCPOLYLOOP((#2416,#2414,#2371));
#3305=IFCFACEOUTERBOUND(#3304,.T.);
#3306=IFCFACE((#3305));
#3307=IFCPOLYLOOP((#2416,#2351,#2411));
#3308=IFCFACEOUTERBOUND(#3307,.T.);
#3309=IFCFACE((#3308));
#3310=IFCPOLYLOOP((#2410,#2417,#2389));
#3311=IFCFACEOUTERBOUND(#3310,.T.);
#3312=IFCFACE((#3311));
#3313=IFCPOLYLOOP((#2421,#2423,#2364));
#3314=IFCFACEOUTERBOUND(#3313,.T.);
#3315=IFCFACE((#3314));
#3316=IFCPOLYLOOP((#2364,#2422,#2421));
#3317=IFCFACEOUTERBOUND(#3316,.T.);
#3318=IFCFACE((#3317));
#3319=IFCPOLYLOOP((#2421,#2422,#2419));
#3320=IFCFACEOUTERBOUND(#3319,.T.);
#3321=IFCFACE((#3320));
#3322=IFCPOLYLOOP((#2423,#2421,#2418));
#3323=IFCFACEOUTERBOUND(#3322,.T.);
#3324=IFCFACE((#3323));
#3325=IFCPOLYLOOP((#2420,#2362,#2418));
#3326=IFCFACEOUTERBOUND(#3325,.T.);
#3327=IFCFACE((#3326));
#3328=IFCPOLYLOOP((#2422,#2364,#2449,#2347));
#3329=IFCFACEOUTERBOUND(#3328,.T.);
#3330=IFCFACE((#3329));
#3331=IFCPOLYLOOP((#2499,#2504,#2408));
#3332=IFCFACEOUTERBOUND(#3331,.T.);
#3333=IFCFACE((#3332));
#3334=IFCPOLYLOOP((#2502,#2450,#2422));
#3335=IFCFACEOUTERBOUND(#3334,.T.);
#3336=IFCFACE((#3335));
#3337=IFCPOLYLOOP((#2418,#2363,#2423));
#3338=IFCFACEOUTERBOUND(#3337,.T.);
#3339=IFCFACE((#3338));
#3340=IFCPOLYLOOP((#2493,#2497,#2406));
#3341=IFCFACEOUTERBOUND(#3340,.T.);
#3342=IFCFACE((#3341));
#3343=IFCPOLYLOOP((#2425,#2424,#2452,#2372));
#3344=IFCFACEOUTERBOUND(#3343,.T.);
#3345=IFCFACE((#3344));
#3346=IFCPOLYLOOP((#2451,#2425,#2374));
#3347=IFCFACEOUTERBOUND(#3346,.T.);
#3348=IFCFACE((#3347));
#3349=IFCPOLYLOOP((#2391,#2429,#2460));
#3350=IFCFACEOUTERBOUND(#3349,.T.);
#3351=IFCFACE((#3350));
#3352=IFCPOLYLOOP((#2455,#2426,#2511,#2375));
#3353=IFCFACEOUTERBOUND(#3352,.T.);
#3354=IFCFACE((#3353));
#3355=IFCPOLYLOOP((#2340,#2509,#2430));
#3356=IFCFACEOUTERBOUND(#3355,.T.);
#3357=IFCFACE((#3356));
#3358=IFCPOLYLOOP((#2462,#2466,#2465,#2394));
#3359=IFCFACEOUTERBOUND(#3358,.T.);
#3360=IFCFACE((#3359));
#3361=IFCPOLYLOOP((#2429,#2459,#2460));
#3362=IFCFACEOUTERBOUND(#3361,.T.);
#3363=IFCFACE((#3362));
#3364=IFCPOLYLOOP((#2393,#2431,#2466));
#3365=IFCFACEOUTERBOUND(#3364,.T.);
#3366=IFCFACE((#3365));
#3367=IFCPOLYLOOP((#2509,#2340,#2454));
#3368=IFCFACEOUTERBOUND(#3367,.T.);
#3369=IFCFACE((#3368));
#3370=IFCPOLYLOOP((#2463,#2464,#2431));
#3371=IFCFACEOUTERBOUND(#3370,.T.);
#3372=IFCFACE((#3371));
#3373=IFCPOLYLOOP((#2431,#2465,#2466));
#3374=IFCFACEOUTERBOUND(#3373,.T.);
#3375=IFCFACE((#3374));
#3376=IFCPOLYLOOP((#2438,#2432,#2359));
#3377=IFCFACEOUTERBOUND(#3376,.T.);
#3378=IFCFACE((#3377));
#3379=IFCPOLYLOOP((#2432,#2358,#2468,#2396));
#3380=IFCFACEOUTERBOUND(#3379,.T.);
#3381=IFCFACE((#3380));
#3382=IFCPOLYLOOP((#2455,#2433,#2376));
#3383=IFCFACEOUTERBOUND(#3382,.T.);
#3384=IFCFACE((#3383));
#3385=IFCPOLYLOOP((#2433,#2375,#2470));
#3386=IFCFACEOUTERBOUND(#3385,.T.);
#3387=IFCFACE((#3386));
#3388=IFCPOLYLOOP((#2397,#2435,#2476));
#3389=IFCFACEOUTERBOUND(#3388,.T.);
#3390=IFCFACE((#3389));
#3391=IFCPOLYLOOP((#2442,#2434,#2342));
#3392=IFCFACEOUTERBOUND(#3391,.T.);
#3393=IFCFACE((#3392));
#3394=IFCPOLYLOOP((#2349,#2444,#2500));
#3395=IFCFACEOUTERBOUND(#3394,.T.);
#3396=IFCFACE((#3395));
#3397=IFCPOLYLOOP((#2476,#2435,#2398));
#3398=IFCFACEOUTERBOUND(#3397,.T.);
#3399=IFCFACE((#3398));
#3400=IFCPOLYLOOP((#2440,#2436,#2341));
#3401=IFCFACEOUTERBOUND(#3400,.T.);
#3402=IFCFACE((#3401));
#3403=IFCPOLYLOOP((#2436,#2344,#2478));
#3404=IFCFACEOUTERBOUND(#3403,.T.);
#3405=IFCFACE((#3404));
#3406=IFCPOLYLOOP((#2439,#2437,#2361));
#3407=IFCFACEOUTERBOUND(#3406,.T.);
#3408=IFCFACE((#3407));
#3409=IFCPOLYLOOP((#2437,#2360,#2480));
#3410=IFCFACEOUTERBOUND(#3409,.T.);
#3411=IFCFACE((#3410));
#3412=IFCPOLYLOOP((#2432,#2438,#2358));
#3413=IFCFACEOUTERBOUND(#3412,.T.);
#3414=IFCFACE((#3413));
#3415=IFCPOLYLOOP((#2438,#2359,#2483));
#3416=IFCFACEOUTERBOUND(#3415,.T.);
#3417=IFCFACE((#3416));
#3418=IFCPOLYLOOP((#2437,#2439,#2360));
#3419=IFCFACEOUTERBOUND(#3418,.T.);
#3420=IFCFACE((#3419));
#3421=IFCPOLYLOOP((#2439,#2361,#2485));
#3422=IFCFACEOUTERBOUND(#3421,.T.);
#3423=IFCFACE((#3422));
#3424=IFCPOLYLOOP((#2436,#2440,#2344));
#3425=IFCFACEOUTERBOUND(#3424,.T.);
#3426=IFCFACE((#3425));
#3427=IFCPOLYLOOP((#2440,#2341,#2488));
#3428=IFCFACEOUTERBOUND(#3427,.T.);
#3429=IFCFACE((#3428));
#3430=IFCPOLYLOOP((#2415,#2441,#2370));
#3431=IFCFACEOUTERBOUND(#3430,.T.);
#3432=IFCFACE((#3431));
#3433=IFCPOLYLOOP((#2441,#2369,#2490));
#3434=IFCFACEOUTERBOUND(#3433,.T.);
#3435=IFCFACE((#3434));
#3436=IFCPOLYLOOP((#2405,#2443,#2497));
#3437=IFCFACEOUTERBOUND(#3436,.T.);
#3438=IFCFACE((#3437));
#3439=IFCPOLYLOOP((#2434,#2442,#2345));
#3440=IFCFACEOUTERBOUND(#3439,.T.);
#3441=IFCFACE((#3440));
#3442=IFCPOLYLOOP((#2443,#2373,#2495));
#3443=IFCFACEOUTERBOUND(#3442,.T.);
#3444=IFCFACE((#3443));
#3445=IFCPOLYLOOP((#2497,#2443,#2406));
#3446=IFCFACEOUTERBOUND(#3445,.T.);
#3447=IFCFACE((#3446));
#3448=IFCPOLYLOOP((#2407,#2445,#2504));
#3449=IFCFACEOUTERBOUND(#3448,.T.);
#3450=IFCFACE((#3449));
#3451=IFCPOLYLOOP((#2500,#2444,#2348));
#3452=IFCFACEOUTERBOUND(#3451,.T.);
#3453=IFCFACE((#3452));
#3454=IFCPOLYLOOP((#2445,#2346,#2502));
#3455=IFCFACEOUTERBOUND(#3454,.T.);
#3456=IFCFACE((#3455));
#3457=IFCPOLYLOOP((#2504,#2445,#2408));
#3458=IFCFACEOUTERBOUND(#3457,.T.);
#3459=IFCFACE((#3458));
#3460=IFCPOLYLOOP((#2505,#2506,#2451));
#3461=IFCFACEOUTERBOUND(#3460,.T.);
#3462=IFCFACE((#3461));
#3463=IFCPOLYLOOP((#2450,#2419,#2422));
#3464=IFCFACEOUTERBOUND(#3463,.T.);
#3465=IFCFACE((#3464));
#3466=IFCPOLYLOOP((#2425,#2451,#2424));
#3467=IFCFACEOUTERBOUND(#3466,.T.);
#3468=IFCFACE((#3467));
#3469=IFCPOLYLOOP((#2454,#2340,#2510,#2426));
#3470=IFCFACEOUTERBOUND(#3469,.T.);
#3471=IFCFACE((#3470));
#3472=IFCPOLYLOOP((#2453,#2374,#2425));
#3473=IFCFACEOUTERBOUND(#3472,.T.);
#3474=IFCFACE((#3473));
#3475=IFCPOLYLOOP((#2513,#2426,#2455));
#3476=IFCFACEOUTERBOUND(#3475,.T.);
#3477=IFCFACE((#3476));
#3478=IFCPOLYLOOP((#2433,#2455,#2375));
#3479=IFCFACEOUTERBOUND(#3478,.T.);
#3480=IFCFACE((#3479));
#3481=IFCPOLYLOOP((#2455,#2376,#2512));
#3482=IFCFACEOUTERBOUND(#3481,.T.);
#3483=IFCFACE((#3482));
#3484=IFCPOLYLOOP((#2457,#2460,#2459,#2392));
#3485=IFCFACEOUTERBOUND(#3484,.T.);
#3486=IFCFACE((#3485));
#3487=IFCPOLYLOOP((#2391,#2428,#2456));
#3488=IFCFACEOUTERBOUND(#3487,.T.);
#3489=IFCFACE((#3488));
#3490=IFCPOLYLOOP((#2457,#2354,#2428));
#3491=IFCFACEOUTERBOUND(#3490,.T.);
#3492=IFCFACE((#3491));
#3493=IFCPOLYLOOP((#2391,#2460,#2428));
#3494=IFCFACEOUTERBOUND(#3493,.T.);
#3495=IFCFACE((#3494));
#3496=IFCPOLYLOOP((#2459,#2464,#2463,#2357));
#3497=IFCFACEOUTERBOUND(#3496,.T.);
#3498=IFCFACE((#3497));
#3499=IFCPOLYLOOP((#2461,#2393,#2430));
#3500=IFCFACEOUTERBOUND(#3499,.T.);
#3501=IFCFACE((#3500));
#3502=IFCPOLYLOOP((#2462,#2340,#2430));
#3503=IFCFACEOUTERBOUND(#3502,.T.);
#3504=IFCFACE((#3503));
#3505=IFCPOLYLOOP((#2356,#2464,#2429));
#3506=IFCFACEOUTERBOUND(#3505,.T.);
#3507=IFCFACE((#3506));
#3508=IFCPOLYLOOP((#2356,#2431,#2464));
#3509=IFCFACEOUTERBOUND(#3508,.T.);
#3510=IFCFACE((#3509));
#3511=IFCPOLYLOOP((#2393,#2466,#2430));
#3512=IFCFACEOUTERBOUND(#3511,.T.);
#3513=IFCFACE((#3512));
#3514=IFCPOLYLOOP((#2396,#2471,#2432));
#3515=IFCFACEOUTERBOUND(#3514,.T.);
#3516=IFCFACE((#3515));
#3517=IFCPOLYLOOP((#2359,#2432,#2467));
#3518=IFCFACEOUTERBOUND(#3517,.T.);
#3519=IFCFACE((#3518));
#3520=IFCPOLYLOOP((#2470,#2471,#2433));
#3521=IFCFACEOUTERBOUND(#3520,.T.);
#3522=IFCFACE((#3521));
#3523=IFCPOLYLOOP((#2473,#2476,#2398));
#3524=IFCFACEOUTERBOUND(#3523,.T.);
#3525=IFCFACE((#3524));
#3526=IFCPOLYLOOP((#2473,#2342,#2434));
#3527=IFCFACEOUTERBOUND(#3526,.T.);
#3528=IFCFACE((#3527));
#3529=IFCPOLYLOOP((#2475,#2398,#2435));
#3530=IFCFACEOUTERBOUND(#3529,.T.);
#3531=IFCFACE((#3530));
#3532=IFCPOLYLOOP((#2397,#2476,#2434));
#3533=IFCFACEOUTERBOUND(#3532,.T.);
#3534=IFCFACE((#3533));
#3535=IFCPOLYLOOP((#2481,#2436,#2478));
#3536=IFCFACEOUTERBOUND(#3535,.T.);
#3537=IFCFACE((#3536));
#3538=IFCPOLYLOOP((#2481,#2478,#2400));
#3539=IFCFACEOUTERBOUND(#3538,.T.);
#3540=IFCFACE((#3539));
#3541=IFCPOLYLOOP((#2481,#2480,#2399));
#3542=IFCFACEOUTERBOUND(#3541,.T.);
#3543=IFCFACE((#3542));
#3544=IFCPOLYLOOP((#2480,#2481,#2437));
#3545=IFCFACEOUTERBOUND(#3544,.T.);
#3546=IFCFACE((#3545));
#3547=IFCPOLYLOOP((#2486,#2438,#2483));
#3548=IFCFACEOUTERBOUND(#3547,.T.);
#3549=IFCFACE((#3548));
#3550=IFCPOLYLOOP((#2482,#2358,#2438));
#3551=IFCFACEOUTERBOUND(#3550,.T.);
#3552=IFCFACE((#3551));
#3553=IFCPOLYLOOP((#2486,#2483,#2402));
#3554=IFCFACEOUTERBOUND(#3553,.T.);
#3555=IFCFACE((#3554));
#3556=IFCPOLYLOOP((#2485,#2486,#2439));
#3557=IFCFACEOUTERBOUND(#3556,.T.);
#3558=IFCFACE((#3557));
#3559=IFCPOLYLOOP((#2491,#2440,#2488));
#3560=IFCFACEOUTERBOUND(#3559,.T.);
#3561=IFCFACE((#3560));
#3562=IFCPOLYLOOP((#2491,#2488,#2404));
#3563=IFCFACEOUTERBOUND(#3562,.T.);
#3564=IFCFACE((#3563));
#3565=IFCPOLYLOOP((#2491,#2490,#2403));
#3566=IFCFACEOUTERBOUND(#3565,.T.);
#3567=IFCFACE((#3566));
#3568=IFCPOLYLOOP((#2490,#2491,#2441));
#3569=IFCFACEOUTERBOUND(#3568,.T.);
#3570=IFCFACE((#3569));
#3571=IFCPOLYLOOP((#2453,#2495,#2373));
#3572=IFCFACEOUTERBOUND(#3571,.T.);
#3573=IFCFACE((#3572));
#3574=IFCPOLYLOOP((#2493,#2345,#2442));
#3575=IFCFACEOUTERBOUND(#3574,.T.);
#3576=IFCFACE((#3575));
#3577=IFCPOLYLOOP((#2372,#2495,#2425));
#3578=IFCFACEOUTERBOUND(#3577,.T.);
#3579=IFCFACE((#3578));
#3580=IFCPOLYLOOP((#2496,#2495,#2372));
#3581=IFCFACEOUTERBOUND(#3580,.T.);
#3582=IFCFACE((#3581));
#3583=IFCPOLYLOOP((#2496,#2406,#2443));
#3584=IFCFACEOUTERBOUND(#3583,.T.);
#3585=IFCFACE((#3584));
#3586=IFCPOLYLOOP((#2405,#2497,#2442));
#3587=IFCFACEOUTERBOUND(#3586,.T.);
#3588=IFCFACE((#3587));
#3589=IFCPOLYLOOP((#2475,#2500,#2348));
#3590=IFCFACEOUTERBOUND(#3589,.T.);
#3591=IFCFACE((#3590));
#3592=IFCPOLYLOOP((#2499,#2348,#2444));
#3593=IFCFACEOUTERBOUND(#3592,.T.);
#3594=IFCFACE((#3593));
#3595=IFCPOLYLOOP((#2349,#2500,#2435));
#3596=IFCFACEOUTERBOUND(#3595,.T.);
#3597=IFCFACE((#3596));
#3598=IFCPOLYLOOP((#2450,#2502,#2346));
#3599=IFCFACEOUTERBOUND(#3598,.T.);
#3600=IFCFACE((#3599));
#3601=IFCPOLYLOOP((#2347,#2502,#2422));
#3602=IFCFACEOUTERBOUND(#3601,.T.);
#3603=IFCFACE((#3602));
#3604=IFCPOLYLOOP((#2503,#2502,#2347));
#3605=IFCFACEOUTERBOUND(#3604,.T.);
#3606=IFCFACE((#3605));
#3607=IFCPOLYLOOP((#2503,#2408,#2445));
#3608=IFCFACEOUTERBOUND(#3607,.T.);
#3609=IFCFACE((#3608));
#3610=IFCPOLYLOOP((#2407,#2504,#2444));
#3611=IFCFACEOUTERBOUND(#3610,.T.);
#3612=IFCFACE((#3611));
#3613=IFCPOLYLOOP((#2456,#2506,#2505,#2355));
#3614=IFCFACEOUTERBOUND(#3613,.T.);
#3615=IFCFACE((#3614));
#3616=IFCPOLYLOOP((#2354,#2506,#2428));
#3617=IFCFACEOUTERBOUND(#3616,.T.);
#3618=IFCFACE((#3617));
#3619=IFCPOLYLOOP((#2507,#2506,#2354));
#3620=IFCFACEOUTERBOUND(#3619,.T.);
#3621=IFCFACE((#3620));
#3622=IFCPOLYLOOP((#2507,#2424,#2451));
#3623=IFCFACEOUTERBOUND(#3622,.T.);
#3624=IFCFACE((#3623));
#3625=IFCPOLYLOOP((#2508,#2509,#2454));
#3626=IFCFACEOUTERBOUND(#3625,.T.);
#3627=IFCFACE((#3626));
#3628=IFCPOLYLOOP((#2426,#2513,#2454));
#3629=IFCFACEOUTERBOUND(#3628,.T.);
#3630=IFCFACE((#3629));
#3631=IFCPOLYLOOP((#2512,#2513,#2455));
#3632=IFCFACEOUTERBOUND(#3631,.T.);
#3633=IFCFACE((#3632));
#3634=IFCPOLYLOOP((#2514,#2334,#2378,#2365,#2383,#2352,#2390,#2351,#2416,#2371,#2447,#2370,#2489,#2404,#2488,#2341,#2477,#2399,#2480,#2360,#2484,#2402,#2483,#2359,#2467,#2395,#2470,#2375,#2511,#2426,#2510,#2340,#2462,#2394,#2465,#2356,#2458,#2391,#2456,#2355,#2505,#2374,#2453,#2373,#2494,#2405,#2492,#2342,#2473,#2398,#2475,#2348,#2499,#2408,#2503,#2347,#2449,#2364,#2423,#2363,#2367,#2379,#2339,#2515));
#3635=IFCFACEOUTERBOUND(#3634,.T.);
#3636=IFCFACE((#3635));
#3637=IFCPOLYLOOP((#2278,#2277,#2516,#2517));
#3638=IFCFACEOUTERBOUND(#3637,.T.);
#3639=IFCFACE((#3638));
#3640=IFCPOLYLOOP((#2282,#2281,#2518,#2519,#2522,#2524));
#3641=IFCFACEOUTERBOUND(#3640,.T.);
#3642=IFCFACE((#3641));
#3643=IFCPOLYLOOP((#2525,#2527,#2523,#2526));
#3644=IFCFACEOUTERBOUND(#3643,.T.);
#3645=IFCFACE((#3644));
#3646=IFCPOLYLOOP((#2526,#2285,#2528));
#3647=IFCFACEOUTERBOUND(#3646,.T.);
#3648=IFCFACE((#3647));
#3649=IFCPOLYLOOP((#2519,#2520,#2529));
#3650=IFCFACEOUTERBOUND(#3649,.T.);
#3651=IFCFACE((#3650));
#3652=IFCPOLYLOOP((#2525,#2522,#2529));
#3653=IFCFACEOUTERBOUND(#3652,.T.);
#3654=IFCFACE((#3653));
#3655=IFCPOLYLOOP((#2282,#2524,#2528));
#3656=IFCFACEOUTERBOUND(#3655,.T.);
#3657=IFCFACE((#3656));
#3658=IFCPOLYLOOP((#2525,#2524,#2522));
#3659=IFCFACEOUTERBOUND(#3658,.T.);
#3660=IFCFACE((#3659));
#3661=IFCPOLYLOOP((#2527,#2525,#2529));
#3662=IFCFACEOUTERBOUND(#3661,.T.);
#3663=IFCFACE((#3662));
#3664=IFCPOLYLOOP((#2526,#2528,#2525));
#3665=IFCFACEOUTERBOUND(#3664,.T.);
#3666=IFCFACE((#3665));
#3667=IFCPOLYLOOP((#2528,#2524,#2525));
#3668=IFCFACEOUTERBOUND(#3667,.T.);
#3669=IFCFACE((#3668));
#3670=IFCPOLYLOOP((#2526,#2286,#2285));
#3671=IFCFACEOUTERBOUND(#3670,.T.);
#3672=IFCFACE((#3671));
#3673=IFCPOLYLOOP((#2520,#2521,#2527));
#3674=IFCFACEOUTERBOUND(#3673,.T.);
#3675=IFCFACE((#3674));
#3676=IFCPOLYLOOP((#2282,#2528,#2285));
#3677=IFCFACEOUTERBOUND(#3676,.T.);
#3678=IFCFACE((#3677));
#3679=IFCPOLYLOOP((#2519,#2529,#2522));
#3680=IFCFACEOUTERBOUND(#3679,.T.);
#3681=IFCFACE((#3680));
#3682=IFCPOLYLOOP((#2527,#2529,#2520));
#3683=IFCFACEOUTERBOUND(#3682,.T.);
#3684=IFCFACE((#3683));
#3685=IFCPOLYLOOP((#2540,#2545,#2549));
#3686=IFCFACEOUTERBOUND(#3685,.T.);
#3687=IFCFACE((#3686));
#3688=IFCPOLYLOOP((#2561,#2560,#2556));
#3689=IFCFACEOUTERBOUND(#3688,.T.);
#3690=IFCFACE((#3689));
#3691=IFCPOLYLOOP((#2550,#2562,#2543));
#3692=IFCFACEOUTERBOUND(#3691,.T.);
#3693=IFCFACE((#3692));
#3694=IFCPOLYLOOP((#2556,#2535,#2554));
#3695=IFCFACEOUTERBOUND(#3694,.T.);
#3696=IFCFACE((#3695));
#3697=IFCPOLYLOOP((#2536,#2550,#2543));
#3698=IFCFACEOUTERBOUND(#3697,.T.);
#3699=IFCFACE((#3698));
#3700=IFCPOLYLOOP((#2553,#2557,#2550));
#3701=IFCFACEOUTERBOUND(#3700,.T.);
#3702=IFCFACE((#3701));
#3703=IFCPOLYLOOP((#2531,#2547,#2562));
#3704=IFCFACEOUTERBOUND(#3703,.T.);
#3705=IFCFACE((#3704));
#3706=IFCPOLYLOOP((#2546,#2554,#2535));
#3707=IFCFACEOUTERBOUND(#3706,.T.);
#3708=IFCFACE((#3707));
#3709=IFCPOLYLOOP((#2537,#2554,#2542));
#3710=IFCFACEOUTERBOUND(#3709,.T.);
#3711=IFCFACE((#3710));
#3712=IFCPOLYLOOP((#2534,#2560,#2555));
#3713=IFCFACEOUTERBOUND(#3712,.T.);
#3714=IFCFACE((#3713));
#3715=IFCPOLYLOOP((#2553,#2550,#2536));
#3716=IFCFACEOUTERBOUND(#3715,.T.);
#3717=IFCFACE((#3716));
#3718=IFCPOLYLOOP((#2540,#2549,#2558));
#3719=IFCFACEOUTERBOUND(#3718,.T.);
#3720=IFCFACE((#3719));
#3721=IFCPOLYLOOP((#2541,#2542,#2558));
#3722=IFCFACEOUTERBOUND(#3721,.T.);
#3723=IFCFACE((#3722));
#3724=IFCPOLYLOOP((#2542,#2554,#2558));
#3725=IFCFACEOUTERBOUND(#3724,.T.);
#3726=IFCFACE((#3725));
#3727=IFCPOLYLOOP((#2530,#2531,#2562));
#3728=IFCFACEOUTERBOUND(#3727,.T.);
#3729=IFCFACE((#3728));
#3730=IFCPOLYLOOP((#2338,#2337,#2548));
#3731=IFCFACEOUTERBOUND(#3730,.T.);
#3732=IFCFACE((#3731));
#3733=IFCPOLYLOOP((#2541,#2549,#2548));
#3734=IFCFACEOUTERBOUND(#3733,.T.);
#3735=IFCFACE((#3734));
#3736=IFCPOLYLOOP((#2545,#2339,#2338));
#3737=IFCFACEOUTERBOUND(#3736,.T.);
#3738=IFCFACE((#3737));
#3739=IFCPOLYLOOP((#2531,#2532,#2547));
#3740=IFCFACEOUTERBOUND(#3739,.T.);
#3741=IFCFACE((#3740));
#3742=IFCPOLYLOOP((#2550,#2539,#2562));
#3743=IFCFACEOUTERBOUND(#3742,.T.);
#3744=IFCFACE((#3743));
#3745=IFCPOLYLOOP((#2548,#2549,#2338));
#3746=IFCFACEOUTERBOUND(#3745,.T.);
#3747=IFCFACE((#3746));
#3748=IFCPOLYLOOP((#2338,#2549,#2545));
#3749=IFCFACEOUTERBOUND(#3748,.T.);
#3750=IFCFACE((#3749));
#3751=IFCPOLYLOOP((#2539,#2550,#2557));
#3752=IFCFACEOUTERBOUND(#3751,.T.);
#3753=IFCFACE((#3752));
#3754=IFCPOLYLOOP((#2562,#2539,#2544,#2530));
#3755=IFCFACEOUTERBOUND(#3754,.T.);
#3756=IFCFACE((#3755));
#3757=IFCPOLYLOOP((#2536,#2551,#2553));
#3758=IFCFACEOUTERBOUND(#3757,.T.);
#3759=IFCFACE((#3758));
#3760=IFCPOLYLOOP((#2552,#2555,#2560));
#3761=IFCFACEOUTERBOUND(#3760,.T.);
#3762=IFCFACE((#3761));
#3763=IFCPOLYLOOP((#2533,#2555,#2552));
#3764=IFCFACEOUTERBOUND(#3763,.T.);
#3765=IFCFACE((#3764));
#3766=IFCPOLYLOOP((#2555,#2553,#2551));
#3767=IFCFACEOUTERBOUND(#3766,.T.);
#3768=IFCFACE((#3767));
#3769=IFCPOLYLOOP((#2554,#2537,#2556));
#3770=IFCFACEOUTERBOUND(#3769,.T.);
#3771=IFCFACE((#3770));
#3772=IFCPOLYLOOP((#2546,#2540,#2558));
#3773=IFCFACEOUTERBOUND(#3772,.T.);
#3774=IFCFACE((#3773));
#3775=IFCPOLYLOOP((#2553,#2555,#2533));
#3776=IFCFACEOUTERBOUND(#3775,.T.);
#3777=IFCFACE((#3776));
#3778=IFCPOLYLOOP((#2534,#2555,#2551));
#3779=IFCFACEOUTERBOUND(#3778,.T.);
#3780=IFCFACE((#3779));
#3781=IFCPOLYLOOP((#2560,#2561,#2538,#2552));
#3782=IFCFACEOUTERBOUND(#3781,.T.);
#3783=IFCFACE((#3782));
#3784=IFCPOLYLOOP((#2556,#2560,#2559));
#3785=IFCFACEOUTERBOUND(#3784,.T.);
#3786=IFCFACE((#3785));
#3787=IFCPOLYLOOP((#2553,#2533,#2557));
#3788=IFCFACEOUTERBOUND(#3787,.T.);
#3789=IFCFACE((#3788));
#3790=IFCPOLYLOOP((#2558,#2549,#2541));
#3791=IFCFACEOUTERBOUND(#3790,.T.);
#3792=IFCFACE((#3791));
#3793=IFCPOLYLOOP((#2546,#2558,#2554));
#3794=IFCFACEOUTERBOUND(#3793,.T.);
#3795=IFCFACE((#3794));
#3796=IFCPOLYLOOP((#2559,#2560,#2534));
#3797=IFCFACEOUTERBOUND(#3796,.T.);
#3798=IFCFACE((#3797));
#3799=IFCPOLYLOOP((#2559,#2535,#2556));
#3800=IFCFACEOUTERBOUND(#3799,.T.);
#3801=IFCFACE((#3800));
#3802=IFCPOLYLOOP((#2556,#2537,#2561));
#3803=IFCFACEOUTERBOUND(#3802,.T.);
#3804=IFCFACE((#3803));
#3805=IFCPOLYLOOP((#2562,#2547,#2543));
#3806=IFCFACEOUTERBOUND(#3805,.T.);
#3807=IFCFACE((#3806));
#3808=IFCPOLYLOOP((#2515,#2339,#2545,#2540,#2546,#2535,#2559,#2534,#2551,#2536,#2543,#2547,#2532,#2563));
#3809=IFCFACEOUTERBOUND(#3808,.T.);
#3810=IFCFACE((#3809));
#3811=IFCPOLYLOOP((#2517,#2516,#2564,#2565));
#3812=IFCFACEOUTERBOUND(#3811,.T.);
#3813=IFCFACE((#3812));
#3814=IFCPOLYLOOP((#2518,#2566,#2567,#2578,#2577,#2601,#2575,#2588,#2587,#2596,#2573,#2610,#2583,#2605,#2574,#2581,#2580,#2590,#2519));
#3815=IFCFACEOUTERBOUND(#3814,.T.);
#3816=IFCFACE((#3815));
#3817=IFCPOLYLOOP((#2598,#2589,#2576));
#3818=IFCFACEOUTERBOUND(#3817,.T.);
#3819=IFCFACE((#3818));
#3820=IFCPOLYLOOP((#2591,#2607,#2603));
#3821=IFCFACEOUTERBOUND(#3820,.T.);
#3822=IFCFACE((#3821));
#3823=IFCPOLYLOOP((#2590,#2614,#2615));
#3824=IFCFACEOUTERBOUND(#3823,.T.);
#3825=IFCFACE((#3824));
#3826=IFCPOLYLOOP((#2576,#2600,#2598));
#3827=IFCFACEOUTERBOUND(#3826,.T.);
#3828=IFCFACE((#3827));
#3829=IFCPOLYLOOP((#2614,#2590,#2580));
#3830=IFCFACEOUTERBOUND(#3829,.T.);
#3831=IFCFACE((#3830));
#3832=IFCPOLYLOOP((#2592,#2593,#2594));
#3833=IFCFACEOUTERBOUND(#3832,.T.);
#3834=IFCFACE((#3833));
#3835=IFCPOLYLOOP((#2581,#2574,#2603));
#3836=IFCFACEOUTERBOUND(#3835,.T.);
#3837=IFCFACE((#3836));
#3838=IFCPOLYLOOP((#2584,#2585,#2606));
#3839=IFCFACEOUTERBOUND(#3838,.T.);
#3840=IFCFACE((#3839));
#3841=IFCPOLYLOOP((#2595,#2597,#2616));
#3842=IFCFACEOUTERBOUND(#3841,.T.);
#3843=IFCFACE((#3842));
#3844=IFCPOLYLOOP((#2610,#2611,#2608));
#3845=IFCFACEOUTERBOUND(#3844,.T.);
#3846=IFCFACE((#3845));
#3847=IFCPOLYLOOP((#2613,#2600,#2599));
#3848=IFCFACEOUTERBOUND(#3847,.T.);
#3849=IFCFACE((#3848));
#3850=IFCPOLYLOOP((#2602,#2567,#2568));
#3851=IFCFACEOUTERBOUND(#3850,.T.);
#3852=IFCFACE((#3851));
#3853=IFCPOLYLOOP((#2589,#2598,#2602));
#3854=IFCFACEOUTERBOUND(#3853,.T.);
#3855=IFCFACE((#3854));
#3856=IFCPOLYLOOP((#2615,#2614,#2582));
#3857=IFCFACEOUTERBOUND(#3856,.T.);
#3858=IFCFACE((#3857));
#3859=IFCPOLYLOOP((#2584,#2606,#2608));
#3860=IFCFACEOUTERBOUND(#3859,.T.);
#3861=IFCFACE((#3860));
#3862=IFCPOLYLOOP((#2607,#2581,#2603));
#3863=IFCFACEOUTERBOUND(#3862,.T.);
#3864=IFCFACE((#3863));
#3865=IFCPOLYLOOP((#2519,#2590,#2615));
#3866=IFCFACEOUTERBOUND(#3865,.T.);
#3867=IFCFACE((#3866));
#3868=IFCPOLYLOOP((#2521,#2520,#2615));
#3869=IFCFACEOUTERBOUND(#3868,.T.);
#3870=IFCFACE((#3869));
#3871=IFCPOLYLOOP((#2604,#2571,#2603));
#3872=IFCFACEOUTERBOUND(#3871,.T.);
#3873=IFCFACE((#3872));
#3874=IFCPOLYLOOP((#2606,#2604,#2605));
#3875=IFCFACEOUTERBOUND(#3874,.T.);
#3876=IFCFACE((#3875));
#3877=IFCPOLYLOOP((#2572,#2592,#2594));
#3878=IFCFACEOUTERBOUND(#3877,.T.);
#3879=IFCFACE((#3878));
#3880=IFCPOLYLOOP((#2587,#2593,#2595));
#3881=IFCFACEOUTERBOUND(#3880,.T.);
#3882=IFCFACE((#3881));
#3883=IFCPOLYLOOP((#2587,#2588,#2593));
#3884=IFCFACEOUTERBOUND(#3883,.T.);
#3885=IFCFACE((#3884));
#3886=IFCPOLYLOOP((#2569,#2589,#2602));
#3887=IFCFACEOUTERBOUND(#3886,.T.);
#3888=IFCFACE((#3887));
#3889=IFCPOLYLOOP((#2598,#2577,#2578));
#3890=IFCFACEOUTERBOUND(#3889,.T.);
#3891=IFCFACE((#3890));
#3892=IFCPOLYLOOP((#2593,#2586,#2595));
#3893=IFCFACEOUTERBOUND(#3892,.T.);
#3894=IFCFACE((#3893));
#3895=IFCPOLYLOOP((#2607,#2579,#2614));
#3896=IFCFACEOUTERBOUND(#3895,.T.);
#3897=IFCFACE((#3896));
#3898=IFCPOLYLOOP((#2586,#2593,#2592));
#3899=IFCFACEOUTERBOUND(#3898,.T.);
#3900=IFCFACE((#3899));
#3901=IFCPOLYLOOP((#2594,#2593,#2588));
#3902=IFCFACEOUTERBOUND(#3901,.T.);
#3903=IFCFACE((#3902));
#3904=IFCPOLYLOOP((#2588,#2575,#2594));
#3905=IFCFACEOUTERBOUND(#3904,.T.);
#3906=IFCFACE((#3905));
#3907=IFCPOLYLOOP((#2594,#2575,#2613));
#3908=IFCFACEOUTERBOUND(#3907,.T.);
#3909=IFCFACE((#3908));
#3910=IFCPOLYLOOP((#2597,#2570,#2612));
#3911=IFCFACEOUTERBOUND(#3910,.T.);
#3912=IFCFACE((#3911));
#3913=IFCPOLYLOOP((#2595,#2586,#2597));
#3914=IFCFACEOUTERBOUND(#3913,.T.);
#3915=IFCFACE((#3914));
#3916=IFCPOLYLOOP((#2570,#2611,#2612));
#3917=IFCFACEOUTERBOUND(#3916,.T.);
#3918=IFCFACE((#3917));
#3919=IFCPOLYLOOP((#2596,#2587,#2595));
#3920=IFCFACEOUTERBOUND(#3919,.T.);
#3921=IFCFACE((#3920));
#3922=IFCPOLYLOOP((#2598,#2578,#2602));
#3923=IFCFACEOUTERBOUND(#3922,.T.);
#3924=IFCFACE((#3923));
#3925=IFCPOLYLOOP((#2567,#2602,#2578));
#3926=IFCFACEOUTERBOUND(#3925,.T.);
#3927=IFCFACE((#3926));
#3928=IFCPOLYLOOP((#2598,#2600,#2577));
#3929=IFCFACEOUTERBOUND(#3928,.T.);
#3930=IFCFACE((#3929));
#3931=IFCPOLYLOOP((#2576,#2599,#2600));
#3932=IFCFACEOUTERBOUND(#3931,.T.);
#3933=IFCFACE((#3932));
#3934=IFCPOLYLOOP((#2575,#2601,#2613));
#3935=IFCFACEOUTERBOUND(#3934,.T.);
#3936=IFCFACE((#3935));
#3937=IFCPOLYLOOP((#2572,#2613,#2599));
#3938=IFCFACEOUTERBOUND(#3937,.T.);
#3939=IFCFACE((#3938));
#3940=IFCPOLYLOOP((#2601,#2577,#2600));
#3941=IFCFACEOUTERBOUND(#3940,.T.);
#3942=IFCFACE((#3941));
#3943=IFCPOLYLOOP((#2569,#2602,#2568));
#3944=IFCFACEOUTERBOUND(#3943,.T.);
#3945=IFCFACE((#3944));
#3946=IFCPOLYLOOP((#2604,#2603,#2574));
#3947=IFCFACEOUTERBOUND(#3946,.T.);
#3948=IFCFACE((#3947));
#3949=IFCPOLYLOOP((#2591,#2603,#2571));
#3950=IFCFACEOUTERBOUND(#3949,.T.);
#3951=IFCFACE((#3950));
#3952=IFCPOLYLOOP((#2606,#2583,#2608));
#3953=IFCFACEOUTERBOUND(#3952,.T.);
#3954=IFCFACE((#3953));
#3955=IFCPOLYLOOP((#2585,#2571,#2604));
#3956=IFCFACEOUTERBOUND(#3955,.T.);
#3957=IFCFACE((#3956));
#3958=IFCPOLYLOOP((#2604,#2574,#2605));
#3959=IFCFACEOUTERBOUND(#3958,.T.);
#3960=IFCFACE((#3959));
#3961=IFCPOLYLOOP((#2606,#2605,#2583));
#3962=IFCFACEOUTERBOUND(#3961,.T.);
#3963=IFCFACE((#3962));
#3964=IFCPOLYLOOP((#2604,#2606,#2585));
#3965=IFCFACEOUTERBOUND(#3964,.T.);
#3966=IFCFACE((#3965));
#3967=IFCPOLYLOOP((#2579,#2607,#2591));
#3968=IFCFACEOUTERBOUND(#3967,.T.);
#3969=IFCFACE((#3968));
#3970=IFCPOLYLOOP((#2580,#2581,#2607));
#3971=IFCFACEOUTERBOUND(#3970,.T.);
#3972=IFCFACE((#3971));
#3973=IFCPOLYLOOP((#2611,#2610,#2573));
#3974=IFCFACEOUTERBOUND(#3973,.T.);
#3975=IFCFACE((#3974));
#3976=IFCPOLYLOOP((#2608,#2583,#2610));
#3977=IFCFACEOUTERBOUND(#3976,.T.);
#3978=IFCFACE((#3977));
#3979=IFCPOLYLOOP((#2611,#2570,#2609));
#3980=IFCFACEOUTERBOUND(#3979,.T.);
#3981=IFCFACE((#3980));
#3982=IFCPOLYLOOP((#2609,#2584,#2608));
#3983=IFCFACEOUTERBOUND(#3982,.T.);
#3984=IFCFACE((#3983));
#3985=IFCPOLYLOOP((#2611,#2573,#2612));
#3986=IFCFACEOUTERBOUND(#3985,.T.);
#3987=IFCFACE((#3986));
#3988=IFCPOLYLOOP((#2608,#2611,#2609));
#3989=IFCFACEOUTERBOUND(#3988,.T.);
#3990=IFCFACE((#3989));
#3991=IFCPOLYLOOP((#2573,#2596,#2612));
#3992=IFCFACEOUTERBOUND(#3991,.T.);
#3993=IFCFACE((#3992));
#3994=IFCPOLYLOOP((#2612,#2596,#2616));
#3995=IFCFACEOUTERBOUND(#3994,.T.);
#3996=IFCFACE((#3995));
#3997=IFCPOLYLOOP((#2613,#2601,#2600));
#3998=IFCFACEOUTERBOUND(#3997,.T.);
#3999=IFCFACE((#3998));
#4000=IFCPOLYLOOP((#2594,#2613,#2572));
#4001=IFCFACEOUTERBOUND(#4000,.T.);
#4002=IFCFACE((#4001));
#4003=IFCPOLYLOOP((#2607,#2614,#2580));
#4004=IFCFACEOUTERBOUND(#4003,.T.);
#4005=IFCFACE((#4004));
#4006=IFCPOLYLOOP((#2582,#2614,#2579));
#4007=IFCFACEOUTERBOUND(#4006,.T.);
#4008=IFCFACE((#4007));
#4009=IFCPOLYLOOP((#2521,#2615,#2582));
#4010=IFCFACEOUTERBOUND(#4009,.T.);
#4011=IFCFACE((#4010));
#4012=IFCPOLYLOOP((#2519,#2615,#2520));
#4013=IFCFACEOUTERBOUND(#4012,.T.);
#4014=IFCFACE((#4013));
#4015=IFCPOLYLOOP((#2612,#2616,#2597));
#4016=IFCFACEOUTERBOUND(#4015,.T.);
#4017=IFCFACE((#4016));
#4018=IFCPOLYLOOP((#2596,#2595,#2616));
#4019=IFCFACEOUTERBOUND(#4018,.T.);
#4020=IFCFACE((#4019));
#4021=IFCPOLYLOOP((#2648,#2666,#2667));
#4022=IFCFACEOUTERBOUND(#4021,.T.);
#4023=IFCFACE((#4022));
#4024=IFCPOLYLOOP((#2711,#2636,#2745));
#4025=IFCFACEOUTERBOUND(#4024,.T.);
#4026=IFCFACE((#4025));
#4027=IFCPOLYLOOP((#2780,#2755,#2715));
#4028=IFCFACEOUTERBOUND(#4027,.T.);
#4029=IFCFACE((#4028));
#4030=IFCPOLYLOOP((#2731,#2654,#2785));
#4031=IFCFACEOUTERBOUND(#4030,.T.);
#4032=IFCFACE((#4031));
#4033=IFCPOLYLOOP((#2668,#2689,#2697));
#4034=IFCFACEOUTERBOUND(#4033,.T.);
#4035=IFCFACE((#4034));
#4036=IFCPOLYLOOP((#2664,#2633,#2669));
#4037=IFCFACEOUTERBOUND(#4036,.T.);
#4038=IFCFACE((#4037));
#4039=IFCPOLYLOOP((#2717,#2680,#2759,#2641));
#4040=IFCFACEOUTERBOUND(#4039,.T.);
#4041=IFCFACE((#4040));
#4042=IFCPOLYLOOP((#2698,#2701,#2700));
#4043=IFCFACEOUTERBOUND(#4042,.T.);
#4044=IFCFACE((#4043));
#4045=IFCPOLYLOOP((#2661,#2660,#2646,#2662));
#4046=IFCFACEOUTERBOUND(#4045,.T.);
#4047=IFCFACE((#4046));
#4048=IFCPOLYLOOP((#2788,#2793,#2792,#2657));
#4049=IFCFACEOUTERBOUND(#4048,.T.);
#4050=IFCFACE((#4049));
#4051=IFCPOLYLOOP((#2782,#2783,#2725));
#4052=IFCFACEOUTERBOUND(#4051,.T.);
#4053=IFCFACE((#4052));
#4054=IFCPOLYLOOP((#2700,#2701,#2699));
#4055=IFCFACEOUTERBOUND(#4054,.T.);
#4056=IFCFACE((#4055));
#4057=IFCPOLYLOOP((#2784,#2779,#2724));
#4058=IFCFACEOUTERBOUND(#4057,.T.);
#4059=IFCFACE((#4058));
#4060=IFCPOLYLOOP((#2756,#2753,#2714));
#4061=IFCFACEOUTERBOUND(#4060,.T.);
#4062=IFCFACE((#4061));
#4063=IFCPOLYLOOP((#2691,#2631,#2689));
#4064=IFCFACEOUTERBOUND(#4063,.T.);
#4065=IFCFACE((#4064));
#4066=IFCPOLYLOOP((#2721,#2771,#2684));
#4067=IFCFACEOUTERBOUND(#4066,.T.);
#4068=IFCFACE((#4067));
#4069=IFCPOLYLOOP((#2633,#2664,#2662));
#4070=IFCFACEOUTERBOUND(#4069,.T.);
#4071=IFCFACE((#4070));
#4072=IFCPOLYLOOP((#2665,#2617,#2618));
#4073=IFCFACEOUTERBOUND(#4072,.T.);
#4074=IFCFACE((#4073));
#4075=IFCPOLYLOOP((#2531,#2530,#2660));
#4076=IFCFACEOUTERBOUND(#4075,.T.);
#4077=IFCFACE((#4076));
#4078=IFCPOLYLOOP((#2740,#2737,#2708));
#4079=IFCFACEOUTERBOUND(#4078,.T.);
#4080=IFCFACE((#4079));
#4081=IFCPOLYLOOP((#2775,#2776,#2723));
#4082=IFCFACEOUTERBOUND(#4081,.T.);
#4083=IFCFACE((#4082));
#4084=IFCPOLYLOOP((#2744,#2739,#2709));
#4085=IFCFACEOUTERBOUND(#4084,.T.);
#4086=IFCFACE((#4085));
#4087=IFCPOLYLOOP((#2746,#2742,#2710));
#4088=IFCFACEOUTERBOUND(#4087,.T.);
#4089=IFCFACE((#4088));
#4090=IFCPOLYLOOP((#2793,#2788,#2734));
#4091=IFCFACEOUTERBOUND(#4090,.T.);
#4092=IFCFACE((#4091));
#4093=IFCPOLYLOOP((#2719,#2766,#2682));
#4094=IFCFACEOUTERBOUND(#4093,.T.);
#4095=IFCFACE((#4094));
#4096=IFCPOLYLOOP((#2719,#2682,#2764,#2640));
#4097=IFCFACEOUTERBOUND(#4096,.T.);
#4098=IFCFACE((#4097));
#4099=IFCPOLYLOOP((#2717,#2761,#2680));
#4100=IFCFACEOUTERBOUND(#4099,.T.);
#4101=IFCFACE((#4100));
#4102=IFCPOLYLOOP((#2661,#2658,#2531));
#4103=IFCFACEOUTERBOUND(#4102,.T.);
#4104=IFCFACE((#4103));
#4105=IFCPOLYLOOP((#2665,#2666,#2648));
#4106=IFCFACEOUTERBOUND(#4105,.T.);
#4107=IFCFACE((#4106));
#4108=IFCPOLYLOOP((#2667,#2698,#2642));
#4109=IFCFACEOUTERBOUND(#4108,.T.);
#4110=IFCFACE((#4109));
#4111=IFCPOLYLOOP((#2645,#2661,#2664));
#4112=IFCFACEOUTERBOUND(#4111,.T.);
#4113=IFCFACE((#4112));
#4114=IFCPOLYLOOP((#2643,#2698,#2667));
#4115=IFCFACEOUTERBOUND(#4114,.T.);
#4116=IFCFACE((#4115));
#4117=IFCPOLYLOOP((#2618,#2666,#2665));
#4118=IFCFACEOUTERBOUND(#4117,.T.);
#4119=IFCFACE((#4118));
#4120=IFCPOLYLOOP((#2694,#2695,#2651));
#4121=IFCFACEOUTERBOUND(#4120,.T.);
#4122=IFCFACE((#4121));
#4123=IFCPOLYLOOP((#2721,#2684,#2769,#2650));
#4124=IFCFACEOUTERBOUND(#4123,.T.);
#4125=IFCFACE((#4124));
#4126=IFCPOLYLOOP((#2694,#2693,#2692));
#4127=IFCFACEOUTERBOUND(#4126,.T.);
#4128=IFCFACE((#4127));
#4129=IFCPOLYLOOP((#2786,#2787,#2731));
#4130=IFCFACEOUTERBOUND(#4129,.T.);
#4131=IFCFACE((#4130));
#4132=IFCPOLYLOOP((#2777,#2773,#2722));
#4133=IFCFACEOUTERBOUND(#4132,.T.);
#4134=IFCFACE((#4133));
#4135=IFCPOLYLOOP((#2775,#2733,#2705));
#4136=IFCFACEOUTERBOUND(#4135,.T.);
#4137=IFCFACE((#4136));
#4138=IFCPOLYLOOP((#2713,#2751,#2676));
#4139=IFCFACEOUTERBOUND(#4138,.T.);
#4140=IFCFACE((#4139));
#4141=IFCPOLYLOOP((#2713,#2676,#2749,#2656));
#4142=IFCFACEOUTERBOUND(#4141,.T.);
#4143=IFCFACE((#4142));
#4144=IFCPOLYLOOP((#2623,#2741,#2789,#2788));
#4145=IFCFACEOUTERBOUND(#4144,.T.);
#4146=IFCFACE((#4145));
#4147=IFCPOLYLOOP((#2658,#2532,#2531));
#4148=IFCFACEOUTERBOUND(#4147,.T.);
#4149=IFCFACE((#4148));
#4150=IFCPOLYLOOP((#2618,#2619,#2659));
#4151=IFCFACEOUTERBOUND(#4150,.T.);
#4152=IFCFACE((#4151));
#4153=IFCPOLYLOOP((#2660,#2661,#2531));
#4154=IFCFACEOUTERBOUND(#4153,.T.);
#4155=IFCFACE((#4154));
#4156=IFCPOLYLOOP((#2645,#2658,#2661));
#4157=IFCFACEOUTERBOUND(#4156,.T.);
#4158=IFCFACE((#4157));
#4159=IFCPOLYLOOP((#2664,#2632,#2663,#2645));
#4160=IFCFACEOUTERBOUND(#4159,.T.);
#4161=IFCFACE((#4160));
#4162=IFCPOLYLOOP((#2664,#2661,#2662));
#4163=IFCFACEOUTERBOUND(#4162,.T.);
#4164=IFCFACE((#4163));
#4165=IFCPOLYLOOP((#2786,#2736,#2708));
#4166=IFCFACEOUTERBOUND(#4165,.T.);
#4167=IFCFACE((#4166));
#4168=IFCPOLYLOOP((#2666,#2618,#2659));
#4169=IFCFACEOUTERBOUND(#4168,.T.);
#4170=IFCFACE((#4169));
#4171=IFCPOLYLOOP((#2659,#2647,#2666));
#4172=IFCFACEOUTERBOUND(#4171,.T.);
#4173=IFCFACE((#4172));
#4174=IFCPOLYLOOP((#2667,#2666,#2647));
#4175=IFCFACEOUTERBOUND(#4174,.T.);
#4176=IFCFACE((#4175));
#4177=IFCPOLYLOOP((#2643,#2667,#2647));
#4178=IFCFACEOUTERBOUND(#4177,.T.);
#4179=IFCFACE((#4178));
#4180=IFCPOLYLOOP((#2667,#2642,#2707,#2648));
#4181=IFCFACEOUTERBOUND(#4180,.T.);
#4182=IFCFACE((#4181));
#4183=IFCPOLYLOOP((#2664,#2669,#2632));
#4184=IFCFACEOUTERBOUND(#4183,.T.);
#4185=IFCFACE((#4184));
#4186=IFCPOLYLOOP((#2669,#2633,#2690));
#4187=IFCFACEOUTERBOUND(#4186,.T.);
#4188=IFCFACE((#4187));
#4189=IFCPOLYLOOP((#2689,#2630,#2691));
#4190=IFCFACEOUTERBOUND(#4189,.T.);
#4191=IFCFACE((#4190));
#4192=IFCPOLYLOOP((#2689,#2631,#2670));
#4193=IFCFACEOUTERBOUND(#4192,.T.);
#4194=IFCFACE((#4193));
#4195=IFCPOLYLOOP((#2669,#2697,#2632));
#4196=IFCFACEOUTERBOUND(#4195,.T.);
#4197=IFCFACE((#4196));
#4198=IFCPOLYLOOP((#2709,#2671,#2738,#2636));
#4199=IFCFACEOUTERBOUND(#4198,.T.);
#4200=IFCFACE((#4199));
#4201=IFCPOLYLOOP((#2789,#2741,#2710));
#4202=IFCFACEOUTERBOUND(#4201,.T.);
#4203=IFCFACE((#4202));
#4204=IFCPOLYLOOP((#2711,#2673,#2743));
#4205=IFCFACEOUTERBOUND(#4204,.T.);
#4206=IFCFACE((#4205));
#4207=IFCPOLYLOOP((#2747,#2751,#2750,#2675));
#4208=IFCFACEOUTERBOUND(#4207,.T.);
#4209=IFCFACE((#4208));
#4210=IFCPOLYLOOP((#2751,#2747,#2712));
#4211=IFCFACEOUTERBOUND(#4210,.T.);
#4212=IFCFACE((#4211));
#4213=IFCPOLYLOOP((#2714,#2625,#2752,#2677));
#4214=IFCFACEOUTERBOUND(#4213,.T.);
#4215=IFCFACE((#4214));
#4216=IFCPOLYLOOP((#2715,#2677,#2754,#2629));
#4217=IFCFACEOUTERBOUND(#4216,.T.);
#4218=IFCFACE((#4217));
#4219=IFCPOLYLOOP((#2679,#2716,#2761));
#4220=IFCFACEOUTERBOUND(#4219,.T.);
#4221=IFCFACE((#4220));
#4222=IFCPOLYLOOP((#2716,#2679,#2757,#2621));
#4223=IFCFACEOUTERBOUND(#4222,.T.);
#4224=IFCFACE((#4223));
#4225=IFCPOLYLOOP((#2762,#2766,#2765,#2681));
#4226=IFCFACEOUTERBOUND(#4225,.T.);
#4227=IFCFACE((#4226));
#4228=IFCPOLYLOOP((#2766,#2762,#2718));
#4229=IFCFACEOUTERBOUND(#4228,.T.);
#4230=IFCFACE((#4229));
#4231=IFCPOLYLOOP((#2683,#2720,#2771));
#4232=IFCFACEOUTERBOUND(#4231,.T.);
#4233=IFCFACE((#4232));
#4234=IFCPOLYLOOP((#2720,#2683,#2767,#2624));
#4235=IFCFACEOUTERBOUND(#4234,.T.);
#4236=IFCFACE((#4235));
#4237=IFCPOLYLOOP((#2722,#2622,#2772,#2685));
#4238=IFCFACEOUTERBOUND(#4237,.T.);
#4239=IFCFACE((#4238));
#4240=IFCPOLYLOOP((#2723,#2685,#2774,#2653));
#4241=IFCFACEOUTERBOUND(#4240,.T.);
#4242=IFCFACE((#4241));
#4243=IFCPOLYLOOP((#2724,#2629,#2778,#2687));
#4244=IFCFACEOUTERBOUND(#4243,.T.);
#4245=IFCFACE((#4244));
#4246=IFCPOLYLOOP((#2725,#2687,#2781,#2626));
#4247=IFCFACEOUTERBOUND(#4246,.T.);
#4248=IFCFACE((#4247));
#4249=IFCPOLYLOOP((#2697,#2689,#2670));
#4250=IFCFACEOUTERBOUND(#4249,.T.);
#4251=IFCFACE((#4250));
#4252=IFCPOLYLOOP((#2689,#2668,#2726,#2630));
#4253=IFCFACEOUTERBOUND(#4252,.T.);
#4254=IFCFACE((#4253));
#4255=IFCPOLYLOOP((#2695,#2650,#2727,#2651));
#4256=IFCFACEOUTERBOUND(#4255,.T.);
#4257=IFCFACE((#4256));
#4258=IFCPOLYLOOP((#2697,#2690,#2668));
#4259=IFCFACEOUTERBOUND(#4258,.T.);
#4260=IFCFACE((#4259));
#4261=IFCPOLYLOOP((#2694,#2696,#2691));
#4262=IFCFACEOUTERBOUND(#4261,.T.);
#4263=IFCFACE((#4262));
#4264=IFCPOLYLOOP((#2691,#2693,#2694));
#4265=IFCFACEOUTERBOUND(#4264,.T.);
#4266=IFCFACE((#4265));
#4267=IFCPOLYLOOP((#2691,#2630,#2693));
#4268=IFCFACEOUTERBOUND(#4267,.T.);
#4269=IFCFACE((#4268));
#4270=IFCPOLYLOOP((#2694,#2692,#2695));
#4271=IFCFACEOUTERBOUND(#4270,.T.);
#4272=IFCFACE((#4271));
#4273=IFCPOLYLOOP((#2632,#2697,#2670));
#4274=IFCFACEOUTERBOUND(#4273,.T.);
#4275=IFCFACE((#4274));
#4276=IFCPOLYLOOP((#2695,#2692,#2728,#2649));
#4277=IFCFACEOUTERBOUND(#4276,.T.);
#4278=IFCFACE((#4277));
#4279=IFCPOLYLOOP((#2721,#2695,#2649));
#4280=IFCFACEOUTERBOUND(#4279,.T.);
#4281=IFCFACE((#4280));
#4282=IFCPOLYLOOP((#2696,#2694,#2651));
#4283=IFCFACEOUTERBOUND(#4282,.T.);
#4284=IFCFACE((#4283));
#4285=IFCPOLYLOOP((#2696,#2631,#2691));
#4286=IFCFACEOUTERBOUND(#4285,.T.);
#4287=IFCFACE((#4286));
#4288=IFCPOLYLOOP((#2690,#2697,#2669));
#4289=IFCFACEOUTERBOUND(#4288,.T.);
#4290=IFCFACE((#4289));
#4291=IFCPOLYLOOP((#2701,#2703,#2644));
#4292=IFCFACEOUTERBOUND(#4291,.T.);
#4293=IFCFACE((#4292));
#4294=IFCPOLYLOOP((#2644,#2702,#2701));
#4295=IFCFACEOUTERBOUND(#4294,.T.);
#4296=IFCFACE((#4295));
#4297=IFCPOLYLOOP((#2701,#2702,#2699));
#4298=IFCFACEOUTERBOUND(#4297,.T.);
#4299=IFCFACE((#4298));
#4300=IFCPOLYLOOP((#2703,#2701,#2698));
#4301=IFCFACEOUTERBOUND(#4300,.T.);
#4302=IFCFACE((#4301));
#4303=IFCPOLYLOOP((#2700,#2642,#2698));
#4304=IFCFACEOUTERBOUND(#4303,.T.);
#4305=IFCFACE((#4304));
#4306=IFCPOLYLOOP((#2702,#2644,#2729,#2627));
#4307=IFCFACEOUTERBOUND(#4306,.T.);
#4308=IFCFACE((#4307));
#4309=IFCPOLYLOOP((#2779,#2784,#2688));
#4310=IFCFACEOUTERBOUND(#4309,.T.);
#4311=IFCFACE((#4310));
#4312=IFCPOLYLOOP((#2782,#2730,#2702));
#4313=IFCFACEOUTERBOUND(#4312,.T.);
#4314=IFCFACE((#4313));
#4315=IFCPOLYLOOP((#2698,#2643,#2703));
#4316=IFCFACEOUTERBOUND(#4315,.T.);
#4317=IFCFACE((#4316));
#4318=IFCPOLYLOOP((#2773,#2777,#2686));
#4319=IFCFACEOUTERBOUND(#4318,.T.);
#4320=IFCFACE((#4319));
#4321=IFCPOLYLOOP((#2705,#2704,#2732,#2652));
#4322=IFCFACEOUTERBOUND(#4321,.T.);
#4323=IFCFACE((#4322));
#4324=IFCPOLYLOOP((#2731,#2705,#2654));
#4325=IFCFACEOUTERBOUND(#4324,.T.);
#4326=IFCFACE((#4325));
#4327=IFCPOLYLOOP((#2671,#2709,#2740));
#4328=IFCFACEOUTERBOUND(#4327,.T.);
#4329=IFCFACE((#4328));
#4330=IFCPOLYLOOP((#2735,#2706,#2791,#2655));
#4331=IFCFACEOUTERBOUND(#4330,.T.);
#4332=IFCFACE((#4331));
#4333=IFCPOLYLOOP((#2620,#2789,#2710));
#4334=IFCFACEOUTERBOUND(#4333,.T.);
#4335=IFCFACE((#4334));
#4336=IFCPOLYLOOP((#2742,#2746,#2745,#2674));
#4337=IFCFACEOUTERBOUND(#4336,.T.);
#4338=IFCFACE((#4337));
#4339=IFCPOLYLOOP((#2709,#2739,#2740));
#4340=IFCFACEOUTERBOUND(#4339,.T.);
#4341=IFCFACE((#4340));
#4342=IFCPOLYLOOP((#2673,#2711,#2746));
#4343=IFCFACEOUTERBOUND(#4342,.T.);
#4344=IFCFACE((#4343));
#4345=IFCPOLYLOOP((#2789,#2620,#2734));
#4346=IFCFACEOUTERBOUND(#4345,.T.);
#4347=IFCFACE((#4346));
#4348=IFCPOLYLOOP((#2743,#2744,#2711));
#4349=IFCFACEOUTERBOUND(#4348,.T.);
#4350=IFCFACE((#4349));
#4351=IFCPOLYLOOP((#2711,#2745,#2746));
#4352=IFCFACEOUTERBOUND(#4351,.T.);
#4353=IFCFACE((#4352));
#4354=IFCPOLYLOOP((#2718,#2712,#2639));
#4355=IFCFACEOUTERBOUND(#4354,.T.);
#4356=IFCFACE((#4355));
#4357=IFCPOLYLOOP((#2712,#2638,#2748,#2676));
#4358=IFCFACEOUTERBOUND(#4357,.T.);
#4359=IFCFACE((#4358));
#4360=IFCPOLYLOOP((#2735,#2713,#2656));
#4361=IFCFACEOUTERBOUND(#4360,.T.);
#4362=IFCFACE((#4361));
#4363=IFCPOLYLOOP((#2713,#2655,#2750));
#4364=IFCFACEOUTERBOUND(#4363,.T.);
#4365=IFCFACE((#4364));
#4366=IFCPOLYLOOP((#2677,#2715,#2756));
#4367=IFCFACEOUTERBOUND(#4366,.T.);
#4368=IFCFACE((#4367));
#4369=IFCPOLYLOOP((#2722,#2714,#2622));
#4370=IFCFACEOUTERBOUND(#4369,.T.);
#4371=IFCFACE((#4370));
#4372=IFCPOLYLOOP((#2629,#2724,#2780));
#4373=IFCFACEOUTERBOUND(#4372,.T.);
#4374=IFCFACE((#4373));
#4375=IFCPOLYLOOP((#2756,#2715,#2678));
#4376=IFCFACEOUTERBOUND(#4375,.T.);
#4377=IFCFACE((#4376));
#4378=IFCPOLYLOOP((#2720,#2716,#2621));
#4379=IFCFACEOUTERBOUND(#4378,.T.);
#4380=IFCFACE((#4379));
#4381=IFCPOLYLOOP((#2716,#2624,#2758));
#4382=IFCFACEOUTERBOUND(#4381,.T.);
#4383=IFCFACE((#4382));
#4384=IFCPOLYLOOP((#2719,#2717,#2641));
#4385=IFCFACEOUTERBOUND(#4384,.T.);
#4386=IFCFACE((#4385));
#4387=IFCPOLYLOOP((#2717,#2640,#2760));
#4388=IFCFACEOUTERBOUND(#4387,.T.);
#4389=IFCFACE((#4388));
#4390=IFCPOLYLOOP((#2712,#2718,#2638));
#4391=IFCFACEOUTERBOUND(#4390,.T.);
#4392=IFCFACE((#4391));
#4393=IFCPOLYLOOP((#2718,#2639,#2763));
#4394=IFCFACEOUTERBOUND(#4393,.T.);
#4395=IFCFACE((#4394));
#4396=IFCPOLYLOOP((#2717,#2719,#2640));
#4397=IFCFACEOUTERBOUND(#4396,.T.);
#4398=IFCFACE((#4397));
#4399=IFCPOLYLOOP((#2719,#2641,#2765));
#4400=IFCFACEOUTERBOUND(#4399,.T.);
#4401=IFCFACE((#4400));
#4402=IFCPOLYLOOP((#2716,#2720,#2624));
#4403=IFCFACEOUTERBOUND(#4402,.T.);
#4404=IFCFACE((#4403));
#4405=IFCPOLYLOOP((#2720,#2621,#2768));
#4406=IFCFACEOUTERBOUND(#4405,.T.);
#4407=IFCFACE((#4406));
#4408=IFCPOLYLOOP((#2695,#2721,#2650));
#4409=IFCFACEOUTERBOUND(#4408,.T.);
#4410=IFCFACE((#4409));
#4411=IFCPOLYLOOP((#2721,#2649,#2770));
#4412=IFCFACEOUTERBOUND(#4411,.T.);
#4413=IFCFACE((#4412));
#4414=IFCPOLYLOOP((#2685,#2723,#2777));
#4415=IFCFACEOUTERBOUND(#4414,.T.);
#4416=IFCFACE((#4415));
#4417=IFCPOLYLOOP((#2714,#2722,#2625));
#4418=IFCFACEOUTERBOUND(#4417,.T.);
#4419=IFCFACE((#4418));
#4420=IFCPOLYLOOP((#2723,#2653,#2775));
#4421=IFCFACEOUTERBOUND(#4420,.T.);
#4422=IFCFACE((#4421));
#4423=IFCPOLYLOOP((#2777,#2723,#2686));
#4424=IFCFACEOUTERBOUND(#4423,.T.);
#4425=IFCFACE((#4424));
#4426=IFCPOLYLOOP((#2687,#2725,#2784));
#4427=IFCFACEOUTERBOUND(#4426,.T.);
#4428=IFCFACE((#4427));
#4429=IFCPOLYLOOP((#2780,#2724,#2628));
#4430=IFCFACEOUTERBOUND(#4429,.T.);
#4431=IFCFACE((#4430));
#4432=IFCPOLYLOOP((#2725,#2626,#2782));
#4433=IFCFACEOUTERBOUND(#4432,.T.);
#4434=IFCFACE((#4433));
#4435=IFCPOLYLOOP((#2784,#2725,#2688));
#4436=IFCFACEOUTERBOUND(#4435,.T.);
#4437=IFCFACE((#4436));
#4438=IFCPOLYLOOP((#2785,#2786,#2731));
#4439=IFCFACEOUTERBOUND(#4438,.T.);
#4440=IFCFACE((#4439));
#4441=IFCPOLYLOOP((#2730,#2699,#2702));
#4442=IFCFACEOUTERBOUND(#4441,.T.);
#4443=IFCFACE((#4442));
#4444=IFCPOLYLOOP((#2705,#2731,#2704));
#4445=IFCFACEOUTERBOUND(#4444,.T.);
#4446=IFCFACE((#4445));
#4447=IFCPOLYLOOP((#2734,#2620,#2790,#2706));
#4448=IFCFACEOUTERBOUND(#4447,.T.);
#4449=IFCFACE((#4448));
#4450=IFCPOLYLOOP((#2733,#2654,#2705));
#4451=IFCFACEOUTERBOUND(#4450,.T.);
#4452=IFCFACE((#4451));
#4453=IFCPOLYLOOP((#2793,#2706,#2735));
#4454=IFCFACEOUTERBOUND(#4453,.T.);
#4455=IFCFACE((#4454));
#4456=IFCPOLYLOOP((#2713,#2735,#2655));
#4457=IFCFACEOUTERBOUND(#4456,.T.);
#4458=IFCFACE((#4457));
#4459=IFCPOLYLOOP((#2735,#2656,#2792));
#4460=IFCFACEOUTERBOUND(#4459,.T.);
#4461=IFCFACE((#4460));
#4462=IFCPOLYLOOP((#2737,#2740,#2739,#2672));
#4463=IFCFACEOUTERBOUND(#4462,.T.);
#4464=IFCFACE((#4463));
#4465=IFCPOLYLOOP((#2671,#2708,#2736));
#4466=IFCFACEOUTERBOUND(#4465,.T.);
#4467=IFCFACE((#4466));
#4468=IFCPOLYLOOP((#2737,#2634,#2708));
#4469=IFCFACEOUTERBOUND(#4468,.T.);
#4470=IFCFACE((#4469));
#4471=IFCPOLYLOOP((#2671,#2740,#2708));
#4472=IFCFACEOUTERBOUND(#4471,.T.);
#4473=IFCFACE((#4472));
#4474=IFCPOLYLOOP((#2739,#2744,#2743,#2637));
#4475=IFCFACEOUTERBOUND(#4474,.T.);
#4476=IFCFACE((#4475));
#4477=IFCPOLYLOOP((#2673,#2710,#2741));
#4478=IFCFACEOUTERBOUND(#4477,.T.);
#4479=IFCFACE((#4478));
#4480=IFCPOLYLOOP((#2742,#2620,#2710));
#4481=IFCFACEOUTERBOUND(#4480,.T.);
#4482=IFCFACE((#4481));
#4483=IFCPOLYLOOP((#2636,#2744,#2709));
#4484=IFCFACEOUTERBOUND(#4483,.T.);
#4485=IFCFACE((#4484));
#4486=IFCPOLYLOOP((#2636,#2711,#2744));
#4487=IFCFACEOUTERBOUND(#4486,.T.);
#4488=IFCFACE((#4487));
#4489=IFCPOLYLOOP((#2673,#2746,#2710));
#4490=IFCFACEOUTERBOUND(#4489,.T.);
#4491=IFCFACE((#4490));
#4492=IFCPOLYLOOP((#2676,#2751,#2712));
#4493=IFCFACEOUTERBOUND(#4492,.T.);
#4494=IFCFACE((#4493));
#4495=IFCPOLYLOOP((#2639,#2712,#2747));
#4496=IFCFACEOUTERBOUND(#4495,.T.);
#4497=IFCFACE((#4496));
#4498=IFCPOLYLOOP((#2750,#2751,#2713));
#4499=IFCFACEOUTERBOUND(#4498,.T.);
#4500=IFCFACE((#4499));
#4501=IFCPOLYLOOP((#2753,#2756,#2678));
#4502=IFCFACEOUTERBOUND(#4501,.T.);
#4503=IFCFACE((#4502));
#4504=IFCPOLYLOOP((#2753,#2622,#2714));
#4505=IFCFACEOUTERBOUND(#4504,.T.);
#4506=IFCFACE((#4505));
#4507=IFCPOLYLOOP((#2755,#2678,#2715));
#4508=IFCFACEOUTERBOUND(#4507,.T.);
#4509=IFCFACE((#4508));
#4510=IFCPOLYLOOP((#2677,#2756,#2714));
#4511=IFCFACEOUTERBOUND(#4510,.T.);
#4512=IFCFACE((#4511));
#4513=IFCPOLYLOOP((#2761,#2716,#2758));
#4514=IFCFACEOUTERBOUND(#4513,.T.);
#4515=IFCFACE((#4514));
#4516=IFCPOLYLOOP((#2761,#2758,#2680));
#4517=IFCFACEOUTERBOUND(#4516,.T.);
#4518=IFCFACE((#4517));
#4519=IFCPOLYLOOP((#2761,#2760,#2679));
#4520=IFCFACEOUTERBOUND(#4519,.T.);
#4521=IFCFACE((#4520));
#4522=IFCPOLYLOOP((#2760,#2761,#2717));
#4523=IFCFACEOUTERBOUND(#4522,.T.);
#4524=IFCFACE((#4523));
#4525=IFCPOLYLOOP((#2766,#2718,#2763));
#4526=IFCFACEOUTERBOUND(#4525,.T.);
#4527=IFCFACE((#4526));
#4528=IFCPOLYLOOP((#2762,#2638,#2718));
#4529=IFCFACEOUTERBOUND(#4528,.T.);
#4530=IFCFACE((#4529));
#4531=IFCPOLYLOOP((#2766,#2763,#2682));
#4532=IFCFACEOUTERBOUND(#4531,.T.);
#4533=IFCFACE((#4532));
#4534=IFCPOLYLOOP((#2765,#2766,#2719));
#4535=IFCFACEOUTERBOUND(#4534,.T.);
#4536=IFCFACE((#4535));
#4537=IFCPOLYLOOP((#2771,#2720,#2768));
#4538=IFCFACEOUTERBOUND(#4537,.T.);
#4539=IFCFACE((#4538));
#4540=IFCPOLYLOOP((#2771,#2768,#2684));
#4541=IFCFACEOUTERBOUND(#4540,.T.);
#4542=IFCFACE((#4541));
#4543=IFCPOLYLOOP((#2771,#2770,#2683));
#4544=IFCFACEOUTERBOUND(#4543,.T.);
#4545=IFCFACE((#4544));
#4546=IFCPOLYLOOP((#2770,#2771,#2721));
#4547=IFCFACEOUTERBOUND(#4546,.T.);
#4548=IFCFACE((#4547));
#4549=IFCPOLYLOOP((#2733,#2775,#2653));
#4550=IFCFACEOUTERBOUND(#4549,.T.);
#4551=IFCFACE((#4550));
#4552=IFCPOLYLOOP((#2773,#2625,#2722));
#4553=IFCFACEOUTERBOUND(#4552,.T.);
#4554=IFCFACE((#4553));
#4555=IFCPOLYLOOP((#2652,#2775,#2705));
#4556=IFCFACEOUTERBOUND(#4555,.T.);
#4557=IFCFACE((#4556));
#4558=IFCPOLYLOOP((#2776,#2775,#2652));
#4559=IFCFACEOUTERBOUND(#4558,.T.);
#4560=IFCFACE((#4559));
#4561=IFCPOLYLOOP((#2776,#2686,#2723));
#4562=IFCFACEOUTERBOUND(#4561,.T.);
#4563=IFCFACE((#4562));
#4564=IFCPOLYLOOP((#2685,#2777,#2722));
#4565=IFCFACEOUTERBOUND(#4564,.T.);
#4566=IFCFACE((#4565));
#4567=IFCPOLYLOOP((#2755,#2780,#2628));
#4568=IFCFACEOUTERBOUND(#4567,.T.);
#4569=IFCFACE((#4568));
#4570=IFCPOLYLOOP((#2779,#2628,#2724));
#4571=IFCFACEOUTERBOUND(#4570,.T.);
#4572=IFCFACE((#4571));
#4573=IFCPOLYLOOP((#2629,#2780,#2715));
#4574=IFCFACEOUTERBOUND(#4573,.T.);
#4575=IFCFACE((#4574));
#4576=IFCPOLYLOOP((#2730,#2782,#2626));
#4577=IFCFACEOUTERBOUND(#4576,.T.);
#4578=IFCFACE((#4577));
#4579=IFCPOLYLOOP((#2627,#2782,#2702));
#4580=IFCFACEOUTERBOUND(#4579,.T.);
#4581=IFCFACE((#4580));
#4582=IFCPOLYLOOP((#2783,#2782,#2627));
#4583=IFCFACEOUTERBOUND(#4582,.T.);
#4584=IFCFACE((#4583));
#4585=IFCPOLYLOOP((#2783,#2688,#2725));
#4586=IFCFACEOUTERBOUND(#4585,.T.);
#4587=IFCFACE((#4586));
#4588=IFCPOLYLOOP((#2687,#2784,#2724));
#4589=IFCFACEOUTERBOUND(#4588,.T.);
#4590=IFCFACE((#4589));
#4591=IFCPOLYLOOP((#2736,#2786,#2785,#2635));
#4592=IFCFACEOUTERBOUND(#4591,.T.);
#4593=IFCFACE((#4592));
#4594=IFCPOLYLOOP((#2634,#2786,#2708));
#4595=IFCFACEOUTERBOUND(#4594,.T.);
#4596=IFCFACE((#4595));
#4597=IFCPOLYLOOP((#2787,#2786,#2634));
#4598=IFCFACEOUTERBOUND(#4597,.T.);
#4599=IFCFACE((#4598));
#4600=IFCPOLYLOOP((#2787,#2704,#2731));
#4601=IFCFACEOUTERBOUND(#4600,.T.);
#4602=IFCFACE((#4601));
#4603=IFCPOLYLOOP((#2788,#2789,#2734));
#4604=IFCFACEOUTERBOUND(#4603,.T.);
#4605=IFCFACE((#4604));
#4606=IFCPOLYLOOP((#2706,#2793,#2734));
#4607=IFCFACEOUTERBOUND(#4606,.T.);
#4608=IFCFACE((#4607));
#4609=IFCPOLYLOOP((#2792,#2793,#2735));
#4610=IFCFACEOUTERBOUND(#4609,.T.);
#4611=IFCFACE((#4610));
#4612=IFCPOLYLOOP((#2563,#2532,#2658,#2645,#2663,#2632,#2670,#2631,#2696,#2651,#2727,#2650,#2769,#2684,#2768,#2621,#2757,#2679,#2760,#2640,#2764,#2682,#2763,#2639,#2747,#2675,#2750,#2655,#2791,#2706,#2790,#2620,#2742,#2674,#2745,#2636,#2738,#2671,#2736,#2635,#2785,#2654,#2733,#2653,#2774,#2685,#2772,#2622,#2753,#2678,#2755,#2628,#2779,#2688,#2783,#2627,#2729,#2644,#2703,#2643,#2647,#2659,#2619,#2794));
#4613=IFCFACEOUTERBOUND(#4612,.T.);
#4614=IFCFACE((#4613));
#4615=IFCPOLYLOOP((#2794,#2564,#2563));
#4616=IFCFACEOUTERBOUND(#4615,.T.);
#4617=IFCFACE((#4616));
#4618=IFCPOLYLOOP((#2564,#2794,#2276));
#4619=IFCFACEOUTERBOUND(#4618,.T.);
#4620=IFCFACE((#4619));
#4621=IFCPOLYLOOP((#2514,#2276,#2794));
#4622=IFCFACEOUTERBOUND(#4621,.T.);
#4623=IFCFACE((#4622));
#4624=IFCPOLYLOOP((#2276,#2514,#2515));
#4625=IFCFACEOUTERBOUND(#4624,.T.);
#4626=IFCFACE((#4625));
#4627=IFCPOLYLOOP((#2277,#2515,#2563));
#4628=IFCFACEOUTERBOUND(#4627,.T.);
#4629=IFCFACE((#4628));
#4630=IFCPOLYLOOP((#2515,#2277,#2276));
#4631=IFCFACEOUTERBOUND(#4630,.T.);
#4632=IFCFACE((#4631));
#4633=IFCPOLYLOOP((#2516,#2563,#2564));
#4634=IFCFACEOUTERBOUND(#4633,.T.);
#4635=IFCFACE((#4634));
#4636=IFCPOLYLOOP((#2563,#2516,#2277));
#4637=IFCFACEOUTERBOUND(#4636,.T.);
#4638=IFCFACE((#4637));
#4639=IFCPOLYLOOP((#2565,#2564,#2276,#2275));
#4640=IFCFACEOUTERBOUND(#4639,.T.);
#4641=IFCFACE((#4640));
#4642=IFCPOLYLOOP((#2565,#2566,#2517));
#4643=IFCFACEOUTERBOUND(#4642,.T.);
#4644=IFCFACE((#4643));
#4645=IFCPOLYLOOP((#2566,#2565,#2280));
#4646=IFCFACEOUTERBOUND(#4645,.T.);
#4647=IFCFACE((#4646));
#4648=IFCPOLYLOOP((#2275,#2280,#2565));
#4649=IFCFACEOUTERBOUND(#4648,.T.);
#4650=IFCFACE((#4649));
#4651=IFCPOLYLOOP((#2280,#2275,#2278));
#4652=IFCFACEOUTERBOUND(#4651,.T.);
#4653=IFCFACE((#4652));
#4654=IFCPOLYLOOP((#2281,#2278,#2517));
#4655=IFCFACEOUTERBOUND(#4654,.T.);
#4656=IFCFACE((#4655));
#4657=IFCPOLYLOOP((#2278,#2281,#2280));
#4658=IFCFACEOUTERBOUND(#4657,.T.);
#4659=IFCFACE((#4658));
#4660=IFCPOLYLOOP((#2518,#2517,#2566));
#4661=IFCFACEOUTERBOUND(#4660,.T.);
#4662=IFCFACE((#4661));
#4663=IFCPOLYLOOP((#2517,#2518,#2281));
#4664=IFCFACEOUTERBOUND(#4663,.T.);
#4665=IFCFACE((#4664));
#4666=IFCPOLYLOOP((#2567,#2566,#2280,#2279,#2795,#2797));
#4667=IFCFACEOUTERBOUND(#4666,.T.);
#4668=IFCFACE((#4667));
#4669=IFCPOLYLOOP((#2798,#2800,#2796,#2799));
#4670=IFCFACEOUTERBOUND(#4669,.T.);
#4671=IFCFACE((#4670));
#4672=IFCPOLYLOOP((#2799,#2568,#2801));
#4673=IFCFACEOUTERBOUND(#4672,.T.);
#4674=IFCFACE((#4673));
#4675=IFCPOLYLOOP((#2279,#2284,#2802));
#4676=IFCFACEOUTERBOUND(#4675,.T.);
#4677=IFCFACE((#4676));
#4678=IFCPOLYLOOP((#2798,#2795,#2802));
#4679=IFCFACEOUTERBOUND(#4678,.T.);
#4680=IFCFACE((#4679));
#4681=IFCPOLYLOOP((#2567,#2797,#2801));
#4682=IFCFACEOUTERBOUND(#4681,.T.);
#4683=IFCFACE((#4682));
#4684=IFCPOLYLOOP((#2798,#2797,#2795));
#4685=IFCFACEOUTERBOUND(#4684,.T.);
#4686=IFCFACE((#4685));
#4687=IFCPOLYLOOP((#2800,#2798,#2802));
#4688=IFCFACEOUTERBOUND(#4687,.T.);
#4689=IFCFACE((#4688));
#4690=IFCPOLYLOOP((#2799,#2801,#2798));
#4691=IFCFACEOUTERBOUND(#4690,.T.);
#4692=IFCFACE((#4691));
#4693=IFCPOLYLOOP((#2801,#2797,#2798));
#4694=IFCFACEOUTERBOUND(#4693,.T.);
#4695=IFCFACE((#4694));
#4696=IFCPOLYLOOP((#2799,#2569,#2568));
#4697=IFCFACEOUTERBOUND(#4696,.T.);
#4698=IFCFACE((#4697));
#4699=IFCPOLYLOOP((#2284,#2283,#2800));
#4700=IFCFACEOUTERBOUND(#4699,.T.);
#4701=IFCFACE((#4700));
#4702=IFCPOLYLOOP((#2567,#2801,#2568));
#4703=IFCFACEOUTERBOUND(#4702,.T.);
#4704=IFCFACE((#4703));
#4705=IFCPOLYLOOP((#2279,#2802,#2795));
#4706=IFCFACEOUTERBOUND(#4705,.T.);
#4707=IFCFACE((#4706));
#4708=IFCPOLYLOOP((#2800,#2802,#2284));
#4709=IFCFACEOUTERBOUND(#4708,.T.);
#4710=IFCFACE((#4709));
#4711=IFCPOLYLOOP((#2521,#2617,#2665));
#4712=IFCFACEOUTERBOUND(#4711,.T.);
#4713=IFCFACE((#4712));
#4714=IFCPOLYLOOP((#2530,#2286,#2526));
#4715=IFCFACEOUTERBOUND(#4714,.T.);
#4716=IFCFACE((#4715));
#4717=IFCPOLYLOOP((#2617,#2569,#2799));
#4718=IFCFACEOUTERBOUND(#4717,.T.);
#4719=IFCFACE((#4718));
#4720=IFCPOLYLOOP((#2617,#2521,#2582));
#4721=IFCFACEOUTERBOUND(#4720,.T.);
#4722=IFCFACE((#4721));
#4723=IFCPOLYLOOP((#2286,#2337,#2385));
#4724=IFCFACEOUTERBOUND(#4723,.T.);
#4725=IFCFACE((#4724));
#4726=IFCPOLYLOOP((#2286,#2530,#2544));
#4727=IFCFACEOUTERBOUND(#4726,.T.);
#4728=IFCFACE((#4727));
#4729=IFCPOLYLOOP((#2283,#2336,#2814));
#4730=IFCFACEOUTERBOUND(#4729,.T.);
#4731=IFCFACE((#4730));
#4732=IFCPOLYLOOP((#2336,#2283,#2299));
#4733=IFCFACEOUTERBOUND(#4732,.T.);
#4734=IFCFACE((#4733));
#4735=IFCPOLYLOOP((#2521,#2665,#2648));
#4736=IFCFACEOUTERBOUND(#4735,.T.);
#4737=IFCFACE((#4736));
#4738=IFCPOLYLOOP((#2521,#2648,#2707));
#4739=IFCFACEOUTERBOUND(#4738,.T.);
#4740=IFCFACE((#4739));
#4741=IFCPOLYLOOP((#2521,#2707,#2642));
#4742=IFCFACEOUTERBOUND(#4741,.T.);
#4743=IFCFACE((#4742));
#4744=IFCPOLYLOOP((#2521,#2642,#2700));
#4745=IFCFACEOUTERBOUND(#4744,.T.);
#4746=IFCFACE((#4745));
#4747=IFCPOLYLOOP((#2521,#2700,#2699));
#4748=IFCFACEOUTERBOUND(#4747,.T.);
#4749=IFCFACE((#4748));
#4750=IFCPOLYLOOP((#2521,#2699,#2730));
#4751=IFCFACEOUTERBOUND(#4750,.T.);
#4752=IFCFACE((#4751));
#4753=IFCPOLYLOOP((#2521,#2730,#2626));
#4754=IFCFACEOUTERBOUND(#4753,.T.);
#4755=IFCFACE((#4754));
#4756=IFCPOLYLOOP((#2521,#2626,#2781));
#4757=IFCFACEOUTERBOUND(#4756,.T.);
#4758=IFCFACE((#4757));
#4759=IFCPOLYLOOP((#2521,#2781,#2687));
#4760=IFCFACEOUTERBOUND(#4759,.T.);
#4761=IFCFACE((#4760));
#4762=IFCPOLYLOOP((#2521,#2687,#2778));
#4763=IFCFACEOUTERBOUND(#4762,.T.);
#4764=IFCFACE((#4763));
#4765=IFCPOLYLOOP((#2521,#2778,#2629));
#4766=IFCFACEOUTERBOUND(#4765,.T.);
#4767=IFCFACE((#4766));
#4768=IFCPOLYLOOP((#2521,#2629,#2754));
#4769=IFCFACEOUTERBOUND(#4768,.T.);
#4770=IFCFACE((#4769));
#4771=IFCPOLYLOOP((#2521,#2754,#2677));
#4772=IFCFACEOUTERBOUND(#4771,.T.);
#4773=IFCFACE((#4772));
#4774=IFCPOLYLOOP((#2521,#2677,#2752));
#4775=IFCFACEOUTERBOUND(#4774,.T.);
#4776=IFCFACE((#4775));
#4777=IFCPOLYLOOP((#2521,#2752,#2625));
#4778=IFCFACEOUTERBOUND(#4777,.T.);
#4779=IFCFACE((#4778));
#4780=IFCPOLYLOOP((#2521,#2625,#2773));
#4781=IFCFACEOUTERBOUND(#4780,.T.);
#4782=IFCFACE((#4781));
#4783=IFCPOLYLOOP((#2521,#2773,#2686));
#4784=IFCFACEOUTERBOUND(#4783,.T.);
#4785=IFCFACE((#4784));
#4786=IFCPOLYLOOP((#2521,#2686,#2776));
#4787=IFCFACEOUTERBOUND(#4786,.T.);
#4788=IFCFACE((#4787));
#4789=IFCPOLYLOOP((#2521,#2776,#2652));
#4790=IFCFACEOUTERBOUND(#4789,.T.);
#4791=IFCFACE((#4790));
#4792=IFCPOLYLOOP((#2521,#2652,#2732));
#4793=IFCFACEOUTERBOUND(#4792,.T.);
#4794=IFCFACE((#4793));
#4795=IFCPOLYLOOP((#2521,#2732,#2704));
#4796=IFCFACEOUTERBOUND(#4795,.T.);
#4797=IFCFACE((#4796));
#4798=IFCPOLYLOOP((#2521,#2704,#2787));
#4799=IFCFACEOUTERBOUND(#4798,.T.);
#4800=IFCFACE((#4799));
#4801=IFCPOLYLOOP((#2521,#2787,#2634));
#4802=IFCFACEOUTERBOUND(#4801,.T.);
#4803=IFCFACE((#4802));
#4804=IFCPOLYLOOP((#2521,#2634,#2737));
#4805=IFCFACEOUTERBOUND(#4804,.T.);
#4806=IFCFACE((#4805));
#4807=IFCPOLYLOOP((#2521,#2737,#2672));
#4808=IFCFACEOUTERBOUND(#4807,.T.);
#4809=IFCFACE((#4808));
#4810=IFCPOLYLOOP((#2521,#2672,#2739));
#4811=IFCFACEOUTERBOUND(#4810,.T.);
#4812=IFCFACE((#4811));
#4813=IFCPOLYLOOP((#2521,#2739,#2637));
#4814=IFCFACEOUTERBOUND(#4813,.T.);
#4815=IFCFACE((#4814));
#4816=IFCPOLYLOOP((#2521,#2637,#2743));
#4817=IFCFACEOUTERBOUND(#4816,.T.);
#4818=IFCFACE((#4817));
#4819=IFCPOLYLOOP((#2521,#2743,#2673));
#4820=IFCFACEOUTERBOUND(#4819,.T.);
#4821=IFCFACE((#4820));
#4822=IFCPOLYLOOP((#2521,#2673,#2741));
#4823=IFCFACEOUTERBOUND(#4822,.T.);
#4824=IFCFACE((#4823));
#4825=IFCPOLYLOOP((#2521,#2741,#2623));
#4826=IFCFACEOUTERBOUND(#4825,.T.);
#4827=IFCFACE((#4826));
#4828=IFCPOLYLOOP((#2521,#2623,#2788));
#4829=IFCFACEOUTERBOUND(#4828,.T.);
#4830=IFCFACE((#4829));
#4831=IFCPOLYLOOP((#2521,#2788,#2657));
#4832=IFCFACEOUTERBOUND(#4831,.T.);
#4833=IFCFACE((#4832));
#4834=IFCPOLYLOOP((#2521,#2657,#2792));
#4835=IFCFACEOUTERBOUND(#4834,.T.);
#4836=IFCFACE((#4835));
#4837=IFCPOLYLOOP((#2521,#2792,#2656));
#4838=IFCFACEOUTERBOUND(#4837,.T.);
#4839=IFCFACE((#4838));
#4840=IFCPOLYLOOP((#2521,#2656,#2749));
#4841=IFCFACEOUTERBOUND(#4840,.T.);
#4842=IFCFACE((#4841));
#4843=IFCPOLYLOOP((#2521,#2749,#2676));
#4844=IFCFACEOUTERBOUND(#4843,.T.);
#4845=IFCFACE((#4844));
#4846=IFCPOLYLOOP((#2521,#2676,#2748));
#4847=IFCFACEOUTERBOUND(#4846,.T.);
#4848=IFCFACE((#4847));
#4849=IFCPOLYLOOP((#2521,#2748,#2638));
#4850=IFCFACEOUTERBOUND(#4849,.T.);
#4851=IFCFACE((#4850));
#4852=IFCPOLYLOOP((#2521,#2638,#2762));
#4853=IFCFACEOUTERBOUND(#4852,.T.);
#4854=IFCFACE((#4853));
#4855=IFCPOLYLOOP((#2521,#2762,#2681));
#4856=IFCFACEOUTERBOUND(#4855,.T.);
#4857=IFCFACE((#4856));
#4858=IFCPOLYLOOP((#2521,#2681,#2765));
#4859=IFCFACEOUTERBOUND(#4858,.T.);
#4860=IFCFACE((#4859));
#4861=IFCPOLYLOOP((#2521,#2765,#2641));
#4862=IFCFACEOUTERBOUND(#4861,.T.);
#4863=IFCFACE((#4862));
#4864=IFCPOLYLOOP((#2521,#2641,#2759));
#4865=IFCFACEOUTERBOUND(#4864,.T.);
#4866=IFCFACE((#4865));
#4867=IFCPOLYLOOP((#2521,#2759,#2680));
#4868=IFCFACEOUTERBOUND(#4867,.T.);
#4869=IFCFACE((#4868));
#4870=IFCPOLYLOOP((#2521,#2680,#2758));
#4871=IFCFACEOUTERBOUND(#4870,.T.);
#4872=IFCFACE((#4871));
#4873=IFCPOLYLOOP((#2521,#2758,#2624));
#4874=IFCFACEOUTERBOUND(#4873,.T.);
#4875=IFCFACE((#4874));
#4876=IFCPOLYLOOP((#2521,#2624,#2767));
#4877=IFCFACEOUTERBOUND(#4876,.T.);
#4878=IFCFACE((#4877));
#4879=IFCPOLYLOOP((#2521,#2767,#2683));
#4880=IFCFACEOUTERBOUND(#4879,.T.);
#4881=IFCFACE((#4880));
#4882=IFCPOLYLOOP((#2521,#2683,#2770));
#4883=IFCFACEOUTERBOUND(#4882,.T.);
#4884=IFCFACE((#4883));
#4885=IFCPOLYLOOP((#2521,#2770,#2649));
#4886=IFCFACEOUTERBOUND(#4885,.T.);
#4887=IFCFACE((#4886));
#4888=IFCPOLYLOOP((#2521,#2649,#2728));
#4889=IFCFACEOUTERBOUND(#4888,.T.);
#4890=IFCFACE((#4889));
#4891=IFCPOLYLOOP((#2521,#2728,#2692));
#4892=IFCFACEOUTERBOUND(#4891,.T.);
#4893=IFCFACE((#4892));
#4894=IFCPOLYLOOP((#2521,#2692,#2693));
#4895=IFCFACEOUTERBOUND(#4894,.T.);
#4896=IFCFACE((#4895));
#4897=IFCPOLYLOOP((#2521,#2693,#2630));
#4898=IFCFACEOUTERBOUND(#4897,.T.);
#4899=IFCFACE((#4898));
#4900=IFCPOLYLOOP((#2521,#2630,#2726));
#4901=IFCFACEOUTERBOUND(#4900,.T.);
#4902=IFCFACE((#4901));
#4903=IFCPOLYLOOP((#2521,#2726,#2668));
#4904=IFCFACEOUTERBOUND(#4903,.T.);
#4905=IFCFACE((#4904));
#4906=IFCPOLYLOOP((#2521,#2668,#2690));
#4907=IFCFACEOUTERBOUND(#4906,.T.);
#4908=IFCFACE((#4907));
#4909=IFCPOLYLOOP((#2521,#2690,#2633));
#4910=IFCFACEOUTERBOUND(#4909,.T.);
#4911=IFCFACE((#4910));
#4912=IFCPOLYLOOP((#2521,#2633,#2662));
#4913=IFCFACEOUTERBOUND(#4912,.T.);
#4914=IFCFACE((#4913));
#4915=IFCPOLYLOOP((#2521,#2662,#2646));
#4916=IFCFACEOUTERBOUND(#4915,.T.);
#4917=IFCFACE((#4916));
#4918=IFCPOLYLOOP((#2521,#2646,#2660));
#4919=IFCFACEOUTERBOUND(#4918,.T.);
#4920=IFCFACE((#4919));
#4921=IFCPOLYLOOP((#2521,#2660,#2530));
#4922=IFCFACEOUTERBOUND(#4921,.T.);
#4923=IFCFACE((#4922));
#4924=IFCPOLYLOOP((#2530,#2526,#2523));
#4925=IFCFACEOUTERBOUND(#4924,.T.);
#4926=IFCFACE((#4925));
#4927=IFCPOLYLOOP((#2530,#2523,#2527));
#4928=IFCFACEOUTERBOUND(#4927,.T.);
#4929=IFCFACE((#4928));
#4930=IFCPOLYLOOP((#2530,#2527,#2521));
#4931=IFCFACEOUTERBOUND(#4930,.T.);
#4932=IFCFACE((#4931));
#4933=IFCPOLYLOOP((#2617,#2799,#2796));
#4934=IFCFACEOUTERBOUND(#4933,.T.);
#4935=IFCFACE((#4934));
#4936=IFCPOLYLOOP((#2617,#2796,#2800));
#4937=IFCFACEOUTERBOUND(#4936,.T.);
#4938=IFCFACE((#4937));
#4939=IFCPOLYLOOP((#2617,#2800,#2283));
#4940=IFCFACEOUTERBOUND(#4939,.T.);
#4941=IFCFACE((#4940));
#4942=IFCPOLYLOOP((#2617,#2582,#2579));
#4943=IFCFACEOUTERBOUND(#4942,.T.);
#4944=IFCFACE((#4943));
#4945=IFCPOLYLOOP((#2617,#2579,#2591));
#4946=IFCFACEOUTERBOUND(#4945,.T.);
#4947=IFCFACE((#4946));
#4948=IFCPOLYLOOP((#2617,#2591,#2571));
#4949=IFCFACEOUTERBOUND(#4948,.T.);
#4950=IFCFACE((#4949));
#4951=IFCPOLYLOOP((#2617,#2571,#2585));
#4952=IFCFACEOUTERBOUND(#4951,.T.);
#4953=IFCFACE((#4952));
#4954=IFCPOLYLOOP((#2617,#2585,#2584));
#4955=IFCFACEOUTERBOUND(#4954,.T.);
#4956=IFCFACE((#4955));
#4957=IFCPOLYLOOP((#2617,#2584,#2609));
#4958=IFCFACEOUTERBOUND(#4957,.T.);
#4959=IFCFACE((#4958));
#4960=IFCPOLYLOOP((#2617,#2609,#2570));
#4961=IFCFACEOUTERBOUND(#4960,.T.);
#4962=IFCFACE((#4961));
#4963=IFCPOLYLOOP((#2617,#2570,#2597));
#4964=IFCFACEOUTERBOUND(#4963,.T.);
#4965=IFCFACE((#4964));
#4966=IFCPOLYLOOP((#2617,#2597,#2586));
#4967=IFCFACEOUTERBOUND(#4966,.T.);
#4968=IFCFACE((#4967));
#4969=IFCPOLYLOOP((#2617,#2586,#2592));
#4970=IFCFACEOUTERBOUND(#4969,.T.);
#4971=IFCFACE((#4970));
#4972=IFCPOLYLOOP((#2617,#2592,#2572));
#4973=IFCFACEOUTERBOUND(#4972,.T.);
#4974=IFCFACE((#4973));
#4975=IFCPOLYLOOP((#2617,#2572,#2599));
#4976=IFCFACEOUTERBOUND(#4975,.T.);
#4977=IFCFACE((#4976));
#4978=IFCPOLYLOOP((#2617,#2599,#2576));
#4979=IFCFACEOUTERBOUND(#4978,.T.);
#4980=IFCFACE((#4979));
#4981=IFCPOLYLOOP((#2617,#2576,#2589));
#4982=IFCFACEOUTERBOUND(#4981,.T.);
#4983=IFCFACE((#4982));
#4984=IFCPOLYLOOP((#2617,#2589,#2569));
#4985=IFCFACEOUTERBOUND(#4984,.T.);
#4986=IFCFACE((#4985));
#4987=IFCPOLYLOOP((#2286,#2385,#2368));
#4988=IFCFACEOUTERBOUND(#4987,.T.);
#4989=IFCFACE((#4988));
#4990=IFCPOLYLOOP((#2286,#2368,#2427));
#4991=IFCFACEOUTERBOUND(#4990,.T.);
#4992=IFCFACE((#4991));
#4993=IFCPOLYLOOP((#2286,#2427,#2362));
#4994=IFCFACEOUTERBOUND(#4993,.T.);
#4995=IFCFACE((#4994));
#4996=IFCPOLYLOOP((#2286,#2362,#2420));
#4997=IFCFACEOUTERBOUND(#4996,.T.);
#4998=IFCFACE((#4997));
#4999=IFCPOLYLOOP((#2286,#2420,#2419));
#5000=IFCFACEOUTERBOUND(#4999,.T.);
#5001=IFCFACE((#5000));
#5002=IFCPOLYLOOP((#2286,#2419,#2450));
#5003=IFCFACEOUTERBOUND(#5002,.T.);
#5004=IFCFACE((#5003));
#5005=IFCPOLYLOOP((#2286,#2450,#2346));
#5006=IFCFACEOUTERBOUND(#5005,.T.);
#5007=IFCFACE((#5006));
#5008=IFCPOLYLOOP((#2286,#2346,#2501));
#5009=IFCFACEOUTERBOUND(#5008,.T.);
#5010=IFCFACE((#5009));
#5011=IFCPOLYLOOP((#2286,#2501,#2407));
#5012=IFCFACEOUTERBOUND(#5011,.T.);
#5013=IFCFACE((#5012));
#5014=IFCPOLYLOOP((#2286,#2407,#2498));
#5015=IFCFACEOUTERBOUND(#5014,.T.);
#5016=IFCFACE((#5015));
#5017=IFCPOLYLOOP((#2286,#2498,#2349));
#5018=IFCFACEOUTERBOUND(#5017,.T.);
#5019=IFCFACE((#5018));
#5020=IFCPOLYLOOP((#2286,#2349,#2474));
#5021=IFCFACEOUTERBOUND(#5020,.T.);
#5022=IFCFACE((#5021));
#5023=IFCPOLYLOOP((#2286,#2474,#2397));
#5024=IFCFACEOUTERBOUND(#5023,.T.);
#5025=IFCFACE((#5024));
#5026=IFCPOLYLOOP((#2286,#2397,#2472));
#5027=IFCFACEOUTERBOUND(#5026,.T.);
#5028=IFCFACE((#5027));
#5029=IFCPOLYLOOP((#2286,#2472,#2345));
#5030=IFCFACEOUTERBOUND(#5029,.T.);
#5031=IFCFACE((#5030));
#5032=IFCPOLYLOOP((#2286,#2345,#2493));
#5033=IFCFACEOUTERBOUND(#5032,.T.);
#5034=IFCFACE((#5033));
#5035=IFCPOLYLOOP((#2286,#2493,#2406));
#5036=IFCFACEOUTERBOUND(#5035,.T.);
#5037=IFCFACE((#5036));
#5038=IFCPOLYLOOP((#2286,#2406,#2496));
#5039=IFCFACEOUTERBOUND(#5038,.T.);
#5040=IFCFACE((#5039));
#5041=IFCPOLYLOOP((#2286,#2496,#2372));
#5042=IFCFACEOUTERBOUND(#5041,.T.);
#5043=IFCFACE((#5042));
#5044=IFCPOLYLOOP((#2286,#2372,#2452));
#5045=IFCFACEOUTERBOUND(#5044,.T.);
#5046=IFCFACE((#5045));
#5047=IFCPOLYLOOP((#2286,#2452,#2424));
#5048=IFCFACEOUTERBOUND(#5047,.T.);
#5049=IFCFACE((#5048));
#5050=IFCPOLYLOOP((#2286,#2424,#2507));
#5051=IFCFACEOUTERBOUND(#5050,.T.);
#5052=IFCFACE((#5051));
#5053=IFCPOLYLOOP((#2286,#2507,#2354));
#5054=IFCFACEOUTERBOUND(#5053,.T.);
#5055=IFCFACE((#5054));
#5056=IFCPOLYLOOP((#2286,#2354,#2457));
#5057=IFCFACEOUTERBOUND(#5056,.T.);
#5058=IFCFACE((#5057));
#5059=IFCPOLYLOOP((#2286,#2457,#2392));
#5060=IFCFACEOUTERBOUND(#5059,.T.);
#5061=IFCFACE((#5060));
#5062=IFCPOLYLOOP((#2286,#2392,#2459));
#5063=IFCFACEOUTERBOUND(#5062,.T.);
#5064=IFCFACE((#5063));
#5065=IFCPOLYLOOP((#2286,#2459,#2357));
#5066=IFCFACEOUTERBOUND(#5065,.T.);
#5067=IFCFACE((#5066));
#5068=IFCPOLYLOOP((#2286,#2357,#2463));
#5069=IFCFACEOUTERBOUND(#5068,.T.);
#5070=IFCFACE((#5069));
#5071=IFCPOLYLOOP((#2286,#2463,#2393));
#5072=IFCFACEOUTERBOUND(#5071,.T.);
#5073=IFCFACE((#5072));
#5074=IFCPOLYLOOP((#2286,#2393,#2461));
#5075=IFCFACEOUTERBOUND(#5074,.T.);
#5076=IFCFACE((#5075));
#5077=IFCPOLYLOOP((#2286,#2461,#2343));
#5078=IFCFACEOUTERBOUND(#5077,.T.);
#5079=IFCFACE((#5078));
#5080=IFCPOLYLOOP((#2286,#2343,#2508));
#5081=IFCFACEOUTERBOUND(#5080,.T.);
#5082=IFCFACE((#5081));
#5083=IFCPOLYLOOP((#2286,#2508,#2377));
#5084=IFCFACEOUTERBOUND(#5083,.T.);
#5085=IFCFACE((#5084));
#5086=IFCPOLYLOOP((#2286,#2377,#2512));
#5087=IFCFACEOUTERBOUND(#5086,.T.);
#5088=IFCFACE((#5087));
#5089=IFCPOLYLOOP((#2286,#2512,#2376));
#5090=IFCFACEOUTERBOUND(#5089,.T.);
#5091=IFCFACE((#5090));
#5092=IFCPOLYLOOP((#2286,#2376,#2469));
#5093=IFCFACEOUTERBOUND(#5092,.T.);
#5094=IFCFACE((#5093));
#5095=IFCPOLYLOOP((#2286,#2469,#2396));
#5096=IFCFACEOUTERBOUND(#5095,.T.);
#5097=IFCFACE((#5096));
#5098=IFCPOLYLOOP((#2286,#2396,#2468));
#5099=IFCFACEOUTERBOUND(#5098,.T.);
#5100=IFCFACE((#5099));
#5101=IFCPOLYLOOP((#2286,#2468,#2358));
#5102=IFCFACEOUTERBOUND(#5101,.T.);
#5103=IFCFACE((#5102));
#5104=IFCPOLYLOOP((#2286,#2358,#2482));
#5105=IFCFACEOUTERBOUND(#5104,.T.);
#5106=IFCFACE((#5105));
#5107=IFCPOLYLOOP((#2286,#2482,#2401));
#5108=IFCFACEOUTERBOUND(#5107,.T.);
#5109=IFCFACE((#5108));
#5110=IFCPOLYLOOP((#2286,#2401,#2485));
#5111=IFCFACEOUTERBOUND(#5110,.T.);
#5112=IFCFACE((#5111));
#5113=IFCPOLYLOOP((#2286,#2485,#2361));
#5114=IFCFACEOUTERBOUND(#5113,.T.);
#5115=IFCFACE((#5114));
#5116=IFCPOLYLOOP((#2286,#2361,#2479));
#5117=IFCFACEOUTERBOUND(#5116,.T.);
#5118=IFCFACE((#5117));
#5119=IFCPOLYLOOP((#2286,#2479,#2400));
#5120=IFCFACEOUTERBOUND(#5119,.T.);
#5121=IFCFACE((#5120));
#5122=IFCPOLYLOOP((#2286,#2400,#2478));
#5123=IFCFACEOUTERBOUND(#5122,.T.);
#5124=IFCFACE((#5123));
#5125=IFCPOLYLOOP((#2286,#2478,#2344));
#5126=IFCFACEOUTERBOUND(#5125,.T.);
#5127=IFCFACE((#5126));
#5128=IFCPOLYLOOP((#2286,#2344,#2487));
#5129=IFCFACEOUTERBOUND(#5128,.T.);
#5130=IFCFACE((#5129));
#5131=IFCPOLYLOOP((#2286,#2487,#2403));
#5132=IFCFACEOUTERBOUND(#5131,.T.);
#5133=IFCFACE((#5132));
#5134=IFCPOLYLOOP((#2286,#2403,#2490));
#5135=IFCFACEOUTERBOUND(#5134,.T.);
#5136=IFCFACE((#5135));
#5137=IFCPOLYLOOP((#2286,#2490,#2369));
#5138=IFCFACEOUTERBOUND(#5137,.T.);
#5139=IFCFACE((#5138));
#5140=IFCPOLYLOOP((#2286,#2369,#2448));
#5141=IFCFACEOUTERBOUND(#5140,.T.);
#5142=IFCFACE((#5141));
#5143=IFCPOLYLOOP((#2286,#2448,#2412));
#5144=IFCFACEOUTERBOUND(#5143,.T.);
#5145=IFCFACE((#5144));
#5146=IFCPOLYLOOP((#2286,#2412,#2413));
#5147=IFCFACEOUTERBOUND(#5146,.T.);
#5148=IFCFACE((#5147));
#5149=IFCPOLYLOOP((#2286,#2413,#2350));
#5150=IFCFACEOUTERBOUND(#5149,.T.);
#5151=IFCFACE((#5150));
#5152=IFCPOLYLOOP((#2286,#2350,#2446));
#5153=IFCFACEOUTERBOUND(#5152,.T.);
#5154=IFCFACE((#5153));
#5155=IFCPOLYLOOP((#2286,#2446,#2388));
#5156=IFCFACEOUTERBOUND(#5155,.T.);
#5157=IFCFACE((#5156));
#5158=IFCPOLYLOOP((#2286,#2388,#2410));
#5159=IFCFACEOUTERBOUND(#5158,.T.);
#5160=IFCFACE((#5159));
#5161=IFCPOLYLOOP((#2286,#2410,#2353));
#5162=IFCFACEOUTERBOUND(#5161,.T.);
#5163=IFCFACE((#5162));
#5164=IFCPOLYLOOP((#2286,#2353,#2382));
#5165=IFCFACEOUTERBOUND(#5164,.T.);
#5166=IFCFACE((#5165));
#5167=IFCPOLYLOOP((#2286,#2382,#2366));
#5168=IFCFACEOUTERBOUND(#5167,.T.);
#5169=IFCFACE((#5168));
#5170=IFCPOLYLOOP((#2286,#2366,#2380));
#5171=IFCFACEOUTERBOUND(#5170,.T.);
#5172=IFCFACE((#5171));
#5173=IFCPOLYLOOP((#2286,#2380,#2336));
#5174=IFCFACEOUTERBOUND(#5173,.T.);
#5175=IFCFACE((#5174));
#5176=IFCPOLYLOOP((#2286,#2544,#2539));
#5177=IFCFACEOUTERBOUND(#5176,.T.);
#5178=IFCFACE((#5177));
#5179=IFCPOLYLOOP((#2286,#2539,#2557));
#5180=IFCFACEOUTERBOUND(#5179,.T.);
#5181=IFCFACE((#5180));
#5182=IFCPOLYLOOP((#2286,#2557,#2533));
#5183=IFCFACEOUTERBOUND(#5182,.T.);
#5184=IFCFACE((#5183));
#5185=IFCPOLYLOOP((#2286,#2533,#2552));
#5186=IFCFACEOUTERBOUND(#5185,.T.);
#5187=IFCFACE((#5186));
#5188=IFCPOLYLOOP((#2286,#2552,#2538));
#5189=IFCFACEOUTERBOUND(#5188,.T.);
#5190=IFCFACE((#5189));
#5191=IFCPOLYLOOP((#2286,#2538,#2561));
#5192=IFCFACEOUTERBOUND(#5191,.T.);
#5193=IFCFACE((#5192));
#5194=IFCPOLYLOOP((#2286,#2561,#2537));
#5195=IFCFACEOUTERBOUND(#5194,.T.);
#5196=IFCFACE((#5195));
#5197=IFCPOLYLOOP((#2286,#2537,#2542));
#5198=IFCFACEOUTERBOUND(#5197,.T.);
#5199=IFCFACE((#5198));
#5200=IFCPOLYLOOP((#2286,#2542,#2541));
#5201=IFCFACEOUTERBOUND(#5200,.T.);
#5202=IFCFACE((#5201));
#5203=IFCPOLYLOOP((#2286,#2541,#2548));
#5204=IFCFACEOUTERBOUND(#5203,.T.);
#5205=IFCFACE((#5204));
#5206=IFCPOLYLOOP((#2286,#2548,#2337));
#5207=IFCFACEOUTERBOUND(#5206,.T.);
#5208=IFCFACE((#5207));
#5209=IFCPOLYLOOP((#2283,#2814,#2809));
#5210=IFCFACEOUTERBOUND(#5209,.T.);
#5211=IFCFACE((#5210));
#5212=IFCPOLYLOOP((#2283,#2809,#2827));
#5213=IFCFACEOUTERBOUND(#5212,.T.);
#5214=IFCFACE((#5213));
#5215=IFCPOLYLOOP((#2283,#2827,#2803));
#5216=IFCFACEOUTERBOUND(#5215,.T.);
#5217=IFCFACE((#5216));
#5218=IFCPOLYLOOP((#2283,#2803,#2822));
#5219=IFCFACEOUTERBOUND(#5218,.T.);
#5220=IFCFACE((#5219));
#5221=IFCPOLYLOOP((#2283,#2822,#2808));
#5222=IFCFACEOUTERBOUND(#5221,.T.);
#5223=IFCFACE((#5222));
#5224=IFCPOLYLOOP((#2283,#2808,#2831));
#5225=IFCFACEOUTERBOUND(#5224,.T.);
#5226=IFCFACE((#5225));
#5227=IFCPOLYLOOP((#2283,#2831,#2807));
#5228=IFCFACEOUTERBOUND(#5227,.T.);
#5229=IFCFACE((#5228));
#5230=IFCPOLYLOOP((#2283,#2807,#2812));
#5231=IFCFACEOUTERBOUND(#5230,.T.);
#5232=IFCFACE((#5231));
#5233=IFCPOLYLOOP((#2283,#2812,#2811));
#5234=IFCFACEOUTERBOUND(#5233,.T.);
#5235=IFCFACE((#5234));
#5236=IFCPOLYLOOP((#2283,#2811,#2818));
#5237=IFCFACEOUTERBOUND(#5236,.T.);
#5238=IFCFACE((#5237));
#5239=IFCPOLYLOOP((#2283,#2818,#2617));
#5240=IFCFACEOUTERBOUND(#5239,.T.);
#5241=IFCFACE((#5240));
#5242=IFCPOLYLOOP((#2336,#2299,#2296));
#5243=IFCFACEOUTERBOUND(#5242,.T.);
#5244=IFCFACE((#5243));
#5245=IFCPOLYLOOP((#2336,#2296,#2308));
#5246=IFCFACEOUTERBOUND(#5245,.T.);
#5247=IFCFACE((#5246));
#5248=IFCPOLYLOOP((#2336,#2308,#2288));
#5249=IFCFACEOUTERBOUND(#5248,.T.);
#5250=IFCFACE((#5249));
#5251=IFCPOLYLOOP((#2336,#2288,#2302));
#5252=IFCFACEOUTERBOUND(#5251,.T.);
#5253=IFCFACE((#5252));
#5254=IFCPOLYLOOP((#2336,#2302,#2301));
#5255=IFCFACEOUTERBOUND(#5254,.T.);
#5256=IFCFACE((#5255));
#5257=IFCPOLYLOOP((#2336,#2301,#2326));
#5258=IFCFACEOUTERBOUND(#5257,.T.);
#5259=IFCFACE((#5258));
#5260=IFCPOLYLOOP((#2336,#2326,#2287));
#5261=IFCFACEOUTERBOUND(#5260,.T.);
#5262=IFCFACE((#5261));
#5263=IFCPOLYLOOP((#2336,#2287,#2314));
#5264=IFCFACEOUTERBOUND(#5263,.T.);
#5265=IFCFACE((#5264));
#5266=IFCPOLYLOOP((#2336,#2314,#2303));
#5267=IFCFACEOUTERBOUND(#5266,.T.);
#5268=IFCFACE((#5267));
#5269=IFCPOLYLOOP((#2336,#2303,#2309));
#5270=IFCFACEOUTERBOUND(#5269,.T.);
#5271=IFCFACE((#5270));
#5272=IFCPOLYLOOP((#2336,#2309,#2289));
#5273=IFCFACEOUTERBOUND(#5272,.T.);
#5274=IFCFACE((#5273));
#5275=IFCPOLYLOOP((#2336,#2289,#2316));
#5276=IFCFACEOUTERBOUND(#5275,.T.);
#5277=IFCFACE((#5276));
#5278=IFCPOLYLOOP((#2336,#2316,#2293));
#5279=IFCFACEOUTERBOUND(#5278,.T.);
#5280=IFCFACE((#5279));
#5281=IFCPOLYLOOP((#2336,#2293,#2306));
#5282=IFCFACEOUTERBOUND(#5281,.T.);
#5283=IFCFACE((#5282));
#5284=IFCPOLYLOOP((#2336,#2306,#2286));
#5285=IFCFACEOUTERBOUND(#5284,.T.);
#5286=IFCFACE((#5285));
#5287=IFCPOLYLOOP((#2810,#2815,#2819));
#5288=IFCFACEOUTERBOUND(#5287,.T.);
#5289=IFCFACE((#5288));
#5290=IFCPOLYLOOP((#2831,#2830,#2826));
#5291=IFCFACEOUTERBOUND(#5290,.T.);
#5292=IFCFACE((#5291));
#5293=IFCPOLYLOOP((#2820,#2832,#2813));
#5294=IFCFACEOUTERBOUND(#5293,.T.);
#5295=IFCFACE((#5294));
#5296=IFCPOLYLOOP((#2826,#2805,#2824));
#5297=IFCFACEOUTERBOUND(#5296,.T.);
#5298=IFCFACE((#5297));
#5299=IFCPOLYLOOP((#2806,#2820,#2813));
#5300=IFCFACEOUTERBOUND(#5299,.T.);
#5301=IFCFACE((#5300));
#5302=IFCPOLYLOOP((#2823,#2827,#2820));
#5303=IFCFACEOUTERBOUND(#5302,.T.);
#5304=IFCFACE((#5303));
#5305=IFCPOLYLOOP((#2335,#2817,#2832));
#5306=IFCFACEOUTERBOUND(#5305,.T.);
#5307=IFCFACE((#5306));
#5308=IFCPOLYLOOP((#2816,#2824,#2805));
#5309=IFCFACEOUTERBOUND(#5308,.T.);
#5310=IFCFACE((#5309));
#5311=IFCPOLYLOOP((#2807,#2824,#2812));
#5312=IFCFACEOUTERBOUND(#5311,.T.);
#5313=IFCFACE((#5312));
#5314=IFCPOLYLOOP((#2804,#2830,#2825));
#5315=IFCFACEOUTERBOUND(#5314,.T.);
#5316=IFCFACE((#5315));
#5317=IFCPOLYLOOP((#2823,#2820,#2806));
#5318=IFCFACEOUTERBOUND(#5317,.T.);
#5319=IFCFACE((#5318));
#5320=IFCPOLYLOOP((#2810,#2819,#2828));
#5321=IFCFACEOUTERBOUND(#5320,.T.);
#5322=IFCFACE((#5321));
#5323=IFCPOLYLOOP((#2811,#2812,#2828));
#5324=IFCFACEOUTERBOUND(#5323,.T.);
#5325=IFCFACE((#5324));
#5326=IFCPOLYLOOP((#2812,#2824,#2828));
#5327=IFCFACEOUTERBOUND(#5326,.T.);
#5328=IFCFACE((#5327));
#5329=IFCPOLYLOOP((#2336,#2335,#2832));
#5330=IFCFACEOUTERBOUND(#5329,.T.);
#5331=IFCFACE((#5330));
#5332=IFCPOLYLOOP((#2618,#2617,#2818));
#5333=IFCFACEOUTERBOUND(#5332,.T.);
#5334=IFCFACE((#5333));
#5335=IFCPOLYLOOP((#2811,#2819,#2818));
#5336=IFCFACEOUTERBOUND(#5335,.T.);
#5337=IFCFACE((#5336));
#5338=IFCPOLYLOOP((#2815,#2619,#2618));
#5339=IFCFACEOUTERBOUND(#5338,.T.);
#5340=IFCFACE((#5339));
#5341=IFCPOLYLOOP((#2335,#2334,#2817));
#5342=IFCFACEOUTERBOUND(#5341,.T.);
#5343=IFCFACE((#5342));
#5344=IFCPOLYLOOP((#2820,#2809,#2832));
#5345=IFCFACEOUTERBOUND(#5344,.T.);
#5346=IFCFACE((#5345));
#5347=IFCPOLYLOOP((#2818,#2819,#2618));
#5348=IFCFACEOUTERBOUND(#5347,.T.);
#5349=IFCFACE((#5348));
#5350=IFCPOLYLOOP((#2618,#2819,#2815));
#5351=IFCFACEOUTERBOUND(#5350,.T.);
#5352=IFCFACE((#5351));
#5353=IFCPOLYLOOP((#2809,#2820,#2827));
#5354=IFCFACEOUTERBOUND(#5353,.T.);
#5355=IFCFACE((#5354));
#5356=IFCPOLYLOOP((#2832,#2809,#2814,#2336));
#5357=IFCFACEOUTERBOUND(#5356,.T.);
#5358=IFCFACE((#5357));
#5359=IFCPOLYLOOP((#2806,#2821,#2823));
#5360=IFCFACEOUTERBOUND(#5359,.T.);
#5361=IFCFACE((#5360));
#5362=IFCPOLYLOOP((#2822,#2825,#2830));
#5363=IFCFACEOUTERBOUND(#5362,.T.);
#5364=IFCFACE((#5363));
#5365=IFCPOLYLOOP((#2803,#2825,#2822));
#5366=IFCFACEOUTERBOUND(#5365,.T.);
#5367=IFCFACE((#5366));
#5368=IFCPOLYLOOP((#2825,#2823,#2821));
#5369=IFCFACEOUTERBOUND(#5368,.T.);
#5370=IFCFACE((#5369));
#5371=IFCPOLYLOOP((#2824,#2807,#2826));
#5372=IFCFACEOUTERBOUND(#5371,.T.);
#5373=IFCFACE((#5372));
#5374=IFCPOLYLOOP((#2816,#2810,#2828));
#5375=IFCFACEOUTERBOUND(#5374,.T.);
#5376=IFCFACE((#5375));
#5377=IFCPOLYLOOP((#2823,#2825,#2803));
#5378=IFCFACEOUTERBOUND(#5377,.T.);
#5379=IFCFACE((#5378));
#5380=IFCPOLYLOOP((#2804,#2825,#2821));
#5381=IFCFACEOUTERBOUND(#5380,.T.);
#5382=IFCFACE((#5381));
#5383=IFCPOLYLOOP((#2830,#2831,#2808,#2822));
#5384=IFCFACEOUTERBOUND(#5383,.T.);
#5385=IFCFACE((#5384));
#5386=IFCPOLYLOOP((#2826,#2830,#2829));
#5387=IFCFACEOUTERBOUND(#5386,.T.);
#5388=IFCFACE((#5387));
#5389=IFCPOLYLOOP((#2823,#2803,#2827));
#5390=IFCFACEOUTERBOUND(#5389,.T.);
#5391=IFCFACE((#5390));
#5392=IFCPOLYLOOP((#2828,#2819,#2811));
#5393=IFCFACEOUTERBOUND(#5392,.T.);
#5394=IFCFACE((#5393));
#5395=IFCPOLYLOOP((#2816,#2828,#2824));
#5396=IFCFACEOUTERBOUND(#5395,.T.);
#5397=IFCFACE((#5396));
#5398=IFCPOLYLOOP((#2829,#2830,#2804));
#5399=IFCFACEOUTERBOUND(#5398,.T.);
#5400=IFCFACE((#5399));
#5401=IFCPOLYLOOP((#2829,#2805,#2826));
#5402=IFCFACEOUTERBOUND(#5401,.T.);
#5403=IFCFACE((#5402));
#5404=IFCPOLYLOOP((#2826,#2807,#2831));
#5405=IFCFACEOUTERBOUND(#5404,.T.);
#5406=IFCFACE((#5405));
#5407=IFCPOLYLOOP((#2832,#2817,#2813));
#5408=IFCFACEOUTERBOUND(#5407,.T.);
#5409=IFCFACE((#5408));
#5410=IFCPOLYLOOP((#2794,#2619,#2815,#2810,#2816,#2805,#2829,#2804,#2821,#2806,#2813,#2817,#2334,#2514));
#5411=IFCFACEOUTERBOUND(#5410,.T.);
#5412=IFCFACE((#5411));
#5413=IFCCARTESIANPOINT((202.399999999991,200.,1212.6));
#5414=IFCCARTESIANPOINT((202.399999999991,180.,1212.6));
#5415=IFCCARTESIANPOINT((202.399999999991,180.,1847.6));
#5416=IFCCARTESIANPOINT((202.399999999991,200.,1847.6));
#5417=IFCCARTESIANPOINT((214.399999999991,179.,1224.6));
#5418=IFCCARTESIANPOINT((214.399999999991,200.,1224.6));
#5419=IFCCARTESIANPOINT((214.399999999991,200.,1835.6));
#5420=IFCCARTESIANPOINT((214.399999999991,179.,1835.6));
#5421=IFCCARTESIANPOINT((209.399999999991,174.,1219.6));
#5422=IFCCARTESIANPOINT((212.935533905924,175.464466094072,1223.13553390593));
#5423=IFCCARTESIANPOINT((212.935533905924,175.464466094072,1837.06446609407));
#5424=IFCCARTESIANPOINT((209.399999999991,174.,1840.6));
#5425=IFCCARTESIANPOINT((209.399999999991,174.,1531.90754299843));
#5426=IFCCARTESIANPOINT((209.399999999991,174.,1375.75376399835));
#5427=IFCCARTESIANPOINT((209.399999999991,174.,1684.44623600165));
#5428=IFCCARTESIANPOINT((214.399999999991,179.,1530.09999819546));
#5429=IFCCARTESIANPOINT((214.399999999991,179.,1377.34999729319));
#5430=IFCCARTESIANPOINT((214.399999999991,179.,1682.84999909773));
#5431=IFCCARTESIANPOINT((209.399999999991,174.,1762.52311049996));
#5432=IFCCARTESIANPOINT((214.399999999991,179.,1759.22499954886));
#5433=IFCCARTESIANPOINT((214.399999999991,179.,1796.56155566704));
#5434=IFCCARTESIANPOINT((209.399999999991,174.,1297.67688950004));
#5435=IFCCARTESIANPOINT((214.399999999991,179.,1300.97500045114));
#5436=IFCCARTESIANPOINT((214.399999999991,179.,1339.16249887216));
#5437=IFCCARTESIANPOINT((209.399999999991,174.,1258.63843724916));
#5438=IFCCARTESIANPOINT((214.399999999991,179.,1453.72499774432));
#5439=IFCCARTESIANPOINT((209.399999999991,174.,1453.83065349839));
#5440=IFCCARTESIANPOINT((209.399999999991,174.,1414.79221624923));
#5441=IFCCARTESIANPOINT((209.399999999991,174.,1608.17688950004));
#5442=IFCCARTESIANPOINT((214.399999999991,179.,1606.47499864659));
#5443=IFCCARTESIANPOINT((214.399999999991,179.,1644.66249706762));
#5444=IFCCARTESIANPOINT((209.399999999991,174.,1801.56156275084));
#5445=IFCCARTESIANPOINT((214.399999999991,179.,1262.78749842103));
#5446=IFCCARTESIANPOINT((209.399999999991,174.,1336.71532674919));
#5447=IFCCARTESIANPOINT((209.399999999991,174.,1646.31156275084));
#5448=IFCCARTESIANPOINT((212.881634426114,175.411376068351,1627.24422416829));
#5449=IFCCARTESIANPOINT((212.971353763622,175.50065259013,1657.76460584313));
#5450=IFCCARTESIANPOINT((212.906182086677,175.435355953961,1597.66727911693));
#5451=IFCCARTESIANPOINT((214.399999999991,179.,1568.28750022557));
#5452=IFCCARTESIANPOINT((209.399999999991,174.,1570.04221624923));
#5453=IFCCARTESIANPOINT((213.03392892005,175.565679018507,1777.89327922382));
#5454=IFCCARTESIANPOINT((209.399999999991,174.,1723.48467325081));
#5455=IFCCARTESIANPOINT((212.849910579482,175.380867922626,1746.44622481338));
#5456=IFCCARTESIANPOINT((214.399999999991,179.,1721.03750112784));
#5457=IFCCARTESIANPOINT((213.006078150632,175.536446857426,1807.07686746465));
#5458=IFCCARTESIANPOINT((212.987083483149,175.516778490418,1358.25625488157));
#5459=IFCCARTESIANPOINT((212.900765138417,175.430035932178,1388.74125906469));
#5460=IFCCARTESIANPOINT((214.399999999991,179.,1415.5374993233));
#5461=IFCCARTESIANPOINT((212.93193456611,175.460870414831,1434.63125414424));
#5462=IFCCARTESIANPOINT((212.974893785069,175.50426911428,1328.8432130467));
#5463=IFCCARTESIANPOINT((212.937565451513,175.466498807675,1464.59342877158));
#5464=IFCCARTESIANPOINT((209.399999999991,174.,1492.86909074754));
#5465=IFCCARTESIANPOINT((214.399999999991,179.,1491.91249616535));
#5466=IFCCARTESIANPOINT((212.967058503426,175.496274321093,1511.00625338376));
#5467=IFCCARTESIANPOINT((212.966082130881,175.495280576749,1540.54910697231));
#5468=IFCCARTESIANPOINT((212.987083521732,175.51677853015,1701.94375147661));
#5469=IFCCARTESIANPOINT((213.036352030214,175.568244776757,1281.88125525031));
#5470=IFCCARTESIANPOINT((212.993794771024,175.523703242866,1252.75011968614));
#5471=IFCCARTESIANPOINT((212.937228178472,175.466161178926,1569.70796940423));
#5472=IFCCARTESIANPOINT((194.399999999991,176.,1204.6));
#5473=IFCCARTESIANPOINT((194.985786437618,174.585786437632,1205.18578643763));
#5474=IFCCARTESIANPOINT((196.399999999991,174.,1206.6));
#5475=IFCCARTESIANPOINT((196.399999999991,174.,1853.6));
#5476=IFCCARTESIANPOINT((194.985786437618,174.585786437632,1855.01421356237));
#5477=IFCCARTESIANPOINT((194.399999999991,176.,1855.6));
#5478=IFCCARTESIANPOINT((194.399999999991,176.,1530.1));
#5479=IFCCARTESIANPOINT((194.399999999991,176.,1367.35000197034));
#5480=IFCCARTESIANPOINT((194.399999999991,176.,1692.84999802966));
#5481=IFCCARTESIANPOINT((196.399999999991,174.,1530.09999819723));
#5482=IFCCARTESIANPOINT((196.399999999991,174.,1368.34999909862));
#5483=IFCCARTESIANPOINT((196.399999999991,174.,1691.84999729585));
#5484=IFCCARTESIANPOINT((196.399999999991,174.,1772.72500045069));
#5485=IFCCARTESIANPOINT((194.399999999991,176.,1774.22500098517));
#5486=IFCCARTESIANPOINT((194.399999999991,176.,1733.53749950742));
#5487=IFCCARTESIANPOINT((196.399999999991,174.,1732.28749887327));
#5488=IFCCARTESIANPOINT((196.399999999991,174.,1287.47499954931));
#5489=IFCCARTESIANPOINT((194.399999999991,176.,1285.97499901483));
#5490=IFCCARTESIANPOINT((194.399999999991,176.,1253.98015975813));
#5491=IFCCARTESIANPOINT((196.399999999991,174.,1247.03749797189));
#5492=IFCCARTESIANPOINT((196.399999999991,174.,1610.97499774654));
#5493=IFCCARTESIANPOINT((194.399999999991,176.,1611.47499901483));
#5494=IFCCARTESIANPOINT((194.399999999991,176.,1570.78749753708));
#5495=IFCCARTESIANPOINT((196.399999999991,174.,1570.53749616912));
#5496=IFCCARTESIANPOINT((196.399999999991,174.,1449.22499864792));
#5497=IFCCARTESIANPOINT((194.399999999991,176.,1448.72500098517));
#5498=IFCCARTESIANPOINT((194.399999999991,176.,1408.03749950742));
#5499=IFCCARTESIANPOINT((196.399999999991,174.,1408.7874970705));
#5500=IFCCARTESIANPOINT((196.399999999991,174.,1813.16249842258));
#5501=IFCCARTESIANPOINT((194.399999999991,176.,1814.91249852225));
#5502=IFCCARTESIANPOINT((194.399999999991,176.,1794.56874975371));
#5503=IFCCARTESIANPOINT((194.399999999991,176.,1229.2900818494));
#5504=IFCCARTESIANPOINT((196.399999999991,174.,1226.81874898594));
#5505=IFCCARTESIANPOINT((194.399999999991,176.,1830.9099181506));
#5506=IFCCARTESIANPOINT((196.399999999991,174.,1833.38124740852));
#5507=IFCCARTESIANPOINT((196.399999999991,174.,1327.91250112673));
#5508=IFCCARTESIANPOINT((194.399999999991,176.,1326.66250049258));
#5509=IFCCARTESIANPOINT((194.399999999991,176.,1306.31875172404));
#5510=IFCCARTESIANPOINT((196.399999999991,174.,1651.41249932396));
#5511=IFCCARTESIANPOINT((194.399999999991,176.,1652.16250049258));
#5512=IFCCARTESIANPOINT((194.399999999991,176.,1631.81874778337));
#5513=IFCCARTESIANPOINT((194.399999999991,176.,1489.41250246292));
#5514=IFCCARTESIANPOINT((196.399999999991,174.,1489.66250022535));
#5515=IFCCARTESIANPOINT((196.399999999991,174.,1509.88124921129));
#5516=IFCCARTESIANPOINT((194.399999999991,176.,1216.94504289504));
#5517=IFCCARTESIANPOINT((194.399999999991,176.,1843.25495710496));
#5518=IFCCARTESIANPOINT((196.399999999991,174.,1218.94504028488));
#5519=IFCCARTESIANPOINT((194.942579145641,174.630356085221,1222.88189511602));
#5520=IFCCARTESIANPOINT((196.399999999991,174.,1236.92812347892));
#5521=IFCCARTESIANPOINT((194.399999999991,176.,1241.63512080376));
#5522=IFCCARTESIANPOINT((195.043425708337,174.53040611351,1241.9828135321));
#5523=IFCCARTESIANPOINT((196.399999999991,174.,1841.25495971512));
#5524=IFCCARTESIANPOINT((194.942579104154,174.630356129367,1837.31810534916));
#5525=IFCCARTESIANPOINT((195.067418003551,174.508616339519,1823.04309149426));
#5526=IFCCARTESIANPOINT((196.399999999991,174.,1267.25624695783));
#5527=IFCCARTESIANPOINT((195.108796177133,174.472651746385,1254.33873050595));
#5528=IFCCARTESIANPOINT((194.399999999991,176.,1269.97757938648));
#5529=IFCCARTESIANPOINT((194.399999999991,176.,1591.13125024629));
#5530=IFCCARTESIANPOINT((196.399999999991,174.,1590.75624515506));
#5531=IFCCARTESIANPOINT((196.399999999991,174.,1550.31874718318));
#5532=IFCCARTESIANPOINT((194.399999999991,176.,1550.44374876854));
#5533=IFCCARTESIANPOINT((194.399999999991,176.,1469.06874975371));
#5534=IFCCARTESIANPOINT((196.399999999991,174.,1469.4437512394));
#5535=IFCCARTESIANPOINT((196.399999999991,174.,1712.06874628179));
#5536=IFCCARTESIANPOINT((194.399999999991,176.,1713.19375073888));
#5537=IFCCARTESIANPOINT((194.399999999991,176.,1387.69375073888));
#5538=IFCCARTESIANPOINT((196.399999999991,174.,1388.56874808456));
#5539=IFCCARTESIANPOINT((196.399999999991,174.,1429.00624605645));
#5540=IFCCARTESIANPOINT((194.399999999991,176.,1428.38125221663));
#5541=IFCCARTESIANPOINT((196.399999999991,174.,1348.13125011267));
#5542=IFCCARTESIANPOINT((194.399999999991,176.,1347.00624926112));
#5543=IFCCARTESIANPOINT((194.399999999991,176.,1672.50624926112));
#5544=IFCCARTESIANPOINT((196.399999999991,174.,1671.63124830991));
#5545=IFCCARTESIANPOINT((196.399999999991,174.,1752.50625146475));
#5546=IFCCARTESIANPOINT((194.399999999991,176.,1753.88124827596));
#5547=IFCCARTESIANPOINT((195.04531432744,174.52866498425,1277.97629193496));
#5548=IFCCARTESIANPOINT((196.399999999991,174.,1257.14687246486));
#5549=IFCCARTESIANPOINT((194.967468436174,174.604344842501,1289.49002996048));
#5550=IFCCARTESIANPOINT((196.399999999991,174.,1307.69375214079));
#5551=IFCCARTESIANPOINT((196.399999999991,174.,1297.58437404228));
#5552=IFCCARTESIANPOINT((195.012732698227,174.5593440961,1302.63906488741));
#5553=IFCCARTESIANPOINT((194.995891552294,174.575753017524,1317.29753303348));
#5554=IFCCARTESIANPOINT((194.399999999991,176.,1296.14687536944));
#5555=IFCCARTESIANPOINT((194.961101053864,174.610910433838,1266.55826540906));
#5556=IFCCARTESIANPOINT((194.967060760685,174.604763412018,1811.61437263609));
#5557=IFCCARTESIANPOINT((196.399999999991,174.,1792.94374943663));
#5558=IFCCARTESIANPOINT((196.399999999991,174.,1803.05312392961));
#5559=IFCCARTESIANPOINT((195.01676275368,174.555474223004,1797.99843783507));
#5560=IFCCARTESIANPOINT((194.999545131594,174.572160316573,1783.41983592365));
#5561=IFCCARTESIANPOINT((194.399999999991,176.,1804.74062216764));
#5562=IFCCARTESIANPOINT((196.399999999991,174.,1631.19375033802));
#5563=IFCCARTESIANPOINT((195.013267914267,174.558828905921,1641.30312616826));
#5564=IFCCARTESIANPOINT((194.399999999991,176.,1509.75625123146));
#5565=IFCCARTESIANPOINT((196.399999999991,174.,1823.27187291555));
#5566=IFCCARTESIANPOINT((194.963904400001,174.608012418275,1601.30312647563));
#5567=IFCCARTESIANPOINT((194.969239386443,174.602529403993,1580.95937659415));
#5568=IFCCARTESIANPOINT((194.985786376054,174.585786499196,1540.20937669565));
#5569=IFCCARTESIANPOINT((194.991380559114,174.580214357458,1560.42812659155));
#5570=IFCCARTESIANPOINT((194.963904394278,174.608012424179,1458.89687728299));
#5571=IFCCARTESIANPOINT((194.996926663036,174.57473328422,1479.55312699848));
#5572=IFCCARTESIANPOINT((195.029145503717,174.543717764295,1701.95937584663));
#5573=IFCCARTESIANPOINT((195.03433117326,174.53885365015,1722.17812573895));
#5574=IFCCARTESIANPOINT((194.943448364892,174.629431747677,1377.5218776677));
#5575=IFCCARTESIANPOINT((195.018613030608,174.553704718668,1398.67812735509));
#5576=IFCCARTESIANPOINT((195.007871200048,174.564041294342,1439.11562718766));
#5577=IFCCARTESIANPOINT((194.95350103663,174.618826314694,1418.20937749126));
#5578=IFCCARTESIANPOINT((195.029145468399,174.543717797541,1358.24062747343));
#5579=IFCCARTESIANPOINT((194.93374066989,174.639822226002,1336.83437776557));
#5580=IFCCARTESIANPOINT((194.943448379674,174.629431731967,1682.67812599688));
#5581=IFCCARTESIANPOINT((194.948431238479,174.624155484588,1662.3343761171));
#5582=IFCCARTESIANPOINT((195.039462096112,174.534074827252,1742.3968756311));
#5583=IFCCARTESIANPOINT((195.044537505,174.5293805983,1762.61562552311));
#5584=IFCCARTESIANPOINT((196.399999999991,174.,1277.36562505634));
#5585=IFCCARTESIANPOINT((194.399999999991,176.,1316.49062807865));
#5586=IFCCARTESIANPOINT((196.399999999991,174.,1317.80312663376));
#5587=IFCCARTESIANPOINT((194.399999999991,176.,1784.39687733977));
#5588=IFCCARTESIANPOINT((196.399999999991,174.,1782.83437494366));
#5589=IFCCARTESIANPOINT((194.958658529618,174.613445000813,1621.64687635655));
#5590=IFCCARTESIANPOINT((196.399999999991,174.,1641.30312483099));
#5591=IFCCARTESIANPOINT((194.399999999991,176.,1641.99062413798));
#5592=IFCCARTESIANPOINT((194.985786360819,174.58578651443,1519.9906267984));
#5593=IFCCARTESIANPOINT((194.9746642231,174.596996819996,1499.58437705976));
#5594=IFCCARTESIANPOINT((194.399999999991,176.,1601.3031266009));
#5595=IFCCARTESIANPOINT((196.399999999991,174.,1600.86562325357));
#5596=IFCCARTESIANPOINT((194.399999999991,176.,1580.95937389169));
#5597=IFCCARTESIANPOINT((196.399999999991,174.,1580.64687066209));
#5598=IFCCARTESIANPOINT((195.083052203691,174.494792870797,1591.1343088244));
#5599=IFCCARTESIANPOINT((196.399999999991,174.,1540.2093726902));
#5600=IFCCARTESIANPOINT((194.399999999991,176.,1540.27187635461));
#5601=IFCCARTESIANPOINT((196.399999999991,174.,1560.42812167615));
#5602=IFCCARTESIANPOINT((195.074857283727,174.502002409375,1570.70383869544));
#5603=IFCCARTESIANPOINT((194.399999999991,176.,1560.61562118247));
#5604=IFCCARTESIANPOINT((194.888645822467,174.690111245156,1550.32164867043));
#5605=IFCCARTESIANPOINT((194.399999999991,176.,1458.8968733991));
#5606=IFCCARTESIANPOINT((196.399999999991,174.,1459.3343731409));
#5607=IFCCARTESIANPOINT((196.399999999991,174.,1479.55312573237));
#5608=IFCCARTESIANPOINT((194.399999999991,176.,1479.24062610831));
#5609=IFCCARTESIANPOINT((194.906653390907,174.6696181356,1469.2373607625));
#5610=IFCCARTESIANPOINT((196.399999999991,174.,1701.95937178882));
#5611=IFCCARTESIANPOINT((194.399999999991,176.,1703.02187438427));
#5612=IFCCARTESIANPOINT((196.399999999991,174.,1722.1781243803));
#5613=IFCCARTESIANPOINT((194.399999999991,176.,1723.36562709348));
#5614=IFCCARTESIANPOINT((194.887974962139,174.690885686849,1712.07244632574));
#5615=IFCCARTESIANPOINT((194.399999999991,176.,1377.52187832494));
#5616=IFCCARTESIANPOINT((196.399999999991,174.,1378.45937359159));
#5617=IFCCARTESIANPOINT((196.399999999991,174.,1398.67812257753));
#5618=IFCCARTESIANPOINT((194.399999999991,176.,1397.86562315281));
#5619=IFCCARTESIANPOINT((194.928678056522,174.645300129677,1388.11916351628));
#5620=IFCCARTESIANPOINT((196.399999999991,174.,1439.11562415495));
#5621=IFCCARTESIANPOINT((194.399999999991,176.,1438.55312857123));
#5622=IFCCARTESIANPOINT((194.399999999991,176.,1418.20937586202));
#5623=IFCCARTESIANPOINT((196.399999999991,174.,1418.89687156348));
#5624=IFCCARTESIANPOINT((195.056954954658,174.518031712151,1428.64271128561));
#5625=IFCCARTESIANPOINT((196.399999999991,174.,1358.24062460564));
#5626=IFCCARTESIANPOINT((194.399999999991,176.,1357.17812561573));
#5627=IFCCARTESIANPOINT((194.399999999991,176.,1336.83437290652));
#5628=IFCCARTESIANPOINT((196.399999999991,174.,1338.0218756197));
#5629=IFCCARTESIANPOINT((195.033047619317,174.540054388357,1347.5140937421));
#5630=IFCCARTESIANPOINT((194.399999999991,176.,1682.67812167506));
#5631=IFCCARTESIANPOINT((196.399999999991,174.,1681.74062280288));
#5632=IFCCARTESIANPOINT((194.399999999991,176.,1662.33437684719));
#5633=IFCCARTESIANPOINT((194.923101935131,174.651381408255,1651.8003126666));
#5634=IFCCARTESIANPOINT((196.399999999991,174.,1661.52187381693));
#5635=IFCCARTESIANPOINT((195.083504348322,174.49439739668,1672.50970063981));
#5636=IFCCARTESIANPOINT((196.399999999991,174.,1742.39687336624));
#5637=IFCCARTESIANPOINT((194.399999999991,176.,1743.70937192135));
#5638=IFCCARTESIANPOINT((194.887404920157,174.691544374291,1732.29128442124));
#5639=IFCCARTESIANPOINT((196.399999999991,174.,1762.61562595772));
#5640=IFCCARTESIANPOINT((195.064196380542,174.51150119575,1773.0264361419));
#5641=IFCCARTESIANPOINT((194.399999999991,176.,1764.05312463056));
#5642=IFCCARTESIANPOINT((194.886728864571,174.692326313375,1752.51011972801));
#5643=IFCCARTESIANPOINT((194.399999999991,176.,1621.64687142877));
#5644=IFCCARTESIANPOINT((194.891942801918,174.68631682384,1611.4730734091));
#5645=IFCCARTESIANPOINT((196.399999999991,174.,1621.08437223951));
#5646=IFCCARTESIANPOINT((196.399999999991,174.,1519.99062370426));
#5647=IFCCARTESIANPOINT((195.090318608329,174.488466125977,1530.10000173626));
#5648=IFCCARTESIANPOINT((194.399999999991,176.,1519.92812364539));
#5649=IFCCARTESIANPOINT((194.399999999991,176.,1499.58437881753));
#5650=IFCCARTESIANPOINT((196.399999999991,174.,1499.77187471832));
#5651=IFCCARTESIANPOINT((195.080817949834,174.496750613328,1509.78208956126));
#5652=IFCCARTESIANPOINT((194.399999999991,180.,1204.6));
#5653=IFCCARTESIANPOINT((194.399999999991,180.,1855.6));
#5654=IFCCARTESIANPOINT((329.399999999991,180.,1847.6));
#5655=IFCCARTESIANPOINT((329.399999999991,200.,1847.6));
#5656=IFCCARTESIANPOINT((317.399999999991,200.,1835.6));
#5657=IFCCARTESIANPOINT((317.399999999991,179.,1835.6));
#5658=IFCCARTESIANPOINT((318.864466094058,175.464466094072,1837.06446609407));
#5659=IFCCARTESIANPOINT((322.399999999991,174.,1840.6));
#5660=IFCCARTESIANPOINT((278.361556760756,179.,1835.6));
#5661=IFCCARTESIANPOINT((265.90000057703,174.,1840.6));
#5662=IFCCARTESIANPOINT((253.438443961326,179.,1835.6));
#5663=IFCCARTESIANPOINT((265.900002405564,175.605201794767,1836.92912201977));
#5664=IFCCARTESIANPOINT((248.43844485853,174.,1840.6));
#5665=IFCCARTESIANPOINT((283.361556295529,174.,1840.6));
#5666=IFCCARTESIANPOINT((239.302021379952,176.006614131312,1836.59504793523));
#5667=IFCCARTESIANPOINT((292.497981786249,176.006614186641,1836.59504789387));
#5668=IFCCARTESIANPOINT((335.399999999991,174.,1853.6));
#5669=IFCCARTESIANPOINT((336.814213562364,174.585786437632,1855.01421356237));
#5670=IFCCARTESIANPOINT((337.399999999991,176.,1855.6));
#5671=IFCCARTESIANPOINT((286.019841054375,174.,1853.6));
#5672=IFCCARTESIANPOINT((265.899999999991,176.,1855.6));
#5673=IFCCARTESIANPOINT((243.780159340861,176.,1855.6));
#5674=IFCCARTESIANPOINT((301.6500005072,176.,1855.6));
#5675=IFCCARTESIANPOINT((241.209919926572,174.,1853.6));
#5676=IFCCARTESIANPOINT((263.614880490474,174.,1853.6));
#5677=IFCCARTESIANPOINT((310.709921127794,174.,1853.6));
#5678=IFCCARTESIANPOINT((219.090079670426,176.,1855.6));
#5679=IFCCARTESIANPOINT((218.804959362671,174.,1853.6));
#5680=IFCCARTESIANPOINT((230.007439644621,174.,1853.6));
#5681=IFCCARTESIANPOINT((312.709921343974,176.,1855.6));
#5682=IFCCARTESIANPOINT((323.054959963282,174.,1853.6));
#5683=IFCCARTESIANPOINT((206.745039835208,176.,1855.6));
#5684=IFCCARTESIANPOINT((231.435119505643,176.,1855.6));
#5685=IFCCARTESIANPOINT((325.054960164773,176.,1855.6));
#5686=IFCCARTESIANPOINT((208.7450400367,174.,1853.6));
#5687=IFCCARTESIANPOINT((213.77500044304,174.592358039256,1855.02075476784));
#5688=IFCCARTESIANPOINT((307.17996058562,174.626632212534,1855.05391228083));
#5689=IFCCARTESIANPOINT((283.775000760804,176.,1855.6));
#5690=IFCCARTESIANPOINT((274.817360772424,174.,1853.6));
#5691=IFCCARTESIANPOINT((293.538561095664,174.606528821992,1855.03465608285));
#5692=IFCCARTESIANPOINT((235.608681341404,174.555108617207,1854.9828553402));
#5693=IFCCARTESIANPOINT((280.418601929922,174.541802062658,1854.96881656021));
#5694=IFCCARTESIANPOINT((248.264933728376,174.521417090414,1854.94677116819));
#5695=IFCCARTESIANPOINT((298.364881091084,174.,1853.6));
#5696=IFCCARTESIANPOINT((224.722645798713,174.759510218065,1855.16881646501));
#5697=IFCCARTESIANPOINT((254.840079163217,176.,1855.6));
#5698=IFCCARTESIANPOINT((260.370040600262,174.631052770563,1855.05807526658));
#5699=IFCCARTESIANPOINT((252.412400208523,174.,1853.6));
#5700=IFCCARTESIANPOINT((325.500098335448,174.572995692067,1855.00130607118));
#5701=IFCCARTESIANPOINT((337.399999999991,180.,1855.6));
#5702=IFCCARTESIANPOINT((329.399999999991,180.,1212.6));
#5703=IFCCARTESIANPOINT((329.399999999991,200.,1212.6));
#5704=IFCCARTESIANPOINT((317.399999999991,200.,1224.6));
#5705=IFCCARTESIANPOINT((317.399999999991,179.,1224.6));
#5706=IFCCARTESIANPOINT((318.864466094058,175.464466094072,1223.13553390593));
#5707=IFCCARTESIANPOINT((322.399999999991,174.,1219.6));
#5708=IFCCARTESIANPOINT((322.399999999991,174.,1528.29245059235));
#5709=IFCCARTESIANPOINT((322.399999999991,174.,1684.44622529618));
#5710=IFCCARTESIANPOINT((322.399999999991,174.,1375.75375970211));
#5711=IFCCARTESIANPOINT((317.399999999991,179.,1530.1));
#5712=IFCCARTESIANPOINT((317.399999999991,179.,1682.85));
#5713=IFCCARTESIANPOINT((317.399999999991,179.,1377.35));
#5714=IFCCARTESIANPOINT((322.399999999991,174.,1297.67687235019));
#5715=IFCCARTESIANPOINT((317.399999999991,179.,1300.975));
#5716=IFCCARTESIANPOINT((317.399999999991,179.,1263.63844410236));
#5717=IFCCARTESIANPOINT((322.399999999991,174.,1762.52311264809));
#5718=IFCCARTESIANPOINT((317.399999999991,179.,1759.225));
#5719=IFCCARTESIANPOINT((317.399999999991,179.,1721.03750180454));
#5720=IFCCARTESIANPOINT((322.399999999991,174.,1801.56155632404));
#5721=IFCCARTESIANPOINT((317.399999999991,179.,1606.475));
#5722=IFCCARTESIANPOINT((322.399999999991,174.,1606.36933794426));
#5723=IFCCARTESIANPOINT((322.399999999991,174.,1645.40778162022));
#5724=IFCCARTESIANPOINT((322.399999999991,174.,1452.02310514723));
#5725=IFCCARTESIANPOINT((317.399999999991,179.,1453.725));
#5726=IFCCARTESIANPOINT((317.399999999991,179.,1415.53750180454));
#5727=IFCCARTESIANPOINT((322.399999999991,174.,1258.63844367596));
#5728=IFCCARTESIANPOINT((317.399999999991,179.,1797.41249819546));
#5729=IFCCARTESIANPOINT((322.399999999991,174.,1723.48466897213));
#5730=IFCCARTESIANPOINT((322.399999999991,174.,1413.88842492381));
#5731=IFCCARTESIANPOINT((318.918365573868,175.411376068351,1432.95577583171));
#5732=IFCCARTESIANPOINT((318.82864623636,175.50065259013,1402.43539415686));
#5733=IFCCARTESIANPOINT((318.893817913305,175.43535595396,1462.53272088307));
#5734=IFCCARTESIANPOINT((317.399999999991,179.,1491.91249819546));
#5735=IFCCARTESIANPOINT((322.399999999991,174.,1490.15778537065));
#5736=IFCCARTESIANPOINT((318.766071079932,175.565679018507,1282.30672077618));
#5737=IFCCARTESIANPOINT((322.399999999991,174.,1336.71531602615));
#5738=IFCCARTESIANPOINT((318.9500894205,175.380867922625,1313.75377518662));
#5739=IFCCARTESIANPOINT((317.399999999991,179.,1339.16249819546));
#5740=IFCCARTESIANPOINT((318.79392184935,175.536446857426,1253.12313253535));
#5741=IFCCARTESIANPOINT((318.812916516832,175.516778490418,1701.94374511843));
#5742=IFCCARTESIANPOINT((318.899234861565,175.430035932177,1671.45874093531));
#5743=IFCCARTESIANPOINT((317.399999999991,179.,1644.66249819546));
#5744=IFCCARTESIANPOINT((318.868065433872,175.46087041483,1625.56874585576));
#5745=IFCCARTESIANPOINT((318.825106214913,175.50426911428,1731.3567869533));
#5746=IFCCARTESIANPOINT((318.862434548468,175.466498807675,1595.60657122841));
#5747=IFCCARTESIANPOINT((322.399999999991,174.,1567.33089426831));
#5748=IFCCARTESIANPOINT((317.399999999991,179.,1568.28750180454));
#5749=IFCCARTESIANPOINT((318.832941496555,175.496274321092,1549.19374661624));
#5750=IFCCARTESIANPOINT((318.833917869101,175.495280576749,1519.65089302769));
#5751=IFCCARTESIANPOINT((318.81291647825,175.51677853015,1358.25624852339));
#5752=IFCCARTESIANPOINT((318.763647969767,175.568244776757,1778.31874474968));
#5753=IFCCARTESIANPOINT((318.806205228957,175.523703242866,1807.44988031386));
#5754=IFCCARTESIANPOINT((318.86277182151,175.466161178926,1490.49203059577));
#5755=IFCCARTESIANPOINT((335.399999999991,174.,1206.6));
#5756=IFCCARTESIANPOINT((336.814213562364,174.585786437632,1205.18578643763));
#5757=IFCCARTESIANPOINT((337.399999999991,176.,1204.6));
#5758=IFCCARTESIANPOINT((337.399999999991,176.,1530.1));
#5759=IFCCARTESIANPOINT((337.399999999991,176.,1692.85000197034));
#5760=IFCCARTESIANPOINT((337.399999999991,176.,1367.34999802966));
#5761=IFCCARTESIANPOINT((335.399999999991,174.,1530.1));
#5762=IFCCARTESIANPOINT((335.399999999991,174.,1691.84999819723));
#5763=IFCCARTESIANPOINT((335.399999999991,174.,1368.35000180277));
#5764=IFCCARTESIANPOINT((335.399999999991,174.,1287.47500090138));
#5765=IFCCARTESIANPOINT((337.399999999991,176.,1285.97499901483));
#5766=IFCCARTESIANPOINT((337.399999999991,176.,1326.66250049258));
#5767=IFCCARTESIANPOINT((335.399999999991,174.,1327.91249954931));
#5768=IFCCARTESIANPOINT((335.399999999991,174.,1772.72499909862));
#5769=IFCCARTESIANPOINT((337.399999999991,176.,1774.22500098517));
#5770=IFCCARTESIANPOINT((337.399999999991,176.,1806.21984418254));
#5771=IFCCARTESIANPOINT((335.399999999991,174.,1813.16249774654));
#5772=IFCCARTESIANPOINT((335.399999999991,174.,1449.22499909862));
#5773=IFCCARTESIANPOINT((337.399999999991,176.,1448.72500098517));
#5774=IFCCARTESIANPOINT((337.399999999991,176.,1489.41249852225));
#5775=IFCCARTESIANPOINT((335.399999999991,174.,1489.66250135208));
#5776=IFCCARTESIANPOINT((335.399999999991,174.,1610.97500090138));
#5777=IFCCARTESIANPOINT((337.399999999991,176.,1611.47499901483));
#5778=IFCCARTESIANPOINT((337.399999999991,176.,1652.16250049258));
#5779=IFCCARTESIANPOINT((335.399999999991,174.,1651.41249954931));
#5780=IFCCARTESIANPOINT((335.399999999991,174.,1247.03750225346));
#5781=IFCCARTESIANPOINT((337.399999999991,176.,1245.28749753708));
#5782=IFCCARTESIANPOINT((337.399999999991,176.,1265.63125024629));
#5783=IFCCARTESIANPOINT((337.399999999991,176.,1830.90992209127));
#5784=IFCCARTESIANPOINT((335.399999999991,174.,1833.38124887327));
#5785=IFCCARTESIANPOINT((337.399999999991,176.,1229.29007790873));
#5786=IFCCARTESIANPOINT((335.399999999991,174.,1226.81875112673));
#5787=IFCCARTESIANPOINT((335.399999999991,174.,1732.28750045069));
#5788=IFCCARTESIANPOINT((337.399999999991,176.,1733.53749950742));
#5789=IFCCARTESIANPOINT((337.399999999991,176.,1753.88125221663));
#5790=IFCCARTESIANPOINT((335.399999999991,174.,1408.78750045069));
#5791=IFCCARTESIANPOINT((337.399999999991,176.,1408.03749950742));
#5792=IFCCARTESIANPOINT((337.399999999991,176.,1428.38124827596));
#5793=IFCCARTESIANPOINT((337.399999999991,176.,1570.78750147775));
#5794=IFCCARTESIANPOINT((335.399999999991,174.,1570.53749864792));
#5795=IFCCARTESIANPOINT((335.399999999991,174.,1550.31875112673));
#5796=IFCCARTESIANPOINT((337.399999999991,176.,1843.25496104564));
#5797=IFCCARTESIANPOINT((337.399999999991,176.,1216.94503895436));
#5798=IFCCARTESIANPOINT((335.399999999991,174.,1841.25496060945));
#5799=IFCCARTESIANPOINT((336.857420854341,174.630356085221,1837.31810488398));
#5800=IFCCARTESIANPOINT((335.399999999991,174.,1823.27187511267));
#5801=IFCCARTESIANPOINT((337.399999999991,176.,1818.56488313691));
#5802=IFCCARTESIANPOINT((336.756574291644,174.530406113509,1818.2171864679));
#5803=IFCCARTESIANPOINT((335.399999999991,174.,1218.94503939055));
#5804=IFCCARTESIANPOINT((336.857420895828,174.630356129366,1222.88189465084));
#5805=IFCCARTESIANPOINT((336.73258199643,174.508616339518,1237.15690850574));
#5806=IFCCARTESIANPOINT((335.399999999991,174.,1792.94375022535));
#5807=IFCCARTESIANPOINT((336.691203822849,174.472651746385,1805.86126949405));
#5808=IFCCARTESIANPOINT((337.399999999991,176.,1790.22242455419));
#5809=IFCCARTESIANPOINT((337.399999999991,176.,1469.06874975371));
#5810=IFCCARTESIANPOINT((335.399999999991,174.,1469.44375022535));
#5811=IFCCARTESIANPOINT((335.399999999991,174.,1509.88124887327));
#5812=IFCCARTESIANPOINT((337.399999999991,176.,1509.75625123146));
#5813=IFCCARTESIANPOINT((337.399999999991,176.,1591.13125024629));
#5814=IFCCARTESIANPOINT((335.399999999991,174.,1590.75624977465));
#5815=IFCCARTESIANPOINT((335.399999999991,174.,1348.13125067604));
#5816=IFCCARTESIANPOINT((337.399999999991,176.,1347.00624926112));
#5817=IFCCARTESIANPOINT((337.399999999991,176.,1672.50624926112));
#5818=IFCCARTESIANPOINT((335.399999999991,174.,1671.63125067604));
#5819=IFCCARTESIANPOINT((335.399999999991,174.,1631.19374842258));
#5820=IFCCARTESIANPOINT((337.399999999991,176.,1631.81875172404));
#5821=IFCCARTESIANPOINT((335.399999999991,174.,1712.06874932396));
#5822=IFCCARTESIANPOINT((337.399999999991,176.,1713.19375073888));
#5823=IFCCARTESIANPOINT((337.399999999991,176.,1387.69375073888));
#5824=IFCCARTESIANPOINT((335.399999999991,174.,1388.56874932396));
#5825=IFCCARTESIANPOINT((335.399999999991,174.,1307.69375202811));
#5826=IFCCARTESIANPOINT((337.399999999991,176.,1306.31874778337));
#5827=IFCCARTESIANPOINT((336.754685672541,174.52866498425,1782.22370806504));
#5828=IFCCARTESIANPOINT((335.399999999991,174.,1803.05312398594));
#5829=IFCCARTESIANPOINT((336.832531563808,174.6043448425,1770.70997003952));
#5830=IFCCARTESIANPOINT((335.399999999991,174.,1752.50624797189));
#5831=IFCCARTESIANPOINT((335.399999999991,174.,1762.61562533802));
#5832=IFCCARTESIANPOINT((336.787267301754,174.559344096099,1757.56093511259));
#5833=IFCCARTESIANPOINT((336.804108447688,174.575753017524,1742.90246696652));
#5834=IFCCARTESIANPOINT((337.399999999991,176.,1764.05312857123));
#5835=IFCCARTESIANPOINT((336.838898946118,174.610910433837,1793.64173459094));
#5836=IFCCARTESIANPOINT((336.832939239297,174.604763412017,1248.5856273639));
#5837=IFCCARTESIANPOINT((335.399999999991,174.,1267.25624977465));
#5838=IFCCARTESIANPOINT((335.399999999991,174.,1257.14687601406));
#5839=IFCCARTESIANPOINT((336.783237246301,174.555474223004,1262.20156216493));
#5840=IFCCARTESIANPOINT((336.800454868387,174.572160316572,1276.78016407635));
#5841=IFCCARTESIANPOINT((337.399999999991,176.,1255.45937389169));
#5842=IFCCARTESIANPOINT((335.399999999991,174.,1429.00625157742));
#5843=IFCCARTESIANPOINT((336.786732085715,174.558828905921,1418.89687383174));
#5844=IFCCARTESIANPOINT((337.399999999991,176.,1550.44374876854));
#5845=IFCCARTESIANPOINT((335.399999999991,174.,1236.92812488733));
#5846=IFCCARTESIANPOINT((336.836095599981,174.608012418275,1458.89687352437));
#5847=IFCCARTESIANPOINT((336.830760613539,174.602529403992,1479.24062340585));
#5848=IFCCARTESIANPOINT((336.814213623928,174.585786499196,1519.99062330435));
#5849=IFCCARTESIANPOINT((336.808619440868,174.580214357457,1499.77187340845));
#5850=IFCCARTESIANPOINT((336.836095605703,174.608012424179,1601.30312271701));
#5851=IFCCARTESIANPOINT((336.803073336946,174.574733284219,1580.64687300152));
#5852=IFCCARTESIANPOINT((336.770854496265,174.543717764294,1358.24062415337));
#5853=IFCCARTESIANPOINT((336.765668826722,174.53885365015,1338.02187426105));
#5854=IFCCARTESIANPOINT((336.85655163509,174.629431747676,1682.6781223323));
#5855=IFCCARTESIANPOINT((336.781386969374,174.553704718667,1661.52187264491));
#5856=IFCCARTESIANPOINT((336.792128799933,174.564041294341,1621.08437281234));
#5857=IFCCARTESIANPOINT((336.846498963352,174.618826314694,1641.99062250874));
#5858=IFCCARTESIANPOINT((336.770854531583,174.543717797541,1701.95937252657));
#5859=IFCCARTESIANPOINT((336.866259330092,174.639822226002,1723.36562223443));
#5860=IFCCARTESIANPOINT((336.856551620307,174.629431731966,1377.52187400312));
#5861=IFCCARTESIANPOINT((336.851568761502,174.624155484587,1397.8656238829));
#5862=IFCCARTESIANPOINT((336.760537903869,174.534074827252,1317.8031243689));
#5863=IFCCARTESIANPOINT((336.755462494982,174.529380598299,1297.58437447689));
#5864=IFCCARTESIANPOINT((335.399999999991,174.,1782.83437285921));
#5865=IFCCARTESIANPOINT((337.399999999991,176.,1743.70937586202));
#5866=IFCCARTESIANPOINT((335.399999999991,174.,1742.39687421129));
#5867=IFCCARTESIANPOINT((337.399999999991,176.,1275.8031266009));
#5868=IFCCARTESIANPOINT((335.399999999991,174.,1277.36562714079));
#5869=IFCCARTESIANPOINT((336.841341470364,174.613445000813,1438.55312364345));
#5870=IFCCARTESIANPOINT((335.399999999991,174.,1418.89687421129));
#5871=IFCCARTESIANPOINT((337.399999999991,176.,1418.20937192135));
#5872=IFCCARTESIANPOINT((336.814213639162,174.58578651443,1540.2093732016));
#5873=IFCCARTESIANPOINT((336.825335776882,174.596996819996,1560.61562294024));
#5874=IFCCARTESIANPOINT((337.399999999991,176.,1458.89687733977));
#5875=IFCCARTESIANPOINT((335.399999999991,174.,1459.33437646475));
#5876=IFCCARTESIANPOINT((337.399999999991,176.,1479.24062216764));
#5877=IFCCARTESIANPOINT((335.399999999991,174.,1479.55312398594));
#5878=IFCCARTESIANPOINT((336.716947796291,174.494792870796,1469.0656911756));
#5879=IFCCARTESIANPOINT((335.399999999991,174.,1519.9906262394));
#5880=IFCCARTESIANPOINT((337.399999999991,176.,1519.92812758607));
#5881=IFCCARTESIANPOINT((335.399999999991,174.,1499.77187511267));
#5882=IFCCARTESIANPOINT((336.725142716255,174.502002409375,1489.49616130456));
#5883=IFCCARTESIANPOINT((337.399999999991,176.,1499.58437487685));
#5884=IFCCARTESIANPOINT((336.911354177515,174.690111245155,1509.87835132957));
#5885=IFCCARTESIANPOINT((337.399999999991,176.,1601.30312266023));
#5886=IFCCARTESIANPOINT((335.399999999991,174.,1600.86562353525));
#5887=IFCCARTESIANPOINT((335.399999999991,174.,1580.64687601406));
#5888=IFCCARTESIANPOINT((337.399999999991,176.,1580.95937783236));
#5889=IFCCARTESIANPOINT((336.893346609075,174.6696181356,1590.9626392375));
#5890=IFCCARTESIANPOINT((335.399999999991,174.,1358.24062443664));
#5891=IFCCARTESIANPOINT((337.399999999991,176.,1357.17812167506));
#5892=IFCCARTESIANPOINT((335.399999999991,174.,1338.02187691544));
#5893=IFCCARTESIANPOINT((337.399999999991,176.,1336.83437684719));
#5894=IFCCARTESIANPOINT((336.912025037843,174.690885686849,1348.12755367426));
#5895=IFCCARTESIANPOINT((337.399999999991,176.,1682.67812561573));
#5896=IFCCARTESIANPOINT((335.399999999991,174.,1681.74062443663));
#5897=IFCCARTESIANPOINT((335.399999999991,174.,1661.52187330991));
#5898=IFCCARTESIANPOINT((337.399999999991,176.,1662.33437290652));
#5899=IFCCARTESIANPOINT((336.87132194346,174.645300129677,1672.08083648372));
#5900=IFCCARTESIANPOINT((335.399999999991,174.,1621.08437466198));
#5901=IFCCARTESIANPOINT((337.399999999991,176.,1621.64687536944));
#5902=IFCCARTESIANPOINT((337.399999999991,176.,1641.99062807865));
#5903=IFCCARTESIANPOINT((335.399999999991,174.,1641.30312578871));
#5904=IFCCARTESIANPOINT((336.743045045324,174.51803171215,1631.55728871439));
#5905=IFCCARTESIANPOINT((335.399999999991,174.,1701.95937556336));
#5906=IFCCARTESIANPOINT((337.399999999991,176.,1703.02187832494));
#5907=IFCCARTESIANPOINT((337.399999999991,176.,1723.36562315281));
#5908=IFCCARTESIANPOINT((335.399999999991,174.,1722.17812308456));
#5909=IFCCARTESIANPOINT((336.766952380665,174.540054388357,1712.6859062579));
#5910=IFCCARTESIANPOINT((337.399999999991,176.,1377.52187438427));
#5911=IFCCARTESIANPOINT((335.399999999991,174.,1378.45937556336));
#5912=IFCCARTESIANPOINT((337.399999999991,176.,1397.86562709348));
#5913=IFCCARTESIANPOINT((336.87689806485,174.651381408254,1408.3996873334));
#5914=IFCCARTESIANPOINT((335.399999999991,174.,1398.67812669009));
#5915=IFCCARTESIANPOINT((336.716495651659,174.49439739668,1387.69029936019));
#5916=IFCCARTESIANPOINT((335.399999999991,174.,1317.80312578871));
#5917=IFCCARTESIANPOINT((337.399999999991,176.,1316.49062413798));
#5918=IFCCARTESIANPOINT((336.912595079824,174.69154437429,1327.90871557876));
#5919=IFCCARTESIANPOINT((335.399999999991,174.,1297.58437466198));
#5920=IFCCARTESIANPOINT((336.73580361944,174.51150119575,1287.1735638581));
#5921=IFCCARTESIANPOINT((337.399999999991,176.,1296.14687142877));
#5922=IFCCARTESIANPOINT((336.913271135411,174.692326313374,1307.68988027199));
#5923=IFCCARTESIANPOINT((337.399999999991,176.,1438.55312463056));
#5924=IFCCARTESIANPOINT((336.908057198064,174.686316823839,1448.72692659089));
#5925=IFCCARTESIANPOINT((335.399999999991,174.,1439.11562533802));
#5926=IFCCARTESIANPOINT((335.399999999991,174.,1540.2093737606));
#5927=IFCCARTESIANPOINT((336.709681391653,174.488466125976,1530.09999826374));
#5928=IFCCARTESIANPOINT((337.399999999991,176.,1540.27187241393));
#5929=IFCCARTESIANPOINT((337.399999999991,176.,1560.61562512315));
#5930=IFCCARTESIANPOINT((335.399999999991,174.,1560.42812488733));
#5931=IFCCARTESIANPOINT((336.719182050147,174.496750613328,1550.41791043874));
#5932=IFCCARTESIANPOINT((337.399999999991,180.,1204.6));
#5933=IFCCARTESIANPOINT((253.438443862368,179.,1224.6));
#5934=IFCCARTESIANPOINT((265.899999422952,174.,1219.6));
#5935=IFCCARTESIANPOINT((278.361556137614,179.,1224.6));
#5936=IFCCARTESIANPOINT((265.899997594418,175.605201794766,1223.27087798023));
#5937=IFCCARTESIANPOINT((283.361555541323,174.,1219.6));
#5938=IFCCARTESIANPOINT((248.438443304581,174.,1219.6));
#5939=IFCCARTESIANPOINT((292.497978620029,176.006614131312,1223.60495206477));
#5940=IFCCARTESIANPOINT((239.302018213732,176.006614186641,1223.60495210612));
#5941=IFCCARTESIANPOINT((245.780158742283,174.,1206.6));
#5942=IFCCARTESIANPOINT((265.9000005072,176.,1204.6));
#5943=IFCCARTESIANPOINT((288.019842023834,176.,1204.6));
#5944=IFCCARTESIANPOINT((230.150000253595,176.,1204.6));
#5945=IFCCARTESIANPOINT((290.590079371137,174.,1206.6));
#5946=IFCCARTESIANPOINT((268.18511905671,174.,1206.6));
#5947=IFCCARTESIANPOINT((221.090079971747,174.,1206.6));
#5948=IFCCARTESIANPOINT((312.709921519122,176.,1204.6));
#5949=IFCCARTESIANPOINT((312.995039685564,174.,1206.6));
#5950=IFCCARTESIANPOINT((301.79255952835,174.,1206.6));
#5951=IFCCARTESIANPOINT((219.090079495279,176.,1204.6));
#5952=IFCCARTESIANPOINT((208.745040586478,174.,1206.6));
#5953=IFCCARTESIANPOINT((325.054961266765,176.,1204.6));
#5954=IFCCARTESIANPOINT((300.364881771478,176.,1204.6));
#5955=IFCCARTESIANPOINT((206.745039747635,176.,1204.6));
#5956=IFCCARTESIANPOINT((323.054960614723,174.,1206.6));
#5957=IFCCARTESIANPOINT((318.024999556941,174.592358039255,1205.17924523216));
#5958=IFCCARTESIANPOINT((224.620039414361,174.626632212534,1205.14608771917));
#5959=IFCCARTESIANPOINT((248.025000887607,176.,1204.6));
#5960=IFCCARTESIANPOINT((256.982638899496,174.,1206.6));
#5961=IFCCARTESIANPOINT((238.261438904319,174.606528821992,1205.16534391715));
#5962=IFCCARTESIANPOINT((296.191318658577,174.555108617206,1205.2171446598));
#5963=IFCCARTESIANPOINT((251.38139807006,174.541802062658,1205.23118343979));
#5964=IFCCARTESIANPOINT((283.535066271605,174.521417090414,1205.25322883181));
#5965=IFCCARTESIANPOINT((233.435119357015,174.,1206.6));
#5966=IFCCARTESIANPOINT((307.077354201269,174.759510218065,1205.03118353499));
#5967=IFCCARTESIANPOINT((276.959921265517,176.,1204.6));
#5968=IFCCARTESIANPOINT((271.42995939972,174.631052770563,1205.14192473342));
#5969=IFCCARTESIANPOINT((279.387599213923,174.,1206.6));
#5970=IFCCARTESIANPOINT((206.299901664534,174.572995692068,1205.19869392882));
#5971=IFCPOLYLOOP((#5413,#5414,#5415,#5416));
#5972=IFCFACEOUTERBOUND(#5971,.T.);
#5973=IFCFACE((#5972));
#5974=IFCPOLYLOOP((#5418,#5419,#5420,#5433,#5432,#5456,#5430,#5443,#5442,#5451,#5428,#5465,#5438,#5460,#5429,#5436,#5435,#5445,#5417));
#5975=IFCFACEOUTERBOUND(#5974,.T.);
#5976=IFCFACE((#5975));
#5977=IFCPOLYLOOP((#5453,#5444,#5431));
#5978=IFCFACEOUTERBOUND(#5977,.T.);
#5979=IFCFACE((#5978));
#5980=IFCPOLYLOOP((#5446,#5462,#5458));
#5981=IFCFACEOUTERBOUND(#5980,.T.);
#5982=IFCFACE((#5981));
#5983=IFCPOLYLOOP((#5445,#5469,#5470));
#5984=IFCFACEOUTERBOUND(#5983,.T.);
#5985=IFCFACE((#5984));
#5986=IFCPOLYLOOP((#5431,#5455,#5453));
#5987=IFCFACEOUTERBOUND(#5986,.T.);
#5988=IFCFACE((#5987));
#5989=IFCPOLYLOOP((#5469,#5445,#5435));
#5990=IFCFACEOUTERBOUND(#5989,.T.);
#5991=IFCFACE((#5990));
#5992=IFCPOLYLOOP((#5447,#5448,#5449));
#5993=IFCFACEOUTERBOUND(#5992,.T.);
#5994=IFCFACE((#5993));
#5995=IFCPOLYLOOP((#5436,#5429,#5458));
#5996=IFCFACEOUTERBOUND(#5995,.T.);
#5997=IFCFACE((#5996));
#5998=IFCPOLYLOOP((#5439,#5440,#5461));
#5999=IFCFACEOUTERBOUND(#5998,.T.);
#6000=IFCFACE((#5999));
#6001=IFCPOLYLOOP((#5450,#5452,#5471));
#6002=IFCFACEOUTERBOUND(#6001,.T.);
#6003=IFCFACE((#6002));
#6004=IFCPOLYLOOP((#5465,#5466,#5463));
#6005=IFCFACEOUTERBOUND(#6004,.T.);
#6006=IFCFACE((#6005));
#6007=IFCPOLYLOOP((#5468,#5455,#5454));
#6008=IFCFACEOUTERBOUND(#6007,.T.);
#6009=IFCFACE((#6008));
#6010=IFCPOLYLOOP((#5457,#5420,#5423));
#6011=IFCFACEOUTERBOUND(#6010,.T.);
#6012=IFCFACE((#6011));
#6013=IFCPOLYLOOP((#5444,#5453,#5457));
#6014=IFCFACEOUTERBOUND(#6013,.T.);
#6015=IFCFACE((#6014));
#6016=IFCPOLYLOOP((#5470,#5469,#5437));
#6017=IFCFACEOUTERBOUND(#6016,.T.);
#6018=IFCFACE((#6017));
#6019=IFCPOLYLOOP((#5439,#5461,#5463));
#6020=IFCFACEOUTERBOUND(#6019,.T.);
#6021=IFCFACE((#6020));
#6022=IFCPOLYLOOP((#5462,#5436,#5458));
#6023=IFCFACEOUTERBOUND(#6022,.T.);
#6024=IFCFACE((#6023));
#6025=IFCPOLYLOOP((#5417,#5445,#5470));
#6026=IFCFACEOUTERBOUND(#6025,.T.);
#6027=IFCFACE((#6026));
#6028=IFCPOLYLOOP((#5421,#5422,#5470));
#6029=IFCFACEOUTERBOUND(#6028,.T.);
#6030=IFCFACE((#6029));
#6031=IFCPOLYLOOP((#5459,#5426,#5458));
#6032=IFCFACEOUTERBOUND(#6031,.T.);
#6033=IFCFACE((#6032));
#6034=IFCPOLYLOOP((#5461,#5459,#5460));
#6035=IFCFACEOUTERBOUND(#6034,.T.);
#6036=IFCFACE((#6035));
#6037=IFCPOLYLOOP((#5427,#5447,#5449));
#6038=IFCFACEOUTERBOUND(#6037,.T.);
#6039=IFCFACE((#6038));
#6040=IFCPOLYLOOP((#5442,#5448,#5450));
#6041=IFCFACEOUTERBOUND(#6040,.T.);
#6042=IFCFACE((#6041));
#6043=IFCPOLYLOOP((#5442,#5443,#5448));
#6044=IFCFACEOUTERBOUND(#6043,.T.);
#6045=IFCFACE((#6044));
#6046=IFCPOLYLOOP((#5424,#5444,#5457));
#6047=IFCFACEOUTERBOUND(#6046,.T.);
#6048=IFCFACE((#6047));
#6049=IFCPOLYLOOP((#5453,#5432,#5433));
#6050=IFCFACEOUTERBOUND(#6049,.T.);
#6051=IFCFACE((#6050));
#6052=IFCPOLYLOOP((#5448,#5441,#5450));
#6053=IFCFACEOUTERBOUND(#6052,.T.);
#6054=IFCFACE((#6053));
#6055=IFCPOLYLOOP((#5462,#5434,#5469));
#6056=IFCFACEOUTERBOUND(#6055,.T.);
#6057=IFCFACE((#6056));
#6058=IFCPOLYLOOP((#5441,#5448,#5447));
#6059=IFCFACEOUTERBOUND(#6058,.T.);
#6060=IFCFACE((#6059));
#6061=IFCPOLYLOOP((#5449,#5448,#5443));
#6062=IFCFACEOUTERBOUND(#6061,.T.);
#6063=IFCFACE((#6062));
#6064=IFCPOLYLOOP((#5443,#5430,#5449));
#6065=IFCFACEOUTERBOUND(#6064,.T.);
#6066=IFCFACE((#6065));
#6067=IFCPOLYLOOP((#5449,#5430,#5468));
#6068=IFCFACEOUTERBOUND(#6067,.T.);
#6069=IFCFACE((#6068));
#6070=IFCPOLYLOOP((#5452,#5425,#5467));
#6071=IFCFACEOUTERBOUND(#6070,.T.);
#6072=IFCFACE((#6071));
#6073=IFCPOLYLOOP((#5450,#5441,#5452));
#6074=IFCFACEOUTERBOUND(#6073,.T.);
#6075=IFCFACE((#6074));
#6076=IFCPOLYLOOP((#5425,#5466,#5467));
#6077=IFCFACEOUTERBOUND(#6076,.T.);
#6078=IFCFACE((#6077));
#6079=IFCPOLYLOOP((#5451,#5442,#5450));
#6080=IFCFACEOUTERBOUND(#6079,.T.);
#6081=IFCFACE((#6080));
#6082=IFCPOLYLOOP((#5453,#5433,#5457));
#6083=IFCFACEOUTERBOUND(#6082,.T.);
#6084=IFCFACE((#6083));
#6085=IFCPOLYLOOP((#5420,#5457,#5433));
#6086=IFCFACEOUTERBOUND(#6085,.T.);
#6087=IFCFACE((#6086));
#6088=IFCPOLYLOOP((#5453,#5455,#5432));
#6089=IFCFACEOUTERBOUND(#6088,.T.);
#6090=IFCFACE((#6089));
#6091=IFCPOLYLOOP((#5431,#5454,#5455));
#6092=IFCFACEOUTERBOUND(#6091,.T.);
#6093=IFCFACE((#6092));
#6094=IFCPOLYLOOP((#5430,#5456,#5468));
#6095=IFCFACEOUTERBOUND(#6094,.T.);
#6096=IFCFACE((#6095));
#6097=IFCPOLYLOOP((#5427,#5468,#5454));
#6098=IFCFACEOUTERBOUND(#6097,.T.);
#6099=IFCFACE((#6098));
#6100=IFCPOLYLOOP((#5456,#5432,#5455));
#6101=IFCFACEOUTERBOUND(#6100,.T.);
#6102=IFCFACE((#6101));
#6103=IFCPOLYLOOP((#5424,#5457,#5423));
#6104=IFCFACEOUTERBOUND(#6103,.T.);
#6105=IFCFACE((#6104));
#6106=IFCPOLYLOOP((#5459,#5458,#5429));
#6107=IFCFACEOUTERBOUND(#6106,.T.);
#6108=IFCFACE((#6107));
#6109=IFCPOLYLOOP((#5446,#5458,#5426));
#6110=IFCFACEOUTERBOUND(#6109,.T.);
#6111=IFCFACE((#6110));
#6112=IFCPOLYLOOP((#5461,#5438,#5463));
#6113=IFCFACEOUTERBOUND(#6112,.T.);
#6114=IFCFACE((#6113));
#6115=IFCPOLYLOOP((#5440,#5426,#5459));
#6116=IFCFACEOUTERBOUND(#6115,.T.);
#6117=IFCFACE((#6116));
#6118=IFCPOLYLOOP((#5459,#5429,#5460));
#6119=IFCFACEOUTERBOUND(#6118,.T.);
#6120=IFCFACE((#6119));
#6121=IFCPOLYLOOP((#5461,#5460,#5438));
#6122=IFCFACEOUTERBOUND(#6121,.T.);
#6123=IFCFACE((#6122));
#6124=IFCPOLYLOOP((#5459,#5461,#5440));
#6125=IFCFACEOUTERBOUND(#6124,.T.);
#6126=IFCFACE((#6125));
#6127=IFCPOLYLOOP((#5434,#5462,#5446));
#6128=IFCFACEOUTERBOUND(#6127,.T.);
#6129=IFCFACE((#6128));
#6130=IFCPOLYLOOP((#5435,#5436,#5462));
#6131=IFCFACEOUTERBOUND(#6130,.T.);
#6132=IFCFACE((#6131));
#6133=IFCPOLYLOOP((#5466,#5465,#5428));
#6134=IFCFACEOUTERBOUND(#6133,.T.);
#6135=IFCFACE((#6134));
#6136=IFCPOLYLOOP((#5463,#5438,#5465));
#6137=IFCFACEOUTERBOUND(#6136,.T.);
#6138=IFCFACE((#6137));
#6139=IFCPOLYLOOP((#5466,#5425,#5464));
#6140=IFCFACEOUTERBOUND(#6139,.T.);
#6141=IFCFACE((#6140));
#6142=IFCPOLYLOOP((#5464,#5439,#5463));
#6143=IFCFACEOUTERBOUND(#6142,.T.);
#6144=IFCFACE((#6143));
#6145=IFCPOLYLOOP((#5466,#5428,#5467));
#6146=IFCFACEOUTERBOUND(#6145,.T.);
#6147=IFCFACE((#6146));
#6148=IFCPOLYLOOP((#5463,#5466,#5464));
#6149=IFCFACEOUTERBOUND(#6148,.T.);
#6150=IFCFACE((#6149));
#6151=IFCPOLYLOOP((#5428,#5451,#5467));
#6152=IFCFACEOUTERBOUND(#6151,.T.);
#6153=IFCFACE((#6152));
#6154=IFCPOLYLOOP((#5467,#5451,#5471));
#6155=IFCFACEOUTERBOUND(#6154,.T.);
#6156=IFCFACE((#6155));
#6157=IFCPOLYLOOP((#5468,#5456,#5455));
#6158=IFCFACEOUTERBOUND(#6157,.T.);
#6159=IFCFACE((#6158));
#6160=IFCPOLYLOOP((#5449,#5468,#5427));
#6161=IFCFACEOUTERBOUND(#6160,.T.);
#6162=IFCFACE((#6161));
#6163=IFCPOLYLOOP((#5462,#5469,#5435));
#6164=IFCFACEOUTERBOUND(#6163,.T.);
#6165=IFCFACE((#6164));
#6166=IFCPOLYLOOP((#5437,#5469,#5434));
#6167=IFCFACEOUTERBOUND(#6166,.T.);
#6168=IFCFACE((#6167));
#6169=IFCPOLYLOOP((#5421,#5470,#5437));
#6170=IFCFACEOUTERBOUND(#6169,.T.);
#6171=IFCFACE((#6170));
#6172=IFCPOLYLOOP((#5417,#5470,#5422));
#6173=IFCFACEOUTERBOUND(#6172,.T.);
#6174=IFCFACE((#6173));
#6175=IFCPOLYLOOP((#5467,#5471,#5452));
#6176=IFCFACEOUTERBOUND(#6175,.T.);
#6177=IFCFACE((#6176));
#6178=IFCPOLYLOOP((#5451,#5450,#5471));
#6179=IFCFACEOUTERBOUND(#6178,.T.);
#6180=IFCFACE((#6179));
#6181=IFCPOLYLOOP((#5506,#5524,#5525));
#6182=IFCFACEOUTERBOUND(#6181,.T.);
#6183=IFCFACE((#6182));
#6184=IFCPOLYLOOP((#5569,#5494,#5603));
#6185=IFCFACEOUTERBOUND(#6184,.T.);
#6186=IFCFACE((#6185));
#6187=IFCPOLYLOOP((#5638,#5613,#5573));
#6188=IFCFACEOUTERBOUND(#6187,.T.);
#6189=IFCFACE((#6188));
#6190=IFCPOLYLOOP((#5589,#5512,#5643));
#6191=IFCFACEOUTERBOUND(#6190,.T.);
#6192=IFCFACE((#6191));
#6193=IFCPOLYLOOP((#5526,#5547,#5555));
#6194=IFCFACEOUTERBOUND(#6193,.T.);
#6195=IFCFACE((#6194));
#6196=IFCPOLYLOOP((#5522,#5491,#5527));
#6197=IFCFACEOUTERBOUND(#6196,.T.);
#6198=IFCFACE((#6197));
#6199=IFCPOLYLOOP((#5575,#5538,#5617,#5499));
#6200=IFCFACEOUTERBOUND(#6199,.T.);
#6201=IFCFACE((#6200));
#6202=IFCPOLYLOOP((#5556,#5559,#5558));
#6203=IFCFACEOUTERBOUND(#6202,.T.);
#6204=IFCFACE((#6203));
#6205=IFCPOLYLOOP((#5519,#5518,#5504,#5520));
#6206=IFCFACEOUTERBOUND(#6205,.T.);
#6207=IFCFACE((#6206));
#6208=IFCPOLYLOOP((#5646,#5651,#5650,#5515));
#6209=IFCFACEOUTERBOUND(#6208,.T.);
#6210=IFCFACE((#6209));
#6211=IFCPOLYLOOP((#5640,#5641,#5583));
#6212=IFCFACEOUTERBOUND(#6211,.T.);
#6213=IFCFACE((#6212));
#6214=IFCPOLYLOOP((#5558,#5559,#5557));
#6215=IFCFACEOUTERBOUND(#6214,.T.);
#6216=IFCFACE((#6215));
#6217=IFCPOLYLOOP((#5642,#5637,#5582));
#6218=IFCFACEOUTERBOUND(#6217,.T.);
#6219=IFCFACE((#6218));
#6220=IFCPOLYLOOP((#5614,#5611,#5572));
#6221=IFCFACEOUTERBOUND(#6220,.T.);
#6222=IFCFACE((#6221));
#6223=IFCPOLYLOOP((#5549,#5489,#5547));
#6224=IFCFACEOUTERBOUND(#6223,.T.);
#6225=IFCFACE((#6224));
#6226=IFCPOLYLOOP((#5579,#5629,#5542));
#6227=IFCFACEOUTERBOUND(#6226,.T.);
#6228=IFCFACE((#6227));
#6229=IFCPOLYLOOP((#5491,#5522,#5520));
#6230=IFCFACEOUTERBOUND(#6229,.T.);
#6231=IFCFACE((#6230));
#6232=IFCPOLYLOOP((#5523,#5475,#5476));
#6233=IFCFACEOUTERBOUND(#6232,.T.);
#6234=IFCFACE((#6233));
#6235=IFCPOLYLOOP((#5473,#5474,#5518));
#6236=IFCFACEOUTERBOUND(#6235,.T.);
#6237=IFCFACE((#6236));
#6238=IFCPOLYLOOP((#5598,#5595,#5566));
#6239=IFCFACEOUTERBOUND(#6238,.T.);
#6240=IFCFACE((#6239));
#6241=IFCPOLYLOOP((#5633,#5634,#5581));
#6242=IFCFACEOUTERBOUND(#6241,.T.);
#6243=IFCFACE((#6242));
#6244=IFCPOLYLOOP((#5602,#5597,#5567));
#6245=IFCFACEOUTERBOUND(#6244,.T.);
#6246=IFCFACE((#6245));
#6247=IFCPOLYLOOP((#5604,#5600,#5568));
#6248=IFCFACEOUTERBOUND(#6247,.T.);
#6249=IFCFACE((#6248));
#6250=IFCPOLYLOOP((#5651,#5646,#5592));
#6251=IFCFACEOUTERBOUND(#6250,.T.);
#6252=IFCFACE((#6251));
#6253=IFCPOLYLOOP((#5577,#5624,#5540));
#6254=IFCFACEOUTERBOUND(#6253,.T.);
#6255=IFCFACE((#6254));
#6256=IFCPOLYLOOP((#5577,#5540,#5622,#5498));
#6257=IFCFACEOUTERBOUND(#6256,.T.);
#6258=IFCFACE((#6257));
#6259=IFCPOLYLOOP((#5575,#5619,#5538));
#6260=IFCFACEOUTERBOUND(#6259,.T.);
#6261=IFCFACE((#6260));
#6262=IFCPOLYLOOP((#5519,#5516,#5473));
#6263=IFCFACEOUTERBOUND(#6262,.T.);
#6264=IFCFACE((#6263));
#6265=IFCPOLYLOOP((#5523,#5524,#5506));
#6266=IFCFACEOUTERBOUND(#6265,.T.);
#6267=IFCFACE((#6266));
#6268=IFCPOLYLOOP((#5525,#5556,#5500));
#6269=IFCFACEOUTERBOUND(#6268,.T.);
#6270=IFCFACE((#6269));
#6271=IFCPOLYLOOP((#5503,#5519,#5522));
#6272=IFCFACEOUTERBOUND(#6271,.T.);
#6273=IFCFACE((#6272));
#6274=IFCPOLYLOOP((#5501,#5556,#5525));
#6275=IFCFACEOUTERBOUND(#6274,.T.);
#6276=IFCFACE((#6275));
#6277=IFCPOLYLOOP((#5476,#5524,#5523));
#6278=IFCFACEOUTERBOUND(#6277,.T.);
#6279=IFCFACE((#6278));
#6280=IFCPOLYLOOP((#5552,#5553,#5509));
#6281=IFCFACEOUTERBOUND(#6280,.T.);
#6282=IFCFACE((#6281));
#6283=IFCPOLYLOOP((#5579,#5542,#5627,#5508));
#6284=IFCFACEOUTERBOUND(#6283,.T.);
#6285=IFCFACE((#6284));
#6286=IFCPOLYLOOP((#5552,#5551,#5550));
#6287=IFCFACEOUTERBOUND(#6286,.T.);
#6288=IFCFACE((#6287));
#6289=IFCPOLYLOOP((#5644,#5645,#5589));
#6290=IFCFACEOUTERBOUND(#6289,.T.);
#6291=IFCFACE((#6290));
#6292=IFCPOLYLOOP((#5635,#5631,#5580));
#6293=IFCFACEOUTERBOUND(#6292,.T.);
#6294=IFCFACE((#6293));
#6295=IFCPOLYLOOP((#5633,#5591,#5563));
#6296=IFCFACEOUTERBOUND(#6295,.T.);
#6297=IFCFACE((#6296));
#6298=IFCPOLYLOOP((#5571,#5609,#5534));
#6299=IFCFACEOUTERBOUND(#6298,.T.);
#6300=IFCFACE((#6299));
#6301=IFCPOLYLOOP((#5571,#5534,#5607,#5514));
#6302=IFCFACEOUTERBOUND(#6301,.T.);
#6303=IFCFACE((#6302));
#6304=IFCPOLYLOOP((#5481,#5599,#5647,#5646));
#6305=IFCFACEOUTERBOUND(#6304,.T.);
#6306=IFCFACE((#6305));
#6307=IFCPOLYLOOP((#5516,#5472,#5473));
#6308=IFCFACEOUTERBOUND(#6307,.T.);
#6309=IFCFACE((#6308));
#6310=IFCPOLYLOOP((#5476,#5477,#5517));
#6311=IFCFACEOUTERBOUND(#6310,.T.);
#6312=IFCFACE((#6311));
#6313=IFCPOLYLOOP((#5518,#5519,#5473));
#6314=IFCFACEOUTERBOUND(#6313,.T.);
#6315=IFCFACE((#6314));
#6316=IFCPOLYLOOP((#5503,#5516,#5519));
#6317=IFCFACEOUTERBOUND(#6316,.T.);
#6318=IFCFACE((#6317));
#6319=IFCPOLYLOOP((#5522,#5490,#5521,#5503));
#6320=IFCFACEOUTERBOUND(#6319,.T.);
#6321=IFCFACE((#6320));
#6322=IFCPOLYLOOP((#5522,#5519,#5520));
#6323=IFCFACEOUTERBOUND(#6322,.T.);
#6324=IFCFACE((#6323));
#6325=IFCPOLYLOOP((#5644,#5594,#5566));
#6326=IFCFACEOUTERBOUND(#6325,.T.);
#6327=IFCFACE((#6326));
#6328=IFCPOLYLOOP((#5524,#5476,#5517));
#6329=IFCFACEOUTERBOUND(#6328,.T.);
#6330=IFCFACE((#6329));
#6331=IFCPOLYLOOP((#5517,#5505,#5524));
#6332=IFCFACEOUTERBOUND(#6331,.T.);
#6333=IFCFACE((#6332));
#6334=IFCPOLYLOOP((#5525,#5524,#5505));
#6335=IFCFACEOUTERBOUND(#6334,.T.);
#6336=IFCFACE((#6335));
#6337=IFCPOLYLOOP((#5501,#5525,#5505));
#6338=IFCFACEOUTERBOUND(#6337,.T.);
#6339=IFCFACE((#6338));
#6340=IFCPOLYLOOP((#5525,#5500,#5565,#5506));
#6341=IFCFACEOUTERBOUND(#6340,.T.);
#6342=IFCFACE((#6341));
#6343=IFCPOLYLOOP((#5522,#5527,#5490));
#6344=IFCFACEOUTERBOUND(#6343,.T.);
#6345=IFCFACE((#6344));
#6346=IFCPOLYLOOP((#5527,#5491,#5548));
#6347=IFCFACEOUTERBOUND(#6346,.T.);
#6348=IFCFACE((#6347));
#6349=IFCPOLYLOOP((#5547,#5488,#5549));
#6350=IFCFACEOUTERBOUND(#6349,.T.);
#6351=IFCFACE((#6350));
#6352=IFCPOLYLOOP((#5547,#5489,#5528));
#6353=IFCFACEOUTERBOUND(#6352,.T.);
#6354=IFCFACE((#6353));
#6355=IFCPOLYLOOP((#5527,#5555,#5490));
#6356=IFCFACEOUTERBOUND(#6355,.T.);
#6357=IFCFACE((#6356));
#6358=IFCPOLYLOOP((#5567,#5529,#5596,#5494));
#6359=IFCFACEOUTERBOUND(#6358,.T.);
#6360=IFCFACE((#6359));
#6361=IFCPOLYLOOP((#5647,#5599,#5568));
#6362=IFCFACEOUTERBOUND(#6361,.T.);
#6363=IFCFACE((#6362));
#6364=IFCPOLYLOOP((#5569,#5531,#5601));
#6365=IFCFACEOUTERBOUND(#6364,.T.);
#6366=IFCFACE((#6365));
#6367=IFCPOLYLOOP((#5605,#5609,#5608,#5533));
#6368=IFCFACEOUTERBOUND(#6367,.T.);
#6369=IFCFACE((#6368));
#6370=IFCPOLYLOOP((#5609,#5605,#5570));
#6371=IFCFACEOUTERBOUND(#6370,.T.);
#6372=IFCFACE((#6371));
#6373=IFCPOLYLOOP((#5572,#5483,#5610,#5535));
#6374=IFCFACEOUTERBOUND(#6373,.T.);
#6375=IFCFACE((#6374));
#6376=IFCPOLYLOOP((#5573,#5535,#5612,#5487));
#6377=IFCFACEOUTERBOUND(#6376,.T.);
#6378=IFCFACE((#6377));
#6379=IFCPOLYLOOP((#5537,#5574,#5619));
#6380=IFCFACEOUTERBOUND(#6379,.T.);
#6381=IFCFACE((#6380));
#6382=IFCPOLYLOOP((#5574,#5537,#5615,#5479));
#6383=IFCFACEOUTERBOUND(#6382,.T.);
#6384=IFCFACE((#6383));
#6385=IFCPOLYLOOP((#5620,#5624,#5623,#5539));
#6386=IFCFACEOUTERBOUND(#6385,.T.);
#6387=IFCFACE((#6386));
#6388=IFCPOLYLOOP((#5624,#5620,#5576));
#6389=IFCFACEOUTERBOUND(#6388,.T.);
#6390=IFCFACE((#6389));
#6391=IFCPOLYLOOP((#5541,#5578,#5629));
#6392=IFCFACEOUTERBOUND(#6391,.T.);
#6393=IFCFACE((#6392));
#6394=IFCPOLYLOOP((#5578,#5541,#5625,#5482));
#6395=IFCFACEOUTERBOUND(#6394,.T.);
#6396=IFCFACE((#6395));
#6397=IFCPOLYLOOP((#5580,#5480,#5630,#5543));
#6398=IFCFACEOUTERBOUND(#6397,.T.);
#6399=IFCFACE((#6398));
#6400=IFCPOLYLOOP((#5581,#5543,#5632,#5511));
#6401=IFCFACEOUTERBOUND(#6400,.T.);
#6402=IFCFACE((#6401));
#6403=IFCPOLYLOOP((#5582,#5487,#5636,#5545));
#6404=IFCFACEOUTERBOUND(#6403,.T.);
#6405=IFCFACE((#6404));
#6406=IFCPOLYLOOP((#5583,#5545,#5639,#5484));
#6407=IFCFACEOUTERBOUND(#6406,.T.);
#6408=IFCFACE((#6407));
#6409=IFCPOLYLOOP((#5555,#5547,#5528));
#6410=IFCFACEOUTERBOUND(#6409,.T.);
#6411=IFCFACE((#6410));
#6412=IFCPOLYLOOP((#5547,#5526,#5584,#5488));
#6413=IFCFACEOUTERBOUND(#6412,.T.);
#6414=IFCFACE((#6413));
#6415=IFCPOLYLOOP((#5553,#5508,#5585,#5509));
#6416=IFCFACEOUTERBOUND(#6415,.T.);
#6417=IFCFACE((#6416));
#6418=IFCPOLYLOOP((#5555,#5548,#5526));
#6419=IFCFACEOUTERBOUND(#6418,.T.);
#6420=IFCFACE((#6419));
#6421=IFCPOLYLOOP((#5552,#5554,#5549));
#6422=IFCFACEOUTERBOUND(#6421,.T.);
#6423=IFCFACE((#6422));
#6424=IFCPOLYLOOP((#5549,#5551,#5552));
#6425=IFCFACEOUTERBOUND(#6424,.T.);
#6426=IFCFACE((#6425));
#6427=IFCPOLYLOOP((#5549,#5488,#5551));
#6428=IFCFACEOUTERBOUND(#6427,.T.);
#6429=IFCFACE((#6428));
#6430=IFCPOLYLOOP((#5552,#5550,#5553));
#6431=IFCFACEOUTERBOUND(#6430,.T.);
#6432=IFCFACE((#6431));
#6433=IFCPOLYLOOP((#5490,#5555,#5528));
#6434=IFCFACEOUTERBOUND(#6433,.T.);
#6435=IFCFACE((#6434));
#6436=IFCPOLYLOOP((#5553,#5550,#5586,#5507));
#6437=IFCFACEOUTERBOUND(#6436,.T.);
#6438=IFCFACE((#6437));
#6439=IFCPOLYLOOP((#5579,#5553,#5507));
#6440=IFCFACEOUTERBOUND(#6439,.T.);
#6441=IFCFACE((#6440));
#6442=IFCPOLYLOOP((#5554,#5552,#5509));
#6443=IFCFACEOUTERBOUND(#6442,.T.);
#6444=IFCFACE((#6443));
#6445=IFCPOLYLOOP((#5554,#5489,#5549));
#6446=IFCFACEOUTERBOUND(#6445,.T.);
#6447=IFCFACE((#6446));
#6448=IFCPOLYLOOP((#5548,#5555,#5527));
#6449=IFCFACEOUTERBOUND(#6448,.T.);
#6450=IFCFACE((#6449));
#6451=IFCPOLYLOOP((#5559,#5561,#5502));
#6452=IFCFACEOUTERBOUND(#6451,.T.);
#6453=IFCFACE((#6452));
#6454=IFCPOLYLOOP((#5502,#5560,#5559));
#6455=IFCFACEOUTERBOUND(#6454,.T.);
#6456=IFCFACE((#6455));
#6457=IFCPOLYLOOP((#5559,#5560,#5557));
#6458=IFCFACEOUTERBOUND(#6457,.T.);
#6459=IFCFACE((#6458));
#6460=IFCPOLYLOOP((#5561,#5559,#5556));
#6461=IFCFACEOUTERBOUND(#6460,.T.);
#6462=IFCFACE((#6461));
#6463=IFCPOLYLOOP((#5558,#5500,#5556));
#6464=IFCFACEOUTERBOUND(#6463,.T.);
#6465=IFCFACE((#6464));
#6466=IFCPOLYLOOP((#5560,#5502,#5587,#5485));
#6467=IFCFACEOUTERBOUND(#6466,.T.);
#6468=IFCFACE((#6467));
#6469=IFCPOLYLOOP((#5637,#5642,#5546));
#6470=IFCFACEOUTERBOUND(#6469,.T.);
#6471=IFCFACE((#6470));
#6472=IFCPOLYLOOP((#5640,#5588,#5560));
#6473=IFCFACEOUTERBOUND(#6472,.T.);
#6474=IFCFACE((#6473));
#6475=IFCPOLYLOOP((#5556,#5501,#5561));
#6476=IFCFACEOUTERBOUND(#6475,.T.);
#6477=IFCFACE((#6476));
#6478=IFCPOLYLOOP((#5631,#5635,#5544));
#6479=IFCFACEOUTERBOUND(#6478,.T.);
#6480=IFCFACE((#6479));
#6481=IFCPOLYLOOP((#5563,#5562,#5590,#5510));
#6482=IFCFACEOUTERBOUND(#6481,.T.);
#6483=IFCFACE((#6482));
#6484=IFCPOLYLOOP((#5589,#5563,#5512));
#6485=IFCFACEOUTERBOUND(#6484,.T.);
#6486=IFCFACE((#6485));
#6487=IFCPOLYLOOP((#5529,#5567,#5598));
#6488=IFCFACEOUTERBOUND(#6487,.T.);
#6489=IFCFACE((#6488));
#6490=IFCPOLYLOOP((#5593,#5564,#5649,#5513));
#6491=IFCFACEOUTERBOUND(#6490,.T.);
#6492=IFCFACE((#6491));
#6493=IFCPOLYLOOP((#5478,#5647,#5568));
#6494=IFCFACEOUTERBOUND(#6493,.T.);
#6495=IFCFACE((#6494));
#6496=IFCPOLYLOOP((#5600,#5604,#5603,#5532));
#6497=IFCFACEOUTERBOUND(#6496,.T.);
#6498=IFCFACE((#6497));
#6499=IFCPOLYLOOP((#5567,#5597,#5598));
#6500=IFCFACEOUTERBOUND(#6499,.T.);
#6501=IFCFACE((#6500));
#6502=IFCPOLYLOOP((#5531,#5569,#5604));
#6503=IFCFACEOUTERBOUND(#6502,.T.);
#6504=IFCFACE((#6503));
#6505=IFCPOLYLOOP((#5647,#5478,#5592));
#6506=IFCFACEOUTERBOUND(#6505,.T.);
#6507=IFCFACE((#6506));
#6508=IFCPOLYLOOP((#5601,#5602,#5569));
#6509=IFCFACEOUTERBOUND(#6508,.T.);
#6510=IFCFACE((#6509));
#6511=IFCPOLYLOOP((#5569,#5603,#5604));
#6512=IFCFACEOUTERBOUND(#6511,.T.);
#6513=IFCFACE((#6512));
#6514=IFCPOLYLOOP((#5576,#5570,#5497));
#6515=IFCFACEOUTERBOUND(#6514,.T.);
#6516=IFCFACE((#6515));
#6517=IFCPOLYLOOP((#5570,#5496,#5606,#5534));
#6518=IFCFACEOUTERBOUND(#6517,.T.);
#6519=IFCFACE((#6518));
#6520=IFCPOLYLOOP((#5593,#5571,#5514));
#6521=IFCFACEOUTERBOUND(#6520,.T.);
#6522=IFCFACE((#6521));
#6523=IFCPOLYLOOP((#5571,#5513,#5608));
#6524=IFCFACEOUTERBOUND(#6523,.T.);
#6525=IFCFACE((#6524));
#6526=IFCPOLYLOOP((#5535,#5573,#5614));
#6527=IFCFACEOUTERBOUND(#6526,.T.);
#6528=IFCFACE((#6527));
#6529=IFCPOLYLOOP((#5580,#5572,#5480));
#6530=IFCFACEOUTERBOUND(#6529,.T.);
#6531=IFCFACE((#6530));
#6532=IFCPOLYLOOP((#5487,#5582,#5638));
#6533=IFCFACEOUTERBOUND(#6532,.T.);
#6534=IFCFACE((#6533));
#6535=IFCPOLYLOOP((#5614,#5573,#5536));
#6536=IFCFACEOUTERBOUND(#6535,.T.);
#6537=IFCFACE((#6536));
#6538=IFCPOLYLOOP((#5578,#5574,#5479));
#6539=IFCFACEOUTERBOUND(#6538,.T.);
#6540=IFCFACE((#6539));
#6541=IFCPOLYLOOP((#5574,#5482,#5616));
#6542=IFCFACEOUTERBOUND(#6541,.T.);
#6543=IFCFACE((#6542));
#6544=IFCPOLYLOOP((#5577,#5575,#5499));
#6545=IFCFACEOUTERBOUND(#6544,.T.);
#6546=IFCFACE((#6545));
#6547=IFCPOLYLOOP((#5575,#5498,#5618));
#6548=IFCFACEOUTERBOUND(#6547,.T.);
#6549=IFCFACE((#6548));
#6550=IFCPOLYLOOP((#5570,#5576,#5496));
#6551=IFCFACEOUTERBOUND(#6550,.T.);
#6552=IFCFACE((#6551));
#6553=IFCPOLYLOOP((#5576,#5497,#5621));
#6554=IFCFACEOUTERBOUND(#6553,.T.);
#6555=IFCFACE((#6554));
#6556=IFCPOLYLOOP((#5575,#5577,#5498));
#6557=IFCFACEOUTERBOUND(#6556,.T.);
#6558=IFCFACE((#6557));
#6559=IFCPOLYLOOP((#5577,#5499,#5623));
#6560=IFCFACEOUTERBOUND(#6559,.T.);
#6561=IFCFACE((#6560));
#6562=IFCPOLYLOOP((#5574,#5578,#5482));
#6563=IFCFACEOUTERBOUND(#6562,.T.);
#6564=IFCFACE((#6563));
#6565=IFCPOLYLOOP((#5578,#5479,#5626));
#6566=IFCFACEOUTERBOUND(#6565,.T.);
#6567=IFCFACE((#6566));
#6568=IFCPOLYLOOP((#5553,#5579,#5508));
#6569=IFCFACEOUTERBOUND(#6568,.T.);
#6570=IFCFACE((#6569));
#6571=IFCPOLYLOOP((#5579,#5507,#5628));
#6572=IFCFACEOUTERBOUND(#6571,.T.);
#6573=IFCFACE((#6572));
#6574=IFCPOLYLOOP((#5543,#5581,#5635));
#6575=IFCFACEOUTERBOUND(#6574,.T.);
#6576=IFCFACE((#6575));
#6577=IFCPOLYLOOP((#5572,#5580,#5483));
#6578=IFCFACEOUTERBOUND(#6577,.T.);
#6579=IFCFACE((#6578));
#6580=IFCPOLYLOOP((#5581,#5511,#5633));
#6581=IFCFACEOUTERBOUND(#6580,.T.);
#6582=IFCFACE((#6581));
#6583=IFCPOLYLOOP((#5635,#5581,#5544));
#6584=IFCFACEOUTERBOUND(#6583,.T.);
#6585=IFCFACE((#6584));
#6586=IFCPOLYLOOP((#5545,#5583,#5642));
#6587=IFCFACEOUTERBOUND(#6586,.T.);
#6588=IFCFACE((#6587));
#6589=IFCPOLYLOOP((#5638,#5582,#5486));
#6590=IFCFACEOUTERBOUND(#6589,.T.);
#6591=IFCFACE((#6590));
#6592=IFCPOLYLOOP((#5583,#5484,#5640));
#6593=IFCFACEOUTERBOUND(#6592,.T.);
#6594=IFCFACE((#6593));
#6595=IFCPOLYLOOP((#5642,#5583,#5546));
#6596=IFCFACEOUTERBOUND(#6595,.T.);
#6597=IFCFACE((#6596));
#6598=IFCPOLYLOOP((#5643,#5644,#5589));
#6599=IFCFACEOUTERBOUND(#6598,.T.);
#6600=IFCFACE((#6599));
#6601=IFCPOLYLOOP((#5588,#5557,#5560));
#6602=IFCFACEOUTERBOUND(#6601,.T.);
#6603=IFCFACE((#6602));
#6604=IFCPOLYLOOP((#5563,#5589,#5562));
#6605=IFCFACEOUTERBOUND(#6604,.T.);
#6606=IFCFACE((#6605));
#6607=IFCPOLYLOOP((#5592,#5478,#5648,#5564));
#6608=IFCFACEOUTERBOUND(#6607,.T.);
#6609=IFCFACE((#6608));
#6610=IFCPOLYLOOP((#5591,#5512,#5563));
#6611=IFCFACEOUTERBOUND(#6610,.T.);
#6612=IFCFACE((#6611));
#6613=IFCPOLYLOOP((#5651,#5564,#5593));
#6614=IFCFACEOUTERBOUND(#6613,.T.);
#6615=IFCFACE((#6614));
#6616=IFCPOLYLOOP((#5571,#5593,#5513));
#6617=IFCFACEOUTERBOUND(#6616,.T.);
#6618=IFCFACE((#6617));
#6619=IFCPOLYLOOP((#5593,#5514,#5650));
#6620=IFCFACEOUTERBOUND(#6619,.T.);
#6621=IFCFACE((#6620));
#6622=IFCPOLYLOOP((#5595,#5598,#5597,#5530));
#6623=IFCFACEOUTERBOUND(#6622,.T.);
#6624=IFCFACE((#6623));
#6625=IFCPOLYLOOP((#5529,#5566,#5594));
#6626=IFCFACEOUTERBOUND(#6625,.T.);
#6627=IFCFACE((#6626));
#6628=IFCPOLYLOOP((#5595,#5492,#5566));
#6629=IFCFACEOUTERBOUND(#6628,.T.);
#6630=IFCFACE((#6629));
#6631=IFCPOLYLOOP((#5529,#5598,#5566));
#6632=IFCFACEOUTERBOUND(#6631,.T.);
#6633=IFCFACE((#6632));
#6634=IFCPOLYLOOP((#5597,#5602,#5601,#5495));
#6635=IFCFACEOUTERBOUND(#6634,.T.);
#6636=IFCFACE((#6635));
#6637=IFCPOLYLOOP((#5599,#5531,#5568));
#6638=IFCFACEOUTERBOUND(#6637,.T.);
#6639=IFCFACE((#6638));
#6640=IFCPOLYLOOP((#5600,#5478,#5568));
#6641=IFCFACEOUTERBOUND(#6640,.T.);
#6642=IFCFACE((#6641));
#6643=IFCPOLYLOOP((#5494,#5602,#5567));
#6644=IFCFACEOUTERBOUND(#6643,.T.);
#6645=IFCFACE((#6644));
#6646=IFCPOLYLOOP((#5494,#5569,#5602));
#6647=IFCFACEOUTERBOUND(#6646,.T.);
#6648=IFCFACE((#6647));
#6649=IFCPOLYLOOP((#5531,#5604,#5568));
#6650=IFCFACEOUTERBOUND(#6649,.T.);
#6651=IFCFACE((#6650));
#6652=IFCPOLYLOOP((#5534,#5609,#5570));
#6653=IFCFACEOUTERBOUND(#6652,.T.);
#6654=IFCFACE((#6653));
#6655=IFCPOLYLOOP((#5497,#5570,#5605));
#6656=IFCFACEOUTERBOUND(#6655,.T.);
#6657=IFCFACE((#6656));
#6658=IFCPOLYLOOP((#5608,#5609,#5571));
#6659=IFCFACEOUTERBOUND(#6658,.T.);
#6660=IFCFACE((#6659));
#6661=IFCPOLYLOOP((#5611,#5614,#5536));
#6662=IFCFACEOUTERBOUND(#6661,.T.);
#6663=IFCFACE((#6662));
#6664=IFCPOLYLOOP((#5611,#5480,#5572));
#6665=IFCFACEOUTERBOUND(#6664,.T.);
#6666=IFCFACE((#6665));
#6667=IFCPOLYLOOP((#5613,#5536,#5573));
#6668=IFCFACEOUTERBOUND(#6667,.T.);
#6669=IFCFACE((#6668));
#6670=IFCPOLYLOOP((#5535,#5614,#5572));
#6671=IFCFACEOUTERBOUND(#6670,.T.);
#6672=IFCFACE((#6671));
#6673=IFCPOLYLOOP((#5619,#5574,#5616));
#6674=IFCFACEOUTERBOUND(#6673,.T.);
#6675=IFCFACE((#6674));
#6676=IFCPOLYLOOP((#5619,#5616,#5538));
#6677=IFCFACEOUTERBOUND(#6676,.T.);
#6678=IFCFACE((#6677));
#6679=IFCPOLYLOOP((#5619,#5618,#5537));
#6680=IFCFACEOUTERBOUND(#6679,.T.);
#6681=IFCFACE((#6680));
#6682=IFCPOLYLOOP((#5618,#5619,#5575));
#6683=IFCFACEOUTERBOUND(#6682,.T.);
#6684=IFCFACE((#6683));
#6685=IFCPOLYLOOP((#5624,#5576,#5621));
#6686=IFCFACEOUTERBOUND(#6685,.T.);
#6687=IFCFACE((#6686));
#6688=IFCPOLYLOOP((#5620,#5496,#5576));
#6689=IFCFACEOUTERBOUND(#6688,.T.);
#6690=IFCFACE((#6689));
#6691=IFCPOLYLOOP((#5624,#5621,#5540));
#6692=IFCFACEOUTERBOUND(#6691,.T.);
#6693=IFCFACE((#6692));
#6694=IFCPOLYLOOP((#5623,#5624,#5577));
#6695=IFCFACEOUTERBOUND(#6694,.T.);
#6696=IFCFACE((#6695));
#6697=IFCPOLYLOOP((#5629,#5578,#5626));
#6698=IFCFACEOUTERBOUND(#6697,.T.);
#6699=IFCFACE((#6698));
#6700=IFCPOLYLOOP((#5629,#5626,#5542));
#6701=IFCFACEOUTERBOUND(#6700,.T.);
#6702=IFCFACE((#6701));
#6703=IFCPOLYLOOP((#5629,#5628,#5541));
#6704=IFCFACEOUTERBOUND(#6703,.T.);
#6705=IFCFACE((#6704));
#6706=IFCPOLYLOOP((#5628,#5629,#5579));
#6707=IFCFACEOUTERBOUND(#6706,.T.);
#6708=IFCFACE((#6707));
#6709=IFCPOLYLOOP((#5591,#5633,#5511));
#6710=IFCFACEOUTERBOUND(#6709,.T.);
#6711=IFCFACE((#6710));
#6712=IFCPOLYLOOP((#5631,#5483,#5580));
#6713=IFCFACEOUTERBOUND(#6712,.T.);
#6714=IFCFACE((#6713));
#6715=IFCPOLYLOOP((#5510,#5633,#5563));
#6716=IFCFACEOUTERBOUND(#6715,.T.);
#6717=IFCFACE((#6716));
#6718=IFCPOLYLOOP((#5634,#5633,#5510));
#6719=IFCFACEOUTERBOUND(#6718,.T.);
#6720=IFCFACE((#6719));
#6721=IFCPOLYLOOP((#5634,#5544,#5581));
#6722=IFCFACEOUTERBOUND(#6721,.T.);
#6723=IFCFACE((#6722));
#6724=IFCPOLYLOOP((#5543,#5635,#5580));
#6725=IFCFACEOUTERBOUND(#6724,.T.);
#6726=IFCFACE((#6725));
#6727=IFCPOLYLOOP((#5613,#5638,#5486));
#6728=IFCFACEOUTERBOUND(#6727,.T.);
#6729=IFCFACE((#6728));
#6730=IFCPOLYLOOP((#5637,#5486,#5582));
#6731=IFCFACEOUTERBOUND(#6730,.T.);
#6732=IFCFACE((#6731));
#6733=IFCPOLYLOOP((#5487,#5638,#5573));
#6734=IFCFACEOUTERBOUND(#6733,.T.);
#6735=IFCFACE((#6734));
#6736=IFCPOLYLOOP((#5588,#5640,#5484));
#6737=IFCFACEOUTERBOUND(#6736,.T.);
#6738=IFCFACE((#6737));
#6739=IFCPOLYLOOP((#5485,#5640,#5560));
#6740=IFCFACEOUTERBOUND(#6739,.T.);
#6741=IFCFACE((#6740));
#6742=IFCPOLYLOOP((#5641,#5640,#5485));
#6743=IFCFACEOUTERBOUND(#6742,.T.);
#6744=IFCFACE((#6743));
#6745=IFCPOLYLOOP((#5641,#5546,#5583));
#6746=IFCFACEOUTERBOUND(#6745,.T.);
#6747=IFCFACE((#6746));
#6748=IFCPOLYLOOP((#5545,#5642,#5582));
#6749=IFCFACEOUTERBOUND(#6748,.T.);
#6750=IFCFACE((#6749));
#6751=IFCPOLYLOOP((#5594,#5644,#5643,#5493));
#6752=IFCFACEOUTERBOUND(#6751,.T.);
#6753=IFCFACE((#6752));
#6754=IFCPOLYLOOP((#5492,#5644,#5566));
#6755=IFCFACEOUTERBOUND(#6754,.T.);
#6756=IFCFACE((#6755));
#6757=IFCPOLYLOOP((#5645,#5644,#5492));
#6758=IFCFACEOUTERBOUND(#6757,.T.);
#6759=IFCFACE((#6758));
#6760=IFCPOLYLOOP((#5645,#5562,#5589));
#6761=IFCFACEOUTERBOUND(#6760,.T.);
#6762=IFCFACE((#6761));
#6763=IFCPOLYLOOP((#5646,#5647,#5592));
#6764=IFCFACEOUTERBOUND(#6763,.T.);
#6765=IFCFACE((#6764));
#6766=IFCPOLYLOOP((#5564,#5651,#5592));
#6767=IFCFACEOUTERBOUND(#6766,.T.);
#6768=IFCFACE((#6767));
#6769=IFCPOLYLOOP((#5650,#5651,#5593));
#6770=IFCFACEOUTERBOUND(#6769,.T.);
#6771=IFCFACE((#6770));
#6772=IFCPOLYLOOP((#5652,#5472,#5516,#5503,#5521,#5490,#5528,#5489,#5554,#5509,#5585,#5508,#5627,#5542,#5626,#5479,#5615,#5537,#5618,#5498,#5622,#5540,#5621,#5497,#5605,#5533,#5608,#5513,#5649,#5564,#5648,#5478,#5600,#5532,#5603,#5494,#5596,#5529,#5594,#5493,#5643,#5512,#5591,#5511,#5632,#5543,#5630,#5480,#5611,#5536,#5613,#5486,#5637,#5546,#5641,#5485,#5587,#5502,#5561,#5501,#5505,#5517,#5477,#5653));
#6773=IFCFACEOUTERBOUND(#6772,.T.);
#6774=IFCFACE((#6773));
#6775=IFCPOLYLOOP((#5416,#5415,#5654,#5655));
#6776=IFCFACEOUTERBOUND(#6775,.T.);
#6777=IFCFACE((#6776));
#6778=IFCPOLYLOOP((#5419,#5656,#5657,#5660,#5662,#5420));
#6779=IFCFACEOUTERBOUND(#6778,.T.);
#6780=IFCFACE((#6779));
#6781=IFCPOLYLOOP((#5663,#5665,#5661,#5664));
#6782=IFCFACEOUTERBOUND(#6781,.T.);
#6783=IFCFACE((#6782));
#6784=IFCPOLYLOOP((#5664,#5423,#5666));
#6785=IFCFACEOUTERBOUND(#6784,.T.);
#6786=IFCFACE((#6785));
#6787=IFCPOLYLOOP((#5657,#5658,#5667));
#6788=IFCFACEOUTERBOUND(#6787,.T.);
#6789=IFCFACE((#6788));
#6790=IFCPOLYLOOP((#5663,#5660,#5667));
#6791=IFCFACEOUTERBOUND(#6790,.T.);
#6792=IFCFACE((#6791));
#6793=IFCPOLYLOOP((#5420,#5662,#5666));
#6794=IFCFACEOUTERBOUND(#6793,.T.);
#6795=IFCFACE((#6794));
#6796=IFCPOLYLOOP((#5663,#5662,#5660));
#6797=IFCFACEOUTERBOUND(#6796,.T.);
#6798=IFCFACE((#6797));
#6799=IFCPOLYLOOP((#5665,#5663,#5667));
#6800=IFCFACEOUTERBOUND(#6799,.T.);
#6801=IFCFACE((#6800));
#6802=IFCPOLYLOOP((#5664,#5666,#5663));
#6803=IFCFACEOUTERBOUND(#6802,.T.);
#6804=IFCFACE((#6803));
#6805=IFCPOLYLOOP((#5666,#5662,#5663));
#6806=IFCFACEOUTERBOUND(#6805,.T.);
#6807=IFCFACE((#6806));
#6808=IFCPOLYLOOP((#5664,#5424,#5423));
#6809=IFCFACEOUTERBOUND(#6808,.T.);
#6810=IFCFACE((#6809));
#6811=IFCPOLYLOOP((#5658,#5659,#5665));
#6812=IFCFACEOUTERBOUND(#6811,.T.);
#6813=IFCFACE((#6812));
#6814=IFCPOLYLOOP((#5420,#5666,#5423));
#6815=IFCFACEOUTERBOUND(#6814,.T.);
#6816=IFCFACE((#6815));
#6817=IFCPOLYLOOP((#5657,#5667,#5660));
#6818=IFCFACEOUTERBOUND(#6817,.T.);
#6819=IFCFACE((#6818));
#6820=IFCPOLYLOOP((#5665,#5667,#5658));
#6821=IFCFACEOUTERBOUND(#6820,.T.);
#6822=IFCFACE((#6821));
#6823=IFCPOLYLOOP((#5678,#5683,#5687));
#6824=IFCFACEOUTERBOUND(#6823,.T.);
#6825=IFCFACE((#6824));
#6826=IFCPOLYLOOP((#5699,#5698,#5694));
#6827=IFCFACEOUTERBOUND(#6826,.T.);
#6828=IFCFACE((#6827));
#6829=IFCPOLYLOOP((#5688,#5700,#5681));
#6830=IFCFACEOUTERBOUND(#6829,.T.);
#6831=IFCFACE((#6830));
#6832=IFCPOLYLOOP((#5694,#5673,#5692));
#6833=IFCFACEOUTERBOUND(#6832,.T.);
#6834=IFCFACE((#6833));
#6835=IFCPOLYLOOP((#5674,#5688,#5681));
#6836=IFCFACEOUTERBOUND(#6835,.T.);
#6837=IFCFACE((#6836));
#6838=IFCPOLYLOOP((#5691,#5695,#5688));
#6839=IFCFACEOUTERBOUND(#6838,.T.);
#6840=IFCFACE((#6839));
#6841=IFCPOLYLOOP((#5669,#5685,#5700));
#6842=IFCFACEOUTERBOUND(#6841,.T.);
#6843=IFCFACE((#6842));
#6844=IFCPOLYLOOP((#5684,#5692,#5673));
#6845=IFCFACEOUTERBOUND(#6844,.T.);
#6846=IFCFACE((#6845));
#6847=IFCPOLYLOOP((#5675,#5692,#5680));
#6848=IFCFACEOUTERBOUND(#6847,.T.);
#6849=IFCFACE((#6848));
#6850=IFCPOLYLOOP((#5672,#5698,#5693));
#6851=IFCFACEOUTERBOUND(#6850,.T.);
#6852=IFCFACE((#6851));
#6853=IFCPOLYLOOP((#5691,#5688,#5674));
#6854=IFCFACEOUTERBOUND(#6853,.T.);
#6855=IFCFACE((#6854));
#6856=IFCPOLYLOOP((#5678,#5687,#5696));
#6857=IFCFACEOUTERBOUND(#6856,.T.);
#6858=IFCFACE((#6857));
#6859=IFCPOLYLOOP((#5679,#5680,#5696));
#6860=IFCFACEOUTERBOUND(#6859,.T.);
#6861=IFCFACE((#6860));
#6862=IFCPOLYLOOP((#5680,#5692,#5696));
#6863=IFCFACEOUTERBOUND(#6862,.T.);
#6864=IFCFACE((#6863));
#6865=IFCPOLYLOOP((#5668,#5669,#5700));
#6866=IFCFACEOUTERBOUND(#6865,.T.);
#6867=IFCFACE((#6866));
#6868=IFCPOLYLOOP((#5476,#5475,#5686));
#6869=IFCFACEOUTERBOUND(#6868,.T.);
#6870=IFCFACE((#6869));
#6871=IFCPOLYLOOP((#5679,#5687,#5686));
#6872=IFCFACEOUTERBOUND(#6871,.T.);
#6873=IFCFACE((#6872));
#6874=IFCPOLYLOOP((#5683,#5477,#5476));
#6875=IFCFACEOUTERBOUND(#6874,.T.);
#6876=IFCFACE((#6875));
#6877=IFCPOLYLOOP((#5669,#5670,#5685));
#6878=IFCFACEOUTERBOUND(#6877,.T.);
#6879=IFCFACE((#6878));
#6880=IFCPOLYLOOP((#5688,#5677,#5700));
#6881=IFCFACEOUTERBOUND(#6880,.T.);
#6882=IFCFACE((#6881));
#6883=IFCPOLYLOOP((#5686,#5687,#5476));
#6884=IFCFACEOUTERBOUND(#6883,.T.);
#6885=IFCFACE((#6884));
#6886=IFCPOLYLOOP((#5476,#5687,#5683));
#6887=IFCFACEOUTERBOUND(#6886,.T.);
#6888=IFCFACE((#6887));
#6889=IFCPOLYLOOP((#5677,#5688,#5695));
#6890=IFCFACEOUTERBOUND(#6889,.T.);
#6891=IFCFACE((#6890));
#6892=IFCPOLYLOOP((#5700,#5677,#5682,#5668));
#6893=IFCFACEOUTERBOUND(#6892,.T.);
#6894=IFCFACE((#6893));
#6895=IFCPOLYLOOP((#5674,#5689,#5691));
#6896=IFCFACEOUTERBOUND(#6895,.T.);
#6897=IFCFACE((#6896));
#6898=IFCPOLYLOOP((#5690,#5693,#5698));
#6899=IFCFACEOUTERBOUND(#6898,.T.);
#6900=IFCFACE((#6899));
#6901=IFCPOLYLOOP((#5671,#5693,#5690));
#6902=IFCFACEOUTERBOUND(#6901,.T.);
#6903=IFCFACE((#6902));
#6904=IFCPOLYLOOP((#5693,#5691,#5689));
#6905=IFCFACEOUTERBOUND(#6904,.T.);
#6906=IFCFACE((#6905));
#6907=IFCPOLYLOOP((#5692,#5675,#5694));
#6908=IFCFACEOUTERBOUND(#6907,.T.);
#6909=IFCFACE((#6908));
#6910=IFCPOLYLOOP((#5684,#5678,#5696));
#6911=IFCFACEOUTERBOUND(#6910,.T.);
#6912=IFCFACE((#6911));
#6913=IFCPOLYLOOP((#5691,#5693,#5671));
#6914=IFCFACEOUTERBOUND(#6913,.T.);
#6915=IFCFACE((#6914));
#6916=IFCPOLYLOOP((#5672,#5693,#5689));
#6917=IFCFACEOUTERBOUND(#6916,.T.);
#6918=IFCFACE((#6917));
#6919=IFCPOLYLOOP((#5698,#5699,#5676,#5690));
#6920=IFCFACEOUTERBOUND(#6919,.T.);
#6921=IFCFACE((#6920));
#6922=IFCPOLYLOOP((#5694,#5698,#5697));
#6923=IFCFACEOUTERBOUND(#6922,.T.);
#6924=IFCFACE((#6923));
#6925=IFCPOLYLOOP((#5691,#5671,#5695));
#6926=IFCFACEOUTERBOUND(#6925,.T.);
#6927=IFCFACE((#6926));
#6928=IFCPOLYLOOP((#5696,#5687,#5679));
#6929=IFCFACEOUTERBOUND(#6928,.T.);
#6930=IFCFACE((#6929));
#6931=IFCPOLYLOOP((#5684,#5696,#5692));
#6932=IFCFACEOUTERBOUND(#6931,.T.);
#6933=IFCFACE((#6932));
#6934=IFCPOLYLOOP((#5697,#5698,#5672));
#6935=IFCFACEOUTERBOUND(#6934,.T.);
#6936=IFCFACE((#6935));
#6937=IFCPOLYLOOP((#5697,#5673,#5694));
#6938=IFCFACEOUTERBOUND(#6937,.T.);
#6939=IFCFACE((#6938));
#6940=IFCPOLYLOOP((#5694,#5675,#5699));
#6941=IFCFACEOUTERBOUND(#6940,.T.);
#6942=IFCFACE((#6941));
#6943=IFCPOLYLOOP((#5700,#5685,#5681));
#6944=IFCFACEOUTERBOUND(#6943,.T.);
#6945=IFCFACE((#6944));
#6946=IFCPOLYLOOP((#5653,#5477,#5683,#5678,#5684,#5673,#5697,#5672,#5689,#5674,#5681,#5685,#5670,#5701));
#6947=IFCFACEOUTERBOUND(#6946,.T.);
#6948=IFCFACE((#6947));
#6949=IFCPOLYLOOP((#5655,#5654,#5702,#5703));
#6950=IFCFACEOUTERBOUND(#6949,.T.);
#6951=IFCFACE((#6950));
#6952=IFCPOLYLOOP((#5657,#5656,#5704,#5705,#5716,#5715,#5739,#5713,#5726,#5725,#5734,#5711,#5748,#5721,#5743,#5712,#5719,#5718,#5728));
#6953=IFCFACEOUTERBOUND(#6952,.T.);
#6954=IFCFACE((#6953));
#6955=IFCPOLYLOOP((#5736,#5727,#5714));
#6956=IFCFACEOUTERBOUND(#6955,.T.);
#6957=IFCFACE((#6956));
#6958=IFCPOLYLOOP((#5729,#5745,#5741));
#6959=IFCFACEOUTERBOUND(#6958,.T.);
#6960=IFCFACE((#6959));
#6961=IFCPOLYLOOP((#5728,#5752,#5753));
#6962=IFCFACEOUTERBOUND(#6961,.T.);
#6963=IFCFACE((#6962));
#6964=IFCPOLYLOOP((#5714,#5738,#5736));
#6965=IFCFACEOUTERBOUND(#6964,.T.);
#6966=IFCFACE((#6965));
#6967=IFCPOLYLOOP((#5752,#5728,#5718));
#6968=IFCFACEOUTERBOUND(#6967,.T.);
#6969=IFCFACE((#6968));
#6970=IFCPOLYLOOP((#5730,#5731,#5732));
#6971=IFCFACEOUTERBOUND(#6970,.T.);
#6972=IFCFACE((#6971));
#6973=IFCPOLYLOOP((#5719,#5712,#5741));
#6974=IFCFACEOUTERBOUND(#6973,.T.);
#6975=IFCFACE((#6974));
#6976=IFCPOLYLOOP((#5722,#5723,#5744));
#6977=IFCFACEOUTERBOUND(#6976,.T.);
#6978=IFCFACE((#6977));
#6979=IFCPOLYLOOP((#5733,#5735,#5754));
#6980=IFCFACEOUTERBOUND(#6979,.T.);
#6981=IFCFACE((#6980));
#6982=IFCPOLYLOOP((#5748,#5749,#5746));
#6983=IFCFACEOUTERBOUND(#6982,.T.);
#6984=IFCFACE((#6983));
#6985=IFCPOLYLOOP((#5751,#5738,#5737));
#6986=IFCFACEOUTERBOUND(#6985,.T.);
#6987=IFCFACE((#6986));
#6988=IFCPOLYLOOP((#5740,#5705,#5706));
#6989=IFCFACEOUTERBOUND(#6988,.T.);
#6990=IFCFACE((#6989));
#6991=IFCPOLYLOOP((#5727,#5736,#5740));
#6992=IFCFACEOUTERBOUND(#6991,.T.);
#6993=IFCFACE((#6992));
#6994=IFCPOLYLOOP((#5753,#5752,#5720));
#6995=IFCFACEOUTERBOUND(#6994,.T.);
#6996=IFCFACE((#6995));
#6997=IFCPOLYLOOP((#5722,#5744,#5746));
#6998=IFCFACEOUTERBOUND(#6997,.T.);
#6999=IFCFACE((#6998));
#7000=IFCPOLYLOOP((#5745,#5719,#5741));
#7001=IFCFACEOUTERBOUND(#7000,.T.);
#7002=IFCFACE((#7001));
#7003=IFCPOLYLOOP((#5657,#5728,#5753));
#7004=IFCFACEOUTERBOUND(#7003,.T.);
#7005=IFCFACE((#7004));
#7006=IFCPOLYLOOP((#5659,#5658,#5753));
#7007=IFCFACEOUTERBOUND(#7006,.T.);
#7008=IFCFACE((#7007));
#7009=IFCPOLYLOOP((#5742,#5709,#5741));
#7010=IFCFACEOUTERBOUND(#7009,.T.);
#7011=IFCFACE((#7010));
#7012=IFCPOLYLOOP((#5744,#5742,#5743));
#7013=IFCFACEOUTERBOUND(#7012,.T.);
#7014=IFCFACE((#7013));
#7015=IFCPOLYLOOP((#5710,#5730,#5732));
#7016=IFCFACEOUTERBOUND(#7015,.T.);
#7017=IFCFACE((#7016));
#7018=IFCPOLYLOOP((#5725,#5731,#5733));
#7019=IFCFACEOUTERBOUND(#7018,.T.);
#7020=IFCFACE((#7019));
#7021=IFCPOLYLOOP((#5725,#5726,#5731));
#7022=IFCFACEOUTERBOUND(#7021,.T.);
#7023=IFCFACE((#7022));
#7024=IFCPOLYLOOP((#5707,#5727,#5740));
#7025=IFCFACEOUTERBOUND(#7024,.T.);
#7026=IFCFACE((#7025));
#7027=IFCPOLYLOOP((#5736,#5715,#5716));
#7028=IFCFACEOUTERBOUND(#7027,.T.);
#7029=IFCFACE((#7028));
#7030=IFCPOLYLOOP((#5731,#5724,#5733));
#7031=IFCFACEOUTERBOUND(#7030,.T.);
#7032=IFCFACE((#7031));
#7033=IFCPOLYLOOP((#5745,#5717,#5752));
#7034=IFCFACEOUTERBOUND(#7033,.T.);
#7035=IFCFACE((#7034));
#7036=IFCPOLYLOOP((#5724,#5731,#5730));
#7037=IFCFACEOUTERBOUND(#7036,.T.);
#7038=IFCFACE((#7037));
#7039=IFCPOLYLOOP((#5732,#5731,#5726));
#7040=IFCFACEOUTERBOUND(#7039,.T.);
#7041=IFCFACE((#7040));
#7042=IFCPOLYLOOP((#5726,#5713,#5732));
#7043=IFCFACEOUTERBOUND(#7042,.T.);
#7044=IFCFACE((#7043));
#7045=IFCPOLYLOOP((#5732,#5713,#5751));
#7046=IFCFACEOUTERBOUND(#7045,.T.);
#7047=IFCFACE((#7046));
#7048=IFCPOLYLOOP((#5735,#5708,#5750));
#7049=IFCFACEOUTERBOUND(#7048,.T.);
#7050=IFCFACE((#7049));
#7051=IFCPOLYLOOP((#5733,#5724,#5735));
#7052=IFCFACEOUTERBOUND(#7051,.T.);
#7053=IFCFACE((#7052));
#7054=IFCPOLYLOOP((#5708,#5749,#5750));
#7055=IFCFACEOUTERBOUND(#7054,.T.);
#7056=IFCFACE((#7055));
#7057=IFCPOLYLOOP((#5734,#5725,#5733));
#7058=IFCFACEOUTERBOUND(#7057,.T.);
#7059=IFCFACE((#7058));
#7060=IFCPOLYLOOP((#5736,#5716,#5740));
#7061=IFCFACEOUTERBOUND(#7060,.T.);
#7062=IFCFACE((#7061));
#7063=IFCPOLYLOOP((#5705,#5740,#5716));
#7064=IFCFACEOUTERBOUND(#7063,.T.);
#7065=IFCFACE((#7064));
#7066=IFCPOLYLOOP((#5736,#5738,#5715));
#7067=IFCFACEOUTERBOUND(#7066,.T.);
#7068=IFCFACE((#7067));
#7069=IFCPOLYLOOP((#5714,#5737,#5738));
#7070=IFCFACEOUTERBOUND(#7069,.T.);
#7071=IFCFACE((#7070));
#7072=IFCPOLYLOOP((#5713,#5739,#5751));
#7073=IFCFACEOUTERBOUND(#7072,.T.);
#7074=IFCFACE((#7073));
#7075=IFCPOLYLOOP((#5710,#5751,#5737));
#7076=IFCFACEOUTERBOUND(#7075,.T.);
#7077=IFCFACE((#7076));
#7078=IFCPOLYLOOP((#5739,#5715,#5738));
#7079=IFCFACEOUTERBOUND(#7078,.T.);
#7080=IFCFACE((#7079));
#7081=IFCPOLYLOOP((#5707,#5740,#5706));
#7082=IFCFACEOUTERBOUND(#7081,.T.);
#7083=IFCFACE((#7082));
#7084=IFCPOLYLOOP((#5742,#5741,#5712));
#7085=IFCFACEOUTERBOUND(#7084,.T.);
#7086=IFCFACE((#7085));
#7087=IFCPOLYLOOP((#5729,#5741,#5709));
#7088=IFCFACEOUTERBOUND(#7087,.T.);
#7089=IFCFACE((#7088));
#7090=IFCPOLYLOOP((#5744,#5721,#5746));
#7091=IFCFACEOUTERBOUND(#7090,.T.);
#7092=IFCFACE((#7091));
#7093=IFCPOLYLOOP((#5723,#5709,#5742));
#7094=IFCFACEOUTERBOUND(#7093,.T.);
#7095=IFCFACE((#7094));
#7096=IFCPOLYLOOP((#5742,#5712,#5743));
#7097=IFCFACEOUTERBOUND(#7096,.T.);
#7098=IFCFACE((#7097));
#7099=IFCPOLYLOOP((#5744,#5743,#5721));
#7100=IFCFACEOUTERBOUND(#7099,.T.);
#7101=IFCFACE((#7100));
#7102=IFCPOLYLOOP((#5742,#5744,#5723));
#7103=IFCFACEOUTERBOUND(#7102,.T.);
#7104=IFCFACE((#7103));
#7105=IFCPOLYLOOP((#5717,#5745,#5729));
#7106=IFCFACEOUTERBOUND(#7105,.T.);
#7107=IFCFACE((#7106));
#7108=IFCPOLYLOOP((#5718,#5719,#5745));
#7109=IFCFACEOUTERBOUND(#7108,.T.);
#7110=IFCFACE((#7109));
#7111=IFCPOLYLOOP((#5749,#5748,#5711));
#7112=IFCFACEOUTERBOUND(#7111,.T.);
#7113=IFCFACE((#7112));
#7114=IFCPOLYLOOP((#5746,#5721,#5748));
#7115=IFCFACEOUTERBOUND(#7114,.T.);
#7116=IFCFACE((#7115));
#7117=IFCPOLYLOOP((#5749,#5708,#5747));
#7118=IFCFACEOUTERBOUND(#7117,.T.);
#7119=IFCFACE((#7118));
#7120=IFCPOLYLOOP((#5747,#5722,#5746));
#7121=IFCFACEOUTERBOUND(#7120,.T.);
#7122=IFCFACE((#7121));
#7123=IFCPOLYLOOP((#5749,#5711,#5750));
#7124=IFCFACEOUTERBOUND(#7123,.T.);
#7125=IFCFACE((#7124));
#7126=IFCPOLYLOOP((#5746,#5749,#5747));
#7127=IFCFACEOUTERBOUND(#7126,.T.);
#7128=IFCFACE((#7127));
#7129=IFCPOLYLOOP((#5711,#5734,#5750));
#7130=IFCFACEOUTERBOUND(#7129,.T.);
#7131=IFCFACE((#7130));
#7132=IFCPOLYLOOP((#5750,#5734,#5754));
#7133=IFCFACEOUTERBOUND(#7132,.T.);
#7134=IFCFACE((#7133));
#7135=IFCPOLYLOOP((#5751,#5739,#5738));
#7136=IFCFACEOUTERBOUND(#7135,.T.);
#7137=IFCFACE((#7136));
#7138=IFCPOLYLOOP((#5732,#5751,#5710));
#7139=IFCFACEOUTERBOUND(#7138,.T.);
#7140=IFCFACE((#7139));
#7141=IFCPOLYLOOP((#5745,#5752,#5718));
#7142=IFCFACEOUTERBOUND(#7141,.T.);
#7143=IFCFACE((#7142));
#7144=IFCPOLYLOOP((#5720,#5752,#5717));
#7145=IFCFACEOUTERBOUND(#7144,.T.);
#7146=IFCFACE((#7145));
#7147=IFCPOLYLOOP((#5659,#5753,#5720));
#7148=IFCFACEOUTERBOUND(#7147,.T.);
#7149=IFCFACE((#7148));
#7150=IFCPOLYLOOP((#5657,#5753,#5658));
#7151=IFCFACEOUTERBOUND(#7150,.T.);
#7152=IFCFACE((#7151));
#7153=IFCPOLYLOOP((#5750,#5754,#5735));
#7154=IFCFACEOUTERBOUND(#7153,.T.);
#7155=IFCFACE((#7154));
#7156=IFCPOLYLOOP((#5734,#5733,#5754));
#7157=IFCFACEOUTERBOUND(#7156,.T.);
#7158=IFCFACE((#7157));
#7159=IFCPOLYLOOP((#5786,#5804,#5805));
#7160=IFCFACEOUTERBOUND(#7159,.T.);
#7161=IFCFACE((#7160));
#7162=IFCPOLYLOOP((#5849,#5774,#5883));
#7163=IFCFACEOUTERBOUND(#7162,.T.);
#7164=IFCFACE((#7163));
#7165=IFCPOLYLOOP((#5918,#5893,#5853));
#7166=IFCFACEOUTERBOUND(#7165,.T.);
#7167=IFCFACE((#7166));
#7168=IFCPOLYLOOP((#5869,#5792,#5923));
#7169=IFCFACEOUTERBOUND(#7168,.T.);
#7170=IFCFACE((#7169));
#7171=IFCPOLYLOOP((#5806,#5827,#5835));
#7172=IFCFACEOUTERBOUND(#7171,.T.);
#7173=IFCFACE((#7172));
#7174=IFCPOLYLOOP((#5802,#5771,#5807));
#7175=IFCFACEOUTERBOUND(#7174,.T.);
#7176=IFCFACE((#7175));
#7177=IFCPOLYLOOP((#5855,#5818,#5897,#5779));
#7178=IFCFACEOUTERBOUND(#7177,.T.);
#7179=IFCFACE((#7178));
#7180=IFCPOLYLOOP((#5836,#5839,#5838));
#7181=IFCFACEOUTERBOUND(#7180,.T.);
#7182=IFCFACE((#7181));
#7183=IFCPOLYLOOP((#5799,#5798,#5784,#5800));
#7184=IFCFACEOUTERBOUND(#7183,.T.);
#7185=IFCFACE((#7184));
#7186=IFCPOLYLOOP((#5926,#5931,#5930,#5795));
#7187=IFCFACEOUTERBOUND(#7186,.T.);
#7188=IFCFACE((#7187));
#7189=IFCPOLYLOOP((#5920,#5921,#5863));
#7190=IFCFACEOUTERBOUND(#7189,.T.);
#7191=IFCFACE((#7190));
#7192=IFCPOLYLOOP((#5838,#5839,#5837));
#7193=IFCFACEOUTERBOUND(#7192,.T.);
#7194=IFCFACE((#7193));
#7195=IFCPOLYLOOP((#5922,#5917,#5862));
#7196=IFCFACEOUTERBOUND(#7195,.T.);
#7197=IFCFACE((#7196));
#7198=IFCPOLYLOOP((#5894,#5891,#5852));
#7199=IFCFACEOUTERBOUND(#7198,.T.);
#7200=IFCFACE((#7199));
#7201=IFCPOLYLOOP((#5829,#5769,#5827));
#7202=IFCFACEOUTERBOUND(#7201,.T.);
#7203=IFCFACE((#7202));
#7204=IFCPOLYLOOP((#5859,#5909,#5822));
#7205=IFCFACEOUTERBOUND(#7204,.T.);
#7206=IFCFACE((#7205));
#7207=IFCPOLYLOOP((#5771,#5802,#5800));
#7208=IFCFACEOUTERBOUND(#7207,.T.);
#7209=IFCFACE((#7208));
#7210=IFCPOLYLOOP((#5803,#5755,#5756));
#7211=IFCFACEOUTERBOUND(#7210,.T.);
#7212=IFCFACE((#7211));
#7213=IFCPOLYLOOP((#5669,#5668,#5798));
#7214=IFCFACEOUTERBOUND(#7213,.T.);
#7215=IFCFACE((#7214));
#7216=IFCPOLYLOOP((#5878,#5875,#5846));
#7217=IFCFACEOUTERBOUND(#7216,.T.);
#7218=IFCFACE((#7217));
#7219=IFCPOLYLOOP((#5913,#5914,#5861));
#7220=IFCFACEOUTERBOUND(#7219,.T.);
#7221=IFCFACE((#7220));
#7222=IFCPOLYLOOP((#5882,#5877,#5847));
#7223=IFCFACEOUTERBOUND(#7222,.T.);
#7224=IFCFACE((#7223));
#7225=IFCPOLYLOOP((#5884,#5880,#5848));
#7226=IFCFACEOUTERBOUND(#7225,.T.);
#7227=IFCFACE((#7226));
#7228=IFCPOLYLOOP((#5931,#5926,#5872));
#7229=IFCFACEOUTERBOUND(#7228,.T.);
#7230=IFCFACE((#7229));
#7231=IFCPOLYLOOP((#5857,#5904,#5820));
#7232=IFCFACEOUTERBOUND(#7231,.T.);
#7233=IFCFACE((#7232));
#7234=IFCPOLYLOOP((#5857,#5820,#5902,#5778));
#7235=IFCFACEOUTERBOUND(#7234,.T.);
#7236=IFCFACE((#7235));
#7237=IFCPOLYLOOP((#5855,#5899,#5818));
#7238=IFCFACEOUTERBOUND(#7237,.T.);
#7239=IFCFACE((#7238));
#7240=IFCPOLYLOOP((#5799,#5796,#5669));
#7241=IFCFACEOUTERBOUND(#7240,.T.);
#7242=IFCFACE((#7241));
#7243=IFCPOLYLOOP((#5803,#5804,#5786));
#7244=IFCFACEOUTERBOUND(#7243,.T.);
#7245=IFCFACE((#7244));
#7246=IFCPOLYLOOP((#5805,#5836,#5780));
#7247=IFCFACEOUTERBOUND(#7246,.T.);
#7248=IFCFACE((#7247));
#7249=IFCPOLYLOOP((#5783,#5799,#5802));
#7250=IFCFACEOUTERBOUND(#7249,.T.);
#7251=IFCFACE((#7250));
#7252=IFCPOLYLOOP((#5781,#5836,#5805));
#7253=IFCFACEOUTERBOUND(#7252,.T.);
#7254=IFCFACE((#7253));
#7255=IFCPOLYLOOP((#5756,#5804,#5803));
#7256=IFCFACEOUTERBOUND(#7255,.T.);
#7257=IFCFACE((#7256));
#7258=IFCPOLYLOOP((#5832,#5833,#5789));
#7259=IFCFACEOUTERBOUND(#7258,.T.);
#7260=IFCFACE((#7259));
#7261=IFCPOLYLOOP((#5859,#5822,#5907,#5788));
#7262=IFCFACEOUTERBOUND(#7261,.T.);
#7263=IFCFACE((#7262));
#7264=IFCPOLYLOOP((#5832,#5831,#5830));
#7265=IFCFACEOUTERBOUND(#7264,.T.);
#7266=IFCFACE((#7265));
#7267=IFCPOLYLOOP((#5924,#5925,#5869));
#7268=IFCFACEOUTERBOUND(#7267,.T.);
#7269=IFCFACE((#7268));
#7270=IFCPOLYLOOP((#5915,#5911,#5860));
#7271=IFCFACEOUTERBOUND(#7270,.T.);
#7272=IFCFACE((#7271));
#7273=IFCPOLYLOOP((#5913,#5871,#5843));
#7274=IFCFACEOUTERBOUND(#7273,.T.);
#7275=IFCFACE((#7274));
#7276=IFCPOLYLOOP((#5851,#5889,#5814));
#7277=IFCFACEOUTERBOUND(#7276,.T.);
#7278=IFCFACE((#7277));
#7279=IFCPOLYLOOP((#5851,#5814,#5887,#5794));
#7280=IFCFACEOUTERBOUND(#7279,.T.);
#7281=IFCFACE((#7280));
#7282=IFCPOLYLOOP((#5761,#5879,#5927,#5926));
#7283=IFCFACEOUTERBOUND(#7282,.T.);
#7284=IFCFACE((#7283));
#7285=IFCPOLYLOOP((#5796,#5670,#5669));
#7286=IFCFACEOUTERBOUND(#7285,.T.);
#7287=IFCFACE((#7286));
#7288=IFCPOLYLOOP((#5756,#5757,#5797));
#7289=IFCFACEOUTERBOUND(#7288,.T.);
#7290=IFCFACE((#7289));
#7291=IFCPOLYLOOP((#5798,#5799,#5669));
#7292=IFCFACEOUTERBOUND(#7291,.T.);
#7293=IFCFACE((#7292));
#7294=IFCPOLYLOOP((#5783,#5796,#5799));
#7295=IFCFACEOUTERBOUND(#7294,.T.);
#7296=IFCFACE((#7295));
#7297=IFCPOLYLOOP((#5802,#5770,#5801,#5783));
#7298=IFCFACEOUTERBOUND(#7297,.T.);
#7299=IFCFACE((#7298));
#7300=IFCPOLYLOOP((#5802,#5799,#5800));
#7301=IFCFACEOUTERBOUND(#7300,.T.);
#7302=IFCFACE((#7301));
#7303=IFCPOLYLOOP((#5924,#5874,#5846));
#7304=IFCFACEOUTERBOUND(#7303,.T.);
#7305=IFCFACE((#7304));
#7306=IFCPOLYLOOP((#5804,#5756,#5797));
#7307=IFCFACEOUTERBOUND(#7306,.T.);
#7308=IFCFACE((#7307));
#7309=IFCPOLYLOOP((#5797,#5785,#5804));
#7310=IFCFACEOUTERBOUND(#7309,.T.);
#7311=IFCFACE((#7310));
#7312=IFCPOLYLOOP((#5805,#5804,#5785));
#7313=IFCFACEOUTERBOUND(#7312,.T.);
#7314=IFCFACE((#7313));
#7315=IFCPOLYLOOP((#5781,#5805,#5785));
#7316=IFCFACEOUTERBOUND(#7315,.T.);
#7317=IFCFACE((#7316));
#7318=IFCPOLYLOOP((#5805,#5780,#5845,#5786));
#7319=IFCFACEOUTERBOUND(#7318,.T.);
#7320=IFCFACE((#7319));
#7321=IFCPOLYLOOP((#5802,#5807,#5770));
#7322=IFCFACEOUTERBOUND(#7321,.T.);
#7323=IFCFACE((#7322));
#7324=IFCPOLYLOOP((#5807,#5771,#5828));
#7325=IFCFACEOUTERBOUND(#7324,.T.);
#7326=IFCFACE((#7325));
#7327=IFCPOLYLOOP((#5827,#5768,#5829));
#7328=IFCFACEOUTERBOUND(#7327,.T.);
#7329=IFCFACE((#7328));
#7330=IFCPOLYLOOP((#5827,#5769,#5808));
#7331=IFCFACEOUTERBOUND(#7330,.T.);
#7332=IFCFACE((#7331));
#7333=IFCPOLYLOOP((#5807,#5835,#5770));
#7334=IFCFACEOUTERBOUND(#7333,.T.);
#7335=IFCFACE((#7334));
#7336=IFCPOLYLOOP((#5847,#5809,#5876,#5774));
#7337=IFCFACEOUTERBOUND(#7336,.T.);
#7338=IFCFACE((#7337));
#7339=IFCPOLYLOOP((#5927,#5879,#5848));
#7340=IFCFACEOUTERBOUND(#7339,.T.);
#7341=IFCFACE((#7340));
#7342=IFCPOLYLOOP((#5849,#5811,#5881));
#7343=IFCFACEOUTERBOUND(#7342,.T.);
#7344=IFCFACE((#7343));
#7345=IFCPOLYLOOP((#5885,#5889,#5888,#5813));
#7346=IFCFACEOUTERBOUND(#7345,.T.);
#7347=IFCFACE((#7346));
#7348=IFCPOLYLOOP((#5889,#5885,#5850));
#7349=IFCFACEOUTERBOUND(#7348,.T.);
#7350=IFCFACE((#7349));
#7351=IFCPOLYLOOP((#5852,#5763,#5890,#5815));
#7352=IFCFACEOUTERBOUND(#7351,.T.);
#7353=IFCFACE((#7352));
#7354=IFCPOLYLOOP((#5853,#5815,#5892,#5767));
#7355=IFCFACEOUTERBOUND(#7354,.T.);
#7356=IFCFACE((#7355));
#7357=IFCPOLYLOOP((#5817,#5854,#5899));
#7358=IFCFACEOUTERBOUND(#7357,.T.);
#7359=IFCFACE((#7358));
#7360=IFCPOLYLOOP((#5854,#5817,#5895,#5759));
#7361=IFCFACEOUTERBOUND(#7360,.T.);
#7362=IFCFACE((#7361));
#7363=IFCPOLYLOOP((#5900,#5904,#5903,#5819));
#7364=IFCFACEOUTERBOUND(#7363,.T.);
#7365=IFCFACE((#7364));
#7366=IFCPOLYLOOP((#5904,#5900,#5856));
#7367=IFCFACEOUTERBOUND(#7366,.T.);
#7368=IFCFACE((#7367));
#7369=IFCPOLYLOOP((#5821,#5858,#5909));
#7370=IFCFACEOUTERBOUND(#7369,.T.);
#7371=IFCFACE((#7370));
#7372=IFCPOLYLOOP((#5858,#5821,#5905,#5762));
#7373=IFCFACEOUTERBOUND(#7372,.T.);
#7374=IFCFACE((#7373));
#7375=IFCPOLYLOOP((#5860,#5760,#5910,#5823));
#7376=IFCFACEOUTERBOUND(#7375,.T.);
#7377=IFCFACE((#7376));
#7378=IFCPOLYLOOP((#5861,#5823,#5912,#5791));
#7379=IFCFACEOUTERBOUND(#7378,.T.);
#7380=IFCFACE((#7379));
#7381=IFCPOLYLOOP((#5862,#5767,#5916,#5825));
#7382=IFCFACEOUTERBOUND(#7381,.T.);
#7383=IFCFACE((#7382));
#7384=IFCPOLYLOOP((#5863,#5825,#5919,#5764));
#7385=IFCFACEOUTERBOUND(#7384,.T.);
#7386=IFCFACE((#7385));
#7387=IFCPOLYLOOP((#5835,#5827,#5808));
#7388=IFCFACEOUTERBOUND(#7387,.T.);
#7389=IFCFACE((#7388));
#7390=IFCPOLYLOOP((#5827,#5806,#5864,#5768));
#7391=IFCFACEOUTERBOUND(#7390,.T.);
#7392=IFCFACE((#7391));
#7393=IFCPOLYLOOP((#5833,#5788,#5865,#5789));
#7394=IFCFACEOUTERBOUND(#7393,.T.);
#7395=IFCFACE((#7394));
#7396=IFCPOLYLOOP((#5835,#5828,#5806));
#7397=IFCFACEOUTERBOUND(#7396,.T.);
#7398=IFCFACE((#7397));
#7399=IFCPOLYLOOP((#5832,#5834,#5829));
#7400=IFCFACEOUTERBOUND(#7399,.T.);
#7401=IFCFACE((#7400));
#7402=IFCPOLYLOOP((#5829,#5831,#5832));
#7403=IFCFACEOUTERBOUND(#7402,.T.);
#7404=IFCFACE((#7403));
#7405=IFCPOLYLOOP((#5829,#5768,#5831));
#7406=IFCFACEOUTERBOUND(#7405,.T.);
#7407=IFCFACE((#7406));
#7408=IFCPOLYLOOP((#5832,#5830,#5833));
#7409=IFCFACEOUTERBOUND(#7408,.T.);
#7410=IFCFACE((#7409));
#7411=IFCPOLYLOOP((#5770,#5835,#5808));
#7412=IFCFACEOUTERBOUND(#7411,.T.);
#7413=IFCFACE((#7412));
#7414=IFCPOLYLOOP((#5833,#5830,#5866,#5787));
#7415=IFCFACEOUTERBOUND(#7414,.T.);
#7416=IFCFACE((#7415));
#7417=IFCPOLYLOOP((#5859,#5833,#5787));
#7418=IFCFACEOUTERBOUND(#7417,.T.);
#7419=IFCFACE((#7418));
#7420=IFCPOLYLOOP((#5834,#5832,#5789));
#7421=IFCFACEOUTERBOUND(#7420,.T.);
#7422=IFCFACE((#7421));
#7423=IFCPOLYLOOP((#5834,#5769,#5829));
#7424=IFCFACEOUTERBOUND(#7423,.T.);
#7425=IFCFACE((#7424));
#7426=IFCPOLYLOOP((#5828,#5835,#5807));
#7427=IFCFACEOUTERBOUND(#7426,.T.);
#7428=IFCFACE((#7427));
#7429=IFCPOLYLOOP((#5839,#5841,#5782));
#7430=IFCFACEOUTERBOUND(#7429,.T.);
#7431=IFCFACE((#7430));
#7432=IFCPOLYLOOP((#5782,#5840,#5839));
#7433=IFCFACEOUTERBOUND(#7432,.T.);
#7434=IFCFACE((#7433));
#7435=IFCPOLYLOOP((#5839,#5840,#5837));
#7436=IFCFACEOUTERBOUND(#7435,.T.);
#7437=IFCFACE((#7436));
#7438=IFCPOLYLOOP((#5841,#5839,#5836));
#7439=IFCFACEOUTERBOUND(#7438,.T.);
#7440=IFCFACE((#7439));
#7441=IFCPOLYLOOP((#5838,#5780,#5836));
#7442=IFCFACEOUTERBOUND(#7441,.T.);
#7443=IFCFACE((#7442));
#7444=IFCPOLYLOOP((#5840,#5782,#5867,#5765));
#7445=IFCFACEOUTERBOUND(#7444,.T.);
#7446=IFCFACE((#7445));
#7447=IFCPOLYLOOP((#5917,#5922,#5826));
#7448=IFCFACEOUTERBOUND(#7447,.T.);
#7449=IFCFACE((#7448));
#7450=IFCPOLYLOOP((#5920,#5868,#5840));
#7451=IFCFACEOUTERBOUND(#7450,.T.);
#7452=IFCFACE((#7451));
#7453=IFCPOLYLOOP((#5836,#5781,#5841));
#7454=IFCFACEOUTERBOUND(#7453,.T.);
#7455=IFCFACE((#7454));
#7456=IFCPOLYLOOP((#5911,#5915,#5824));
#7457=IFCFACEOUTERBOUND(#7456,.T.);
#7458=IFCFACE((#7457));
#7459=IFCPOLYLOOP((#5843,#5842,#5870,#5790));
#7460=IFCFACEOUTERBOUND(#7459,.T.);
#7461=IFCFACE((#7460));
#7462=IFCPOLYLOOP((#5869,#5843,#5792));
#7463=IFCFACEOUTERBOUND(#7462,.T.);
#7464=IFCFACE((#7463));
#7465=IFCPOLYLOOP((#5809,#5847,#5878));
#7466=IFCFACEOUTERBOUND(#7465,.T.);
#7467=IFCFACE((#7466));
#7468=IFCPOLYLOOP((#5873,#5844,#5929,#5793));
#7469=IFCFACEOUTERBOUND(#7468,.T.);
#7470=IFCFACE((#7469));
#7471=IFCPOLYLOOP((#5758,#5927,#5848));
#7472=IFCFACEOUTERBOUND(#7471,.T.);
#7473=IFCFACE((#7472));
#7474=IFCPOLYLOOP((#5880,#5884,#5883,#5812));
#7475=IFCFACEOUTERBOUND(#7474,.T.);
#7476=IFCFACE((#7475));
#7477=IFCPOLYLOOP((#5847,#5877,#5878));
#7478=IFCFACEOUTERBOUND(#7477,.T.);
#7479=IFCFACE((#7478));
#7480=IFCPOLYLOOP((#5811,#5849,#5884));
#7481=IFCFACEOUTERBOUND(#7480,.T.);
#7482=IFCFACE((#7481));
#7483=IFCPOLYLOOP((#5927,#5758,#5872));
#7484=IFCFACEOUTERBOUND(#7483,.T.);
#7485=IFCFACE((#7484));
#7486=IFCPOLYLOOP((#5881,#5882,#5849));
#7487=IFCFACEOUTERBOUND(#7486,.T.);
#7488=IFCFACE((#7487));
#7489=IFCPOLYLOOP((#5849,#5883,#5884));
#7490=IFCFACEOUTERBOUND(#7489,.T.);
#7491=IFCFACE((#7490));
#7492=IFCPOLYLOOP((#5856,#5850,#5777));
#7493=IFCFACEOUTERBOUND(#7492,.T.);
#7494=IFCFACE((#7493));
#7495=IFCPOLYLOOP((#5850,#5776,#5886,#5814));
#7496=IFCFACEOUTERBOUND(#7495,.T.);
#7497=IFCFACE((#7496));
#7498=IFCPOLYLOOP((#5873,#5851,#5794));
#7499=IFCFACEOUTERBOUND(#7498,.T.);
#7500=IFCFACE((#7499));
#7501=IFCPOLYLOOP((#5851,#5793,#5888));
#7502=IFCFACEOUTERBOUND(#7501,.T.);
#7503=IFCFACE((#7502));
#7504=IFCPOLYLOOP((#5815,#5853,#5894));
#7505=IFCFACEOUTERBOUND(#7504,.T.);
#7506=IFCFACE((#7505));
#7507=IFCPOLYLOOP((#5860,#5852,#5760));
#7508=IFCFACEOUTERBOUND(#7507,.T.);
#7509=IFCFACE((#7508));
#7510=IFCPOLYLOOP((#5767,#5862,#5918));
#7511=IFCFACEOUTERBOUND(#7510,.T.);
#7512=IFCFACE((#7511));
#7513=IFCPOLYLOOP((#5894,#5853,#5816));
#7514=IFCFACEOUTERBOUND(#7513,.T.);
#7515=IFCFACE((#7514));
#7516=IFCPOLYLOOP((#5858,#5854,#5759));
#7517=IFCFACEOUTERBOUND(#7516,.T.);
#7518=IFCFACE((#7517));
#7519=IFCPOLYLOOP((#5854,#5762,#5896));
#7520=IFCFACEOUTERBOUND(#7519,.T.);
#7521=IFCFACE((#7520));
#7522=IFCPOLYLOOP((#5857,#5855,#5779));
#7523=IFCFACEOUTERBOUND(#7522,.T.);
#7524=IFCFACE((#7523));
#7525=IFCPOLYLOOP((#5855,#5778,#5898));
#7526=IFCFACEOUTERBOUND(#7525,.T.);
#7527=IFCFACE((#7526));
#7528=IFCPOLYLOOP((#5850,#5856,#5776));
#7529=IFCFACEOUTERBOUND(#7528,.T.);
#7530=IFCFACE((#7529));
#7531=IFCPOLYLOOP((#5856,#5777,#5901));
#7532=IFCFACEOUTERBOUND(#7531,.T.);
#7533=IFCFACE((#7532));
#7534=IFCPOLYLOOP((#5855,#5857,#5778));
#7535=IFCFACEOUTERBOUND(#7534,.T.);
#7536=IFCFACE((#7535));
#7537=IFCPOLYLOOP((#5857,#5779,#5903));
#7538=IFCFACEOUTERBOUND(#7537,.T.);
#7539=IFCFACE((#7538));
#7540=IFCPOLYLOOP((#5854,#5858,#5762));
#7541=IFCFACEOUTERBOUND(#7540,.T.);
#7542=IFCFACE((#7541));
#7543=IFCPOLYLOOP((#5858,#5759,#5906));
#7544=IFCFACEOUTERBOUND(#7543,.T.);
#7545=IFCFACE((#7544));
#7546=IFCPOLYLOOP((#5833,#5859,#5788));
#7547=IFCFACEOUTERBOUND(#7546,.T.);
#7548=IFCFACE((#7547));
#7549=IFCPOLYLOOP((#5859,#5787,#5908));
#7550=IFCFACEOUTERBOUND(#7549,.T.);
#7551=IFCFACE((#7550));
#7552=IFCPOLYLOOP((#5823,#5861,#5915));
#7553=IFCFACEOUTERBOUND(#7552,.T.);
#7554=IFCFACE((#7553));
#7555=IFCPOLYLOOP((#5852,#5860,#5763));
#7556=IFCFACEOUTERBOUND(#7555,.T.);
#7557=IFCFACE((#7556));
#7558=IFCPOLYLOOP((#5861,#5791,#5913));
#7559=IFCFACEOUTERBOUND(#7558,.T.);
#7560=IFCFACE((#7559));
#7561=IFCPOLYLOOP((#5915,#5861,#5824));
#7562=IFCFACEOUTERBOUND(#7561,.T.);
#7563=IFCFACE((#7562));
#7564=IFCPOLYLOOP((#5825,#5863,#5922));
#7565=IFCFACEOUTERBOUND(#7564,.T.);
#7566=IFCFACE((#7565));
#7567=IFCPOLYLOOP((#5918,#5862,#5766));
#7568=IFCFACEOUTERBOUND(#7567,.T.);
#7569=IFCFACE((#7568));
#7570=IFCPOLYLOOP((#5863,#5764,#5920));
#7571=IFCFACEOUTERBOUND(#7570,.T.);
#7572=IFCFACE((#7571));
#7573=IFCPOLYLOOP((#5922,#5863,#5826));
#7574=IFCFACEOUTERBOUND(#7573,.T.);
#7575=IFCFACE((#7574));
#7576=IFCPOLYLOOP((#5923,#5924,#5869));
#7577=IFCFACEOUTERBOUND(#7576,.T.);
#7578=IFCFACE((#7577));
#7579=IFCPOLYLOOP((#5868,#5837,#5840));
#7580=IFCFACEOUTERBOUND(#7579,.T.);
#7581=IFCFACE((#7580));
#7582=IFCPOLYLOOP((#5843,#5869,#5842));
#7583=IFCFACEOUTERBOUND(#7582,.T.);
#7584=IFCFACE((#7583));
#7585=IFCPOLYLOOP((#5872,#5758,#5928,#5844));
#7586=IFCFACEOUTERBOUND(#7585,.T.);
#7587=IFCFACE((#7586));
#7588=IFCPOLYLOOP((#5871,#5792,#5843));
#7589=IFCFACEOUTERBOUND(#7588,.T.);
#7590=IFCFACE((#7589));
#7591=IFCPOLYLOOP((#5931,#5844,#5873));
#7592=IFCFACEOUTERBOUND(#7591,.T.);
#7593=IFCFACE((#7592));
#7594=IFCPOLYLOOP((#5851,#5873,#5793));
#7595=IFCFACEOUTERBOUND(#7594,.T.);
#7596=IFCFACE((#7595));
#7597=IFCPOLYLOOP((#5873,#5794,#5930));
#7598=IFCFACEOUTERBOUND(#7597,.T.);
#7599=IFCFACE((#7598));
#7600=IFCPOLYLOOP((#5875,#5878,#5877,#5810));
#7601=IFCFACEOUTERBOUND(#7600,.T.);
#7602=IFCFACE((#7601));
#7603=IFCPOLYLOOP((#5809,#5846,#5874));
#7604=IFCFACEOUTERBOUND(#7603,.T.);
#7605=IFCFACE((#7604));
#7606=IFCPOLYLOOP((#5875,#5772,#5846));
#7607=IFCFACEOUTERBOUND(#7606,.T.);
#7608=IFCFACE((#7607));
#7609=IFCPOLYLOOP((#5809,#5878,#5846));
#7610=IFCFACEOUTERBOUND(#7609,.T.);
#7611=IFCFACE((#7610));
#7612=IFCPOLYLOOP((#5877,#5882,#5881,#5775));
#7613=IFCFACEOUTERBOUND(#7612,.T.);
#7614=IFCFACE((#7613));
#7615=IFCPOLYLOOP((#5811,#5848,#5879));
#7616=IFCFACEOUTERBOUND(#7615,.T.);
#7617=IFCFACE((#7616));
#7618=IFCPOLYLOOP((#5880,#5758,#5848));
#7619=IFCFACEOUTERBOUND(#7618,.T.);
#7620=IFCFACE((#7619));
#7621=IFCPOLYLOOP((#5774,#5882,#5847));
#7622=IFCFACEOUTERBOUND(#7621,.T.);
#7623=IFCFACE((#7622));
#7624=IFCPOLYLOOP((#5774,#5849,#5882));
#7625=IFCFACEOUTERBOUND(#7624,.T.);
#7626=IFCFACE((#7625));
#7627=IFCPOLYLOOP((#5811,#5884,#5848));
#7628=IFCFACEOUTERBOUND(#7627,.T.);
#7629=IFCFACE((#7628));
#7630=IFCPOLYLOOP((#5814,#5889,#5850));
#7631=IFCFACEOUTERBOUND(#7630,.T.);
#7632=IFCFACE((#7631));
#7633=IFCPOLYLOOP((#5777,#5850,#5885));
#7634=IFCFACEOUTERBOUND(#7633,.T.);
#7635=IFCFACE((#7634));
#7636=IFCPOLYLOOP((#5888,#5889,#5851));
#7637=IFCFACEOUTERBOUND(#7636,.T.);
#7638=IFCFACE((#7637));
#7639=IFCPOLYLOOP((#5891,#5894,#5816));
#7640=IFCFACEOUTERBOUND(#7639,.T.);
#7641=IFCFACE((#7640));
#7642=IFCPOLYLOOP((#5891,#5760,#5852));
#7643=IFCFACEOUTERBOUND(#7642,.T.);
#7644=IFCFACE((#7643));
#7645=IFCPOLYLOOP((#5893,#5816,#5853));
#7646=IFCFACEOUTERBOUND(#7645,.T.);
#7647=IFCFACE((#7646));
#7648=IFCPOLYLOOP((#5815,#5894,#5852));
#7649=IFCFACEOUTERBOUND(#7648,.T.);
#7650=IFCFACE((#7649));
#7651=IFCPOLYLOOP((#5899,#5854,#5896));
#7652=IFCFACEOUTERBOUND(#7651,.T.);
#7653=IFCFACE((#7652));
#7654=IFCPOLYLOOP((#5899,#5896,#5818));
#7655=IFCFACEOUTERBOUND(#7654,.T.);
#7656=IFCFACE((#7655));
#7657=IFCPOLYLOOP((#5899,#5898,#5817));
#7658=IFCFACEOUTERBOUND(#7657,.T.);
#7659=IFCFACE((#7658));
#7660=IFCPOLYLOOP((#5898,#5899,#5855));
#7661=IFCFACEOUTERBOUND(#7660,.T.);
#7662=IFCFACE((#7661));
#7663=IFCPOLYLOOP((#5904,#5856,#5901));
#7664=IFCFACEOUTERBOUND(#7663,.T.);
#7665=IFCFACE((#7664));
#7666=IFCPOLYLOOP((#5900,#5776,#5856));
#7667=IFCFACEOUTERBOUND(#7666,.T.);
#7668=IFCFACE((#7667));
#7669=IFCPOLYLOOP((#5904,#5901,#5820));
#7670=IFCFACEOUTERBOUND(#7669,.T.);
#7671=IFCFACE((#7670));
#7672=IFCPOLYLOOP((#5903,#5904,#5857));
#7673=IFCFACEOUTERBOUND(#7672,.T.);
#7674=IFCFACE((#7673));
#7675=IFCPOLYLOOP((#5909,#5858,#5906));
#7676=IFCFACEOUTERBOUND(#7675,.T.);
#7677=IFCFACE((#7676));
#7678=IFCPOLYLOOP((#5909,#5906,#5822));
#7679=IFCFACEOUTERBOUND(#7678,.T.);
#7680=IFCFACE((#7679));
#7681=IFCPOLYLOOP((#5909,#5908,#5821));
#7682=IFCFACEOUTERBOUND(#7681,.T.);
#7683=IFCFACE((#7682));
#7684=IFCPOLYLOOP((#5908,#5909,#5859));
#7685=IFCFACEOUTERBOUND(#7684,.T.);
#7686=IFCFACE((#7685));
#7687=IFCPOLYLOOP((#5871,#5913,#5791));
#7688=IFCFACEOUTERBOUND(#7687,.T.);
#7689=IFCFACE((#7688));
#7690=IFCPOLYLOOP((#5911,#5763,#5860));
#7691=IFCFACEOUTERBOUND(#7690,.T.);
#7692=IFCFACE((#7691));
#7693=IFCPOLYLOOP((#5790,#5913,#5843));
#7694=IFCFACEOUTERBOUND(#7693,.T.);
#7695=IFCFACE((#7694));
#7696=IFCPOLYLOOP((#5914,#5913,#5790));
#7697=IFCFACEOUTERBOUND(#7696,.T.);
#7698=IFCFACE((#7697));
#7699=IFCPOLYLOOP((#5914,#5824,#5861));
#7700=IFCFACEOUTERBOUND(#7699,.T.);
#7701=IFCFACE((#7700));
#7702=IFCPOLYLOOP((#5823,#5915,#5860));
#7703=IFCFACEOUTERBOUND(#7702,.T.);
#7704=IFCFACE((#7703));
#7705=IFCPOLYLOOP((#5893,#5918,#5766));
#7706=IFCFACEOUTERBOUND(#7705,.T.);
#7707=IFCFACE((#7706));
#7708=IFCPOLYLOOP((#5917,#5766,#5862));
#7709=IFCFACEOUTERBOUND(#7708,.T.);
#7710=IFCFACE((#7709));
#7711=IFCPOLYLOOP((#5767,#5918,#5853));
#7712=IFCFACEOUTERBOUND(#7711,.T.);
#7713=IFCFACE((#7712));
#7714=IFCPOLYLOOP((#5868,#5920,#5764));
#7715=IFCFACEOUTERBOUND(#7714,.T.);
#7716=IFCFACE((#7715));
#7717=IFCPOLYLOOP((#5765,#5920,#5840));
#7718=IFCFACEOUTERBOUND(#7717,.T.);
#7719=IFCFACE((#7718));
#7720=IFCPOLYLOOP((#5921,#5920,#5765));
#7721=IFCFACEOUTERBOUND(#7720,.T.);
#7722=IFCFACE((#7721));
#7723=IFCPOLYLOOP((#5921,#5826,#5863));
#7724=IFCFACEOUTERBOUND(#7723,.T.);
#7725=IFCFACE((#7724));
#7726=IFCPOLYLOOP((#5825,#5922,#5862));
#7727=IFCFACEOUTERBOUND(#7726,.T.);
#7728=IFCFACE((#7727));
#7729=IFCPOLYLOOP((#5874,#5924,#5923,#5773));
#7730=IFCFACEOUTERBOUND(#7729,.T.);
#7731=IFCFACE((#7730));
#7732=IFCPOLYLOOP((#5772,#5924,#5846));
#7733=IFCFACEOUTERBOUND(#7732,.T.);
#7734=IFCFACE((#7733));
#7735=IFCPOLYLOOP((#5925,#5924,#5772));
#7736=IFCFACEOUTERBOUND(#7735,.T.);
#7737=IFCFACE((#7736));
#7738=IFCPOLYLOOP((#5925,#5842,#5869));
#7739=IFCFACEOUTERBOUND(#7738,.T.);
#7740=IFCFACE((#7739));
#7741=IFCPOLYLOOP((#5926,#5927,#5872));
#7742=IFCFACEOUTERBOUND(#7741,.T.);
#7743=IFCFACE((#7742));
#7744=IFCPOLYLOOP((#5844,#5931,#5872));
#7745=IFCFACEOUTERBOUND(#7744,.T.);
#7746=IFCFACE((#7745));
#7747=IFCPOLYLOOP((#5930,#5931,#5873));
#7748=IFCFACEOUTERBOUND(#7747,.T.);
#7749=IFCFACE((#7748));
#7750=IFCPOLYLOOP((#5701,#5670,#5796,#5783,#5801,#5770,#5808,#5769,#5834,#5789,#5865,#5788,#5907,#5822,#5906,#5759,#5895,#5817,#5898,#5778,#5902,#5820,#5901,#5777,#5885,#5813,#5888,#5793,#5929,#5844,#5928,#5758,#5880,#5812,#5883,#5774,#5876,#5809,#5874,#5773,#5923,#5792,#5871,#5791,#5912,#5823,#5910,#5760,#5891,#5816,#5893,#5766,#5917,#5826,#5921,#5765,#5867,#5782,#5841,#5781,#5785,#5797,#5757,#5932));
#7751=IFCFACEOUTERBOUND(#7750,.T.);
#7752=IFCFACE((#7751));
#7753=IFCPOLYLOOP((#5932,#5702,#5701));
#7754=IFCFACEOUTERBOUND(#7753,.T.);
#7755=IFCFACE((#7754));
#7756=IFCPOLYLOOP((#5702,#5932,#5414));
#7757=IFCFACEOUTERBOUND(#7756,.T.);
#7758=IFCFACE((#7757));
#7759=IFCPOLYLOOP((#5652,#5414,#5932));
#7760=IFCFACEOUTERBOUND(#7759,.T.);
#7761=IFCFACE((#7760));
#7762=IFCPOLYLOOP((#5414,#5652,#5653));
#7763=IFCFACEOUTERBOUND(#7762,.T.);
#7764=IFCFACE((#7763));
#7765=IFCPOLYLOOP((#5415,#5653,#5701));
#7766=IFCFACEOUTERBOUND(#7765,.T.);
#7767=IFCFACE((#7766));
#7768=IFCPOLYLOOP((#5653,#5415,#5414));
#7769=IFCFACEOUTERBOUND(#7768,.T.);
#7770=IFCFACE((#7769));
#7771=IFCPOLYLOOP((#5654,#5701,#5702));
#7772=IFCFACEOUTERBOUND(#7771,.T.);
#7773=IFCFACE((#7772));
#7774=IFCPOLYLOOP((#5701,#5654,#5415));
#7775=IFCFACEOUTERBOUND(#7774,.T.);
#7776=IFCFACE((#7775));
#7777=IFCPOLYLOOP((#5703,#5702,#5414,#5413));
#7778=IFCFACEOUTERBOUND(#7777,.T.);
#7779=IFCFACE((#7778));
#7780=IFCPOLYLOOP((#5703,#5704,#5655));
#7781=IFCFACEOUTERBOUND(#7780,.T.);
#7782=IFCFACE((#7781));
#7783=IFCPOLYLOOP((#5704,#5703,#5418));
#7784=IFCFACEOUTERBOUND(#7783,.T.);
#7785=IFCFACE((#7784));
#7786=IFCPOLYLOOP((#5413,#5418,#5703));
#7787=IFCFACEOUTERBOUND(#7786,.T.);
#7788=IFCFACE((#7787));
#7789=IFCPOLYLOOP((#5418,#5413,#5416));
#7790=IFCFACEOUTERBOUND(#7789,.T.);
#7791=IFCFACE((#7790));
#7792=IFCPOLYLOOP((#5419,#5416,#5655));
#7793=IFCFACEOUTERBOUND(#7792,.T.);
#7794=IFCFACE((#7793));
#7795=IFCPOLYLOOP((#5416,#5419,#5418));
#7796=IFCFACEOUTERBOUND(#7795,.T.);
#7797=IFCFACE((#7796));
#7798=IFCPOLYLOOP((#5656,#5655,#5704));
#7799=IFCFACEOUTERBOUND(#7798,.T.);
#7800=IFCFACE((#7799));
#7801=IFCPOLYLOOP((#5655,#5656,#5419));
#7802=IFCFACEOUTERBOUND(#7801,.T.);
#7803=IFCFACE((#7802));
#7804=IFCPOLYLOOP((#5704,#5418,#5417,#5933,#5935,#5705));
#7805=IFCFACEOUTERBOUND(#7804,.T.);
#7806=IFCFACE((#7805));
#7807=IFCPOLYLOOP((#5936,#5938,#5934,#5937));
#7808=IFCFACEOUTERBOUND(#7807,.T.);
#7809=IFCFACE((#7808));
#7810=IFCPOLYLOOP((#5937,#5706,#5939));
#7811=IFCFACEOUTERBOUND(#7810,.T.);
#7812=IFCFACE((#7811));
#7813=IFCPOLYLOOP((#5417,#5422,#5940));
#7814=IFCFACEOUTERBOUND(#7813,.T.);
#7815=IFCFACE((#7814));
#7816=IFCPOLYLOOP((#5936,#5933,#5940));
#7817=IFCFACEOUTERBOUND(#7816,.T.);
#7818=IFCFACE((#7817));
#7819=IFCPOLYLOOP((#5705,#5935,#5939));
#7820=IFCFACEOUTERBOUND(#7819,.T.);
#7821=IFCFACE((#7820));
#7822=IFCPOLYLOOP((#5936,#5935,#5933));
#7823=IFCFACEOUTERBOUND(#7822,.T.);
#7824=IFCFACE((#7823));
#7825=IFCPOLYLOOP((#5938,#5936,#5940));
#7826=IFCFACEOUTERBOUND(#7825,.T.);
#7827=IFCFACE((#7826));
#7828=IFCPOLYLOOP((#5937,#5939,#5936));
#7829=IFCFACEOUTERBOUND(#7828,.T.);
#7830=IFCFACE((#7829));
#7831=IFCPOLYLOOP((#5939,#5935,#5936));
#7832=IFCFACEOUTERBOUND(#7831,.T.);
#7833=IFCFACE((#7832));
#7834=IFCPOLYLOOP((#5937,#5707,#5706));
#7835=IFCFACEOUTERBOUND(#7834,.T.);
#7836=IFCFACE((#7835));
#7837=IFCPOLYLOOP((#5422,#5421,#5938));
#7838=IFCFACEOUTERBOUND(#7837,.T.);
#7839=IFCFACE((#7838));
#7840=IFCPOLYLOOP((#5705,#5939,#5706));
#7841=IFCFACEOUTERBOUND(#7840,.T.);
#7842=IFCFACE((#7841));
#7843=IFCPOLYLOOP((#5417,#5940,#5933));
#7844=IFCFACEOUTERBOUND(#7843,.T.);
#7845=IFCFACE((#7844));
#7846=IFCPOLYLOOP((#5938,#5940,#5422));
#7847=IFCFACEOUTERBOUND(#7846,.T.);
#7848=IFCFACE((#7847));
#7849=IFCPOLYLOOP((#5659,#5755,#5803));
#7850=IFCFACEOUTERBOUND(#7849,.T.);
#7851=IFCFACE((#7850));
#7852=IFCPOLYLOOP((#5668,#5424,#5664));
#7853=IFCFACEOUTERBOUND(#7852,.T.);
#7854=IFCFACE((#7853));
#7855=IFCPOLYLOOP((#5755,#5707,#5937));
#7856=IFCFACEOUTERBOUND(#7855,.T.);
#7857=IFCFACE((#7856));
#7858=IFCPOLYLOOP((#5755,#5659,#5720));
#7859=IFCFACEOUTERBOUND(#7858,.T.);
#7860=IFCFACE((#7859));
#7861=IFCPOLYLOOP((#5424,#5475,#5523));
#7862=IFCFACEOUTERBOUND(#7861,.T.);
#7863=IFCFACE((#7862));
#7864=IFCPOLYLOOP((#5424,#5668,#5682));
#7865=IFCFACEOUTERBOUND(#7864,.T.);
#7866=IFCFACE((#7865));
#7867=IFCPOLYLOOP((#5421,#5474,#5952));
#7868=IFCFACEOUTERBOUND(#7867,.T.);
#7869=IFCFACE((#7868));
#7870=IFCPOLYLOOP((#5474,#5421,#5437));
#7871=IFCFACEOUTERBOUND(#7870,.T.);
#7872=IFCFACE((#7871));
#7873=IFCPOLYLOOP((#5659,#5803,#5786));
#7874=IFCFACEOUTERBOUND(#7873,.T.);
#7875=IFCFACE((#7874));
#7876=IFCPOLYLOOP((#5659,#5786,#5845));
#7877=IFCFACEOUTERBOUND(#7876,.T.);
#7878=IFCFACE((#7877));
#7879=IFCPOLYLOOP((#5659,#5845,#5780));
#7880=IFCFACEOUTERBOUND(#7879,.T.);
#7881=IFCFACE((#7880));
#7882=IFCPOLYLOOP((#5659,#5780,#5838));
#7883=IFCFACEOUTERBOUND(#7882,.T.);
#7884=IFCFACE((#7883));
#7885=IFCPOLYLOOP((#5659,#5838,#5837));
#7886=IFCFACEOUTERBOUND(#7885,.T.);
#7887=IFCFACE((#7886));
#7888=IFCPOLYLOOP((#5659,#5837,#5868));
#7889=IFCFACEOUTERBOUND(#7888,.T.);
#7890=IFCFACE((#7889));
#7891=IFCPOLYLOOP((#5659,#5868,#5764));
#7892=IFCFACEOUTERBOUND(#7891,.T.);
#7893=IFCFACE((#7892));
#7894=IFCPOLYLOOP((#5659,#5764,#5919));
#7895=IFCFACEOUTERBOUND(#7894,.T.);
#7896=IFCFACE((#7895));
#7897=IFCPOLYLOOP((#5659,#5919,#5825));
#7898=IFCFACEOUTERBOUND(#7897,.T.);
#7899=IFCFACE((#7898));
#7900=IFCPOLYLOOP((#5659,#5825,#5916));
#7901=IFCFACEOUTERBOUND(#7900,.T.);
#7902=IFCFACE((#7901));
#7903=IFCPOLYLOOP((#5659,#5916,#5767));
#7904=IFCFACEOUTERBOUND(#7903,.T.);
#7905=IFCFACE((#7904));
#7906=IFCPOLYLOOP((#5659,#5767,#5892));
#7907=IFCFACEOUTERBOUND(#7906,.T.);
#7908=IFCFACE((#7907));
#7909=IFCPOLYLOOP((#5659,#5892,#5815));
#7910=IFCFACEOUTERBOUND(#7909,.T.);
#7911=IFCFACE((#7910));
#7912=IFCPOLYLOOP((#5659,#5815,#5890));
#7913=IFCFACEOUTERBOUND(#7912,.T.);
#7914=IFCFACE((#7913));
#7915=IFCPOLYLOOP((#5659,#5890,#5763));
#7916=IFCFACEOUTERBOUND(#7915,.T.);
#7917=IFCFACE((#7916));
#7918=IFCPOLYLOOP((#5659,#5763,#5911));
#7919=IFCFACEOUTERBOUND(#7918,.T.);
#7920=IFCFACE((#7919));
#7921=IFCPOLYLOOP((#5659,#5911,#5824));
#7922=IFCFACEOUTERBOUND(#7921,.T.);
#7923=IFCFACE((#7922));
#7924=IFCPOLYLOOP((#5659,#5824,#5914));
#7925=IFCFACEOUTERBOUND(#7924,.T.);
#7926=IFCFACE((#7925));
#7927=IFCPOLYLOOP((#5659,#5914,#5790));
#7928=IFCFACEOUTERBOUND(#7927,.T.);
#7929=IFCFACE((#7928));
#7930=IFCPOLYLOOP((#5659,#5790,#5870));
#7931=IFCFACEOUTERBOUND(#7930,.T.);
#7932=IFCFACE((#7931));
#7933=IFCPOLYLOOP((#5659,#5870,#5842));
#7934=IFCFACEOUTERBOUND(#7933,.T.);
#7935=IFCFACE((#7934));
#7936=IFCPOLYLOOP((#5659,#5842,#5925));
#7937=IFCFACEOUTERBOUND(#7936,.T.);
#7938=IFCFACE((#7937));
#7939=IFCPOLYLOOP((#5659,#5925,#5772));
#7940=IFCFACEOUTERBOUND(#7939,.T.);
#7941=IFCFACE((#7940));
#7942=IFCPOLYLOOP((#5659,#5772,#5875));
#7943=IFCFACEOUTERBOUND(#7942,.T.);
#7944=IFCFACE((#7943));
#7945=IFCPOLYLOOP((#5659,#5875,#5810));
#7946=IFCFACEOUTERBOUND(#7945,.T.);
#7947=IFCFACE((#7946));
#7948=IFCPOLYLOOP((#5659,#5810,#5877));
#7949=IFCFACEOUTERBOUND(#7948,.T.);
#7950=IFCFACE((#7949));
#7951=IFCPOLYLOOP((#5659,#5877,#5775));
#7952=IFCFACEOUTERBOUND(#7951,.T.);
#7953=IFCFACE((#7952));
#7954=IFCPOLYLOOP((#5659,#5775,#5881));
#7955=IFCFACEOUTERBOUND(#7954,.T.);
#7956=IFCFACE((#7955));
#7957=IFCPOLYLOOP((#5659,#5881,#5811));
#7958=IFCFACEOUTERBOUND(#7957,.T.);
#7959=IFCFACE((#7958));
#7960=IFCPOLYLOOP((#5659,#5811,#5879));
#7961=IFCFACEOUTERBOUND(#7960,.T.);
#7962=IFCFACE((#7961));
#7963=IFCPOLYLOOP((#5659,#5879,#5761));
#7964=IFCFACEOUTERBOUND(#7963,.T.);
#7965=IFCFACE((#7964));
#7966=IFCPOLYLOOP((#5659,#5761,#5926));
#7967=IFCFACEOUTERBOUND(#7966,.T.);
#7968=IFCFACE((#7967));
#7969=IFCPOLYLOOP((#5659,#5926,#5795));
#7970=IFCFACEOUTERBOUND(#7969,.T.);
#7971=IFCFACE((#7970));
#7972=IFCPOLYLOOP((#5659,#5795,#5930));
#7973=IFCFACEOUTERBOUND(#7972,.T.);
#7974=IFCFACE((#7973));
#7975=IFCPOLYLOOP((#5659,#5930,#5794));
#7976=IFCFACEOUTERBOUND(#7975,.T.);
#7977=IFCFACE((#7976));
#7978=IFCPOLYLOOP((#5659,#5794,#5887));
#7979=IFCFACEOUTERBOUND(#7978,.T.);
#7980=IFCFACE((#7979));
#7981=IFCPOLYLOOP((#5659,#5887,#5814));
#7982=IFCFACEOUTERBOUND(#7981,.T.);
#7983=IFCFACE((#7982));
#7984=IFCPOLYLOOP((#5659,#5814,#5886));
#7985=IFCFACEOUTERBOUND(#7984,.T.);
#7986=IFCFACE((#7985));
#7987=IFCPOLYLOOP((#5659,#5886,#5776));
#7988=IFCFACEOUTERBOUND(#7987,.T.);
#7989=IFCFACE((#7988));
#7990=IFCPOLYLOOP((#5659,#5776,#5900));
#7991=IFCFACEOUTERBOUND(#7990,.T.);
#7992=IFCFACE((#7991));
#7993=IFCPOLYLOOP((#5659,#5900,#5819));
#7994=IFCFACEOUTERBOUND(#7993,.T.);
#7995=IFCFACE((#7994));
#7996=IFCPOLYLOOP((#5659,#5819,#5903));
#7997=IFCFACEOUTERBOUND(#7996,.T.);
#7998=IFCFACE((#7997));
#7999=IFCPOLYLOOP((#5659,#5903,#5779));
#8000=IFCFACEOUTERBOUND(#7999,.T.);
#8001=IFCFACE((#8000));
#8002=IFCPOLYLOOP((#5659,#5779,#5897));
#8003=IFCFACEOUTERBOUND(#8002,.T.);
#8004=IFCFACE((#8003));
#8005=IFCPOLYLOOP((#5659,#5897,#5818));
#8006=IFCFACEOUTERBOUND(#8005,.T.);
#8007=IFCFACE((#8006));
#8008=IFCPOLYLOOP((#5659,#5818,#5896));
#8009=IFCFACEOUTERBOUND(#8008,.T.);
#8010=IFCFACE((#8009));
#8011=IFCPOLYLOOP((#5659,#5896,#5762));
#8012=IFCFACEOUTERBOUND(#8011,.T.);
#8013=IFCFACE((#8012));
#8014=IFCPOLYLOOP((#5659,#5762,#5905));
#8015=IFCFACEOUTERBOUND(#8014,.T.);
#8016=IFCFACE((#8015));
#8017=IFCPOLYLOOP((#5659,#5905,#5821));
#8018=IFCFACEOUTERBOUND(#8017,.T.);
#8019=IFCFACE((#8018));
#8020=IFCPOLYLOOP((#5659,#5821,#5908));
#8021=IFCFACEOUTERBOUND(#8020,.T.);
#8022=IFCFACE((#8021));
#8023=IFCPOLYLOOP((#5659,#5908,#5787));
#8024=IFCFACEOUTERBOUND(#8023,.T.);
#8025=IFCFACE((#8024));
#8026=IFCPOLYLOOP((#5659,#5787,#5866));
#8027=IFCFACEOUTERBOUND(#8026,.T.);
#8028=IFCFACE((#8027));
#8029=IFCPOLYLOOP((#5659,#5866,#5830));
#8030=IFCFACEOUTERBOUND(#8029,.T.);
#8031=IFCFACE((#8030));
#8032=IFCPOLYLOOP((#5659,#5830,#5831));
#8033=IFCFACEOUTERBOUND(#8032,.T.);
#8034=IFCFACE((#8033));
#8035=IFCPOLYLOOP((#5659,#5831,#5768));
#8036=IFCFACEOUTERBOUND(#8035,.T.);
#8037=IFCFACE((#8036));
#8038=IFCPOLYLOOP((#5659,#5768,#5864));
#8039=IFCFACEOUTERBOUND(#8038,.T.);
#8040=IFCFACE((#8039));
#8041=IFCPOLYLOOP((#5659,#5864,#5806));
#8042=IFCFACEOUTERBOUND(#8041,.T.);
#8043=IFCFACE((#8042));
#8044=IFCPOLYLOOP((#5659,#5806,#5828));
#8045=IFCFACEOUTERBOUND(#8044,.T.);
#8046=IFCFACE((#8045));
#8047=IFCPOLYLOOP((#5659,#5828,#5771));
#8048=IFCFACEOUTERBOUND(#8047,.T.);
#8049=IFCFACE((#8048));
#8050=IFCPOLYLOOP((#5659,#5771,#5800));
#8051=IFCFACEOUTERBOUND(#8050,.T.);
#8052=IFCFACE((#8051));
#8053=IFCPOLYLOOP((#5659,#5800,#5784));
#8054=IFCFACEOUTERBOUND(#8053,.T.);
#8055=IFCFACE((#8054));
#8056=IFCPOLYLOOP((#5659,#5784,#5798));
#8057=IFCFACEOUTERBOUND(#8056,.T.);
#8058=IFCFACE((#8057));
#8059=IFCPOLYLOOP((#5659,#5798,#5668));
#8060=IFCFACEOUTERBOUND(#8059,.T.);
#8061=IFCFACE((#8060));
#8062=IFCPOLYLOOP((#5668,#5664,#5661));
#8063=IFCFACEOUTERBOUND(#8062,.T.);
#8064=IFCFACE((#8063));
#8065=IFCPOLYLOOP((#5668,#5661,#5665));
#8066=IFCFACEOUTERBOUND(#8065,.T.);
#8067=IFCFACE((#8066));
#8068=IFCPOLYLOOP((#5668,#5665,#5659));
#8069=IFCFACEOUTERBOUND(#8068,.T.);
#8070=IFCFACE((#8069));
#8071=IFCPOLYLOOP((#5755,#5937,#5934));
#8072=IFCFACEOUTERBOUND(#8071,.T.);
#8073=IFCFACE((#8072));
#8074=IFCPOLYLOOP((#5755,#5934,#5938));
#8075=IFCFACEOUTERBOUND(#8074,.T.);
#8076=IFCFACE((#8075));
#8077=IFCPOLYLOOP((#5755,#5938,#5421));
#8078=IFCFACEOUTERBOUND(#8077,.T.);
#8079=IFCFACE((#8078));
#8080=IFCPOLYLOOP((#5755,#5720,#5717));
#8081=IFCFACEOUTERBOUND(#8080,.T.);
#8082=IFCFACE((#8081));
#8083=IFCPOLYLOOP((#5755,#5717,#5729));
#8084=IFCFACEOUTERBOUND(#8083,.T.);
#8085=IFCFACE((#8084));
#8086=IFCPOLYLOOP((#5755,#5729,#5709));
#8087=IFCFACEOUTERBOUND(#8086,.T.);
#8088=IFCFACE((#8087));
#8089=IFCPOLYLOOP((#5755,#5709,#5723));
#8090=IFCFACEOUTERBOUND(#8089,.T.);
#8091=IFCFACE((#8090));
#8092=IFCPOLYLOOP((#5755,#5723,#5722));
#8093=IFCFACEOUTERBOUND(#8092,.T.);
#8094=IFCFACE((#8093));
#8095=IFCPOLYLOOP((#5755,#5722,#5747));
#8096=IFCFACEOUTERBOUND(#8095,.T.);
#8097=IFCFACE((#8096));
#8098=IFCPOLYLOOP((#5755,#5747,#5708));
#8099=IFCFACEOUTERBOUND(#8098,.T.);
#8100=IFCFACE((#8099));
#8101=IFCPOLYLOOP((#5755,#5708,#5735));
#8102=IFCFACEOUTERBOUND(#8101,.T.);
#8103=IFCFACE((#8102));
#8104=IFCPOLYLOOP((#5755,#5735,#5724));
#8105=IFCFACEOUTERBOUND(#8104,.T.);
#8106=IFCFACE((#8105));
#8107=IFCPOLYLOOP((#5755,#5724,#5730));
#8108=IFCFACEOUTERBOUND(#8107,.T.);
#8109=IFCFACE((#8108));
#8110=IFCPOLYLOOP((#5755,#5730,#5710));
#8111=IFCFACEOUTERBOUND(#8110,.T.);
#8112=IFCFACE((#8111));
#8113=IFCPOLYLOOP((#5755,#5710,#5737));
#8114=IFCFACEOUTERBOUND(#8113,.T.);
#8115=IFCFACE((#8114));
#8116=IFCPOLYLOOP((#5755,#5737,#5714));
#8117=IFCFACEOUTERBOUND(#8116,.T.);
#8118=IFCFACE((#8117));
#8119=IFCPOLYLOOP((#5755,#5714,#5727));
#8120=IFCFACEOUTERBOUND(#8119,.T.);
#8121=IFCFACE((#8120));
#8122=IFCPOLYLOOP((#5755,#5727,#5707));
#8123=IFCFACEOUTERBOUND(#8122,.T.);
#8124=IFCFACE((#8123));
#8125=IFCPOLYLOOP((#5424,#5523,#5506));
#8126=IFCFACEOUTERBOUND(#8125,.T.);
#8127=IFCFACE((#8126));
#8128=IFCPOLYLOOP((#5424,#5506,#5565));
#8129=IFCFACEOUTERBOUND(#8128,.T.);
#8130=IFCFACE((#8129));
#8131=IFCPOLYLOOP((#5424,#5565,#5500));
#8132=IFCFACEOUTERBOUND(#8131,.T.);
#8133=IFCFACE((#8132));
#8134=IFCPOLYLOOP((#5424,#5500,#5558));
#8135=IFCFACEOUTERBOUND(#8134,.T.);
#8136=IFCFACE((#8135));
#8137=IFCPOLYLOOP((#5424,#5558,#5557));
#8138=IFCFACEOUTERBOUND(#8137,.T.);
#8139=IFCFACE((#8138));
#8140=IFCPOLYLOOP((#5424,#5557,#5588));
#8141=IFCFACEOUTERBOUND(#8140,.T.);
#8142=IFCFACE((#8141));
#8143=IFCPOLYLOOP((#5424,#5588,#5484));
#8144=IFCFACEOUTERBOUND(#8143,.T.);
#8145=IFCFACE((#8144));
#8146=IFCPOLYLOOP((#5424,#5484,#5639));
#8147=IFCFACEOUTERBOUND(#8146,.T.);
#8148=IFCFACE((#8147));
#8149=IFCPOLYLOOP((#5424,#5639,#5545));
#8150=IFCFACEOUTERBOUND(#8149,.T.);
#8151=IFCFACE((#8150));
#8152=IFCPOLYLOOP((#5424,#5545,#5636));
#8153=IFCFACEOUTERBOUND(#8152,.T.);
#8154=IFCFACE((#8153));
#8155=IFCPOLYLOOP((#5424,#5636,#5487));
#8156=IFCFACEOUTERBOUND(#8155,.T.);
#8157=IFCFACE((#8156));
#8158=IFCPOLYLOOP((#5424,#5487,#5612));
#8159=IFCFACEOUTERBOUND(#8158,.T.);
#8160=IFCFACE((#8159));
#8161=IFCPOLYLOOP((#5424,#5612,#5535));
#8162=IFCFACEOUTERBOUND(#8161,.T.);
#8163=IFCFACE((#8162));
#8164=IFCPOLYLOOP((#5424,#5535,#5610));
#8165=IFCFACEOUTERBOUND(#8164,.T.);
#8166=IFCFACE((#8165));
#8167=IFCPOLYLOOP((#5424,#5610,#5483));
#8168=IFCFACEOUTERBOUND(#8167,.T.);
#8169=IFCFACE((#8168));
#8170=IFCPOLYLOOP((#5424,#5483,#5631));
#8171=IFCFACEOUTERBOUND(#8170,.T.);
#8172=IFCFACE((#8171));
#8173=IFCPOLYLOOP((#5424,#5631,#5544));
#8174=IFCFACEOUTERBOUND(#8173,.T.);
#8175=IFCFACE((#8174));
#8176=IFCPOLYLOOP((#5424,#5544,#5634));
#8177=IFCFACEOUTERBOUND(#8176,.T.);
#8178=IFCFACE((#8177));
#8179=IFCPOLYLOOP((#5424,#5634,#5510));
#8180=IFCFACEOUTERBOUND(#8179,.T.);
#8181=IFCFACE((#8180));
#8182=IFCPOLYLOOP((#5424,#5510,#5590));
#8183=IFCFACEOUTERBOUND(#8182,.T.);
#8184=IFCFACE((#8183));
#8185=IFCPOLYLOOP((#5424,#5590,#5562));
#8186=IFCFACEOUTERBOUND(#8185,.T.);
#8187=IFCFACE((#8186));
#8188=IFCPOLYLOOP((#5424,#5562,#5645));
#8189=IFCFACEOUTERBOUND(#8188,.T.);
#8190=IFCFACE((#8189));
#8191=IFCPOLYLOOP((#5424,#5645,#5492));
#8192=IFCFACEOUTERBOUND(#8191,.T.);
#8193=IFCFACE((#8192));
#8194=IFCPOLYLOOP((#5424,#5492,#5595));
#8195=IFCFACEOUTERBOUND(#8194,.T.);
#8196=IFCFACE((#8195));
#8197=IFCPOLYLOOP((#5424,#5595,#5530));
#8198=IFCFACEOUTERBOUND(#8197,.T.);
#8199=IFCFACE((#8198));
#8200=IFCPOLYLOOP((#5424,#5530,#5597));
#8201=IFCFACEOUTERBOUND(#8200,.T.);
#8202=IFCFACE((#8201));
#8203=IFCPOLYLOOP((#5424,#5597,#5495));
#8204=IFCFACEOUTERBOUND(#8203,.T.);
#8205=IFCFACE((#8204));
#8206=IFCPOLYLOOP((#5424,#5495,#5601));
#8207=IFCFACEOUTERBOUND(#8206,.T.);
#8208=IFCFACE((#8207));
#8209=IFCPOLYLOOP((#5424,#5601,#5531));
#8210=IFCFACEOUTERBOUND(#8209,.T.);
#8211=IFCFACE((#8210));
#8212=IFCPOLYLOOP((#5424,#5531,#5599));
#8213=IFCFACEOUTERBOUND(#8212,.T.);
#8214=IFCFACE((#8213));
#8215=IFCPOLYLOOP((#5424,#5599,#5481));
#8216=IFCFACEOUTERBOUND(#8215,.T.);
#8217=IFCFACE((#8216));
#8218=IFCPOLYLOOP((#5424,#5481,#5646));
#8219=IFCFACEOUTERBOUND(#8218,.T.);
#8220=IFCFACE((#8219));
#8221=IFCPOLYLOOP((#5424,#5646,#5515));
#8222=IFCFACEOUTERBOUND(#8221,.T.);
#8223=IFCFACE((#8222));
#8224=IFCPOLYLOOP((#5424,#5515,#5650));
#8225=IFCFACEOUTERBOUND(#8224,.T.);
#8226=IFCFACE((#8225));
#8227=IFCPOLYLOOP((#5424,#5650,#5514));
#8228=IFCFACEOUTERBOUND(#8227,.T.);
#8229=IFCFACE((#8228));
#8230=IFCPOLYLOOP((#5424,#5514,#5607));
#8231=IFCFACEOUTERBOUND(#8230,.T.);
#8232=IFCFACE((#8231));
#8233=IFCPOLYLOOP((#5424,#5607,#5534));
#8234=IFCFACEOUTERBOUND(#8233,.T.);
#8235=IFCFACE((#8234));
#8236=IFCPOLYLOOP((#5424,#5534,#5606));
#8237=IFCFACEOUTERBOUND(#8236,.T.);
#8238=IFCFACE((#8237));
#8239=IFCPOLYLOOP((#5424,#5606,#5496));
#8240=IFCFACEOUTERBOUND(#8239,.T.);
#8241=IFCFACE((#8240));
#8242=IFCPOLYLOOP((#5424,#5496,#5620));
#8243=IFCFACEOUTERBOUND(#8242,.T.);
#8244=IFCFACE((#8243));
#8245=IFCPOLYLOOP((#5424,#5620,#5539));
#8246=IFCFACEOUTERBOUND(#8245,.T.);
#8247=IFCFACE((#8246));
#8248=IFCPOLYLOOP((#5424,#5539,#5623));
#8249=IFCFACEOUTERBOUND(#8248,.T.);
#8250=IFCFACE((#8249));
#8251=IFCPOLYLOOP((#5424,#5623,#5499));
#8252=IFCFACEOUTERBOUND(#8251,.T.);
#8253=IFCFACE((#8252));
#8254=IFCPOLYLOOP((#5424,#5499,#5617));
#8255=IFCFACEOUTERBOUND(#8254,.T.);
#8256=IFCFACE((#8255));
#8257=IFCPOLYLOOP((#5424,#5617,#5538));
#8258=IFCFACEOUTERBOUND(#8257,.T.);
#8259=IFCFACE((#8258));
#8260=IFCPOLYLOOP((#5424,#5538,#5616));
#8261=IFCFACEOUTERBOUND(#8260,.T.);
#8262=IFCFACE((#8261));
#8263=IFCPOLYLOOP((#5424,#5616,#5482));
#8264=IFCFACEOUTERBOUND(#8263,.T.);
#8265=IFCFACE((#8264));
#8266=IFCPOLYLOOP((#5424,#5482,#5625));
#8267=IFCFACEOUTERBOUND(#8266,.T.);
#8268=IFCFACE((#8267));
#8269=IFCPOLYLOOP((#5424,#5625,#5541));
#8270=IFCFACEOUTERBOUND(#8269,.T.);
#8271=IFCFACE((#8270));
#8272=IFCPOLYLOOP((#5424,#5541,#5628));
#8273=IFCFACEOUTERBOUND(#8272,.T.);
#8274=IFCFACE((#8273));
#8275=IFCPOLYLOOP((#5424,#5628,#5507));
#8276=IFCFACEOUTERBOUND(#8275,.T.);
#8277=IFCFACE((#8276));
#8278=IFCPOLYLOOP((#5424,#5507,#5586));
#8279=IFCFACEOUTERBOUND(#8278,.T.);
#8280=IFCFACE((#8279));
#8281=IFCPOLYLOOP((#5424,#5586,#5550));
#8282=IFCFACEOUTERBOUND(#8281,.T.);
#8283=IFCFACE((#8282));
#8284=IFCPOLYLOOP((#5424,#5550,#5551));
#8285=IFCFACEOUTERBOUND(#8284,.T.);
#8286=IFCFACE((#8285));
#8287=IFCPOLYLOOP((#5424,#5551,#5488));
#8288=IFCFACEOUTERBOUND(#8287,.T.);
#8289=IFCFACE((#8288));
#8290=IFCPOLYLOOP((#5424,#5488,#5584));
#8291=IFCFACEOUTERBOUND(#8290,.T.);
#8292=IFCFACE((#8291));
#8293=IFCPOLYLOOP((#5424,#5584,#5526));
#8294=IFCFACEOUTERBOUND(#8293,.T.);
#8295=IFCFACE((#8294));
#8296=IFCPOLYLOOP((#5424,#5526,#5548));
#8297=IFCFACEOUTERBOUND(#8296,.T.);
#8298=IFCFACE((#8297));
#8299=IFCPOLYLOOP((#5424,#5548,#5491));
#8300=IFCFACEOUTERBOUND(#8299,.T.);
#8301=IFCFACE((#8300));
#8302=IFCPOLYLOOP((#5424,#5491,#5520));
#8303=IFCFACEOUTERBOUND(#8302,.T.);
#8304=IFCFACE((#8303));
#8305=IFCPOLYLOOP((#5424,#5520,#5504));
#8306=IFCFACEOUTERBOUND(#8305,.T.);
#8307=IFCFACE((#8306));
#8308=IFCPOLYLOOP((#5424,#5504,#5518));
#8309=IFCFACEOUTERBOUND(#8308,.T.);
#8310=IFCFACE((#8309));
#8311=IFCPOLYLOOP((#5424,#5518,#5474));
#8312=IFCFACEOUTERBOUND(#8311,.T.);
#8313=IFCFACE((#8312));
#8314=IFCPOLYLOOP((#5424,#5682,#5677));
#8315=IFCFACEOUTERBOUND(#8314,.T.);
#8316=IFCFACE((#8315));
#8317=IFCPOLYLOOP((#5424,#5677,#5695));
#8318=IFCFACEOUTERBOUND(#8317,.T.);
#8319=IFCFACE((#8318));
#8320=IFCPOLYLOOP((#5424,#5695,#5671));
#8321=IFCFACEOUTERBOUND(#8320,.T.);
#8322=IFCFACE((#8321));
#8323=IFCPOLYLOOP((#5424,#5671,#5690));
#8324=IFCFACEOUTERBOUND(#8323,.T.);
#8325=IFCFACE((#8324));
#8326=IFCPOLYLOOP((#5424,#5690,#5676));
#8327=IFCFACEOUTERBOUND(#8326,.T.);
#8328=IFCFACE((#8327));
#8329=IFCPOLYLOOP((#5424,#5676,#5699));
#8330=IFCFACEOUTERBOUND(#8329,.T.);
#8331=IFCFACE((#8330));
#8332=IFCPOLYLOOP((#5424,#5699,#5675));
#8333=IFCFACEOUTERBOUND(#8332,.T.);
#8334=IFCFACE((#8333));
#8335=IFCPOLYLOOP((#5424,#5675,#5680));
#8336=IFCFACEOUTERBOUND(#8335,.T.);
#8337=IFCFACE((#8336));
#8338=IFCPOLYLOOP((#5424,#5680,#5679));
#8339=IFCFACEOUTERBOUND(#8338,.T.);
#8340=IFCFACE((#8339));
#8341=IFCPOLYLOOP((#5424,#5679,#5686));
#8342=IFCFACEOUTERBOUND(#8341,.T.);
#8343=IFCFACE((#8342));
#8344=IFCPOLYLOOP((#5424,#5686,#5475));
#8345=IFCFACEOUTERBOUND(#8344,.T.);
#8346=IFCFACE((#8345));
#8347=IFCPOLYLOOP((#5421,#5952,#5947));
#8348=IFCFACEOUTERBOUND(#8347,.T.);
#8349=IFCFACE((#8348));
#8350=IFCPOLYLOOP((#5421,#5947,#5965));
#8351=IFCFACEOUTERBOUND(#8350,.T.);
#8352=IFCFACE((#8351));
#8353=IFCPOLYLOOP((#5421,#5965,#5941));
#8354=IFCFACEOUTERBOUND(#8353,.T.);
#8355=IFCFACE((#8354));
#8356=IFCPOLYLOOP((#5421,#5941,#5960));
#8357=IFCFACEOUTERBOUND(#8356,.T.);
#8358=IFCFACE((#8357));
#8359=IFCPOLYLOOP((#5421,#5960,#5946));
#8360=IFCFACEOUTERBOUND(#8359,.T.);
#8361=IFCFACE((#8360));
#8362=IFCPOLYLOOP((#5421,#5946,#5969));
#8363=IFCFACEOUTERBOUND(#8362,.T.);
#8364=IFCFACE((#8363));
#8365=IFCPOLYLOOP((#5421,#5969,#5945));
#8366=IFCFACEOUTERBOUND(#8365,.T.);
#8367=IFCFACE((#8366));
#8368=IFCPOLYLOOP((#5421,#5945,#5950));
#8369=IFCFACEOUTERBOUND(#8368,.T.);
#8370=IFCFACE((#8369));
#8371=IFCPOLYLOOP((#5421,#5950,#5949));
#8372=IFCFACEOUTERBOUND(#8371,.T.);
#8373=IFCFACE((#8372));
#8374=IFCPOLYLOOP((#5421,#5949,#5956));
#8375=IFCFACEOUTERBOUND(#8374,.T.);
#8376=IFCFACE((#8375));
#8377=IFCPOLYLOOP((#5421,#5956,#5755));
#8378=IFCFACEOUTERBOUND(#8377,.T.);
#8379=IFCFACE((#8378));
#8380=IFCPOLYLOOP((#5474,#5437,#5434));
#8381=IFCFACEOUTERBOUND(#8380,.T.);
#8382=IFCFACE((#8381));
#8383=IFCPOLYLOOP((#5474,#5434,#5446));
#8384=IFCFACEOUTERBOUND(#8383,.T.);
#8385=IFCFACE((#8384));
#8386=IFCPOLYLOOP((#5474,#5446,#5426));
#8387=IFCFACEOUTERBOUND(#8386,.T.);
#8388=IFCFACE((#8387));
#8389=IFCPOLYLOOP((#5474,#5426,#5440));
#8390=IFCFACEOUTERBOUND(#8389,.T.);
#8391=IFCFACE((#8390));
#8392=IFCPOLYLOOP((#5474,#5440,#5439));
#8393=IFCFACEOUTERBOUND(#8392,.T.);
#8394=IFCFACE((#8393));
#8395=IFCPOLYLOOP((#5474,#5439,#5464));
#8396=IFCFACEOUTERBOUND(#8395,.T.);
#8397=IFCFACE((#8396));
#8398=IFCPOLYLOOP((#5474,#5464,#5425));
#8399=IFCFACEOUTERBOUND(#8398,.T.);
#8400=IFCFACE((#8399));
#8401=IFCPOLYLOOP((#5474,#5425,#5452));
#8402=IFCFACEOUTERBOUND(#8401,.T.);
#8403=IFCFACE((#8402));
#8404=IFCPOLYLOOP((#5474,#5452,#5441));
#8405=IFCFACEOUTERBOUND(#8404,.T.);
#8406=IFCFACE((#8405));
#8407=IFCPOLYLOOP((#5474,#5441,#5447));
#8408=IFCFACEOUTERBOUND(#8407,.T.);
#8409=IFCFACE((#8408));
#8410=IFCPOLYLOOP((#5474,#5447,#5427));
#8411=IFCFACEOUTERBOUND(#8410,.T.);
#8412=IFCFACE((#8411));
#8413=IFCPOLYLOOP((#5474,#5427,#5454));
#8414=IFCFACEOUTERBOUND(#8413,.T.);
#8415=IFCFACE((#8414));
#8416=IFCPOLYLOOP((#5474,#5454,#5431));
#8417=IFCFACEOUTERBOUND(#8416,.T.);
#8418=IFCFACE((#8417));
#8419=IFCPOLYLOOP((#5474,#5431,#5444));
#8420=IFCFACEOUTERBOUND(#8419,.T.);
#8421=IFCFACE((#8420));
#8422=IFCPOLYLOOP((#5474,#5444,#5424));
#8423=IFCFACEOUTERBOUND(#8422,.T.);
#8424=IFCFACE((#8423));
#8425=IFCPOLYLOOP((#5948,#5953,#5957));
#8426=IFCFACEOUTERBOUND(#8425,.T.);
#8427=IFCFACE((#8426));
#8428=IFCPOLYLOOP((#5969,#5968,#5964));
#8429=IFCFACEOUTERBOUND(#8428,.T.);
#8430=IFCFACE((#8429));
#8431=IFCPOLYLOOP((#5958,#5970,#5951));
#8432=IFCFACEOUTERBOUND(#8431,.T.);
#8433=IFCFACE((#8432));
#8434=IFCPOLYLOOP((#5964,#5943,#5962));
#8435=IFCFACEOUTERBOUND(#8434,.T.);
#8436=IFCFACE((#8435));
#8437=IFCPOLYLOOP((#5944,#5958,#5951));
#8438=IFCFACEOUTERBOUND(#8437,.T.);
#8439=IFCFACE((#8438));
#8440=IFCPOLYLOOP((#5961,#5965,#5958));
#8441=IFCFACEOUTERBOUND(#8440,.T.);
#8442=IFCFACE((#8441));
#8443=IFCPOLYLOOP((#5473,#5955,#5970));
#8444=IFCFACEOUTERBOUND(#8443,.T.);
#8445=IFCFACE((#8444));
#8446=IFCPOLYLOOP((#5954,#5962,#5943));
#8447=IFCFACEOUTERBOUND(#8446,.T.);
#8448=IFCFACE((#8447));
#8449=IFCPOLYLOOP((#5945,#5962,#5950));
#8450=IFCFACEOUTERBOUND(#8449,.T.);
#8451=IFCFACE((#8450));
#8452=IFCPOLYLOOP((#5942,#5968,#5963));
#8453=IFCFACEOUTERBOUND(#8452,.T.);
#8454=IFCFACE((#8453));
#8455=IFCPOLYLOOP((#5961,#5958,#5944));
#8456=IFCFACEOUTERBOUND(#8455,.T.);
#8457=IFCFACE((#8456));
#8458=IFCPOLYLOOP((#5948,#5957,#5966));
#8459=IFCFACEOUTERBOUND(#8458,.T.);
#8460=IFCFACE((#8459));
#8461=IFCPOLYLOOP((#5949,#5950,#5966));
#8462=IFCFACEOUTERBOUND(#8461,.T.);
#8463=IFCFACE((#8462));
#8464=IFCPOLYLOOP((#5950,#5962,#5966));
#8465=IFCFACEOUTERBOUND(#8464,.T.);
#8466=IFCFACE((#8465));
#8467=IFCPOLYLOOP((#5474,#5473,#5970));
#8468=IFCFACEOUTERBOUND(#8467,.T.);
#8469=IFCFACE((#8468));
#8470=IFCPOLYLOOP((#5756,#5755,#5956));
#8471=IFCFACEOUTERBOUND(#8470,.T.);
#8472=IFCFACE((#8471));
#8473=IFCPOLYLOOP((#5949,#5957,#5956));
#8474=IFCFACEOUTERBOUND(#8473,.T.);
#8475=IFCFACE((#8474));
#8476=IFCPOLYLOOP((#5953,#5757,#5756));
#8477=IFCFACEOUTERBOUND(#8476,.T.);
#8478=IFCFACE((#8477));
#8479=IFCPOLYLOOP((#5473,#5472,#5955));
#8480=IFCFACEOUTERBOUND(#8479,.T.);
#8481=IFCFACE((#8480));
#8482=IFCPOLYLOOP((#5958,#5947,#5970));
#8483=IFCFACEOUTERBOUND(#8482,.T.);
#8484=IFCFACE((#8483));
#8485=IFCPOLYLOOP((#5956,#5957,#5756));
#8486=IFCFACEOUTERBOUND(#8485,.T.);
#8487=IFCFACE((#8486));
#8488=IFCPOLYLOOP((#5756,#5957,#5953));
#8489=IFCFACEOUTERBOUND(#8488,.T.);
#8490=IFCFACE((#8489));
#8491=IFCPOLYLOOP((#5947,#5958,#5965));
#8492=IFCFACEOUTERBOUND(#8491,.T.);
#8493=IFCFACE((#8492));
#8494=IFCPOLYLOOP((#5970,#5947,#5952,#5474));
#8495=IFCFACEOUTERBOUND(#8494,.T.);
#8496=IFCFACE((#8495));
#8497=IFCPOLYLOOP((#5944,#5959,#5961));
#8498=IFCFACEOUTERBOUND(#8497,.T.);
#8499=IFCFACE((#8498));
#8500=IFCPOLYLOOP((#5960,#5963,#5968));
#8501=IFCFACEOUTERBOUND(#8500,.T.);
#8502=IFCFACE((#8501));
#8503=IFCPOLYLOOP((#5941,#5963,#5960));
#8504=IFCFACEOUTERBOUND(#8503,.T.);
#8505=IFCFACE((#8504));
#8506=IFCPOLYLOOP((#5963,#5961,#5959));
#8507=IFCFACEOUTERBOUND(#8506,.T.);
#8508=IFCFACE((#8507));
#8509=IFCPOLYLOOP((#5962,#5945,#5964));
#8510=IFCFACEOUTERBOUND(#8509,.T.);
#8511=IFCFACE((#8510));
#8512=IFCPOLYLOOP((#5954,#5948,#5966));
#8513=IFCFACEOUTERBOUND(#8512,.T.);
#8514=IFCFACE((#8513));
#8515=IFCPOLYLOOP((#5961,#5963,#5941));
#8516=IFCFACEOUTERBOUND(#8515,.T.);
#8517=IFCFACE((#8516));
#8518=IFCPOLYLOOP((#5942,#5963,#5959));
#8519=IFCFACEOUTERBOUND(#8518,.T.);
#8520=IFCFACE((#8519));
#8521=IFCPOLYLOOP((#5968,#5969,#5946,#5960));
#8522=IFCFACEOUTERBOUND(#8521,.T.);
#8523=IFCFACE((#8522));
#8524=IFCPOLYLOOP((#5964,#5968,#5967));
#8525=IFCFACEOUTERBOUND(#8524,.T.);
#8526=IFCFACE((#8525));
#8527=IFCPOLYLOOP((#5961,#5941,#5965));
#8528=IFCFACEOUTERBOUND(#8527,.T.);
#8529=IFCFACE((#8528));
#8530=IFCPOLYLOOP((#5966,#5957,#5949));
#8531=IFCFACEOUTERBOUND(#8530,.T.);
#8532=IFCFACE((#8531));
#8533=IFCPOLYLOOP((#5954,#5966,#5962));
#8534=IFCFACEOUTERBOUND(#8533,.T.);
#8535=IFCFACE((#8534));
#8536=IFCPOLYLOOP((#5967,#5968,#5942));
#8537=IFCFACEOUTERBOUND(#8536,.T.);
#8538=IFCFACE((#8537));
#8539=IFCPOLYLOOP((#5967,#5943,#5964));
#8540=IFCFACEOUTERBOUND(#8539,.T.);
#8541=IFCFACE((#8540));
#8542=IFCPOLYLOOP((#5964,#5945,#5969));
#8543=IFCFACEOUTERBOUND(#8542,.T.);
#8544=IFCFACE((#8543));
#8545=IFCPOLYLOOP((#5970,#5955,#5951));
#8546=IFCFACEOUTERBOUND(#8545,.T.);
#8547=IFCFACE((#8546));
#8548=IFCPOLYLOOP((#5932,#5757,#5953,#5948,#5954,#5943,#5967,#5942,#5959,#5944,#5951,#5955,#5472,#5652));
#8549=IFCFACEOUTERBOUND(#8548,.T.);
#8550=IFCFACE((#8549));
#8551=IFCCLOSEDSHELL((#787,#790,#793,#796,#799,#802,#805,#808,#811,#814,#817,#820,#823,#826,#829,#832,#835,#838,#841,#844,#847,#850,#853,#856,#859,#862,#865,#868,#871,#874,#877,#880,#883,#886,#889,#892,#895,#898,#901,#904,#907,#910,#913,#916,#919,#922,#925,#928,#931,#934,#937,#940,#943,#946,#949,#952,#955,#958,#961,#964,#967,#970,#973,#976,#979,#982,#985,#988,#991,#994,#997,#1000,#1003,#1006,#1009,#1012,#1015,#1018,#1021,#1024,#1027,#1030,#1033,#1036,#1039,#1042,#1045,#1048,#1051,#1054,#1057,#1060,#1063,#1066,#1069,#1072,#1075,#1078,#1081,#1084,#1087,#1090,#1093,#1096,#1099,#1102,#1105,#1108,#1111,#1114,#1117,#1120,#1123,#1126,#1129,#1132,#1135,#1138,#1141,#1144,#1147,#1150,#1153,#1156,#1159,#1162,#1165,#1168,#1171,#1174,#1177,#1180,#1183,#1186,#1189,#1192,#1195,#1198,#1201,#1204,#1207,#1210,#1213,#1216,#1219,#1222,#1225,#1228,#1231,#1234,#1237,#1240,#1243,#1246,#1249,#1252,#1255,#1258));
#8552=IFCFACETEDBREP(#8551);
#8553=IFCCOLOURRGB($,0.956862745098039,0.96078431372549,0.964705882352941);
#8554=IFCSURFACESTYLERENDERING(#8553,0.,$,$,$,$,IFCNORMALISEDRATIOMEASURE(0.5),IFCSPECULAREXPONENT(128.),.NOTDEFINED.);
#8555=IFCSURFACESTYLE('Aluminum',.BOTH.,(#8554));
#8556=IFCSTYLEDITEM(#8552,(#8555),$);
#8557=IFCCLOSEDSHELL((#1309,#1312,#1315,#1318,#1321,#1324,#1327,#1330,#1333,#1336,#1339,#1342,#1345,#1348,#1351,#1354,#1357,#1360,#1363,#1366,#1369,#1372,#1375,#1378,#1381,#1384));
#8558=IFCFACETEDBREP(#8557);
#8559=IFCSTYLEDITEM(#8558,(#8555),$);
#8560=IFCCLOSEDSHELL((#1515,#1518,#1521,#1524,#1527,#1530,#1533,#1536,#1539,#1542,#1545,#1548,#1551,#1554,#1557,#1560,#1563,#1566,#1569,#1572,#1575,#1578,#1581,#1584,#1587,#1590,#1593,#1596,#1599,#1602,#1605,#1608,#1611,#1614,#1617,#1620,#1623,#1626,#1629,#1632,#1635,#1638,#1641,#1644,#1647,#1650,#1653,#1656,#1659,#1662,#1665,#1668,#1671,#1674,#1677,#1680,#1683,#1686,#1689,#1692,#1695,#1698,#1701,#1704,#1707,#1710,#1713,#1716,#1719,#1722,#1725,#1728,#1731,#1734,#1737,#1740,#1743,#1746,#1749,#1752,#1755,#1758,#1761,#1764,#1767,#1770,#1773,#1776,#1779,#1782,#1785,#1788,#1791,#1794,#1797,#1800,#1803,#1806,#1809,#1812,#1815,#1818,#1821,#1824,#1827,#1830,#1833,#1836,#1839,#1842,#1845,#1848,#1851,#1854,#1857,#1860,#1863,#1866,#1869,#1872,#1875,#1878,#1881,#1884,#1887,#1890,#1893,#1896,#1899,#1902,#1905,#1908,#1911,#1914,#1917,#1920,#1923,#1926,#1929,#1932,#1935,#1938,#1941,#1944,#1947,#1950,#1953,#1956,#1959,#1962,#1965,#1968,#1971,#1974,#1977,#1980,#1983,#1986));
#8561=IFCFACETEDBREP(#8560);
#8562=IFCSTYLEDITEM(#8561,(#8555),$);
#8563=IFCCLOSEDSHELL((#2037,#2040,#2043,#2046,#2049,#2052,#2055,#2058,#2061,#2064,#2067,#2070,#2073,#2076,#2079,#2082,#2085,#2088,#2091,#2094,#2097,#2100,#2103,#2106,#2109,#2112));
#8564=IFCFACETEDBREP(#8563);
#8565=IFCSTYLEDITEM(#8564,(#8555),$);
#8566=IFCCLOSEDSHELL((#2125,#2138,#2141,#2144,#2147,#2150,#2153,#2156,#2159,#2162));
#8567=IFCFACETEDBREP(#8566);
#8568=IFCCOLOURRGB($,0.67843137254902,0.517647058823529,0.376470588235294);
#8569=IFCSURFACESTYLERENDERING(#8568,0.,$,$,$,$,IFCNORMALISEDRATIOMEASURE(0.5),IFCSPECULAREXPONENT(64.),.NOTDEFINED.);
#8570=IFCSURFACESTYLE('Wood - Birch',.BOTH.,(#8569));
#8571=IFCSTYLEDITEM(#8567,(#8570),$);
#8572=IFCCLOSEDSHELL((#2173,#2178,#2186,#2190,#2198,#2202,#2210,#2214,#2221,#2224,#2227,#2230,#2233,#2236,#2239,#2242,#2245,#2248));
#8573=IFCFACETEDBREP(#8572);
#8574=IFCCOLOURRGB($,0.698039215686274,0.698039215686274,0.698039215686274);
#8575=IFCSURFACESTYLERENDERING(#8574,0.,$,$,$,$,IFCNORMALISEDRATIOMEASURE(0.5),IFCSPECULAREXPONENT(128.),.NOTDEFINED.);
#8576=IFCSURFACESTYLE('Metal - Paint Finish - Grey',.BOTH.,(#8575));
#8577=IFCSTYLEDITEM(#8573,(#8576),$);
#8578=IFCCLOSEDSHELL((#2255,#2262,#2265,#2268,#2271,#2274));
#8579=IFCFACETEDBREP(#8578);
#8580=IFCCOLOURRGB($,0.96078431372549,0.96078431372549,0.952941176470588);
#8581=IFCSURFACESTYLERENDERING(#8580,1.,$,$,$,$,IFCNORMALISEDRATIOMEASURE(0.5),IFCSPECULAREXPONENT(64.),.NOTDEFINED.);
#8582=IFCSURFACESTYLE('Glass',.BOTH.,(#8581));
#8583=IFCSTYLEDITEM(#8579,(#8582),$);
#8584=IFCCLOSEDSHELL((#2835,#2838,#2841,#2844,#2847,#2850,#2853,#2856,#2859,#2862,#2865,#2868,#2871,#2874,#2877,#2880,#2883,#2886,#2889,#2892,#2895,#2898,#2901,#2904,#2907,#2910,#2913,#2916,#2919,#2922,#2925,#2928,#2931,#2934,#2937,#2940,#2943,#2946,#2949,#2952,#2955,#2958,#2961,#2964,#2967,#2970,#2973,#2976,#2979,#2982,#2985,#2988,#2991,#2994,#2997,#3000,#3003,#3006,#3009,#3012,#3015,#3018,#3021,#3024,#3027,#3030,#3033,#3036,#3039,#3042,#3045,#3048,#3051,#3054,#3057,#3060,#3063,#3066,#3069,#3072,#3075,#3078,#3081,#3084,#3087,#3090,#3093,#3096,#3099,#3102,#3105,#3108,#3111,#3114,#3117,#3120,#3123,#3126,#3129,#3132,#3135,#3138,#3141,#3144,#3147,#3150,#3153,#3156,#3159,#3162,#3165,#3168,#3171,#3174,#3177,#3180,#3183,#3186,#3189,#3192,#3195,#3198,#3201,#3204,#3207,#3210,#3213,#3216,#3219,#3222,#3225,#3228,#3231,#3234,#3237,#3240,#3243,#3246,#3249,#3252,#3255,#3258,#3261,#3264,#3267,#3270,#3273,#3276,#3279,#3282,#3285,#3288,#3291,#3294,#3297,#3300,#3303,#3306,#3309,#3312,#3315,#3318,#3321,#3324,#3327,#3330,#3333,#3336,#3339,#3342,#3345,#3348,#3351,#3354,#3357,#3360,#3363,#3366,#3369,#3372,#3375,#3378,#3381,#3384,#3387,#3390,#3393,#3396,#3399,#3402,#3405,#3408,#3411,#3414,#3417,#3420,#3423,#3426,#3429,#3432,#3435,#3438,#3441,#3444,#3447,#3450,#3453,#3456,#3459,#3462,#3465,#3468,#3471,#3474,#3477,#3480,#3483,#3486,#3489,#3492,#3495,#3498,#3501,#3504,#3507,#3510,#3513,#3516,#3519,#3522,#3525,#3528,#3531,#3534,#3537,#3540,#3543,#3546,#3549,#3552,#3555,#3558,#3561,#3564,#3567,#3570,#3573,#3576,#3579,#3582,#3585,#3588,#3591,#3594,#3597,#3600,#3603,#3606,#3609,#3612,#3615,#3618,#3621,#3624,#3627,#3630,#3633,#3636,#3639,#3642,#3645,#3648,#3651,#3654,#3657,#3660,#3663,#3666,#3669,#3672,#3675,#3678,#3681,#3684,#3687,#3690,#3693,#3696,#3699,#3702,#3705,#3708,#3711,#3714,#3717,#3720,#3723,#3726,#3729,#3732,#3735,#3738,#3741,#3744,#3747,#3750,#3753,#3756,#3759,#3762,#3765,#3768,#3771,#3774,#3777,#3780,#3783,#3786,#3789,#3792,#3795,#3798,#3801,#3804,#3807,#3810,#3813,#3816,#3819,#3822,#3825,#3828,#3831,#3834,#3837,#3840,#3843,#3846,#3849,#3852,#3855,#3858,#3861,#3864,#3867,#3870,#3873,#3876,#3879,#3882,#3885,#3888,#3891,#3894,#3897,#3900,#3903,#3906,#3909,#3912,#3915,#3918,#3921,#3924,#3927,#3930,#3933,#3936,#3939,#3942,#3945,#3948,#3951,#3954,#3957,#3960,#3963,#3966,#3969,#3972,#3975,#3978,#3981,#3984,#3987,#3990,#3993,#3996,#3999,#4002,#4005,#4008,#4011,#4014,#4017,#4020,#4023,#4026,#4029,#4032,#4035,#4038,#4041,#4044,#4047,#4050,#4053,#4056,#4059,#4062,#4065,#4068,#4071,#4074,#4077,#4080,#4083,#4086,#4089,#4092,#4095,#4098,#4101,#4104,#4107,#4110,#4113,#4116,#4119,#4122,#4125,#4128,#4131,#4134,#4137,#4140,#4143,#4146,#4149,#4152,#4155,#4158,#4161,#4164,#4167,#4170,#4173,#4176,#4179,#4182,#4185,#4188,#4191,#4194,#4197,#4200,#4203,#4206,#4209,#4212,#4215,#4218,#4221,#4224,#4227,#4230,#4233,#4236,#4239,#4242,#4245,#4248,#4251,#4254,#4257,#4260,#4263,#4266,#4269,#4272,#4275,#4278,#4281,#4284,#4287,#4290,#4293,#4296,#4299,#4302,#4305,#4308,#4311,#4314,#4317,#4320,#4323,#4326,#4329,#4332,#4335,#4338,#4341,#4344,#4347,#4350,#4353,#4356,#4359,#4362,#4365,#4368,#4371,#4374,#4377,#4380,#4383,#4386,#4389,#4392,#4395,#4398,#4401,#4404,#4407,#4410,#4413,#4416,#4419,#4422,#4425,#4428,#4431,#4434,#4437,#4440,#4443,#4446,#4449,#4452,#4455,#4458,#4461,#4464,#4467,#4470,#4473,#4476,#4479,#4482,#4485,#4488,#4491,#4494,#4497,#4500,#4503,#4506,#4509,#4512,#4515,#4518,#4521,#4524,#4527,#4530,#4533,#4536,#4539,#4542,#4545,#4548,#4551,#4554,#4557,#4560,#4563,#4566,#4569,#4572,#4575,#4578,#4581,#4584,#4587,#4590,#4593,#4596,#4599,#4602,#4605,#4608,#4611,#4614,#4617,#4620,#4623,#4626,#4629,#4632,#4635,#4638,#4641,#4644,#4647,#4650,#4653,#4656,#4659,#4662,#4665,#4668,#4671,#4674,#4677,#4680,#4683,#4686,#4689,#4692,#4695,#4698,#4701,#4704,#4707,#4710,#4713,#4716,#4719,#4722,#4725,#4728,#4731,#4734,#4737,#4740,#4743,#4746,#4749,#4752,#4755,#4758,#4761,#4764,#4767,#4770,#4773,#4776,#4779,#4782,#4785,#4788,#4791,#4794,#4797,#4800,#4803,#4806,#4809,#4812,#4815,#4818,#4821,#4824,#4827,#4830,#4833,#4836,#4839,#4842,#4845,#4848,#4851,#4854,#4857,#4860,#4863,#4866,#4869,#4872,#4875,#4878,#4881,#4884,#4887,#4890,#4893,#4896,#4899,#4902,#4905,#4908,#4911,#4914,#4917,#4920,#4923,#4926,#4929,#4932,#4935,#4938,#4941,#4944,#4947,#4950,#4953,#4956,#4959,#4962,#4965,#4968,#4971,#4974,#4977,#4980,#4983,#4986,#4989,#4992,#4995,#4998,#5001,#5004,#5007,#5010,#5013,#5016,#5019,#5022,#5025,#5028,#5031,#5034,#5037,#5040,#5043,#5046,#5049,#5052,#5055,#5058,#5061,#5064,#5067,#5070,#5073,#5076,#5079,#5082,#5085,#5088,#5091,#5094,#5097,#5100,#5103,#5106,#5109,#5112,#5115,#5118,#5121,#5124,#5127,#5130,#5133,#5136,#5139,#5142,#5145,#5148,#5151,#5154,#5157,#5160,#5163,#5166,#5169,#5172,#5175,#5178,#5181,#5184,#5187,#5190,#5193,#5196,#5199,#5202,#5205,#5208,#5211,#5214,#5217,#5220,#5223,#5226,#5229,#5232,#5235,#5238,#5241,#5244,#5247,#5250,#5253,#5256,#5259,#5262,#5265,#5268,#5271,#5274,#5277,#5280,#5283,#5286,#5289,#5292,#5295,#5298,#5301,#5304,#5307,#5310,#5313,#5316,#5319,#5322,#5325,#5328,#5331,#5334,#5337,#5340,#5343,#5346,#5349,#5352,#5355,#5358,#5361,#5364,#5367,#5370,#5373,#5376,#5379,#5382,#5385,#5388,#5391,#5394,#5397,#5400,#5403,#5406,#5409,#5412));
#8585=IFCFACETEDBREP(#8584);
#8586=IFCSTYLEDITEM(#8585,(#8576),$);
#8587=IFCCLOSEDSHELL((#5973,#5976,#5979,#5982,#5985,#5988,#5991,#5994,#5997,#6000,#6003,#6006,#6009,#6012,#6015,#6018,#6021,#6024,#6027,#6030,#6033,#6036,#6039,#6042,#6045,#6048,#6051,#6054,#6057,#6060,#6063,#6066,#6069,#6072,#6075,#6078,#6081,#6084,#6087,#6090,#6093,#6096,#6099,#6102,#6105,#6108,#6111,#6114,#6117,#6120,#6123,#6126,#6129,#6132,#6135,#6138,#6141,#6144,#6147,#6150,#6153,#6156,#6159,#6162,#6165,#6168,#6171,#6174,#6177,#6180,#6183,#6186,#6189,#6192,#6195,#6198,#6201,#6204,#6207,#6210,#6213,#6216,#6219,#6222,#6225,#6228,#6231,#6234,#6237,#6240,#6243,#6246,#6249,#6252,#6255,#6258,#6261,#6264,#6267,#6270,#6273,#6276,#6279,#6282,#6285,#6288,#6291,#6294,#6297,#6300,#6303,#6306,#6309,#6312,#6315,#6318,#6321,#6324,#6327,#6330,#6333,#6336,#6339,#6342,#6345,#6348,#6351,#6354,#6357,#6360,#6363,#6366,#6369,#6372,#6375,#6378,#6381,#6384,#6387,#6390,#6393,#6396,#6399,#6402,#6405,#6408,#6411,#6414,#6417,#6420,#6423,#6426,#6429,#6432,#6435,#6438,#6441,#6444,#6447,#6450,#6453,#6456,#6459,#6462,#6465,#6468,#6471,#6474,#6477,#6480,#6483,#6486,#6489,#6492,#6495,#6498,#6501,#6504,#6507,#6510,#6513,#6516,#6519,#6522,#6525,#6528,#6531,#6534,#6537,#6540,#6543,#6546,#6549,#6552,#6555,#6558,#6561,#6564,#6567,#6570,#6573,#6576,#6579,#6582,#6585,#6588,#6591,#6594,#6597,#6600,#6603,#6606,#6609,#6612,#6615,#6618,#6621,#6624,#6627,#6630,#6633,#6636,#6639,#6642,#6645,#6648,#6651,#6654,#6657,#6660,#6663,#6666,#6669,#6672,#6675,#6678,#6681,#6684,#6687,#6690,#6693,#6696,#6699,#6702,#6705,#6708,#6711,#6714,#6717,#6720,#6723,#6726,#6729,#6732,#6735,#6738,#6741,#6744,#6747,#6750,#6753,#6756,#6759,#6762,#6765,#6768,#6771,#6774,#6777,#6780,#6783,#6786,#6789,#6792,#6795,#6798,#6801,#6804,#6807,#6810,#6813,#6816,#6819,#6822,#6825,#6828,#6831,#6834,#6837,#6840,#6843,#6846,#6849,#6852,#6855,#6858,#6861,#6864,#6867,#6870,#6873,#6876,#6879,#6882,#6885,#6888,#6891,#6894,#6897,#6900,#6903,#6906,#6909,#6912,#6915,#6918,#6921,#6924,#6927,#6930,#6933,#6936,#6939,#6942,#6945,#6948,#6951,#6954,#6957,#6960,#6963,#6966,#6969,#6972,#6975,#6978,#6981,#6984,#6987,#6990,#6993,#6996,#6999,#7002,#7005,#7008,#7011,#7014,#7017,#7020,#7023,#7026,#7029,#7032,#7035,#7038,#7041,#7044,#7047,#7050,#7053,#7056,#7059,#7062,#7065,#7068,#7071,#7074,#7077,#7080,#7083,#7086,#7089,#7092,#7095,#7098,#7101,#7104,#7107,#7110,#7113,#7116,#7119,#7122,#7125,#7128,#7131,#7134,#7137,#7140,#7143,#7146,#7149,#7152,#7155,#7158,#7161,#7164,#7167,#7170,#7173,#7176,#7179,#7182,#7185,#7188,#7191,#7194,#7197,#7200,#7203,#7206,#7209,#7212,#7215,#7218,#7221,#7224,#7227,#7230,#7233,#7236,#7239,#7242,#7245,#7248,#7251,#7254,#7257,#7260,#7263,#7266,#7269,#7272,#7275,#7278,#7281,#7284,#7287,#7290,#7293,#7296,#7299,#7302,#7305,#7308,#7311,#7314,#7317,#7320,#7323,#7326,#7329,#7332,#7335,#7338,#7341,#7344,#7347,#7350,#7353,#7356,#7359,#7362,#7365,#7368,#7371,#7374,#7377,#7380,#7383,#7386,#7389,#7392,#7395,#7398,#7401,#7404,#7407,#7410,#7413,#7416,#7419,#7422,#7425,#7428,#7431,#7434,#7437,#7440,#7443,#7446,#7449,#7452,#7455,#7458,#7461,#7464,#7467,#7470,#7473,#7476,#7479,#7482,#7485,#7488,#7491,#7494,#7497,#7500,#7503,#7506,#7509,#7512,#7515,#7518,#7521,#7524,#7527,#7530,#7533,#7536,#7539,#7542,#7545,#7548,#7551,#7554,#7557,#7560,#7563,#7566,#7569,#7572,#7575,#7578,#7581,#7584,#7587,#7590,#7593,#7596,#7599,#7602,#7605,#7608,#7611,#7614,#7617,#7620,#7623,#7626,#7629,#7632,#7635,#7638,#7641,#7644,#7647,#7650,#7653,#7656,#7659,#7662,#7665,#7668,#7671,#7674,#7677,#7680,#7683,#7686,#7689,#7692,#7695,#7698,#7701,#7704,#7707,#7710,#7713,#7716,#7719,#7722,#7725,#7728,#7731,#7734,#7737,#7740,#7743,#7746,#7749,#7752,#7755,#7758,#7761,#7764,#7767,#7770,#7773,#7776,#7779,#7782,#7785,#7788,#7791,#7794,#7797,#7800,#7803,#7806,#7809,#7812,#7815,#7818,#7821,#7824,#7827,#7830,#7833,#7836,#7839,#7842,#7845,#7848,#7851,#7854,#7857,#7860,#7863,#7866,#7869,#7872,#7875,#7878,#7881,#7884,#7887,#7890,#7893,#7896,#7899,#7902,#7905,#7908,#7911,#7914,#7917,#7920,#7923,#7926,#7929,#7932,#7935,#7938,#7941,#7944,#7947,#7950,#7953,#7956,#7959,#7962,#7965,#7968,#7971,#7974,#7977,#7980,#7983,#7986,#7989,#7992,#7995,#7998,#8001,#8004,#8007,#8010,#8013,#8016,#8019,#8022,#8025,#8028,#8031,#8034,#8037,#8040,#8043,#8046,#8049,#8052,#8055,#8058,#8061,#8064,#8067,#8070,#8073,#8076,#8079,#8082,#8085,#8088,#8091,#8094,#8097,#8100,#8103,#8106,#8109,#8112,#8115,#8118,#8121,#8124,#8127,#8130,#8133,#8136,#8139,#8142,#8145,#8148,#8151,#8154,#8157,#8160,#8163,#8166,#8169,#8172,#8175,#8178,#8181,#8184,#8187,#8190,#8193,#8196,#8199,#8202,#8205,#8208,#8211,#8214,#8217,#8220,#8223,#8226,#8229,#8232,#8235,#8238,#8241,#8244,#8247,#8250,#8253,#8256,#8259,#8262,#8265,#8268,#8271,#8274,#8277,#8280,#8283,#8286,#8289,#8292,#8295,#8298,#8301,#8304,#8307,#8310,#8313,#8316,#8319,#8322,#8325,#8328,#8331,#8334,#8337,#8340,#8343,#8346,#8349,#8352,#8355,#8358,#8361,#8364,#8367,#8370,#8373,#8376,#8379,#8382,#8385,#8388,#8391,#8394,#8397,#8400,#8403,#8406,#8409,#8412,#8415,#8418,#8421,#8424,#8427,#8430,#8433,#8436,#8439,#8442,#8445,#8448,#8451,#8454,#8457,#8460,#8463,#8466,#8469,#8472,#8475,#8478,#8481,#8484,#8487,#8490,#8493,#8496,#8499,#8502,#8505,#8508,#8511,#8514,#8517,#8520,#8523,#8526,#8529,#8532,#8535,#8538,#8541,#8544,#8547,#8550));
#8588=IFCFACETEDBREP(#8587);
#8589=IFCSTYLEDITEM(#8588,(#8576),$);
#8590=IFCSHAPEREPRESENTATION(#24,'Body','Brep',(#8552,#8558,#8561,#8564,#8567,#8573,#8579,#8585,#8588));
#8591=IFCAXIS2PLACEMENT3D(#3,$,$);
#8592=IFCREPRESENTATIONMAP(#8591,#8590);
#8593=IFCDOORLININGPROPERTIES('0NHXowVlLAMxbt4g48$mlJ',#18,'M_Door-Passage-Single-Vision_Lite:750 x 2000mm:1620114',$,$,$,$,$,$,$,$,$,$,$,$,$,$);
#8594=IFCDOORPANELPROPERTIES('0NHXowVlLAMxbt4g88$mlJ',#18,'M_Door-Passage-Single-Vision_Lite:750 x 2000mm:1620114:1',$,$,.SWINGING.,$,.NOTDEFINED.,$);
#8595=IFCDOORTYPE('2ujLvQ7bf3WkL5U91ln8sA',#18,'M_Door-Passage-Single-Vision_Lite:750 x 2000mm',$,$,(#8593,#8594),(#8592),'1457080',$,.DOOR.,.SINGLE_SWING_RIGHT.,.F.,$);
#8596=IFCMATERIAL('Aluminum',$,'Metal');
#8597=IFCSTYLEDITEM($,(#8555),$);
#8598=IFCSTYLEDREPRESENTATION(#22,'Style','Material',(#8597));
#8599=IFCMATERIALDEFINITIONREPRESENTATION($,$,(#8598),#8596);
#8600=IFCMATERIAL('Wood - Birch',$,'Wood');
#8601=IFCCOLOURRGB($,0.470588235294118,0.470588235294118,0.470588235294118);
#8602=IFCCURVESTYLEFONTPATTERN(317.5,2857.5);
#8603=IFCCURVESTYLEFONT('Wood 4:1',(#8602));
#8604=IFCCURVESTYLE('Wood 4:1',#8603,$,#8601,$);
#8605=IFCCARTESIANPOINT((2082.79994364401,2006.60007514131));
#8606=IFCFILLAREASTYLEHATCHING(#8604,IFCPOSITIVELENGTHMEASURE(127.),$,#8605,216.8699);
#8607=IFCCURVESTYLEFONTPATTERN(709.95159,709.95159);
#8608=IFCCURVESTYLEFONT('Wood 4:2',(#8607));
#8609=IFCCURVESTYLE('Wood 4:2',#8608,$,#8601,$);
#8610=IFCCARTESIANPOINT((-126.999796601473,63.499290054133));
#8611=IFCFILLAREASTYLEHATCHING(#8609,IFCPOSITIVELENGTHMEASURE(283.98089),$,#8610,206.5651);
#8612=IFCCURVESTYLEFONTPATTERN(401.60956,1606.43697);
#8613=IFCCURVESTYLEFONT('Wood 4:3',(#8612));
#8614=IFCCURVESTYLE('Wood 4:3',#8613,$,#8601,$);
#8615=IFCCARTESIANPOINT((-698.50016062229,-317.498790982069));
#8616=IFCFILLAREASTYLEHATCHING(#8614,IFCPOSITIVELENGTHMEASURE(200.80478),$,#8615,198.4349);
#8617=IFCFILLAREASTYLE('Wood 4',(#8606,#8611,#8616),$);
#8618=IFCSTYLEDITEM($,(#8570,#8617),$);
#8619=IFCSTYLEDREPRESENTATION(#22,'Style','Material and Cut Pattern',(#8618));
#8620=IFCMATERIALDEFINITIONREPRESENTATION($,$,(#8619),#8600);
#8621=IFCMATERIAL('Metal - Paint Finish - Grey',$,'Paint');
#8622=IFCSTYLEDITEM($,(#8576),$);
#8623=IFCSTYLEDREPRESENTATION(#22,'Style','Material',(#8622));
#8624=IFCMATERIALDEFINITIONREPRESENTATION($,$,(#8623),#8621);
#8625=IFCMATERIAL('Glass',$,'Glass');
#8626=IFCSTYLEDITEM($,(#8582),$);
#8627=IFCSTYLEDREPRESENTATION(#22,'Style','Material',(#8626));
#8628=IFCMATERIALDEFINITIONREPRESENTATION($,$,(#8627),#8625);
#8629=IFCMATERIALCONSTITUENT('Hardware',$,#8596,$,'Metal');
#8630=IFCSHAPEREPRESENTATION(#24,'Body','Brep',(#8552,#8558,#8561,#8564));
#8631=IFCSHAPEASPECT((#8630),'Hardware',$,.U.,#8592);
#8632=IFCMATERIALCONSTITUENT('Panel',$,#8600,$,'Wood');
#8633=IFCSHAPEREPRESENTATION(#24,'Body','Brep',(#8567));
#8634=IFCSHAPEASPECT((#8633),'Panel',$,.U.,#8592);
#8635=IFCMATERIALCONSTITUENT('Frame/Mullion',$,#8621,$,'Paint');
#8636=IFCSHAPEREPRESENTATION(#24,'Body','Brep',(#8573));
#8637=IFCSHAPEASPECT((#8636),'Frame/Mullion',$,.U.,#8592);
#8638=IFCMATERIALCONSTITUENT('Glass',$,#8625,$,'Glass');
#8639=IFCSHAPEREPRESENTATION(#24,'Body','Brep',(#8579));
#8640=IFCSHAPEASPECT((#8639),'Glass',$,.U.,#8592);
#8641=IFCMATERIALCONSTITUENT('Metal - Paint Finish - Grey',$,#8621,$,'Paint');
#8642=IFCSHAPEREPRESENTATION(#24,'Body','Brep',(#8585,#8588));
#8643=IFCSHAPEASPECT((#8642),'Metal - Paint Finish - Grey',$,.U.,#8592);
#8644=IFCMATERIALCONSTITUENTSET($,$,(#8629,#8632,#8635,#8638,#8641));
#8645=IFCCARTESIANTRANSFORMATIONOPERATOR3D($,$,#3,1.,$);
#8646=IFCMAPPEDITEM(#8592,#8645);
#8647=IFCSHAPEREPRESENTATION(#24,'Body','MappedRepresentation',(#8646));
#8648=IFCPRODUCTDEFINITIONSHAPE($,$,(#8647));
#8649=IFCCARTESIANPOINT((6650.,1475.,0.));
#8650=IFCAXIS2PLACEMENT3D(#8649,#9,#8);
#8652=IFCDOOR('0NHXowVlLAMxbt4g08$mlJ',#18,'M_Door-Passage-Single-Vision_Lite:750 x 2000mm:1620114',$,'M_Door-Passage-Single-Vision_Lite:750 x 2000mm',#17017,#8648,'1620114',2100.,850.,.DOOR.,.SINGLE_SWING_RIGHT.,$);
#8653=IFCMATERIALCONSTITUENT('Aluminum',$,#8596,$,'Metal');
#8654=IFCMATERIALCONSTITUENT('Wood - Birch',$,#8600,$,'Wood');
#8655=IFCMATERIALCONSTITUENT('Metal - Paint Finish - Grey',$,#8621,$,'Paint');
#8656=IFCMATERIALCONSTITUENT('Glass',$,#8625,$,'Glass');
#8657=IFCMATERIALCONSTITUENTSET($,$,(#8653,#8654,#8655,#8656));
#8658=IFCPROPERTYSINGLEVALUE('Reference',$,IFCIDENTIFIER('750 x 2000mm'),$);
#8659=IFCPROPERTYSET('0zRLtN$KDnsj4twzJRvv_z',#18,'Pset_DoorCommon',$,(#446,#8658));
#8660=IFCPROPERTYSET('2yAizNf9aVP37s79BpdIEx',#18,'Pset_EnvironmentalImpactIndicators',$,(#8658));
#8661=IFCRELDEFINESBYPROPERTIES('3mrEcBQjcNCbD_LZgX8Ho1',#18,$,$,(#8652),#8659);
#8662=IFCRELDEFINESBYPROPERTIES('3ZenGSPGwVrcVlohYzHpVc',#18,$,$,(#8652),#8660);
#8663=IFCCLASSIFICATIONREFERENCE('https://www.csiresources.org/standards/uniformat','B2030100','Glazed Doors & Entrances',#28,'',$);
#8664=IFCAXIS2PLACEMENT3D(#3,$,$);
#8666=IFCCARTESIANPOINT((-1.08002495835535E-12,-1.4210854715202E-14));
#8667=IFCAXIS2PLACEMENT2D(#8666,#11);
#8668=IFCRECTANGLEPROFILEDEF(.AREA.,'300 x 300 mm',#8667,299.999999999999,300.);
#8669=IFCCARTESIANPOINT((9900.,150.,0.));
#8670=IFCAXIS2PLACEMENT3D(#8669,#9,#6);
#8671=IFCEXTRUDEDAREASOLID(#8668,#8670,#9,2695.2);
#8672=IFCCOLOURRGB($,0.,0.,0.);
#8673=IFCSURFACESTYLERENDERING(#8672,0.,$,$,$,$,IFCNORMALISEDRATIOMEASURE(0.5),IFCSPECULAREXPONENT(64.),.NOTDEFINED.);
#8674=IFCSURFACESTYLE('Concrete, Cast-in-Place gray',.BOTH.,(#8673));
#8675=IFCSTYLEDITEM(#8671,(#8674),$);
#8676=IFCSHAPEREPRESENTATION(#24,'Body','SweptSolid',(#8671));
#8677=IFCAXIS2PLACEMENT3D(#3,$,$);
#8678=IFCREPRESENTATIONMAP(#8677,#8676);
#8679=IFCCOLUMNTYPE('2YBG8$weL8dfjf1ERiESPw',#18,'M_Concrete-Rectangular-Column:300 x 300 mm',$,$,(#8704),(#8678),'1599231',$,.COLUMN.);
#8680=IFCMATERIAL('Concrete, Cast-in-Place gray',$,'Concrete');
#8681=IFCCOLOURRGB($,1.,1.,1.);
#8682=IFCFILLAREASTYLE('<Solid fill>',(#8681),$);
#8683=IFCSTYLEDITEM($,(#8674,#8682),$);
#8684=IFCSTYLEDREPRESENTATION(#22,'Style','Material and Cut Pattern',(#8683));
#8685=IFCMATERIALDEFINITIONREPRESENTATION($,$,(#8684),#8680);
#8686=IFCMATERIALPROFILE('300 x 300 mm',$,#8680,#8668,$,$);
#8687=IFCMATERIALPROFILESET('300 x 300 mm',$,(#8686),$);
#8688=IFCMAPPEDITEM(#8678,#8645);
#8689=IFCSHAPEREPRESENTATION(#24,'Body','MappedRepresentation',(#8688));
#8690=IFCPRODUCTDEFINITIONSHAPE($,$,(#8689));
#8691=IFCAXIS2PLACEMENT3D(#3,$,$);
#8692=IFCLOCALPLACEMENT(#34,#8691);
#8693=IFCCOLUMN('2YBG8$weL8dfjf3ERiESPw',#18,'M_Concrete-Rectangular-Column:300 x 300 mm:1624017',$,'M_Concrete-Rectangular-Column:300 x 300 mm',#8692,#8690,'1624017',.COLUMN.);
#8694=IFCMATERIALPROFILESETUSAGE(#8687,$,$);
#8695=IFCPROPERTYSINGLEVALUE('Reference',$,IFCIDENTIFIER('300 x 300 mm'),$);
#8696=IFCPROPERTYSINGLEVALUE('LoadBearing',$,IFCBOOLEAN(.T.),$);
#8697=IFCPROPERTYSET('0JRNpUc3Bm03MNlLFNLc0g',#18,'Pset_ColumnCommon',$,(#45,#8695,#8696));
#8698=IFCPROPERTYSET('1qiLds4Wkhb5fGU0P0Vzj5',#18,'Pset_EnvironmentalImpactIndicators',$,(#8695));
#8699=IFCPROPERTYSINGLEVALUE('Reference',$,IFCLABEL('300 x 300 mm'),$);
#8700=IFCPROPERTYSET('2A53Lg6zbXFTkxzwu8h6gN',#18,'Pset_ReinforcementBarPitchOfColumn',$,(#8699));
#8701=IFCRELDEFINESBYPROPERTIES('2QhEH74vMutQ6aImBXGDwM',#18,$,$,(#8693),#8697);
#8702=IFCRELDEFINESBYPROPERTIES('012gcFzicaYg$0EajnpojM',#18,$,$,(#8693),#8698);
#8703=IFCRELDEFINESBYPROPERTIES('0H7hepNvhMOs8NcGuhFDVi',#18,$,$,(#8693),#8700);
#8704=IFCPROPERTYSET('2whjgZ4sGfNuTd3Hj68njc',#18,'Pset_ColumnCommon',$,(#8696));
#8705=IFCAXIS2PLACEMENT3D(#3,$,$);
#8706=IFCLOCALPLACEMENT(#38,#8705);
#8707=IFCCARTESIANPOINT((-7.27595761418343E-12,-8.18545231595635E-12));
#8708=IFCAXIS2PLACEMENT2D(#8707,#11);
#8709=IFCRECTANGLEPROFILEDEF(.AREA.,$,#8708,12000.,19150.);
#8710=IFCCARTESIANPOINT((9575.,6000.,0.));
#8711=IFCAXIS2PLACEMENT3D(#8710,#10,#7);
#8712=IFCEXTRUDEDAREASOLID(#8709,#8711,#9,304.8);
#8713=IFCCARTESIANPOINT((-2.27373675443232E-13,0.));
#8714=IFCAXIS2PLACEMENT2D(#8713,#11);
#8715=IFCRECTANGLEPROFILEDEF(.AREA.,$,#8714,4749.99999999996,8999.99999999999);
#8716=IFCCARTESIANPOINT((12900.,3875.,0.));
#8717=IFCAXIS2PLACEMENT3D(#8716,#10,#8);
#8718=IFCEXTRUDEDAREASOLID(#8715,#8717,#9,304.8);
#8719=IFCBOOLEANRESULT(.DIFFERENCE.,#8712,#8718);
#8720=IFCCOLOURRGB($,0.501960784313725,0.501960784313725,0.501960784313725);
#8721=IFCSURFACESTYLERENDERING(#8720,0.,$,$,$,$,IFCNORMALISEDRATIOMEASURE(0.5),IFCSPECULAREXPONENT(10.),.NOTDEFINED.);
#8722=IFCSURFACESTYLE('Default Floor',.BOTH.,(#8721));
#8723=IFCSTYLEDITEM(#8712,(#8722),$);
#8724=IFCSHAPEREPRESENTATION(#24,'Body','SweptSolid',(#8719));
#8725=IFCPRODUCTDEFINITIONSHAPE($,$,(#8724));
#8726=IFCSLAB('2YBG8$weL8dfjf3ERiESWr',#18,'Floor:Generic - 12":1624478',$,'Floor:Generic - 12"',#8706,#8725,'1624478',.FLOOR.);
#8727=IFCCARTESIANPOINT((-2.27373675443232E-13,4.54747350886464E-13));
#8728=IFCAXIS2PLACEMENT2D(#8727,#11);
#8729=IFCRECTANGLEPROFILEDEF(.AREA.,$,#8728,4749.99999999996,8999.99999999999);
#8730=IFCCARTESIANPOINT((12900.,3875.,-304.8));
#8731=IFCAXIS2PLACEMENT3D(#8730,#9,#8);
#8732=IFCEXTRUDEDAREASOLID(#8729,#8731,#9,304.8);
#8733=IFCSHAPEREPRESENTATION(#24,'Body','SweptSolid',(#8732));
#8734=IFCPRODUCTDEFINITIONSHAPE($,$,(#8733));
#8735=IFCAXIS2PLACEMENT3D(#3,$,$);
#8736=IFCLOCALPLACEMENT(#8706,#8735);
#8737=IFCOPENINGELEMENT('0KSmgsVKjxXyltuH04VUVe',#18,'Floor:Generic - 12":441449',$,$,#8736,#8734,'1624511',.OPENING.);
#8738=IFCRELVOIDSELEMENT('2Hy$ASUkKrXjcVnkPaqAcT',#18,$,$,#8726,#8737);
#8739=IFCSLABTYPE('1xZrMVYp52mhf4uMzw11Hi',#18,'Floor:Generic - 12"',$,$,(#8762),$,'441449',$,.FLOOR.);
#8740=IFCMATERIAL('Default Floor',$,'Miscellaneous');
#8741=IFCSTYLEDITEM($,(#8722),$);
#8742=IFCSTYLEDREPRESENTATION(#22,'Style','Material',(#8741));
#8743=IFCMATERIALDEFINITIONREPRESENTATION($,$,(#8742),#8740);
#8744=IFCMATERIALLAYER(#8740,304.8,$,'Layer',$,'Miscellaneous',$);
#8745=IFCMATERIALLAYERSET((#8744),'Floor:Generic - 12"',$);
#8746=IFCMATERIALLAYERSETUSAGE(#8745,.AXIS3.,.POSITIVE.,0.,$);
#8747=IFCPROPERTYSINGLEVALUE('Reference',$,IFCIDENTIFIER('Generic - 12"'),$);
#8748=IFCPROPERTYSET('3Wh1hwRq3mjAeQcdB_OxXY',#18,'Pset_EnvironmentalImpactIndicators',$,(#8747));
#8749=IFCPROPERTYSINGLEVALUE('Reference',$,IFCLABEL('Generic - 12"'),$);
#8750=IFCPROPERTYSET('1MfOTV85nKo6HaVec31nXJ',#18,'Pset_ReinforcementBarPitchOfSlab',$,(#8749));
#8751=IFCPROPERTYSINGLEVALUE('PitchAngle',$,IFCPLANEANGLEMEASURE(0.),$);
#8752=IFCPROPERTYSET('1WJbXwsrP0RtDSezYN0BFH',#18,'Pset_SlabCommon',$,(#45,#8696,#8747,#8751));
#8753=IFCPROPERTYSET('2aADNqtajLlPeyj0XGO2QM',#18,'Pset_EnvironmentalImpactIndicators',$,(#8747));
#8754=IFCPROPERTYSET('1haGbksoo5v2729R21dNh$',#18,'Pset_OpeningElementCommon',$,(#8747));
#8755=IFCRELDEFINESBYPROPERTIES('1Cxu67drKWdYdwRJ4wOqo9',#18,$,$,(#8726),#8748);
#8756=IFCRELDEFINESBYPROPERTIES('1ygQON_NBCXhHrgUxQy250',#18,$,$,(#8726),#8750);
#8757=IFCRELDEFINESBYPROPERTIES('04vsEbp48RXwRKKXfi1rVj',#18,$,$,(#8726),#8752);
#8758=IFCRELDEFINESBYPROPERTIES('0D8NdHSZ3Hg1vq5Jgo8cDV',#18,$,$,(#8737),#8753);
#8759=IFCRELDEFINESBYPROPERTIES('33rwZBhGVsYfRYMo4O1Llf',#18,$,$,(#8737),#8754);
#8760=IFCCLASSIFICATIONREFERENCE('https://www.csiresources.org/standards/uniformat','B1010','Floor Construction',#28,'',$);
#8761=IFCPROPERTYSINGLEVALUE('Description',$,IFCTEXT('Generic Floor (Material By Category), 12" thick'),$);
#8762=IFCPROPERTYSET('08jeqqdMvr9oQ2sJw84keo',#18,'Pset_ReinforcementBarPitchOfSlab',$,(#8761));
#8763=IFCCARTESIANPOINT((6900.,7875.,0.));
#8764=IFCAXIS2PLACEMENT3D(#8763,$,$);
#8765=IFCLOCALPLACEMENT(#34,#8764);
#8766=IFCCARTESIANPOINT((12000.,0.));
#8767=IFCPOLYLINE((#4,#8766));
#8768=IFCSHAPEREPRESENTATION(#23,'Axis','Curve2D',(#8767));
#8769=IFCCARTESIANPOINT((5999.99999999999,5.6843418860808E-13));
#8770=IFCAXIS2PLACEMENT2D(#8769,#11);
#8771=IFCRECTANGLEPROFILEDEF(.AREA.,$,#8770,12000.,249.999999999998);
#8772=IFCAXIS2PLACEMENT3D(#3,$,$);
#8773=IFCEXTRUDEDAREASOLID(#8771,#8772,#9,2700.);
#8774=IFCSTYLEDITEM(#8773,(#430),$);
#8775=IFCSHAPEREPRESENTATION(#24,'Body','SweptSolid',(#8773));
#8776=IFCPRODUCTDEFINITIONSHAPE($,$,(#8768,#8775));
#8777=IFCWALL('11BMJXjID8ivejS6zmMsyH',#18,'Basic Wall:Generic - 250mm:1624787',$,'Basic Wall:Generic - 250mm',#8765,#8776,'1624787',.NOTDEFINED.);
#8778=IFCPROPERTYSET('0fMpz0oN40EKFpzIpZem4R',#18,'Pset_EnvironmentalImpactIndicators',$,(#442));
#8779=IFCPROPERTYSINGLEVALUE('Reference',$,IFCLABEL('Generic - 250mm'),$);
#8780=IFCPROPERTYSET('2t0SR$q5xnYydHpu0ZCLql',#18,'Pset_ReinforcementBarPitchOfWall',$,(#8779));
#8781=IFCPROPERTYSINGLEVALUE('ExtendToStructure',$,IFCBOOLEAN(.F.),$);
#8782=IFCPROPERTYSET('2yoSSuDjd8OqoYabKC0x7g',#18,'Pset_WallCommon',$,(#442,#446,#447,#8781));
#8783=IFCRELDEFINESBYPROPERTIES('3dW9_zVx9HliiOD7cssbot',#18,$,$,(#8777),#8778);
#8784=IFCRELDEFINESBYPROPERTIES('25StmihaIUlBhS0P$8WFqZ',#18,$,$,(#8777),#8780);
#8785=IFCRELDEFINESBYPROPERTIES('0DSEf_iN1oI_tVjFScvBO9',#18,$,$,(#8777),#8782);
#8786=IFCCARTESIANPOINT((6650.,5075.,0.));
#8787=IFCAXIS2PLACEMENT3D(#8786,#9,#6);
#8788=IFCLOCALPLACEMENT(#34,#8787);
#8789=IFCCARTESIANPOINT((6400.,0.));
#8790=IFCPOLYLINE((#4,#8789));
#8791=IFCSHAPEREPRESENTATION(#23,'Axis','Curve2D',(#8790));
#8792=IFCCARTESIANPOINT((3200.,0.));
#8793=IFCAXIS2PLACEMENT2D(#8792,#12);
#8794=IFCRECTANGLEPROFILEDEF(.AREA.,$,#8793,6400.,249.999999999999);
#8795=IFCAXIS2PLACEMENT3D(#3,$,$);
#8796=IFCEXTRUDEDAREASOLID(#8794,#8795,#9,2700.);
#8797=IFCSTYLEDITEM(#8796,(#430),$);
#8798=IFCSHAPEREPRESENTATION(#24,'Body','SweptSolid',(#8796));
#8799=IFCPRODUCTDEFINITIONSHAPE($,$,(#8791,#8798));
#8800=IFCWALL('11BMJXjID8ivejS6zmMsvh',#18,'Basic Wall:Generic - 250mm:1625001',$,'Basic Wall:Generic - 250mm',#8788,#8799,'1625001',.NOTDEFINED.);
#8801=IFCPROPERTYSET('1yiHY_z4BrJVFCXS64H0_0',#18,'Pset_EnvironmentalImpactIndicators',$,(#442));
#8802=IFCPROPERTYSINGLEVALUE('Reference',$,IFCLABEL('Generic - 250mm'),$);
#8803=IFCPROPERTYSET('0XIp5Z10Fo230swMFr4iKS',#18,'Pset_ReinforcementBarPitchOfWall',$,(#8802));
#8804=IFCPROPERTYSET('34OYDLNIBFc7T26ljP93d$',#18,'Pset_WallCommon',$,(#442,#446,#447,#8781));
#8805=IFCRELDEFINESBYPROPERTIES('1heXsx1RtWp4ONsipndfqA',#18,$,$,(#8800),#8801);
#8806=IFCRELDEFINESBYPROPERTIES('0iCjs8jpC5RJdmOnxnrIVc',#18,$,$,(#8800),#8803);
#8807=IFCRELDEFINESBYPROPERTIES('1ijXjT2sMex1h832smLF9Z',#18,$,$,(#8800),#8804);
#8808=IFCCARTESIANPOINT((11475.,8000.,0.));
#8809=IFCAXIS2PLACEMENT3D(#8808,#9,#7);
#8810=IFCLOCALPLACEMENT(#34,#8809);
#8811=IFCCARTESIANPOINT((3750.,-0.));
#8812=IFCPOLYLINE((#4,#8811));
#8813=IFCSHAPEREPRESENTATION(#23,'Axis','Curve2D',(#8812));
#8814=IFCCARTESIANPOINT((1875.00000000001,-1.06581410364015E-13));
#8815=IFCAXIS2PLACEMENT2D(#8814,#11);
#8816=IFCRECTANGLEPROFILEDEF(.AREA.,$,#8815,3750.00000000002,249.999999999999);
#8817=IFCAXIS2PLACEMENT3D(#3,$,$);
#8818=IFCEXTRUDEDAREASOLID(#8816,#8817,#9,2700.);
#8819=IFCSTYLEDITEM(#8818,(#430),$);
#8820=IFCSHAPEREPRESENTATION(#24,'Body','SweptSolid',(#8818));
#8821=IFCPRODUCTDEFINITIONSHAPE($,$,(#8813,#8820));
#8822=IFCWALL('11BMJXjID8ivejS6zmMsbs',#18,'Basic Wall:Generic - 250mm:1625268',$,'Basic Wall:Generic - 250mm',#8810,#8821,'1625268',.NOTDEFINED.);
#8823=IFCPROPERTYSET('1nm1F1kgXD_oCa5ia2CmZF',#18,'Pset_EnvironmentalImpactIndicators',$,(#442));
#8824=IFCPROPERTYSINGLEVALUE('Reference',$,IFCLABEL('Generic - 250mm'),$);
#8825=IFCPROPERTYSET('26ylVkn25pf76jhl3TRyAq',#18,'Pset_ReinforcementBarPitchOfWall',$,(#8824));
#8826=IFCPROPERTYSET('2hQHRhkx7$xDMTr1rXsN4F',#18,'Pset_WallCommon',$,(#442,#446,#447,#8781));
#8827=IFCRELDEFINESBYPROPERTIES('2oN3sqZXJyB_TUbUEpa0Md',#18,$,$,(#8822),#8823);
#8828=IFCRELDEFINESBYPROPERTIES('1Qi4ksm52esUP_6zK9pkAW',#18,$,$,(#8822),#8825);
#8829=IFCRELDEFINESBYPROPERTIES('2EbJCHTayJ38I__7SBEq6J',#18,$,$,(#8822),#8826);
#8830=IFCCARTESIANPOINT((15825.,8000.,0.));
#8831=IFCAXIS2PLACEMENT3D(#8830,#9,#7);
#8832=IFCLOCALPLACEMENT(#34,#8831);
#8833=IFCCARTESIANPOINT((3750.,-0.));
#8834=IFCPOLYLINE((#4,#8833));
#8835=IFCSHAPEREPRESENTATION(#23,'Axis','Curve2D',(#8834));
#8836=IFCCARTESIANPOINT((1875.00000000002,-1.06581410364015E-13));
#8837=IFCAXIS2PLACEMENT2D(#8836,#11);
#8838=IFCRECTANGLEPROFILEDEF(.AREA.,$,#8837,3750.00000000004,249.999999999999);
#8839=IFCAXIS2PLACEMENT3D(#3,$,$);
#8840=IFCEXTRUDEDAREASOLID(#8838,#8839,#9,2700.);
#8841=IFCSTYLEDITEM(#8840,(#430),$);
#8842=IFCSHAPEREPRESENTATION(#24,'Body','SweptSolid',(#8840));
#8843=IFCPRODUCTDEFINITIONSHAPE($,$,(#8835,#8842));
#8844=IFCWALL('11BMJXjID8ivejS6zmMsYF',#18,'Basic Wall:Generic - 250mm:1625421',$,'Basic Wall:Generic - 250mm',#8832,#8843,'1625421',.NOTDEFINED.);
#8845=IFCPROPERTYSET('1fo4h67M04rhtwbQuPxGhG',#18,'Pset_EnvironmentalImpactIndicators',$,(#442));
#8846=IFCPROPERTYSINGLEVALUE('Reference',$,IFCLABEL('Generic - 250mm'),$);
#8847=IFCPROPERTYSET('1Xz9ijvClKVS7XV4tmOELo',#18,'Pset_ReinforcementBarPitchOfWall',$,(#8846));
#8848=IFCPROPERTYSET('2_ad36R0D$VVwmomW9hoJM',#18,'Pset_WallCommon',$,(#442,#446,#447,#8781));
#8849=IFCRELDEFINESBYPROPERTIES('3KeJGoc2FeooTsMrLvLUtx',#18,$,$,(#8844),#8845);
#8850=IFCRELDEFINESBYPROPERTIES('0TUtNcQjnhcG6Z___vFeRw',#18,$,$,(#8844),#8847);
#8851=IFCRELDEFINESBYPROPERTIES('3Xmyr4Hv1wo455B7YOGt6g',#18,$,$,(#8844),#8848);
#8852=IFCAXIS2PLACEMENT3D(#3,$,$);
#8854=IFCCARTESIANPOINT((1.08002495835535E-12,1.4210854715202E-14));
#8855=IFCAXIS2PLACEMENT2D(#8854,#11);
#8856=IFCRECTANGLEPROFILEDEF(.AREA.,'300 x 300 mm',#8855,299.999999999999,300.);
#8857=IFCCARTESIANPOINT((12900.,150.,0.));
#8858=IFCAXIS2PLACEMENT3D(#8857,#9,#6);
#8859=IFCEXTRUDEDAREASOLID(#8856,#8858,#9,2695.2);
#8860=IFCSTYLEDITEM(#8859,(#8674),$);
#8861=IFCSHAPEREPRESENTATION(#24,'Body','SweptSolid',(#8859));
#8862=IFCAXIS2PLACEMENT3D(#3,$,$);
#8863=IFCREPRESENTATIONMAP(#8862,#8861);
#8864=IFCCOLUMNTYPE('11BMJXjID8ivejU6zmMt6a',#18,'M_Concrete-Rectangular-Column:300 x 300 mm',$,$,(#8878),(#8863),'1599231',$,.COLUMN.);
#8865=IFCMAPPEDITEM(#8863,#8645);
#8866=IFCSHAPEREPRESENTATION(#24,'Body','MappedRepresentation',(#8865));
#8867=IFCPRODUCTDEFINITIONSHAPE($,$,(#8866));
#8868=IFCAXIS2PLACEMENT3D(#3,$,$);
#8869=IFCLOCALPLACEMENT(#34,#8868);
#8870=IFCCOLUMN('11BMJXjID8ivejS6zmMt6a',#18,'M_Concrete-Rectangular-Column:300 x 300 mm:1627238',$,'M_Concrete-Rectangular-Column:300 x 300 mm',#8869,#8867,'1627238',.COLUMN.);
#8871=IFCPROPERTYSET('0BFo8k_Cr0LHWGuDudy1C9',#18,'Pset_ColumnCommon',$,(#45,#8695,#8696));
#8872=IFCPROPERTYSET('3Ykas5jZYzqqwgvnPxiXus',#18,'Pset_EnvironmentalImpactIndicators',$,(#8695));
#8873=IFCPROPERTYSINGLEVALUE('Reference',$,IFCLABEL('300 x 300 mm'),$);
#8874=IFCPROPERTYSET('2lfN2OOoS9IDFCKnLmG9j7',#18,'Pset_ReinforcementBarPitchOfColumn',$,(#8873));
#8875=IFCRELDEFINESBYPROPERTIES('3Q3AMz_AuCiLDIoX5XAQnT',#18,$,$,(#8870),#8871);
#8876=IFCRELDEFINESBYPROPERTIES('1xjYCaJOVrC1kO_Oqzl$df',#18,$,$,(#8870),#8872);
#8877=IFCRELDEFINESBYPROPERTIES('3dSgvZ5WvCdC2vTCRUgVBv',#18,$,$,(#8870),#8874);
#8878=IFCPROPERTYSET('3RUWpB4WGysg12IW1bCcob',#18,'Pset_ColumnCommon',$,(#8696));
#8879=IFCAXIS2PLACEMENT3D(#3,$,$);
#8881=IFCCARTESIANPOINT((-1.08002495835535E-12,-1.4210854715202E-14));
#8882=IFCAXIS2PLACEMENT2D(#8881,#11);
#8883=IFCRECTANGLEPROFILEDEF(.AREA.,'300 x 300 mm',#8882,299.999999999999,300.);
#8884=IFCCARTESIANPOINT((15900.,150.,0.));
#8885=IFCAXIS2PLACEMENT3D(#8884,#9,#6);
#8886=IFCEXTRUDEDAREASOLID(#8883,#8885,#9,2695.2);
#8887=IFCSTYLEDITEM(#8886,(#8674),$);
#8888=IFCSHAPEREPRESENTATION(#24,'Body','SweptSolid',(#8886));
#8889=IFCAXIS2PLACEMENT3D(#3,$,$);
#8890=IFCREPRESENTATIONMAP(#8889,#8888);
#8891=IFCCOLUMNTYPE('11BMJXjID8ivejU6zmMt6q',#18,'M_Concrete-Rectangular-Column:300 x 300 mm',$,$,(#8905),(#8890),'1599231',$,.COLUMN.);
#8892=IFCMAPPEDITEM(#8890,#8645);
#8893=IFCSHAPEREPRESENTATION(#24,'Body','MappedRepresentation',(#8892));
#8894=IFCPRODUCTDEFINITIONSHAPE($,$,(#8893));
#8895=IFCAXIS2PLACEMENT3D(#3,$,$);
#8896=IFCLOCALPLACEMENT(#34,#8895);
#8897=IFCCOLUMN('11BMJXjID8ivejS6zmMt6q',#18,'M_Concrete-Rectangular-Column:300 x 300 mm:1627254',$,'M_Concrete-Rectangular-Column:300 x 300 mm',#8896,#8894,'1627254',.COLUMN.);
#8898=IFCPROPERTYSET('3dvai0kfe4K2Ky53KI$VXf',#18,'Pset_ColumnCommon',$,(#45,#8695,#8696));
#8899=IFCPROPERTYSET('28T7ptfYoqcQgHcKFlDXfd',#18,'Pset_EnvironmentalImpactIndicators',$,(#8695));
#8900=IFCPROPERTYSINGLEVALUE('Reference',$,IFCLABEL('300 x 300 mm'),$);
#8901=IFCPROPERTYSET('1CLGlLIvPm1D7SwCuYZLSV',#18,'Pset_ReinforcementBarPitchOfColumn',$,(#8900));
#8902=IFCRELDEFINESBYPROPERTIES('36g05QMJafggosw2R9E8Qb',#18,$,$,(#8897),#8898);
#8903=IFCRELDEFINESBYPROPERTIES('342ftp4_dNPNq0ULjEtiQb',#18,$,$,(#8897),#8899);
#8904=IFCRELDEFINESBYPROPERTIES('3OSwjC_Uy84TvU3_DfZj0w',#18,$,$,(#8897),#8901);
#8905=IFCPROPERTYSET('2r7OdtYmUM8OVHh0u9mff8',#18,'Pset_ColumnCommon',$,(#8696));
#8906=IFCMAPPEDITEM(#8592,#8645);
#8907=IFCSHAPEREPRESENTATION(#24,'Body','MappedRepresentation',(#8906));
#8908=IFCPRODUCTDEFINITIONSHAPE($,$,(#8907));
#8909=IFCCARTESIANPOINT((6650.,6900.,0.));
#8910=IFCAXIS2PLACEMENT3D(#8909,#9,#8);
#8912=IFCDOOR('11BMJXjID8ivejS6zmMt5u',#18,'M_Door-Passage-Single-Vision_Lite:750 x 2000mm:1627322',$,'M_Door-Passage-Single-Vision_Lite:750 x 2000mm',#17032,#8908,'1627322',2100.,850.000000000001,.DOOR.,.SINGLE_SWING_RIGHT.,$);
#8913=IFCMATERIALCONSTITUENT('Aluminum',$,#8596,$,'Metal');
#8914=IFCMATERIALCONSTITUENT('Wood - Birch',$,#8600,$,'Wood');
#8915=IFCMATERIALCONSTITUENT('Metal - Paint Finish - Grey',$,#8621,$,'Paint');
#8916=IFCMATERIALCONSTITUENT('Glass',$,#8625,$,'Glass');
#8917=IFCMATERIALCONSTITUENTSET($,$,(#8913,#8914,#8915,#8916));
#8918=IFCPROPERTYSET('02xzBMyZ6oRpZsIIGBdy6w',#18,'Pset_DoorCommon',$,(#446,#8658));
#8919=IFCPROPERTYSET('2aLN$2NBrqS_BzQx11TYsK',#18,'Pset_EnvironmentalImpactIndicators',$,(#8658));
#8920=IFCRELDEFINESBYPROPERTIES('3U1JmL_Ir4H7rKHcKBVpei',#18,$,$,(#8912),#8918);
#8921=IFCRELDEFINESBYPROPERTIES('3WPS_pC9BVLj0BYUV0Ht3n',#18,$,$,(#8912),#8919);
#8922=IFCMAPPEDITEM(#8592,#8645);
#8923=IFCSHAPEREPRESENTATION(#24,'Body','MappedRepresentation',(#8922));
#8924=IFCPRODUCTDEFINITIONSHAPE($,$,(#8923));
#8925=IFCCARTESIANPOINT((10000.,7750.,0.));
#8926=IFCAXIS2PLACEMENT3D(#8925,$,$);
#8928=IFCDOOR('11BMJXjID8ivejS6zmMt4y',#18,'M_Door-Passage-Single-Vision_Lite:750 x 2000mm:1627390',$,'M_Door-Passage-Single-Vision_Lite:750 x 2000mm',#17047,#8924,'1627390',2100.,850.,.DOOR.,.SINGLE_SWING_RIGHT.,$);
#8929=IFCMATERIALCONSTITUENT('Aluminum',$,#8596,$,'Metal');
#8930=IFCMATERIALCONSTITUENT('Wood - Birch',$,#8600,$,'Wood');
#8931=IFCMATERIALCONSTITUENT('Metal - Paint Finish - Grey',$,#8621,$,'Paint');
#8932=IFCMATERIALCONSTITUENT('Glass',$,#8625,$,'Glass');
#8933=IFCMATERIALCONSTITUENTSET($,$,(#8929,#8930,#8931,#8932));
#8934=IFCPROPERTYSET('1M45Fb6TnIX4rchAU2gNV4',#18,'Pset_DoorCommon',$,(#446,#8658));
#8935=IFCPROPERTYSET('0NnlPqKS88pWYytxzqn3OQ',#18,'Pset_EnvironmentalImpactIndicators',$,(#8658));
#8936=IFCRELDEFINESBYPROPERTIES('1zb9qMe9IJp$iPK2Trwjq8',#18,$,$,(#8928),#8934);
#8937=IFCRELDEFINESBYPROPERTIES('33m$mDzmgG9Lkvx6XIf5xq',#18,$,$,(#8928),#8935);
#8938=IFCMAPPEDITEM(#8592,#8645);
#8939=IFCSHAPEREPRESENTATION(#24,'Body','MappedRepresentation',(#8938));
#8940=IFCPRODUCTDEFINITIONSHAPE($,$,(#8939));
#8941=IFCCARTESIANPOINT((11350.,9750.,0.));
#8942=IFCAXIS2PLACEMENT3D(#8941,#9,#8);
#8944=IFCDOOR('11BMJXjID8ivejS6zmMt16',#18,'M_Door-Passage-Single-Vision_Lite:750 x 2000mm:1627524',$,'M_Door-Passage-Single-Vision_Lite:750 x 2000mm',#17078,#8940,'1627524',2100.,850.000000000001,.DOOR.,.SINGLE_SWING_RIGHT.,$);
#8945=IFCMATERIALCONSTITUENT('Aluminum',$,#8596,$,'Metal');
#8946=IFCMATERIALCONSTITUENT('Wood - Birch',$,#8600,$,'Wood');
#8947=IFCMATERIALCONSTITUENT('Metal - Paint Finish - Grey',$,#8621,$,'Paint');
#8948=IFCMATERIALCONSTITUENT('Glass',$,#8625,$,'Glass');
#8949=IFCMATERIALCONSTITUENTSET($,$,(#8945,#8946,#8947,#8948));
#8950=IFCPROPERTYSET('07JCbEB0i7$pciLRQ$byEL',#18,'Pset_DoorCommon',$,(#446,#8658));
#8951=IFCPROPERTYSET('26B6JFyf7ZbC$w9Yod$Id8',#18,'Pset_EnvironmentalImpactIndicators',$,(#8658));
#8952=IFCRELDEFINESBYPROPERTIES('2tnYEXt0WRuHX02_dqUGhh',#18,$,$,(#8944),#8950);
#8953=IFCRELDEFINESBYPROPERTIES('1BhbMdOukwncdbO313MaN_',#18,$,$,(#8944),#8951);
#8954=IFCCARTESIANPOINT((734.99062500002,184.699999999999,1000.));
#8955=IFCCARTESIANPOINT((734.649883262911,184.699999999999,997.411809548975));
#8956=IFCCARTESIANPOINT((733.650879037864,184.699999999999,995.));
#8957=IFCCARTESIANPOINT((732.061692811885,184.699999999999,992.928932188135));
#8958=IFCCARTESIANPOINT((729.99062500002,184.699999999999,991.339745962156));
#8959=IFCCARTESIANPOINT((727.578815451045,184.699999999999,990.340741737109));
#8960=IFCCARTESIANPOINT((724.99062500002,184.699999999999,990.));
#8961=IFCCARTESIANPOINT((722.402434548995,184.699999999999,990.340741737109));
#8962=IFCCARTESIANPOINT((719.99062500002,184.699999999999,991.339745962155));
#8963=IFCCARTESIANPOINT((717.919557188154,184.699999999999,992.928932188134));
#8964=IFCCARTESIANPOINT((716.330370962175,184.699999999999,995.));
#8965=IFCCARTESIANPOINT((715.331366737129,184.699999999999,997.411809548974));
#8966=IFCCARTESIANPOINT((714.99062500002,184.699999999999,1000.));
#8967=IFCCARTESIANPOINT((715.331366737129,184.699999999999,1002.58819045103));
#8968=IFCCARTESIANPOINT((716.330370962175,184.699999999999,1005.));
#8969=IFCCARTESIANPOINT((717.919557188154,184.699999999999,1007.07106781187));
#8970=IFCCARTESIANPOINT((719.99062500002,184.699999999999,1008.66025403784));
#8971=IFCCARTESIANPOINT((722.402434548994,184.699999999999,1009.65925826289));
#8972=IFCCARTESIANPOINT((724.99062500002,184.699999999999,1010.));
#8973=IFCCARTESIANPOINT((727.578815451045,184.699999999999,1009.65925826289));
#8974=IFCCARTESIANPOINT((729.99062500002,184.699999999999,1008.66025403784));
#8975=IFCCARTESIANPOINT((732.061692811885,184.699999999999,1007.07106781187));
#8976=IFCCARTESIANPOINT((733.650879037864,184.699999999999,1005.));
#8977=IFCCARTESIANPOINT((734.649883262911,184.699999999999,1002.58819045103));
#8978=IFCCARTESIANPOINT((734.99062500002,154.699999999999,1000.));
#8979=IFCCARTESIANPOINT((734.649883262911,154.699999999999,997.411809548975));
#8980=IFCCARTESIANPOINT((733.650879037864,154.699999999999,995.));
#8981=IFCCARTESIANPOINT((732.061692811885,154.699999999999,992.928932188135));
#8982=IFCCARTESIANPOINT((729.99062500002,154.699999999999,991.339745962156));
#8983=IFCCARTESIANPOINT((727.578815451045,154.699999999999,990.340741737109));
#8984=IFCCARTESIANPOINT((724.99062500002,154.699999999999,990.));
#8985=IFCCARTESIANPOINT((722.402434548995,154.699999999999,990.340741737109));
#8986=IFCCARTESIANPOINT((719.99062500002,154.699999999999,991.339745962155));
#8987=IFCCARTESIANPOINT((717.919557188154,154.699999999999,992.928932188134));
#8988=IFCCARTESIANPOINT((716.330370962175,154.699999999999,995.));
#8989=IFCCARTESIANPOINT((715.331366737129,154.699999999999,997.411809548974));
#8990=IFCCARTESIANPOINT((714.99062500002,154.699999999999,1000.));
#8991=IFCCARTESIANPOINT((715.331366737129,154.699999999999,1002.58819045103));
#8992=IFCCARTESIANPOINT((716.330370962175,154.699999999999,1005.));
#8993=IFCCARTESIANPOINT((717.919557188154,154.699999999999,1007.07106781187));
#8994=IFCCARTESIANPOINT((719.99062500002,154.699999999999,1008.66025403784));
#8995=IFCCARTESIANPOINT((722.402434548994,154.699999999999,1009.65925826289));
#8996=IFCCARTESIANPOINT((724.99062500002,154.699999999999,1010.));
#8997=IFCCARTESIANPOINT((727.578815451045,154.699999999999,1009.65925826289));
#8998=IFCCARTESIANPOINT((729.99062500002,154.699999999999,1008.66025403784));
#8999=IFCCARTESIANPOINT((732.061692811885,154.699999999999,1007.07106781187));
#9000=IFCCARTESIANPOINT((733.650879037864,154.699999999999,1005.));
#9001=IFCCARTESIANPOINT((734.649883262911,154.699999999999,1002.58819045103));
#9002=IFCCARTESIANPOINT((709.990625000013,149.699999999992,1000.));
#9003=IFCCARTESIANPOINT((713.52615890595,151.164466094062,1000.));
#9004=IFCCARTESIANPOINT((731.64126009463,142.199999999996,1000.));
#9005=IFCCARTESIANPOINT((722.490625000016,133.049364905382,1000.));
#9006=IFCCARTESIANPOINT((709.990625000013,129.699999999992,1000.));
#9007=IFCCARTESIANPOINT((709.990625000013,130.040741737102,997.411809548975));
#9008=IFCCARTESIANPOINT((709.990625000013,131.039745962148,995.));
#9009=IFCCARTESIANPOINT((709.990625000013,132.628932188127,992.928932188134));
#9010=IFCCARTESIANPOINT((709.990625000013,134.699999999992,991.339745962155));
#9011=IFCCARTESIANPOINT((709.990625000013,137.111809548967,990.340741737109));
#9012=IFCCARTESIANPOINT((709.990625000013,139.699999999992,990.));
#9013=IFCCARTESIANPOINT((709.990625000013,142.288190451017,990.340741737109));
#9014=IFCCARTESIANPOINT((709.990625000013,144.699999999992,991.339745962155));
#9015=IFCCARTESIANPOINT((709.990625000013,146.771067811858,992.928932188134));
#9016=IFCCARTESIANPOINT((709.990625000013,148.360254037837,995.));
#9017=IFCCARTESIANPOINT((709.990625000013,149.359258262883,997.411809548974));
#9018=IFCCARTESIANPOINT((733.284807456536,148.333802259273,1000.));
#9019=IFCCARTESIANPOINT((716.356822781358,131.405817554361,1000.));
#9020=IFCCARTESIANPOINT((734.137716228278,151.516901129636,1000.));
#9021=IFCCARTESIANPOINT((713.173723890686,130.552908777176,1000.));
#9022=IFCCARTESIANPOINT((734.564170614149,153.108450564818,1000.));
#9023=IFCCARTESIANPOINT((711.582174445349,130.126454388584,1000.));
#9024=IFCCARTESIANPOINT((727.065942547323,137.624682452689,1000.));
#9025=IFCCARTESIANPOINT((719.528296895154,140.9470849533,990.151922655303));
#9026=IFCCARTESIANPOINT((723.743539411885,145.162328830187,990.151922490436));
#9027=IFCCARTESIANPOINT((732.463033775583,145.266901129635,1000.));
#9028=IFCCARTESIANPOINT((717.001242809246,136.029623681703,991.307206842549));
#9029=IFCCARTESIANPOINT((726.025711713699,148.116124412886,990.276218677195));
#9030=IFCCARTESIANPOINT((730.018962740416,148.739864479366,991.923303103072));
#9031=IFCCARTESIANPOINT((714.009082537887,147.323630634516,992.487405404095));
#9032=IFCCARTESIANPOINT((717.366994658077,150.681542384876,992.487405145908));
#9033=IFCCARTESIANPOINT((718.491907932886,146.198717405383,990.453520847801));
#9034=IFCCARTESIANPOINT((724.911134638691,140.028238130463,991.94476265457));
#9035=IFCCARTESIANPOINT((719.423723890687,132.227591229871,1000.));
#9036=IFCCARTESIANPOINT((724.77828377367,135.337023679036,1000.));
#9037=IFCCARTESIANPOINT((729.353601320977,139.912341226342,1000.));
#9038=IFCCARTESIANPOINT((709.990625000013,149.359258262883,1002.58819045102));
#9039=IFCCARTESIANPOINT((709.990625000013,148.360254037837,1005.));
#9040=IFCCARTESIANPOINT((709.990625000013,146.771067811858,1007.07106781187));
#9041=IFCCARTESIANPOINT((709.990625000013,144.699999999992,1008.66025403784));
#9042=IFCCARTESIANPOINT((709.990625000013,142.288190451018,1009.65925826289));
#9043=IFCCARTESIANPOINT((709.990625000013,139.699999999992,1010.));
#9044=IFCCARTESIANPOINT((709.990625000013,137.111809548967,1009.65925826289));
#9045=IFCCARTESIANPOINT((709.990625000013,134.699999999992,1008.66025403784));
#9046=IFCCARTESIANPOINT((709.990625000013,132.628932188127,1007.07106781187));
#9047=IFCCARTESIANPOINT((709.990625000013,131.039745962148,1005.));
#9048=IFCCARTESIANPOINT((709.990625000013,130.040741737102,1002.58819045103));
#9049=IFCCARTESIANPOINT((723.743539411997,145.162328830068,1009.84807750954));
#9050=IFCCARTESIANPOINT((719.528296895613,140.94708495319,1009.84807734463));
#9051=IFCCARTESIANPOINT((717.00124280933,136.029623681667,1008.69279315741));
#9052=IFCCARTESIANPOINT((726.02571171372,148.116124412857,1009.7237813228));
#9053=IFCCARTESIANPOINT((730.018962740422,148.739864479345,1008.07669689692));
#9054=IFCCARTESIANPOINT((717.366994658146,150.681542384835,1007.51259485416));
#9055=IFCCARTESIANPOINT((714.009082537878,147.323630634522,1007.5125945959));
#9056=IFCCARTESIANPOINT((718.491907933277,146.198717405042,1009.54647915236));
#9057=IFCCARTESIANPOINT((724.662387262935,139.779490694248,1008.05523731716));
#9058=IFCCARTESIANPOINT((604.990625000005,129.699999999992,1000.));
#9059=IFCCARTESIANPOINT((604.990625000005,130.040741737102,1002.58819045102));
#9060=IFCCARTESIANPOINT((604.990625000005,131.039745962148,1005.));
#9061=IFCCARTESIANPOINT((604.990625000005,132.628932188127,1007.07106781187));
#9062=IFCCARTESIANPOINT((604.990625000005,134.699999999992,1008.66025403784));
#9063=IFCCARTESIANPOINT((604.990625000005,137.111809548967,1009.65925826289));
#9064=IFCCARTESIANPOINT((604.990625000005,139.699999999992,1010.));
#9065=IFCCARTESIANPOINT((604.990625000005,142.288190451018,1009.65925826289));
#9066=IFCCARTESIANPOINT((604.990625000005,144.699999999992,1008.66025403784));
#9067=IFCCARTESIANPOINT((604.990625000005,146.771067811858,1007.07106781187));
#9068=IFCCARTESIANPOINT((604.990625000005,148.360254037837,1005.));
#9069=IFCCARTESIANPOINT((604.990625000005,149.359258262883,1002.58819045102));
#9070=IFCCARTESIANPOINT((604.990625000005,149.699999999992,1000.));
#9071=IFCCARTESIANPOINT((604.990625000005,149.359258262883,997.411809548974));
#9072=IFCCARTESIANPOINT((604.990625000005,148.360254037837,995.));
#9073=IFCCARTESIANPOINT((604.990625000005,146.771067811858,992.928932188134));
#9074=IFCCARTESIANPOINT((604.990625000005,144.699999999992,991.339745962155));
#9075=IFCCARTESIANPOINT((604.990625000005,142.288190451018,990.340741737109));
#9076=IFCCARTESIANPOINT((604.990625000005,139.699999999992,990.));
#9077=IFCCARTESIANPOINT((604.990625000005,137.111809548967,990.340741737109));
#9078=IFCCARTESIANPOINT((604.990625000005,134.699999999992,991.339745962155));
#9079=IFCCARTESIANPOINT((604.990625000005,132.628932188127,992.928932188134));
#9080=IFCCARTESIANPOINT((604.990625000005,131.039745962148,995.));
#9081=IFCCARTESIANPOINT((604.990625000005,130.040741737102,997.411809548974));
#9082=IFCPOLYLOOP((#8959,#8960,#8961,#8962,#8963,#8964,#8965,#8966,#8967,#8968,#8969,#8970,#8971,#8972,#8973,#8974,#8975,#8976,#8977,#8954,#8955,#8956,#8957,#8958));
#9083=IFCFACEOUTERBOUND(#9082,.T.);
#9084=IFCFACE((#9083));
#9085=IFCPOLYLOOP((#8979,#8955,#8954,#8978));
#9086=IFCFACEOUTERBOUND(#9085,.T.);
#9087=IFCFACE((#9086));
#9088=IFCPOLYLOOP((#8980,#8956,#8955,#8979));
#9089=IFCFACEOUTERBOUND(#9088,.T.);
#9090=IFCFACE((#9089));
#9091=IFCPOLYLOOP((#8957,#8981,#8982,#8958));
#9092=IFCFACEOUTERBOUND(#9091,.T.);
#9093=IFCFACE((#9092));
#9094=IFCPOLYLOOP((#8980,#8981,#8957,#8956));
#9095=IFCFACEOUTERBOUND(#9094,.T.);
#9096=IFCFACE((#9095));
#9097=IFCPOLYLOOP((#8958,#8982,#8983,#8959));
#9098=IFCFACEOUTERBOUND(#9097,.T.);
#9099=IFCFACE((#9098));
#9100=IFCPOLYLOOP((#8959,#8983,#8984,#8960));
#9101=IFCFACEOUTERBOUND(#9100,.T.);
#9102=IFCFACE((#9101));
#9103=IFCPOLYLOOP((#8986,#8962,#8961,#8985));
#9104=IFCFACEOUTERBOUND(#9103,.T.);
#9105=IFCFACE((#9104));
#9106=IFCPOLYLOOP((#8987,#8963,#8962,#8986));
#9107=IFCFACEOUTERBOUND(#9106,.T.);
#9108=IFCFACE((#9107));
#9109=IFCPOLYLOOP((#8964,#8988,#8989,#8965));
#9110=IFCFACEOUTERBOUND(#9109,.T.);
#9111=IFCFACE((#9110));
#9112=IFCPOLYLOOP((#8987,#8988,#8964,#8963));
#9113=IFCFACEOUTERBOUND(#9112,.T.);
#9114=IFCFACE((#9113));
#9115=IFCPOLYLOOP((#8965,#8989,#8990,#8966));
#9116=IFCFACEOUTERBOUND(#9115,.T.);
#9117=IFCFACE((#9116));
#9118=IFCPOLYLOOP((#8961,#8960,#8984,#8985));
#9119=IFCFACEOUTERBOUND(#9118,.T.);
#9120=IFCFACE((#9119));
#9121=IFCPOLYLOOP((#8991,#8967,#8966,#8990));
#9122=IFCFACEOUTERBOUND(#9121,.T.);
#9123=IFCFACE((#9122));
#9124=IFCPOLYLOOP((#8992,#8968,#8967,#8991));
#9125=IFCFACEOUTERBOUND(#9124,.T.);
#9126=IFCFACE((#9125));
#9127=IFCPOLYLOOP((#8969,#8993,#8994,#8970));
#9128=IFCFACEOUTERBOUND(#9127,.T.);
#9129=IFCFACE((#9128));
#9130=IFCPOLYLOOP((#8992,#8993,#8969,#8968));
#9131=IFCFACEOUTERBOUND(#9130,.T.);
#9132=IFCFACE((#9131));
#9133=IFCPOLYLOOP((#8970,#8994,#8995,#8971));
#9134=IFCFACEOUTERBOUND(#9133,.T.);
#9135=IFCFACE((#9134));
#9136=IFCPOLYLOOP((#8971,#8995,#8996,#8972));
#9137=IFCFACEOUTERBOUND(#9136,.T.);
#9138=IFCFACE((#9137));
#9139=IFCPOLYLOOP((#8998,#8974,#8973,#8997));
#9140=IFCFACEOUTERBOUND(#9139,.T.);
#9141=IFCFACE((#9140));
#9142=IFCPOLYLOOP((#8999,#8975,#8974,#8998));
#9143=IFCFACEOUTERBOUND(#9142,.T.);
#9144=IFCFACE((#9143));
#9145=IFCPOLYLOOP((#8976,#9000,#9001,#8977));
#9146=IFCFACEOUTERBOUND(#9145,.T.);
#9147=IFCFACE((#9146));
#9148=IFCPOLYLOOP((#8999,#9000,#8976,#8975));
#9149=IFCFACEOUTERBOUND(#9148,.T.);
#9150=IFCFACE((#9149));
#9151=IFCPOLYLOOP((#8977,#9001,#8978,#8954));
#9152=IFCFACEOUTERBOUND(#9151,.T.);
#9153=IFCFACE((#9152));
#9154=IFCPOLYLOOP((#8973,#8972,#8996,#8997));
#9155=IFCFACEOUTERBOUND(#9154,.T.);
#9156=IFCFACE((#9155));
#9157=IFCPOLYLOOP((#8979,#9022,#8980));
#9158=IFCFACEOUTERBOUND(#9157,.T.);
#9159=IFCFACE((#9158));
#9160=IFCPOLYLOOP((#9030,#8983,#9018));
#9161=IFCFACEOUTERBOUND(#9160,.T.);
#9162=IFCFACE((#9161));
#9163=IFCPOLYLOOP((#9029,#9026,#9032));
#9164=IFCFACEOUTERBOUND(#9163,.T.);
#9165=IFCFACE((#9164));
#9166=IFCPOLYLOOP((#9018,#9027,#9004,#9030));
#9167=IFCFACEOUTERBOUND(#9166,.T.);
#9168=IFCFACE((#9167));
#9169=IFCPOLYLOOP((#9018,#8982,#8981));
#9170=IFCFACEOUTERBOUND(#9169,.T.);
#9171=IFCFACE((#9170));
#9172=IFCPOLYLOOP((#8980,#9020,#8981));
#9173=IFCFACEOUTERBOUND(#9172,.T.);
#9174=IFCFACE((#9173));
#9175=IFCPOLYLOOP((#8982,#9018,#8983));
#9176=IFCFACEOUTERBOUND(#9175,.T.);
#9177=IFCFACE((#9176));
#9178=IFCPOLYLOOP((#9004,#9029,#9030));
#9179=IFCFACEOUTERBOUND(#9178,.T.);
#9180=IFCFACE((#9179));
#9181=IFCPOLYLOOP((#9030,#8986,#8985));
#9182=IFCFACEOUTERBOUND(#9181,.T.);
#9183=IFCFACE((#9182));
#9184=IFCPOLYLOOP((#9034,#9025,#9033));
#9185=IFCFACEOUTERBOUND(#9184,.T.);
#9186=IFCFACE((#9185));
#9187=IFCPOLYLOOP((#9005,#9028,#9025));
#9188=IFCFACEOUTERBOUND(#9187,.T.);
#9189=IFCFACE((#9188));
#9190=IFCPOLYLOOP((#9030,#8984,#8983));
#9191=IFCFACEOUTERBOUND(#9190,.T.);
#9192=IFCFACE((#9191));
#9193=IFCPOLYLOOP((#9030,#8985,#8984));
#9194=IFCFACEOUTERBOUND(#9193,.T.);
#9195=IFCFACE((#9194));
#9196=IFCPOLYLOOP((#9002,#9003,#9031));
#9197=IFCFACEOUTERBOUND(#9196,.T.);
#9198=IFCFACE((#9197));
#9199=IFCPOLYLOOP((#8986,#9030,#9029));
#9200=IFCFACEOUTERBOUND(#9199,.T.);
#9201=IFCFACE((#9200));
#9202=IFCPOLYLOOP((#9017,#9031,#9016));
#9203=IFCFACEOUTERBOUND(#9202,.T.);
#9204=IFCFACE((#9203));
#9205=IFCPOLYLOOP((#9035,#9019,#9011));
#9206=IFCFACEOUTERBOUND(#9205,.T.);
#9207=IFCFACE((#9206));
#9208=IFCPOLYLOOP((#8979,#8978,#9022));
#9209=IFCFACEOUTERBOUND(#9208,.T.);
#9210=IFCFACE((#9209));
#9211=IFCPOLYLOOP((#9029,#9032,#8988));
#9212=IFCFACEOUTERBOUND(#9211,.T.);
#9213=IFCFACE((#9212));
#9214=IFCPOLYLOOP((#9029,#8987,#8986));
#9215=IFCFACEOUTERBOUND(#9214,.T.);
#9216=IFCFACE((#9215));
#9217=IFCPOLYLOOP((#9026,#9034,#9033));
#9218=IFCFACEOUTERBOUND(#9217,.T.);
#9219=IFCFACE((#9218));
#9220=IFCPOLYLOOP((#9015,#9028,#9014));
#9221=IFCFACEOUTERBOUND(#9220,.T.);
#9222=IFCFACE((#9221));
#9223=IFCPOLYLOOP((#9003,#9032,#9033));
#9224=IFCFACEOUTERBOUND(#9223,.T.);
#9225=IFCFACE((#9224));
#9226=IFCPOLYLOOP((#9026,#9037,#9034));
#9227=IFCFACEOUTERBOUND(#9226,.T.);
#9228=IFCFACE((#9227));
#9229=IFCPOLYLOOP((#9034,#9036,#9025));
#9230=IFCFACEOUTERBOUND(#9229,.T.);
#9231=IFCFACE((#9230));
#9232=IFCPOLYLOOP((#9019,#9010,#9011));
#9233=IFCFACEOUTERBOUND(#9232,.T.);
#9234=IFCFACE((#9233));
#9235=IFCPOLYLOOP((#9032,#9026,#9033));
#9236=IFCFACEOUTERBOUND(#9235,.T.);
#9237=IFCFACE((#9236));
#9238=IFCPOLYLOOP((#9035,#9012,#9028));
#9239=IFCFACEOUTERBOUND(#9238,.T.);
#9240=IFCFACE((#9239));
#9241=IFCPOLYLOOP((#9011,#9012,#9035));
#9242=IFCFACEOUTERBOUND(#9241,.T.);
#9243=IFCFACE((#9242));
#9244=IFCPOLYLOOP((#9021,#9009,#9019));
#9245=IFCFACEOUTERBOUND(#9244,.T.);
#9246=IFCFACE((#9245));
#9247=IFCPOLYLOOP((#9005,#9025,#9036));
#9248=IFCFACEOUTERBOUND(#9247,.T.);
#9249=IFCFACE((#9248));
#9250=IFCPOLYLOOP((#9019,#9009,#9010));
#9251=IFCFACEOUTERBOUND(#9250,.T.);
#9252=IFCFACE((#9251));
#9253=IFCPOLYLOOP((#9028,#9005,#9035));
#9254=IFCFACEOUTERBOUND(#9253,.T.);
#9255=IFCFACE((#9254));
#9256=IFCPOLYLOOP((#9007,#9023,#9006));
#9257=IFCFACEOUTERBOUND(#9256,.T.);
#9258=IFCFACE((#9257));
#9259=IFCPOLYLOOP((#9025,#9031,#9033));
#9260=IFCFACEOUTERBOUND(#9259,.T.);
#9261=IFCFACE((#9260));
#9262=IFCPOLYLOOP((#9029,#9037,#9026));
#9263=IFCFACEOUTERBOUND(#9262,.T.);
#9264=IFCFACE((#9263));
#9265=IFCPOLYLOOP((#9018,#8981,#9020));
#9266=IFCFACEOUTERBOUND(#9265,.T.);
#9267=IFCFACE((#9266));
#9268=IFCPOLYLOOP((#9032,#8990,#8989));
#9269=IFCFACEOUTERBOUND(#9268,.T.);
#9270=IFCFACE((#9269));
#9271=IFCPOLYLOOP((#9024,#9036,#9034,#9037));
#9272=IFCFACEOUTERBOUND(#9271,.T.);
#9273=IFCFACE((#9272));
#9274=IFCPOLYLOOP((#9016,#9031,#9025));
#9275=IFCFACEOUTERBOUND(#9274,.T.);
#9276=IFCFACE((#9275));
#9277=IFCPOLYLOOP((#9021,#9008,#9009));
#9278=IFCFACEOUTERBOUND(#9277,.T.);
#9279=IFCFACE((#9278));
#9280=IFCPOLYLOOP((#9017,#9002,#9031));
#9281=IFCFACEOUTERBOUND(#9280,.T.);
#9282=IFCFACE((#9281));
#9283=IFCPOLYLOOP((#9008,#9023,#9007));
#9284=IFCFACEOUTERBOUND(#9283,.T.);
#9285=IFCFACE((#9284));
#9286=IFCPOLYLOOP((#9028,#9015,#9025));
#9287=IFCFACEOUTERBOUND(#9286,.T.);
#9288=IFCFACE((#9287));
#9289=IFCPOLYLOOP((#9022,#9020,#8980));
#9290=IFCFACEOUTERBOUND(#9289,.T.);
#9291=IFCFACE((#9290));
#9292=IFCPOLYLOOP((#9015,#9016,#9025));
#9293=IFCFACEOUTERBOUND(#9292,.T.);
#9294=IFCFACE((#9293));
#9295=IFCPOLYLOOP((#9021,#9023,#9008));
#9296=IFCFACEOUTERBOUND(#9295,.T.);
#9297=IFCFACE((#9296));
#9298=IFCPOLYLOOP((#9014,#9028,#9013));
#9299=IFCFACEOUTERBOUND(#9298,.T.);
#9300=IFCFACE((#9299));
#9301=IFCPOLYLOOP((#9012,#9013,#9028));
#9302=IFCFACEOUTERBOUND(#9301,.T.);
#9303=IFCFACE((#9302));
#9304=IFCPOLYLOOP((#8988,#8987,#9029));
#9305=IFCFACEOUTERBOUND(#9304,.T.);
#9306=IFCFACE((#9305));
#9307=IFCPOLYLOOP((#9003,#9033,#9031));
#9308=IFCFACEOUTERBOUND(#9307,.T.);
#9309=IFCFACE((#9308));
#9310=IFCPOLYLOOP((#8989,#8988,#9032));
#9311=IFCFACEOUTERBOUND(#9310,.T.);
#9312=IFCFACE((#9311));
#9313=IFCPOLYLOOP((#9037,#9029,#9004));
#9314=IFCFACEOUTERBOUND(#9313,.T.);
#9315=IFCFACE((#9314));
#9316=IFCPOLYLOOP((#9003,#8990,#9032));
#9317=IFCFACEOUTERBOUND(#9316,.T.);
#9318=IFCFACE((#9317));
#9319=IFCPOLYLOOP((#9053,#9004,#9027,#9018));
#9320=IFCFACEOUTERBOUND(#9319,.T.);
#9321=IFCFACE((#9320));
#9322=IFCPOLYLOOP((#9049,#9054,#9056));
#9323=IFCFACEOUTERBOUND(#9322,.T.);
#9324=IFCFACE((#9323));
#9325=IFCPOLYLOOP((#9003,#9002,#9055));
#9326=IFCFACEOUTERBOUND(#9325,.T.);
#9327=IFCFACE((#9326));
#9328=IFCPOLYLOOP((#9052,#8993,#8992));
#9329=IFCFACEOUTERBOUND(#9328,.T.);
#9330=IFCFACE((#9329));
#9331=IFCPOLYLOOP((#9049,#9052,#9054));
#9332=IFCFACEOUTERBOUND(#9331,.T.);
#9333=IFCFACE((#9332));
#9334=IFCPOLYLOOP((#9039,#9050,#9055));
#9335=IFCFACEOUTERBOUND(#9334,.T.);
#9336=IFCFACE((#9335));
#9337=IFCPOLYLOOP((#8992,#9054,#9052));
#9338=IFCFACEOUTERBOUND(#9337,.T.);
#9339=IFCFACE((#9338));
#9340=IFCPOLYLOOP((#9057,#9049,#9056));
#9341=IFCFACEOUTERBOUND(#9340,.T.);
#9342=IFCFACE((#9341));
#9343=IFCPOLYLOOP((#8991,#9054,#8992));
#9344=IFCFACEOUTERBOUND(#9343,.T.);
#9345=IFCFACE((#9344));
#9346=IFCPOLYLOOP((#9003,#9055,#9056));
#9347=IFCFACEOUTERBOUND(#9346,.T.);
#9348=IFCFACE((#9347));
#9349=IFCPOLYLOOP((#9057,#9056,#9050));
#9350=IFCFACEOUTERBOUND(#9349,.T.);
#9351=IFCFACE((#9350));
#9352=IFCPOLYLOOP((#9055,#9002,#9038));
#9353=IFCFACEOUTERBOUND(#9352,.T.);
#9354=IFCFACE((#9353));
#9355=IFCPOLYLOOP((#9022,#8978,#9001));
#9356=IFCFACEOUTERBOUND(#9355,.T.);
#9357=IFCFACE((#9356));
#9358=IFCPOLYLOOP((#9005,#9050,#9051));
#9359=IFCFACEOUTERBOUND(#9358,.T.);
#9360=IFCFACE((#9359));
#9361=IFCPOLYLOOP((#9035,#9005,#9051));
#9362=IFCFACEOUTERBOUND(#9361,.T.);
#9363=IFCFACE((#9362));
#9364=IFCPOLYLOOP((#8999,#9018,#9020));
#9365=IFCFACEOUTERBOUND(#9364,.T.);
#9366=IFCFACE((#9365));
#9367=IFCPOLYLOOP((#8996,#9053,#8997));
#9368=IFCFACEOUTERBOUND(#9367,.T.);
#9369=IFCFACE((#9368));
#9370=IFCPOLYLOOP((#9050,#9005,#9036));
#9371=IFCFACEOUTERBOUND(#9370,.T.);
#9372=IFCFACE((#9371));
#9373=IFCPOLYLOOP((#9018,#8999,#8998));
#9374=IFCFACEOUTERBOUND(#9373,.T.);
#9375=IFCFACE((#9374));
#9376=IFCPOLYLOOP((#8998,#8997,#9018));
#9377=IFCFACEOUTERBOUND(#9376,.T.);
#9378=IFCFACE((#9377));
#9379=IFCPOLYLOOP((#9052,#9037,#9004));
#9380=IFCFACEOUTERBOUND(#9379,.T.);
#9381=IFCFACE((#9380));
#9382=IFCPOLYLOOP((#9043,#9044,#9035));
#9383=IFCFACEOUTERBOUND(#9382,.T.);
#9384=IFCFACE((#9383));
#9385=IFCPOLYLOOP((#8997,#9053,#9018));
#9386=IFCFACEOUTERBOUND(#9385,.T.);
#9387=IFCFACE((#9386));
#9388=IFCPOLYLOOP((#9056,#9055,#9050));
#9389=IFCFACEOUTERBOUND(#9388,.T.);
#9390=IFCFACE((#9389));
#9391=IFCPOLYLOOP((#9003,#9056,#9054));
#9392=IFCFACEOUTERBOUND(#9391,.T.);
#9393=IFCFACE((#9392));
#9394=IFCPOLYLOOP((#9039,#9055,#9038));
#9395=IFCFACEOUTERBOUND(#9394,.T.);
#9396=IFCFACE((#9395));
#9397=IFCPOLYLOOP((#9050,#9039,#9040));
#9398=IFCFACEOUTERBOUND(#9397,.T.);
#9399=IFCFACE((#9398));
#9400=IFCPOLYLOOP((#9019,#9046,#9021));
#9401=IFCFACEOUTERBOUND(#9400,.T.);
#9402=IFCFACE((#9401));
#9403=IFCPOLYLOOP((#9036,#9057,#9050));
#9404=IFCFACEOUTERBOUND(#9403,.T.);
#9405=IFCFACE((#9404));
#9406=IFCPOLYLOOP((#8991,#8990,#9054));
#9407=IFCFACEOUTERBOUND(#9406,.T.);
#9408=IFCFACE((#9407));
#9409=IFCPOLYLOOP((#9020,#9000,#8999));
#9410=IFCFACEOUTERBOUND(#9409,.T.);
#9411=IFCFACE((#9410));
#9412=IFCPOLYLOOP((#9042,#9051,#9041));
#9413=IFCFACEOUTERBOUND(#9412,.T.);
#9414=IFCFACE((#9413));
#9415=IFCPOLYLOOP((#9020,#9022,#9000));
#9416=IFCFACEOUTERBOUND(#9415,.T.);
#9417=IFCFACE((#9416));
#9418=IFCPOLYLOOP((#9023,#9021,#9047));
#9419=IFCFACEOUTERBOUND(#9418,.T.);
#9420=IFCFACE((#9419));
#9421=IFCPOLYLOOP((#9051,#9040,#9041));
#9422=IFCFACEOUTERBOUND(#9421,.T.);
#9423=IFCFACE((#9422));
#9424=IFCPOLYLOOP((#9000,#9022,#9001));
#9425=IFCFACEOUTERBOUND(#9424,.T.);
#9426=IFCFACE((#9425));
#9427=IFCPOLYLOOP((#9042,#9043,#9051));
#9428=IFCFACEOUTERBOUND(#9427,.T.);
#9429=IFCFACE((#9428));
#9430=IFCPOLYLOOP((#9057,#9037,#9049));
#9431=IFCFACEOUTERBOUND(#9430,.T.);
#9432=IFCFACE((#9431));
#9433=IFCPOLYLOOP((#9024,#9037,#9057,#9036));
#9434=IFCFACEOUTERBOUND(#9433,.T.);
#9435=IFCFACE((#9434));
#9436=IFCPOLYLOOP((#9045,#9046,#9019));
#9437=IFCFACEOUTERBOUND(#9436,.T.);
#9438=IFCFACE((#9437));
#9439=IFCPOLYLOOP((#9019,#9044,#9045));
#9440=IFCFACEOUTERBOUND(#9439,.T.);
#9441=IFCFACE((#9440));
#9442=IFCPOLYLOOP((#8994,#9053,#8995));
#9443=IFCFACEOUTERBOUND(#9442,.T.);
#9444=IFCFACE((#9443));
#9445=IFCPOLYLOOP((#9035,#9044,#9019));
#9446=IFCFACEOUTERBOUND(#9445,.T.);
#9447=IFCFACE((#9446));
#9448=IFCPOLYLOOP((#9047,#9048,#9023));
#9449=IFCFACEOUTERBOUND(#9448,.T.);
#9450=IFCFACE((#9449));
#9451=IFCPOLYLOOP((#9052,#9049,#9037));
#9452=IFCFACEOUTERBOUND(#9451,.T.);
#9453=IFCFACE((#9452));
#9454=IFCPOLYLOOP((#9043,#9035,#9051));
#9455=IFCFACEOUTERBOUND(#9454,.T.);
#9456=IFCFACE((#9455));
#9457=IFCPOLYLOOP((#9053,#8996,#8995));
#9458=IFCFACEOUTERBOUND(#9457,.T.);
#9459=IFCFACE((#9458));
#9460=IFCPOLYLOOP((#9040,#9051,#9050));
#9461=IFCFACEOUTERBOUND(#9460,.T.);
#9462=IFCFACE((#9461));
#9463=IFCPOLYLOOP((#9047,#9021,#9046));
#9464=IFCFACEOUTERBOUND(#9463,.T.);
#9465=IFCFACE((#9464));
#9466=IFCPOLYLOOP((#9048,#9006,#9023));
#9467=IFCFACEOUTERBOUND(#9466,.T.);
#9468=IFCFACE((#9467));
#9469=IFCPOLYLOOP((#9004,#9053,#9052));
#9470=IFCFACEOUTERBOUND(#9469,.T.);
#9471=IFCFACE((#9470));
#9472=IFCPOLYLOOP((#8994,#8993,#9052));
#9473=IFCFACEOUTERBOUND(#9472,.T.);
#9474=IFCFACE((#9473));
#9475=IFCPOLYLOOP((#8990,#9003,#9054));
#9476=IFCFACEOUTERBOUND(#9475,.T.);
#9477=IFCFACE((#9476));
#9478=IFCPOLYLOOP((#8994,#9052,#9053));
#9479=IFCFACEOUTERBOUND(#9478,.T.);
#9480=IFCFACE((#9479));
#9481=IFCPOLYLOOP((#9079,#9080,#9081,#9058,#9059,#9060,#9061,#9062,#9063,#9064,#9065,#9066,#9067,#9068,#9069,#9070,#9071,#9072,#9073,#9074,#9075,#9076,#9077,#9078));
#9482=IFCFACEOUTERBOUND(#9481,.T.);
#9483=IFCFACE((#9482));
#9484=IFCPOLYLOOP((#9081,#9007,#9006,#9058));
#9485=IFCFACEOUTERBOUND(#9484,.T.);
#9486=IFCFACE((#9485));
#9487=IFCPOLYLOOP((#9080,#9008,#9007,#9081));
#9488=IFCFACEOUTERBOUND(#9487,.T.);
#9489=IFCFACE((#9488));
#9490=IFCPOLYLOOP((#9078,#9010,#9009,#9079));
#9491=IFCFACEOUTERBOUND(#9490,.T.);
#9492=IFCFACE((#9491));
#9493=IFCPOLYLOOP((#9079,#9009,#9008,#9080));
#9494=IFCFACEOUTERBOUND(#9493,.T.);
#9495=IFCFACE((#9494));
#9496=IFCPOLYLOOP((#9077,#9011,#9010,#9078));
#9497=IFCFACEOUTERBOUND(#9496,.T.);
#9498=IFCFACE((#9497));
#9499=IFCPOLYLOOP((#9011,#9077,#9076,#9012));
#9500=IFCFACEOUTERBOUND(#9499,.T.);
#9501=IFCFACE((#9500));
#9502=IFCPOLYLOOP((#9074,#9073,#9015,#9014));
#9503=IFCFACEOUTERBOUND(#9502,.T.);
#9504=IFCFACE((#9503));
#9505=IFCPOLYLOOP((#9075,#9074,#9014,#9013));
#9506=IFCFACEOUTERBOUND(#9505,.T.);
#9507=IFCFACE((#9506));
#9508=IFCPOLYLOOP((#9071,#9070,#9002,#9017));
#9509=IFCFACEOUTERBOUND(#9508,.T.);
#9510=IFCFACE((#9509));
#9511=IFCPOLYLOOP((#9072,#9071,#9017,#9016));
#9512=IFCFACEOUTERBOUND(#9511,.T.);
#9513=IFCFACE((#9512));
#9514=IFCPOLYLOOP((#9073,#9072,#9016,#9015));
#9515=IFCFACEOUTERBOUND(#9514,.T.);
#9516=IFCFACE((#9515));
#9517=IFCPOLYLOOP((#9013,#9012,#9076,#9075));
#9518=IFCFACEOUTERBOUND(#9517,.T.);
#9519=IFCFACE((#9518));
#9520=IFCPOLYLOOP((#9002,#9070,#9069,#9038));
#9521=IFCFACEOUTERBOUND(#9520,.T.);
#9522=IFCFACE((#9521));
#9523=IFCPOLYLOOP((#9068,#9039,#9038,#9069));
#9524=IFCFACEOUTERBOUND(#9523,.T.);
#9525=IFCFACE((#9524));
#9526=IFCPOLYLOOP((#9066,#9065,#9042,#9041));
#9527=IFCFACEOUTERBOUND(#9526,.T.);
#9528=IFCFACE((#9527));
#9529=IFCPOLYLOOP((#9067,#9066,#9041,#9040));
#9530=IFCFACEOUTERBOUND(#9529,.T.);
#9531=IFCFACE((#9530));
#9532=IFCPOLYLOOP((#9039,#9068,#9067,#9040));
#9533=IFCFACEOUTERBOUND(#9532,.T.);
#9534=IFCFACE((#9533));
#9535=IFCPOLYLOOP((#9042,#9065,#9064,#9043));
#9536=IFCFACEOUTERBOUND(#9535,.T.);
#9537=IFCFACE((#9536));
#9538=IFCPOLYLOOP((#9062,#9061,#9046,#9045));
#9539=IFCFACEOUTERBOUND(#9538,.T.);
#9540=IFCFACE((#9539));
#9541=IFCPOLYLOOP((#9063,#9062,#9045,#9044));
#9542=IFCFACEOUTERBOUND(#9541,.T.);
#9543=IFCFACE((#9542));
#9544=IFCPOLYLOOP((#9059,#9058,#9006,#9048));
#9545=IFCFACEOUTERBOUND(#9544,.T.);
#9546=IFCFACE((#9545));
#9547=IFCPOLYLOOP((#9060,#9059,#9048,#9047));
#9548=IFCFACEOUTERBOUND(#9547,.T.);
#9549=IFCFACE((#9548));
#9550=IFCPOLYLOOP((#9061,#9060,#9047,#9046));
#9551=IFCFACEOUTERBOUND(#9550,.T.);
#9552=IFCFACE((#9551));
#9553=IFCPOLYLOOP((#9063,#9044,#9043,#9064));
#9554=IFCFACEOUTERBOUND(#9553,.T.);
#9555=IFCFACE((#9554));
#9556=IFCCARTESIANPOINT((757.49062500002,184.699999999999,1000.));
#9557=IFCCARTESIANPOINT((756.468399788692,184.699999999999,1007.76457135308));
#9558=IFCCARTESIANPOINT((753.471387113553,184.699999999999,1015.));
#9559=IFCCARTESIANPOINT((748.703828435616,184.699999999999,1021.2132034356));
#9560=IFCCARTESIANPOINT((742.49062500002,184.699999999999,1025.98076211353));
#9561=IFCCARTESIANPOINT((735.255196353095,184.699999999999,1028.97777478867));
#9562=IFCCARTESIANPOINT((727.49062500002,184.699999999999,1030.));
#9563=IFCCARTESIANPOINT((719.726053646944,184.699999999999,1028.97777478867));
#9564=IFCCARTESIANPOINT((712.49062500002,184.699999999999,1025.98076211353));
#9565=IFCCARTESIANPOINT((706.277421564423,184.699999999999,1021.2132034356));
#9566=IFCCARTESIANPOINT((701.509862886487,184.699999999999,1015.));
#9567=IFCCARTESIANPOINT((698.512850211348,184.699999999999,1007.76457135308));
#9568=IFCCARTESIANPOINT((697.49062500002,184.699999999999,1000.));
#9569=IFCCARTESIANPOINT((698.512850211348,184.699999999999,992.235428646925));
#9570=IFCCARTESIANPOINT((701.509862886487,184.699999999999,985.));
#9571=IFCCARTESIANPOINT((706.277421564423,184.699999999999,978.786796564404));
#9572=IFCCARTESIANPOINT((712.49062500002,184.699999999999,974.019237886467));
#9573=IFCCARTESIANPOINT((719.726053646944,184.699999999999,971.022225211328));
#9574=IFCCARTESIANPOINT((727.49062500002,184.699999999999,970.));
#9575=IFCCARTESIANPOINT((735.255196353095,184.699999999999,971.022225211328));
#9576=IFCCARTESIANPOINT((742.49062500002,184.699999999999,974.019237886467));
#9577=IFCCARTESIANPOINT((748.703828435616,184.699999999999,978.786796564404));
#9578=IFCCARTESIANPOINT((753.471387113553,184.699999999999,985.));
#9579=IFCCARTESIANPOINT((756.468399788692,184.699999999999,992.235428646925));
#9580=IFCCARTESIANPOINT((757.49062500002,192.699999999999,1000.));
#9581=IFCCARTESIANPOINT((756.468399788692,192.699999999999,992.235428646925));
#9582=IFCCARTESIANPOINT((753.471387113553,192.699999999999,985.));
#9583=IFCCARTESIANPOINT((748.703828435616,192.699999999999,978.786796564404));
#9584=IFCCARTESIANPOINT((742.49062500002,192.699999999999,974.019237886467));
#9585=IFCCARTESIANPOINT((735.255196353095,192.699999999999,971.022225211328));
#9586=IFCCARTESIANPOINT((727.49062500002,192.699999999999,970.));
#9587=IFCCARTESIANPOINT((719.726053646944,192.699999999999,971.022225211328));
#9588=IFCCARTESIANPOINT((712.49062500002,192.699999999999,974.019237886467));
#9589=IFCCARTESIANPOINT((706.277421564423,192.699999999999,978.786796564404));
#9590=IFCCARTESIANPOINT((701.509862886487,192.699999999999,985.));
#9591=IFCCARTESIANPOINT((698.512850211348,192.699999999999,992.235428646925));
#9592=IFCCARTESIANPOINT((697.49062500002,192.699999999999,1000.));
#9593=IFCCARTESIANPOINT((698.512850211348,192.699999999999,1007.76457135308));
#9594=IFCCARTESIANPOINT((701.509862886487,192.699999999999,1015.));
#9595=IFCCARTESIANPOINT((706.277421564423,192.699999999999,1021.2132034356));
#9596=IFCCARTESIANPOINT((712.49062500002,192.699999999999,1025.98076211353));
#9597=IFCCARTESIANPOINT((719.726053646944,192.699999999999,1028.97777478867));
#9598=IFCCARTESIANPOINT((727.49062500002,192.699999999999,1030.));
#9599=IFCCARTESIANPOINT((735.255196353095,192.699999999999,1028.97777478867));
#9600=IFCCARTESIANPOINT((742.49062500002,192.699999999999,1025.98076211353));
#9601=IFCCARTESIANPOINT((748.703828435616,192.699999999999,1021.2132034356));
#9602=IFCCARTESIANPOINT((753.471387113553,192.699999999999,1015.));
#9603=IFCCARTESIANPOINT((756.468399788692,192.699999999999,1007.76457135308));
#9604=IFCPOLYLOOP((#9563,#9564,#9565,#9566,#9567,#9568,#9569,#9570,#9571,#9572,#9573,#9574,#9575,#9576,#9577,#9578,#9579,#9556,#9557,#9558,#9559,#9560,#9561,#9562));
#9605=IFCFACEOUTERBOUND(#9604,.T.);
#9606=IFCFACE((#9605));
#9607=IFCPOLYLOOP((#9587,#9588,#9589,#9590,#9591,#9592,#9593,#9594,#9595,#9596,#9597,#9598,#9599,#9600,#9601,#9602,#9603,#9580,#9581,#9582,#9583,#9584,#9585,#9586));
#9608=IFCFACEOUTERBOUND(#9607,.T.);
#9609=IFCFACE((#9608));
#9610=IFCPOLYLOOP((#9603,#9557,#9556,#9580));
#9611=IFCFACEOUTERBOUND(#9610,.T.);
#9612=IFCFACE((#9611));
#9613=IFCPOLYLOOP((#9602,#9558,#9557,#9603));
#9614=IFCFACEOUTERBOUND(#9613,.T.);
#9615=IFCFACE((#9614));
#9616=IFCPOLYLOOP((#9560,#9559,#9601,#9600));
#9617=IFCFACEOUTERBOUND(#9616,.T.);
#9618=IFCFACE((#9617));
#9619=IFCPOLYLOOP((#9602,#9601,#9559,#9558));
#9620=IFCFACEOUTERBOUND(#9619,.T.);
#9621=IFCFACE((#9620));
#9622=IFCPOLYLOOP((#9561,#9560,#9600,#9599));
#9623=IFCFACEOUTERBOUND(#9622,.T.);
#9624=IFCFACE((#9623));
#9625=IFCPOLYLOOP((#9562,#9561,#9599,#9598));
#9626=IFCFACEOUTERBOUND(#9625,.T.);
#9627=IFCFACE((#9626));
#9628=IFCPOLYLOOP((#9597,#9563,#9562,#9598));
#9629=IFCFACEOUTERBOUND(#9628,.T.);
#9630=IFCFACE((#9629));
#9631=IFCPOLYLOOP((#9596,#9564,#9563,#9597));
#9632=IFCFACEOUTERBOUND(#9631,.T.);
#9633=IFCFACE((#9632));
#9634=IFCPOLYLOOP((#9566,#9565,#9595,#9594));
#9635=IFCFACEOUTERBOUND(#9634,.T.);
#9636=IFCFACE((#9635));
#9637=IFCPOLYLOOP((#9596,#9595,#9565,#9564));
#9638=IFCFACEOUTERBOUND(#9637,.T.);
#9639=IFCFACE((#9638));
#9640=IFCPOLYLOOP((#9567,#9566,#9594,#9593));
#9641=IFCFACEOUTERBOUND(#9640,.T.);
#9642=IFCFACE((#9641));
#9643=IFCPOLYLOOP((#9568,#9567,#9593,#9592));
#9644=IFCFACEOUTERBOUND(#9643,.T.);
#9645=IFCFACE((#9644));
#9646=IFCPOLYLOOP((#9591,#9569,#9568,#9592));
#9647=IFCFACEOUTERBOUND(#9646,.T.);
#9648=IFCFACE((#9647));
#9649=IFCPOLYLOOP((#9590,#9570,#9569,#9591));
#9650=IFCFACEOUTERBOUND(#9649,.T.);
#9651=IFCFACE((#9650));
#9652=IFCPOLYLOOP((#9572,#9571,#9589,#9588));
#9653=IFCFACEOUTERBOUND(#9652,.T.);
#9654=IFCFACE((#9653));
#9655=IFCPOLYLOOP((#9590,#9589,#9571,#9570));
#9656=IFCFACEOUTERBOUND(#9655,.T.);
#9657=IFCFACE((#9656));
#9658=IFCPOLYLOOP((#9573,#9572,#9588,#9587));
#9659=IFCFACEOUTERBOUND(#9658,.T.);
#9660=IFCFACE((#9659));
#9661=IFCPOLYLOOP((#9574,#9573,#9587,#9586));
#9662=IFCFACEOUTERBOUND(#9661,.T.);
#9663=IFCFACE((#9662));
#9664=IFCPOLYLOOP((#9585,#9575,#9574,#9586));
#9665=IFCFACEOUTERBOUND(#9664,.T.);
#9666=IFCFACE((#9665));
#9667=IFCPOLYLOOP((#9584,#9576,#9575,#9585));
#9668=IFCFACEOUTERBOUND(#9667,.T.);
#9669=IFCFACE((#9668));
#9670=IFCPOLYLOOP((#9578,#9577,#9583,#9582));
#9671=IFCFACEOUTERBOUND(#9670,.T.);
#9672=IFCFACE((#9671));
#9673=IFCPOLYLOOP((#9584,#9583,#9577,#9576));
#9674=IFCFACEOUTERBOUND(#9673,.T.);
#9675=IFCFACE((#9674));
#9676=IFCPOLYLOOP((#9579,#9578,#9582,#9581));
#9677=IFCFACEOUTERBOUND(#9676,.T.);
#9678=IFCFACE((#9677));
#9679=IFCPOLYLOOP((#9556,#9579,#9581,#9580));
#9680=IFCFACEOUTERBOUND(#9679,.T.);
#9681=IFCFACE((#9680));
#9682=IFCCARTESIANPOINT((734.99062500002,245.699999999998,1000.));
#9683=IFCCARTESIANPOINT((734.649883262911,245.699999999998,1002.58819045103));
#9684=IFCCARTESIANPOINT((733.650879037864,245.699999999998,1005.));
#9685=IFCCARTESIANPOINT((732.061692811885,245.699999999998,1007.07106781187));
#9686=IFCCARTESIANPOINT((729.99062500002,245.699999999998,1008.66025403784));
#9687=IFCCARTESIANPOINT((727.578815451045,245.699999999998,1009.65925826289));
#9688=IFCCARTESIANPOINT((724.99062500002,245.699999999998,1010.));
#9689=IFCCARTESIANPOINT((722.402434548994,245.699999999998,1009.65925826289));
#9690=IFCCARTESIANPOINT((719.99062500002,245.699999999998,1008.66025403784));
#9691=IFCCARTESIANPOINT((717.919557188154,245.699999999998,1007.07106781187));
#9692=IFCCARTESIANPOINT((716.330370962175,245.699999999998,1005.));
#9693=IFCCARTESIANPOINT((715.331366737129,245.699999999998,1002.58819045103));
#9694=IFCCARTESIANPOINT((714.99062500002,245.699999999998,1000.));
#9695=IFCCARTESIANPOINT((715.331366737129,245.699999999998,997.411809548974));
#9696=IFCCARTESIANPOINT((716.330370962175,245.699999999998,995.));
#9697=IFCCARTESIANPOINT((717.919557188154,245.699999999998,992.928932188134));
#9698=IFCCARTESIANPOINT((719.99062500002,245.699999999998,991.339745962155));
#9699=IFCCARTESIANPOINT((722.402434548995,245.699999999998,990.340741737109));
#9700=IFCCARTESIANPOINT((724.99062500002,245.699999999998,990.));
#9701=IFCCARTESIANPOINT((727.578815451045,245.699999999998,990.340741737109));
#9702=IFCCARTESIANPOINT((729.99062500002,245.699999999998,991.339745962156));
#9703=IFCCARTESIANPOINT((732.061692811885,245.699999999998,992.928932188135));
#9704=IFCCARTESIANPOINT((733.650879037864,245.699999999998,995.));
#9705=IFCCARTESIANPOINT((734.649883262911,245.699999999998,997.411809548975));
#9706=IFCCARTESIANPOINT((714.99062500002,275.699999999998,1000.));
#9707=IFCCARTESIANPOINT((715.331366737129,275.699999999998,997.411809548974));
#9708=IFCCARTESIANPOINT((716.330370962175,275.699999999998,995.));
#9709=IFCCARTESIANPOINT((717.919557188154,275.699999999998,992.928932188134));
#9710=IFCCARTESIANPOINT((719.99062500002,275.699999999998,991.339745962155));
#9711=IFCCARTESIANPOINT((722.402434548995,275.699999999998,990.340741737109));
#9712=IFCCARTESIANPOINT((724.99062500002,275.699999999998,990.));
#9713=IFCCARTESIANPOINT((727.578815451045,275.699999999998,990.340741737109));
#9714=IFCCARTESIANPOINT((729.99062500002,275.699999999998,991.339745962156));
#9715=IFCCARTESIANPOINT((732.061692811885,275.699999999998,992.928932188135));
#9716=IFCCARTESIANPOINT((733.650879037864,275.699999999998,995.));
#9717=IFCCARTESIANPOINT((734.649883262911,275.699999999998,997.411809548975));
#9718=IFCCARTESIANPOINT((734.99062500002,275.699999999998,1000.));
#9719=IFCCARTESIANPOINT((734.64988326291,275.699999999998,1002.58819045103));
#9720=IFCCARTESIANPOINT((733.650879037864,275.699999999998,1005.));
#9721=IFCCARTESIANPOINT((732.061692811885,275.699999999998,1007.07106781187));
#9722=IFCCARTESIANPOINT((729.99062500002,275.699999999998,1008.66025403784));
#9723=IFCCARTESIANPOINT((727.578815451045,275.699999999998,1009.65925826289));
#9724=IFCCARTESIANPOINT((724.99062500002,275.699999999998,1010.));
#9725=IFCCARTESIANPOINT((722.402434548994,275.699999999998,1009.65925826289));
#9726=IFCCARTESIANPOINT((719.99062500002,275.699999999998,1008.66025403784));
#9727=IFCCARTESIANPOINT((717.919557188154,275.699999999998,1007.07106781187));
#9728=IFCCARTESIANPOINT((716.330370962175,275.699999999998,1005.));
#9729=IFCCARTESIANPOINT((715.331366737129,275.699999999998,1002.58819045103));
#9730=IFCCARTESIANPOINT((709.990625000013,280.700000000005,1000.));
#9731=IFCCARTESIANPOINT((709.990625000013,281.040741737114,997.411809548974));
#9732=IFCCARTESIANPOINT((709.990625000013,282.039745962161,995.));
#9733=IFCCARTESIANPOINT((709.990625000013,283.62893218814,992.928932188134));
#9734=IFCCARTESIANPOINT((709.990625000013,285.700000000005,991.339745962155));
#9735=IFCCARTESIANPOINT((709.990625000013,288.11180954898,990.340741737109));
#9736=IFCCARTESIANPOINT((709.990625000013,290.700000000005,990.));
#9737=IFCCARTESIANPOINT((709.990625000013,293.28819045103,990.340741737109));
#9738=IFCCARTESIANPOINT((709.990625000013,295.700000000005,991.339745962155));
#9739=IFCCARTESIANPOINT((709.990625000013,297.771067811871,992.928932188134));
#9740=IFCCARTESIANPOINT((709.990625000013,299.360254037849,995.));
#9741=IFCCARTESIANPOINT((709.990625000013,300.359258262896,997.411809548975));
#9742=IFCCARTESIANPOINT((709.990625000013,300.700000000005,1000.));
#9743=IFCCARTESIANPOINT((722.490625000016,297.350635094615,1000.));
#9744=IFCCARTESIANPOINT((731.64126009463,288.200000000001,1000.));
#9745=IFCCARTESIANPOINT((713.52615890595,279.235533905936,1000.));
#9746=IFCCARTESIANPOINT((716.356822781358,298.994182445637,1000.));
#9747=IFCCARTESIANPOINT((733.284807456535,282.066197740724,1000.));
#9748=IFCCARTESIANPOINT((713.173723890685,299.847091222821,1000.));
#9749=IFCCARTESIANPOINT((734.137716228278,278.883098870361,1000.));
#9750=IFCCARTESIANPOINT((711.582174445349,300.273545611413,1000.));
#9751=IFCCARTESIANPOINT((734.564170614149,277.291549435179,1000.));
#9752=IFCCARTESIANPOINT((727.065942547323,292.775317547308,1000.));
#9753=IFCCARTESIANPOINT((719.528296895154,289.452915046697,990.151922655303));
#9754=IFCCARTESIANPOINT((723.743539411885,285.23767116981,990.151922490436));
#9755=IFCCARTESIANPOINT((732.463033775583,285.133098870363,1000.));
#9756=IFCCARTESIANPOINT((717.001242809246,294.370376318295,991.307206842549));
#9757=IFCCARTESIANPOINT((726.025711713699,282.283875587112,990.276218677195));
#9758=IFCCARTESIANPOINT((730.018962740416,281.660135520632,991.923303103072));
#9759=IFCCARTESIANPOINT((714.009082537887,283.076369365481,992.487405404095));
#9760=IFCCARTESIANPOINT((717.366994658077,279.718457615121,992.487405145908));
#9761=IFCCARTESIANPOINT((718.491907932886,284.201282594615,990.453520847801));
#9762=IFCCARTESIANPOINT((724.911134638691,290.371761869535,991.94476265457));
#9763=IFCCARTESIANPOINT((719.423723890687,298.172408770126,1000.));
#9764=IFCCARTESIANPOINT((724.77828377367,295.062976320962,1000.));
#9765=IFCCARTESIANPOINT((729.353601320976,290.487658773655,1000.));
#9766=IFCCARTESIANPOINT((709.990625000013,300.359258262896,1002.58819045103));
#9767=IFCCARTESIANPOINT((709.990625000013,299.360254037849,1005.));
#9768=IFCCARTESIANPOINT((709.990625000013,297.77106781187,1007.07106781187));
#9769=IFCCARTESIANPOINT((709.990625000013,295.700000000005,1008.66025403784));
#9770=IFCCARTESIANPOINT((709.990625000013,293.28819045103,1009.65925826289));
#9771=IFCCARTESIANPOINT((709.990625000013,290.700000000005,1010.));
#9772=IFCCARTESIANPOINT((709.990625000013,288.11180954898,1009.65925826289));
#9773=IFCCARTESIANPOINT((709.990625000013,285.700000000005,1008.66025403784));
#9774=IFCCARTESIANPOINT((709.990625000013,283.628932188139,1007.07106781187));
#9775=IFCCARTESIANPOINT((709.990625000013,282.03974596216,1005.));
#9776=IFCCARTESIANPOINT((709.990625000013,281.040741737114,1002.58819045102));
#9777=IFCCARTESIANPOINT((723.743539411997,285.23767116993,1009.84807750954));
#9778=IFCCARTESIANPOINT((719.528296895613,289.452915046807,1009.84807734463));
#9779=IFCCARTESIANPOINT((717.00124280933,294.37037631833,1008.69279315741));
#9780=IFCCARTESIANPOINT((726.02571171372,282.283875587141,1009.7237813228));
#9781=IFCCARTESIANPOINT((730.018962740422,281.660135520652,1008.07669689692));
#9782=IFCCARTESIANPOINT((717.366994658146,279.718457615162,1007.51259485416));
#9783=IFCCARTESIANPOINT((714.009082537878,283.076369365476,1007.5125945959));
#9784=IFCCARTESIANPOINT((718.491907933277,284.201282594955,1009.54647915236));
#9785=IFCCARTESIANPOINT((724.662387262935,290.62050930575,1008.05523731716));
#9786=IFCCARTESIANPOINT((604.990625000005,300.700000000005,1000.));
#9787=IFCCARTESIANPOINT((604.990625000005,300.359258262896,997.411809548974));
#9788=IFCCARTESIANPOINT((604.990625000005,299.360254037849,995.));
#9789=IFCCARTESIANPOINT((604.990625000005,297.771067811871,992.928932188134));
#9790=IFCCARTESIANPOINT((604.990625000005,295.700000000005,991.339745962155));
#9791=IFCCARTESIANPOINT((604.990625000005,293.28819045103,990.340741737109));
#9792=IFCCARTESIANPOINT((604.990625000005,290.700000000005,990.));
#9793=IFCCARTESIANPOINT((604.990625000005,288.11180954898,990.340741737109));
#9794=IFCCARTESIANPOINT((604.990625000005,285.700000000005,991.339745962155));
#9795=IFCCARTESIANPOINT((604.990625000005,283.628932188139,992.928932188134));
#9796=IFCCARTESIANPOINT((604.990625000005,282.03974596216,995.));
#9797=IFCCARTESIANPOINT((604.990625000005,281.040741737114,997.411809548974));
#9798=IFCCARTESIANPOINT((604.990625000005,280.700000000005,1000.));
#9799=IFCCARTESIANPOINT((604.990625000005,281.040741737114,1002.58819045102));
#9800=IFCCARTESIANPOINT((604.990625000005,282.03974596216,1005.));
#9801=IFCCARTESIANPOINT((604.990625000005,283.628932188139,1007.07106781187));
#9802=IFCCARTESIANPOINT((604.990625000005,285.700000000005,1008.66025403784));
#9803=IFCCARTESIANPOINT((604.990625000005,288.11180954898,1009.65925826289));
#9804=IFCCARTESIANPOINT((604.990625000005,290.700000000005,1010.));
#9805=IFCCARTESIANPOINT((604.990625000005,293.28819045103,1009.65925826289));
#9806=IFCCARTESIANPOINT((604.990625000005,295.700000000005,1008.66025403784));
#9807=IFCCARTESIANPOINT((604.990625000005,297.77106781187,1007.07106781187));
#9808=IFCCARTESIANPOINT((604.990625000005,299.360254037849,1005.));
#9809=IFCCARTESIANPOINT((604.990625000005,300.359258262896,1002.58819045102));
#9810=IFCPOLYLOOP((#9703,#9704,#9705,#9682,#9683,#9684,#9685,#9686,#9687,#9688,#9689,#9690,#9691,#9692,#9693,#9694,#9695,#9696,#9697,#9698,#9699,#9700,#9701,#9702));
#9811=IFCFACEOUTERBOUND(#9810,.T.);
#9812=IFCFACE((#9811));
#9813=IFCPOLYLOOP((#9718,#9682,#9705,#9717));
#9814=IFCFACEOUTERBOUND(#9813,.T.);
#9815=IFCFACE((#9814));
#9816=IFCPOLYLOOP((#9717,#9705,#9704,#9716));
#9817=IFCFACEOUTERBOUND(#9816,.T.);
#9818=IFCFACE((#9817));
#9819=IFCPOLYLOOP((#9714,#9715,#9703,#9702));
#9820=IFCFACEOUTERBOUND(#9819,.T.);
#9821=IFCFACE((#9820));
#9822=IFCPOLYLOOP((#9704,#9703,#9715,#9716));
#9823=IFCFACEOUTERBOUND(#9822,.T.);
#9824=IFCFACE((#9823));
#9825=IFCPOLYLOOP((#9713,#9714,#9702,#9701));
#9826=IFCFACEOUTERBOUND(#9825,.T.);
#9827=IFCFACE((#9826));
#9828=IFCPOLYLOOP((#9700,#9712,#9713,#9701));
#9829=IFCFACEOUTERBOUND(#9828,.T.);
#9830=IFCFACE((#9829));
#9831=IFCPOLYLOOP((#9711,#9699,#9698,#9710));
#9832=IFCFACEOUTERBOUND(#9831,.T.);
#9833=IFCFACE((#9832));
#9834=IFCPOLYLOOP((#9710,#9698,#9697,#9709));
#9835=IFCFACEOUTERBOUND(#9834,.T.);
#9836=IFCFACE((#9835));
#9837=IFCPOLYLOOP((#9707,#9708,#9696,#9695));
#9838=IFCFACEOUTERBOUND(#9837,.T.);
#9839=IFCFACE((#9838));
#9840=IFCPOLYLOOP((#9697,#9696,#9708,#9709));
#9841=IFCFACEOUTERBOUND(#9840,.T.);
#9842=IFCFACE((#9841));
#9843=IFCPOLYLOOP((#9706,#9707,#9695,#9694));
#9844=IFCFACEOUTERBOUND(#9843,.T.);
#9845=IFCFACE((#9844));
#9846=IFCPOLYLOOP((#9711,#9712,#9700,#9699));
#9847=IFCFACEOUTERBOUND(#9846,.T.);
#9848=IFCFACE((#9847));
#9849=IFCPOLYLOOP((#9706,#9694,#9693,#9729));
#9850=IFCFACEOUTERBOUND(#9849,.T.);
#9851=IFCFACE((#9850));
#9852=IFCPOLYLOOP((#9729,#9693,#9692,#9728));
#9853=IFCFACEOUTERBOUND(#9852,.T.);
#9854=IFCFACE((#9853));
#9855=IFCPOLYLOOP((#9726,#9727,#9691,#9690));
#9856=IFCFACEOUTERBOUND(#9855,.T.);
#9857=IFCFACE((#9856));
#9858=IFCPOLYLOOP((#9692,#9691,#9727,#9728));
#9859=IFCFACEOUTERBOUND(#9858,.T.);
#9860=IFCFACE((#9859));
#9861=IFCPOLYLOOP((#9725,#9726,#9690,#9689));
#9862=IFCFACEOUTERBOUND(#9861,.T.);
#9863=IFCFACE((#9862));
#9864=IFCPOLYLOOP((#9688,#9724,#9725,#9689));
#9865=IFCFACEOUTERBOUND(#9864,.T.);
#9866=IFCFACE((#9865));
#9867=IFCPOLYLOOP((#9723,#9687,#9686,#9722));
#9868=IFCFACEOUTERBOUND(#9867,.T.);
#9869=IFCFACE((#9868));
#9870=IFCPOLYLOOP((#9722,#9686,#9685,#9721));
#9871=IFCFACEOUTERBOUND(#9870,.T.);
#9872=IFCFACE((#9871));
#9873=IFCPOLYLOOP((#9719,#9720,#9684,#9683));
#9874=IFCFACEOUTERBOUND(#9873,.T.);
#9875=IFCFACE((#9874));
#9876=IFCPOLYLOOP((#9685,#9684,#9720,#9721));
#9877=IFCFACEOUTERBOUND(#9876,.T.);
#9878=IFCFACE((#9877));
#9879=IFCPOLYLOOP((#9718,#9719,#9683,#9682));
#9880=IFCFACEOUTERBOUND(#9879,.T.);
#9881=IFCFACE((#9880));
#9882=IFCPOLYLOOP((#9723,#9724,#9688,#9687));
#9883=IFCFACEOUTERBOUND(#9882,.T.);
#9884=IFCFACE((#9883));
#9885=IFCPOLYLOOP((#9716,#9751,#9717));
#9886=IFCFACEOUTERBOUND(#9885,.T.);
#9887=IFCFACE((#9886));
#9888=IFCPOLYLOOP((#9747,#9713,#9758));
#9889=IFCFACEOUTERBOUND(#9888,.T.);
#9890=IFCFACE((#9889));
#9891=IFCPOLYLOOP((#9760,#9754,#9757));
#9892=IFCFACEOUTERBOUND(#9891,.T.);
#9893=IFCFACE((#9892));
#9894=IFCPOLYLOOP((#9758,#9744,#9755,#9747));
#9895=IFCFACEOUTERBOUND(#9894,.T.);
#9896=IFCFACE((#9895));
#9897=IFCPOLYLOOP((#9715,#9714,#9747));
#9898=IFCFACEOUTERBOUND(#9897,.T.);
#9899=IFCFACE((#9898));
#9900=IFCPOLYLOOP((#9715,#9749,#9716));
#9901=IFCFACEOUTERBOUND(#9900,.T.);
#9902=IFCFACE((#9901));
#9903=IFCPOLYLOOP((#9713,#9747,#9714));
#9904=IFCFACEOUTERBOUND(#9903,.T.);
#9905=IFCFACE((#9904));
#9906=IFCPOLYLOOP((#9758,#9757,#9744));
#9907=IFCFACEOUTERBOUND(#9906,.T.);
#9908=IFCFACE((#9907));
#9909=IFCPOLYLOOP((#9711,#9710,#9758));
#9910=IFCFACEOUTERBOUND(#9909,.T.);
#9911=IFCFACE((#9910));
#9912=IFCPOLYLOOP((#9761,#9753,#9762));
#9913=IFCFACEOUTERBOUND(#9912,.T.);
#9914=IFCFACE((#9913));
#9915=IFCPOLYLOOP((#9753,#9756,#9743));
#9916=IFCFACEOUTERBOUND(#9915,.T.);
#9917=IFCFACE((#9916));
#9918=IFCPOLYLOOP((#9713,#9712,#9758));
#9919=IFCFACEOUTERBOUND(#9918,.T.);
#9920=IFCFACE((#9919));
#9921=IFCPOLYLOOP((#9712,#9711,#9758));
#9922=IFCFACEOUTERBOUND(#9921,.T.);
#9923=IFCFACE((#9922));
#9924=IFCPOLYLOOP((#9759,#9745,#9730));
#9925=IFCFACEOUTERBOUND(#9924,.T.);
#9926=IFCFACE((#9925));
#9927=IFCPOLYLOOP((#9757,#9758,#9710));
#9928=IFCFACEOUTERBOUND(#9927,.T.);
#9929=IFCFACE((#9928));
#9930=IFCPOLYLOOP((#9732,#9759,#9731));
#9931=IFCFACEOUTERBOUND(#9930,.T.);
#9932=IFCFACE((#9931));
#9933=IFCPOLYLOOP((#9737,#9746,#9763));
#9934=IFCFACEOUTERBOUND(#9933,.T.);
#9935=IFCFACE((#9934));
#9936=IFCPOLYLOOP((#9741,#9750,#9740));
#9937=IFCFACEOUTERBOUND(#9936,.T.);
#9938=IFCFACE((#9937));
#9939=IFCPOLYLOOP((#9708,#9760,#9757));
#9940=IFCFACEOUTERBOUND(#9939,.T.);
#9941=IFCFACE((#9940));
#9942=IFCPOLYLOOP((#9710,#9709,#9757));
#9943=IFCFACEOUTERBOUND(#9942,.T.);
#9944=IFCFACE((#9943));
#9945=IFCPOLYLOOP((#9761,#9762,#9754));
#9946=IFCFACEOUTERBOUND(#9945,.T.);
#9947=IFCFACE((#9946));
#9948=IFCPOLYLOOP((#9734,#9756,#9733));
#9949=IFCFACEOUTERBOUND(#9948,.T.);
#9950=IFCFACE((#9949));
#9951=IFCPOLYLOOP((#9761,#9760,#9745));
#9952=IFCFACEOUTERBOUND(#9951,.T.);
#9953=IFCFACE((#9952));
#9954=IFCPOLYLOOP((#9762,#9765,#9754));
#9955=IFCFACEOUTERBOUND(#9954,.T.);
#9956=IFCFACE((#9955));
#9957=IFCPOLYLOOP((#9753,#9764,#9762));
#9958=IFCFACEOUTERBOUND(#9957,.T.);
#9959=IFCFACE((#9958));
#9960=IFCPOLYLOOP((#9737,#9738,#9746));
#9961=IFCFACEOUTERBOUND(#9960,.T.);
#9962=IFCFACE((#9961));
#9963=IFCPOLYLOOP((#9761,#9754,#9760));
#9964=IFCFACEOUTERBOUND(#9963,.T.);
#9965=IFCFACE((#9964));
#9966=IFCPOLYLOOP((#9756,#9736,#9763));
#9967=IFCFACEOUTERBOUND(#9966,.T.);
#9968=IFCFACE((#9967));
#9969=IFCPOLYLOOP((#9763,#9736,#9737));
#9970=IFCFACEOUTERBOUND(#9969,.T.);
#9971=IFCFACE((#9970));
#9972=IFCPOLYLOOP((#9746,#9739,#9748));
#9973=IFCFACEOUTERBOUND(#9972,.T.);
#9974=IFCFACE((#9973));
#9975=IFCPOLYLOOP((#9764,#9753,#9743));
#9976=IFCFACEOUTERBOUND(#9975,.T.);
#9977=IFCFACE((#9976));
#9978=IFCPOLYLOOP((#9738,#9739,#9746));
#9979=IFCFACEOUTERBOUND(#9978,.T.);
#9980=IFCFACE((#9979));
#9981=IFCPOLYLOOP((#9763,#9743,#9756));
#9982=IFCFACEOUTERBOUND(#9981,.T.);
#9983=IFCFACE((#9982));
#9984=IFCPOLYLOOP((#9742,#9750,#9741));
#9985=IFCFACEOUTERBOUND(#9984,.T.);
#9986=IFCFACE((#9985));
#9987=IFCPOLYLOOP((#9761,#9759,#9753));
#9988=IFCFACEOUTERBOUND(#9987,.T.);
#9989=IFCFACE((#9988));
#9990=IFCPOLYLOOP((#9754,#9765,#9757));
#9991=IFCFACEOUTERBOUND(#9990,.T.);
#9992=IFCFACE((#9991));
#9993=IFCPOLYLOOP((#9739,#9740,#9748));
#9994=IFCFACEOUTERBOUND(#9993,.T.);
#9995=IFCFACE((#9994));
#9996=IFCPOLYLOOP((#9707,#9706,#9760));
#9997=IFCFACEOUTERBOUND(#9996,.T.);
#9998=IFCFACE((#9997));
#9999=IFCPOLYLOOP((#9762,#9764,#9752,#9765));
#10000=IFCFACEOUTERBOUND(#9999,.T.);
#10001=IFCFACE((#10000));
#10002=IFCPOLYLOOP((#9753,#9759,#9732));
#10003=IFCFACEOUTERBOUND(#10002,.T.);
#10004=IFCFACE((#10003));
#10005=IFCPOLYLOOP((#9749,#9715,#9747));
#10006=IFCFACEOUTERBOUND(#10005,.T.);
#10007=IFCFACE((#10006));
#10008=IFCPOLYLOOP((#9759,#9730,#9731));
#10009=IFCFACEOUTERBOUND(#10008,.T.);
#10010=IFCFACE((#10009));
#10011=IFCPOLYLOOP((#9751,#9718,#9717));
#10012=IFCFACEOUTERBOUND(#10011,.T.);
#10013=IFCFACE((#10012));
#10014=IFCPOLYLOOP((#9753,#9733,#9756));
#10015=IFCFACEOUTERBOUND(#10014,.T.);
#10016=IFCFACE((#10015));
#10017=IFCPOLYLOOP((#9740,#9750,#9748));
#10018=IFCFACEOUTERBOUND(#10017,.T.);
#10019=IFCFACE((#10018));
#10020=IFCPOLYLOOP((#9753,#9732,#9733));
#10021=IFCFACEOUTERBOUND(#10020,.T.);
#10022=IFCFACE((#10021));
#10023=IFCPOLYLOOP((#9716,#9749,#9751));
#10024=IFCFACEOUTERBOUND(#10023,.T.);
#10025=IFCFACE((#10024));
#10026=IFCPOLYLOOP((#9735,#9756,#9734));
#10027=IFCFACEOUTERBOUND(#10026,.T.);
#10028=IFCFACE((#10027));
#10029=IFCPOLYLOOP((#9756,#9735,#9736));
#10030=IFCFACEOUTERBOUND(#10029,.T.);
#10031=IFCFACE((#10030));
#10032=IFCPOLYLOOP((#9757,#9709,#9708));
#10033=IFCFACEOUTERBOUND(#10032,.T.);
#10034=IFCFACE((#10033));
#10035=IFCPOLYLOOP((#9759,#9761,#9745));
#10036=IFCFACEOUTERBOUND(#10035,.T.);
#10037=IFCFACE((#10036));
#10038=IFCPOLYLOOP((#9760,#9708,#9707));
#10039=IFCFACEOUTERBOUND(#10038,.T.);
#10040=IFCFACE((#10039));
#10041=IFCPOLYLOOP((#9744,#9757,#9765));
#10042=IFCFACEOUTERBOUND(#10041,.T.);
#10043=IFCFACE((#10042));
#10044=IFCPOLYLOOP((#9760,#9706,#9745));
#10045=IFCFACEOUTERBOUND(#10044,.T.);
#10046=IFCFACE((#10045));
#10047=IFCPOLYLOOP((#9747,#9755,#9744,#9781));
#10048=IFCFACEOUTERBOUND(#10047,.T.);
#10049=IFCFACE((#10048));
#10050=IFCPOLYLOOP((#9784,#9782,#9777));
#10051=IFCFACEOUTERBOUND(#10050,.T.);
#10052=IFCFACE((#10051));
#10053=IFCPOLYLOOP((#9783,#9730,#9745));
#10054=IFCFACEOUTERBOUND(#10053,.T.);
#10055=IFCFACE((#10054));
#10056=IFCPOLYLOOP((#9728,#9727,#9780));
#10057=IFCFACEOUTERBOUND(#10056,.T.);
#10058=IFCFACE((#10057));
#10059=IFCPOLYLOOP((#9782,#9780,#9777));
#10060=IFCFACEOUTERBOUND(#10059,.T.);
#10061=IFCFACE((#10060));
#10062=IFCPOLYLOOP((#9783,#9778,#9775));
#10063=IFCFACEOUTERBOUND(#10062,.T.);
#10064=IFCFACE((#10063));
#10065=IFCPOLYLOOP((#9780,#9782,#9728));
#10066=IFCFACEOUTERBOUND(#10065,.T.);
#10067=IFCFACE((#10066));
#10068=IFCPOLYLOOP((#9784,#9777,#9785));
#10069=IFCFACEOUTERBOUND(#10068,.T.);
#10070=IFCFACE((#10069));
#10071=IFCPOLYLOOP((#9728,#9782,#9729));
#10072=IFCFACEOUTERBOUND(#10071,.T.);
#10073=IFCFACE((#10072));
#10074=IFCPOLYLOOP((#9784,#9783,#9745));
#10075=IFCFACEOUTERBOUND(#10074,.T.);
#10076=IFCFACE((#10075));
#10077=IFCPOLYLOOP((#9778,#9784,#9785));
#10078=IFCFACEOUTERBOUND(#10077,.T.);
#10079=IFCFACE((#10078));
#10080=IFCPOLYLOOP((#9776,#9730,#9783));
#10081=IFCFACEOUTERBOUND(#10080,.T.);
#10082=IFCFACE((#10081));
#10083=IFCPOLYLOOP((#9719,#9718,#9751));
#10084=IFCFACEOUTERBOUND(#10083,.T.);
#10085=IFCFACE((#10084));
#10086=IFCPOLYLOOP((#9779,#9778,#9743));
#10087=IFCFACEOUTERBOUND(#10086,.T.);
#10088=IFCFACE((#10087));
#10089=IFCPOLYLOOP((#9779,#9743,#9763));
#10090=IFCFACEOUTERBOUND(#10089,.T.);
#10091=IFCFACE((#10090));
#10092=IFCPOLYLOOP((#9749,#9747,#9721));
#10093=IFCFACEOUTERBOUND(#10092,.T.);
#10094=IFCFACE((#10093));
#10095=IFCPOLYLOOP((#9723,#9781,#9724));
#10096=IFCFACEOUTERBOUND(#10095,.T.);
#10097=IFCFACE((#10096));
#10098=IFCPOLYLOOP((#9764,#9743,#9778));
#10099=IFCFACEOUTERBOUND(#10098,.T.);
#10100=IFCFACE((#10099));
#10101=IFCPOLYLOOP((#9722,#9721,#9747));
#10102=IFCFACEOUTERBOUND(#10101,.T.);
#10103=IFCFACE((#10102));
#10104=IFCPOLYLOOP((#9747,#9723,#9722));
#10105=IFCFACEOUTERBOUND(#10104,.T.);
#10106=IFCFACE((#10105));
#10107=IFCPOLYLOOP((#9744,#9765,#9780));
#10108=IFCFACEOUTERBOUND(#10107,.T.);
#10109=IFCFACE((#10108));
#10110=IFCPOLYLOOP((#9763,#9770,#9771));
#10111=IFCFACEOUTERBOUND(#10110,.T.);
#10112=IFCFACE((#10111));
#10113=IFCPOLYLOOP((#9747,#9781,#9723));
#10114=IFCFACEOUTERBOUND(#10113,.T.);
#10115=IFCFACE((#10114));
#10116=IFCPOLYLOOP((#9778,#9783,#9784));
#10117=IFCFACEOUTERBOUND(#10116,.T.);
#10118=IFCFACE((#10117));
#10119=IFCPOLYLOOP((#9782,#9784,#9745));
#10120=IFCFACEOUTERBOUND(#10119,.T.);
#10121=IFCFACE((#10120));
#10122=IFCPOLYLOOP((#9776,#9783,#9775));
#10123=IFCFACEOUTERBOUND(#10122,.T.);
#10124=IFCFACE((#10123));
#10125=IFCPOLYLOOP((#9774,#9775,#9778));
#10126=IFCFACEOUTERBOUND(#10125,.T.);
#10127=IFCFACE((#10126));
#10128=IFCPOLYLOOP((#9721,#9720,#9749));
#10129=IFCFACEOUTERBOUND(#10128,.T.);
#10130=IFCFACE((#10129));
#10131=IFCPOLYLOOP((#9778,#9785,#9764));
#10132=IFCFACEOUTERBOUND(#10131,.T.);
#10133=IFCFACE((#10132));
#10134=IFCPOLYLOOP((#9782,#9706,#9729));
#10135=IFCFACEOUTERBOUND(#10134,.T.);
#10136=IFCFACE((#10135));
#10137=IFCPOLYLOOP((#9748,#9768,#9746));
#10138=IFCFACEOUTERBOUND(#10137,.T.);
#10139=IFCFACE((#10138));
#10140=IFCPOLYLOOP((#9773,#9779,#9772));
#10141=IFCFACEOUTERBOUND(#10140,.T.);
#10142=IFCFACE((#10141));
#10143=IFCPOLYLOOP((#9767,#9748,#9750));
#10144=IFCFACEOUTERBOUND(#10143,.T.);
#10145=IFCFACE((#10144));
#10146=IFCPOLYLOOP((#9720,#9751,#9749));
#10147=IFCFACEOUTERBOUND(#10146,.T.);
#10148=IFCFACE((#10147));
#10149=IFCPOLYLOOP((#9773,#9774,#9779));
#10150=IFCFACEOUTERBOUND(#10149,.T.);
#10151=IFCFACE((#10150));
#10152=IFCPOLYLOOP((#9750,#9742,#9766));
#10153=IFCFACEOUTERBOUND(#10152,.T.);
#10154=IFCFACE((#10153));
#10155=IFCPOLYLOOP((#9779,#9771,#9772));
#10156=IFCFACEOUTERBOUND(#10155,.T.);
#10157=IFCFACE((#10156));
#10158=IFCPOLYLOOP((#9777,#9765,#9785));
#10159=IFCFACEOUTERBOUND(#10158,.T.);
#10160=IFCFACE((#10159));
#10161=IFCPOLYLOOP((#9785,#9765,#9752,#9764));
#10162=IFCFACEOUTERBOUND(#10161,.T.);
#10163=IFCFACE((#10162));
#10164=IFCPOLYLOOP((#9746,#9768,#9769));
#10165=IFCFACEOUTERBOUND(#10164,.T.);
#10166=IFCFACE((#10165));
#10167=IFCPOLYLOOP((#9769,#9770,#9746));
#10168=IFCFACEOUTERBOUND(#10167,.T.);
#10169=IFCFACE((#10168));
#10170=IFCPOLYLOOP((#9725,#9781,#9726));
#10171=IFCFACEOUTERBOUND(#10170,.T.);
#10172=IFCFACE((#10171));
#10173=IFCPOLYLOOP((#9746,#9770,#9763));
#10174=IFCFACEOUTERBOUND(#10173,.T.);
#10175=IFCFACE((#10174));
#10176=IFCPOLYLOOP((#9750,#9766,#9767));
#10177=IFCFACEOUTERBOUND(#10176,.T.);
#10178=IFCFACE((#10177));
#10179=IFCPOLYLOOP((#9765,#9777,#9780));
#10180=IFCFACEOUTERBOUND(#10179,.T.);
#10181=IFCFACE((#10180));
#10182=IFCPOLYLOOP((#9779,#9763,#9771));
#10183=IFCFACEOUTERBOUND(#10182,.T.);
#10184=IFCFACE((#10183));
#10185=IFCPOLYLOOP((#9725,#9724,#9781));
#10186=IFCFACEOUTERBOUND(#10185,.T.);
#10187=IFCFACE((#10186));
#10188=IFCPOLYLOOP((#9778,#9779,#9774));
#10189=IFCFACEOUTERBOUND(#10188,.T.);
#10190=IFCFACE((#10189));
#10191=IFCPOLYLOOP((#9768,#9748,#9767));
#10192=IFCFACEOUTERBOUND(#10191,.T.);
#10193=IFCFACE((#10192));
#10194=IFCPOLYLOOP((#9719,#9751,#9720));
#10195=IFCFACEOUTERBOUND(#10194,.T.);
#10196=IFCFACE((#10195));
#10197=IFCPOLYLOOP((#9780,#9781,#9744));
#10198=IFCFACEOUTERBOUND(#10197,.T.);
#10199=IFCFACE((#10198));
#10200=IFCPOLYLOOP((#9780,#9727,#9726));
#10201=IFCFACEOUTERBOUND(#10200,.T.);
#10202=IFCFACE((#10201));
#10203=IFCPOLYLOOP((#9782,#9745,#9706));
#10204=IFCFACEOUTERBOUND(#10203,.T.);
#10205=IFCFACE((#10204));
#10206=IFCPOLYLOOP((#9781,#9780,#9726));
#10207=IFCFACEOUTERBOUND(#10206,.T.);
#10208=IFCFACE((#10207));
#10209=IFCPOLYLOOP((#9791,#9792,#9793,#9794,#9795,#9796,#9797,#9798,#9799,#9800,#9801,#9802,#9803,#9804,#9805,#9806,#9807,#9808,#9809,#9786,#9787,#9788,#9789,#9790));
#10210=IFCFACEOUTERBOUND(#10209,.T.);
#10211=IFCFACE((#10210));
#10212=IFCPOLYLOOP((#9786,#9742,#9741,#9787));
#10213=IFCFACEOUTERBOUND(#10212,.T.);
#10214=IFCFACE((#10213));
#10215=IFCPOLYLOOP((#9787,#9741,#9740,#9788));
#10216=IFCFACEOUTERBOUND(#10215,.T.);
#10217=IFCFACE((#10216));
#10218=IFCPOLYLOOP((#9789,#9739,#9738,#9790));
#10219=IFCFACEOUTERBOUND(#10218,.T.);
#10220=IFCFACE((#10219));
#10221=IFCPOLYLOOP((#9788,#9740,#9739,#9789));
#10222=IFCFACEOUTERBOUND(#10221,.T.);
#10223=IFCFACE((#10222));
#10224=IFCPOLYLOOP((#9790,#9738,#9737,#9791));
#10225=IFCFACEOUTERBOUND(#10224,.T.);
#10226=IFCFACE((#10225));
#10227=IFCPOLYLOOP((#9736,#9792,#9791,#9737));
#10228=IFCFACEOUTERBOUND(#10227,.T.);
#10229=IFCFACE((#10228));
#10230=IFCPOLYLOOP((#9734,#9733,#9795,#9794));
#10231=IFCFACEOUTERBOUND(#10230,.T.);
#10232=IFCFACE((#10231));
#10233=IFCPOLYLOOP((#9735,#9734,#9794,#9793));
#10234=IFCFACEOUTERBOUND(#10233,.T.);
#10235=IFCFACE((#10234));
#10236=IFCPOLYLOOP((#9731,#9730,#9798,#9797));
#10237=IFCFACEOUTERBOUND(#10236,.T.);
#10238=IFCFACE((#10237));
#10239=IFCPOLYLOOP((#9732,#9731,#9797,#9796));
#10240=IFCFACEOUTERBOUND(#10239,.T.);
#10241=IFCFACE((#10240));
#10242=IFCPOLYLOOP((#9733,#9732,#9796,#9795));
#10243=IFCFACEOUTERBOUND(#10242,.T.);
#10244=IFCFACE((#10243));
#10245=IFCPOLYLOOP((#9793,#9792,#9736,#9735));
#10246=IFCFACEOUTERBOUND(#10245,.T.);
#10247=IFCFACE((#10246));
#10248=IFCPOLYLOOP((#9799,#9798,#9730,#9776));
#10249=IFCFACEOUTERBOUND(#10248,.T.);
#10250=IFCFACE((#10249));
#10251=IFCPOLYLOOP((#9799,#9776,#9775,#9800));
#10252=IFCFACEOUTERBOUND(#10251,.T.);
#10253=IFCFACE((#10252));
#10254=IFCPOLYLOOP((#9773,#9772,#9803,#9802));
#10255=IFCFACEOUTERBOUND(#10254,.T.);
#10256=IFCFACE((#10255));
#10257=IFCPOLYLOOP((#9774,#9773,#9802,#9801));
#10258=IFCFACEOUTERBOUND(#10257,.T.);
#10259=IFCFACE((#10258));
#10260=IFCPOLYLOOP((#9801,#9800,#9775,#9774));
#10261=IFCFACEOUTERBOUND(#10260,.T.);
#10262=IFCFACE((#10261));
#10263=IFCPOLYLOOP((#9771,#9804,#9803,#9772));
#10264=IFCFACEOUTERBOUND(#10263,.T.);
#10265=IFCFACE((#10264));
#10266=IFCPOLYLOOP((#9768,#9807,#9806,#9769));
#10267=IFCFACEOUTERBOUND(#10266,.T.);
#10268=IFCFACE((#10267));
#10269=IFCPOLYLOOP((#9769,#9806,#9805,#9770));
#10270=IFCFACEOUTERBOUND(#10269,.T.);
#10271=IFCFACE((#10270));
#10272=IFCPOLYLOOP((#9742,#9786,#9809,#9766));
#10273=IFCFACEOUTERBOUND(#10272,.T.);
#10274=IFCFACE((#10273));
#10275=IFCPOLYLOOP((#9767,#9766,#9809,#9808));
#10276=IFCFACEOUTERBOUND(#10275,.T.);
#10277=IFCFACE((#10276));
#10278=IFCPOLYLOOP((#9768,#9767,#9808,#9807));
#10279=IFCFACEOUTERBOUND(#10278,.T.);
#10280=IFCFACE((#10279));
#10281=IFCPOLYLOOP((#9771,#9770,#9805,#9804));
#10282=IFCFACEOUTERBOUND(#10281,.T.);
#10283=IFCFACE((#10282));
#10284=IFCCARTESIANPOINT((757.49062500002,245.699999999998,1000.));
#10285=IFCCARTESIANPOINT((756.468399788692,245.699999999998,992.235428646925));
#10286=IFCCARTESIANPOINT((753.471387113553,245.699999999998,985.));
#10287=IFCCARTESIANPOINT((748.703828435616,245.699999999998,978.786796564404));
#10288=IFCCARTESIANPOINT((742.49062500002,245.699999999998,974.019237886467));
#10289=IFCCARTESIANPOINT((735.255196353095,245.699999999998,971.022225211328));
#10290=IFCCARTESIANPOINT((727.490625000019,245.699999999998,970.));
#10291=IFCCARTESIANPOINT((719.726053646944,245.699999999998,971.022225211328));
#10292=IFCCARTESIANPOINT((712.49062500002,245.699999999998,974.019237886467));
#10293=IFCCARTESIANPOINT((706.277421564423,245.699999999998,978.786796564404));
#10294=IFCCARTESIANPOINT((701.509862886487,245.699999999998,985.));
#10295=IFCCARTESIANPOINT((698.512850211348,245.699999999998,992.235428646925));
#10296=IFCCARTESIANPOINT((697.49062500002,245.699999999998,1000.));
#10297=IFCCARTESIANPOINT((698.512850211348,245.699999999998,1007.76457135308));
#10298=IFCCARTESIANPOINT((701.509862886487,245.699999999998,1015.));
#10299=IFCCARTESIANPOINT((706.277421564423,245.699999999998,1021.2132034356));
#10300=IFCCARTESIANPOINT((712.49062500002,245.699999999998,1025.98076211353));
#10301=IFCCARTESIANPOINT((719.726053646944,245.699999999998,1028.97777478867));
#10302=IFCCARTESIANPOINT((727.49062500002,245.699999999998,1030.));
#10303=IFCCARTESIANPOINT((735.255196353095,245.699999999998,1028.97777478867));
#10304=IFCCARTESIANPOINT((742.49062500002,245.699999999998,1025.98076211353));
#10305=IFCCARTESIANPOINT((748.703828435616,245.699999999998,1021.2132034356));
#10306=IFCCARTESIANPOINT((753.471387113553,245.699999999998,1015.));
#10307=IFCCARTESIANPOINT((756.468399788692,245.699999999998,1007.76457135308));
#10308=IFCCARTESIANPOINT((757.49062500002,237.699999999998,1000.));
#10309=IFCCARTESIANPOINT((756.468399788692,237.699999999998,1007.76457135308));
#10310=IFCCARTESIANPOINT((753.471387113553,237.699999999998,1015.));
#10311=IFCCARTESIANPOINT((748.703828435616,237.699999999998,1021.2132034356));
#10312=IFCCARTESIANPOINT((742.49062500002,237.699999999998,1025.98076211353));
#10313=IFCCARTESIANPOINT((735.255196353095,237.699999999998,1028.97777478867));
#10314=IFCCARTESIANPOINT((727.49062500002,237.699999999998,1030.));
#10315=IFCCARTESIANPOINT((719.726053646944,237.699999999998,1028.97777478867));
#10316=IFCCARTESIANPOINT((712.49062500002,237.699999999998,1025.98076211353));
#10317=IFCCARTESIANPOINT((706.277421564423,237.699999999998,1021.2132034356));
#10318=IFCCARTESIANPOINT((701.509862886487,237.699999999998,1015.));
#10319=IFCCARTESIANPOINT((698.512850211348,237.699999999998,1007.76457135308));
#10320=IFCCARTESIANPOINT((697.49062500002,237.699999999998,1000.));
#10321=IFCCARTESIANPOINT((698.512850211348,237.699999999998,992.235428646925));
#10322=IFCCARTESIANPOINT((701.509862886487,237.699999999998,985.));
#10323=IFCCARTESIANPOINT((706.277421564423,237.699999999998,978.786796564404));
#10324=IFCCARTESIANPOINT((712.49062500002,237.699999999998,974.019237886467));
#10325=IFCCARTESIANPOINT((719.726053646944,237.699999999998,971.022225211328));
#10326=IFCCARTESIANPOINT((727.490625000019,237.699999999998,970.));
#10327=IFCCARTESIANPOINT((735.255196353095,237.699999999998,971.022225211328));
#10328=IFCCARTESIANPOINT((742.49062500002,237.699999999998,974.019237886467));
#10329=IFCCARTESIANPOINT((748.703828435616,237.699999999998,978.786796564404));
#10330=IFCCARTESIANPOINT((753.471387113553,237.699999999998,985.));
#10331=IFCCARTESIANPOINT((756.468399788692,237.699999999998,992.235428646925));
#10332=IFCPOLYLOOP((#10299,#10300,#10301,#10302,#10303,#10304,#10305,#10306,#10307,#10284,#10285,#10286,#10287,#10288,#10289,#10290,#10291,#10292,#10293,#10294,#10295,#10296,#10297,#10298));
#10333=IFCFACEOUTERBOUND(#10332,.T.);
#10334=IFCFACE((#10333));
#10335=IFCPOLYLOOP((#10326,#10327,#10328,#10329,#10330,#10331,#10308,#10309,#10310,#10311,#10312,#10313,#10314,#10315,#10316,#10317,#10318,#10319,#10320,#10321,#10322,#10323,#10324,#10325));
#10336=IFCFACEOUTERBOUND(#10335,.T.);
#10337=IFCFACE((#10336));
#10338=IFCPOLYLOOP((#10308,#10284,#10307,#10309));
#10339=IFCFACEOUTERBOUND(#10338,.T.);
#10340=IFCFACE((#10339));
#10341=IFCPOLYLOOP((#10309,#10307,#10306,#10310));
#10342=IFCFACEOUTERBOUND(#10341,.T.);
#10343=IFCFACE((#10342));
#10344=IFCPOLYLOOP((#10312,#10311,#10305,#10304));
#10345=IFCFACEOUTERBOUND(#10344,.T.);
#10346=IFCFACE((#10345));
#10347=IFCPOLYLOOP((#10305,#10311,#10310,#10306));
#10348=IFCFACEOUTERBOUND(#10347,.T.);
#10349=IFCFACE((#10348));
#10350=IFCPOLYLOOP((#10313,#10312,#10304,#10303));
#10351=IFCFACEOUTERBOUND(#10350,.T.);
#10352=IFCFACE((#10351));
#10353=IFCPOLYLOOP((#10313,#10303,#10302,#10314));
#10354=IFCFACEOUTERBOUND(#10353,.T.);
#10355=IFCFACE((#10354));
#10356=IFCPOLYLOOP((#10314,#10302,#10301,#10315));
#10357=IFCFACEOUTERBOUND(#10356,.T.);
#10358=IFCFACE((#10357));
#10359=IFCPOLYLOOP((#10315,#10301,#10300,#10316));
#10360=IFCFACEOUTERBOUND(#10359,.T.);
#10361=IFCFACE((#10360));
#10362=IFCPOLYLOOP((#10318,#10317,#10299,#10298));
#10363=IFCFACEOUTERBOUND(#10362,.T.);
#10364=IFCFACE((#10363));
#10365=IFCPOLYLOOP((#10299,#10317,#10316,#10300));
#10366=IFCFACEOUTERBOUND(#10365,.T.);
#10367=IFCFACE((#10366));
#10368=IFCPOLYLOOP((#10319,#10318,#10298,#10297));
#10369=IFCFACEOUTERBOUND(#10368,.T.);
#10370=IFCFACE((#10369));
#10371=IFCPOLYLOOP((#10319,#10297,#10296,#10320));
#10372=IFCFACEOUTERBOUND(#10371,.T.);
#10373=IFCFACE((#10372));
#10374=IFCPOLYLOOP((#10320,#10296,#10295,#10321));
#10375=IFCFACEOUTERBOUND(#10374,.T.);
#10376=IFCFACE((#10375));
#10377=IFCPOLYLOOP((#10321,#10295,#10294,#10322));
#10378=IFCFACEOUTERBOUND(#10377,.T.);
#10379=IFCFACE((#10378));
#10380=IFCPOLYLOOP((#10324,#10323,#10293,#10292));
#10381=IFCFACEOUTERBOUND(#10380,.T.);
#10382=IFCFACE((#10381));
#10383=IFCPOLYLOOP((#10293,#10323,#10322,#10294));
#10384=IFCFACEOUTERBOUND(#10383,.T.);
#10385=IFCFACE((#10384));
#10386=IFCPOLYLOOP((#10325,#10324,#10292,#10291));
#10387=IFCFACEOUTERBOUND(#10386,.T.);
#10388=IFCFACE((#10387));
#10389=IFCPOLYLOOP((#10325,#10291,#10290,#10326));
#10390=IFCFACEOUTERBOUND(#10389,.T.);
#10391=IFCFACE((#10390));
#10392=IFCPOLYLOOP((#10326,#10290,#10289,#10327));
#10393=IFCFACEOUTERBOUND(#10392,.T.);
#10394=IFCFACE((#10393));
#10395=IFCPOLYLOOP((#10327,#10289,#10288,#10328));
#10396=IFCFACEOUTERBOUND(#10395,.T.);
#10397=IFCFACE((#10396));
#10398=IFCPOLYLOOP((#10330,#10329,#10287,#10286));
#10399=IFCFACEOUTERBOUND(#10398,.T.);
#10400=IFCFACE((#10399));
#10401=IFCPOLYLOOP((#10287,#10329,#10328,#10288));
#10402=IFCFACEOUTERBOUND(#10401,.T.);
#10403=IFCFACE((#10402));
#10404=IFCPOLYLOOP((#10331,#10330,#10286,#10285));
#10405=IFCFACEOUTERBOUND(#10404,.T.);
#10406=IFCFACE((#10405));
#10407=IFCPOLYLOOP((#10331,#10285,#10284,#10308));
#10408=IFCFACEOUTERBOUND(#10407,.T.);
#10409=IFCFACE((#10408));
#10410=IFCCARTESIANPOINT((800.,192.699999999998,2000.));
#10411=IFCCARTESIANPOINT((50.,192.699999999998,2000.));
#10412=IFCCARTESIANPOINT((50.,192.699999999998,0.));
#10413=IFCCARTESIANPOINT((800.,192.699999999998,0.));
#10414=IFCCARTESIANPOINT((647.600000000014,192.699999999998,1847.6));
#10415=IFCCARTESIANPOINT((647.600000000014,192.699999999998,1212.6));
#10416=IFCCARTESIANPOINT((520.600000000014,192.699999999998,1212.6));
#10417=IFCCARTESIANPOINT((520.600000000014,192.699999999998,1847.6));
#10418=IFCPOLYLOOP((#10410,#10411,#10412,#10413));
#10419=IFCFACEOUTERBOUND(#10418,.T.);
#10420=IFCPOLYLOOP((#10414,#10415,#10416,#10417));
#10421=IFCFACEBOUND(#10420,.T.);
#10422=IFCFACE((#10419,#10421));
#10423=IFCCARTESIANPOINT((800.,237.699999999998,2000.));
#10424=IFCCARTESIANPOINT((800.,237.699999999998,0.));
#10425=IFCCARTESIANPOINT((50.,237.699999999998,0.));
#10426=IFCCARTESIANPOINT((50.,237.699999999998,2000.));
#10427=IFCCARTESIANPOINT((647.600000000014,237.699999999998,1847.6));
#10428=IFCCARTESIANPOINT((520.600000000014,237.699999999998,1847.6));
#10429=IFCCARTESIANPOINT((520.600000000014,237.699999999998,1212.6));
#10430=IFCCARTESIANPOINT((647.600000000014,237.699999999998,1212.6));
#10431=IFCPOLYLOOP((#10423,#10424,#10425,#10426));
#10432=IFCFACEOUTERBOUND(#10431,.T.);
#10433=IFCPOLYLOOP((#10427,#10428,#10429,#10430));
#10434=IFCFACEBOUND(#10433,.T.);
#10435=IFCFACE((#10432,#10434));
#10436=IFCPOLYLOOP((#10413,#10424,#10423,#10410));
#10437=IFCFACEOUTERBOUND(#10436,.T.);
#10438=IFCFACE((#10437));
#10439=IFCPOLYLOOP((#10412,#10425,#10424,#10413));
#10440=IFCFACEOUTERBOUND(#10439,.T.);
#10441=IFCFACE((#10440));
#10442=IFCPOLYLOOP((#10411,#10426,#10425,#10412));
#10443=IFCFACEOUTERBOUND(#10442,.T.);
#10444=IFCFACE((#10443));
#10445=IFCPOLYLOOP((#10410,#10423,#10426,#10411));
#10446=IFCFACEOUTERBOUND(#10445,.T.);
#10447=IFCFACE((#10446));
#10448=IFCPOLYLOOP((#10417,#10428,#10427,#10414));
#10449=IFCFACEOUTERBOUND(#10448,.T.);
#10450=IFCFACE((#10449));
#10451=IFCPOLYLOOP((#10416,#10429,#10428,#10417));
#10452=IFCFACEOUTERBOUND(#10451,.T.);
#10453=IFCFACE((#10452));
#10454=IFCPOLYLOOP((#10415,#10430,#10429,#10416));
#10455=IFCFACEOUTERBOUND(#10454,.T.);
#10456=IFCFACE((#10455));
#10457=IFCPOLYLOOP((#10414,#10427,#10430,#10415));
#10458=IFCFACEOUTERBOUND(#10457,.T.);
#10459=IFCFACE((#10458));
#10460=IFCCARTESIANPOINT((50.,187.937499999998,0.));
#10461=IFCCARTESIANPOINT((65.8750000000053,187.937499999998,0.));
#10462=IFCCARTESIANPOINT((65.8750000000053,136.912499999998,0.));
#10463=IFCCARTESIANPOINT((50.,136.912499999998,0.));
#10464=IFCCARTESIANPOINT((50.,87.6999999999981,0.));
#10465=IFCCARTESIANPOINT((0.,87.6999999999981,0.));
#10466=IFCCARTESIANPOINT((0.,237.699999999999,0.));
#10467=IFCCARTESIANPOINT((50.,237.699999999999,0.));
#10468=IFCPOLYLOOP((#10460,#10461,#10462,#10463,#10464,#10465,#10466,#10467));
#10469=IFCFACEOUTERBOUND(#10468,.T.);
#10470=IFCFACE((#10469));
#10471=IFCCARTESIANPOINT((50.,237.699999999999,2000.));
#10472=IFCCARTESIANPOINT((50.,187.937499999998,2000.));
#10473=IFCPOLYLOOP((#10467,#10471,#10472,#10460));
#10474=IFCFACEOUTERBOUND(#10473,.T.);
#10475=IFCFACE((#10474));
#10476=IFCCARTESIANPOINT((0.,237.699999999999,2100.));
#10477=IFCCARTESIANPOINT((850.,237.699999999999,2100.));
#10478=IFCCARTESIANPOINT((850.,237.699999999999,0.));
#10479=IFCCARTESIANPOINT((800.,237.699999999999,0.));
#10480=IFCCARTESIANPOINT((800.,237.699999999999,2000.));
#10481=IFCPOLYLOOP((#10466,#10476,#10477,#10478,#10479,#10480,#10471,#10467));
#10482=IFCFACEOUTERBOUND(#10481,.T.);
#10483=IFCFACE((#10482));
#10484=IFCCARTESIANPOINT((0.,87.6999999999991,2100.));
#10485=IFCPOLYLOOP((#10465,#10484,#10476,#10466));
#10486=IFCFACEOUTERBOUND(#10485,.T.);
#10487=IFCFACE((#10486));
#10488=IFCCARTESIANPOINT((50.,87.6999999999981,2000.));
#10489=IFCCARTESIANPOINT((800.,87.6999999999981,2000.));
#10490=IFCCARTESIANPOINT((800.,87.6999999999981,0.));
#10491=IFCCARTESIANPOINT((850.,87.6999999999981,0.));
#10492=IFCCARTESIANPOINT((850.,87.6999999999981,2100.));
#10493=IFCPOLYLOOP((#10464,#10488,#10489,#10490,#10491,#10492,#10484,#10465));
#10494=IFCFACEOUTERBOUND(#10493,.T.);
#10495=IFCFACE((#10494));
#10496=IFCCARTESIANPOINT((50.,136.912499999998,2000.));
#10497=IFCPOLYLOOP((#10463,#10496,#10488,#10464));
#10498=IFCFACEOUTERBOUND(#10497,.T.);
#10499=IFCFACE((#10498));
#10500=IFCCARTESIANPOINT((65.8750000000053,136.912499999998,1984.125));
#10501=IFCCARTESIANPOINT((784.125000000006,136.912499999998,1984.125));
#10502=IFCCARTESIANPOINT((784.125000000006,136.912499999998,0.));
#10503=IFCCARTESIANPOINT((800.,136.912499999998,0.));
#10504=IFCCARTESIANPOINT((800.,136.912499999998,2000.));
#10505=IFCPOLYLOOP((#10462,#10500,#10501,#10502,#10503,#10504,#10496,#10463));
#10506=IFCFACEOUTERBOUND(#10505,.T.);
#10507=IFCFACE((#10506));
#10508=IFCCARTESIANPOINT((65.8750000000053,187.937499999998,1984.125));
#10509=IFCPOLYLOOP((#10461,#10508,#10500,#10462));
#10510=IFCFACEOUTERBOUND(#10509,.T.);
#10511=IFCFACE((#10510));
#10512=IFCCARTESIANPOINT((800.,187.937499999998,2000.));
#10513=IFCCARTESIANPOINT((800.,187.937499999998,0.));
#10514=IFCCARTESIANPOINT((784.125000000006,187.937499999998,0.));
#10515=IFCCARTESIANPOINT((784.125000000006,187.937499999998,1984.125));
#10516=IFCPOLYLOOP((#10460,#10472,#10512,#10513,#10514,#10515,#10508,#10461));
#10517=IFCFACEOUTERBOUND(#10516,.T.);
#10518=IFCFACE((#10517));
#10519=IFCPOLYLOOP((#10471,#10480,#10512,#10472));
#10520=IFCFACEOUTERBOUND(#10519,.T.);
#10521=IFCFACE((#10520));
#10522=IFCPOLYLOOP((#10488,#10496,#10504,#10489));
#10523=IFCFACEOUTERBOUND(#10522,.T.);
#10524=IFCFACE((#10523));
#10525=IFCPOLYLOOP((#10500,#10508,#10515,#10501));
#10526=IFCFACEOUTERBOUND(#10525,.T.);
#10527=IFCFACE((#10526));
#10528=IFCPOLYLOOP((#10478,#10491,#10490,#10503,#10502,#10514,#10513,#10479));
#10529=IFCFACEOUTERBOUND(#10528,.T.);
#10530=IFCFACE((#10529));
#10531=IFCPOLYLOOP((#10479,#10513,#10512,#10480));
#10532=IFCFACEOUTERBOUND(#10531,.T.);
#10533=IFCFACE((#10532));
#10534=IFCPOLYLOOP((#10477,#10492,#10491,#10478));
#10535=IFCFACEOUTERBOUND(#10534,.T.);
#10536=IFCFACE((#10535));
#10537=IFCPOLYLOOP((#10489,#10504,#10503,#10490));
#10538=IFCFACEOUTERBOUND(#10537,.T.);
#10539=IFCFACE((#10538));
#10540=IFCPOLYLOOP((#10501,#10515,#10514,#10502));
#10541=IFCFACEOUTERBOUND(#10540,.T.);
#10542=IFCFACE((#10541));
#10543=IFCPOLYLOOP((#10484,#10492,#10477,#10476));
#10544=IFCFACEOUTERBOUND(#10543,.T.);
#10545=IFCFACE((#10544));
#10546=IFCCARTESIANPOINT((647.600000000015,212.699999999998,1847.6));
#10547=IFCCARTESIANPOINT((520.600000000015,212.699999999998,1847.6));
#10548=IFCCARTESIANPOINT((520.600000000015,212.699999999998,1212.6));
#10549=IFCCARTESIANPOINT((647.600000000015,212.699999999998,1212.6));
#10550=IFCPOLYLOOP((#10546,#10547,#10548,#10549));
#10551=IFCFACEOUTERBOUND(#10550,.T.);
#10552=IFCFACE((#10551));
#10553=IFCCARTESIANPOINT((647.600000000015,217.699999999998,1847.6));
#10554=IFCCARTESIANPOINT((647.600000000015,217.699999999998,1212.6));
#10555=IFCCARTESIANPOINT((520.600000000015,217.699999999998,1212.6));
#10556=IFCCARTESIANPOINT((520.600000000015,217.699999999998,1847.6));
#10557=IFCPOLYLOOP((#10553,#10554,#10555,#10556));
#10558=IFCFACEOUTERBOUND(#10557,.T.);
#10559=IFCFACE((#10558));
#10560=IFCPOLYLOOP((#10549,#10554,#10553,#10546));
#10561=IFCFACEOUTERBOUND(#10560,.T.);
#10562=IFCFACE((#10561));
#10563=IFCPOLYLOOP((#10548,#10555,#10554,#10549));
#10564=IFCFACEOUTERBOUND(#10563,.T.);
#10565=IFCFACE((#10564));
#10566=IFCPOLYLOOP((#10547,#10556,#10555,#10548));
#10567=IFCFACEOUTERBOUND(#10566,.T.);
#10568=IFCFACE((#10567));
#10569=IFCPOLYLOOP((#10546,#10553,#10556,#10547));
#10570=IFCFACEOUTERBOUND(#10569,.T.);
#10571=IFCFACE((#10570));
#10572=IFCCARTESIANPOINT((647.600000000014,217.699999999998,1847.6));
#10573=IFCCARTESIANPOINT((647.600000000014,217.699999999998,1212.6));
#10574=IFCCARTESIANPOINT((647.600000000014,237.699999999998,1212.6));
#10575=IFCCARTESIANPOINT((647.600000000014,237.699999999998,1847.6));
#10576=IFCCARTESIANPOINT((635.600000000014,238.699999999998,1835.6));
#10577=IFCCARTESIANPOINT((635.600000000014,238.699999999998,1224.6));
#10578=IFCCARTESIANPOINT((635.600000000014,217.699999999998,1224.6));
#10579=IFCCARTESIANPOINT((635.600000000014,217.699999999998,1835.6));
#10580=IFCCARTESIANPOINT((640.600000000014,243.699999999998,1840.6));
#10581=IFCCARTESIANPOINT((640.600000000014,243.699999999998,1219.6));
#10582=IFCCARTESIANPOINT((637.064466094081,242.235533905931,1223.13553390593));
#10583=IFCCARTESIANPOINT((637.064466094081,242.235533905931,1837.06446609407));
#10584=IFCCARTESIANPOINT((640.600000000014,243.699999999998,1528.29245726357));
#10585=IFCCARTESIANPOINT((640.600000000014,243.699999999998,1684.44622863178));
#10586=IFCCARTESIANPOINT((640.600000000014,243.699999999998,1375.75377136822));
#10587=IFCCARTESIANPOINT((635.600000000014,238.699999999998,1530.10000180454));
#10588=IFCCARTESIANPOINT((635.600000000014,238.699999999998,1682.84999909773));
#10589=IFCCARTESIANPOINT((635.600000000014,238.699999999998,1377.35000090227));
#10590=IFCCARTESIANPOINT((640.600000000014,243.699999999998,1297.67687818325));
#10591=IFCCARTESIANPOINT((635.600000000014,238.699999999998,1300.97499864659));
#10592=IFCCARTESIANPOINT((635.600000000014,238.699999999998,1263.63844164625));
#10593=IFCCARTESIANPOINT((640.600000000014,243.699999999998,1762.52312181675));
#10594=IFCCARTESIANPOINT((635.600000000014,238.699999999998,1759.22499774432));
#10595=IFCCARTESIANPOINT((635.600000000014,238.699999999998,1721.03749842103));
#10596=IFCCARTESIANPOINT((640.600000000014,243.699999999998,1801.56156840924));
#10597=IFCCARTESIANPOINT((635.600000000014,238.699999999998,1606.47500045113));
#10598=IFCCARTESIANPOINT((640.600000000014,243.699999999998,1606.36933544681));
#10599=IFCCARTESIANPOINT((640.600000000014,243.699999999998,1645.4077820393));
#10600=IFCCARTESIANPOINT((640.600000000014,243.699999999998,1452.02310681503));
#10601=IFCCARTESIANPOINT((635.600000000014,238.699999999998,1453.72500315795));
#10602=IFCCARTESIANPOINT((635.600000000014,238.699999999998,1415.53750022557));
#10603=IFCCARTESIANPOINT((640.600000000014,243.699999999998,1258.63843159076));
#10604=IFCCARTESIANPOINT((635.600000000014,238.699999999998,1797.4125006767));
#10605=IFCCARTESIANPOINT((640.600000000014,243.699999999998,1723.48467522427));
#10606=IFCCARTESIANPOINT((640.600000000014,243.699999999998,1413.88843909162));
#10607=IFCCARTESIANPOINT((637.118365573891,242.288623931652,1432.95577583171));
#10608=IFCCARTESIANPOINT((637.028646236383,242.199347409873,1402.43539415686));
#10609=IFCCARTESIANPOINT((637.093817913328,242.264644046043,1462.53272088307));
#10610=IFCCARTESIANPOINT((635.600000000014,238.699999999998,1491.91250248124));
#10611=IFCCARTESIANPOINT((640.600000000014,243.699999999998,1490.15778954016));
#10612=IFCCARTESIANPOINT((636.966071079955,242.134320981496,1282.30672077618));
#10613=IFCCARTESIANPOINT((640.600000000014,243.699999999998,1336.71532477573));
#10614=IFCCARTESIANPOINT((637.150089420523,242.319132077378,1313.75377518662));
#10615=IFCCARTESIANPOINT((635.600000000014,238.699999999998,1339.16250157897));
#10616=IFCCARTESIANPOINT((636.993921849373,242.163553142577,1253.12313253535));
#10617=IFCCARTESIANPOINT((637.012916516855,242.183221509585,1701.94374511843));
#10618=IFCCARTESIANPOINT((637.099234861588,242.269964067825,1671.45874093531));
#10619=IFCCARTESIANPOINT((635.600000000014,238.699999999998,1644.66249977443));
#10620=IFCCARTESIANPOINT((637.068065433895,242.239129585172,1625.56874585576));
#10621=IFCCARTESIANPOINT((637.025106214936,242.195730885723,1731.3567869533));
#10622=IFCCARTESIANPOINT((637.062434548492,242.233501192328,1595.60657122841));
#10623=IFCCARTESIANPOINT((640.600000000014,243.699999999998,1567.33088885433));
#10624=IFCCARTESIANPOINT((635.600000000014,238.699999999998,1568.28750112784));
#10625=IFCCARTESIANPOINT((637.032941496579,242.20372567891,1549.19374661624));
#10626=IFCCARTESIANPOINT((637.033917869124,242.204719423254,1519.65089302769));
#10627=IFCCARTESIANPOINT((637.012916478273,242.183221469853,1358.25624852339));
#10628=IFCCARTESIANPOINT((636.963647969791,242.131755223246,1778.31874474968));
#10629=IFCCARTESIANPOINT((637.006205228981,242.176296757137,1807.44988031386));
#10630=IFCCARTESIANPOINT((637.062771821533,242.233838821077,1490.49203059577));
#10631=IFCCARTESIANPOINT((655.600000000014,241.699999999998,1855.6));
#10632=IFCCARTESIANPOINT((655.600000000014,241.699999999998,1204.6));
#10633=IFCCARTESIANPOINT((655.014213562387,243.114213562371,1205.18578643763));
#10634=IFCCARTESIANPOINT((653.600000000014,243.699999999998,1206.6));
#10635=IFCCARTESIANPOINT((653.600000000014,243.699999999998,1853.6));
#10636=IFCCARTESIANPOINT((655.014213562387,243.114213562371,1855.01421356237));
#10637=IFCCARTESIANPOINT((655.600000000014,241.699999999998,1530.09999802966));
#10638=IFCCARTESIANPOINT((655.600000000014,241.699999999998,1692.8499970445));
#10639=IFCCARTESIANPOINT((655.600000000014,241.699999999998,1367.34999901483));
#10640=IFCCARTESIANPOINT((653.600000000014,243.699999999998,1530.1));
#10641=IFCCARTESIANPOINT((653.600000000014,243.699999999998,1691.84999819723));
#10642=IFCCARTESIANPOINT((653.600000000014,243.699999999998,1368.35000180277));
#10643=IFCCARTESIANPOINT((653.600000000014,243.699999999998,1287.47500090138));
#10644=IFCCARTESIANPOINT((655.600000000014,241.699999999998,1285.97499950742));
#10645=IFCCARTESIANPOINT((655.600000000014,241.699999999998,1326.66249926112));
#10646=IFCCARTESIANPOINT((653.600000000014,243.699999999998,1327.91249954931));
#10647=IFCCARTESIANPOINT((653.600000000014,243.699999999998,1772.72499909862));
#10648=IFCCARTESIANPOINT((655.600000000014,241.699999999998,1774.22499655191));
#10649=IFCCARTESIANPOINT((655.600000000014,241.699999999998,1806.21983613671));
#10650=IFCCARTESIANPOINT((653.600000000014,243.699999999998,1813.16249774654));
#10651=IFCCARTESIANPOINT((653.600000000014,243.699999999998,1449.22499909862));
#10652=IFCCARTESIANPOINT((655.600000000014,241.699999999998,1448.72499852225));
#10653=IFCCARTESIANPOINT((655.600000000014,241.699999999998,1489.41249827596));
#10654=IFCCARTESIANPOINT((653.600000000014,243.699999999998,1489.66250135207));
#10655=IFCCARTESIANPOINT((653.600000000014,243.699999999998,1610.97500090138));
#10656=IFCCARTESIANPOINT((655.600000000014,241.699999999998,1611.47499753708));
#10657=IFCCARTESIANPOINT((655.600000000014,241.699999999998,1652.16249729079));
#10658=IFCCARTESIANPOINT((653.600000000014,243.699999999998,1651.41249954931));
#10659=IFCCARTESIANPOINT((653.600000000014,243.699999999998,1247.03750225346));
#10660=IFCCARTESIANPOINT((655.600000000014,241.699999999998,1245.28749975371));
#10661=IFCCARTESIANPOINT((655.600000000014,241.699999999998,1265.6312516009));
#10662=IFCCARTESIANPOINT((655.600000000014,241.699999999998,1830.90991609802));
#10663=IFCCARTESIANPOINT((653.600000000014,243.699999999998,1833.38124887327));
#10664=IFCCARTESIANPOINT((655.600000000014,241.699999999998,1229.29007996131));
#10665=IFCCARTESIANPOINT((653.600000000014,243.699999999998,1226.81875112673));
#10666=IFCCARTESIANPOINT((653.600000000014,243.699999999998,1732.28750045069));
#10667=IFCCARTESIANPOINT((655.600000000014,241.699999999998,1733.5374967982));
#10668=IFCCARTESIANPOINT((655.600000000014,241.699999999998,1753.88124864539));
#10669=IFCCARTESIANPOINT((653.600000000014,243.699999999998,1408.78750045069));
#10670=IFCCARTESIANPOINT((655.600000000014,241.699999999998,1408.03749876854));
#10671=IFCCARTESIANPOINT((655.600000000014,241.699999999998,1428.38125061573));
#10672=IFCCARTESIANPOINT((655.600000000014,241.699999999998,1570.78749778337));
#10673=IFCCARTESIANPOINT((653.600000000014,243.699999999998,1570.53749864792));
#10674=IFCCARTESIANPOINT((653.600000000014,243.699999999998,1550.3187475212));
#10675=IFCCARTESIANPOINT((655.600000000014,241.699999999998,1843.25496001934));
#10676=IFCCARTESIANPOINT((655.600000000014,241.699999999998,1216.94503998065));
#10677=IFCCARTESIANPOINT((653.600000000014,243.699999999998,1841.2549628109));
#10678=IFCCARTESIANPOINT((655.057420854364,243.069643914782,1837.31810488398));
#10679=IFCCARTESIANPOINT((653.600000000014,243.699999999998,1823.27187330991));
#10680=IFCCARTESIANPOINT((655.600000000014,241.699999999998,1818.56487611736));
#10681=IFCCARTESIANPOINT((654.956574291668,243.169593886493,1818.2171864679));
#10682=IFCCARTESIANPOINT((653.600000000014,243.699999999998,1218.94504079464));
#10683=IFCCARTESIANPOINT((655.057420895851,243.069643870636,1222.88189465084));
#10684=IFCCARTESIANPOINT((654.932581996454,243.191383660484,1237.15690850574));
#10685=IFCCARTESIANPOINT((653.600000000014,243.699999999998,1792.94374661981));
#10686=IFCCARTESIANPOINT((654.891203822872,243.227348253618,1805.86126949405));
#10687=IFCCARTESIANPOINT((655.600000000014,241.699999999998,1790.22241634431));
#10688=IFCCARTESIANPOINT((655.600000000014,241.699999999998,1469.06874642877));
#10689=IFCCARTESIANPOINT((653.600000000014,243.699999999998,1469.44375022535));
#10690=IFCCARTESIANPOINT((653.600000000014,243.699999999998,1509.8812524788));
#10691=IFCCARTESIANPOINT((655.600000000014,241.699999999998,1509.75625012315));
#10692=IFCCARTESIANPOINT((655.600000000014,241.699999999998,1591.13124963056));
#10693=IFCCARTESIANPOINT((653.600000000014,243.699999999998,1590.75624977465));
#10694=IFCCARTESIANPOINT((653.600000000014,243.699999999998,1348.13125067604));
#10695=IFCCARTESIANPOINT((655.600000000014,241.699999999998,1347.00625110831));
#10696=IFCCARTESIANPOINT((655.600000000014,241.699999999998,1672.50624913798));
#10697=IFCCARTESIANPOINT((653.600000000014,243.699999999998,1671.6312470705));
#10698=IFCCARTESIANPOINT((653.600000000014,243.699999999998,1631.19375202811));
#10699=IFCCARTESIANPOINT((655.600000000014,241.699999999998,1631.8187454436));
#10700=IFCCARTESIANPOINT((653.600000000014,243.699999999998,1712.06874932396));
#10701=IFCCARTESIANPOINT((655.600000000014,241.699999999998,1713.19374495101));
#10702=IFCCARTESIANPOINT((655.600000000014,241.699999999998,1387.69374692135));
#10703=IFCCARTESIANPOINT((653.600000000014,243.699999999998,1388.5687529295));
#10704=IFCCARTESIANPOINT((653.600000000014,243.699999999998,1307.69374842258));
#10705=IFCCARTESIANPOINT((655.600000000014,241.699999999998,1306.31874741393));
#10706=IFCCARTESIANPOINT((654.954685672565,243.171335015753,1782.22370806504));
#10707=IFCCARTESIANPOINT((653.600000000014,243.699999999998,1803.05312218318));
#10708=IFCCARTESIANPOINT((655.032531563831,243.095655157502,1770.70997003952));
#10709=IFCCARTESIANPOINT((653.600000000014,243.699999999998,1752.50625157742));
#10710=IFCCARTESIANPOINT((653.600000000014,243.699999999998,1762.61562714078));
#10711=IFCCARTESIANPOINT((654.987267301778,243.140655903903,1757.56093511259));
#10712=IFCCARTESIANPOINT((655.004108447711,243.124246982479,1742.90246696652));
#10713=IFCCARTESIANPOINT((655.600000000014,241.699999999998,1764.05312259865));
#10714=IFCCARTESIANPOINT((655.038898946141,243.089089566165,1793.64173459094));
#10715=IFCCARTESIANPOINT((655.03293923932,243.095236587985,1248.58562736391));
#10716=IFCCARTESIANPOINT((653.600000000014,243.699999999998,1267.25625338019));
#10717=IFCCARTESIANPOINT((653.600000000014,243.699999999998,1257.14687781682));
#10718=IFCCARTESIANPOINT((654.983237246324,243.144525776999,1262.20156216493));
#10719=IFCCARTESIANPOINT((655.00045486841,243.127839683431,1276.78016407635));
#10720=IFCCARTESIANPOINT((655.600000000014,241.699999999998,1255.45937764764));
#10721=IFCCARTESIANPOINT((653.600000000014,243.699999999998,1429.00624797189));
#10722=IFCCARTESIANPOINT((654.986732085738,243.141171094082,1418.89687383174));
#10723=IFCCARTESIANPOINT((655.600000000014,241.699999999998,1550.44374593618));
#10724=IFCCARTESIANPOINT((653.600000000014,243.699999999998,1236.92812669009));
#10725=IFCCARTESIANPOINT((655.036095600004,243.091987581728,1458.89687352437));
#10726=IFCCARTESIANPOINT((655.030760613562,243.097470596011,1479.24062340585));
#10727=IFCCARTESIANPOINT((655.014213623951,243.114213500807,1519.99062330435));
#10728=IFCCARTESIANPOINT((655.008619440891,243.119785642545,1499.77187340845));
#10729=IFCCARTESIANPOINT((655.036095605727,243.091987575824,1601.30312271701));
#10730=IFCCARTESIANPOINT((655.003073336969,243.125266715783,1580.64687300152));
#10731=IFCCARTESIANPOINT((654.970854496288,243.156282235709,1358.24062415337));
#10732=IFCCARTESIANPOINT((654.965668826745,243.161146349853,1338.02187426105));
#10733=IFCCARTESIANPOINT((655.056551635113,243.070568252326,1682.6781223323));
#10734=IFCCARTESIANPOINT((654.981386969397,243.146295281335,1661.52187264491));
#10735=IFCCARTESIANPOINT((654.992128799956,243.135958705662,1621.08437281234));
#10736=IFCCARTESIANPOINT((655.046498963375,243.081173685309,1641.99062250873));
#10737=IFCCARTESIANPOINT((654.970854531606,243.156282202462,1701.95937252657));
#10738=IFCCARTESIANPOINT((655.066259330115,243.060177774001,1723.36562223443));
#10739=IFCCARTESIANPOINT((655.05655162033,243.070568268036,1377.52187400312));
#10740=IFCCARTESIANPOINT((655.051568761526,243.075844515415,1397.8656238829));
#10741=IFCCARTESIANPOINT((654.960537903892,243.165925172751,1317.8031243689));
#10742=IFCCARTESIANPOINT((654.955462495005,243.170619401704,1297.58437447689));
#10743=IFCCARTESIANPOINT((653.600000000014,243.699999999998,1782.83437105645));
#10744=IFCCARTESIANPOINT((655.600000000014,241.699999999998,1743.70937469213));
#10745=IFCCARTESIANPOINT((653.600000000014,243.699999999998,1742.39687601406));
#10746=IFCCARTESIANPOINT((655.600000000014,241.699999999998,1275.80312555416));
#10747=IFCCARTESIANPOINT((653.600000000014,243.699999999998,1277.36562894355));
#10748=IFCCARTESIANPOINT((655.041341470387,243.08655499919,1438.55312364345));
#10749=IFCCARTESIANPOINT((653.600000000014,243.699999999998,1418.89687240852));
#10750=IFCCARTESIANPOINT((655.600000000014,241.699999999998,1418.20937666247));
#10751=IFCCARTESIANPOINT((655.014213639186,243.114213485573,1540.2093732016));
#10752=IFCCARTESIANPOINT((655.025335776905,243.103003180007,1560.61562294024));
#10753=IFCCARTESIANPOINT((655.600000000014,241.699999999998,1458.89687247551));
#10754=IFCCARTESIANPOINT((653.600000000014,243.699999999998,1459.33437466198));
#10755=IFCCARTESIANPOINT((655.600000000014,241.699999999998,1479.24062038203));
#10756=IFCCARTESIANPOINT((653.600000000014,243.699999999998,1479.55312578871));
#10757=IFCCARTESIANPOINT((654.916947796314,243.205207129207,1469.0656911756));
#10758=IFCCARTESIANPOINT((653.600000000014,243.699999999998,1519.99062804217));
#10759=IFCCARTESIANPOINT((655.600000000014,241.699999999998,1519.9281240764));
#10760=IFCCARTESIANPOINT((653.600000000014,243.699999999998,1499.77187691544));
#10761=IFCCARTESIANPOINT((654.925142716278,243.197997590628,1489.49616130456));
#10762=IFCCARTESIANPOINT((655.600000000014,241.699999999998,1499.58437616989));
#10763=IFCCARTESIANPOINT((655.111354177538,243.009888754847,1509.87835132957));
#10764=IFCCARTESIANPOINT((655.600000000014,241.699999999998,1601.30312358382));
#10765=IFCCARTESIANPOINT((653.600000000014,243.699999999998,1600.86562533802));
#10766=IFCCARTESIANPOINT((653.600000000014,243.699999999998,1580.64687421129));
#10767=IFCCARTESIANPOINT((655.600000000014,241.699999999998,1580.9593756773));
#10768=IFCCARTESIANPOINT((655.093346609098,243.030381864403,1590.9626392375));
#10769=IFCCARTESIANPOINT((653.600000000014,243.699999999998,1358.2406262394));
#10770=IFCCARTESIANPOINT((655.600000000014,241.699999999998,1357.17812506157));
#10771=IFCCARTESIANPOINT((653.600000000014,243.699999999998,1338.02187511267));
#10772=IFCCARTESIANPOINT((655.600000000014,241.699999999998,1336.83437715505));
#10773=IFCCARTESIANPOINT((655.112025037866,243.009114313154,1348.12755367426));
#10774=IFCCARTESIANPOINT((655.600000000014,241.699999999998,1682.67812309124));
#10775=IFCCARTESIANPOINT((653.600000000014,243.699999999998,1681.74062263387));
#10776=IFCCARTESIANPOINT((653.600000000014,243.699999999998,1661.52187150714));
#10777=IFCCARTESIANPOINT((655.600000000014,241.699999999998,1662.33437518472));
#10778=IFCCARTESIANPOINT((655.071321943483,243.054699870326,1672.08083648372));
#10779=IFCCARTESIANPOINT((653.600000000014,243.699999999998,1621.08437646475));
#10780=IFCCARTESIANPOINT((655.600000000014,241.699999999998,1621.64687149034));
#10781=IFCCARTESIANPOINT((655.600000000014,241.699999999998,1641.99061939686));
#10782=IFCCARTESIANPOINT((653.600000000014,243.699999999998,1641.30312759148));
#10783=IFCCARTESIANPOINT((654.943045045347,243.181968287853,1631.55728871439));
#10784=IFCCARTESIANPOINT((653.600000000014,243.699999999998,1701.9593737606));
#10785=IFCCARTESIANPOINT((655.600000000014,241.699999999998,1703.02187099776));
#10786=IFCCARTESIANPOINT((655.600000000014,241.699999999998,1723.36561890427));
#10787=IFCCARTESIANPOINT((653.600000000014,243.699999999998,1722.17812488733));
#10788=IFCCARTESIANPOINT((654.966952380688,243.159945611646,1712.6859062579));
#10789=IFCCARTESIANPOINT((655.600000000014,241.699999999998,1377.52187296809));
#10790=IFCCARTESIANPOINT((653.600000000014,243.699999999998,1378.45937736613));
#10791=IFCCARTESIANPOINT((655.600000000014,241.699999999998,1397.86562087461));
#10792=IFCCARTESIANPOINT((655.076898064874,243.048618591748,1408.3996873334));
#10793=IFCCARTESIANPOINT((653.600000000014,243.699999999998,1398.67812849286));
#10794=IFCCARTESIANPOINT((654.916495651683,243.205602603323,1387.69029936019));
#10795=IFCCARTESIANPOINT((653.600000000014,243.699999999998,1317.80312398594));
#10796=IFCCARTESIANPOINT((655.600000000014,241.699999999998,1316.49062136719));
#10797=IFCCARTESIANPOINT((655.112595079847,243.008455625712,1327.90871557876));
#10798=IFCCARTESIANPOINT((653.600000000014,243.699999999998,1297.58437285921));
#10799=IFCCARTESIANPOINT((654.935803619463,243.188498804253,1287.1735638581));
#10800=IFCCARTESIANPOINT((655.600000000014,241.699999999998,1296.14687346068));
#10801=IFCCARTESIANPOINT((655.113271135434,243.007673686628,1307.68988027199));
#10802=IFCCARTESIANPOINT((655.600000000014,241.699999999998,1438.55312456899));
#10803=IFCCARTESIANPOINT((655.108057198087,243.013683176163,1448.72692659089));
#10804=IFCCARTESIANPOINT((653.600000000014,243.699999999998,1439.11562353525));
#10805=IFCCARTESIANPOINT((653.600000000014,243.699999999998,1540.20937195783));
#10806=IFCCARTESIANPOINT((654.909681391676,243.211533874027,1530.09999826374));
#10807=IFCCARTESIANPOINT((655.600000000014,241.699999999998,1540.27187198292));
#10808=IFCCARTESIANPOINT((655.600000000014,241.699999999998,1560.61561988944));
#10809=IFCCARTESIANPOINT((653.600000000014,243.699999999998,1560.42812308456));
#10810=IFCCARTESIANPOINT((654.919182050171,243.203249386675,1550.41791043874));
#10811=IFCCARTESIANPOINT((655.600000000014,237.699999999998,1855.6));
#10812=IFCCARTESIANPOINT((655.600000000014,237.699999999998,1204.6));
#10813=IFCCARTESIANPOINT((520.600000000014,217.699999999998,1212.6));
#10814=IFCCARTESIANPOINT((520.600000000014,237.699999999998,1212.6));
#10815=IFCCARTESIANPOINT((532.600000000014,238.699999999998,1224.6));
#10816=IFCCARTESIANPOINT((532.600000000014,217.699999999998,1224.6));
#10817=IFCCARTESIANPOINT((527.600000000014,243.699999999998,1219.6));
#10818=IFCCARTESIANPOINT((531.135533905947,242.235533905931,1223.13553390593));
#10819=IFCCARTESIANPOINT((571.638443961349,238.699999999998,1224.6));
#10820=IFCCARTESIANPOINT((584.100000577053,243.699999999998,1219.6));
#10821=IFCCARTESIANPOINT((596.561556760779,238.699999999998,1224.6));
#10822=IFCCARTESIANPOINT((584.099997594441,242.094798205236,1223.27087798023));
#10823=IFCCARTESIANPOINT((601.561556295553,243.699999999998,1219.6));
#10824=IFCCARTESIANPOINT((566.638444858554,243.699999999998,1219.6));
#10825=IFCCARTESIANPOINT((610.697978620053,241.693385868691,1223.60495206477));
#10826=IFCCARTESIANPOINT((557.502018213756,241.693385813362,1223.60495210612));
#10827=IFCCARTESIANPOINT((512.600000000014,241.699999999998,1204.6));
#10828=IFCCARTESIANPOINT((513.185786437641,243.114213562371,1205.18578643763));
#10829=IFCCARTESIANPOINT((514.600000000014,243.699999999998,1206.6));
#10830=IFCCARTESIANPOINT((563.98015894563,243.699999999998,1206.6));
#10831=IFCCARTESIANPOINT((584.100000507223,241.699999999998,1204.6));
#10832=IFCCARTESIANPOINT((606.219841833787,241.699999999998,1204.6));
#10833=IFCCARTESIANPOINT((548.350000253619,241.699999999998,1204.6));
#10834=IFCCARTESIANPOINT((608.790078872211,243.699999999998,1206.6));
#10835=IFCCARTESIANPOINT((586.38511830831,243.699999999998,1206.6));
#10836=IFCCARTESIANPOINT((539.290080073433,243.699999999998,1206.6));
#10837=IFCCARTESIANPOINT((630.909920409692,241.699999999998,1204.6));
#10838=IFCCARTESIANPOINT((631.195039436113,243.699999999998,1206.6));
#10839=IFCCARTESIANPOINT((619.992559154162,243.699999999998,1206.6));
#10840=IFCCARTESIANPOINT((537.290079590337,241.699999999998,1204.6));
#10841=IFCCARTESIANPOINT((526.945040036724,243.699999999998,1206.6));
#10842=IFCCARTESIANPOINT((643.254960712062,241.699999999998,1204.6));
#10843=IFCCARTESIANPOINT((618.564881121739,241.699999999998,1204.6));
#10844=IFCCARTESIANPOINT((524.945040302385,241.699999999998,1204.6));
#10845=IFCCARTESIANPOINT((641.254959963305,243.699999999998,1206.6));
#10846=IFCCARTESIANPOINT((636.224999556964,243.107641960747,1205.17924523216));
#10847=IFCCARTESIANPOINT((542.820039414385,243.073367787469,1205.14608771917));
#10848=IFCCARTESIANPOINT((566.224999873212,241.699999999998,1204.6));
#10849=IFCCARTESIANPOINT((575.182638026359,243.699999999998,1206.6));
#10850=IFCCARTESIANPOINT((556.461438904341,243.093471178011,1205.16534391715));
#10851=IFCCARTESIANPOINT((614.391318658601,243.144891382796,1205.2171446598));
#10852=IFCCARTESIANPOINT((569.581398070084,243.158197937345,1205.23118343979));
#10853=IFCCARTESIANPOINT((601.735066271629,243.178582909589,1205.25322883181));
#10854=IFCCARTESIANPOINT((551.635118908921,243.699999999998,1206.6));
#10855=IFCCARTESIANPOINT((625.277354201292,242.940489781938,1205.03118353499));
#10856=IFCCARTESIANPOINT((595.159921170505,241.699999999998,1204.6));
#10857=IFCCARTESIANPOINT((589.629959399743,243.06894722944,1205.14192473342));
#10858=IFCCARTESIANPOINT((597.587598590261,243.699999999998,1206.6));
#10859=IFCCARTESIANPOINT((524.499901664557,243.127004307935,1205.19869392882));
#10860=IFCCARTESIANPOINT((512.600000000014,237.699999999998,1204.6));
#10861=IFCCARTESIANPOINT((520.600000000014,217.699999999998,1847.6));
#10862=IFCCARTESIANPOINT((520.600000000014,237.699999999998,1847.6));
#10863=IFCCARTESIANPOINT((532.600000000014,238.699999999998,1835.6));
#10864=IFCCARTESIANPOINT((532.600000000014,217.699999999998,1835.6));
#10865=IFCCARTESIANPOINT((527.600000000014,243.699999999998,1840.6));
#10866=IFCCARTESIANPOINT((531.135533905947,242.235533905931,1837.06446609407));
#10867=IFCCARTESIANPOINT((527.600000000014,243.699999999998,1531.90755036829));
#10868=IFCCARTESIANPOINT((527.600000000014,243.699999999998,1375.75378268501));
#10869=IFCCARTESIANPOINT((527.600000000014,243.699999999998,1684.44623231672));
#10870=IFCCARTESIANPOINT((532.600000000014,238.699999999998,1530.1));
#10871=IFCCARTESIANPOINT((532.600000000014,238.699999999998,1377.35));
#10872=IFCCARTESIANPOINT((532.600000000014,238.699999999998,1682.85));
#10873=IFCCARTESIANPOINT((527.600000000014,243.699999999998,1762.52311615836));
#10874=IFCCARTESIANPOINT((532.600000000014,238.699999999998,1759.22499819546));
#10875=IFCCARTESIANPOINT((532.600000000014,238.699999999998,1796.56155858434));
#10876=IFCCARTESIANPOINT((527.600000000014,243.699999999998,1297.67688384164));
#10877=IFCCARTESIANPOINT((532.600000000014,238.699999999998,1300.97500180454));
#10878=IFCCARTESIANPOINT((532.600000000014,238.699999999998,1339.16250090227));
#10879=IFCCARTESIANPOINT((527.600000000014,243.699999999998,1258.63843441996));
#10880=IFCCARTESIANPOINT((532.600000000014,238.699999999998,1453.72499819546));
#10881=IFCCARTESIANPOINT((527.600000000014,243.699999999998,1453.83066652665));
#10882=IFCCARTESIANPOINT((527.600000000014,243.699999999998,1414.79223210669));
#10883=IFCCARTESIANPOINT((527.600000000014,243.699999999998,1608.1768913425));
#10884=IFCCARTESIANPOINT((532.600000000014,238.699999999998,1606.47500180454));
#10885=IFCCARTESIANPOINT((532.600000000014,238.699999999998,1644.66250090227));
#10886=IFCCARTESIANPOINT((527.600000000014,243.699999999998,1801.56155057832));
#10887=IFCCARTESIANPOINT((532.600000000014,238.699999999998,1262.78749909773));
#10888=IFCCARTESIANPOINT((527.600000000014,243.699999999998,1336.71533326333));
#10889=IFCCARTESIANPOINT((527.600000000014,243.699999999998,1646.31156182961));
#10890=IFCCARTESIANPOINT((531.081634426137,242.288623931652,1627.24422416829));
#10891=IFCCARTESIANPOINT((531.171353763645,242.199347409873,1657.76460584313));
#10892=IFCCARTESIANPOINT((531.1061820867,242.264644046042,1597.66727911693));
#10893=IFCCARTESIANPOINT((532.600000000014,238.699999999998,1568.28749909773));
#10894=IFCCARTESIANPOINT((527.600000000014,243.699999999998,1570.0422208554));
#10895=IFCCARTESIANPOINT((531.233928920073,242.134320981496,1777.89327922382));
#10896=IFCCARTESIANPOINT((527.600000000014,243.699999999998,1723.4846817384));
#10897=IFCCARTESIANPOINT((531.049910579505,242.319132077377,1746.44622481338));
#10898=IFCCARTESIANPOINT((532.600000000014,238.699999999998,1721.03749909773));
#10899=IFCCARTESIANPOINT((531.206078150656,242.163553142577,1807.07686746465));
#10900=IFCCARTESIANPOINT((531.187083483173,242.183221509585,1358.25625488157));
#10901=IFCCARTESIANPOINT((531.100765138441,242.269964067825,1388.74125906469));
#10902=IFCCARTESIANPOINT((532.600000000014,238.699999999998,1415.53749909773));
#10903=IFCCARTESIANPOINT((531.131934566133,242.239129585172,1434.63125414424));
#10904=IFCCARTESIANPOINT((531.174893785092,242.195730885722,1328.8432130467));
#10905=IFCCARTESIANPOINT((531.137565451537,242.233501192327,1464.59342877158));
#10906=IFCCARTESIANPOINT((527.600000000014,243.699999999998,1492.86910094661));
#10907=IFCCARTESIANPOINT((532.600000000014,238.699999999998,1491.91250090227));
#10908=IFCCARTESIANPOINT((531.16705850345,242.20372567891,1511.00625338375));
#10909=IFCCARTESIANPOINT((531.166082130904,242.204719423254,1540.54910697231));
#10910=IFCCARTESIANPOINT((531.187083521755,242.183221469852,1701.94375147661));
#10911=IFCCARTESIANPOINT((531.236352030238,242.131755223246,1281.88125525031));
#10912=IFCCARTESIANPOINT((531.193794771048,242.176296757137,1252.75011968614));
#10913=IFCCARTESIANPOINT((531.137228178495,242.233838821076,1569.70796940423));
#10914=IFCCARTESIANPOINT((512.600000000014,241.699999999998,1855.6));
#10915=IFCCARTESIANPOINT((513.185786437641,243.114213562371,1855.01421356237));
#10916=IFCCARTESIANPOINT((514.600000000014,243.699999999998,1853.6));
#10917=IFCCARTESIANPOINT((512.600000000014,241.699999999998,1530.10000197034));
#10918=IFCCARTESIANPOINT((512.600000000014,241.699999999998,1367.3500029555));
#10919=IFCCARTESIANPOINT((512.600000000014,241.699999999998,1692.85000098517));
#10920=IFCCARTESIANPOINT((514.600000000014,243.699999999998,1530.09999819723));
#10921=IFCCARTESIANPOINT((514.600000000014,243.699999999998,1368.34999729585));
#10922=IFCCARTESIANPOINT((514.600000000014,243.699999999998,1691.84999909862));
#10923=IFCCARTESIANPOINT((514.600000000014,243.699999999998,1772.72499954931));
#10924=IFCCARTESIANPOINT((512.600000000014,241.699999999998,1774.22500049258));
#10925=IFCCARTESIANPOINT((512.600000000014,241.699999999998,1733.53750073888));
#10926=IFCCARTESIANPOINT((514.600000000014,243.699999999998,1732.28749932396));
#10927=IFCCARTESIANPOINT((514.600000000014,243.699999999998,1287.47499684516));
#10928=IFCCARTESIANPOINT((512.600000000014,241.699999999998,1285.97500344809));
#10929=IFCCARTESIANPOINT((512.600000000014,241.699999999998,1253.98015992262));
#10930=IFCCARTESIANPOINT((514.600000000014,243.699999999998,1247.03750022535));
#10931=IFCCARTESIANPOINT((514.600000000014,243.699999999998,1610.97499864793));
#10932=IFCCARTESIANPOINT((512.600000000014,241.699999999998,1611.47500147775));
#10933=IFCCARTESIANPOINT((512.600000000014,241.699999999998,1570.78750172404));
#10934=IFCCARTESIANPOINT((514.600000000014,243.699999999998,1570.53749842258));
#10935=IFCCARTESIANPOINT((514.600000000014,243.699999999998,1449.22499774654));
#10936=IFCCARTESIANPOINT((512.600000000014,241.699999999998,1448.72500246292));
#10937=IFCCARTESIANPOINT((512.600000000014,241.699999999998,1408.03750270921));
#10938=IFCCARTESIANPOINT((514.600000000014,243.699999999998,1408.7874975212));
#10939=IFCCARTESIANPOINT((514.600000000014,243.699999999998,1813.16249977465));
#10940=IFCCARTESIANPOINT((512.600000000014,241.699999999998,1814.91250024629));
#10941=IFCCARTESIANPOINT((512.600000000014,241.699999999998,1794.5687483991));
#10942=IFCCARTESIANPOINT((512.600000000014,241.699999999998,1229.29007996131));
#10943=IFCCARTESIANPOINT((514.600000000014,243.699999999998,1226.81875191544));
#10944=IFCCARTESIANPOINT((512.600000000014,241.699999999998,1830.90992003869));
#10945=IFCCARTESIANPOINT((514.600000000014,243.699999999998,1833.38125169009));
#10946=IFCCARTESIANPOINT((514.600000000014,243.699999999998,1327.91249707051));
#10947=IFCCARTESIANPOINT((512.600000000014,241.699999999998,1326.6625032018));
#10948=IFCCARTESIANPOINT((512.600000000014,241.699999999998,1306.31875135461));
#10949=IFCCARTESIANPOINT((514.600000000014,243.699999999998,1651.41249887327));
#10950=IFCCARTESIANPOINT((512.600000000014,241.699999999998,1652.16250123146));
#10951=IFCCARTESIANPOINT((512.600000000014,241.699999999998,1631.81874938427));
#10952=IFCCARTESIANPOINT((512.600000000014,241.699999999998,1489.41250221663));
#10953=IFCCARTESIANPOINT((514.600000000014,243.699999999998,1489.66249797189));
#10954=IFCCARTESIANPOINT((514.600000000014,243.699999999998,1509.88124988733));
#10955=IFCCARTESIANPOINT((512.600000000014,241.699999999998,1216.94503998065));
#10956=IFCCARTESIANPOINT((512.600000000014,241.699999999998,1843.25496001934));
#10957=IFCCARTESIANPOINT((514.600000000014,243.699999999998,1218.94504188293));
#10958=IFCCARTESIANPOINT((513.142579145664,243.069643914782,1222.88189511602));
#10959=IFCCARTESIANPOINT((514.600000000014,243.699999999998,1236.92812607039));
#10960=IFCCARTESIANPOINT((512.600000000014,241.699999999998,1241.63511994196));
#10961=IFCCARTESIANPOINT((513.243425708361,243.169593886493,1241.9828135321));
#10962=IFCCARTESIANPOINT((514.600000000014,243.699999999998,1841.2549617226));
#10963=IFCCARTESIANPOINT((513.142579104177,243.069643870636,1837.31810534916));
#10964=IFCCARTESIANPOINT((513.267418003575,243.191383660484,1823.04309149426));
#10965=IFCCARTESIANPOINT((514.600000000014,243.699999999998,1267.25624853525));
#10966=IFCCARTESIANPOINT((513.308796177156,243.227348253618,1254.33873050595));
#10967=IFCCARTESIANPOINT((512.600000000014,241.699999999998,1269.97757971502));
#10968=IFCCARTESIANPOINT((512.600000000014,241.699999999998,1591.13125357123));
#10969=IFCCARTESIANPOINT((514.600000000014,243.699999999998,1590.75625033802));
#10970=IFCCARTESIANPOINT((514.600000000014,243.699999999998,1550.31874650714));
#10971=IFCCARTESIANPOINT((512.600000000014,241.699999999998,1550.44374987685));
#10972=IFCCARTESIANPOINT((512.600000000014,241.699999999998,1469.06875036944));
#10973=IFCCARTESIANPOINT((514.600000000014,243.699999999998,1469.44374605645));
#10974=IFCCARTESIANPOINT((514.600000000014,243.699999999998,1712.06874740852));
#10975=IFCCARTESIANPOINT((512.600000000014,241.699999999998,1713.19374889169));
#10976=IFCCARTESIANPOINT((512.600000000014,241.699999999998,1387.69375086202));
#10977=IFCCARTESIANPOINT((514.600000000014,243.699999999998,1388.56874560576));
#10978=IFCCARTESIANPOINT((514.600000000014,243.699999999998,1429.00624943664));
#10979=IFCCARTESIANPOINT((512.600000000014,241.699999999998,1428.3812545564));
#10980=IFCCARTESIANPOINT((514.600000000014,243.699999999998,1348.13124898594));
#10981=IFCCARTESIANPOINT((512.600000000014,241.699999999998,1347.00625504899));
#10982=IFCCARTESIANPOINT((512.600000000014,241.699999999998,1672.50625307865));
#10983=IFCCARTESIANPOINT((514.600000000014,243.699999999998,1671.63125078871));
#10984=IFCCARTESIANPOINT((514.600000000014,243.699999999998,1752.5062512394));
#10985=IFCCARTESIANPOINT((512.600000000014,241.699999999998,1753.88125258606));
#10986=IFCCARTESIANPOINT((513.245314327464,243.171335015753,1277.97629193496));
#10987=IFCCARTESIANPOINT((514.600000000014,243.699999999998,1257.1468743803));
#10988=IFCCARTESIANPOINT((513.167468436198,243.095655157502,1289.49002996048));
#10989=IFCCARTESIANPOINT((514.600000000014,243.699999999998,1307.69374515507));
#10990=IFCCARTESIANPOINT((514.600000000014,243.699999999998,1297.58437100011));
#10991=IFCCARTESIANPOINT((513.212732698251,243.140655903903,1302.63906488741));
#10992=IFCCARTESIANPOINT((513.195891552317,243.124246982479,1317.29753303348));
#10993=IFCCARTESIANPOINT((512.600000000014,241.699999999998,1296.14687740135));
#10994=IFCCARTESIANPOINT((513.161101053887,243.089089566165,1266.55826540906));
#10995=IFCCARTESIANPOINT((513.167060760709,243.095236587985,1811.61437263609));
#10996=IFCCARTESIANPOINT((514.600000000014,243.699999999998,1792.94374785921));
#10997=IFCCARTESIANPOINT((514.600000000014,243.699999999998,1803.0531256197));
#10998=IFCCARTESIANPOINT((513.216762753704,243.144525776999,1797.99843783507));
#10999=IFCCARTESIANPOINT((513.199545131618,243.12783968343,1783.41983592365));
#11000=IFCCARTESIANPOINT((512.600000000014,241.699999999998,1804.74062235236));
#11001=IFCCARTESIANPOINT((514.600000000014,243.699999999998,1631.19374695783));
#11002=IFCCARTESIANPOINT((513.21326791429,243.141171094082,1641.30312616826));
#11003=IFCCARTESIANPOINT((512.600000000014,241.699999999998,1509.75625406382));
#11004=IFCCARTESIANPOINT((514.600000000014,243.699999999998,1823.27187392961));
#11005=IFCCARTESIANPOINT((513.163904400025,243.091987581728,1601.30312647563));
#11006=IFCCARTESIANPOINT((513.169239386466,243.09747059601,1580.95937659415));
#11007=IFCCARTESIANPOINT((513.185786376077,243.114213500807,1540.20937669565));
#11008=IFCCARTESIANPOINT((513.191380559137,243.119785642545,1560.42812659155));
#11009=IFCCARTESIANPOINT((513.163904394302,243.091987575824,1458.89687728299));
#11010=IFCCARTESIANPOINT((513.196926663059,243.125266715783,1479.55312699848));
#11011=IFCCARTESIANPOINT((513.229145503741,243.156282235708,1701.95937584663));
#11012=IFCCARTESIANPOINT((513.234331173283,243.161146349853,1722.17812573895));
#11013=IFCCARTESIANPOINT((513.143448364915,243.070568252326,1377.5218776677));
#11014=IFCCARTESIANPOINT((513.218613030631,243.146295281335,1398.67812735509));
#11015=IFCCARTESIANPOINT((513.207871200072,243.135958705661,1439.11562718766));
#11016=IFCCARTESIANPOINT((513.153501036653,243.081173685309,1418.20937749126));
#11017=IFCCARTESIANPOINT((513.229145468422,243.156282202462,1358.24062747343));
#11018=IFCCARTESIANPOINT((513.133740669913,243.060177774001,1336.83437776557));
#11019=IFCCARTESIANPOINT((513.143448379698,243.070568268036,1682.67812599688));
#11020=IFCCARTESIANPOINT((513.148431238503,243.075844515415,1662.3343761171));
#11021=IFCCARTESIANPOINT((513.239462096136,243.165925172751,1742.3968756311));
#11022=IFCCARTESIANPOINT((513.244537505023,243.170619401703,1762.61562552311));
#11023=IFCCARTESIANPOINT((514.600000000014,243.699999999998,1277.36562269021));
#11024=IFCCARTESIANPOINT((512.600000000014,241.699999999998,1316.49062530787));
#11025=IFCCARTESIANPOINT((514.600000000014,243.699999999998,1317.80312291555));
#11026=IFCCARTESIANPOINT((512.600000000014,241.699999999998,1784.39687444584));
#11027=IFCCARTESIANPOINT((514.600000000014,243.699999999998,1782.83437370426));
#11028=IFCCARTESIANPOINT((513.158658529642,243.08655499919,1621.64687635655));
#11029=IFCCARTESIANPOINT((514.600000000014,243.699999999998,1641.30312471832));
#11030=IFCCARTESIANPOINT((512.600000000014,241.699999999998,1641.99062333753));
#11031=IFCCARTESIANPOINT((513.185786360843,243.114213485572,1519.9906267984));
#11032=IFCCARTESIANPOINT((513.174664223124,243.103003180007,1499.58437705976));
#11033=IFCCARTESIANPOINT((512.600000000014,241.699999999998,1601.30312752449));
#11034=IFCCARTESIANPOINT((514.600000000014,243.699999999998,1600.86562449297));
#11035=IFCCARTESIANPOINT((512.600000000014,241.699999999998,1580.95937961797));
#11036=IFCCARTESIANPOINT((514.600000000014,243.699999999998,1580.64687257753));
#11037=IFCCARTESIANPOINT((513.283052203714,243.205207129206,1591.1343088244));
#11038=IFCCARTESIANPOINT((514.600000000014,243.699999999998,1540.20937235219));
#11039=IFCCARTESIANPOINT((512.600000000014,241.699999999998,1540.27187592359));
#11040=IFCCARTESIANPOINT((514.600000000014,243.699999999998,1560.42812426763));
#11041=IFCCARTESIANPOINT((513.27485728375,243.197997590628,1570.70383869544));
#11042=IFCCARTESIANPOINT((512.600000000014,241.699999999998,1560.61562383011));
#11043=IFCCARTESIANPOINT((513.08864582249,243.009888754847,1550.32164867043));
#11044=IFCCARTESIANPOINT((512.600000000014,241.699999999998,1458.89687641618));
#11045=IFCCARTESIANPOINT((514.600000000014,243.699999999998,1459.3343719015));
#11046=IFCCARTESIANPOINT((514.600000000014,243.699999999998,1479.55312381693));
#11047=IFCCARTESIANPOINT((512.600000000014,241.699999999998,1479.2406243227));
#11048=IFCCARTESIANPOINT((513.10665339093,243.030381864403,1469.2373607625));
#11049=IFCCARTESIANPOINT((514.600000000014,243.699999999998,1701.95937325357));
#11050=IFCCARTESIANPOINT((512.600000000014,241.699999999998,1703.02187493843));
#11051=IFCCARTESIANPOINT((514.600000000014,243.699999999998,1722.17812516901));
#11052=IFCCARTESIANPOINT((512.600000000014,241.699999999998,1723.36562284494));
#11053=IFCCARTESIANPOINT((513.087974962162,243.009114313153,1712.07244632574));
#11054=IFCCARTESIANPOINT((512.600000000014,241.699999999998,1377.52187690876));
#11055=IFCCARTESIANPOINT((514.600000000014,243.699999999998,1378.4593714508));
#11056=IFCCARTESIANPOINT((514.600000000014,243.699999999998,1398.67812336624));
#11057=IFCCARTESIANPOINT((512.600000000014,241.699999999998,1397.86562481528));
#11058=IFCCARTESIANPOINT((513.128678056545,243.054699870326,1388.11916351628));
#11059=IFCCARTESIANPOINT((514.600000000014,243.699999999998,1439.11562359159));
#11060=IFCCARTESIANPOINT((512.600000000014,241.699999999998,1438.55312850966));
#11061=IFCCARTESIANPOINT((512.600000000014,241.699999999998,1418.20938060314));
#11062=IFCCARTESIANPOINT((514.600000000014,243.699999999998,1418.89687167615));
#11063=IFCCARTESIANPOINT((513.256954954681,243.181968287852,1428.64271128561));
#11064=IFCCARTESIANPOINT((514.600000000014,243.699999999998,1358.2406231409));
#11065=IFCCARTESIANPOINT((512.600000000014,241.699999999998,1357.17812900224));
#11066=IFCCARTESIANPOINT((512.600000000014,241.699999999998,1336.83438109573));
#11067=IFCCARTESIANPOINT((514.600000000014,243.699999999998,1338.02187122546));
#11068=IFCCARTESIANPOINT((513.23304761934,243.159945611646,1347.5140937421));
#11069=IFCCARTESIANPOINT((512.600000000014,241.699999999998,1682.67812703191));
#11070=IFCCARTESIANPOINT((514.600000000014,243.699999999998,1681.74062494366));
#11071=IFCCARTESIANPOINT((512.600000000014,241.699999999998,1662.33437912539));
#11072=IFCCARTESIANPOINT((513.123101935155,243.048618591748,1651.8003126666));
#11073=IFCCARTESIANPOINT((514.600000000014,243.699999999998,1661.52187302822));
#11074=IFCCARTESIANPOINT((513.283504348346,243.205602603322,1672.50970063981));
#11075=IFCCARTESIANPOINT((514.600000000014,243.699999999998,1742.39687347892));
#11076=IFCCARTESIANPOINT((512.600000000014,241.699999999998,1743.70937863281));
#11077=IFCCARTESIANPOINT((513.087404920181,243.008455625712,1732.29128442124));
#11078=IFCCARTESIANPOINT((514.600000000014,243.699999999998,1762.61562539435));
#11079=IFCCARTESIANPOINT((513.264196380566,243.188498804253,1773.02643614189));
#11080=IFCCARTESIANPOINT((512.600000000014,241.699999999998,1764.05312653932));
#11081=IFCCARTESIANPOINT((513.086728864595,243.007673686628,1752.51011972801));
#11082=IFCCARTESIANPOINT((512.600000000014,241.699999999998,1621.64687543101));
#11083=IFCCARTESIANPOINT((513.091942801941,243.013683176163,1611.4730734091));
#11084=IFCCARTESIANPOINT((514.600000000014,243.699999999998,1621.08437280288));
#11085=IFCCARTESIANPOINT((514.600000000014,243.699999999998,1519.99062404228));
#11086=IFCCARTESIANPOINT((513.290318608353,243.211533874026,1530.10000173626));
#11087=IFCCARTESIANPOINT((512.600000000014,241.699999999998,1519.92812801708));
#11088=IFCCARTESIANPOINT((512.600000000014,241.699999999998,1499.58438011056));
#11089=IFCCARTESIANPOINT((514.600000000014,243.699999999998,1499.77187212684));
#11090=IFCCARTESIANPOINT((513.280817949858,243.203249386675,1509.78208956126));
#11091=IFCCARTESIANPOINT((512.600000000014,237.699999999998,1855.6));
#11092=IFCCARTESIANPOINT((596.561556038679,238.699999999998,1835.6));
#11093=IFCCARTESIANPOINT((584.100000577053,243.699999999998,1840.6));
#11094=IFCCARTESIANPOINT((571.638443961349,238.699999999998,1835.6));
#11095=IFCCARTESIANPOINT((584.100002405587,242.094798205236,1836.92912201977));
#11096=IFCCARTESIANPOINT((566.638444858554,243.699999999998,1840.6));
#11097=IFCCARTESIANPOINT((601.561556295553,243.699999999998,1840.6));
#11098=IFCCARTESIANPOINT((557.502021379976,241.693385868691,1836.59504793523));
#11099=IFCCARTESIANPOINT((610.697981786273,241.693385813362,1836.59504789387));
#11100=IFCCARTESIANPOINT((604.219841054398,243.699999999998,1853.6));
#11101=IFCCARTESIANPOINT((584.100000507223,241.699999999998,1855.6));
#11102=IFCCARTESIANPOINT((561.980159735386,241.699999999998,1855.6));
#11103=IFCCARTESIANPOINT((619.850000253619,241.699999999998,1855.6));
#11104=IFCCARTESIANPOINT((559.409921127817,243.699999999998,1853.6));
#11105=IFCCARTESIANPOINT((581.814881691718,243.699999999998,1853.6));
#11106=IFCCARTESIANPOINT((628.909919926595,243.699999999998,1853.6));
#11107=IFCCARTESIANPOINT((537.2900798677,241.699999999998,1855.6));
#11108=IFCCARTESIANPOINT((537.004960563916,243.699999999998,1853.6));
#11109=IFCCARTESIANPOINT((548.207440845866,243.699999999998,1853.6));
#11110=IFCCARTESIANPOINT((630.909921146746,241.699999999998,1855.6));
#11111=IFCCARTESIANPOINT((641.254959963305,243.699999999998,1853.6));
#11112=IFCCARTESIANPOINT((524.945040441066,241.699999999998,1855.6));
#11113=IFCCARTESIANPOINT((549.635119294334,241.699999999998,1855.6));
#11114=IFCCARTESIANPOINT((643.25496057338,241.699999999998,1855.6));
#11115=IFCCARTESIANPOINT((526.945040036724,243.699999999998,1853.6));
#11116=IFCCARTESIANPOINT((531.975000443064,243.107641960747,1855.02075476784));
#11117=IFCCARTESIANPOINT((625.379960585644,243.073367787469,1855.05391228083));
#11118=IFCCARTESIANPOINT((601.974999873212,241.699999999998,1855.6));
#11119=IFCCARTESIANPOINT((593.017361973669,243.699999999998,1853.6));
#11120=IFCCARTESIANPOINT((611.738561095687,243.093471178011,1855.03465608285));
#11121=IFCCARTESIANPOINT((553.808681341428,243.144891382796,1854.9828553402));
#11122=IFCCARTESIANPOINT((598.618601929945,243.158197937345,1854.96881656021));
#11123=IFCCARTESIANPOINT((566.464933728399,243.178582909589,1854.94677116819));
#11124=IFCCARTESIANPOINT((616.564881091108,243.699999999998,1853.6));
#11125=IFCCARTESIANPOINT((542.922645798737,242.940489781938,1855.16881646501));
#11126=IFCCARTESIANPOINT((573.040080628514,241.699999999998,1855.6));
#11127=IFCCARTESIANPOINT((578.570040600285,243.06894722944,1855.05807526658));
#11128=IFCCARTESIANPOINT((570.612401409768,243.699999999998,1853.6));
#11129=IFCCARTESIANPOINT((643.700098335472,243.127004307935,1855.00130607118));
#11130=IFCPOLYLOOP((#10574,#10575,#10572,#10573));
#11131=IFCFACEOUTERBOUND(#11130,.T.);
#11132=IFCFACE((#11131));
#11133=IFCPOLYLOOP((#10578,#10579,#10576,#10604,#10594,#10595,#10588,#10619,#10597,#10624,#10587,#10610,#10601,#10602,#10589,#10615,#10591,#10592,#10577));
#11134=IFCFACEOUTERBOUND(#11133,.T.);
#11135=IFCFACE((#11134));
#11136=IFCPOLYLOOP((#10590,#10603,#10612));
#11137=IFCFACEOUTERBOUND(#11136,.T.);
#11138=IFCFACE((#11137));
#11139=IFCPOLYLOOP((#10617,#10621,#10605));
#11140=IFCFACEOUTERBOUND(#11139,.T.);
#11141=IFCFACE((#11140));
#11142=IFCPOLYLOOP((#10629,#10628,#10604));
#11143=IFCFACEOUTERBOUND(#11142,.T.);
#11144=IFCFACE((#11143));
#11145=IFCPOLYLOOP((#10612,#10614,#10590));
#11146=IFCFACEOUTERBOUND(#11145,.T.);
#11147=IFCFACE((#11146));
#11148=IFCPOLYLOOP((#10594,#10604,#10628));
#11149=IFCFACEOUTERBOUND(#11148,.T.);
#11150=IFCFACE((#11149));
#11151=IFCPOLYLOOP((#10608,#10607,#10606));
#11152=IFCFACEOUTERBOUND(#11151,.T.);
#11153=IFCFACE((#11152));
#11154=IFCPOLYLOOP((#10617,#10588,#10595));
#11155=IFCFACEOUTERBOUND(#11154,.T.);
#11156=IFCFACE((#11155));
#11157=IFCPOLYLOOP((#10620,#10599,#10598));
#11158=IFCFACEOUTERBOUND(#11157,.T.);
#11159=IFCFACE((#11158));
#11160=IFCPOLYLOOP((#10630,#10611,#10609));
#11161=IFCFACEOUTERBOUND(#11160,.T.);
#11162=IFCFACE((#11161));
#11163=IFCPOLYLOOP((#10622,#10625,#10624));
#11164=IFCFACEOUTERBOUND(#11163,.T.);
#11165=IFCFACE((#11164));
#11166=IFCPOLYLOOP((#10613,#10614,#10627));
#11167=IFCFACEOUTERBOUND(#11166,.T.);
#11168=IFCFACE((#11167));
#11169=IFCPOLYLOOP((#10582,#10577,#10616));
#11170=IFCFACEOUTERBOUND(#11169,.T.);
#11171=IFCFACE((#11170));
#11172=IFCPOLYLOOP((#10616,#10612,#10603));
#11173=IFCFACEOUTERBOUND(#11172,.T.);
#11174=IFCFACE((#11173));
#11175=IFCPOLYLOOP((#10596,#10628,#10629));
#11176=IFCFACEOUTERBOUND(#11175,.T.);
#11177=IFCFACE((#11176));
#11178=IFCPOLYLOOP((#10622,#10620,#10598));
#11179=IFCFACEOUTERBOUND(#11178,.T.);
#11180=IFCFACE((#11179));
#11181=IFCPOLYLOOP((#10617,#10595,#10621));
#11182=IFCFACEOUTERBOUND(#11181,.T.);
#11183=IFCFACE((#11182));
#11184=IFCPOLYLOOP((#10629,#10604,#10576));
#11185=IFCFACEOUTERBOUND(#11184,.T.);
#11186=IFCFACE((#11185));
#11187=IFCPOLYLOOP((#10629,#10583,#10580));
#11188=IFCFACEOUTERBOUND(#11187,.T.);
#11189=IFCFACE((#11188));
#11190=IFCPOLYLOOP((#10617,#10585,#10618));
#11191=IFCFACEOUTERBOUND(#11190,.T.);
#11192=IFCFACE((#11191));
#11193=IFCPOLYLOOP((#10619,#10618,#10620));
#11194=IFCFACEOUTERBOUND(#11193,.T.);
#11195=IFCFACE((#11194));
#11196=IFCPOLYLOOP((#10608,#10606,#10586));
#11197=IFCFACEOUTERBOUND(#11196,.T.);
#11198=IFCFACE((#11197));
#11199=IFCPOLYLOOP((#10609,#10607,#10601));
#11200=IFCFACEOUTERBOUND(#11199,.T.);
#11201=IFCFACE((#11200));
#11202=IFCPOLYLOOP((#10607,#10602,#10601));
#11203=IFCFACEOUTERBOUND(#11202,.T.);
#11204=IFCFACE((#11203));
#11205=IFCPOLYLOOP((#10616,#10603,#10581));
#11206=IFCFACEOUTERBOUND(#11205,.T.);
#11207=IFCFACE((#11206));
#11208=IFCPOLYLOOP((#10592,#10591,#10612));
#11209=IFCFACEOUTERBOUND(#11208,.T.);
#11210=IFCFACE((#11209));
#11211=IFCPOLYLOOP((#10609,#10600,#10607));
#11212=IFCFACEOUTERBOUND(#11211,.T.);
#11213=IFCFACE((#11212));
#11214=IFCPOLYLOOP((#10628,#10593,#10621));
#11215=IFCFACEOUTERBOUND(#11214,.T.);
#11216=IFCFACE((#11215));
#11217=IFCPOLYLOOP((#10606,#10607,#10600));
#11218=IFCFACEOUTERBOUND(#11217,.T.);
#11219=IFCFACE((#11218));
#11220=IFCPOLYLOOP((#10602,#10607,#10608));
#11221=IFCFACEOUTERBOUND(#11220,.T.);
#11222=IFCFACE((#11221));
#11223=IFCPOLYLOOP((#10608,#10589,#10602));
#11224=IFCFACEOUTERBOUND(#11223,.T.);
#11225=IFCFACE((#11224));
#11226=IFCPOLYLOOP((#10627,#10589,#10608));
#11227=IFCFACEOUTERBOUND(#11226,.T.);
#11228=IFCFACE((#11227));
#11229=IFCPOLYLOOP((#10626,#10584,#10611));
#11230=IFCFACEOUTERBOUND(#11229,.T.);
#11231=IFCFACE((#11230));
#11232=IFCPOLYLOOP((#10611,#10600,#10609));
#11233=IFCFACEOUTERBOUND(#11232,.T.);
#11234=IFCFACE((#11233));
#11235=IFCPOLYLOOP((#10626,#10625,#10584));
#11236=IFCFACEOUTERBOUND(#11235,.T.);
#11237=IFCFACE((#11236));
#11238=IFCPOLYLOOP((#10609,#10601,#10610));
#11239=IFCFACEOUTERBOUND(#11238,.T.);
#11240=IFCFACE((#11239));
#11241=IFCPOLYLOOP((#10616,#10592,#10612));
#11242=IFCFACEOUTERBOUND(#11241,.T.);
#11243=IFCFACE((#11242));
#11244=IFCPOLYLOOP((#10592,#10616,#10577));
#11245=IFCFACEOUTERBOUND(#11244,.T.);
#11246=IFCFACE((#11245));
#11247=IFCPOLYLOOP((#10591,#10614,#10612));
#11248=IFCFACEOUTERBOUND(#11247,.T.);
#11249=IFCFACE((#11248));
#11250=IFCPOLYLOOP((#10614,#10613,#10590));
#11251=IFCFACEOUTERBOUND(#11250,.T.);
#11252=IFCFACE((#11251));
#11253=IFCPOLYLOOP((#10627,#10615,#10589));
#11254=IFCFACEOUTERBOUND(#11253,.T.);
#11255=IFCFACE((#11254));
#11256=IFCPOLYLOOP((#10613,#10627,#10586));
#11257=IFCFACEOUTERBOUND(#11256,.T.);
#11258=IFCFACE((#11257));
#11259=IFCPOLYLOOP((#10614,#10591,#10615));
#11260=IFCFACEOUTERBOUND(#11259,.T.);
#11261=IFCFACE((#11260));
#11262=IFCPOLYLOOP((#10582,#10616,#10581));
#11263=IFCFACEOUTERBOUND(#11262,.T.);
#11264=IFCFACE((#11263));
#11265=IFCPOLYLOOP((#10588,#10617,#10618));
#11266=IFCFACEOUTERBOUND(#11265,.T.);
#11267=IFCFACE((#11266));
#11268=IFCPOLYLOOP((#10585,#10617,#10605));
#11269=IFCFACEOUTERBOUND(#11268,.T.);
#11270=IFCFACE((#11269));
#11271=IFCPOLYLOOP((#10622,#10597,#10620));
#11272=IFCFACEOUTERBOUND(#11271,.T.);
#11273=IFCFACE((#11272));
#11274=IFCPOLYLOOP((#10618,#10585,#10599));
#11275=IFCFACEOUTERBOUND(#11274,.T.);
#11276=IFCFACE((#11275));
#11277=IFCPOLYLOOP((#10619,#10588,#10618));
#11278=IFCFACEOUTERBOUND(#11277,.T.);
#11279=IFCFACE((#11278));
#11280=IFCPOLYLOOP((#10597,#10619,#10620));
#11281=IFCFACEOUTERBOUND(#11280,.T.);
#11282=IFCFACE((#11281));
#11283=IFCPOLYLOOP((#10599,#10620,#10618));
#11284=IFCFACEOUTERBOUND(#11283,.T.);
#11285=IFCFACE((#11284));
#11286=IFCPOLYLOOP((#10605,#10621,#10593));
#11287=IFCFACEOUTERBOUND(#11286,.T.);
#11288=IFCFACE((#11287));
#11289=IFCPOLYLOOP((#10621,#10595,#10594));
#11290=IFCFACEOUTERBOUND(#11289,.T.);
#11291=IFCFACE((#11290));
#11292=IFCPOLYLOOP((#10587,#10624,#10625));
#11293=IFCFACEOUTERBOUND(#11292,.T.);
#11294=IFCFACE((#11293));
#11295=IFCPOLYLOOP((#10624,#10597,#10622));
#11296=IFCFACEOUTERBOUND(#11295,.T.);
#11297=IFCFACE((#11296));
#11298=IFCPOLYLOOP((#10623,#10584,#10625));
#11299=IFCFACEOUTERBOUND(#11298,.T.);
#11300=IFCFACE((#11299));
#11301=IFCPOLYLOOP((#10622,#10598,#10623));
#11302=IFCFACEOUTERBOUND(#11301,.T.);
#11303=IFCFACE((#11302));
#11304=IFCPOLYLOOP((#10626,#10587,#10625));
#11305=IFCFACEOUTERBOUND(#11304,.T.);
#11306=IFCFACE((#11305));
#11307=IFCPOLYLOOP((#10623,#10625,#10622));
#11308=IFCFACEOUTERBOUND(#11307,.T.);
#11309=IFCFACE((#11308));
#11310=IFCPOLYLOOP((#10626,#10610,#10587));
#11311=IFCFACEOUTERBOUND(#11310,.T.);
#11312=IFCFACE((#11311));
#11313=IFCPOLYLOOP((#10630,#10610,#10626));
#11314=IFCFACEOUTERBOUND(#11313,.T.);
#11315=IFCFACE((#11314));
#11316=IFCPOLYLOOP((#10614,#10615,#10627));
#11317=IFCFACEOUTERBOUND(#11316,.T.);
#11318=IFCFACE((#11317));
#11319=IFCPOLYLOOP((#10586,#10627,#10608));
#11320=IFCFACEOUTERBOUND(#11319,.T.);
#11321=IFCFACE((#11320));
#11322=IFCPOLYLOOP((#10594,#10628,#10621));
#11323=IFCFACEOUTERBOUND(#11322,.T.);
#11324=IFCFACE((#11323));
#11325=IFCPOLYLOOP((#10593,#10628,#10596));
#11326=IFCFACEOUTERBOUND(#11325,.T.);
#11327=IFCFACE((#11326));
#11328=IFCPOLYLOOP((#10596,#10629,#10580));
#11329=IFCFACEOUTERBOUND(#11328,.T.);
#11330=IFCFACE((#11329));
#11331=IFCPOLYLOOP((#10583,#10629,#10576));
#11332=IFCFACEOUTERBOUND(#11331,.T.);
#11333=IFCFACE((#11332));
#11334=IFCPOLYLOOP((#10611,#10630,#10626));
#11335=IFCFACEOUTERBOUND(#11334,.T.);
#11336=IFCFACE((#11335));
#11337=IFCPOLYLOOP((#10630,#10609,#10610));
#11338=IFCFACEOUTERBOUND(#11337,.T.);
#11339=IFCFACE((#11338));
#11340=IFCPOLYLOOP((#10684,#10683,#10665));
#11341=IFCFACEOUTERBOUND(#11340,.T.);
#11342=IFCFACE((#11341));
#11343=IFCPOLYLOOP((#10762,#10653,#10728));
#11344=IFCFACEOUTERBOUND(#11343,.T.);
#11345=IFCFACE((#11344));
#11346=IFCPOLYLOOP((#10732,#10772,#10797));
#11347=IFCFACEOUTERBOUND(#11346,.T.);
#11348=IFCFACE((#11347));
#11349=IFCPOLYLOOP((#10802,#10671,#10748));
#11350=IFCFACEOUTERBOUND(#11349,.T.);
#11351=IFCFACE((#11350));
#11352=IFCPOLYLOOP((#10714,#10706,#10685));
#11353=IFCFACEOUTERBOUND(#11352,.T.);
#11354=IFCFACE((#11353));
#11355=IFCPOLYLOOP((#10686,#10650,#10681));
#11356=IFCFACEOUTERBOUND(#11355,.T.);
#11357=IFCFACE((#11356));
#11358=IFCPOLYLOOP((#10776,#10697,#10734,#10658));
#11359=IFCFACEOUTERBOUND(#11358,.T.);
#11360=IFCFACE((#11359));
#11361=IFCPOLYLOOP((#10717,#10718,#10715));
#11362=IFCFACEOUTERBOUND(#11361,.T.);
#11363=IFCFACE((#11362));
#11364=IFCPOLYLOOP((#10679,#10663,#10677,#10678));
#11365=IFCFACEOUTERBOUND(#11364,.T.);
#11366=IFCFACE((#11365));
#11367=IFCPOLYLOOP((#10674,#10809,#10810,#10805));
#11368=IFCFACEOUTERBOUND(#11367,.T.);
#11369=IFCFACE((#11368));
#11370=IFCPOLYLOOP((#10742,#10800,#10799));
#11371=IFCFACEOUTERBOUND(#11370,.T.);
#11372=IFCFACE((#11371));
#11373=IFCPOLYLOOP((#10716,#10718,#10717));
#11374=IFCFACEOUTERBOUND(#11373,.T.);
#11375=IFCFACE((#11374));
#11376=IFCPOLYLOOP((#10741,#10796,#10801));
#11377=IFCFACEOUTERBOUND(#11376,.T.);
#11378=IFCFACE((#11377));
#11379=IFCPOLYLOOP((#10731,#10770,#10773));
#11380=IFCFACEOUTERBOUND(#11379,.T.);
#11381=IFCFACE((#11380));
#11382=IFCPOLYLOOP((#10706,#10648,#10708));
#11383=IFCFACEOUTERBOUND(#11382,.T.);
#11384=IFCFACE((#11383));
#11385=IFCPOLYLOOP((#10701,#10788,#10738));
#11386=IFCFACEOUTERBOUND(#11385,.T.);
#11387=IFCFACE((#11386));
#11388=IFCPOLYLOOP((#10679,#10681,#10650));
#11389=IFCFACEOUTERBOUND(#11388,.T.);
#11390=IFCFACE((#11389));
#11391=IFCPOLYLOOP((#10633,#10634,#10682));
#11392=IFCFACEOUTERBOUND(#11391,.T.);
#11393=IFCFACE((#11392));
#11394=IFCPOLYLOOP((#10677,#10635,#10636));
#11395=IFCFACEOUTERBOUND(#11394,.T.);
#11396=IFCFACE((#11395));
#11397=IFCPOLYLOOP((#10725,#10754,#10757));
#11398=IFCFACEOUTERBOUND(#11397,.T.);
#11399=IFCFACE((#11398));
#11400=IFCPOLYLOOP((#10740,#10793,#10792));
#11401=IFCFACEOUTERBOUND(#11400,.T.);
#11402=IFCFACE((#11401));
#11403=IFCPOLYLOOP((#10726,#10756,#10761));
#11404=IFCFACEOUTERBOUND(#11403,.T.);
#11405=IFCFACE((#11404));
#11406=IFCPOLYLOOP((#10727,#10759,#10763));
#11407=IFCFACEOUTERBOUND(#11406,.T.);
#11408=IFCFACE((#11407));
#11409=IFCPOLYLOOP((#10751,#10805,#10810));
#11410=IFCFACEOUTERBOUND(#11409,.T.);
#11411=IFCFACE((#11410));
#11412=IFCPOLYLOOP((#10699,#10783,#10736));
#11413=IFCFACEOUTERBOUND(#11412,.T.);
#11414=IFCFACE((#11413));
#11415=IFCPOLYLOOP((#10781,#10699,#10736,#10657));
#11416=IFCFACEOUTERBOUND(#11415,.T.);
#11417=IFCFACE((#11416));
#11418=IFCPOLYLOOP((#10697,#10778,#10734));
#11419=IFCFACEOUTERBOUND(#11418,.T.);
#11420=IFCFACE((#11419));
#11421=IFCPOLYLOOP((#10636,#10675,#10678));
#11422=IFCFACEOUTERBOUND(#11421,.T.);
#11423=IFCFACE((#11422));
#11424=IFCPOLYLOOP((#10665,#10683,#10682));
#11425=IFCFACEOUTERBOUND(#11424,.T.);
#11426=IFCFACE((#11425));
#11427=IFCPOLYLOOP((#10659,#10715,#10684));
#11428=IFCFACEOUTERBOUND(#11427,.T.);
#11429=IFCFACE((#11428));
#11430=IFCPOLYLOOP((#10681,#10678,#10662));
#11431=IFCFACEOUTERBOUND(#11430,.T.);
#11432=IFCFACE((#11431));
#11433=IFCPOLYLOOP((#10684,#10715,#10660));
#11434=IFCFACEOUTERBOUND(#11433,.T.);
#11435=IFCFACE((#11434));
#11436=IFCPOLYLOOP((#10682,#10683,#10633));
#11437=IFCFACEOUTERBOUND(#11436,.T.);
#11438=IFCFACE((#11437));
#11439=IFCPOLYLOOP((#10668,#10712,#10711));
#11440=IFCFACEOUTERBOUND(#11439,.T.);
#11441=IFCFACE((#11440));
#11442=IFCPOLYLOOP((#10786,#10701,#10738,#10667));
#11443=IFCFACEOUTERBOUND(#11442,.T.);
#11444=IFCFACE((#11443));
#11445=IFCPOLYLOOP((#10709,#10710,#10711));
#11446=IFCFACEOUTERBOUND(#11445,.T.);
#11447=IFCFACE((#11446));
#11448=IFCPOLYLOOP((#10748,#10804,#10803));
#11449=IFCFACEOUTERBOUND(#11448,.T.);
#11450=IFCFACE((#11449));
#11451=IFCPOLYLOOP((#10739,#10790,#10794));
#11452=IFCFACEOUTERBOUND(#11451,.T.);
#11453=IFCFACE((#11452));
#11454=IFCPOLYLOOP((#10722,#10750,#10792));
#11455=IFCFACEOUTERBOUND(#11454,.T.);
#11456=IFCFACE((#11455));
#11457=IFCPOLYLOOP((#10693,#10768,#10730));
#11458=IFCFACEOUTERBOUND(#11457,.T.);
#11459=IFCFACE((#11458));
#11460=IFCPOLYLOOP((#10766,#10693,#10730,#10673));
#11461=IFCFACEOUTERBOUND(#11460,.T.);
#11462=IFCFACE((#11461));
#11463=IFCPOLYLOOP((#10806,#10758,#10640,#10805));
#11464=IFCFACEOUTERBOUND(#11463,.T.);
#11465=IFCFACE((#11464));
#11466=IFCPOLYLOOP((#10636,#10631,#10675));
#11467=IFCFACEOUTERBOUND(#11466,.T.);
#11468=IFCFACE((#11467));
#11469=IFCPOLYLOOP((#10676,#10632,#10633));
#11470=IFCFACEOUTERBOUND(#11469,.T.);
#11471=IFCFACE((#11470));
#11472=IFCPOLYLOOP((#10636,#10678,#10677));
#11473=IFCFACEOUTERBOUND(#11472,.T.);
#11474=IFCFACE((#11473));
#11475=IFCPOLYLOOP((#10678,#10675,#10662));
#11476=IFCFACEOUTERBOUND(#11475,.T.);
#11477=IFCFACE((#11476));
#11478=IFCPOLYLOOP((#10680,#10649,#10681,#10662));
#11479=IFCFACEOUTERBOUND(#11478,.T.);
#11480=IFCFACE((#11479));
#11481=IFCPOLYLOOP((#10679,#10678,#10681));
#11482=IFCFACEOUTERBOUND(#11481,.T.);
#11483=IFCFACE((#11482));
#11484=IFCPOLYLOOP((#10725,#10753,#10803));
#11485=IFCFACEOUTERBOUND(#11484,.T.);
#11486=IFCFACE((#11485));
#11487=IFCPOLYLOOP((#10676,#10633,#10683));
#11488=IFCFACEOUTERBOUND(#11487,.T.);
#11489=IFCFACE((#11488));
#11490=IFCPOLYLOOP((#10683,#10664,#10676));
#11491=IFCFACEOUTERBOUND(#11490,.T.);
#11492=IFCFACE((#11491));
#11493=IFCPOLYLOOP((#10664,#10683,#10684));
#11494=IFCFACEOUTERBOUND(#11493,.T.);
#11495=IFCFACE((#11494));
#11496=IFCPOLYLOOP((#10664,#10684,#10660));
#11497=IFCFACEOUTERBOUND(#11496,.T.);
#11498=IFCFACE((#11497));
#11499=IFCPOLYLOOP((#10724,#10659,#10684,#10665));
#11500=IFCFACEOUTERBOUND(#11499,.T.);
#11501=IFCFACE((#11500));
#11502=IFCPOLYLOOP((#10649,#10686,#10681));
#11503=IFCFACEOUTERBOUND(#11502,.T.);
#11504=IFCFACE((#11503));
#11505=IFCPOLYLOOP((#10707,#10650,#10686));
#11506=IFCFACEOUTERBOUND(#11505,.T.);
#11507=IFCFACE((#11506));
#11508=IFCPOLYLOOP((#10708,#10647,#10706));
#11509=IFCFACEOUTERBOUND(#11508,.T.);
#11510=IFCFACE((#11509));
#11511=IFCPOLYLOOP((#10687,#10648,#10706));
#11512=IFCFACEOUTERBOUND(#11511,.T.);
#11513=IFCFACE((#11512));
#11514=IFCPOLYLOOP((#10649,#10714,#10686));
#11515=IFCFACEOUTERBOUND(#11514,.T.);
#11516=IFCFACE((#11515));
#11517=IFCPOLYLOOP((#10755,#10688,#10726,#10653));
#11518=IFCFACEOUTERBOUND(#11517,.T.);
#11519=IFCFACE((#11518));
#11520=IFCPOLYLOOP((#10727,#10758,#10806));
#11521=IFCFACEOUTERBOUND(#11520,.T.);
#11522=IFCFACE((#11521));
#11523=IFCPOLYLOOP((#10760,#10690,#10728));
#11524=IFCFACEOUTERBOUND(#11523,.T.);
#11525=IFCFACE((#11524));
#11526=IFCPOLYLOOP((#10692,#10767,#10768,#10764));
#11527=IFCFACEOUTERBOUND(#11526,.T.);
#11528=IFCFACE((#11527));
#11529=IFCPOLYLOOP((#10729,#10764,#10768));
#11530=IFCFACEOUTERBOUND(#11529,.T.);
#11531=IFCFACE((#11530));
#11532=IFCPOLYLOOP((#10769,#10642,#10731,#10694));
#11533=IFCFACEOUTERBOUND(#11532,.T.);
#11534=IFCFACE((#11533));
#11535=IFCPOLYLOOP((#10771,#10694,#10732,#10646));
#11536=IFCFACEOUTERBOUND(#11535,.T.);
#11537=IFCFACE((#11536));
#11538=IFCPOLYLOOP((#10778,#10733,#10696));
#11539=IFCFACEOUTERBOUND(#11538,.T.);
#11540=IFCFACE((#11539));
#11541=IFCPOLYLOOP((#10774,#10696,#10733,#10638));
#11542=IFCFACEOUTERBOUND(#11541,.T.);
#11543=IFCFACE((#11542));
#11544=IFCPOLYLOOP((#10698,#10782,#10783,#10779));
#11545=IFCFACEOUTERBOUND(#11544,.T.);
#11546=IFCFACE((#11545));
#11547=IFCPOLYLOOP((#10735,#10779,#10783));
#11548=IFCFACEOUTERBOUND(#11547,.T.);
#11549=IFCFACE((#11548));
#11550=IFCPOLYLOOP((#10788,#10737,#10700));
#11551=IFCFACEOUTERBOUND(#11550,.T.);
#11552=IFCFACE((#11551));
#11553=IFCPOLYLOOP((#10784,#10700,#10737,#10641));
#11554=IFCFACEOUTERBOUND(#11553,.T.);
#11555=IFCFACE((#11554));
#11556=IFCPOLYLOOP((#10789,#10639,#10739,#10702));
#11557=IFCFACEOUTERBOUND(#11556,.T.);
#11558=IFCFACE((#11557));
#11559=IFCPOLYLOOP((#10791,#10702,#10740,#10670));
#11560=IFCFACEOUTERBOUND(#11559,.T.);
#11561=IFCFACE((#11560));
#11562=IFCPOLYLOOP((#10795,#10646,#10741,#10704));
#11563=IFCFACEOUTERBOUND(#11562,.T.);
#11564=IFCFACE((#11563));
#11565=IFCPOLYLOOP((#10798,#10704,#10742,#10643));
#11566=IFCFACEOUTERBOUND(#11565,.T.);
#11567=IFCFACE((#11566));
#11568=IFCPOLYLOOP((#10687,#10706,#10714));
#11569=IFCFACEOUTERBOUND(#11568,.T.);
#11570=IFCFACE((#11569));
#11571=IFCPOLYLOOP((#10743,#10685,#10706,#10647));
#11572=IFCFACEOUTERBOUND(#11571,.T.);
#11573=IFCFACE((#11572));
#11574=IFCPOLYLOOP((#10744,#10667,#10712,#10668));
#11575=IFCFACEOUTERBOUND(#11574,.T.);
#11576=IFCFACE((#11575));
#11577=IFCPOLYLOOP((#10685,#10707,#10714));
#11578=IFCFACEOUTERBOUND(#11577,.T.);
#11579=IFCFACE((#11578));
#11580=IFCPOLYLOOP((#10708,#10713,#10711));
#11581=IFCFACEOUTERBOUND(#11580,.T.);
#11582=IFCFACE((#11581));
#11583=IFCPOLYLOOP((#10711,#10710,#10708));
#11584=IFCFACEOUTERBOUND(#11583,.T.);
#11585=IFCFACE((#11584));
#11586=IFCPOLYLOOP((#10710,#10647,#10708));
#11587=IFCFACEOUTERBOUND(#11586,.T.);
#11588=IFCFACE((#11587));
#11589=IFCPOLYLOOP((#10712,#10709,#10711));
#11590=IFCFACEOUTERBOUND(#11589,.T.);
#11591=IFCFACE((#11590));
#11592=IFCPOLYLOOP((#10687,#10714,#10649));
#11593=IFCFACEOUTERBOUND(#11592,.T.);
#11594=IFCFACE((#11593));
#11595=IFCPOLYLOOP((#10745,#10709,#10712,#10666));
#11596=IFCFACEOUTERBOUND(#11595,.T.);
#11597=IFCFACE((#11596));
#11598=IFCPOLYLOOP((#10666,#10712,#10738));
#11599=IFCFACEOUTERBOUND(#11598,.T.);
#11600=IFCFACE((#11599));
#11601=IFCPOLYLOOP((#10668,#10711,#10713));
#11602=IFCFACEOUTERBOUND(#11601,.T.);
#11603=IFCFACE((#11602));
#11604=IFCPOLYLOOP((#10708,#10648,#10713));
#11605=IFCFACEOUTERBOUND(#11604,.T.);
#11606=IFCFACE((#11605));
#11607=IFCPOLYLOOP((#10686,#10714,#10707));
#11608=IFCFACEOUTERBOUND(#11607,.T.);
#11609=IFCFACE((#11608));
#11610=IFCPOLYLOOP((#10661,#10720,#10718));
#11611=IFCFACEOUTERBOUND(#11610,.T.);
#11612=IFCFACE((#11611));
#11613=IFCPOLYLOOP((#10718,#10719,#10661));
#11614=IFCFACEOUTERBOUND(#11613,.T.);
#11615=IFCFACE((#11614));
#11616=IFCPOLYLOOP((#10716,#10719,#10718));
#11617=IFCFACEOUTERBOUND(#11616,.T.);
#11618=IFCFACE((#11617));
#11619=IFCPOLYLOOP((#10715,#10718,#10720));
#11620=IFCFACEOUTERBOUND(#11619,.T.);
#11621=IFCFACE((#11620));
#11622=IFCPOLYLOOP((#10715,#10659,#10717));
#11623=IFCFACEOUTERBOUND(#11622,.T.);
#11624=IFCFACE((#11623));
#11625=IFCPOLYLOOP((#10746,#10661,#10719,#10644));
#11626=IFCFACEOUTERBOUND(#11625,.T.);
#11627=IFCFACE((#11626));
#11628=IFCPOLYLOOP((#10705,#10801,#10796));
#11629=IFCFACEOUTERBOUND(#11628,.T.);
#11630=IFCFACE((#11629));
#11631=IFCPOLYLOOP((#10719,#10747,#10799));
#11632=IFCFACEOUTERBOUND(#11631,.T.);
#11633=IFCFACE((#11632));
#11634=IFCPOLYLOOP((#10720,#10660,#10715));
#11635=IFCFACEOUTERBOUND(#11634,.T.);
#11636=IFCFACE((#11635));
#11637=IFCPOLYLOOP((#10703,#10794,#10790));
#11638=IFCFACEOUTERBOUND(#11637,.T.);
#11639=IFCFACE((#11638));
#11640=IFCPOLYLOOP((#10749,#10721,#10722,#10669));
#11641=IFCFACEOUTERBOUND(#11640,.T.);
#11642=IFCFACE((#11641));
#11643=IFCPOLYLOOP((#10671,#10722,#10748));
#11644=IFCFACEOUTERBOUND(#11643,.T.);
#11645=IFCFACE((#11644));
#11646=IFCPOLYLOOP((#10757,#10726,#10688));
#11647=IFCFACEOUTERBOUND(#11646,.T.);
#11648=IFCFACE((#11647));
#11649=IFCPOLYLOOP((#10808,#10723,#10752,#10672));
#11650=IFCFACEOUTERBOUND(#11649,.T.);
#11651=IFCFACE((#11650));
#11652=IFCPOLYLOOP((#10727,#10806,#10637));
#11653=IFCFACEOUTERBOUND(#11652,.T.);
#11654=IFCFACE((#11653));
#11655=IFCPOLYLOOP((#10691,#10762,#10763,#10759));
#11656=IFCFACEOUTERBOUND(#11655,.T.);
#11657=IFCFACE((#11656));
#11658=IFCPOLYLOOP((#10757,#10756,#10726));
#11659=IFCFACEOUTERBOUND(#11658,.T.);
#11660=IFCFACE((#11659));
#11661=IFCPOLYLOOP((#10763,#10728,#10690));
#11662=IFCFACEOUTERBOUND(#11661,.T.);
#11663=IFCFACE((#11662));
#11664=IFCPOLYLOOP((#10751,#10637,#10806));
#11665=IFCFACEOUTERBOUND(#11664,.T.);
#11666=IFCFACE((#11665));
#11667=IFCPOLYLOOP((#10728,#10761,#10760));
#11668=IFCFACEOUTERBOUND(#11667,.T.);
#11669=IFCFACE((#11668));
#11670=IFCPOLYLOOP((#10763,#10762,#10728));
#11671=IFCFACEOUTERBOUND(#11670,.T.);
#11672=IFCFACE((#11671));
#11673=IFCPOLYLOOP((#10656,#10729,#10735));
#11674=IFCFACEOUTERBOUND(#11673,.T.);
#11675=IFCFACE((#11674));
#11676=IFCPOLYLOOP((#10765,#10655,#10729,#10693));
#11677=IFCFACEOUTERBOUND(#11676,.T.);
#11678=IFCFACE((#11677));
#11679=IFCPOLYLOOP((#10673,#10730,#10752));
#11680=IFCFACEOUTERBOUND(#11679,.T.);
#11681=IFCFACE((#11680));
#11682=IFCPOLYLOOP((#10767,#10672,#10730));
#11683=IFCFACEOUTERBOUND(#11682,.T.);
#11684=IFCFACE((#11683));
#11685=IFCPOLYLOOP((#10773,#10732,#10694));
#11686=IFCFACEOUTERBOUND(#11685,.T.);
#11687=IFCFACE((#11686));
#11688=IFCPOLYLOOP((#10639,#10731,#10739));
#11689=IFCFACEOUTERBOUND(#11688,.T.);
#11690=IFCFACE((#11689));
#11691=IFCPOLYLOOP((#10797,#10741,#10646));
#11692=IFCFACEOUTERBOUND(#11691,.T.);
#11693=IFCFACE((#11692));
#11694=IFCPOLYLOOP((#10695,#10732,#10773));
#11695=IFCFACEOUTERBOUND(#11694,.T.);
#11696=IFCFACE((#11695));
#11697=IFCPOLYLOOP((#10638,#10733,#10737));
#11698=IFCFACEOUTERBOUND(#11697,.T.);
#11699=IFCFACE((#11698));
#11700=IFCPOLYLOOP((#10775,#10641,#10733));
#11701=IFCFACEOUTERBOUND(#11700,.T.);
#11702=IFCFACE((#11701));
#11703=IFCPOLYLOOP((#10658,#10734,#10736));
#11704=IFCFACEOUTERBOUND(#11703,.T.);
#11705=IFCFACE((#11704));
#11706=IFCPOLYLOOP((#10777,#10657,#10734));
#11707=IFCFACEOUTERBOUND(#11706,.T.);
#11708=IFCFACE((#11707));
#11709=IFCPOLYLOOP((#10655,#10735,#10729));
#11710=IFCFACEOUTERBOUND(#11709,.T.);
#11711=IFCFACE((#11710));
#11712=IFCPOLYLOOP((#10780,#10656,#10735));
#11713=IFCFACEOUTERBOUND(#11712,.T.);
#11714=IFCFACE((#11713));
#11715=IFCPOLYLOOP((#10657,#10736,#10734));
#11716=IFCFACEOUTERBOUND(#11715,.T.);
#11717=IFCFACE((#11716));
#11718=IFCPOLYLOOP((#10782,#10658,#10736));
#11719=IFCFACEOUTERBOUND(#11718,.T.);
#11720=IFCFACE((#11719));
#11721=IFCPOLYLOOP((#10641,#10737,#10733));
#11722=IFCFACEOUTERBOUND(#11721,.T.);
#11723=IFCFACE((#11722));
#11724=IFCPOLYLOOP((#10785,#10638,#10737));
#11725=IFCFACEOUTERBOUND(#11724,.T.);
#11726=IFCFACE((#11725));
#11727=IFCPOLYLOOP((#10667,#10738,#10712));
#11728=IFCFACEOUTERBOUND(#11727,.T.);
#11729=IFCFACE((#11728));
#11730=IFCPOLYLOOP((#10787,#10666,#10738));
#11731=IFCFACEOUTERBOUND(#11730,.T.);
#11732=IFCFACE((#11731));
#11733=IFCPOLYLOOP((#10794,#10740,#10702));
#11734=IFCFACEOUTERBOUND(#11733,.T.);
#11735=IFCFACE((#11734));
#11736=IFCPOLYLOOP((#10642,#10739,#10731));
#11737=IFCFACEOUTERBOUND(#11736,.T.);
#11738=IFCFACE((#11737));
#11739=IFCPOLYLOOP((#10792,#10670,#10740));
#11740=IFCFACEOUTERBOUND(#11739,.T.);
#11741=IFCFACE((#11740));
#11742=IFCPOLYLOOP((#10703,#10740,#10794));
#11743=IFCFACEOUTERBOUND(#11742,.T.);
#11744=IFCFACE((#11743));
#11745=IFCPOLYLOOP((#10801,#10742,#10704));
#11746=IFCFACEOUTERBOUND(#11745,.T.);
#11747=IFCFACE((#11746));
#11748=IFCPOLYLOOP((#10645,#10741,#10797));
#11749=IFCFACEOUTERBOUND(#11748,.T.);
#11750=IFCFACE((#11749));
#11751=IFCPOLYLOOP((#10799,#10643,#10742));
#11752=IFCFACEOUTERBOUND(#11751,.T.);
#11753=IFCFACE((#11752));
#11754=IFCPOLYLOOP((#10705,#10742,#10801));
#11755=IFCFACEOUTERBOUND(#11754,.T.);
#11756=IFCFACE((#11755));
#11757=IFCPOLYLOOP((#10748,#10803,#10802));
#11758=IFCFACEOUTERBOUND(#11757,.T.);
#11759=IFCFACE((#11758));
#11760=IFCPOLYLOOP((#10719,#10716,#10747));
#11761=IFCFACEOUTERBOUND(#11760,.T.);
#11762=IFCFACE((#11761));
#11763=IFCPOLYLOOP((#10721,#10748,#10722));
#11764=IFCFACEOUTERBOUND(#11763,.T.);
#11765=IFCFACE((#11764));
#11766=IFCPOLYLOOP((#10807,#10637,#10751,#10723));
#11767=IFCFACEOUTERBOUND(#11766,.T.);
#11768=IFCFACE((#11767));
#11769=IFCPOLYLOOP((#10722,#10671,#10750));
#11770=IFCFACEOUTERBOUND(#11769,.T.);
#11771=IFCFACE((#11770));
#11772=IFCPOLYLOOP((#10752,#10723,#10810));
#11773=IFCFACEOUTERBOUND(#11772,.T.);
#11774=IFCFACE((#11773));
#11775=IFCPOLYLOOP((#10672,#10752,#10730));
#11776=IFCFACEOUTERBOUND(#11775,.T.);
#11777=IFCFACE((#11776));
#11778=IFCPOLYLOOP((#10809,#10673,#10752));
#11779=IFCFACEOUTERBOUND(#11778,.T.);
#11780=IFCFACE((#11779));
#11781=IFCPOLYLOOP((#10689,#10756,#10757,#10754));
#11782=IFCFACEOUTERBOUND(#11781,.T.);
#11783=IFCFACE((#11782));
#11784=IFCPOLYLOOP((#10753,#10725,#10688));
#11785=IFCFACEOUTERBOUND(#11784,.T.);
#11786=IFCFACE((#11785));
#11787=IFCPOLYLOOP((#10725,#10651,#10754));
#11788=IFCFACEOUTERBOUND(#11787,.T.);
#11789=IFCFACE((#11788));
#11790=IFCPOLYLOOP((#10725,#10757,#10688));
#11791=IFCFACEOUTERBOUND(#11790,.T.);
#11792=IFCFACE((#11791));
#11793=IFCPOLYLOOP((#10654,#10760,#10761,#10756));
#11794=IFCFACEOUTERBOUND(#11793,.T.);
#11795=IFCFACE((#11794));
#11796=IFCPOLYLOOP((#10727,#10690,#10758));
#11797=IFCFACEOUTERBOUND(#11796,.T.);
#11798=IFCFACE((#11797));
#11799=IFCPOLYLOOP((#10727,#10637,#10759));
#11800=IFCFACEOUTERBOUND(#11799,.T.);
#11801=IFCFACE((#11800));
#11802=IFCPOLYLOOP((#10726,#10761,#10653));
#11803=IFCFACEOUTERBOUND(#11802,.T.);
#11804=IFCFACE((#11803));
#11805=IFCPOLYLOOP((#10761,#10728,#10653));
#11806=IFCFACEOUTERBOUND(#11805,.T.);
#11807=IFCFACE((#11806));
#11808=IFCPOLYLOOP((#10727,#10763,#10690));
#11809=IFCFACEOUTERBOUND(#11808,.T.);
#11810=IFCFACE((#11809));
#11811=IFCPOLYLOOP((#10729,#10768,#10693));
#11812=IFCFACEOUTERBOUND(#11811,.T.);
#11813=IFCFACE((#11812));
#11814=IFCPOLYLOOP((#10764,#10729,#10656));
#11815=IFCFACEOUTERBOUND(#11814,.T.);
#11816=IFCFACE((#11815));
#11817=IFCPOLYLOOP((#10730,#10768,#10767));
#11818=IFCFACEOUTERBOUND(#11817,.T.);
#11819=IFCFACE((#11818));
#11820=IFCPOLYLOOP((#10695,#10773,#10770));
#11821=IFCFACEOUTERBOUND(#11820,.T.);
#11822=IFCFACE((#11821));
#11823=IFCPOLYLOOP((#10731,#10639,#10770));
#11824=IFCFACEOUTERBOUND(#11823,.T.);
#11825=IFCFACE((#11824));
#11826=IFCPOLYLOOP((#10732,#10695,#10772));
#11827=IFCFACEOUTERBOUND(#11826,.T.);
#11828=IFCFACE((#11827));
#11829=IFCPOLYLOOP((#10731,#10773,#10694));
#11830=IFCFACEOUTERBOUND(#11829,.T.);
#11831=IFCFACE((#11830));
#11832=IFCPOLYLOOP((#10775,#10733,#10778));
#11833=IFCFACEOUTERBOUND(#11832,.T.);
#11834=IFCFACE((#11833));
#11835=IFCPOLYLOOP((#10697,#10775,#10778));
#11836=IFCFACEOUTERBOUND(#11835,.T.);
#11837=IFCFACE((#11836));
#11838=IFCPOLYLOOP((#10696,#10777,#10778));
#11839=IFCFACEOUTERBOUND(#11838,.T.);
#11840=IFCFACE((#11839));
#11841=IFCPOLYLOOP((#10734,#10778,#10777));
#11842=IFCFACEOUTERBOUND(#11841,.T.);
#11843=IFCFACE((#11842));
#11844=IFCPOLYLOOP((#10780,#10735,#10783));
#11845=IFCFACEOUTERBOUND(#11844,.T.);
#11846=IFCFACE((#11845));
#11847=IFCPOLYLOOP((#10779,#10735,#10655));
#11848=IFCFACEOUTERBOUND(#11847,.T.);
#11849=IFCFACE((#11848));
#11850=IFCPOLYLOOP((#10699,#10780,#10783));
#11851=IFCFACEOUTERBOUND(#11850,.T.);
#11852=IFCFACE((#11851));
#11853=IFCPOLYLOOP((#10736,#10783,#10782));
#11854=IFCFACEOUTERBOUND(#11853,.T.);
#11855=IFCFACE((#11854));
#11856=IFCPOLYLOOP((#10785,#10737,#10788));
#11857=IFCFACEOUTERBOUND(#11856,.T.);
#11858=IFCFACE((#11857));
#11859=IFCPOLYLOOP((#10701,#10785,#10788));
#11860=IFCFACEOUTERBOUND(#11859,.T.);
#11861=IFCFACE((#11860));
#11862=IFCPOLYLOOP((#10700,#10787,#10788));
#11863=IFCFACEOUTERBOUND(#11862,.T.);
#11864=IFCFACE((#11863));
#11865=IFCPOLYLOOP((#10738,#10788,#10787));
#11866=IFCFACEOUTERBOUND(#11865,.T.);
#11867=IFCFACE((#11866));
#11868=IFCPOLYLOOP((#10670,#10792,#10750));
#11869=IFCFACEOUTERBOUND(#11868,.T.);
#11870=IFCFACE((#11869));
#11871=IFCPOLYLOOP((#10739,#10642,#10790));
#11872=IFCFACEOUTERBOUND(#11871,.T.);
#11873=IFCFACE((#11872));
#11874=IFCPOLYLOOP((#10722,#10792,#10669));
#11875=IFCFACEOUTERBOUND(#11874,.T.);
#11876=IFCFACE((#11875));
#11877=IFCPOLYLOOP((#10669,#10792,#10793));
#11878=IFCFACEOUTERBOUND(#11877,.T.);
#11879=IFCFACE((#11878));
#11880=IFCPOLYLOOP((#10740,#10703,#10793));
#11881=IFCFACEOUTERBOUND(#11880,.T.);
#11882=IFCFACE((#11881));
#11883=IFCPOLYLOOP((#10739,#10794,#10702));
#11884=IFCFACEOUTERBOUND(#11883,.T.);
#11885=IFCFACE((#11884));
#11886=IFCPOLYLOOP((#10645,#10797,#10772));
#11887=IFCFACEOUTERBOUND(#11886,.T.);
#11888=IFCFACE((#11887));
#11889=IFCPOLYLOOP((#10741,#10645,#10796));
#11890=IFCFACEOUTERBOUND(#11889,.T.);
#11891=IFCFACE((#11890));
#11892=IFCPOLYLOOP((#10732,#10797,#10646));
#11893=IFCFACEOUTERBOUND(#11892,.T.);
#11894=IFCFACE((#11893));
#11895=IFCPOLYLOOP((#10643,#10799,#10747));
#11896=IFCFACEOUTERBOUND(#11895,.T.);
#11897=IFCFACE((#11896));
#11898=IFCPOLYLOOP((#10719,#10799,#10644));
#11899=IFCFACEOUTERBOUND(#11898,.T.);
#11900=IFCFACE((#11899));
#11901=IFCPOLYLOOP((#10644,#10799,#10800));
#11902=IFCFACEOUTERBOUND(#11901,.T.);
#11903=IFCFACE((#11902));
#11904=IFCPOLYLOOP((#10742,#10705,#10800));
#11905=IFCFACEOUTERBOUND(#11904,.T.);
#11906=IFCFACE((#11905));
#11907=IFCPOLYLOOP((#10741,#10801,#10704));
#11908=IFCFACEOUTERBOUND(#11907,.T.);
#11909=IFCFACE((#11908));
#11910=IFCPOLYLOOP((#10652,#10802,#10803,#10753));
#11911=IFCFACEOUTERBOUND(#11910,.T.);
#11912=IFCFACE((#11911));
#11913=IFCPOLYLOOP((#10725,#10803,#10651));
#11914=IFCFACEOUTERBOUND(#11913,.T.);
#11915=IFCFACE((#11914));
#11916=IFCPOLYLOOP((#10651,#10803,#10804));
#11917=IFCFACEOUTERBOUND(#11916,.T.);
#11918=IFCFACE((#11917));
#11919=IFCPOLYLOOP((#10748,#10721,#10804));
#11920=IFCFACEOUTERBOUND(#11919,.T.);
#11921=IFCFACE((#11920));
#11922=IFCPOLYLOOP((#10751,#10806,#10805));
#11923=IFCFACEOUTERBOUND(#11922,.T.);
#11924=IFCFACE((#11923));
#11925=IFCPOLYLOOP((#10751,#10810,#10723));
#11926=IFCFACEOUTERBOUND(#11925,.T.);
#11927=IFCFACE((#11926));
#11928=IFCPOLYLOOP((#10752,#10810,#10809));
#11929=IFCFACEOUTERBOUND(#11928,.T.);
#11930=IFCFACE((#11929));
#11931=IFCPOLYLOOP((#10812,#10632,#10676,#10664,#10660,#10720,#10661,#10746,#10644,#10800,#10705,#10796,#10645,#10772,#10695,#10770,#10639,#10789,#10702,#10791,#10670,#10750,#10671,#10802,#10652,#10753,#10688,#10755,#10653,#10762,#10691,#10759,#10637,#10807,#10723,#10808,#10672,#10767,#10692,#10764,#10656,#10780,#10699,#10781,#10657,#10777,#10696,#10774,#10638,#10785,#10701,#10786,#10667,#10744,#10668,#10713,#10648,#10687,#10649,#10680,#10662,#10675,#10631,#10811));
#11932=IFCFACEOUTERBOUND(#11931,.T.);
#11933=IFCFACE((#11932));
#11934=IFCPOLYLOOP((#10813,#10814,#10574,#10573));
#11935=IFCFACEOUTERBOUND(#11934,.T.);
#11936=IFCFACE((#11935));
#11937=IFCPOLYLOOP((#10816,#10578,#10577,#10821,#10819,#10815));
#11938=IFCFACEOUTERBOUND(#11937,.T.);
#11939=IFCFACE((#11938));
#11940=IFCPOLYLOOP((#10820,#10824,#10822,#10823));
#11941=IFCFACEOUTERBOUND(#11940,.T.);
#11942=IFCFACE((#11941));
#11943=IFCPOLYLOOP((#10825,#10582,#10823));
#11944=IFCFACEOUTERBOUND(#11943,.T.);
#11945=IFCFACE((#11944));
#11946=IFCPOLYLOOP((#10826,#10818,#10815));
#11947=IFCFACEOUTERBOUND(#11946,.T.);
#11948=IFCFACE((#11947));
#11949=IFCPOLYLOOP((#10826,#10819,#10822));
#11950=IFCFACEOUTERBOUND(#11949,.T.);
#11951=IFCFACE((#11950));
#11952=IFCPOLYLOOP((#10825,#10821,#10577));
#11953=IFCFACEOUTERBOUND(#11952,.T.);
#11954=IFCFACE((#11953));
#11955=IFCPOLYLOOP((#10819,#10821,#10822));
#11956=IFCFACEOUTERBOUND(#11955,.T.);
#11957=IFCFACE((#11956));
#11958=IFCPOLYLOOP((#10826,#10822,#10824));
#11959=IFCFACEOUTERBOUND(#11958,.T.);
#11960=IFCFACE((#11959));
#11961=IFCPOLYLOOP((#10822,#10825,#10823));
#11962=IFCFACEOUTERBOUND(#11961,.T.);
#11963=IFCFACE((#11962));
#11964=IFCPOLYLOOP((#10822,#10821,#10825));
#11965=IFCFACEOUTERBOUND(#11964,.T.);
#11966=IFCFACE((#11965));
#11967=IFCPOLYLOOP((#10582,#10581,#10823));
#11968=IFCFACEOUTERBOUND(#11967,.T.);
#11969=IFCFACE((#11968));
#11970=IFCPOLYLOOP((#10824,#10817,#10818));
#11971=IFCFACEOUTERBOUND(#11970,.T.);
#11972=IFCFACE((#11971));
#11973=IFCPOLYLOOP((#10582,#10825,#10577));
#11974=IFCFACEOUTERBOUND(#11973,.T.);
#11975=IFCFACE((#11974));
#11976=IFCPOLYLOOP((#10819,#10826,#10815));
#11977=IFCFACEOUTERBOUND(#11976,.T.);
#11978=IFCFACE((#11977));
#11979=IFCPOLYLOOP((#10818,#10826,#10824));
#11980=IFCFACEOUTERBOUND(#11979,.T.);
#11981=IFCFACE((#11980));
#11982=IFCPOLYLOOP((#10846,#10842,#10837));
#11983=IFCFACEOUTERBOUND(#11982,.T.);
#11984=IFCFACE((#11983));
#11985=IFCPOLYLOOP((#10853,#10857,#10858));
#11986=IFCFACEOUTERBOUND(#11985,.T.);
#11987=IFCFACE((#11986));
#11988=IFCPOLYLOOP((#10840,#10859,#10847));
#11989=IFCFACEOUTERBOUND(#11988,.T.);
#11990=IFCFACE((#11989));
#11991=IFCPOLYLOOP((#10851,#10832,#10853));
#11992=IFCFACEOUTERBOUND(#11991,.T.);
#11993=IFCFACE((#11992));
#11994=IFCPOLYLOOP((#10840,#10847,#10833));
#11995=IFCFACEOUTERBOUND(#11994,.T.);
#11996=IFCFACE((#11995));
#11997=IFCPOLYLOOP((#10847,#10854,#10850));
#11998=IFCFACEOUTERBOUND(#11997,.T.);
#11999=IFCFACE((#11998));
#12000=IFCPOLYLOOP((#10859,#10844,#10828));
#12001=IFCFACEOUTERBOUND(#12000,.T.);
#12002=IFCFACE((#12001));
#12003=IFCPOLYLOOP((#10832,#10851,#10843));
#12004=IFCFACEOUTERBOUND(#12003,.T.);
#12005=IFCFACE((#12004));
#12006=IFCPOLYLOOP((#10839,#10851,#10834));
#12007=IFCFACEOUTERBOUND(#12006,.T.);
#12008=IFCFACE((#12007));
#12009=IFCPOLYLOOP((#10852,#10857,#10831));
#12010=IFCFACEOUTERBOUND(#12009,.T.);
#12011=IFCFACE((#12010));
#12012=IFCPOLYLOOP((#10833,#10847,#10850));
#12013=IFCFACEOUTERBOUND(#12012,.T.);
#12014=IFCFACE((#12013));
#12015=IFCPOLYLOOP((#10855,#10846,#10837));
#12016=IFCFACEOUTERBOUND(#12015,.T.);
#12017=IFCFACE((#12016));
#12018=IFCPOLYLOOP((#10855,#10839,#10838));
#12019=IFCFACEOUTERBOUND(#12018,.T.);
#12020=IFCFACE((#12019));
#12021=IFCPOLYLOOP((#10855,#10851,#10839));
#12022=IFCFACEOUTERBOUND(#12021,.T.);
#12023=IFCFACE((#12022));
#12024=IFCPOLYLOOP((#10859,#10828,#10829));
#12025=IFCFACEOUTERBOUND(#12024,.T.);
#12026=IFCFACE((#12025));
#12027=IFCPOLYLOOP((#10845,#10634,#10633));
#12028=IFCFACEOUTERBOUND(#12027,.T.);
#12029=IFCFACE((#12028));
#12030=IFCPOLYLOOP((#10845,#10846,#10838));
#12031=IFCFACEOUTERBOUND(#12030,.T.);
#12032=IFCFACE((#12031));
#12033=IFCPOLYLOOP((#10633,#10632,#10842));
#12034=IFCFACEOUTERBOUND(#12033,.T.);
#12035=IFCFACE((#12034));
#12036=IFCPOLYLOOP((#10844,#10827,#10828));
#12037=IFCFACEOUTERBOUND(#12036,.T.);
#12038=IFCFACE((#12037));
#12039=IFCPOLYLOOP((#10859,#10836,#10847));
#12040=IFCFACEOUTERBOUND(#12039,.T.);
#12041=IFCFACE((#12040));
#12042=IFCPOLYLOOP((#10633,#10846,#10845));
#12043=IFCFACEOUTERBOUND(#12042,.T.);
#12044=IFCFACE((#12043));
#12045=IFCPOLYLOOP((#10842,#10846,#10633));
#12046=IFCFACEOUTERBOUND(#12045,.T.);
#12047=IFCFACE((#12046));
#12048=IFCPOLYLOOP((#10854,#10847,#10836));
#12049=IFCFACEOUTERBOUND(#12048,.T.);
#12050=IFCFACE((#12049));
#12051=IFCPOLYLOOP((#10841,#10836,#10859,#10829));
#12052=IFCFACEOUTERBOUND(#12051,.T.);
#12053=IFCFACE((#12052));
#12054=IFCPOLYLOOP((#10850,#10848,#10833));
#12055=IFCFACEOUTERBOUND(#12054,.T.);
#12056=IFCFACE((#12055));
#12057=IFCPOLYLOOP((#10857,#10852,#10849));
#12058=IFCFACEOUTERBOUND(#12057,.T.);
#12059=IFCFACE((#12058));
#12060=IFCPOLYLOOP((#10849,#10852,#10830));
#12061=IFCFACEOUTERBOUND(#12060,.T.);
#12062=IFCFACE((#12061));
#12063=IFCPOLYLOOP((#10848,#10850,#10852));
#12064=IFCFACEOUTERBOUND(#12063,.T.);
#12065=IFCFACE((#12064));
#12066=IFCPOLYLOOP((#10853,#10834,#10851));
#12067=IFCFACEOUTERBOUND(#12066,.T.);
#12068=IFCFACE((#12067));
#12069=IFCPOLYLOOP((#10855,#10837,#10843));
#12070=IFCFACEOUTERBOUND(#12069,.T.);
#12071=IFCFACE((#12070));
#12072=IFCPOLYLOOP((#10830,#10852,#10850));
#12073=IFCFACEOUTERBOUND(#12072,.T.);
#12074=IFCFACE((#12073));
#12075=IFCPOLYLOOP((#10848,#10852,#10831));
#12076=IFCFACEOUTERBOUND(#12075,.T.);
#12077=IFCFACE((#12076));
#12078=IFCPOLYLOOP((#10835,#10858,#10857,#10849));
#12079=IFCFACEOUTERBOUND(#12078,.T.);
#12080=IFCFACE((#12079));
#12081=IFCPOLYLOOP((#10856,#10857,#10853));
#12082=IFCFACEOUTERBOUND(#12081,.T.);
#12083=IFCFACE((#12082));
#12084=IFCPOLYLOOP((#10854,#10830,#10850));
#12085=IFCFACEOUTERBOUND(#12084,.T.);
#12086=IFCFACE((#12085));
#12087=IFCPOLYLOOP((#10838,#10846,#10855));
#12088=IFCFACEOUTERBOUND(#12087,.T.);
#12089=IFCFACE((#12088));
#12090=IFCPOLYLOOP((#10851,#10855,#10843));
#12091=IFCFACEOUTERBOUND(#12090,.T.);
#12092=IFCFACE((#12091));
#12093=IFCPOLYLOOP((#10831,#10857,#10856));
#12094=IFCFACEOUTERBOUND(#12093,.T.);
#12095=IFCFACE((#12094));
#12096=IFCPOLYLOOP((#10853,#10832,#10856));
#12097=IFCFACEOUTERBOUND(#12096,.T.);
#12098=IFCFACE((#12097));
#12099=IFCPOLYLOOP((#10858,#10834,#10853));
#12100=IFCFACEOUTERBOUND(#12099,.T.);
#12101=IFCFACE((#12100));
#12102=IFCPOLYLOOP((#10840,#10844,#10859));
#12103=IFCFACEOUTERBOUND(#12102,.T.);
#12104=IFCFACE((#12103));
#12105=IFCPOLYLOOP((#10860,#10827,#10844,#10840,#10833,#10848,#10831,#10856,#10832,#10843,#10837,#10842,#10632,#10812));
#12106=IFCFACEOUTERBOUND(#12105,.T.);
#12107=IFCFACE((#12106));
#12108=IFCPOLYLOOP((#10861,#10862,#10814,#10813));
#12109=IFCFACEOUTERBOUND(#12108,.T.);
#12110=IFCFACE((#12109));
#12111=IFCPOLYLOOP((#10864,#10816,#10815,#10887,#10877,#10878,#10871,#10902,#10880,#10907,#10870,#10893,#10884,#10885,#10872,#10898,#10874,#10875,#10863));
#12112=IFCFACEOUTERBOUND(#12111,.T.);
#12113=IFCFACE((#12112));
#12114=IFCPOLYLOOP((#10873,#10886,#10895));
#12115=IFCFACEOUTERBOUND(#12114,.T.);
#12116=IFCFACE((#12115));
#12117=IFCPOLYLOOP((#10900,#10904,#10888));
#12118=IFCFACEOUTERBOUND(#12117,.T.);
#12119=IFCFACE((#12118));
#12120=IFCPOLYLOOP((#10912,#10911,#10887));
#12121=IFCFACEOUTERBOUND(#12120,.T.);
#12122=IFCFACE((#12121));
#12123=IFCPOLYLOOP((#10895,#10897,#10873));
#12124=IFCFACEOUTERBOUND(#12123,.T.);
#12125=IFCFACE((#12124));
#12126=IFCPOLYLOOP((#10877,#10887,#10911));
#12127=IFCFACEOUTERBOUND(#12126,.T.);
#12128=IFCFACE((#12127));
#12129=IFCPOLYLOOP((#10891,#10890,#10889));
#12130=IFCFACEOUTERBOUND(#12129,.T.);
#12131=IFCFACE((#12130));
#12132=IFCPOLYLOOP((#10900,#10871,#10878));
#12133=IFCFACEOUTERBOUND(#12132,.T.);
#12134=IFCFACE((#12133));
#12135=IFCPOLYLOOP((#10903,#10882,#10881));
#12136=IFCFACEOUTERBOUND(#12135,.T.);
#12137=IFCFACE((#12136));
#12138=IFCPOLYLOOP((#10913,#10894,#10892));
#12139=IFCFACEOUTERBOUND(#12138,.T.);
#12140=IFCFACE((#12139));
#12141=IFCPOLYLOOP((#10905,#10908,#10907));
#12142=IFCFACEOUTERBOUND(#12141,.T.);
#12143=IFCFACE((#12142));
#12144=IFCPOLYLOOP((#10896,#10897,#10910));
#12145=IFCFACEOUTERBOUND(#12144,.T.);
#12146=IFCFACE((#12145));
#12147=IFCPOLYLOOP((#10866,#10863,#10899));
#12148=IFCFACEOUTERBOUND(#12147,.T.);
#12149=IFCFACE((#12148));
#12150=IFCPOLYLOOP((#10899,#10895,#10886));
#12151=IFCFACEOUTERBOUND(#12150,.T.);
#12152=IFCFACE((#12151));
#12153=IFCPOLYLOOP((#10879,#10911,#10912));
#12154=IFCFACEOUTERBOUND(#12153,.T.);
#12155=IFCFACE((#12154));
#12156=IFCPOLYLOOP((#10905,#10903,#10881));
#12157=IFCFACEOUTERBOUND(#12156,.T.);
#12158=IFCFACE((#12157));
#12159=IFCPOLYLOOP((#10900,#10878,#10904));
#12160=IFCFACEOUTERBOUND(#12159,.T.);
#12161=IFCFACE((#12160));
#12162=IFCPOLYLOOP((#10912,#10887,#10815));
#12163=IFCFACEOUTERBOUND(#12162,.T.);
#12164=IFCFACE((#12163));
#12165=IFCPOLYLOOP((#10912,#10818,#10817));
#12166=IFCFACEOUTERBOUND(#12165,.T.);
#12167=IFCFACE((#12166));
#12168=IFCPOLYLOOP((#10900,#10868,#10901));
#12169=IFCFACEOUTERBOUND(#12168,.T.);
#12170=IFCFACE((#12169));
#12171=IFCPOLYLOOP((#10902,#10901,#10903));
#12172=IFCFACEOUTERBOUND(#12171,.T.);
#12173=IFCFACE((#12172));
#12174=IFCPOLYLOOP((#10891,#10889,#10869));
#12175=IFCFACEOUTERBOUND(#12174,.T.);
#12176=IFCFACE((#12175));
#12177=IFCPOLYLOOP((#10892,#10890,#10884));
#12178=IFCFACEOUTERBOUND(#12177,.T.);
#12179=IFCFACE((#12178));
#12180=IFCPOLYLOOP((#10890,#10885,#10884));
#12181=IFCFACEOUTERBOUND(#12180,.T.);
#12182=IFCFACE((#12181));
#12183=IFCPOLYLOOP((#10899,#10886,#10865));
#12184=IFCFACEOUTERBOUND(#12183,.T.);
#12185=IFCFACE((#12184));
#12186=IFCPOLYLOOP((#10875,#10874,#10895));
#12187=IFCFACEOUTERBOUND(#12186,.T.);
#12188=IFCFACE((#12187));
#12189=IFCPOLYLOOP((#10892,#10883,#10890));
#12190=IFCFACEOUTERBOUND(#12189,.T.);
#12191=IFCFACE((#12190));
#12192=IFCPOLYLOOP((#10911,#10876,#10904));
#12193=IFCFACEOUTERBOUND(#12192,.T.);
#12194=IFCFACE((#12193));
#12195=IFCPOLYLOOP((#10889,#10890,#10883));
#12196=IFCFACEOUTERBOUND(#12195,.T.);
#12197=IFCFACE((#12196));
#12198=IFCPOLYLOOP((#10885,#10890,#10891));
#12199=IFCFACEOUTERBOUND(#12198,.T.);
#12200=IFCFACE((#12199));
#12201=IFCPOLYLOOP((#10891,#10872,#10885));
#12202=IFCFACEOUTERBOUND(#12201,.T.);
#12203=IFCFACE((#12202));
#12204=IFCPOLYLOOP((#10910,#10872,#10891));
#12205=IFCFACEOUTERBOUND(#12204,.T.);
#12206=IFCFACE((#12205));
#12207=IFCPOLYLOOP((#10909,#10867,#10894));
#12208=IFCFACEOUTERBOUND(#12207,.T.);
#12209=IFCFACE((#12208));
#12210=IFCPOLYLOOP((#10894,#10883,#10892));
#12211=IFCFACEOUTERBOUND(#12210,.T.);
#12212=IFCFACE((#12211));
#12213=IFCPOLYLOOP((#10909,#10908,#10867));
#12214=IFCFACEOUTERBOUND(#12213,.T.);
#12215=IFCFACE((#12214));
#12216=IFCPOLYLOOP((#10892,#10884,#10893));
#12217=IFCFACEOUTERBOUND(#12216,.T.);
#12218=IFCFACE((#12217));
#12219=IFCPOLYLOOP((#10899,#10875,#10895));
#12220=IFCFACEOUTERBOUND(#12219,.T.);
#12221=IFCFACE((#12220));
#12222=IFCPOLYLOOP((#10875,#10899,#10863));
#12223=IFCFACEOUTERBOUND(#12222,.T.);
#12224=IFCFACE((#12223));
#12225=IFCPOLYLOOP((#10874,#10897,#10895));
#12226=IFCFACEOUTERBOUND(#12225,.T.);
#12227=IFCFACE((#12226));
#12228=IFCPOLYLOOP((#10897,#10896,#10873));
#12229=IFCFACEOUTERBOUND(#12228,.T.);
#12230=IFCFACE((#12229));
#12231=IFCPOLYLOOP((#10910,#10898,#10872));
#12232=IFCFACEOUTERBOUND(#12231,.T.);
#12233=IFCFACE((#12232));
#12234=IFCPOLYLOOP((#10896,#10910,#10869));
#12235=IFCFACEOUTERBOUND(#12234,.T.);
#12236=IFCFACE((#12235));
#12237=IFCPOLYLOOP((#10897,#10874,#10898));
#12238=IFCFACEOUTERBOUND(#12237,.T.);
#12239=IFCFACE((#12238));
#12240=IFCPOLYLOOP((#10866,#10899,#10865));
#12241=IFCFACEOUTERBOUND(#12240,.T.);
#12242=IFCFACE((#12241));
#12243=IFCPOLYLOOP((#10871,#10900,#10901));
#12244=IFCFACEOUTERBOUND(#12243,.T.);
#12245=IFCFACE((#12244));
#12246=IFCPOLYLOOP((#10868,#10900,#10888));
#12247=IFCFACEOUTERBOUND(#12246,.T.);
#12248=IFCFACE((#12247));
#12249=IFCPOLYLOOP((#10905,#10880,#10903));
#12250=IFCFACEOUTERBOUND(#12249,.T.);
#12251=IFCFACE((#12250));
#12252=IFCPOLYLOOP((#10901,#10868,#10882));
#12253=IFCFACEOUTERBOUND(#12252,.T.);
#12254=IFCFACE((#12253));
#12255=IFCPOLYLOOP((#10902,#10871,#10901));
#12256=IFCFACEOUTERBOUND(#12255,.T.);
#12257=IFCFACE((#12256));
#12258=IFCPOLYLOOP((#10880,#10902,#10903));
#12259=IFCFACEOUTERBOUND(#12258,.T.);
#12260=IFCFACE((#12259));
#12261=IFCPOLYLOOP((#10882,#10903,#10901));
#12262=IFCFACEOUTERBOUND(#12261,.T.);
#12263=IFCFACE((#12262));
#12264=IFCPOLYLOOP((#10888,#10904,#10876));
#12265=IFCFACEOUTERBOUND(#12264,.T.);
#12266=IFCFACE((#12265));
#12267=IFCPOLYLOOP((#10904,#10878,#10877));
#12268=IFCFACEOUTERBOUND(#12267,.T.);
#12269=IFCFACE((#12268));
#12270=IFCPOLYLOOP((#10870,#10907,#10908));
#12271=IFCFACEOUTERBOUND(#12270,.T.);
#12272=IFCFACE((#12271));
#12273=IFCPOLYLOOP((#10907,#10880,#10905));
#12274=IFCFACEOUTERBOUND(#12273,.T.);
#12275=IFCFACE((#12274));
#12276=IFCPOLYLOOP((#10906,#10867,#10908));
#12277=IFCFACEOUTERBOUND(#12276,.T.);
#12278=IFCFACE((#12277));
#12279=IFCPOLYLOOP((#10905,#10881,#10906));
#12280=IFCFACEOUTERBOUND(#12279,.T.);
#12281=IFCFACE((#12280));
#12282=IFCPOLYLOOP((#10909,#10870,#10908));
#12283=IFCFACEOUTERBOUND(#12282,.T.);
#12284=IFCFACE((#12283));
#12285=IFCPOLYLOOP((#10906,#10908,#10905));
#12286=IFCFACEOUTERBOUND(#12285,.T.);
#12287=IFCFACE((#12286));
#12288=IFCPOLYLOOP((#10909,#10893,#10870));
#12289=IFCFACEOUTERBOUND(#12288,.T.);
#12290=IFCFACE((#12289));
#12291=IFCPOLYLOOP((#10913,#10893,#10909));
#12292=IFCFACEOUTERBOUND(#12291,.T.);
#12293=IFCFACE((#12292));
#12294=IFCPOLYLOOP((#10897,#10898,#10910));
#12295=IFCFACEOUTERBOUND(#12294,.T.);
#12296=IFCFACE((#12295));
#12297=IFCPOLYLOOP((#10869,#10910,#10891));
#12298=IFCFACEOUTERBOUND(#12297,.T.);
#12299=IFCFACE((#12298));
#12300=IFCPOLYLOOP((#10877,#10911,#10904));
#12301=IFCFACEOUTERBOUND(#12300,.T.);
#12302=IFCFACE((#12301));
#12303=IFCPOLYLOOP((#10876,#10911,#10879));
#12304=IFCFACEOUTERBOUND(#12303,.T.);
#12305=IFCFACE((#12304));
#12306=IFCPOLYLOOP((#10879,#10912,#10817));
#12307=IFCFACEOUTERBOUND(#12306,.T.);
#12308=IFCFACE((#12307));
#12309=IFCPOLYLOOP((#10818,#10912,#10815));
#12310=IFCFACEOUTERBOUND(#12309,.T.);
#12311=IFCFACE((#12310));
#12312=IFCPOLYLOOP((#10894,#10913,#10909));
#12313=IFCFACEOUTERBOUND(#12312,.T.);
#12314=IFCFACE((#12313));
#12315=IFCPOLYLOOP((#10913,#10892,#10893));
#12316=IFCFACEOUTERBOUND(#12315,.T.);
#12317=IFCFACE((#12316));
#12318=IFCPOLYLOOP((#10964,#10963,#10945));
#12319=IFCFACEOUTERBOUND(#12318,.T.);
#12320=IFCFACE((#12319));
#12321=IFCPOLYLOOP((#11042,#10933,#11008));
#12322=IFCFACEOUTERBOUND(#12321,.T.);
#12323=IFCFACE((#12322));
#12324=IFCPOLYLOOP((#11012,#11052,#11077));
#12325=IFCFACEOUTERBOUND(#12324,.T.);
#12326=IFCFACE((#12325));
#12327=IFCPOLYLOOP((#11082,#10951,#11028));
#12328=IFCFACEOUTERBOUND(#12327,.T.);
#12329=IFCFACE((#12328));
#12330=IFCPOLYLOOP((#10994,#10986,#10965));
#12331=IFCFACEOUTERBOUND(#12330,.T.);
#12332=IFCFACE((#12331));
#12333=IFCPOLYLOOP((#10966,#10930,#10961));
#12334=IFCFACEOUTERBOUND(#12333,.T.);
#12335=IFCFACE((#12334));
#12336=IFCPOLYLOOP((#11056,#10977,#11014,#10938));
#12337=IFCFACEOUTERBOUND(#12336,.T.);
#12338=IFCFACE((#12337));
#12339=IFCPOLYLOOP((#10997,#10998,#10995));
#12340=IFCFACEOUTERBOUND(#12339,.T.);
#12341=IFCFACE((#12340));
#12342=IFCPOLYLOOP((#10959,#10943,#10957,#10958));
#12343=IFCFACEOUTERBOUND(#12342,.T.);
#12344=IFCFACE((#12343));
#12345=IFCPOLYLOOP((#10954,#11089,#11090,#11085));
#12346=IFCFACEOUTERBOUND(#12345,.T.);
#12347=IFCFACE((#12346));
#12348=IFCPOLYLOOP((#11022,#11080,#11079));
#12349=IFCFACEOUTERBOUND(#12348,.T.);
#12350=IFCFACE((#12349));
#12351=IFCPOLYLOOP((#10996,#10998,#10997));
#12352=IFCFACEOUTERBOUND(#12351,.T.);
#12353=IFCFACE((#12352));
#12354=IFCPOLYLOOP((#11021,#11076,#11081));
#12355=IFCFACEOUTERBOUND(#12354,.T.);
#12356=IFCFACE((#12355));
#12357=IFCPOLYLOOP((#11011,#11050,#11053));
#12358=IFCFACEOUTERBOUND(#12357,.T.);
#12359=IFCFACE((#12358));
#12360=IFCPOLYLOOP((#10986,#10928,#10988));
#12361=IFCFACEOUTERBOUND(#12360,.T.);
#12362=IFCFACE((#12361));
#12363=IFCPOLYLOOP((#10981,#11068,#11018));
#12364=IFCFACEOUTERBOUND(#12363,.T.);
#12365=IFCFACE((#12364));
#12366=IFCPOLYLOOP((#10959,#10961,#10930));
#12367=IFCFACEOUTERBOUND(#12366,.T.);
#12368=IFCFACE((#12367));
#12369=IFCPOLYLOOP((#10915,#10916,#10962));
#12370=IFCFACEOUTERBOUND(#12369,.T.);
#12371=IFCFACE((#12370));
#12372=IFCPOLYLOOP((#10957,#10829,#10828));
#12373=IFCFACEOUTERBOUND(#12372,.T.);
#12374=IFCFACE((#12373));
#12375=IFCPOLYLOOP((#11005,#11034,#11037));
#12376=IFCFACEOUTERBOUND(#12375,.T.);
#12377=IFCFACE((#12376));
#12378=IFCPOLYLOOP((#11020,#11073,#11072));
#12379=IFCFACEOUTERBOUND(#12378,.T.);
#12380=IFCFACE((#12379));
#12381=IFCPOLYLOOP((#11006,#11036,#11041));
#12382=IFCFACEOUTERBOUND(#12381,.T.);
#12383=IFCFACE((#12382));
#12384=IFCPOLYLOOP((#11007,#11039,#11043));
#12385=IFCFACEOUTERBOUND(#12384,.T.);
#12386=IFCFACE((#12385));
#12387=IFCPOLYLOOP((#11031,#11085,#11090));
#12388=IFCFACEOUTERBOUND(#12387,.T.);
#12389=IFCFACE((#12388));
#12390=IFCPOLYLOOP((#10979,#11063,#11016));
#12391=IFCFACEOUTERBOUND(#12390,.T.);
#12392=IFCFACE((#12391));
#12393=IFCPOLYLOOP((#11061,#10979,#11016,#10937));
#12394=IFCFACEOUTERBOUND(#12393,.T.);
#12395=IFCFACE((#12394));
#12396=IFCPOLYLOOP((#10977,#11058,#11014));
#12397=IFCFACEOUTERBOUND(#12396,.T.);
#12398=IFCFACE((#12397));
#12399=IFCPOLYLOOP((#10828,#10955,#10958));
#12400=IFCFACEOUTERBOUND(#12399,.T.);
#12401=IFCFACE((#12400));
#12402=IFCPOLYLOOP((#10945,#10963,#10962));
#12403=IFCFACEOUTERBOUND(#12402,.T.);
#12404=IFCFACE((#12403));
#12405=IFCPOLYLOOP((#10939,#10995,#10964));
#12406=IFCFACEOUTERBOUND(#12405,.T.);
#12407=IFCFACE((#12406));
#12408=IFCPOLYLOOP((#10961,#10958,#10942));
#12409=IFCFACEOUTERBOUND(#12408,.T.);
#12410=IFCFACE((#12409));
#12411=IFCPOLYLOOP((#10964,#10995,#10940));
#12412=IFCFACEOUTERBOUND(#12411,.T.);
#12413=IFCFACE((#12412));
#12414=IFCPOLYLOOP((#10962,#10963,#10915));
#12415=IFCFACEOUTERBOUND(#12414,.T.);
#12416=IFCFACE((#12415));
#12417=IFCPOLYLOOP((#10948,#10992,#10991));
#12418=IFCFACEOUTERBOUND(#12417,.T.);
#12419=IFCFACE((#12418));
#12420=IFCPOLYLOOP((#11066,#10981,#11018,#10947));
#12421=IFCFACEOUTERBOUND(#12420,.T.);
#12422=IFCFACE((#12421));
#12423=IFCPOLYLOOP((#10989,#10990,#10991));
#12424=IFCFACEOUTERBOUND(#12423,.T.);
#12425=IFCFACE((#12424));
#12426=IFCPOLYLOOP((#11028,#11084,#11083));
#12427=IFCFACEOUTERBOUND(#12426,.T.);
#12428=IFCFACE((#12427));
#12429=IFCPOLYLOOP((#11019,#11070,#11074));
#12430=IFCFACEOUTERBOUND(#12429,.T.);
#12431=IFCFACE((#12430));
#12432=IFCPOLYLOOP((#11002,#11030,#11072));
#12433=IFCFACEOUTERBOUND(#12432,.T.);
#12434=IFCFACE((#12433));
#12435=IFCPOLYLOOP((#10973,#11048,#11010));
#12436=IFCFACEOUTERBOUND(#12435,.T.);
#12437=IFCFACE((#12436));
#12438=IFCPOLYLOOP((#11046,#10973,#11010,#10953));
#12439=IFCFACEOUTERBOUND(#12438,.T.);
#12440=IFCFACE((#12439));
#12441=IFCPOLYLOOP((#11086,#11038,#10920,#11085));
#12442=IFCFACEOUTERBOUND(#12441,.T.);
#12443=IFCFACE((#12442));
#12444=IFCPOLYLOOP((#10828,#10827,#10955));
#12445=IFCFACEOUTERBOUND(#12444,.T.);
#12446=IFCFACE((#12445));
#12447=IFCPOLYLOOP((#10956,#10914,#10915));
#12448=IFCFACEOUTERBOUND(#12447,.T.);
#12449=IFCFACE((#12448));
#12450=IFCPOLYLOOP((#10828,#10958,#10957));
#12451=IFCFACEOUTERBOUND(#12450,.T.);
#12452=IFCFACE((#12451));
#12453=IFCPOLYLOOP((#10958,#10955,#10942));
#12454=IFCFACEOUTERBOUND(#12453,.T.);
#12455=IFCFACE((#12454));
#12456=IFCPOLYLOOP((#10960,#10929,#10961,#10942));
#12457=IFCFACEOUTERBOUND(#12456,.T.);
#12458=IFCFACE((#12457));
#12459=IFCPOLYLOOP((#10959,#10958,#10961));
#12460=IFCFACEOUTERBOUND(#12459,.T.);
#12461=IFCFACE((#12460));
#12462=IFCPOLYLOOP((#11005,#11033,#11083));
#12463=IFCFACEOUTERBOUND(#12462,.T.);
#12464=IFCFACE((#12463));
#12465=IFCPOLYLOOP((#10956,#10915,#10963));
#12466=IFCFACEOUTERBOUND(#12465,.T.);
#12467=IFCFACE((#12466));
#12468=IFCPOLYLOOP((#10963,#10944,#10956));
#12469=IFCFACEOUTERBOUND(#12468,.T.);
#12470=IFCFACE((#12469));
#12471=IFCPOLYLOOP((#10944,#10963,#10964));
#12472=IFCFACEOUTERBOUND(#12471,.T.);
#12473=IFCFACE((#12472));
#12474=IFCPOLYLOOP((#10944,#10964,#10940));
#12475=IFCFACEOUTERBOUND(#12474,.T.);
#12476=IFCFACE((#12475));
#12477=IFCPOLYLOOP((#11004,#10939,#10964,#10945));
#12478=IFCFACEOUTERBOUND(#12477,.T.);
#12479=IFCFACE((#12478));
#12480=IFCPOLYLOOP((#10929,#10966,#10961));
#12481=IFCFACEOUTERBOUND(#12480,.T.);
#12482=IFCFACE((#12481));
#12483=IFCPOLYLOOP((#10987,#10930,#10966));
#12484=IFCFACEOUTERBOUND(#12483,.T.);
#12485=IFCFACE((#12484));
#12486=IFCPOLYLOOP((#10988,#10927,#10986));
#12487=IFCFACEOUTERBOUND(#12486,.T.);
#12488=IFCFACE((#12487));
#12489=IFCPOLYLOOP((#10967,#10928,#10986));
#12490=IFCFACEOUTERBOUND(#12489,.T.);
#12491=IFCFACE((#12490));
#12492=IFCPOLYLOOP((#10929,#10994,#10966));
#12493=IFCFACEOUTERBOUND(#12492,.T.);
#12494=IFCFACE((#12493));
#12495=IFCPOLYLOOP((#11035,#10968,#11006,#10933));
#12496=IFCFACEOUTERBOUND(#12495,.T.);
#12497=IFCFACE((#12496));
#12498=IFCPOLYLOOP((#11007,#11038,#11086));
#12499=IFCFACEOUTERBOUND(#12498,.T.);
#12500=IFCFACE((#12499));
#12501=IFCPOLYLOOP((#11040,#10970,#11008));
#12502=IFCFACEOUTERBOUND(#12501,.T.);
#12503=IFCFACE((#12502));
#12504=IFCPOLYLOOP((#10972,#11047,#11048,#11044));
#12505=IFCFACEOUTERBOUND(#12504,.T.);
#12506=IFCFACE((#12505));
#12507=IFCPOLYLOOP((#11009,#11044,#11048));
#12508=IFCFACEOUTERBOUND(#12507,.T.);
#12509=IFCFACE((#12508));
#12510=IFCPOLYLOOP((#11049,#10922,#11011,#10974));
#12511=IFCFACEOUTERBOUND(#12510,.T.);
#12512=IFCFACE((#12511));
#12513=IFCPOLYLOOP((#11051,#10974,#11012,#10926));
#12514=IFCFACEOUTERBOUND(#12513,.T.);
#12515=IFCFACE((#12514));
#12516=IFCPOLYLOOP((#11058,#11013,#10976));
#12517=IFCFACEOUTERBOUND(#12516,.T.);
#12518=IFCFACE((#12517));
#12519=IFCPOLYLOOP((#11054,#10976,#11013,#10918));
#12520=IFCFACEOUTERBOUND(#12519,.T.);
#12521=IFCFACE((#12520));
#12522=IFCPOLYLOOP((#10978,#11062,#11063,#11059));
#12523=IFCFACEOUTERBOUND(#12522,.T.);
#12524=IFCFACE((#12523));
#12525=IFCPOLYLOOP((#11015,#11059,#11063));
#12526=IFCFACEOUTERBOUND(#12525,.T.);
#12527=IFCFACE((#12526));
#12528=IFCPOLYLOOP((#11068,#11017,#10980));
#12529=IFCFACEOUTERBOUND(#12528,.T.);
#12530=IFCFACE((#12529));
#12531=IFCPOLYLOOP((#11064,#10980,#11017,#10921));
#12532=IFCFACEOUTERBOUND(#12531,.T.);
#12533=IFCFACE((#12532));
#12534=IFCPOLYLOOP((#11069,#10919,#11019,#10982));
#12535=IFCFACEOUTERBOUND(#12534,.T.);
#12536=IFCFACE((#12535));
#12537=IFCPOLYLOOP((#11071,#10982,#11020,#10950));
#12538=IFCFACEOUTERBOUND(#12537,.T.);
#12539=IFCFACE((#12538));
#12540=IFCPOLYLOOP((#11075,#10926,#11021,#10984));
#12541=IFCFACEOUTERBOUND(#12540,.T.);
#12542=IFCFACE((#12541));
#12543=IFCPOLYLOOP((#11078,#10984,#11022,#10923));
#12544=IFCFACEOUTERBOUND(#12543,.T.);
#12545=IFCFACE((#12544));
#12546=IFCPOLYLOOP((#10967,#10986,#10994));
#12547=IFCFACEOUTERBOUND(#12546,.T.);
#12548=IFCFACE((#12547));
#12549=IFCPOLYLOOP((#11023,#10965,#10986,#10927));
#12550=IFCFACEOUTERBOUND(#12549,.T.);
#12551=IFCFACE((#12550));
#12552=IFCPOLYLOOP((#11024,#10947,#10992,#10948));
#12553=IFCFACEOUTERBOUND(#12552,.T.);
#12554=IFCFACE((#12553));
#12555=IFCPOLYLOOP((#10965,#10987,#10994));
#12556=IFCFACEOUTERBOUND(#12555,.T.);
#12557=IFCFACE((#12556));
#12558=IFCPOLYLOOP((#10988,#10993,#10991));
#12559=IFCFACEOUTERBOUND(#12558,.T.);
#12560=IFCFACE((#12559));
#12561=IFCPOLYLOOP((#10991,#10990,#10988));
#12562=IFCFACEOUTERBOUND(#12561,.T.);
#12563=IFCFACE((#12562));
#12564=IFCPOLYLOOP((#10990,#10927,#10988));
#12565=IFCFACEOUTERBOUND(#12564,.T.);
#12566=IFCFACE((#12565));
#12567=IFCPOLYLOOP((#10992,#10989,#10991));
#12568=IFCFACEOUTERBOUND(#12567,.T.);
#12569=IFCFACE((#12568));
#12570=IFCPOLYLOOP((#10967,#10994,#10929));
#12571=IFCFACEOUTERBOUND(#12570,.T.);
#12572=IFCFACE((#12571));
#12573=IFCPOLYLOOP((#11025,#10989,#10992,#10946));
#12574=IFCFACEOUTERBOUND(#12573,.T.);
#12575=IFCFACE((#12574));
#12576=IFCPOLYLOOP((#10946,#10992,#11018));
#12577=IFCFACEOUTERBOUND(#12576,.T.);
#12578=IFCFACE((#12577));
#12579=IFCPOLYLOOP((#10948,#10991,#10993));
#12580=IFCFACEOUTERBOUND(#12579,.T.);
#12581=IFCFACE((#12580));
#12582=IFCPOLYLOOP((#10988,#10928,#10993));
#12583=IFCFACEOUTERBOUND(#12582,.T.);
#12584=IFCFACE((#12583));
#12585=IFCPOLYLOOP((#10966,#10994,#10987));
#12586=IFCFACEOUTERBOUND(#12585,.T.);
#12587=IFCFACE((#12586));
#12588=IFCPOLYLOOP((#10941,#11000,#10998));
#12589=IFCFACEOUTERBOUND(#12588,.T.);
#12590=IFCFACE((#12589));
#12591=IFCPOLYLOOP((#10998,#10999,#10941));
#12592=IFCFACEOUTERBOUND(#12591,.T.);
#12593=IFCFACE((#12592));
#12594=IFCPOLYLOOP((#10996,#10999,#10998));
#12595=IFCFACEOUTERBOUND(#12594,.T.);
#12596=IFCFACE((#12595));
#12597=IFCPOLYLOOP((#10995,#10998,#11000));
#12598=IFCFACEOUTERBOUND(#12597,.T.);
#12599=IFCFACE((#12598));
#12600=IFCPOLYLOOP((#10995,#10939,#10997));
#12601=IFCFACEOUTERBOUND(#12600,.T.);
#12602=IFCFACE((#12601));
#12603=IFCPOLYLOOP((#11026,#10941,#10999,#10924));
#12604=IFCFACEOUTERBOUND(#12603,.T.);
#12605=IFCFACE((#12604));
#12606=IFCPOLYLOOP((#10985,#11081,#11076));
#12607=IFCFACEOUTERBOUND(#12606,.T.);
#12608=IFCFACE((#12607));
#12609=IFCPOLYLOOP((#10999,#11027,#11079));
#12610=IFCFACEOUTERBOUND(#12609,.T.);
#12611=IFCFACE((#12610));
#12612=IFCPOLYLOOP((#11000,#10940,#10995));
#12613=IFCFACEOUTERBOUND(#12612,.T.);
#12614=IFCFACE((#12613));
#12615=IFCPOLYLOOP((#10983,#11074,#11070));
#12616=IFCFACEOUTERBOUND(#12615,.T.);
#12617=IFCFACE((#12616));
#12618=IFCPOLYLOOP((#11029,#11001,#11002,#10949));
#12619=IFCFACEOUTERBOUND(#12618,.T.);
#12620=IFCFACE((#12619));
#12621=IFCPOLYLOOP((#10951,#11002,#11028));
#12622=IFCFACEOUTERBOUND(#12621,.T.);
#12623=IFCFACE((#12622));
#12624=IFCPOLYLOOP((#11037,#11006,#10968));
#12625=IFCFACEOUTERBOUND(#12624,.T.);
#12626=IFCFACE((#12625));
#12627=IFCPOLYLOOP((#11088,#11003,#11032,#10952));
#12628=IFCFACEOUTERBOUND(#12627,.T.);
#12629=IFCFACE((#12628));
#12630=IFCPOLYLOOP((#11007,#11086,#10917));
#12631=IFCFACEOUTERBOUND(#12630,.T.);
#12632=IFCFACE((#12631));
#12633=IFCPOLYLOOP((#10971,#11042,#11043,#11039));
#12634=IFCFACEOUTERBOUND(#12633,.T.);
#12635=IFCFACE((#12634));
#12636=IFCPOLYLOOP((#11037,#11036,#11006));
#12637=IFCFACEOUTERBOUND(#12636,.T.);
#12638=IFCFACE((#12637));
#12639=IFCPOLYLOOP((#11043,#11008,#10970));
#12640=IFCFACEOUTERBOUND(#12639,.T.);
#12641=IFCFACE((#12640));
#12642=IFCPOLYLOOP((#11031,#10917,#11086));
#12643=IFCFACEOUTERBOUND(#12642,.T.);
#12644=IFCFACE((#12643));
#12645=IFCPOLYLOOP((#11008,#11041,#11040));
#12646=IFCFACEOUTERBOUND(#12645,.T.);
#12647=IFCFACE((#12646));
#12648=IFCPOLYLOOP((#11043,#11042,#11008));
#12649=IFCFACEOUTERBOUND(#12648,.T.);
#12650=IFCFACE((#12649));
#12651=IFCPOLYLOOP((#10936,#11009,#11015));
#12652=IFCFACEOUTERBOUND(#12651,.T.);
#12653=IFCFACE((#12652));
#12654=IFCPOLYLOOP((#11045,#10935,#11009,#10973));
#12655=IFCFACEOUTERBOUND(#12654,.T.);
#12656=IFCFACE((#12655));
#12657=IFCPOLYLOOP((#10953,#11010,#11032));
#12658=IFCFACEOUTERBOUND(#12657,.T.);
#12659=IFCFACE((#12658));
#12660=IFCPOLYLOOP((#11047,#10952,#11010));
#12661=IFCFACEOUTERBOUND(#12660,.T.);
#12662=IFCFACE((#12661));
#12663=IFCPOLYLOOP((#11053,#11012,#10974));
#12664=IFCFACEOUTERBOUND(#12663,.T.);
#12665=IFCFACE((#12664));
#12666=IFCPOLYLOOP((#10919,#11011,#11019));
#12667=IFCFACEOUTERBOUND(#12666,.T.);
#12668=IFCFACE((#12667));
#12669=IFCPOLYLOOP((#11077,#11021,#10926));
#12670=IFCFACEOUTERBOUND(#12669,.T.);
#12671=IFCFACE((#12670));
#12672=IFCPOLYLOOP((#10975,#11012,#11053));
#12673=IFCFACEOUTERBOUND(#12672,.T.);
#12674=IFCFACE((#12673));
#12675=IFCPOLYLOOP((#10918,#11013,#11017));
#12676=IFCFACEOUTERBOUND(#12675,.T.);
#12677=IFCFACE((#12676));
#12678=IFCPOLYLOOP((#11055,#10921,#11013));
#12679=IFCFACEOUTERBOUND(#12678,.T.);
#12680=IFCFACE((#12679));
#12681=IFCPOLYLOOP((#10938,#11014,#11016));
#12682=IFCFACEOUTERBOUND(#12681,.T.);
#12683=IFCFACE((#12682));
#12684=IFCPOLYLOOP((#11057,#10937,#11014));
#12685=IFCFACEOUTERBOUND(#12684,.T.);
#12686=IFCFACE((#12685));
#12687=IFCPOLYLOOP((#10935,#11015,#11009));
#12688=IFCFACEOUTERBOUND(#12687,.T.);
#12689=IFCFACE((#12688));
#12690=IFCPOLYLOOP((#11060,#10936,#11015));
#12691=IFCFACEOUTERBOUND(#12690,.T.);
#12692=IFCFACE((#12691));
#12693=IFCPOLYLOOP((#10937,#11016,#11014));
#12694=IFCFACEOUTERBOUND(#12693,.T.);
#12695=IFCFACE((#12694));
#12696=IFCPOLYLOOP((#11062,#10938,#11016));
#12697=IFCFACEOUTERBOUND(#12696,.T.);
#12698=IFCFACE((#12697));
#12699=IFCPOLYLOOP((#10921,#11017,#11013));
#12700=IFCFACEOUTERBOUND(#12699,.T.);
#12701=IFCFACE((#12700));
#12702=IFCPOLYLOOP((#11065,#10918,#11017));
#12703=IFCFACEOUTERBOUND(#12702,.T.);
#12704=IFCFACE((#12703));
#12705=IFCPOLYLOOP((#10947,#11018,#10992));
#12706=IFCFACEOUTERBOUND(#12705,.T.);
#12707=IFCFACE((#12706));
#12708=IFCPOLYLOOP((#11067,#10946,#11018));
#12709=IFCFACEOUTERBOUND(#12708,.T.);
#12710=IFCFACE((#12709));
#12711=IFCPOLYLOOP((#11074,#11020,#10982));
#12712=IFCFACEOUTERBOUND(#12711,.T.);
#12713=IFCFACE((#12712));
#12714=IFCPOLYLOOP((#10922,#11019,#11011));
#12715=IFCFACEOUTERBOUND(#12714,.T.);
#12716=IFCFACE((#12715));
#12717=IFCPOLYLOOP((#11072,#10950,#11020));
#12718=IFCFACEOUTERBOUND(#12717,.T.);
#12719=IFCFACE((#12718));
#12720=IFCPOLYLOOP((#10983,#11020,#11074));
#12721=IFCFACEOUTERBOUND(#12720,.T.);
#12722=IFCFACE((#12721));
#12723=IFCPOLYLOOP((#11081,#11022,#10984));
#12724=IFCFACEOUTERBOUND(#12723,.T.);
#12725=IFCFACE((#12724));
#12726=IFCPOLYLOOP((#10925,#11021,#11077));
#12727=IFCFACEOUTERBOUND(#12726,.T.);
#12728=IFCFACE((#12727));
#12729=IFCPOLYLOOP((#11079,#10923,#11022));
#12730=IFCFACEOUTERBOUND(#12729,.T.);
#12731=IFCFACE((#12730));
#12732=IFCPOLYLOOP((#10985,#11022,#11081));
#12733=IFCFACEOUTERBOUND(#12732,.T.);
#12734=IFCFACE((#12733));
#12735=IFCPOLYLOOP((#11028,#11083,#11082));
#12736=IFCFACEOUTERBOUND(#12735,.T.);
#12737=IFCFACE((#12736));
#12738=IFCPOLYLOOP((#10999,#10996,#11027));
#12739=IFCFACEOUTERBOUND(#12738,.T.);
#12740=IFCFACE((#12739));
#12741=IFCPOLYLOOP((#11001,#11028,#11002));
#12742=IFCFACEOUTERBOUND(#12741,.T.);
#12743=IFCFACE((#12742));
#12744=IFCPOLYLOOP((#11087,#10917,#11031,#11003));
#12745=IFCFACEOUTERBOUND(#12744,.T.);
#12746=IFCFACE((#12745));
#12747=IFCPOLYLOOP((#11002,#10951,#11030));
#12748=IFCFACEOUTERBOUND(#12747,.T.);
#12749=IFCFACE((#12748));
#12750=IFCPOLYLOOP((#11032,#11003,#11090));
#12751=IFCFACEOUTERBOUND(#12750,.T.);
#12752=IFCFACE((#12751));
#12753=IFCPOLYLOOP((#10952,#11032,#11010));
#12754=IFCFACEOUTERBOUND(#12753,.T.);
#12755=IFCFACE((#12754));
#12756=IFCPOLYLOOP((#11089,#10953,#11032));
#12757=IFCFACEOUTERBOUND(#12756,.T.);
#12758=IFCFACE((#12757));
#12759=IFCPOLYLOOP((#10969,#11036,#11037,#11034));
#12760=IFCFACEOUTERBOUND(#12759,.T.);
#12761=IFCFACE((#12760));
#12762=IFCPOLYLOOP((#11033,#11005,#10968));
#12763=IFCFACEOUTERBOUND(#12762,.T.);
#12764=IFCFACE((#12763));
#12765=IFCPOLYLOOP((#11005,#10931,#11034));
#12766=IFCFACEOUTERBOUND(#12765,.T.);
#12767=IFCFACE((#12766));
#12768=IFCPOLYLOOP((#11005,#11037,#10968));
#12769=IFCFACEOUTERBOUND(#12768,.T.);
#12770=IFCFACE((#12769));
#12771=IFCPOLYLOOP((#10934,#11040,#11041,#11036));
#12772=IFCFACEOUTERBOUND(#12771,.T.);
#12773=IFCFACE((#12772));
#12774=IFCPOLYLOOP((#11038,#11007,#10970));
#12775=IFCFACEOUTERBOUND(#12774,.T.);
#12776=IFCFACE((#12775));
#12777=IFCPOLYLOOP((#11007,#10917,#11039));
#12778=IFCFACEOUTERBOUND(#12777,.T.);
#12779=IFCFACE((#12778));
#12780=IFCPOLYLOOP((#11006,#11041,#10933));
#12781=IFCFACEOUTERBOUND(#12780,.T.);
#12782=IFCFACE((#12781));
#12783=IFCPOLYLOOP((#11041,#11008,#10933));
#12784=IFCFACEOUTERBOUND(#12783,.T.);
#12785=IFCFACE((#12784));
#12786=IFCPOLYLOOP((#11007,#11043,#10970));
#12787=IFCFACEOUTERBOUND(#12786,.T.);
#12788=IFCFACE((#12787));
#12789=IFCPOLYLOOP((#11009,#11048,#10973));
#12790=IFCFACEOUTERBOUND(#12789,.T.);
#12791=IFCFACE((#12790));
#12792=IFCPOLYLOOP((#11044,#11009,#10936));
#12793=IFCFACEOUTERBOUND(#12792,.T.);
#12794=IFCFACE((#12793));
#12795=IFCPOLYLOOP((#11010,#11048,#11047));
#12796=IFCFACEOUTERBOUND(#12795,.T.);
#12797=IFCFACE((#12796));
#12798=IFCPOLYLOOP((#10975,#11053,#11050));
#12799=IFCFACEOUTERBOUND(#12798,.T.);
#12800=IFCFACE((#12799));
#12801=IFCPOLYLOOP((#11011,#10919,#11050));
#12802=IFCFACEOUTERBOUND(#12801,.T.);
#12803=IFCFACE((#12802));
#12804=IFCPOLYLOOP((#11012,#10975,#11052));
#12805=IFCFACEOUTERBOUND(#12804,.T.);
#12806=IFCFACE((#12805));
#12807=IFCPOLYLOOP((#11011,#11053,#10974));
#12808=IFCFACEOUTERBOUND(#12807,.T.);
#12809=IFCFACE((#12808));
#12810=IFCPOLYLOOP((#11055,#11013,#11058));
#12811=IFCFACEOUTERBOUND(#12810,.T.);
#12812=IFCFACE((#12811));
#12813=IFCPOLYLOOP((#10977,#11055,#11058));
#12814=IFCFACEOUTERBOUND(#12813,.T.);
#12815=IFCFACE((#12814));
#12816=IFCPOLYLOOP((#10976,#11057,#11058));
#12817=IFCFACEOUTERBOUND(#12816,.T.);
#12818=IFCFACE((#12817));
#12819=IFCPOLYLOOP((#11014,#11058,#11057));
#12820=IFCFACEOUTERBOUND(#12819,.T.);
#12821=IFCFACE((#12820));
#12822=IFCPOLYLOOP((#11060,#11015,#11063));
#12823=IFCFACEOUTERBOUND(#12822,.T.);
#12824=IFCFACE((#12823));
#12825=IFCPOLYLOOP((#11059,#11015,#10935));
#12826=IFCFACEOUTERBOUND(#12825,.T.);
#12827=IFCFACE((#12826));
#12828=IFCPOLYLOOP((#10979,#11060,#11063));
#12829=IFCFACEOUTERBOUND(#12828,.T.);
#12830=IFCFACE((#12829));
#12831=IFCPOLYLOOP((#11016,#11063,#11062));
#12832=IFCFACEOUTERBOUND(#12831,.T.);
#12833=IFCFACE((#12832));
#12834=IFCPOLYLOOP((#11065,#11017,#11068));
#12835=IFCFACEOUTERBOUND(#12834,.T.);
#12836=IFCFACE((#12835));
#12837=IFCPOLYLOOP((#10981,#11065,#11068));
#12838=IFCFACEOUTERBOUND(#12837,.T.);
#12839=IFCFACE((#12838));
#12840=IFCPOLYLOOP((#10980,#11067,#11068));
#12841=IFCFACEOUTERBOUND(#12840,.T.);
#12842=IFCFACE((#12841));
#12843=IFCPOLYLOOP((#11018,#11068,#11067));
#12844=IFCFACEOUTERBOUND(#12843,.T.);
#12845=IFCFACE((#12844));
#12846=IFCPOLYLOOP((#10950,#11072,#11030));
#12847=IFCFACEOUTERBOUND(#12846,.T.);
#12848=IFCFACE((#12847));
#12849=IFCPOLYLOOP((#11019,#10922,#11070));
#12850=IFCFACEOUTERBOUND(#12849,.T.);
#12851=IFCFACE((#12850));
#12852=IFCPOLYLOOP((#11002,#11072,#10949));
#12853=IFCFACEOUTERBOUND(#12852,.T.);
#12854=IFCFACE((#12853));
#12855=IFCPOLYLOOP((#10949,#11072,#11073));
#12856=IFCFACEOUTERBOUND(#12855,.T.);
#12857=IFCFACE((#12856));
#12858=IFCPOLYLOOP((#11020,#10983,#11073));
#12859=IFCFACEOUTERBOUND(#12858,.T.);
#12860=IFCFACE((#12859));
#12861=IFCPOLYLOOP((#11019,#11074,#10982));
#12862=IFCFACEOUTERBOUND(#12861,.T.);
#12863=IFCFACE((#12862));
#12864=IFCPOLYLOOP((#10925,#11077,#11052));
#12865=IFCFACEOUTERBOUND(#12864,.T.);
#12866=IFCFACE((#12865));
#12867=IFCPOLYLOOP((#11021,#10925,#11076));
#12868=IFCFACEOUTERBOUND(#12867,.T.);
#12869=IFCFACE((#12868));
#12870=IFCPOLYLOOP((#11012,#11077,#10926));
#12871=IFCFACEOUTERBOUND(#12870,.T.);
#12872=IFCFACE((#12871));
#12873=IFCPOLYLOOP((#10923,#11079,#11027));
#12874=IFCFACEOUTERBOUND(#12873,.T.);
#12875=IFCFACE((#12874));
#12876=IFCPOLYLOOP((#10999,#11079,#10924));
#12877=IFCFACEOUTERBOUND(#12876,.T.);
#12878=IFCFACE((#12877));
#12879=IFCPOLYLOOP((#10924,#11079,#11080));
#12880=IFCFACEOUTERBOUND(#12879,.T.);
#12881=IFCFACE((#12880));
#12882=IFCPOLYLOOP((#11022,#10985,#11080));
#12883=IFCFACEOUTERBOUND(#12882,.T.);
#12884=IFCFACE((#12883));
#12885=IFCPOLYLOOP((#11021,#11081,#10984));
#12886=IFCFACEOUTERBOUND(#12885,.T.);
#12887=IFCFACE((#12886));
#12888=IFCPOLYLOOP((#10932,#11082,#11083,#11033));
#12889=IFCFACEOUTERBOUND(#12888,.T.);
#12890=IFCFACE((#12889));
#12891=IFCPOLYLOOP((#11005,#11083,#10931));
#12892=IFCFACEOUTERBOUND(#12891,.T.);
#12893=IFCFACE((#12892));
#12894=IFCPOLYLOOP((#10931,#11083,#11084));
#12895=IFCFACEOUTERBOUND(#12894,.T.);
#12896=IFCFACE((#12895));
#12897=IFCPOLYLOOP((#11028,#11001,#11084));
#12898=IFCFACEOUTERBOUND(#12897,.T.);
#12899=IFCFACE((#12898));
#12900=IFCPOLYLOOP((#11031,#11086,#11085));
#12901=IFCFACEOUTERBOUND(#12900,.T.);
#12902=IFCFACE((#12901));
#12903=IFCPOLYLOOP((#11031,#11090,#11003));
#12904=IFCFACEOUTERBOUND(#12903,.T.);
#12905=IFCFACE((#12904));
#12906=IFCPOLYLOOP((#11032,#11090,#11089));
#12907=IFCFACEOUTERBOUND(#12906,.T.);
#12908=IFCFACE((#12907));
#12909=IFCPOLYLOOP((#11091,#10914,#10956,#10944,#10940,#11000,#10941,#11026,#10924,#11080,#10985,#11076,#10925,#11052,#10975,#11050,#10919,#11069,#10982,#11071,#10950,#11030,#10951,#11082,#10932,#11033,#10968,#11035,#10933,#11042,#10971,#11039,#10917,#11087,#11003,#11088,#10952,#11047,#10972,#11044,#10936,#11060,#10979,#11061,#10937,#11057,#10976,#11054,#10918,#11065,#10981,#11066,#10947,#11024,#10948,#10993,#10928,#10967,#10929,#10960,#10942,#10955,#10827,#10860));
#12910=IFCFACEOUTERBOUND(#12909,.T.);
#12911=IFCFACE((#12910));
#12912=IFCPOLYLOOP((#10860,#10862,#11091));
#12913=IFCFACEOUTERBOUND(#12912,.T.);
#12914=IFCFACE((#12913));
#12915=IFCPOLYLOOP((#10862,#10860,#10814));
#12916=IFCFACEOUTERBOUND(#12915,.T.);
#12917=IFCFACE((#12916));
#12918=IFCPOLYLOOP((#10574,#10814,#10860));
#12919=IFCFACEOUTERBOUND(#12918,.T.);
#12920=IFCFACE((#12919));
#12921=IFCPOLYLOOP((#10860,#10812,#10574));
#12922=IFCFACEOUTERBOUND(#12921,.T.);
#12923=IFCFACE((#12922));
#12924=IFCPOLYLOOP((#10575,#10574,#10812));
#12925=IFCFACEOUTERBOUND(#12924,.T.);
#12926=IFCFACE((#12925));
#12927=IFCPOLYLOOP((#10812,#10811,#10575));
#12928=IFCFACEOUTERBOUND(#12927,.T.);
#12929=IFCFACE((#12928));
#12930=IFCPOLYLOOP((#11091,#10575,#10811));
#12931=IFCFACEOUTERBOUND(#12930,.T.);
#12932=IFCFACE((#12931));
#12933=IFCPOLYLOOP((#10575,#11091,#10862));
#12934=IFCFACEOUTERBOUND(#12933,.T.);
#12935=IFCFACE((#12934));
#12936=IFCPOLYLOOP((#10572,#10575,#10862,#10861));
#12937=IFCFACEOUTERBOUND(#12936,.T.);
#12938=IFCFACE((#12937));
#12939=IFCPOLYLOOP((#10813,#10864,#10861));
#12940=IFCFACEOUTERBOUND(#12939,.T.);
#12941=IFCFACE((#12940));
#12942=IFCPOLYLOOP((#10864,#10813,#10816));
#12943=IFCFACEOUTERBOUND(#12942,.T.);
#12944=IFCFACE((#12943));
#12945=IFCPOLYLOOP((#10578,#10816,#10813));
#12946=IFCFACEOUTERBOUND(#12945,.T.);
#12947=IFCFACE((#12946));
#12948=IFCPOLYLOOP((#10813,#10573,#10578));
#12949=IFCFACEOUTERBOUND(#12948,.T.);
#12950=IFCFACE((#12949));
#12951=IFCPOLYLOOP((#10579,#10578,#10573));
#12952=IFCFACEOUTERBOUND(#12951,.T.);
#12953=IFCFACE((#12952));
#12954=IFCPOLYLOOP((#10573,#10572,#10579));
#12955=IFCFACEOUTERBOUND(#12954,.T.);
#12956=IFCFACE((#12955));
#12957=IFCPOLYLOOP((#10861,#10579,#10572));
#12958=IFCFACEOUTERBOUND(#12957,.T.);
#12959=IFCFACE((#12958));
#12960=IFCPOLYLOOP((#10579,#10861,#10864));
#12961=IFCFACEOUTERBOUND(#12960,.T.);
#12962=IFCFACE((#12961));
#12963=IFCPOLYLOOP((#10864,#10863,#11094,#11092,#10576,#10579));
#12964=IFCFACEOUTERBOUND(#12963,.T.);
#12965=IFCFACE((#12964));
#12966=IFCPOLYLOOP((#11093,#11097,#11095,#11096));
#12967=IFCFACEOUTERBOUND(#12966,.T.);
#12968=IFCFACE((#12967));
#12969=IFCPOLYLOOP((#11098,#10866,#11096));
#12970=IFCFACEOUTERBOUND(#12969,.T.);
#12971=IFCFACE((#12970));
#12972=IFCPOLYLOOP((#11099,#10583,#10576));
#12973=IFCFACEOUTERBOUND(#12972,.T.);
#12974=IFCFACE((#12973));
#12975=IFCPOLYLOOP((#11099,#11092,#11095));
#12976=IFCFACEOUTERBOUND(#12975,.T.);
#12977=IFCFACE((#12976));
#12978=IFCPOLYLOOP((#11098,#11094,#10863));
#12979=IFCFACEOUTERBOUND(#12978,.T.);
#12980=IFCFACE((#12979));
#12981=IFCPOLYLOOP((#11092,#11094,#11095));
#12982=IFCFACEOUTERBOUND(#12981,.T.);
#12983=IFCFACE((#12982));
#12984=IFCPOLYLOOP((#11099,#11095,#11097));
#12985=IFCFACEOUTERBOUND(#12984,.T.);
#12986=IFCFACE((#12985));
#12987=IFCPOLYLOOP((#11095,#11098,#11096));
#12988=IFCFACEOUTERBOUND(#12987,.T.);
#12989=IFCFACE((#12988));
#12990=IFCPOLYLOOP((#11095,#11094,#11098));
#12991=IFCFACEOUTERBOUND(#12990,.T.);
#12992=IFCFACE((#12991));
#12993=IFCPOLYLOOP((#10866,#10865,#11096));
#12994=IFCFACEOUTERBOUND(#12993,.T.);
#12995=IFCFACE((#12994));
#12996=IFCPOLYLOOP((#11097,#10580,#10583));
#12997=IFCFACEOUTERBOUND(#12996,.T.);
#12998=IFCFACE((#12997));
#12999=IFCPOLYLOOP((#10866,#11098,#10863));
#13000=IFCFACEOUTERBOUND(#12999,.T.);
#13001=IFCFACE((#13000));
#13002=IFCPOLYLOOP((#11092,#11099,#10576));
#13003=IFCFACEOUTERBOUND(#13002,.T.);
#13004=IFCFACE((#13003));
#13005=IFCPOLYLOOP((#10583,#11099,#11097));
#13006=IFCFACEOUTERBOUND(#13005,.T.);
#13007=IFCFACE((#13006));
#13008=IFCPOLYLOOP((#10817,#10829,#10957));
#13009=IFCFACEOUTERBOUND(#13008,.T.);
#13010=IFCFACE((#13009));
#13011=IFCPOLYLOOP((#10829,#10817,#10824));
#13012=IFCFACEOUTERBOUND(#13011,.T.);
#13013=IFCFACE((#13012));
#13014=IFCPOLYLOOP((#10916,#10580,#11097));
#13015=IFCFACEOUTERBOUND(#13014,.T.);
#13016=IFCFACE((#13015));
#13017=IFCPOLYLOOP((#10916,#10865,#10886));
#13018=IFCFACEOUTERBOUND(#13017,.T.);
#13019=IFCFACE((#13018));
#13020=IFCPOLYLOOP((#10581,#10635,#10677));
#13021=IFCFACEOUTERBOUND(#13020,.T.);
#13022=IFCFACE((#13021));
#13023=IFCPOLYLOOP((#10581,#10634,#10845));
#13024=IFCFACEOUTERBOUND(#13023,.T.);
#13025=IFCFACE((#13024));
#13026=IFCPOLYLOOP((#10580,#10916,#11115));
#13027=IFCFACEOUTERBOUND(#13026,.T.);
#13028=IFCFACE((#13027));
#13029=IFCPOLYLOOP((#10635,#10581,#10603));
#13030=IFCFACEOUTERBOUND(#13029,.T.);
#13031=IFCFACE((#13030));
#13032=IFCPOLYLOOP((#10817,#10957,#10943));
#13033=IFCFACEOUTERBOUND(#13032,.T.);
#13034=IFCFACE((#13033));
#13035=IFCPOLYLOOP((#10817,#10943,#10959));
#13036=IFCFACEOUTERBOUND(#13035,.T.);
#13037=IFCFACE((#13036));
#13038=IFCPOLYLOOP((#10817,#10959,#10930));
#13039=IFCFACEOUTERBOUND(#13038,.T.);
#13040=IFCFACE((#13039));
#13041=IFCPOLYLOOP((#10817,#10930,#10987));
#13042=IFCFACEOUTERBOUND(#13041,.T.);
#13043=IFCFACE((#13042));
#13044=IFCPOLYLOOP((#10817,#10987,#10965));
#13045=IFCFACEOUTERBOUND(#13044,.T.);
#13046=IFCFACE((#13045));
#13047=IFCPOLYLOOP((#10817,#10965,#11023));
#13048=IFCFACEOUTERBOUND(#13047,.T.);
#13049=IFCFACE((#13048));
#13050=IFCPOLYLOOP((#10817,#11023,#10927));
#13051=IFCFACEOUTERBOUND(#13050,.T.);
#13052=IFCFACE((#13051));
#13053=IFCPOLYLOOP((#10817,#10927,#10990));
#13054=IFCFACEOUTERBOUND(#13053,.T.);
#13055=IFCFACE((#13054));
#13056=IFCPOLYLOOP((#10817,#10990,#10989));
#13057=IFCFACEOUTERBOUND(#13056,.T.);
#13058=IFCFACE((#13057));
#13059=IFCPOLYLOOP((#10817,#10989,#11025));
#13060=IFCFACEOUTERBOUND(#13059,.T.);
#13061=IFCFACE((#13060));
#13062=IFCPOLYLOOP((#10817,#11025,#10946));
#13063=IFCFACEOUTERBOUND(#13062,.T.);
#13064=IFCFACE((#13063));
#13065=IFCPOLYLOOP((#10817,#10946,#11067));
#13066=IFCFACEOUTERBOUND(#13065,.T.);
#13067=IFCFACE((#13066));
#13068=IFCPOLYLOOP((#10817,#11067,#10980));
#13069=IFCFACEOUTERBOUND(#13068,.T.);
#13070=IFCFACE((#13069));
#13071=IFCPOLYLOOP((#10817,#10980,#11064));
#13072=IFCFACEOUTERBOUND(#13071,.T.);
#13073=IFCFACE((#13072));
#13074=IFCPOLYLOOP((#10817,#11064,#10921));
#13075=IFCFACEOUTERBOUND(#13074,.T.);
#13076=IFCFACE((#13075));
#13077=IFCPOLYLOOP((#10817,#10921,#11055));
#13078=IFCFACEOUTERBOUND(#13077,.T.);
#13079=IFCFACE((#13078));
#13080=IFCPOLYLOOP((#10817,#11055,#10977));
#13081=IFCFACEOUTERBOUND(#13080,.T.);
#13082=IFCFACE((#13081));
#13083=IFCPOLYLOOP((#10817,#10977,#11056));
#13084=IFCFACEOUTERBOUND(#13083,.T.);
#13085=IFCFACE((#13084));
#13086=IFCPOLYLOOP((#10817,#11056,#10938));
#13087=IFCFACEOUTERBOUND(#13086,.T.);
#13088=IFCFACE((#13087));
#13089=IFCPOLYLOOP((#10817,#10938,#11062));
#13090=IFCFACEOUTERBOUND(#13089,.T.);
#13091=IFCFACE((#13090));
#13092=IFCPOLYLOOP((#10817,#11062,#10978));
#13093=IFCFACEOUTERBOUND(#13092,.T.);
#13094=IFCFACE((#13093));
#13095=IFCPOLYLOOP((#10817,#10978,#11059));
#13096=IFCFACEOUTERBOUND(#13095,.T.);
#13097=IFCFACE((#13096));
#13098=IFCPOLYLOOP((#10817,#11059,#10935));
#13099=IFCFACEOUTERBOUND(#13098,.T.);
#13100=IFCFACE((#13099));
#13101=IFCPOLYLOOP((#10817,#10935,#11045));
#13102=IFCFACEOUTERBOUND(#13101,.T.);
#13103=IFCFACE((#13102));
#13104=IFCPOLYLOOP((#10817,#11045,#10973));
#13105=IFCFACEOUTERBOUND(#13104,.T.);
#13106=IFCFACE((#13105));
#13107=IFCPOLYLOOP((#10817,#10973,#11046));
#13108=IFCFACEOUTERBOUND(#13107,.T.);
#13109=IFCFACE((#13108));
#13110=IFCPOLYLOOP((#10817,#11046,#10953));
#13111=IFCFACEOUTERBOUND(#13110,.T.);
#13112=IFCFACE((#13111));
#13113=IFCPOLYLOOP((#10817,#10953,#11089));
#13114=IFCFACEOUTERBOUND(#13113,.T.);
#13115=IFCFACE((#13114));
#13116=IFCPOLYLOOP((#10817,#11089,#10954));
#13117=IFCFACEOUTERBOUND(#13116,.T.);
#13118=IFCFACE((#13117));
#13119=IFCPOLYLOOP((#10817,#10954,#11085));
#13120=IFCFACEOUTERBOUND(#13119,.T.);
#13121=IFCFACE((#13120));
#13122=IFCPOLYLOOP((#10817,#11085,#10920));
#13123=IFCFACEOUTERBOUND(#13122,.T.);
#13124=IFCFACE((#13123));
#13125=IFCPOLYLOOP((#10817,#10920,#11038));
#13126=IFCFACEOUTERBOUND(#13125,.T.);
#13127=IFCFACE((#13126));
#13128=IFCPOLYLOOP((#10817,#11038,#10970));
#13129=IFCFACEOUTERBOUND(#13128,.T.);
#13130=IFCFACE((#13129));
#13131=IFCPOLYLOOP((#10817,#10970,#11040));
#13132=IFCFACEOUTERBOUND(#13131,.T.);
#13133=IFCFACE((#13132));
#13134=IFCPOLYLOOP((#10817,#11040,#10934));
#13135=IFCFACEOUTERBOUND(#13134,.T.);
#13136=IFCFACE((#13135));
#13137=IFCPOLYLOOP((#10817,#10934,#11036));
#13138=IFCFACEOUTERBOUND(#13137,.T.);
#13139=IFCFACE((#13138));
#13140=IFCPOLYLOOP((#10817,#11036,#10969));
#13141=IFCFACEOUTERBOUND(#13140,.T.);
#13142=IFCFACE((#13141));
#13143=IFCPOLYLOOP((#10817,#10969,#11034));
#13144=IFCFACEOUTERBOUND(#13143,.T.);
#13145=IFCFACE((#13144));
#13146=IFCPOLYLOOP((#10817,#11034,#10931));
#13147=IFCFACEOUTERBOUND(#13146,.T.);
#13148=IFCFACE((#13147));
#13149=IFCPOLYLOOP((#10817,#10931,#11084));
#13150=IFCFACEOUTERBOUND(#13149,.T.);
#13151=IFCFACE((#13150));
#13152=IFCPOLYLOOP((#10817,#11084,#11001));
#13153=IFCFACEOUTERBOUND(#13152,.T.);
#13154=IFCFACE((#13153));
#13155=IFCPOLYLOOP((#10817,#11001,#11029));
#13156=IFCFACEOUTERBOUND(#13155,.T.);
#13157=IFCFACE((#13156));
#13158=IFCPOLYLOOP((#10817,#11029,#10949));
#13159=IFCFACEOUTERBOUND(#13158,.T.);
#13160=IFCFACE((#13159));
#13161=IFCPOLYLOOP((#10817,#10949,#11073));
#13162=IFCFACEOUTERBOUND(#13161,.T.);
#13163=IFCFACE((#13162));
#13164=IFCPOLYLOOP((#10817,#11073,#10983));
#13165=IFCFACEOUTERBOUND(#13164,.T.);
#13166=IFCFACE((#13165));
#13167=IFCPOLYLOOP((#10817,#10983,#11070));
#13168=IFCFACEOUTERBOUND(#13167,.T.);
#13169=IFCFACE((#13168));
#13170=IFCPOLYLOOP((#10817,#11070,#10922));
#13171=IFCFACEOUTERBOUND(#13170,.T.);
#13172=IFCFACE((#13171));
#13173=IFCPOLYLOOP((#10817,#10922,#11049));
#13174=IFCFACEOUTERBOUND(#13173,.T.);
#13175=IFCFACE((#13174));
#13176=IFCPOLYLOOP((#10817,#11049,#10974));
#13177=IFCFACEOUTERBOUND(#13176,.T.);
#13178=IFCFACE((#13177));
#13179=IFCPOLYLOOP((#10817,#10974,#11051));
#13180=IFCFACEOUTERBOUND(#13179,.T.);
#13181=IFCFACE((#13180));
#13182=IFCPOLYLOOP((#10817,#11051,#10926));
#13183=IFCFACEOUTERBOUND(#13182,.T.);
#13184=IFCFACE((#13183));
#13185=IFCPOLYLOOP((#10817,#10926,#11075));
#13186=IFCFACEOUTERBOUND(#13185,.T.);
#13187=IFCFACE((#13186));
#13188=IFCPOLYLOOP((#10817,#11075,#10984));
#13189=IFCFACEOUTERBOUND(#13188,.T.);
#13190=IFCFACE((#13189));
#13191=IFCPOLYLOOP((#10817,#10984,#11078));
#13192=IFCFACEOUTERBOUND(#13191,.T.);
#13193=IFCFACE((#13192));
#13194=IFCPOLYLOOP((#10817,#11078,#10923));
#13195=IFCFACEOUTERBOUND(#13194,.T.);
#13196=IFCFACE((#13195));
#13197=IFCPOLYLOOP((#10817,#10923,#11027));
#13198=IFCFACEOUTERBOUND(#13197,.T.);
#13199=IFCFACE((#13198));
#13200=IFCPOLYLOOP((#10817,#11027,#10996));
#13201=IFCFACEOUTERBOUND(#13200,.T.);
#13202=IFCFACE((#13201));
#13203=IFCPOLYLOOP((#10817,#10996,#10997));
#13204=IFCFACEOUTERBOUND(#13203,.T.);
#13205=IFCFACE((#13204));
#13206=IFCPOLYLOOP((#10817,#10997,#10939));
#13207=IFCFACEOUTERBOUND(#13206,.T.);
#13208=IFCFACE((#13207));
#13209=IFCPOLYLOOP((#10817,#10939,#11004));
#13210=IFCFACEOUTERBOUND(#13209,.T.);
#13211=IFCFACE((#13210));
#13212=IFCPOLYLOOP((#10817,#11004,#10945));
#13213=IFCFACEOUTERBOUND(#13212,.T.);
#13214=IFCFACE((#13213));
#13215=IFCPOLYLOOP((#10817,#10945,#10962));
#13216=IFCFACEOUTERBOUND(#13215,.T.);
#13217=IFCFACE((#13216));
#13218=IFCPOLYLOOP((#10817,#10962,#10916));
#13219=IFCFACEOUTERBOUND(#13218,.T.);
#13220=IFCFACE((#13219));
#13221=IFCPOLYLOOP((#10829,#10824,#10820));
#13222=IFCFACEOUTERBOUND(#13221,.T.);
#13223=IFCFACE((#13222));
#13224=IFCPOLYLOOP((#10829,#10820,#10823));
#13225=IFCFACEOUTERBOUND(#13224,.T.);
#13226=IFCFACE((#13225));
#13227=IFCPOLYLOOP((#10829,#10823,#10581));
#13228=IFCFACEOUTERBOUND(#13227,.T.);
#13229=IFCFACE((#13228));
#13230=IFCPOLYLOOP((#10916,#11097,#11093));
#13231=IFCFACEOUTERBOUND(#13230,.T.);
#13232=IFCFACE((#13231));
#13233=IFCPOLYLOOP((#10916,#11093,#11096));
#13234=IFCFACEOUTERBOUND(#13233,.T.);
#13235=IFCFACE((#13234));
#13236=IFCPOLYLOOP((#10916,#11096,#10865));
#13237=IFCFACEOUTERBOUND(#13236,.T.);
#13238=IFCFACE((#13237));
#13239=IFCPOLYLOOP((#10916,#10886,#10873));
#13240=IFCFACEOUTERBOUND(#13239,.T.);
#13241=IFCFACE((#13240));
#13242=IFCPOLYLOOP((#10916,#10873,#10896));
#13243=IFCFACEOUTERBOUND(#13242,.T.);
#13244=IFCFACE((#13243));
#13245=IFCPOLYLOOP((#10916,#10896,#10869));
#13246=IFCFACEOUTERBOUND(#13245,.T.);
#13247=IFCFACE((#13246));
#13248=IFCPOLYLOOP((#10916,#10869,#10889));
#13249=IFCFACEOUTERBOUND(#13248,.T.);
#13250=IFCFACE((#13249));
#13251=IFCPOLYLOOP((#10916,#10889,#10883));
#13252=IFCFACEOUTERBOUND(#13251,.T.);
#13253=IFCFACE((#13252));
#13254=IFCPOLYLOOP((#10916,#10883,#10894));
#13255=IFCFACEOUTERBOUND(#13254,.T.);
#13256=IFCFACE((#13255));
#13257=IFCPOLYLOOP((#10916,#10894,#10867));
#13258=IFCFACEOUTERBOUND(#13257,.T.);
#13259=IFCFACE((#13258));
#13260=IFCPOLYLOOP((#10916,#10867,#10906));
#13261=IFCFACEOUTERBOUND(#13260,.T.);
#13262=IFCFACE((#13261));
#13263=IFCPOLYLOOP((#10916,#10906,#10881));
#13264=IFCFACEOUTERBOUND(#13263,.T.);
#13265=IFCFACE((#13264));
#13266=IFCPOLYLOOP((#10916,#10881,#10882));
#13267=IFCFACEOUTERBOUND(#13266,.T.);
#13268=IFCFACE((#13267));
#13269=IFCPOLYLOOP((#10916,#10882,#10868));
#13270=IFCFACEOUTERBOUND(#13269,.T.);
#13271=IFCFACE((#13270));
#13272=IFCPOLYLOOP((#10916,#10868,#10888));
#13273=IFCFACEOUTERBOUND(#13272,.T.);
#13274=IFCFACE((#13273));
#13275=IFCPOLYLOOP((#10916,#10888,#10876));
#13276=IFCFACEOUTERBOUND(#13275,.T.);
#13277=IFCFACE((#13276));
#13278=IFCPOLYLOOP((#10916,#10876,#10879));
#13279=IFCFACEOUTERBOUND(#13278,.T.);
#13280=IFCFACE((#13279));
#13281=IFCPOLYLOOP((#10916,#10879,#10817));
#13282=IFCFACEOUTERBOUND(#13281,.T.);
#13283=IFCFACE((#13282));
#13284=IFCPOLYLOOP((#10581,#10677,#10663));
#13285=IFCFACEOUTERBOUND(#13284,.T.);
#13286=IFCFACE((#13285));
#13287=IFCPOLYLOOP((#10581,#10663,#10679));
#13288=IFCFACEOUTERBOUND(#13287,.T.);
#13289=IFCFACE((#13288));
#13290=IFCPOLYLOOP((#10581,#10679,#10650));
#13291=IFCFACEOUTERBOUND(#13290,.T.);
#13292=IFCFACE((#13291));
#13293=IFCPOLYLOOP((#10581,#10650,#10707));
#13294=IFCFACEOUTERBOUND(#13293,.T.);
#13295=IFCFACE((#13294));
#13296=IFCPOLYLOOP((#10581,#10707,#10685));
#13297=IFCFACEOUTERBOUND(#13296,.T.);
#13298=IFCFACE((#13297));
#13299=IFCPOLYLOOP((#10581,#10685,#10743));
#13300=IFCFACEOUTERBOUND(#13299,.T.);
#13301=IFCFACE((#13300));
#13302=IFCPOLYLOOP((#10581,#10743,#10647));
#13303=IFCFACEOUTERBOUND(#13302,.T.);
#13304=IFCFACE((#13303));
#13305=IFCPOLYLOOP((#10581,#10647,#10710));
#13306=IFCFACEOUTERBOUND(#13305,.T.);
#13307=IFCFACE((#13306));
#13308=IFCPOLYLOOP((#10581,#10710,#10709));
#13309=IFCFACEOUTERBOUND(#13308,.T.);
#13310=IFCFACE((#13309));
#13311=IFCPOLYLOOP((#10581,#10709,#10745));
#13312=IFCFACEOUTERBOUND(#13311,.T.);
#13313=IFCFACE((#13312));
#13314=IFCPOLYLOOP((#10581,#10745,#10666));
#13315=IFCFACEOUTERBOUND(#13314,.T.);
#13316=IFCFACE((#13315));
#13317=IFCPOLYLOOP((#10581,#10666,#10787));
#13318=IFCFACEOUTERBOUND(#13317,.T.);
#13319=IFCFACE((#13318));
#13320=IFCPOLYLOOP((#10581,#10787,#10700));
#13321=IFCFACEOUTERBOUND(#13320,.T.);
#13322=IFCFACE((#13321));
#13323=IFCPOLYLOOP((#10581,#10700,#10784));
#13324=IFCFACEOUTERBOUND(#13323,.T.);
#13325=IFCFACE((#13324));
#13326=IFCPOLYLOOP((#10581,#10784,#10641));
#13327=IFCFACEOUTERBOUND(#13326,.T.);
#13328=IFCFACE((#13327));
#13329=IFCPOLYLOOP((#10581,#10641,#10775));
#13330=IFCFACEOUTERBOUND(#13329,.T.);
#13331=IFCFACE((#13330));
#13332=IFCPOLYLOOP((#10581,#10775,#10697));
#13333=IFCFACEOUTERBOUND(#13332,.T.);
#13334=IFCFACE((#13333));
#13335=IFCPOLYLOOP((#10581,#10697,#10776));
#13336=IFCFACEOUTERBOUND(#13335,.T.);
#13337=IFCFACE((#13336));
#13338=IFCPOLYLOOP((#10581,#10776,#10658));
#13339=IFCFACEOUTERBOUND(#13338,.T.);
#13340=IFCFACE((#13339));
#13341=IFCPOLYLOOP((#10581,#10658,#10782));
#13342=IFCFACEOUTERBOUND(#13341,.T.);
#13343=IFCFACE((#13342));
#13344=IFCPOLYLOOP((#10581,#10782,#10698));
#13345=IFCFACEOUTERBOUND(#13344,.T.);
#13346=IFCFACE((#13345));
#13347=IFCPOLYLOOP((#10581,#10698,#10779));
#13348=IFCFACEOUTERBOUND(#13347,.T.);
#13349=IFCFACE((#13348));
#13350=IFCPOLYLOOP((#10581,#10779,#10655));
#13351=IFCFACEOUTERBOUND(#13350,.T.);
#13352=IFCFACE((#13351));
#13353=IFCPOLYLOOP((#10581,#10655,#10765));
#13354=IFCFACEOUTERBOUND(#13353,.T.);
#13355=IFCFACE((#13354));
#13356=IFCPOLYLOOP((#10581,#10765,#10693));
#13357=IFCFACEOUTERBOUND(#13356,.T.);
#13358=IFCFACE((#13357));
#13359=IFCPOLYLOOP((#10581,#10693,#10766));
#13360=IFCFACEOUTERBOUND(#13359,.T.);
#13361=IFCFACE((#13360));
#13362=IFCPOLYLOOP((#10581,#10766,#10673));
#13363=IFCFACEOUTERBOUND(#13362,.T.);
#13364=IFCFACE((#13363));
#13365=IFCPOLYLOOP((#10581,#10673,#10809));
#13366=IFCFACEOUTERBOUND(#13365,.T.);
#13367=IFCFACE((#13366));
#13368=IFCPOLYLOOP((#10581,#10809,#10674));
#13369=IFCFACEOUTERBOUND(#13368,.T.);
#13370=IFCFACE((#13369));
#13371=IFCPOLYLOOP((#10581,#10674,#10805));
#13372=IFCFACEOUTERBOUND(#13371,.T.);
#13373=IFCFACE((#13372));
#13374=IFCPOLYLOOP((#10581,#10805,#10640));
#13375=IFCFACEOUTERBOUND(#13374,.T.);
#13376=IFCFACE((#13375));
#13377=IFCPOLYLOOP((#10581,#10640,#10758));
#13378=IFCFACEOUTERBOUND(#13377,.T.);
#13379=IFCFACE((#13378));
#13380=IFCPOLYLOOP((#10581,#10758,#10690));
#13381=IFCFACEOUTERBOUND(#13380,.T.);
#13382=IFCFACE((#13381));
#13383=IFCPOLYLOOP((#10581,#10690,#10760));
#13384=IFCFACEOUTERBOUND(#13383,.T.);
#13385=IFCFACE((#13384));
#13386=IFCPOLYLOOP((#10581,#10760,#10654));
#13387=IFCFACEOUTERBOUND(#13386,.T.);
#13388=IFCFACE((#13387));
#13389=IFCPOLYLOOP((#10581,#10654,#10756));
#13390=IFCFACEOUTERBOUND(#13389,.T.);
#13391=IFCFACE((#13390));
#13392=IFCPOLYLOOP((#10581,#10756,#10689));
#13393=IFCFACEOUTERBOUND(#13392,.T.);
#13394=IFCFACE((#13393));
#13395=IFCPOLYLOOP((#10581,#10689,#10754));
#13396=IFCFACEOUTERBOUND(#13395,.T.);
#13397=IFCFACE((#13396));
#13398=IFCPOLYLOOP((#10581,#10754,#10651));
#13399=IFCFACEOUTERBOUND(#13398,.T.);
#13400=IFCFACE((#13399));
#13401=IFCPOLYLOOP((#10581,#10651,#10804));
#13402=IFCFACEOUTERBOUND(#13401,.T.);
#13403=IFCFACE((#13402));
#13404=IFCPOLYLOOP((#10581,#10804,#10721));
#13405=IFCFACEOUTERBOUND(#13404,.T.);
#13406=IFCFACE((#13405));
#13407=IFCPOLYLOOP((#10581,#10721,#10749));
#13408=IFCFACEOUTERBOUND(#13407,.T.);
#13409=IFCFACE((#13408));
#13410=IFCPOLYLOOP((#10581,#10749,#10669));
#13411=IFCFACEOUTERBOUND(#13410,.T.);
#13412=IFCFACE((#13411));
#13413=IFCPOLYLOOP((#10581,#10669,#10793));
#13414=IFCFACEOUTERBOUND(#13413,.T.);
#13415=IFCFACE((#13414));
#13416=IFCPOLYLOOP((#10581,#10793,#10703));
#13417=IFCFACEOUTERBOUND(#13416,.T.);
#13418=IFCFACE((#13417));
#13419=IFCPOLYLOOP((#10581,#10703,#10790));
#13420=IFCFACEOUTERBOUND(#13419,.T.);
#13421=IFCFACE((#13420));
#13422=IFCPOLYLOOP((#10581,#10790,#10642));
#13423=IFCFACEOUTERBOUND(#13422,.T.);
#13424=IFCFACE((#13423));
#13425=IFCPOLYLOOP((#10581,#10642,#10769));
#13426=IFCFACEOUTERBOUND(#13425,.T.);
#13427=IFCFACE((#13426));
#13428=IFCPOLYLOOP((#10581,#10769,#10694));
#13429=IFCFACEOUTERBOUND(#13428,.T.);
#13430=IFCFACE((#13429));
#13431=IFCPOLYLOOP((#10581,#10694,#10771));
#13432=IFCFACEOUTERBOUND(#13431,.T.);
#13433=IFCFACE((#13432));
#13434=IFCPOLYLOOP((#10581,#10771,#10646));
#13435=IFCFACEOUTERBOUND(#13434,.T.);
#13436=IFCFACE((#13435));
#13437=IFCPOLYLOOP((#10581,#10646,#10795));
#13438=IFCFACEOUTERBOUND(#13437,.T.);
#13439=IFCFACE((#13438));
#13440=IFCPOLYLOOP((#10581,#10795,#10704));
#13441=IFCFACEOUTERBOUND(#13440,.T.);
#13442=IFCFACE((#13441));
#13443=IFCPOLYLOOP((#10581,#10704,#10798));
#13444=IFCFACEOUTERBOUND(#13443,.T.);
#13445=IFCFACE((#13444));
#13446=IFCPOLYLOOP((#10581,#10798,#10643));
#13447=IFCFACEOUTERBOUND(#13446,.T.);
#13448=IFCFACE((#13447));
#13449=IFCPOLYLOOP((#10581,#10643,#10747));
#13450=IFCFACEOUTERBOUND(#13449,.T.);
#13451=IFCFACE((#13450));
#13452=IFCPOLYLOOP((#10581,#10747,#10716));
#13453=IFCFACEOUTERBOUND(#13452,.T.);
#13454=IFCFACE((#13453));
#13455=IFCPOLYLOOP((#10581,#10716,#10717));
#13456=IFCFACEOUTERBOUND(#13455,.T.);
#13457=IFCFACE((#13456));
#13458=IFCPOLYLOOP((#10581,#10717,#10659));
#13459=IFCFACEOUTERBOUND(#13458,.T.);
#13460=IFCFACE((#13459));
#13461=IFCPOLYLOOP((#10581,#10659,#10724));
#13462=IFCFACEOUTERBOUND(#13461,.T.);
#13463=IFCFACE((#13462));
#13464=IFCPOLYLOOP((#10581,#10724,#10665));
#13465=IFCFACEOUTERBOUND(#13464,.T.);
#13466=IFCFACE((#13465));
#13467=IFCPOLYLOOP((#10581,#10665,#10682));
#13468=IFCFACEOUTERBOUND(#13467,.T.);
#13469=IFCFACE((#13468));
#13470=IFCPOLYLOOP((#10581,#10682,#10634));
#13471=IFCFACEOUTERBOUND(#13470,.T.);
#13472=IFCFACE((#13471));
#13473=IFCPOLYLOOP((#10581,#10845,#10838));
#13474=IFCFACEOUTERBOUND(#13473,.T.);
#13475=IFCFACE((#13474));
#13476=IFCPOLYLOOP((#10581,#10838,#10839));
#13477=IFCFACEOUTERBOUND(#13476,.T.);
#13478=IFCFACE((#13477));
#13479=IFCPOLYLOOP((#10581,#10839,#10834));
#13480=IFCFACEOUTERBOUND(#13479,.T.);
#13481=IFCFACE((#13480));
#13482=IFCPOLYLOOP((#10581,#10834,#10858));
#13483=IFCFACEOUTERBOUND(#13482,.T.);
#13484=IFCFACE((#13483));
#13485=IFCPOLYLOOP((#10581,#10858,#10835));
#13486=IFCFACEOUTERBOUND(#13485,.T.);
#13487=IFCFACE((#13486));
#13488=IFCPOLYLOOP((#10581,#10835,#10849));
#13489=IFCFACEOUTERBOUND(#13488,.T.);
#13490=IFCFACE((#13489));
#13491=IFCPOLYLOOP((#10581,#10849,#10830));
#13492=IFCFACEOUTERBOUND(#13491,.T.);
#13493=IFCFACE((#13492));
#13494=IFCPOLYLOOP((#10581,#10830,#10854));
#13495=IFCFACEOUTERBOUND(#13494,.T.);
#13496=IFCFACE((#13495));
#13497=IFCPOLYLOOP((#10581,#10854,#10836));
#13498=IFCFACEOUTERBOUND(#13497,.T.);
#13499=IFCFACE((#13498));
#13500=IFCPOLYLOOP((#10581,#10836,#10841));
#13501=IFCFACEOUTERBOUND(#13500,.T.);
#13502=IFCFACE((#13501));
#13503=IFCPOLYLOOP((#10581,#10841,#10829));
#13504=IFCFACEOUTERBOUND(#13503,.T.);
#13505=IFCFACE((#13504));
#13506=IFCPOLYLOOP((#10580,#11115,#11108));
#13507=IFCFACEOUTERBOUND(#13506,.T.);
#13508=IFCFACE((#13507));
#13509=IFCPOLYLOOP((#10580,#11108,#11109));
#13510=IFCFACEOUTERBOUND(#13509,.T.);
#13511=IFCFACE((#13510));
#13512=IFCPOLYLOOP((#10580,#11109,#11104));
#13513=IFCFACEOUTERBOUND(#13512,.T.);
#13514=IFCFACE((#13513));
#13515=IFCPOLYLOOP((#10580,#11104,#11128));
#13516=IFCFACEOUTERBOUND(#13515,.T.);
#13517=IFCFACE((#13516));
#13518=IFCPOLYLOOP((#10580,#11128,#11105));
#13519=IFCFACEOUTERBOUND(#13518,.T.);
#13520=IFCFACE((#13519));
#13521=IFCPOLYLOOP((#10580,#11105,#11119));
#13522=IFCFACEOUTERBOUND(#13521,.T.);
#13523=IFCFACE((#13522));
#13524=IFCPOLYLOOP((#10580,#11119,#11100));
#13525=IFCFACEOUTERBOUND(#13524,.T.);
#13526=IFCFACE((#13525));
#13527=IFCPOLYLOOP((#10580,#11100,#11124));
#13528=IFCFACEOUTERBOUND(#13527,.T.);
#13529=IFCFACE((#13528));
#13530=IFCPOLYLOOP((#10580,#11124,#11106));
#13531=IFCFACEOUTERBOUND(#13530,.T.);
#13532=IFCFACE((#13531));
#13533=IFCPOLYLOOP((#10580,#11106,#11111));
#13534=IFCFACEOUTERBOUND(#13533,.T.);
#13535=IFCFACE((#13534));
#13536=IFCPOLYLOOP((#10580,#11111,#10635));
#13537=IFCFACEOUTERBOUND(#13536,.T.);
#13538=IFCFACE((#13537));
#13539=IFCPOLYLOOP((#10635,#10603,#10590));
#13540=IFCFACEOUTERBOUND(#13539,.T.);
#13541=IFCFACE((#13540));
#13542=IFCPOLYLOOP((#10635,#10590,#10613));
#13543=IFCFACEOUTERBOUND(#13542,.T.);
#13544=IFCFACE((#13543));
#13545=IFCPOLYLOOP((#10635,#10613,#10586));
#13546=IFCFACEOUTERBOUND(#13545,.T.);
#13547=IFCFACE((#13546));
#13548=IFCPOLYLOOP((#10635,#10586,#10606));
#13549=IFCFACEOUTERBOUND(#13548,.T.);
#13550=IFCFACE((#13549));
#13551=IFCPOLYLOOP((#10635,#10606,#10600));
#13552=IFCFACEOUTERBOUND(#13551,.T.);
#13553=IFCFACE((#13552));
#13554=IFCPOLYLOOP((#10635,#10600,#10611));
#13555=IFCFACEOUTERBOUND(#13554,.T.);
#13556=IFCFACE((#13555));
#13557=IFCPOLYLOOP((#10635,#10611,#10584));
#13558=IFCFACEOUTERBOUND(#13557,.T.);
#13559=IFCFACE((#13558));
#13560=IFCPOLYLOOP((#10635,#10584,#10623));
#13561=IFCFACEOUTERBOUND(#13560,.T.);
#13562=IFCFACE((#13561));
#13563=IFCPOLYLOOP((#10635,#10623,#10598));
#13564=IFCFACEOUTERBOUND(#13563,.T.);
#13565=IFCFACE((#13564));
#13566=IFCPOLYLOOP((#10635,#10598,#10599));
#13567=IFCFACEOUTERBOUND(#13566,.T.);
#13568=IFCFACE((#13567));
#13569=IFCPOLYLOOP((#10635,#10599,#10585));
#13570=IFCFACEOUTERBOUND(#13569,.T.);
#13571=IFCFACE((#13570));
#13572=IFCPOLYLOOP((#10635,#10585,#10605));
#13573=IFCFACEOUTERBOUND(#13572,.T.);
#13574=IFCFACE((#13573));
#13575=IFCPOLYLOOP((#10635,#10605,#10593));
#13576=IFCFACEOUTERBOUND(#13575,.T.);
#13577=IFCFACE((#13576));
#13578=IFCPOLYLOOP((#10635,#10593,#10596));
#13579=IFCFACEOUTERBOUND(#13578,.T.);
#13580=IFCFACE((#13579));
#13581=IFCPOLYLOOP((#10635,#10596,#10580));
#13582=IFCFACEOUTERBOUND(#13581,.T.);
#13583=IFCFACE((#13582));
#13584=IFCPOLYLOOP((#11116,#11112,#11107));
#13585=IFCFACEOUTERBOUND(#13584,.T.);
#13586=IFCFACE((#13585));
#13587=IFCPOLYLOOP((#11123,#11127,#11128));
#13588=IFCFACEOUTERBOUND(#13587,.T.);
#13589=IFCFACE((#13588));
#13590=IFCPOLYLOOP((#11110,#11129,#11117));
#13591=IFCFACEOUTERBOUND(#13590,.T.);
#13592=IFCFACE((#13591));
#13593=IFCPOLYLOOP((#11121,#11102,#11123));
#13594=IFCFACEOUTERBOUND(#13593,.T.);
#13595=IFCFACE((#13594));
#13596=IFCPOLYLOOP((#11110,#11117,#11103));
#13597=IFCFACEOUTERBOUND(#13596,.T.);
#13598=IFCFACE((#13597));
#13599=IFCPOLYLOOP((#11117,#11124,#11120));
#13600=IFCFACEOUTERBOUND(#13599,.T.);
#13601=IFCFACE((#13600));
#13602=IFCPOLYLOOP((#11129,#11114,#10636));
#13603=IFCFACEOUTERBOUND(#13602,.T.);
#13604=IFCFACE((#13603));
#13605=IFCPOLYLOOP((#11102,#11121,#11113));
#13606=IFCFACEOUTERBOUND(#13605,.T.);
#13607=IFCFACE((#13606));
#13608=IFCPOLYLOOP((#11109,#11121,#11104));
#13609=IFCFACEOUTERBOUND(#13608,.T.);
#13610=IFCFACE((#13609));
#13611=IFCPOLYLOOP((#11122,#11127,#11101));
#13612=IFCFACEOUTERBOUND(#13611,.T.);
#13613=IFCFACE((#13612));
#13614=IFCPOLYLOOP((#11103,#11117,#11120));
#13615=IFCFACEOUTERBOUND(#13614,.T.);
#13616=IFCFACE((#13615));
#13617=IFCPOLYLOOP((#11125,#11116,#11107));
#13618=IFCFACEOUTERBOUND(#13617,.T.);
#13619=IFCFACE((#13618));
#13620=IFCPOLYLOOP((#11125,#11109,#11108));
#13621=IFCFACEOUTERBOUND(#13620,.T.);
#13622=IFCFACE((#13621));
#13623=IFCPOLYLOOP((#11125,#11121,#11109));
#13624=IFCFACEOUTERBOUND(#13623,.T.);
#13625=IFCFACE((#13624));
#13626=IFCPOLYLOOP((#11129,#10636,#10635));
#13627=IFCFACEOUTERBOUND(#13626,.T.);
#13628=IFCFACE((#13627));
#13629=IFCPOLYLOOP((#11115,#10916,#10915));
#13630=IFCFACEOUTERBOUND(#13629,.T.);
#13631=IFCFACE((#13630));
#13632=IFCPOLYLOOP((#11115,#11116,#11108));
#13633=IFCFACEOUTERBOUND(#13632,.T.);
#13634=IFCFACE((#13633));
#13635=IFCPOLYLOOP((#10915,#10914,#11112));
#13636=IFCFACEOUTERBOUND(#13635,.T.);
#13637=IFCFACE((#13636));
#13638=IFCPOLYLOOP((#11114,#10631,#10636));
#13639=IFCFACEOUTERBOUND(#13638,.T.);
#13640=IFCFACE((#13639));
#13641=IFCPOLYLOOP((#11129,#11106,#11117));
#13642=IFCFACEOUTERBOUND(#13641,.T.);
#13643=IFCFACE((#13642));
#13644=IFCPOLYLOOP((#10915,#11116,#11115));
#13645=IFCFACEOUTERBOUND(#13644,.T.);
#13646=IFCFACE((#13645));
#13647=IFCPOLYLOOP((#11112,#11116,#10915));
#13648=IFCFACEOUTERBOUND(#13647,.T.);
#13649=IFCFACE((#13648));
#13650=IFCPOLYLOOP((#11124,#11117,#11106));
#13651=IFCFACEOUTERBOUND(#13650,.T.);
#13652=IFCFACE((#13651));
#13653=IFCPOLYLOOP((#11111,#11106,#11129,#10635));
#13654=IFCFACEOUTERBOUND(#13653,.T.);
#13655=IFCFACE((#13654));
#13656=IFCPOLYLOOP((#11120,#11118,#11103));
#13657=IFCFACEOUTERBOUND(#13656,.T.);
#13658=IFCFACE((#13657));
#13659=IFCPOLYLOOP((#11127,#11122,#11119));
#13660=IFCFACEOUTERBOUND(#13659,.T.);
#13661=IFCFACE((#13660));
#13662=IFCPOLYLOOP((#11119,#11122,#11100));
#13663=IFCFACEOUTERBOUND(#13662,.T.);
#13664=IFCFACE((#13663));
#13665=IFCPOLYLOOP((#11118,#11120,#11122));
#13666=IFCFACEOUTERBOUND(#13665,.T.);
#13667=IFCFACE((#13666));
#13668=IFCPOLYLOOP((#11123,#11104,#11121));
#13669=IFCFACEOUTERBOUND(#13668,.T.);
#13670=IFCFACE((#13669));
#13671=IFCPOLYLOOP((#11125,#11107,#11113));
#13672=IFCFACEOUTERBOUND(#13671,.T.);
#13673=IFCFACE((#13672));
#13674=IFCPOLYLOOP((#11100,#11122,#11120));
#13675=IFCFACEOUTERBOUND(#13674,.T.);
#13676=IFCFACE((#13675));
#13677=IFCPOLYLOOP((#11118,#11122,#11101));
#13678=IFCFACEOUTERBOUND(#13677,.T.);
#13679=IFCFACE((#13678));
#13680=IFCPOLYLOOP((#11105,#11128,#11127,#11119));
#13681=IFCFACEOUTERBOUND(#13680,.T.);
#13682=IFCFACE((#13681));
#13683=IFCPOLYLOOP((#11126,#11127,#11123));
#13684=IFCFACEOUTERBOUND(#13683,.T.);
#13685=IFCFACE((#13684));
#13686=IFCPOLYLOOP((#11124,#11100,#11120));
#13687=IFCFACEOUTERBOUND(#13686,.T.);
#13688=IFCFACE((#13687));
#13689=IFCPOLYLOOP((#11108,#11116,#11125));
#13690=IFCFACEOUTERBOUND(#13689,.T.);
#13691=IFCFACE((#13690));
#13692=IFCPOLYLOOP((#11121,#11125,#11113));
#13693=IFCFACEOUTERBOUND(#13692,.T.);
#13694=IFCFACE((#13693));
#13695=IFCPOLYLOOP((#11101,#11127,#11126));
#13696=IFCFACEOUTERBOUND(#13695,.T.);
#13697=IFCFACE((#13696));
#13698=IFCPOLYLOOP((#11123,#11102,#11126));
#13699=IFCFACEOUTERBOUND(#13698,.T.);
#13700=IFCFACE((#13699));
#13701=IFCPOLYLOOP((#11128,#11104,#11123));
#13702=IFCFACEOUTERBOUND(#13701,.T.);
#13703=IFCFACE((#13702));
#13704=IFCPOLYLOOP((#11110,#11114,#11129));
#13705=IFCFACEOUTERBOUND(#13704,.T.);
#13706=IFCFACE((#13705));
#13707=IFCPOLYLOOP((#11091,#10811,#10631,#11114,#11110,#11103,#11118,#11101,#11126,#11102,#11113,#11107,#11112,#10914));
#13708=IFCFACEOUTERBOUND(#13707,.T.);
#13709=IFCFACE((#13708));
#13710=IFCCARTESIANPOINT((647.600000000015,212.699999999999,1212.6));
#13711=IFCCARTESIANPOINT((647.600000000015,212.699999999999,1847.6));
#13712=IFCCARTESIANPOINT((647.600000000015,192.699999999999,1847.6));
#13713=IFCCARTESIANPOINT((647.600000000015,192.699999999999,1212.6));
#13714=IFCCARTESIANPOINT((635.600000000015,191.699999999998,1224.6));
#13715=IFCCARTESIANPOINT((635.600000000015,191.699999999998,1835.6));
#13716=IFCCARTESIANPOINT((635.600000000014,212.699999999998,1835.6));
#13717=IFCCARTESIANPOINT((635.600000000014,212.699999999998,1224.6));
#13718=IFCCARTESIANPOINT((640.600000000015,186.699999999999,1219.6));
#13719=IFCCARTESIANPOINT((640.600000000015,186.699999999998,1840.6));
#13720=IFCCARTESIANPOINT((637.064466094082,188.164466094066,1837.06446609407));
#13721=IFCCARTESIANPOINT((637.064466094082,188.164466094066,1223.13553390593));
#13722=IFCCARTESIANPOINT((640.600000000015,186.699999999999,1531.90755080495));
#13723=IFCCARTESIANPOINT((640.600000000015,186.699999999999,1375.75377540247));
#13724=IFCCARTESIANPOINT((640.600000000015,186.699999999998,1684.44623959925));
#13725=IFCCARTESIANPOINT((635.600000000015,191.699999999998,1530.09999819546));
#13726=IFCCARTESIANPOINT((635.600000000015,191.699999999998,1377.34999729319));
#13727=IFCCARTESIANPOINT((635.600000000015,191.699999999998,1682.84999909773));
#13728=IFCCARTESIANPOINT((640.600000000015,186.699999999998,1762.52312730049));
#13729=IFCCARTESIANPOINT((635.600000000015,191.699999999998,1759.22499954886));
#13730=IFCCARTESIANPOINT((635.600000000015,191.699999999998,1796.56155566704));
#13731=IFCCARTESIANPOINT((640.600000000015,186.699999999999,1297.67688770124));
#13732=IFCCARTESIANPOINT((635.600000000015,191.699999999998,1300.97500045114));
#13733=IFCCARTESIANPOINT((635.600000000015,191.699999999998,1339.16249887216));
#13734=IFCCARTESIANPOINT((640.600000000015,186.699999999999,1258.63844385062));
#13735=IFCCARTESIANPOINT((635.600000000015,191.699999999998,1453.72499774432));
#13736=IFCCARTESIANPOINT((640.600000000015,186.699999999999,1453.83066310371));
#13737=IFCCARTESIANPOINT((640.600000000015,186.699999999999,1414.79221925309));
#13738=IFCCARTESIANPOINT((640.600000000015,186.699999999999,1608.1768952021));
#13739=IFCCARTESIANPOINT((635.600000000015,191.699999999998,1606.47499864659));
#13740=IFCCARTESIANPOINT((635.600000000015,191.699999999998,1644.66249706762));
#13741=IFCCARTESIANPOINT((640.600000000015,186.699999999998,1801.56155614938));
#13742=IFCCARTESIANPOINT((635.600000000015,191.699999999998,1262.78749842103));
#13743=IFCCARTESIANPOINT((640.600000000015,186.699999999999,1336.71533155186));
#13744=IFCCARTESIANPOINT((640.600000000015,186.699999999998,1646.31157490154));
#13745=IFCCARTESIANPOINT((637.118365573892,188.111376068345,1627.24422416829));
#13746=IFCCARTESIANPOINT((637.028646236383,188.200652590124,1657.76460584313));
#13747=IFCCARTESIANPOINT((637.093817913328,188.135355953954,1597.66727911693));
#13748=IFCCARTESIANPOINT((635.600000000015,191.699999999998,1568.28750022557));
#13749=IFCCARTESIANPOINT((640.600000000015,186.699999999998,1570.04221550266));
#13750=IFCCARTESIANPOINT((636.966071079955,188.2656790185,1777.89327922382));
#13751=IFCCARTESIANPOINT((640.600000000015,186.699999999998,1723.48468344987));
#13752=IFCCARTESIANPOINT((637.150089420524,188.080867922619,1746.44622481338));
#13753=IFCCARTESIANPOINT((635.600000000015,191.699999999998,1721.03750112784));
#13754=IFCCARTESIANPOINT((636.993921849373,188.23644685742,1807.07686746465));
#13755=IFCCARTESIANPOINT((637.012916516856,188.216778490411,1358.25625488157));
#13756=IFCCARTESIANPOINT((637.099234861588,188.130035932171,1388.74125906469));
#13757=IFCCARTESIANPOINT((635.600000000015,191.699999999998,1415.5374993233));
#13758=IFCCARTESIANPOINT((637.068065433896,188.160870414824,1434.63125414424));
#13759=IFCCARTESIANPOINT((637.025106214936,188.204269114274,1328.8432130467));
#13760=IFCCARTESIANPOINT((637.062434548492,188.166498807669,1464.59342877158));
#13761=IFCCARTESIANPOINT((640.600000000015,186.699999999999,1492.86910695433));
#13762=IFCCARTESIANPOINT((635.600000000015,191.699999999998,1491.91249616535));
#13763=IFCCARTESIANPOINT((637.032941496579,188.196274321086,1511.00625338375));
#13764=IFCCARTESIANPOINT((637.033917869124,188.195280576743,1540.54910697231));
#13765=IFCCARTESIANPOINT((637.012916478274,188.216778530144,1701.94375147661));
#13766=IFCCARTESIANPOINT((636.963647969791,188.26824477675,1281.88125525031));
#13767=IFCCARTESIANPOINT((637.006205228981,188.22370324286,1252.75011968614));
#13768=IFCCARTESIANPOINT((637.062771821534,188.16616117892,1569.70796940423));
#13769=IFCCARTESIANPOINT((655.600000000015,188.699999999999,1204.6));
#13770=IFCCARTESIANPOINT((655.600000000015,188.699999999999,1855.6));
#13771=IFCCARTESIANPOINT((655.014213562388,187.285786437626,1855.01421356237));
#13772=IFCCARTESIANPOINT((653.600000000015,186.699999999999,1853.6));
#13773=IFCCARTESIANPOINT((653.600000000015,186.699999999999,1206.6));
#13774=IFCCARTESIANPOINT((655.014213562388,187.285786437626,1205.18578643763));
#13775=IFCCARTESIANPOINT((655.600000000015,188.699999999999,1530.1));
#13776=IFCCARTESIANPOINT((655.600000000015,188.699999999999,1367.34999802966));
#13777=IFCCARTESIANPOINT((655.600000000015,188.699999999999,1692.85000197034));
#13778=IFCCARTESIANPOINT((653.600000000015,186.699999999999,1530.09999819723));
#13779=IFCCARTESIANPOINT((653.600000000015,186.699999999999,1368.34999909862));
#13780=IFCCARTESIANPOINT((653.600000000015,186.699999999999,1691.85000090138));
#13781=IFCCARTESIANPOINT((653.600000000015,186.699999999999,1772.72499864792));
#13782=IFCCARTESIANPOINT((655.600000000015,188.699999999999,1774.22499901483));
#13783=IFCCARTESIANPOINT((655.600000000015,188.699999999999,1733.53750049258));
#13784=IFCCARTESIANPOINT((653.600000000015,186.699999999999,1732.28749977465));
#13785=IFCCARTESIANPOINT((653.600000000015,186.699999999999,1287.47499774654));
#13786=IFCCARTESIANPOINT((655.600000000015,188.699999999999,1285.97500098517));
#13787=IFCCARTESIANPOINT((655.600000000015,188.699999999999,1253.98015926997));
#13788=IFCCARTESIANPOINT((653.600000000015,186.699999999999,1247.03749887327));
#13789=IFCCARTESIANPOINT((653.600000000015,186.699999999999,1610.97499954931));
#13790=IFCCARTESIANPOINT((655.600000000015,188.699999999999,1611.47500098517));
#13791=IFCCARTESIANPOINT((655.600000000015,188.699999999999,1570.78749852225));
#13792=IFCCARTESIANPOINT((653.600000000015,186.699999999999,1570.53750067604));
#13793=IFCCARTESIANPOINT((653.600000000015,186.699999999999,1449.22500045069));
#13794=IFCCARTESIANPOINT((655.600000000015,188.699999999999,1448.72499901483));
#13795=IFCCARTESIANPOINT((655.600000000015,188.699999999999,1408.03749655191));
#13796=IFCCARTESIANPOINT((653.600000000015,186.699999999999,1408.78749797189));
#13797=IFCCARTESIANPOINT((653.600000000015,186.699999999999,1813.16250112673));
#13798=IFCCARTESIANPOINT((655.600000000015,188.699999999999,1814.91249753708));
#13799=IFCCARTESIANPOINT((655.600000000015,188.699999999999,1794.56874827596));
#13800=IFCCARTESIANPOINT((655.600000000015,188.699999999999,1229.29007766465));
#13801=IFCCARTESIANPOINT((653.600000000015,186.699999999999,1226.8187512394));
#13802=IFCCARTESIANPOINT((655.600000000015,188.699999999999,1830.90991839468));
#13803=IFCCARTESIANPOINT((653.600000000015,186.699999999999,1833.38125236613));
#13804=IFCCARTESIANPOINT((653.600000000015,186.699999999999,1327.91250022535));
#13805=IFCCARTESIANPOINT((655.600000000015,188.699999999999,1326.66249950742));
#13806=IFCCARTESIANPOINT((655.600000000015,188.699999999999,1306.31875024629));
#13807=IFCCARTESIANPOINT((653.600000000015,186.699999999999,1651.41249842258));
#13808=IFCCARTESIANPOINT((655.600000000015,188.699999999999,1652.16250344809));
#13809=IFCCARTESIANPOINT((655.600000000015,188.699999999999,1631.81875418696));
#13810=IFCCARTESIANPOINT((655.600000000015,188.699999999999,1489.41250147775));
#13811=IFCCARTESIANPOINT((653.600000000015,186.699999999999,1489.66249932396));
#13812=IFCCARTESIANPOINT((653.600000000015,186.699999999999,1509.88124695783));
#13813=IFCCARTESIANPOINT((655.600000000015,188.699999999999,1216.94504080266));
#13814=IFCCARTESIANPOINT((655.600000000015,188.699999999999,1843.25495919734));
#13815=IFCCARTESIANPOINT((653.600000000015,186.699999999999,1218.94504086343));
#13816=IFCCARTESIANPOINT((655.057420854365,187.330356085215,1222.88189511602));
#13817=IFCCARTESIANPOINT((653.600000000015,186.699999999999,1236.9281268591));
#13818=IFCCARTESIANPOINT((655.600000000015,188.699999999999,1241.63511846731));
#13819=IFCCARTESIANPOINT((654.956574291668,187.230406113503,1241.9828135321));
#13820=IFCCARTESIANPOINT((653.600000000015,186.699999999999,1841.2549627421));
#13821=IFCCARTESIANPOINT((655.057420895852,187.33035612936,1837.31810534916));
#13822=IFCCARTESIANPOINT((654.932581996454,187.208616339512,1823.04309149426));
#13823=IFCCARTESIANPOINT((653.600000000015,186.699999999999,1267.25624650714));
#13824=IFCCARTESIANPOINT((654.891203822873,187.172651746379,1254.33873050595));
#13825=IFCCARTESIANPOINT((655.600000000015,188.699999999999,1269.97758012757));
#13826=IFCCARTESIANPOINT((655.600000000015,188.699999999999,1591.13124778337));
#13827=IFCCARTESIANPOINT((653.600000000015,186.699999999999,1590.75625191544));
#13828=IFCCARTESIANPOINT((653.600000000015,186.699999999999,1550.31874943664));
#13829=IFCCARTESIANPOINT((655.600000000015,188.699999999999,1550.44374926112));
#13830=IFCCARTESIANPOINT((655.600000000015,188.699999999999,1469.06875221663));
#13831=IFCCARTESIANPOINT((653.600000000015,186.699999999999,1469.44375169009));
#13832=IFCCARTESIANPOINT((653.600000000015,186.699999999999,1712.06875214079));
#13833=IFCCARTESIANPOINT((655.600000000015,188.699999999999,1713.19375123146));
#13834=IFCCARTESIANPOINT((655.600000000015,188.699999999999,1387.69374729079));
#13835=IFCCARTESIANPOINT((653.600000000015,186.699999999999,1388.56874673249));
#13836=IFCCARTESIANPOINT((653.600000000015,186.699999999999,1429.00624921129));
#13837=IFCCARTESIANPOINT((655.600000000015,188.699999999999,1428.38124581304));
#13838=IFCCARTESIANPOINT((653.600000000015,186.699999999999,1348.13125146475));
#13839=IFCCARTESIANPOINT((655.600000000015,188.699999999999,1347.00624876854));
#13840=IFCCARTESIANPOINT((655.600000000015,188.699999999999,1672.50625270921));
#13841=IFCCARTESIANPOINT((653.600000000015,186.699999999999,1671.63124966198));
#13842=IFCCARTESIANPOINT((653.600000000015,186.699999999999,1752.50624740852));
#13843=IFCCARTESIANPOINT((655.600000000015,188.699999999999,1753.88124975371));
#13844=IFCCARTESIANPOINT((654.954685672565,187.228664984244,1277.97629193496));
#13845=IFCCARTESIANPOINT((653.600000000015,186.699999999999,1257.14687088744));
#13846=IFCCARTESIANPOINT((655.032531563831,187.304344842494,1289.49002996048));
#13847=IFCCARTESIANPOINT((653.600000000015,186.699999999999,1307.69374898594));
#13848=IFCCARTESIANPOINT((653.600000000015,186.699999999999,1297.58437336624));
#13849=IFCCARTESIANPOINT((654.987267301778,187.259344096093,1302.63906488741));
#13850=IFCCARTESIANPOINT((655.004108447712,187.275753017518,1317.29753303348));
#13851=IFCCARTESIANPOINT((655.600000000015,188.699999999999,1296.14687561573));
#13852=IFCCARTESIANPOINT((655.038898946142,187.310910433831,1266.55826540906));
#13853=IFCCARTESIANPOINT((655.03293923932,187.304763412011,1811.61437263609));
#13854=IFCCARTESIANPOINT((653.600000000015,186.699999999999,1792.94374988733));
#13855=IFCCARTESIANPOINT((653.600000000015,186.699999999999,1803.05312550703));
#13856=IFCCARTESIANPOINT((654.983237246325,187.255474222998,1797.99843783507));
#13857=IFCCARTESIANPOINT((655.000454868411,187.272160316566,1783.41983592365));
#13858=IFCCARTESIANPOINT((655.600000000015,188.699999999999,1804.74062290652));
#13859=IFCCARTESIANPOINT((653.600000000015,186.699999999999,1631.19374718318));
#13860=IFCCARTESIANPOINT((654.986732085739,187.258828905915,1641.30312616826));
#13861=IFCCARTESIANPOINT((655.600000000015,188.699999999999,1509.75625073888));
#13862=IFCCARTESIANPOINT((653.600000000015,186.699999999999,1823.27187674643));
#13863=IFCCARTESIANPOINT((655.036095600005,187.308012418269,1601.30312647563));
#13864=IFCCARTESIANPOINT((655.030760613563,187.302529403986,1580.95937659415));
#13865=IFCCARTESIANPOINT((655.014213623952,187.28578649919,1540.20937669565));
#13866=IFCCARTESIANPOINT((655.008619440892,187.280214357451,1560.42812659155));
#13867=IFCCARTESIANPOINT((655.036095605727,187.308012424173,1458.89687728299));
#13868=IFCCARTESIANPOINT((655.00307333697,187.274733284213,1479.55312699848));
#13869=IFCCARTESIANPOINT((654.970854496288,187.243717764288,1701.95937584663));
#13870=IFCCARTESIANPOINT((654.965668826746,187.238853650143,1722.17812573895));
#13871=IFCCARTESIANPOINT((655.056551635114,187.32943174767,1377.5218776677));
#13872=IFCCARTESIANPOINT((654.981386969398,187.253704718661,1398.67812735509));
#13873=IFCCARTESIANPOINT((654.992128799957,187.264041294335,1439.11562718766));
#13874=IFCCARTESIANPOINT((655.046498963376,187.318826314688,1418.20937749126));
#13875=IFCCARTESIANPOINT((654.970854531607,187.243717797535,1358.24062747343));
#13876=IFCCARTESIANPOINT((655.066259330116,187.339822225996,1336.83437776557));
#13877=IFCCARTESIANPOINT((655.056551620331,187.32943173196,1682.67812599688));
#13878=IFCCARTESIANPOINT((655.051568761526,187.324155484581,1662.3343761171));
#13879=IFCCARTESIANPOINT((654.960537903893,187.234074827246,1742.3968756311));
#13880=IFCCARTESIANPOINT((654.955462495006,187.229380598293,1762.61562552311));
#13881=IFCCARTESIANPOINT((653.600000000015,186.699999999999,1277.36562212684));
#13882=IFCCARTESIANPOINT((655.600000000015,188.699999999999,1316.49062487685));
#13883=IFCCARTESIANPOINT((653.600000000015,186.699999999999,1317.80312460564));
#13884=IFCCARTESIANPOINT((655.600000000015,188.699999999999,1784.39687364539));
#13885=IFCCARTESIANPOINT((653.600000000015,186.699999999999,1782.83437426763));
#13886=IFCCARTESIANPOINT((655.041341470387,187.313445000807,1621.64687635655));
#13887=IFCCARTESIANPOINT((653.600000000015,186.699999999999,1641.30312280288));
#13888=IFCCARTESIANPOINT((655.600000000015,188.699999999999,1641.99062881753));
#13889=IFCCARTESIANPOINT((655.014213639186,187.285786514424,1519.9906267984));
#13890=IFCCARTESIANPOINT((655.025335776905,187.29699681999,1499.58437705976));
#13891=IFCCARTESIANPOINT((655.600000000015,188.699999999999,1601.30312241393));
#13892=IFCCARTESIANPOINT((653.600000000015,186.699999999999,1600.86562753514));
#13893=IFCCARTESIANPOINT((655.600000000015,188.699999999999,1580.95937315281));
#13894=IFCCARTESIANPOINT((653.600000000015,186.699999999999,1580.64687629574));
#13895=IFCCARTESIANPOINT((654.916947796315,187.19479287079,1591.1343088244));
#13896=IFCCARTESIANPOINT((653.600000000015,186.699999999999,1540.20937381693));
#13897=IFCCARTESIANPOINT((655.600000000015,188.699999999999,1540.27187463056));
#13898=IFCCARTESIANPOINT((653.600000000015,186.699999999999,1560.42812505634));
#13899=IFCCARTESIANPOINT((654.925142716279,187.202002409369,1570.70383869544));
#13900=IFCCARTESIANPOINT((655.600000000015,188.699999999999,1560.61562389169));
#13901=IFCCARTESIANPOINT((655.111354177539,187.390111245149,1550.32164867043));
#13902=IFCCARTESIANPOINT((655.600000000015,188.699999999999,1458.89687758607));
#13903=IFCCARTESIANPOINT((653.600000000015,186.699999999999,1459.33437607039));
#13904=IFCCARTESIANPOINT((653.600000000015,186.699999999999,1479.55312730979));
#13905=IFCCARTESIANPOINT((655.600000000015,188.699999999999,1479.24062684719));
#13906=IFCCARTESIANPOINT((655.093346609099,187.369618135594,1469.2373607625));
#13907=IFCCARTESIANPOINT((653.600000000015,186.699999999999,1701.95937652108));
#13908=IFCCARTESIANPOINT((655.600000000015,188.699999999999,1703.0218766009));
#13909=IFCCARTESIANPOINT((653.600000000015,186.699999999999,1722.17812776049));
#13910=IFCCARTESIANPOINT((655.600000000015,188.699999999999,1723.36562586202));
#13911=IFCCARTESIANPOINT((655.112025037867,187.390885686843,1712.07244632574));
#13912=IFCCARTESIANPOINT((655.600000000015,188.699999999999,1377.52187266023));
#13913=IFCCARTESIANPOINT((653.600000000015,186.699999999999,1378.45937111278));
#13914=IFCCARTESIANPOINT((653.600000000015,186.699999999999,1398.67812235219));
#13915=IFCCARTESIANPOINT((655.600000000015,188.699999999999,1397.86562192135));
#13916=IFCCARTESIANPOINT((655.071321943484,187.345300129671,1388.11916351628));
#13917=IFCCARTESIANPOINT((653.600000000015,186.699999999999,1439.11562483099));
#13918=IFCCARTESIANPOINT((655.600000000015,188.699999999999,1438.5531204436));
#13919=IFCCARTESIANPOINT((655.600000000015,188.699999999999,1418.20937118247));
#13920=IFCCARTESIANPOINT((653.600000000015,186.699999999999,1418.89687359159));
#13921=IFCCARTESIANPOINT((654.943045045348,187.218031712144,1428.64271128561));
#13922=IFCCARTESIANPOINT((653.600000000015,186.699999999999,1358.24062708445));
#13923=IFCCARTESIANPOINT((655.600000000015,188.699999999999,1357.1781233991));
#13924=IFCCARTESIANPOINT((655.600000000015,188.699999999999,1336.83437413798));
#13925=IFCCARTESIANPOINT((653.600000000015,186.699999999999,1338.02187584505));
#13926=IFCCARTESIANPOINT((654.966952380689,187.240054388351,1347.5140937421));
#13927=IFCCARTESIANPOINT((655.600000000015,188.699999999999,1682.67812733977));
#13928=IFCCARTESIANPOINT((653.600000000015,186.699999999999,1681.74062528168));
#13929=IFCCARTESIANPOINT((655.600000000015,188.699999999999,1662.33437807865));
#13930=IFCCARTESIANPOINT((655.076898064874,187.351381408248,1651.8003126666));
#13931=IFCCARTESIANPOINT((653.600000000015,186.699999999999,1661.52187404228));
#13932=IFCCARTESIANPOINT((654.916495651683,187.194397396674,1672.50970063981));
#13933=IFCCARTESIANPOINT((653.600000000015,186.699999999999,1742.39687178882));
#13934=IFCCARTESIANPOINT((655.600000000015,188.699999999999,1743.70937512315));
#13935=IFCCARTESIANPOINT((655.112595079848,187.391544374284,1732.29128442124));
#13936=IFCCARTESIANPOINT((653.600000000015,186.699999999999,1762.61562302822));
#13937=IFCCARTESIANPOINT((654.935803619463,187.211501195744,1773.0264361419));
#13938=IFCCARTESIANPOINT((655.600000000015,188.699999999999,1764.05312438427));
#13939=IFCCARTESIANPOINT((655.113271135434,187.392326313368,1752.51011972801));
#13940=IFCCARTESIANPOINT((655.600000000015,188.699999999999,1621.6468795564));
#13941=IFCCARTESIANPOINT((655.108057198088,187.386316823833,1611.4730734091));
#13942=IFCCARTESIANPOINT((653.600000000015,186.699999999999,1621.08437156348));
#13943=IFCCARTESIANPOINT((653.600000000015,186.699999999999,1519.99062257753));
#13944=IFCCARTESIANPOINT((654.909681391676,187.18846612597,1530.10000173626));
#13945=IFCCARTESIANPOINT((655.600000000015,188.699999999999,1519.92812536944));
#13946=IFCCARTESIANPOINT((655.600000000015,188.699999999999,1499.58437610831));
#13947=IFCCARTESIANPOINT((653.600000000015,186.699999999999,1499.77187133813));
#13948=IFCCARTESIANPOINT((654.919182050171,187.196750613322,1509.78208956126));
#13949=IFCCARTESIANPOINT((655.600000000015,192.699999999999,1204.6));
#13950=IFCCARTESIANPOINT((655.600000000015,192.699999999999,1855.6));
#13951=IFCCARTESIANPOINT((520.600000000015,212.699999999998,1847.6));
#13952=IFCCARTESIANPOINT((520.600000000015,192.699999999998,1847.6));
#13953=IFCCARTESIANPOINT((532.600000000015,191.699999999998,1835.6));
#13954=IFCCARTESIANPOINT((532.600000000015,212.699999999998,1835.6));
#13955=IFCCARTESIANPOINT((527.600000000015,186.699999999998,1840.6));
#13956=IFCCARTESIANPOINT((531.135533905947,188.164466094065,1837.06446609407));
#13957=IFCCARTESIANPOINT((571.63844323925,191.699999999998,1835.6));
#13958=IFCCARTESIANPOINT((584.099999422976,186.699999999998,1840.6));
#13959=IFCCARTESIANPOINT((596.561556038679,191.699999999998,1835.6));
#13960=IFCCARTESIANPOINT((584.099997594442,188.30520179476,1836.92912201977));
#13961=IFCCARTESIANPOINT((601.561555141475,186.699999999998,1840.6));
#13962=IFCCARTESIANPOINT((566.638443704476,186.699999999998,1840.6));
#13963=IFCCARTESIANPOINT((610.697978620053,188.706614131305,1836.59504793523));
#13964=IFCCARTESIANPOINT((557.502018213756,188.706614186634,1836.59504789387));
#13965=IFCCARTESIANPOINT((512.600000000015,188.699999999998,1855.6));
#13966=IFCCARTESIANPOINT((513.185786437642,187.285786437625,1855.01421356237));
#13967=IFCCARTESIANPOINT((514.600000000015,186.699999999998,1853.6));
#13968=IFCCARTESIANPOINT((563.980158945631,186.699999999998,1853.6));
#13969=IFCCARTESIANPOINT((584.100000000015,188.699999999998,1855.6));
#13970=IFCCARTESIANPOINT((606.219841410561,188.699999999998,1855.6));
#13971=IFCCARTESIANPOINT((548.350000000015,188.699999999998,1855.6));
#13972=IFCCARTESIANPOINT((608.790080073433,186.699999999998,1853.6));
#13973=IFCCARTESIANPOINT((586.385119509532,186.699999999998,1853.6));
#13974=IFCCARTESIANPOINT((539.290078872212,186.699999999998,1853.6));
#13975=IFCCARTESIANPOINT((630.909920198079,188.699999999999,1855.6));
#13976=IFCCARTESIANPOINT((631.195040637335,186.699999999999,1853.6));
#13977=IFCCARTESIANPOINT((619.992560355384,186.699999999999,1853.6));
#13978=IFCCARTESIANPOINT((537.29007980195,188.699999999998,1855.6));
#13979=IFCCARTESIANPOINT((526.945040036724,186.699999999998,1853.6));
#13980=IFCCARTESIANPOINT((643.254960099047,188.699999999999,1855.6));
#13981=IFCCARTESIANPOINT((618.564881311529,188.699999999998,1855.6));
#13982=IFCCARTESIANPOINT((524.945039900982,188.699999999998,1855.6));
#13983=IFCCARTESIANPOINT((641.254961164527,186.699999999999,1853.6));
#13984=IFCCARTESIANPOINT((636.224999556965,187.292358039249,1855.02075476784));
#13985=IFCCARTESIANPOINT((542.820039414385,187.326632212527,1855.05391228083));
#13986=IFCCARTESIANPOINT((566.225000507224,188.699999999998,1855.6));
#13987=IFCCARTESIANPOINT((575.182639227581,186.699999999998,1853.6));
#13988=IFCCARTESIANPOINT((556.461438904342,187.306528821985,1855.03465608285));
#13989=IFCCARTESIANPOINT((614.391318658601,187.2551086172,1854.9828553402));
#13990=IFCCARTESIANPOINT((569.581398070084,187.241802062651,1854.96881656021));
#13991=IFCCARTESIANPOINT((601.73506627163,187.221417090408,1854.94677116819));
#13992=IFCCARTESIANPOINT((551.635118908921,186.699999999998,1853.6));
#13993=IFCCARTESIANPOINT((625.277354201292,187.459510218058,1855.16881646501));
#13994=IFCCARTESIANPOINT((595.159921212497,188.699999999998,1855.6));
#13995=IFCCARTESIANPOINT((589.629959399744,187.331052770557,1855.05807526658));
#13996=IFCCARTESIANPOINT((597.587599791483,186.699999999998,1853.6));
#13997=IFCCARTESIANPOINT((524.499901664557,187.272995692061,1855.00130607118));
#13998=IFCCARTESIANPOINT((512.600000000015,192.699999999998,1855.6));
#13999=IFCCARTESIANPOINT((520.600000000015,212.699999999998,1212.6));
#14000=IFCCARTESIANPOINT((520.600000000014,192.699999999998,1212.6));
#14001=IFCCARTESIANPOINT((532.600000000015,191.699999999998,1224.6));
#14002=IFCCARTESIANPOINT((532.600000000015,212.699999999998,1224.6));
#14003=IFCCARTESIANPOINT((527.600000000015,186.699999999998,1219.6));
#14004=IFCCARTESIANPOINT((531.135533905947,188.164466094065,1223.13553390593));
#14005=IFCCARTESIANPOINT((527.600000000015,186.699999999998,1528.29245621559));
#14006=IFCCARTESIANPOINT((527.600000000015,186.699999999998,1684.4462281078));
#14007=IFCCARTESIANPOINT((527.600000000015,186.699999999998,1375.7537718922));
#14008=IFCCARTESIANPOINT((532.600000000015,191.699999999998,1530.1));
#14009=IFCCARTESIANPOINT((532.600000000015,191.699999999998,1682.85));
#14010=IFCCARTESIANPOINT((532.600000000015,191.699999999998,1377.35));
#14011=IFCCARTESIANPOINT((527.600000000015,186.699999999998,1297.67687844523));
#14012=IFCCARTESIANPOINT((532.600000000015,191.699999999998,1300.975));
#14013=IFCCARTESIANPOINT((532.600000000015,191.699999999998,1263.63844410236));
#14014=IFCCARTESIANPOINT((527.600000000015,186.699999999998,1762.52312155476));
#14015=IFCCARTESIANPOINT((532.600000000015,191.699999999998,1759.225));
#14016=IFCCARTESIANPOINT((532.600000000015,191.699999999998,1721.03750180454));
#14017=IFCCARTESIANPOINT((527.600000000015,186.699999999998,1801.56156077738));
#14018=IFCCARTESIANPOINT((532.600000000015,191.699999999998,1606.475));
#14019=IFCCARTESIANPOINT((527.600000000015,186.699999999998,1606.36933466083));
#14020=IFCCARTESIANPOINT((527.600000000015,186.699999999998,1645.40777388345));
#14021=IFCCARTESIANPOINT((527.600000000015,186.699999999998,1452.02310655303));
#14022=IFCCARTESIANPOINT((532.600000000015,191.699999999998,1453.725));
#14023=IFCCARTESIANPOINT((532.600000000015,191.699999999998,1415.53750180454));
#14024=IFCCARTESIANPOINT((527.600000000015,186.699999999998,1258.63843922262));
#14025=IFCCARTESIANPOINT((532.600000000015,191.699999999998,1797.41249819546));
#14026=IFCCARTESIANPOINT((527.600000000015,186.699999999998,1723.48468233215));
#14027=IFCCARTESIANPOINT((527.600000000015,186.699999999998,1413.88843172175));
#14028=IFCCARTESIANPOINT((531.081634426137,188.111376068344,1432.95577583171));
#14029=IFCCARTESIANPOINT((531.171353763646,188.200652590123,1402.43539415687));
#14030=IFCCARTESIANPOINT((531.106182086701,188.135355953954,1462.53272088307));
#14031=IFCCARTESIANPOINT((532.600000000015,191.699999999998,1491.91249819546));
#14032=IFCCARTESIANPOINT((527.600000000015,186.699999999998,1490.15778138431));
#14033=IFCCARTESIANPOINT((531.233928920074,188.2656790185,1282.30672077618));
#14034=IFCCARTESIANPOINT((527.600000000015,186.699999999998,1336.71531766785));
#14035=IFCCARTESIANPOINT((531.049910579506,188.080867922619,1313.75377518662));
#14036=IFCCARTESIANPOINT((532.600000000015,191.699999999998,1339.16249819546));
#14037=IFCCARTESIANPOINT((531.206078150656,188.236446857419,1253.12313253535));
#14038=IFCCARTESIANPOINT((531.187083483173,188.216778490411,1701.94374511843));
#14039=IFCCARTESIANPOINT((531.100765138441,188.130035932171,1671.45874093531));
#14040=IFCCARTESIANPOINT((532.600000000015,191.699999999998,1644.66249819546));
#14041=IFCCARTESIANPOINT((531.131934566133,188.160870414824,1625.56874585576));
#14042=IFCCARTESIANPOINT((531.174893785093,188.204269114273,1731.3567869533));
#14043=IFCCARTESIANPOINT((531.137565451537,188.166498807668,1595.60657122841));
#14044=IFCCARTESIANPOINT((527.600000000015,186.699999999998,1567.33089543821));
#14045=IFCCARTESIANPOINT((532.600000000015,191.699999999998,1568.28750180454));
#14046=IFCCARTESIANPOINT((531.16705850345,188.196274321086,1549.19374661624));
#14047=IFCCARTESIANPOINT((531.166082130905,188.195280576742,1519.65089302769));
#14048=IFCCARTESIANPOINT((531.187083521755,188.216778530144,1358.25624852339));
#14049=IFCCARTESIANPOINT((531.236352030238,188.26824477675,1778.31874474968));
#14050=IFCCARTESIANPOINT((531.193794771048,188.223703242859,1807.44988031386));
#14051=IFCCARTESIANPOINT((531.137228178495,188.16616117892,1490.49203059577));
#14052=IFCCARTESIANPOINT((512.600000000015,188.699999999998,1204.6));
#14053=IFCCARTESIANPOINT((513.185786437641,187.285786437625,1205.18578643763));
#14054=IFCCARTESIANPOINT((514.600000000015,186.699999999998,1206.6));
#14055=IFCCARTESIANPOINT((512.600000000015,188.699999999998,1530.1));
#14056=IFCCARTESIANPOINT((512.600000000015,188.699999999998,1692.85));
#14057=IFCCARTESIANPOINT((512.600000000015,188.699999999998,1367.35));
#14058=IFCCARTESIANPOINT((514.600000000015,186.699999999998,1530.1));
#14059=IFCCARTESIANPOINT((514.600000000015,186.699999999998,1691.85000180277));
#14060=IFCCARTESIANPOINT((514.600000000015,186.699999999998,1368.34999819723));
#14061=IFCCARTESIANPOINT((514.600000000015,186.699999999998,1287.47499909862));
#14062=IFCCARTESIANPOINT((512.600000000015,188.699999999998,1285.97500197034));
#14063=IFCCARTESIANPOINT((512.600000000015,188.699999999998,1326.66249901483));
#14064=IFCCARTESIANPOINT((514.600000000015,186.699999999998,1327.91249864793));
#14065=IFCCARTESIANPOINT((514.600000000015,186.699999999998,1772.72500090138));
#14066=IFCCARTESIANPOINT((512.600000000015,188.699999999998,1774.22499802966));
#14067=IFCCARTESIANPOINT((512.600000000015,188.699999999998,1806.21983858283));
#14068=IFCCARTESIANPOINT((514.600000000015,186.699999999998,1813.16250045069));
#14069=IFCCARTESIANPOINT((514.600000000015,186.699999999998,1449.22499729585));
#14070=IFCCARTESIANPOINT((512.600000000015,188.699999999998,1448.72499802966));
#14071=IFCCARTESIANPOINT((512.600000000015,188.699999999998,1489.41249901483));
#14072=IFCCARTESIANPOINT((514.600000000015,186.699999999998,1489.66249684516));
#14073=IFCCARTESIANPOINT((514.600000000015,186.699999999998,1610.97500270415));
#14074=IFCCARTESIANPOINT((512.600000000015,188.699999999998,1611.47500197034));
#14075=IFCCARTESIANPOINT((512.600000000015,188.699999999998,1652.16249901483));
#14076=IFCCARTESIANPOINT((514.600000000015,186.699999999998,1651.41250225346));
#14077=IFCCARTESIANPOINT((514.600000000015,186.699999999998,1247.03749954931));
#14078=IFCCARTESIANPOINT((512.600000000015,188.699999999998,1245.28750098517));
#14079=IFCCARTESIANPOINT((512.600000000015,188.699999999998,1265.63125344809));
#14080=IFCCARTESIANPOINT((512.600000000015,188.699999999998,1830.90991929141));
#14081=IFCCARTESIANPOINT((514.600000000015,186.699999999998,1833.38125022534));
#14082=IFCCARTESIANPOINT((512.600000000015,188.699999999998,1229.29008070859));
#14083=IFCCARTESIANPOINT((514.600000000015,186.699999999998,1226.81874977465));
#14084=IFCCARTESIANPOINT((514.600000000015,186.699999999998,1732.28750135207));
#14085=IFCCARTESIANPOINT((512.600000000015,188.699999999998,1733.53750098517));
#14086=IFCCARTESIANPOINT((512.600000000015,188.699999999998,1753.88124950742));
#14087=IFCCARTESIANPOINT((514.600000000015,186.699999999998,1408.78749774654));
#14088=IFCCARTESIANPOINT((512.600000000015,188.699999999998,1408.03750098517));
#14089=IFCCARTESIANPOINT((512.600000000015,188.699999999998,1428.38124950742));
#14090=IFCCARTESIANPOINT((512.600000000015,188.699999999998,1570.78750098517));
#14091=IFCCARTESIANPOINT((514.600000000015,186.699999999998,1570.53750315484));
#14092=IFCCARTESIANPOINT((514.600000000015,186.699999999998,1550.31874977465));
#14093=IFCCARTESIANPOINT((512.600000000015,188.699999999998,1843.25495964571));
#14094=IFCCARTESIANPOINT((512.600000000015,188.699999999998,1216.94504035429));
#14095=IFCCARTESIANPOINT((514.600000000015,186.699999999998,1841.25495862682));
#14096=IFCCARTESIANPOINT((513.142579145664,187.330356085214,1837.31810488398));
#14097=IFCCARTESIANPOINT((514.600000000015,186.699999999998,1823.27187353525));
#14098=IFCCARTESIANPOINT((512.600000000015,188.699999999998,1818.56487893712));
#14099=IFCCARTESIANPOINT((513.243425708361,187.230406113503,1818.2171864679));
#14100=IFCCARTESIANPOINT((514.600000000015,186.699999999998,1218.94504137318));
#14101=IFCCARTESIANPOINT((513.142579104177,187.33035612936,1222.88189465084));
#14102=IFCCARTESIANPOINT((513.267418003575,187.208616339512,1237.15690850574));
#14103=IFCCARTESIANPOINT((514.600000000015,186.699999999998,1792.94375067604));
#14104=IFCCARTESIANPOINT((513.308796177156,187.172651746378,1805.86126949405));
#14105=IFCCARTESIANPOINT((512.600000000015,188.699999999998,1790.22241830625));
#14106=IFCCARTESIANPOINT((512.600000000015,188.699999999998,1469.06874655191));
#14107=IFCCARTESIANPOINT((514.600000000015,186.699999999998,1469.4437470705));
#14108=IFCCARTESIANPOINT((514.600000000015,186.699999999998,1509.88125022535));
#14109=IFCCARTESIANPOINT((512.600000000015,188.699999999998,1509.75625147775));
#14110=IFCCARTESIANPOINT((512.600000000015,188.699999999998,1591.13125344809));
#14111=IFCCARTESIANPOINT((514.600000000015,186.699999999998,1590.7562529295));
#14112=IFCCARTESIANPOINT((514.600000000015,186.699999999998,1348.13124842258));
#14113=IFCCARTESIANPOINT((512.600000000015,188.699999999998,1347.00624753708));
#14114=IFCCARTESIANPOINT((512.600000000015,188.699999999998,1672.50624753708));
#14115=IFCCARTESIANPOINT((514.600000000015,186.699999999998,1671.63125202811));
#14116=IFCCARTESIANPOINT((514.600000000015,186.699999999998,1631.1937524788));
#14117=IFCCARTESIANPOINT((512.600000000015,188.699999999998,1631.81875049258));
#14118=IFCCARTESIANPOINT((514.600000000015,186.699999999998,1712.06875157742));
#14119=IFCCARTESIANPOINT((512.600000000015,188.699999999998,1713.19375246292));
#14120=IFCCARTESIANPOINT((512.600000000015,188.699999999998,1387.69375246292));
#14121=IFCCARTESIANPOINT((514.600000000015,186.699999999998,1388.56874797189));
#14122=IFCCARTESIANPOINT((514.600000000015,186.699999999998,1307.69374887327));
#14123=IFCCARTESIANPOINT((512.600000000015,188.699999999998,1306.31875049258));
#14124=IFCCARTESIANPOINT((513.245314327464,187.228664984243,1782.22370806504));
#14125=IFCCARTESIANPOINT((514.600000000015,186.699999999998,1803.05312736613));
#14126=IFCCARTESIANPOINT((513.167468436198,187.304344842494,1770.70997003952));
#14127=IFCCARTESIANPOINT((514.600000000015,186.699999999998,1752.50625112673));
#14128=IFCCARTESIANPOINT((514.600000000015,186.699999999998,1762.61562781682));
#14129=IFCCARTESIANPOINT((513.212732698251,187.259344096093,1757.56093511259));
#14130=IFCCARTESIANPOINT((513.195891552318,187.275753017517,1742.90246696652));
#14131=IFCCARTESIANPOINT((512.600000000015,188.699999999998,1764.05312376854));
#14132=IFCCARTESIANPOINT((513.161101053888,187.310910433831,1793.64173459094));
#14133=IFCCARTESIANPOINT((513.167060760709,187.304763412011,1248.58562736391));
#14134=IFCCARTESIANPOINT((514.600000000015,186.699999999998,1267.25624932396));
#14135=IFCCARTESIANPOINT((514.600000000015,186.699999999998,1257.14687263387));
#14136=IFCCARTESIANPOINT((513.216762753704,187.255474222997,1262.20156216493));
#14137=IFCCARTESIANPOINT((513.199545131618,187.272160316566,1276.78016407635));
#14138=IFCCARTESIANPOINT((512.600000000015,188.699999999998,1255.45937918696));
#14139=IFCCARTESIANPOINT((514.600000000015,186.699999999998,1429.0062475212));
#14140=IFCCARTESIANPOINT((513.21326791429,187.258828905914,1418.89687383174));
#14141=IFCCARTESIANPOINT((512.600000000015,188.699999999998,1550.44374852225));
#14142=IFCCARTESIANPOINT((514.600000000015,186.699999999998,1236.92812646475));
#14143=IFCCARTESIANPOINT((513.163904400025,187.308012418268,1458.89687352437));
#14144=IFCCARTESIANPOINT((513.169239386467,187.302529403986,1479.24062340585));
#14145=IFCCARTESIANPOINT((513.185786376077,187.285786499189,1519.99062330435));
#14146=IFCCARTESIANPOINT((513.191380559138,187.280214357451,1499.77187340845));
#14147=IFCCARTESIANPOINT((513.163904394302,187.308012424172,1601.30312271701));
#14148=IFCCARTESIANPOINT((513.196926663059,187.274733284213,1580.64687300152));
#14149=IFCCARTESIANPOINT((513.229145503741,187.243717764288,1358.24062415337));
#14150=IFCCARTESIANPOINT((513.234331173284,187.238853650143,1338.02187426105));
#14151=IFCCARTESIANPOINT((513.143448364916,187.32943174767,1682.6781223323));
#14152=IFCCARTESIANPOINT((513.218613030631,187.253704718661,1661.52187264491));
#14153=IFCCARTESIANPOINT((513.207871200072,187.264041294335,1621.08437281234));
#14154=IFCCARTESIANPOINT((513.153501036654,187.318826314687,1641.99062250873));
#14155=IFCCARTESIANPOINT((513.229145468422,187.243717797534,1701.95937252657));
#14156=IFCCARTESIANPOINT((513.133740669914,187.339822225995,1723.36562223443));
#14157=IFCCARTESIANPOINT((513.143448379698,187.32943173196,1377.52187400312));
#14158=IFCCARTESIANPOINT((513.148431238503,187.324155484581,1397.8656238829));
#14159=IFCCARTESIANPOINT((513.239462096136,187.234074827245,1317.8031243689));
#14160=IFCCARTESIANPOINT((513.244537505024,187.229380598293,1297.58437447689));
#14161=IFCCARTESIANPOINT((514.600000000015,186.699999999998,1782.83437398594));
#14162=IFCCARTESIANPOINT((512.600000000015,188.699999999998,1743.70937524629));
#14163=IFCCARTESIANPOINT((514.600000000015,186.699999999998,1742.39687443663));
#14164=IFCCARTESIANPOINT((512.600000000015,188.699999999998,1275.80312770921));
#14165=IFCCARTESIANPOINT((514.600000000015,186.699999999998,1277.36562601406));
#14166=IFCCARTESIANPOINT((513.158658529642,187.313445000806,1438.55312364345));
#14167=IFCCARTESIANPOINT((514.600000000015,186.699999999998,1418.8968708311));
#14168=IFCCARTESIANPOINT((512.600000000015,188.699999999998,1418.20937524629));
#14169=IFCCARTESIANPOINT((513.185786360843,187.285786514423,1540.2093732016));
#14170=IFCCARTESIANPOINT((513.174664223124,187.296996819989,1560.61562294024));
#14171=IFCCARTESIANPOINT((512.600000000015,188.699999999998,1458.89687229079));
#14172=IFCCARTESIANPOINT((514.600000000015,186.699999999998,1459.33437038041));
#14173=IFCCARTESIANPOINT((512.600000000015,188.699999999998,1479.24062081304));
#14174=IFCCARTESIANPOINT((514.600000000015,186.699999999998,1479.5531237606));
#14175=IFCCARTESIANPOINT((513.283052203714,187.19479287079,1469.0656911756));
#14176=IFCCARTESIANPOINT((514.600000000015,186.699999999998,1519.99062330991));
#14177=IFCCARTESIANPOINT((512.600000000015,188.699999999998,1519.92812573888));
#14178=IFCCARTESIANPOINT((514.600000000015,186.699999999998,1499.77187353525));
#14179=IFCCARTESIANPOINT((513.274857283751,187.202002409368,1489.49616130456));
#14180=IFCCARTESIANPOINT((512.600000000015,188.699999999998,1499.58437721663));
#14181=IFCCARTESIANPOINT((513.088645822491,187.390111245149,1509.87835132957));
#14182=IFCCARTESIANPOINT((512.600000000015,188.699999999998,1601.30312770921));
#14183=IFCCARTESIANPOINT((514.600000000015,186.699999999998,1600.86562961959));
#14184=IFCCARTESIANPOINT((514.600000000015,186.699999999998,1580.6468762394));
#14185=IFCCARTESIANPOINT((512.600000000015,188.699999999998,1580.95937918696));
#14186=IFCCARTESIANPOINT((513.106653390931,187.369618135593,1590.9626392375));
#14187=IFCCARTESIANPOINT((514.600000000015,186.699999999998,1358.24062511267));
#14188=IFCCARTESIANPOINT((512.600000000015,188.699999999998,1357.1781217982));
#14189=IFCCARTESIANPOINT((514.600000000015,186.699999999998,1338.02187173249));
#14190=IFCCARTESIANPOINT((512.600000000015,188.699999999998,1336.83437327596));
#14191=IFCCARTESIANPOINT((513.087974962163,187.390885686842,1348.12755367426));
#14192=IFCCARTESIANPOINT((512.600000000015,188.699999999998,1682.6781217982));
#14193=IFCCARTESIANPOINT((514.600000000015,186.699999999998,1681.74062871821));
#14194=IFCCARTESIANPOINT((514.600000000015,186.699999999998,1661.52187533802));
#14195=IFCCARTESIANPOINT((512.600000000015,188.699999999998,1662.33437327596));
#14196=IFCCARTESIANPOINT((513.128678056546,187.34530012967,1672.08083648372));
#14197=IFCCARTESIANPOINT((514.600000000015,186.699999999998,1621.08437578871));
#14198=IFCCARTESIANPOINT((512.600000000015,188.699999999998,1621.64687623146));
#14199=IFCCARTESIANPOINT((512.600000000015,188.699999999998,1641.99062475371));
#14200=IFCCARTESIANPOINT((514.600000000015,186.699999999998,1641.3031291689));
#14201=IFCCARTESIANPOINT((513.256954954682,187.218031712144,1631.55728871439));
#14202=IFCCARTESIANPOINT((514.600000000015,186.699999999998,1701.95937488733));
#14203=IFCCARTESIANPOINT((512.600000000015,188.699999999998,1703.0218782018));
#14204=IFCCARTESIANPOINT((512.600000000015,188.699999999998,1723.36562672404));
#14205=IFCCARTESIANPOINT((514.600000000015,186.699999999998,1722.17812826751));
#14206=IFCCARTESIANPOINT((513.233047619341,187.24005438835,1712.6859062579));
#14207=IFCCARTESIANPOINT((512.600000000015,188.699999999998,1377.5218782018));
#14208=IFCCARTESIANPOINT((514.600000000015,186.699999999998,1378.45937128179));
#14209=IFCCARTESIANPOINT((512.600000000015,188.699999999998,1397.86562672404));
#14210=IFCCARTESIANPOINT((513.123101935155,187.351381408248,1408.3996873334));
#14211=IFCCARTESIANPOINT((514.600000000015,186.699999999998,1398.67812466198));
#14212=IFCCARTESIANPOINT((513.283504348346,187.194397396673,1387.69029936019));
#14213=IFCCARTESIANPOINT((514.600000000015,186.699999999998,1317.80312556336));
#14214=IFCCARTESIANPOINT((512.600000000015,188.699999999998,1316.49062475371));
#14215=IFCCARTESIANPOINT((513.087404920181,187.391544374284,1327.90871557876));
#14216=IFCCARTESIANPOINT((514.600000000015,186.699999999998,1297.58437218318));
#14217=IFCCARTESIANPOINT((513.264196380566,187.211501195743,1287.1735638581));
#14218=IFCCARTESIANPOINT((512.600000000015,188.699999999998,1296.14687623146));
#14219=IFCCARTESIANPOINT((513.086728864595,187.392326313368,1307.68988027199));
#14220=IFCCARTESIANPOINT((512.600000000015,188.699999999998,1438.55312376854));
#14221=IFCCARTESIANPOINT((513.091942801942,187.386316823833,1448.72692659089));
#14222=IFCCARTESIANPOINT((514.600000000015,186.699999999998,1439.11562421129));
#14223=IFCCARTESIANPOINT((514.600000000015,186.699999999998,1540.20937669009));
#14224=IFCCARTESIANPOINT((513.290318608353,187.18846612597,1530.09999826374));
#14225=IFCCARTESIANPOINT((512.600000000015,188.699999999998,1540.27187426112));
#14226=IFCCARTESIANPOINT((512.600000000015,188.699999999998,1560.61562278337));
#14227=IFCCARTESIANPOINT((514.600000000015,186.699999999998,1560.42812646475));
#14228=IFCCARTESIANPOINT((513.280817949858,187.196750613321,1550.41791043874));
#14229=IFCCARTESIANPOINT((512.600000000015,192.699999999998,1204.6));
#14230=IFCCARTESIANPOINT((596.561556137637,191.699999999998,1224.6));
#14231=IFCCARTESIANPOINT((584.100000577054,186.699999999998,1219.6));
#14232=IFCCARTESIANPOINT((571.638443862392,191.699999999998,1224.6));
#14233=IFCCARTESIANPOINT((584.100002405588,188.30520179476,1223.27087798023));
#14234=IFCCARTESIANPOINT((566.638445258426,186.699999999998,1219.6));
#14235=IFCCARTESIANPOINT((601.561555895682,186.699999999998,1219.6));
#14236=IFCCARTESIANPOINT((557.502021379976,188.706614131305,1223.60495206477));
#14237=IFCCARTESIANPOINT((610.697981786273,188.706614186635,1223.60495210612));
#14238=IFCCARTESIANPOINT((604.219839853177,186.699999999998,1206.6));
#14239=IFCCARTESIANPOINT((584.100000000015,188.699999999998,1204.6));
#14240=IFCCARTESIANPOINT((561.980159603886,188.699999999998,1204.6));
#14241=IFCCARTESIANPOINT((619.850000000015,188.699999999998,1204.6));
#14242=IFCCARTESIANPOINT((559.409919926596,186.699999999998,1206.6));
#14243=IFCCARTESIANPOINT((581.814879289276,186.699999999998,1206.6));
#14244=IFCCARTESIANPOINT((628.909919926596,186.699999999999,1206.6));
#14245=IFCCARTESIANPOINT((537.29007980195,188.699999999998,1204.6));
#14246=IFCCARTESIANPOINT((537.004960563916,186.699999999998,1206.6));
#14247=IFCCARTESIANPOINT((548.207440845867,186.699999999998,1206.6));
#14248=IFCCARTESIANPOINT((630.909920198079,188.699999999999,1204.6));
#14249=IFCCARTESIANPOINT((641.254959963306,186.699999999999,1206.6));
#14250=IFCCARTESIANPOINT((524.945039900982,188.699999999998,1204.6));
#14251=IFCCARTESIANPOINT((549.635119702918,188.699999999998,1204.6));
#14252=IFCCARTESIANPOINT((643.254960099047,188.699999999999,1204.6));
#14253=IFCCARTESIANPOINT((526.945038835502,186.699999999998,1206.6));
#14254=IFCCARTESIANPOINT((531.975000443064,187.292358039249,1205.17924523216));
#14255=IFCCARTESIANPOINT((625.379960585644,187.326632212528,1205.14608771917));
#14256=IFCCARTESIANPOINT((601.974999492806,188.699999999998,1204.6));
#14257=IFCCARTESIANPOINT((593.017359571227,186.699999999998,1206.6));
#14258=IFCCARTESIANPOINT((611.738561095687,187.306528821985,1205.16534391715));
#14259=IFCCARTESIANPOINT((553.808681341428,187.2551086172,1205.2171446598));
#14260=IFCCARTESIANPOINT((598.618601929945,187.241802062651,1205.23118343979));
#14261=IFCCARTESIANPOINT((566.464933728399,187.221417090407,1205.25322883181));
#14262=IFCCARTESIANPOINT((616.564879889887,186.699999999999,1206.6));
#14263=IFCCARTESIANPOINT((542.922645798737,187.459510218058,1205.03118353499));
#14264=IFCCARTESIANPOINT((573.04007980195,188.699999999998,1204.6));
#14265=IFCCARTESIANPOINT((578.570040600286,187.331052770557,1205.14192473342));
#14266=IFCCARTESIANPOINT((570.612399007325,186.699999999998,1206.6));
#14267=IFCCARTESIANPOINT((643.700098335472,187.272995692061,1205.19869392882));
#14268=IFCPOLYLOOP((#13711,#13712,#13713,#13710));
#14269=IFCFACEOUTERBOUND(#14268,.T.);
#14270=IFCFACE((#14269));
#14271=IFCPOLYLOOP((#13717,#13714,#13742,#13732,#13733,#13726,#13757,#13735,#13762,#13725,#13748,#13739,#13740,#13727,#13753,#13729,#13730,#13715,#13716));
#14272=IFCFACEOUTERBOUND(#14271,.T.);
#14273=IFCFACE((#14272));
#14274=IFCPOLYLOOP((#13728,#13741,#13750));
#14275=IFCFACEOUTERBOUND(#14274,.T.);
#14276=IFCFACE((#14275));
#14277=IFCPOLYLOOP((#13755,#13759,#13743));
#14278=IFCFACEOUTERBOUND(#14277,.T.);
#14279=IFCFACE((#14278));
#14280=IFCPOLYLOOP((#13767,#13766,#13742));
#14281=IFCFACEOUTERBOUND(#14280,.T.);
#14282=IFCFACE((#14281));
#14283=IFCPOLYLOOP((#13750,#13752,#13728));
#14284=IFCFACEOUTERBOUND(#14283,.T.);
#14285=IFCFACE((#14284));
#14286=IFCPOLYLOOP((#13732,#13742,#13766));
#14287=IFCFACEOUTERBOUND(#14286,.T.);
#14288=IFCFACE((#14287));
#14289=IFCPOLYLOOP((#13746,#13745,#13744));
#14290=IFCFACEOUTERBOUND(#14289,.T.);
#14291=IFCFACE((#14290));
#14292=IFCPOLYLOOP((#13755,#13726,#13733));
#14293=IFCFACEOUTERBOUND(#14292,.T.);
#14294=IFCFACE((#14293));
#14295=IFCPOLYLOOP((#13758,#13737,#13736));
#14296=IFCFACEOUTERBOUND(#14295,.T.);
#14297=IFCFACE((#14296));
#14298=IFCPOLYLOOP((#13768,#13749,#13747));
#14299=IFCFACEOUTERBOUND(#14298,.T.);
#14300=IFCFACE((#14299));
#14301=IFCPOLYLOOP((#13760,#13763,#13762));
#14302=IFCFACEOUTERBOUND(#14301,.T.);
#14303=IFCFACE((#14302));
#14304=IFCPOLYLOOP((#13751,#13752,#13765));
#14305=IFCFACEOUTERBOUND(#14304,.T.);
#14306=IFCFACE((#14305));
#14307=IFCPOLYLOOP((#13720,#13715,#13754));
#14308=IFCFACEOUTERBOUND(#14307,.T.);
#14309=IFCFACE((#14308));
#14310=IFCPOLYLOOP((#13754,#13750,#13741));
#14311=IFCFACEOUTERBOUND(#14310,.T.);
#14312=IFCFACE((#14311));
#14313=IFCPOLYLOOP((#13734,#13766,#13767));
#14314=IFCFACEOUTERBOUND(#14313,.T.);
#14315=IFCFACE((#14314));
#14316=IFCPOLYLOOP((#13760,#13758,#13736));
#14317=IFCFACEOUTERBOUND(#14316,.T.);
#14318=IFCFACE((#14317));
#14319=IFCPOLYLOOP((#13755,#13733,#13759));
#14320=IFCFACEOUTERBOUND(#14319,.T.);
#14321=IFCFACE((#14320));
#14322=IFCPOLYLOOP((#13767,#13742,#13714));
#14323=IFCFACEOUTERBOUND(#14322,.T.);
#14324=IFCFACE((#14323));
#14325=IFCPOLYLOOP((#13767,#13721,#13718));
#14326=IFCFACEOUTERBOUND(#14325,.T.);
#14327=IFCFACE((#14326));
#14328=IFCPOLYLOOP((#13755,#13723,#13756));
#14329=IFCFACEOUTERBOUND(#14328,.T.);
#14330=IFCFACE((#14329));
#14331=IFCPOLYLOOP((#13757,#13756,#13758));
#14332=IFCFACEOUTERBOUND(#14331,.T.);
#14333=IFCFACE((#14332));
#14334=IFCPOLYLOOP((#13746,#13744,#13724));
#14335=IFCFACEOUTERBOUND(#14334,.T.);
#14336=IFCFACE((#14335));
#14337=IFCPOLYLOOP((#13747,#13745,#13739));
#14338=IFCFACEOUTERBOUND(#14337,.T.);
#14339=IFCFACE((#14338));
#14340=IFCPOLYLOOP((#13745,#13740,#13739));
#14341=IFCFACEOUTERBOUND(#14340,.T.);
#14342=IFCFACE((#14341));
#14343=IFCPOLYLOOP((#13754,#13741,#13719));
#14344=IFCFACEOUTERBOUND(#14343,.T.);
#14345=IFCFACE((#14344));
#14346=IFCPOLYLOOP((#13730,#13729,#13750));
#14347=IFCFACEOUTERBOUND(#14346,.T.);
#14348=IFCFACE((#14347));
#14349=IFCPOLYLOOP((#13747,#13738,#13745));
#14350=IFCFACEOUTERBOUND(#14349,.T.);
#14351=IFCFACE((#14350));
#14352=IFCPOLYLOOP((#13766,#13731,#13759));
#14353=IFCFACEOUTERBOUND(#14352,.T.);
#14354=IFCFACE((#14353));
#14355=IFCPOLYLOOP((#13744,#13745,#13738));
#14356=IFCFACEOUTERBOUND(#14355,.T.);
#14357=IFCFACE((#14356));
#14358=IFCPOLYLOOP((#13740,#13745,#13746));
#14359=IFCFACEOUTERBOUND(#14358,.T.);
#14360=IFCFACE((#14359));
#14361=IFCPOLYLOOP((#13746,#13727,#13740));
#14362=IFCFACEOUTERBOUND(#14361,.T.);
#14363=IFCFACE((#14362));
#14364=IFCPOLYLOOP((#13765,#13727,#13746));
#14365=IFCFACEOUTERBOUND(#14364,.T.);
#14366=IFCFACE((#14365));
#14367=IFCPOLYLOOP((#13764,#13722,#13749));
#14368=IFCFACEOUTERBOUND(#14367,.T.);
#14369=IFCFACE((#14368));
#14370=IFCPOLYLOOP((#13749,#13738,#13747));
#14371=IFCFACEOUTERBOUND(#14370,.T.);
#14372=IFCFACE((#14371));
#14373=IFCPOLYLOOP((#13764,#13763,#13722));
#14374=IFCFACEOUTERBOUND(#14373,.T.);
#14375=IFCFACE((#14374));
#14376=IFCPOLYLOOP((#13747,#13739,#13748));
#14377=IFCFACEOUTERBOUND(#14376,.T.);
#14378=IFCFACE((#14377));
#14379=IFCPOLYLOOP((#13754,#13730,#13750));
#14380=IFCFACEOUTERBOUND(#14379,.T.);
#14381=IFCFACE((#14380));
#14382=IFCPOLYLOOP((#13730,#13754,#13715));
#14383=IFCFACEOUTERBOUND(#14382,.T.);
#14384=IFCFACE((#14383));
#14385=IFCPOLYLOOP((#13729,#13752,#13750));
#14386=IFCFACEOUTERBOUND(#14385,.T.);
#14387=IFCFACE((#14386));
#14388=IFCPOLYLOOP((#13752,#13751,#13728));
#14389=IFCFACEOUTERBOUND(#14388,.T.);
#14390=IFCFACE((#14389));
#14391=IFCPOLYLOOP((#13765,#13753,#13727));
#14392=IFCFACEOUTERBOUND(#14391,.T.);
#14393=IFCFACE((#14392));
#14394=IFCPOLYLOOP((#13751,#13765,#13724));
#14395=IFCFACEOUTERBOUND(#14394,.T.);
#14396=IFCFACE((#14395));
#14397=IFCPOLYLOOP((#13752,#13729,#13753));
#14398=IFCFACEOUTERBOUND(#14397,.T.);
#14399=IFCFACE((#14398));
#14400=IFCPOLYLOOP((#13720,#13754,#13719));
#14401=IFCFACEOUTERBOUND(#14400,.T.);
#14402=IFCFACE((#14401));
#14403=IFCPOLYLOOP((#13726,#13755,#13756));
#14404=IFCFACEOUTERBOUND(#14403,.T.);
#14405=IFCFACE((#14404));
#14406=IFCPOLYLOOP((#13723,#13755,#13743));
#14407=IFCFACEOUTERBOUND(#14406,.T.);
#14408=IFCFACE((#14407));
#14409=IFCPOLYLOOP((#13760,#13735,#13758));
#14410=IFCFACEOUTERBOUND(#14409,.T.);
#14411=IFCFACE((#14410));
#14412=IFCPOLYLOOP((#13756,#13723,#13737));
#14413=IFCFACEOUTERBOUND(#14412,.T.);
#14414=IFCFACE((#14413));
#14415=IFCPOLYLOOP((#13757,#13726,#13756));
#14416=IFCFACEOUTERBOUND(#14415,.T.);
#14417=IFCFACE((#14416));
#14418=IFCPOLYLOOP((#13735,#13757,#13758));
#14419=IFCFACEOUTERBOUND(#14418,.T.);
#14420=IFCFACE((#14419));
#14421=IFCPOLYLOOP((#13737,#13758,#13756));
#14422=IFCFACEOUTERBOUND(#14421,.T.);
#14423=IFCFACE((#14422));
#14424=IFCPOLYLOOP((#13743,#13759,#13731));
#14425=IFCFACEOUTERBOUND(#14424,.T.);
#14426=IFCFACE((#14425));
#14427=IFCPOLYLOOP((#13759,#13733,#13732));
#14428=IFCFACEOUTERBOUND(#14427,.T.);
#14429=IFCFACE((#14428));
#14430=IFCPOLYLOOP((#13725,#13762,#13763));
#14431=IFCFACEOUTERBOUND(#14430,.T.);
#14432=IFCFACE((#14431));
#14433=IFCPOLYLOOP((#13762,#13735,#13760));
#14434=IFCFACEOUTERBOUND(#14433,.T.);
#14435=IFCFACE((#14434));
#14436=IFCPOLYLOOP((#13761,#13722,#13763));
#14437=IFCFACEOUTERBOUND(#14436,.T.);
#14438=IFCFACE((#14437));
#14439=IFCPOLYLOOP((#13760,#13736,#13761));
#14440=IFCFACEOUTERBOUND(#14439,.T.);
#14441=IFCFACE((#14440));
#14442=IFCPOLYLOOP((#13764,#13725,#13763));
#14443=IFCFACEOUTERBOUND(#14442,.T.);
#14444=IFCFACE((#14443));
#14445=IFCPOLYLOOP((#13761,#13763,#13760));
#14446=IFCFACEOUTERBOUND(#14445,.T.);
#14447=IFCFACE((#14446));
#14448=IFCPOLYLOOP((#13764,#13748,#13725));
#14449=IFCFACEOUTERBOUND(#14448,.T.);
#14450=IFCFACE((#14449));
#14451=IFCPOLYLOOP((#13768,#13748,#13764));
#14452=IFCFACEOUTERBOUND(#14451,.T.);
#14453=IFCFACE((#14452));
#14454=IFCPOLYLOOP((#13752,#13753,#13765));
#14455=IFCFACEOUTERBOUND(#14454,.T.);
#14456=IFCFACE((#14455));
#14457=IFCPOLYLOOP((#13724,#13765,#13746));
#14458=IFCFACEOUTERBOUND(#14457,.T.);
#14459=IFCFACE((#14458));
#14460=IFCPOLYLOOP((#13732,#13766,#13759));
#14461=IFCFACEOUTERBOUND(#14460,.T.);
#14462=IFCFACE((#14461));
#14463=IFCPOLYLOOP((#13731,#13766,#13734));
#14464=IFCFACEOUTERBOUND(#14463,.T.);
#14465=IFCFACE((#14464));
#14466=IFCPOLYLOOP((#13734,#13767,#13718));
#14467=IFCFACEOUTERBOUND(#14466,.T.);
#14468=IFCFACE((#14467));
#14469=IFCPOLYLOOP((#13721,#13767,#13714));
#14470=IFCFACEOUTERBOUND(#14469,.T.);
#14471=IFCFACE((#14470));
#14472=IFCPOLYLOOP((#13749,#13768,#13764));
#14473=IFCFACEOUTERBOUND(#14472,.T.);
#14474=IFCFACE((#14473));
#14475=IFCPOLYLOOP((#13768,#13747,#13748));
#14476=IFCFACEOUTERBOUND(#14475,.T.);
#14477=IFCFACE((#14476));
#14478=IFCPOLYLOOP((#13822,#13821,#13803));
#14479=IFCFACEOUTERBOUND(#14478,.T.);
#14480=IFCFACE((#14479));
#14481=IFCPOLYLOOP((#13900,#13791,#13866));
#14482=IFCFACEOUTERBOUND(#14481,.T.);
#14483=IFCFACE((#14482));
#14484=IFCPOLYLOOP((#13870,#13910,#13935));
#14485=IFCFACEOUTERBOUND(#14484,.T.);
#14486=IFCFACE((#14485));
#14487=IFCPOLYLOOP((#13940,#13809,#13886));
#14488=IFCFACEOUTERBOUND(#14487,.T.);
#14489=IFCFACE((#14488));
#14490=IFCPOLYLOOP((#13852,#13844,#13823));
#14491=IFCFACEOUTERBOUND(#14490,.T.);
#14492=IFCFACE((#14491));
#14493=IFCPOLYLOOP((#13824,#13788,#13819));
#14494=IFCFACEOUTERBOUND(#14493,.T.);
#14495=IFCFACE((#14494));
#14496=IFCPOLYLOOP((#13914,#13835,#13872,#13796));
#14497=IFCFACEOUTERBOUND(#14496,.T.);
#14498=IFCFACE((#14497));
#14499=IFCPOLYLOOP((#13855,#13856,#13853));
#14500=IFCFACEOUTERBOUND(#14499,.T.);
#14501=IFCFACE((#14500));
#14502=IFCPOLYLOOP((#13817,#13801,#13815,#13816));
#14503=IFCFACEOUTERBOUND(#14502,.T.);
#14504=IFCFACE((#14503));
#14505=IFCPOLYLOOP((#13812,#13947,#13948,#13943));
#14506=IFCFACEOUTERBOUND(#14505,.T.);
#14507=IFCFACE((#14506));
#14508=IFCPOLYLOOP((#13880,#13938,#13937));
#14509=IFCFACEOUTERBOUND(#14508,.T.);
#14510=IFCFACE((#14509));
#14511=IFCPOLYLOOP((#13854,#13856,#13855));
#14512=IFCFACEOUTERBOUND(#14511,.T.);
#14513=IFCFACE((#14512));
#14514=IFCPOLYLOOP((#13879,#13934,#13939));
#14515=IFCFACEOUTERBOUND(#14514,.T.);
#14516=IFCFACE((#14515));
#14517=IFCPOLYLOOP((#13869,#13908,#13911));
#14518=IFCFACEOUTERBOUND(#14517,.T.);
#14519=IFCFACE((#14518));
#14520=IFCPOLYLOOP((#13844,#13786,#13846));
#14521=IFCFACEOUTERBOUND(#14520,.T.);
#14522=IFCFACE((#14521));
#14523=IFCPOLYLOOP((#13839,#13926,#13876));
#14524=IFCFACEOUTERBOUND(#14523,.T.);
#14525=IFCFACE((#14524));
#14526=IFCPOLYLOOP((#13817,#13819,#13788));
#14527=IFCFACEOUTERBOUND(#14526,.T.);
#14528=IFCFACE((#14527));
#14529=IFCPOLYLOOP((#13771,#13772,#13820));
#14530=IFCFACEOUTERBOUND(#14529,.T.);
#14531=IFCFACE((#14530));
#14532=IFCPOLYLOOP((#13815,#13773,#13774));
#14533=IFCFACEOUTERBOUND(#14532,.T.);
#14534=IFCFACE((#14533));
#14535=IFCPOLYLOOP((#13863,#13892,#13895));
#14536=IFCFACEOUTERBOUND(#14535,.T.);
#14537=IFCFACE((#14536));
#14538=IFCPOLYLOOP((#13878,#13931,#13930));
#14539=IFCFACEOUTERBOUND(#14538,.T.);
#14540=IFCFACE((#14539));
#14541=IFCPOLYLOOP((#13864,#13894,#13899));
#14542=IFCFACEOUTERBOUND(#14541,.T.);
#14543=IFCFACE((#14542));
#14544=IFCPOLYLOOP((#13865,#13897,#13901));
#14545=IFCFACEOUTERBOUND(#14544,.T.);
#14546=IFCFACE((#14545));
#14547=IFCPOLYLOOP((#13889,#13943,#13948));
#14548=IFCFACEOUTERBOUND(#14547,.T.);
#14549=IFCFACE((#14548));
#14550=IFCPOLYLOOP((#13837,#13921,#13874));
#14551=IFCFACEOUTERBOUND(#14550,.T.);
#14552=IFCFACE((#14551));
#14553=IFCPOLYLOOP((#13919,#13837,#13874,#13795));
#14554=IFCFACEOUTERBOUND(#14553,.T.);
#14555=IFCFACE((#14554));
#14556=IFCPOLYLOOP((#13835,#13916,#13872));
#14557=IFCFACEOUTERBOUND(#14556,.T.);
#14558=IFCFACE((#14557));
#14559=IFCPOLYLOOP((#13774,#13813,#13816));
#14560=IFCFACEOUTERBOUND(#14559,.T.);
#14561=IFCFACE((#14560));
#14562=IFCPOLYLOOP((#13803,#13821,#13820));
#14563=IFCFACEOUTERBOUND(#14562,.T.);
#14564=IFCFACE((#14563));
#14565=IFCPOLYLOOP((#13797,#13853,#13822));
#14566=IFCFACEOUTERBOUND(#14565,.T.);
#14567=IFCFACE((#14566));
#14568=IFCPOLYLOOP((#13819,#13816,#13800));
#14569=IFCFACEOUTERBOUND(#14568,.T.);
#14570=IFCFACE((#14569));
#14571=IFCPOLYLOOP((#13822,#13853,#13798));
#14572=IFCFACEOUTERBOUND(#14571,.T.);
#14573=IFCFACE((#14572));
#14574=IFCPOLYLOOP((#13820,#13821,#13771));
#14575=IFCFACEOUTERBOUND(#14574,.T.);
#14576=IFCFACE((#14575));
#14577=IFCPOLYLOOP((#13806,#13850,#13849));
#14578=IFCFACEOUTERBOUND(#14577,.T.);
#14579=IFCFACE((#14578));
#14580=IFCPOLYLOOP((#13924,#13839,#13876,#13805));
#14581=IFCFACEOUTERBOUND(#14580,.T.);
#14582=IFCFACE((#14581));
#14583=IFCPOLYLOOP((#13847,#13848,#13849));
#14584=IFCFACEOUTERBOUND(#14583,.T.);
#14585=IFCFACE((#14584));
#14586=IFCPOLYLOOP((#13886,#13942,#13941));
#14587=IFCFACEOUTERBOUND(#14586,.T.);
#14588=IFCFACE((#14587));
#14589=IFCPOLYLOOP((#13877,#13928,#13932));
#14590=IFCFACEOUTERBOUND(#14589,.T.);
#14591=IFCFACE((#14590));
#14592=IFCPOLYLOOP((#13860,#13888,#13930));
#14593=IFCFACEOUTERBOUND(#14592,.T.);
#14594=IFCFACE((#14593));
#14595=IFCPOLYLOOP((#13831,#13906,#13868));
#14596=IFCFACEOUTERBOUND(#14595,.T.);
#14597=IFCFACE((#14596));
#14598=IFCPOLYLOOP((#13904,#13831,#13868,#13811));
#14599=IFCFACEOUTERBOUND(#14598,.T.);
#14600=IFCFACE((#14599));
#14601=IFCPOLYLOOP((#13944,#13896,#13778,#13943));
#14602=IFCFACEOUTERBOUND(#14601,.T.);
#14603=IFCFACE((#14602));
#14604=IFCPOLYLOOP((#13774,#13769,#13813));
#14605=IFCFACEOUTERBOUND(#14604,.T.);
#14606=IFCFACE((#14605));
#14607=IFCPOLYLOOP((#13814,#13770,#13771));
#14608=IFCFACEOUTERBOUND(#14607,.T.);
#14609=IFCFACE((#14608));
#14610=IFCPOLYLOOP((#13774,#13816,#13815));
#14611=IFCFACEOUTERBOUND(#14610,.T.);
#14612=IFCFACE((#14611));
#14613=IFCPOLYLOOP((#13816,#13813,#13800));
#14614=IFCFACEOUTERBOUND(#14613,.T.);
#14615=IFCFACE((#14614));
#14616=IFCPOLYLOOP((#13818,#13787,#13819,#13800));
#14617=IFCFACEOUTERBOUND(#14616,.T.);
#14618=IFCFACE((#14617));
#14619=IFCPOLYLOOP((#13817,#13816,#13819));
#14620=IFCFACEOUTERBOUND(#14619,.T.);
#14621=IFCFACE((#14620));
#14622=IFCPOLYLOOP((#13863,#13891,#13941));
#14623=IFCFACEOUTERBOUND(#14622,.T.);
#14624=IFCFACE((#14623));
#14625=IFCPOLYLOOP((#13814,#13771,#13821));
#14626=IFCFACEOUTERBOUND(#14625,.T.);
#14627=IFCFACE((#14626));
#14628=IFCPOLYLOOP((#13821,#13802,#13814));
#14629=IFCFACEOUTERBOUND(#14628,.T.);
#14630=IFCFACE((#14629));
#14631=IFCPOLYLOOP((#13802,#13821,#13822));
#14632=IFCFACEOUTERBOUND(#14631,.T.);
#14633=IFCFACE((#14632));
#14634=IFCPOLYLOOP((#13802,#13822,#13798));
#14635=IFCFACEOUTERBOUND(#14634,.T.);
#14636=IFCFACE((#14635));
#14637=IFCPOLYLOOP((#13862,#13797,#13822,#13803));
#14638=IFCFACEOUTERBOUND(#14637,.T.);
#14639=IFCFACE((#14638));
#14640=IFCPOLYLOOP((#13787,#13824,#13819));
#14641=IFCFACEOUTERBOUND(#14640,.T.);
#14642=IFCFACE((#14641));
#14643=IFCPOLYLOOP((#13845,#13788,#13824));
#14644=IFCFACEOUTERBOUND(#14643,.T.);
#14645=IFCFACE((#14644));
#14646=IFCPOLYLOOP((#13846,#13785,#13844));
#14647=IFCFACEOUTERBOUND(#14646,.T.);
#14648=IFCFACE((#14647));
#14649=IFCPOLYLOOP((#13825,#13786,#13844));
#14650=IFCFACEOUTERBOUND(#14649,.T.);
#14651=IFCFACE((#14650));
#14652=IFCPOLYLOOP((#13787,#13852,#13824));
#14653=IFCFACEOUTERBOUND(#14652,.T.);
#14654=IFCFACE((#14653));
#14655=IFCPOLYLOOP((#13893,#13826,#13864,#13791));
#14656=IFCFACEOUTERBOUND(#14655,.T.);
#14657=IFCFACE((#14656));
#14658=IFCPOLYLOOP((#13865,#13896,#13944));
#14659=IFCFACEOUTERBOUND(#14658,.T.);
#14660=IFCFACE((#14659));
#14661=IFCPOLYLOOP((#13898,#13828,#13866));
#14662=IFCFACEOUTERBOUND(#14661,.T.);
#14663=IFCFACE((#14662));
#14664=IFCPOLYLOOP((#13830,#13905,#13906,#13902));
#14665=IFCFACEOUTERBOUND(#14664,.T.);
#14666=IFCFACE((#14665));
#14667=IFCPOLYLOOP((#13867,#13902,#13906));
#14668=IFCFACEOUTERBOUND(#14667,.T.);
#14669=IFCFACE((#14668));
#14670=IFCPOLYLOOP((#13907,#13780,#13869,#13832));
#14671=IFCFACEOUTERBOUND(#14670,.T.);
#14672=IFCFACE((#14671));
#14673=IFCPOLYLOOP((#13909,#13832,#13870,#13784));
#14674=IFCFACEOUTERBOUND(#14673,.T.);
#14675=IFCFACE((#14674));
#14676=IFCPOLYLOOP((#13916,#13871,#13834));
#14677=IFCFACEOUTERBOUND(#14676,.T.);
#14678=IFCFACE((#14677));
#14679=IFCPOLYLOOP((#13912,#13834,#13871,#13776));
#14680=IFCFACEOUTERBOUND(#14679,.T.);
#14681=IFCFACE((#14680));
#14682=IFCPOLYLOOP((#13836,#13920,#13921,#13917));
#14683=IFCFACEOUTERBOUND(#14682,.T.);
#14684=IFCFACE((#14683));
#14685=IFCPOLYLOOP((#13873,#13917,#13921));
#14686=IFCFACEOUTERBOUND(#14685,.T.);
#14687=IFCFACE((#14686));
#14688=IFCPOLYLOOP((#13926,#13875,#13838));
#14689=IFCFACEOUTERBOUND(#14688,.T.);
#14690=IFCFACE((#14689));
#14691=IFCPOLYLOOP((#13922,#13838,#13875,#13779));
#14692=IFCFACEOUTERBOUND(#14691,.T.);
#14693=IFCFACE((#14692));
#14694=IFCPOLYLOOP((#13927,#13777,#13877,#13840));
#14695=IFCFACEOUTERBOUND(#14694,.T.);
#14696=IFCFACE((#14695));
#14697=IFCPOLYLOOP((#13929,#13840,#13878,#13808));
#14698=IFCFACEOUTERBOUND(#14697,.T.);
#14699=IFCFACE((#14698));
#14700=IFCPOLYLOOP((#13933,#13784,#13879,#13842));
#14701=IFCFACEOUTERBOUND(#14700,.T.);
#14702=IFCFACE((#14701));
#14703=IFCPOLYLOOP((#13936,#13842,#13880,#13781));
#14704=IFCFACEOUTERBOUND(#14703,.T.);
#14705=IFCFACE((#14704));
#14706=IFCPOLYLOOP((#13825,#13844,#13852));
#14707=IFCFACEOUTERBOUND(#14706,.T.);
#14708=IFCFACE((#14707));
#14709=IFCPOLYLOOP((#13881,#13823,#13844,#13785));
#14710=IFCFACEOUTERBOUND(#14709,.T.);
#14711=IFCFACE((#14710));
#14712=IFCPOLYLOOP((#13882,#13805,#13850,#13806));
#14713=IFCFACEOUTERBOUND(#14712,.T.);
#14714=IFCFACE((#14713));
#14715=IFCPOLYLOOP((#13823,#13845,#13852));
#14716=IFCFACEOUTERBOUND(#14715,.T.);
#14717=IFCFACE((#14716));
#14718=IFCPOLYLOOP((#13846,#13851,#13849));
#14719=IFCFACEOUTERBOUND(#14718,.T.);
#14720=IFCFACE((#14719));
#14721=IFCPOLYLOOP((#13849,#13848,#13846));
#14722=IFCFACEOUTERBOUND(#14721,.T.);
#14723=IFCFACE((#14722));
#14724=IFCPOLYLOOP((#13848,#13785,#13846));
#14725=IFCFACEOUTERBOUND(#14724,.T.);
#14726=IFCFACE((#14725));
#14727=IFCPOLYLOOP((#13850,#13847,#13849));
#14728=IFCFACEOUTERBOUND(#14727,.T.);
#14729=IFCFACE((#14728));
#14730=IFCPOLYLOOP((#13825,#13852,#13787));
#14731=IFCFACEOUTERBOUND(#14730,.T.);
#14732=IFCFACE((#14731));
#14733=IFCPOLYLOOP((#13883,#13847,#13850,#13804));
#14734=IFCFACEOUTERBOUND(#14733,.T.);
#14735=IFCFACE((#14734));
#14736=IFCPOLYLOOP((#13804,#13850,#13876));
#14737=IFCFACEOUTERBOUND(#14736,.T.);
#14738=IFCFACE((#14737));
#14739=IFCPOLYLOOP((#13806,#13849,#13851));
#14740=IFCFACEOUTERBOUND(#14739,.T.);
#14741=IFCFACE((#14740));
#14742=IFCPOLYLOOP((#13846,#13786,#13851));
#14743=IFCFACEOUTERBOUND(#14742,.T.);
#14744=IFCFACE((#14743));
#14745=IFCPOLYLOOP((#13824,#13852,#13845));
#14746=IFCFACEOUTERBOUND(#14745,.T.);
#14747=IFCFACE((#14746));
#14748=IFCPOLYLOOP((#13799,#13858,#13856));
#14749=IFCFACEOUTERBOUND(#14748,.T.);
#14750=IFCFACE((#14749));
#14751=IFCPOLYLOOP((#13856,#13857,#13799));
#14752=IFCFACEOUTERBOUND(#14751,.T.);
#14753=IFCFACE((#14752));
#14754=IFCPOLYLOOP((#13854,#13857,#13856));
#14755=IFCFACEOUTERBOUND(#14754,.T.);
#14756=IFCFACE((#14755));
#14757=IFCPOLYLOOP((#13853,#13856,#13858));
#14758=IFCFACEOUTERBOUND(#14757,.T.);
#14759=IFCFACE((#14758));
#14760=IFCPOLYLOOP((#13853,#13797,#13855));
#14761=IFCFACEOUTERBOUND(#14760,.T.);
#14762=IFCFACE((#14761));
#14763=IFCPOLYLOOP((#13884,#13799,#13857,#13782));
#14764=IFCFACEOUTERBOUND(#14763,.T.);
#14765=IFCFACE((#14764));
#14766=IFCPOLYLOOP((#13843,#13939,#13934));
#14767=IFCFACEOUTERBOUND(#14766,.T.);
#14768=IFCFACE((#14767));
#14769=IFCPOLYLOOP((#13857,#13885,#13937));
#14770=IFCFACEOUTERBOUND(#14769,.T.);
#14771=IFCFACE((#14770));
#14772=IFCPOLYLOOP((#13858,#13798,#13853));
#14773=IFCFACEOUTERBOUND(#14772,.T.);
#14774=IFCFACE((#14773));
#14775=IFCPOLYLOOP((#13841,#13932,#13928));
#14776=IFCFACEOUTERBOUND(#14775,.T.);
#14777=IFCFACE((#14776));
#14778=IFCPOLYLOOP((#13887,#13859,#13860,#13807));
#14779=IFCFACEOUTERBOUND(#14778,.T.);
#14780=IFCFACE((#14779));
#14781=IFCPOLYLOOP((#13809,#13860,#13886));
#14782=IFCFACEOUTERBOUND(#14781,.T.);
#14783=IFCFACE((#14782));
#14784=IFCPOLYLOOP((#13895,#13864,#13826));
#14785=IFCFACEOUTERBOUND(#14784,.T.);
#14786=IFCFACE((#14785));
#14787=IFCPOLYLOOP((#13946,#13861,#13890,#13810));
#14788=IFCFACEOUTERBOUND(#14787,.T.);
#14789=IFCFACE((#14788));
#14790=IFCPOLYLOOP((#13865,#13944,#13775));
#14791=IFCFACEOUTERBOUND(#14790,.T.);
#14792=IFCFACE((#14791));
#14793=IFCPOLYLOOP((#13829,#13900,#13901,#13897));
#14794=IFCFACEOUTERBOUND(#14793,.T.);
#14795=IFCFACE((#14794));
#14796=IFCPOLYLOOP((#13895,#13894,#13864));
#14797=IFCFACEOUTERBOUND(#14796,.T.);
#14798=IFCFACE((#14797));
#14799=IFCPOLYLOOP((#13901,#13866,#13828));
#14800=IFCFACEOUTERBOUND(#14799,.T.);
#14801=IFCFACE((#14800));
#14802=IFCPOLYLOOP((#13889,#13775,#13944));
#14803=IFCFACEOUTERBOUND(#14802,.T.);
#14804=IFCFACE((#14803));
#14805=IFCPOLYLOOP((#13866,#13899,#13898));
#14806=IFCFACEOUTERBOUND(#14805,.T.);
#14807=IFCFACE((#14806));
#14808=IFCPOLYLOOP((#13901,#13900,#13866));
#14809=IFCFACEOUTERBOUND(#14808,.T.);
#14810=IFCFACE((#14809));
#14811=IFCPOLYLOOP((#13794,#13867,#13873));
#14812=IFCFACEOUTERBOUND(#14811,.T.);
#14813=IFCFACE((#14812));
#14814=IFCPOLYLOOP((#13903,#13793,#13867,#13831));
#14815=IFCFACEOUTERBOUND(#14814,.T.);
#14816=IFCFACE((#14815));
#14817=IFCPOLYLOOP((#13811,#13868,#13890));
#14818=IFCFACEOUTERBOUND(#14817,.T.);
#14819=IFCFACE((#14818));
#14820=IFCPOLYLOOP((#13905,#13810,#13868));
#14821=IFCFACEOUTERBOUND(#14820,.T.);
#14822=IFCFACE((#14821));
#14823=IFCPOLYLOOP((#13911,#13870,#13832));
#14824=IFCFACEOUTERBOUND(#14823,.T.);
#14825=IFCFACE((#14824));
#14826=IFCPOLYLOOP((#13777,#13869,#13877));
#14827=IFCFACEOUTERBOUND(#14826,.T.);
#14828=IFCFACE((#14827));
#14829=IFCPOLYLOOP((#13935,#13879,#13784));
#14830=IFCFACEOUTERBOUND(#14829,.T.);
#14831=IFCFACE((#14830));
#14832=IFCPOLYLOOP((#13833,#13870,#13911));
#14833=IFCFACEOUTERBOUND(#14832,.T.);
#14834=IFCFACE((#14833));
#14835=IFCPOLYLOOP((#13776,#13871,#13875));
#14836=IFCFACEOUTERBOUND(#14835,.T.);
#14837=IFCFACE((#14836));
#14838=IFCPOLYLOOP((#13913,#13779,#13871));
#14839=IFCFACEOUTERBOUND(#14838,.T.);
#14840=IFCFACE((#14839));
#14841=IFCPOLYLOOP((#13796,#13872,#13874));
#14842=IFCFACEOUTERBOUND(#14841,.T.);
#14843=IFCFACE((#14842));
#14844=IFCPOLYLOOP((#13915,#13795,#13872));
#14845=IFCFACEOUTERBOUND(#14844,.T.);
#14846=IFCFACE((#14845));
#14847=IFCPOLYLOOP((#13793,#13873,#13867));
#14848=IFCFACEOUTERBOUND(#14847,.T.);
#14849=IFCFACE((#14848));
#14850=IFCPOLYLOOP((#13918,#13794,#13873));
#14851=IFCFACEOUTERBOUND(#14850,.T.);
#14852=IFCFACE((#14851));
#14853=IFCPOLYLOOP((#13795,#13874,#13872));
#14854=IFCFACEOUTERBOUND(#14853,.T.);
#14855=IFCFACE((#14854));
#14856=IFCPOLYLOOP((#13920,#13796,#13874));
#14857=IFCFACEOUTERBOUND(#14856,.T.);
#14858=IFCFACE((#14857));
#14859=IFCPOLYLOOP((#13779,#13875,#13871));
#14860=IFCFACEOUTERBOUND(#14859,.T.);
#14861=IFCFACE((#14860));
#14862=IFCPOLYLOOP((#13923,#13776,#13875));
#14863=IFCFACEOUTERBOUND(#14862,.T.);
#14864=IFCFACE((#14863));
#14865=IFCPOLYLOOP((#13805,#13876,#13850));
#14866=IFCFACEOUTERBOUND(#14865,.T.);
#14867=IFCFACE((#14866));
#14868=IFCPOLYLOOP((#13925,#13804,#13876));
#14869=IFCFACEOUTERBOUND(#14868,.T.);
#14870=IFCFACE((#14869));
#14871=IFCPOLYLOOP((#13932,#13878,#13840));
#14872=IFCFACEOUTERBOUND(#14871,.T.);
#14873=IFCFACE((#14872));
#14874=IFCPOLYLOOP((#13780,#13877,#13869));
#14875=IFCFACEOUTERBOUND(#14874,.T.);
#14876=IFCFACE((#14875));
#14877=IFCPOLYLOOP((#13930,#13808,#13878));
#14878=IFCFACEOUTERBOUND(#14877,.T.);
#14879=IFCFACE((#14878));
#14880=IFCPOLYLOOP((#13841,#13878,#13932));
#14881=IFCFACEOUTERBOUND(#14880,.T.);
#14882=IFCFACE((#14881));
#14883=IFCPOLYLOOP((#13939,#13880,#13842));
#14884=IFCFACEOUTERBOUND(#14883,.T.);
#14885=IFCFACE((#14884));
#14886=IFCPOLYLOOP((#13783,#13879,#13935));
#14887=IFCFACEOUTERBOUND(#14886,.T.);
#14888=IFCFACE((#14887));
#14889=IFCPOLYLOOP((#13937,#13781,#13880));
#14890=IFCFACEOUTERBOUND(#14889,.T.);
#14891=IFCFACE((#14890));
#14892=IFCPOLYLOOP((#13843,#13880,#13939));
#14893=IFCFACEOUTERBOUND(#14892,.T.);
#14894=IFCFACE((#14893));
#14895=IFCPOLYLOOP((#13886,#13941,#13940));
#14896=IFCFACEOUTERBOUND(#14895,.T.);
#14897=IFCFACE((#14896));
#14898=IFCPOLYLOOP((#13857,#13854,#13885));
#14899=IFCFACEOUTERBOUND(#14898,.T.);
#14900=IFCFACE((#14899));
#14901=IFCPOLYLOOP((#13859,#13886,#13860));
#14902=IFCFACEOUTERBOUND(#14901,.T.);
#14903=IFCFACE((#14902));
#14904=IFCPOLYLOOP((#13945,#13775,#13889,#13861));
#14905=IFCFACEOUTERBOUND(#14904,.T.);
#14906=IFCFACE((#14905));
#14907=IFCPOLYLOOP((#13860,#13809,#13888));
#14908=IFCFACEOUTERBOUND(#14907,.T.);
#14909=IFCFACE((#14908));
#14910=IFCPOLYLOOP((#13890,#13861,#13948));
#14911=IFCFACEOUTERBOUND(#14910,.T.);
#14912=IFCFACE((#14911));
#14913=IFCPOLYLOOP((#13810,#13890,#13868));
#14914=IFCFACEOUTERBOUND(#14913,.T.);
#14915=IFCFACE((#14914));
#14916=IFCPOLYLOOP((#13947,#13811,#13890));
#14917=IFCFACEOUTERBOUND(#14916,.T.);
#14918=IFCFACE((#14917));
#14919=IFCPOLYLOOP((#13827,#13894,#13895,#13892));
#14920=IFCFACEOUTERBOUND(#14919,.T.);
#14921=IFCFACE((#14920));
#14922=IFCPOLYLOOP((#13891,#13863,#13826));
#14923=IFCFACEOUTERBOUND(#14922,.T.);
#14924=IFCFACE((#14923));
#14925=IFCPOLYLOOP((#13863,#13789,#13892));
#14926=IFCFACEOUTERBOUND(#14925,.T.);
#14927=IFCFACE((#14926));
#14928=IFCPOLYLOOP((#13863,#13895,#13826));
#14929=IFCFACEOUTERBOUND(#14928,.T.);
#14930=IFCFACE((#14929));
#14931=IFCPOLYLOOP((#13792,#13898,#13899,#13894));
#14932=IFCFACEOUTERBOUND(#14931,.T.);
#14933=IFCFACE((#14932));
#14934=IFCPOLYLOOP((#13896,#13865,#13828));
#14935=IFCFACEOUTERBOUND(#14934,.T.);
#14936=IFCFACE((#14935));
#14937=IFCPOLYLOOP((#13865,#13775,#13897));
#14938=IFCFACEOUTERBOUND(#14937,.T.);
#14939=IFCFACE((#14938));
#14940=IFCPOLYLOOP((#13864,#13899,#13791));
#14941=IFCFACEOUTERBOUND(#14940,.T.);
#14942=IFCFACE((#14941));
#14943=IFCPOLYLOOP((#13899,#13866,#13791));
#14944=IFCFACEOUTERBOUND(#14943,.T.);
#14945=IFCFACE((#14944));
#14946=IFCPOLYLOOP((#13865,#13901,#13828));
#14947=IFCFACEOUTERBOUND(#14946,.T.);
#14948=IFCFACE((#14947));
#14949=IFCPOLYLOOP((#13867,#13906,#13831));
#14950=IFCFACEOUTERBOUND(#14949,.T.);
#14951=IFCFACE((#14950));
#14952=IFCPOLYLOOP((#13902,#13867,#13794));
#14953=IFCFACEOUTERBOUND(#14952,.T.);
#14954=IFCFACE((#14953));
#14955=IFCPOLYLOOP((#13868,#13906,#13905));
#14956=IFCFACEOUTERBOUND(#14955,.T.);
#14957=IFCFACE((#14956));
#14958=IFCPOLYLOOP((#13833,#13911,#13908));
#14959=IFCFACEOUTERBOUND(#14958,.T.);
#14960=IFCFACE((#14959));
#14961=IFCPOLYLOOP((#13869,#13777,#13908));
#14962=IFCFACEOUTERBOUND(#14961,.T.);
#14963=IFCFACE((#14962));
#14964=IFCPOLYLOOP((#13870,#13833,#13910));
#14965=IFCFACEOUTERBOUND(#14964,.T.);
#14966=IFCFACE((#14965));
#14967=IFCPOLYLOOP((#13869,#13911,#13832));
#14968=IFCFACEOUTERBOUND(#14967,.T.);
#14969=IFCFACE((#14968));
#14970=IFCPOLYLOOP((#13913,#13871,#13916));
#14971=IFCFACEOUTERBOUND(#14970,.T.);
#14972=IFCFACE((#14971));
#14973=IFCPOLYLOOP((#13835,#13913,#13916));
#14974=IFCFACEOUTERBOUND(#14973,.T.);
#14975=IFCFACE((#14974));
#14976=IFCPOLYLOOP((#13834,#13915,#13916));
#14977=IFCFACEOUTERBOUND(#14976,.T.);
#14978=IFCFACE((#14977));
#14979=IFCPOLYLOOP((#13872,#13916,#13915));
#14980=IFCFACEOUTERBOUND(#14979,.T.);
#14981=IFCFACE((#14980));
#14982=IFCPOLYLOOP((#13918,#13873,#13921));
#14983=IFCFACEOUTERBOUND(#14982,.T.);
#14984=IFCFACE((#14983));
#14985=IFCPOLYLOOP((#13917,#13873,#13793));
#14986=IFCFACEOUTERBOUND(#14985,.T.);
#14987=IFCFACE((#14986));
#14988=IFCPOLYLOOP((#13837,#13918,#13921));
#14989=IFCFACEOUTERBOUND(#14988,.T.);
#14990=IFCFACE((#14989));
#14991=IFCPOLYLOOP((#13874,#13921,#13920));
#14992=IFCFACEOUTERBOUND(#14991,.T.);
#14993=IFCFACE((#14992));
#14994=IFCPOLYLOOP((#13923,#13875,#13926));
#14995=IFCFACEOUTERBOUND(#14994,.T.);
#14996=IFCFACE((#14995));
#14997=IFCPOLYLOOP((#13839,#13923,#13926));
#14998=IFCFACEOUTERBOUND(#14997,.T.);
#14999=IFCFACE((#14998));
#15000=IFCPOLYLOOP((#13838,#13925,#13926));
#15001=IFCFACEOUTERBOUND(#15000,.T.);
#15002=IFCFACE((#15001));
#15003=IFCPOLYLOOP((#13876,#13926,#13925));
#15004=IFCFACEOUTERBOUND(#15003,.T.);
#15005=IFCFACE((#15004));
#15006=IFCPOLYLOOP((#13808,#13930,#13888));
#15007=IFCFACEOUTERBOUND(#15006,.T.);
#15008=IFCFACE((#15007));
#15009=IFCPOLYLOOP((#13877,#13780,#13928));
#15010=IFCFACEOUTERBOUND(#15009,.T.);
#15011=IFCFACE((#15010));
#15012=IFCPOLYLOOP((#13860,#13930,#13807));
#15013=IFCFACEOUTERBOUND(#15012,.T.);
#15014=IFCFACE((#15013));
#15015=IFCPOLYLOOP((#13807,#13930,#13931));
#15016=IFCFACEOUTERBOUND(#15015,.T.);
#15017=IFCFACE((#15016));
#15018=IFCPOLYLOOP((#13878,#13841,#13931));
#15019=IFCFACEOUTERBOUND(#15018,.T.);
#15020=IFCFACE((#15019));
#15021=IFCPOLYLOOP((#13877,#13932,#13840));
#15022=IFCFACEOUTERBOUND(#15021,.T.);
#15023=IFCFACE((#15022));
#15024=IFCPOLYLOOP((#13783,#13935,#13910));
#15025=IFCFACEOUTERBOUND(#15024,.T.);
#15026=IFCFACE((#15025));
#15027=IFCPOLYLOOP((#13879,#13783,#13934));
#15028=IFCFACEOUTERBOUND(#15027,.T.);
#15029=IFCFACE((#15028));
#15030=IFCPOLYLOOP((#13870,#13935,#13784));
#15031=IFCFACEOUTERBOUND(#15030,.T.);
#15032=IFCFACE((#15031));
#15033=IFCPOLYLOOP((#13781,#13937,#13885));
#15034=IFCFACEOUTERBOUND(#15033,.T.);
#15035=IFCFACE((#15034));
#15036=IFCPOLYLOOP((#13857,#13937,#13782));
#15037=IFCFACEOUTERBOUND(#15036,.T.);
#15038=IFCFACE((#15037));
#15039=IFCPOLYLOOP((#13782,#13937,#13938));
#15040=IFCFACEOUTERBOUND(#15039,.T.);
#15041=IFCFACE((#15040));
#15042=IFCPOLYLOOP((#13880,#13843,#13938));
#15043=IFCFACEOUTERBOUND(#15042,.T.);
#15044=IFCFACE((#15043));
#15045=IFCPOLYLOOP((#13879,#13939,#13842));
#15046=IFCFACEOUTERBOUND(#15045,.T.);
#15047=IFCFACE((#15046));
#15048=IFCPOLYLOOP((#13790,#13940,#13941,#13891));
#15049=IFCFACEOUTERBOUND(#15048,.T.);
#15050=IFCFACE((#15049));
#15051=IFCPOLYLOOP((#13863,#13941,#13789));
#15052=IFCFACEOUTERBOUND(#15051,.T.);
#15053=IFCFACE((#15052));
#15054=IFCPOLYLOOP((#13789,#13941,#13942));
#15055=IFCFACEOUTERBOUND(#15054,.T.);
#15056=IFCFACE((#15055));
#15057=IFCPOLYLOOP((#13886,#13859,#13942));
#15058=IFCFACEOUTERBOUND(#15057,.T.);
#15059=IFCFACE((#15058));
#15060=IFCPOLYLOOP((#13889,#13944,#13943));
#15061=IFCFACEOUTERBOUND(#15060,.T.);
#15062=IFCFACE((#15061));
#15063=IFCPOLYLOOP((#13889,#13948,#13861));
#15064=IFCFACEOUTERBOUND(#15063,.T.);
#15065=IFCFACE((#15064));
#15066=IFCPOLYLOOP((#13890,#13948,#13947));
#15067=IFCFACEOUTERBOUND(#15066,.T.);
#15068=IFCFACE((#15067));
#15069=IFCPOLYLOOP((#13949,#13950,#13770,#13814,#13802,#13798,#13858,#13799,#13884,#13782,#13938,#13843,#13934,#13783,#13910,#13833,#13908,#13777,#13927,#13840,#13929,#13808,#13888,#13809,#13940,#13790,#13891,#13826,#13893,#13791,#13900,#13829,#13897,#13775,#13945,#13861,#13946,#13810,#13905,#13830,#13902,#13794,#13918,#13837,#13919,#13795,#13915,#13834,#13912,#13776,#13923,#13839,#13924,#13805,#13882,#13806,#13851,#13786,#13825,#13787,#13818,#13800,#13813,#13769));
#15070=IFCFACEOUTERBOUND(#15069,.T.);
#15071=IFCFACE((#15070));
#15072=IFCPOLYLOOP((#13951,#13952,#13712,#13711));
#15073=IFCFACEOUTERBOUND(#15072,.T.);
#15074=IFCFACE((#15073));
#15075=IFCPOLYLOOP((#13954,#13716,#13715,#13959,#13957,#13953));
#15076=IFCFACEOUTERBOUND(#15075,.T.);
#15077=IFCFACE((#15076));
#15078=IFCPOLYLOOP((#13958,#13962,#13960,#13961));
#15079=IFCFACEOUTERBOUND(#15078,.T.);
#15080=IFCFACE((#15079));
#15081=IFCPOLYLOOP((#13963,#13720,#13961));
#15082=IFCFACEOUTERBOUND(#15081,.T.);
#15083=IFCFACE((#15082));
#15084=IFCPOLYLOOP((#13964,#13956,#13953));
#15085=IFCFACEOUTERBOUND(#15084,.T.);
#15086=IFCFACE((#15085));
#15087=IFCPOLYLOOP((#13964,#13957,#13960));
#15088=IFCFACEOUTERBOUND(#15087,.T.);
#15089=IFCFACE((#15088));
#15090=IFCPOLYLOOP((#13963,#13959,#13715));
#15091=IFCFACEOUTERBOUND(#15090,.T.);
#15092=IFCFACE((#15091));
#15093=IFCPOLYLOOP((#13957,#13959,#13960));
#15094=IFCFACEOUTERBOUND(#15093,.T.);
#15095=IFCFACE((#15094));
#15096=IFCPOLYLOOP((#13964,#13960,#13962));
#15097=IFCFACEOUTERBOUND(#15096,.T.);
#15098=IFCFACE((#15097));
#15099=IFCPOLYLOOP((#13960,#13963,#13961));
#15100=IFCFACEOUTERBOUND(#15099,.T.);
#15101=IFCFACE((#15100));
#15102=IFCPOLYLOOP((#13960,#13959,#13963));
#15103=IFCFACEOUTERBOUND(#15102,.T.);
#15104=IFCFACE((#15103));
#15105=IFCPOLYLOOP((#13720,#13719,#13961));
#15106=IFCFACEOUTERBOUND(#15105,.T.);
#15107=IFCFACE((#15106));
#15108=IFCPOLYLOOP((#13962,#13955,#13956));
#15109=IFCFACEOUTERBOUND(#15108,.T.);
#15110=IFCFACE((#15109));
#15111=IFCPOLYLOOP((#13720,#13963,#13715));
#15112=IFCFACEOUTERBOUND(#15111,.T.);
#15113=IFCFACE((#15112));
#15114=IFCPOLYLOOP((#13957,#13964,#13953));
#15115=IFCFACEOUTERBOUND(#15114,.T.);
#15116=IFCFACE((#15115));
#15117=IFCPOLYLOOP((#13956,#13964,#13962));
#15118=IFCFACEOUTERBOUND(#15117,.T.);
#15119=IFCFACE((#15118));
#15120=IFCPOLYLOOP((#13984,#13980,#13975));
#15121=IFCFACEOUTERBOUND(#15120,.T.);
#15122=IFCFACE((#15121));
#15123=IFCPOLYLOOP((#13991,#13995,#13996));
#15124=IFCFACEOUTERBOUND(#15123,.T.);
#15125=IFCFACE((#15124));
#15126=IFCPOLYLOOP((#13978,#13997,#13985));
#15127=IFCFACEOUTERBOUND(#15126,.T.);
#15128=IFCFACE((#15127));
#15129=IFCPOLYLOOP((#13989,#13970,#13991));
#15130=IFCFACEOUTERBOUND(#15129,.T.);
#15131=IFCFACE((#15130));
#15132=IFCPOLYLOOP((#13978,#13985,#13971));
#15133=IFCFACEOUTERBOUND(#15132,.T.);
#15134=IFCFACE((#15133));
#15135=IFCPOLYLOOP((#13985,#13992,#13988));
#15136=IFCFACEOUTERBOUND(#15135,.T.);
#15137=IFCFACE((#15136));
#15138=IFCPOLYLOOP((#13997,#13982,#13966));
#15139=IFCFACEOUTERBOUND(#15138,.T.);
#15140=IFCFACE((#15139));
#15141=IFCPOLYLOOP((#13970,#13989,#13981));
#15142=IFCFACEOUTERBOUND(#15141,.T.);
#15143=IFCFACE((#15142));
#15144=IFCPOLYLOOP((#13977,#13989,#13972));
#15145=IFCFACEOUTERBOUND(#15144,.T.);
#15146=IFCFACE((#15145));
#15147=IFCPOLYLOOP((#13990,#13995,#13969));
#15148=IFCFACEOUTERBOUND(#15147,.T.);
#15149=IFCFACE((#15148));
#15150=IFCPOLYLOOP((#13971,#13985,#13988));
#15151=IFCFACEOUTERBOUND(#15150,.T.);
#15152=IFCFACE((#15151));
#15153=IFCPOLYLOOP((#13993,#13984,#13975));
#15154=IFCFACEOUTERBOUND(#15153,.T.);
#15155=IFCFACE((#15154));
#15156=IFCPOLYLOOP((#13993,#13977,#13976));
#15157=IFCFACEOUTERBOUND(#15156,.T.);
#15158=IFCFACE((#15157));
#15159=IFCPOLYLOOP((#13993,#13989,#13977));
#15160=IFCFACEOUTERBOUND(#15159,.T.);
#15161=IFCFACE((#15160));
#15162=IFCPOLYLOOP((#13997,#13966,#13967));
#15163=IFCFACEOUTERBOUND(#15162,.T.);
#15164=IFCFACE((#15163));
#15165=IFCPOLYLOOP((#13983,#13772,#13771));
#15166=IFCFACEOUTERBOUND(#15165,.T.);
#15167=IFCFACE((#15166));
#15168=IFCPOLYLOOP((#13983,#13984,#13976));
#15169=IFCFACEOUTERBOUND(#15168,.T.);
#15170=IFCFACE((#15169));
#15171=IFCPOLYLOOP((#13771,#13770,#13980));
#15172=IFCFACEOUTERBOUND(#15171,.T.);
#15173=IFCFACE((#15172));
#15174=IFCPOLYLOOP((#13982,#13965,#13966));
#15175=IFCFACEOUTERBOUND(#15174,.T.);
#15176=IFCFACE((#15175));
#15177=IFCPOLYLOOP((#13997,#13974,#13985));
#15178=IFCFACEOUTERBOUND(#15177,.T.);
#15179=IFCFACE((#15178));
#15180=IFCPOLYLOOP((#13771,#13984,#13983));
#15181=IFCFACEOUTERBOUND(#15180,.T.);
#15182=IFCFACE((#15181));
#15183=IFCPOLYLOOP((#13980,#13984,#13771));
#15184=IFCFACEOUTERBOUND(#15183,.T.);
#15185=IFCFACE((#15184));
#15186=IFCPOLYLOOP((#13992,#13985,#13974));
#15187=IFCFACEOUTERBOUND(#15186,.T.);
#15188=IFCFACE((#15187));
#15189=IFCPOLYLOOP((#13979,#13974,#13997,#13967));
#15190=IFCFACEOUTERBOUND(#15189,.T.);
#15191=IFCFACE((#15190));
#15192=IFCPOLYLOOP((#13988,#13986,#13971));
#15193=IFCFACEOUTERBOUND(#15192,.T.);
#15194=IFCFACE((#15193));
#15195=IFCPOLYLOOP((#13995,#13990,#13987));
#15196=IFCFACEOUTERBOUND(#15195,.T.);
#15197=IFCFACE((#15196));
#15198=IFCPOLYLOOP((#13987,#13990,#13968));
#15199=IFCFACEOUTERBOUND(#15198,.T.);
#15200=IFCFACE((#15199));
#15201=IFCPOLYLOOP((#13986,#13988,#13990));
#15202=IFCFACEOUTERBOUND(#15201,.T.);
#15203=IFCFACE((#15202));
#15204=IFCPOLYLOOP((#13991,#13972,#13989));
#15205=IFCFACEOUTERBOUND(#15204,.T.);
#15206=IFCFACE((#15205));
#15207=IFCPOLYLOOP((#13993,#13975,#13981));
#15208=IFCFACEOUTERBOUND(#15207,.T.);
#15209=IFCFACE((#15208));
#15210=IFCPOLYLOOP((#13968,#13990,#13988));
#15211=IFCFACEOUTERBOUND(#15210,.T.);
#15212=IFCFACE((#15211));
#15213=IFCPOLYLOOP((#13986,#13990,#13969));
#15214=IFCFACEOUTERBOUND(#15213,.T.);
#15215=IFCFACE((#15214));
#15216=IFCPOLYLOOP((#13973,#13996,#13995,#13987));
#15217=IFCFACEOUTERBOUND(#15216,.T.);
#15218=IFCFACE((#15217));
#15219=IFCPOLYLOOP((#13994,#13995,#13991));
#15220=IFCFACEOUTERBOUND(#15219,.T.);
#15221=IFCFACE((#15220));
#15222=IFCPOLYLOOP((#13992,#13968,#13988));
#15223=IFCFACEOUTERBOUND(#15222,.T.);
#15224=IFCFACE((#15223));
#15225=IFCPOLYLOOP((#13976,#13984,#13993));
#15226=IFCFACEOUTERBOUND(#15225,.T.);
#15227=IFCFACE((#15226));
#15228=IFCPOLYLOOP((#13989,#13993,#13981));
#15229=IFCFACEOUTERBOUND(#15228,.T.);
#15230=IFCFACE((#15229));
#15231=IFCPOLYLOOP((#13969,#13995,#13994));
#15232=IFCFACEOUTERBOUND(#15231,.T.);
#15233=IFCFACE((#15232));
#15234=IFCPOLYLOOP((#13991,#13970,#13994));
#15235=IFCFACEOUTERBOUND(#15234,.T.);
#15236=IFCFACE((#15235));
#15237=IFCPOLYLOOP((#13996,#13972,#13991));
#15238=IFCFACEOUTERBOUND(#15237,.T.);
#15239=IFCFACE((#15238));
#15240=IFCPOLYLOOP((#13978,#13982,#13997));
#15241=IFCFACEOUTERBOUND(#15240,.T.);
#15242=IFCFACE((#15241));
#15243=IFCPOLYLOOP((#13998,#13965,#13982,#13978,#13971,#13986,#13969,#13994,#13970,#13981,#13975,#13980,#13770,#13950));
#15244=IFCFACEOUTERBOUND(#15243,.T.);
#15245=IFCFACE((#15244));
#15246=IFCPOLYLOOP((#13999,#14000,#13952,#13951));
#15247=IFCFACEOUTERBOUND(#15246,.T.);
#15248=IFCFACE((#15247));
#15249=IFCPOLYLOOP((#13954,#13953,#14025,#14015,#14016,#14009,#14040,#14018,#14045,#14008,#14031,#14022,#14023,#14010,#14036,#14012,#14013,#14001,#14002));
#15250=IFCFACEOUTERBOUND(#15249,.T.);
#15251=IFCFACE((#15250));
#15252=IFCPOLYLOOP((#14011,#14024,#14033));
#15253=IFCFACEOUTERBOUND(#15252,.T.);
#15254=IFCFACE((#15253));
#15255=IFCPOLYLOOP((#14038,#14042,#14026));
#15256=IFCFACEOUTERBOUND(#15255,.T.);
#15257=IFCFACE((#15256));
#15258=IFCPOLYLOOP((#14050,#14049,#14025));
#15259=IFCFACEOUTERBOUND(#15258,.T.);
#15260=IFCFACE((#15259));
#15261=IFCPOLYLOOP((#14033,#14035,#14011));
#15262=IFCFACEOUTERBOUND(#15261,.T.);
#15263=IFCFACE((#15262));
#15264=IFCPOLYLOOP((#14015,#14025,#14049));
#15265=IFCFACEOUTERBOUND(#15264,.T.);
#15266=IFCFACE((#15265));
#15267=IFCPOLYLOOP((#14029,#14028,#14027));
#15268=IFCFACEOUTERBOUND(#15267,.T.);
#15269=IFCFACE((#15268));
#15270=IFCPOLYLOOP((#14038,#14009,#14016));
#15271=IFCFACEOUTERBOUND(#15270,.T.);
#15272=IFCFACE((#15271));
#15273=IFCPOLYLOOP((#14041,#14020,#14019));
#15274=IFCFACEOUTERBOUND(#15273,.T.);
#15275=IFCFACE((#15274));
#15276=IFCPOLYLOOP((#14051,#14032,#14030));
#15277=IFCFACEOUTERBOUND(#15276,.T.);
#15278=IFCFACE((#15277));
#15279=IFCPOLYLOOP((#14043,#14046,#14045));
#15280=IFCFACEOUTERBOUND(#15279,.T.);
#15281=IFCFACE((#15280));
#15282=IFCPOLYLOOP((#14034,#14035,#14048));
#15283=IFCFACEOUTERBOUND(#15282,.T.);
#15284=IFCFACE((#15283));
#15285=IFCPOLYLOOP((#14004,#14001,#14037));
#15286=IFCFACEOUTERBOUND(#15285,.T.);
#15287=IFCFACE((#15286));
#15288=IFCPOLYLOOP((#14037,#14033,#14024));
#15289=IFCFACEOUTERBOUND(#15288,.T.);
#15290=IFCFACE((#15289));
#15291=IFCPOLYLOOP((#14017,#14049,#14050));
#15292=IFCFACEOUTERBOUND(#15291,.T.);
#15293=IFCFACE((#15292));
#15294=IFCPOLYLOOP((#14043,#14041,#14019));
#15295=IFCFACEOUTERBOUND(#15294,.T.);
#15296=IFCFACE((#15295));
#15297=IFCPOLYLOOP((#14038,#14016,#14042));
#15298=IFCFACEOUTERBOUND(#15297,.T.);
#15299=IFCFACE((#15298));
#15300=IFCPOLYLOOP((#14050,#14025,#13953));
#15301=IFCFACEOUTERBOUND(#15300,.T.);
#15302=IFCFACE((#15301));
#15303=IFCPOLYLOOP((#14050,#13956,#13955));
#15304=IFCFACEOUTERBOUND(#15303,.T.);
#15305=IFCFACE((#15304));
#15306=IFCPOLYLOOP((#14038,#14006,#14039));
#15307=IFCFACEOUTERBOUND(#15306,.T.);
#15308=IFCFACE((#15307));
#15309=IFCPOLYLOOP((#14040,#14039,#14041));
#15310=IFCFACEOUTERBOUND(#15309,.T.);
#15311=IFCFACE((#15310));
#15312=IFCPOLYLOOP((#14029,#14027,#14007));
#15313=IFCFACEOUTERBOUND(#15312,.T.);
#15314=IFCFACE((#15313));
#15315=IFCPOLYLOOP((#14030,#14028,#14022));
#15316=IFCFACEOUTERBOUND(#15315,.T.);
#15317=IFCFACE((#15316));
#15318=IFCPOLYLOOP((#14028,#14023,#14022));
#15319=IFCFACEOUTERBOUND(#15318,.T.);
#15320=IFCFACE((#15319));
#15321=IFCPOLYLOOP((#14037,#14024,#14003));
#15322=IFCFACEOUTERBOUND(#15321,.T.);
#15323=IFCFACE((#15322));
#15324=IFCPOLYLOOP((#14013,#14012,#14033));
#15325=IFCFACEOUTERBOUND(#15324,.T.);
#15326=IFCFACE((#15325));
#15327=IFCPOLYLOOP((#14030,#14021,#14028));
#15328=IFCFACEOUTERBOUND(#15327,.T.);
#15329=IFCFACE((#15328));
#15330=IFCPOLYLOOP((#14049,#14014,#14042));
#15331=IFCFACEOUTERBOUND(#15330,.T.);
#15332=IFCFACE((#15331));
#15333=IFCPOLYLOOP((#14027,#14028,#14021));
#15334=IFCFACEOUTERBOUND(#15333,.T.);
#15335=IFCFACE((#15334));
#15336=IFCPOLYLOOP((#14023,#14028,#14029));
#15337=IFCFACEOUTERBOUND(#15336,.T.);
#15338=IFCFACE((#15337));
#15339=IFCPOLYLOOP((#14029,#14010,#14023));
#15340=IFCFACEOUTERBOUND(#15339,.T.);
#15341=IFCFACE((#15340));
#15342=IFCPOLYLOOP((#14048,#14010,#14029));
#15343=IFCFACEOUTERBOUND(#15342,.T.);
#15344=IFCFACE((#15343));
#15345=IFCPOLYLOOP((#14047,#14005,#14032));
#15346=IFCFACEOUTERBOUND(#15345,.T.);
#15347=IFCFACE((#15346));
#15348=IFCPOLYLOOP((#14032,#14021,#14030));
#15349=IFCFACEOUTERBOUND(#15348,.T.);
#15350=IFCFACE((#15349));
#15351=IFCPOLYLOOP((#14047,#14046,#14005));
#15352=IFCFACEOUTERBOUND(#15351,.T.);
#15353=IFCFACE((#15352));
#15354=IFCPOLYLOOP((#14030,#14022,#14031));
#15355=IFCFACEOUTERBOUND(#15354,.T.);
#15356=IFCFACE((#15355));
#15357=IFCPOLYLOOP((#14037,#14013,#14033));
#15358=IFCFACEOUTERBOUND(#15357,.T.);
#15359=IFCFACE((#15358));
#15360=IFCPOLYLOOP((#14013,#14037,#14001));
#15361=IFCFACEOUTERBOUND(#15360,.T.);
#15362=IFCFACE((#15361));
#15363=IFCPOLYLOOP((#14012,#14035,#14033));
#15364=IFCFACEOUTERBOUND(#15363,.T.);
#15365=IFCFACE((#15364));
#15366=IFCPOLYLOOP((#14035,#14034,#14011));
#15367=IFCFACEOUTERBOUND(#15366,.T.);
#15368=IFCFACE((#15367));
#15369=IFCPOLYLOOP((#14048,#14036,#14010));
#15370=IFCFACEOUTERBOUND(#15369,.T.);
#15371=IFCFACE((#15370));
#15372=IFCPOLYLOOP((#14034,#14048,#14007));
#15373=IFCFACEOUTERBOUND(#15372,.T.);
#15374=IFCFACE((#15373));
#15375=IFCPOLYLOOP((#14035,#14012,#14036));
#15376=IFCFACEOUTERBOUND(#15375,.T.);
#15377=IFCFACE((#15376));
#15378=IFCPOLYLOOP((#14004,#14037,#14003));
#15379=IFCFACEOUTERBOUND(#15378,.T.);
#15380=IFCFACE((#15379));
#15381=IFCPOLYLOOP((#14009,#14038,#14039));
#15382=IFCFACEOUTERBOUND(#15381,.T.);
#15383=IFCFACE((#15382));
#15384=IFCPOLYLOOP((#14006,#14038,#14026));
#15385=IFCFACEOUTERBOUND(#15384,.T.);
#15386=IFCFACE((#15385));
#15387=IFCPOLYLOOP((#14043,#14018,#14041));
#15388=IFCFACEOUTERBOUND(#15387,.T.);
#15389=IFCFACE((#15388));
#15390=IFCPOLYLOOP((#14039,#14006,#14020));
#15391=IFCFACEOUTERBOUND(#15390,.T.);
#15392=IFCFACE((#15391));
#15393=IFCPOLYLOOP((#14040,#14009,#14039));
#15394=IFCFACEOUTERBOUND(#15393,.T.);
#15395=IFCFACE((#15394));
#15396=IFCPOLYLOOP((#14018,#14040,#14041));
#15397=IFCFACEOUTERBOUND(#15396,.T.);
#15398=IFCFACE((#15397));
#15399=IFCPOLYLOOP((#14020,#14041,#14039));
#15400=IFCFACEOUTERBOUND(#15399,.T.);
#15401=IFCFACE((#15400));
#15402=IFCPOLYLOOP((#14026,#14042,#14014));
#15403=IFCFACEOUTERBOUND(#15402,.T.);
#15404=IFCFACE((#15403));
#15405=IFCPOLYLOOP((#14042,#14016,#14015));
#15406=IFCFACEOUTERBOUND(#15405,.T.);
#15407=IFCFACE((#15406));
#15408=IFCPOLYLOOP((#14008,#14045,#14046));
#15409=IFCFACEOUTERBOUND(#15408,.T.);
#15410=IFCFACE((#15409));
#15411=IFCPOLYLOOP((#14045,#14018,#14043));
#15412=IFCFACEOUTERBOUND(#15411,.T.);
#15413=IFCFACE((#15412));
#15414=IFCPOLYLOOP((#14044,#14005,#14046));
#15415=IFCFACEOUTERBOUND(#15414,.T.);
#15416=IFCFACE((#15415));
#15417=IFCPOLYLOOP((#14043,#14019,#14044));
#15418=IFCFACEOUTERBOUND(#15417,.T.);
#15419=IFCFACE((#15418));
#15420=IFCPOLYLOOP((#14047,#14008,#14046));
#15421=IFCFACEOUTERBOUND(#15420,.T.);
#15422=IFCFACE((#15421));
#15423=IFCPOLYLOOP((#14044,#14046,#14043));
#15424=IFCFACEOUTERBOUND(#15423,.T.);
#15425=IFCFACE((#15424));
#15426=IFCPOLYLOOP((#14047,#14031,#14008));
#15427=IFCFACEOUTERBOUND(#15426,.T.);
#15428=IFCFACE((#15427));
#15429=IFCPOLYLOOP((#14051,#14031,#14047));
#15430=IFCFACEOUTERBOUND(#15429,.T.);
#15431=IFCFACE((#15430));
#15432=IFCPOLYLOOP((#14035,#14036,#14048));
#15433=IFCFACEOUTERBOUND(#15432,.T.);
#15434=IFCFACE((#15433));
#15435=IFCPOLYLOOP((#14007,#14048,#14029));
#15436=IFCFACEOUTERBOUND(#15435,.T.);
#15437=IFCFACE((#15436));
#15438=IFCPOLYLOOP((#14015,#14049,#14042));
#15439=IFCFACEOUTERBOUND(#15438,.T.);
#15440=IFCFACE((#15439));
#15441=IFCPOLYLOOP((#14014,#14049,#14017));
#15442=IFCFACEOUTERBOUND(#15441,.T.);
#15443=IFCFACE((#15442));
#15444=IFCPOLYLOOP((#14017,#14050,#13955));
#15445=IFCFACEOUTERBOUND(#15444,.T.);
#15446=IFCFACE((#15445));
#15447=IFCPOLYLOOP((#13956,#14050,#13953));
#15448=IFCFACEOUTERBOUND(#15447,.T.);
#15449=IFCFACE((#15448));
#15450=IFCPOLYLOOP((#14032,#14051,#14047));
#15451=IFCFACEOUTERBOUND(#15450,.T.);
#15452=IFCFACE((#15451));
#15453=IFCPOLYLOOP((#14051,#14030,#14031));
#15454=IFCFACEOUTERBOUND(#15453,.T.);
#15455=IFCFACE((#15454));
#15456=IFCPOLYLOOP((#14102,#14101,#14083));
#15457=IFCFACEOUTERBOUND(#15456,.T.);
#15458=IFCFACE((#15457));
#15459=IFCPOLYLOOP((#14180,#14071,#14146));
#15460=IFCFACEOUTERBOUND(#15459,.T.);
#15461=IFCFACE((#15460));
#15462=IFCPOLYLOOP((#14150,#14190,#14215));
#15463=IFCFACEOUTERBOUND(#15462,.T.);
#15464=IFCFACE((#15463));
#15465=IFCPOLYLOOP((#14220,#14089,#14166));
#15466=IFCFACEOUTERBOUND(#15465,.T.);
#15467=IFCFACE((#15466));
#15468=IFCPOLYLOOP((#14132,#14124,#14103));
#15469=IFCFACEOUTERBOUND(#15468,.T.);
#15470=IFCFACE((#15469));
#15471=IFCPOLYLOOP((#14104,#14068,#14099));
#15472=IFCFACEOUTERBOUND(#15471,.T.);
#15473=IFCFACE((#15472));
#15474=IFCPOLYLOOP((#14194,#14115,#14152,#14076));
#15475=IFCFACEOUTERBOUND(#15474,.T.);
#15476=IFCFACE((#15475));
#15477=IFCPOLYLOOP((#14135,#14136,#14133));
#15478=IFCFACEOUTERBOUND(#15477,.T.);
#15479=IFCFACE((#15478));
#15480=IFCPOLYLOOP((#14097,#14081,#14095,#14096));
#15481=IFCFACEOUTERBOUND(#15480,.T.);
#15482=IFCFACE((#15481));
#15483=IFCPOLYLOOP((#14092,#14227,#14228,#14223));
#15484=IFCFACEOUTERBOUND(#15483,.T.);
#15485=IFCFACE((#15484));
#15486=IFCPOLYLOOP((#14160,#14218,#14217));
#15487=IFCFACEOUTERBOUND(#15486,.T.);
#15488=IFCFACE((#15487));
#15489=IFCPOLYLOOP((#14134,#14136,#14135));
#15490=IFCFACEOUTERBOUND(#15489,.T.);
#15491=IFCFACE((#15490));
#15492=IFCPOLYLOOP((#14159,#14214,#14219));
#15493=IFCFACEOUTERBOUND(#15492,.T.);
#15494=IFCFACE((#15493));
#15495=IFCPOLYLOOP((#14149,#14188,#14191));
#15496=IFCFACEOUTERBOUND(#15495,.T.);
#15497=IFCFACE((#15496));
#15498=IFCPOLYLOOP((#14124,#14066,#14126));
#15499=IFCFACEOUTERBOUND(#15498,.T.);
#15500=IFCFACE((#15499));
#15501=IFCPOLYLOOP((#14119,#14206,#14156));
#15502=IFCFACEOUTERBOUND(#15501,.T.);
#15503=IFCFACE((#15502));
#15504=IFCPOLYLOOP((#14097,#14099,#14068));
#15505=IFCFACEOUTERBOUND(#15504,.T.);
#15506=IFCFACE((#15505));
#15507=IFCPOLYLOOP((#14053,#14054,#14100));
#15508=IFCFACEOUTERBOUND(#15507,.T.);
#15509=IFCFACE((#15508));
#15510=IFCPOLYLOOP((#14095,#13967,#13966));
#15511=IFCFACEOUTERBOUND(#15510,.T.);
#15512=IFCFACE((#15511));
#15513=IFCPOLYLOOP((#14143,#14172,#14175));
#15514=IFCFACEOUTERBOUND(#15513,.T.);
#15515=IFCFACE((#15514));
#15516=IFCPOLYLOOP((#14158,#14211,#14210));
#15517=IFCFACEOUTERBOUND(#15516,.T.);
#15518=IFCFACE((#15517));
#15519=IFCPOLYLOOP((#14144,#14174,#14179));
#15520=IFCFACEOUTERBOUND(#15519,.T.);
#15521=IFCFACE((#15520));
#15522=IFCPOLYLOOP((#14145,#14177,#14181));
#15523=IFCFACEOUTERBOUND(#15522,.T.);
#15524=IFCFACE((#15523));
#15525=IFCPOLYLOOP((#14169,#14223,#14228));
#15526=IFCFACEOUTERBOUND(#15525,.T.);
#15527=IFCFACE((#15526));
#15528=IFCPOLYLOOP((#14117,#14201,#14154));
#15529=IFCFACEOUTERBOUND(#15528,.T.);
#15530=IFCFACE((#15529));
#15531=IFCPOLYLOOP((#14199,#14117,#14154,#14075));
#15532=IFCFACEOUTERBOUND(#15531,.T.);
#15533=IFCFACE((#15532));
#15534=IFCPOLYLOOP((#14115,#14196,#14152));
#15535=IFCFACEOUTERBOUND(#15534,.T.);
#15536=IFCFACE((#15535));
#15537=IFCPOLYLOOP((#13966,#14093,#14096));
#15538=IFCFACEOUTERBOUND(#15537,.T.);
#15539=IFCFACE((#15538));
#15540=IFCPOLYLOOP((#14083,#14101,#14100));
#15541=IFCFACEOUTERBOUND(#15540,.T.);
#15542=IFCFACE((#15541));
#15543=IFCPOLYLOOP((#14077,#14133,#14102));
#15544=IFCFACEOUTERBOUND(#15543,.T.);
#15545=IFCFACE((#15544));
#15546=IFCPOLYLOOP((#14099,#14096,#14080));
#15547=IFCFACEOUTERBOUND(#15546,.T.);
#15548=IFCFACE((#15547));
#15549=IFCPOLYLOOP((#14102,#14133,#14078));
#15550=IFCFACEOUTERBOUND(#15549,.T.);
#15551=IFCFACE((#15550));
#15552=IFCPOLYLOOP((#14100,#14101,#14053));
#15553=IFCFACEOUTERBOUND(#15552,.T.);
#15554=IFCFACE((#15553));
#15555=IFCPOLYLOOP((#14086,#14130,#14129));
#15556=IFCFACEOUTERBOUND(#15555,.T.);
#15557=IFCFACE((#15556));
#15558=IFCPOLYLOOP((#14204,#14119,#14156,#14085));
#15559=IFCFACEOUTERBOUND(#15558,.T.);
#15560=IFCFACE((#15559));
#15561=IFCPOLYLOOP((#14127,#14128,#14129));
#15562=IFCFACEOUTERBOUND(#15561,.T.);
#15563=IFCFACE((#15562));
#15564=IFCPOLYLOOP((#14166,#14222,#14221));
#15565=IFCFACEOUTERBOUND(#15564,.T.);
#15566=IFCFACE((#15565));
#15567=IFCPOLYLOOP((#14157,#14208,#14212));
#15568=IFCFACEOUTERBOUND(#15567,.T.);
#15569=IFCFACE((#15568));
#15570=IFCPOLYLOOP((#14140,#14168,#14210));
#15571=IFCFACEOUTERBOUND(#15570,.T.);
#15572=IFCFACE((#15571));
#15573=IFCPOLYLOOP((#14111,#14186,#14148));
#15574=IFCFACEOUTERBOUND(#15573,.T.);
#15575=IFCFACE((#15574));
#15576=IFCPOLYLOOP((#14184,#14111,#14148,#14091));
#15577=IFCFACEOUTERBOUND(#15576,.T.);
#15578=IFCFACE((#15577));
#15579=IFCPOLYLOOP((#14224,#14176,#14058,#14223));
#15580=IFCFACEOUTERBOUND(#15579,.T.);
#15581=IFCFACE((#15580));
#15582=IFCPOLYLOOP((#13966,#13965,#14093));
#15583=IFCFACEOUTERBOUND(#15582,.T.);
#15584=IFCFACE((#15583));
#15585=IFCPOLYLOOP((#14094,#14052,#14053));
#15586=IFCFACEOUTERBOUND(#15585,.T.);
#15587=IFCFACE((#15586));
#15588=IFCPOLYLOOP((#13966,#14096,#14095));
#15589=IFCFACEOUTERBOUND(#15588,.T.);
#15590=IFCFACE((#15589));
#15591=IFCPOLYLOOP((#14096,#14093,#14080));
#15592=IFCFACEOUTERBOUND(#15591,.T.);
#15593=IFCFACE((#15592));
#15594=IFCPOLYLOOP((#14098,#14067,#14099,#14080));
#15595=IFCFACEOUTERBOUND(#15594,.T.);
#15596=IFCFACE((#15595));
#15597=IFCPOLYLOOP((#14097,#14096,#14099));
#15598=IFCFACEOUTERBOUND(#15597,.T.);
#15599=IFCFACE((#15598));
#15600=IFCPOLYLOOP((#14143,#14171,#14221));
#15601=IFCFACEOUTERBOUND(#15600,.T.);
#15602=IFCFACE((#15601));
#15603=IFCPOLYLOOP((#14094,#14053,#14101));
#15604=IFCFACEOUTERBOUND(#15603,.T.);
#15605=IFCFACE((#15604));
#15606=IFCPOLYLOOP((#14101,#14082,#14094));
#15607=IFCFACEOUTERBOUND(#15606,.T.);
#15608=IFCFACE((#15607));
#15609=IFCPOLYLOOP((#14082,#14101,#14102));
#15610=IFCFACEOUTERBOUND(#15609,.T.);
#15611=IFCFACE((#15610));
#15612=IFCPOLYLOOP((#14082,#14102,#14078));
#15613=IFCFACEOUTERBOUND(#15612,.T.);
#15614=IFCFACE((#15613));
#15615=IFCPOLYLOOP((#14142,#14077,#14102,#14083));
#15616=IFCFACEOUTERBOUND(#15615,.T.);
#15617=IFCFACE((#15616));
#15618=IFCPOLYLOOP((#14067,#14104,#14099));
#15619=IFCFACEOUTERBOUND(#15618,.T.);
#15620=IFCFACE((#15619));
#15621=IFCPOLYLOOP((#14125,#14068,#14104));
#15622=IFCFACEOUTERBOUND(#15621,.T.);
#15623=IFCFACE((#15622));
#15624=IFCPOLYLOOP((#14126,#14065,#14124));
#15625=IFCFACEOUTERBOUND(#15624,.T.);
#15626=IFCFACE((#15625));
#15627=IFCPOLYLOOP((#14105,#14066,#14124));
#15628=IFCFACEOUTERBOUND(#15627,.T.);
#15629=IFCFACE((#15628));
#15630=IFCPOLYLOOP((#14067,#14132,#14104));
#15631=IFCFACEOUTERBOUND(#15630,.T.);
#15632=IFCFACE((#15631));
#15633=IFCPOLYLOOP((#14173,#14106,#14144,#14071));
#15634=IFCFACEOUTERBOUND(#15633,.T.);
#15635=IFCFACE((#15634));
#15636=IFCPOLYLOOP((#14145,#14176,#14224));
#15637=IFCFACEOUTERBOUND(#15636,.T.);
#15638=IFCFACE((#15637));
#15639=IFCPOLYLOOP((#14178,#14108,#14146));
#15640=IFCFACEOUTERBOUND(#15639,.T.);
#15641=IFCFACE((#15640));
#15642=IFCPOLYLOOP((#14110,#14185,#14186,#14182));
#15643=IFCFACEOUTERBOUND(#15642,.T.);
#15644=IFCFACE((#15643));
#15645=IFCPOLYLOOP((#14147,#14182,#14186));
#15646=IFCFACEOUTERBOUND(#15645,.T.);
#15647=IFCFACE((#15646));
#15648=IFCPOLYLOOP((#14187,#14060,#14149,#14112));
#15649=IFCFACEOUTERBOUND(#15648,.T.);
#15650=IFCFACE((#15649));
#15651=IFCPOLYLOOP((#14189,#14112,#14150,#14064));
#15652=IFCFACEOUTERBOUND(#15651,.T.);
#15653=IFCFACE((#15652));
#15654=IFCPOLYLOOP((#14196,#14151,#14114));
#15655=IFCFACEOUTERBOUND(#15654,.T.);
#15656=IFCFACE((#15655));
#15657=IFCPOLYLOOP((#14192,#14114,#14151,#14056));
#15658=IFCFACEOUTERBOUND(#15657,.T.);
#15659=IFCFACE((#15658));
#15660=IFCPOLYLOOP((#14116,#14200,#14201,#14197));
#15661=IFCFACEOUTERBOUND(#15660,.T.);
#15662=IFCFACE((#15661));
#15663=IFCPOLYLOOP((#14153,#14197,#14201));
#15664=IFCFACEOUTERBOUND(#15663,.T.);
#15665=IFCFACE((#15664));
#15666=IFCPOLYLOOP((#14206,#14155,#14118));
#15667=IFCFACEOUTERBOUND(#15666,.T.);
#15668=IFCFACE((#15667));
#15669=IFCPOLYLOOP((#14202,#14118,#14155,#14059));
#15670=IFCFACEOUTERBOUND(#15669,.T.);
#15671=IFCFACE((#15670));
#15672=IFCPOLYLOOP((#14207,#14057,#14157,#14120));
#15673=IFCFACEOUTERBOUND(#15672,.T.);
#15674=IFCFACE((#15673));
#15675=IFCPOLYLOOP((#14209,#14120,#14158,#14088));
#15676=IFCFACEOUTERBOUND(#15675,.T.);
#15677=IFCFACE((#15676));
#15678=IFCPOLYLOOP((#14213,#14064,#14159,#14122));
#15679=IFCFACEOUTERBOUND(#15678,.T.);
#15680=IFCFACE((#15679));
#15681=IFCPOLYLOOP((#14216,#14122,#14160,#14061));
#15682=IFCFACEOUTERBOUND(#15681,.T.);
#15683=IFCFACE((#15682));
#15684=IFCPOLYLOOP((#14105,#14124,#14132));
#15685=IFCFACEOUTERBOUND(#15684,.T.);
#15686=IFCFACE((#15685));
#15687=IFCPOLYLOOP((#14161,#14103,#14124,#14065));
#15688=IFCFACEOUTERBOUND(#15687,.T.);
#15689=IFCFACE((#15688));
#15690=IFCPOLYLOOP((#14162,#14085,#14130,#14086));
#15691=IFCFACEOUTERBOUND(#15690,.T.);
#15692=IFCFACE((#15691));
#15693=IFCPOLYLOOP((#14103,#14125,#14132));
#15694=IFCFACEOUTERBOUND(#15693,.T.);
#15695=IFCFACE((#15694));
#15696=IFCPOLYLOOP((#14126,#14131,#14129));
#15697=IFCFACEOUTERBOUND(#15696,.T.);
#15698=IFCFACE((#15697));
#15699=IFCPOLYLOOP((#14129,#14128,#14126));
#15700=IFCFACEOUTERBOUND(#15699,.T.);
#15701=IFCFACE((#15700));
#15702=IFCPOLYLOOP((#14128,#14065,#14126));
#15703=IFCFACEOUTERBOUND(#15702,.T.);
#15704=IFCFACE((#15703));
#15705=IFCPOLYLOOP((#14130,#14127,#14129));
#15706=IFCFACEOUTERBOUND(#15705,.T.);
#15707=IFCFACE((#15706));
#15708=IFCPOLYLOOP((#14105,#14132,#14067));
#15709=IFCFACEOUTERBOUND(#15708,.T.);
#15710=IFCFACE((#15709));
#15711=IFCPOLYLOOP((#14163,#14127,#14130,#14084));
#15712=IFCFACEOUTERBOUND(#15711,.T.);
#15713=IFCFACE((#15712));
#15714=IFCPOLYLOOP((#14084,#14130,#14156));
#15715=IFCFACEOUTERBOUND(#15714,.T.);
#15716=IFCFACE((#15715));
#15717=IFCPOLYLOOP((#14086,#14129,#14131));
#15718=IFCFACEOUTERBOUND(#15717,.T.);
#15719=IFCFACE((#15718));
#15720=IFCPOLYLOOP((#14126,#14066,#14131));
#15721=IFCFACEOUTERBOUND(#15720,.T.);
#15722=IFCFACE((#15721));
#15723=IFCPOLYLOOP((#14104,#14132,#14125));
#15724=IFCFACEOUTERBOUND(#15723,.T.);
#15725=IFCFACE((#15724));
#15726=IFCPOLYLOOP((#14079,#14138,#14136));
#15727=IFCFACEOUTERBOUND(#15726,.T.);
#15728=IFCFACE((#15727));
#15729=IFCPOLYLOOP((#14136,#14137,#14079));
#15730=IFCFACEOUTERBOUND(#15729,.T.);
#15731=IFCFACE((#15730));
#15732=IFCPOLYLOOP((#14134,#14137,#14136));
#15733=IFCFACEOUTERBOUND(#15732,.T.);
#15734=IFCFACE((#15733));
#15735=IFCPOLYLOOP((#14133,#14136,#14138));
#15736=IFCFACEOUTERBOUND(#15735,.T.);
#15737=IFCFACE((#15736));
#15738=IFCPOLYLOOP((#14133,#14077,#14135));
#15739=IFCFACEOUTERBOUND(#15738,.T.);
#15740=IFCFACE((#15739));
#15741=IFCPOLYLOOP((#14164,#14079,#14137,#14062));
#15742=IFCFACEOUTERBOUND(#15741,.T.);
#15743=IFCFACE((#15742));
#15744=IFCPOLYLOOP((#14123,#14219,#14214));
#15745=IFCFACEOUTERBOUND(#15744,.T.);
#15746=IFCFACE((#15745));
#15747=IFCPOLYLOOP((#14137,#14165,#14217));
#15748=IFCFACEOUTERBOUND(#15747,.T.);
#15749=IFCFACE((#15748));
#15750=IFCPOLYLOOP((#14138,#14078,#14133));
#15751=IFCFACEOUTERBOUND(#15750,.T.);
#15752=IFCFACE((#15751));
#15753=IFCPOLYLOOP((#14121,#14212,#14208));
#15754=IFCFACEOUTERBOUND(#15753,.T.);
#15755=IFCFACE((#15754));
#15756=IFCPOLYLOOP((#14167,#14139,#14140,#14087));
#15757=IFCFACEOUTERBOUND(#15756,.T.);
#15758=IFCFACE((#15757));
#15759=IFCPOLYLOOP((#14089,#14140,#14166));
#15760=IFCFACEOUTERBOUND(#15759,.T.);
#15761=IFCFACE((#15760));
#15762=IFCPOLYLOOP((#14175,#14144,#14106));
#15763=IFCFACEOUTERBOUND(#15762,.T.);
#15764=IFCFACE((#15763));
#15765=IFCPOLYLOOP((#14226,#14141,#14170,#14090));
#15766=IFCFACEOUTERBOUND(#15765,.T.);
#15767=IFCFACE((#15766));
#15768=IFCPOLYLOOP((#14145,#14224,#14055));
#15769=IFCFACEOUTERBOUND(#15768,.T.);
#15770=IFCFACE((#15769));
#15771=IFCPOLYLOOP((#14109,#14180,#14181,#14177));
#15772=IFCFACEOUTERBOUND(#15771,.T.);
#15773=IFCFACE((#15772));
#15774=IFCPOLYLOOP((#14175,#14174,#14144));
#15775=IFCFACEOUTERBOUND(#15774,.T.);
#15776=IFCFACE((#15775));
#15777=IFCPOLYLOOP((#14181,#14146,#14108));
#15778=IFCFACEOUTERBOUND(#15777,.T.);
#15779=IFCFACE((#15778));
#15780=IFCPOLYLOOP((#14169,#14055,#14224));
#15781=IFCFACEOUTERBOUND(#15780,.T.);
#15782=IFCFACE((#15781));
#15783=IFCPOLYLOOP((#14146,#14179,#14178));
#15784=IFCFACEOUTERBOUND(#15783,.T.);
#15785=IFCFACE((#15784));
#15786=IFCPOLYLOOP((#14181,#14180,#14146));
#15787=IFCFACEOUTERBOUND(#15786,.T.);
#15788=IFCFACE((#15787));
#15789=IFCPOLYLOOP((#14074,#14147,#14153));
#15790=IFCFACEOUTERBOUND(#15789,.T.);
#15791=IFCFACE((#15790));
#15792=IFCPOLYLOOP((#14183,#14073,#14147,#14111));
#15793=IFCFACEOUTERBOUND(#15792,.T.);
#15794=IFCFACE((#15793));
#15795=IFCPOLYLOOP((#14091,#14148,#14170));
#15796=IFCFACEOUTERBOUND(#15795,.T.);
#15797=IFCFACE((#15796));
#15798=IFCPOLYLOOP((#14185,#14090,#14148));
#15799=IFCFACEOUTERBOUND(#15798,.T.);
#15800=IFCFACE((#15799));
#15801=IFCPOLYLOOP((#14191,#14150,#14112));
#15802=IFCFACEOUTERBOUND(#15801,.T.);
#15803=IFCFACE((#15802));
#15804=IFCPOLYLOOP((#14057,#14149,#14157));
#15805=IFCFACEOUTERBOUND(#15804,.T.);
#15806=IFCFACE((#15805));
#15807=IFCPOLYLOOP((#14215,#14159,#14064));
#15808=IFCFACEOUTERBOUND(#15807,.T.);
#15809=IFCFACE((#15808));
#15810=IFCPOLYLOOP((#14113,#14150,#14191));
#15811=IFCFACEOUTERBOUND(#15810,.T.);
#15812=IFCFACE((#15811));
#15813=IFCPOLYLOOP((#14056,#14151,#14155));
#15814=IFCFACEOUTERBOUND(#15813,.T.);
#15815=IFCFACE((#15814));
#15816=IFCPOLYLOOP((#14193,#14059,#14151));
#15817=IFCFACEOUTERBOUND(#15816,.T.);
#15818=IFCFACE((#15817));
#15819=IFCPOLYLOOP((#14076,#14152,#14154));
#15820=IFCFACEOUTERBOUND(#15819,.T.);
#15821=IFCFACE((#15820));
#15822=IFCPOLYLOOP((#14195,#14075,#14152));
#15823=IFCFACEOUTERBOUND(#15822,.T.);
#15824=IFCFACE((#15823));
#15825=IFCPOLYLOOP((#14073,#14153,#14147));
#15826=IFCFACEOUTERBOUND(#15825,.T.);
#15827=IFCFACE((#15826));
#15828=IFCPOLYLOOP((#14198,#14074,#14153));
#15829=IFCFACEOUTERBOUND(#15828,.T.);
#15830=IFCFACE((#15829));
#15831=IFCPOLYLOOP((#14075,#14154,#14152));
#15832=IFCFACEOUTERBOUND(#15831,.T.);
#15833=IFCFACE((#15832));
#15834=IFCPOLYLOOP((#14200,#14076,#14154));
#15835=IFCFACEOUTERBOUND(#15834,.T.);
#15836=IFCFACE((#15835));
#15837=IFCPOLYLOOP((#14059,#14155,#14151));
#15838=IFCFACEOUTERBOUND(#15837,.T.);
#15839=IFCFACE((#15838));
#15840=IFCPOLYLOOP((#14203,#14056,#14155));
#15841=IFCFACEOUTERBOUND(#15840,.T.);
#15842=IFCFACE((#15841));
#15843=IFCPOLYLOOP((#14085,#14156,#14130));
#15844=IFCFACEOUTERBOUND(#15843,.T.);
#15845=IFCFACE((#15844));
#15846=IFCPOLYLOOP((#14205,#14084,#14156));
#15847=IFCFACEOUTERBOUND(#15846,.T.);
#15848=IFCFACE((#15847));
#15849=IFCPOLYLOOP((#14212,#14158,#14120));
#15850=IFCFACEOUTERBOUND(#15849,.T.);
#15851=IFCFACE((#15850));
#15852=IFCPOLYLOOP((#14060,#14157,#14149));
#15853=IFCFACEOUTERBOUND(#15852,.T.);
#15854=IFCFACE((#15853));
#15855=IFCPOLYLOOP((#14210,#14088,#14158));
#15856=IFCFACEOUTERBOUND(#15855,.T.);
#15857=IFCFACE((#15856));
#15858=IFCPOLYLOOP((#14121,#14158,#14212));
#15859=IFCFACEOUTERBOUND(#15858,.T.);
#15860=IFCFACE((#15859));
#15861=IFCPOLYLOOP((#14219,#14160,#14122));
#15862=IFCFACEOUTERBOUND(#15861,.T.);
#15863=IFCFACE((#15862));
#15864=IFCPOLYLOOP((#14063,#14159,#14215));
#15865=IFCFACEOUTERBOUND(#15864,.T.);
#15866=IFCFACE((#15865));
#15867=IFCPOLYLOOP((#14217,#14061,#14160));
#15868=IFCFACEOUTERBOUND(#15867,.T.);
#15869=IFCFACE((#15868));
#15870=IFCPOLYLOOP((#14123,#14160,#14219));
#15871=IFCFACEOUTERBOUND(#15870,.T.);
#15872=IFCFACE((#15871));
#15873=IFCPOLYLOOP((#14166,#14221,#14220));
#15874=IFCFACEOUTERBOUND(#15873,.T.);
#15875=IFCFACE((#15874));
#15876=IFCPOLYLOOP((#14137,#14134,#14165));
#15877=IFCFACEOUTERBOUND(#15876,.T.);
#15878=IFCFACE((#15877));
#15879=IFCPOLYLOOP((#14139,#14166,#14140));
#15880=IFCFACEOUTERBOUND(#15879,.T.);
#15881=IFCFACE((#15880));
#15882=IFCPOLYLOOP((#14225,#14055,#14169,#14141));
#15883=IFCFACEOUTERBOUND(#15882,.T.);
#15884=IFCFACE((#15883));
#15885=IFCPOLYLOOP((#14140,#14089,#14168));
#15886=IFCFACEOUTERBOUND(#15885,.T.);
#15887=IFCFACE((#15886));
#15888=IFCPOLYLOOP((#14170,#14141,#14228));
#15889=IFCFACEOUTERBOUND(#15888,.T.);
#15890=IFCFACE((#15889));
#15891=IFCPOLYLOOP((#14090,#14170,#14148));
#15892=IFCFACEOUTERBOUND(#15891,.T.);
#15893=IFCFACE((#15892));
#15894=IFCPOLYLOOP((#14227,#14091,#14170));
#15895=IFCFACEOUTERBOUND(#15894,.T.);
#15896=IFCFACE((#15895));
#15897=IFCPOLYLOOP((#14107,#14174,#14175,#14172));
#15898=IFCFACEOUTERBOUND(#15897,.T.);
#15899=IFCFACE((#15898));
#15900=IFCPOLYLOOP((#14171,#14143,#14106));
#15901=IFCFACEOUTERBOUND(#15900,.T.);
#15902=IFCFACE((#15901));
#15903=IFCPOLYLOOP((#14143,#14069,#14172));
#15904=IFCFACEOUTERBOUND(#15903,.T.);
#15905=IFCFACE((#15904));
#15906=IFCPOLYLOOP((#14143,#14175,#14106));
#15907=IFCFACEOUTERBOUND(#15906,.T.);
#15908=IFCFACE((#15907));
#15909=IFCPOLYLOOP((#14072,#14178,#14179,#14174));
#15910=IFCFACEOUTERBOUND(#15909,.T.);
#15911=IFCFACE((#15910));
#15912=IFCPOLYLOOP((#14145,#14108,#14176));
#15913=IFCFACEOUTERBOUND(#15912,.T.);
#15914=IFCFACE((#15913));
#15915=IFCPOLYLOOP((#14145,#14055,#14177));
#15916=IFCFACEOUTERBOUND(#15915,.T.);
#15917=IFCFACE((#15916));
#15918=IFCPOLYLOOP((#14144,#14179,#14071));
#15919=IFCFACEOUTERBOUND(#15918,.T.);
#15920=IFCFACE((#15919));
#15921=IFCPOLYLOOP((#14179,#14146,#14071));
#15922=IFCFACEOUTERBOUND(#15921,.T.);
#15923=IFCFACE((#15922));
#15924=IFCPOLYLOOP((#14145,#14181,#14108));
#15925=IFCFACEOUTERBOUND(#15924,.T.);
#15926=IFCFACE((#15925));
#15927=IFCPOLYLOOP((#14147,#14186,#14111));
#15928=IFCFACEOUTERBOUND(#15927,.T.);
#15929=IFCFACE((#15928));
#15930=IFCPOLYLOOP((#14182,#14147,#14074));
#15931=IFCFACEOUTERBOUND(#15930,.T.);
#15932=IFCFACE((#15931));
#15933=IFCPOLYLOOP((#14148,#14186,#14185));
#15934=IFCFACEOUTERBOUND(#15933,.T.);
#15935=IFCFACE((#15934));
#15936=IFCPOLYLOOP((#14113,#14191,#14188));
#15937=IFCFACEOUTERBOUND(#15936,.T.);
#15938=IFCFACE((#15937));
#15939=IFCPOLYLOOP((#14149,#14057,#14188));
#15940=IFCFACEOUTERBOUND(#15939,.T.);
#15941=IFCFACE((#15940));
#15942=IFCPOLYLOOP((#14150,#14113,#14190));
#15943=IFCFACEOUTERBOUND(#15942,.T.);
#15944=IFCFACE((#15943));
#15945=IFCPOLYLOOP((#14149,#14191,#14112));
#15946=IFCFACEOUTERBOUND(#15945,.T.);
#15947=IFCFACE((#15946));
#15948=IFCPOLYLOOP((#14193,#14151,#14196));
#15949=IFCFACEOUTERBOUND(#15948,.T.);
#15950=IFCFACE((#15949));
#15951=IFCPOLYLOOP((#14115,#14193,#14196));
#15952=IFCFACEOUTERBOUND(#15951,.T.);
#15953=IFCFACE((#15952));
#15954=IFCPOLYLOOP((#14114,#14195,#14196));
#15955=IFCFACEOUTERBOUND(#15954,.T.);
#15956=IFCFACE((#15955));
#15957=IFCPOLYLOOP((#14152,#14196,#14195));
#15958=IFCFACEOUTERBOUND(#15957,.T.);
#15959=IFCFACE((#15958));
#15960=IFCPOLYLOOP((#14198,#14153,#14201));
#15961=IFCFACEOUTERBOUND(#15960,.T.);
#15962=IFCFACE((#15961));
#15963=IFCPOLYLOOP((#14197,#14153,#14073));
#15964=IFCFACEOUTERBOUND(#15963,.T.);
#15965=IFCFACE((#15964));
#15966=IFCPOLYLOOP((#14117,#14198,#14201));
#15967=IFCFACEOUTERBOUND(#15966,.T.);
#15968=IFCFACE((#15967));
#15969=IFCPOLYLOOP((#14154,#14201,#14200));
#15970=IFCFACEOUTERBOUND(#15969,.T.);
#15971=IFCFACE((#15970));
#15972=IFCPOLYLOOP((#14203,#14155,#14206));
#15973=IFCFACEOUTERBOUND(#15972,.T.);
#15974=IFCFACE((#15973));
#15975=IFCPOLYLOOP((#14119,#14203,#14206));
#15976=IFCFACEOUTERBOUND(#15975,.T.);
#15977=IFCFACE((#15976));
#15978=IFCPOLYLOOP((#14118,#14205,#14206));
#15979=IFCFACEOUTERBOUND(#15978,.T.);
#15980=IFCFACE((#15979));
#15981=IFCPOLYLOOP((#14156,#14206,#14205));
#15982=IFCFACEOUTERBOUND(#15981,.T.);
#15983=IFCFACE((#15982));
#15984=IFCPOLYLOOP((#14088,#14210,#14168));
#15985=IFCFACEOUTERBOUND(#15984,.T.);
#15986=IFCFACE((#15985));
#15987=IFCPOLYLOOP((#14157,#14060,#14208));
#15988=IFCFACEOUTERBOUND(#15987,.T.);
#15989=IFCFACE((#15988));
#15990=IFCPOLYLOOP((#14140,#14210,#14087));
#15991=IFCFACEOUTERBOUND(#15990,.T.);
#15992=IFCFACE((#15991));
#15993=IFCPOLYLOOP((#14087,#14210,#14211));
#15994=IFCFACEOUTERBOUND(#15993,.T.);
#15995=IFCFACE((#15994));
#15996=IFCPOLYLOOP((#14158,#14121,#14211));
#15997=IFCFACEOUTERBOUND(#15996,.T.);
#15998=IFCFACE((#15997));
#15999=IFCPOLYLOOP((#14157,#14212,#14120));
#16000=IFCFACEOUTERBOUND(#15999,.T.);
#16001=IFCFACE((#16000));
#16002=IFCPOLYLOOP((#14063,#14215,#14190));
#16003=IFCFACEOUTERBOUND(#16002,.T.);
#16004=IFCFACE((#16003));
#16005=IFCPOLYLOOP((#14159,#14063,#14214));
#16006=IFCFACEOUTERBOUND(#16005,.T.);
#16007=IFCFACE((#16006));
#16008=IFCPOLYLOOP((#14150,#14215,#14064));
#16009=IFCFACEOUTERBOUND(#16008,.T.);
#16010=IFCFACE((#16009));
#16011=IFCPOLYLOOP((#14061,#14217,#14165));
#16012=IFCFACEOUTERBOUND(#16011,.T.);
#16013=IFCFACE((#16012));
#16014=IFCPOLYLOOP((#14137,#14217,#14062));
#16015=IFCFACEOUTERBOUND(#16014,.T.);
#16016=IFCFACE((#16015));
#16017=IFCPOLYLOOP((#14062,#14217,#14218));
#16018=IFCFACEOUTERBOUND(#16017,.T.);
#16019=IFCFACE((#16018));
#16020=IFCPOLYLOOP((#14160,#14123,#14218));
#16021=IFCFACEOUTERBOUND(#16020,.T.);
#16022=IFCFACE((#16021));
#16023=IFCPOLYLOOP((#14159,#14219,#14122));
#16024=IFCFACEOUTERBOUND(#16023,.T.);
#16025=IFCFACE((#16024));
#16026=IFCPOLYLOOP((#14070,#14220,#14221,#14171));
#16027=IFCFACEOUTERBOUND(#16026,.T.);
#16028=IFCFACE((#16027));
#16029=IFCPOLYLOOP((#14143,#14221,#14069));
#16030=IFCFACEOUTERBOUND(#16029,.T.);
#16031=IFCFACE((#16030));
#16032=IFCPOLYLOOP((#14069,#14221,#14222));
#16033=IFCFACEOUTERBOUND(#16032,.T.);
#16034=IFCFACE((#16033));
#16035=IFCPOLYLOOP((#14166,#14139,#14222));
#16036=IFCFACEOUTERBOUND(#16035,.T.);
#16037=IFCFACE((#16036));
#16038=IFCPOLYLOOP((#14169,#14224,#14223));
#16039=IFCFACEOUTERBOUND(#16038,.T.);
#16040=IFCFACE((#16039));
#16041=IFCPOLYLOOP((#14169,#14228,#14141));
#16042=IFCFACEOUTERBOUND(#16041,.T.);
#16043=IFCFACE((#16042));
#16044=IFCPOLYLOOP((#14170,#14228,#14227));
#16045=IFCFACEOUTERBOUND(#16044,.T.);
#16046=IFCFACE((#16045));
#16047=IFCPOLYLOOP((#13998,#14229,#14052,#14094,#14082,#14078,#14138,#14079,#14164,#14062,#14218,#14123,#14214,#14063,#14190,#14113,#14188,#14057,#14207,#14120,#14209,#14088,#14168,#14089,#14220,#14070,#14171,#14106,#14173,#14071,#14180,#14109,#14177,#14055,#14225,#14141,#14226,#14090,#14185,#14110,#14182,#14074,#14198,#14117,#14199,#14075,#14195,#14114,#14192,#14056,#14203,#14119,#14204,#14085,#14162,#14086,#14131,#14066,#14105,#14067,#14098,#14080,#14093,#13965));
#16048=IFCFACEOUTERBOUND(#16047,.T.);
#16049=IFCFACE((#16048));
#16050=IFCPOLYLOOP((#13998,#14000,#14229));
#16051=IFCFACEOUTERBOUND(#16050,.T.);
#16052=IFCFACE((#16051));
#16053=IFCPOLYLOOP((#14000,#13998,#13952));
#16054=IFCFACEOUTERBOUND(#16053,.T.);
#16055=IFCFACE((#16054));
#16056=IFCPOLYLOOP((#13712,#13952,#13998));
#16057=IFCFACEOUTERBOUND(#16056,.T.);
#16058=IFCFACE((#16057));
#16059=IFCPOLYLOOP((#13998,#13950,#13712));
#16060=IFCFACEOUTERBOUND(#16059,.T.);
#16061=IFCFACE((#16060));
#16062=IFCPOLYLOOP((#13713,#13712,#13950));
#16063=IFCFACEOUTERBOUND(#16062,.T.);
#16064=IFCFACE((#16063));
#16065=IFCPOLYLOOP((#13950,#13949,#13713));
#16066=IFCFACEOUTERBOUND(#16065,.T.);
#16067=IFCFACE((#16066));
#16068=IFCPOLYLOOP((#14229,#13713,#13949));
#16069=IFCFACEOUTERBOUND(#16068,.T.);
#16070=IFCFACE((#16069));
#16071=IFCPOLYLOOP((#13713,#14229,#14000));
#16072=IFCFACEOUTERBOUND(#16071,.T.);
#16073=IFCFACE((#16072));
#16074=IFCPOLYLOOP((#13710,#13713,#14000,#13999));
#16075=IFCFACEOUTERBOUND(#16074,.T.);
#16076=IFCFACE((#16075));
#16077=IFCPOLYLOOP((#13951,#14002,#13999));
#16078=IFCFACEOUTERBOUND(#16077,.T.);
#16079=IFCFACE((#16078));
#16080=IFCPOLYLOOP((#14002,#13951,#13954));
#16081=IFCFACEOUTERBOUND(#16080,.T.);
#16082=IFCFACE((#16081));
#16083=IFCPOLYLOOP((#13716,#13954,#13951));
#16084=IFCFACEOUTERBOUND(#16083,.T.);
#16085=IFCFACE((#16084));
#16086=IFCPOLYLOOP((#13951,#13711,#13716));
#16087=IFCFACEOUTERBOUND(#16086,.T.);
#16088=IFCFACE((#16087));
#16089=IFCPOLYLOOP((#13717,#13716,#13711));
#16090=IFCFACEOUTERBOUND(#16089,.T.);
#16091=IFCFACE((#16090));
#16092=IFCPOLYLOOP((#13711,#13710,#13717));
#16093=IFCFACEOUTERBOUND(#16092,.T.);
#16094=IFCFACE((#16093));
#16095=IFCPOLYLOOP((#13999,#13717,#13710));
#16096=IFCFACEOUTERBOUND(#16095,.T.);
#16097=IFCFACE((#16096));
#16098=IFCPOLYLOOP((#13717,#13999,#14002));
#16099=IFCFACEOUTERBOUND(#16098,.T.);
#16100=IFCFACE((#16099));
#16101=IFCPOLYLOOP((#14002,#14001,#14232,#14230,#13714,#13717));
#16102=IFCFACEOUTERBOUND(#16101,.T.);
#16103=IFCFACE((#16102));
#16104=IFCPOLYLOOP((#14231,#14235,#14233,#14234));
#16105=IFCFACEOUTERBOUND(#16104,.T.);
#16106=IFCFACE((#16105));
#16107=IFCPOLYLOOP((#14236,#14004,#14234));
#16108=IFCFACEOUTERBOUND(#16107,.T.);
#16109=IFCFACE((#16108));
#16110=IFCPOLYLOOP((#14237,#13721,#13714));
#16111=IFCFACEOUTERBOUND(#16110,.T.);
#16112=IFCFACE((#16111));
#16113=IFCPOLYLOOP((#14237,#14230,#14233));
#16114=IFCFACEOUTERBOUND(#16113,.T.);
#16115=IFCFACE((#16114));
#16116=IFCPOLYLOOP((#14236,#14232,#14001));
#16117=IFCFACEOUTERBOUND(#16116,.T.);
#16118=IFCFACE((#16117));
#16119=IFCPOLYLOOP((#14230,#14232,#14233));
#16120=IFCFACEOUTERBOUND(#16119,.T.);
#16121=IFCFACE((#16120));
#16122=IFCPOLYLOOP((#14237,#14233,#14235));
#16123=IFCFACEOUTERBOUND(#16122,.T.);
#16124=IFCFACE((#16123));
#16125=IFCPOLYLOOP((#14233,#14236,#14234));
#16126=IFCFACEOUTERBOUND(#16125,.T.);
#16127=IFCFACE((#16126));
#16128=IFCPOLYLOOP((#14233,#14232,#14236));
#16129=IFCFACEOUTERBOUND(#16128,.T.);
#16130=IFCFACE((#16129));
#16131=IFCPOLYLOOP((#14004,#14003,#14234));
#16132=IFCFACEOUTERBOUND(#16131,.T.);
#16133=IFCFACE((#16132));
#16134=IFCPOLYLOOP((#14235,#13718,#13721));
#16135=IFCFACEOUTERBOUND(#16134,.T.);
#16136=IFCFACE((#16135));
#16137=IFCPOLYLOOP((#14004,#14236,#14001));
#16138=IFCFACEOUTERBOUND(#16137,.T.);
#16139=IFCFACE((#16138));
#16140=IFCPOLYLOOP((#14230,#14237,#13714));
#16141=IFCFACEOUTERBOUND(#16140,.T.);
#16142=IFCFACE((#16141));
#16143=IFCPOLYLOOP((#13721,#14237,#14235));
#16144=IFCFACEOUTERBOUND(#16143,.T.);
#16145=IFCFACE((#16144));
#16146=IFCPOLYLOOP((#13955,#13967,#14095));
#16147=IFCFACEOUTERBOUND(#16146,.T.);
#16148=IFCFACE((#16147));
#16149=IFCPOLYLOOP((#13967,#13955,#13962));
#16150=IFCFACEOUTERBOUND(#16149,.T.);
#16151=IFCFACE((#16150));
#16152=IFCPOLYLOOP((#14054,#13718,#14235));
#16153=IFCFACEOUTERBOUND(#16152,.T.);
#16154=IFCFACE((#16153));
#16155=IFCPOLYLOOP((#14054,#14003,#14024));
#16156=IFCFACEOUTERBOUND(#16155,.T.);
#16157=IFCFACE((#16156));
#16158=IFCPOLYLOOP((#13719,#13773,#13815));
#16159=IFCFACEOUTERBOUND(#16158,.T.);
#16160=IFCFACE((#16159));
#16161=IFCPOLYLOOP((#13719,#13772,#13983));
#16162=IFCFACEOUTERBOUND(#16161,.T.);
#16163=IFCFACE((#16162));
#16164=IFCPOLYLOOP((#13718,#14054,#14253));
#16165=IFCFACEOUTERBOUND(#16164,.T.);
#16166=IFCFACE((#16165));
#16167=IFCPOLYLOOP((#13773,#13719,#13741));
#16168=IFCFACEOUTERBOUND(#16167,.T.);
#16169=IFCFACE((#16168));
#16170=IFCPOLYLOOP((#13955,#14095,#14081));
#16171=IFCFACEOUTERBOUND(#16170,.T.);
#16172=IFCFACE((#16171));
#16173=IFCPOLYLOOP((#13955,#14081,#14097));
#16174=IFCFACEOUTERBOUND(#16173,.T.);
#16175=IFCFACE((#16174));
#16176=IFCPOLYLOOP((#13955,#14097,#14068));
#16177=IFCFACEOUTERBOUND(#16176,.T.);
#16178=IFCFACE((#16177));
#16179=IFCPOLYLOOP((#13955,#14068,#14125));
#16180=IFCFACEOUTERBOUND(#16179,.T.);
#16181=IFCFACE((#16180));
#16182=IFCPOLYLOOP((#13955,#14125,#14103));
#16183=IFCFACEOUTERBOUND(#16182,.T.);
#16184=IFCFACE((#16183));
#16185=IFCPOLYLOOP((#13955,#14103,#14161));
#16186=IFCFACEOUTERBOUND(#16185,.T.);
#16187=IFCFACE((#16186));
#16188=IFCPOLYLOOP((#13955,#14161,#14065));
#16189=IFCFACEOUTERBOUND(#16188,.T.);
#16190=IFCFACE((#16189));
#16191=IFCPOLYLOOP((#13955,#14065,#14128));
#16192=IFCFACEOUTERBOUND(#16191,.T.);
#16193=IFCFACE((#16192));
#16194=IFCPOLYLOOP((#13955,#14128,#14127));
#16195=IFCFACEOUTERBOUND(#16194,.T.);
#16196=IFCFACE((#16195));
#16197=IFCPOLYLOOP((#13955,#14127,#14163));
#16198=IFCFACEOUTERBOUND(#16197,.T.);
#16199=IFCFACE((#16198));
#16200=IFCPOLYLOOP((#13955,#14163,#14084));
#16201=IFCFACEOUTERBOUND(#16200,.T.);
#16202=IFCFACE((#16201));
#16203=IFCPOLYLOOP((#13955,#14084,#14205));
#16204=IFCFACEOUTERBOUND(#16203,.T.);
#16205=IFCFACE((#16204));
#16206=IFCPOLYLOOP((#13955,#14205,#14118));
#16207=IFCFACEOUTERBOUND(#16206,.T.);
#16208=IFCFACE((#16207));
#16209=IFCPOLYLOOP((#13955,#14118,#14202));
#16210=IFCFACEOUTERBOUND(#16209,.T.);
#16211=IFCFACE((#16210));
#16212=IFCPOLYLOOP((#13955,#14202,#14059));
#16213=IFCFACEOUTERBOUND(#16212,.T.);
#16214=IFCFACE((#16213));
#16215=IFCPOLYLOOP((#13955,#14059,#14193));
#16216=IFCFACEOUTERBOUND(#16215,.T.);
#16217=IFCFACE((#16216));
#16218=IFCPOLYLOOP((#13955,#14193,#14115));
#16219=IFCFACEOUTERBOUND(#16218,.T.);
#16220=IFCFACE((#16219));
#16221=IFCPOLYLOOP((#13955,#14115,#14194));
#16222=IFCFACEOUTERBOUND(#16221,.T.);
#16223=IFCFACE((#16222));
#16224=IFCPOLYLOOP((#13955,#14194,#14076));
#16225=IFCFACEOUTERBOUND(#16224,.T.);
#16226=IFCFACE((#16225));
#16227=IFCPOLYLOOP((#13955,#14076,#14200));
#16228=IFCFACEOUTERBOUND(#16227,.T.);
#16229=IFCFACE((#16228));
#16230=IFCPOLYLOOP((#13955,#14200,#14116));
#16231=IFCFACEOUTERBOUND(#16230,.T.);
#16232=IFCFACE((#16231));
#16233=IFCPOLYLOOP((#13955,#14116,#14197));
#16234=IFCFACEOUTERBOUND(#16233,.T.);
#16235=IFCFACE((#16234));
#16236=IFCPOLYLOOP((#13955,#14197,#14073));
#16237=IFCFACEOUTERBOUND(#16236,.T.);
#16238=IFCFACE((#16237));
#16239=IFCPOLYLOOP((#13955,#14073,#14183));
#16240=IFCFACEOUTERBOUND(#16239,.T.);
#16241=IFCFACE((#16240));
#16242=IFCPOLYLOOP((#13955,#14183,#14111));
#16243=IFCFACEOUTERBOUND(#16242,.T.);
#16244=IFCFACE((#16243));
#16245=IFCPOLYLOOP((#13955,#14111,#14184));
#16246=IFCFACEOUTERBOUND(#16245,.T.);
#16247=IFCFACE((#16246));
#16248=IFCPOLYLOOP((#13955,#14184,#14091));
#16249=IFCFACEOUTERBOUND(#16248,.T.);
#16250=IFCFACE((#16249));
#16251=IFCPOLYLOOP((#13955,#14091,#14227));
#16252=IFCFACEOUTERBOUND(#16251,.T.);
#16253=IFCFACE((#16252));
#16254=IFCPOLYLOOP((#13955,#14227,#14092));
#16255=IFCFACEOUTERBOUND(#16254,.T.);
#16256=IFCFACE((#16255));
#16257=IFCPOLYLOOP((#13955,#14092,#14223));
#16258=IFCFACEOUTERBOUND(#16257,.T.);
#16259=IFCFACE((#16258));
#16260=IFCPOLYLOOP((#13955,#14223,#14058));
#16261=IFCFACEOUTERBOUND(#16260,.T.);
#16262=IFCFACE((#16261));
#16263=IFCPOLYLOOP((#13955,#14058,#14176));
#16264=IFCFACEOUTERBOUND(#16263,.T.);
#16265=IFCFACE((#16264));
#16266=IFCPOLYLOOP((#13955,#14176,#14108));
#16267=IFCFACEOUTERBOUND(#16266,.T.);
#16268=IFCFACE((#16267));
#16269=IFCPOLYLOOP((#13955,#14108,#14178));
#16270=IFCFACEOUTERBOUND(#16269,.T.);
#16271=IFCFACE((#16270));
#16272=IFCPOLYLOOP((#13955,#14178,#14072));
#16273=IFCFACEOUTERBOUND(#16272,.T.);
#16274=IFCFACE((#16273));
#16275=IFCPOLYLOOP((#13955,#14072,#14174));
#16276=IFCFACEOUTERBOUND(#16275,.T.);
#16277=IFCFACE((#16276));
#16278=IFCPOLYLOOP((#13955,#14174,#14107));
#16279=IFCFACEOUTERBOUND(#16278,.T.);
#16280=IFCFACE((#16279));
#16281=IFCPOLYLOOP((#13955,#14107,#14172));
#16282=IFCFACEOUTERBOUND(#16281,.T.);
#16283=IFCFACE((#16282));
#16284=IFCPOLYLOOP((#13955,#14172,#14069));
#16285=IFCFACEOUTERBOUND(#16284,.T.);
#16286=IFCFACE((#16285));
#16287=IFCPOLYLOOP((#13955,#14069,#14222));
#16288=IFCFACEOUTERBOUND(#16287,.T.);
#16289=IFCFACE((#16288));
#16290=IFCPOLYLOOP((#13955,#14222,#14139));
#16291=IFCFACEOUTERBOUND(#16290,.T.);
#16292=IFCFACE((#16291));
#16293=IFCPOLYLOOP((#13955,#14139,#14167));
#16294=IFCFACEOUTERBOUND(#16293,.T.);
#16295=IFCFACE((#16294));
#16296=IFCPOLYLOOP((#13955,#14167,#14087));
#16297=IFCFACEOUTERBOUND(#16296,.T.);
#16298=IFCFACE((#16297));
#16299=IFCPOLYLOOP((#13955,#14087,#14211));
#16300=IFCFACEOUTERBOUND(#16299,.T.);
#16301=IFCFACE((#16300));
#16302=IFCPOLYLOOP((#13955,#14211,#14121));
#16303=IFCFACEOUTERBOUND(#16302,.T.);
#16304=IFCFACE((#16303));
#16305=IFCPOLYLOOP((#13955,#14121,#14208));
#16306=IFCFACEOUTERBOUND(#16305,.T.);
#16307=IFCFACE((#16306));
#16308=IFCPOLYLOOP((#13955,#14208,#14060));
#16309=IFCFACEOUTERBOUND(#16308,.T.);
#16310=IFCFACE((#16309));
#16311=IFCPOLYLOOP((#13955,#14060,#14187));
#16312=IFCFACEOUTERBOUND(#16311,.T.);
#16313=IFCFACE((#16312));
#16314=IFCPOLYLOOP((#13955,#14187,#14112));
#16315=IFCFACEOUTERBOUND(#16314,.T.);
#16316=IFCFACE((#16315));
#16317=IFCPOLYLOOP((#13955,#14112,#14189));
#16318=IFCFACEOUTERBOUND(#16317,.T.);
#16319=IFCFACE((#16318));
#16320=IFCPOLYLOOP((#13955,#14189,#14064));
#16321=IFCFACEOUTERBOUND(#16320,.T.);
#16322=IFCFACE((#16321));
#16323=IFCPOLYLOOP((#13955,#14064,#14213));
#16324=IFCFACEOUTERBOUND(#16323,.T.);
#16325=IFCFACE((#16324));
#16326=IFCPOLYLOOP((#13955,#14213,#14122));
#16327=IFCFACEOUTERBOUND(#16326,.T.);
#16328=IFCFACE((#16327));
#16329=IFCPOLYLOOP((#13955,#14122,#14216));
#16330=IFCFACEOUTERBOUND(#16329,.T.);
#16331=IFCFACE((#16330));
#16332=IFCPOLYLOOP((#13955,#14216,#14061));
#16333=IFCFACEOUTERBOUND(#16332,.T.);
#16334=IFCFACE((#16333));
#16335=IFCPOLYLOOP((#13955,#14061,#14165));
#16336=IFCFACEOUTERBOUND(#16335,.T.);
#16337=IFCFACE((#16336));
#16338=IFCPOLYLOOP((#13955,#14165,#14134));
#16339=IFCFACEOUTERBOUND(#16338,.T.);
#16340=IFCFACE((#16339));
#16341=IFCPOLYLOOP((#13955,#14134,#14135));
#16342=IFCFACEOUTERBOUND(#16341,.T.);
#16343=IFCFACE((#16342));
#16344=IFCPOLYLOOP((#13955,#14135,#14077));
#16345=IFCFACEOUTERBOUND(#16344,.T.);
#16346=IFCFACE((#16345));
#16347=IFCPOLYLOOP((#13955,#14077,#14142));
#16348=IFCFACEOUTERBOUND(#16347,.T.);
#16349=IFCFACE((#16348));
#16350=IFCPOLYLOOP((#13955,#14142,#14083));
#16351=IFCFACEOUTERBOUND(#16350,.T.);
#16352=IFCFACE((#16351));
#16353=IFCPOLYLOOP((#13955,#14083,#14100));
#16354=IFCFACEOUTERBOUND(#16353,.T.);
#16355=IFCFACE((#16354));
#16356=IFCPOLYLOOP((#13955,#14100,#14054));
#16357=IFCFACEOUTERBOUND(#16356,.T.);
#16358=IFCFACE((#16357));
#16359=IFCPOLYLOOP((#13967,#13962,#13958));
#16360=IFCFACEOUTERBOUND(#16359,.T.);
#16361=IFCFACE((#16360));
#16362=IFCPOLYLOOP((#13967,#13958,#13961));
#16363=IFCFACEOUTERBOUND(#16362,.T.);
#16364=IFCFACE((#16363));
#16365=IFCPOLYLOOP((#13967,#13961,#13719));
#16366=IFCFACEOUTERBOUND(#16365,.T.);
#16367=IFCFACE((#16366));
#16368=IFCPOLYLOOP((#14054,#14235,#14231));
#16369=IFCFACEOUTERBOUND(#16368,.T.);
#16370=IFCFACE((#16369));
#16371=IFCPOLYLOOP((#14054,#14231,#14234));
#16372=IFCFACEOUTERBOUND(#16371,.T.);
#16373=IFCFACE((#16372));
#16374=IFCPOLYLOOP((#14054,#14234,#14003));
#16375=IFCFACEOUTERBOUND(#16374,.T.);
#16376=IFCFACE((#16375));
#16377=IFCPOLYLOOP((#14054,#14024,#14011));
#16378=IFCFACEOUTERBOUND(#16377,.T.);
#16379=IFCFACE((#16378));
#16380=IFCPOLYLOOP((#14054,#14011,#14034));
#16381=IFCFACEOUTERBOUND(#16380,.T.);
#16382=IFCFACE((#16381));
#16383=IFCPOLYLOOP((#14054,#14034,#14007));
#16384=IFCFACEOUTERBOUND(#16383,.T.);
#16385=IFCFACE((#16384));
#16386=IFCPOLYLOOP((#14054,#14007,#14027));
#16387=IFCFACEOUTERBOUND(#16386,.T.);
#16388=IFCFACE((#16387));
#16389=IFCPOLYLOOP((#14054,#14027,#14021));
#16390=IFCFACEOUTERBOUND(#16389,.T.);
#16391=IFCFACE((#16390));
#16392=IFCPOLYLOOP((#14054,#14021,#14032));
#16393=IFCFACEOUTERBOUND(#16392,.T.);
#16394=IFCFACE((#16393));
#16395=IFCPOLYLOOP((#14054,#14032,#14005));
#16396=IFCFACEOUTERBOUND(#16395,.T.);
#16397=IFCFACE((#16396));
#16398=IFCPOLYLOOP((#14054,#14005,#14044));
#16399=IFCFACEOUTERBOUND(#16398,.T.);
#16400=IFCFACE((#16399));
#16401=IFCPOLYLOOP((#14054,#14044,#14019));
#16402=IFCFACEOUTERBOUND(#16401,.T.);
#16403=IFCFACE((#16402));
#16404=IFCPOLYLOOP((#14054,#14019,#14020));
#16405=IFCFACEOUTERBOUND(#16404,.T.);
#16406=IFCFACE((#16405));
#16407=IFCPOLYLOOP((#14054,#14020,#14006));
#16408=IFCFACEOUTERBOUND(#16407,.T.);
#16409=IFCFACE((#16408));
#16410=IFCPOLYLOOP((#14054,#14006,#14026));
#16411=IFCFACEOUTERBOUND(#16410,.T.);
#16412=IFCFACE((#16411));
#16413=IFCPOLYLOOP((#14054,#14026,#14014));
#16414=IFCFACEOUTERBOUND(#16413,.T.);
#16415=IFCFACE((#16414));
#16416=IFCPOLYLOOP((#14054,#14014,#14017));
#16417=IFCFACEOUTERBOUND(#16416,.T.);
#16418=IFCFACE((#16417));
#16419=IFCPOLYLOOP((#14054,#14017,#13955));
#16420=IFCFACEOUTERBOUND(#16419,.T.);
#16421=IFCFACE((#16420));
#16422=IFCPOLYLOOP((#13719,#13815,#13801));
#16423=IFCFACEOUTERBOUND(#16422,.T.);
#16424=IFCFACE((#16423));
#16425=IFCPOLYLOOP((#13719,#13801,#13817));
#16426=IFCFACEOUTERBOUND(#16425,.T.);
#16427=IFCFACE((#16426));
#16428=IFCPOLYLOOP((#13719,#13817,#13788));
#16429=IFCFACEOUTERBOUND(#16428,.T.);
#16430=IFCFACE((#16429));
#16431=IFCPOLYLOOP((#13719,#13788,#13845));
#16432=IFCFACEOUTERBOUND(#16431,.T.);
#16433=IFCFACE((#16432));
#16434=IFCPOLYLOOP((#13719,#13845,#13823));
#16435=IFCFACEOUTERBOUND(#16434,.T.);
#16436=IFCFACE((#16435));
#16437=IFCPOLYLOOP((#13719,#13823,#13881));
#16438=IFCFACEOUTERBOUND(#16437,.T.);
#16439=IFCFACE((#16438));
#16440=IFCPOLYLOOP((#13719,#13881,#13785));
#16441=IFCFACEOUTERBOUND(#16440,.T.);
#16442=IFCFACE((#16441));
#16443=IFCPOLYLOOP((#13719,#13785,#13848));
#16444=IFCFACEOUTERBOUND(#16443,.T.);
#16445=IFCFACE((#16444));
#16446=IFCPOLYLOOP((#13719,#13848,#13847));
#16447=IFCFACEOUTERBOUND(#16446,.T.);
#16448=IFCFACE((#16447));
#16449=IFCPOLYLOOP((#13719,#13847,#13883));
#16450=IFCFACEOUTERBOUND(#16449,.T.);
#16451=IFCFACE((#16450));
#16452=IFCPOLYLOOP((#13719,#13883,#13804));
#16453=IFCFACEOUTERBOUND(#16452,.T.);
#16454=IFCFACE((#16453));
#16455=IFCPOLYLOOP((#13719,#13804,#13925));
#16456=IFCFACEOUTERBOUND(#16455,.T.);
#16457=IFCFACE((#16456));
#16458=IFCPOLYLOOP((#13719,#13925,#13838));
#16459=IFCFACEOUTERBOUND(#16458,.T.);
#16460=IFCFACE((#16459));
#16461=IFCPOLYLOOP((#13719,#13838,#13922));
#16462=IFCFACEOUTERBOUND(#16461,.T.);
#16463=IFCFACE((#16462));
#16464=IFCPOLYLOOP((#13719,#13922,#13779));
#16465=IFCFACEOUTERBOUND(#16464,.T.);
#16466=IFCFACE((#16465));
#16467=IFCPOLYLOOP((#13719,#13779,#13913));
#16468=IFCFACEOUTERBOUND(#16467,.T.);
#16469=IFCFACE((#16468));
#16470=IFCPOLYLOOP((#13719,#13913,#13835));
#16471=IFCFACEOUTERBOUND(#16470,.T.);
#16472=IFCFACE((#16471));
#16473=IFCPOLYLOOP((#13719,#13835,#13914));
#16474=IFCFACEOUTERBOUND(#16473,.T.);
#16475=IFCFACE((#16474));
#16476=IFCPOLYLOOP((#13719,#13914,#13796));
#16477=IFCFACEOUTERBOUND(#16476,.T.);
#16478=IFCFACE((#16477));
#16479=IFCPOLYLOOP((#13719,#13796,#13920));
#16480=IFCFACEOUTERBOUND(#16479,.T.);
#16481=IFCFACE((#16480));
#16482=IFCPOLYLOOP((#13719,#13920,#13836));
#16483=IFCFACEOUTERBOUND(#16482,.T.);
#16484=IFCFACE((#16483));
#16485=IFCPOLYLOOP((#13719,#13836,#13917));
#16486=IFCFACEOUTERBOUND(#16485,.T.);
#16487=IFCFACE((#16486));
#16488=IFCPOLYLOOP((#13719,#13917,#13793));
#16489=IFCFACEOUTERBOUND(#16488,.T.);
#16490=IFCFACE((#16489));
#16491=IFCPOLYLOOP((#13719,#13793,#13903));
#16492=IFCFACEOUTERBOUND(#16491,.T.);
#16493=IFCFACE((#16492));
#16494=IFCPOLYLOOP((#13719,#13903,#13831));
#16495=IFCFACEOUTERBOUND(#16494,.T.);
#16496=IFCFACE((#16495));
#16497=IFCPOLYLOOP((#13719,#13831,#13904));
#16498=IFCFACEOUTERBOUND(#16497,.T.);
#16499=IFCFACE((#16498));
#16500=IFCPOLYLOOP((#13719,#13904,#13811));
#16501=IFCFACEOUTERBOUND(#16500,.T.);
#16502=IFCFACE((#16501));
#16503=IFCPOLYLOOP((#13719,#13811,#13947));
#16504=IFCFACEOUTERBOUND(#16503,.T.);
#16505=IFCFACE((#16504));
#16506=IFCPOLYLOOP((#13719,#13947,#13812));
#16507=IFCFACEOUTERBOUND(#16506,.T.);
#16508=IFCFACE((#16507));
#16509=IFCPOLYLOOP((#13719,#13812,#13943));
#16510=IFCFACEOUTERBOUND(#16509,.T.);
#16511=IFCFACE((#16510));
#16512=IFCPOLYLOOP((#13719,#13943,#13778));
#16513=IFCFACEOUTERBOUND(#16512,.T.);
#16514=IFCFACE((#16513));
#16515=IFCPOLYLOOP((#13719,#13778,#13896));
#16516=IFCFACEOUTERBOUND(#16515,.T.);
#16517=IFCFACE((#16516));
#16518=IFCPOLYLOOP((#13719,#13896,#13828));
#16519=IFCFACEOUTERBOUND(#16518,.T.);
#16520=IFCFACE((#16519));
#16521=IFCPOLYLOOP((#13719,#13828,#13898));
#16522=IFCFACEOUTERBOUND(#16521,.T.);
#16523=IFCFACE((#16522));
#16524=IFCPOLYLOOP((#13719,#13898,#13792));
#16525=IFCFACEOUTERBOUND(#16524,.T.);
#16526=IFCFACE((#16525));
#16527=IFCPOLYLOOP((#13719,#13792,#13894));
#16528=IFCFACEOUTERBOUND(#16527,.T.);
#16529=IFCFACE((#16528));
#16530=IFCPOLYLOOP((#13719,#13894,#13827));
#16531=IFCFACEOUTERBOUND(#16530,.T.);
#16532=IFCFACE((#16531));
#16533=IFCPOLYLOOP((#13719,#13827,#13892));
#16534=IFCFACEOUTERBOUND(#16533,.T.);
#16535=IFCFACE((#16534));
#16536=IFCPOLYLOOP((#13719,#13892,#13789));
#16537=IFCFACEOUTERBOUND(#16536,.T.);
#16538=IFCFACE((#16537));
#16539=IFCPOLYLOOP((#13719,#13789,#13942));
#16540=IFCFACEOUTERBOUND(#16539,.T.);
#16541=IFCFACE((#16540));
#16542=IFCPOLYLOOP((#13719,#13942,#13859));
#16543=IFCFACEOUTERBOUND(#16542,.T.);
#16544=IFCFACE((#16543));
#16545=IFCPOLYLOOP((#13719,#13859,#13887));
#16546=IFCFACEOUTERBOUND(#16545,.T.);
#16547=IFCFACE((#16546));
#16548=IFCPOLYLOOP((#13719,#13887,#13807));
#16549=IFCFACEOUTERBOUND(#16548,.T.);
#16550=IFCFACE((#16549));
#16551=IFCPOLYLOOP((#13719,#13807,#13931));
#16552=IFCFACEOUTERBOUND(#16551,.T.);
#16553=IFCFACE((#16552));
#16554=IFCPOLYLOOP((#13719,#13931,#13841));
#16555=IFCFACEOUTERBOUND(#16554,.T.);
#16556=IFCFACE((#16555));
#16557=IFCPOLYLOOP((#13719,#13841,#13928));
#16558=IFCFACEOUTERBOUND(#16557,.T.);
#16559=IFCFACE((#16558));
#16560=IFCPOLYLOOP((#13719,#13928,#13780));
#16561=IFCFACEOUTERBOUND(#16560,.T.);
#16562=IFCFACE((#16561));
#16563=IFCPOLYLOOP((#13719,#13780,#13907));
#16564=IFCFACEOUTERBOUND(#16563,.T.);
#16565=IFCFACE((#16564));
#16566=IFCPOLYLOOP((#13719,#13907,#13832));
#16567=IFCFACEOUTERBOUND(#16566,.T.);
#16568=IFCFACE((#16567));
#16569=IFCPOLYLOOP((#13719,#13832,#13909));
#16570=IFCFACEOUTERBOUND(#16569,.T.);
#16571=IFCFACE((#16570));
#16572=IFCPOLYLOOP((#13719,#13909,#13784));
#16573=IFCFACEOUTERBOUND(#16572,.T.);
#16574=IFCFACE((#16573));
#16575=IFCPOLYLOOP((#13719,#13784,#13933));
#16576=IFCFACEOUTERBOUND(#16575,.T.);
#16577=IFCFACE((#16576));
#16578=IFCPOLYLOOP((#13719,#13933,#13842));
#16579=IFCFACEOUTERBOUND(#16578,.T.);
#16580=IFCFACE((#16579));
#16581=IFCPOLYLOOP((#13719,#13842,#13936));
#16582=IFCFACEOUTERBOUND(#16581,.T.);
#16583=IFCFACE((#16582));
#16584=IFCPOLYLOOP((#13719,#13936,#13781));
#16585=IFCFACEOUTERBOUND(#16584,.T.);
#16586=IFCFACE((#16585));
#16587=IFCPOLYLOOP((#13719,#13781,#13885));
#16588=IFCFACEOUTERBOUND(#16587,.T.);
#16589=IFCFACE((#16588));
#16590=IFCPOLYLOOP((#13719,#13885,#13854));
#16591=IFCFACEOUTERBOUND(#16590,.T.);
#16592=IFCFACE((#16591));
#16593=IFCPOLYLOOP((#13719,#13854,#13855));
#16594=IFCFACEOUTERBOUND(#16593,.T.);
#16595=IFCFACE((#16594));
#16596=IFCPOLYLOOP((#13719,#13855,#13797));
#16597=IFCFACEOUTERBOUND(#16596,.T.);
#16598=IFCFACE((#16597));
#16599=IFCPOLYLOOP((#13719,#13797,#13862));
#16600=IFCFACEOUTERBOUND(#16599,.T.);
#16601=IFCFACE((#16600));
#16602=IFCPOLYLOOP((#13719,#13862,#13803));
#16603=IFCFACEOUTERBOUND(#16602,.T.);
#16604=IFCFACE((#16603));
#16605=IFCPOLYLOOP((#13719,#13803,#13820));
#16606=IFCFACEOUTERBOUND(#16605,.T.);
#16607=IFCFACE((#16606));
#16608=IFCPOLYLOOP((#13719,#13820,#13772));
#16609=IFCFACEOUTERBOUND(#16608,.T.);
#16610=IFCFACE((#16609));
#16611=IFCPOLYLOOP((#13719,#13983,#13976));
#16612=IFCFACEOUTERBOUND(#16611,.T.);
#16613=IFCFACE((#16612));
#16614=IFCPOLYLOOP((#13719,#13976,#13977));
#16615=IFCFACEOUTERBOUND(#16614,.T.);
#16616=IFCFACE((#16615));
#16617=IFCPOLYLOOP((#13719,#13977,#13972));
#16618=IFCFACEOUTERBOUND(#16617,.T.);
#16619=IFCFACE((#16618));
#16620=IFCPOLYLOOP((#13719,#13972,#13996));
#16621=IFCFACEOUTERBOUND(#16620,.T.);
#16622=IFCFACE((#16621));
#16623=IFCPOLYLOOP((#13719,#13996,#13973));
#16624=IFCFACEOUTERBOUND(#16623,.T.);
#16625=IFCFACE((#16624));
#16626=IFCPOLYLOOP((#13719,#13973,#13987));
#16627=IFCFACEOUTERBOUND(#16626,.T.);
#16628=IFCFACE((#16627));
#16629=IFCPOLYLOOP((#13719,#13987,#13968));
#16630=IFCFACEOUTERBOUND(#16629,.T.);
#16631=IFCFACE((#16630));
#16632=IFCPOLYLOOP((#13719,#13968,#13992));
#16633=IFCFACEOUTERBOUND(#16632,.T.);
#16634=IFCFACE((#16633));
#16635=IFCPOLYLOOP((#13719,#13992,#13974));
#16636=IFCFACEOUTERBOUND(#16635,.T.);
#16637=IFCFACE((#16636));
#16638=IFCPOLYLOOP((#13719,#13974,#13979));
#16639=IFCFACEOUTERBOUND(#16638,.T.);
#16640=IFCFACE((#16639));
#16641=IFCPOLYLOOP((#13719,#13979,#13967));
#16642=IFCFACEOUTERBOUND(#16641,.T.);
#16643=IFCFACE((#16642));
#16644=IFCPOLYLOOP((#13718,#14253,#14246));
#16645=IFCFACEOUTERBOUND(#16644,.T.);
#16646=IFCFACE((#16645));
#16647=IFCPOLYLOOP((#13718,#14246,#14247));
#16648=IFCFACEOUTERBOUND(#16647,.T.);
#16649=IFCFACE((#16648));
#16650=IFCPOLYLOOP((#13718,#14247,#14242));
#16651=IFCFACEOUTERBOUND(#16650,.T.);
#16652=IFCFACE((#16651));
#16653=IFCPOLYLOOP((#13718,#14242,#14266));
#16654=IFCFACEOUTERBOUND(#16653,.T.);
#16655=IFCFACE((#16654));
#16656=IFCPOLYLOOP((#13718,#14266,#14243));
#16657=IFCFACEOUTERBOUND(#16656,.T.);
#16658=IFCFACE((#16657));
#16659=IFCPOLYLOOP((#13718,#14243,#14257));
#16660=IFCFACEOUTERBOUND(#16659,.T.);
#16661=IFCFACE((#16660));
#16662=IFCPOLYLOOP((#13718,#14257,#14238));
#16663=IFCFACEOUTERBOUND(#16662,.T.);
#16664=IFCFACE((#16663));
#16665=IFCPOLYLOOP((#13718,#14238,#14262));
#16666=IFCFACEOUTERBOUND(#16665,.T.);
#16667=IFCFACE((#16666));
#16668=IFCPOLYLOOP((#13718,#14262,#14244));
#16669=IFCFACEOUTERBOUND(#16668,.T.);
#16670=IFCFACE((#16669));
#16671=IFCPOLYLOOP((#13718,#14244,#14249));
#16672=IFCFACEOUTERBOUND(#16671,.T.);
#16673=IFCFACE((#16672));
#16674=IFCPOLYLOOP((#13718,#14249,#13773));
#16675=IFCFACEOUTERBOUND(#16674,.T.);
#16676=IFCFACE((#16675));
#16677=IFCPOLYLOOP((#13773,#13741,#13728));
#16678=IFCFACEOUTERBOUND(#16677,.T.);
#16679=IFCFACE((#16678));
#16680=IFCPOLYLOOP((#13773,#13728,#13751));
#16681=IFCFACEOUTERBOUND(#16680,.T.);
#16682=IFCFACE((#16681));
#16683=IFCPOLYLOOP((#13773,#13751,#13724));
#16684=IFCFACEOUTERBOUND(#16683,.T.);
#16685=IFCFACE((#16684));
#16686=IFCPOLYLOOP((#13773,#13724,#13744));
#16687=IFCFACEOUTERBOUND(#16686,.T.);
#16688=IFCFACE((#16687));
#16689=IFCPOLYLOOP((#13773,#13744,#13738));
#16690=IFCFACEOUTERBOUND(#16689,.T.);
#16691=IFCFACE((#16690));
#16692=IFCPOLYLOOP((#13773,#13738,#13749));
#16693=IFCFACEOUTERBOUND(#16692,.T.);
#16694=IFCFACE((#16693));
#16695=IFCPOLYLOOP((#13773,#13749,#13722));
#16696=IFCFACEOUTERBOUND(#16695,.T.);
#16697=IFCFACE((#16696));
#16698=IFCPOLYLOOP((#13773,#13722,#13761));
#16699=IFCFACEOUTERBOUND(#16698,.T.);
#16700=IFCFACE((#16699));
#16701=IFCPOLYLOOP((#13773,#13761,#13736));
#16702=IFCFACEOUTERBOUND(#16701,.T.);
#16703=IFCFACE((#16702));
#16704=IFCPOLYLOOP((#13773,#13736,#13737));
#16705=IFCFACEOUTERBOUND(#16704,.T.);
#16706=IFCFACE((#16705));
#16707=IFCPOLYLOOP((#13773,#13737,#13723));
#16708=IFCFACEOUTERBOUND(#16707,.T.);
#16709=IFCFACE((#16708));
#16710=IFCPOLYLOOP((#13773,#13723,#13743));
#16711=IFCFACEOUTERBOUND(#16710,.T.);
#16712=IFCFACE((#16711));
#16713=IFCPOLYLOOP((#13773,#13743,#13731));
#16714=IFCFACEOUTERBOUND(#16713,.T.);
#16715=IFCFACE((#16714));
#16716=IFCPOLYLOOP((#13773,#13731,#13734));
#16717=IFCFACEOUTERBOUND(#16716,.T.);
#16718=IFCFACE((#16717));
#16719=IFCPOLYLOOP((#13773,#13734,#13718));
#16720=IFCFACEOUTERBOUND(#16719,.T.);
#16721=IFCFACE((#16720));
#16722=IFCPOLYLOOP((#14254,#14250,#14245));
#16723=IFCFACEOUTERBOUND(#16722,.T.);
#16724=IFCFACE((#16723));
#16725=IFCPOLYLOOP((#14261,#14265,#14266));
#16726=IFCFACEOUTERBOUND(#16725,.T.);
#16727=IFCFACE((#16726));
#16728=IFCPOLYLOOP((#14248,#14267,#14255));
#16729=IFCFACEOUTERBOUND(#16728,.T.);
#16730=IFCFACE((#16729));
#16731=IFCPOLYLOOP((#14259,#14240,#14261));
#16732=IFCFACEOUTERBOUND(#16731,.T.);
#16733=IFCFACE((#16732));
#16734=IFCPOLYLOOP((#14248,#14255,#14241));
#16735=IFCFACEOUTERBOUND(#16734,.T.);
#16736=IFCFACE((#16735));
#16737=IFCPOLYLOOP((#14255,#14262,#14258));
#16738=IFCFACEOUTERBOUND(#16737,.T.);
#16739=IFCFACE((#16738));
#16740=IFCPOLYLOOP((#14267,#14252,#13774));
#16741=IFCFACEOUTERBOUND(#16740,.T.);
#16742=IFCFACE((#16741));
#16743=IFCPOLYLOOP((#14240,#14259,#14251));
#16744=IFCFACEOUTERBOUND(#16743,.T.);
#16745=IFCFACE((#16744));
#16746=IFCPOLYLOOP((#14247,#14259,#14242));
#16747=IFCFACEOUTERBOUND(#16746,.T.);
#16748=IFCFACE((#16747));
#16749=IFCPOLYLOOP((#14260,#14265,#14239));
#16750=IFCFACEOUTERBOUND(#16749,.T.);
#16751=IFCFACE((#16750));
#16752=IFCPOLYLOOP((#14241,#14255,#14258));
#16753=IFCFACEOUTERBOUND(#16752,.T.);
#16754=IFCFACE((#16753));
#16755=IFCPOLYLOOP((#14263,#14254,#14245));
#16756=IFCFACEOUTERBOUND(#16755,.T.);
#16757=IFCFACE((#16756));
#16758=IFCPOLYLOOP((#14263,#14247,#14246));
#16759=IFCFACEOUTERBOUND(#16758,.T.);
#16760=IFCFACE((#16759));
#16761=IFCPOLYLOOP((#14263,#14259,#14247));
#16762=IFCFACEOUTERBOUND(#16761,.T.);
#16763=IFCFACE((#16762));
#16764=IFCPOLYLOOP((#14267,#13774,#13773));
#16765=IFCFACEOUTERBOUND(#16764,.T.);
#16766=IFCFACE((#16765));
#16767=IFCPOLYLOOP((#14253,#14054,#14053));
#16768=IFCFACEOUTERBOUND(#16767,.T.);
#16769=IFCFACE((#16768));
#16770=IFCPOLYLOOP((#14253,#14254,#14246));
#16771=IFCFACEOUTERBOUND(#16770,.T.);
#16772=IFCFACE((#16771));
#16773=IFCPOLYLOOP((#14053,#14052,#14250));
#16774=IFCFACEOUTERBOUND(#16773,.T.);
#16775=IFCFACE((#16774));
#16776=IFCPOLYLOOP((#14252,#13769,#13774));
#16777=IFCFACEOUTERBOUND(#16776,.T.);
#16778=IFCFACE((#16777));
#16779=IFCPOLYLOOP((#14267,#14244,#14255));
#16780=IFCFACEOUTERBOUND(#16779,.T.);
#16781=IFCFACE((#16780));
#16782=IFCPOLYLOOP((#14053,#14254,#14253));
#16783=IFCFACEOUTERBOUND(#16782,.T.);
#16784=IFCFACE((#16783));
#16785=IFCPOLYLOOP((#14250,#14254,#14053));
#16786=IFCFACEOUTERBOUND(#16785,.T.);
#16787=IFCFACE((#16786));
#16788=IFCPOLYLOOP((#14262,#14255,#14244));
#16789=IFCFACEOUTERBOUND(#16788,.T.);
#16790=IFCFACE((#16789));
#16791=IFCPOLYLOOP((#14249,#14244,#14267,#13773));
#16792=IFCFACEOUTERBOUND(#16791,.T.);
#16793=IFCFACE((#16792));
#16794=IFCPOLYLOOP((#14258,#14256,#14241));
#16795=IFCFACEOUTERBOUND(#16794,.T.);
#16796=IFCFACE((#16795));
#16797=IFCPOLYLOOP((#14265,#14260,#14257));
#16798=IFCFACEOUTERBOUND(#16797,.T.);
#16799=IFCFACE((#16798));
#16800=IFCPOLYLOOP((#14257,#14260,#14238));
#16801=IFCFACEOUTERBOUND(#16800,.T.);
#16802=IFCFACE((#16801));
#16803=IFCPOLYLOOP((#14256,#14258,#14260));
#16804=IFCFACEOUTERBOUND(#16803,.T.);
#16805=IFCFACE((#16804));
#16806=IFCPOLYLOOP((#14261,#14242,#14259));
#16807=IFCFACEOUTERBOUND(#16806,.T.);
#16808=IFCFACE((#16807));
#16809=IFCPOLYLOOP((#14263,#14245,#14251));
#16810=IFCFACEOUTERBOUND(#16809,.T.);
#16811=IFCFACE((#16810));
#16812=IFCPOLYLOOP((#14238,#14260,#14258));
#16813=IFCFACEOUTERBOUND(#16812,.T.);
#16814=IFCFACE((#16813));
#16815=IFCPOLYLOOP((#14256,#14260,#14239));
#16816=IFCFACEOUTERBOUND(#16815,.T.);
#16817=IFCFACE((#16816));
#16818=IFCPOLYLOOP((#14243,#14266,#14265,#14257));
#16819=IFCFACEOUTERBOUND(#16818,.T.);
#16820=IFCFACE((#16819));
#16821=IFCPOLYLOOP((#14264,#14265,#14261));
#16822=IFCFACEOUTERBOUND(#16821,.T.);
#16823=IFCFACE((#16822));
#16824=IFCPOLYLOOP((#14262,#14238,#14258));
#16825=IFCFACEOUTERBOUND(#16824,.T.);
#16826=IFCFACE((#16825));
#16827=IFCPOLYLOOP((#14246,#14254,#14263));
#16828=IFCFACEOUTERBOUND(#16827,.T.);
#16829=IFCFACE((#16828));
#16830=IFCPOLYLOOP((#14259,#14263,#14251));
#16831=IFCFACEOUTERBOUND(#16830,.T.);
#16832=IFCFACE((#16831));
#16833=IFCPOLYLOOP((#14239,#14265,#14264));
#16834=IFCFACEOUTERBOUND(#16833,.T.);
#16835=IFCFACE((#16834));
#16836=IFCPOLYLOOP((#14261,#14240,#14264));
#16837=IFCFACEOUTERBOUND(#16836,.T.);
#16838=IFCFACE((#16837));
#16839=IFCPOLYLOOP((#14266,#14242,#14261));
#16840=IFCFACEOUTERBOUND(#16839,.T.);
#16841=IFCFACE((#16840));
#16842=IFCPOLYLOOP((#14248,#14252,#14267));
#16843=IFCFACEOUTERBOUND(#16842,.T.);
#16844=IFCFACE((#16843));
#16845=IFCPOLYLOOP((#13949,#13769,#14252,#14248,#14241,#14256,#14239,#14264,#14240,#14251,#14245,#14250,#14052,#14229));
#16846=IFCFACEOUTERBOUND(#16845,.T.);
#16847=IFCFACE((#16846));
#16848=IFCCLOSEDSHELL((#9084,#9087,#9090,#9093,#9096,#9099,#9102,#9105,#9108,#9111,#9114,#9117,#9120,#9123,#9126,#9129,#9132,#9135,#9138,#9141,#9144,#9147,#9150,#9153,#9156,#9159,#9162,#9165,#9168,#9171,#9174,#9177,#9180,#9183,#9186,#9189,#9192,#9195,#9198,#9201,#9204,#9207,#9210,#9213,#9216,#9219,#9222,#9225,#9228,#9231,#9234,#9237,#9240,#9243,#9246,#9249,#9252,#9255,#9258,#9261,#9264,#9267,#9270,#9273,#9276,#9279,#9282,#9285,#9288,#9291,#9294,#9297,#9300,#9303,#9306,#9309,#9312,#9315,#9318,#9321,#9324,#9327,#9330,#9333,#9336,#9339,#9342,#9345,#9348,#9351,#9354,#9357,#9360,#9363,#9366,#9369,#9372,#9375,#9378,#9381,#9384,#9387,#9390,#9393,#9396,#9399,#9402,#9405,#9408,#9411,#9414,#9417,#9420,#9423,#9426,#9429,#9432,#9435,#9438,#9441,#9444,#9447,#9450,#9453,#9456,#9459,#9462,#9465,#9468,#9471,#9474,#9477,#9480,#9483,#9486,#9489,#9492,#9495,#9498,#9501,#9504,#9507,#9510,#9513,#9516,#9519,#9522,#9525,#9528,#9531,#9534,#9537,#9540,#9543,#9546,#9549,#9552,#9555));
#16849=IFCFACETEDBREP(#16848);
#16850=IFCSTYLEDITEM(#16849,(#8555),$);
#16851=IFCCLOSEDSHELL((#9606,#9609,#9612,#9615,#9618,#9621,#9624,#9627,#9630,#9633,#9636,#9639,#9642,#9645,#9648,#9651,#9654,#9657,#9660,#9663,#9666,#9669,#9672,#9675,#9678,#9681));
#16852=IFCFACETEDBREP(#16851);
#16853=IFCSTYLEDITEM(#16852,(#8555),$);
#16854=IFCCLOSEDSHELL((#9812,#9815,#9818,#9821,#9824,#9827,#9830,#9833,#9836,#9839,#9842,#9845,#9848,#9851,#9854,#9857,#9860,#9863,#9866,#9869,#9872,#9875,#9878,#9881,#9884,#9887,#9890,#9893,#9896,#9899,#9902,#9905,#9908,#9911,#9914,#9917,#9920,#9923,#9926,#9929,#9932,#9935,#9938,#9941,#9944,#9947,#9950,#9953,#9956,#9959,#9962,#9965,#9968,#9971,#9974,#9977,#9980,#9983,#9986,#9989,#9992,#9995,#9998,#10001,#10004,#10007,#10010,#10013,#10016,#10019,#10022,#10025,#10028,#10031,#10034,#10037,#10040,#10043,#10046,#10049,#10052,#10055,#10058,#10061,#10064,#10067,#10070,#10073,#10076,#10079,#10082,#10085,#10088,#10091,#10094,#10097,#10100,#10103,#10106,#10109,#10112,#10115,#10118,#10121,#10124,#10127,#10130,#10133,#10136,#10139,#10142,#10145,#10148,#10151,#10154,#10157,#10160,#10163,#10166,#10169,#10172,#10175,#10178,#10181,#10184,#10187,#10190,#10193,#10196,#10199,#10202,#10205,#10208,#10211,#10214,#10217,#10220,#10223,#10226,#10229,#10232,#10235,#10238,#10241,#10244,#10247,#10250,#10253,#10256,#10259,#10262,#10265,#10268,#10271,#10274,#10277,#10280,#10283));
#16855=IFCFACETEDBREP(#16854);
#16856=IFCSTYLEDITEM(#16855,(#8555),$);
#16857=IFCCLOSEDSHELL((#10334,#10337,#10340,#10343,#10346,#10349,#10352,#10355,#10358,#10361,#10364,#10367,#10370,#10373,#10376,#10379,#10382,#10385,#10388,#10391,#10394,#10397,#10400,#10403,#10406,#10409));
#16858=IFCFACETEDBREP(#16857);
#16859=IFCSTYLEDITEM(#16858,(#8555),$);
#16860=IFCCLOSEDSHELL((#10422,#10435,#10438,#10441,#10444,#10447,#10450,#10453,#10456,#10459));
#16861=IFCFACETEDBREP(#16860);
#16862=IFCSTYLEDITEM(#16861,(#8570),$);
#16863=IFCCLOSEDSHELL((#10470,#10475,#10483,#10487,#10495,#10499,#10507,#10511,#10518,#10521,#10524,#10527,#10530,#10533,#10536,#10539,#10542,#10545));
#16864=IFCFACETEDBREP(#16863);
#16865=IFCSTYLEDITEM(#16864,(#8576),$);
#16866=IFCCLOSEDSHELL((#10552,#10559,#10562,#10565,#10568,#10571));
#16867=IFCFACETEDBREP(#16866);
#16868=IFCSTYLEDITEM(#16867,(#8582),$);
#16869=IFCCLOSEDSHELL((#11132,#11135,#11138,#11141,#11144,#11147,#11150,#11153,#11156,#11159,#11162,#11165,#11168,#11171,#11174,#11177,#11180,#11183,#11186,#11189,#11192,#11195,#11198,#11201,#11204,#11207,#11210,#11213,#11216,#11219,#11222,#11225,#11228,#11231,#11234,#11237,#11240,#11243,#11246,#11249,#11252,#11255,#11258,#11261,#11264,#11267,#11270,#11273,#11276,#11279,#11282,#11285,#11288,#11291,#11294,#11297,#11300,#11303,#11306,#11309,#11312,#11315,#11318,#11321,#11324,#11327,#11330,#11333,#11336,#11339,#11342,#11345,#11348,#11351,#11354,#11357,#11360,#11363,#11366,#11369,#11372,#11375,#11378,#11381,#11384,#11387,#11390,#11393,#11396,#11399,#11402,#11405,#11408,#11411,#11414,#11417,#11420,#11423,#11426,#11429,#11432,#11435,#11438,#11441,#11444,#11447,#11450,#11453,#11456,#11459,#11462,#11465,#11468,#11471,#11474,#11477,#11480,#11483,#11486,#11489,#11492,#11495,#11498,#11501,#11504,#11507,#11510,#11513,#11516,#11519,#11522,#11525,#11528,#11531,#11534,#11537,#11540,#11543,#11546,#11549,#11552,#11555,#11558,#11561,#11564,#11567,#11570,#11573,#11576,#11579,#11582,#11585,#11588,#11591,#11594,#11597,#11600,#11603,#11606,#11609,#11612,#11615,#11618,#11621,#11624,#11627,#11630,#11633,#11636,#11639,#11642,#11645,#11648,#11651,#11654,#11657,#11660,#11663,#11666,#11669,#11672,#11675,#11678,#11681,#11684,#11687,#11690,#11693,#11696,#11699,#11702,#11705,#11708,#11711,#11714,#11717,#11720,#11723,#11726,#11729,#11732,#11735,#11738,#11741,#11744,#11747,#11750,#11753,#11756,#11759,#11762,#11765,#11768,#11771,#11774,#11777,#11780,#11783,#11786,#11789,#11792,#11795,#11798,#11801,#11804,#11807,#11810,#11813,#11816,#11819,#11822,#11825,#11828,#11831,#11834,#11837,#11840,#11843,#11846,#11849,#11852,#11855,#11858,#11861,#11864,#11867,#11870,#11873,#11876,#11879,#11882,#11885,#11888,#11891,#11894,#11897,#11900,#11903,#11906,#11909,#11912,#11915,#11918,#11921,#11924,#11927,#11930,#11933,#11936,#11939,#11942,#11945,#11948,#11951,#11954,#11957,#11960,#11963,#11966,#11969,#11972,#11975,#11978,#11981,#11984,#11987,#11990,#11993,#11996,#11999,#12002,#12005,#12008,#12011,#12014,#12017,#12020,#12023,#12026,#12029,#12032,#12035,#12038,#12041,#12044,#12047,#12050,#12053,#12056,#12059,#12062,#12065,#12068,#12071,#12074,#12077,#12080,#12083,#12086,#12089,#12092,#12095,#12098,#12101,#12104,#12107,#12110,#12113,#12116,#12119,#12122,#12125,#12128,#12131,#12134,#12137,#12140,#12143,#12146,#12149,#12152,#12155,#12158,#12161,#12164,#12167,#12170,#12173,#12176,#12179,#12182,#12185,#12188,#12191,#12194,#12197,#12200,#12203,#12206,#12209,#12212,#12215,#12218,#12221,#12224,#12227,#12230,#12233,#12236,#12239,#12242,#12245,#12248,#12251,#12254,#12257,#12260,#12263,#12266,#12269,#12272,#12275,#12278,#12281,#12284,#12287,#12290,#12293,#12296,#12299,#12302,#12305,#12308,#12311,#12314,#12317,#12320,#12323,#12326,#12329,#12332,#12335,#12338,#12341,#12344,#12347,#12350,#12353,#12356,#12359,#12362,#12365,#12368,#12371,#12374,#12377,#12380,#12383,#12386,#12389,#12392,#12395,#12398,#12401,#12404,#12407,#12410,#12413,#12416,#12419,#12422,#12425,#12428,#12431,#12434,#12437,#12440,#12443,#12446,#12449,#12452,#12455,#12458,#12461,#12464,#12467,#12470,#12473,#12476,#12479,#12482,#12485,#12488,#12491,#12494,#12497,#12500,#12503,#12506,#12509,#12512,#12515,#12518,#12521,#12524,#12527,#12530,#12533,#12536,#12539,#12542,#12545,#12548,#12551,#12554,#12557,#12560,#12563,#12566,#12569,#12572,#12575,#12578,#12581,#12584,#12587,#12590,#12593,#12596,#12599,#12602,#12605,#12608,#12611,#12614,#12617,#12620,#12623,#12626,#12629,#12632,#12635,#12638,#12641,#12644,#12647,#12650,#12653,#12656,#12659,#12662,#12665,#12668,#12671,#12674,#12677,#12680,#12683,#12686,#12689,#12692,#12695,#12698,#12701,#12704,#12707,#12710,#12713,#12716,#12719,#12722,#12725,#12728,#12731,#12734,#12737,#12740,#12743,#12746,#12749,#12752,#12755,#12758,#12761,#12764,#12767,#12770,#12773,#12776,#12779,#12782,#12785,#12788,#12791,#12794,#12797,#12800,#12803,#12806,#12809,#12812,#12815,#12818,#12821,#12824,#12827,#12830,#12833,#12836,#12839,#12842,#12845,#12848,#12851,#12854,#12857,#12860,#12863,#12866,#12869,#12872,#12875,#12878,#12881,#12884,#12887,#12890,#12893,#12896,#12899,#12902,#12905,#12908,#12911,#12914,#12917,#12920,#12923,#12926,#12929,#12932,#12935,#12938,#12941,#12944,#12947,#12950,#12953,#12956,#12959,#12962,#12965,#12968,#12971,#12974,#12977,#12980,#12983,#12986,#12989,#12992,#12995,#12998,#13001,#13004,#13007,#13010,#13013,#13016,#13019,#13022,#13025,#13028,#13031,#13034,#13037,#13040,#13043,#13046,#13049,#13052,#13055,#13058,#13061,#13064,#13067,#13070,#13073,#13076,#13079,#13082,#13085,#13088,#13091,#13094,#13097,#13100,#13103,#13106,#13109,#13112,#13115,#13118,#13121,#13124,#13127,#13130,#13133,#13136,#13139,#13142,#13145,#13148,#13151,#13154,#13157,#13160,#13163,#13166,#13169,#13172,#13175,#13178,#13181,#13184,#13187,#13190,#13193,#13196,#13199,#13202,#13205,#13208,#13211,#13214,#13217,#13220,#13223,#13226,#13229,#13232,#13235,#13238,#13241,#13244,#13247,#13250,#13253,#13256,#13259,#13262,#13265,#13268,#13271,#13274,#13277,#13280,#13283,#13286,#13289,#13292,#13295,#13298,#13301,#13304,#13307,#13310,#13313,#13316,#13319,#13322,#13325,#13328,#13331,#13334,#13337,#13340,#13343,#13346,#13349,#13352,#13355,#13358,#13361,#13364,#13367,#13370,#13373,#13376,#13379,#13382,#13385,#13388,#13391,#13394,#13397,#13400,#13403,#13406,#13409,#13412,#13415,#13418,#13421,#13424,#13427,#13430,#13433,#13436,#13439,#13442,#13445,#13448,#13451,#13454,#13457,#13460,#13463,#13466,#13469,#13472,#13475,#13478,#13481,#13484,#13487,#13490,#13493,#13496,#13499,#13502,#13505,#13508,#13511,#13514,#13517,#13520,#13523,#13526,#13529,#13532,#13535,#13538,#13541,#13544,#13547,#13550,#13553,#13556,#13559,#13562,#13565,#13568,#13571,#13574,#13577,#13580,#13583,#13586,#13589,#13592,#13595,#13598,#13601,#13604,#13607,#13610,#13613,#13616,#13619,#13622,#13625,#13628,#13631,#13634,#13637,#13640,#13643,#13646,#13649,#13652,#13655,#13658,#13661,#13664,#13667,#13670,#13673,#13676,#13679,#13682,#13685,#13688,#13691,#13694,#13697,#13700,#13703,#13706,#13709));
#16870=IFCFACETEDBREP(#16869);
#16871=IFCSTYLEDITEM(#16870,(#8576),$);
#16872=IFCCLOSEDSHELL((#14270,#14273,#14276,#14279,#14282,#14285,#14288,#14291,#14294,#14297,#14300,#14303,#14306,#14309,#14312,#14315,#14318,#14321,#14324,#14327,#14330,#14333,#14336,#14339,#14342,#14345,#14348,#14351,#14354,#14357,#14360,#14363,#14366,#14369,#14372,#14375,#14378,#14381,#14384,#14387,#14390,#14393,#14396,#14399,#14402,#14405,#14408,#14411,#14414,#14417,#14420,#14423,#14426,#14429,#14432,#14435,#14438,#14441,#14444,#14447,#14450,#14453,#14456,#14459,#14462,#14465,#14468,#14471,#14474,#14477,#14480,#14483,#14486,#14489,#14492,#14495,#14498,#14501,#14504,#14507,#14510,#14513,#14516,#14519,#14522,#14525,#14528,#14531,#14534,#14537,#14540,#14543,#14546,#14549,#14552,#14555,#14558,#14561,#14564,#14567,#14570,#14573,#14576,#14579,#14582,#14585,#14588,#14591,#14594,#14597,#14600,#14603,#14606,#14609,#14612,#14615,#14618,#14621,#14624,#14627,#14630,#14633,#14636,#14639,#14642,#14645,#14648,#14651,#14654,#14657,#14660,#14663,#14666,#14669,#14672,#14675,#14678,#14681,#14684,#14687,#14690,#14693,#14696,#14699,#14702,#14705,#14708,#14711,#14714,#14717,#14720,#14723,#14726,#14729,#14732,#14735,#14738,#14741,#14744,#14747,#14750,#14753,#14756,#14759,#14762,#14765,#14768,#14771,#14774,#14777,#14780,#14783,#14786,#14789,#14792,#14795,#14798,#14801,#14804,#14807,#14810,#14813,#14816,#14819,#14822,#14825,#14828,#14831,#14834,#14837,#14840,#14843,#14846,#14849,#14852,#14855,#14858,#14861,#14864,#14867,#14870,#14873,#14876,#14879,#14882,#14885,#14888,#14891,#14894,#14897,#14900,#14903,#14906,#14909,#14912,#14915,#14918,#14921,#14924,#14927,#14930,#14933,#14936,#14939,#14942,#14945,#14948,#14951,#14954,#14957,#14960,#14963,#14966,#14969,#14972,#14975,#14978,#14981,#14984,#14987,#14990,#14993,#14996,#14999,#15002,#15005,#15008,#15011,#15014,#15017,#15020,#15023,#15026,#15029,#15032,#15035,#15038,#15041,#15044,#15047,#15050,#15053,#15056,#15059,#15062,#15065,#15068,#15071,#15074,#15077,#15080,#15083,#15086,#15089,#15092,#15095,#15098,#15101,#15104,#15107,#15110,#15113,#15116,#15119,#15122,#15125,#15128,#15131,#15134,#15137,#15140,#15143,#15146,#15149,#15152,#15155,#15158,#15161,#15164,#15167,#15170,#15173,#15176,#15179,#15182,#15185,#15188,#15191,#15194,#15197,#15200,#15203,#15206,#15209,#15212,#15215,#15218,#15221,#15224,#15227,#15230,#15233,#15236,#15239,#15242,#15245,#15248,#15251,#15254,#15257,#15260,#15263,#15266,#15269,#15272,#15275,#15278,#15281,#15284,#15287,#15290,#15293,#15296,#15299,#15302,#15305,#15308,#15311,#15314,#15317,#15320,#15323,#15326,#15329,#15332,#15335,#15338,#15341,#15344,#15347,#15350,#15353,#15356,#15359,#15362,#15365,#15368,#15371,#15374,#15377,#15380,#15383,#15386,#15389,#15392,#15395,#15398,#15401,#15404,#15407,#15410,#15413,#15416,#15419,#15422,#15425,#15428,#15431,#15434,#15437,#15440,#15443,#15446,#15449,#15452,#15455,#15458,#15461,#15464,#15467,#15470,#15473,#15476,#15479,#15482,#15485,#15488,#15491,#15494,#15497,#15500,#15503,#15506,#15509,#15512,#15515,#15518,#15521,#15524,#15527,#15530,#15533,#15536,#15539,#15542,#15545,#15548,#15551,#15554,#15557,#15560,#15563,#15566,#15569,#15572,#15575,#15578,#15581,#15584,#15587,#15590,#15593,#15596,#15599,#15602,#15605,#15608,#15611,#15614,#15617,#15620,#15623,#15626,#15629,#15632,#15635,#15638,#15641,#15644,#15647,#15650,#15653,#15656,#15659,#15662,#15665,#15668,#15671,#15674,#15677,#15680,#15683,#15686,#15689,#15692,#15695,#15698,#15701,#15704,#15707,#15710,#15713,#15716,#15719,#15722,#15725,#15728,#15731,#15734,#15737,#15740,#15743,#15746,#15749,#15752,#15755,#15758,#15761,#15764,#15767,#15770,#15773,#15776,#15779,#15782,#15785,#15788,#15791,#15794,#15797,#15800,#15803,#15806,#15809,#15812,#15815,#15818,#15821,#15824,#15827,#15830,#15833,#15836,#15839,#15842,#15845,#15848,#15851,#15854,#15857,#15860,#15863,#15866,#15869,#15872,#15875,#15878,#15881,#15884,#15887,#15890,#15893,#15896,#15899,#15902,#15905,#15908,#15911,#15914,#15917,#15920,#15923,#15926,#15929,#15932,#15935,#15938,#15941,#15944,#15947,#15950,#15953,#15956,#15959,#15962,#15965,#15968,#15971,#15974,#15977,#15980,#15983,#15986,#15989,#15992,#15995,#15998,#16001,#16004,#16007,#16010,#16013,#16016,#16019,#16022,#16025,#16028,#16031,#16034,#16037,#16040,#16043,#16046,#16049,#16052,#16055,#16058,#16061,#16064,#16067,#16070,#16073,#16076,#16079,#16082,#16085,#16088,#16091,#16094,#16097,#16100,#16103,#16106,#16109,#16112,#16115,#16118,#16121,#16124,#16127,#16130,#16133,#16136,#16139,#16142,#16145,#16148,#16151,#16154,#16157,#16160,#16163,#16166,#16169,#16172,#16175,#16178,#16181,#16184,#16187,#16190,#16193,#16196,#16199,#16202,#16205,#16208,#16211,#16214,#16217,#16220,#16223,#16226,#16229,#16232,#16235,#16238,#16241,#16244,#16247,#16250,#16253,#16256,#16259,#16262,#16265,#16268,#16271,#16274,#16277,#16280,#16283,#16286,#16289,#16292,#16295,#16298,#16301,#16304,#16307,#16310,#16313,#16316,#16319,#16322,#16325,#16328,#16331,#16334,#16337,#16340,#16343,#16346,#16349,#16352,#16355,#16358,#16361,#16364,#16367,#16370,#16373,#16376,#16379,#16382,#16385,#16388,#16391,#16394,#16397,#16400,#16403,#16406,#16409,#16412,#16415,#16418,#16421,#16424,#16427,#16430,#16433,#16436,#16439,#16442,#16445,#16448,#16451,#16454,#16457,#16460,#16463,#16466,#16469,#16472,#16475,#16478,#16481,#16484,#16487,#16490,#16493,#16496,#16499,#16502,#16505,#16508,#16511,#16514,#16517,#16520,#16523,#16526,#16529,#16532,#16535,#16538,#16541,#16544,#16547,#16550,#16553,#16556,#16559,#16562,#16565,#16568,#16571,#16574,#16577,#16580,#16583,#16586,#16589,#16592,#16595,#16598,#16601,#16604,#16607,#16610,#16613,#16616,#16619,#16622,#16625,#16628,#16631,#16634,#16637,#16640,#16643,#16646,#16649,#16652,#16655,#16658,#16661,#16664,#16667,#16670,#16673,#16676,#16679,#16682,#16685,#16688,#16691,#16694,#16697,#16700,#16703,#16706,#16709,#16712,#16715,#16718,#16721,#16724,#16727,#16730,#16733,#16736,#16739,#16742,#16745,#16748,#16751,#16754,#16757,#16760,#16763,#16766,#16769,#16772,#16775,#16778,#16781,#16784,#16787,#16790,#16793,#16796,#16799,#16802,#16805,#16808,#16811,#16814,#16817,#16820,#16823,#16826,#16829,#16832,#16835,#16838,#16841,#16844,#16847));
#16873=IFCFACETEDBREP(#16872);
#16874=IFCSTYLEDITEM(#16873,(#8576),$);
#16875=IFCSHAPEREPRESENTATION(#24,'Body','Brep',(#16849,#16852,#16855,#16858,#16861,#16864,#16867,#16870,#16873));
#16876=IFCAXIS2PLACEMENT3D(#3,$,$);
#16877=IFCREPRESENTATIONMAP(#16876,#16875);
#16878=IFCDOORLININGPROPERTIES('11BMJXjID8ivejS6vmMt02',#18,'M_Door-Passage-Single-Vision_Lite:750 x 2000mm:1627584',$,$,$,$,$,$,$,$,$,$,$,$,$,$);
#16879=IFCDOORPANELPROPERTIES('11BMJXjID8ivejS6rmMt02',#18,'M_Door-Passage-Single-Vision_Lite:750 x 2000mm:1627584:1',$,$,.SWINGING.,$,.NOTDEFINED.,$);
#16880=IFCDOORTYPE('2Lra5tzv55bg7Y3TDRNNil',#18,'M_Door-Passage-Single-Vision_Lite:750 x 2000mm',$,$,(#16878,#16879),(#16877),'1457080',$,.DOOR.,.SINGLE_SWING_LEFT.,.F.,$);
#16881=IFCMATERIALCONSTITUENT('Hardware',$,#8596,$,'Metal');
#16882=IFCSHAPEREPRESENTATION(#24,'Body','Brep',(#16849,#16852,#16855,#16858));
#16883=IFCSHAPEASPECT((#16882),'Hardware',$,.U.,#16877);
#16884=IFCMATERIALCONSTITUENT('Panel',$,#8600,$,'Wood');
#16885=IFCSHAPEREPRESENTATION(#24,'Body','Brep',(#16861));
#16886=IFCSHAPEASPECT((#16885),'Panel',$,.U.,#16877);
#16887=IFCMATERIALCONSTITUENT('Frame/Mullion',$,#8621,$,'Paint');
#16888=IFCSHAPEREPRESENTATION(#24,'Body','Brep',(#16864));
#16889=IFCSHAPEASPECT((#16888),'Frame/Mullion',$,.U.,#16877);
#16890=IFCMATERIALCONSTITUENT('Glass',$,#8625,$,'Glass');
#16891=IFCSHAPEREPRESENTATION(#24,'Body','Brep',(#16867));
#16892=IFCSHAPEASPECT((#16891),'Glass',$,.U.,#16877);
#16893=IFCMATERIALCONSTITUENT('Metal - Paint Finish - Grey',$,#8621,$,'Paint');
#16894=IFCSHAPEREPRESENTATION(#24,'Body','Brep',(#16870,#16873));
#16895=IFCSHAPEASPECT((#16894),'Metal - Paint Finish - Grey',$,.U.,#16877);
#16896=IFCMATERIALCONSTITUENTSET($,$,(#16881,#16884,#16887,#16890,#16893));
#16897=IFCMAPPEDITEM(#16877,#8645);
#16898=IFCSHAPEREPRESENTATION(#24,'Body','MappedRepresentation',(#16897));
#16899=IFCPRODUCTDEFINITIONSHAPE($,$,(#16898));
#16900=IFCCARTESIANPOINT((16550.,7737.29999999993,0.));
#16901=IFCAXIS2PLACEMENT3D(#16900,$,$);
#16903=IFCDOOR('11BMJXjID8ivejS6zmMt02',#18,'M_Door-Passage-Single-Vision_Lite:750 x 2000mm:1627584',$,'M_Door-Passage-Single-Vision_Lite:750 x 2000mm',#17063,#16899,'1627584',2100.,850.,.DOOR.,.SINGLE_SWING_LEFT.,$);
#16904=IFCMATERIALCONSTITUENT('Aluminum',$,#8596,$,'Metal');
#16905=IFCMATERIALCONSTITUENT('Wood - Birch',$,#8600,$,'Wood');
#16906=IFCMATERIALCONSTITUENT('Metal - Paint Finish - Grey',$,#8621,$,'Paint');
#16907=IFCMATERIALCONSTITUENT('Glass',$,#8625,$,'Glass');
#16908=IFCMATERIALCONSTITUENTSET($,$,(#16904,#16905,#16906,#16907));
#16909=IFCPROPERTYSET('28DZJJ0ejNQJCXL1UKs$LN',#18,'Pset_DoorCommon',$,(#446,#8658));
#16910=IFCPROPERTYSET('0_ekeV97$bB$KTy8ilsUex',#18,'Pset_EnvironmentalImpactIndicators',$,(#8658));
#16911=IFCRELDEFINESBYPROPERTIES('1MgdSAfLEnqRtDVfwXm7P8',#18,$,$,(#16903),#16909);
#16912=IFCRELDEFINESBYPROPERTIES('3SbAAbfgbCwopg4RyUYnxC',#18,$,$,(#16903),#16910);
#16913=IFCMAPPEDITEM(#8592,#8645);
#16914=IFCSHAPEREPRESENTATION(#24,'Body','MappedRepresentation',(#16913));
#16915=IFCPRODUCTDEFINITIONSHAPE($,$,(#16914));
#16916=IFCCARTESIANPOINT((15950.,8700.,0.));
#16917=IFCAXIS2PLACEMENT3D(#16916,#9,#7);
#16919=IFCDOOR('11BMJXjID8ivejS6zmMtFV',#18,'M_Door-Passage-Single-Vision_Lite:750 x 2000mm:1627677',$,'M_Door-Passage-Single-Vision_Lite:750 x 2000mm',#17093,#16915,'1627677',2100.,850.000000000001,.DOOR.,.SINGLE_SWING_RIGHT.,$);
#16920=IFCMATERIALCONSTITUENT('Aluminum',$,#8596,$,'Metal');
#16921=IFCMATERIALCONSTITUENT('Wood - Birch',$,#8600,$,'Wood');
#16922=IFCMATERIALCONSTITUENT('Metal - Paint Finish - Grey',$,#8621,$,'Paint');
#16923=IFCMATERIALCONSTITUENT('Glass',$,#8625,$,'Glass');
#16924=IFCMATERIALCONSTITUENTSET($,$,(#16920,#16921,#16922,#16923));
#16925=IFCPROPERTYSET('3NFHxuE0OqFLuc6CoPw3Ay',#18,'Pset_DoorCommon',$,(#446,#8658));
#16926=IFCPROPERTYSET('3tDABG3bRoMU6Ifj4fIGiV',#18,'Pset_EnvironmentalImpactIndicators',$,(#8658));
#16927=IFCRELDEFINESBYPROPERTIES('14l$0YqLfXsl11vgq7buG7',#18,$,$,(#16919),#16925);
#16928=IFCRELDEFINESBYPROPERTIES('3ovamRHTeQX$6aAPSMUVwz',#18,$,$,(#16919),#16926);
#16929=IFCPROPERTYSINGLEVALUE('Reference',$,IFCIDENTIFIER('8mm Head'),$);
#16930=IFCPROPERTYSINGLEVALUE('AboveGround',$,IFCLOGICAL(.U.),$);
#16931=IFCPROPERTYSET('16L50AfyZF4hYq5TGET4H4',#18,'Pset_BuildingStoreyCommon',$,(#16929,#16930));
#16932=IFCPROPERTYSET('2J7ac_h5ujdwWuzVwBIIta',#18,'Pset_SpaceCommon',$,(#45,#16929));
#16933=IFCRELDEFINESBYPROPERTIES('2VdfSfkgzGoZi_3SgzE8$0',#18,$,$,(#35),#16931);
#16934=IFCRELDEFINESBYPROPERTIES('3$YdOpA8iaPobC8MDiWxoI',#18,$,$,(#35),#16932);
#16935=IFCRELCONTAINEDINSPATIALSTRUCTURE('2JF4e6axWHqu3u0C5FZlmi',#18,$,$,(#434,#481,#515,#548,#581,#616,#649,#8652,#8693,#8777,#8800,#8822,#8844,#8870,#8897,#8912,#8928,#8944,#16903,#16919),#35);
#16936=IFCPROPERTYSET('1n34enW33Z_3Qq2Pm1kjQZ',#18,'Pset_BuildingStoreyCommon',$,(#16929,#16930));
#16937=IFCPROPERTYSET('0qNc4$IaPwTvoqOd7IlIE4',#18,'Pset_SpaceCommon',$,(#45,#16929));
#16938=IFCRELDEFINESBYPROPERTIES('36oM8gyLQ5_Z6XoGK5uP1E',#18,$,$,(#39),#16936);
#16939=IFCRELDEFINESBYPROPERTIES('0jA6Vdz$3CfPvu_I1iTL6J',#18,$,$,(#39),#16937);
#16940=IFCRELCONTAINEDINSPATIALSTRUCTURE('1ZGO8hrFCHqw0v0066FpFv',#18,$,$,(#8726),#39);
#16941=IFCRELAGGREGATES('2KFB6YYWgXBmucZ8cm7uCP',#18,$,$,#27,(#42));
#16942=IFCRELAGGREGATES('16_hfJTeCqU7LcG8m10BTS',#18,$,$,#42,(#32));
#16943=IFCRELAGGREGATES('2JF4e6axWHqu3u0C9FZlmi',#18,$,$,#35,(#117,#256,#297,#336,#357,#396));
#16944=IFCRELAGGREGATES('1yhDISh1T5aQqAoygxGIhP',#18,$,$,#32,(#35,#39));
#16945=IFCPROPERTYSINGLEVALUE('NumberOfStoreys',$,IFCCOUNTMEASURE(2),$);
#16946=IFCPROPERTYSINGLEVALUE('IsLandmarked',$,IFCLOGICAL(.U.),$);
#16947=IFCPROPERTYSET('01y_GmllCupEYuBgfGbhkd',#18,'Pset_BuildingCommon',$,(#43,#16945,#16946));
#16948=IFCPROPERTYSET('1rUR7OGyIAkZT62xvibLnd',#18,'Pset_BuildingElementProxyCommon',$,(#43,#45));
#16949=IFCPROPERTYSET('2kFDjjfIaTsBi7MLK$i$Me',#18,'Pset_BuildingStoreyCommon',$,(#43,#16930));
#16950=IFCPROPERTYSET('1TYvb3FgH88mtl04iE5P1T',#18,'Pset_BuildingSystemCommon',$,(#43));
#16951=IFCPROPERTYSET('2W94HCj5xfigmNGtkBMklk',#18,'Pset_SpaceCommon',$,(#43,#45));
#16952=IFCRELDEFINESBYPROPERTIES('0vDjba2fshDEh0_KufwWht',#18,$,$,(#32),#16947);
#16953=IFCRELDEFINESBYPROPERTIES('1V6UQfELB4oPy3GPEaJMPw',#18,$,$,(#32),#16948);
#16954=IFCRELDEFINESBYPROPERTIES('0Vpd75HttOMIhzXutBGgCt',#18,$,$,(#32),#16949);
#16955=IFCRELDEFINESBYPROPERTIES('22VMRBFW9n6_S81yWIP225',#18,$,$,(#32),#16950);
#16956=IFCRELDEFINESBYPROPERTIES('2w3bzVlKnfBVjA3_BjG2II',#18,$,$,(#32),#16951);
#16957=IFCRELASSOCIATESMATERIAL('1nvips4lQzRT7MxVPH3pLE',#18,$,$,(#8726),#8746);
#16958=IFCRELASSOCIATESMATERIAL('1Kbk35WtGyIC38EqzKm3ai',#18,$,$,(#8595),#8644);
#16959=IFCRELASSOCIATESMATERIAL('3uDCqhHoSaLN8twUeRWnU$',#18,$,$,(#8652),#8657);
#16960=IFCRELASSOCIATESMATERIAL('3hNBC9INO6ooDvC_4ySXiC',#18,$,$,(#8912),#8917);
#16961=IFCRELASSOCIATESMATERIAL('1CaxGaUCfWuST$AFdB23Y3',#18,$,$,(#8928),#8933);
#16962=IFCRELASSOCIATESMATERIAL('34din6orqXZ0iKAUro8iDi',#18,$,$,(#8944),#8949);
#16963=IFCRELASSOCIATESMATERIAL('2NFdF84mq5zda1oFu511FO',#18,$,$,(#16880),#16896);
#16964=IFCRELASSOCIATESMATERIAL('3kIO0gpNq8_lR6yZejEnVU',#18,$,$,(#16903),#16908);
#16965=IFCRELASSOCIATESMATERIAL('3MXT9Ki5JWlPCeS_mpMjsu',#18,$,$,(#16919),#16924);
#16966=IFCRELASSOCIATESMATERIAL('35Jc9rp56bT4f1YefkleNI',#18,$,$,(#434,#441,#481,#515,#548,#581,#616,#649,#8777,#8800,#8822,#8844),#440);
#16967=IFCRELASSOCIATESMATERIAL('1Mphc1iqXPG9v6O3ObBy61',#18,$,$,(#8679,#8864,#8891),#8687);
#16968=IFCRELASSOCIATESMATERIAL('0RkFpO4y91A56i7kETvvWZ',#18,$,$,(#8739),#8745);
#16969=IFCRELDEFINESBYTYPE('2wD5Ka_7Acq2C9ffLzj7p4',#18,$,$,(#117),#118);
#16970=IFCRELDEFINESBYTYPE('3THbRx19m0$CR958OCVIfW',#18,$,$,(#256),#257);
#16971=IFCRELDEFINESBYTYPE('0DPTypJHvC7Dnkf0SnO4s6',#18,$,$,(#297),#298);
#16972=IFCRELDEFINESBYTYPE('2gup1ZJSdedL7J3vctMMGz',#18,$,$,(#336),#337);
#16973=IFCRELDEFINESBYTYPE('2E6mo8Pdl6Vpkj3sv316F2',#18,$,$,(#357),#358);
#16974=IFCRELDEFINESBYTYPE('1sdUJ_9OwBJLCTOXLh1HoV',#18,$,$,(#396),#397);
#16975=IFCRELDEFINESBYTYPE('26Z8ZzoQG8deVlhzFZRxEJ',#18,$,$,(#434,#481,#515,#548,#581,#616,#649,#8777,#8800,#8822,#8844),#441);
#16976=IFCRELDEFINESBYTYPE('2Gp8_JgsGEHjCKkRTybvdh',#18,$,$,(#8652,#8912,#8928,#8944,#16919),#8595);
#16977=IFCRELDEFINESBYTYPE('2dkTSRF7XM7XvC715tSycQ',#18,$,$,(#8693),#8679);
#16978=IFCRELDEFINESBYTYPE('3AVJtbOHyTnujdziMMd$qq',#18,$,$,(#8726),#8739);
#16979=IFCRELDEFINESBYTYPE('0j$JVTC8iyfUMo2ddn1cCn',#18,$,$,(#8870),#8864);
#16980=IFCRELDEFINESBYTYPE('0X0xhcsxrgs4iT6atK5HlO',#18,$,$,(#8897),#8891);
#16981=IFCRELDEFINESBYTYPE('1OB670LG9KAPlMhhZuPSKv',#18,$,$,(#16903),#16880);
#16982=IFCRELCONNECTSPATHELEMENTS('2lumolcS06fb9JgL9aSjfx',#18,'0NHXowVlLAMxbt4g08$mA8|0NHXowVlLAMxbt4g08$m6j','Structural',$,#434,#481,(),(),.ATEND.,.ATSTART.);
#16983=IFCRELCONNECTSPATHELEMENTS('3Rtt975LbZ2iD2vsQ2sZK1',#18,'0NHXowVlLAMxbt4g08$mA8|0NHXowVlLAMxbt4g08$mlB','Structural',$,#434,#649,(),(),.ATEND.,.ATSTART.);
#16984=IFCRELCONNECTSPATHELEMENTS('1Egw31bM1ugUw_sEakOJsm',#18,'0NHXowVlLAMxbt4g08$mA8|0NHXowVlLAMxbt4g08$ml9','Structural',$,#434,#581,(),(),.ATSTART.,.ATEND.);
#16985=IFCRELCONNECTSPATHELEMENTS('1uhqlO2ttjUKCIoQEYffPD',#18,'0NHXowVlLAMxbt4g08$m6j|0NHXowVlLAMxbt4g08$mR5','Structural',$,#481,#548,(),(),.ATEND.,.ATSTART.);
#16986=IFCRELCONNECTSPATHELEMENTS('2elcjtViLdQfxj3cXfaRmu',#18,'0NHXowVlLAMxbt4g08$m6j|0NHXowVlLAMxbt4g08$mlB','Structural',$,#481,#649,(),(),.ATEND.,.ATEND.);
#16987=IFCRELCONNECTSPATHELEMENTS('2runX5Nmi4oNiJa6HWsWl7',#18,'0NHXowVlLAMxbt4g08$mOG|0NHXowVlLAMxbt4g08$mR5','Structural',$,#515,#548,(),(),.ATSTART.,.ATEND.);
#16988=IFCRELCONNECTSPATHELEMENTS('2vz6lwbkIPSkn8Yy$jYkhF',#18,'0NHXowVlLAMxbt4g08$ml9|0NHXowVlLAMxbt4g08$ml8','Structural',$,#581,#616,(),(),.ATSTART.,.ATEND.);
#16989=IFCRELCONNECTSPATHELEMENTS('1K0pzWkgnFiYOZUWFM9kz0',#18,'0NHXowVlLAMxbt4g08$ml8|0NHXowVlLAMxbt4g08$mlB','Structural',$,#616,#649,(),(),.ATSTART.,.ATEND.);
#16990=IFCRELCONNECTSPATHELEMENTS('2Jg8yPDIOLAWramlloe8O0',#18,'0NHXowVlLAMxbt4g08$mA8|11BMJXjID8ivejS6zmMsyH','Structural',$,#434,#8777,(),(),.ATSTART.,.ATPATH.);
#16991=IFCRELCONNECTSPATHELEMENTS('0tKNGyoaAis4mJyUaVJ$jD',#18,'0NHXowVlLAMxbt4g08$mOG|11BMJXjID8ivejS6zmMsyH','Structural',$,#515,#8777,(),(),.ATEND.,.ATPATH.);
#16992=IFCRELCONNECTSPATHELEMENTS('2fbcemIkqqpds2wXzlauKg',#18,'0NHXowVlLAMxbt4g08$mA8|11BMJXjID8ivejS6zmMsvh','Structural',$,#434,#8800,(),(),.ATSTART.,.ATPATH.);
#16993=IFCRELCONNECTSPATHELEMENTS('3PjgxlttTM9Qdoekds48xp',#18,'0NHXowVlLAMxbt4g08$ml8|11BMJXjID8ivejS6zmMsvh','Structural',$,#616,#8800,(),(),.ATEND.,.ATPATH.);
#16994=IFCRELCONNECTSPATHELEMENTS('21HytNXsz4sAaJ7BHNQWKV',#18,'11BMJXjID8ivejS6zmMsyH|11BMJXjID8ivejS6zmMsbs','Structural',$,#8777,#8822,(),(),.ATSTART.,.ATPATH.);
#16995=IFCRELCONNECTSPATHELEMENTS('1HFC3utcsTvYpQDHZrmR8Y',#18,'0NHXowVlLAMxbt4g08$m6j|11BMJXjID8ivejS6zmMsbs','Structural',$,#481,#8822,(),(),.ATEND.,.ATPATH.);
#16996=IFCRELCONNECTSPATHELEMENTS('14q4K6CG1$0F5dzTurabvI',#18,'11BMJXjID8ivejS6zmMsyH|11BMJXjID8ivejS6zmMsYF','Structural',$,#8777,#8844,(),(),.ATSTART.,.ATPATH.);
#16997=IFCRELCONNECTSPATHELEMENTS('02jHv14DlMqdBwSvDUW3mI',#18,'0NHXowVlLAMxbt4g08$m6j|11BMJXjID8ivejS6zmMsYF','Structural',$,#481,#8844,(),(),.ATEND.,.ATPATH.);
#16998=IFCPRESENTATIONLAYERASSIGNMENT('A-AREA-____-OTLN',$,(#114,#254,#295,#334,#355,#394),$);
#16999=IFCPRESENTATIONLAYERASSIGNMENT('A-WALL-____-OTLN',$,(#408,#432,#461,#479,#494,#513,#528,#546,#561,#579,#594,#614,#629,#647,#8768,#8775,#8791,#8798,#8813,#8820,#8835,#8842),$);
#17000=IFCPRESENTATIONLAYERASSIGNMENT('A-DOOR-____-OTLN',$,(#8590,#8630,#8633,#8636,#8639,#8642,#8647,#8907,#8923,#8939,#16875,#16882,#16885,#16888,#16891,#16894,#16898,#16914),$);
#17001=IFCPRESENTATIONLAYERASSIGNMENT('S-COLS-____-OTLN',$,(#8676,#8689,#8861,#8866,#8888,#8893),$);
#17002=IFCPRESENTATIONLAYERASSIGNMENT('A-FLOR-____-OTLN',$,(#8724),$);
#17003=IFCCARTESIANPOINT((1050.,425.));
#17004=IFCAXIS2PLACEMENT2D(#17003,#11);
#17005=IFCRECTANGLEPROFILEDEF(.AREA.,$,#17004,2100.,850.);
#17006=IFCAXIS2PLACEMENT3D(#3,#7,#9);
#17007=IFCEXTRUDEDAREASOLID(#17005,#17006,#9,250.);
#17008=IFCSHAPEREPRESENTATION(#24,'Body','SweptSolid',(#17007));
#17009=IFCPRODUCTDEFINITIONSHAPE($,$,(#17008));
#17010=IFCCARTESIANPOINT((10525.,-125.,0.));
#17011=IFCAXIS2PLACEMENT3D(#17010,$,$);
#17012=IFCLOCALPLACEMENT(#405,#17011);
#17013=IFCOPENINGELEMENT('2WvckIvVJ039kdUo0Art_h',#18,'M_Door-Passage-Single-Vision_Lite:750 x 2000mm:1620114:1',$,$,#17012,#17009,'1620114',.OPENING.);
#17014=IFCRELVOIDSELEMENT('0NHXowVlLAMxbt4hG8$mlJ',#18,$,$,#434,#17013);
#17015=IFCRELFILLSELEMENT('3$KNK76GU4Vtzcws4pK9nu',#18,$,$,#17013,#8652);
#17016=IFCAXIS2PLACEMENT3D(#3,$,$);
#17017=IFCLOCALPLACEMENT(#17012,#17016);
#17018=IFCCARTESIANPOINT((1050.,425.));
#17019=IFCAXIS2PLACEMENT2D(#17018,#11);
#17020=IFCRECTANGLEPROFILEDEF(.AREA.,$,#17019,2100.,850.);
#17021=IFCAXIS2PLACEMENT3D(#3,#7,#9);
#17022=IFCEXTRUDEDAREASOLID(#17020,#17021,#9,250.);
#17023=IFCSHAPEREPRESENTATION(#24,'Body','SweptSolid',(#17022));
#17024=IFCPRODUCTDEFINITIONSHAPE($,$,(#17023));
#17025=IFCCARTESIANPOINT((5100.,-125.,0.));
#17026=IFCAXIS2PLACEMENT3D(#17025,$,$);
#17027=IFCLOCALPLACEMENT(#405,#17026);
#17028=IFCOPENINGELEMENT('1B9mcXyqDIeH601m2dIjTO',#18,'M_Door-Passage-Single-Vision_Lite:750 x 2000mm:1627322:1',$,$,#17027,#17024,'1627322',.OPENING.);
#17029=IFCRELVOIDSELEMENT('11BMJXjID8ivejS7jmMt5u',#18,$,$,#434,#17028);
#17030=IFCRELFILLSELEMENT('3Jz05iBG92Sixuta5sUx2m',#18,$,$,#17028,#8912);
#17031=IFCAXIS2PLACEMENT3D(#3,$,$);
#17032=IFCLOCALPLACEMENT(#17027,#17031);
#17033=IFCCARTESIANPOINT((1050.,425.));
#17034=IFCAXIS2PLACEMENT2D(#17033,#11);
#17035=IFCRECTANGLEPROFILEDEF(.AREA.,$,#17034,2100.,850.);
#17036=IFCAXIS2PLACEMENT3D(#3,#7,#9);
#17037=IFCEXTRUDEDAREASOLID(#17035,#17036,#9,250.);
#17038=IFCSHAPEREPRESENTATION(#24,'Body','SweptSolid',(#17037));
#17039=IFCPRODUCTDEFINITIONSHAPE($,$,(#17038));
#17040=IFCCARTESIANPOINT((3100.,-125.,0.));
#17041=IFCAXIS2PLACEMENT3D(#17040,$,$);
#17042=IFCLOCALPLACEMENT(#8765,#17041);
#17043=IFCOPENINGELEMENT('2Qix6i6F3pB0LqKLxb3wBg',#18,'M_Door-Passage-Single-Vision_Lite:750 x 2000mm:1627390:1',$,$,#17042,#17039,'1627390',.OPENING.);
#17044=IFCRELVOIDSELEMENT('11BMJXjID8ivejS7jmMt4y',#18,$,$,#8777,#17043);
#17045=IFCRELFILLSELEMENT('0ETT3AnLLfC$CBAXS5l3$8',#18,$,$,#17043,#8928);
#17046=IFCAXIS2PLACEMENT3D(#3,$,$);
#17047=IFCLOCALPLACEMENT(#17042,#17046);
#17048=IFCCARTESIANPOINT((1050.,425.000000000001));
#17049=IFCAXIS2PLACEMENT2D(#17048,#11);
#17050=IFCRECTANGLEPROFILEDEF(.AREA.,$,#17049,2100.,850.);
#17051=IFCAXIS2PLACEMENT3D(#3,#7,#9);
#17052=IFCEXTRUDEDAREASOLID(#17050,#17051,#9,250.);
#17053=IFCSHAPEREPRESENTATION(#24,'Body','SweptSolid',(#17052));
#17054=IFCPRODUCTDEFINITIONSHAPE($,$,(#17053));
#17055=IFCCARTESIANPOINT((9650.,-125.,0.));
#17056=IFCAXIS2PLACEMENT3D(#17055,$,$);
#17057=IFCLOCALPLACEMENT(#8765,#17056);
#17058=IFCOPENINGELEMENT('0Ofi6nqG0LCJwK_lAMBKRD',#18,'M_Door-Passage-Single-Vision_Lite:750 x 2000mm:1627584:1',$,$,#17057,#17054,'1627584',.OPENING.);
#17059=IFCRELVOIDSELEMENT('11BMJXjID8ivejS7jmMt02',#18,$,$,#8777,#17058);
#17060=IFCRELFILLSELEMENT('2EDfIToQwc3xaplnkax8I_',#18,$,$,#17058,#16903);
#17061=IFCCARTESIANPOINT((0.,-12.7000000000726,0.));
#17062=IFCAXIS2PLACEMENT3D(#17061,$,$);
#17063=IFCLOCALPLACEMENT(#17057,#17062);
#17064=IFCCARTESIANPOINT((1050.,425.));
#17065=IFCAXIS2PLACEMENT2D(#17064,#11);
#17066=IFCRECTANGLEPROFILEDEF(.AREA.,$,#17065,2100.,850.);
#17067=IFCAXIS2PLACEMENT3D(#3,#8,#9);
#17068=IFCEXTRUDEDAREASOLID(#17066,#17067,#9,250.);
#17069=IFCSHAPEREPRESENTATION(#24,'Body','SweptSolid',(#17068));
#17070=IFCPRODUCTDEFINITIONSHAPE($,$,(#17069));
#17071=IFCCARTESIANPOINT((1750.,125.,0.));
#17072=IFCAXIS2PLACEMENT3D(#17071,$,$);
#17073=IFCLOCALPLACEMENT(#8810,#17072);
#17074=IFCOPENINGELEMENT('0Rh_YzNNV2tH$u7RmKFXZJ',#18,'M_Door-Passage-Single-Vision_Lite:750 x 2000mm:1627524:1',$,$,#17073,#17070,'1627524',.OPENING.);
#17075=IFCRELVOIDSELEMENT('11BMJXjID8ivejS7jmMt16',#18,$,$,#8822,#17074);
#17076=IFCRELFILLSELEMENT('3wVvjD$SmLIceNMkWzG2Ar',#18,$,$,#17074,#8944);
#17077=IFCAXIS2PLACEMENT3D(#3,#9,#6);
#17078=IFCLOCALPLACEMENT(#17073,#17077);
#17079=IFCCARTESIANPOINT((1050.,425.));
#17080=IFCAXIS2PLACEMENT2D(#17079,#11);
#17081=IFCRECTANGLEPROFILEDEF(.AREA.,$,#17080,2100.,850.);
#17082=IFCAXIS2PLACEMENT3D(#3,#7,#9);
#17083=IFCEXTRUDEDAREASOLID(#17081,#17082,#9,250.);
#17084=IFCSHAPEREPRESENTATION(#24,'Body','SweptSolid',(#17083));
#17085=IFCPRODUCTDEFINITIONSHAPE($,$,(#17084));
#17086=IFCCARTESIANPOINT((700.,-125.,0.));
#17087=IFCAXIS2PLACEMENT3D(#17086,$,$);
#17088=IFCLOCALPLACEMENT(#8832,#17087);
#17089=IFCOPENINGELEMENT('0zEbV_k4xAo2EO$tklapCn',#18,'M_Door-Passage-Single-Vision_Lite:750 x 2000mm:1627677:1',$,$,#17088,#17085,'1627677',.OPENING.);
#17090=IFCRELVOIDSELEMENT('11BMJXjID8ivejS7jmMtFV',#18,$,$,#8844,#17089);
#17091=IFCRELFILLSELEMENT('1$6vTAoY$gQrDVmCA3jd38',#18,$,$,#17089,#16919);
#17092=IFCAXIS2PLACEMENT3D(#3,$,$);
#17093=IFCLOCALPLACEMENT(#17088,#17092);
#17094=IFCRELASSOCIATESCLASSIFICATION('0MVajEKtyEtX38LjyBm$I1',#18,'Exterior Walls','Exterior Walls:B2010',(#434,#481,#515,#548,#581,#616,#649,#8777,#8800,#8822,#8844),#453);
#17095=IFCRELASSOCIATESCLASSIFICATION('2MCAvsEBukw9_kNiiy503Y',#18,'Glazed Doors & Entrances','Glazed Doors & Entrances:B2030100',(#8652,#8912,#8928,#8944,#16903,#16919),#8663);
#17096=IFCRELASSOCIATESCLASSIFICATION('1IgPwaKgVF0aN6vnStumt7',#18,'Floor Construction','Floor Construction:B1010',(#8726),#8760);
#17097=IFCUNITASSIGNMENT((#19,#116,#354));
ENDSEC;
END-ISO-10303-21;
