ISO-10303-21;
HEADER;
FILE_DESCRIPTION(('ViewDefinition [CoordinationView]','RevitIdentifiers [ContentGUID: cbb0ae2e-6350-4225-8ca4-af668662c38d, VersionGUID: a1efe6b3-9e83-45fe-981d-f0f93df8ecaa, NumberOfSaves: 53]','CoordinateReference [CoordinateBase: Shared Coordinates]'),'2;1');
FILE_NAME('02_00_018.ifc','2026-01-19T15:56:32+01:00',(''),(''),'ODA SDAI 24.6','Autodesk Revit 24.3.30.11 (ENU) - IFC 24.3.30.11','');
FILE_SCHEMA(('IFC4X3'));
ENDSEC;
DATA;
#1=IFCORGANIZATION($,'Autodesk Revit 2024 (ENU)',$,$,$);
#2=IFCAPPLICATION(#1,'2024','Autodesk Revit 2024 (ENU)','Revit');
#3=IFCCARTESIANPOINT((0.,0.,0.));
#4=IFCCARTESIANPOINT((0.,0.));
#5=IFCDIRECTION((1.,0.,0.));
#6=IFCDIRECTION((-1.,0.,0.));
#7=IFCDIRECTION((0.,1.,0.));
#8=IFCDIRECTION((0.,-1.,0.));
#9=IFCDIRECTION((0.,0.,1.));
#10=IFCDIRECTION((0.,0.,-1.));
#11=IFCDIRECTION((1.,0.));
#12=IFCDIRECTION((-1.,0.));
#13=IFCDIRECTION((0.,1.));
#14=IFCDIRECTION((0.,-1.));
#15=IFCPERSON($,'','h.helming',$,$,$,$,$);
#16=IFCORGANIZATION($,'Organization Name','Organization Description',$,$);
#17=IFCPERSONANDORGANIZATION(#15,#16,$);
#18=IFCOWNERHISTORY(#17,#2,$,.NOCHANGE.,$,$,$,1768225578);
#19=IFCSIUNIT(*,.LENGTHUNIT.,.MILLI.,.METRE.);
#20=IFCAXIS2PLACEMENT3D(#3,$,$);
#21=IFCDIRECTION((6.12303176911189E-17,1.));
#22=IFCGEOMETRICREPRESENTATIONCONTEXT($,'Model',3,0.01,#20,#21);
#23=IFCGEOMETRICREPRESENTATIONSUBCONTEXT('Axis','Model',*,*,*,*,#22,$,.GRAPH_VIEW.,$);
#24=IFCGEOMETRICREPRESENTATIONSUBCONTEXT('Body','Model',*,*,*,*,#22,$,.MODEL_VIEW.,$);
#25=IFCGEOMETRICREPRESENTATIONSUBCONTEXT('Box','Model',*,*,*,*,#22,$,.MODEL_VIEW.,$);
#26=IFCGEOMETRICREPRESENTATIONSUBCONTEXT('FootPrint','Model',*,*,*,*,#22,$,.MODEL_VIEW.,$);
#27=IFCPROJECT('3BiAukOr129OoahsPvdJnz',#18,'Project Number',$,$,'Project Name','Project Status',(#22),#2139);
#28=IFCCLASSIFICATION('CSI (Construction Specifications Institute)','1998',$,'Uniformat','UniFormat Classification','https://www.csiresources.org/standards/uniformat',$);
#29=IFCAXIS2PLACEMENT3D(#3,$,$);
#30=IFCLOCALPLACEMENT(#49,#29);
#31=IFCPOSTALADDRESS($,$,$,$,('Enter address hereAddress Line 2'),$,'','Boston','','MA');
#32=IFCBUILDING('3BiAukOr129OoahsPvdJny',#18,'Building Name',$,$,#30,$,'Building Name',.ELEMENT.,$,$,#31);
#33=IFCAXIS2PLACEMENT3D(#3,$,$);
#34=IFCLOCALPLACEMENT(#30,#33);
#35=IFCBUILDINGSTOREY('2JF4e6axWHqu3u0C1FZlmi',#18,'L1',$,'Level:8mm Head',#34,$,'L1',.ELEMENT.,0.);
#36=IFCCARTESIANPOINT((0.,0.,3000.));
#37=IFCAXIS2PLACEMENT3D(#36,$,$);
#38=IFCLOCALPLACEMENT(#30,#37);
#39=IFCBUILDINGSTOREY('1ZGO8hrFCHqw0v0026FpFv',#18,'L2',$,'Level:8mm Head',#38,$,'L2',.ELEMENT.,3000.);
#40=IFCCARTESIANPOINT((0.,0.,6000.));
#41=IFCAXIS2PLACEMENT3D(#40,$,$);
#42=IFCLOCALPLACEMENT(#30,#41);
#43=IFCBUILDINGSTOREY('3luEbGC9HAlQ1SJDZs1YFK',#18,'L3',$,'Level:8mm Head',#42,$,'L3',.ELEMENT.,6000.);
#44=IFCCARTESIANPOINT((0.,0.,9000.));
#45=IFCAXIS2PLACEMENT3D(#44,$,$);
#46=IFCLOCALPLACEMENT(#30,#45);
#47=IFCBUILDINGSTOREY('3luEbGC9HAlQ1SJDZs1Y6x',#18,'L4',$,'Level:8mm Head',#46,$,'L4',.ELEMENT.,9000.);
#48=IFCAXIS2PLACEMENT3D(#3,$,$);
#49=IFCLOCALPLACEMENT($,#48);
#50=IFCSITE('3BiAukOr129OoahsPvdJn$',#18,'Default',$,$,#49,$,$,.ELEMENT.,(42,21,31,401672),(-71,-3,-24,-345703),0.,$,$);
#51=IFCPROPERTYSINGLEVALUE('Reference',$,IFCIDENTIFIER('Project Information'),$);
#52=IFCPROPERTYSET('2mFJcO6I01h0OYRLOICO3c',#18,'Pset_SiteCommon',$,(#51));
#53=IFCPROPERTYSINGLEVALUE('IsExternal',$,IFCBOOLEAN(.F.),$);
#54=IFCPROPERTYSET('0O$B2PbAODr9jYnpcaZGJT',#18,'Pset_SpaceCommon',$,(#51,#53));
#55=IFCRELDEFINESBYPROPERTIES('2fDrcjst0HFayqQ3dY1cGQ',#18,$,$,(#50),#52);
#56=IFCRELDEFINESBYPROPERTIES('1lYkP70lXSGXnZeJnLC8MY',#18,$,$,(#50),#54);
#125=IFCCARTESIANPOINT((250.,125.,0.));
#126=IFCAXIS2PLACEMENT3D(#125,$,$);
#127=IFCLOCALPLACEMENT(#38,#126);
#128=IFCCARTESIANPOINT((5750.,0.));
#129=IFCPOLYLINE((#4,#128));
#130=IFCSHAPEREPRESENTATION(#23,'Axis','Curve2D',(#129));
#131=IFCSIUNIT(*,.AREAUNIT.,$,.SQUARE_METRE.);
#132=IFCCARTESIANPOINT((2875.,-7.105427357601E-15));
#133=IFCAXIS2PLACEMENT2D(#132,#12);
#134=IFCRECTANGLEPROFILEDEF(.AREA.,$,#133,5750.,250.);
#135=IFCAXIS2PLACEMENT3D(#3,$,$);
#136=IFCEXTRUDEDAREASOLID(#134,#135,#9,3000.);
#137=IFCCOLOURRGB($,0.752941176470588,0.752941176470588,0.752941176470588);
#138=IFCSURFACESTYLERENDERING(#137,0.,$,$,$,$,IFCNORMALISEDRATIOMEASURE(0.5),IFCSPECULAREXPONENT(10.),.NOTDEFINED.);
#139=IFCSURFACESTYLE('Default Wall',.BOTH.,(#138));
#140=IFCSTYLEDITEM(#136,(#139),$);
#141=IFCSHAPEREPRESENTATION(#24,'Body','SweptSolid',(#136));
#142=IFCPRODUCTDEFINITIONSHAPE($,$,(#130,#141));
#143=IFCWALL('3luEbGC9HAlQ1SJDZs1YBa',#18,'Basic Wall:Generic - 250mm:1635694',$,'Basic Wall:Generic - 250mm',#127,#142,'1635694',.NOTDEFINED.);
#144=IFCMATERIAL('Default Wall',$,'Miscellaneous');
#145=IFCSTYLEDITEM($,(#139),$);
#146=IFCSTYLEDREPRESENTATION(#22,'Style','Material',(#145));
#147=IFCMATERIALDEFINITIONREPRESENTATION($,$,(#146),#144);
#148=IFCMATERIALLAYER(#144,250.,$,'Layer',$,'Miscellaneous',$);
#149=IFCMATERIALLAYERSET((#148),'Basic Wall:Generic - 250mm',$);
#150=IFCWALLTYPE('3E$cYc__TFSxk95ilJEoCQ',#18,'Basic Wall:Generic - 250mm',$,$,(#164),$,'1616938',$,.STANDARD.);
#151=IFCPROPERTYSINGLEVALUE('Reference',$,IFCIDENTIFIER('Generic - 250mm'),$);
#152=IFCPROPERTYSET('2Q4k9Fyx5$0ET5rJLg$HNG',#18,'Pset_EnvironmentalImpactIndicators',$,(#151));
#153=IFCPROPERTYSINGLEVALUE('Reference',$,IFCLABEL('Generic - 250mm'),$);
#154=IFCPROPERTYSET('3pQs1qTtYpZXWMYdSXYdqu',#18,'Pset_ReinforcementBarPitchOfWall',$,(#153));
#155=IFCPROPERTYSINGLEVALUE('IsExternal',$,IFCBOOLEAN(.T.),$);
#156=IFCPROPERTYSINGLEVALUE('LoadBearing',$,IFCBOOLEAN(.F.),$);
#157=IFCPROPERTYSINGLEVALUE('ExtendToStructure',$,IFCBOOLEAN(.F.),$);
#158=IFCPROPERTYSET('2rfNWmMV7x5FNPE01uB9Ra',#18,'Pset_WallCommon',$,(#151,#155,#156,#157));
#159=IFCRELDEFINESBYPROPERTIES('2Un3rhWsttQcTpVoPGBSxS',#18,$,$,(#143),#152);
#160=IFCRELDEFINESBYPROPERTIES('0Sj1U7LNTussyPZmKosf1K',#18,$,$,(#143),#154);
#161=IFCRELDEFINESBYPROPERTIES('358JtqOY1SHnja48qMyN0s',#18,$,$,(#143),#158);
#162=IFCCLASSIFICATIONREFERENCE('https://www.csiresources.org/standards/uniformat','B2010','Exterior Walls',#28,'',$);
#163=IFCPROPERTYSINGLEVALUE('Description',$,IFCTEXT('Generic Wall (Material By Category), 200mm thick'),$);
#164=IFCPROPERTYSET('2M6hyWcyLpt6k7IojqZ76o',#18,'Pset_ReinforcementBarPitchOfWall',$,(#163));
#165=IFCCARTESIANPOINT((125.,10000.,0.));
#166=IFCAXIS2PLACEMENT3D(#165,#9,#8);
#167=IFCLOCALPLACEMENT(#38,#166);
#168=IFCCARTESIANPOINT((10000.,0.));
#169=IFCPOLYLINE((#4,#168));
#170=IFCSHAPEREPRESENTATION(#23,'Axis','Curve2D',(#169));
#171=IFCCARTESIANPOINT((5000.,0.));
#172=IFCAXIS2PLACEMENT2D(#171,#12);
#173=IFCRECTANGLEPROFILEDEF(.AREA.,$,#172,10000.,250.);
#174=IFCAXIS2PLACEMENT3D(#3,$,$);
#175=IFCEXTRUDEDAREASOLID(#173,#174,#9,3000.);
#176=IFCSTYLEDITEM(#175,(#139),$);
#177=IFCSHAPEREPRESENTATION(#24,'Body','SweptSolid',(#175));
#178=IFCPRODUCTDEFINITIONSHAPE($,$,(#170,#177));
#179=IFCWALL('3luEbGC9HAlQ1SJDZs1YBb',#18,'Basic Wall:Generic - 250mm:1635695',$,'Basic Wall:Generic - 250mm',#167,#178,'1635695',.NOTDEFINED.);
#180=IFCPROPERTYSET('2UsrrcEhjpaQ2cjiP$1xJo',#18,'Pset_EnvironmentalImpactIndicators',$,(#151));
#181=IFCPROPERTYSINGLEVALUE('Reference',$,IFCLABEL('Generic - 250mm'),$);
#182=IFCPROPERTYSET('3F$$9_22NicM4dR6f6oq$5',#18,'Pset_ReinforcementBarPitchOfWall',$,(#181));
#183=IFCPROPERTYSET('0Oyt0Q0joB_8pWJblf1eAk',#18,'Pset_WallCommon',$,(#151,#155,#156,#157));
#184=IFCRELDEFINESBYPROPERTIES('3BF$KCAyoMuVB2IwFYU1Nd',#18,$,$,(#179),#180);
#185=IFCRELDEFINESBYPROPERTIES('0u2zdelmc_UJpoDm$2LYZW',#18,$,$,(#179),#182);
#186=IFCRELDEFINESBYPROPERTIES('2mYmcarAeAJtAZTT_q9sMO',#18,$,$,(#179),#183);
#187=IFCCARTESIANPOINT((5875.,250.,0.));
#188=IFCAXIS2PLACEMENT3D(#187,#9,#7);
#189=IFCLOCALPLACEMENT(#38,#188);
#190=IFCCARTESIANPOINT((9750.,-0.));
#191=IFCPOLYLINE((#4,#190));
#192=IFCSHAPEREPRESENTATION(#23,'Axis','Curve2D',(#191));
#193=IFCCARTESIANPOINT((4875.,-3.83693077310454E-13));
#194=IFCAXIS2PLACEMENT2D(#193,#12);
#195=IFCRECTANGLEPROFILEDEF(.AREA.,$,#194,9750.,249.999999999999);
#196=IFCAXIS2PLACEMENT3D(#3,$,$);
#197=IFCEXTRUDEDAREASOLID(#195,#196,#9,3000.);
#198=IFCSTYLEDITEM(#197,(#139),$);
#199=IFCSHAPEREPRESENTATION(#24,'Body','SweptSolid',(#197));
#200=IFCPRODUCTDEFINITIONSHAPE($,$,(#192,#199));
#201=IFCWALL('3luEbGC9HAlQ1SJDZs1YBw',#18,'Basic Wall:Generic - 250mm:1635696',$,'Basic Wall:Generic - 250mm',#189,#200,'1635696',.NOTDEFINED.);
#202=IFCPROPERTYSET('1QLoP8sMvAzTpwcOLlXV8X',#18,'Pset_EnvironmentalImpactIndicators',$,(#151));
#203=IFCPROPERTYSINGLEVALUE('Reference',$,IFCLABEL('Generic - 250mm'),$);
#204=IFCPROPERTYSET('2oEPvNyz0R63Ehm7Y3m6pe',#18,'Pset_ReinforcementBarPitchOfWall',$,(#203));
#205=IFCPROPERTYSET('0kJMYIIW7jaflxSXD6bTTT',#18,'Pset_WallCommon',$,(#151,#155,#156,#157));
#206=IFCRELDEFINESBYPROPERTIES('0hjXaGT$PUyUX_pgJfJcqT',#18,$,$,(#201),#202);
#207=IFCRELDEFINESBYPROPERTIES('2mtAstjc5FrAlgJaBgJXlA',#18,$,$,(#201),#204);
#208=IFCRELDEFINESBYPROPERTIES('1_dypG38kM33RximR6IVoE',#18,$,$,(#201),#205);
#209=IFCCARTESIANPOINT((5750.,9875.,0.));
#210=IFCAXIS2PLACEMENT3D(#209,#9,#6);
#211=IFCLOCALPLACEMENT(#38,#210);
#212=IFCCARTESIANPOINT((5500.,0.));
#213=IFCPOLYLINE((#4,#212));
#214=IFCSHAPEREPRESENTATION(#23,'Axis','Curve2D',(#213));
#215=IFCCARTESIANPOINT((2750.,2.27373675443232E-13));
#216=IFCAXIS2PLACEMENT2D(#215,#12);
#217=IFCRECTANGLEPROFILEDEF(.AREA.,$,#216,5500.,249.999999999999);
#218=IFCAXIS2PLACEMENT3D(#3,$,$);
#219=IFCEXTRUDEDAREASOLID(#217,#218,#9,3000.);
#220=IFCSTYLEDITEM(#219,(#139),$);
#221=IFCSHAPEREPRESENTATION(#24,'Body','SweptSolid',(#219));
#222=IFCPRODUCTDEFINITIONSHAPE($,$,(#214,#221));
#223=IFCWALL('3luEbGC9HAlQ1SJDZs1YBx',#18,'Basic Wall:Generic - 250mm:1635697',$,'Basic Wall:Generic - 250mm',#211,#222,'1635697',.NOTDEFINED.);
#224=IFCPROPERTYSET('3d3DmURP4ByFwfi9AjA$Pi',#18,'Pset_EnvironmentalImpactIndicators',$,(#151));
#225=IFCPROPERTYSINGLEVALUE('Reference',$,IFCLABEL('Generic - 250mm'),$);
#226=IFCPROPERTYSET('1eeh2MIGBBxVEOLFbGODMh',#18,'Pset_ReinforcementBarPitchOfWall',$,(#225));
#227=IFCPROPERTYSET('2braE1OW9dfdXdfPOzeum4',#18,'Pset_WallCommon',$,(#151,#155,#156,#157));
#228=IFCRELDEFINESBYPROPERTIES('0BfAJ0FWhcvFADyYUbU8Bo',#18,$,$,(#223),#224);
#229=IFCRELDEFINESBYPROPERTIES('0RgRCsJaQuq4A$zU5E5Qpl',#18,$,$,(#223),#226);
#230=IFCRELDEFINESBYPROPERTIES('3mi1UAoIdAKvVcApQfpAjq',#18,$,$,(#223),#227);
#231=IFCCARTESIANPOINT((125.,10000.,0.));
#232=IFCAXIS2PLACEMENT3D(#231,#9,#8);
#233=IFCLOCALPLACEMENT(#42,#232);
#234=IFCCARTESIANPOINT((10000.,0.));
#235=IFCPOLYLINE((#4,#234));
#236=IFCSHAPEREPRESENTATION(#23,'Axis','Curve2D',(#235));
#237=IFCCARTESIANPOINT((5000.,0.));
#238=IFCAXIS2PLACEMENT2D(#237,#12);
#239=IFCRECTANGLEPROFILEDEF(.AREA.,$,#238,10000.,250.);
#240=IFCAXIS2PLACEMENT3D(#3,$,$);
#241=IFCEXTRUDEDAREASOLID(#239,#240,#9,3000.);
#242=IFCSTYLEDITEM(#241,(#139),$);
#243=IFCSHAPEREPRESENTATION(#24,'Body','SweptSolid',(#241));
#244=IFCPRODUCTDEFINITIONSHAPE($,$,(#236,#243));
#245=IFCWALL('3luEbGC9HAlQ1SJDZs1Y5a',#18,'Basic Wall:Generic - 250mm:1636078',$,'Basic Wall:Generic - 250mm',#233,#244,'1636078',.NOTDEFINED.);
#246=IFCPROPERTYSET('3OSc6LppZ7JfCrxX1T770V',#18,'Pset_EnvironmentalImpactIndicators',$,(#151));
#247=IFCPROPERTYSINGLEVALUE('Reference',$,IFCLABEL('Generic - 250mm'),$);
#248=IFCPROPERTYSET('2ZHxMoDQz5csDcZr$A15zC',#18,'Pset_ReinforcementBarPitchOfWall',$,(#247));
#249=IFCPROPERTYSET('0RK1TLR6pU9D96htn_Gxya',#18,'Pset_WallCommon',$,(#151,#155,#156,#157));
#250=IFCRELDEFINESBYPROPERTIES('0iqYtEXdY1O3mbWgOiu4$W',#18,$,$,(#245),#246);
#251=IFCRELDEFINESBYPROPERTIES('2KERxKaFtANO6IGfHWXIXm',#18,$,$,(#245),#248);
#252=IFCRELDEFINESBYPROPERTIES('1iSpaUEK6cOZ6BEHs_8oxa',#18,$,$,(#245),#249);
#253=IFCCARTESIANPOINT((5875.,0.,0.));
#254=IFCAXIS2PLACEMENT3D(#253,#9,#7);
#255=IFCLOCALPLACEMENT(#42,#254);
#256=IFCCARTESIANPOINT((10000.,-0.));
#257=IFCPOLYLINE((#4,#256));
#258=IFCSHAPEREPRESENTATION(#23,'Axis','Curve2D',(#257));
#259=IFCCARTESIANPOINT((5000.,-1.70530256582424E-13));
#260=IFCAXIS2PLACEMENT2D(#259,#12);
#261=IFCRECTANGLEPROFILEDEF(.AREA.,$,#260,10000.,249.999999999999);
#262=IFCAXIS2PLACEMENT3D(#3,$,$);
#263=IFCEXTRUDEDAREASOLID(#261,#262,#9,3000.);
#264=IFCSTYLEDITEM(#263,(#139),$);
#265=IFCSHAPEREPRESENTATION(#24,'Body','SweptSolid',(#263));
#266=IFCPRODUCTDEFINITIONSHAPE($,$,(#258,#265));
#267=IFCWALL('3luEbGC9HAlQ1SJDZs1Y5b',#18,'Basic Wall:Generic - 250mm:1636079',$,'Basic Wall:Generic - 250mm',#255,#266,'1636079',.NOTDEFINED.);
#268=IFCPROPERTYSET('1F9F2uCoJZc0vSyiHSeVU5',#18,'Pset_EnvironmentalImpactIndicators',$,(#151));
#269=IFCPROPERTYSINGLEVALUE('Reference',$,IFCLABEL('Generic - 250mm'),$);
#270=IFCPROPERTYSET('3hYbT8n$YoRxRPt6TSIRPi',#18,'Pset_ReinforcementBarPitchOfWall',$,(#269));
#271=IFCPROPERTYSET('308fo1NCoMY9h2h3tEuXnm',#18,'Pset_WallCommon',$,(#151,#155,#156,#157));
#272=IFCRELDEFINESBYPROPERTIES('1KemOxXMN7ZaALQNQLSZ_p',#18,$,$,(#267),#268);
#273=IFCRELDEFINESBYPROPERTIES('3_EGnv$6BeeQYZrSSwYAu$',#18,$,$,(#267),#270);
#274=IFCRELDEFINESBYPROPERTIES('0AJyw1EAbayjKc5UU4iUJ2',#18,$,$,(#267),#271);
#275=IFCCARTESIANPOINT((5750.,9875.,0.));
#276=IFCAXIS2PLACEMENT3D(#275,#9,#6);
#277=IFCLOCALPLACEMENT(#42,#276);
#278=IFCCARTESIANPOINT((5500.,0.));
#279=IFCPOLYLINE((#4,#278));
#280=IFCSHAPEREPRESENTATION(#23,'Axis','Curve2D',(#279));
#281=IFCCARTESIANPOINT((2750.,2.27373675443232E-13));
#282=IFCAXIS2PLACEMENT2D(#281,#12);
#283=IFCRECTANGLEPROFILEDEF(.AREA.,$,#282,5500.,249.999999999999);
#284=IFCAXIS2PLACEMENT3D(#3,$,$);
#285=IFCEXTRUDEDAREASOLID(#283,#284,#9,3000.);
#286=IFCSTYLEDITEM(#285,(#139),$);
#287=IFCSHAPEREPRESENTATION(#24,'Body','SweptSolid',(#285));
#288=IFCPRODUCTDEFINITIONSHAPE($,$,(#280,#287));
#289=IFCWALL('3luEbGC9HAlQ1SJDZs1Y5w',#18,'Basic Wall:Generic - 250mm:1636080',$,'Basic Wall:Generic - 250mm',#277,#288,'1636080',.NOTDEFINED.);
#290=IFCPROPERTYSET('0VtjsYT3dWxBO3CWP54IwU',#18,'Pset_EnvironmentalImpactIndicators',$,(#151));
#291=IFCPROPERTYSINGLEVALUE('Reference',$,IFCLABEL('Generic - 250mm'),$);
#292=IFCPROPERTYSET('2opG5iq4duittYD7tTpfHu',#18,'Pset_ReinforcementBarPitchOfWall',$,(#291));
#293=IFCPROPERTYSET('3EkBPD_KCladP_g2QLM93P',#18,'Pset_WallCommon',$,(#151,#155,#156,#157));
#294=IFCRELDEFINESBYPROPERTIES('1q4wf3pnO7mByhf_JIMn$O',#18,$,$,(#289),#290);
#295=IFCRELDEFINESBYPROPERTIES('3Y1MsnG0K8P5kfp69ch_iT',#18,$,$,(#289),#292);
#296=IFCRELDEFINESBYPROPERTIES('3d_u6eX4rYWau4ddLTZ6De',#18,$,$,(#289),#293);
#297=IFCCARTESIANPOINT((125.,10000.,0.));
#298=IFCAXIS2PLACEMENT3D(#297,#9,#8);
#299=IFCLOCALPLACEMENT(#46,#298);
#300=IFCCARTESIANPOINT((10025.,0.));
#301=IFCPOLYLINE((#4,#300));
#302=IFCSHAPEREPRESENTATION(#23,'Axis','Curve2D',(#301));
#303=IFCCARTESIANPOINT((5012.5,0.));
#304=IFCAXIS2PLACEMENT2D(#303,#12);
#305=IFCRECTANGLEPROFILEDEF(.AREA.,$,#304,10025.,250.);
#306=IFCAXIS2PLACEMENT3D(#3,$,$);
#307=IFCEXTRUDEDAREASOLID(#305,#306,#9,4000.);
#308=IFCSTYLEDITEM(#307,(#139),$);
#309=IFCSHAPEREPRESENTATION(#24,'Body','SweptSolid',(#307));
#310=IFCPRODUCTDEFINITIONSHAPE($,$,(#302,#309));
#311=IFCWALL('3luEbGC9HAlQ1SJDZs1Y2D',#18,'Basic Wall:Generic - 250mm:1636103',$,'Basic Wall:Generic - 250mm',#299,#310,'1636103',.NOTDEFINED.);
#312=IFCPROPERTYSET('29rgoDLFr46gpTSeYU$vg$',#18,'Pset_EnvironmentalImpactIndicators',$,(#151));
#313=IFCPROPERTYSINGLEVALUE('Reference',$,IFCLABEL('Generic - 250mm'),$);
#314=IFCPROPERTYSET('15_VG_dt4tQ9o9ix4oartt',#18,'Pset_ReinforcementBarPitchOfWall',$,(#313));
#315=IFCPROPERTYSET('0JpioS1ijfpPf1UEzjgIRD',#18,'Pset_WallCommon',$,(#151,#155,#156,#157));
#316=IFCRELDEFINESBYPROPERTIES('2H5nuRkH5NysVxJN2i4l6w',#18,$,$,(#311),#312);
#317=IFCRELDEFINESBYPROPERTIES('2qPHf0lqZTK9V$FQSw79AA',#18,$,$,(#311),#314);
#318=IFCRELDEFINESBYPROPERTIES('1yhOPwK12$O9GmXnufEpaM',#18,$,$,(#311),#315);
#319=IFCCARTESIANPOINT((5875.,-25.,0.));
#320=IFCAXIS2PLACEMENT3D(#319,#9,#7);
#321=IFCLOCALPLACEMENT(#46,#320);
#322=IFCCARTESIANPOINT((10025.,-0.));
#323=IFCPOLYLINE((#4,#322));
#324=IFCSHAPEREPRESENTATION(#23,'Axis','Curve2D',(#323));
#325=IFCCARTESIANPOINT((5012.5,-1.56319401867222E-13));
#326=IFCAXIS2PLACEMENT2D(#325,#12);
#327=IFCRECTANGLEPROFILEDEF(.AREA.,$,#326,10025.,249.999999999999);
#328=IFCAXIS2PLACEMENT3D(#3,$,$);
#329=IFCEXTRUDEDAREASOLID(#327,#328,#9,4000.);
#330=IFCSTYLEDITEM(#329,(#139),$);
#331=IFCSHAPEREPRESENTATION(#24,'Body','SweptSolid',(#329));
#332=IFCPRODUCTDEFINITIONSHAPE($,$,(#324,#331));
#333=IFCWALL('3luEbGC9HAlQ1SJDZs1Y22',#18,'Basic Wall:Generic - 250mm:1636104',$,'Basic Wall:Generic - 250mm',#321,#332,'1636104',.NOTDEFINED.);
#334=IFCPROPERTYSET('3VTe79uXeFmJdZ917lGxiZ',#18,'Pset_EnvironmentalImpactIndicators',$,(#151));
#335=IFCPROPERTYSINGLEVALUE('Reference',$,IFCLABEL('Generic - 250mm'),$);
#336=IFCPROPERTYSET('1SNx5GoXMhY7aPEorqXWOe',#18,'Pset_ReinforcementBarPitchOfWall',$,(#335));
#337=IFCPROPERTYSET('3yiknFB32HOZCaHi2xBhtl',#18,'Pset_WallCommon',$,(#151,#155,#156,#157));
#338=IFCRELDEFINESBYPROPERTIES('0fXgOrXsOm2V6I7Tl6DFer',#18,$,$,(#333),#334);
#339=IFCRELDEFINESBYPROPERTIES('05CZimhlcQI3AQkfjlkKVL',#18,$,$,(#333),#336);
#340=IFCRELDEFINESBYPROPERTIES('2iaWG77sggu6CCVA$lRXp4',#18,$,$,(#333),#337);
#341=IFCCARTESIANPOINT((5750.,9875.,0.));
#342=IFCAXIS2PLACEMENT3D(#341,#9,#6);
#343=IFCLOCALPLACEMENT(#46,#342);
#344=IFCCARTESIANPOINT((5500.,0.));
#345=IFCPOLYLINE((#4,#344));
#346=IFCSHAPEREPRESENTATION(#23,'Axis','Curve2D',(#345));
#347=IFCCARTESIANPOINT((2750.,2.27373675443232E-13));
#348=IFCAXIS2PLACEMENT2D(#347,#12);
#349=IFCRECTANGLEPROFILEDEF(.AREA.,$,#348,5500.,249.999999999999);
#350=IFCAXIS2PLACEMENT3D(#3,$,$);
#351=IFCEXTRUDEDAREASOLID(#349,#350,#9,4000.);
#352=IFCSTYLEDITEM(#351,(#139),$);
#353=IFCSHAPEREPRESENTATION(#24,'Body','SweptSolid',(#351));
#354=IFCPRODUCTDEFINITIONSHAPE($,$,(#346,#353));
#355=IFCWALL('3luEbGC9HAlQ1SJDZs1Y23',#18,'Basic Wall:Generic - 250mm:1636105',$,'Basic Wall:Generic - 250mm',#343,#354,'1636105',.NOTDEFINED.);
#356=IFCPROPERTYSET('1vVmI4NnC2flMVIEueUc5h',#18,'Pset_EnvironmentalImpactIndicators',$,(#151));
#357=IFCPROPERTYSINGLEVALUE('Reference',$,IFCLABEL('Generic - 250mm'),$);
#358=IFCPROPERTYSET('0Z$CxLTF_ZU640hjxzyob5',#18,'Pset_ReinforcementBarPitchOfWall',$,(#357));
#359=IFCPROPERTYSET('39exvrtWFoPMs099qMeYq3',#18,'Pset_WallCommon',$,(#151,#155,#156,#157));
#360=IFCRELDEFINESBYPROPERTIES('3oG2jeFJFvHM7EqtqsBVeE',#18,$,$,(#355),#356);
#361=IFCRELDEFINESBYPROPERTIES('0dWwWBj8Kc6k2qgzYTDYJu',#18,$,$,(#355),#358);
#362=IFCRELDEFINESBYPROPERTIES('3J1oSp5Bw3FXWsqPsoL1gk',#18,$,$,(#355),#359);
#363=IFCAXIS2PLACEMENT3D(#3,$,$);
#365=IFCCARTESIANPOINT((0.,0.));
#366=IFCAXIS2PLACEMENT2D(#365,#11);
#367=IFCRECTANGLEPROFILEDEF(.AREA.,'300 x 300 mm',#366,300.,300.);
#368=IFCAXIS2PLACEMENT3D(#3,#9,#6);
#369=IFCEXTRUDEDAREASOLID(#367,#368,#9,3000.);
#370=IFCSIUNIT(*,.PLANEANGLEUNIT.,$,.RADIAN.);
#371=IFCDIMENSIONALEXPONENTS(0,0,0,0,0,0,0);
#372=IFCMEASUREWITHUNIT(IFCPLANEANGLEMEASURE(0.0174532925199433),#370);
#373=IFCCONVERSIONBASEDUNIT(#371,.PLANEANGLEUNIT.,'DEGREE',#372);
#374=IFCCOLOURRGB($,0.,0.,0.);
#375=IFCSURFACESTYLERENDERING(#374,0.,$,$,$,$,IFCNORMALISEDRATIOMEASURE(0.5),IFCSPECULAREXPONENT(64.),.NOTDEFINED.);
#376=IFCSURFACESTYLE('Concrete, Cast-in-Place gray',.BOTH.,(#375));
#377=IFCSTYLEDITEM(#369,(#376),$);
#378=IFCSHAPEREPRESENTATION(#24,'Body','SweptSolid',(#369));
#379=IFCAXIS2PLACEMENT3D(#3,$,$);
#380=IFCREPRESENTATIONMAP(#379,#378);
#381=IFCCOLUMNTYPE('3luEbGC9HAlQ1SJDZs1YzG',#18,'M_Concrete-Rectangular-Column:300 x 300 mm',$,$,(#408),(#380),'1599231',$,.COLUMN.);
#382=IFCMATERIAL('Concrete, Cast-in-Place gray',$,'Concrete');
#383=IFCCOLOURRGB($,1.,1.,1.);
#384=IFCFILLAREASTYLE('<Solid fill>',(#383),$);
#385=IFCSTYLEDITEM($,(#376,#384),$);
#386=IFCSTYLEDREPRESENTATION(#22,'Style','Material and Cut Pattern',(#385));
#387=IFCMATERIALDEFINITIONREPRESENTATION($,$,(#386),#382);
#388=IFCMATERIALPROFILE('300 x 300 mm',$,#382,#367,$,$);
#389=IFCMATERIALPROFILESET('300 x 300 mm',$,(#388),$);
#390=IFCCARTESIANTRANSFORMATIONOPERATOR3D($,$,#3,1.,$);
#391=IFCMAPPEDITEM(#380,#390);
#392=IFCSHAPEREPRESENTATION(#24,'Body','MappedRepresentation',(#391));
#393=IFCPRODUCTDEFINITIONSHAPE($,$,(#392));
#394=IFCCARTESIANPOINT((150.,150.,0.));
#395=IFCAXIS2PLACEMENT3D(#394,$,$);
#396=IFCLOCALPLACEMENT(#34,#395);
#397=IFCCOLUMN('3luEbGC9HAlQ1SJDZs1Y$a',#18,'M_Concrete-Rectangular-Column:300 x 300 mm:1636462',$,'M_Concrete-Rectangular-Column:300 x 300 mm',#396,#393,'1636462',.COLUMN.);
#398=IFCMATERIALPROFILESETUSAGE(#389,$,$);
#399=IFCPROPERTYSINGLEVALUE('Reference',$,IFCIDENTIFIER('300 x 300 mm'),$);
#400=IFCPROPERTYSINGLEVALUE('LoadBearing',$,IFCBOOLEAN(.T.),$);
#401=IFCPROPERTYSET('3YzwGNQXQ2GKccz_TT7tY7',#18,'Pset_ColumnCommon',$,(#53,#399,#400));
#402=IFCPROPERTYSET('3HSxf$RJdAB$vpLreWJPrj',#18,'Pset_EnvironmentalImpactIndicators',$,(#399));
#403=IFCPROPERTYSINGLEVALUE('Reference',$,IFCLABEL('300 x 300 mm'),$);
#404=IFCPROPERTYSET('0SrYz6OXbP2nKi_rLf0apI',#18,'Pset_ReinforcementBarPitchOfColumn',$,(#403));
#405=IFCRELDEFINESBYPROPERTIES('0Dae0KTeCfMfH5r73od7D0',#18,$,$,(#397),#401);
#406=IFCRELDEFINESBYPROPERTIES('0MS$peu6HSEhfDYFnv57QZ',#18,$,$,(#397),#402);
#407=IFCRELDEFINESBYPROPERTIES('39qFGIJAndsX8c3bWM48a7',#18,$,$,(#397),#404);
#408=IFCPROPERTYSET('3RZroSy$ja$mJWKe7DG0OM',#18,'Pset_ColumnCommon',$,(#400));
#409=IFCMAPPEDITEM(#380,#390);
#410=IFCSHAPEREPRESENTATION(#24,'Body','MappedRepresentation',(#409));
#411=IFCPRODUCTDEFINITIONSHAPE($,$,(#410));
#412=IFCCARTESIANPOINT((5850.,150.,0.));
#413=IFCAXIS2PLACEMENT3D(#412,$,$);
#414=IFCLOCALPLACEMENT(#34,#413);
#415=IFCCOLUMN('3luEbGC9HAlQ1SJDZs1YuN',#18,'M_Concrete-Rectangular-Column:300 x 300 mm:1636765',$,'M_Concrete-Rectangular-Column:300 x 300 mm',#414,#411,'1636765',.COLUMN.);
#416=IFCPROPERTYSET('2mnnM1jLZaLQgysDjJQsAS',#18,'Pset_ColumnCommon',$,(#53,#399,#400));
#417=IFCPROPERTYSET('3eKVTi1oabgffn_ftKAhE2',#18,'Pset_EnvironmentalImpactIndicators',$,(#399));
#418=IFCPROPERTYSINGLEVALUE('Reference',$,IFCLABEL('300 x 300 mm'),$);
#419=IFCPROPERTYSET('2mdnF4g2hOOSdW9NOSY5u3',#18,'Pset_ReinforcementBarPitchOfColumn',$,(#418));
#420=IFCRELDEFINESBYPROPERTIES('36Ive$0It4Ki36u1D0xdyO',#18,$,$,(#415),#416);
#421=IFCRELDEFINESBYPROPERTIES('1ar4$YD0YRcBm2CIzyoyRO',#18,$,$,(#415),#417);
#422=IFCRELDEFINESBYPROPERTIES('3tg7UDjP0HkcNHh4PjYLsB',#18,$,$,(#415),#419);
#423=IFCCARTESIANPOINT((125.,10025.,0.));
#424=IFCAXIS2PLACEMENT3D(#423,#9,#8);
#425=IFCLOCALPLACEMENT(#34,#424);
#426=IFCCARTESIANPOINT((9985.,-0.));
#427=IFCPOLYLINE((#4,#426));
#428=IFCSHAPEREPRESENTATION(#23,'Axis','Curve2D',(#427));
#429=IFCCARTESIANPOINT((4992.5,7.105427357601E-15));
#430=IFCAXIS2PLACEMENT2D(#429,#12);
#431=IFCRECTANGLEPROFILEDEF(.AREA.,$,#430,9985.,250.);
#432=IFCAXIS2PLACEMENT3D(#3,$,$);
#433=IFCEXTRUDEDAREASOLID(#431,#432,#9,3000.);
#434=IFCSTYLEDITEM(#433,(#139),$);
#435=IFCSHAPEREPRESENTATION(#24,'Body','SweptSolid',(#433));
#436=IFCPRODUCTDEFINITIONSHAPE($,$,(#428,#435));
#437=IFCWALL('3luEbGC9HAlQ1SJDZs1Ytu',#18,'Basic Wall:Generic - 250mm:1636978',$,'Basic Wall:Generic - 250mm',#425,#436,'1636978',.NOTDEFINED.);
#438=IFCPROPERTYSET('0TzmkU84Wm_4eZNDSGpcud',#18,'Pset_EnvironmentalImpactIndicators',$,(#151));
#439=IFCPROPERTYSINGLEVALUE('Reference',$,IFCLABEL('Generic - 250mm'),$);
#440=IFCPROPERTYSET('07nmv9piWMZdY6gYZavj9A',#18,'Pset_ReinforcementBarPitchOfWall',$,(#439));
#441=IFCPROPERTYSET('2gfMQXFJ0f0Cj6GYZjxAh2',#18,'Pset_WallCommon',$,(#151,#155,#156,#157));
#442=IFCRELDEFINESBYPROPERTIES('2hzYYjW$r2_1gDWrjrusDI',#18,$,$,(#437),#438);
#443=IFCRELDEFINESBYPROPERTIES('0BK_QUrTsPKwJfI9J2VoCP',#18,$,$,(#437),#440);
#444=IFCRELDEFINESBYPROPERTIES('1_VB1iHtJqqIxf2h$zq_Bg',#18,$,$,(#437),#441);
#445=IFCCARTESIANPOINT((5875.,40.,0.));
#446=IFCAXIS2PLACEMENT3D(#445,#9,#7);
#447=IFCLOCALPLACEMENT(#34,#446);
#448=IFCCARTESIANPOINT((9985.,-0.));
#449=IFCPOLYLINE((#4,#448));
#450=IFCSHAPEREPRESENTATION(#23,'Axis','Curve2D',(#449));
#451=IFCCARTESIANPOINT((4992.5,-1.91846538655227E-13));
#452=IFCAXIS2PLACEMENT2D(#451,#12);
#453=IFCRECTANGLEPROFILEDEF(.AREA.,$,#452,9985.,249.999999999999);
#454=IFCAXIS2PLACEMENT3D(#3,$,$);
#455=IFCEXTRUDEDAREASOLID(#453,#454,#9,3000.);
#456=IFCSTYLEDITEM(#455,(#139),$);
#457=IFCSHAPEREPRESENTATION(#24,'Body','SweptSolid',(#455));
#458=IFCPRODUCTDEFINITIONSHAPE($,$,(#450,#457));
#459=IFCWALL('3luEbGC9HAlQ1SJDZs1Ytv',#18,'Basic Wall:Generic - 250mm:1636979',$,'Basic Wall:Generic - 250mm',#447,#458,'1636979',.NOTDEFINED.);
#460=IFCPROPERTYSET('0qeKs2$r3bAMQ4GbZIxYKu',#18,'Pset_EnvironmentalImpactIndicators',$,(#151));
#461=IFCPROPERTYSINGLEVALUE('Reference',$,IFCLABEL('Generic - 250mm'),$);
#462=IFCPROPERTYSET('2oWv5$8vWv1t$tPai8s5el',#18,'Pset_ReinforcementBarPitchOfWall',$,(#461));
#463=IFCPROPERTYSET('1esSIdYySloEEX1WgQMz9T',#18,'Pset_WallCommon',$,(#151,#155,#156,#157));
#464=IFCRELDEFINESBYPROPERTIES('2Z9tCQJLtIp04LEx9hgQIG',#18,$,$,(#459),#460);
#465=IFCRELDEFINESBYPROPERTIES('0r7sfNQTsB5DO$Kop00V09',#18,$,$,(#459),#462);
#466=IFCRELDEFINESBYPROPERTIES('2K0WzbyW5hssKu5QuWtXsa',#18,$,$,(#459),#463);
#467=IFCCARTESIANPOINT((5750.,9900.,0.));
#468=IFCAXIS2PLACEMENT3D(#467,#9,#6);
#469=IFCLOCALPLACEMENT(#34,#468);
#470=IFCCARTESIANPOINT((5500.,0.));
#471=IFCPOLYLINE((#4,#470));
#472=IFCSHAPEREPRESENTATION(#23,'Axis','Curve2D',(#471));
#473=IFCCARTESIANPOINT((2750.,2.27373675443232E-13));
#474=IFCAXIS2PLACEMENT2D(#473,#12);
#475=IFCRECTANGLEPROFILEDEF(.AREA.,$,#474,5500.,249.999999999999);
#476=IFCAXIS2PLACEMENT3D(#3,$,$);
#477=IFCEXTRUDEDAREASOLID(#475,#476,#9,3000.);
#478=IFCSTYLEDITEM(#477,(#139),$);
#479=IFCSHAPEREPRESENTATION(#24,'Body','SweptSolid',(#477));
#480=IFCPRODUCTDEFINITIONSHAPE($,$,(#472,#479));
#481=IFCWALL('3luEbGC9HAlQ1SJDZs1Yt_',#18,'Basic Wall:Generic - 250mm:1636980',$,'Basic Wall:Generic - 250mm',#469,#480,'1636980',.NOTDEFINED.);
#482=IFCPROPERTYSET('3$aaa0pLrOL4qq$ejJU3MP',#18,'Pset_EnvironmentalImpactIndicators',$,(#151));
#483=IFCPROPERTYSINGLEVALUE('Reference',$,IFCLABEL('Generic - 250mm'),$);
#484=IFCPROPERTYSET('0iEcXFDLU0C9B$YQz2D3WU',#18,'Pset_ReinforcementBarPitchOfWall',$,(#483));
#485=IFCPROPERTYSET('1Rjo8V4_Hy2Q4Cwo_qDEHL',#18,'Pset_WallCommon',$,(#151,#155,#156,#157));
#486=IFCRELDEFINESBYPROPERTIES('2vlkFsMIxhlWeUlxsPceeh',#18,$,$,(#481),#482);
#487=IFCRELDEFINESBYPROPERTIES('1DJJKbw3UcbjCqKgyvAUoR',#18,$,$,(#481),#484);
#488=IFCRELDEFINESBYPROPERTIES('0aOqr$a$ad1Nu70tkoVLFq',#18,$,$,(#481),#485);
#489=IFCCARTESIANPOINT((1130.,154.749999999977,1800.));
#490=IFCCARTESIANPOINT((1130.,269.049999999993,1800.));
#491=IFCCARTESIANPOINT((0.,269.049999999997,1800.));
#492=IFCCARTESIANPOINT((0.,154.749999999981,1800.));
#493=IFCPOLYLOOP((#489,#490,#491,#492));
#494=IFCFACEOUTERBOUND(#493,.T.);
#495=IFCFACE((#494));
#496=IFCCARTESIANPOINT((0.,269.049999999997,0.));
#497=IFCCARTESIANPOINT((0.,154.749999999981,0.));
#498=IFCPOLYLOOP((#492,#491,#496,#497));
#499=IFCFACEOUTERBOUND(#498,.T.);
#500=IFCFACE((#499));
#501=IFCCARTESIANPOINT((1130.,269.049999999993,0.));
#502=IFCCARTESIANPOINT((1130.,154.749999999977,0.));
#503=IFCPOLYLOOP((#497,#496,#501,#502));
#504=IFCFACEOUTERBOUND(#503,.T.);
#505=IFCFACE((#504));
#506=IFCCARTESIANPOINT((1098.25000000006,154.749999999977,1768.25000000007));
#507=IFCCARTESIANPOINT((1098.25000000006,154.749999999977,31.7499999999359));
#508=IFCCARTESIANPOINT((31.7499999999357,154.749999999981,31.7499999999357));
#509=IFCCARTESIANPOINT((31.749999999936,154.749999999981,1768.25000000007));
#510=IFCPOLYLOOP((#492,#497,#502,#489));
#511=IFCFACEOUTERBOUND(#510,.T.);
#512=IFCPOLYLOOP((#506,#507,#508,#509));
#513=IFCFACEBOUND(#512,.T.);
#514=IFCFACE((#511,#513));
#515=IFCPOLYLOOP((#502,#501,#490,#489));
#516=IFCFACEOUTERBOUND(#515,.T.);
#517=IFCFACE((#516));
#518=IFCCARTESIANPOINT((12.6999999999998,269.049999999996,1787.30000000001));
#519=IFCCARTESIANPOINT((12.6999999999998,269.049999999996,12.6999999999994));
#520=IFCCARTESIANPOINT((1117.3,269.049999999993,12.6999999999993));
#521=IFCCARTESIANPOINT((1117.3,269.049999999993,1787.30000000001));
#522=IFCPOLYLOOP((#490,#501,#496,#491));
#523=IFCFACEOUTERBOUND(#522,.T.);
#524=IFCPOLYLOOP((#518,#519,#520,#521));
#525=IFCFACEBOUND(#524,.T.);
#526=IFCFACE((#523,#525));
#527=IFCCARTESIANPOINT((1098.25000000006,218.249999999995,1768.25000000007));
#528=IFCCARTESIANPOINT((31.7499999999367,218.249999999999,1768.25000000007));
#529=IFCPOLYLOOP((#527,#506,#509,#528));
#530=IFCFACEOUTERBOUND(#529,.T.);
#531=IFCFACE((#530));
#532=IFCCARTESIANPOINT((1117.3,218.249999999995,1787.30000000001));
#533=IFCCARTESIANPOINT((12.7,218.249999999999,1787.30000000001));
#534=IFCPOLYLOOP((#521,#532,#533,#518));
#535=IFCFACEOUTERBOUND(#534,.T.);
#536=IFCFACE((#535));
#537=IFCCARTESIANPOINT((31.7499999999365,218.249999999999,31.7499999999365));
#538=IFCPOLYLOOP((#528,#509,#508,#537));
#539=IFCFACEOUTERBOUND(#538,.T.);
#540=IFCFACE((#539));
#541=IFCCARTESIANPOINT((12.6999999999998,218.249999999999,12.6999999999998));
#542=IFCPOLYLOOP((#518,#533,#541,#519));
#543=IFCFACEOUTERBOUND(#542,.T.);
#544=IFCFACE((#543));
#545=IFCCARTESIANPOINT((1098.25000000006,218.249999999995,31.7499999999365));
#546=IFCPOLYLOOP((#537,#508,#507,#545));
#547=IFCFACEOUTERBOUND(#546,.T.);
#548=IFCFACE((#547));
#549=IFCCARTESIANPOINT((1117.3,218.249999999995,12.6999999999998));
#550=IFCPOLYLOOP((#519,#541,#549,#520));
#551=IFCFACEOUTERBOUND(#550,.T.);
#552=IFCFACE((#551));
#553=IFCPOLYLOOP((#545,#507,#506,#527));
#554=IFCFACEOUTERBOUND(#553,.T.);
#555=IFCFACE((#554));
#556=IFCPOLYLOOP((#528,#537,#545,#527));
#557=IFCFACEBOUND(#556,.T.);
#558=IFCPOLYLOOP((#532,#549,#541,#533));
#559=IFCFACEOUTERBOUND(#558,.T.);
#560=IFCFACE((#557,#559));
#561=IFCPOLYLOOP((#520,#549,#532,#521));
#562=IFCFACEOUTERBOUND(#561,.T.);
#563=IFCFACE((#562));
#564=IFCCARTESIANPOINT((0.,0.,1800.));
#565=IFCCARTESIANPOINT((1130.,0.,0.));
#566=IFCCARTESIANPOINT((1130.,0.,1800.));
#567=IFCCARTESIANPOINT((1117.29999999993,0.,1787.30000000005));
#568=IFCCARTESIANPOINT((1117.29999999993,0.,12.7000000000069));
#569=IFCCARTESIANPOINT((12.6999999999046,0.,12.7000000000069));
#570=IFCCARTESIANPOINT((12.6999999999046,0.,1787.30000000005));
#571=IFCPOLYLOOP((#564,#3,#565,#566));
#572=IFCFACEOUTERBOUND(#571,.T.);
#573=IFCPOLYLOOP((#567,#568,#569,#570));
#574=IFCFACEBOUND(#573,.T.);
#575=IFCFACE((#572,#574));
#576=IFCCARTESIANPOINT((0.,154.75,1800.));
#577=IFCCARTESIANPOINT((1130.,154.75,1800.));
#578=IFCCARTESIANPOINT((1130.,154.75,0.));
#579=IFCCARTESIANPOINT((0.,154.75,0.));
#580=IFCCARTESIANPOINT((1117.29999999993,154.75,1787.30000000005));
#581=IFCCARTESIANPOINT((12.6999999999046,154.75,1787.30000000005));
#582=IFCCARTESIANPOINT((12.6999999999046,154.75,12.7000000000069));
#583=IFCCARTESIANPOINT((1117.29999999993,154.75,12.7000000000069));
#584=IFCPOLYLOOP((#576,#577,#578,#579));
#585=IFCFACEOUTERBOUND(#584,.T.);
#586=IFCPOLYLOOP((#580,#581,#582,#583));
#587=IFCFACEBOUND(#586,.T.);
#588=IFCFACE((#585,#587));
#589=IFCPOLYLOOP((#3,#564,#576,#579));
#590=IFCFACEOUTERBOUND(#589,.T.);
#591=IFCFACE((#590));
#592=IFCPOLYLOOP((#565,#3,#579,#578));
#593=IFCFACEOUTERBOUND(#592,.T.);
#594=IFCFACE((#593));
#595=IFCPOLYLOOP((#566,#565,#578,#577));
#596=IFCFACEOUTERBOUND(#595,.T.);
#597=IFCFACE((#596));
#598=IFCPOLYLOOP((#564,#566,#577,#576));
#599=IFCFACEOUTERBOUND(#598,.T.);
#600=IFCFACE((#599));
#601=IFCPOLYLOOP((#568,#567,#580,#583));
#602=IFCFACEOUTERBOUND(#601,.T.);
#603=IFCFACE((#602));
#604=IFCPOLYLOOP((#569,#568,#583,#582));
#605=IFCFACEOUTERBOUND(#604,.T.);
#606=IFCFACE((#605));
#607=IFCPOLYLOOP((#570,#569,#582,#581));
#608=IFCFACEOUTERBOUND(#607,.T.);
#609=IFCFACE((#608));
#610=IFCPOLYLOOP((#567,#570,#581,#580));
#611=IFCFACEOUTERBOUND(#610,.T.);
#612=IFCFACE((#611));
#613=IFCCARTESIANPOINT((1091.89999999993,218.249999999995,38.1000000000027));
#614=IFCCARTESIANPOINT((1091.89999999993,262.699999999995,38.1000000000026));
#615=IFCCARTESIANPOINT((38.0999999999,262.699999999999,38.1000000000027));
#616=IFCCARTESIANPOINT((38.0999999998996,218.249999999999,38.1000000000024));
#617=IFCPOLYLOOP((#613,#614,#615,#616));
#618=IFCFACEOUTERBOUND(#617,.T.);
#619=IFCFACE((#618));
#620=IFCCARTESIANPOINT((1117.29999999993,262.699999999995,12.700000000006));
#621=IFCCARTESIANPOINT((1117.29999999993,218.249999999995,12.700000000006));
#622=IFCCARTESIANPOINT((12.6999999999032,218.249999999999,12.700000000006));
#623=IFCCARTESIANPOINT((12.6999999999034,262.699999999999,12.700000000006));
#624=IFCPOLYLOOP((#620,#621,#622,#623));
#625=IFCFACEOUTERBOUND(#624,.T.);
#626=IFCFACE((#625));
#627=IFCCARTESIANPOINT((38.0999999999001,262.699999999998,1761.90000000006));
#628=IFCCARTESIANPOINT((38.0999999998996,218.249999999999,1761.90000000006));
#629=IFCPOLYLOOP((#616,#615,#627,#628));
#630=IFCFACEOUTERBOUND(#629,.T.);
#631=IFCFACE((#630));
#632=IFCCARTESIANPOINT((12.6999999999032,218.249999999999,1787.30000000005));
#633=IFCCARTESIANPOINT((12.6999999999036,262.699999999999,1787.30000000005));
#634=IFCPOLYLOOP((#623,#622,#632,#633));
#635=IFCFACEOUTERBOUND(#634,.T.);
#636=IFCFACE((#635));
#637=IFCCARTESIANPOINT((1091.89999999993,262.699999999995,1761.90000000006));
#638=IFCCARTESIANPOINT((1091.89999999993,218.249999999995,1761.90000000006));
#639=IFCPOLYLOOP((#628,#627,#637,#638));
#640=IFCFACEOUTERBOUND(#639,.T.);
#641=IFCFACE((#640));
#642=IFCCARTESIANPOINT((1117.29999999993,218.249999999995,1787.30000000005));
#643=IFCCARTESIANPOINT((1117.29999999993,262.699999999995,1787.30000000005));
#644=IFCPOLYLOOP((#633,#632,#642,#643));
#645=IFCFACEOUTERBOUND(#644,.T.);
#646=IFCFACE((#645));
#647=IFCPOLYLOOP((#638,#637,#614,#613));
#648=IFCFACEOUTERBOUND(#647,.T.);
#649=IFCFACE((#648));
#650=IFCPOLYLOOP((#616,#628,#638,#613));
#651=IFCFACEBOUND(#650,.T.);
#652=IFCPOLYLOOP((#621,#642,#632,#622));
#653=IFCFACEOUTERBOUND(#652,.T.);
#654=IFCFACE((#651,#653));
#655=IFCPOLYLOOP((#643,#642,#621,#620));
#656=IFCFACEOUTERBOUND(#655,.T.);
#657=IFCFACE((#656));
#658=IFCPOLYLOOP((#623,#633,#643,#620));
#659=IFCFACEOUTERBOUND(#658,.T.);
#660=IFCPOLYLOOP((#614,#637,#627,#615));
#661=IFCFACEBOUND(#660,.T.);
#662=IFCFACE((#659,#661));
#663=IFCCARTESIANPOINT((1091.89999999993,250.,1761.90000000005));
#664=IFCCARTESIANPOINT((38.0999999998999,250.,1761.90000000005));
#665=IFCCARTESIANPOINT((38.0999999998999,243.650000000109,1761.90000000005));
#666=IFCCARTESIANPOINT((1091.89999999993,243.650000000109,1761.90000000005));
#667=IFCPOLYLOOP((#663,#664,#665,#666));
#668=IFCFACEOUTERBOUND(#667,.T.);
#669=IFCFACE((#668));
#670=IFCCARTESIANPOINT((1091.89999999993,250.,38.0999999999961));
#671=IFCCARTESIANPOINT((38.0999999998999,250.,38.0999999999962));
#672=IFCPOLYLOOP((#664,#663,#670,#671));
#673=IFCFACEOUTERBOUND(#672,.T.);
#674=IFCFACE((#673));
#675=IFCCARTESIANPOINT((38.0999999998999,243.650000000109,38.0999999999962));
#676=IFCPOLYLOOP((#665,#664,#671,#675));
#677=IFCFACEOUTERBOUND(#676,.T.);
#678=IFCFACE((#677));
#679=IFCCARTESIANPOINT((1091.89999999993,243.650000000109,38.0999999999962));
#680=IFCPOLYLOOP((#666,#665,#675,#679));
#681=IFCFACEOUTERBOUND(#680,.T.);
#682=IFCFACE((#681));
#683=IFCPOLYLOOP((#663,#666,#679,#670));
#684=IFCFACEOUTERBOUND(#683,.T.);
#685=IFCFACE((#684));
#686=IFCPOLYLOOP((#670,#679,#675,#671));
#687=IFCFACEOUTERBOUND(#686,.T.);
#688=IFCFACE((#687));
#689=IFCCARTESIANPOINT((38.0999999999,230.949999999997,38.0999999999961));
#690=IFCCARTESIANPOINT((38.0999999999,237.300000000093,38.0999999999961));
#691=IFCCARTESIANPOINT((1091.89999999993,237.300000000093,38.0999999999961));
#692=IFCCARTESIANPOINT((1091.89999999993,230.949999999997,38.0999999999961));
#693=IFCPOLYLOOP((#689,#690,#691,#692));
#694=IFCFACEOUTERBOUND(#693,.T.);
#695=IFCFACE((#694));
#696=IFCCARTESIANPOINT((1091.89999999993,230.949999999997,1761.90000000005));
#697=IFCCARTESIANPOINT((38.0999999999,230.949999999997,1761.90000000005));
#698=IFCPOLYLOOP((#696,#697,#689,#692));
#699=IFCFACEOUTERBOUND(#698,.T.);
#700=IFCFACE((#699));
#701=IFCCARTESIANPOINT((1091.89999999993,237.300000000093,1761.90000000005));
#702=IFCPOLYLOOP((#701,#696,#692,#691));
#703=IFCFACEOUTERBOUND(#702,.T.);
#704=IFCFACE((#703));
#705=IFCCARTESIANPOINT((38.0999999999,237.300000000093,1761.90000000005));
#706=IFCPOLYLOOP((#705,#701,#691,#690));
#707=IFCFACEOUTERBOUND(#706,.T.);
#708=IFCFACE((#707));
#709=IFCPOLYLOOP((#697,#705,#690,#689));
#710=IFCFACEOUTERBOUND(#709,.T.);
#711=IFCFACE((#710));
#712=IFCPOLYLOOP((#697,#696,#701,#705));
#713=IFCFACEOUTERBOUND(#712,.T.);
#714=IFCFACE((#713));
#715=IFCCLOSEDSHELL((#495,#500,#505,#514,#517,#526,#531,#536,#540,#544,#548,#552,#555,#560,#563));
#716=IFCFACETEDBREP(#715);
#717=IFCCOLOURRGB($,0.67843137254902,0.517647058823529,0.376470588235294);
#718=IFCSURFACESTYLERENDERING(#717,0.,$,$,$,$,IFCNORMALISEDRATIOMEASURE(0.5),IFCSPECULAREXPONENT(128.),.NOTDEFINED.);
#719=IFCSURFACESTYLE('Wood - Stained',.BOTH.,(#718));
#720=IFCSTYLEDITEM(#716,(#719),$);
#721=IFCCLOSEDSHELL((#575,#588,#591,#594,#597,#600,#603,#606,#609,#612));
#722=IFCFACETEDBREP(#721);
#723=IFCSTYLEDITEM(#722,(#719),$);
#724=IFCCLOSEDSHELL((#619,#626,#631,#636,#641,#646,#649,#654,#657,#662));
#725=IFCFACETEDBREP(#724);
#726=IFCSTYLEDITEM(#725,(#719),$);
#727=IFCCLOSEDSHELL((#669,#674,#678,#682,#685,#688));
#728=IFCFACETEDBREP(#727);
#729=IFCCOLOURRGB($,0.96078431372549,0.96078431372549,0.952941176470588);
#730=IFCSURFACESTYLERENDERING(#729,1.,$,$,$,$,IFCNORMALISEDRATIOMEASURE(0.5),IFCSPECULAREXPONENT(64.),.NOTDEFINED.);
#731=IFCSURFACESTYLE('Glass',.BOTH.,(#730));
#732=IFCSTYLEDITEM(#728,(#731),$);
#733=IFCCLOSEDSHELL((#695,#700,#704,#708,#711,#714));
#734=IFCFACETEDBREP(#733);
#735=IFCSTYLEDITEM(#734,(#731),$);
#736=IFCSHAPEREPRESENTATION(#24,'Body','Brep',(#716,#722,#725,#728,#734));
#737=IFCAXIS2PLACEMENT3D(#3,$,$);
#738=IFCREPRESENTATIONMAP(#737,#736);
#739=IFCWINDOWLININGPROPERTIES('3luEbGC9HAlQ1SJDds1YqI',#18,'M_Window-Fixed:900 x 1400:1637016',$,$,$,$,$,$,$,$,$,$,$,$,$);
#740=IFCWINDOWTYPE('1swK0HNoH9K$a1MY5qSOjG',#18,'M_Window-Fixed:900 x 1400',$,$,(#739,#791),(#738),'1649101',$,.WINDOW.,.NOTDEFINED.,.F.,$);
#741=IFCMATERIAL('Wood - Stained',$,'Wood');
#742=IFCCOLOURRGB($,0.,0.,0.);
#743=IFCCURVESTYLEFONTPATTERN(211.582,1904.238);
#744=IFCCURVESTYLEFONT('Wood 1:1',(#743));
#745=IFCCURVESTYLE('Wood 1:1',#744,$,#742,$);
#746=IFCCARTESIANPOINT((1387.97788244437,1337.19829007417));
#747=IFCFILLAREASTYLEHATCHING(#745,IFCPOSITIVELENGTHMEASURE(84.6328),$,#746,216.8699);
#748=IFCCURVESTYLEFONTPATTERN(473.11183,473.11183);
#749=IFCCURVESTYLEFONT('Wood 1:2',(#748));
#750=IFCCURVESTYLE('Wood 1:2',#749,$,#742,$);
#751=IFCCARTESIANPOINT((-84.6326858105563,42.3159162143842));
#752=IFCFILLAREASTYLEHATCHING(#750,IFCPOSITIVELENGTHMEASURE(189.244859),$,#751,206.5651);
#753=IFCCURVESTYLEFONTPATTERN(267.632688,1070.529482);
#754=IFCCURVESTYLEFONT('Wood 1:3',(#753));
#755=IFCCURVESTYLE('Wood 1:3',#754,$,#742,$);
#756=IFCCARTESIANPOINT((-465.480602461083,-211.581226117823));
#757=IFCFILLAREASTYLEHATCHING(#755,IFCPOSITIVELENGTHMEASURE(133.8162932),$,#756,198.4349);
#758=IFCFILLAREASTYLE('Wood 1',(#747,#752,#757),$);
#759=IFCSTYLEDITEM($,(#719,#758),$);
#760=IFCSTYLEDREPRESENTATION(#22,'Style','Material and Cut Pattern',(#759));
#761=IFCMATERIALDEFINITIONREPRESENTATION($,$,(#760),#741);
#762=IFCMATERIAL('Glass',$,'Glass');
#763=IFCSTYLEDITEM($,(#731),$);
#764=IFCSTYLEDREPRESENTATION(#22,'Style','Material',(#763));
#765=IFCMATERIALDEFINITIONREPRESENTATION($,$,(#764),#762);
#766=IFCMATERIALCONSTITUENT('Frame/Mullion',$,#741,$,'Wood');
#767=IFCSHAPEREPRESENTATION(#24,'Body','Brep',(#716,#722,#725));
#768=IFCSHAPEASPECT((#767),'Frame/Mullion',$,.U.,#738);
#769=IFCMATERIALCONSTITUENT('Glass',$,#762,$,'Glass');
#770=IFCSHAPEREPRESENTATION(#24,'Body','Brep',(#728,#734));
#771=IFCSHAPEASPECT((#770),'Glass',$,.U.,#738);
#772=IFCMATERIALCONSTITUENTSET($,$,(#766,#769));
#773=IFCMAPPEDITEM(#738,#390);
#774=IFCSHAPEREPRESENTATION(#24,'Body','MappedRepresentation',(#773));
#775=IFCPRODUCTDEFINITIONSHAPE($,$,(#774));
#776=IFCCARTESIANPOINT((290.,0.,600.));
#777=IFCAXIS2PLACEMENT3D(#776,$,$);
#779=IFCWINDOW('3luEbGC9HAlQ1SJDZs1YqI',#18,'M_Window-Fixed:900 x 1400:1637016',$,'M_Window-Fixed:900 x 1400',#1956,#775,'1637016',1800.00000000001,1130.,.WINDOW.,.NOTDEFINED.,$);
#780=IFCMATERIALCONSTITUENT('Wood - Stained',$,#741,$,'Wood');
#781=IFCMATERIALCONSTITUENT('Glass',$,#762,$,'Glass');
#782=IFCMATERIALCONSTITUENTSET($,$,(#780,#781));
#783=IFCPROPERTYSINGLEVALUE('Reference',$,IFCIDENTIFIER('900 x 1400'),$);
#784=IFCPROPERTYSET('3_iusJPAaKr7idGY20o7$T',#18,'Pset_EnvironmentalImpactIndicators',$,(#783));
#785=IFCPROPERTYSINGLEVALUE('FireRating',$,IFCLABEL('0.5h'),$);
#786=IFCPROPERTYSET('1cAD97wTW3K$TXuKPhCq40',#18,'Pset_WindowCommon',$,(#155,#783,#785));
#787=IFCRELDEFINESBYPROPERTIES('38hLK8KDFaQJyL6eirEWXt',#18,$,$,(#779),#784);
#788=IFCRELDEFINESBYPROPERTIES('3PVNmEAEagPCqfRTDB91dn',#18,$,$,(#779),#786);
#789=IFCCLASSIFICATIONREFERENCE('https://www.csiresources.org/standards/uniformat','B2020100','Windows',#28,'',$);
#790=IFCPROPERTYSINGLEVALUE('FireRating',$,IFCLABEL('0.5h'),$);
#791=IFCPROPERTYSET('3FHciKbXT0KlFB2zCnKkE1',#18,'Pset_WindowCommon',$,(#790));
#792=IFCCARTESIANPOINT((250.,165.,0.));
#793=IFCAXIS2PLACEMENT3D(#792,$,$);
#794=IFCLOCALPLACEMENT(#34,#793);
#795=IFCCARTESIANPOINT((5500.,0.));
#796=IFCPOLYLINE((#4,#795));
#797=IFCSHAPEREPRESENTATION(#23,'Axis','Curve2D',(#796));
#798=IFCCARTESIANPOINT((2750.,0.));
#799=IFCAXIS2PLACEMENT2D(#798,#12);
#800=IFCRECTANGLEPROFILEDEF(.AREA.,$,#799,5500.,250.);
#801=IFCAXIS2PLACEMENT3D(#3,$,$);
#802=IFCEXTRUDEDAREASOLID(#800,#801,#9,3000.);
#803=IFCSTYLEDITEM(#802,(#139),$);
#804=IFCSHAPEREPRESENTATION(#24,'Body','SweptSolid',(#802));
#805=IFCPRODUCTDEFINITIONSHAPE($,$,(#797,#804));
#806=IFCWALL('3luEbGC9HAlQ1SJDZs1YiS',#18,'Basic Wall:Generic - 250mm:1637526',$,'Basic Wall:Generic - 250mm',#794,#805,'1637526',.NOTDEFINED.);
#807=IFCPROPERTYSET('3x8WAjPXVIiDRpqBWMShPC',#18,'Pset_EnvironmentalImpactIndicators',$,(#151));
#808=IFCPROPERTYSINGLEVALUE('Reference',$,IFCLABEL('Generic - 250mm'),$);
#809=IFCPROPERTYSET('0dmmbHTIJcJFZN6lHUw9B4',#18,'Pset_ReinforcementBarPitchOfWall',$,(#808));
#810=IFCPROPERTYSET('3ik4cDkepar9rJnv8sT64e',#18,'Pset_WallCommon',$,(#151,#155,#156,#157));
#811=IFCRELDEFINESBYPROPERTIES('3PK7rZl_epa_6Z2crytop9',#18,$,$,(#806),#807);
#812=IFCRELDEFINESBYPROPERTIES('0wJtiOFxd0O_Od2ayAGepC',#18,$,$,(#806),#809);
#813=IFCRELDEFINESBYPROPERTIES('0DgndPegz_PVjyWyDY3mu1',#18,$,$,(#806),#810);
#814=IFCCARTESIANPOINT((1130.,154.749999999977,3000.));
#815=IFCCARTESIANPOINT((1130.,269.049999999993,3000.));
#816=IFCCARTESIANPOINT((0.,269.049999999997,3000.));
#817=IFCCARTESIANPOINT((0.,154.749999999981,3000.));
#818=IFCPOLYLOOP((#814,#815,#816,#817));
#819=IFCFACEOUTERBOUND(#818,.T.);
#820=IFCFACE((#819));
#821=IFCCARTESIANPOINT((0.,269.049999999997,0.));
#822=IFCCARTESIANPOINT((0.,154.749999999981,0.));
#823=IFCPOLYLOOP((#817,#816,#821,#822));
#824=IFCFACEOUTERBOUND(#823,.T.);
#825=IFCFACE((#824));
#826=IFCCARTESIANPOINT((1130.,269.049999999993,0.));
#827=IFCCARTESIANPOINT((1130.,154.749999999977,0.));
#828=IFCPOLYLOOP((#822,#821,#826,#827));
#829=IFCFACEOUTERBOUND(#828,.T.);
#830=IFCFACE((#829));
#831=IFCCARTESIANPOINT((1098.25000000006,154.749999999977,2968.25000000007));
#832=IFCCARTESIANPOINT((1098.25000000006,154.749999999977,31.7499999999359));
#833=IFCCARTESIANPOINT((31.7499999999355,154.749999999981,31.7499999999354));
#834=IFCCARTESIANPOINT((31.7499999999359,154.749999999981,2968.25000000007));
#835=IFCPOLYLOOP((#817,#822,#827,#814));
#836=IFCFACEOUTERBOUND(#835,.T.);
#837=IFCPOLYLOOP((#831,#832,#833,#834));
#838=IFCFACEBOUND(#837,.T.);
#839=IFCFACE((#836,#838));
#840=IFCPOLYLOOP((#827,#826,#815,#814));
#841=IFCFACEOUTERBOUND(#840,.T.);
#842=IFCFACE((#841));
#843=IFCCARTESIANPOINT((12.7000000000003,269.049999999996,2987.3));
#844=IFCCARTESIANPOINT((12.7000000000003,269.049999999996,12.7));
#845=IFCCARTESIANPOINT((1117.3,269.049999999993,12.6999999999998));
#846=IFCCARTESIANPOINT((1117.3,269.049999999993,2987.3));
#847=IFCPOLYLOOP((#815,#826,#821,#816));
#848=IFCFACEOUTERBOUND(#847,.T.);
#849=IFCPOLYLOOP((#843,#844,#845,#846));
#850=IFCFACEBOUND(#849,.T.);
#851=IFCFACE((#848,#850));
#852=IFCCARTESIANPOINT((1098.25000000006,218.249999999995,2968.25000000007));
#853=IFCCARTESIANPOINT((31.7499999999365,218.249999999999,2968.25000000007));
#854=IFCPOLYLOOP((#852,#831,#834,#853));
#855=IFCFACEOUTERBOUND(#854,.T.);
#856=IFCFACE((#855));
#857=IFCCARTESIANPOINT((1117.3,218.249999999995,2987.3));
#858=IFCCARTESIANPOINT((12.7000000000002,218.249999999999,2987.3));
#859=IFCPOLYLOOP((#846,#857,#858,#843));
#860=IFCFACEOUTERBOUND(#859,.T.);
#861=IFCFACE((#860));
#862=IFCCARTESIANPOINT((31.7499999999368,218.249999999999,31.7499999999365));
#863=IFCPOLYLOOP((#853,#834,#833,#862));
#864=IFCFACEOUTERBOUND(#863,.T.);
#865=IFCFACE((#864));
#866=IFCCARTESIANPOINT((12.7000000000001,218.249999999999,12.6999999999998));
#867=IFCPOLYLOOP((#843,#858,#866,#844));
#868=IFCFACEOUTERBOUND(#867,.T.);
#869=IFCFACE((#868));
#870=IFCCARTESIANPOINT((1098.25000000006,218.249999999995,31.7499999999369));
#871=IFCPOLYLOOP((#862,#833,#832,#870));
#872=IFCFACEOUTERBOUND(#871,.T.);
#873=IFCFACE((#872));
#874=IFCCARTESIANPOINT((1117.3,218.249999999995,12.7000000000002));
#875=IFCPOLYLOOP((#844,#866,#874,#845));
#876=IFCFACEOUTERBOUND(#875,.T.);
#877=IFCFACE((#876));
#878=IFCPOLYLOOP((#870,#832,#831,#852));
#879=IFCFACEOUTERBOUND(#878,.T.);
#880=IFCFACE((#879));
#881=IFCPOLYLOOP((#853,#862,#870,#852));
#882=IFCFACEBOUND(#881,.T.);
#883=IFCPOLYLOOP((#857,#874,#866,#858));
#884=IFCFACEOUTERBOUND(#883,.T.);
#885=IFCFACE((#882,#884));
#886=IFCPOLYLOOP((#845,#874,#857,#846));
#887=IFCFACEOUTERBOUND(#886,.T.);
#888=IFCFACE((#887));
#889=IFCCARTESIANPOINT((0.,0.,3000.));
#890=IFCCARTESIANPOINT((1130.,0.,0.));
#891=IFCCARTESIANPOINT((1130.,0.,3000.));
#892=IFCCARTESIANPOINT((1117.29999999993,0.,2987.30000000005));
#893=IFCCARTESIANPOINT((1117.29999999993,0.,12.7000000000069));
#894=IFCCARTESIANPOINT((12.6999999999046,0.,12.7000000000069));
#895=IFCCARTESIANPOINT((12.6999999999046,0.,2987.30000000005));
#896=IFCPOLYLOOP((#889,#3,#890,#891));
#897=IFCFACEOUTERBOUND(#896,.T.);
#898=IFCPOLYLOOP((#892,#893,#894,#895));
#899=IFCFACEBOUND(#898,.T.);
#900=IFCFACE((#897,#899));
#901=IFCCARTESIANPOINT((0.,154.75,3000.));
#902=IFCCARTESIANPOINT((1130.,154.75,3000.));
#903=IFCCARTESIANPOINT((1130.,154.75,0.));
#904=IFCCARTESIANPOINT((0.,154.75,0.));
#905=IFCCARTESIANPOINT((1117.29999999993,154.75,2987.30000000005));
#906=IFCCARTESIANPOINT((12.6999999999046,154.75,2987.30000000005));
#907=IFCCARTESIANPOINT((12.6999999999046,154.75,12.7000000000069));
#908=IFCCARTESIANPOINT((1117.29999999993,154.75,12.7000000000069));
#909=IFCPOLYLOOP((#901,#902,#903,#904));
#910=IFCFACEOUTERBOUND(#909,.T.);
#911=IFCPOLYLOOP((#905,#906,#907,#908));
#912=IFCFACEBOUND(#911,.T.);
#913=IFCFACE((#910,#912));
#914=IFCPOLYLOOP((#3,#889,#901,#904));
#915=IFCFACEOUTERBOUND(#914,.T.);
#916=IFCFACE((#915));
#917=IFCPOLYLOOP((#890,#3,#904,#903));
#918=IFCFACEOUTERBOUND(#917,.T.);
#919=IFCFACE((#918));
#920=IFCPOLYLOOP((#891,#890,#903,#902));
#921=IFCFACEOUTERBOUND(#920,.T.);
#922=IFCFACE((#921));
#923=IFCPOLYLOOP((#889,#891,#902,#901));
#924=IFCFACEOUTERBOUND(#923,.T.);
#925=IFCFACE((#924));
#926=IFCPOLYLOOP((#893,#892,#905,#908));
#927=IFCFACEOUTERBOUND(#926,.T.);
#928=IFCFACE((#927));
#929=IFCPOLYLOOP((#894,#893,#908,#907));
#930=IFCFACEOUTERBOUND(#929,.T.);
#931=IFCFACE((#930));
#932=IFCPOLYLOOP((#895,#894,#907,#906));
#933=IFCFACEOUTERBOUND(#932,.T.);
#934=IFCFACE((#933));
#935=IFCPOLYLOOP((#892,#895,#906,#905));
#936=IFCFACEOUTERBOUND(#935,.T.);
#937=IFCFACE((#936));
#938=IFCCARTESIANPOINT((1091.89999999993,218.249999999995,38.1000000000027));
#939=IFCCARTESIANPOINT((1091.89999999993,262.699999999995,38.1000000000026));
#940=IFCCARTESIANPOINT((38.0999999999,262.699999999999,38.1000000000027));
#941=IFCCARTESIANPOINT((38.0999999998996,218.249999999999,38.1000000000022));
#942=IFCPOLYLOOP((#938,#939,#940,#941));
#943=IFCFACEOUTERBOUND(#942,.T.);
#944=IFCFACE((#943));
#945=IFCCARTESIANPOINT((1117.29999999993,262.699999999995,12.7000000000058));
#946=IFCCARTESIANPOINT((1117.29999999993,218.249999999995,12.700000000006));
#947=IFCCARTESIANPOINT((12.6999999999032,218.249999999999,12.700000000006));
#948=IFCCARTESIANPOINT((12.6999999999034,262.699999999999,12.7000000000063));
#949=IFCPOLYLOOP((#945,#946,#947,#948));
#950=IFCFACEOUTERBOUND(#949,.T.);
#951=IFCFACE((#950));
#952=IFCCARTESIANPOINT((38.0999999999001,262.699999999998,2961.90000000006));
#953=IFCCARTESIANPOINT((38.0999999998998,218.249999999999,2961.90000000006));
#954=IFCPOLYLOOP((#941,#940,#952,#953));
#955=IFCFACEOUTERBOUND(#954,.T.);
#956=IFCFACE((#955));
#957=IFCCARTESIANPOINT((12.6999999999032,218.249999999999,2987.30000000005));
#958=IFCCARTESIANPOINT((12.6999999999036,262.699999999999,2987.30000000005));
#959=IFCPOLYLOOP((#948,#947,#957,#958));
#960=IFCFACEOUTERBOUND(#959,.T.);
#961=IFCFACE((#960));
#962=IFCCARTESIANPOINT((1091.89999999993,262.699999999995,2961.90000000006));
#963=IFCCARTESIANPOINT((1091.89999999993,218.249999999995,2961.90000000006));
#964=IFCPOLYLOOP((#953,#952,#962,#963));
#965=IFCFACEOUTERBOUND(#964,.T.);
#966=IFCFACE((#965));
#967=IFCCARTESIANPOINT((1117.29999999993,218.249999999995,2987.30000000005));
#968=IFCCARTESIANPOINT((1117.29999999993,262.699999999995,2987.30000000005));
#969=IFCPOLYLOOP((#958,#957,#967,#968));
#970=IFCFACEOUTERBOUND(#969,.T.);
#971=IFCFACE((#970));
#972=IFCPOLYLOOP((#963,#962,#939,#938));
#973=IFCFACEOUTERBOUND(#972,.T.);
#974=IFCFACE((#973));
#975=IFCPOLYLOOP((#941,#953,#963,#938));
#976=IFCFACEBOUND(#975,.T.);
#977=IFCPOLYLOOP((#946,#967,#957,#947));
#978=IFCFACEOUTERBOUND(#977,.T.);
#979=IFCFACE((#976,#978));
#980=IFCPOLYLOOP((#968,#967,#946,#945));
#981=IFCFACEOUTERBOUND(#980,.T.);
#982=IFCFACE((#981));
#983=IFCPOLYLOOP((#948,#958,#968,#945));
#984=IFCFACEOUTERBOUND(#983,.T.);
#985=IFCPOLYLOOP((#939,#962,#952,#940));
#986=IFCFACEBOUND(#985,.T.);
#987=IFCFACE((#984,#986));
#988=IFCCARTESIANPOINT((1091.89999999993,250.,2961.90000000005));
#989=IFCCARTESIANPOINT((38.0999999998999,250.,2961.90000000005));
#990=IFCCARTESIANPOINT((38.0999999998999,243.650000000109,2961.90000000005));
#991=IFCCARTESIANPOINT((1091.89999999993,243.650000000109,2961.90000000005));
#992=IFCPOLYLOOP((#988,#989,#990,#991));
#993=IFCFACEOUTERBOUND(#992,.T.);
#994=IFCFACE((#993));
#995=IFCCARTESIANPOINT((1091.89999999993,250.,38.0999999999961));
#996=IFCCARTESIANPOINT((38.0999999998999,250.,38.0999999999962));
#997=IFCPOLYLOOP((#989,#988,#995,#996));
#998=IFCFACEOUTERBOUND(#997,.T.);
#999=IFCFACE((#998));
#1000=IFCCARTESIANPOINT((38.0999999998999,243.650000000109,38.0999999999962));
#1001=IFCPOLYLOOP((#990,#989,#996,#1000));
#1002=IFCFACEOUTERBOUND(#1001,.T.);
#1003=IFCFACE((#1002));
#1004=IFCCARTESIANPOINT((1091.89999999993,243.650000000109,38.0999999999962));
#1005=IFCPOLYLOOP((#991,#990,#1000,#1004));
#1006=IFCFACEOUTERBOUND(#1005,.T.);
#1007=IFCFACE((#1006));
#1008=IFCPOLYLOOP((#988,#991,#1004,#995));
#1009=IFCFACEOUTERBOUND(#1008,.T.);
#1010=IFCFACE((#1009));
#1011=IFCPOLYLOOP((#995,#1004,#1000,#996));
#1012=IFCFACEOUTERBOUND(#1011,.T.);
#1013=IFCFACE((#1012));
#1014=IFCCARTESIANPOINT((38.0999999999,230.949999999997,38.0999999999961));
#1015=IFCCARTESIANPOINT((38.0999999999,237.300000000093,38.0999999999961));
#1016=IFCCARTESIANPOINT((1091.89999999993,237.300000000093,38.0999999999961));
#1017=IFCCARTESIANPOINT((1091.89999999993,230.949999999997,38.0999999999961));
#1018=IFCPOLYLOOP((#1014,#1015,#1016,#1017));
#1019=IFCFACEOUTERBOUND(#1018,.T.);
#1020=IFCFACE((#1019));
#1021=IFCCARTESIANPOINT((1091.89999999993,230.949999999997,2961.90000000005));
#1022=IFCCARTESIANPOINT((38.0999999999,230.949999999997,2961.90000000005));
#1023=IFCPOLYLOOP((#1021,#1022,#1014,#1017));
#1024=IFCFACEOUTERBOUND(#1023,.T.);
#1025=IFCFACE((#1024));
#1026=IFCCARTESIANPOINT((1091.89999999993,237.300000000093,2961.90000000005));
#1027=IFCPOLYLOOP((#1026,#1021,#1017,#1016));
#1028=IFCFACEOUTERBOUND(#1027,.T.);
#1029=IFCFACE((#1028));
#1030=IFCCARTESIANPOINT((38.0999999999,237.300000000093,2961.90000000005));
#1031=IFCPOLYLOOP((#1030,#1026,#1016,#1015));
#1032=IFCFACEOUTERBOUND(#1031,.T.);
#1033=IFCFACE((#1032));
#1034=IFCPOLYLOOP((#1022,#1030,#1015,#1014));
#1035=IFCFACEOUTERBOUND(#1034,.T.);
#1036=IFCFACE((#1035));
#1037=IFCPOLYLOOP((#1022,#1021,#1026,#1030));
#1038=IFCFACEOUTERBOUND(#1037,.T.);
#1039=IFCFACE((#1038));
#1040=IFCCLOSEDSHELL((#820,#825,#830,#839,#842,#851,#856,#861,#865,#869,#873,#877,#880,#885,#888));
#1041=IFCFACETEDBREP(#1040);
#1042=IFCSTYLEDITEM(#1041,(#719),$);
#1043=IFCCLOSEDSHELL((#900,#913,#916,#919,#922,#925,#928,#931,#934,#937));
#1044=IFCFACETEDBREP(#1043);
#1045=IFCSTYLEDITEM(#1044,(#719),$);
#1046=IFCCLOSEDSHELL((#944,#951,#956,#961,#966,#971,#974,#979,#982,#987));
#1047=IFCFACETEDBREP(#1046);
#1048=IFCSTYLEDITEM(#1047,(#719),$);
#1049=IFCCLOSEDSHELL((#994,#999,#1003,#1007,#1010,#1013));
#1050=IFCFACETEDBREP(#1049);
#1051=IFCSTYLEDITEM(#1050,(#731),$);
#1052=IFCCLOSEDSHELL((#1020,#1025,#1029,#1033,#1036,#1039));
#1053=IFCFACETEDBREP(#1052);
#1054=IFCSTYLEDITEM(#1053,(#731),$);
#1055=IFCSHAPEREPRESENTATION(#24,'Body','Brep',(#1041,#1044,#1047,#1050,#1053));
#1056=IFCAXIS2PLACEMENT3D(#3,$,$);
#1057=IFCREPRESENTATIONMAP(#1056,#1055);
#1058=IFCWINDOWLININGPROPERTIES('3luEbGC9HAlQ1SJDds1YiT',#18,'M_Window-Fixed:900 x 1650mm:1637527',$,$,$,$,$,$,$,$,$,$,$,$,$);
#1059=IFCWINDOWTYPE('0JmDr2N12X2ibji_HTkLqJ',#18,'M_Window-Fixed:900 x 1650mm',$,$,(#1058,#1084),(#1057),'1524703',$,.WINDOW.,.NOTDEFINED.,.F.,$);
#1060=IFCMATERIALCONSTITUENT('Frame/Mullion',$,#741,$,'Wood');
#1061=IFCSHAPEREPRESENTATION(#24,'Body','Brep',(#1041,#1044,#1047));
#1062=IFCSHAPEASPECT((#1061),'Frame/Mullion',$,.U.,#1057);
#1063=IFCMATERIALCONSTITUENT('Glass',$,#762,$,'Glass');
#1064=IFCSHAPEREPRESENTATION(#24,'Body','Brep',(#1050,#1053));
#1065=IFCSHAPEASPECT((#1064),'Glass',$,.U.,#1057);
#1066=IFCMATERIALCONSTITUENTSET($,$,(#1060,#1063));
#1067=IFCMAPPEDITEM(#1057,#390);
#1068=IFCSHAPEREPRESENTATION(#24,'Body','MappedRepresentation',(#1067));
#1069=IFCPRODUCTDEFINITIONSHAPE($,$,(#1068));
#1070=IFCCARTESIANPOINT((1720.,40.,0.));
#1071=IFCAXIS2PLACEMENT3D(#1070,$,$);
#1073=IFCWINDOW('3luEbGC9HAlQ1SJDZs1YiT',#18,'M_Window-Fixed:900 x 1650mm:1637527',$,'M_Window-Fixed:900 x 1650mm',#2016,#1069,'1637527',3000.,1130.,.WINDOW.,.NOTDEFINED.,$);
#1074=IFCMATERIALCONSTITUENT('Wood - Stained',$,#741,$,'Wood');
#1075=IFCMATERIALCONSTITUENT('Glass',$,#762,$,'Glass');
#1076=IFCMATERIALCONSTITUENTSET($,$,(#1074,#1075));
#1077=IFCPROPERTYSINGLEVALUE('Reference',$,IFCIDENTIFIER('900 x 1650mm'),$);
#1078=IFCPROPERTYSET('3O7j30a7dT9SiY7F7By598',#18,'Pset_EnvironmentalImpactIndicators',$,(#1077));
#1079=IFCPROPERTYSINGLEVALUE('FireRating',$,IFCLABEL('0.5h'),$);
#1080=IFCPROPERTYSET('3v9B3zsiWxLvyG46Buu9v2',#18,'Pset_WindowCommon',$,(#155,#1077,#1079));
#1081=IFCRELDEFINESBYPROPERTIES('3O6bFSr$sKUFiWP6hlBVdP',#18,$,$,(#1073),#1078);
#1082=IFCRELDEFINESBYPROPERTIES('15Xdg4$ZBhbgv0EjtJxwz1',#18,$,$,(#1073),#1080);
#1083=IFCPROPERTYSINGLEVALUE('FireRating',$,IFCLABEL('0.5h'),$);
#1084=IFCPROPERTYSET('12Gt__JcVkVj2ZvCNpQR8d',#18,'Pset_WindowCommon',$,(#1083));
#1085=IFCMAPPEDITEM(#380,#390);
#1086=IFCSHAPEREPRESENTATION(#24,'Body','MappedRepresentation',(#1085));
#1087=IFCPRODUCTDEFINITIONSHAPE($,$,(#1086));
#1088=IFCCARTESIANPOINT((1570.,150.,0.));
#1089=IFCAXIS2PLACEMENT3D(#1088,$,$);
#1090=IFCLOCALPLACEMENT(#34,#1089);
#1091=IFCCOLUMN('3luEbGC9HAlQ1SJDZs1YgL',#18,'M_Concrete-Rectangular-Column:300 x 300 mm:1637663',$,'M_Concrete-Rectangular-Column:300 x 300 mm',#1090,#1087,'1637663',.COLUMN.);
#1092=IFCPROPERTYSET('3lSGSIzaBFLnq0aHCGeeXD',#18,'Pset_ColumnCommon',$,(#53,#399,#400));
#1093=IFCPROPERTYSET('0DKFn3jGnEyfZU38p3ewS_',#18,'Pset_EnvironmentalImpactIndicators',$,(#399));
#1094=IFCPROPERTYSINGLEVALUE('Reference',$,IFCLABEL('300 x 300 mm'),$);
#1095=IFCPROPERTYSET('3a1IlnJA08gajOSBbbvK4i',#18,'Pset_ReinforcementBarPitchOfColumn',$,(#1094));
#1096=IFCRELDEFINESBYPROPERTIES('3K8PNb2UJPiGHkYtaZuzUv',#18,$,$,(#1091),#1092);
#1097=IFCRELDEFINESBYPROPERTIES('2P2O3lFacYIZKvQexeVoes',#18,$,$,(#1091),#1093);
#1098=IFCRELDEFINESBYPROPERTIES('0jc5sQcU57tKIyw2aqC3wJ',#18,$,$,(#1091),#1095);
#1099=IFCMAPPEDITEM(#380,#390);
#1100=IFCSHAPEREPRESENTATION(#24,'Body','MappedRepresentation',(#1099));
#1101=IFCPRODUCTDEFINITIONSHAPE($,$,(#1100));
#1102=IFCCARTESIANPOINT((3000.,140.,0.));
#1103=IFCAXIS2PLACEMENT3D(#1102,$,$);
#1104=IFCLOCALPLACEMENT(#34,#1103);
#1105=IFCCOLUMN('3luEbGC9HAlQ1SJDZs1Yhu',#18,'M_Concrete-Rectangular-Column:300 x 300 mm:1637746',$,'M_Concrete-Rectangular-Column:300 x 300 mm',#1104,#1101,'1637746',.COLUMN.);
#1106=IFCPROPERTYSET('2pKFbqxvuvkEpAeBfi5DSf',#18,'Pset_ColumnCommon',$,(#53,#399,#400));
#1107=IFCPROPERTYSET('37Cmqlvvi74o9tGYL0YxmH',#18,'Pset_EnvironmentalImpactIndicators',$,(#399));
#1108=IFCPROPERTYSINGLEVALUE('Reference',$,IFCLABEL('300 x 300 mm'),$);
#1109=IFCPROPERTYSET('0itPo6Kub2hQqXPn5t8N5$',#18,'Pset_ReinforcementBarPitchOfColumn',$,(#1108));
#1110=IFCRELDEFINESBYPROPERTIES('3idzvEEJi7Ko38_JpzmB41',#18,$,$,(#1105),#1106);
#1111=IFCRELDEFINESBYPROPERTIES('2IsOH2f9mg_82nJcskiJDq',#18,$,$,(#1105),#1107);
#1112=IFCRELDEFINESBYPROPERTIES('0jcvB3x1SjaB0X_qWkpFO8',#18,$,$,(#1105),#1109);
#1113=IFCMAPPEDITEM(#1057,#390);
#1114=IFCSHAPEREPRESENTATION(#24,'Body','MappedRepresentation',(#1113));
#1115=IFCPRODUCTDEFINITIONSHAPE($,$,(#1114));
#1116=IFCCARTESIANPOINT((290.,40.,0.));
#1117=IFCAXIS2PLACEMENT3D(#1116,$,$);
#1119=IFCWINDOW('3luEbGC9HAlQ1SJDZs1zQ2',#18,'M_Window-Fixed:900 x 1650mm:1638664',$,'M_Window-Fixed:900 x 1650mm',#2001,#1115,'1638664',3000.,1130.,.WINDOW.,.NOTDEFINED.,$);
#1120=IFCMATERIALCONSTITUENT('Wood - Stained',$,#741,$,'Wood');
#1121=IFCMATERIALCONSTITUENT('Glass',$,#762,$,'Glass');
#1122=IFCMATERIALCONSTITUENTSET($,$,(#1120,#1121));
#1123=IFCPROPERTYSET('2bZIYmcGcu5oRphMa5gB$x',#18,'Pset_EnvironmentalImpactIndicators',$,(#1077));
#1124=IFCPROPERTYSINGLEVALUE('FireRating',$,IFCLABEL('0.5h'),$);
#1125=IFCPROPERTYSET('2DtvEhprU7Wr4Re6l8wAJX',#18,'Pset_WindowCommon',$,(#155,#1077,#1124));
#1126=IFCRELDEFINESBYPROPERTIES('31BKhiJyUPijKp7MrlScfr',#18,$,$,(#1119),#1123);
#1127=IFCRELDEFINESBYPROPERTIES('0vDTaiLjlItaa2t0wxxhJT',#18,$,$,(#1119),#1125);
#1128=IFCCARTESIANPOINT((0.,154.749999999977,3000.));
#1129=IFCCARTESIANPOINT((1130.,154.749999999981,3000.));
#1130=IFCCARTESIANPOINT((1130.,269.049999999997,3000.));
#1131=IFCCARTESIANPOINT((0.,269.049999999993,3000.));
#1132=IFCPOLYLOOP((#1128,#1129,#1130,#1131));
#1133=IFCFACEOUTERBOUND(#1132,.T.);
#1134=IFCFACE((#1133));
#1135=IFCCARTESIANPOINT((1130.,154.749999999981,0.));
#1136=IFCCARTESIANPOINT((1130.,269.049999999997,0.));
#1137=IFCPOLYLOOP((#1129,#1135,#1136,#1130));
#1138=IFCFACEOUTERBOUND(#1137,.T.);
#1139=IFCFACE((#1138));
#1140=IFCCARTESIANPOINT((0.,154.749999999977,0.));
#1141=IFCCARTESIANPOINT((0.,269.049999999993,0.));
#1142=IFCPOLYLOOP((#1135,#1140,#1141,#1136));
#1143=IFCFACEOUTERBOUND(#1142,.T.);
#1144=IFCFACE((#1143));
#1145=IFCCARTESIANPOINT((31.7499999999404,154.749999999977,2968.25000000007));
#1146=IFCCARTESIANPOINT((1098.25000000007,154.749999999981,2968.25000000007));
#1147=IFCCARTESIANPOINT((1098.25000000007,154.749999999981,31.7499999999358));
#1148=IFCCARTESIANPOINT((31.7499999999402,154.749999999977,31.7499999999359));
#1149=IFCPOLYLOOP((#1129,#1128,#1140,#1135));
#1150=IFCFACEOUTERBOUND(#1149,.T.);
#1151=IFCPOLYLOOP((#1145,#1146,#1147,#1148));
#1152=IFCFACEBOUND(#1151,.T.);
#1153=IFCFACE((#1150,#1152));
#1154=IFCPOLYLOOP((#1140,#1128,#1131,#1141));
#1155=IFCFACEOUTERBOUND(#1154,.T.);
#1156=IFCFACE((#1155));
#1157=IFCCARTESIANPOINT((1117.3,269.049999999996,2987.3));
#1158=IFCCARTESIANPOINT((12.7000000000039,269.049999999993,2987.3));
#1159=IFCCARTESIANPOINT((12.7000000000041,269.049999999993,12.7));
#1160=IFCCARTESIANPOINT((1117.3,269.049999999996,12.6999999999998));
#1161=IFCPOLYLOOP((#1131,#1130,#1136,#1141));
#1162=IFCFACEOUTERBOUND(#1161,.T.);
#1163=IFCPOLYLOOP((#1157,#1158,#1159,#1160));
#1164=IFCFACEBOUND(#1163,.T.);
#1165=IFCFACE((#1162,#1164));
#1166=IFCCARTESIANPOINT((31.7499999999407,218.249999999995,2968.25000000007));
#1167=IFCCARTESIANPOINT((1098.25000000007,218.249999999999,2968.25000000007));
#1168=IFCPOLYLOOP((#1166,#1167,#1146,#1145));
#1169=IFCFACEOUTERBOUND(#1168,.T.);
#1170=IFCFACE((#1169));
#1171=IFCCARTESIANPOINT((1117.3,218.249999999999,2987.3));
#1172=IFCCARTESIANPOINT((12.7000000000044,218.249999999995,2987.30000000001));
#1173=IFCPOLYLOOP((#1158,#1157,#1171,#1172));
#1174=IFCFACEOUTERBOUND(#1173,.T.);
#1175=IFCFACE((#1174));
#1176=IFCCARTESIANPOINT((1098.25000000007,218.249999999999,31.7499999999359));
#1177=IFCPOLYLOOP((#1167,#1176,#1147,#1146));
#1178=IFCFACEOUTERBOUND(#1177,.T.);
#1179=IFCFACE((#1178));
#1180=IFCCARTESIANPOINT((1117.3,218.249999999999,12.6999999999998));
#1181=IFCPOLYLOOP((#1157,#1160,#1180,#1171));
#1182=IFCFACEOUTERBOUND(#1181,.T.);
#1183=IFCFACE((#1182));
#1184=IFCCARTESIANPOINT((31.7499999999401,218.249999999995,31.7499999999359));
#1185=IFCPOLYLOOP((#1176,#1184,#1148,#1147));
#1186=IFCFACEOUTERBOUND(#1185,.T.);
#1187=IFCFACE((#1186));
#1188=IFCCARTESIANPOINT((12.7000000000044,218.249999999995,12.7000000000002));
#1189=IFCPOLYLOOP((#1160,#1159,#1188,#1180));
#1190=IFCFACEOUTERBOUND(#1189,.T.);
#1191=IFCFACE((#1190));
#1192=IFCPOLYLOOP((#1184,#1166,#1145,#1148));
#1193=IFCFACEOUTERBOUND(#1192,.T.);
#1194=IFCFACE((#1193));
#1195=IFCPOLYLOOP((#1167,#1166,#1184,#1176));
#1196=IFCFACEBOUND(#1195,.T.);
#1197=IFCPOLYLOOP((#1172,#1171,#1180,#1188));
#1198=IFCFACEOUTERBOUND(#1197,.T.);
#1199=IFCFACE((#1196,#1198));
#1200=IFCPOLYLOOP((#1159,#1158,#1172,#1188));
#1201=IFCFACEOUTERBOUND(#1200,.T.);
#1202=IFCFACE((#1201));
#1203=IFCCARTESIANPOINT((1130.,0.,3000.));
#1204=IFCCARTESIANPOINT((0.,0.,3000.));
#1205=IFCCARTESIANPOINT((1130.,0.,0.));
#1206=IFCCARTESIANPOINT((12.7000000000789,0.,2987.30000000005));
#1207=IFCCARTESIANPOINT((1117.3000000001,0.,2987.30000000005));
#1208=IFCCARTESIANPOINT((1117.3000000001,0.,12.7000000000069));
#1209=IFCCARTESIANPOINT((12.7000000000789,0.,12.7000000000069));
#1210=IFCPOLYLOOP((#1203,#1204,#3,#1205));
#1211=IFCFACEOUTERBOUND(#1210,.T.);
#1212=IFCPOLYLOOP((#1206,#1207,#1208,#1209));
#1213=IFCFACEBOUND(#1212,.T.);
#1214=IFCFACE((#1211,#1213));
#1215=IFCCARTESIANPOINT((1130.,154.75,3000.));
#1216=IFCCARTESIANPOINT((1130.,154.75,0.));
#1217=IFCCARTESIANPOINT((0.,154.75,0.));
#1218=IFCCARTESIANPOINT((0.,154.75,3000.));
#1219=IFCCARTESIANPOINT((12.7000000000789,154.75,2987.30000000005));
#1220=IFCCARTESIANPOINT((12.7000000000789,154.75,12.7000000000069));
#1221=IFCCARTESIANPOINT((1117.3000000001,154.75,12.7000000000069));
#1222=IFCCARTESIANPOINT((1117.3000000001,154.75,2987.30000000005));
#1223=IFCPOLYLOOP((#1215,#1216,#1217,#1218));
#1224=IFCFACEOUTERBOUND(#1223,.T.);
#1225=IFCPOLYLOOP((#1219,#1220,#1221,#1222));
#1226=IFCFACEBOUND(#1225,.T.);
#1227=IFCFACE((#1224,#1226));
#1228=IFCPOLYLOOP((#1205,#1216,#1215,#1203));
#1229=IFCFACEOUTERBOUND(#1228,.T.);
#1230=IFCFACE((#1229));
#1231=IFCPOLYLOOP((#3,#1217,#1216,#1205));
#1232=IFCFACEOUTERBOUND(#1231,.T.);
#1233=IFCFACE((#1232));
#1234=IFCPOLYLOOP((#1204,#1218,#1217,#3));
#1235=IFCFACEOUTERBOUND(#1234,.T.);
#1236=IFCFACE((#1235));
#1237=IFCPOLYLOOP((#1203,#1215,#1218,#1204));
#1238=IFCFACEOUTERBOUND(#1237,.T.);
#1239=IFCFACE((#1238));
#1240=IFCPOLYLOOP((#1209,#1220,#1219,#1206));
#1241=IFCFACEOUTERBOUND(#1240,.T.);
#1242=IFCFACE((#1241));
#1243=IFCPOLYLOOP((#1208,#1221,#1220,#1209));
#1244=IFCFACEOUTERBOUND(#1243,.T.);
#1245=IFCFACE((#1244));
#1246=IFCPOLYLOOP((#1207,#1222,#1221,#1208));
#1247=IFCFACEOUTERBOUND(#1246,.T.);
#1248=IFCFACE((#1247));
#1249=IFCPOLYLOOP((#1206,#1219,#1222,#1207));
#1250=IFCFACEOUTERBOUND(#1249,.T.);
#1251=IFCFACE((#1250));
#1252=IFCCARTESIANPOINT((38.1000000000749,218.249999999995,38.1000000000022));
#1253=IFCCARTESIANPOINT((1091.9000000001,218.249999999999,38.1000000000027));
#1254=IFCCARTESIANPOINT((1091.9000000001,262.699999999998,38.1000000000027));
#1255=IFCCARTESIANPOINT((38.100000000075,262.699999999995,38.1000000000027));
#1256=IFCPOLYLOOP((#1252,#1253,#1254,#1255));
#1257=IFCFACEOUTERBOUND(#1256,.T.);
#1258=IFCFACE((#1257));
#1259=IFCCARTESIANPOINT((12.7000000000781,262.699999999995,12.7000000000063));
#1260=IFCCARTESIANPOINT((1117.3000000001,262.699999999999,12.700000000006));
#1261=IFCCARTESIANPOINT((1117.3000000001,218.249999999999,12.700000000006));
#1262=IFCCARTESIANPOINT((12.7000000000781,218.249999999995,12.7000000000058));
#1263=IFCPOLYLOOP((#1259,#1260,#1261,#1262));
#1264=IFCFACEOUTERBOUND(#1263,.T.);
#1265=IFCFACE((#1264));
#1266=IFCCARTESIANPOINT((1091.9000000001,218.249999999999,2961.90000000006));
#1267=IFCCARTESIANPOINT((1091.9000000001,262.699999999998,2961.90000000006));
#1268=IFCPOLYLOOP((#1253,#1266,#1267,#1254));
#1269=IFCFACEOUTERBOUND(#1268,.T.);
#1270=IFCFACE((#1269));
#1271=IFCCARTESIANPOINT((1117.3000000001,262.699999999999,2987.30000000005));
#1272=IFCCARTESIANPOINT((1117.3000000001,218.249999999999,2987.30000000005));
#1273=IFCPOLYLOOP((#1260,#1271,#1272,#1261));
#1274=IFCFACEOUTERBOUND(#1273,.T.);
#1275=IFCFACE((#1274));
#1276=IFCCARTESIANPOINT((38.1000000000752,218.249999999995,2961.90000000006));
#1277=IFCCARTESIANPOINT((38.1000000000751,262.699999999995,2961.90000000006));
#1278=IFCPOLYLOOP((#1266,#1276,#1277,#1267));
#1279=IFCFACEOUTERBOUND(#1278,.T.);
#1280=IFCFACE((#1279));
#1281=IFCCARTESIANPOINT((12.700000000078,262.699999999995,2987.30000000005));
#1282=IFCCARTESIANPOINT((12.7000000000783,218.249999999995,2987.30000000005));
#1283=IFCPOLYLOOP((#1271,#1281,#1282,#1272));
#1284=IFCFACEOUTERBOUND(#1283,.T.);
#1285=IFCFACE((#1284));
#1286=IFCPOLYLOOP((#1276,#1252,#1255,#1277));
#1287=IFCFACEOUTERBOUND(#1286,.T.);
#1288=IFCFACE((#1287));
#1289=IFCPOLYLOOP((#1253,#1252,#1276,#1266));
#1290=IFCFACEBOUND(#1289,.T.);
#1291=IFCPOLYLOOP((#1262,#1261,#1272,#1282));
#1292=IFCFACEOUTERBOUND(#1291,.T.);
#1293=IFCFACE((#1290,#1292));
#1294=IFCPOLYLOOP((#1281,#1259,#1262,#1282));
#1295=IFCFACEOUTERBOUND(#1294,.T.);
#1296=IFCFACE((#1295));
#1297=IFCPOLYLOOP((#1255,#1254,#1267,#1277));
#1298=IFCFACEBOUND(#1297,.T.);
#1299=IFCPOLYLOOP((#1260,#1259,#1281,#1271));
#1300=IFCFACEOUTERBOUND(#1299,.T.);
#1301=IFCFACE((#1298,#1300));
#1302=IFCCARTESIANPOINT((38.1000000000745,250.,2961.90000000005));
#1303=IFCCARTESIANPOINT((38.1000000000745,243.650000000109,2961.90000000005));
#1304=IFCCARTESIANPOINT((1091.9000000001,243.650000000109,2961.90000000005));
#1305=IFCCARTESIANPOINT((1091.9000000001,250.,2961.90000000005));
#1306=IFCPOLYLOOP((#1302,#1303,#1304,#1305));
#1307=IFCFACEOUTERBOUND(#1306,.T.);
#1308=IFCFACE((#1307));
#1309=IFCCARTESIANPOINT((1091.9000000001,250.,38.0999999999961));
#1310=IFCCARTESIANPOINT((38.1000000000745,250.,38.0999999999962));
#1311=IFCPOLYLOOP((#1305,#1309,#1310,#1302));
#1312=IFCFACEOUTERBOUND(#1311,.T.);
#1313=IFCFACE((#1312));
#1314=IFCCARTESIANPOINT((1091.9000000001,243.650000000109,38.0999999999961));
#1315=IFCPOLYLOOP((#1304,#1314,#1309,#1305));
#1316=IFCFACEOUTERBOUND(#1315,.T.);
#1317=IFCFACE((#1316));
#1318=IFCCARTESIANPOINT((38.1000000000745,243.650000000109,38.0999999999961));
#1319=IFCPOLYLOOP((#1303,#1318,#1314,#1304));
#1320=IFCFACEOUTERBOUND(#1319,.T.);
#1321=IFCFACE((#1320));
#1322=IFCPOLYLOOP((#1302,#1310,#1318,#1303));
#1323=IFCFACEOUTERBOUND(#1322,.T.);
#1324=IFCFACE((#1323));
#1325=IFCPOLYLOOP((#1310,#1309,#1314,#1318));
#1326=IFCFACEOUTERBOUND(#1325,.T.);
#1327=IFCFACE((#1326));
#1328=IFCCARTESIANPOINT((1091.9000000001,230.949999999997,38.0999999999961));
#1329=IFCCARTESIANPOINT((38.1000000000745,230.949999999997,38.0999999999961));
#1330=IFCCARTESIANPOINT((38.1000000000745,237.300000000093,38.0999999999961));
#1331=IFCCARTESIANPOINT((1091.9000000001,237.300000000093,38.0999999999961));
#1332=IFCPOLYLOOP((#1328,#1329,#1330,#1331));
#1333=IFCFACEOUTERBOUND(#1332,.T.);
#1334=IFCFACE((#1333));
#1335=IFCCARTESIANPOINT((38.1000000000745,230.949999999997,2961.90000000005));
#1336=IFCCARTESIANPOINT((1091.9000000001,230.949999999997,2961.90000000005));
#1337=IFCPOLYLOOP((#1335,#1329,#1328,#1336));
#1338=IFCFACEOUTERBOUND(#1337,.T.);
#1339=IFCFACE((#1338));
#1340=IFCCARTESIANPOINT((38.1000000000745,237.300000000093,2961.90000000005));
#1341=IFCPOLYLOOP((#1340,#1330,#1329,#1335));
#1342=IFCFACEOUTERBOUND(#1341,.T.);
#1343=IFCFACE((#1342));
#1344=IFCCARTESIANPOINT((1091.9000000001,237.300000000093,2961.90000000005));
#1345=IFCPOLYLOOP((#1344,#1331,#1330,#1340));
#1346=IFCFACEOUTERBOUND(#1345,.T.);
#1347=IFCFACE((#1346));
#1348=IFCPOLYLOOP((#1336,#1328,#1331,#1344));
#1349=IFCFACEOUTERBOUND(#1348,.T.);
#1350=IFCFACE((#1349));
#1351=IFCPOLYLOOP((#1336,#1344,#1340,#1335));
#1352=IFCFACEOUTERBOUND(#1351,.T.);
#1353=IFCFACE((#1352));
#1354=IFCCLOSEDSHELL((#1134,#1139,#1144,#1153,#1156,#1165,#1170,#1175,#1179,#1183,#1187,#1191,#1194,#1199,#1202));
#1355=IFCFACETEDBREP(#1354);
#1356=IFCSTYLEDITEM(#1355,(#719),$);
#1357=IFCCLOSEDSHELL((#1214,#1227,#1230,#1233,#1236,#1239,#1242,#1245,#1248,#1251));
#1358=IFCFACETEDBREP(#1357);
#1359=IFCSTYLEDITEM(#1358,(#719),$);
#1360=IFCCLOSEDSHELL((#1258,#1265,#1270,#1275,#1280,#1285,#1288,#1293,#1296,#1301));
#1361=IFCFACETEDBREP(#1360);
#1362=IFCSTYLEDITEM(#1361,(#719),$);
#1363=IFCCLOSEDSHELL((#1308,#1313,#1317,#1321,#1324,#1327));
#1364=IFCFACETEDBREP(#1363);
#1365=IFCSTYLEDITEM(#1364,(#731),$);
#1366=IFCCLOSEDSHELL((#1334,#1339,#1343,#1347,#1350,#1353));
#1367=IFCFACETEDBREP(#1366);
#1368=IFCSTYLEDITEM(#1367,(#731),$);
#1369=IFCSHAPEREPRESENTATION(#24,'Body','Brep',(#1355,#1358,#1361,#1364,#1367));
#1370=IFCAXIS2PLACEMENT3D(#3,$,$);
#1371=IFCREPRESENTATIONMAP(#1370,#1369);
#1372=IFCWINDOWLININGPROPERTIES('1TLPjBhwn6VfwXg0fXWoCo',#18,'M_Window-Fixed:900 x 1650mm:1648944',$,$,$,$,$,$,$,$,$,$,$,$,$);
#1373=IFCWINDOWTYPE('0rnP_sNMhf7RlyFmQBcPp9',#18,'M_Window-Fixed:900 x 1650mm',$,$,(#1372,#1397),(#1371),'1524703',$,.WINDOW.,.NOTDEFINED.,.F.,$);
#1374=IFCMATERIALCONSTITUENT('Frame/Mullion',$,#741,$,'Wood');
#1375=IFCSHAPEREPRESENTATION(#24,'Body','Brep',(#1355,#1358,#1361));
#1376=IFCSHAPEASPECT((#1375),'Frame/Mullion',$,.U.,#1371);
#1377=IFCMATERIALCONSTITUENT('Glass',$,#762,$,'Glass');
#1378=IFCSHAPEREPRESENTATION(#24,'Body','Brep',(#1364,#1367));
#1379=IFCSHAPEASPECT((#1378),'Glass',$,.U.,#1371);
#1380=IFCMATERIALCONSTITUENTSET($,$,(#1374,#1377));
#1381=IFCMAPPEDITEM(#1371,#390);
#1382=IFCSHAPEREPRESENTATION(#24,'Body','MappedRepresentation',(#1381));
#1383=IFCPRODUCTDEFINITIONSHAPE($,$,(#1382));
#1384=IFCCARTESIANPOINT((3150.,40.,0.));
#1385=IFCAXIS2PLACEMENT3D(#1384,$,$);
#1387=IFCWINDOW('1TLPjBhwn6VfwXg0jXWoCo',#18,'M_Window-Fixed:900 x 1650mm:1648944',$,'M_Window-Fixed:900 x 1650mm',#2046,#1383,'1648944',3000.,1130.,.WINDOW.,.NOTDEFINED.,$);
#1388=IFCMATERIALCONSTITUENT('Wood - Stained',$,#741,$,'Wood');
#1389=IFCMATERIALCONSTITUENT('Glass',$,#762,$,'Glass');
#1390=IFCMATERIALCONSTITUENTSET($,$,(#1388,#1389));
#1391=IFCPROPERTYSET('1FgOtl_0dImNC04CjSN1Ft',#18,'Pset_EnvironmentalImpactIndicators',$,(#1077));
#1392=IFCPROPERTYSINGLEVALUE('FireRating',$,IFCLABEL('0.5h'),$);
#1393=IFCPROPERTYSET('3of9zxKCW16mjVBdw52RRs',#18,'Pset_WindowCommon',$,(#155,#1077,#1392));
#1394=IFCRELDEFINESBYPROPERTIES('1AgfnDCCIFINzsE$MPNpMy',#18,$,$,(#1387),#1391);
#1395=IFCRELDEFINESBYPROPERTIES('10zUGuyXmWTjLFZbFM8aHn',#18,$,$,(#1387),#1393);
#1396=IFCPROPERTYSINGLEVALUE('FireRating',$,IFCLABEL('0.5h'),$);
#1397=IFCPROPERTYSET('2Bqhk5VLjGPjoDsqQ$DxoZ',#18,'Pset_WindowCommon',$,(#1396));
#1398=IFCAXIS2PLACEMENT3D(#3,$,$);
#1400=IFCCARTESIANPOINT((0.,0.));
#1401=IFCAXIS2PLACEMENT2D(#1400,#11);
#1402=IFCRECTANGLEPROFILEDEF(.AREA.,'300 x 300 mm',#1401,300.,300.);
#1403=IFCAXIS2PLACEMENT3D(#3,#9,#7);
#1404=IFCEXTRUDEDAREASOLID(#1402,#1403,#9,3000.);
#1405=IFCSTYLEDITEM(#1404,(#376),$);
#1406=IFCSHAPEREPRESENTATION(#24,'Body','SweptSolid',(#1404));
#1407=IFCAXIS2PLACEMENT3D(#3,$,$);
#1408=IFCREPRESENTATIONMAP(#1407,#1406);
#1409=IFCCOLUMNTYPE('1TLPjBhwn6VfwXg0jXWoCr',#18,'M_Concrete-Rectangular-Column:300 x 300 mm',$,$,(#1424),(#1408),'1599231',$,.COLUMN.);
#1410=IFCMAPPEDITEM(#1408,#390);
#1411=IFCSHAPEREPRESENTATION(#24,'Body','MappedRepresentation',(#1410));
#1412=IFCPRODUCTDEFINITIONSHAPE($,$,(#1411));
#1413=IFCCARTESIANPOINT((4430.,150.,0.));
#1414=IFCAXIS2PLACEMENT3D(#1413,#9,#6);
#1415=IFCLOCALPLACEMENT(#34,#1414);
#1416=IFCCOLUMN('1TLPjBhwn6VfwXg0jXWoCp',#18,'M_Concrete-Rectangular-Column:300 x 300 mm:1648945',$,'M_Concrete-Rectangular-Column:300 x 300 mm',#1415,#1412,'1648945',.COLUMN.);
#1417=IFCPROPERTYSET('15kmBom0vUAAqntYlKIyCo',#18,'Pset_ColumnCommon',$,(#53,#399,#400));
#1418=IFCPROPERTYSET('13xuWoy5hp7KL2ZN5UIFlR',#18,'Pset_EnvironmentalImpactIndicators',$,(#399));
#1419=IFCPROPERTYSINGLEVALUE('Reference',$,IFCLABEL('300 x 300 mm'),$);
#1420=IFCPROPERTYSET('2UkqrnEZTr5dbMSKS6Yik_',#18,'Pset_ReinforcementBarPitchOfColumn',$,(#1419));
#1421=IFCRELDEFINESBYPROPERTIES('2JcAnrNojJ32Ob9a9Y5MxM',#18,$,$,(#1416),#1417);
#1422=IFCRELDEFINESBYPROPERTIES('0v2w0zJeV3dJsVayII0GpG',#18,$,$,(#1416),#1418);
#1423=IFCRELDEFINESBYPROPERTIES('3oAIijUyoLQckgEL7b29eu',#18,$,$,(#1416),#1420);
#1424=IFCPROPERTYSET('0w8QNHdYl6NocqZwrvew$9',#18,'Pset_ColumnCommon',$,(#400));
#1425=IFCMAPPEDITEM(#1371,#390);
#1426=IFCSHAPEREPRESENTATION(#24,'Body','MappedRepresentation',(#1425));
#1427=IFCPRODUCTDEFINITIONSHAPE($,$,(#1426));
#1428=IFCCARTESIANPOINT((4580.,40.,0.));
#1429=IFCAXIS2PLACEMENT3D(#1428,$,$);
#1431=IFCWINDOW('1TLPjBhwn6VfwXg0jXWoCm',#18,'M_Window-Fixed:900 x 1650mm:1648946',$,'M_Window-Fixed:900 x 1650mm',#2031,#1427,'1648946',3000.,1130.,.WINDOW.,.NOTDEFINED.,$);
#1432=IFCMATERIALCONSTITUENT('Wood - Stained',$,#741,$,'Wood');
#1433=IFCMATERIALCONSTITUENT('Glass',$,#762,$,'Glass');
#1434=IFCMATERIALCONSTITUENTSET($,$,(#1432,#1433));
#1435=IFCPROPERTYSET('2hKVGxej30BEpS4QQ36IsD',#18,'Pset_EnvironmentalImpactIndicators',$,(#1077));
#1436=IFCPROPERTYSINGLEVALUE('FireRating',$,IFCLABEL('0.5h'),$);
#1437=IFCPROPERTYSET('3$1xBfJIzq8HOLaieidamb',#18,'Pset_WindowCommon',$,(#155,#1077,#1436));
#1438=IFCRELDEFINESBYPROPERTIES('0MAxclQWu1HsxNOEmiwvLR',#18,$,$,(#1431),#1435);
#1439=IFCRELDEFINESBYPROPERTIES('1SMHpeOBK0PLnhURoncuL_',#18,$,$,(#1431),#1437);
#1440=IFCMAPPEDITEM(#738,#390);
#1441=IFCSHAPEREPRESENTATION(#24,'Body','MappedRepresentation',(#1440));
#1442=IFCPRODUCTDEFINITIONSHAPE($,$,(#1441));
#1443=IFCCARTESIANPOINT((3150.,0.,600.));
#1444=IFCAXIS2PLACEMENT3D(#1443,$,$);
#1446=IFCWINDOW('1TLPjBhwn6VfwXg0jXWoEe',#18,'M_Window-Fixed:900 x 1400:1649066',$,'M_Window-Fixed:900 x 1400',#1971,#1442,'1649066',1800.00000000001,1130.,.WINDOW.,.NOTDEFINED.,$);
#1447=IFCMATERIALCONSTITUENT('Wood - Stained',$,#741,$,'Wood');
#1448=IFCMATERIALCONSTITUENT('Glass',$,#762,$,'Glass');
#1449=IFCMATERIALCONSTITUENTSET($,$,(#1447,#1448));
#1450=IFCPROPERTYSET('3iD0p0HvM0KrMw7RY5ZdIy',#18,'Pset_EnvironmentalImpactIndicators',$,(#783));
#1451=IFCPROPERTYSINGLEVALUE('FireRating',$,IFCLABEL('0.5h'),$);
#1452=IFCPROPERTYSET('260FxRexHgUYY6riPWHlW7',#18,'Pset_WindowCommon',$,(#155,#783,#1451));
#1453=IFCRELDEFINESBYPROPERTIES('2fg8cOqYc$6TXWHGIr$H3P',#18,$,$,(#1446),#1450);
#1454=IFCRELDEFINESBYPROPERTIES('1zxNdsVp3gzwND6mVIqGk9',#18,$,$,(#1446),#1452);
#1455=IFCMAPPEDITEM(#738,#390);
#1456=IFCSHAPEREPRESENTATION(#24,'Body','MappedRepresentation',(#1455));
#1457=IFCPRODUCTDEFINITIONSHAPE($,$,(#1456));
#1458=IFCCARTESIANPOINT((1720.,0.,600.));
#1459=IFCAXIS2PLACEMENT3D(#1458,$,$);
#1461=IFCWINDOW('1TLPjBhwn6VfwXg0jXWoEs',#18,'M_Window-Fixed:900 x 1400:1649076',$,'M_Window-Fixed:900 x 1400',#1986,#1457,'1649076',1800.00000000001,1130.,.WINDOW.,.NOTDEFINED.,$);
#1462=IFCMATERIALCONSTITUENT('Wood - Stained',$,#741,$,'Wood');
#1463=IFCMATERIALCONSTITUENT('Glass',$,#762,$,'Glass');
#1464=IFCMATERIALCONSTITUENTSET($,$,(#1462,#1463));
#1465=IFCPROPERTYSET('2crp7RPy_cNLIUDEc78iOc',#18,'Pset_EnvironmentalImpactIndicators',$,(#783));
#1466=IFCPROPERTYSINGLEVALUE('FireRating',$,IFCLABEL('0.5h'),$);
#1467=IFCPROPERTYSET('1KEH79pC$kVQnfV0tzFamA',#18,'Pset_WindowCommon',$,(#155,#783,#1466));
#1468=IFCRELDEFINESBYPROPERTIES('21VscrJ0e$KtgfwDAIof_L',#18,$,$,(#1461),#1465);
#1469=IFCRELDEFINESBYPROPERTIES('2uYGonVuC1_DlCN$1JDzX9',#18,$,$,(#1461),#1467);
#1470=IFCCARTESIANPOINT((250.,125.,0.));
#1471=IFCAXIS2PLACEMENT3D(#1470,$,$);
#1472=IFCLOCALPLACEMENT(#42,#1471);
#1473=IFCCARTESIANPOINT((5500.,-0.));
#1474=IFCPOLYLINE((#4,#1473));
#1475=IFCSHAPEREPRESENTATION(#23,'Axis','Curve2D',(#1474));
#1476=IFCCARTESIANPOINT((2750.,0.));
#1477=IFCAXIS2PLACEMENT2D(#1476,#12);
#1478=IFCRECTANGLEPROFILEDEF(.AREA.,$,#1477,5500.,250.);
#1479=IFCAXIS2PLACEMENT3D(#3,$,$);
#1480=IFCEXTRUDEDAREASOLID(#1478,#1479,#9,3000.);
#1481=IFCSTYLEDITEM(#1480,(#139),$);
#1482=IFCSHAPEREPRESENTATION(#24,'Body','SweptSolid',(#1480));
#1483=IFCPRODUCTDEFINITIONSHAPE($,$,(#1475,#1482));
#1484=IFCWALL('1TLPjBhwn6VfwXg0jXWo3U',#18,'Basic Wall:Generic - 250mm:1649372',$,'Basic Wall:Generic - 250mm',#1472,#1483,'1649372',.NOTDEFINED.);
#1485=IFCPROPERTYSET('3N5HvAW54Q43428Per6MZH',#18,'Pset_EnvironmentalImpactIndicators',$,(#151));
#1486=IFCPROPERTYSINGLEVALUE('Reference',$,IFCLABEL('Generic - 250mm'),$);
#1487=IFCPROPERTYSET('3EW7_lp12zOCiK73$ECgtP',#18,'Pset_ReinforcementBarPitchOfWall',$,(#1486));
#1488=IFCPROPERTYSET('2ssTi7cltVPAn6QzuPScC2',#18,'Pset_WallCommon',$,(#151,#155,#156,#157));
#1489=IFCRELDEFINESBYPROPERTIES('23TpIzyPE6JDwv9ckAc68j',#18,$,$,(#1484),#1485);
#1490=IFCRELDEFINESBYPROPERTIES('2bq46rcJ9hstY_3uBLhKpL',#18,$,$,(#1484),#1487);
#1491=IFCRELDEFINESBYPROPERTIES('0HwX7o4v0VlPWKRIjOnUM_',#18,$,$,(#1484),#1488);
#1492=IFCMAPPEDITEM(#738,#390);
#1493=IFCSHAPEREPRESENTATION(#24,'Body','MappedRepresentation',(#1492));
#1494=IFCPRODUCTDEFINITIONSHAPE($,$,(#1493));
#1495=IFCCARTESIANPOINT((290.,0.,600.));
#1496=IFCAXIS2PLACEMENT3D(#1495,$,$);
#1498=IFCWINDOW('1TLPjBhwn6VfwXg0jXWo3V',#18,'M_Window-Fixed:900 x 1400:1649373',$,'M_Window-Fixed:900 x 1400',#2061,#1494,'1649373',1800.00000000001,1130.,.WINDOW.,.NOTDEFINED.,$);
#1499=IFCMATERIALCONSTITUENT('Wood - Stained',$,#741,$,'Wood');
#1500=IFCMATERIALCONSTITUENT('Glass',$,#762,$,'Glass');
#1501=IFCMATERIALCONSTITUENTSET($,$,(#1499,#1500));
#1502=IFCPROPERTYSET('0vGmL7Nf3XE62RK5vrbjGk',#18,'Pset_EnvironmentalImpactIndicators',$,(#783));
#1503=IFCPROPERTYSINGLEVALUE('FireRating',$,IFCLABEL('0.5h'),$);
#1504=IFCPROPERTYSET('0T$MLCGjsfy9rRiPdfd0k9',#18,'Pset_WindowCommon',$,(#155,#783,#1503));
#1505=IFCRELDEFINESBYPROPERTIES('1ABTSXebCcEwxkx601lNnz',#18,$,$,(#1498),#1502);
#1506=IFCRELDEFINESBYPROPERTIES('2z3DWTuh0SxFlA8Pw6U3ts',#18,$,$,(#1498),#1504);
#1507=IFCMAPPEDITEM(#738,#390);
#1508=IFCSHAPEREPRESENTATION(#24,'Body','MappedRepresentation',(#1507));
#1509=IFCPRODUCTDEFINITIONSHAPE($,$,(#1508));
#1510=IFCCARTESIANPOINT((3150.,0.,600.));
#1511=IFCAXIS2PLACEMENT3D(#1510,$,$);
#1513=IFCWINDOW('1TLPjBhwn6VfwXg0jXWo3S',#18,'M_Window-Fixed:900 x 1400:1649374',$,'M_Window-Fixed:900 x 1400',#2076,#1509,'1649374',1800.00000000001,1130.,.WINDOW.,.NOTDEFINED.,$);
#1514=IFCMATERIALCONSTITUENT('Wood - Stained',$,#741,$,'Wood');
#1515=IFCMATERIALCONSTITUENT('Glass',$,#762,$,'Glass');
#1516=IFCMATERIALCONSTITUENTSET($,$,(#1514,#1515));
#1517=IFCPROPERTYSET('1JLCbleEtJ9qVWOTyf4C71',#18,'Pset_EnvironmentalImpactIndicators',$,(#783));
#1518=IFCPROPERTYSINGLEVALUE('FireRating',$,IFCLABEL('0.5h'),$);
#1519=IFCPROPERTYSET('2TlCfE9Ke2NHkN9dwV8zYg',#18,'Pset_WindowCommon',$,(#155,#783,#1518));
#1520=IFCRELDEFINESBYPROPERTIES('1fDEhIvobWNYa8FA7BFegt',#18,$,$,(#1513),#1517);
#1521=IFCRELDEFINESBYPROPERTIES('2vKofZt$$H9n_J5vfyJAi0',#18,$,$,(#1513),#1519);
#1522=IFCMAPPEDITEM(#738,#390);
#1523=IFCSHAPEREPRESENTATION(#24,'Body','MappedRepresentation',(#1522));
#1524=IFCPRODUCTDEFINITIONSHAPE($,$,(#1523));
#1525=IFCCARTESIANPOINT((1720.,0.,600.));
#1526=IFCAXIS2PLACEMENT3D(#1525,$,$);
#1528=IFCWINDOW('1TLPjBhwn6VfwXg0jXWo3T',#18,'M_Window-Fixed:900 x 1400:1649375',$,'M_Window-Fixed:900 x 1400',#2091,#1524,'1649375',1800.00000000001,1130.,.WINDOW.,.NOTDEFINED.,$);
#1529=IFCMATERIALCONSTITUENT('Wood - Stained',$,#741,$,'Wood');
#1530=IFCMATERIALCONSTITUENT('Glass',$,#762,$,'Glass');
#1531=IFCMATERIALCONSTITUENTSET($,$,(#1529,#1530));
#1532=IFCPROPERTYSET('1wc4xW8F03ySGPf6W8HJmk',#18,'Pset_EnvironmentalImpactIndicators',$,(#783));
#1533=IFCPROPERTYSINGLEVALUE('FireRating',$,IFCLABEL('0.5h'),$);
#1534=IFCPROPERTYSET('1Xs2QKEdBLeDp6XxZtEQf2',#18,'Pset_WindowCommon',$,(#155,#783,#1533));
#1535=IFCRELDEFINESBYPROPERTIES('3wWx0txjFLDURqNPCIfZuj',#18,$,$,(#1528),#1532);
#1536=IFCRELDEFINESBYPROPERTIES('3mi$oHlwQSQM9hXveHNJLN',#18,$,$,(#1528),#1534);
#1537=IFCCARTESIANPOINT((250.,100.,0.));
#1538=IFCAXIS2PLACEMENT3D(#1537,$,$);
#1539=IFCLOCALPLACEMENT(#46,#1538);
#1540=IFCCARTESIANPOINT((5500.,-0.));
#1541=IFCPOLYLINE((#4,#1540));
#1542=IFCSHAPEREPRESENTATION(#23,'Axis','Curve2D',(#1541));
#1543=IFCCARTESIANPOINT((2750.,-2.1316282072803E-14));
#1544=IFCAXIS2PLACEMENT2D(#1543,#12);
#1545=IFCRECTANGLEPROFILEDEF(.AREA.,$,#1544,5500.,250.);
#1546=IFCAXIS2PLACEMENT3D(#3,$,$);
#1547=IFCEXTRUDEDAREASOLID(#1545,#1546,#9,4000.);
#1548=IFCSTYLEDITEM(#1547,(#139),$);
#1549=IFCSHAPEREPRESENTATION(#24,'Body','SweptSolid',(#1547));
#1550=IFCPRODUCTDEFINITIONSHAPE($,$,(#1542,#1549));
#1551=IFCWALL('1TLPjBhwn6VfwXg0jXWo4M',#18,'Basic Wall:Generic - 250mm:1649428',$,'Basic Wall:Generic - 250mm',#1539,#1550,'1649428',.NOTDEFINED.);
#1552=IFCPROPERTYSET('3f1hyX9IiSuJ40mzRpTMPI',#18,'Pset_EnvironmentalImpactIndicators',$,(#151));
#1553=IFCPROPERTYSINGLEVALUE('Reference',$,IFCLABEL('Generic - 250mm'),$);
#1554=IFCPROPERTYSET('3$XyFRmcm2Bzkf_rpqf5hN',#18,'Pset_ReinforcementBarPitchOfWall',$,(#1553));
#1555=IFCPROPERTYSET('17RnEgMATl10Qx_1oa8mPx',#18,'Pset_WallCommon',$,(#151,#155,#156,#157));
#1556=IFCRELDEFINESBYPROPERTIES('3oOWC5MQejimbRo3njBsQu',#18,$,$,(#1551),#1552);
#1557=IFCRELDEFINESBYPROPERTIES('1QshS64mkaZmmrM048grnB',#18,$,$,(#1551),#1554);
#1558=IFCRELDEFINESBYPROPERTIES('1Ar_RM7tPmgvCchTG0bCUo',#18,$,$,(#1551),#1555);
#1559=IFCMAPPEDITEM(#738,#390);
#1560=IFCSHAPEREPRESENTATION(#24,'Body','MappedRepresentation',(#1559));
#1561=IFCPRODUCTDEFINITIONSHAPE($,$,(#1560));
#1562=IFCCARTESIANPOINT((290.,-25.,600.));
#1563=IFCAXIS2PLACEMENT3D(#1562,$,$);
#1565=IFCWINDOW('1TLPjBhwn6VfwXg0jXWo4N',#18,'M_Window-Fixed:900 x 1400:1649429',$,'M_Window-Fixed:900 x 1400',#2136,#1561,'1649429',1800.00000000001,1130.,.WINDOW.,.NOTDEFINED.,$);
#1566=IFCMATERIALCONSTITUENT('Wood - Stained',$,#741,$,'Wood');
#1567=IFCMATERIALCONSTITUENT('Glass',$,#762,$,'Glass');
#1568=IFCMATERIALCONSTITUENTSET($,$,(#1566,#1567));
#1569=IFCPROPERTYSET('0HXLNARCW4wQSrA3AGtmiG',#18,'Pset_EnvironmentalImpactIndicators',$,(#783));
#1570=IFCPROPERTYSINGLEVALUE('FireRating',$,IFCLABEL('0.5h'),$);
#1571=IFCPROPERTYSET('2vX4rIT51pTmKmrIhKAKxb',#18,'Pset_WindowCommon',$,(#155,#783,#1570));
#1572=IFCRELDEFINESBYPROPERTIES('13ufqECP634apQQ_$h4EVT',#18,$,$,(#1565),#1569);
#1573=IFCRELDEFINESBYPROPERTIES('3kNNX_sqkgFTMEfgT2X$ih',#18,$,$,(#1565),#1571);
#1574=IFCCARTESIANPOINT((2560.,154.749999999975,1800.));
#1575=IFCCARTESIANPOINT((2560.,269.049999999991,1800.));
#1576=IFCCARTESIANPOINT((0.,269.049999999999,1800.));
#1577=IFCCARTESIANPOINT((0.,154.749999999983,1800.));
#1578=IFCPOLYLOOP((#1574,#1575,#1576,#1577));
#1579=IFCFACEOUTERBOUND(#1578,.T.);
#1580=IFCFACE((#1579));
#1581=IFCCARTESIANPOINT((0.,269.049999999999,0.));
#1582=IFCCARTESIANPOINT((0.,154.749999999983,0.));
#1583=IFCPOLYLOOP((#1577,#1576,#1581,#1582));
#1584=IFCFACEOUTERBOUND(#1583,.T.);
#1585=IFCFACE((#1584));
#1586=IFCCARTESIANPOINT((2560.,269.049999999991,0.));
#1587=IFCCARTESIANPOINT((2560.,154.749999999975,0.));
#1588=IFCPOLYLOOP((#1582,#1581,#1586,#1587));
#1589=IFCFACEOUTERBOUND(#1588,.T.);
#1590=IFCFACE((#1589));
#1591=IFCCARTESIANPOINT((2528.25000000006,154.749999999975,1768.25000000007));
#1592=IFCCARTESIANPOINT((2528.25000000006,154.749999999975,31.7499999999354));
#1593=IFCCARTESIANPOINT((31.7499999999351,154.749999999983,31.7499999999354));
#1594=IFCCARTESIANPOINT((31.7499999999349,154.749999999983,1768.25000000007));
#1595=IFCPOLYLOOP((#1577,#1582,#1587,#1574));
#1596=IFCFACEOUTERBOUND(#1595,.T.);
#1597=IFCPOLYLOOP((#1591,#1592,#1593,#1594));
#1598=IFCFACEBOUND(#1597,.T.);
#1599=IFCFACE((#1596,#1598));
#1600=IFCPOLYLOOP((#1587,#1586,#1575,#1574));
#1601=IFCFACEOUTERBOUND(#1600,.T.);
#1602=IFCFACE((#1601));
#1603=IFCCARTESIANPOINT((12.6999999999998,269.049999999998,1787.30000000001));
#1604=IFCCARTESIANPOINT((12.6999999999998,269.049999999998,12.6999999999994));
#1605=IFCCARTESIANPOINT((2547.3,269.049999999991,12.6999999999993));
#1606=IFCCARTESIANPOINT((2547.3,269.049999999991,1787.30000000001));
#1607=IFCPOLYLOOP((#1575,#1586,#1581,#1576));
#1608=IFCFACEOUTERBOUND(#1607,.T.);
#1609=IFCPOLYLOOP((#1603,#1604,#1605,#1606));
#1610=IFCFACEBOUND(#1609,.T.);
#1611=IFCFACE((#1608,#1610));
#1612=IFCCARTESIANPOINT((2528.25000000006,218.249999999993,1768.25000000007));
#1613=IFCCARTESIANPOINT((31.7499999999367,218.250000000002,1768.25000000007));
#1614=IFCPOLYLOOP((#1612,#1591,#1594,#1613));
#1615=IFCFACEOUTERBOUND(#1614,.T.);
#1616=IFCFACE((#1615));
#1617=IFCCARTESIANPOINT((2547.3,218.249999999993,1787.30000000001));
#1618=IFCCARTESIANPOINT((12.7000000000001,218.250000000001,1787.30000000001));
#1619=IFCPOLYLOOP((#1606,#1617,#1618,#1603));
#1620=IFCFACEOUTERBOUND(#1619,.T.);
#1621=IFCFACE((#1620));
#1622=IFCCARTESIANPOINT((31.7499999999362,218.250000000002,31.7499999999362));
#1623=IFCPOLYLOOP((#1613,#1594,#1593,#1622));
#1624=IFCFACEOUTERBOUND(#1623,.T.);
#1625=IFCFACE((#1624));
#1626=IFCCARTESIANPOINT((12.7000000000001,218.250000000001,12.6999999999998));
#1627=IFCPOLYLOOP((#1603,#1618,#1626,#1604));
#1628=IFCFACEOUTERBOUND(#1627,.T.);
#1629=IFCFACE((#1628));
#1630=IFCCARTESIANPOINT((2528.25000000006,218.249999999993,31.7499999999361));
#1631=IFCPOLYLOOP((#1622,#1593,#1592,#1630));
#1632=IFCFACEOUTERBOUND(#1631,.T.);
#1633=IFCFACE((#1632));
#1634=IFCCARTESIANPOINT((2547.3,218.249999999993,12.6999999999998));
#1635=IFCPOLYLOOP((#1604,#1626,#1634,#1605));
#1636=IFCFACEOUTERBOUND(#1635,.T.);
#1637=IFCFACE((#1636));
#1638=IFCPOLYLOOP((#1630,#1592,#1591,#1612));
#1639=IFCFACEOUTERBOUND(#1638,.T.);
#1640=IFCFACE((#1639));
#1641=IFCPOLYLOOP((#1613,#1622,#1630,#1612));
#1642=IFCFACEBOUND(#1641,.T.);
#1643=IFCPOLYLOOP((#1617,#1634,#1626,#1618));
#1644=IFCFACEOUTERBOUND(#1643,.T.);
#1645=IFCFACE((#1642,#1644));
#1646=IFCPOLYLOOP((#1605,#1634,#1617,#1606));
#1647=IFCFACEOUTERBOUND(#1646,.T.);
#1648=IFCFACE((#1647));
#1649=IFCCARTESIANPOINT((0.,0.,1800.));
#1650=IFCCARTESIANPOINT((2560.,0.,0.));
#1651=IFCCARTESIANPOINT((2560.,0.,1800.));
#1652=IFCCARTESIANPOINT((2547.29999999993,0.,1787.30000000005));
#1653=IFCCARTESIANPOINT((2547.29999999993,0.,12.7000000000069));
#1654=IFCCARTESIANPOINT((12.6999999999045,0.,12.7000000000069));
#1655=IFCCARTESIANPOINT((12.6999999999045,0.,1787.30000000005));
#1656=IFCPOLYLOOP((#1649,#3,#1650,#1651));
#1657=IFCFACEOUTERBOUND(#1656,.T.);
#1658=IFCPOLYLOOP((#1652,#1653,#1654,#1655));
#1659=IFCFACEBOUND(#1658,.T.);
#1660=IFCFACE((#1657,#1659));
#1661=IFCCARTESIANPOINT((0.,154.75,1800.));
#1662=IFCCARTESIANPOINT((2560.,154.75,1800.));
#1663=IFCCARTESIANPOINT((2560.,154.75,0.));
#1664=IFCCARTESIANPOINT((0.,154.75,0.));
#1665=IFCCARTESIANPOINT((2547.29999999993,154.75,1787.30000000005));
#1666=IFCCARTESIANPOINT((12.6999999999045,154.75,1787.30000000005));
#1667=IFCCARTESIANPOINT((12.6999999999045,154.75,12.7000000000069));
#1668=IFCCARTESIANPOINT((2547.29999999993,154.75,12.7000000000069));
#1669=IFCPOLYLOOP((#1661,#1662,#1663,#1664));
#1670=IFCFACEOUTERBOUND(#1669,.T.);
#1671=IFCPOLYLOOP((#1665,#1666,#1667,#1668));
#1672=IFCFACEBOUND(#1671,.T.);
#1673=IFCFACE((#1670,#1672));
#1674=IFCPOLYLOOP((#3,#1649,#1661,#1664));
#1675=IFCFACEOUTERBOUND(#1674,.T.);
#1676=IFCFACE((#1675));
#1677=IFCPOLYLOOP((#1650,#3,#1664,#1663));
#1678=IFCFACEOUTERBOUND(#1677,.T.);
#1679=IFCFACE((#1678));
#1680=IFCPOLYLOOP((#1651,#1650,#1663,#1662));
#1681=IFCFACEOUTERBOUND(#1680,.T.);
#1682=IFCFACE((#1681));
#1683=IFCPOLYLOOP((#1649,#1651,#1662,#1661));
#1684=IFCFACEOUTERBOUND(#1683,.T.);
#1685=IFCFACE((#1684));
#1686=IFCPOLYLOOP((#1653,#1652,#1665,#1668));
#1687=IFCFACEOUTERBOUND(#1686,.T.);
#1688=IFCFACE((#1687));
#1689=IFCPOLYLOOP((#1654,#1653,#1668,#1667));
#1690=IFCFACEOUTERBOUND(#1689,.T.);
#1691=IFCFACE((#1690));
#1692=IFCPOLYLOOP((#1655,#1654,#1667,#1666));
#1693=IFCFACEOUTERBOUND(#1692,.T.);
#1694=IFCFACE((#1693));
#1695=IFCPOLYLOOP((#1652,#1655,#1666,#1665));
#1696=IFCFACEOUTERBOUND(#1695,.T.);
#1697=IFCFACE((#1696));
#1698=IFCCARTESIANPOINT((2521.89999999993,218.249999999993,38.1000000000027));
#1699=IFCCARTESIANPOINT((2521.89999999993,262.699999999993,38.1000000000026));
#1700=IFCCARTESIANPOINT((38.0999999998998,262.700000000001,38.1000000000024));
#1701=IFCCARTESIANPOINT((38.0999999999001,218.250000000001,38.1000000000027));
#1702=IFCPOLYLOOP((#1698,#1699,#1700,#1701));
#1703=IFCFACEOUTERBOUND(#1702,.T.);
#1704=IFCFACE((#1703));
#1705=IFCCARTESIANPOINT((2547.29999999993,262.699999999993,12.7000000000063));
#1706=IFCCARTESIANPOINT((2547.29999999993,218.249999999993,12.700000000006));
#1707=IFCCARTESIANPOINT((12.6999999999029,218.250000000001,12.7000000000063));
#1708=IFCCARTESIANPOINT((12.6999999999029,262.699999999999,12.7000000000058));
#1709=IFCPOLYLOOP((#1705,#1706,#1707,#1708));
#1710=IFCFACEOUTERBOUND(#1709,.T.);
#1711=IFCFACE((#1710));
#1712=IFCCARTESIANPOINT((38.0999999998998,262.700000000001,1761.90000000006));
#1713=IFCCARTESIANPOINT((38.0999999998998,218.250000000001,1761.90000000006));
#1714=IFCPOLYLOOP((#1701,#1700,#1712,#1713));
#1715=IFCFACEOUTERBOUND(#1714,.T.);
#1716=IFCFACE((#1715));
#1717=IFCCARTESIANPOINT((12.6999999999032,218.250000000001,1787.30000000005));
#1718=IFCCARTESIANPOINT((12.6999999999037,262.699999999999,1787.30000000005));
#1719=IFCPOLYLOOP((#1708,#1707,#1717,#1718));
#1720=IFCFACEOUTERBOUND(#1719,.T.);
#1721=IFCFACE((#1720));
#1722=IFCCARTESIANPOINT((2521.89999999993,262.699999999993,1761.90000000006));
#1723=IFCCARTESIANPOINT((2521.89999999993,218.249999999993,1761.90000000006));
#1724=IFCPOLYLOOP((#1713,#1712,#1722,#1723));
#1725=IFCFACEOUTERBOUND(#1724,.T.);
#1726=IFCFACE((#1725));
#1727=IFCCARTESIANPOINT((2547.29999999993,218.249999999993,1787.30000000005));
#1728=IFCCARTESIANPOINT((2547.29999999993,262.699999999993,1787.30000000005));
#1729=IFCPOLYLOOP((#1718,#1717,#1727,#1728));
#1730=IFCFACEOUTERBOUND(#1729,.T.);
#1731=IFCFACE((#1730));
#1732=IFCPOLYLOOP((#1723,#1722,#1699,#1698));
#1733=IFCFACEOUTERBOUND(#1732,.T.);
#1734=IFCFACE((#1733));
#1735=IFCPOLYLOOP((#1701,#1713,#1723,#1698));
#1736=IFCFACEBOUND(#1735,.T.);
#1737=IFCPOLYLOOP((#1706,#1727,#1717,#1707));
#1738=IFCFACEOUTERBOUND(#1737,.T.);
#1739=IFCFACE((#1736,#1738));
#1740=IFCPOLYLOOP((#1728,#1727,#1706,#1705));
#1741=IFCFACEOUTERBOUND(#1740,.T.);
#1742=IFCFACE((#1741));
#1743=IFCPOLYLOOP((#1708,#1718,#1728,#1705));
#1744=IFCFACEOUTERBOUND(#1743,.T.);
#1745=IFCPOLYLOOP((#1699,#1722,#1712,#1700));
#1746=IFCFACEBOUND(#1745,.T.);
#1747=IFCFACE((#1744,#1746));
#1748=IFCCARTESIANPOINT((2521.89999999993,250.,1761.90000000005));
#1749=IFCCARTESIANPOINT((38.0999999998998,250.,1761.90000000005));
#1750=IFCCARTESIANPOINT((38.0999999998998,243.650000000107,1761.90000000005));
#1751=IFCCARTESIANPOINT((2521.89999999993,243.650000000107,1761.90000000005));
#1752=IFCPOLYLOOP((#1748,#1749,#1750,#1751));
#1753=IFCFACEOUTERBOUND(#1752,.T.);
#1754=IFCFACE((#1753));
#1755=IFCCARTESIANPOINT((2521.89999999993,250.,38.0999999999961));
#1756=IFCCARTESIANPOINT((38.0999999998998,250.,38.0999999999962));
#1757=IFCPOLYLOOP((#1749,#1748,#1755,#1756));
#1758=IFCFACEOUTERBOUND(#1757,.T.);
#1759=IFCFACE((#1758));
#1760=IFCCARTESIANPOINT((38.0999999998998,243.650000000107,38.0999999999962));
#1761=IFCPOLYLOOP((#1750,#1749,#1756,#1760));
#1762=IFCFACEOUTERBOUND(#1761,.T.);
#1763=IFCFACE((#1762));
#1764=IFCCARTESIANPOINT((2521.89999999993,243.650000000107,38.0999999999962));
#1765=IFCPOLYLOOP((#1751,#1750,#1760,#1764));
#1766=IFCFACEOUTERBOUND(#1765,.T.);
#1767=IFCFACE((#1766));
#1768=IFCPOLYLOOP((#1748,#1751,#1764,#1755));
#1769=IFCFACEOUTERBOUND(#1768,.T.);
#1770=IFCFACE((#1769));
#1771=IFCPOLYLOOP((#1755,#1764,#1760,#1756));
#1772=IFCFACEOUTERBOUND(#1771,.T.);
#1773=IFCFACE((#1772));
#1774=IFCCARTESIANPOINT((38.0999999998998,230.949999999997,38.0999999999961));
#1775=IFCCARTESIANPOINT((38.0999999998998,237.30000000009,38.0999999999961));
#1776=IFCCARTESIANPOINT((2521.89999999993,237.30000000009,38.0999999999961));
#1777=IFCCARTESIANPOINT((2521.89999999993,230.949999999997,38.0999999999961));
#1778=IFCPOLYLOOP((#1774,#1775,#1776,#1777));
#1779=IFCFACEOUTERBOUND(#1778,.T.);
#1780=IFCFACE((#1779));
#1781=IFCCARTESIANPOINT((2521.89999999993,230.949999999997,1761.90000000005));
#1782=IFCCARTESIANPOINT((38.0999999998998,230.949999999997,1761.90000000005));
#1783=IFCPOLYLOOP((#1781,#1782,#1774,#1777));
#1784=IFCFACEOUTERBOUND(#1783,.T.);
#1785=IFCFACE((#1784));
#1786=IFCCARTESIANPOINT((2521.89999999993,237.30000000009,1761.90000000005));
#1787=IFCPOLYLOOP((#1786,#1781,#1777,#1776));
#1788=IFCFACEOUTERBOUND(#1787,.T.);
#1789=IFCFACE((#1788));
#1790=IFCCARTESIANPOINT((38.0999999998998,237.30000000009,1761.90000000005));
#1791=IFCPOLYLOOP((#1790,#1786,#1776,#1775));
#1792=IFCFACEOUTERBOUND(#1791,.T.);
#1793=IFCFACE((#1792));
#1794=IFCPOLYLOOP((#1782,#1790,#1775,#1774));
#1795=IFCFACEOUTERBOUND(#1794,.T.);
#1796=IFCFACE((#1795));
#1797=IFCPOLYLOOP((#1782,#1781,#1786,#1790));
#1798=IFCFACEOUTERBOUND(#1797,.T.);
#1799=IFCFACE((#1798));
#1800=IFCCLOSEDSHELL((#1580,#1585,#1590,#1599,#1602,#1611,#1616,#1621,#1625,#1629,#1633,#1637,#1640,#1645,#1648));
#1801=IFCFACETEDBREP(#1800);
#1802=IFCSTYLEDITEM(#1801,(#719),$);
#1803=IFCCLOSEDSHELL((#1660,#1673,#1676,#1679,#1682,#1685,#1688,#1691,#1694,#1697));
#1804=IFCFACETEDBREP(#1803);
#1805=IFCSTYLEDITEM(#1804,(#719),$);
#1806=IFCCLOSEDSHELL((#1704,#1711,#1716,#1721,#1726,#1731,#1734,#1739,#1742,#1747));
#1807=IFCFACETEDBREP(#1806);
#1808=IFCSTYLEDITEM(#1807,(#719),$);
#1809=IFCCLOSEDSHELL((#1754,#1759,#1763,#1767,#1770,#1773));
#1810=IFCFACETEDBREP(#1809);
#1811=IFCSTYLEDITEM(#1810,(#731),$);
#1812=IFCCLOSEDSHELL((#1780,#1785,#1789,#1793,#1796,#1799));
#1813=IFCFACETEDBREP(#1812);
#1814=IFCSTYLEDITEM(#1813,(#731),$);
#1815=IFCSHAPEREPRESENTATION(#24,'Body','Brep',(#1801,#1804,#1807,#1810,#1813));
#1816=IFCAXIS2PLACEMENT3D(#3,$,$);
#1817=IFCREPRESENTATIONMAP(#1816,#1815);
#1818=IFCWINDOWLININGPROPERTIES('1TLPjBhwn6VfwXg0fXWo4K',#18,'M_Window-Fixed:900 x 2000:1649430',$,$,$,$,$,$,$,$,$,$,$,$,$);
#1819=IFCWINDOWTYPE('1iYrknX4h0vQNfCFViNyrI',#18,'M_Window-Fixed:900 x 2000',$,$,(#1818,#1844),(#1817),'1649991',$,.WINDOW.,.NOTDEFINED.,.F.,$);
#1820=IFCMATERIALCONSTITUENT('Frame/Mullion',$,#741,$,'Wood');
#1821=IFCSHAPEREPRESENTATION(#24,'Body','Brep',(#1801,#1804,#1807));
#1822=IFCSHAPEASPECT((#1821),'Frame/Mullion',$,.U.,#1817);
#1823=IFCMATERIALCONSTITUENT('Glass',$,#762,$,'Glass');
#1824=IFCSHAPEREPRESENTATION(#24,'Body','Brep',(#1810,#1813));
#1825=IFCSHAPEASPECT((#1824),'Glass',$,.U.,#1817);
#1826=IFCMATERIALCONSTITUENTSET($,$,(#1820,#1823));
#1827=IFCMAPPEDITEM(#1817,#390);
#1828=IFCSHAPEREPRESENTATION(#24,'Body','MappedRepresentation',(#1827));
#1829=IFCPRODUCTDEFINITIONSHAPE($,$,(#1828));
#1830=IFCCARTESIANPOINT((3150.,-25.,600.));
#1831=IFCAXIS2PLACEMENT3D(#1830,$,$);
#1833=IFCWINDOW('1TLPjBhwn6VfwXg0jXWo4K',#18,'M_Window-Fixed:900 x 2000:1649430',$,'M_Window-Fixed:900 x 2000',#2121,#1829,'1649430',1800.00000000001,2560.,.WINDOW.,.NOTDEFINED.,$);
#1834=IFCMATERIALCONSTITUENT('Wood - Stained',$,#741,$,'Wood');
#1835=IFCMATERIALCONSTITUENT('Glass',$,#762,$,'Glass');
#1836=IFCMATERIALCONSTITUENTSET($,$,(#1834,#1835));
#1837=IFCPROPERTYSINGLEVALUE('Reference',$,IFCIDENTIFIER('900 x 2000'),$);
#1838=IFCPROPERTYSET('2qO4OPA4fwS7clMn_YW1TO',#18,'Pset_EnvironmentalImpactIndicators',$,(#1837));
#1839=IFCPROPERTYSINGLEVALUE('FireRating',$,IFCLABEL('0.5h'),$);
#1840=IFCPROPERTYSET('3emarYzMcXj6Wpu7qaLyhq',#18,'Pset_WindowCommon',$,(#155,#1837,#1839));
#1841=IFCRELDEFINESBYPROPERTIES('3Gh$$dvhkwq0fbvAGM389P',#18,$,$,(#1833),#1838);
#1842=IFCRELDEFINESBYPROPERTIES('0z6wryUcRIYAXMgtY5UYN$',#18,$,$,(#1833),#1840);
#1843=IFCPROPERTYSINGLEVALUE('FireRating',$,IFCLABEL('0.5h'),$);
#1844=IFCPROPERTYSET('3Ye5LKD6$1UKvbTEbTrJH5',#18,'Pset_WindowCommon',$,(#1843));
#1845=IFCMAPPEDITEM(#738,#390);
#1846=IFCSHAPEREPRESENTATION(#24,'Body','MappedRepresentation',(#1845));
#1847=IFCPRODUCTDEFINITIONSHAPE($,$,(#1846));
#1848=IFCCARTESIANPOINT((1720.,-25.,600.));
#1849=IFCAXIS2PLACEMENT3D(#1848,$,$);
#1851=IFCWINDOW('1TLPjBhwn6VfwXg0jXWo4L',#18,'M_Window-Fixed:900 x 1400:1649431',$,'M_Window-Fixed:900 x 1400',#2106,#1847,'1649431',1800.00000000001,1130.,.WINDOW.,.NOTDEFINED.,$);
#1852=IFCMATERIALCONSTITUENT('Wood - Stained',$,#741,$,'Wood');
#1853=IFCMATERIALCONSTITUENT('Glass',$,#762,$,'Glass');
#1854=IFCMATERIALCONSTITUENTSET($,$,(#1852,#1853));
#1855=IFCPROPERTYSET('3HWZO3w7uqtDBZOpMu81H2',#18,'Pset_EnvironmentalImpactIndicators',$,(#783));
#1856=IFCPROPERTYSINGLEVALUE('FireRating',$,IFCLABEL('0.5h'),$);
#1857=IFCPROPERTYSET('0swZppq7bZe8uUSB4TPl2Z',#18,'Pset_WindowCommon',$,(#155,#783,#1856));
#1858=IFCRELDEFINESBYPROPERTIES('2jF0MBzOEVXX73ynrcqwo3',#18,$,$,(#1851),#1855);
#1859=IFCRELDEFINESBYPROPERTIES('3CkjH9gLTUcpQEp760q2Rp',#18,$,$,(#1851),#1857);
#1860=IFCPROPERTYSINGLEVALUE('Reference',$,IFCIDENTIFIER('8mm Head'),$);
#1861=IFCPROPERTYSINGLEVALUE('AboveGround',$,IFCLOGICAL(.U.),$);
#1862=IFCPROPERTYSET('16L50AfyZF4hYq5TGET4H4',#18,'Pset_BuildingStoreyCommon',$,(#1860,#1861));
#1863=IFCPROPERTYSET('2J7ac_h5ujdwWuzVwBIIta',#18,'Pset_SpaceCommon',$,(#53,#1860));
#1864=IFCRELDEFINESBYPROPERTIES('2VdfSfkgzGoZi_3SgzE8$0',#18,$,$,(#35),#1862);
#1865=IFCRELDEFINESBYPROPERTIES('3$YdOpA8iaPobC8MDiWxoI',#18,$,$,(#35),#1863);
#1866=IFCRELCONTAINEDINSPATIALSTRUCTURE('2JF4e6axWHqu3u0C5FZlmi',#18,$,$,(#397,#415,#437,#459,#481,#806,#1073,#1091,#1105,#1119,#1387,#1416,#1431),#35);
#1867=IFCPROPERTYSET('1n34enW33Z_3Qq2Pm1kjQZ',#18,'Pset_BuildingStoreyCommon',$,(#1860,#1861));
#1868=IFCPROPERTYSET('0qNc4$IaPwTvoqOd7IlIE4',#18,'Pset_SpaceCommon',$,(#53,#1860));
#1869=IFCRELDEFINESBYPROPERTIES('36oM8gyLQ5_Z6XoGK5uP1E',#18,$,$,(#39),#1867);
#1870=IFCRELDEFINESBYPROPERTIES('0jA6Vdz$3CfPvu_I1iTL6J',#18,$,$,(#39),#1868);
#1871=IFCRELCONTAINEDINSPATIALSTRUCTURE('1ZGO8hrFCHqw0v0066FpFv',#18,$,$,(#143,#179,#201,#223,#779,#1446,#1461),#39);
#1872=IFCPROPERTYSET('3rKrfBkR2dCE9KOwOcBGMO',#18,'Pset_BuildingStoreyCommon',$,(#1860,#1861));
#1873=IFCPROPERTYSET('1UT7zQyuBBs$kN5s9BUmiY',#18,'Pset_SpaceCommon',$,(#53,#1860));
#1874=IFCRELDEFINESBYPROPERTIES('2hHnbrgrn2BI0TV0TuihNP',#18,$,$,(#43),#1872);
#1875=IFCRELDEFINESBYPROPERTIES('0Wd$6tnJO4umcxzsd8cyIT',#18,$,$,(#43),#1873);
#1876=IFCRELCONTAINEDINSPATIALSTRUCTURE('3luEbGC9HAlQ1SJDds1YFK',#18,$,$,(#245,#267,#289,#1484,#1498,#1513,#1528),#43);
#1877=IFCPROPERTYSET('2jEbnXD_tLybdk8ITZa10d',#18,'Pset_BuildingStoreyCommon',$,(#1860,#1861));
#1878=IFCPROPERTYSET('1VnMVEVI_uDwn8KIcAsA3N',#18,'Pset_SpaceCommon',$,(#53,#1860));
#1879=IFCRELDEFINESBYPROPERTIES('0zG6ozT4x3ulg_e9SR0hYc',#18,$,$,(#47),#1877);
#1880=IFCRELDEFINESBYPROPERTIES('0aCCk1GSeomLLlDIeq31f$',#18,$,$,(#47),#1878);
#1881=IFCRELCONTAINEDINSPATIALSTRUCTURE('3luEbGC9HAlQ1SJDds1Y6x',#18,$,$,(#311,#333,#355,#1551,#1565,#1833,#1851),#47);
#1882=IFCRELAGGREGATES('2KFB6YYWgXBmucZ8cm7uCP',#18,$,$,#27,(#50));
#1883=IFCRELAGGREGATES('16_hfJTeCqU7LcG8m10BTS',#18,$,$,#50,(#32));
#1884=IFCRELAGGREGATES('1yhDISh1T5aQqAoygxGIhP',#18,$,$,#32,(#35,#39,#43,#47));
#1885=IFCPROPERTYSINGLEVALUE('NumberOfStoreys',$,IFCCOUNTMEASURE(4),$);
#1886=IFCPROPERTYSINGLEVALUE('IsLandmarked',$,IFCLOGICAL(.U.),$);
#1887=IFCPROPERTYSET('01y_GmllCupEYuBgfGbhkd',#18,'Pset_BuildingCommon',$,(#51,#1885,#1886));
#1888=IFCPROPERTYSET('1rUR7OGyIAkZT62xvibLnd',#18,'Pset_BuildingElementProxyCommon',$,(#51,#53));
#1889=IFCPROPERTYSET('2kFDjjfIaTsBi7MLK$i$Me',#18,'Pset_BuildingStoreyCommon',$,(#51,#1861));
#1890=IFCPROPERTYSET('1TYvb3FgH88mtl04iE5P1T',#18,'Pset_BuildingSystemCommon',$,(#51));
#1891=IFCPROPERTYSET('2W94HCj5xfigmNGtkBMklk',#18,'Pset_SpaceCommon',$,(#51,#53));
#1892=IFCRELDEFINESBYPROPERTIES('0vDjba2fshDEh0_KufwWht',#18,$,$,(#32),#1887);
#1893=IFCRELDEFINESBYPROPERTIES('1V6UQfELB4oPy3GPEaJMPw',#18,$,$,(#32),#1888);
#1894=IFCRELDEFINESBYPROPERTIES('0Vpd75HttOMIhzXutBGgCt',#18,$,$,(#32),#1889);
#1895=IFCRELDEFINESBYPROPERTIES('22VMRBFW9n6_S81yWIP225',#18,$,$,(#32),#1890);
#1896=IFCRELDEFINESBYPROPERTIES('2w3bzVlKnfBVjA3_BjG2II',#18,$,$,(#32),#1891);
#1897=IFCRELASSOCIATESMATERIAL('32jG7v82IuLMeRLbQjygX1',#18,$,$,(#740),#772);
#1898=IFCRELASSOCIATESMATERIAL('0PcPFRotkyr03uDD0RcfS2',#18,$,$,(#779),#782);
#1899=IFCRELASSOCIATESMATERIAL('2rp$mTJPvDikCgYlKP4UIH',#18,$,$,(#1059),#1066);
#1900=IFCRELASSOCIATESMATERIAL('2PEYMfH8Jr9t$tez4fcZdq',#18,$,$,(#1073),#1076);
#1901=IFCRELASSOCIATESMATERIAL('29mlenRNIxnR5zfeZBvLNE',#18,$,$,(#1119),#1122);
#1902=IFCRELASSOCIATESMATERIAL('3sVeK3t6b6oIPuo$y5YQM7',#18,$,$,(#1373),#1380);
#1903=IFCRELASSOCIATESMATERIAL('1KAMgNKIWfTGVFF69kju9J',#18,$,$,(#1387),#1390);
#1904=IFCRELASSOCIATESMATERIAL('2XdQoe4ZUXrBFxarvyndt1',#18,$,$,(#1431),#1434);
#1905=IFCRELASSOCIATESMATERIAL('1DviHCiKKBEZLtuQ0G5g5o',#18,$,$,(#1446),#1449);
#1906=IFCRELASSOCIATESMATERIAL('0JJXqi$bPXpw4ayo6JTuLW',#18,$,$,(#1461),#1464);
#1907=IFCRELASSOCIATESMATERIAL('01fm_Nm6xVAliPhZfq1RDE',#18,$,$,(#1498),#1501);
#1908=IFCRELASSOCIATESMATERIAL('08K3UKDA8wTnAdTILmsHm7',#18,$,$,(#1513),#1516);
#1909=IFCRELASSOCIATESMATERIAL('0H6IRKu4HQIr$_$HgdG10X',#18,$,$,(#1528),#1531);
#1910=IFCRELASSOCIATESMATERIAL('3hwzGPHfn2eRiE_sM6u13H',#18,$,$,(#1565),#1568);
#1911=IFCRELASSOCIATESMATERIAL('0pVT_5HMMxNHF0tIGLkMNo',#18,$,$,(#1819),#1826);
#1912=IFCRELASSOCIATESMATERIAL('0rTjkK3Vg1nqh$wibwPJ5w',#18,$,$,(#1833),#1836);
#1913=IFCRELASSOCIATESMATERIAL('0mLyr30tWRcPanEgu_Bn9s',#18,$,$,(#1851),#1854);
#1914=IFCRELASSOCIATESMATERIAL('35Jc9rp56bT4f1YefkleNI',#18,$,$,(#143,#150,#179,#201,#223,#245,#267,#289,#311,#333,#355,#437,#459,#481,#806,#1484,#1551),#149);
#1915=IFCRELASSOCIATESMATERIAL('1Mphc1iqXPG9v6O3ObBy61',#18,$,$,(#381,#1409),#389);
#1916=IFCRELDEFINESBYTYPE('26Z8ZzoQG8deVlhzFZRxEJ',#18,$,$,(#143,#179,#201,#223,#245,#267,#289,#311,#333,#355,#437,#459,#481,#806,#1484,#1551),#150);
#1917=IFCRELDEFINESBYTYPE('3Ilvrs7sNloujJkSpx5dLN',#18,$,$,(#397,#415,#1091,#1105),#381);
#1918=IFCRELDEFINESBYTYPE('3f_ewGnlBthGjAcDVPawda',#18,$,$,(#779,#1446,#1461,#1498,#1513,#1528,#1565,#1851),#740);
#1919=IFCRELDEFINESBYTYPE('1mKs70nah5odnkfdtyGcUx',#18,$,$,(#1073,#1119),#1059);
#1920=IFCRELDEFINESBYTYPE('26hnwUIEuJSXxR4LUpVaNX',#18,$,$,(#1387,#1431),#1373);
#1921=IFCRELDEFINESBYTYPE('2KVtMR_hueWTiLMP14KPSW',#18,$,$,(#1416),#1409);
#1922=IFCRELDEFINESBYTYPE('1z5C4DNvo$SrOIrjw36C_r',#18,$,$,(#1833),#1819);
#1923=IFCRELCONNECTSPATHELEMENTS('3GjpQLKqpe4X5uRgtkAdCB',#18,'3luEbGC9HAlQ1SJDZs1YBa|3luEbGC9HAlQ1SJDZs1YBb','Structural',$,#143,#179,(),(),.ATEND.,.ATSTART.);
#1924=IFCRELCONNECTSPATHELEMENTS('2T0$HunFFcqO2$EOK926Yz',#18,'3luEbGC9HAlQ1SJDZs1YBa|3luEbGC9HAlQ1SJDZs1YBw','Structural',$,#143,#201,(),(),.ATSTART.,.ATEND.);
#1925=IFCRELCONNECTSPATHELEMENTS('0525yQM1AtPLysI$KQi8BR',#18,'3luEbGC9HAlQ1SJDZs1YBb|3luEbGC9HAlQ1SJDZs1YBx','Structural',$,#179,#223,(),(),.ATEND.,.ATSTART.);
#1926=IFCRELCONNECTSPATHELEMENTS('2s6ew0x1OQl2DUt_1kMcJS',#18,'3luEbGC9HAlQ1SJDZs1YBw|3luEbGC9HAlQ1SJDZs1YBx','Structural',$,#201,#223,(),(),.ATSTART.,.ATEND.);
#1927=IFCRELCONNECTSPATHELEMENTS('28wTrErTwjjWcs7vj26ZFj',#18,'3luEbGC9HAlQ1SJDZs1Y5a|3luEbGC9HAlQ1SJDZs1Y5w','Structural',$,#245,#289,(),(),.ATEND.,.ATSTART.);
#1928=IFCRELCONNECTSPATHELEMENTS('13XI$Z2RS7ENp341_QZuCK',#18,'3luEbGC9HAlQ1SJDZs1Y5a|1TLPjBhwn6VfwXg0jXWo3U','Structural',$,#245,#1484,(),(),.ATSTART.,.ATEND.);
#1929=IFCRELCONNECTSPATHELEMENTS('1M24uERKOKlKpvV4dl1fnz',#18,'3luEbGC9HAlQ1SJDZs1Y5b|1TLPjBhwn6VfwXg0jXWo3U','Structural',$,#267,#1484,(),(),.ATEND.,.ATSTART.);
#1930=IFCRELCONNECTSPATHELEMENTS('3ZcgKOKlpnq1O1_nilcmFy',#18,'3luEbGC9HAlQ1SJDZs1Y5b|3luEbGC9HAlQ1SJDZs1Y5w','Structural',$,#267,#289,(),(),.ATSTART.,.ATEND.);
#1931=IFCRELCONNECTSPATHELEMENTS('2wcUDsxPZwjunncrNRKpkW',#18,'3luEbGC9HAlQ1SJDZs1Y2D|3luEbGC9HAlQ1SJDZs1Y23','Structural',$,#311,#355,(),(),.ATEND.,.ATSTART.);
#1932=IFCRELCONNECTSPATHELEMENTS('3TsS4J7cQqTHhfM7cWVRfQ',#18,'3luEbGC9HAlQ1SJDZs1Y2D|1TLPjBhwn6VfwXg0jXWo4M','Structural',$,#311,#1551,(),(),.ATSTART.,.ATEND.);
#1933=IFCRELCONNECTSPATHELEMENTS('0HZh_C9QkUM6YCcU_U4LLd',#18,'3luEbGC9HAlQ1SJDZs1Y22|1TLPjBhwn6VfwXg0jXWo4M','Structural',$,#333,#1551,(),(),.ATEND.,.ATSTART.);
#1934=IFCRELCONNECTSPATHELEMENTS('226lJX6bLjx5uwpp18nSaK',#18,'3luEbGC9HAlQ1SJDZs1Y22|3luEbGC9HAlQ1SJDZs1Y23','Structural',$,#333,#355,(),(),.ATSTART.,.ATEND.);
#1935=IFCRELCONNECTSPATHELEMENTS('031u_ZoBFRRFCHHCD29Sq$',#18,'3luEbGC9HAlQ1SJDZs1Ytu|3luEbGC9HAlQ1SJDZs1Yt_','Structural',$,#437,#481,(),(),.ATEND.,.ATSTART.);
#1936=IFCRELCONNECTSPATHELEMENTS('1sWrTQLCro4SThrAebhPQp',#18,'3luEbGC9HAlQ1SJDZs1Ytu|3luEbGC9HAlQ1SJDZs1YiS','Structural',$,#437,#806,(),(),.ATSTART.,.ATEND.);
#1937=IFCRELCONNECTSPATHELEMENTS('3bnlnKIZueIvtPydKC1xYj',#18,'3luEbGC9HAlQ1SJDZs1Ytv|3luEbGC9HAlQ1SJDZs1YiS','Structural',$,#459,#806,(),(),.ATEND.,.ATSTART.);
#1938=IFCRELCONNECTSPATHELEMENTS('0cCu7BZ0wkbhu_SwrY7WgQ',#18,'3luEbGC9HAlQ1SJDZs1Ytv|3luEbGC9HAlQ1SJDZs1Yt_','Structural',$,#459,#481,(),(),.ATSTART.,.ATEND.);
#1939=IFCPRESENTATIONLAYERASSIGNMENT('A-WALL-____-OTLN',$,(#130,#141,#170,#177,#192,#199,#214,#221,#236,#243,#258,#265,#280,#287,#302,#309,#324,#331,#346,#353,#428,#435,#450,#457,#472,#479,#797,#804,#1475,#1482,#1542,#1549),$);
#1940=IFCPRESENTATIONLAYERASSIGNMENT('S-COLS-____-OTLN',$,(#378,#392,#410,#1086,#1100,#1406,#1411),$);
#1941=IFCPRESENTATIONLAYERASSIGNMENT('A-GLAZ-____-OTLN',$,(#736,#767,#770,#774,#1055,#1061,#1064,#1068,#1114,#1369,#1375,#1378,#1382,#1426,#1441,#1456,#1493,#1508,#1523,#1560,#1815,#1821,#1824,#1828,#1846),$);
#1942=IFCCARTESIANPOINT((900.000000000003,565.));
#1943=IFCAXIS2PLACEMENT2D(#1942,#12);
#1944=IFCRECTANGLEPROFILEDEF(.AREA.,$,#1943,1800.00000000001,1130.);
#1945=IFCAXIS2PLACEMENT3D(#3,#7,#9);
#1946=IFCEXTRUDEDAREASOLID(#1944,#1945,#9,250.);
#1947=IFCSHAPEREPRESENTATION(#24,'Body','SweptSolid',(#1946));
#1948=IFCPRODUCTDEFINITIONSHAPE($,$,(#1947));
#1949=IFCCARTESIANPOINT((40.,-125.,600.));
#1950=IFCAXIS2PLACEMENT3D(#1949,$,$);
#1951=IFCLOCALPLACEMENT(#127,#1950);
#1952=IFCOPENINGELEMENT('2IRg34sHdgwAHwCawWs$xt',#18,'M_Window-Fixed:900 x 1400:1637016:1',$,$,#1951,#1948,'1637016',.OPENING.);
#1953=IFCRELVOIDSELEMENT('3luEbGC9HAlQ1SJCps1YqI',#18,$,$,#143,#1952);
#1954=IFCRELFILLSELEMENT('2yTM7I$0_nHrUaQBvFaD$y',#18,$,$,#1952,#779);
#1955=IFCAXIS2PLACEMENT3D(#3,$,$);
#1956=IFCLOCALPLACEMENT(#1951,#1955);
#1957=IFCCARTESIANPOINT((900.000000000003,565.));
#1958=IFCAXIS2PLACEMENT2D(#1957,#12);
#1959=IFCRECTANGLEPROFILEDEF(.AREA.,$,#1958,1800.00000000001,1130.);
#1960=IFCAXIS2PLACEMENT3D(#3,#7,#9);
#1961=IFCEXTRUDEDAREASOLID(#1959,#1960,#9,250.);
#1962=IFCSHAPEREPRESENTATION(#24,'Body','SweptSolid',(#1961));
#1963=IFCPRODUCTDEFINITIONSHAPE($,$,(#1962));
#1964=IFCCARTESIANPOINT((2900.,-125.,600.));
#1965=IFCAXIS2PLACEMENT3D(#1964,$,$);
#1966=IFCLOCALPLACEMENT(#127,#1965);
#1967=IFCOPENINGELEMENT('14ixeef5zqO$ujxl$5GJHb',#18,'M_Window-Fixed:900 x 1400:1649066:1',$,$,#1966,#1963,'1649066',.OPENING.);
#1968=IFCRELVOIDSELEMENT('1TLPjBhwn6VfwXg1zXWoEe',#18,$,$,#143,#1967);
#1969=IFCRELFILLSELEMENT('3vvOUxKjNR1a7eOwEVfdn4',#18,$,$,#1967,#1446);
#1970=IFCAXIS2PLACEMENT3D(#3,$,$);
#1971=IFCLOCALPLACEMENT(#1966,#1970);
#1972=IFCCARTESIANPOINT((900.000000000003,565.));
#1973=IFCAXIS2PLACEMENT2D(#1972,#12);
#1974=IFCRECTANGLEPROFILEDEF(.AREA.,$,#1973,1800.00000000001,1130.);
#1975=IFCAXIS2PLACEMENT3D(#3,#7,#9);
#1976=IFCEXTRUDEDAREASOLID(#1974,#1975,#9,250.);
#1977=IFCSHAPEREPRESENTATION(#24,'Body','SweptSolid',(#1976));
#1978=IFCPRODUCTDEFINITIONSHAPE($,$,(#1977));
#1979=IFCCARTESIANPOINT((1470.,-125.,600.));
#1980=IFCAXIS2PLACEMENT3D(#1979,$,$);
#1981=IFCLOCALPLACEMENT(#127,#1980);
#1982=IFCOPENINGELEMENT('08SU4hgvDpncHFkfD_4DPi',#18,'M_Window-Fixed:900 x 1400:1649076:1',$,$,#1981,#1978,'1649076',.OPENING.);
#1983=IFCRELVOIDSELEMENT('1TLPjBhwn6VfwXg1zXWoEs',#18,$,$,#143,#1982);
#1984=IFCRELFILLSELEMENT('2U3m7pjQVMgJkos5qjSFxV',#18,$,$,#1982,#1461);
#1985=IFCAXIS2PLACEMENT3D(#3,$,$);
#1986=IFCLOCALPLACEMENT(#1981,#1985);
#1987=IFCCARTESIANPOINT((1500.,565.));
#1988=IFCAXIS2PLACEMENT2D(#1987,#12);
#1989=IFCRECTANGLEPROFILEDEF(.AREA.,$,#1988,3000.,1130.);
#1990=IFCAXIS2PLACEMENT3D(#3,#7,#9);
#1991=IFCEXTRUDEDAREASOLID(#1989,#1990,#9,250.);
#1992=IFCSHAPEREPRESENTATION(#24,'Body','SweptSolid',(#1991));
#1993=IFCPRODUCTDEFINITIONSHAPE($,$,(#1992));
#1994=IFCCARTESIANPOINT((40.,-125.,0.));
#1995=IFCAXIS2PLACEMENT3D(#1994,$,$);
#1996=IFCLOCALPLACEMENT(#794,#1995);
#1997=IFCOPENINGELEMENT('1onHFSJEWXVyUxFuKdJfc3',#18,'M_Window-Fixed:900 x 1650mm:1638664:1',$,$,#1996,#1993,'1638664',.OPENING.);
#1998=IFCRELVOIDSELEMENT('3luEbGC9HAlQ1SJCps1zQ2',#18,$,$,#806,#1997);
#1999=IFCRELFILLSELEMENT('05xNvFP5dBsFmPbHQPxNp_',#18,$,$,#1997,#1119);
#2000=IFCAXIS2PLACEMENT3D(#3,$,$);
#2001=IFCLOCALPLACEMENT(#1996,#2000);
#2002=IFCCARTESIANPOINT((1500.,565.));
#2003=IFCAXIS2PLACEMENT2D(#2002,#12);
#2004=IFCRECTANGLEPROFILEDEF(.AREA.,$,#2003,3000.,1130.);
#2005=IFCAXIS2PLACEMENT3D(#3,#7,#9);
#2006=IFCEXTRUDEDAREASOLID(#2004,#2005,#9,250.);
#2007=IFCSHAPEREPRESENTATION(#24,'Body','SweptSolid',(#2006));
#2008=IFCPRODUCTDEFINITIONSHAPE($,$,(#2007));
#2009=IFCCARTESIANPOINT((1470.,-125.,0.));
#2010=IFCAXIS2PLACEMENT3D(#2009,$,$);
#2011=IFCLOCALPLACEMENT(#794,#2010);
#2012=IFCOPENINGELEMENT('1h6j3OXdbSB0uyDvo2KJbE',#18,'M_Window-Fixed:900 x 1650mm:1637527:1',$,$,#2011,#2008,'1637527',.OPENING.);
#2013=IFCRELVOIDSELEMENT('3luEbGC9HAlQ1SJCps1YiT',#18,$,$,#806,#2012);
#2014=IFCRELFILLSELEMENT('2Xa9BVGRiBhSsjVhvYOrmF',#18,$,$,#2012,#1073);
#2015=IFCAXIS2PLACEMENT3D(#3,$,$);
#2016=IFCLOCALPLACEMENT(#2011,#2015);
#2017=IFCCARTESIANPOINT((1500.,565.000000000001));
#2018=IFCAXIS2PLACEMENT2D(#2017,#12);
#2019=IFCRECTANGLEPROFILEDEF(.AREA.,$,#2018,3000.,1130.);
#2020=IFCAXIS2PLACEMENT3D(#3,#7,#9);
#2021=IFCEXTRUDEDAREASOLID(#2019,#2020,#9,250.);
#2022=IFCSHAPEREPRESENTATION(#24,'Body','SweptSolid',(#2021));
#2023=IFCPRODUCTDEFINITIONSHAPE($,$,(#2022));
#2024=IFCCARTESIANPOINT((4330.,-125.,0.));
#2025=IFCAXIS2PLACEMENT3D(#2024,$,$);
#2026=IFCLOCALPLACEMENT(#794,#2025);
#2027=IFCOPENINGELEMENT('0sUwklV0hzw9J7w$jT3NvO',#18,'M_Window-Fixed:900 x 1650mm:1648946:1',$,$,#2026,#2023,'1648946',.OPENING.);
#2028=IFCRELVOIDSELEMENT('1TLPjBhwn6VfwXg1zXWoCm',#18,$,$,#806,#2027);
#2029=IFCRELFILLSELEMENT('33hcztzka9eO_VlQ9XgcII',#18,$,$,#2027,#1431);
#2030=IFCAXIS2PLACEMENT3D(#3,$,$);
#2031=IFCLOCALPLACEMENT(#2026,#2030);
#2032=IFCCARTESIANPOINT((1500.,565.));
#2033=IFCAXIS2PLACEMENT2D(#2032,#12);
#2034=IFCRECTANGLEPROFILEDEF(.AREA.,$,#2033,3000.,1130.);
#2035=IFCAXIS2PLACEMENT3D(#3,#7,#9);
#2036=IFCEXTRUDEDAREASOLID(#2034,#2035,#9,250.);
#2037=IFCSHAPEREPRESENTATION(#24,'Body','SweptSolid',(#2036));
#2038=IFCPRODUCTDEFINITIONSHAPE($,$,(#2037));
#2039=IFCCARTESIANPOINT((2900.,-125.,0.));
#2040=IFCAXIS2PLACEMENT3D(#2039,$,$);
#2041=IFCLOCALPLACEMENT(#794,#2040);
#2042=IFCOPENINGELEMENT('1$LJZQgz9tTkmfxgkS5arY',#18,'M_Window-Fixed:900 x 1650mm:1648944:1',$,$,#2041,#2038,'1648944',.OPENING.);
#2043=IFCRELVOIDSELEMENT('1TLPjBhwn6VfwXg1zXWoCo',#18,$,$,#806,#2042);
#2044=IFCRELFILLSELEMENT('0_f7wC2_5hmhyHRSpceo3N',#18,$,$,#2042,#1387);
#2045=IFCAXIS2PLACEMENT3D(#3,$,$);
#2046=IFCLOCALPLACEMENT(#2041,#2045);
#2047=IFCCARTESIANPOINT((900.000000000003,565.));
#2048=IFCAXIS2PLACEMENT2D(#2047,#12);
#2049=IFCRECTANGLEPROFILEDEF(.AREA.,$,#2048,1800.00000000001,1130.);
#2050=IFCAXIS2PLACEMENT3D(#3,#7,#9);
#2051=IFCEXTRUDEDAREASOLID(#2049,#2050,#9,250.);
#2052=IFCSHAPEREPRESENTATION(#24,'Body','SweptSolid',(#2051));
#2053=IFCPRODUCTDEFINITIONSHAPE($,$,(#2052));
#2054=IFCCARTESIANPOINT((40.,-125.,600.));
#2055=IFCAXIS2PLACEMENT3D(#2054,$,$);
#2056=IFCLOCALPLACEMENT(#1472,#2055);
#2057=IFCOPENINGELEMENT('3_zp3L$Hvm0NomJUxmU_Pv',#18,'M_Window-Fixed:900 x 1400:1649373:1',$,$,#2056,#2053,'1649373',.OPENING.);
#2058=IFCRELVOIDSELEMENT('1TLPjBhwn6VfwXg1zXWo3V',#18,$,$,#1484,#2057);
#2059=IFCRELFILLSELEMENT('0Pvbtf3CQyTPSr$eJS9aud',#18,$,$,#2057,#1498);
#2060=IFCAXIS2PLACEMENT3D(#3,$,$);
#2061=IFCLOCALPLACEMENT(#2056,#2060);
#2062=IFCCARTESIANPOINT((900.000000000003,565.));
#2063=IFCAXIS2PLACEMENT2D(#2062,#12);
#2064=IFCRECTANGLEPROFILEDEF(.AREA.,$,#2063,1800.00000000001,1130.);
#2065=IFCAXIS2PLACEMENT3D(#3,#7,#9);
#2066=IFCEXTRUDEDAREASOLID(#2064,#2065,#9,250.);
#2067=IFCSHAPEREPRESENTATION(#24,'Body','SweptSolid',(#2066));
#2068=IFCPRODUCTDEFINITIONSHAPE($,$,(#2067));
#2069=IFCCARTESIANPOINT((2900.,-125.,600.));
#2070=IFCAXIS2PLACEMENT3D(#2069,$,$);
#2071=IFCLOCALPLACEMENT(#1472,#2070);
#2072=IFCOPENINGELEMENT('2Riuzzmac4PFkMdDe1YmUj',#18,'M_Window-Fixed:900 x 1400:1649374:1',$,$,#2071,#2068,'1649374',.OPENING.);
#2073=IFCRELVOIDSELEMENT('1TLPjBhwn6VfwXg1zXWo3S',#18,$,$,#1484,#2072);
#2074=IFCRELFILLSELEMENT('0d1JJ_dQv2nxwT2FMZJczD',#18,$,$,#2072,#1513);
#2075=IFCAXIS2PLACEMENT3D(#3,$,$);
#2076=IFCLOCALPLACEMENT(#2071,#2075);
#2077=IFCCARTESIANPOINT((900.000000000003,565.));
#2078=IFCAXIS2PLACEMENT2D(#2077,#12);
#2079=IFCRECTANGLEPROFILEDEF(.AREA.,$,#2078,1800.00000000001,1130.);
#2080=IFCAXIS2PLACEMENT3D(#3,#7,#9);
#2081=IFCEXTRUDEDAREASOLID(#2079,#2080,#9,250.);
#2082=IFCSHAPEREPRESENTATION(#24,'Body','SweptSolid',(#2081));
#2083=IFCPRODUCTDEFINITIONSHAPE($,$,(#2082));
#2084=IFCCARTESIANPOINT((1470.,-125.,600.));
#2085=IFCAXIS2PLACEMENT3D(#2084,$,$);
#2086=IFCLOCALPLACEMENT(#1472,#2085);
#2087=IFCOPENINGELEMENT('2aB_GONS8T7$oj3RO3Cql5',#18,'M_Window-Fixed:900 x 1400:1649375:1',$,$,#2086,#2083,'1649375',.OPENING.);
#2088=IFCRELVOIDSELEMENT('1TLPjBhwn6VfwXg1zXWo3T',#18,$,$,#1484,#2087);
#2089=IFCRELFILLSELEMENT('1VnUFpp_35AZ0unAn_gvP0',#18,$,$,#2087,#1528);
#2090=IFCAXIS2PLACEMENT3D(#3,$,$);
#2091=IFCLOCALPLACEMENT(#2086,#2090);
#2092=IFCCARTESIANPOINT((900.000000000003,565.));
#2093=IFCAXIS2PLACEMENT2D(#2092,#12);
#2094=IFCRECTANGLEPROFILEDEF(.AREA.,$,#2093,1800.00000000001,1130.);
#2095=IFCAXIS2PLACEMENT3D(#3,#7,#9);
#2096=IFCEXTRUDEDAREASOLID(#2094,#2095,#9,250.);
#2097=IFCSHAPEREPRESENTATION(#24,'Body','SweptSolid',(#2096));
#2098=IFCPRODUCTDEFINITIONSHAPE($,$,(#2097));
#2099=IFCCARTESIANPOINT((1470.,-125.,600.));
#2100=IFCAXIS2PLACEMENT3D(#2099,$,$);
#2101=IFCLOCALPLACEMENT(#1539,#2100);
#2102=IFCOPENINGELEMENT('0QdD0rrxBAKbwM7NsTwsmP',#18,'M_Window-Fixed:900 x 1400:1649431:1',$,$,#2101,#2098,'1649431',.OPENING.);
#2103=IFCRELVOIDSELEMENT('1TLPjBhwn6VfwXg1zXWo4L',#18,$,$,#1551,#2102);
#2104=IFCRELFILLSELEMENT('055BbjY0S2sWF6f5$9X3Wm',#18,$,$,#2102,#1851);
#2105=IFCAXIS2PLACEMENT3D(#3,$,$);
#2106=IFCLOCALPLACEMENT(#2101,#2105);
#2107=IFCCARTESIANPOINT((900.000000000003,1280.));
#2108=IFCAXIS2PLACEMENT2D(#2107,#12);
#2109=IFCRECTANGLEPROFILEDEF(.AREA.,$,#2108,1800.00000000001,2560.);
#2110=IFCAXIS2PLACEMENT3D(#3,#7,#9);
#2111=IFCEXTRUDEDAREASOLID(#2109,#2110,#9,250.);
#2112=IFCSHAPEREPRESENTATION(#24,'Body','SweptSolid',(#2111));
#2113=IFCPRODUCTDEFINITIONSHAPE($,$,(#2112));
#2114=IFCCARTESIANPOINT((2900.,-125.,600.));
#2115=IFCAXIS2PLACEMENT3D(#2114,$,$);
#2116=IFCLOCALPLACEMENT(#1539,#2115);
#2117=IFCOPENINGELEMENT('1xLaiayJ4pWE1UrZz87tIK',#18,'M_Window-Fixed:900 x 2000:1649430:1',$,$,#2116,#2113,'1649430',.OPENING.);
#2118=IFCRELVOIDSELEMENT('1TLPjBhwn6VfwXg1zXWo4K',#18,$,$,#1551,#2117);
#2119=IFCRELFILLSELEMENT('1wK8$uArKCm1ArKot$LHYy',#18,$,$,#2117,#1833);
#2120=IFCAXIS2PLACEMENT3D(#3,$,$);
#2121=IFCLOCALPLACEMENT(#2116,#2120);
#2122=IFCCARTESIANPOINT((900.000000000003,565.));
#2123=IFCAXIS2PLACEMENT2D(#2122,#12);
#2124=IFCRECTANGLEPROFILEDEF(.AREA.,$,#2123,1800.00000000001,1130.);
#2125=IFCAXIS2PLACEMENT3D(#3,#7,#9);
#2126=IFCEXTRUDEDAREASOLID(#2124,#2125,#9,250.);
#2127=IFCSHAPEREPRESENTATION(#24,'Body','SweptSolid',(#2126));
#2128=IFCPRODUCTDEFINITIONSHAPE($,$,(#2127));
#2129=IFCCARTESIANPOINT((40.,-125.,600.));
#2130=IFCAXIS2PLACEMENT3D(#2129,$,$);
#2131=IFCLOCALPLACEMENT(#1539,#2130);
#2132=IFCOPENINGELEMENT('0eUPyX022StuZnij7kK8Ef',#18,'M_Window-Fixed:900 x 1400:1649429:1',$,$,#2131,#2128,'1649429',.OPENING.);
#2133=IFCRELVOIDSELEMENT('1TLPjBhwn6VfwXg1zXWo4N',#18,$,$,#1551,#2132);
#2134=IFCRELFILLSELEMENT('1SoBNNTw6a3NGQcP8wLc19',#18,$,$,#2132,#1565);
#2135=IFCAXIS2PLACEMENT3D(#3,$,$);
#2136=IFCLOCALPLACEMENT(#2131,#2135);
#2137=IFCRELASSOCIATESCLASSIFICATION('0p4LLaQiqBpX88mdTRxzhl',#18,'Exterior Walls','Exterior Walls:B2010',(#143,#179,#201,#223,#245,#267,#289,#311,#333,#355,#437,#459,#481,#806,#1484,#1551),#162);
#2138=IFCRELASSOCIATESCLASSIFICATION('1Y4HR7RUXh3GLloqwdmmH3',#18,'Windows','Windows:B2020100',(#779,#1073,#1119,#1387,#1431,#1446,#1461,#1498,#1513,#1528,#1565,#1833,#1851),#789);
#2139=IFCUNITASSIGNMENT((#19,#131,#373));
ENDSEC;
END-ISO-10303-21;
