ISO-10303-21;
HEADER;
FILE_DESCRIPTION(('ViewDefinition [CoordinationView]','RevitIdentifiers [ContentGUID: cbb0ae2e-6350-4225-8ca4-af668662c38d, VersionGUID: 2a71d438-4fea-4605-92ad-4b11d1d523c4, NumberOfSaves: 39]','CoordinateReference [CoordinateBase: Shared Coordinates]'),'2;1');
FILE_NAME('02_00_014.ifc','2026-01-19T15:53:17+01:00',(''),(''),'ODA SDAI 24.6','Autodesk Revit 24.3.30.11 (ENU) - IFC 24.3.30.11','');
FILE_SCHEMA(('IFC4X3'));
ENDSEC;

DATA;
#1=IFCORGANIZATION($,'Autodesk Revit 2024 (ENU)',$,$,$);
#2=IFCAPPLICATION(#1,'2024','Autodesk Revit 2024 (ENU)','Revit');
#3=IFCCARTESIANPOINT((0.,0.,0.));
#4=IFCCARTESIANPOINT((0.,0.));
#5=IFCDIRECTION((1.,0.,0.));
#6=IFCDIRECTION((-1.,0.,0.));
#7=IFCDIRECTION((0.,1.,0.));
#8=IFCDIRECTION((0.,-1.,0.));
#9=IFCDIRECTION((0.,0.,1.));
#10=IFCDIRECTION((0.,0.,-1.));
#11=IFCDIRECTION((1.,0.));
#12=IFCDIRECTION((-1.,0.));
#13=IFCDIRECTION((0.,1.));
#14=IFCDIRECTION((0.,-1.));
#15=IFCPERSON($,'','h.helming',$,$,$,$,$);
#16=IFCORGANIZATION($,'Organization Name','Organization Description',$,$);
#17=IFCPERSONANDORGANIZATION(#15,#16,$);
#18=IFCOWNERHISTORY(#17,#2,$,.NOCHANGE.,$,$,$,1768055247);
#19=IFCSIUNIT(*,.LENGTHUNIT.,.MILLI.,.METRE.);
#20=IFCAXIS2PLACEMENT3D(#3,$,$);
#21=IFCDIRECTION((6.1230317691118863E-17,1.));
#22=IFCGEOMETRICREPRESENTATIONCONTEXT($,'Model',3,0.01,#20,#21);
#23=IFCGEOMETRICREPRESENTATIONSUBCONTEXT('Axis','Model',*,*,*,*,#22,$,.GRAPH_VIEW.,$);
#24=IFCGEOMETRICREPRESENTATIONSUBCONTEXT('Body','Model',*,*,*,*,#22,$,.MODEL_VIEW.,$);
#25=IFCGEOMETRICREPRESENTATIONSUBCONTEXT('Box','Model',*,*,*,*,#22,$,.MODEL_VIEW.,$);
#26=IFCGEOMETRICREPRESENTATIONSUBCONTEXT('FootPrint','Model',*,*,*,*,#22,$,.MODEL_VIEW.,$);
#27=IFCPROJECT('3BiAukOr129OoahsPvdJnz',#18,'Project Number',$,$,'Project Name','Project Status',(#22),#16871);
#28=IFCCLASSIFICATION('CSI (Construction Specifications Institute)','1998',$,'Uniformat','UniFormat Classification','https://www.csiresources.org/standards/uniformat',$);
#29=IFCAXIS2PLACEMENT3D(#3,$,$);
#30=IFCLOCALPLACEMENT(#41,#29);
#31=IFCPOSTALADDRESS($,$,$,$,('Enter address hereAddress Line 2'),$,'','Boston','','MA');
#32=IFCBUILDING('3BiAukOr129OoahsPvdJny',#18,'Building Name',$,$,#30,$,'Building Name',.ELEMENT.,$,$,#31);
#33=IFCAXIS2PLACEMENT3D(#3,$,$);
#34=IFCLOCALPLACEMENT(#30,#33);
#35=IFCBUILDINGSTOREY('2JF4e6axWHqu3u0C1FZlmi',#18,'L1',$,'Level:8mm Head',#34,$,'L1',.ELEMENT.,0.);
#36=IFCCARTESIANPOINT((0.,0.,3000.));
#37=IFCAXIS2PLACEMENT3D(#36,$,$);
#38=IFCLOCALPLACEMENT(#30,#37);
#39=IFCBUILDINGSTOREY('1ZGO8hrFCHqw0v0026FpFv',#18,'L2',$,'Level:8mm Head',#38,$,'L2',.ELEMENT.,3000.);
#40=IFCAXIS2PLACEMENT3D(#3,$,$);
#41=IFCLOCALPLACEMENT($,#40);
#42=IFCSITE('3BiAukOr129OoahsPvdJn$',#18,'Default',$,$,#41,$,$,.ELEMENT.,(42,21,31,401672),(-71,-3,-24,-345703),0.,$,$);
#43=IFCPROPERTYSINGLEVALUE('Reference',$,IFCIDENTIFIER('Project Information'),$);
#44=IFCPROPERTYSET('2mFJcO6I01h0OYRLOICO3c',#18,'Pset_SiteCommon',$,(#43));
#45=IFCPROPERTYSINGLEVALUE('IsExternal',$,IFCBOOLEAN(.F.),$);
#46=IFCPROPERTYSET('0O$B2PbAODr9jYnpcaZGJT',#18,'Pset_SpaceCommon',$,(#43,#45));
#47=IFCRELDEFINESBYPROPERTIES('2fDrcjst0HFayqQ3dY1cGQ',#18,$,$,(#42),#44);
#48=IFCRELDEFINESBYPROPERTIES('1lYkP70lXSGXnZeJnLC8MY',#18,$,$,(#42),#46);
#61=IFCAXIS2PLACEMENT3D(#3,$,$);
#62=IFCLOCALPLACEMENT(#34,#61);
#63=IFCCARTESIANPOINT((-2850.,5700.,0.));
#64=IFCCARTESIANPOINT((-2850.,200.,0.));
#65=IFCCARTESIANPOINT((-5350.,200.,0.));
#66=IFCCARTESIANPOINT((-6350.,200.,0.));
#67=IFCCARTESIANPOINT((-9850.,200.,0.));
#68=IFCCARTESIANPOINT((-10850.,200.,0.));
#69=IFCCARTESIANPOINT((-13350.,200.,0.));
#70=IFCCARTESIANPOINT((-13350.,5700.,0.));
#71=IFCCARTESIANPOINT((-8900.,5700.,0.));
#72=IFCCARTESIANPOINT((-8900.,5520.,0.));
#73=IFCCARTESIANPOINT((-11800.,5520.,0.));
#74=IFCCARTESIANPOINT((-11800.,5320.,0.));
#75=IFCCARTESIANPOINT((-8900.,5320.,0.));
#76=IFCCARTESIANPOINT((-7200.,5700.,0.));
#77=IFCCARTESIANPOINT((-7200.,5320.,0.));
#78=IFCCARTESIANPOINT((-4300.,5320.,0.));
#79=IFCCARTESIANPOINT((-4300.,5520.,0.));
#80=IFCCARTESIANPOINT((-7200.,5520.,0.));
#81=IFCPOLYLOOP((#63,#64,#65,#66,#67,#68,#69,#70,#71,#72,#73,#74,#75,#71,#76,#77,#78,#79,#80,#76));
#82=IFCFACEOUTERBOUND(#81,.T.);
#83=IFCFACE((#82));
#84=IFCCARTESIANPOINT((-2850.,5700.,2695.2000000000003));
#85=IFCCARTESIANPOINT((-2850.,200.,2695.2000000000003));
#86=IFCPOLYLOOP((#64,#63,#84,#85));
#87=IFCFACEOUTERBOUND(#86,.T.);
#88=IFCFACE((#87));
#89=IFCCARTESIANPOINT((-7200.,5700.,2695.2000000000003));
#90=IFCPOLYLOOP((#63,#76,#89,#84));
#91=IFCFACEOUTERBOUND(#90,.T.);
#92=IFCFACE((#91));
#93=IFCCARTESIANPOINT((-7200.,5520.,2695.2000000000003));
#94=IFCPOLYLOOP((#76,#80,#93,#89));
#95=IFCFACEOUTERBOUND(#94,.T.);
#96=IFCFACE((#95));
#97=IFCCARTESIANPOINT((-4300.,5520.,2695.2000000000003));
#98=IFCPOLYLOOP((#80,#79,#97,#93));
#99=IFCFACEOUTERBOUND(#98,.T.);
#100=IFCFACE((#99));
#101=IFCCARTESIANPOINT((-4300.,5320.,2695.2000000000003));
#102=IFCPOLYLOOP((#79,#78,#101,#97));
#103=IFCFACEOUTERBOUND(#102,.T.);
#104=IFCFACE((#103));
#105=IFCCARTESIANPOINT((-7200.,5320.,2695.2000000000003));
#106=IFCPOLYLOOP((#78,#77,#105,#101));
#107=IFCFACEOUTERBOUND(#106,.T.);
#108=IFCFACE((#107));
#109=IFCPOLYLOOP((#77,#76,#89,#105));
#110=IFCFACEOUTERBOUND(#109,.T.);
#111=IFCFACE((#110));
#112=IFCCARTESIANPOINT((-8900.,5700.,2695.2000000000003));
#113=IFCPOLYLOOP((#76,#71,#112,#89));
#114=IFCFACEOUTERBOUND(#113,.T.);
#115=IFCFACE((#114));
#116=IFCCARTESIANPOINT((-8900.,5320.,2695.2000000000003));
#117=IFCPOLYLOOP((#71,#75,#116,#112));
#118=IFCFACEOUTERBOUND(#117,.T.);
#119=IFCFACE((#118));
#120=IFCCARTESIANPOINT((-11800.,5320.,2695.2000000000003));
#121=IFCPOLYLOOP((#75,#74,#120,#116));
#122=IFCFACEOUTERBOUND(#121,.T.);
#123=IFCFACE((#122));
#124=IFCCARTESIANPOINT((-11800.,5520.,2695.2000000000003));
#125=IFCPOLYLOOP((#74,#73,#124,#120));
#126=IFCFACEOUTERBOUND(#125,.T.);
#127=IFCFACE((#126));
#128=IFCCARTESIANPOINT((-8900.,5520.,2695.2000000000003));
#129=IFCPOLYLOOP((#73,#72,#128,#124));
#130=IFCFACEOUTERBOUND(#129,.T.);
#131=IFCFACE((#130));
#132=IFCPOLYLOOP((#72,#71,#112,#128));
#133=IFCFACEOUTERBOUND(#132,.T.);
#134=IFCFACE((#133));
#135=IFCCARTESIANPOINT((-13350.,5700.,2695.2000000000003));
#136=IFCPOLYLOOP((#71,#70,#135,#112));
#137=IFCFACEOUTERBOUND(#136,.T.);
#138=IFCFACE((#137));
#139=IFCCARTESIANPOINT((-13350.,200.,2695.2000000000003));
#140=IFCPOLYLOOP((#70,#69,#139,#135));
#141=IFCFACEOUTERBOUND(#140,.T.);
#142=IFCFACE((#141));
#143=IFCCARTESIANPOINT((-10850.,200.,2695.2000000000003));
#144=IFCPOLYLOOP((#69,#68,#143,#139));
#145=IFCFACEOUTERBOUND(#144,.T.);
#146=IFCFACE((#145));
#147=IFCCARTESIANPOINT((-9850.,200.,2695.2000000000003));
#148=IFCPOLYLOOP((#68,#67,#147,#143));
#149=IFCFACEOUTERBOUND(#148,.T.);
#150=IFCFACE((#149));
#151=IFCCARTESIANPOINT((-6350.,200.,2695.2000000000003));
#152=IFCPOLYLOOP((#67,#66,#151,#147));
#153=IFCFACEOUTERBOUND(#152,.T.);
#154=IFCFACE((#153));
#155=IFCCARTESIANPOINT((-5350.,200.,2695.2000000000003));
#156=IFCPOLYLOOP((#66,#65,#155,#151));
#157=IFCFACEOUTERBOUND(#156,.T.);
#158=IFCFACE((#157));
#159=IFCPOLYLOOP((#65,#64,#85,#155));
#160=IFCFACEOUTERBOUND(#159,.T.);
#161=IFCFACE((#160));
#162=IFCPOLYLOOP((#85,#84,#89,#93,#97,#101,#105,#89,#112,#116,#120,#124,#128,#112,#135,#139,#143,#147,#151,#155));
#163=IFCFACEOUTERBOUND(#162,.T.);
#164=IFCFACE((#163));
#165=IFCCLOSEDSHELL((#83,#88,#92,#96,#100,#104,#108,#111,#115,#119,#123,#127,#131,#134,#138,#142,#146,#150,#154,#158,#161,#164));
#166=IFCFACETEDBREP(#165);
#167=IFCSHAPEREPRESENTATION(#24,'Body','Brep',(#166));
#168=IFCPRODUCTDEFINITIONSHAPE($,$,(#167));
#169=IFCSIUNIT(*,.AREAUNIT.,$,.SQUARE_METRE.);
#170=IFCSPACE('3LaxXmfID1XOBT9i9ZV$uk',#18,'135',$,$,#62,#168,'pilotroom',.ELEMENT.,.NOTDEFINED.,$);
#171=IFCSPACETYPE('3LaxXmfID1XOBTBi9ZV$uk',#18,'pilotroom 135:1623287',$,$,$,$,'1623287',$,.NOTDEFINED.,$);
#172=IFCPROPERTYSINGLEVALUE('Reference',$,IFCIDENTIFIER('pilotroom 135'),$);
#173=IFCPROPERTYSET('2Boa8PGwnpcxxsxo6aGL9D',#18,'Pset_SpaceCommon',$,(#45,#172));
#174=IFCPROPERTYSET('3LcgKeYCllIYwI7la5JIDU',#18,'Pset_SpaceHeaterTypeCommon',$,(#172));
#175=IFCRELDEFINESBYPROPERTIES('2uwyrj4hly9ITOizFM1bDi',#18,$,$,(#170),#173);
#176=IFCRELDEFINESBYPROPERTIES('22zDem_NfDu_gMWZ5H7sxC',#18,$,$,(#170),#174);
#177=IFCAXIS2PLACEMENT3D(#3,$,$);
#178=IFCLOCALPLACEMENT(#34,#177);
#179=IFCCARTESIANPOINT((2650.,5700.,0.));
#180=IFCCARTESIANPOINT((2650.,200.,0.));
#181=IFCCARTESIANPOINT((-2650.,200.,0.));
#182=IFCCARTESIANPOINT((-2650.,5700.,0.));
#183=IFCPOLYLOOP((#179,#180,#181,#182));
#184=IFCFACEOUTERBOUND(#183,.T.);
#185=IFCFACE((#184));
#186=IFCCARTESIANPOINT((2650.,5700.,2695.2000000000003));
#187=IFCCARTESIANPOINT((2650.,200.,2695.2000000000003));
#188=IFCPOLYLOOP((#180,#179,#186,#187));
#189=IFCFACEOUTERBOUND(#188,.T.);
#190=IFCFACE((#189));
#191=IFCCARTESIANPOINT((-2650.,5700.,2695.2000000000003));
#192=IFCPOLYLOOP((#179,#182,#191,#186));
#193=IFCFACEOUTERBOUND(#192,.T.);
#194=IFCFACE((#193));
#195=IFCCARTESIANPOINT((-2650.,200.,2695.2000000000003));
#196=IFCPOLYLOOP((#182,#181,#195,#191));
#197=IFCFACEOUTERBOUND(#196,.T.);
#198=IFCFACE((#197));
#199=IFCPOLYLOOP((#181,#180,#187,#195));
#200=IFCFACEOUTERBOUND(#199,.T.);
#201=IFCFACE((#200));
#202=IFCPOLYLOOP((#187,#186,#191,#195));
#203=IFCFACEOUTERBOUND(#202,.T.);
#204=IFCFACE((#203));
#205=IFCCLOSEDSHELL((#185,#190,#194,#198,#201,#204));
#206=IFCFACETEDBREP(#205);
#207=IFCSHAPEREPRESENTATION(#24,'Body','Brep',(#206));
#208=IFCPRODUCTDEFINITIONSHAPE($,$,(#207));
#209=IFCSPACE('3LaxXmfID1XOBT9i9ZV$uZ',#18,'136',$,$,#178,#208,'pilotroom',.ELEMENT.,.NOTDEFINED.,$);
#210=IFCSPACETYPE('3LaxXmfID1XOBTBi9ZV$uZ',#18,'pilotroom 136:1623290',$,$,$,$,'1623290',$,.NOTDEFINED.,$);
#211=IFCPROPERTYSINGLEVALUE('Reference',$,IFCIDENTIFIER('pilotroom 136'),$);
#212=IFCPROPERTYSET('37uILHqW_WP7$eFoIas7R$',#18,'Pset_SpaceCommon',$,(#45,#211));
#213=IFCPROPERTYSET('1zqnX6rAEUMW324B5vMj3Y',#18,'Pset_SpaceHeaterTypeCommon',$,(#211));
#214=IFCRELDEFINESBYPROPERTIES('3ajYlYgPDo2X0GxpNZOj$F',#18,$,$,(#209),#212);
#215=IFCRELDEFINESBYPROPERTIES('3sWxd25TwSL1lPrwqvL6mR',#18,$,$,(#209),#213);
#216=IFCAXIS2PLACEMENT3D(#3,$,$);
#217=IFCLOCALPLACEMENT(#34,#216);
#218=IFCCARTESIANPOINT((13350.,5700.,0.));
#219=IFCCARTESIANPOINT((13350.,200.,0.));
#220=IFCCARTESIANPOINT((11900.,200.,0.));
#221=IFCCARTESIANPOINT((11900.,378.40472776401504,0.));
#222=IFCCARTESIANPOINT((11900.,580.,0.));
#223=IFCCARTESIANPOINT((10850.,580.,0.));
#224=IFCCARTESIANPOINT((9850.,580.,0.));
#225=IFCCARTESIANPOINT((9000.,580.,0.));
#226=IFCCARTESIANPOINT((9000.,378.40472776402476,0.));
#227=IFCCARTESIANPOINT((9000.,200.,0.));
#228=IFCCARTESIANPOINT((7300.,200.,0.));
#229=IFCCARTESIANPOINT((7300.,378.4047277640318,0.));
#230=IFCCARTESIANPOINT((7300.,580.,0.));
#231=IFCCARTESIANPOINT((6350.,580.,0.));
#232=IFCCARTESIANPOINT((5350.,580.,0.));
#233=IFCCARTESIANPOINT((4400.,580.,0.));
#234=IFCCARTESIANPOINT((4400.,378.40472776404158,0.));
#235=IFCCARTESIANPOINT((4400.,200.,0.));
#236=IFCCARTESIANPOINT((2850.,200.,0.));
#237=IFCCARTESIANPOINT((2850.,5700.,0.));
#238=IFCPOLYLOOP((#218,#219,#220,#221,#222,#223,#224,#225,#226,#227,#228,#229,#230,#231,#232,#233,#234,#235,#236,#237));
#239=IFCFACEOUTERBOUND(#238,.T.);
#240=IFCFACE((#239));
#241=IFCCARTESIANPOINT((13350.,5700.,2695.2000000000003));
#242=IFCCARTESIANPOINT((13350.,200.,2695.2000000000003));
#243=IFCPOLYLOOP((#219,#218,#241,#242));
#244=IFCFACEOUTERBOUND(#243,.T.);
#245=IFCFACE((#244));
#246=IFCCARTESIANPOINT((2850.,5700.,2695.2000000000003));
#247=IFCPOLYLOOP((#218,#237,#246,#241));
#248=IFCFACEOUTERBOUND(#247,.T.);
#249=IFCFACE((#248));
#250=IFCCARTESIANPOINT((2850.,200.,2695.2000000000003));
#251=IFCPOLYLOOP((#237,#236,#250,#246));
#252=IFCFACEOUTERBOUND(#251,.T.);
#253=IFCFACE((#252));
#254=IFCCARTESIANPOINT((4400.,200.,2695.2000000000003));
#255=IFCPOLYLOOP((#236,#235,#254,#250));
#256=IFCFACEOUTERBOUND(#255,.T.);
#257=IFCFACE((#256));
#258=IFCCARTESIANPOINT((4400.,378.40472776404158,2695.2000000000003));
#259=IFCPOLYLOOP((#235,#234,#258,#254));
#260=IFCFACEOUTERBOUND(#259,.T.);
#261=IFCFACE((#260));
#262=IFCCARTESIANPOINT((4400.,580.,2695.2000000000003));
#263=IFCPOLYLOOP((#234,#233,#262,#258));
#264=IFCFACEOUTERBOUND(#263,.T.);
#265=IFCFACE((#264));
#266=IFCCARTESIANPOINT((5350.,580.,2695.2000000000003));
#267=IFCPOLYLOOP((#233,#232,#266,#262));
#268=IFCFACEOUTERBOUND(#267,.T.);
#269=IFCFACE((#268));
#270=IFCCARTESIANPOINT((6350.,580.,2695.2000000000003));
#271=IFCPOLYLOOP((#232,#231,#270,#266));
#272=IFCFACEOUTERBOUND(#271,.T.);
#273=IFCFACE((#272));
#274=IFCCARTESIANPOINT((7300.,580.,2695.2000000000003));
#275=IFCPOLYLOOP((#231,#230,#274,#270));
#276=IFCFACEOUTERBOUND(#275,.T.);
#277=IFCFACE((#276));
#278=IFCCARTESIANPOINT((7300.,378.4047277640318,2695.2000000000003));
#279=IFCPOLYLOOP((#230,#229,#278,#274));
#280=IFCFACEOUTERBOUND(#279,.T.);
#281=IFCFACE((#280));
#282=IFCCARTESIANPOINT((7300.,200.,2695.2000000000003));
#283=IFCPOLYLOOP((#229,#228,#282,#278));
#284=IFCFACEOUTERBOUND(#283,.T.);
#285=IFCFACE((#284));
#286=IFCCARTESIANPOINT((9000.,200.,2695.2000000000003));
#287=IFCPOLYLOOP((#228,#227,#286,#282));
#288=IFCFACEOUTERBOUND(#287,.T.);
#289=IFCFACE((#288));
#290=IFCCARTESIANPOINT((9000.,378.40472776402476,2695.2000000000003));
#291=IFCPOLYLOOP((#227,#226,#290,#286));
#292=IFCFACEOUTERBOUND(#291,.T.);
#293=IFCFACE((#292));
#294=IFCCARTESIANPOINT((9000.,580.,2695.2000000000003));
#295=IFCPOLYLOOP((#226,#225,#294,#290));
#296=IFCFACEOUTERBOUND(#295,.T.);
#297=IFCFACE((#296));
#298=IFCCARTESIANPOINT((9850.,580.,2695.2000000000003));
#299=IFCPOLYLOOP((#225,#224,#298,#294));
#300=IFCFACEOUTERBOUND(#299,.T.);
#301=IFCFACE((#300));
#302=IFCCARTESIANPOINT((10850.,580.,2695.2000000000003));
#303=IFCPOLYLOOP((#224,#223,#302,#298));
#304=IFCFACEOUTERBOUND(#303,.T.);
#305=IFCFACE((#304));
#306=IFCCARTESIANPOINT((11900.,580.,2695.2000000000003));
#307=IFCPOLYLOOP((#223,#222,#306,#302));
#308=IFCFACEOUTERBOUND(#307,.T.);
#309=IFCFACE((#308));
#310=IFCCARTESIANPOINT((11900.,378.40472776401504,2695.2000000000003));
#311=IFCPOLYLOOP((#222,#221,#310,#306));
#312=IFCFACEOUTERBOUND(#311,.T.);
#313=IFCFACE((#312));
#314=IFCCARTESIANPOINT((11900.,200.,2695.2000000000003));
#315=IFCPOLYLOOP((#221,#220,#314,#310));
#316=IFCFACEOUTERBOUND(#315,.T.);
#317=IFCFACE((#316));
#318=IFCPOLYLOOP((#220,#219,#242,#314));
#319=IFCFACEOUTERBOUND(#318,.T.);
#320=IFCFACE((#319));
#321=IFCPOLYLOOP((#242,#241,#246,#250,#254,#258,#262,#266,#270,#274,#278,#282,#286,#290,#294,#298,#302,#306,#310,#314));
#322=IFCFACEOUTERBOUND(#321,.T.);
#323=IFCFACE((#322));
#324=IFCCLOSEDSHELL((#240,#245,#249,#253,#257,#261,#265,#269,#273,#277,#281,#285,#289,#293,#297,#301,#305,#309,#313,#317,#320,#323));
#325=IFCFACETEDBREP(#324);
#326=IFCSHAPEREPRESENTATION(#24,'Body','Brep',(#325));
#327=IFCPRODUCTDEFINITIONSHAPE($,$,(#326));
#328=IFCSPACE('3LaxXmfID1XOBT9i9ZV$ua',#18,'137',$,$,#217,#327,'pilotroom',.ELEMENT.,.NOTDEFINED.,$);
#329=IFCSPACETYPE('3LaxXmfID1XOBTBi9ZV$ua',#18,'pilotroom 137:1623293',$,$,$,$,'1623293',$,.NOTDEFINED.,$);
#330=IFCPROPERTYSINGLEVALUE('Reference',$,IFCIDENTIFIER('pilotroom 137'),$);
#331=IFCPROPERTYSET('0D7ERqReL7uryy80ZJLoPJ',#18,'Pset_SpaceCommon',$,(#45,#330));
#332=IFCPROPERTYSET('2DWMWdkN5Man0N1mnYj8c_',#18,'Pset_SpaceHeaterTypeCommon',$,(#330));
#333=IFCRELDEFINESBYPROPERTIES('3eRmERejv71EidDBceeK07',#18,$,$,(#328),#331);
#334=IFCRELDEFINESBYPROPERTIES('2z2gfxUZYHos9WkEhjp0OX',#18,$,$,(#328),#332);
#335=IFCCARTESIANPOINT((13450.,200.,0.));
#336=IFCAXIS2PLACEMENT3D(#335,#9,#7);
#337=IFCLOCALPLACEMENT(#34,#336);
#338=IFCCARTESIANPOINT((5700.,-0.));
#339=IFCPOLYLINE((#4,#338));
#340=IFCSHAPEREPRESENTATION(#23,'Axis','Curve2D',(#339));
#341=IFCCARTESIANPOINT((2849.9999999999745,-4.2632564145606011E-14));
#342=IFCAXIS2PLACEMENT2D(#341,#12);
#343=IFCRECTANGLEPROFILEDEF(.AREA.,$,#342,5699.9999999999491,199.99999999999784);
#344=IFCAXIS2PLACEMENT3D(#3,$,$);
#345=IFCEXTRUDEDAREASOLID(#343,#344,#9,2700.);
#346=IFCCOLOURRGB($,0.75294117647058822,0.75294117647058822,0.75294117647058822);
#347=IFCSURFACESTYLERENDERING(#346,0.,$,$,$,$,IFCNORMALISEDRATIOMEASURE(0.5),IFCSPECULAREXPONENT(10.),.NOTDEFINED.);
#348=IFCSURFACESTYLE('Default Wall',.BOTH.,(#347));
#349=IFCSTYLEDITEM(#345,(#348),$);
#350=IFCSHAPEREPRESENTATION(#24,'Body','SweptSolid',(#345));
#351=IFCPRODUCTDEFINITIONSHAPE($,$,(#340,#350));
#352=IFCWALL('3BWdP87i9Ef9$qXUk0QtZE',#18,'Basic Wall:Generic - 200mm:1611161',$,'Basic Wall:Generic - 200mm',#337,#351,'1611161',.NOTDEFINED.);
#353=IFCMATERIAL('Default Wall',$,'Miscellaneous');
#354=IFCSTYLEDITEM($,(#348),$);
#355=IFCSTYLEDREPRESENTATION(#22,'Style','Material',(#354));
#356=IFCMATERIALDEFINITIONREPRESENTATION($,$,(#355),#353);
#357=IFCMATERIALLAYER(#353,200.,$,'Layer',$,'Miscellaneous',$);
#358=IFCMATERIALLAYERSET((#357),'Basic Wall:Generic - 200mm',$);
#359=IFCWALLTYPE('1xZrMVYp52mhf4uMzw11Hk',#18,'Basic Wall:Generic - 200mm',$,$,(#373),$,'441451',$,.STANDARD.);
#360=IFCPROPERTYSINGLEVALUE('Reference',$,IFCIDENTIFIER('Generic - 200mm'),$);
#361=IFCPROPERTYSET('1735SIrQKwN2CGvfp1jRlu',#18,'Pset_EnvironmentalImpactIndicators',$,(#360));
#362=IFCPROPERTYSINGLEVALUE('Reference',$,IFCLABEL('Generic - 200mm'),$);
#363=IFCPROPERTYSET('2KVYgM5YsNhlsQDf7LOtIF',#18,'Pset_ReinforcementBarPitchOfWall',$,(#362));
#364=IFCPROPERTYSINGLEVALUE('IsExternal',$,IFCBOOLEAN(.T.),$);
#365=IFCPROPERTYSINGLEVALUE('LoadBearing',$,IFCBOOLEAN(.F.),$);
#366=IFCPROPERTYSINGLEVALUE('ExtendToStructure',$,IFCBOOLEAN(.F.),$);
#367=IFCPROPERTYSET('1pxbEQAuhkAUXIWRK_AMfp',#18,'Pset_WallCommon',$,(#360,#364,#365,#366));
#368=IFCRELDEFINESBYPROPERTIES('1cDiolv8m$N5hpboBG8XOl',#18,$,$,(#352),#361);
#369=IFCRELDEFINESBYPROPERTIES('261lE4m108YXaBLRMrKqNx',#18,$,$,(#352),#363);
#370=IFCRELDEFINESBYPROPERTIES('0HjrH_A8mocs7uv4zpa$2O',#18,$,$,(#352),#367);
#371=IFCCLASSIFICATIONREFERENCE('https://www.csiresources.org/standards/uniformat','B2010','Exterior Walls',#28,'',$);
#372=IFCPROPERTYSINGLEVALUE('Description',$,IFCTEXT('Generic Wall (Material By Category), 200mm thick'),$);
#373=IFCPROPERTYSET('2L7lvTstnIeeydfwzfZZLR',#18,'Pset_ReinforcementBarPitchOfWall',$,(#372));
#374=IFCCARTESIANPOINT((2650.,100.,0.));
#375=IFCAXIS2PLACEMENT3D(#374,$,$);
#376=IFCLOCALPLACEMENT(#34,#375);
#377=IFCCARTESIANPOINT((2700.,-0.));
#378=IFCPOLYLINE((#4,#377));
#379=IFCSHAPEREPRESENTATION(#23,'Axis','Curve2D',(#378));
#380=IFCCARTESIANPOINT((1350.0000000000173,0.));
#381=IFCAXIS2PLACEMENT2D(#380,#12);
#382=IFCRECTANGLEPROFILEDEF(.AREA.,$,#381,2700.0000000000346,200.00000000000003);
#383=IFCAXIS2PLACEMENT3D(#3,$,$);
#384=IFCEXTRUDEDAREASOLID(#382,#383,#9,2700.);
#385=IFCSTYLEDITEM(#384,(#348),$);
#386=IFCSHAPEREPRESENTATION(#24,'Body','SweptSolid',(#384));
#387=IFCPRODUCTDEFINITIONSHAPE($,$,(#379,#386));
#388=IFCWALL('3BWdP87i9Ef9$qXUk0QtfL',#18,'Basic Wall:Generic - 200mm:1611522',$,'Basic Wall:Generic - 200mm',#376,#387,'1611522',.NOTDEFINED.);
#389=IFCPROPERTYSET('2NCZln9z90jZ0ziND6iiTC',#18,'Pset_EnvironmentalImpactIndicators',$,(#360));
#390=IFCPROPERTYSINGLEVALUE('Reference',$,IFCLABEL('Generic - 200mm'),$);
#391=IFCPROPERTYSET('2B$8PrvvJraqTtvI1Ih96a',#18,'Pset_ReinforcementBarPitchOfWall',$,(#390));
#392=IFCPROPERTYSET('2NpMF0Ra$X5hs1NFpdGXra',#18,'Pset_WallCommon',$,(#360,#364,#365,#366));
#393=IFCRELDEFINESBYPROPERTIES('3Gr6VdzOV082jOXrfuM9rD',#18,$,$,(#388),#389);
#394=IFCRELDEFINESBYPROPERTIES('1_FohTNIcpSY2fHDq834ml',#18,$,$,(#388),#391);
#395=IFCRELDEFINESBYPROPERTIES('1eD23GFASbtZQf0X0xAR3w',#18,$,$,(#388),#392);
#396=IFCCARTESIANPOINT((2750.,5900.,0.));
#397=IFCAXIS2PLACEMENT3D(#396,#9,#8);
#398=IFCLOCALPLACEMENT(#34,#397);
#399=IFCCARTESIANPOINT((5700.,-0.));
#400=IFCPOLYLINE((#4,#399));
#401=IFCSHAPEREPRESENTATION(#23,'Axis','Curve2D',(#400));
#402=IFCCARTESIANPOINT((2850.0000000000077,-1.0658141036401503E-13));
#403=IFCAXIS2PLACEMENT2D(#402,#12);
#404=IFCRECTANGLEPROFILEDEF(.AREA.,$,#403,5700.0000000000155,200.);
#405=IFCAXIS2PLACEMENT3D(#3,$,$);
#406=IFCEXTRUDEDAREASOLID(#404,#405,#9,2700.);
#407=IFCSTYLEDITEM(#406,(#348),$);
#408=IFCSHAPEREPRESENTATION(#24,'Body','SweptSolid',(#406));
#409=IFCPRODUCTDEFINITIONSHAPE($,$,(#401,#408));
#410=IFCWALL('3BWdP87i9Ef9$qXUk0QtIo',#18,'Basic Wall:Generic - 200mm:1612261',$,'Basic Wall:Generic - 200mm',#398,#409,'1612261',.NOTDEFINED.);
#411=IFCPROPERTYSET('1Rnld6Rpmtn8siZk2CfvHf',#18,'Pset_EnvironmentalImpactIndicators',$,(#360));
#412=IFCPROPERTYSINGLEVALUE('Reference',$,IFCLABEL('Generic - 200mm'),$);
#413=IFCPROPERTYSET('0iTrBuc_KdTlme6cn3oGWs',#18,'Pset_ReinforcementBarPitchOfWall',$,(#412));
#414=IFCPROPERTYSET('2sQtwgsL1Df9PJCmL$4RbM',#18,'Pset_WallCommon',$,(#360,#364,#365,#366));
#415=IFCRELDEFINESBYPROPERTIES('0mC7e$Bdq6dfC3X0k$e4Su',#18,$,$,(#410),#411);
#416=IFCRELDEFINESBYPROPERTIES('0uCUXx3RV9X7iPx_e8ApOr',#18,$,$,(#410),#413);
#417=IFCRELDEFINESBYPROPERTIES('0jHV8fv59jA9U2YuTu7vs1',#18,$,$,(#410),#414);
#418=IFCCARTESIANPOINT((13350.,5800.,0.));
#419=IFCAXIS2PLACEMENT3D(#418,#9,#6);
#420=IFCLOCALPLACEMENT(#34,#419);
#421=IFCCARTESIANPOINT((10500.,0.));
#422=IFCPOLYLINE((#4,#421));
#423=IFCSHAPEREPRESENTATION(#23,'Axis','Curve2D',(#422));
#424=IFCCARTESIANPOINT((5249.9999999999827,1.5631940186722204E-13));
#425=IFCAXIS2PLACEMENT2D(#424,#12);
#426=IFCRECTANGLEPROFILEDEF(.AREA.,$,#425,10499.999999999962,200.);
#427=IFCAXIS2PLACEMENT3D(#3,$,$);
#428=IFCEXTRUDEDAREASOLID(#426,#427,#9,2700.);
#429=IFCSTYLEDITEM(#428,(#348),$);
#430=IFCSHAPEREPRESENTATION(#24,'Body','SweptSolid',(#428));
#431=IFCPRODUCTDEFINITIONSHAPE($,$,(#423,#430));
#432=IFCWALL('3BWdP87i9Ef9$qXUk0QtIn',#18,'Basic Wall:Generic - 200mm:1612262',$,'Basic Wall:Generic - 200mm',#420,#431,'1612262',.NOTDEFINED.);
#433=IFCPROPERTYSET('1XKVunZ6pjd3JGdcnNLiUU',#18,'Pset_EnvironmentalImpactIndicators',$,(#360));
#434=IFCPROPERTYSINGLEVALUE('Reference',$,IFCLABEL('Generic - 200mm'),$);
#435=IFCPROPERTYSET('3D55CqpN1VW5s1MKuGe5$t',#18,'Pset_ReinforcementBarPitchOfWall',$,(#434));
#436=IFCPROPERTYSET('0RwYKLedftHjuT_nJEqX9J',#18,'Pset_WallCommon',$,(#360,#364,#365,#366));
#437=IFCRELDEFINESBYPROPERTIES('0IiMQ1IV7IatyUTYv2L9F4',#18,$,$,(#432),#433);
#438=IFCRELDEFINESBYPROPERTIES('35A5v6FIaoU3yCU6S03qKI',#18,$,$,(#432),#435);
#439=IFCRELDEFINESBYPROPERTIES('0tjyeAL3lLX5QxvBN3fqgp',#18,$,$,(#432),#436);
#440=IFCCARTESIANPOINT((6350.,100.,0.));
#441=IFCAXIS2PLACEMENT3D(#440,$,$);
#442=IFCLOCALPLACEMENT(#34,#441);
#443=IFCCARTESIANPOINT((3500.,0.));
#444=IFCPOLYLINE((#4,#443));
#445=IFCSHAPEREPRESENTATION(#23,'Axis','Curve2D',(#444));
#446=IFCCARTESIANPOINT((1750.0000000000011,1.4210854715202004E-14));
#447=IFCAXIS2PLACEMENT2D(#446,#12);
#448=IFCRECTANGLEPROFILEDEF(.AREA.,$,#447,3500.0000000000023,200.);
#449=IFCAXIS2PLACEMENT3D(#3,$,$);
#450=IFCEXTRUDEDAREASOLID(#448,#449,#9,2700.);
#451=IFCSTYLEDITEM(#450,(#348),$);
#452=IFCSHAPEREPRESENTATION(#24,'Body','SweptSolid',(#450));
#453=IFCPRODUCTDEFINITIONSHAPE($,$,(#445,#452));
#454=IFCWALL('2QnDw_VXDDCuQkmhJiHfoQ',#18,'Basic Wall:Generic - 200mm:1618116',$,'Basic Wall:Generic - 200mm',#442,#453,'1618116',.NOTDEFINED.);
#455=IFCPROPERTYSET('2gJJDehna8EWpgb$4inSOG',#18,'Pset_EnvironmentalImpactIndicators',$,(#360));
#456=IFCPROPERTYSINGLEVALUE('Reference',$,IFCLABEL('Generic - 200mm'),$);
#457=IFCPROPERTYSET('0zcEkEUTXThFOiqbU7QkNp',#18,'Pset_ReinforcementBarPitchOfWall',$,(#456));
#458=IFCPROPERTYSET('0CPYnb7XA20gLPkT1N2DiC',#18,'Pset_WallCommon',$,(#360,#364,#365,#366));
#459=IFCRELDEFINESBYPROPERTIES('2IEWHsEa1oMdLs4KdCWpVA',#18,$,$,(#454),#455);
#460=IFCRELDEFINESBYPROPERTIES('3dLoD_fSLjB$U$esWgBQ7G',#18,$,$,(#454),#457);
#461=IFCRELDEFINESBYPROPERTIES('1cAG$PNW7zNzdMorROcAyX',#18,$,$,(#454),#458);
#462=IFCCARTESIANPOINT((10850.,100.,0.));
#463=IFCAXIS2PLACEMENT3D(#462,$,$);
#464=IFCLOCALPLACEMENT(#34,#463);
#465=IFCCARTESIANPOINT((2700.,0.));
#466=IFCPOLYLINE((#4,#465));
#467=IFCSHAPEREPRESENTATION(#23,'Axis','Curve2D',(#466));
#468=IFCCARTESIANPOINT((1350.0000000000007,2.1316282072803006E-14));
#469=IFCAXIS2PLACEMENT2D(#468,#12);
#470=IFCRECTANGLEPROFILEDEF(.AREA.,$,#469,2700.0000000000014,200.);
#471=IFCAXIS2PLACEMENT3D(#3,$,$);
#472=IFCEXTRUDEDAREASOLID(#470,#471,#9,2700.);
#473=IFCSTYLEDITEM(#472,(#348),$);
#474=IFCSHAPEREPRESENTATION(#24,'Body','SweptSolid',(#472));
#475=IFCPRODUCTDEFINITIONSHAPE($,$,(#467,#474));
#476=IFCWALL('2QnDw_VXDDCuQkmhJiHfq8',#18,'Basic Wall:Generic - 200mm:1618262',$,'Basic Wall:Generic - 200mm',#464,#475,'1618262',.NOTDEFINED.);
#477=IFCPROPERTYSET('18e511bJgai41KZVrEIaVh',#18,'Pset_EnvironmentalImpactIndicators',$,(#360));
#478=IFCPROPERTYSINGLEVALUE('Reference',$,IFCLABEL('Generic - 200mm'),$);
#479=IFCPROPERTYSET('3llxLh7cFzez_ijvvq3EiG',#18,'Pset_ReinforcementBarPitchOfWall',$,(#478));
#480=IFCPROPERTYSET('2$vtUW49yMvmRzNZVrB_4G',#18,'Pset_WallCommon',$,(#360,#364,#365,#366));
#481=IFCRELDEFINESBYPROPERTIES('0VS2dKF9WnxEL6v8JTTZLk',#18,$,$,(#476),#477);
#482=IFCRELDEFINESBYPROPERTIES('3FdhADEmSUtRBTVEW1467y',#18,$,$,(#476),#479);
#483=IFCRELDEFINESBYPROPERTIES('0hrzQj0a6s3P4nO2Mp$Tco',#18,$,$,(#476),#480);
#484=IFCCARTESIANPOINT((7300.,480.,0.));
#485=IFCAXIS2PLACEMENT3D(#484,#9,#6);
#486=IFCLOCALPLACEMENT(#34,#485);
#487=IFCCARTESIANPOINT((2900.,0.));
#488=IFCPOLYLINE((#4,#487));
#489=IFCSHAPEREPRESENTATION(#23,'Axis','Curve2D',(#488));
#490=IFCCARTESIANPOINT((1450.0000000000009,3.5527136788005009E-14));
#491=IFCAXIS2PLACEMENT2D(#490,#12);
#492=IFCRECTANGLEPROFILEDEF(.AREA.,$,#491,2900.0000000000018,200.);
#493=IFCAXIS2PLACEMENT3D(#3,$,$);
#494=IFCEXTRUDEDAREASOLID(#492,#493,#9,2700.);
#495=IFCSTYLEDITEM(#494,(#348),$);
#496=IFCSHAPEREPRESENTATION(#24,'Body','SweptSolid',(#494));
#497=IFCPRODUCTDEFINITIONSHAPE($,$,(#489,#496));
#498=IFCWALL('2QnDw_VXDDCuQkmhJiHfu9',#18,'Basic Wall:Generic - 200mm:1618519',$,'Basic Wall:Generic - 200mm',#486,#497,'1618519',.NOTDEFINED.);
#499=IFCPROPERTYSET('2d13$bFvsd5gRrUZa0dGHD',#18,'Pset_EnvironmentalImpactIndicators',$,(#360));
#500=IFCPROPERTYSINGLEVALUE('Reference',$,IFCLABEL('Generic - 200mm'),$);
#501=IFCPROPERTYSET('3qHdGwh756qvCj_NZGejHi',#18,'Pset_ReinforcementBarPitchOfWall',$,(#500));
#502=IFCPROPERTYSET('3f5kCeI1n_41uDczbLuj1l',#18,'Pset_WallCommon',$,(#360,#364,#365,#366));
#503=IFCRELDEFINESBYPROPERTIES('2jM5ELyE48PnLcNPBt2VZJ',#18,$,$,(#498),#499);
#504=IFCRELDEFINESBYPROPERTIES('0Nvev1dWGUVg7EVOx8pdET',#18,$,$,(#498),#501);
#505=IFCRELDEFINESBYPROPERTIES('1yJrVcAIY72Y2t_$SE9z3e',#18,$,$,(#498),#502);
#506=IFCCARTESIANPOINT((11900.,480.,0.));
#507=IFCAXIS2PLACEMENT3D(#506,#9,#6);
#508=IFCLOCALPLACEMENT(#34,#507);
#509=IFCCARTESIANPOINT((2900.,0.));
#510=IFCPOLYLINE((#4,#509));
#511=IFCSHAPEREPRESENTATION(#23,'Axis','Curve2D',(#510));
#512=IFCCARTESIANPOINT((1449.9999999999995,3.5527136788005009E-14));
#513=IFCAXIS2PLACEMENT2D(#512,#12);
#514=IFCRECTANGLEPROFILEDEF(.AREA.,$,#513,2899.9999999999991,200.);
#515=IFCAXIS2PLACEMENT3D(#3,$,$);
#516=IFCEXTRUDEDAREASOLID(#514,#515,#9,2700.);
#517=IFCSTYLEDITEM(#516,(#348),$);
#518=IFCSHAPEREPRESENTATION(#24,'Body','SweptSolid',(#516));
#519=IFCPRODUCTDEFINITIONSHAPE($,$,(#511,#518));
#520=IFCWALL('2QnDw_VXDDCuQkmhJiHfIt',#18,'Basic Wall:Generic - 200mm:1620201',$,'Basic Wall:Generic - 200mm',#508,#519,'1620201',.NOTDEFINED.);
#521=IFCPROPERTYSET('3hie6$LJZfeqp5b9uXFCLh',#18,'Pset_EnvironmentalImpactIndicators',$,(#360));
#522=IFCPROPERTYSINGLEVALUE('Reference',$,IFCLABEL('Generic - 200mm'),$);
#523=IFCPROPERTYSET('0GaKPC4lZwFwsg1Cwhp2Oa',#18,'Pset_ReinforcementBarPitchOfWall',$,(#522));
#524=IFCPROPERTYSET('3dglN4tgDrWjjOvF6p2K9y',#18,'Pset_WallCommon',$,(#360,#364,#365,#366));
#525=IFCRELDEFINESBYPROPERTIES('3TmWUfMUvw_SatEXz06XQq',#18,$,$,(#520),#521);
#526=IFCRELDEFINESBYPROPERTIES('0ZDuG$u$iikKvlopi9VyuZ',#18,$,$,(#520),#523);
#527=IFCRELDEFINESBYPROPERTIES('2M2gzY9JxxfqSDKs8wwrze',#18,$,$,(#520),#524);
#528=IFCCARTESIANPOINT((-2750.,200.,0.));
#529=IFCAXIS2PLACEMENT3D(#528,#9,#7);
#530=IFCLOCALPLACEMENT(#34,#529);
#531=IFCCARTESIANPOINT((5700.,-0.));
#532=IFCPOLYLINE((#4,#531));
#533=IFCSHAPEREPRESENTATION(#23,'Axis','Curve2D',(#532));
#534=IFCCARTESIANPOINT((2849.9999999999741,-3.5527136788005009E-14));
#535=IFCAXIS2PLACEMENT2D(#534,#12);
#536=IFCRECTANGLEPROFILEDEF(.AREA.,$,#535,5699.9999999999482,200.);
#537=IFCAXIS2PLACEMENT3D(#3,$,$);
#538=IFCEXTRUDEDAREASOLID(#536,#537,#9,2700.);
#539=IFCSTYLEDITEM(#538,(#348),$);
#540=IFCSHAPEREPRESENTATION(#24,'Body','SweptSolid',(#538));
#541=IFCPRODUCTDEFINITIONSHAPE($,$,(#533,#540));
#542=IFCWALL('2QnDw_VXDDCuQkmhJiHfUy',#18,'Basic Wall:Generic - 200mm:1620962',$,'Basic Wall:Generic - 200mm',#530,#541,'1620962',.NOTDEFINED.);
#543=IFCPROPERTYSET('3bkUkeuseGpoGvdrSz9Xe1',#18,'Pset_EnvironmentalImpactIndicators',$,(#360));
#544=IFCPROPERTYSINGLEVALUE('Reference',$,IFCLABEL('Generic - 200mm'),$);
#545=IFCPROPERTYSET('2dAvx037GYTTd_UgeWyYW9',#18,'Pset_ReinforcementBarPitchOfWall',$,(#544));
#546=IFCPROPERTYSET('3Og9ISjrhThNVCoWHeeKdY',#18,'Pset_WallCommon',$,(#360,#364,#365,#366));
#547=IFCRELDEFINESBYPROPERTIES('2bGWkHRWJIgL_0xv7PV3zz',#18,$,$,(#542),#543);
#548=IFCRELDEFINESBYPROPERTIES('3L1c28ea8fcuLdyEGgK1HU',#18,$,$,(#542),#545);
#549=IFCRELDEFINESBYPROPERTIES('2oC1dGTvd1di4hoBjGBxzA',#18,$,$,(#542),#546);
#550=IFCCARTESIANPOINT((-13550.,100.,0.));
#551=IFCAXIS2PLACEMENT3D(#550,$,$);
#552=IFCLOCALPLACEMENT(#34,#551);
#553=IFCCARTESIANPOINT((2700.,-0.));
#554=IFCPOLYLINE((#4,#553));
#555=IFCSHAPEREPRESENTATION(#23,'Axis','Curve2D',(#554));
#556=IFCCARTESIANPOINT((1350.000000000018,0.));
#557=IFCAXIS2PLACEMENT2D(#556,#12);
#558=IFCRECTANGLEPROFILEDEF(.AREA.,$,#557,2700.0000000000359,200.);
#559=IFCAXIS2PLACEMENT3D(#3,$,$);
#560=IFCEXTRUDEDAREASOLID(#558,#559,#9,2700.);
#561=IFCSTYLEDITEM(#560,(#348),$);
#562=IFCSHAPEREPRESENTATION(#24,'Body','SweptSolid',(#560));
#563=IFCPRODUCTDEFINITIONSHAPE($,$,(#555,#562));
#564=IFCWALL('2QnDw_VXDDCuQkmhJiHfUz',#18,'Basic Wall:Generic - 200mm:1620963',$,'Basic Wall:Generic - 200mm',#552,#563,'1620963',.NOTDEFINED.);
#565=IFCPROPERTYSET('1hcpnltgpoW$fKJuuxn0yA',#18,'Pset_EnvironmentalImpactIndicators',$,(#360));
#566=IFCPROPERTYSINGLEVALUE('Reference',$,IFCLABEL('Generic - 200mm'),$);
#567=IFCPROPERTYSET('2$i5GpgOYoGoaWeJWTGB4d',#18,'Pset_ReinforcementBarPitchOfWall',$,(#566));
#568=IFCPROPERTYSET('3qSRJzctysOrR_0aiICTNe',#18,'Pset_WallCommon',$,(#360,#364,#365,#366));
#569=IFCRELDEFINESBYPROPERTIES('3EPOE_OZtPHvzHA1L9b84d',#18,$,$,(#564),#565);
#570=IFCRELDEFINESBYPROPERTIES('2l8aNbigtR6hg46qRP4ygr',#18,$,$,(#564),#567);
#571=IFCRELDEFINESBYPROPERTIES('26rFwygDmFb5GVAYw7DADx',#18,$,$,(#564),#568);
#572=IFCCARTESIANPOINT((-13450.,5900.,0.));
#573=IFCAXIS2PLACEMENT3D(#572,#9,#8);
#574=IFCLOCALPLACEMENT(#34,#573);
#575=IFCCARTESIANPOINT((5700.,0.));
#576=IFCPOLYLINE((#4,#575));
#577=IFCSHAPEREPRESENTATION(#23,'Axis','Curve2D',(#576));
#578=IFCCARTESIANPOINT((2850.0000000000077,6.9633188104489818E-13));
#579=IFCAXIS2PLACEMENT2D(#578,#12);
#580=IFCRECTANGLEPROFILEDEF(.AREA.,$,#579,5700.0000000000155,200.00000000000216);
#581=IFCAXIS2PLACEMENT3D(#3,$,$);
#582=IFCEXTRUDEDAREASOLID(#580,#581,#9,2700.);
#583=IFCSTYLEDITEM(#582,(#348),$);
#584=IFCSHAPEREPRESENTATION(#24,'Body','SweptSolid',(#582));
#585=IFCPRODUCTDEFINITIONSHAPE($,$,(#577,#584));
#586=IFCWALL('2QnDw_VXDDCuQkmhJiHfUw',#18,'Basic Wall:Generic - 200mm:1620964',$,'Basic Wall:Generic - 200mm',#574,#585,'1620964',.NOTDEFINED.);
#587=IFCPROPERTYSET('2pfGnPliL$Sa30o30rOQRl',#18,'Pset_EnvironmentalImpactIndicators',$,(#360));
#588=IFCPROPERTYSINGLEVALUE('Reference',$,IFCLABEL('Generic - 200mm'),$);
#589=IFCPROPERTYSET('0$cfMALdfN7sWqlRh8m6ur',#18,'Pset_ReinforcementBarPitchOfWall',$,(#588));
#590=IFCPROPERTYSET('1_27CkqcusK2DJTi$7XSAV',#18,'Pset_WallCommon',$,(#360,#364,#365,#366));
#591=IFCRELDEFINESBYPROPERTIES('2yxgZeh1FfjybVUclxcFs6',#18,$,$,(#586),#587);
#592=IFCRELDEFINESBYPROPERTIES('094QPepzy496qtdmnuIl2w',#18,$,$,(#586),#589);
#593=IFCRELDEFINESBYPROPERTIES('12L2DoYpcW4M8GQ2IR13G3',#18,$,$,(#586),#590);
#594=IFCCARTESIANPOINT((-2850.,5800.,0.));
#595=IFCAXIS2PLACEMENT3D(#594,#9,#6);
#596=IFCLOCALPLACEMENT(#34,#595);
#597=IFCCARTESIANPOINT((10500.,0.));
#598=IFCPOLYLINE((#4,#597));
#599=IFCSHAPEREPRESENTATION(#23,'Axis','Curve2D',(#598));
#600=IFCCARTESIANPOINT((5249.99999999998,1.5631940186722204E-13));
#601=IFCAXIS2PLACEMENT2D(#600,#12);
#602=IFCRECTANGLEPROFILEDEF(.AREA.,$,#601,10499.99999999996,200.);
#603=IFCAXIS2PLACEMENT3D(#3,$,$);
#604=IFCEXTRUDEDAREASOLID(#602,#603,#9,2700.);
#605=IFCSTYLEDITEM(#604,(#348),$);
#606=IFCSHAPEREPRESENTATION(#24,'Body','SweptSolid',(#604));
#607=IFCPRODUCTDEFINITIONSHAPE($,$,(#599,#606));
#608=IFCWALL('2QnDw_VXDDCuQkmhJiHfUx',#18,'Basic Wall:Generic - 200mm:1620965',$,'Basic Wall:Generic - 200mm',#596,#607,'1620965',.NOTDEFINED.);
#609=IFCPROPERTYSET('1m9ccjRTVi_pmYxY2wMhPR',#18,'Pset_EnvironmentalImpactIndicators',$,(#360));
#610=IFCPROPERTYSINGLEVALUE('Reference',$,IFCLABEL('Generic - 200mm'),$);
#611=IFCPROPERTYSET('0$0Ccqo6HwN0C8zngchY5v',#18,'Pset_ReinforcementBarPitchOfWall',$,(#610));
#612=IFCPROPERTYSET('1Ii43qgAV3xmXWlEW7lq4j',#18,'Pset_WallCommon',$,(#360,#364,#365,#366));
#613=IFCRELDEFINESBYPROPERTIES('2FRXLJUutB7$q05iF7jfu4',#18,$,$,(#608),#609);
#614=IFCRELDEFINESBYPROPERTIES('0gSDhD9Lc_gcQaS5CNZFKn',#18,$,$,(#608),#611);
#615=IFCRELDEFINESBYPROPERTIES('3ESvcglNEPBFO0WbmVhhjG',#18,$,$,(#608),#612);
#616=IFCCARTESIANPOINT((-9850.,100.,0.));
#617=IFCAXIS2PLACEMENT3D(#616,$,$);
#618=IFCLOCALPLACEMENT(#34,#617);
#619=IFCCARTESIANPOINT((3500.,0.));
#620=IFCPOLYLINE((#4,#619));
#621=IFCSHAPEREPRESENTATION(#23,'Axis','Curve2D',(#620));
#622=IFCCARTESIANPOINT((1750.0000000000007,7.1054273576010019E-15));
#623=IFCAXIS2PLACEMENT2D(#622,#12);
#624=IFCRECTANGLEPROFILEDEF(.AREA.,$,#623,3500.0000000000014,200.);
#625=IFCAXIS2PLACEMENT3D(#3,$,$);
#626=IFCEXTRUDEDAREASOLID(#624,#625,#9,2700.);
#627=IFCSTYLEDITEM(#626,(#348),$);
#628=IFCSHAPEREPRESENTATION(#24,'Body','SweptSolid',(#626));
#629=IFCPRODUCTDEFINITIONSHAPE($,$,(#621,#628));
#630=IFCWALL('2QnDw_VXDDCuQkmhJiHfUu',#18,'Basic Wall:Generic - 200mm:1620966',$,'Basic Wall:Generic - 200mm',#618,#629,'1620966',.NOTDEFINED.);
#631=IFCPROPERTYSET('2IKn7Y6phlbsiLv1pEwcG4',#18,'Pset_EnvironmentalImpactIndicators',$,(#360));
#632=IFCPROPERTYSINGLEVALUE('Reference',$,IFCLABEL('Generic - 200mm'),$);
#633=IFCPROPERTYSET('2HuUkz1K5ppMK_sZZB9uNL',#18,'Pset_ReinforcementBarPitchOfWall',$,(#632));
#634=IFCPROPERTYSET('1kB2ELAczrQkPDQOiXOW1D',#18,'Pset_WallCommon',$,(#360,#364,#365,#366));
#635=IFCRELDEFINESBYPROPERTIES('0zCR17NRD9ZY1rTvtGQb9y',#18,$,$,(#630),#631);
#636=IFCRELDEFINESBYPROPERTIES('3vftQllgBXiGM_nydbMYLa',#18,$,$,(#630),#633);
#637=IFCRELDEFINESBYPROPERTIES('3YvCwt1OU3NR5rYruGpyYn',#18,$,$,(#630),#634);
#638=IFCCARTESIANPOINT((-5350.,100.,0.));
#639=IFCAXIS2PLACEMENT3D(#638,$,$);
#640=IFCLOCALPLACEMENT(#34,#639);
#641=IFCCARTESIANPOINT((2700.,0.));
#642=IFCPOLYLINE((#4,#641));
#643=IFCSHAPEREPRESENTATION(#23,'Axis','Curve2D',(#642));
#644=IFCCARTESIANPOINT((1349.9999999999995,0.));
#645=IFCAXIS2PLACEMENT2D(#644,#12);
#646=IFCRECTANGLEPROFILEDEF(.AREA.,$,#645,2699.9999999999991,200.);
#647=IFCAXIS2PLACEMENT3D(#3,$,$);
#648=IFCEXTRUDEDAREASOLID(#646,#647,#9,2700.);
#649=IFCSTYLEDITEM(#648,(#348),$);
#650=IFCSHAPEREPRESENTATION(#24,'Body','SweptSolid',(#648));
#651=IFCPRODUCTDEFINITIONSHAPE($,$,(#643,#650));
#652=IFCWALL('2QnDw_VXDDCuQkmhJiHfUv',#18,'Basic Wall:Generic - 200mm:1620967',$,'Basic Wall:Generic - 200mm',#640,#651,'1620967',.NOTDEFINED.);
#653=IFCPROPERTYSET('12Id1YeV5V_npxoC9Yk3$Y',#18,'Pset_EnvironmentalImpactIndicators',$,(#360));
#654=IFCPROPERTYSINGLEVALUE('Reference',$,IFCLABEL('Generic - 200mm'),$);
#655=IFCPROPERTYSET('0UmNlLTitQwjSXi8$8Fvxg',#18,'Pset_ReinforcementBarPitchOfWall',$,(#654));
#656=IFCPROPERTYSET('2U6LMrzOS7xqlXKbnFr6nd',#18,'Pset_WallCommon',$,(#360,#364,#365,#366));
#657=IFCRELDEFINESBYPROPERTIES('0H4wI71uXRXogeWwISggpO',#18,$,$,(#652),#653);
#658=IFCRELDEFINESBYPROPERTIES('2592Uj0Hef3MkjPUD92U2T',#18,$,$,(#652),#655);
#659=IFCRELDEFINESBYPROPERTIES('1AF9M4YOjtfOx$FGZBKdty',#18,$,$,(#652),#656);
#660=IFCCARTESIANPOINT((-8900.,5420.,0.));
#661=IFCAXIS2PLACEMENT3D(#660,#9,#6);
#662=IFCLOCALPLACEMENT(#34,#661);
#663=IFCCARTESIANPOINT((2900.,0.));
#664=IFCPOLYLINE((#4,#663));
#665=IFCSHAPEREPRESENTATION(#23,'Axis','Curve2D',(#664));
#666=IFCCARTESIANPOINT((1450.,3.5527136788005009E-14));
#667=IFCAXIS2PLACEMENT2D(#666,#12);
#668=IFCRECTANGLEPROFILEDEF(.AREA.,$,#667,2900.,200.);
#669=IFCAXIS2PLACEMENT3D(#3,$,$);
#670=IFCEXTRUDEDAREASOLID(#668,#669,#9,2700.);
#671=IFCSTYLEDITEM(#670,(#348),$);
#672=IFCSHAPEREPRESENTATION(#24,'Body','SweptSolid',(#670));
#673=IFCPRODUCTDEFINITIONSHAPE($,$,(#665,#672));
#674=IFCWALL('2QnDw_VXDDCuQkmhJiHf7O',#18,'Basic Wall:Generic - 200mm:1621382',$,'Basic Wall:Generic - 200mm',#662,#673,'1621382',.NOTDEFINED.);
#675=IFCPROPERTYSET('1vTRVk4yRwksU1ce$0u6vG',#18,'Pset_EnvironmentalImpactIndicators',$,(#360));
#676=IFCPROPERTYSINGLEVALUE('Reference',$,IFCLABEL('Generic - 200mm'),$);
#677=IFCPROPERTYSET('2k9oXEUClIgky9f_xE0WoU',#18,'Pset_ReinforcementBarPitchOfWall',$,(#676));
#678=IFCPROPERTYSET('1zsky7NexkIMtHZuO2nCEl',#18,'Pset_WallCommon',$,(#360,#364,#365,#366));
#679=IFCRELDEFINESBYPROPERTIES('2OyCan$goo2Kym235f5045',#18,$,$,(#674),#675);
#680=IFCRELDEFINESBYPROPERTIES('2O4tcC8sJDaFAcCbgBoX29',#18,$,$,(#674),#677);
#681=IFCRELDEFINESBYPROPERTIES('0aZAiTcH6IFAx72ZiPEajY',#18,$,$,(#674),#678);
#682=IFCCARTESIANPOINT((-4300.,5420.,0.));
#683=IFCAXIS2PLACEMENT3D(#682,#9,#6);
#684=IFCLOCALPLACEMENT(#34,#683);
#685=IFCCARTESIANPOINT((2900.,0.));
#686=IFCPOLYLINE((#4,#685));
#687=IFCSHAPEREPRESENTATION(#23,'Axis','Curve2D',(#686));
#688=IFCCARTESIANPOINT((1450.,3.5527136788005009E-14));
#689=IFCAXIS2PLACEMENT2D(#688,#12);
#690=IFCRECTANGLEPROFILEDEF(.AREA.,$,#689,2900.,200.);
#691=IFCAXIS2PLACEMENT3D(#3,$,$);
#692=IFCEXTRUDEDAREASOLID(#690,#691,#9,2700.);
#693=IFCSTYLEDITEM(#692,(#348),$);
#694=IFCSHAPEREPRESENTATION(#24,'Body','SweptSolid',(#692));
#695=IFCPRODUCTDEFINITIONSHAPE($,$,(#687,#694));
#696=IFCWALL('2QnDw_VXDDCuQkmhJiHf7P',#18,'Basic Wall:Generic - 200mm:1621383',$,'Basic Wall:Generic - 200mm',#684,#695,'1621383',.NOTDEFINED.);
#697=IFCPROPERTYSET('2K9N9dDdPb_LCXNTy60mZg',#18,'Pset_EnvironmentalImpactIndicators',$,(#360));
#698=IFCPROPERTYSINGLEVALUE('Reference',$,IFCLABEL('Generic - 200mm'),$);
#699=IFCPROPERTYSET('3V3WU5bJBRyv8mP_1pszsq',#18,'Pset_ReinforcementBarPitchOfWall',$,(#698));
#700=IFCPROPERTYSET('3MSOTdQFcYKBYkLwGU4jmy',#18,'Pset_WallCommon',$,(#360,#364,#365,#366));
#701=IFCRELDEFINESBYPROPERTIES('1VHWN0JvzGcw1oNBBLZyns',#18,$,$,(#696),#697);
#702=IFCRELDEFINESBYPROPERTIES('1A69TjzoBIlr2Gm50oN3GK',#18,$,$,(#696),#699);
#703=IFCRELDEFINESBYPROPERTIES('3_pb0Afp6goXzairmjbXrV',#18,$,$,(#696),#700);
#704=IFCCARTESIANPOINT((-2650.,5800.,0.));
#705=IFCAXIS2PLACEMENT3D(#704,$,$);
#706=IFCLOCALPLACEMENT(#34,#705);
#707=IFCCARTESIANPOINT((5300.,0.));
#708=IFCPOLYLINE((#4,#707));
#709=IFCSHAPEREPRESENTATION(#23,'Axis','Curve2D',(#708));
#710=IFCCARTESIANPOINT((2650.0000000000223,0.));
#711=IFCAXIS2PLACEMENT2D(#710,#12);
#712=IFCRECTANGLEPROFILEDEF(.AREA.,$,#711,5300.0000000000446,200.);
#713=IFCAXIS2PLACEMENT3D(#3,$,$);
#714=IFCEXTRUDEDAREASOLID(#712,#713,#9,2700.);
#715=IFCSTYLEDITEM(#714,(#348),$);
#716=IFCSHAPEREPRESENTATION(#24,'Body','SweptSolid',(#714));
#717=IFCPRODUCTDEFINITIONSHAPE($,$,(#709,#716));
#718=IFCWALL('2QnDw_VXDDCuQkmhJiHf8s',#18,'Basic Wall:Generic - 200mm:1621608',$,'Basic Wall:Generic - 200mm',#706,#717,'1621608',.NOTDEFINED.);
#719=IFCPROPERTYSET('2au_9EwBye5Y38VGGq5uNZ',#18,'Pset_EnvironmentalImpactIndicators',$,(#360));
#720=IFCPROPERTYSINGLEVALUE('Reference',$,IFCLABEL('Generic - 200mm'),$);
#721=IFCPROPERTYSET('0MWoIKZR6BSsq8d28Fqxyh',#18,'Pset_ReinforcementBarPitchOfWall',$,(#720));
#722=IFCPROPERTYSET('0iiCpiqC5BEYdfiMKZS74i',#18,'Pset_WallCommon',$,(#360,#364,#365,#366));
#723=IFCRELDEFINESBYPROPERTIES('2k8speG77POlw51QPcvReo',#18,$,$,(#718),#719);
#724=IFCRELDEFINESBYPROPERTIES('3yntnnqdwVp8gxr0hJpGUR',#18,$,$,(#718),#721);
#725=IFCRELDEFINESBYPROPERTIES('2Vx22AUWP4fqUs53YTkAqZ',#18,$,$,(#718),#722);
#726=IFCCARTESIANPOINT((2650.,100.,0.));
#727=IFCAXIS2PLACEMENT3D(#726,#9,#6);
#728=IFCLOCALPLACEMENT(#34,#727);
#729=IFCCARTESIANPOINT((5300.,0.));
#730=IFCPOLYLINE((#4,#729));
#731=IFCSHAPEREPRESENTATION(#23,'Axis','Curve2D',(#730));
#732=IFCCARTESIANPOINT((2650.0000000000036,7.1054273576010019E-15));
#733=IFCAXIS2PLACEMENT2D(#732,#12);
#734=IFCRECTANGLEPROFILEDEF(.AREA.,$,#733,5300.0000000000073,200.);
#735=IFCAXIS2PLACEMENT3D(#3,$,$);
#736=IFCEXTRUDEDAREASOLID(#734,#735,#9,2700.);
#737=IFCSTYLEDITEM(#736,(#348),$);
#738=IFCSHAPEREPRESENTATION(#24,'Body','SweptSolid',(#736));
#739=IFCPRODUCTDEFINITIONSHAPE($,$,(#731,#738));
#740=IFCWALL('2QnDw_VXDDCuQkmhJiHfAd',#18,'Basic Wall:Generic - 200mm:1621753',$,'Basic Wall:Generic - 200mm',#728,#739,'1621753',.NOTDEFINED.);
#741=IFCPROPERTYSET('0in3vEjzoD84x7bFxFdH5P',#18,'Pset_EnvironmentalImpactIndicators',$,(#360));
#742=IFCPROPERTYSINGLEVALUE('Reference',$,IFCLABEL('Generic - 200mm'),$);
#743=IFCPROPERTYSET('2JC4kEJtZgf4jdrqrnHnqP',#18,'Pset_ReinforcementBarPitchOfWall',$,(#742));
#744=IFCPROPERTYSET('00nKHGUxN5hAgeOr4Yp5Kn',#18,'Pset_WallCommon',$,(#360,#364,#365,#366));
#745=IFCRELDEFINESBYPROPERTIES('3DbVJbLRFXNfHJh_rjKN8P',#18,$,$,(#740),#741);
#746=IFCRELDEFINESBYPROPERTIES('13P9xDDkuBjEOpbxF5QyEs',#18,$,$,(#740),#743);
#747=IFCRELDEFINESBYPROPERTIES('0fMvMjxTBb1HZ8ZMMqguBo',#18,$,$,(#740),#744);
#748=IFCCARTESIANPOINT((115.0093749999855,122.,1000.));
#749=IFCCARTESIANPOINT((115.35011673709482,122.,1002.5881904510252));
#750=IFCCARTESIANPOINT((116.34912096214121,122.,1005.));
#751=IFCCARTESIANPOINT((117.93830718812012,122.,1007.0710678118656));
#752=IFCCARTESIANPOINT((120.00937499998571,122.,1008.6602540378444));
#753=IFCCARTESIANPOINT((122.4211845489605,122.,1009.6592582628907));
#754=IFCCARTESIANPOINT((125.00937499998572,122.,1010.));
#755=IFCCARTESIANPOINT((127.59756545101095,122.,1009.6592582628906));
#756=IFCCARTESIANPOINT((130.00937499998577,122.,1008.6602540378443));
#757=IFCCARTESIANPOINT((132.08044281185124,122.,1007.0710678118654));
#758=IFCCARTESIANPOINT((133.66962903783013,122.,1005.));
#759=IFCCARTESIANPOINT((134.66863326287643,122.,1002.5881904510251));
#760=IFCCARTESIANPOINT((135.00937499998571,122.,1000.));
#761=IFCCARTESIANPOINT((134.66863326287637,122.,997.41180954897447));
#762=IFCCARTESIANPOINT((133.66962903782999,122.,995.));
#763=IFCCARTESIANPOINT((132.08044281185107,122.,992.92893218813424));
#764=IFCCARTESIANPOINT((130.00937499998554,122.,991.33974596215546));
#765=IFCCARTESIANPOINT((127.59756545101072,122.,990.34074173710906));
#766=IFCCARTESIANPOINT((125.00937499998548,122.,990.));
#767=IFCCARTESIANPOINT((122.42118454896026,122.,990.34074173710928));
#768=IFCCARTESIANPOINT((120.00937499998544,122.,991.33974596215558));
#769=IFCCARTESIANPOINT((117.93830718811998,122.,992.92893218813458));
#770=IFCCARTESIANPOINT((116.34912096214107,122.,995.));
#771=IFCCARTESIANPOINT((115.35011673709482,122.,997.41180954897482));
#772=IFCCARTESIANPOINT((135.00937499998571,92.,1000.));
#773=IFCCARTESIANPOINT((134.66863326287637,92.,997.41180954897447));
#774=IFCCARTESIANPOINT((133.66962903782999,92.,995.));
#775=IFCCARTESIANPOINT((132.08044281185107,92.,992.92893218813424));
#776=IFCCARTESIANPOINT((130.00937499998551,92.,991.33974596215546));
#777=IFCCARTESIANPOINT((127.59756545101068,92.,990.34074173710906));
#778=IFCCARTESIANPOINT((125.00937499998545,92.,990.));
#779=IFCCARTESIANPOINT((122.42118454896023,92.,990.34074173710928));
#780=IFCCARTESIANPOINT((120.00937499998544,92.,991.33974596215558));
#781=IFCCARTESIANPOINT((117.93830718811998,92.,992.92893218813458));
#782=IFCCARTESIANPOINT((116.34912096214107,92.,995.));
#783=IFCCARTESIANPOINT((115.35011673709482,92.,997.41180954897482));
#784=IFCCARTESIANPOINT((115.0093749999855,92.,1000.));
#785=IFCCARTESIANPOINT((115.35011673709489,92.,1002.5881904510252));
#786=IFCCARTESIANPOINT((116.34912096214121,92.,1005.));
#787=IFCCARTESIANPOINT((117.93830718812012,92.,1007.0710678118656));
#788=IFCCARTESIANPOINT((120.00937499998564,92.,1008.6602540378444));
#789=IFCCARTESIANPOINT((122.42118454896047,92.,1009.6592582628907));
#790=IFCCARTESIANPOINT((125.0093749999857,92.,1010.));
#791=IFCCARTESIANPOINT((127.59756545101095,92.,1009.6592582628906));
#792=IFCCARTESIANPOINT((130.00937499998574,92.,1008.6602540378443));
#793=IFCCARTESIANPOINT((132.08044281185124,92.,1007.0710678118654));
#794=IFCCARTESIANPOINT((133.66962903783013,92.,1005.));
#795=IFCCARTESIANPOINT((134.66863326287643,92.,1002.5881904510251));
#796=IFCCARTESIANPOINT((140.00937499999267,87.,1000.));
#797=IFCCARTESIANPOINT((140.00937499999267,86.659258262889679,997.41180954897436));
#798=IFCCARTESIANPOINT((140.00937499999267,85.660254037843316,995.));
#799=IFCCARTESIANPOINT((140.00937499999264,84.071067811864381,992.92893218813413));
#800=IFCCARTESIANPOINT((140.00937499999264,82.,991.33974596215523));
#801=IFCCARTESIANPOINT((140.00937499999264,79.588190451024047,990.34074173710894));
#802=IFCCARTESIANPOINT((140.00937499999264,77.,990.));
#803=IFCCARTESIANPOINT((140.00937499999264,74.411809548973579,990.34074173710906));
#804=IFCCARTESIANPOINT((140.00937499999264,72.,991.33974596215546));
#805=IFCCARTESIANPOINT((140.00937499999264,69.928932188133288,992.92893218813435));
#806=IFCCARTESIANPOINT((140.00937499999267,68.339745962154367,995.));
#807=IFCCARTESIANPOINT((140.00937499999267,67.340741737108104,997.41180954897482));
#808=IFCCARTESIANPOINT((140.00937499999267,67.,1000.));
#809=IFCCARTESIANPOINT((127.50937499998908,70.349364905388825,1000.));
#810=IFCCARTESIANPOINT((118.35873990537549,79.500000000002416,1000.));
#811=IFCCARTESIANPOINT((136.47384109405499,88.464466094068342,1000.));
#812=IFCCARTESIANPOINT((133.64317721864714,68.705817554367158,1000.));
#813=IFCCARTESIANPOINT((116.71519254346991,85.633802259279818,1000.));
#814=IFCCARTESIANPOINT((136.82627610931991,67.852908777182989,1000.));
#815=IFCCARTESIANPOINT((115.86228377172773,88.816901129642915,1000.));
#816=IFCCARTESIANPOINT((138.41782555465633,67.426454388590912,1000.));
#817=IFCCARTESIANPOINT((115.43582938585658,90.408450564824463,1000.));
#818=IFCCARTESIANPOINT((122.93405745268228,74.92468245269562,1000.));
#819=IFCCARTESIANPOINT((130.47170310485131,78.247084953306583,990.15192265530266));
#820=IFCCARTESIANPOINT((126.25646058812015,82.462328830193741,990.15192249043628));
#821=IFCCARTESIANPOINT((117.5369662244227,82.56690112964111,1000.));
#822=IFCCARTESIANPOINT((132.99875719075922,73.329623681709293,991.30720684254936));
#823=IFCCARTESIANPOINT((123.97428828630615,85.416124412892273,990.27621867719517));
#824=IFCCARTESIANPOINT((119.98103725958944,86.039864479372241,991.92330310307227));
#825=IFCCARTESIANPOINT((135.99091746211795,84.623630634522428,992.48740540409506));
#826=IFCCARTESIANPOINT((132.6330053419284,87.981542384883014,992.48740514590827));
#827=IFCCARTESIANPOINT((131.50809206711966,83.498717405389371,990.45352084780109));
#828=IFCCARTESIANPOINT((125.08886536131467,77.328238130469273,991.94476265457013));
#829=IFCCARTESIANPOINT((130.57627610931812,69.527591229877999,1000.));
#830=IFCCARTESIANPOINT((125.22171622633564,72.63702367904223,1000.));
#831=IFCCARTESIANPOINT((120.64639867902885,77.212341226349025,1000.));
#832=IFCCARTESIANPOINT((140.00937499999267,67.340741737108161,1002.5881904510251));
#833=IFCCARTESIANPOINT((140.00937499999267,68.339745962154481,1005.));
#834=IFCCARTESIANPOINT((140.0093749999927,69.92893218813343,1007.0710678118653));
#835=IFCCARTESIANPOINT((140.0093749999927,72.,1008.6602540378443));
#836=IFCCARTESIANPOINT((140.0093749999927,74.411809548973764,1009.6592582628906));
#837=IFCCARTESIANPOINT((140.0093749999927,77.,1010.));
#838=IFCCARTESIANPOINT((140.0093749999927,79.588190451024218,1009.6592582628906));
#839=IFCCARTESIANPOINT((140.0093749999927,82.,1008.6602540378442));
#840=IFCCARTESIANPOINT((140.0093749999927,84.071067811864509,1007.0710678118653));
#841=IFCCARTESIANPOINT((140.00937499999267,85.66025403784343,1005.));
#842=IFCCARTESIANPOINT((140.00937499999267,86.659258262889708,1002.588190451025));
#843=IFCCARTESIANPOINT((126.25646058800798,82.462328830074284,1009.8480775095352));
#844=IFCCARTESIANPOINT((130.47170310439191,78.247084953196534,1009.8480773446348));
#845=IFCCARTESIANPOINT((132.99875719067521,73.329623681673553,1008.6927931574145));
#846=IFCCARTESIANPOINT((123.97428828628574,85.416124412863184,1009.7237813227974));
#847=IFCCARTESIANPOINT((119.98103725958322,86.039864479351536,1008.0766968969189));
#848=IFCCARTESIANPOINT((132.63300534185976,87.981542384841802,1007.5125948541618));
#849=IFCCARTESIANPOINT((135.99091746212764,84.623630634528297,1007.512594595896));
#850=IFCCARTESIANPOINT((131.50809206672841,83.498717405048794,1009.54647915236));
#851=IFCCARTESIANPOINT((125.33761273707047,77.079490694254133,1008.0552373171574));
#852=IFCCARTESIANPOINT((245.00937500000035,67.,1000.));
#853=IFCCARTESIANPOINT((245.00937500000035,67.340741737108189,997.41180954897436));
#854=IFCCARTESIANPOINT((245.00937500000035,68.339745962154453,995.));
#855=IFCCARTESIANPOINT((245.00937500000032,69.928932188133373,992.92893218813401));
#856=IFCCARTESIANPOINT((245.00937500000032,72.,991.33974596215512));
#857=IFCCARTESIANPOINT((245.00937500000032,74.41180954897365,990.34074173710883));
#858=IFCCARTESIANPOINT((245.00937500000032,77.,990.));
#859=IFCCARTESIANPOINT((245.00937500000032,79.588190451024118,990.34074173710871));
#860=IFCCARTESIANPOINT((245.00937500000032,82.,991.33974596215501));
#861=IFCCARTESIANPOINT((245.00937500000032,84.071067811864467,992.9289321881339));
#862=IFCCARTESIANPOINT((245.00937500000035,85.660254037843401,995.));
#863=IFCCARTESIANPOINT((245.00937500000035,86.659258262889736,997.41180954897425));
#864=IFCCARTESIANPOINT((245.00937500000035,87.,1000.));
#865=IFCCARTESIANPOINT((245.00937500000035,86.659258262889779,1002.5881904510248));
#866=IFCCARTESIANPOINT((245.00937500000035,85.660254037843472,1005.));
#867=IFCCARTESIANPOINT((245.00937500000038,84.071067811864552,1007.0710678118651));
#868=IFCCARTESIANPOINT((245.00937500000038,82.,1008.6602540378441));
#869=IFCCARTESIANPOINT((245.00937500000038,79.588190451024232,1009.6592582628904));
#870=IFCCARTESIANPOINT((245.00937500000038,77.,1010.));
#871=IFCCARTESIANPOINT((245.00937500000038,74.411809548973778,1009.6592582628904));
#872=IFCCARTESIANPOINT((245.00937500000038,72.,1008.6602540378441));
#873=IFCCARTESIANPOINT((245.00937500000038,69.928932188133459,1007.0710678118651));
#874=IFCCARTESIANPOINT((245.00937500000035,68.339745962154524,1005.));
#875=IFCCARTESIANPOINT((245.00937500000035,67.340741737108218,1002.5881904510248));
#876=IFCPOLYLOOP((#769,#770,#771,#748,#749,#750,#751,#752,#753,#754,#755,#756,#757,#758,#759,#760,#761,#762,#763,#764,#765,#766,#767,#768));
#877=IFCFACEOUTERBOUND(#876,.T.);
#878=IFCFACE((#877));
#879=IFCPOLYLOOP((#784,#748,#771,#783));
#880=IFCFACEOUTERBOUND(#879,.T.);
#881=IFCFACE((#880));
#882=IFCPOLYLOOP((#783,#771,#770,#782));
#883=IFCFACEOUTERBOUND(#882,.T.);
#884=IFCFACE((#883));
#885=IFCPOLYLOOP((#780,#781,#769,#768));
#886=IFCFACEOUTERBOUND(#885,.T.);
#887=IFCFACE((#886));
#888=IFCPOLYLOOP((#770,#769,#781,#782));
#889=IFCFACEOUTERBOUND(#888,.T.);
#890=IFCFACE((#889));
#891=IFCPOLYLOOP((#779,#780,#768,#767));
#892=IFCFACEOUTERBOUND(#891,.T.);
#893=IFCFACE((#892));
#894=IFCPOLYLOOP((#766,#778,#779,#767));
#895=IFCFACEOUTERBOUND(#894,.T.);
#896=IFCFACE((#895));
#897=IFCPOLYLOOP((#777,#765,#764,#776));
#898=IFCFACEOUTERBOUND(#897,.T.);
#899=IFCFACE((#898));
#900=IFCPOLYLOOP((#776,#764,#763,#775));
#901=IFCFACEOUTERBOUND(#900,.T.);
#902=IFCFACE((#901));
#903=IFCPOLYLOOP((#773,#774,#762,#761));
#904=IFCFACEOUTERBOUND(#903,.T.);
#905=IFCFACE((#904));
#906=IFCPOLYLOOP((#763,#762,#774,#775));
#907=IFCFACEOUTERBOUND(#906,.T.);
#908=IFCFACE((#907));
#909=IFCPOLYLOOP((#772,#773,#761,#760));
#910=IFCFACEOUTERBOUND(#909,.T.);
#911=IFCFACE((#910));
#912=IFCPOLYLOOP((#777,#778,#766,#765));
#913=IFCFACEOUTERBOUND(#912,.T.);
#914=IFCFACE((#913));
#915=IFCPOLYLOOP((#772,#760,#759,#795));
#916=IFCFACEOUTERBOUND(#915,.T.);
#917=IFCFACE((#916));
#918=IFCPOLYLOOP((#795,#759,#758,#794));
#919=IFCFACEOUTERBOUND(#918,.T.);
#920=IFCFACE((#919));
#921=IFCPOLYLOOP((#792,#793,#757,#756));
#922=IFCFACEOUTERBOUND(#921,.T.);
#923=IFCFACE((#922));
#924=IFCPOLYLOOP((#758,#757,#793,#794));
#925=IFCFACEOUTERBOUND(#924,.T.);
#926=IFCFACE((#925));
#927=IFCPOLYLOOP((#791,#792,#756,#755));
#928=IFCFACEOUTERBOUND(#927,.T.);
#929=IFCFACE((#928));
#930=IFCPOLYLOOP((#754,#790,#791,#755));
#931=IFCFACEOUTERBOUND(#930,.T.);
#932=IFCFACE((#931));
#933=IFCPOLYLOOP((#789,#753,#752,#788));
#934=IFCFACEOUTERBOUND(#933,.T.);
#935=IFCFACE((#934));
#936=IFCPOLYLOOP((#788,#752,#751,#787));
#937=IFCFACEOUTERBOUND(#936,.T.);
#938=IFCFACE((#937));
#939=IFCPOLYLOOP((#785,#786,#750,#749));
#940=IFCFACEOUTERBOUND(#939,.T.);
#941=IFCFACE((#940));
#942=IFCPOLYLOOP((#751,#750,#786,#787));
#943=IFCFACEOUTERBOUND(#942,.T.);
#944=IFCFACE((#943));
#945=IFCPOLYLOOP((#784,#785,#749,#748));
#946=IFCFACEOUTERBOUND(#945,.T.);
#947=IFCFACE((#946));
#948=IFCPOLYLOOP((#789,#790,#754,#753));
#949=IFCFACEOUTERBOUND(#948,.T.);
#950=IFCFACE((#949));
#951=IFCPOLYLOOP((#782,#817,#783));
#952=IFCFACEOUTERBOUND(#951,.T.);
#953=IFCFACE((#952));
#954=IFCPOLYLOOP((#813,#779,#824));
#955=IFCFACEOUTERBOUND(#954,.T.);
#956=IFCFACE((#955));
#957=IFCPOLYLOOP((#826,#820,#823));
#958=IFCFACEOUTERBOUND(#957,.T.);
#959=IFCFACE((#958));
#960=IFCPOLYLOOP((#824,#810,#821,#813));
#961=IFCFACEOUTERBOUND(#960,.T.);
#962=IFCFACE((#961));
#963=IFCPOLYLOOP((#781,#780,#813));
#964=IFCFACEOUTERBOUND(#963,.T.);
#965=IFCFACE((#964));
#966=IFCPOLYLOOP((#781,#815,#782));
#967=IFCFACEOUTERBOUND(#966,.T.);
#968=IFCFACE((#967));
#969=IFCPOLYLOOP((#779,#813,#780));
#970=IFCFACEOUTERBOUND(#969,.T.);
#971=IFCFACE((#970));
#972=IFCPOLYLOOP((#824,#823,#810));
#973=IFCFACEOUTERBOUND(#972,.T.);
#974=IFCFACE((#973));
#975=IFCPOLYLOOP((#777,#776,#824));
#976=IFCFACEOUTERBOUND(#975,.T.);
#977=IFCFACE((#976));
#978=IFCPOLYLOOP((#827,#819,#828));
#979=IFCFACEOUTERBOUND(#978,.T.);
#980=IFCFACE((#979));
#981=IFCPOLYLOOP((#819,#822,#809));
#982=IFCFACEOUTERBOUND(#981,.T.);
#983=IFCFACE((#982));
#984=IFCPOLYLOOP((#779,#778,#824));
#985=IFCFACEOUTERBOUND(#984,.T.);
#986=IFCFACE((#985));
#987=IFCPOLYLOOP((#778,#777,#824));
#988=IFCFACEOUTERBOUND(#987,.T.);
#989=IFCFACE((#988));
#990=IFCPOLYLOOP((#825,#811,#796));
#991=IFCFACEOUTERBOUND(#990,.T.);
#992=IFCFACE((#991));
#993=IFCPOLYLOOP((#823,#824,#776));
#994=IFCFACEOUTERBOUND(#993,.T.);
#995=IFCFACE((#994));
#996=IFCPOLYLOOP((#798,#825,#797));
#997=IFCFACEOUTERBOUND(#996,.T.);
#998=IFCFACE((#997));
#999=IFCPOLYLOOP((#803,#812,#829));
#1000=IFCFACEOUTERBOUND(#999,.T.);
#1001=IFCFACE((#1000));
#1002=IFCPOLYLOOP((#807,#816,#806));
#1003=IFCFACEOUTERBOUND(#1002,.T.);
#1004=IFCFACE((#1003));
#1005=IFCPOLYLOOP((#774,#826,#823));
#1006=IFCFACEOUTERBOUND(#1005,.T.);
#1007=IFCFACE((#1006));
#1008=IFCPOLYLOOP((#776,#775,#823));
#1009=IFCFACEOUTERBOUND(#1008,.T.);
#1010=IFCFACE((#1009));
#1011=IFCPOLYLOOP((#827,#828,#820));
#1012=IFCFACEOUTERBOUND(#1011,.T.);
#1013=IFCFACE((#1012));
#1014=IFCPOLYLOOP((#800,#822,#799));
#1015=IFCFACEOUTERBOUND(#1014,.T.);
#1016=IFCFACE((#1015));
#1017=IFCPOLYLOOP((#827,#826,#811));
#1018=IFCFACEOUTERBOUND(#1017,.T.);
#1019=IFCFACE((#1018));
#1020=IFCPOLYLOOP((#828,#831,#820));
#1021=IFCFACEOUTERBOUND(#1020,.T.);
#1022=IFCFACE((#1021));
#1023=IFCPOLYLOOP((#819,#830,#828));
#1024=IFCFACEOUTERBOUND(#1023,.T.);
#1025=IFCFACE((#1024));
#1026=IFCPOLYLOOP((#803,#804,#812));
#1027=IFCFACEOUTERBOUND(#1026,.T.);
#1028=IFCFACE((#1027));
#1029=IFCPOLYLOOP((#827,#820,#826));
#1030=IFCFACEOUTERBOUND(#1029,.T.);
#1031=IFCFACE((#1030));
#1032=IFCPOLYLOOP((#822,#802,#829));
#1033=IFCFACEOUTERBOUND(#1032,.T.);
#1034=IFCFACE((#1033));
#1035=IFCPOLYLOOP((#829,#802,#803));
#1036=IFCFACEOUTERBOUND(#1035,.T.);
#1037=IFCFACE((#1036));
#1038=IFCPOLYLOOP((#812,#805,#814));
#1039=IFCFACEOUTERBOUND(#1038,.T.);
#1040=IFCFACE((#1039));
#1041=IFCPOLYLOOP((#830,#819,#809));
#1042=IFCFACEOUTERBOUND(#1041,.T.);
#1043=IFCFACE((#1042));
#1044=IFCPOLYLOOP((#804,#805,#812));
#1045=IFCFACEOUTERBOUND(#1044,.T.);
#1046=IFCFACE((#1045));
#1047=IFCPOLYLOOP((#829,#809,#822));
#1048=IFCFACEOUTERBOUND(#1047,.T.);
#1049=IFCFACE((#1048));
#1050=IFCPOLYLOOP((#808,#816,#807));
#1051=IFCFACEOUTERBOUND(#1050,.T.);
#1052=IFCFACE((#1051));
#1053=IFCPOLYLOOP((#827,#825,#819));
#1054=IFCFACEOUTERBOUND(#1053,.T.);
#1055=IFCFACE((#1054));
#1056=IFCPOLYLOOP((#820,#831,#823));
#1057=IFCFACEOUTERBOUND(#1056,.T.);
#1058=IFCFACE((#1057));
#1059=IFCPOLYLOOP((#805,#806,#814));
#1060=IFCFACEOUTERBOUND(#1059,.T.);
#1061=IFCFACE((#1060));
#1062=IFCPOLYLOOP((#773,#772,#826));
#1063=IFCFACEOUTERBOUND(#1062,.T.);
#1064=IFCFACE((#1063));
#1065=IFCPOLYLOOP((#828,#830,#818,#831));
#1066=IFCFACEOUTERBOUND(#1065,.T.);
#1067=IFCFACE((#1066));
#1068=IFCPOLYLOOP((#819,#825,#798));
#1069=IFCFACEOUTERBOUND(#1068,.T.);
#1070=IFCFACE((#1069));
#1071=IFCPOLYLOOP((#815,#781,#813));
#1072=IFCFACEOUTERBOUND(#1071,.T.);
#1073=IFCFACE((#1072));
#1074=IFCPOLYLOOP((#825,#796,#797));
#1075=IFCFACEOUTERBOUND(#1074,.T.);
#1076=IFCFACE((#1075));
#1077=IFCPOLYLOOP((#817,#784,#783));
#1078=IFCFACEOUTERBOUND(#1077,.T.);
#1079=IFCFACE((#1078));
#1080=IFCPOLYLOOP((#819,#799,#822));
#1081=IFCFACEOUTERBOUND(#1080,.T.);
#1082=IFCFACE((#1081));
#1083=IFCPOLYLOOP((#806,#816,#814));
#1084=IFCFACEOUTERBOUND(#1083,.T.);
#1085=IFCFACE((#1084));
#1086=IFCPOLYLOOP((#819,#798,#799));
#1087=IFCFACEOUTERBOUND(#1086,.T.);
#1088=IFCFACE((#1087));
#1089=IFCPOLYLOOP((#782,#815,#817));
#1090=IFCFACEOUTERBOUND(#1089,.T.);
#1091=IFCFACE((#1090));
#1092=IFCPOLYLOOP((#801,#822,#800));
#1093=IFCFACEOUTERBOUND(#1092,.T.);
#1094=IFCFACE((#1093));
#1095=IFCPOLYLOOP((#822,#801,#802));
#1096=IFCFACEOUTERBOUND(#1095,.T.);
#1097=IFCFACE((#1096));
#1098=IFCPOLYLOOP((#823,#775,#774));
#1099=IFCFACEOUTERBOUND(#1098,.T.);
#1100=IFCFACE((#1099));
#1101=IFCPOLYLOOP((#825,#827,#811));
#1102=IFCFACEOUTERBOUND(#1101,.T.);
#1103=IFCFACE((#1102));
#1104=IFCPOLYLOOP((#826,#774,#773));
#1105=IFCFACEOUTERBOUND(#1104,.T.);
#1106=IFCFACE((#1105));
#1107=IFCPOLYLOOP((#810,#823,#831));
#1108=IFCFACEOUTERBOUND(#1107,.T.);
#1109=IFCFACE((#1108));
#1110=IFCPOLYLOOP((#826,#772,#811));
#1111=IFCFACEOUTERBOUND(#1110,.T.);
#1112=IFCFACE((#1111));
#1113=IFCPOLYLOOP((#813,#821,#810,#847));
#1114=IFCFACEOUTERBOUND(#1113,.T.);
#1115=IFCFACE((#1114));
#1116=IFCPOLYLOOP((#850,#848,#843));
#1117=IFCFACEOUTERBOUND(#1116,.T.);
#1118=IFCFACE((#1117));
#1119=IFCPOLYLOOP((#849,#796,#811));
#1120=IFCFACEOUTERBOUND(#1119,.T.);
#1121=IFCFACE((#1120));
#1122=IFCPOLYLOOP((#794,#793,#846));
#1123=IFCFACEOUTERBOUND(#1122,.T.);
#1124=IFCFACE((#1123));
#1125=IFCPOLYLOOP((#848,#846,#843));
#1126=IFCFACEOUTERBOUND(#1125,.T.);
#1127=IFCFACE((#1126));
#1128=IFCPOLYLOOP((#849,#844,#841));
#1129=IFCFACEOUTERBOUND(#1128,.T.);
#1130=IFCFACE((#1129));
#1131=IFCPOLYLOOP((#846,#848,#794));
#1132=IFCFACEOUTERBOUND(#1131,.T.);
#1133=IFCFACE((#1132));
#1134=IFCPOLYLOOP((#850,#843,#851));
#1135=IFCFACEOUTERBOUND(#1134,.T.);
#1136=IFCFACE((#1135));
#1137=IFCPOLYLOOP((#794,#848,#795));
#1138=IFCFACEOUTERBOUND(#1137,.T.);
#1139=IFCFACE((#1138));
#1140=IFCPOLYLOOP((#850,#849,#811));
#1141=IFCFACEOUTERBOUND(#1140,.T.);
#1142=IFCFACE((#1141));
#1143=IFCPOLYLOOP((#844,#850,#851));
#1144=IFCFACEOUTERBOUND(#1143,.T.);
#1145=IFCFACE((#1144));
#1146=IFCPOLYLOOP((#842,#796,#849));
#1147=IFCFACEOUTERBOUND(#1146,.T.);
#1148=IFCFACE((#1147));
#1149=IFCPOLYLOOP((#785,#784,#817));
#1150=IFCFACEOUTERBOUND(#1149,.T.);
#1151=IFCFACE((#1150));
#1152=IFCPOLYLOOP((#845,#844,#809));
#1153=IFCFACEOUTERBOUND(#1152,.T.);
#1154=IFCFACE((#1153));
#1155=IFCPOLYLOOP((#845,#809,#829));
#1156=IFCFACEOUTERBOUND(#1155,.T.);
#1157=IFCFACE((#1156));
#1158=IFCPOLYLOOP((#815,#813,#787));
#1159=IFCFACEOUTERBOUND(#1158,.T.);
#1160=IFCFACE((#1159));
#1161=IFCPOLYLOOP((#789,#847,#790));
#1162=IFCFACEOUTERBOUND(#1161,.T.);
#1163=IFCFACE((#1162));
#1164=IFCPOLYLOOP((#830,#809,#844));
#1165=IFCFACEOUTERBOUND(#1164,.T.);
#1166=IFCFACE((#1165));
#1167=IFCPOLYLOOP((#788,#787,#813));
#1168=IFCFACEOUTERBOUND(#1167,.T.);
#1169=IFCFACE((#1168));
#1170=IFCPOLYLOOP((#813,#789,#788));
#1171=IFCFACEOUTERBOUND(#1170,.T.);
#1172=IFCFACE((#1171));
#1173=IFCPOLYLOOP((#810,#831,#846));
#1174=IFCFACEOUTERBOUND(#1173,.T.);
#1175=IFCFACE((#1174));
#1176=IFCPOLYLOOP((#829,#836,#837));
#1177=IFCFACEOUTERBOUND(#1176,.T.);
#1178=IFCFACE((#1177));
#1179=IFCPOLYLOOP((#813,#847,#789));
#1180=IFCFACEOUTERBOUND(#1179,.T.);
#1181=IFCFACE((#1180));
#1182=IFCPOLYLOOP((#844,#849,#850));
#1183=IFCFACEOUTERBOUND(#1182,.T.);
#1184=IFCFACE((#1183));
#1185=IFCPOLYLOOP((#848,#850,#811));
#1186=IFCFACEOUTERBOUND(#1185,.T.);
#1187=IFCFACE((#1186));
#1188=IFCPOLYLOOP((#842,#849,#841));
#1189=IFCFACEOUTERBOUND(#1188,.T.);
#1190=IFCFACE((#1189));
#1191=IFCPOLYLOOP((#840,#841,#844));
#1192=IFCFACEOUTERBOUND(#1191,.T.);
#1193=IFCFACE((#1192));
#1194=IFCPOLYLOOP((#787,#786,#815));
#1195=IFCFACEOUTERBOUND(#1194,.T.);
#1196=IFCFACE((#1195));
#1197=IFCPOLYLOOP((#844,#851,#830));
#1198=IFCFACEOUTERBOUND(#1197,.T.);
#1199=IFCFACE((#1198));
#1200=IFCPOLYLOOP((#848,#772,#795));
#1201=IFCFACEOUTERBOUND(#1200,.T.);
#1202=IFCFACE((#1201));
#1203=IFCPOLYLOOP((#814,#834,#812));
#1204=IFCFACEOUTERBOUND(#1203,.T.);
#1205=IFCFACE((#1204));
#1206=IFCPOLYLOOP((#839,#845,#838));
#1207=IFCFACEOUTERBOUND(#1206,.T.);
#1208=IFCFACE((#1207));
#1209=IFCPOLYLOOP((#833,#814,#816));
#1210=IFCFACEOUTERBOUND(#1209,.T.);
#1211=IFCFACE((#1210));
#1212=IFCPOLYLOOP((#786,#817,#815));
#1213=IFCFACEOUTERBOUND(#1212,.T.);
#1214=IFCFACE((#1213));
#1215=IFCPOLYLOOP((#839,#840,#845));
#1216=IFCFACEOUTERBOUND(#1215,.T.);
#1217=IFCFACE((#1216));
#1218=IFCPOLYLOOP((#816,#808,#832));
#1219=IFCFACEOUTERBOUND(#1218,.T.);
#1220=IFCFACE((#1219));
#1221=IFCPOLYLOOP((#845,#837,#838));
#1222=IFCFACEOUTERBOUND(#1221,.T.);
#1223=IFCFACE((#1222));
#1224=IFCPOLYLOOP((#843,#831,#851));
#1225=IFCFACEOUTERBOUND(#1224,.T.);
#1226=IFCFACE((#1225));
#1227=IFCPOLYLOOP((#851,#831,#818,#830));
#1228=IFCFACEOUTERBOUND(#1227,.T.);
#1229=IFCFACE((#1228));
#1230=IFCPOLYLOOP((#812,#834,#835));
#1231=IFCFACEOUTERBOUND(#1230,.T.);
#1232=IFCFACE((#1231));
#1233=IFCPOLYLOOP((#835,#836,#812));
#1234=IFCFACEOUTERBOUND(#1233,.T.);
#1235=IFCFACE((#1234));
#1236=IFCPOLYLOOP((#791,#847,#792));
#1237=IFCFACEOUTERBOUND(#1236,.T.);
#1238=IFCFACE((#1237));
#1239=IFCPOLYLOOP((#812,#836,#829));
#1240=IFCFACEOUTERBOUND(#1239,.T.);
#1241=IFCFACE((#1240));
#1242=IFCPOLYLOOP((#816,#832,#833));
#1243=IFCFACEOUTERBOUND(#1242,.T.);
#1244=IFCFACE((#1243));
#1245=IFCPOLYLOOP((#831,#843,#846));
#1246=IFCFACEOUTERBOUND(#1245,.T.);
#1247=IFCFACE((#1246));
#1248=IFCPOLYLOOP((#845,#829,#837));
#1249=IFCFACEOUTERBOUND(#1248,.T.);
#1250=IFCFACE((#1249));
#1251=IFCPOLYLOOP((#791,#790,#847));
#1252=IFCFACEOUTERBOUND(#1251,.T.);
#1253=IFCFACE((#1252));
#1254=IFCPOLYLOOP((#844,#845,#840));
#1255=IFCFACEOUTERBOUND(#1254,.T.);
#1256=IFCFACE((#1255));
#1257=IFCPOLYLOOP((#834,#814,#833));
#1258=IFCFACEOUTERBOUND(#1257,.T.);
#1259=IFCFACE((#1258));
#1260=IFCPOLYLOOP((#785,#817,#786));
#1261=IFCFACEOUTERBOUND(#1260,.T.);
#1262=IFCFACE((#1261));
#1263=IFCPOLYLOOP((#846,#847,#810));
#1264=IFCFACEOUTERBOUND(#1263,.T.);
#1265=IFCFACE((#1264));
#1266=IFCPOLYLOOP((#846,#793,#792));
#1267=IFCFACEOUTERBOUND(#1266,.T.);
#1268=IFCFACE((#1267));
#1269=IFCPOLYLOOP((#848,#811,#772));
#1270=IFCFACEOUTERBOUND(#1269,.T.);
#1271=IFCFACE((#1270));
#1272=IFCPOLYLOOP((#847,#846,#792));
#1273=IFCFACEOUTERBOUND(#1272,.T.);
#1274=IFCFACE((#1273));
#1275=IFCPOLYLOOP((#857,#858,#859,#860,#861,#862,#863,#864,#865,#866,#867,#868,#869,#870,#871,#872,#873,#874,#875,#852,#853,#854,#855,#856));
#1276=IFCFACEOUTERBOUND(#1275,.T.);
#1277=IFCFACE((#1276));
#1278=IFCPOLYLOOP((#852,#808,#807,#853));
#1279=IFCFACEOUTERBOUND(#1278,.T.);
#1280=IFCFACE((#1279));
#1281=IFCPOLYLOOP((#853,#807,#806,#854));
#1282=IFCFACEOUTERBOUND(#1281,.T.);
#1283=IFCFACE((#1282));
#1284=IFCPOLYLOOP((#855,#805,#804,#856));
#1285=IFCFACEOUTERBOUND(#1284,.T.);
#1286=IFCFACE((#1285));
#1287=IFCPOLYLOOP((#854,#806,#805,#855));
#1288=IFCFACEOUTERBOUND(#1287,.T.);
#1289=IFCFACE((#1288));
#1290=IFCPOLYLOOP((#856,#804,#803,#857));
#1291=IFCFACEOUTERBOUND(#1290,.T.);
#1292=IFCFACE((#1291));
#1293=IFCPOLYLOOP((#802,#858,#857,#803));
#1294=IFCFACEOUTERBOUND(#1293,.T.);
#1295=IFCFACE((#1294));
#1296=IFCPOLYLOOP((#800,#799,#861,#860));
#1297=IFCFACEOUTERBOUND(#1296,.T.);
#1298=IFCFACE((#1297));
#1299=IFCPOLYLOOP((#801,#800,#860,#859));
#1300=IFCFACEOUTERBOUND(#1299,.T.);
#1301=IFCFACE((#1300));
#1302=IFCPOLYLOOP((#797,#796,#864,#863));
#1303=IFCFACEOUTERBOUND(#1302,.T.);
#1304=IFCFACE((#1303));
#1305=IFCPOLYLOOP((#798,#797,#863,#862));
#1306=IFCFACEOUTERBOUND(#1305,.T.);
#1307=IFCFACE((#1306));
#1308=IFCPOLYLOOP((#799,#798,#862,#861));
#1309=IFCFACEOUTERBOUND(#1308,.T.);
#1310=IFCFACE((#1309));
#1311=IFCPOLYLOOP((#859,#858,#802,#801));
#1312=IFCFACEOUTERBOUND(#1311,.T.);
#1313=IFCFACE((#1312));
#1314=IFCPOLYLOOP((#865,#864,#796,#842));
#1315=IFCFACEOUTERBOUND(#1314,.T.);
#1316=IFCFACE((#1315));
#1317=IFCPOLYLOOP((#865,#842,#841,#866));
#1318=IFCFACEOUTERBOUND(#1317,.T.);
#1319=IFCFACE((#1318));
#1320=IFCPOLYLOOP((#839,#838,#869,#868));
#1321=IFCFACEOUTERBOUND(#1320,.T.);
#1322=IFCFACE((#1321));
#1323=IFCPOLYLOOP((#840,#839,#868,#867));
#1324=IFCFACEOUTERBOUND(#1323,.T.);
#1325=IFCFACE((#1324));
#1326=IFCPOLYLOOP((#867,#866,#841,#840));
#1327=IFCFACEOUTERBOUND(#1326,.T.);
#1328=IFCFACE((#1327));
#1329=IFCPOLYLOOP((#837,#870,#869,#838));
#1330=IFCFACEOUTERBOUND(#1329,.T.);
#1331=IFCFACE((#1330));
#1332=IFCPOLYLOOP((#834,#873,#872,#835));
#1333=IFCFACEOUTERBOUND(#1332,.T.);
#1334=IFCFACE((#1333));
#1335=IFCPOLYLOOP((#835,#872,#871,#836));
#1336=IFCFACEOUTERBOUND(#1335,.T.);
#1337=IFCFACE((#1336));
#1338=IFCPOLYLOOP((#808,#852,#875,#832));
#1339=IFCFACEOUTERBOUND(#1338,.T.);
#1340=IFCFACE((#1339));
#1341=IFCPOLYLOOP((#833,#832,#875,#874));
#1342=IFCFACEOUTERBOUND(#1341,.T.);
#1343=IFCFACE((#1342));
#1344=IFCPOLYLOOP((#834,#833,#874,#873));
#1345=IFCFACEOUTERBOUND(#1344,.T.);
#1346=IFCFACE((#1345));
#1347=IFCPOLYLOOP((#837,#836,#871,#870));
#1348=IFCFACEOUTERBOUND(#1347,.T.);
#1349=IFCFACE((#1348));
#1350=IFCCARTESIANPOINT((92.509374999985738,122.,1000.));
#1351=IFCCARTESIANPOINT((93.53160021131373,122.,992.23542864692456));
#1352=IFCCARTESIANPOINT((96.528612886452606,122.,985.));
#1353=IFCCARTESIANPOINT((101.29617156438934,122.,978.78679656440386));
#1354=IFCCARTESIANPOINT((107.50937499998578,122.,974.01923788646718));
#1355=IFCCARTESIANPOINT((114.74480364691014,122.,971.02222521132819));
#1356=IFCCARTESIANPOINT((122.50937499998575,122.,970.));
#1357=IFCCARTESIANPOINT((130.27394635306138,122.,971.02222521132819));
#1358=IFCCARTESIANPOINT((137.50937499998577,122.,974.01923788646718));
#1359=IFCCARTESIANPOINT((143.72257843558216,122.,978.78679656440397));
#1360=IFCCARTESIANPOINT((148.4901371135189,122.,985.));
#1361=IFCCARTESIANPOINT((151.48714978865777,122.,992.23542864692467));
#1362=IFCCARTESIANPOINT((152.50937499998571,122.,1000.));
#1363=IFCCARTESIANPOINT((151.48714978865772,122.,1007.7645713530761));
#1364=IFCCARTESIANPOINT((148.49013711351878,122.,1015.));
#1365=IFCCARTESIANPOINT((143.72257843558202,122.,1021.2132034355968));
#1366=IFCCARTESIANPOINT((137.5093749999856,122.,1025.9807621135337));
#1367=IFCCARTESIANPOINT((130.27394635306121,122.,1028.9777747886724));
#1368=IFCCARTESIANPOINT((122.50937499998558,122.,1030.));
#1369=IFCCARTESIANPOINT((114.74480364690993,122.,1028.9777747886724));
#1370=IFCCARTESIANPOINT((107.50937499998558,122.,1025.9807621135335));
#1371=IFCCARTESIANPOINT((101.2961715643892,122.,1021.2132034355967));
#1372=IFCCARTESIANPOINT((96.528612886452535,122.,1015.));
#1373=IFCCARTESIANPOINT((93.531600211313659,122.,1007.7645713530758));
#1374=IFCCARTESIANPOINT((92.509374999985738,130.,1000.));
#1375=IFCCARTESIANPOINT((93.531600211313659,130.,1007.7645713530758));
#1376=IFCCARTESIANPOINT((96.528612886452535,130.,1015.));
#1377=IFCCARTESIANPOINT((101.2961715643892,130.,1021.2132034355967));
#1378=IFCCARTESIANPOINT((107.50937499998558,130.,1025.9807621135335));
#1379=IFCCARTESIANPOINT((114.74480364690993,130.,1028.9777747886724));
#1380=IFCCARTESIANPOINT((122.50937499998558,130.,1030.));
#1381=IFCCARTESIANPOINT((130.27394635306121,130.,1028.9777747886724));
#1382=IFCCARTESIANPOINT((137.5093749999856,130.,1025.9807621135337));
#1383=IFCCARTESIANPOINT((143.72257843558202,130.,1021.2132034355968));
#1384=IFCCARTESIANPOINT((148.49013711351878,130.,1015.));
#1385=IFCCARTESIANPOINT((151.48714978865772,130.,1007.7645713530761));
#1386=IFCCARTESIANPOINT((152.50937499998571,130.,1000.));
#1387=IFCCARTESIANPOINT((151.48714978865777,130.,992.23542864692467));
#1388=IFCCARTESIANPOINT((148.4901371135189,130.,985.));
#1389=IFCCARTESIANPOINT((143.72257843558216,130.,978.78679656440397));
#1390=IFCCARTESIANPOINT((137.50937499998577,130.,974.01923788646718));
#1391=IFCCARTESIANPOINT((130.27394635306138,130.,971.02222521132819));
#1392=IFCCARTESIANPOINT((122.50937499998575,130.,970.));
#1393=IFCCARTESIANPOINT((114.74480364691014,130.,971.02222521132819));
#1394=IFCCARTESIANPOINT((107.50937499998578,130.,974.01923788646718));
#1395=IFCCARTESIANPOINT((101.29617156438934,130.,978.78679656440386));
#1396=IFCCARTESIANPOINT((96.528612886452606,130.,985.));
#1397=IFCCARTESIANPOINT((93.53160021131373,130.,992.23542864692456));
#1398=IFCPOLYLOOP((#1365,#1366,#1367,#1368,#1369,#1370,#1371,#1372,#1373,#1350,#1351,#1352,#1353,#1354,#1355,#1356,#1357,#1358,#1359,#1360,#1361,#1362,#1363,#1364));
#1399=IFCFACEOUTERBOUND(#1398,.T.);
#1400=IFCFACE((#1399));
#1401=IFCPOLYLOOP((#1392,#1393,#1394,#1395,#1396,#1397,#1374,#1375,#1376,#1377,#1378,#1379,#1380,#1381,#1382,#1383,#1384,#1385,#1386,#1387,#1388,#1389,#1390,#1391));
#1402=IFCFACEOUTERBOUND(#1401,.T.);
#1403=IFCFACE((#1402));
#1404=IFCPOLYLOOP((#1374,#1350,#1373,#1375));
#1405=IFCFACEOUTERBOUND(#1404,.T.);
#1406=IFCFACE((#1405));
#1407=IFCPOLYLOOP((#1375,#1373,#1372,#1376));
#1408=IFCFACEOUTERBOUND(#1407,.T.);
#1409=IFCFACE((#1408));
#1410=IFCPOLYLOOP((#1378,#1377,#1371,#1370));
#1411=IFCFACEOUTERBOUND(#1410,.T.);
#1412=IFCFACE((#1411));
#1413=IFCPOLYLOOP((#1371,#1377,#1376,#1372));
#1414=IFCFACEOUTERBOUND(#1413,.T.);
#1415=IFCFACE((#1414));
#1416=IFCPOLYLOOP((#1379,#1378,#1370,#1369));
#1417=IFCFACEOUTERBOUND(#1416,.T.);
#1418=IFCFACE((#1417));
#1419=IFCPOLYLOOP((#1379,#1369,#1368,#1380));
#1420=IFCFACEOUTERBOUND(#1419,.T.);
#1421=IFCFACE((#1420));
#1422=IFCPOLYLOOP((#1380,#1368,#1367,#1381));
#1423=IFCFACEOUTERBOUND(#1422,.T.);
#1424=IFCFACE((#1423));
#1425=IFCPOLYLOOP((#1381,#1367,#1366,#1382));
#1426=IFCFACEOUTERBOUND(#1425,.T.);
#1427=IFCFACE((#1426));
#1428=IFCPOLYLOOP((#1384,#1383,#1365,#1364));
#1429=IFCFACEOUTERBOUND(#1428,.T.);
#1430=IFCFACE((#1429));
#1431=IFCPOLYLOOP((#1365,#1383,#1382,#1366));
#1432=IFCFACEOUTERBOUND(#1431,.T.);
#1433=IFCFACE((#1432));
#1434=IFCPOLYLOOP((#1385,#1384,#1364,#1363));
#1435=IFCFACEOUTERBOUND(#1434,.T.);
#1436=IFCFACE((#1435));
#1437=IFCPOLYLOOP((#1385,#1363,#1362,#1386));
#1438=IFCFACEOUTERBOUND(#1437,.T.);
#1439=IFCFACE((#1438));
#1440=IFCPOLYLOOP((#1386,#1362,#1361,#1387));
#1441=IFCFACEOUTERBOUND(#1440,.T.);
#1442=IFCFACE((#1441));
#1443=IFCPOLYLOOP((#1387,#1361,#1360,#1388));
#1444=IFCFACEOUTERBOUND(#1443,.T.);
#1445=IFCFACE((#1444));
#1446=IFCPOLYLOOP((#1390,#1389,#1359,#1358));
#1447=IFCFACEOUTERBOUND(#1446,.T.);
#1448=IFCFACE((#1447));
#1449=IFCPOLYLOOP((#1359,#1389,#1388,#1360));
#1450=IFCFACEOUTERBOUND(#1449,.T.);
#1451=IFCFACE((#1450));
#1452=IFCPOLYLOOP((#1391,#1390,#1358,#1357));
#1453=IFCFACEOUTERBOUND(#1452,.T.);
#1454=IFCFACE((#1453));
#1455=IFCPOLYLOOP((#1391,#1357,#1356,#1392));
#1456=IFCFACEOUTERBOUND(#1455,.T.);
#1457=IFCFACE((#1456));
#1458=IFCPOLYLOOP((#1392,#1356,#1355,#1393));
#1459=IFCFACEOUTERBOUND(#1458,.T.);
#1460=IFCFACE((#1459));
#1461=IFCPOLYLOOP((#1393,#1355,#1354,#1394));
#1462=IFCFACEOUTERBOUND(#1461,.T.);
#1463=IFCFACE((#1462));
#1464=IFCPOLYLOOP((#1396,#1395,#1353,#1352));
#1465=IFCFACEOUTERBOUND(#1464,.T.);
#1466=IFCFACE((#1465));
#1467=IFCPOLYLOOP((#1353,#1395,#1394,#1354));
#1468=IFCFACEOUTERBOUND(#1467,.T.);
#1469=IFCFACE((#1468));
#1470=IFCPOLYLOOP((#1397,#1396,#1352,#1351));
#1471=IFCFACEOUTERBOUND(#1470,.T.);
#1472=IFCFACE((#1471));
#1473=IFCPOLYLOOP((#1397,#1351,#1350,#1374));
#1474=IFCFACEOUTERBOUND(#1473,.T.);
#1475=IFCFACE((#1474));
#1476=IFCCARTESIANPOINT((115.00937499998562,183.,1000.));
#1477=IFCCARTESIANPOINT((115.35011673709489,183.,997.41180954897482));
#1478=IFCCARTESIANPOINT((116.34912096214114,183.,995.));
#1479=IFCCARTESIANPOINT((117.93830718812005,183.,992.92893218813458));
#1480=IFCCARTESIANPOINT((120.00937499998551,183.,991.33974596215558));
#1481=IFCCARTESIANPOINT((122.42118454896033,183.,990.34074173710928));
#1482=IFCCARTESIANPOINT((125.00937499998555,183.,990.));
#1483=IFCCARTESIANPOINT((127.59756545101078,183.,990.34074173710906));
#1484=IFCCARTESIANPOINT((130.0093749999856,183.,991.33974596215546));
#1485=IFCCARTESIANPOINT((132.08044281185113,183.,992.92893218813424));
#1486=IFCCARTESIANPOINT((133.66962903783008,183.,995.));
#1487=IFCCARTESIANPOINT((134.66863326287643,183.,997.41180954897447));
#1488=IFCCARTESIANPOINT((135.00937499998579,183.,1000.));
#1489=IFCCARTESIANPOINT((134.66863326287648,183.,1002.5881904510251));
#1490=IFCCARTESIANPOINT((133.66962903783022,183.,1005.));
#1491=IFCCARTESIANPOINT((132.0804428118513,183.,1007.0710678118654));
#1492=IFCCARTESIANPOINT((130.00937499998585,183.,1008.6602540378443));
#1493=IFCCARTESIANPOINT((127.59756545101102,183.,1009.6592582628906));
#1494=IFCCARTESIANPOINT((125.00937499998579,183.,1010.));
#1495=IFCCARTESIANPOINT((122.42118454896057,183.,1009.6592582628907));
#1496=IFCCARTESIANPOINT((120.00937499998571,183.,1008.6602540378444));
#1497=IFCCARTESIANPOINT((117.93830718812025,183.,1007.0710678118656));
#1498=IFCCARTESIANPOINT((116.34912096214127,183.,1005.));
#1499=IFCCARTESIANPOINT((115.35011673709496,183.,1002.5881904510252));
#1500=IFCCARTESIANPOINT((115.00937499998557,213.,1000.));
#1501=IFCCARTESIANPOINT((115.35011673709489,213.,997.41180954897482));
#1502=IFCCARTESIANPOINT((116.34912096214114,213.,995.));
#1503=IFCCARTESIANPOINT((117.93830718812005,213.,992.92893218813458));
#1504=IFCCARTESIANPOINT((120.00937499998551,213.,991.33974596215558));
#1505=IFCCARTESIANPOINT((122.4211845489603,213.,990.34074173710928));
#1506=IFCCARTESIANPOINT((125.00937499998552,213.,990.));
#1507=IFCCARTESIANPOINT((127.59756545101075,213.,990.34074173710906));
#1508=IFCCARTESIANPOINT((130.00937499998557,213.,991.33974596215546));
#1509=IFCCARTESIANPOINT((132.08044281185113,213.,992.92893218813424));
#1510=IFCCARTESIANPOINT((133.66962903783008,213.,995.));
#1511=IFCCARTESIANPOINT((134.66863326287643,213.,997.41180954897447));
#1512=IFCCARTESIANPOINT((135.00937499998579,213.,1000.));
#1513=IFCCARTESIANPOINT((134.66863326287648,213.,1002.5881904510251));
#1514=IFCCARTESIANPOINT((133.66962903783022,213.,1005.));
#1515=IFCCARTESIANPOINT((132.0804428118513,213.,1007.0710678118654));
#1516=IFCCARTESIANPOINT((130.00937499998579,213.,1008.6602540378443));
#1517=IFCCARTESIANPOINT((127.59756545101102,213.,1009.6592582628906));
#1518=IFCCARTESIANPOINT((125.00937499998577,213.,1010.));
#1519=IFCCARTESIANPOINT((122.42118454896053,213.,1009.6592582628907));
#1520=IFCCARTESIANPOINT((120.00937499998571,213.,1008.6602540378444));
#1521=IFCCARTESIANPOINT((117.93830718812019,213.,1007.0710678118656));
#1522=IFCCARTESIANPOINT((116.34912096214127,213.,1005.));
#1523=IFCCARTESIANPOINT((115.35011673709496,213.,1002.5881904510252));
#1524=IFCCARTESIANPOINT((140.00937499999273,218.,1000.));
#1525=IFCCARTESIANPOINT((136.47384109405508,216.535533905942,1000.));
#1526=IFCCARTESIANPOINT((118.35873990537556,225.50000000000796,1000.));
#1527=IFCCARTESIANPOINT((127.50937499998915,234.65063509462155,1000.));
#1528=IFCCARTESIANPOINT((140.00937499999273,238.,1000.));
#1529=IFCCARTESIANPOINT((140.00937499999273,237.65925826290226,997.41180954897482));
#1530=IFCCARTESIANPOINT((140.00937499999273,236.66025403785596,995.));
#1531=IFCCARTESIANPOINT((140.0093749999927,235.07106781187704,992.92893218813435));
#1532=IFCCARTESIANPOINT((140.0093749999927,233.,991.33974596215546));
#1533=IFCCARTESIANPOINT((140.0093749999927,230.58819045103678,990.34074173710906));
#1534=IFCCARTESIANPOINT((140.0093749999927,228.,990.));
#1535=IFCCARTESIANPOINT((140.0093749999927,225.4118095489863,990.34074173710894));
#1536=IFCCARTESIANPOINT((140.0093749999927,223.,991.33974596215523));
#1537=IFCCARTESIANPOINT((140.0093749999927,220.92893218814598,992.92893218813413));
#1538=IFCCARTESIANPOINT((140.00937499999273,219.33974596216703,995.));
#1539=IFCCARTESIANPOINT((140.00937499999273,218.34074173712068,997.41180954897436));
#1540=IFCCARTESIANPOINT((116.71519254346998,219.36619774073054,1000.));
#1541=IFCCARTESIANPOINT((133.64317721864722,236.2941824456432,1000.));
#1542=IFCCARTESIANPOINT((115.8622837717278,216.18309887036747,1000.));
#1543=IFCCARTESIANPOINT((136.82627610931996,237.14709122282736,1000.));
#1544=IFCCARTESIANPOINT((115.43582938585665,214.59154943518593,1000.));
#1545=IFCCARTESIANPOINT((138.41782555465636,237.57354561141943,1000.));
#1546=IFCCARTESIANPOINT((122.93405745268235,230.07531754731474,1000.));
#1547=IFCCARTESIANPOINT((130.47170310485137,226.75291504670381,990.15192265530266));
#1548=IFCCARTESIANPOINT((126.25646058812022,222.5376711698166,990.15192249043628));
#1549=IFCCARTESIANPOINT((117.53696622442277,222.43309887036924,1000.));
#1550=IFCCARTESIANPOINT((132.99875719075928,231.67037631830107,991.30720684254936));
#1551=IFCCARTESIANPOINT((123.97428828630622,219.58387558711809,990.27621867719517));
#1552=IFCCARTESIANPOINT((119.98103725958951,218.96013552063809,991.92330310307204));
#1553=IFCCARTESIANPOINT((135.99091746211803,220.37636936548788,992.48740540409506));
#1554=IFCCARTESIANPOINT((132.63300534192848,217.01845761512737,992.48740514590827));
#1555=IFCCARTESIANPOINT((131.50809206711966,221.50128259462107,990.45352084780097));
#1556=IFCCARTESIANPOINT((125.08886536131467,227.67176186954111,991.94476265457013));
#1557=IFCCARTESIANPOINT((130.57627610931817,235.47240877013238,1000.));
#1558=IFCCARTESIANPOINT((125.22171622633576,232.3629763209681,1000.));
#1559=IFCCARTESIANPOINT((120.64639867902896,227.78765877366132,1000.));
#1560=IFCCARTESIANPOINT((140.00937499999273,218.34074173712065,1002.588190451025));
#1561=IFCCARTESIANPOINT((140.00937499999273,219.33974596216694,1005.));
#1562=IFCCARTESIANPOINT((140.00937499999276,220.92893218814584,1007.0710678118653));
#1563=IFCCARTESIANPOINT((140.00937499999276,223.,1008.6602540378442));
#1564=IFCCARTESIANPOINT((140.00937499999276,225.41180954898616,1009.6592582628906));
#1565=IFCCARTESIANPOINT((140.00937499999276,228.,1010.));
#1566=IFCCARTESIANPOINT((140.00937499999276,230.58819045103661,1009.6592582628906));
#1567=IFCCARTESIANPOINT((140.00937499999276,233.,1008.6602540378443));
#1568=IFCCARTESIANPOINT((140.00937499999276,235.07106781187693,1007.0710678118653));
#1569=IFCCARTESIANPOINT((140.00937499999273,236.66025403785591,1005.));
#1570=IFCCARTESIANPOINT((140.00937499999273,237.65925826290223,1002.5881904510251));
#1571=IFCCARTESIANPOINT((126.25646058800804,222.53767116993606,1009.8480775095352));
#1572=IFCCARTESIANPOINT((130.47170310439196,226.75291504681383,1009.8480773446348));
#1573=IFCCARTESIANPOINT((132.99875719067529,231.67037631833676,1008.6927931574145));
#1574=IFCCARTESIANPOINT((123.97428828628581,219.58387558714719,1009.7237813227974));
#1575=IFCCARTESIANPOINT((119.98103725958335,218.96013552065884,1008.0766968969189));
#1576=IFCCARTESIANPOINT((132.63300534185981,217.01845761516856,1007.5125948541618));
#1577=IFCCARTESIANPOINT((135.9909174621277,220.37636936548205,1007.512594595896));
#1578=IFCCARTESIANPOINT((131.50809206672847,221.50128259496157,1009.54647915236));
#1579=IFCCARTESIANPOINT((125.33761273707054,227.92050930575621,1008.0552373171574));
#1580=IFCCARTESIANPOINT((245.0093750000004,238.,1000.));
#1581=IFCCARTESIANPOINT((245.0093750000004,237.65925826290214,1002.5881904510248));
#1582=IFCCARTESIANPOINT((245.0093750000004,236.66025403785582,1005.));
#1583=IFCCARTESIANPOINT((245.00937500000043,235.07106781187693,1007.0710678118651));
#1584=IFCCARTESIANPOINT((245.00937500000043,233.,1008.6602540378441));
#1585=IFCCARTESIANPOINT((245.00937500000043,230.58819045103661,1009.6592582628904));
#1586=IFCCARTESIANPOINT((245.00937500000043,228.,1010.));
#1587=IFCCARTESIANPOINT((245.00937500000043,225.41180954898613,1009.6592582628904));
#1588=IFCCARTESIANPOINT((245.00937500000043,223.,1008.6602540378441));
#1589=IFCCARTESIANPOINT((245.00937500000043,220.92893218814581,1007.0710678118651));
#1590=IFCCARTESIANPOINT((245.0093750000004,219.33974596216686,1005.));
#1591=IFCCARTESIANPOINT((245.0093750000004,218.34074173712057,1002.5881904510248));
#1592=IFCCARTESIANPOINT((245.0093750000004,218.,1000.));
#1593=IFCCARTESIANPOINT((245.0093750000004,218.34074173712062,997.41180954897425));
#1594=IFCCARTESIANPOINT((245.0093750000004,219.33974596216694,995.));
#1595=IFCCARTESIANPOINT((245.00937500000038,220.92893218814592,992.9289321881339));
#1596=IFCCARTESIANPOINT((245.00937500000038,223.,991.33974596215501));
#1597=IFCCARTESIANPOINT((245.00937500000038,225.41180954898621,990.34074173710871));
#1598=IFCCARTESIANPOINT((245.00937500000038,228.,990.));
#1599=IFCCARTESIANPOINT((245.00937500000038,230.5881904510367,990.34074173710883));
#1600=IFCCARTESIANPOINT((245.00937500000038,233.,991.33974596215512));
#1601=IFCCARTESIANPOINT((245.00937500000038,235.07106781187699,992.92893218813401));
#1602=IFCCARTESIANPOINT((245.0093750000004,236.66025403785591,995.));
#1603=IFCCARTESIANPOINT((245.0093750000004,237.65925826290214,997.41180954897436));
#1604=IFCPOLYLOOP((#1481,#1482,#1483,#1484,#1485,#1486,#1487,#1488,#1489,#1490,#1491,#1492,#1493,#1494,#1495,#1496,#1497,#1498,#1499,#1476,#1477,#1478,#1479,#1480));
#1605=IFCFACEOUTERBOUND(#1604,.T.);
#1606=IFCFACE((#1605));
#1607=IFCPOLYLOOP((#1501,#1477,#1476,#1500));
#1608=IFCFACEOUTERBOUND(#1607,.T.);
#1609=IFCFACE((#1608));
#1610=IFCPOLYLOOP((#1502,#1478,#1477,#1501));
#1611=IFCFACEOUTERBOUND(#1610,.T.);
#1612=IFCFACE((#1611));
#1613=IFCPOLYLOOP((#1479,#1503,#1504,#1480));
#1614=IFCFACEOUTERBOUND(#1613,.T.);
#1615=IFCFACE((#1614));
#1616=IFCPOLYLOOP((#1502,#1503,#1479,#1478));
#1617=IFCFACEOUTERBOUND(#1616,.T.);
#1618=IFCFACE((#1617));
#1619=IFCPOLYLOOP((#1480,#1504,#1505,#1481));
#1620=IFCFACEOUTERBOUND(#1619,.T.);
#1621=IFCFACE((#1620));
#1622=IFCPOLYLOOP((#1481,#1505,#1506,#1482));
#1623=IFCFACEOUTERBOUND(#1622,.T.);
#1624=IFCFACE((#1623));
#1625=IFCPOLYLOOP((#1508,#1484,#1483,#1507));
#1626=IFCFACEOUTERBOUND(#1625,.T.);
#1627=IFCFACE((#1626));
#1628=IFCPOLYLOOP((#1509,#1485,#1484,#1508));
#1629=IFCFACEOUTERBOUND(#1628,.T.);
#1630=IFCFACE((#1629));
#1631=IFCPOLYLOOP((#1486,#1510,#1511,#1487));
#1632=IFCFACEOUTERBOUND(#1631,.T.);
#1633=IFCFACE((#1632));
#1634=IFCPOLYLOOP((#1509,#1510,#1486,#1485));
#1635=IFCFACEOUTERBOUND(#1634,.T.);
#1636=IFCFACE((#1635));
#1637=IFCPOLYLOOP((#1487,#1511,#1512,#1488));
#1638=IFCFACEOUTERBOUND(#1637,.T.);
#1639=IFCFACE((#1638));
#1640=IFCPOLYLOOP((#1483,#1482,#1506,#1507));
#1641=IFCFACEOUTERBOUND(#1640,.T.);
#1642=IFCFACE((#1641));
#1643=IFCPOLYLOOP((#1513,#1489,#1488,#1512));
#1644=IFCFACEOUTERBOUND(#1643,.T.);
#1645=IFCFACE((#1644));
#1646=IFCPOLYLOOP((#1514,#1490,#1489,#1513));
#1647=IFCFACEOUTERBOUND(#1646,.T.);
#1648=IFCFACE((#1647));
#1649=IFCPOLYLOOP((#1491,#1515,#1516,#1492));
#1650=IFCFACEOUTERBOUND(#1649,.T.);
#1651=IFCFACE((#1650));
#1652=IFCPOLYLOOP((#1514,#1515,#1491,#1490));
#1653=IFCFACEOUTERBOUND(#1652,.T.);
#1654=IFCFACE((#1653));
#1655=IFCPOLYLOOP((#1492,#1516,#1517,#1493));
#1656=IFCFACEOUTERBOUND(#1655,.T.);
#1657=IFCFACE((#1656));
#1658=IFCPOLYLOOP((#1493,#1517,#1518,#1494));
#1659=IFCFACEOUTERBOUND(#1658,.T.);
#1660=IFCFACE((#1659));
#1661=IFCPOLYLOOP((#1520,#1496,#1495,#1519));
#1662=IFCFACEOUTERBOUND(#1661,.T.);
#1663=IFCFACE((#1662));
#1664=IFCPOLYLOOP((#1521,#1497,#1496,#1520));
#1665=IFCFACEOUTERBOUND(#1664,.T.);
#1666=IFCFACE((#1665));
#1667=IFCPOLYLOOP((#1498,#1522,#1523,#1499));
#1668=IFCFACEOUTERBOUND(#1667,.T.);
#1669=IFCFACE((#1668));
#1670=IFCPOLYLOOP((#1521,#1522,#1498,#1497));
#1671=IFCFACEOUTERBOUND(#1670,.T.);
#1672=IFCFACE((#1671));
#1673=IFCPOLYLOOP((#1499,#1523,#1500,#1476));
#1674=IFCFACEOUTERBOUND(#1673,.T.);
#1675=IFCFACE((#1674));
#1676=IFCPOLYLOOP((#1495,#1494,#1518,#1519));
#1677=IFCFACEOUTERBOUND(#1676,.T.);
#1678=IFCFACE((#1677));
#1679=IFCPOLYLOOP((#1501,#1544,#1502));
#1680=IFCFACEOUTERBOUND(#1679,.T.);
#1681=IFCFACE((#1680));
#1682=IFCPOLYLOOP((#1552,#1505,#1540));
#1683=IFCFACEOUTERBOUND(#1682,.T.);
#1684=IFCFACE((#1683));
#1685=IFCPOLYLOOP((#1551,#1548,#1554));
#1686=IFCFACEOUTERBOUND(#1685,.T.);
#1687=IFCFACE((#1686));
#1688=IFCPOLYLOOP((#1540,#1549,#1526,#1552));
#1689=IFCFACEOUTERBOUND(#1688,.T.);
#1690=IFCFACE((#1689));
#1691=IFCPOLYLOOP((#1540,#1504,#1503));
#1692=IFCFACEOUTERBOUND(#1691,.T.);
#1693=IFCFACE((#1692));
#1694=IFCPOLYLOOP((#1502,#1542,#1503));
#1695=IFCFACEOUTERBOUND(#1694,.T.);
#1696=IFCFACE((#1695));
#1697=IFCPOLYLOOP((#1504,#1540,#1505));
#1698=IFCFACEOUTERBOUND(#1697,.T.);
#1699=IFCFACE((#1698));
#1700=IFCPOLYLOOP((#1526,#1551,#1552));
#1701=IFCFACEOUTERBOUND(#1700,.T.);
#1702=IFCFACE((#1701));
#1703=IFCPOLYLOOP((#1552,#1508,#1507));
#1704=IFCFACEOUTERBOUND(#1703,.T.);
#1705=IFCFACE((#1704));
#1706=IFCPOLYLOOP((#1556,#1547,#1555));
#1707=IFCFACEOUTERBOUND(#1706,.T.);
#1708=IFCFACE((#1707));
#1709=IFCPOLYLOOP((#1527,#1550,#1547));
#1710=IFCFACEOUTERBOUND(#1709,.T.);
#1711=IFCFACE((#1710));
#1712=IFCPOLYLOOP((#1552,#1506,#1505));
#1713=IFCFACEOUTERBOUND(#1712,.T.);
#1714=IFCFACE((#1713));
#1715=IFCPOLYLOOP((#1552,#1507,#1506));
#1716=IFCFACEOUTERBOUND(#1715,.T.);
#1717=IFCFACE((#1716));
#1718=IFCPOLYLOOP((#1524,#1525,#1553));
#1719=IFCFACEOUTERBOUND(#1718,.T.);
#1720=IFCFACE((#1719));
#1721=IFCPOLYLOOP((#1508,#1552,#1551));
#1722=IFCFACEOUTERBOUND(#1721,.T.);
#1723=IFCFACE((#1722));
#1724=IFCPOLYLOOP((#1539,#1553,#1538));
#1725=IFCFACEOUTERBOUND(#1724,.T.);
#1726=IFCFACE((#1725));
#1727=IFCPOLYLOOP((#1557,#1541,#1533));
#1728=IFCFACEOUTERBOUND(#1727,.T.);
#1729=IFCFACE((#1728));
#1730=IFCPOLYLOOP((#1501,#1500,#1544));
#1731=IFCFACEOUTERBOUND(#1730,.T.);
#1732=IFCFACE((#1731));
#1733=IFCPOLYLOOP((#1551,#1554,#1510));
#1734=IFCFACEOUTERBOUND(#1733,.T.);
#1735=IFCFACE((#1734));
#1736=IFCPOLYLOOP((#1551,#1509,#1508));
#1737=IFCFACEOUTERBOUND(#1736,.T.);
#1738=IFCFACE((#1737));
#1739=IFCPOLYLOOP((#1548,#1556,#1555));
#1740=IFCFACEOUTERBOUND(#1739,.T.);
#1741=IFCFACE((#1740));
#1742=IFCPOLYLOOP((#1537,#1550,#1536));
#1743=IFCFACEOUTERBOUND(#1742,.T.);
#1744=IFCFACE((#1743));
#1745=IFCPOLYLOOP((#1525,#1554,#1555));
#1746=IFCFACEOUTERBOUND(#1745,.T.);
#1747=IFCFACE((#1746));
#1748=IFCPOLYLOOP((#1548,#1559,#1556));
#1749=IFCFACEOUTERBOUND(#1748,.T.);
#1750=IFCFACE((#1749));
#1751=IFCPOLYLOOP((#1556,#1558,#1547));
#1752=IFCFACEOUTERBOUND(#1751,.T.);
#1753=IFCFACE((#1752));
#1754=IFCPOLYLOOP((#1541,#1532,#1533));
#1755=IFCFACEOUTERBOUND(#1754,.T.);
#1756=IFCFACE((#1755));
#1757=IFCPOLYLOOP((#1554,#1548,#1555));
#1758=IFCFACEOUTERBOUND(#1757,.T.);
#1759=IFCFACE((#1758));
#1760=IFCPOLYLOOP((#1557,#1534,#1550));
#1761=IFCFACEOUTERBOUND(#1760,.T.);
#1762=IFCFACE((#1761));
#1763=IFCPOLYLOOP((#1533,#1534,#1557));
#1764=IFCFACEOUTERBOUND(#1763,.T.);
#1765=IFCFACE((#1764));
#1766=IFCPOLYLOOP((#1543,#1531,#1541));
#1767=IFCFACEOUTERBOUND(#1766,.T.);
#1768=IFCFACE((#1767));
#1769=IFCPOLYLOOP((#1527,#1547,#1558));
#1770=IFCFACEOUTERBOUND(#1769,.T.);
#1771=IFCFACE((#1770));
#1772=IFCPOLYLOOP((#1541,#1531,#1532));
#1773=IFCFACEOUTERBOUND(#1772,.T.);
#1774=IFCFACE((#1773));
#1775=IFCPOLYLOOP((#1550,#1527,#1557));
#1776=IFCFACEOUTERBOUND(#1775,.T.);
#1777=IFCFACE((#1776));
#1778=IFCPOLYLOOP((#1529,#1545,#1528));
#1779=IFCFACEOUTERBOUND(#1778,.T.);
#1780=IFCFACE((#1779));
#1781=IFCPOLYLOOP((#1547,#1553,#1555));
#1782=IFCFACEOUTERBOUND(#1781,.T.);
#1783=IFCFACE((#1782));
#1784=IFCPOLYLOOP((#1551,#1559,#1548));
#1785=IFCFACEOUTERBOUND(#1784,.T.);
#1786=IFCFACE((#1785));
#1787=IFCPOLYLOOP((#1540,#1503,#1542));
#1788=IFCFACEOUTERBOUND(#1787,.T.);
#1789=IFCFACE((#1788));
#1790=IFCPOLYLOOP((#1554,#1512,#1511));
#1791=IFCFACEOUTERBOUND(#1790,.T.);
#1792=IFCFACE((#1791));
#1793=IFCPOLYLOOP((#1546,#1558,#1556,#1559));
#1794=IFCFACEOUTERBOUND(#1793,.T.);
#1795=IFCFACE((#1794));
#1796=IFCPOLYLOOP((#1538,#1553,#1547));
#1797=IFCFACEOUTERBOUND(#1796,.T.);
#1798=IFCFACE((#1797));
#1799=IFCPOLYLOOP((#1543,#1530,#1531));
#1800=IFCFACEOUTERBOUND(#1799,.T.);
#1801=IFCFACE((#1800));
#1802=IFCPOLYLOOP((#1539,#1524,#1553));
#1803=IFCFACEOUTERBOUND(#1802,.T.);
#1804=IFCFACE((#1803));
#1805=IFCPOLYLOOP((#1530,#1545,#1529));
#1806=IFCFACEOUTERBOUND(#1805,.T.);
#1807=IFCFACE((#1806));
#1808=IFCPOLYLOOP((#1550,#1537,#1547));
#1809=IFCFACEOUTERBOUND(#1808,.T.);
#1810=IFCFACE((#1809));
#1811=IFCPOLYLOOP((#1544,#1542,#1502));
#1812=IFCFACEOUTERBOUND(#1811,.T.);
#1813=IFCFACE((#1812));
#1814=IFCPOLYLOOP((#1537,#1538,#1547));
#1815=IFCFACEOUTERBOUND(#1814,.T.);
#1816=IFCFACE((#1815));
#1817=IFCPOLYLOOP((#1543,#1545,#1530));
#1818=IFCFACEOUTERBOUND(#1817,.T.);
#1819=IFCFACE((#1818));
#1820=IFCPOLYLOOP((#1536,#1550,#1535));
#1821=IFCFACEOUTERBOUND(#1820,.T.);
#1822=IFCFACE((#1821));
#1823=IFCPOLYLOOP((#1534,#1535,#1550));
#1824=IFCFACEOUTERBOUND(#1823,.T.);
#1825=IFCFACE((#1824));
#1826=IFCPOLYLOOP((#1510,#1509,#1551));
#1827=IFCFACEOUTERBOUND(#1826,.T.);
#1828=IFCFACE((#1827));
#1829=IFCPOLYLOOP((#1525,#1555,#1553));
#1830=IFCFACEOUTERBOUND(#1829,.T.);
#1831=IFCFACE((#1830));
#1832=IFCPOLYLOOP((#1511,#1510,#1554));
#1833=IFCFACEOUTERBOUND(#1832,.T.);
#1834=IFCFACE((#1833));
#1835=IFCPOLYLOOP((#1559,#1551,#1526));
#1836=IFCFACEOUTERBOUND(#1835,.T.);
#1837=IFCFACE((#1836));
#1838=IFCPOLYLOOP((#1525,#1512,#1554));
#1839=IFCFACEOUTERBOUND(#1838,.T.);
#1840=IFCFACE((#1839));
#1841=IFCPOLYLOOP((#1575,#1526,#1549,#1540));
#1842=IFCFACEOUTERBOUND(#1841,.T.);
#1843=IFCFACE((#1842));
#1844=IFCPOLYLOOP((#1571,#1576,#1578));
#1845=IFCFACEOUTERBOUND(#1844,.T.);
#1846=IFCFACE((#1845));
#1847=IFCPOLYLOOP((#1525,#1524,#1577));
#1848=IFCFACEOUTERBOUND(#1847,.T.);
#1849=IFCFACE((#1848));
#1850=IFCPOLYLOOP((#1574,#1515,#1514));
#1851=IFCFACEOUTERBOUND(#1850,.T.);
#1852=IFCFACE((#1851));
#1853=IFCPOLYLOOP((#1571,#1574,#1576));
#1854=IFCFACEOUTERBOUND(#1853,.T.);
#1855=IFCFACE((#1854));
#1856=IFCPOLYLOOP((#1561,#1572,#1577));
#1857=IFCFACEOUTERBOUND(#1856,.T.);
#1858=IFCFACE((#1857));
#1859=IFCPOLYLOOP((#1514,#1576,#1574));
#1860=IFCFACEOUTERBOUND(#1859,.T.);
#1861=IFCFACE((#1860));
#1862=IFCPOLYLOOP((#1579,#1571,#1578));
#1863=IFCFACEOUTERBOUND(#1862,.T.);
#1864=IFCFACE((#1863));
#1865=IFCPOLYLOOP((#1513,#1576,#1514));
#1866=IFCFACEOUTERBOUND(#1865,.T.);
#1867=IFCFACE((#1866));
#1868=IFCPOLYLOOP((#1525,#1577,#1578));
#1869=IFCFACEOUTERBOUND(#1868,.T.);
#1870=IFCFACE((#1869));
#1871=IFCPOLYLOOP((#1579,#1578,#1572));
#1872=IFCFACEOUTERBOUND(#1871,.T.);
#1873=IFCFACE((#1872));
#1874=IFCPOLYLOOP((#1577,#1524,#1560));
#1875=IFCFACEOUTERBOUND(#1874,.T.);
#1876=IFCFACE((#1875));
#1877=IFCPOLYLOOP((#1544,#1500,#1523));
#1878=IFCFACEOUTERBOUND(#1877,.T.);
#1879=IFCFACE((#1878));
#1880=IFCPOLYLOOP((#1527,#1572,#1573));
#1881=IFCFACEOUTERBOUND(#1880,.T.);
#1882=IFCFACE((#1881));
#1883=IFCPOLYLOOP((#1557,#1527,#1573));
#1884=IFCFACEOUTERBOUND(#1883,.T.);
#1885=IFCFACE((#1884));
#1886=IFCPOLYLOOP((#1521,#1540,#1542));
#1887=IFCFACEOUTERBOUND(#1886,.T.);
#1888=IFCFACE((#1887));
#1889=IFCPOLYLOOP((#1518,#1575,#1519));
#1890=IFCFACEOUTERBOUND(#1889,.T.);
#1891=IFCFACE((#1890));
#1892=IFCPOLYLOOP((#1572,#1527,#1558));
#1893=IFCFACEOUTERBOUND(#1892,.T.);
#1894=IFCFACE((#1893));
#1895=IFCPOLYLOOP((#1540,#1521,#1520));
#1896=IFCFACEOUTERBOUND(#1895,.T.);
#1897=IFCFACE((#1896));
#1898=IFCPOLYLOOP((#1520,#1519,#1540));
#1899=IFCFACEOUTERBOUND(#1898,.T.);
#1900=IFCFACE((#1899));
#1901=IFCPOLYLOOP((#1574,#1559,#1526));
#1902=IFCFACEOUTERBOUND(#1901,.T.);
#1903=IFCFACE((#1902));
#1904=IFCPOLYLOOP((#1565,#1566,#1557));
#1905=IFCFACEOUTERBOUND(#1904,.T.);
#1906=IFCFACE((#1905));
#1907=IFCPOLYLOOP((#1519,#1575,#1540));
#1908=IFCFACEOUTERBOUND(#1907,.T.);
#1909=IFCFACE((#1908));
#1910=IFCPOLYLOOP((#1578,#1577,#1572));
#1911=IFCFACEOUTERBOUND(#1910,.T.);
#1912=IFCFACE((#1911));
#1913=IFCPOLYLOOP((#1525,#1578,#1576));
#1914=IFCFACEOUTERBOUND(#1913,.T.);
#1915=IFCFACE((#1914));
#1916=IFCPOLYLOOP((#1561,#1577,#1560));
#1917=IFCFACEOUTERBOUND(#1916,.T.);
#1918=IFCFACE((#1917));
#1919=IFCPOLYLOOP((#1572,#1561,#1562));
#1920=IFCFACEOUTERBOUND(#1919,.T.);
#1921=IFCFACE((#1920));
#1922=IFCPOLYLOOP((#1541,#1568,#1543));
#1923=IFCFACEOUTERBOUND(#1922,.T.);
#1924=IFCFACE((#1923));
#1925=IFCPOLYLOOP((#1558,#1579,#1572));
#1926=IFCFACEOUTERBOUND(#1925,.T.);
#1927=IFCFACE((#1926));
#1928=IFCPOLYLOOP((#1513,#1512,#1576));
#1929=IFCFACEOUTERBOUND(#1928,.T.);
#1930=IFCFACE((#1929));
#1931=IFCPOLYLOOP((#1542,#1522,#1521));
#1932=IFCFACEOUTERBOUND(#1931,.T.);
#1933=IFCFACE((#1932));
#1934=IFCPOLYLOOP((#1564,#1573,#1563));
#1935=IFCFACEOUTERBOUND(#1934,.T.);
#1936=IFCFACE((#1935));
#1937=IFCPOLYLOOP((#1542,#1544,#1522));
#1938=IFCFACEOUTERBOUND(#1937,.T.);
#1939=IFCFACE((#1938));
#1940=IFCPOLYLOOP((#1545,#1543,#1569));
#1941=IFCFACEOUTERBOUND(#1940,.T.);
#1942=IFCFACE((#1941));
#1943=IFCPOLYLOOP((#1573,#1562,#1563));
#1944=IFCFACEOUTERBOUND(#1943,.T.);
#1945=IFCFACE((#1944));
#1946=IFCPOLYLOOP((#1522,#1544,#1523));
#1947=IFCFACEOUTERBOUND(#1946,.T.);
#1948=IFCFACE((#1947));
#1949=IFCPOLYLOOP((#1564,#1565,#1573));
#1950=IFCFACEOUTERBOUND(#1949,.T.);
#1951=IFCFACE((#1950));
#1952=IFCPOLYLOOP((#1579,#1559,#1571));
#1953=IFCFACEOUTERBOUND(#1952,.T.);
#1954=IFCFACE((#1953));
#1955=IFCPOLYLOOP((#1546,#1559,#1579,#1558));
#1956=IFCFACEOUTERBOUND(#1955,.T.);
#1957=IFCFACE((#1956));
#1958=IFCPOLYLOOP((#1567,#1568,#1541));
#1959=IFCFACEOUTERBOUND(#1958,.T.);
#1960=IFCFACE((#1959));
#1961=IFCPOLYLOOP((#1541,#1566,#1567));
#1962=IFCFACEOUTERBOUND(#1961,.T.);
#1963=IFCFACE((#1962));
#1964=IFCPOLYLOOP((#1516,#1575,#1517));
#1965=IFCFACEOUTERBOUND(#1964,.T.);
#1966=IFCFACE((#1965));
#1967=IFCPOLYLOOP((#1557,#1566,#1541));
#1968=IFCFACEOUTERBOUND(#1967,.T.);
#1969=IFCFACE((#1968));
#1970=IFCPOLYLOOP((#1569,#1570,#1545));
#1971=IFCFACEOUTERBOUND(#1970,.T.);
#1972=IFCFACE((#1971));
#1973=IFCPOLYLOOP((#1574,#1571,#1559));
#1974=IFCFACEOUTERBOUND(#1973,.T.);
#1975=IFCFACE((#1974));
#1976=IFCPOLYLOOP((#1565,#1557,#1573));
#1977=IFCFACEOUTERBOUND(#1976,.T.);
#1978=IFCFACE((#1977));
#1979=IFCPOLYLOOP((#1575,#1518,#1517));
#1980=IFCFACEOUTERBOUND(#1979,.T.);
#1981=IFCFACE((#1980));
#1982=IFCPOLYLOOP((#1562,#1573,#1572));
#1983=IFCFACEOUTERBOUND(#1982,.T.);
#1984=IFCFACE((#1983));
#1985=IFCPOLYLOOP((#1569,#1543,#1568));
#1986=IFCFACEOUTERBOUND(#1985,.T.);
#1987=IFCFACE((#1986));
#1988=IFCPOLYLOOP((#1570,#1528,#1545));
#1989=IFCFACEOUTERBOUND(#1988,.T.);
#1990=IFCFACE((#1989));
#1991=IFCPOLYLOOP((#1526,#1575,#1574));
#1992=IFCFACEOUTERBOUND(#1991,.T.);
#1993=IFCFACE((#1992));
#1994=IFCPOLYLOOP((#1516,#1515,#1574));
#1995=IFCFACEOUTERBOUND(#1994,.T.);
#1996=IFCFACE((#1995));
#1997=IFCPOLYLOOP((#1512,#1525,#1576));
#1998=IFCFACEOUTERBOUND(#1997,.T.);
#1999=IFCFACE((#1998));
#2000=IFCPOLYLOOP((#1516,#1574,#1575));
#2001=IFCFACEOUTERBOUND(#2000,.T.);
#2002=IFCFACE((#2001));
#2003=IFCPOLYLOOP((#1601,#1602,#1603,#1580,#1581,#1582,#1583,#1584,#1585,#1586,#1587,#1588,#1589,#1590,#1591,#1592,#1593,#1594,#1595,#1596,#1597,#1598,#1599,#1600));
#2004=IFCFACEOUTERBOUND(#2003,.T.);
#2005=IFCFACE((#2004));
#2006=IFCPOLYLOOP((#1603,#1529,#1528,#1580));
#2007=IFCFACEOUTERBOUND(#2006,.T.);
#2008=IFCFACE((#2007));
#2009=IFCPOLYLOOP((#1602,#1530,#1529,#1603));
#2010=IFCFACEOUTERBOUND(#2009,.T.);
#2011=IFCFACE((#2010));
#2012=IFCPOLYLOOP((#1600,#1532,#1531,#1601));
#2013=IFCFACEOUTERBOUND(#2012,.T.);
#2014=IFCFACE((#2013));
#2015=IFCPOLYLOOP((#1601,#1531,#1530,#1602));
#2016=IFCFACEOUTERBOUND(#2015,.T.);
#2017=IFCFACE((#2016));
#2018=IFCPOLYLOOP((#1599,#1533,#1532,#1600));
#2019=IFCFACEOUTERBOUND(#2018,.T.);
#2020=IFCFACE((#2019));
#2021=IFCPOLYLOOP((#1533,#1599,#1598,#1534));
#2022=IFCFACEOUTERBOUND(#2021,.T.);
#2023=IFCFACE((#2022));
#2024=IFCPOLYLOOP((#1596,#1595,#1537,#1536));
#2025=IFCFACEOUTERBOUND(#2024,.T.);
#2026=IFCFACE((#2025));
#2027=IFCPOLYLOOP((#1597,#1596,#1536,#1535));
#2028=IFCFACEOUTERBOUND(#2027,.T.);
#2029=IFCFACE((#2028));
#2030=IFCPOLYLOOP((#1593,#1592,#1524,#1539));
#2031=IFCFACEOUTERBOUND(#2030,.T.);
#2032=IFCFACE((#2031));
#2033=IFCPOLYLOOP((#1594,#1593,#1539,#1538));
#2034=IFCFACEOUTERBOUND(#2033,.T.);
#2035=IFCFACE((#2034));
#2036=IFCPOLYLOOP((#1595,#1594,#1538,#1537));
#2037=IFCFACEOUTERBOUND(#2036,.T.);
#2038=IFCFACE((#2037));
#2039=IFCPOLYLOOP((#1535,#1534,#1598,#1597));
#2040=IFCFACEOUTERBOUND(#2039,.T.);
#2041=IFCFACE((#2040));
#2042=IFCPOLYLOOP((#1524,#1592,#1591,#1560));
#2043=IFCFACEOUTERBOUND(#2042,.T.);
#2044=IFCFACE((#2043));
#2045=IFCPOLYLOOP((#1590,#1561,#1560,#1591));
#2046=IFCFACEOUTERBOUND(#2045,.T.);
#2047=IFCFACE((#2046));
#2048=IFCPOLYLOOP((#1588,#1587,#1564,#1563));
#2049=IFCFACEOUTERBOUND(#2048,.T.);
#2050=IFCFACE((#2049));
#2051=IFCPOLYLOOP((#1589,#1588,#1563,#1562));
#2052=IFCFACEOUTERBOUND(#2051,.T.);
#2053=IFCFACE((#2052));
#2054=IFCPOLYLOOP((#1561,#1590,#1589,#1562));
#2055=IFCFACEOUTERBOUND(#2054,.T.);
#2056=IFCFACE((#2055));
#2057=IFCPOLYLOOP((#1564,#1587,#1586,#1565));
#2058=IFCFACEOUTERBOUND(#2057,.T.);
#2059=IFCFACE((#2058));
#2060=IFCPOLYLOOP((#1584,#1583,#1568,#1567));
#2061=IFCFACEOUTERBOUND(#2060,.T.);
#2062=IFCFACE((#2061));
#2063=IFCPOLYLOOP((#1585,#1584,#1567,#1566));
#2064=IFCFACEOUTERBOUND(#2063,.T.);
#2065=IFCFACE((#2064));
#2066=IFCPOLYLOOP((#1581,#1580,#1528,#1570));
#2067=IFCFACEOUTERBOUND(#2066,.T.);
#2068=IFCFACE((#2067));
#2069=IFCPOLYLOOP((#1582,#1581,#1570,#1569));
#2070=IFCFACEOUTERBOUND(#2069,.T.);
#2071=IFCFACE((#2070));
#2072=IFCPOLYLOOP((#1583,#1582,#1569,#1568));
#2073=IFCFACEOUTERBOUND(#2072,.T.);
#2074=IFCFACE((#2073));
#2075=IFCPOLYLOOP((#1585,#1566,#1565,#1586));
#2076=IFCFACEOUTERBOUND(#2075,.T.);
#2077=IFCFACE((#2076));
#2078=IFCCARTESIANPOINT((92.509374999985809,183.,1000.));
#2079=IFCCARTESIANPOINT((93.53160021131373,183.,1007.7645713530758));
#2080=IFCCARTESIANPOINT((96.528612886452535,183.,1015.));
#2081=IFCCARTESIANPOINT((101.29617156438927,183.,1021.2132034355967));
#2082=IFCCARTESIANPOINT((107.50937499998571,183.,1025.9807621135335));
#2083=IFCCARTESIANPOINT((114.74480364691007,183.,1028.9777747886724));
#2084=IFCCARTESIANPOINT((122.50937499998565,183.,1030.));
#2085=IFCCARTESIANPOINT((130.27394635306126,183.,1028.9777747886724));
#2086=IFCCARTESIANPOINT((137.50937499998565,183.,1025.9807621135337));
#2087=IFCCARTESIANPOINT((143.72257843558211,183.,1021.2132034355968));
#2088=IFCCARTESIANPOINT((148.49013711351887,183.,1015.));
#2089=IFCCARTESIANPOINT((151.48714978865777,183.,1007.7645713530761));
#2090=IFCCARTESIANPOINT((152.50937499998577,183.,1000.));
#2091=IFCCARTESIANPOINT((151.48714978865786,183.,992.23542864692467));
#2092=IFCCARTESIANPOINT((148.49013711351895,183.,985.));
#2093=IFCCARTESIANPOINT((143.72257843558222,183.,978.78679656440397));
#2094=IFCCARTESIANPOINT((137.50937499998582,183.,974.01923788646718));
#2095=IFCCARTESIANPOINT((130.27394635306143,183.,971.02222521132819));
#2096=IFCCARTESIANPOINT((122.50937499998582,183.,970.));
#2097=IFCCARTESIANPOINT((114.7448036469102,183.,971.02222521132819));
#2098=IFCCARTESIANPOINT((107.50937499998585,183.,974.01923788646718));
#2099=IFCCARTESIANPOINT((101.29617156438941,183.,978.78679656440386));
#2100=IFCCARTESIANPOINT((96.528612886452677,183.,985.));
#2101=IFCCARTESIANPOINT((93.53160021131373,183.,992.23542864692456));
#2102=IFCCARTESIANPOINT((92.509374999985809,175.,1000.));
#2103=IFCCARTESIANPOINT((93.53160021131373,175.,992.23542864692456));
#2104=IFCCARTESIANPOINT((96.528612886452677,175.,985.));
#2105=IFCCARTESIANPOINT((101.29617156438941,175.,978.78679656440386));
#2106=IFCCARTESIANPOINT((107.50937499998585,175.,974.01923788646718));
#2107=IFCCARTESIANPOINT((114.7448036469102,175.,971.02222521132819));
#2108=IFCCARTESIANPOINT((122.50937499998582,175.,970.));
#2109=IFCCARTESIANPOINT((130.27394635306143,175.,971.02222521132819));
#2110=IFCCARTESIANPOINT((137.50937499998582,175.,974.01923788646718));
#2111=IFCCARTESIANPOINT((143.72257843558222,175.,978.78679656440397));
#2112=IFCCARTESIANPOINT((148.49013711351895,175.,985.));
#2113=IFCCARTESIANPOINT((151.48714978865786,175.,992.23542864692467));
#2114=IFCCARTESIANPOINT((152.50937499998577,175.,1000.));
#2115=IFCCARTESIANPOINT((151.48714978865777,175.,1007.7645713530761));
#2116=IFCCARTESIANPOINT((148.49013711351887,175.,1015.));
#2117=IFCCARTESIANPOINT((143.72257843558211,175.,1021.2132034355968));
#2118=IFCCARTESIANPOINT((137.50937499998565,175.,1025.9807621135337));
#2119=IFCCARTESIANPOINT((130.27394635306126,175.,1028.9777747886724));
#2120=IFCCARTESIANPOINT((122.50937499998565,175.,1030.));
#2121=IFCCARTESIANPOINT((114.74480364691007,175.,1028.9777747886724));
#2122=IFCCARTESIANPOINT((107.50937499998571,175.,1025.9807621135335));
#2123=IFCCARTESIANPOINT((101.29617156438927,175.,1021.2132034355967));
#2124=IFCCARTESIANPOINT((96.528612886452535,175.,1015.));
#2125=IFCCARTESIANPOINT((93.53160021131373,175.,1007.7645713530758));
#2126=IFCPOLYLOOP((#2085,#2086,#2087,#2088,#2089,#2090,#2091,#2092,#2093,#2094,#2095,#2096,#2097,#2098,#2099,#2100,#2101,#2078,#2079,#2080,#2081,#2082,#2083,#2084));
#2127=IFCFACEOUTERBOUND(#2126,.T.);
#2128=IFCFACE((#2127));
#2129=IFCPOLYLOOP((#2109,#2110,#2111,#2112,#2113,#2114,#2115,#2116,#2117,#2118,#2119,#2120,#2121,#2122,#2123,#2124,#2125,#2102,#2103,#2104,#2105,#2106,#2107,#2108));
#2130=IFCFACEOUTERBOUND(#2129,.T.);
#2131=IFCFACE((#2130));
#2132=IFCPOLYLOOP((#2125,#2079,#2078,#2102));
#2133=IFCFACEOUTERBOUND(#2132,.T.);
#2134=IFCFACE((#2133));
#2135=IFCPOLYLOOP((#2124,#2080,#2079,#2125));
#2136=IFCFACEOUTERBOUND(#2135,.T.);
#2137=IFCFACE((#2136));
#2138=IFCPOLYLOOP((#2082,#2081,#2123,#2122));
#2139=IFCFACEOUTERBOUND(#2138,.T.);
#2140=IFCFACE((#2139));
#2141=IFCPOLYLOOP((#2124,#2123,#2081,#2080));
#2142=IFCFACEOUTERBOUND(#2141,.T.);
#2143=IFCFACE((#2142));
#2144=IFCPOLYLOOP((#2083,#2082,#2122,#2121));
#2145=IFCFACEOUTERBOUND(#2144,.T.);
#2146=IFCFACE((#2145));
#2147=IFCPOLYLOOP((#2084,#2083,#2121,#2120));
#2148=IFCFACEOUTERBOUND(#2147,.T.);
#2149=IFCFACE((#2148));
#2150=IFCPOLYLOOP((#2119,#2085,#2084,#2120));
#2151=IFCFACEOUTERBOUND(#2150,.T.);
#2152=IFCFACE((#2151));
#2153=IFCPOLYLOOP((#2118,#2086,#2085,#2119));
#2154=IFCFACEOUTERBOUND(#2153,.T.);
#2155=IFCFACE((#2154));
#2156=IFCPOLYLOOP((#2088,#2087,#2117,#2116));
#2157=IFCFACEOUTERBOUND(#2156,.T.);
#2158=IFCFACE((#2157));
#2159=IFCPOLYLOOP((#2118,#2117,#2087,#2086));
#2160=IFCFACEOUTERBOUND(#2159,.T.);
#2161=IFCFACE((#2160));
#2162=IFCPOLYLOOP((#2089,#2088,#2116,#2115));
#2163=IFCFACEOUTERBOUND(#2162,.T.);
#2164=IFCFACE((#2163));
#2165=IFCPOLYLOOP((#2090,#2089,#2115,#2114));
#2166=IFCFACEOUTERBOUND(#2165,.T.);
#2167=IFCFACE((#2166));
#2168=IFCPOLYLOOP((#2113,#2091,#2090,#2114));
#2169=IFCFACEOUTERBOUND(#2168,.T.);
#2170=IFCFACE((#2169));
#2171=IFCPOLYLOOP((#2112,#2092,#2091,#2113));
#2172=IFCFACEOUTERBOUND(#2171,.T.);
#2173=IFCFACE((#2172));
#2174=IFCPOLYLOOP((#2094,#2093,#2111,#2110));
#2175=IFCFACEOUTERBOUND(#2174,.T.);
#2176=IFCFACE((#2175));
#2177=IFCPOLYLOOP((#2112,#2111,#2093,#2092));
#2178=IFCFACEOUTERBOUND(#2177,.T.);
#2179=IFCFACE((#2178));
#2180=IFCPOLYLOOP((#2095,#2094,#2110,#2109));
#2181=IFCFACEOUTERBOUND(#2180,.T.);
#2182=IFCFACE((#2181));
#2183=IFCPOLYLOOP((#2096,#2095,#2109,#2108));
#2184=IFCFACEOUTERBOUND(#2183,.T.);
#2185=IFCFACE((#2184));
#2186=IFCPOLYLOOP((#2107,#2097,#2096,#2108));
#2187=IFCFACEOUTERBOUND(#2186,.T.);
#2188=IFCFACE((#2187));
#2189=IFCPOLYLOOP((#2106,#2098,#2097,#2107));
#2190=IFCFACEOUTERBOUND(#2189,.T.);
#2191=IFCFACE((#2190));
#2192=IFCPOLYLOOP((#2100,#2099,#2105,#2104));
#2193=IFCFACEOUTERBOUND(#2192,.T.);
#2194=IFCFACE((#2193));
#2195=IFCPOLYLOOP((#2106,#2105,#2099,#2098));
#2196=IFCFACEOUTERBOUND(#2195,.T.);
#2197=IFCFACE((#2196));
#2198=IFCPOLYLOOP((#2101,#2100,#2104,#2103));
#2199=IFCFACEOUTERBOUND(#2198,.T.);
#2200=IFCFACE((#2199));
#2201=IFCPOLYLOOP((#2078,#2101,#2103,#2102));
#2202=IFCFACEOUTERBOUND(#2201,.T.);
#2203=IFCFACE((#2202));
#2204=IFCCARTESIANPOINT((50.,130.,2000.));
#2205=IFCCARTESIANPOINT((50.,130.,0.));
#2206=IFCCARTESIANPOINT((800.,130.,0.));
#2207=IFCCARTESIANPOINT((800.,130.,2000.));
#2208=IFCCARTESIANPOINT((202.39999999999151,130.,1847.5999999999992));
#2209=IFCCARTESIANPOINT((329.39999999999162,130.,1847.5999999999992));
#2210=IFCCARTESIANPOINT((329.39999999999162,130.,1212.6000000000001));
#2211=IFCCARTESIANPOINT((202.39999999999151,130.,1212.6000000000001));
#2212=IFCPOLYLOOP((#2204,#2205,#2206,#2207));
#2213=IFCFACEOUTERBOUND(#2212,.T.);
#2214=IFCPOLYLOOP((#2208,#2209,#2210,#2211));
#2215=IFCFACEBOUND(#2214,.T.);
#2216=IFCFACE((#2213,#2215));
#2217=IFCCARTESIANPOINT((50.,175.,2000.));
#2218=IFCCARTESIANPOINT((800.,175.,2000.));
#2219=IFCCARTESIANPOINT((800.,175.,0.));
#2220=IFCCARTESIANPOINT((50.,175.,0.));
#2221=IFCCARTESIANPOINT((202.39999999999151,175.,1847.5999999999992));
#2222=IFCCARTESIANPOINT((202.39999999999151,175.,1212.6000000000001));
#2223=IFCCARTESIANPOINT((329.39999999999162,175.,1212.6000000000001));
#2224=IFCCARTESIANPOINT((329.39999999999162,175.,1847.5999999999992));
#2225=IFCPOLYLOOP((#2217,#2218,#2219,#2220));
#2226=IFCFACEOUTERBOUND(#2225,.T.);
#2227=IFCPOLYLOOP((#2221,#2222,#2223,#2224));
#2228=IFCFACEBOUND(#2227,.T.);
#2229=IFCFACE((#2226,#2228));
#2230=IFCPOLYLOOP((#2205,#2204,#2217,#2220));
#2231=IFCFACEOUTERBOUND(#2230,.T.);
#2232=IFCFACE((#2231));
#2233=IFCPOLYLOOP((#2206,#2205,#2220,#2219));
#2234=IFCFACEOUTERBOUND(#2233,.T.);
#2235=IFCFACE((#2234));
#2236=IFCPOLYLOOP((#2207,#2206,#2219,#2218));
#2237=IFCFACEOUTERBOUND(#2236,.T.);
#2238=IFCFACE((#2237));
#2239=IFCPOLYLOOP((#2204,#2207,#2218,#2217));
#2240=IFCFACEOUTERBOUND(#2239,.T.);
#2241=IFCFACE((#2240));
#2242=IFCPOLYLOOP((#2209,#2208,#2221,#2224));
#2243=IFCFACEOUTERBOUND(#2242,.T.);
#2244=IFCFACE((#2243));
#2245=IFCPOLYLOOP((#2210,#2209,#2224,#2223));
#2246=IFCFACEOUTERBOUND(#2245,.T.);
#2247=IFCFACE((#2246));
#2248=IFCPOLYLOOP((#2211,#2210,#2223,#2222));
#2249=IFCFACEOUTERBOUND(#2248,.T.);
#2250=IFCFACE((#2249));
#2251=IFCPOLYLOOP((#2208,#2211,#2222,#2221));
#2252=IFCFACEOUTERBOUND(#2251,.T.);
#2253=IFCFACE((#2252));
#2254=IFCCARTESIANPOINT((800.,125.23750000000469,0.));
#2255=IFCCARTESIANPOINT((800.,175.,0.));
#2256=IFCCARTESIANPOINT((850.,175.,0.));
#2257=IFCCARTESIANPOINT((850.,25.,0.));
#2258=IFCCARTESIANPOINT((800.,25.,0.));
#2259=IFCCARTESIANPOINT((800.,74.212500000004596,0.));
#2260=IFCCARTESIANPOINT((784.12500000000011,74.212500000004596,0.));
#2261=IFCCARTESIANPOINT((784.12500000000011,125.23750000000469,0.));
#2262=IFCPOLYLOOP((#2254,#2255,#2256,#2257,#2258,#2259,#2260,#2261));
#2263=IFCFACEOUTERBOUND(#2262,.T.);
#2264=IFCFACE((#2263));
#2265=IFCCARTESIANPOINT((800.,125.23750000000472,2000.));
#2266=IFCCARTESIANPOINT((800.,175.,2000.));
#2267=IFCPOLYLOOP((#2255,#2254,#2265,#2266));
#2268=IFCFACEOUTERBOUND(#2267,.T.);
#2269=IFCFACE((#2268));
#2270=IFCCARTESIANPOINT((50.,175.,2000.));
#2271=IFCCARTESIANPOINT((50.,175.,0.));
#2272=IFCCARTESIANPOINT((0.,175.,0.));
#2273=IFCCARTESIANPOINT((0.,175.,2100.));
#2274=IFCCARTESIANPOINT((850.,175.,2100.));
#2275=IFCPOLYLOOP((#2256,#2255,#2266,#2270,#2271,#2272,#2273,#2274));
#2276=IFCFACEOUTERBOUND(#2275,.T.);
#2277=IFCFACE((#2276));
#2278=IFCCARTESIANPOINT((850.,25.,2100.));
#2279=IFCPOLYLOOP((#2257,#2256,#2274,#2278));
#2280=IFCFACEOUTERBOUND(#2279,.T.);
#2281=IFCFACE((#2280));
#2282=IFCCARTESIANPOINT((0.,25.,2100.));
#2283=IFCCARTESIANPOINT((0.,25.,0.));
#2284=IFCCARTESIANPOINT((50.,25.,0.));
#2285=IFCCARTESIANPOINT((50.,25.,2000.));
#2286=IFCCARTESIANPOINT((800.,25.,2000.));
#2287=IFCPOLYLOOP((#2258,#2257,#2278,#2282,#2283,#2284,#2285,#2286));
#2288=IFCFACEOUTERBOUND(#2287,.T.);
#2289=IFCFACE((#2288));
#2290=IFCCARTESIANPOINT((800.,74.212500000004596,2000.));
#2291=IFCPOLYLOOP((#2259,#2258,#2286,#2290));
#2292=IFCFACEOUTERBOUND(#2291,.T.);
#2293=IFCFACE((#2292));
#2294=IFCCARTESIANPOINT((50.,74.212500000004596,2000.));
#2295=IFCCARTESIANPOINT((50.,74.212500000004596,0.));
#2296=IFCCARTESIANPOINT((65.874999999999915,74.212500000004596,0.));
#2297=IFCCARTESIANPOINT((65.874999999999716,74.212500000004596,1984.1250000000027));
#2298=IFCCARTESIANPOINT((784.12500000000011,74.212500000004596,1984.1250000000027));
#2299=IFCPOLYLOOP((#2260,#2259,#2290,#2294,#2295,#2296,#2297,#2298));
#2300=IFCFACEOUTERBOUND(#2299,.T.);
#2301=IFCFACE((#2300));
#2302=IFCCARTESIANPOINT((784.12500000000011,125.23750000000472,1984.1250000000027));
#2303=IFCPOLYLOOP((#2261,#2260,#2298,#2302));
#2304=IFCFACEOUTERBOUND(#2303,.T.);
#2305=IFCFACE((#2304));
#2306=IFCCARTESIANPOINT((65.874999999999915,125.23750000000472,1984.1250000000023));
#2307=IFCCARTESIANPOINT((65.874999999999915,125.23750000000469,0.));
#2308=IFCCARTESIANPOINT((50.,125.23750000000469,0.));
#2309=IFCCARTESIANPOINT((50.,125.23750000000472,2000.));
#2310=IFCPOLYLOOP((#2254,#2261,#2302,#2306,#2307,#2308,#2309,#2265));
#2311=IFCFACEOUTERBOUND(#2310,.T.);
#2312=IFCFACE((#2311));
#2313=IFCPOLYLOOP((#2266,#2265,#2309,#2270));
#2314=IFCFACEOUTERBOUND(#2313,.T.);
#2315=IFCFACE((#2314));
#2316=IFCPOLYLOOP((#2286,#2285,#2294,#2290));
#2317=IFCFACEOUTERBOUND(#2316,.T.);
#2318=IFCFACE((#2317));
#2319=IFCPOLYLOOP((#2298,#2297,#2306,#2302));
#2320=IFCFACEOUTERBOUND(#2319,.T.);
#2321=IFCFACE((#2320));
#2322=IFCPOLYLOOP((#2272,#2271,#2308,#2307,#2296,#2295,#2284,#2283));
#2323=IFCFACEOUTERBOUND(#2322,.T.);
#2324=IFCFACE((#2323));
#2325=IFCPOLYLOOP((#2271,#2270,#2309,#2308));
#2326=IFCFACEOUTERBOUND(#2325,.T.);
#2327=IFCFACE((#2326));
#2328=IFCPOLYLOOP((#2273,#2272,#2283,#2282));
#2329=IFCFACEOUTERBOUND(#2328,.T.);
#2330=IFCFACE((#2329));
#2331=IFCPOLYLOOP((#2285,#2284,#2295,#2294));
#2332=IFCFACEOUTERBOUND(#2331,.T.);
#2333=IFCFACE((#2332));
#2334=IFCPOLYLOOP((#2297,#2296,#2307,#2306));
#2335=IFCFACEOUTERBOUND(#2334,.T.);
#2336=IFCFACE((#2335));
#2337=IFCPOLYLOOP((#2278,#2274,#2273,#2282));
#2338=IFCFACEOUTERBOUND(#2337,.T.);
#2339=IFCFACE((#2338));
#2340=IFCCARTESIANPOINT((202.39999999999074,150.,1847.5999999999992));
#2341=IFCCARTESIANPOINT((202.39999999999074,150.,1212.6000000000001));
#2342=IFCCARTESIANPOINT((329.39999999999083,150.,1212.6000000000001));
#2343=IFCCARTESIANPOINT((329.39999999999083,150.,1847.5999999999992));
#2344=IFCPOLYLOOP((#2340,#2341,#2342,#2343));
#2345=IFCFACEOUTERBOUND(#2344,.T.);
#2346=IFCFACE((#2345));
#2347=IFCCARTESIANPOINT((202.39999999999074,155.,1847.5999999999992));
#2348=IFCCARTESIANPOINT((329.39999999999083,155.,1847.5999999999992));
#2349=IFCCARTESIANPOINT((329.39999999999083,155.,1212.6000000000001));
#2350=IFCCARTESIANPOINT((202.39999999999074,155.,1212.6000000000001));
#2351=IFCPOLYLOOP((#2347,#2348,#2349,#2350));
#2352=IFCFACEOUTERBOUND(#2351,.T.);
#2353=IFCFACE((#2352));
#2354=IFCPOLYLOOP((#2341,#2340,#2347,#2350));
#2355=IFCFACEOUTERBOUND(#2354,.T.);
#2356=IFCFACE((#2355));
#2357=IFCPOLYLOOP((#2342,#2341,#2350,#2349));
#2358=IFCFACEOUTERBOUND(#2357,.T.);
#2359=IFCFACE((#2358));
#2360=IFCPOLYLOOP((#2343,#2342,#2349,#2348));
#2361=IFCFACEOUTERBOUND(#2360,.T.);
#2362=IFCFACE((#2361));
#2363=IFCPOLYLOOP((#2340,#2343,#2348,#2347));
#2364=IFCFACEOUTERBOUND(#2363,.T.);
#2365=IFCFACE((#2364));
#2366=IFCCARTESIANPOINT((202.39999999999111,155.,1847.5999999999992));
#2367=IFCCARTESIANPOINT((202.39999999999111,175.,1847.5999999999992));
#2368=IFCCARTESIANPOINT((202.39999999999105,175.,1212.6000000000001));
#2369=IFCCARTESIANPOINT((202.39999999999105,155.,1212.6000000000001));
#2370=IFCCARTESIANPOINT((214.39999999999134,176.,1835.599999999999));
#2371=IFCCARTESIANPOINT((214.39999999999137,155.,1835.599999999999));
#2372=IFCCARTESIANPOINT((214.39999999999137,155.,1224.6000000000001));
#2373=IFCCARTESIANPOINT((214.39999999999134,176.,1224.5999999999999));
#2374=IFCCARTESIANPOINT((209.39999999999122,181.,1840.5999999999992));
#2375=IFCCARTESIANPOINT((212.93553390592388,179.53553390593714,1837.0644660940666));
#2376=IFCCARTESIANPOINT((212.9355339059239,179.53553390593714,1223.135533905933));
#2377=IFCCARTESIANPOINT((209.39999999999145,181.,1219.6000000000006));
#2378=IFCCARTESIANPOINT((209.39999999999131,181.,1528.2924545563033));
#2379=IFCCARTESIANPOINT((209.39999999999128,181.,1684.4462347790245));
#2380=IFCCARTESIANPOINT((209.39999999999142,181.,1375.7537652209751));
#2381=IFCCARTESIANPOINT((214.39999999999111,176.,1530.0999981954583));
#2382=IFCCARTESIANPOINT((214.39999999999111,176.,1682.8499990977289));
#2383=IFCCARTESIANPOINT((214.39999999999111,176.,1377.3500009022707));
#2384=IFCCARTESIANPOINT((209.39999999999142,181.,1297.6768751096147));
#2385=IFCCARTESIANPOINT((214.39999999999111,176.,1300.9750022556768));
#2386=IFCCARTESIANPOINT((214.39999999999111,176.,1263.6384416462497));
#2387=IFCCARTESIANPOINT((209.39999999999125,181.,1762.5231248903851));
#2388=IFCCARTESIANPOINT((214.39999999999111,176.,1759.2250013534058));
#2389=IFCCARTESIANPOINT((214.39999999999111,176.,1721.0374984210259));
#2390=IFCCARTESIANPOINT((209.39999999999122,181.,1801.5615699460657));
#2391=IFCCARTESIANPOINT((214.39999999999111,176.,1606.4749968420522));
#2392=IFCCARTESIANPOINT((209.39999999999131,181.,1606.3693446676639));
#2393=IFCCARTESIANPOINT((209.39999999999128,181.,1645.4077897233442));
#2394=IFCCARTESIANPOINT((209.39999999999137,181.,1452.0231098886391));
#2395=IFCCARTESIANPOINT((214.39999999999111,176.,1453.7249995488644));
#2396=IFCCARTESIANPOINT((214.39999999999111,176.,1415.5375002255676));
#2397=IFCCARTESIANPOINT((209.39999999999145,181.,1258.6384300539341));
#2398=IFCCARTESIANPOINT((214.39999999999111,176.,1797.4125006767022));
#2399=IFCCARTESIANPOINT((209.39999999999128,181.,1723.484679834705));
#2400=IFCCARTESIANPOINT((209.39999999999137,181.,1413.8884450556804));
#2401=IFCCARTESIANPOINT((212.88163442611389,179.58862393165805,1432.9557758317069));
#2402=IFCCARTESIANPOINT((212.97135376362249,179.49934740987905,1402.4353941568668));
#2403=IFCCARTESIANPOINT((212.90618208667749,179.56464404604887,1462.5327208830658));
#2404=IFCCARTESIANPOINT((214.39999999999111,176.,1491.9124988721614));
#2405=IFCCARTESIANPOINT((209.39999999999131,181.,1490.1577747215979));
#2406=IFCCARTESIANPOINT((213.03392892005039,179.4343209815024,1282.3067207761828));
#2407=IFCCARTESIANPOINT((209.39999999999137,181.,1336.715320165295));
#2408=IFCCARTESIANPOINT((212.84991057948213,179.6191320773838,1313.7537751866196));
#2409=IFCCARTESIANPOINT((214.39999999999111,176.,1339.1625015789739));
#2410=IFCCARTESIANPOINT((213.0060781506325,179.46355314258318,1253.123132535349));
#2411=IFCCARTESIANPOINT((212.98708348314983,179.48322150959154,1701.9437451184285));
#2412=IFCCARTESIANPOINT((212.90076513841748,179.56996406783188,1671.4587409353114));
#2413=IFCCARTESIANPOINT((214.39999999999111,176.,1644.662499774432));
#2414=IFCCARTESIANPOINT((212.93193456610996,179.53912958517859,1625.5687458557611));
#2415=IFCCARTESIANPOINT((212.97489378506936,179.4957308857291,1731.3567869532992));
#2416=IFCCARTESIANPOINT((212.93756545151359,179.53350119233406,1595.6065712284153));
#2417=IFCCARTESIANPOINT((209.39999999999131,181.,1567.3308996119836));
#2418=IFCCARTESIANPOINT((214.39999999999111,176.,1568.2874975187553));
#2419=IFCCARTESIANPOINT((212.9670585034267,179.50372567891654,1549.1937466162444));
#2420=IFCCARTESIANPOINT((212.9660821308814,179.50471942326007,1519.6508930276887));
#2421=IFCCARTESIANPOINT((212.98708352173193,179.48322146985905,1358.2562485233905));
#2422=IFCCARTESIANPOINT((213.03635203021452,179.43175522325251,1778.3187447496848));
#2423=IFCCARTESIANPOINT((212.99379477102448,179.47629675714322,1807.4498803138636));
#2424=IFCCARTESIANPOINT((212.93722817847191,179.53383882108301,1490.4920305957642));
#2425=IFCCARTESIANPOINT((194.39999999999137,179.,1855.5999999999992));
#2426=IFCCARTESIANPOINT((194.98578643761826,180.41421356237757,1855.0142135623723));
#2427=IFCCARTESIANPOINT((196.39999999999139,181.,1853.599999999999));
#2428=IFCCARTESIANPOINT((196.39999999999128,181.,1206.6000000000004));
#2429=IFCCARTESIANPOINT((194.98578643761826,180.41421356237757,1205.1857864376273));
#2430=IFCCARTESIANPOINT((194.39999999999137,179.,1204.5999999999999));
#2431=IFCCARTESIANPOINT((194.39999999999137,179.,1530.0999980296631));
#2432=IFCCARTESIANPOINT((194.39999999999139,179.,1692.8500009851675));
#2433=IFCCARTESIANPOINT((194.39999999999137,179.,1367.3499990148316));
#2434=IFCCARTESIANPOINT((196.39999999999137,181.,1530.0999999999997));
#2435=IFCCARTESIANPOINT((196.39999999999137,181.,1691.8499999999995));
#2436=IFCCARTESIANPOINT((196.39999999999128,181.,1368.3499999999999));
#2437=IFCCARTESIANPOINT((196.39999999999128,181.,1287.4750000000001));
#2438=IFCCARTESIANPOINT((194.39999999999139,179.,1285.9749975370794));
#2439=IFCCARTESIANPOINT((194.39999999999137,179.,1326.6624963056192));
#2440=IFCCARTESIANPOINT((196.39999999999128,181.,1327.9125000000001));
#2441=IFCCARTESIANPOINT((196.39999999999139,181.,1772.7249999999992));
#2442=IFCCARTESIANPOINT((194.39999999999137,179.,1774.224998522247));
#2443=IFCCARTESIANPOINT((194.39999999999137,179.,1806.2198387473172));
#2444=IFCCARTESIANPOINT((196.39999999999139,181.,1813.162499999999));
#2445=IFCCARTESIANPOINT((196.39999999999137,181.,1449.2249999999997));
#2446=IFCCARTESIANPOINT((194.39999999999139,179.,1448.7250004925836));
#2447=IFCCARTESIANPOINT((194.39999999999137,179.,1489.4124992611232));
#2448=IFCCARTESIANPOINT((196.39999999999137,181.,1489.6624999999997));
#2449=IFCCARTESIANPOINT((196.39999999999137,181.,1610.9749999999995));
#2450=IFCCARTESIANPOINT((194.39999999999137,179.,1611.4749995074153));
#2451=IFCCARTESIANPOINT((194.39999999999137,179.,1652.1625022166274));
#2452=IFCCARTESIANPOINT((196.39999999999137,181.,1651.4124999999995));
#2453=IFCCARTESIANPOINT((196.39999999999128,181.,1247.0375000000001));
#2454=IFCCARTESIANPOINT((194.39999999999137,179.,1245.2874987685398));
#2455=IFCCARTESIANPOINT((194.39999999999137,179.,1265.6312481528096));
#2456=IFCCARTESIANPOINT((194.39999999999137,179.,1830.9099174033222));
#2457=IFCCARTESIANPOINT((196.39999999999137,181.,1833.381249999999));
#2458=IFCCARTESIANPOINT((194.39999999999137,179.,1229.2900786560049));
#2459=IFCCARTESIANPOINT((196.39999999999131,181.,1226.8187500000006));
#2460=IFCCARTESIANPOINT((196.39999999999137,181.,1732.2874999999992));
#2461=IFCCARTESIANPOINT((194.39999999999137,179.,1733.5374997537074));
#2462=IFCCARTESIANPOINT((194.39999999999137,179.,1753.8812491379772));
#2463=IFCCARTESIANPOINT((196.39999999999131,181.,1408.7874999999999));
#2464=IFCCARTESIANPOINT((194.39999999999134,179.,1408.037501724044));
#2465=IFCCARTESIANPOINT((194.39999999999137,179.,1428.3812511083138));
#2466=IFCCARTESIANPOINT((194.39999999999137,179.,1570.7874967982032));
#2467=IFCCARTESIANPOINT((196.39999999999137,181.,1570.5374999999995));
#2468=IFCCARTESIANPOINT((196.39999999999137,181.,1550.3187499999995));
#2469=IFCCARTESIANPOINT((194.39999999999137,179.,1843.2549567313242));
#2470=IFCCARTESIANPOINT((194.39999999999137,179.,1216.9450393280024));
#2471=IFCCARTESIANPOINT((196.39999999999139,181.,1841.2549612974049));
#2472=IFCCARTESIANPOINT((194.9425791456411,180.3696439147885,1837.3181048839801));
#2473=IFCCARTESIANPOINT((196.39999999999139,181.,1823.2718768027662));
#2474=IFCCARTESIANPOINT((194.39999999999137,179.,1818.5648780753193));
#2475=IFCCARTESIANPOINT((195.04342570833779,180.46959388649987,1818.2171864679035));
#2476=IFCCARTESIANPOINT((196.39999999999128,181.,1218.9450387025947));
#2477=IFCCARTESIANPOINT((194.94257910415413,180.36964387064273,1222.8818946508429));
#2478=IFCCARTESIANPOINT((195.06741800355181,180.49138366049064,1237.1569085057376));
#2479=IFCCARTESIANPOINT((196.39999999999137,181.,1792.943749999999));
#2480=IFCCARTESIANPOINT((195.10879617713317,180.52734825362458,1805.8612694940457));
#2481=IFCCARTESIANPOINT((194.39999999999137,179.,1790.2224186347821));
#2482=IFCCARTESIANPOINT((194.39999999999134,179.,1469.0687498768536));
#2483=IFCCARTESIANPOINT((196.39999999999137,181.,1469.4437499999999));
#2484=IFCCARTESIANPOINT((196.39999999999137,181.,1509.8812499999997));
#2485=IFCCARTESIANPOINT((194.39999999999139,179.,1509.7562486453933));
#2486=IFCCARTESIANPOINT((194.39999999999137,179.,1591.1312501231455));
#2487=IFCCARTESIANPOINT((196.39999999999137,181.,1590.7562499999995));
#2488=IFCCARTESIANPOINT((196.39999999999131,181.,1348.1312499999999));
#2489=IFCCARTESIANPOINT((194.39999999999137,179.,1347.0062496305618));
#2490=IFCCARTESIANPOINT((194.39999999999139,179.,1672.5062516008977));
#2491=IFCCARTESIANPOINT((196.39999999999137,181.,1671.6312499999992));
#2492=IFCCARTESIANPOINT((196.39999999999137,181.,1631.1937499999995));
#2493=IFCCARTESIANPOINT((194.39999999999137,179.,1631.8187488916853));
#2494=IFCCARTESIANPOINT((196.39999999999137,181.,1712.0687499999992));
#2495=IFCCARTESIANPOINT((194.39999999999137,179.,1713.1937503694376));
#2496=IFCCARTESIANPOINT((194.39999999999139,179.,1387.6937483991017));
#2497=IFCCARTESIANPOINT((196.39999999999131,181.,1388.5687499999999));
#2498=IFCCARTESIANPOINT((196.39999999999131,181.,1307.6937500000001));
#2499=IFCCARTESIANPOINT((194.39999999999137,179.,1306.3187469213494));
#2500=IFCCARTESIANPOINT((195.04531432744074,180.47133501575925,1782.2237080650436));
#2501=IFCCARTESIANPOINT((196.39999999999139,181.,1803.0531231972323));
#2502=IFCCARTESIANPOINT((194.96746843617461,180.39565515750891,1770.7099700395217));
#2503=IFCCARTESIANPOINT((196.39999999999137,181.,1752.506249999999));
#2504=IFCCARTESIANPOINT((196.39999999999139,181.,1762.6156231972323));
#2505=IFCCARTESIANPOINT((195.01273269822772,180.44065590390986,1757.5609351125875));
#2506=IFCCARTESIANPOINT((194.99589155229455,180.42424698248553,1742.9024669665234));
#2507=IFCCARTESIANPOINT((194.39999999999137,179.,1764.0531218597757));
#2508=IFCCARTESIANPOINT((194.96110105386461,180.38908956617192,1793.6417345909392));
#2509=IFCCARTESIANPOINT((194.96706076068565,180.39523658799163,1248.5856273639056));
#2510=IFCCARTESIANPOINT((196.39999999999131,181.,1267.2562500000001));
#2511=IFCCARTESIANPOINT((196.39999999999128,181.,1257.1468768027673));
#2512=IFCCARTESIANPOINT((195.01676275368104,180.44452577700531,1262.201562164933));
#2513=IFCCARTESIANPOINT((194.99954513159489,180.42783968343696,1276.7801640763512));
#2514=IFCCARTESIANPOINT((194.39999999999137,179.,1255.459375431011));
#2515=IFCCARTESIANPOINT((196.39999999999131,181.,1429.0062499999999));
#2516=IFCCARTESIANPOINT((195.01326791426715,180.44117109408839,1418.8968738317374));
#2517=IFCCARTESIANPOINT((194.39999999999137,179.,1550.4437474139334));
#2518=IFCCARTESIANPOINT((196.39999999999128,181.,1236.9281231972332));
#2519=IFCCARTESIANPOINT((194.9639044000015,180.39198758173418,1458.89687352437));
#2520=IFCCARTESIANPOINT((194.96923938644326,180.39747059601694,1479.2406234058494));
#2521=IFCCARTESIANPOINT((194.98578637605422,180.41421350081353,1519.9906233043478));
#2522=IFCCARTESIANPOINT((194.99138055911436,180.41978564255174,1499.7718734084469));
#2523=IFCCARTESIANPOINT((194.96390439427893,180.39198757583029,1601.3031227170081));
#2524=IFCCARTESIANPOINT((194.99692666303622,180.42526671578983,1580.6468730015199));
#2525=IFCCARTESIANPOINT((195.02914550371764,180.45628223571507,1358.2406241533743));
#2526=IFCCARTESIANPOINT((195.03433117326028,180.4611463498596,1338.0218742610502));
#2527=IFCCARTESIANPOINT((194.9434483648923,180.37056825233279,1682.6781223322987));
#2528=IFCCARTESIANPOINT((195.01861303060821,180.44629528134175,1661.5218726449089));
#2529=IFCCARTESIANPOINT((195.00787120004898,180.43595870566807,1621.0843728123441));
#2530=IFCCARTESIANPOINT((194.95350103663031,180.38117368531545,1641.9906225087348));
#2531=IFCCARTESIANPOINT((195.02914546839909,180.45628220246829,1701.9593725265709));
#2532=IFCCARTESIANPOINT((194.93374066989043,180.36017777400755,1723.3656222344287));
#2533=IFCCARTESIANPOINT((194.94344837967495,180.37056826804283,1377.5218740031157));
#2534=IFCCARTESIANPOINT((194.94843123847986,180.37584451542179,1397.8656238828994));
#2535=IFCCARTESIANPOINT((195.039462096113,180.46592517275727,1317.8031243688984));
#2536=IFCCARTESIANPOINT((195.04453750500033,180.47061940171005,1297.5843744768929));
#2537=IFCCARTESIANPOINT((196.39999999999139,181.,1782.8343768027662));
#2538=IFCCARTESIANPOINT((194.39999999999137,179.,1743.7093764161784));
#2539=IFCCARTESIANPOINT((196.39999999999137,181.,1742.3968768027664));
#2540=IFCCARTESIANPOINT((194.39999999999137,179.,1275.8031208746083));
#2541=IFCCARTESIANPOINT((196.39999999999128,181.,1277.3656231972332));
#2542=IFCCARTESIANPOINT((194.95865852961853,180.38655499919614,1438.5531236434526));
#2543=IFCCARTESIANPOINT((196.39999999999128,181.,1418.8968768027671));
#2544=IFCCARTESIANPOINT((194.39999999999134,179.,1418.2093783865153));
#2545=IFCCARTESIANPOINT((194.98578636081987,180.41421348557918,1540.2093732016031));
#2546=IFCCARTESIANPOINT((194.97466422310063,180.40300318001346,1560.6156229402429));
#2547=IFCCARTESIANPOINT((194.39999999999137,179.,1458.8968771550549));
#2548=IFCCARTESIANPOINT((196.39999999999131,181.,1459.3343768027669));
#2549=IFCCARTESIANPOINT((194.39999999999137,179.,1479.2406225986524));
#2550=IFCCARTESIANPOINT((196.39999999999131,181.,1479.5531231972327));
#2551=IFCCARTESIANPOINT((195.08305220369112,180.50520712921295,1469.0656911756025));
#2552=IFCCARTESIANPOINT((196.39999999999131,181.,1519.9906231972327));
#2553=IFCCARTESIANPOINT((194.39999999999137,179.,1519.928121367192));
#2554=IFCCARTESIANPOINT((196.39999999999131,181.,1499.7718768027669));
#2555=IFCCARTESIANPOINT((195.07485728372745,180.49799759063427,1489.4961613045562));
#2556=IFCCARTESIANPOINT((194.39999999999137,179.,1499.5843759235947));
#2557=IFCCARTESIANPOINT((194.88864582246742,180.30988875485389,1509.8783513295671));
#2558=IFCCARTESIANPOINT((194.39999999999137,179.,1601.3031267856165));
#2559=IFCCARTESIANPOINT((196.39999999999137,181.,1600.8656231972327));
#2560=IFCCARTESIANPOINT((196.39999999999137,181.,1580.6468768027667));
#2561=IFCCARTESIANPOINT((194.39999999999137,179.,1580.9593734606742));
#2562=IFCCARTESIANPOINT((194.90665339090737,180.33038186440933,1590.9626392374987));
#2563=IFCCARTESIANPOINT((196.39999999999131,181.,1358.2406231972332));
#2564=IFCCARTESIANPOINT((194.39999999999137,179.,1357.1781262930331));
#2565=IFCCARTESIANPOINT((196.39999999999128,181.,1338.0218768027671));
#2566=IFCCARTESIANPOINT((194.39999999999134,179.,1336.8343729680903));
#2567=IFCCARTESIANPOINT((194.88797496213951,180.30911431316014,1348.1275536742628));
#2568=IFCCARTESIANPOINT((194.39999999999137,179.,1682.678124322696));
#2569=IFCCARTESIANPOINT((196.39999999999137,181.,1681.7406231972323));
#2570=IFCCARTESIANPOINT((196.39999999999137,181.,1661.5218768027664));
#2571=IFCCARTESIANPOINT((194.39999999999137,179.,1662.3343788790989));
#2572=IFCCARTESIANPOINT((194.92867805652247,180.35469987033258,1672.0808364837173));
#2573=IFCCARTESIANPOINT((196.39999999999137,181.,1621.0843768027667));
#2574=IFCCARTESIANPOINT((194.39999999999137,179.,1621.6468722292141));
#2575=IFCCARTESIANPOINT((194.39999999999137,179.,1641.9906255541564));
#2576=IFCCARTESIANPOINT((196.39999999999137,181.,1641.3031231972323));
#2577=IFCCARTESIANPOINT((195.05695495465832,180.48196828785896,1631.5572887143935));
#2578=IFCCARTESIANPOINT((196.39999999999137,181.,1701.9593768027664));
#2579=IFCCARTESIANPOINT((194.39999999999134,179.,1703.0218776476386));
#2580=IFCCARTESIANPOINT((194.39999999999139,179.,1723.3656230912361));
#2581=IFCCARTESIANPOINT((196.39999999999139,181.,1722.1781231972323));
#2582=IFCCARTESIANPOINT((195.03304761931739,180.45994561165233,1712.6859062578994));
#2583=IFCCARTESIANPOINT((194.39999999999137,179.,1377.5218717366301));
#2584=IFCCARTESIANPOINT((196.39999999999128,181.,1378.4593768027671));
#2585=IFCCARTESIANPOINT((194.39999999999137,179.,1397.8656250615727));
#2586=IFCCARTESIANPOINT((194.92310193513194,180.34861859175473,1408.3996873333956));
#2587=IFCCARTESIANPOINT((196.39999999999131,181.,1398.6781231972329));
#2588=IFCCARTESIANPOINT((195.08350434832286,180.50560260332915,1387.6902993601882));
#2589=IFCCARTESIANPOINT((196.39999999999131,181.,1317.8031231972332));
#2590=IFCCARTESIANPOINT((194.39999999999137,179.,1316.4906196431482));
#2591=IFCCARTESIANPOINT((194.88740492015793,180.30845562571892,1327.9087155787586));
#2592=IFCCARTESIANPOINT((196.39999999999128,181.,1297.5843768027673));
#2593=IFCCARTESIANPOINT((195.06419638054265,180.48849880425919,1287.1735638581044));
#2594=IFCCARTESIANPOINT((194.39999999999139,179.,1296.1468741995507));
#2595=IFCCARTESIANPOINT((194.88672886457167,180.30767368663493,1307.6898802719904));
#2596=IFCCARTESIANPOINT((194.39999999999139,179.,1438.5531238301123));
#2597=IFCCARTESIANPOINT((194.89194280191828,180.31368317616986,1448.7269265908942));
#2598=IFCCARTESIANPOINT((196.39999999999131,181.,1439.1156231972327));
#2599=IFCCARTESIANPOINT((196.39999999999137,181.,1540.2093768027669));
#2600=IFCCARTESIANPOINT((195.0903186083298,180.51153387403292,1530.0999982637409));
#2601=IFCCARTESIANPOINT((194.39999999999137,179.,1540.2718746921346));
#2602=IFCCARTESIANPOINT((194.39999999999137,179.,1560.6156201357317));
#2603=IFCCARTESIANPOINT((196.39999999999137,181.,1560.4281231972327));
#2604=IFCCARTESIANPOINT((195.08081794983488,180.50324938668152,1550.4179104387413));
#2605=IFCCARTESIANPOINT((194.39999999999102,175.,1855.5999999999995));
#2606=IFCCARTESIANPOINT((194.39999999999097,175.,1204.5999999999999));
#2607=IFCCARTESIANPOINT((329.39999999999145,175.,1212.6000000000001));
#2608=IFCCARTESIANPOINT((329.39999999999122,155.,1212.6000000000001));
#2609=IFCCARTESIANPOINT((317.39999999999128,155.,1224.6000000000001));
#2610=IFCCARTESIANPOINT((317.39999999999134,176.,1224.6000000000001));
#2611=IFCCARTESIANPOINT((318.86446609405851,179.53553390593703,1223.135533905933));
#2612=IFCCARTESIANPOINT((322.39999999999128,181.,1219.6000000000001));
#2613=IFCCARTESIANPOINT((278.36155603865592,176.,1224.6000000000001));
#2614=IFCCARTESIANPOINT((265.89999942295225,181.,1219.6000000000001));
#2615=IFCCARTESIANPOINT((253.43844323922627,176.,1224.6000000000001));
#2616=IFCCARTESIANPOINT((265.90000240556435,179.39479820524267,1223.2708779802265));
#2617=IFCCARTESIANPOINT((248.43844370445268,181.,1219.6000000000001));
#2618=IFCCARTESIANPOINT((283.36155514145179,181.,1219.6000000000001));
#2619=IFCCARTESIANPOINT((239.30202137995263,178.99338586869766,1223.6049520647705));
#2620=IFCCARTESIANPOINT((292.49798178624968,178.99338581336812,1223.604952106125));
#2621=IFCCARTESIANPOINT((335.39999999999117,181.,1206.6000000000004));
#2622=IFCCARTESIANPOINT((336.81421356236422,180.41421356237737,1205.1857864376273));
#2623=IFCCARTESIANPOINT((337.39999999999151,179.,1204.6000000000004));
#2624=IFCCARTESIANPOINT((286.01984105437526,181.,1206.6000000000004));
#2625=IFCCARTESIANPOINT((265.89999949278223,179.,1204.6000000000004));
#2626=IFCCARTESIANPOINT((243.78015891763567,179.,1204.6000000000004));
#2627=IFCCARTESIANPOINT((301.6499992391777,179.,1204.6000000000006));
#2628=IFCCARTESIANPOINT((241.20992112779399,181.,1206.6000000000004));
#2629=IFCCARTESIANPOINT((263.61488169169536,181.,1206.6000000000001));
#2630=IFCCARTESIANPOINT((310.70991992657258,181.,1206.6000000000001));
#2631=IFCCARTESIANPOINT((219.09007945881348,179.,1204.6000000000004));
#2632=IFCCARTESIANPOINT((218.80496056389262,181.,1206.6000000000004));
#2633=IFCCARTESIANPOINT((230.00744084584329,181.,1206.6000000000004));
#2634=IFCCARTESIANPOINT((312.70992054116931,179.,1204.6000000000004));
#2635=IFCCARTESIANPOINT((323.05495996328182,181.,1206.6000000000004));
#2636=IFCCARTESIANPOINT((206.74503922219327,179.,1204.6000000000004));
#2637=IFCCARTESIANPOINT((231.4351196954338,179.,1204.6000000000004));
#2638=IFCCARTESIANPOINT((325.05495976337124,179.,1204.6000000000004));
#2639=IFCCARTESIANPOINT((208.74503883547919,181.,1206.6000000000004));
#2640=IFCCARTESIANPOINT((213.77500044304099,180.40764196075372,1205.1792452321611));
#2641=IFCCARTESIANPOINT((307.17996058562107,180.37336778747505,1205.1460877191739));
#2642=IFCCARTESIANPOINT((283.77499936598002,179.,1204.6000000000004));
#2643=IFCCARTESIANPOINT((274.81736197364597,181.,1206.6000000000001));
#2644=IFCCARTESIANPOINT((293.53856109566419,180.39347117801731,1205.1653439171544));
#2645=IFCCARTESIANPOINT((235.60868134140475,180.44489138280281,1205.217144659802));
#2646=IFCCARTESIANPOINT((280.41860192992181,180.45819793735154,1205.2311834397863));
#2647=IFCCARTESIANPOINT((248.26493372837598,180.4785829095953,1205.2532288318112));
#2648=IFCCARTESIANPOINT((298.36488109108461,181.,1206.6000000000004));
#2649=IFCCARTESIANPOINT((224.72264579871347,180.24048978194466,1205.0311835349855));
#2650=IFCCARTESIANPOINT((254.84007920520898,179.,1204.6000000000004));
#2651=IFCCARTESIANPOINT((260.37004060026243,180.36894722944609,1205.1419247334231));
#2652=IFCCARTESIANPOINT((252.41240140974466,181.,1206.6000000000004));
#2653=IFCCARTESIANPOINT((325.50009833544857,180.42700430794156,1205.1986939288195));
#2654=IFCCARTESIANPOINT((337.39999999999151,175.,1204.5999999999999));
#2655=IFCCARTESIANPOINT((329.39999999999151,175.,1847.5999999999997));
#2656=IFCCARTESIANPOINT((329.39999999999145,155.,1847.5999999999997));
#2657=IFCCARTESIANPOINT((317.39999999999111,155.,1835.5999999999992));
#2658=IFCCARTESIANPOINT((317.39999999999117,176.,1835.5999999999992));
#2659=IFCCARTESIANPOINT((318.86446609405863,179.53553390593714,1837.0644660940668));
#2660=IFCCARTESIANPOINT((322.39999999999105,181.,1840.599999999999));
#2661=IFCCARTESIANPOINT((322.39999999999111,181.,1531.9075448323779));
#2662=IFCCARTESIANPOINT((322.39999999999111,181.,1375.7537724161891));
#2663=IFCCARTESIANPOINT((322.39999999999111,181.,1684.4462275838102));
#2664=IFCCARTESIANPOINT((317.39999999999128,176.,1530.0999981954585));
#2665=IFCCARTESIANPOINT((317.39999999999134,176.,1377.3500009022707));
#2666=IFCCARTESIANPOINT((317.39999999999134,176.,1682.8499990977291));
#2667=IFCCARTESIANPOINT((322.39999999999105,181.,1762.5231062910341));
#2668=IFCCARTESIANPOINT((317.39999999999134,176.,1759.2249977443232));
#2669=IFCCARTESIANPOINT((317.39999999999128,176.,1796.5615565894198));
#2670=IFCCARTESIANPOINT((322.39999999999122,181.,1297.6768937089655));
#2671=IFCCARTESIANPOINT((317.39999999999128,176.,1300.974998646594));
#2672=IFCCARTESIANPOINT((317.39999999999134,176.,1339.1624997744325));
#2673=IFCCARTESIANPOINT((322.39999999999122,181.,1258.6384468544829));
#2674=IFCCARTESIANPOINT((317.39999999999128,176.,1453.7249995488646));
#2675=IFCCARTESIANPOINT((322.39999999999111,181.,1453.8306511234127));
#2676=IFCCARTESIANPOINT((322.39999999999111,181.,1414.7922192706717));
#2677=IFCCARTESIANPOINT((322.39999999999111,181.,1608.1768787072235));
#2678=IFCCARTESIANPOINT((317.39999999999128,176.,1606.4750004511352));
#2679=IFCCARTESIANPOINT((317.39999999999128,176.,1644.6625015789734));
#2680=IFCCARTESIANPOINT((322.39999999999105,181.,1801.5615531455164));
#2681=IFCCARTESIANPOINT((317.39999999999128,176.,1262.787497518756));
#2682=IFCCARTESIANPOINT((322.39999999999122,181.,1336.7153255617065));
#2683=IFCCARTESIANPOINT((322.39999999999111,181.,1646.3115456446462));
#2684=IFCCARTESIANPOINT((318.91836557386847,179.58862393165791,1627.2442241682927));
#2685=IFCCARTESIANPOINT((318.82864623635987,179.49934740987894,1657.7646058431333));
#2686=IFCCARTESIANPOINT((318.89381791330487,179.56464404604867,1597.6672791169333));
#2687=IFCCARTESIANPOINT((317.39999999999128,176.,1568.2874993232967));
#2688=IFCCARTESIANPOINT((322.39999999999111,181.,1570.0422117698006));
#2689=IFCCARTESIANPOINT((318.76607107993203,179.43432098150225,1777.8932792238168));
#2690=IFCCARTESIANPOINT((322.39999999999105,181.,1723.4846744382928));
#2691=IFCCARTESIANPOINT((318.95008942050026,179.61913207738365,1746.4462248133796));
#2692=IFCCARTESIANPOINT((317.39999999999128,176.,1721.0374966164848));
#2693=IFCCARTESIANPOINT((318.79392184934994,179.46355314258301,1807.0768674646511));
#2694=IFCCARTESIANPOINT((318.81291651683256,179.48322150959137,1358.2562548815713));
#2695=IFCCARTESIANPOINT((318.89923486156493,179.56996406783173,1388.7412590646884));
#2696=IFCCARTESIANPOINT((317.39999999999128,176.,1415.537502030109));
#2697=IFCCARTESIANPOINT((318.86806543387246,179.53912958517844,1434.6312541442385));
#2698=IFCCARTESIANPOINT((318.82510621491309,179.49573088572896,1328.8432130467004));
#2699=IFCCARTESIANPOINT((318.8624345484688,179.53350119233389,1464.5934287715847));
#2700=IFCCARTESIANPOINT((322.39999999999111,181.,1492.8690979778953));
#2701=IFCCARTESIANPOINT((317.39999999999128,176.,1491.9124970676205));
#2702=IFCCARTESIANPOINT((318.83294149655569,179.5037256789164,1511.0062533837552));
#2703=IFCCARTESIANPOINT((318.83391786910101,179.50471942325996,1540.5491069723114));
#2704=IFCCARTESIANPOINT((318.81291647825054,179.4832214698589,1701.9437514766091));
#2705=IFCCARTESIANPOINT((318.76364796976793,179.43175522325237,1281.8812552503148));
#2706=IFCCARTESIANPOINT((318.80620522895788,179.47629675714305,1252.7501196861356));
#2707=IFCCARTESIANPOINT((318.86277182151048,179.53383882108284,1569.7079694042347));
#2708=IFCCARTESIANPOINT((335.39999999999105,181.,1853.599999999999));
#2709=IFCCARTESIANPOINT((336.81421356236422,180.41421356237737,1855.0142135623723));
#2710=IFCCARTESIANPOINT((337.39999999999117,179.,1855.5999999999995));
#2711=IFCCARTESIANPOINT((337.39999999999117,179.,1530.0999999999997));
#2712=IFCCARTESIANPOINT((337.39999999999117,179.,1367.3500000000001));
#2713=IFCCARTESIANPOINT((337.39999999999117,179.,1692.8499999999997));
#2714=IFCCARTESIANPOINT((335.39999999999111,181.,1530.0999981972341));
#2715=IFCCARTESIANPOINT((335.39999999999111,181.,1368.3499990986172));
#2716=IFCCARTESIANPOINT((335.39999999999105,181.,1691.8499972958509));
#2717=IFCCARTESIANPOINT((335.39999999999105,181.,1772.7250004506905));
#2718=IFCCARTESIANPOINT((337.39999999999117,179.,1774.2249999999997));
#2719=IFCCARTESIANPOINT((337.39999999999117,179.,1733.5374999999995));
#2720=IFCCARTESIANPOINT((335.39999999999105,181.,1732.2874988732708));
#2721=IFCCARTESIANPOINT((335.39999999999117,181.,1287.4749995493087));
#2722=IFCCARTESIANPOINT((337.39999999999117,179.,1285.9750000000004));
#2723=IFCCARTESIANPOINT((337.39999999999117,179.,1253.9801619053342));
#2724=IFCCARTESIANPOINT((335.39999999999117,181.,1247.03750157742));
#2725=IFCCARTESIANPOINT((335.39999999999105,181.,1610.9749977465424));
#2726=IFCCARTESIANPOINT((337.39999999999117,179.,1611.4749999999997));
#2727=IFCCARTESIANPOINT((337.39999999999117,179.,1570.7874999999997));
#2728=IFCCARTESIANPOINT((335.39999999999105,181.,1570.537499774654));
#2729=IFCCARTESIANPOINT((335.39999999999111,181.,1449.2249986479255));
#2730=IFCCARTESIANPOINT((337.39999999999117,179.,1448.7249999999999));
#2731=IFCCARTESIANPOINT((337.39999999999117,179.,1408.0375000000001));
#2732=IFCCARTESIANPOINT((335.39999999999111,181.,1408.7875006760371));
#2733=IFCCARTESIANPOINT((335.39999999999105,181.,1813.1625020281103));
#2734=IFCCARTESIANPOINT((337.39999999999117,179.,1814.9124999999995));
#2735=IFCCARTESIANPOINT((337.39999999999117,179.,1794.5687519703356));
#2736=IFCCARTESIANPOINT((337.39999999999117,179.,1229.2900809526673));
#2737=IFCCARTESIANPOINT((335.39999999999117,181.,1226.8187507887103));
#2738=IFCCARTESIANPOINT((337.39999999999117,179.,1830.9099229880046));
#2739=IFCCARTESIANPOINT((335.39999999999105,181.,1833.3812528168201));
#2740=IFCCARTESIANPOINT((335.39999999999117,181.,1327.9124975211973));
#2741=IFCCARTESIANPOINT((337.39999999999117,179.,1326.6625000000004));
#2742=IFCCARTESIANPOINT((337.39999999999117,179.,1306.3187519703363));
#2743=IFCCARTESIANPOINT((335.39999999999105,181.,1651.4124957184315));
#2744=IFCCARTESIANPOINT((337.39999999999117,179.,1652.1624999999997));
#2745=IFCCARTESIANPOINT((337.39999999999111,179.,1631.8187519703361));
#2746=IFCCARTESIANPOINT((337.39999999999117,179.,1489.4125000000001));
#2747=IFCCARTESIANPOINT((335.39999999999111,181.,1489.6624966198146));
#2748=IFCCARTESIANPOINT((335.39999999999111,181.,1509.8812474085244));
#2749=IFCCARTESIANPOINT((337.39999999999117,179.,1216.9450385059977));
#2750=IFCCARTESIANPOINT((337.39999999999117,179.,1843.2549614940021));
#2751=IFCCARTESIANPOINT((335.39999999999117,181.,1218.9450389935396));
#2752=IFCCARTESIANPOINT((336.8574208543414,180.36964391478827,1222.8818951160195));
#2753=IFCCARTESIANPOINT((335.39999999999117,181.,1236.9281261830652));
#2754=IFCCARTESIANPOINT((337.39999999999117,179.,1241.6351233993366));
#2755=IFCCARTESIANPOINT((336.75657429164477,180.46959388649958,1241.9828135320959));
#2756=IFCCARTESIANPOINT((335.39999999999105,181.,1841.2549610064596));
#2757=IFCCARTESIANPOINT((336.85742089582834,180.36964387064262,1837.3181053491564));
#2758=IFCCARTESIANPOINT((336.73258199643067,180.49138366049044,1823.0430914942608));
#2759=IFCCARTESIANPOINT((335.39999999999117,181.,1267.25625236613));
#2760=IFCCARTESIANPOINT((336.69120382284933,180.52734825362433,1254.3387305059534));
#2761=IFCCARTESIANPOINT((337.39999999999117,179.,1269.977580952667));
#2762=IFCCARTESIANPOINT((337.39999999999117,179.,1591.1312480296638));
#2763=IFCCARTESIANPOINT((335.39999999999105,181.,1590.7562505633639));
#2764=IFCCARTESIANPOINT((335.39999999999105,181.,1550.3187489859442));
#2765=IFCCARTESIANPOINT((337.39999999999117,179.,1550.4437519703363));
#2766=IFCCARTESIANPOINT((337.39999999999117,179.,1469.0687519703361));
#2767=IFCCARTESIANPOINT((335.39999999999111,181.,1469.4437458311045));
#2768=IFCCARTESIANPOINT((335.39999999999105,181.,1712.0687480845609));
#2769=IFCCARTESIANPOINT((337.39999999999117,179.,1713.1937519703356));
#2770=IFCCARTESIANPOINT((337.39999999999117,179.,1387.6937519703363));
#2771=IFCCARTESIANPOINT((335.39999999999111,181.,1388.5687498873272));
#2772=IFCCARTESIANPOINT((335.39999999999111,181.,1429.0062514647468));
#2773=IFCCARTESIANPOINT((337.39999999999117,179.,1428.3812480296638));
#2774=IFCCARTESIANPOINT((335.39999999999111,181.,1348.1312483099075));
#2775=IFCCARTESIANPOINT((337.39999999999117,179.,1347.006248029664));
#2776=IFCCARTESIANPOINT((337.39999999999117,179.,1672.5062480296635));
#2777=IFCCARTESIANPOINT((335.39999999999105,181.,1671.6312465071412));
#2778=IFCCARTESIANPOINT((335.39999999999105,181.,1752.5062496619807));
#2779=IFCCARTESIANPOINT((337.39999999999117,179.,1753.8812480296635));
#2780=IFCCARTESIANPOINT((336.75468567254177,180.471335015759,1277.976291934956));
#2781=IFCCARTESIANPOINT((335.39999999999117,181.,1257.1468769717753));
#2782=IFCCARTESIANPOINT((336.83253156380795,180.39565515750868,1289.4900299604776));
#2783=IFCCARTESIANPOINT((335.39999999999117,181.,1307.6937467324876));
#2784=IFCCARTESIANPOINT((335.39999999999117,181.,1297.5843713381328));
#2785=IFCCARTESIANPOINT((336.78726730175475,180.4406559039096,1302.6390648874119));
#2786=IFCCARTESIANPOINT((336.80410844768795,180.42424698248533,1317.2975330334762));
#2787=IFCCARTESIANPOINT((337.39999999999117,179.,1296.1468759851682));
#2788=IFCCARTESIANPOINT((336.83889894611792,180.38908956617169,1266.5582654090604));
#2789=IFCCARTESIANPOINT((336.83293923929676,180.39523658799146,1811.6143726360924));
#2790=IFCCARTESIANPOINT((335.39999999999105,181.,1792.9437512394006));
#2791=IFCCARTESIANPOINT((335.39999999999105,181.,1803.0531266337555));
#2792=IFCCARTESIANPOINT((336.78323724630144,180.44452577700508,1797.9984378350666));
#2793=IFCCARTESIANPOINT((336.80045486838753,180.42783968343684,1783.4198359236477));
#2794=IFCCARTESIANPOINT((337.39999999999117,179.,1804.7406279555037));
#2795=IFCCARTESIANPOINT((335.39999999999105,181.,1631.1937449297216));
#2796=IFCCARTESIANPOINT((336.78673208571536,180.44117109408819,1641.3031261682622));
#2797=IFCCARTESIANPOINT((337.39999999999117,179.,1509.7562480296638));
#2798=IFCCARTESIANPOINT((335.39999999999105,181.,1823.2718774224652));
#2799=IFCCARTESIANPOINT((336.83609559998098,180.39198758173399,1601.3031264756296));
#2800=IFCCARTESIANPOINT((336.83076061353921,180.39747059601675,1580.9593765941497));
#2801=IFCCARTESIANPOINT((336.81421362392825,180.41421350081333,1540.2093766956516));
#2802=IFCCARTESIANPOINT((336.80861944086809,180.41978564255155,1560.4281265915524));
#2803=IFCCARTESIANPOINT((336.83609560570358,180.39198757583006,1458.8968772829915));
#2804=IFCCARTESIANPOINT((336.80307333694628,180.4252667157896,1479.5531269984797));
#2805=IFCCARTESIANPOINT((336.7708544962648,180.45628223571489,1701.9593758466253));
#2806=IFCCARTESIANPOINT((336.76566882672222,180.46114634985943,1722.1781257389493));
#2807=IFCCARTESIANPOINT((336.85655163509017,180.37056825233259,1377.5218776677009));
#2808=IFCCARTESIANPOINT((336.78138696937424,180.44629528134149,1398.6781273550907));
#2809=IFCCARTESIANPOINT((336.79212879993349,180.43595870566784,1439.1156271876555));
#2810=IFCCARTESIANPOINT((336.84649896335213,180.38117368531522,1418.2093774912646));
#2811=IFCCARTESIANPOINT((336.77085453158344,180.45628220246809,1358.2406274734287));
#2812=IFCCARTESIANPOINT((336.86625933009208,180.3601777740073,1336.8343777655707));
#2813=IFCCARTESIANPOINT((336.85655162030753,180.37056826804263,1682.6781259968836));
#2814=IFCCARTESIANPOINT((336.85156876150262,180.37584451542162,1662.3343761171002));
#2815=IFCCARTESIANPOINT((336.76053790386948,180.46592517275704,1742.3968756311012));
#2816=IFCCARTESIANPOINT((336.75546249498205,180.47061940170983,1762.6156255231065));
#2817=IFCCARTESIANPOINT((335.39999999999117,181.,1277.3656277604848));
#2818=IFCCARTESIANPOINT((337.39999999999117,179.,1316.4906279555044));
#2819=IFCCARTESIANPOINT((335.39999999999117,181.,1317.8031221268425));
#2820=IFCCARTESIANPOINT((337.39999999999117,179.,1784.3968759851675));
#2821=IFCCARTESIANPOINT((335.39999999999105,181.,1782.8343758450455));
#2822=IFCCARTESIANPOINT((336.84134147036394,180.38655499919599,1621.646876356547));
#2823=IFCCARTESIANPOINT((335.39999999999105,181.,1641.3031203240764));
#2824=IFCCARTESIANPOINT((337.39999999999117,179.,1641.9906279555039));
#2825=IFCCARTESIANPOINT((336.81421363916263,180.41421348557895,1519.9906267983961));
#2826=IFCCARTESIANPOINT((336.8253357768819,180.40300318001323,1499.5843770597567));
#2827=IFCCARTESIANPOINT((337.39999999999117,179.,1601.3031240148316));
#2828=IFCCARTESIANPOINT((335.39999999999105,181.,1600.8656259577187));
#2829=IFCCARTESIANPOINT((337.39999999999117,179.,1580.9593720444957));
#2830=IFCCARTESIANPOINT((335.39999999999105,181.,1580.646875169009));
#2831=IFCCARTESIANPOINT((336.71694779629132,180.50520712921278,1591.1343088243971));
#2832=IFCCARTESIANPOINT((335.39999999999111,181.,1540.2093735915892));
#2833=IFCCARTESIANPOINT((337.39999999999117,179.,1540.271875985168));
#2834=IFCCARTESIANPOINT((335.39999999999105,181.,1560.4281243802991));
#2835=IFCCARTESIANPOINT((336.72514271625505,180.4979975906341,1570.7038386954432));
#2836=IFCCARTESIANPOINT((337.39999999999117,179.,1560.6156279555041));
#2837=IFCCARTESIANPOINT((336.91135417751508,180.30988875485366,1550.3216486704321));
#2838=IFCCARTESIANPOINT((337.39999999999117,179.,1458.8968759851682));
#2839=IFCCARTESIANPOINT((335.39999999999111,181.,1459.3343704367496));
#2840=IFCCARTESIANPOINT((335.39999999999111,181.,1479.5531212254593));
#2841=IFCCARTESIANPOINT((337.39999999999117,179.,1479.2406279555041));
#2842=IFCCARTESIANPOINT((336.89334660907514,180.33038186440911,1469.2373607625004));
#2843=IFCCARTESIANPOINT((335.39999999999105,181.,1701.9593726902062));
#2844=IFCCARTESIANPOINT((337.39999999999117,179.,1703.0218759851678));
#2845=IFCCARTESIANPOINT((335.39999999999105,181.,1722.1781234789159));
#2846=IFCCARTESIANPOINT((337.39999999999117,179.,1723.3656279555039));
#2847=IFCCARTESIANPOINT((336.91202503784308,180.30911431315991,1712.0724463257363));
#2848=IFCCARTESIANPOINT((337.39999999999117,179.,1377.5218759851682));
#2849=IFCCARTESIANPOINT((335.39999999999111,181.,1378.4593744929723));
#2850=IFCCARTESIANPOINT((335.39999999999111,181.,1398.678125281682));
#2851=IFCCARTESIANPOINT((337.39999999999117,179.,1397.8656279555041));
#2852=IFCCARTESIANPOINT((336.87132194346009,180.35469987033233,1388.119163516282));
#2853=IFCCARTESIANPOINT((335.39999999999111,181.,1439.1156268591019));
#2854=IFCCARTESIANPOINT((337.39999999999117,179.,1438.5531240148321));
#2855=IFCCARTESIANPOINT((337.39999999999117,179.,1418.2093720444961));
#2856=IFCCARTESIANPOINT((335.39999999999111,181.,1418.8968760703917));
#2857=IFCCARTESIANPOINT((336.74304504532421,180.48196828785876,1428.6427112856061));
#2858=IFCCARTESIANPOINT((335.39999999999111,181.,1358.2406237042624));
#2859=IFCCARTESIANPOINT((337.39999999999117,179.,1357.1781240148318));
#2860=IFCCARTESIANPOINT((337.39999999999117,179.,1336.8343720444961));
#2861=IFCCARTESIANPOINT((335.39999999999111,181.,1338.0218729155526));
#2862=IFCCARTESIANPOINT((336.76695238066515,180.45994561165207,1347.5140937420999));
#2863=IFCCARTESIANPOINT((337.39999999999117,179.,1682.6781240148314));
#2864=IFCCARTESIANPOINT((335.39999999999105,181.,1681.7406219014961));
#2865=IFCCARTESIANPOINT((337.39999999999117,179.,1662.3343720444955));
#2866=IFCCARTESIANPOINT((336.87689806485059,180.3486185917545,1651.8003126666038));
#2867=IFCCARTESIANPOINT((335.39999999999105,181.,1661.5218711127864));
#2868=IFCCARTESIANPOINT((336.71649565165956,180.50560260332898,1672.5097006398114));
#2869=IFCCARTESIANPOINT((335.39999999999105,181.,1742.3968742676259));
#2870=IFCCARTESIANPOINT((337.39999999999117,179.,1743.7093720444952));
#2871=IFCCARTESIANPOINT((336.9125950798246,180.30845562571866,1732.2912844212408));
#2872=IFCCARTESIANPOINT((335.39999999999105,181.,1762.6156250563358));
#2873=IFCCARTESIANPOINT((336.73580361943971,180.48849880425908,1773.0264361418949));
#2874=IFCCARTESIANPOINT((337.39999999999117,179.,1764.0531240148314));
#2875=IFCCARTESIANPOINT((336.91327113541081,180.30767368663464,1752.5101197280092));
#2876=IFCCARTESIANPOINT((337.39999999999117,179.,1621.646875985168));
#2877=IFCCARTESIANPOINT((336.90805719806423,180.31368317616963,1611.4730734091049));
#2878=IFCCARTESIANPOINT((335.39999999999105,181.,1621.0843695353667));
#2879=IFCCARTESIANPOINT((335.39999999999111,181.,1519.9906228028792));
#2880=IFCCARTESIANPOINT((336.70968139165262,180.51153387403272,1530.1000017362583));
#2881=IFCCARTESIANPOINT((337.39999999999117,179.,1519.9281240148321));
#2882=IFCCARTESIANPOINT((337.39999999999117,179.,1499.5843720444957));
#2883=IFCCARTESIANPOINT((335.39999999999111,181.,1499.7718720141693));
#2884=IFCCARTESIANPOINT((336.71918205014759,180.50324938668135,1509.7820895612583));
#2885=IFCCARTESIANPOINT((337.39999999999145,175.,1855.5999999999995));
#2886=IFCCARTESIANPOINT((253.43844421182447,176.,1835.5999999999997));
#2887=IFCCARTESIANPOINT((265.89999999999151,181.,1840.5999999999992));
#2888=IFCCARTESIANPOINT((278.36155578815823,176.,1835.5999999999997));
#2889=IFCCARTESIANPOINT((265.89999759441827,179.39479820524258,1836.9291220197729));
#2890=IFCCARTESIANPOINT((283.36155589449004,181.,1840.5999999999995));
#2891=IFCCARTESIANPOINT((248.43844410549292,181.,1840.5999999999992));
#2892=IFCCARTESIANPOINT((292.49797862003004,178.99338586869752,1836.5950479352293));
#2893=IFCCARTESIANPOINT((239.30201821373285,178.99338581336815,1836.5950478938748));
#2894=IFCCARTESIANPOINT((245.78015894560718,181.,1853.599999999999));
#2895=IFCCARTESIANPOINT((265.9000005072001,179.,1855.5999999999992));
#2896=IFCCARTESIANPOINT((288.01984108234672,179.,1855.5999999999992));
#2897=IFCCARTESIANPOINT((230.15000076080463,179.,1855.5999999999992));
#2898=IFCCARTESIANPOINT((290.59007887218843,181.,1853.5999999999992));
#2899=IFCCARTESIANPOINT((268.18511830828703,181.,1853.599999999999));
#2900=IFCCARTESIANPOINT((221.09008007340995,181.,1853.5999999999988));
#2901=IFCCARTESIANPOINT((312.70992054116891,179.,1855.5999999999992));
#2902=IFCCARTESIANPOINT((312.99503943608966,181.,1853.599999999999));
#2903=IFCCARTESIANPOINT((301.79255915413904,181.,1853.599999999999));
#2904=IFCCARTESIANPOINT((219.09007945881297,179.,1855.5999999999995));
#2905=IFCCARTESIANPOINT((208.74504003670069,181.,1853.599999999999));
#2906=IFCCARTESIANPOINT((325.05496077778923,179.,1855.5999999999992));
#2907=IFCCARTESIANPOINT((300.36488030454865,179.,1855.5999999999995));
#2908=IFCCARTESIANPOINT((206.74504023661109,179.,1855.5999999999992));
#2909=IFCCARTESIANPOINT((323.05496116450314,181.,1853.5999999999992));
#2910=IFCCARTESIANPOINT((318.02499955694128,180.40764196075355,1855.0207547678383));
#2911=IFCCARTESIANPOINT((224.62003941436134,180.37336778747516,1855.0539122808252));
#2912=IFCCARTESIANPOINT((248.0250006340024,179.,1855.5999999999992));
#2913=IFCCARTESIANPOINT((256.98263802633647,181.,1853.599999999999));
#2914=IFCCARTESIANPOINT((238.2614389043182,180.39347117801739,1855.034656082845));
#2915=IFCCARTESIANPOINT((296.1913186585777,180.44489138280269,1854.9828553401974));
#2916=IFCCARTESIANPOINT((251.3813980700607,180.45819793735157,1854.9688165602131));
#2917=IFCCARTESIANPOINT((283.53506627160641,180.47858290959522,1854.9467711681882));
#2918=IFCCARTESIANPOINT((233.43511890889786,181.,1853.599999999999));
#2919=IFCCARTESIANPOINT((307.07735420126892,180.24048978194452,1855.1688164650141));
#2920=IFCCARTESIANPOINT((276.95992079477344,179.,1855.5999999999992));
#2921=IFCCARTESIANPOINT((271.42995939971991,180.36894722944606,1855.0580752665762));
#2922=IFCCARTESIANPOINT((279.38759859023776,181.,1853.599999999999));
#2923=IFCCARTESIANPOINT((206.29990166453393,180.42700430794173,1855.0013060711799));
#2924=IFCPOLYLOOP((#2366,#2367,#2368,#2369));
#2925=IFCFACEOUTERBOUND(#2924,.T.);
#2926=IFCFACE((#2925));
#2927=IFCPOLYLOOP((#2370,#2371,#2372,#2373,#2386,#2385,#2409,#2383,#2396,#2395,#2404,#2381,#2418,#2391,#2413,#2382,#2389,#2388,#2398));
#2928=IFCFACEOUTERBOUND(#2927,.T.);
#2929=IFCFACE((#2928));
#2930=IFCPOLYLOOP((#2406,#2397,#2384));
#2931=IFCFACEOUTERBOUND(#2930,.T.);
#2932=IFCFACE((#2931));
#2933=IFCPOLYLOOP((#2399,#2415,#2411));
#2934=IFCFACEOUTERBOUND(#2933,.T.);
#2935=IFCFACE((#2934));
#2936=IFCPOLYLOOP((#2398,#2422,#2423));
#2937=IFCFACEOUTERBOUND(#2936,.T.);
#2938=IFCFACE((#2937));
#2939=IFCPOLYLOOP((#2384,#2408,#2406));
#2940=IFCFACEOUTERBOUND(#2939,.T.);
#2941=IFCFACE((#2940));
#2942=IFCPOLYLOOP((#2422,#2398,#2388));
#2943=IFCFACEOUTERBOUND(#2942,.T.);
#2944=IFCFACE((#2943));
#2945=IFCPOLYLOOP((#2400,#2401,#2402));
#2946=IFCFACEOUTERBOUND(#2945,.T.);
#2947=IFCFACE((#2946));
#2948=IFCPOLYLOOP((#2389,#2382,#2411));
#2949=IFCFACEOUTERBOUND(#2948,.T.);
#2950=IFCFACE((#2949));
#2951=IFCPOLYLOOP((#2392,#2393,#2414));
#2952=IFCFACEOUTERBOUND(#2951,.T.);
#2953=IFCFACE((#2952));
#2954=IFCPOLYLOOP((#2403,#2405,#2424));
#2955=IFCFACEOUTERBOUND(#2954,.T.);
#2956=IFCFACE((#2955));
#2957=IFCPOLYLOOP((#2418,#2419,#2416));
#2958=IFCFACEOUTERBOUND(#2957,.T.);
#2959=IFCFACE((#2958));
#2960=IFCPOLYLOOP((#2421,#2408,#2407));
#2961=IFCFACEOUTERBOUND(#2960,.T.);
#2962=IFCFACE((#2961));
#2963=IFCPOLYLOOP((#2410,#2373,#2376));
#2964=IFCFACEOUTERBOUND(#2963,.T.);
#2965=IFCFACE((#2964));
#2966=IFCPOLYLOOP((#2397,#2406,#2410));
#2967=IFCFACEOUTERBOUND(#2966,.T.);
#2968=IFCFACE((#2967));
#2969=IFCPOLYLOOP((#2423,#2422,#2390));
#2970=IFCFACEOUTERBOUND(#2969,.T.);
#2971=IFCFACE((#2970));
#2972=IFCPOLYLOOP((#2392,#2414,#2416));
#2973=IFCFACEOUTERBOUND(#2972,.T.);
#2974=IFCFACE((#2973));
#2975=IFCPOLYLOOP((#2415,#2389,#2411));
#2976=IFCFACEOUTERBOUND(#2975,.T.);
#2977=IFCFACE((#2976));
#2978=IFCPOLYLOOP((#2370,#2398,#2423));
#2979=IFCFACEOUTERBOUND(#2978,.T.);
#2980=IFCFACE((#2979));
#2981=IFCPOLYLOOP((#2374,#2375,#2423));
#2982=IFCFACEOUTERBOUND(#2981,.T.);
#2983=IFCFACE((#2982));
#2984=IFCPOLYLOOP((#2412,#2379,#2411));
#2985=IFCFACEOUTERBOUND(#2984,.T.);
#2986=IFCFACE((#2985));
#2987=IFCPOLYLOOP((#2414,#2412,#2413));
#2988=IFCFACEOUTERBOUND(#2987,.T.);
#2989=IFCFACE((#2988));
#2990=IFCPOLYLOOP((#2380,#2400,#2402));
#2991=IFCFACEOUTERBOUND(#2990,.T.);
#2992=IFCFACE((#2991));
#2993=IFCPOLYLOOP((#2395,#2401,#2403));
#2994=IFCFACEOUTERBOUND(#2993,.T.);
#2995=IFCFACE((#2994));
#2996=IFCPOLYLOOP((#2395,#2396,#2401));
#2997=IFCFACEOUTERBOUND(#2996,.T.);
#2998=IFCFACE((#2997));
#2999=IFCPOLYLOOP((#2377,#2397,#2410));
#3000=IFCFACEOUTERBOUND(#2999,.T.);
#3001=IFCFACE((#3000));
#3002=IFCPOLYLOOP((#2406,#2385,#2386));
#3003=IFCFACEOUTERBOUND(#3002,.T.);
#3004=IFCFACE((#3003));
#3005=IFCPOLYLOOP((#2401,#2394,#2403));
#3006=IFCFACEOUTERBOUND(#3005,.T.);
#3007=IFCFACE((#3006));
#3008=IFCPOLYLOOP((#2415,#2387,#2422));
#3009=IFCFACEOUTERBOUND(#3008,.T.);
#3010=IFCFACE((#3009));
#3011=IFCPOLYLOOP((#2394,#2401,#2400));
#3012=IFCFACEOUTERBOUND(#3011,.T.);
#3013=IFCFACE((#3012));
#3014=IFCPOLYLOOP((#2402,#2401,#2396));
#3015=IFCFACEOUTERBOUND(#3014,.T.);
#3016=IFCFACE((#3015));
#3017=IFCPOLYLOOP((#2396,#2383,#2402));
#3018=IFCFACEOUTERBOUND(#3017,.T.);
#3019=IFCFACE((#3018));
#3020=IFCPOLYLOOP((#2402,#2383,#2421));
#3021=IFCFACEOUTERBOUND(#3020,.T.);
#3022=IFCFACE((#3021));
#3023=IFCPOLYLOOP((#2405,#2378,#2420));
#3024=IFCFACEOUTERBOUND(#3023,.T.);
#3025=IFCFACE((#3024));
#3026=IFCPOLYLOOP((#2403,#2394,#2405));
#3027=IFCFACEOUTERBOUND(#3026,.T.);
#3028=IFCFACE((#3027));
#3029=IFCPOLYLOOP((#2378,#2419,#2420));
#3030=IFCFACEOUTERBOUND(#3029,.T.);
#3031=IFCFACE((#3030));
#3032=IFCPOLYLOOP((#2404,#2395,#2403));
#3033=IFCFACEOUTERBOUND(#3032,.T.);
#3034=IFCFACE((#3033));
#3035=IFCPOLYLOOP((#2406,#2386,#2410));
#3036=IFCFACEOUTERBOUND(#3035,.T.);
#3037=IFCFACE((#3036));
#3038=IFCPOLYLOOP((#2373,#2410,#2386));
#3039=IFCFACEOUTERBOUND(#3038,.T.);
#3040=IFCFACE((#3039));
#3041=IFCPOLYLOOP((#2406,#2408,#2385));
#3042=IFCFACEOUTERBOUND(#3041,.T.);
#3043=IFCFACE((#3042));
#3044=IFCPOLYLOOP((#2384,#2407,#2408));
#3045=IFCFACEOUTERBOUND(#3044,.T.);
#3046=IFCFACE((#3045));
#3047=IFCPOLYLOOP((#2383,#2409,#2421));
#3048=IFCFACEOUTERBOUND(#3047,.T.);
#3049=IFCFACE((#3048));
#3050=IFCPOLYLOOP((#2380,#2421,#2407));
#3051=IFCFACEOUTERBOUND(#3050,.T.);
#3052=IFCFACE((#3051));
#3053=IFCPOLYLOOP((#2409,#2385,#2408));
#3054=IFCFACEOUTERBOUND(#3053,.T.);
#3055=IFCFACE((#3054));
#3056=IFCPOLYLOOP((#2377,#2410,#2376));
#3057=IFCFACEOUTERBOUND(#3056,.T.);
#3058=IFCFACE((#3057));
#3059=IFCPOLYLOOP((#2412,#2411,#2382));
#3060=IFCFACEOUTERBOUND(#3059,.T.);
#3061=IFCFACE((#3060));
#3062=IFCPOLYLOOP((#2399,#2411,#2379));
#3063=IFCFACEOUTERBOUND(#3062,.T.);
#3064=IFCFACE((#3063));
#3065=IFCPOLYLOOP((#2414,#2391,#2416));
#3066=IFCFACEOUTERBOUND(#3065,.T.);
#3067=IFCFACE((#3066));
#3068=IFCPOLYLOOP((#2393,#2379,#2412));
#3069=IFCFACEOUTERBOUND(#3068,.T.);
#3070=IFCFACE((#3069));
#3071=IFCPOLYLOOP((#2412,#2382,#2413));
#3072=IFCFACEOUTERBOUND(#3071,.T.);
#3073=IFCFACE((#3072));
#3074=IFCPOLYLOOP((#2414,#2413,#2391));
#3075=IFCFACEOUTERBOUND(#3074,.T.);
#3076=IFCFACE((#3075));
#3077=IFCPOLYLOOP((#2412,#2414,#2393));
#3078=IFCFACEOUTERBOUND(#3077,.T.);
#3079=IFCFACE((#3078));
#3080=IFCPOLYLOOP((#2387,#2415,#2399));
#3081=IFCFACEOUTERBOUND(#3080,.T.);
#3082=IFCFACE((#3081));
#3083=IFCPOLYLOOP((#2388,#2389,#2415));
#3084=IFCFACEOUTERBOUND(#3083,.T.);
#3085=IFCFACE((#3084));
#3086=IFCPOLYLOOP((#2419,#2418,#2381));
#3087=IFCFACEOUTERBOUND(#3086,.T.);
#3088=IFCFACE((#3087));
#3089=IFCPOLYLOOP((#2416,#2391,#2418));
#3090=IFCFACEOUTERBOUND(#3089,.T.);
#3091=IFCFACE((#3090));
#3092=IFCPOLYLOOP((#2419,#2378,#2417));
#3093=IFCFACEOUTERBOUND(#3092,.T.);
#3094=IFCFACE((#3093));
#3095=IFCPOLYLOOP((#2417,#2392,#2416));
#3096=IFCFACEOUTERBOUND(#3095,.T.);
#3097=IFCFACE((#3096));
#3098=IFCPOLYLOOP((#2419,#2381,#2420));
#3099=IFCFACEOUTERBOUND(#3098,.T.);
#3100=IFCFACE((#3099));
#3101=IFCPOLYLOOP((#2416,#2419,#2417));
#3102=IFCFACEOUTERBOUND(#3101,.T.);
#3103=IFCFACE((#3102));
#3104=IFCPOLYLOOP((#2381,#2404,#2420));
#3105=IFCFACEOUTERBOUND(#3104,.T.);
#3106=IFCFACE((#3105));
#3107=IFCPOLYLOOP((#2420,#2404,#2424));
#3108=IFCFACEOUTERBOUND(#3107,.T.);
#3109=IFCFACE((#3108));
#3110=IFCPOLYLOOP((#2421,#2409,#2408));
#3111=IFCFACEOUTERBOUND(#3110,.T.);
#3112=IFCFACE((#3111));
#3113=IFCPOLYLOOP((#2402,#2421,#2380));
#3114=IFCFACEOUTERBOUND(#3113,.T.);
#3115=IFCFACE((#3114));
#3116=IFCPOLYLOOP((#2415,#2422,#2388));
#3117=IFCFACEOUTERBOUND(#3116,.T.);
#3118=IFCFACE((#3117));
#3119=IFCPOLYLOOP((#2390,#2422,#2387));
#3120=IFCFACEOUTERBOUND(#3119,.T.);
#3121=IFCFACE((#3120));
#3122=IFCPOLYLOOP((#2374,#2423,#2390));
#3123=IFCFACEOUTERBOUND(#3122,.T.);
#3124=IFCFACE((#3123));
#3125=IFCPOLYLOOP((#2370,#2423,#2375));
#3126=IFCFACEOUTERBOUND(#3125,.T.);
#3127=IFCFACE((#3126));
#3128=IFCPOLYLOOP((#2420,#2424,#2405));
#3129=IFCFACEOUTERBOUND(#3128,.T.);
#3130=IFCFACE((#3129));
#3131=IFCPOLYLOOP((#2404,#2403,#2424));
#3132=IFCFACEOUTERBOUND(#3131,.T.);
#3133=IFCFACE((#3132));
#3134=IFCPOLYLOOP((#2459,#2477,#2478));
#3135=IFCFACEOUTERBOUND(#3134,.T.);
#3136=IFCFACE((#3135));
#3137=IFCPOLYLOOP((#2522,#2447,#2556));
#3138=IFCFACEOUTERBOUND(#3137,.T.);
#3139=IFCFACE((#3138));
#3140=IFCPOLYLOOP((#2591,#2566,#2526));
#3141=IFCFACEOUTERBOUND(#3140,.T.);
#3142=IFCFACE((#3141));
#3143=IFCPOLYLOOP((#2542,#2465,#2596));
#3144=IFCFACEOUTERBOUND(#3143,.T.);
#3145=IFCFACE((#3144));
#3146=IFCPOLYLOOP((#2479,#2500,#2508));
#3147=IFCFACEOUTERBOUND(#3146,.T.);
#3148=IFCFACE((#3147));
#3149=IFCPOLYLOOP((#2475,#2444,#2480));
#3150=IFCFACEOUTERBOUND(#3149,.T.);
#3151=IFCFACE((#3150));
#3152=IFCPOLYLOOP((#2528,#2491,#2570,#2452));
#3153=IFCFACEOUTERBOUND(#3152,.T.);
#3154=IFCFACE((#3153));
#3155=IFCPOLYLOOP((#2509,#2512,#2511));
#3156=IFCFACEOUTERBOUND(#3155,.T.);
#3157=IFCFACE((#3156));
#3158=IFCPOLYLOOP((#2472,#2471,#2457,#2473));
#3159=IFCFACEOUTERBOUND(#3158,.T.);
#3160=IFCFACE((#3159));
#3161=IFCPOLYLOOP((#2599,#2604,#2603,#2468));
#3162=IFCFACEOUTERBOUND(#3161,.T.);
#3163=IFCFACE((#3162));
#3164=IFCPOLYLOOP((#2593,#2594,#2536));
#3165=IFCFACEOUTERBOUND(#3164,.T.);
#3166=IFCFACE((#3165));
#3167=IFCPOLYLOOP((#2511,#2512,#2510));
#3168=IFCFACEOUTERBOUND(#3167,.T.);
#3169=IFCFACE((#3168));
#3170=IFCPOLYLOOP((#2595,#2590,#2535));
#3171=IFCFACEOUTERBOUND(#3170,.T.);
#3172=IFCFACE((#3171));
#3173=IFCPOLYLOOP((#2567,#2564,#2525));
#3174=IFCFACEOUTERBOUND(#3173,.T.);
#3175=IFCFACE((#3174));
#3176=IFCPOLYLOOP((#2502,#2442,#2500));
#3177=IFCFACEOUTERBOUND(#3176,.T.);
#3178=IFCFACE((#3177));
#3179=IFCPOLYLOOP((#2532,#2582,#2495));
#3180=IFCFACEOUTERBOUND(#3179,.T.);
#3181=IFCFACE((#3180));
#3182=IFCPOLYLOOP((#2444,#2475,#2473));
#3183=IFCFACEOUTERBOUND(#3182,.T.);
#3184=IFCFACE((#3183));
#3185=IFCPOLYLOOP((#2476,#2428,#2429));
#3186=IFCFACEOUTERBOUND(#3185,.T.);
#3187=IFCFACE((#3186));
#3188=IFCPOLYLOOP((#2426,#2427,#2471));
#3189=IFCFACEOUTERBOUND(#3188,.T.);
#3190=IFCFACE((#3189));
#3191=IFCPOLYLOOP((#2551,#2548,#2519));
#3192=IFCFACEOUTERBOUND(#3191,.T.);
#3193=IFCFACE((#3192));
#3194=IFCPOLYLOOP((#2586,#2587,#2534));
#3195=IFCFACEOUTERBOUND(#3194,.T.);
#3196=IFCFACE((#3195));
#3197=IFCPOLYLOOP((#2555,#2550,#2520));
#3198=IFCFACEOUTERBOUND(#3197,.T.);
#3199=IFCFACE((#3198));
#3200=IFCPOLYLOOP((#2557,#2553,#2521));
#3201=IFCFACEOUTERBOUND(#3200,.T.);
#3202=IFCFACE((#3201));
#3203=IFCPOLYLOOP((#2604,#2599,#2545));
#3204=IFCFACEOUTERBOUND(#3203,.T.);
#3205=IFCFACE((#3204));
#3206=IFCPOLYLOOP((#2530,#2577,#2493));
#3207=IFCFACEOUTERBOUND(#3206,.T.);
#3208=IFCFACE((#3207));
#3209=IFCPOLYLOOP((#2530,#2493,#2575,#2451));
#3210=IFCFACEOUTERBOUND(#3209,.T.);
#3211=IFCFACE((#3210));
#3212=IFCPOLYLOOP((#2528,#2572,#2491));
#3213=IFCFACEOUTERBOUND(#3212,.T.);
#3214=IFCFACE((#3213));
#3215=IFCPOLYLOOP((#2472,#2469,#2426));
#3216=IFCFACEOUTERBOUND(#3215,.T.);
#3217=IFCFACE((#3216));
#3218=IFCPOLYLOOP((#2476,#2477,#2459));
#3219=IFCFACEOUTERBOUND(#3218,.T.);
#3220=IFCFACE((#3219));
#3221=IFCPOLYLOOP((#2478,#2509,#2453));
#3222=IFCFACEOUTERBOUND(#3221,.T.);
#3223=IFCFACE((#3222));
#3224=IFCPOLYLOOP((#2456,#2472,#2475));
#3225=IFCFACEOUTERBOUND(#3224,.T.);
#3226=IFCFACE((#3225));
#3227=IFCPOLYLOOP((#2454,#2509,#2478));
#3228=IFCFACEOUTERBOUND(#3227,.T.);
#3229=IFCFACE((#3228));
#3230=IFCPOLYLOOP((#2429,#2477,#2476));
#3231=IFCFACEOUTERBOUND(#3230,.T.);
#3232=IFCFACE((#3231));
#3233=IFCPOLYLOOP((#2505,#2506,#2462));
#3234=IFCFACEOUTERBOUND(#3233,.T.);
#3235=IFCFACE((#3234));
#3236=IFCPOLYLOOP((#2532,#2495,#2580,#2461));
#3237=IFCFACEOUTERBOUND(#3236,.T.);
#3238=IFCFACE((#3237));
#3239=IFCPOLYLOOP((#2505,#2504,#2503));
#3240=IFCFACEOUTERBOUND(#3239,.T.);
#3241=IFCFACE((#3240));
#3242=IFCPOLYLOOP((#2597,#2598,#2542));
#3243=IFCFACEOUTERBOUND(#3242,.T.);
#3244=IFCFACE((#3243));
#3245=IFCPOLYLOOP((#2588,#2584,#2533));
#3246=IFCFACEOUTERBOUND(#3245,.T.);
#3247=IFCFACE((#3246));
#3248=IFCPOLYLOOP((#2586,#2544,#2516));
#3249=IFCFACEOUTERBOUND(#3248,.T.);
#3250=IFCFACE((#3249));
#3251=IFCPOLYLOOP((#2524,#2562,#2487));
#3252=IFCFACEOUTERBOUND(#3251,.T.);
#3253=IFCFACE((#3252));
#3254=IFCPOLYLOOP((#2524,#2487,#2560,#2467));
#3255=IFCFACEOUTERBOUND(#3254,.T.);
#3256=IFCFACE((#3255));
#3257=IFCPOLYLOOP((#2434,#2552,#2600,#2599));
#3258=IFCFACEOUTERBOUND(#3257,.T.);
#3259=IFCFACE((#3258));
#3260=IFCPOLYLOOP((#2469,#2425,#2426));
#3261=IFCFACEOUTERBOUND(#3260,.T.);
#3262=IFCFACE((#3261));
#3263=IFCPOLYLOOP((#2429,#2430,#2470));
#3264=IFCFACEOUTERBOUND(#3263,.T.);
#3265=IFCFACE((#3264));
#3266=IFCPOLYLOOP((#2471,#2472,#2426));
#3267=IFCFACEOUTERBOUND(#3266,.T.);
#3268=IFCFACE((#3267));
#3269=IFCPOLYLOOP((#2456,#2469,#2472));
#3270=IFCFACEOUTERBOUND(#3269,.T.);
#3271=IFCFACE((#3270));
#3272=IFCPOLYLOOP((#2475,#2443,#2474,#2456));
#3273=IFCFACEOUTERBOUND(#3272,.T.);
#3274=IFCFACE((#3273));
#3275=IFCPOLYLOOP((#2475,#2472,#2473));
#3276=IFCFACEOUTERBOUND(#3275,.T.);
#3277=IFCFACE((#3276));
#3278=IFCPOLYLOOP((#2597,#2547,#2519));
#3279=IFCFACEOUTERBOUND(#3278,.T.);
#3280=IFCFACE((#3279));
#3281=IFCPOLYLOOP((#2477,#2429,#2470));
#3282=IFCFACEOUTERBOUND(#3281,.T.);
#3283=IFCFACE((#3282));
#3284=IFCPOLYLOOP((#2470,#2458,#2477));
#3285=IFCFACEOUTERBOUND(#3284,.T.);
#3286=IFCFACE((#3285));
#3287=IFCPOLYLOOP((#2478,#2477,#2458));
#3288=IFCFACEOUTERBOUND(#3287,.T.);
#3289=IFCFACE((#3288));
#3290=IFCPOLYLOOP((#2454,#2478,#2458));
#3291=IFCFACEOUTERBOUND(#3290,.T.);
#3292=IFCFACE((#3291));
#3293=IFCPOLYLOOP((#2478,#2453,#2518,#2459));
#3294=IFCFACEOUTERBOUND(#3293,.T.);
#3295=IFCFACE((#3294));
#3296=IFCPOLYLOOP((#2475,#2480,#2443));
#3297=IFCFACEOUTERBOUND(#3296,.T.);
#3298=IFCFACE((#3297));
#3299=IFCPOLYLOOP((#2480,#2444,#2501));
#3300=IFCFACEOUTERBOUND(#3299,.T.);
#3301=IFCFACE((#3300));
#3302=IFCPOLYLOOP((#2500,#2441,#2502));
#3303=IFCFACEOUTERBOUND(#3302,.T.);
#3304=IFCFACE((#3303));
#3305=IFCPOLYLOOP((#2500,#2442,#2481));
#3306=IFCFACEOUTERBOUND(#3305,.T.);
#3307=IFCFACE((#3306));
#3308=IFCPOLYLOOP((#2480,#2508,#2443));
#3309=IFCFACEOUTERBOUND(#3308,.T.);
#3310=IFCFACE((#3309));
#3311=IFCPOLYLOOP((#2520,#2482,#2549,#2447));
#3312=IFCFACEOUTERBOUND(#3311,.T.);
#3313=IFCFACE((#3312));
#3314=IFCPOLYLOOP((#2600,#2552,#2521));
#3315=IFCFACEOUTERBOUND(#3314,.T.);
#3316=IFCFACE((#3315));
#3317=IFCPOLYLOOP((#2522,#2484,#2554));
#3318=IFCFACEOUTERBOUND(#3317,.T.);
#3319=IFCFACE((#3318));
#3320=IFCPOLYLOOP((#2558,#2562,#2561,#2486));
#3321=IFCFACEOUTERBOUND(#3320,.T.);
#3322=IFCFACE((#3321));
#3323=IFCPOLYLOOP((#2562,#2558,#2523));
#3324=IFCFACEOUTERBOUND(#3323,.T.);
#3325=IFCFACE((#3324));
#3326=IFCPOLYLOOP((#2525,#2436,#2563,#2488));
#3327=IFCFACEOUTERBOUND(#3326,.T.);
#3328=IFCFACE((#3327));
#3329=IFCPOLYLOOP((#2526,#2488,#2565,#2440));
#3330=IFCFACEOUTERBOUND(#3329,.T.);
#3331=IFCFACE((#3330));
#3332=IFCPOLYLOOP((#2490,#2527,#2572));
#3333=IFCFACEOUTERBOUND(#3332,.T.);
#3334=IFCFACE((#3333));
#3335=IFCPOLYLOOP((#2527,#2490,#2568,#2432));
#3336=IFCFACEOUTERBOUND(#3335,.T.);
#3337=IFCFACE((#3336));
#3338=IFCPOLYLOOP((#2573,#2577,#2576,#2492));
#3339=IFCFACEOUTERBOUND(#3338,.T.);
#3340=IFCFACE((#3339));
#3341=IFCPOLYLOOP((#2577,#2573,#2529));
#3342=IFCFACEOUTERBOUND(#3341,.T.);
#3343=IFCFACE((#3342));
#3344=IFCPOLYLOOP((#2494,#2531,#2582));
#3345=IFCFACEOUTERBOUND(#3344,.T.);
#3346=IFCFACE((#3345));
#3347=IFCPOLYLOOP((#2531,#2494,#2578,#2435));
#3348=IFCFACEOUTERBOUND(#3347,.T.);
#3349=IFCFACE((#3348));
#3350=IFCPOLYLOOP((#2533,#2433,#2583,#2496));
#3351=IFCFACEOUTERBOUND(#3350,.T.);
#3352=IFCFACE((#3351));
#3353=IFCPOLYLOOP((#2534,#2496,#2585,#2464));
#3354=IFCFACEOUTERBOUND(#3353,.T.);
#3355=IFCFACE((#3354));
#3356=IFCPOLYLOOP((#2535,#2440,#2589,#2498));
#3357=IFCFACEOUTERBOUND(#3356,.T.);
#3358=IFCFACE((#3357));
#3359=IFCPOLYLOOP((#2536,#2498,#2592,#2437));
#3360=IFCFACEOUTERBOUND(#3359,.T.);
#3361=IFCFACE((#3360));
#3362=IFCPOLYLOOP((#2508,#2500,#2481));
#3363=IFCFACEOUTERBOUND(#3362,.T.);
#3364=IFCFACE((#3363));
#3365=IFCPOLYLOOP((#2500,#2479,#2537,#2441));
#3366=IFCFACEOUTERBOUND(#3365,.T.);
#3367=IFCFACE((#3366));
#3368=IFCPOLYLOOP((#2506,#2461,#2538,#2462));
#3369=IFCFACEOUTERBOUND(#3368,.T.);
#3370=IFCFACE((#3369));
#3371=IFCPOLYLOOP((#2508,#2501,#2479));
#3372=IFCFACEOUTERBOUND(#3371,.T.);
#3373=IFCFACE((#3372));
#3374=IFCPOLYLOOP((#2505,#2507,#2502));
#3375=IFCFACEOUTERBOUND(#3374,.T.);
#3376=IFCFACE((#3375));
#3377=IFCPOLYLOOP((#2502,#2504,#2505));
#3378=IFCFACEOUTERBOUND(#3377,.T.);
#3379=IFCFACE((#3378));
#3380=IFCPOLYLOOP((#2502,#2441,#2504));
#3381=IFCFACEOUTERBOUND(#3380,.T.);
#3382=IFCFACE((#3381));
#3383=IFCPOLYLOOP((#2505,#2503,#2506));
#3384=IFCFACEOUTERBOUND(#3383,.T.);
#3385=IFCFACE((#3384));
#3386=IFCPOLYLOOP((#2443,#2508,#2481));
#3387=IFCFACEOUTERBOUND(#3386,.T.);
#3388=IFCFACE((#3387));
#3389=IFCPOLYLOOP((#2506,#2503,#2539,#2460));
#3390=IFCFACEOUTERBOUND(#3389,.T.);
#3391=IFCFACE((#3390));
#3392=IFCPOLYLOOP((#2532,#2506,#2460));
#3393=IFCFACEOUTERBOUND(#3392,.T.);
#3394=IFCFACE((#3393));
#3395=IFCPOLYLOOP((#2507,#2505,#2462));
#3396=IFCFACEOUTERBOUND(#3395,.T.);
#3397=IFCFACE((#3396));
#3398=IFCPOLYLOOP((#2507,#2442,#2502));
#3399=IFCFACEOUTERBOUND(#3398,.T.);
#3400=IFCFACE((#3399));
#3401=IFCPOLYLOOP((#2501,#2508,#2480));
#3402=IFCFACEOUTERBOUND(#3401,.T.);
#3403=IFCFACE((#3402));
#3404=IFCPOLYLOOP((#2512,#2514,#2455));
#3405=IFCFACEOUTERBOUND(#3404,.T.);
#3406=IFCFACE((#3405));
#3407=IFCPOLYLOOP((#2455,#2513,#2512));
#3408=IFCFACEOUTERBOUND(#3407,.T.);
#3409=IFCFACE((#3408));
#3410=IFCPOLYLOOP((#2512,#2513,#2510));
#3411=IFCFACEOUTERBOUND(#3410,.T.);
#3412=IFCFACE((#3411));
#3413=IFCPOLYLOOP((#2514,#2512,#2509));
#3414=IFCFACEOUTERBOUND(#3413,.T.);
#3415=IFCFACE((#3414));
#3416=IFCPOLYLOOP((#2511,#2453,#2509));
#3417=IFCFACEOUTERBOUND(#3416,.T.);
#3418=IFCFACE((#3417));
#3419=IFCPOLYLOOP((#2513,#2455,#2540,#2438));
#3420=IFCFACEOUTERBOUND(#3419,.T.);
#3421=IFCFACE((#3420));
#3422=IFCPOLYLOOP((#2590,#2595,#2499));
#3423=IFCFACEOUTERBOUND(#3422,.T.);
#3424=IFCFACE((#3423));
#3425=IFCPOLYLOOP((#2593,#2541,#2513));
#3426=IFCFACEOUTERBOUND(#3425,.T.);
#3427=IFCFACE((#3426));
#3428=IFCPOLYLOOP((#2509,#2454,#2514));
#3429=IFCFACEOUTERBOUND(#3428,.T.);
#3430=IFCFACE((#3429));
#3431=IFCPOLYLOOP((#2584,#2588,#2497));
#3432=IFCFACEOUTERBOUND(#3431,.T.);
#3433=IFCFACE((#3432));
#3434=IFCPOLYLOOP((#2516,#2515,#2543,#2463));
#3435=IFCFACEOUTERBOUND(#3434,.T.);
#3436=IFCFACE((#3435));
#3437=IFCPOLYLOOP((#2542,#2516,#2465));
#3438=IFCFACEOUTERBOUND(#3437,.T.);
#3439=IFCFACE((#3438));
#3440=IFCPOLYLOOP((#2482,#2520,#2551));
#3441=IFCFACEOUTERBOUND(#3440,.T.);
#3442=IFCFACE((#3441));
#3443=IFCPOLYLOOP((#2546,#2517,#2602,#2466));
#3444=IFCFACEOUTERBOUND(#3443,.T.);
#3445=IFCFACE((#3444));
#3446=IFCPOLYLOOP((#2431,#2600,#2521));
#3447=IFCFACEOUTERBOUND(#3446,.T.);
#3448=IFCFACE((#3447));
#3449=IFCPOLYLOOP((#2553,#2557,#2556,#2485));
#3450=IFCFACEOUTERBOUND(#3449,.T.);
#3451=IFCFACE((#3450));
#3452=IFCPOLYLOOP((#2520,#2550,#2551));
#3453=IFCFACEOUTERBOUND(#3452,.T.);
#3454=IFCFACE((#3453));
#3455=IFCPOLYLOOP((#2484,#2522,#2557));
#3456=IFCFACEOUTERBOUND(#3455,.T.);
#3457=IFCFACE((#3456));
#3458=IFCPOLYLOOP((#2600,#2431,#2545));
#3459=IFCFACEOUTERBOUND(#3458,.T.);
#3460=IFCFACE((#3459));
#3461=IFCPOLYLOOP((#2554,#2555,#2522));
#3462=IFCFACEOUTERBOUND(#3461,.T.);
#3463=IFCFACE((#3462));
#3464=IFCPOLYLOOP((#2522,#2556,#2557));
#3465=IFCFACEOUTERBOUND(#3464,.T.);
#3466=IFCFACE((#3465));
#3467=IFCPOLYLOOP((#2529,#2523,#2450));
#3468=IFCFACEOUTERBOUND(#3467,.T.);
#3469=IFCFACE((#3468));
#3470=IFCPOLYLOOP((#2523,#2449,#2559,#2487));
#3471=IFCFACEOUTERBOUND(#3470,.T.);
#3472=IFCFACE((#3471));
#3473=IFCPOLYLOOP((#2546,#2524,#2467));
#3474=IFCFACEOUTERBOUND(#3473,.T.);
#3475=IFCFACE((#3474));
#3476=IFCPOLYLOOP((#2524,#2466,#2561));
#3477=IFCFACEOUTERBOUND(#3476,.T.);
#3478=IFCFACE((#3477));
#3479=IFCPOLYLOOP((#2488,#2526,#2567));
#3480=IFCFACEOUTERBOUND(#3479,.T.);
#3481=IFCFACE((#3480));
#3482=IFCPOLYLOOP((#2533,#2525,#2433));
#3483=IFCFACEOUTERBOUND(#3482,.T.);
#3484=IFCFACE((#3483));
#3485=IFCPOLYLOOP((#2440,#2535,#2591));
#3486=IFCFACEOUTERBOUND(#3485,.T.);
#3487=IFCFACE((#3486));
#3488=IFCPOLYLOOP((#2567,#2526,#2489));
#3489=IFCFACEOUTERBOUND(#3488,.T.);
#3490=IFCFACE((#3489));
#3491=IFCPOLYLOOP((#2531,#2527,#2432));
#3492=IFCFACEOUTERBOUND(#3491,.T.);
#3493=IFCFACE((#3492));
#3494=IFCPOLYLOOP((#2527,#2435,#2569));
#3495=IFCFACEOUTERBOUND(#3494,.T.);
#3496=IFCFACE((#3495));
#3497=IFCPOLYLOOP((#2530,#2528,#2452));
#3498=IFCFACEOUTERBOUND(#3497,.T.);
#3499=IFCFACE((#3498));
#3500=IFCPOLYLOOP((#2528,#2451,#2571));
#3501=IFCFACEOUTERBOUND(#3500,.T.);
#3502=IFCFACE((#3501));
#3503=IFCPOLYLOOP((#2523,#2529,#2449));
#3504=IFCFACEOUTERBOUND(#3503,.T.);
#3505=IFCFACE((#3504));
#3506=IFCPOLYLOOP((#2529,#2450,#2574));
#3507=IFCFACEOUTERBOUND(#3506,.T.);
#3508=IFCFACE((#3507));
#3509=IFCPOLYLOOP((#2528,#2530,#2451));
#3510=IFCFACEOUTERBOUND(#3509,.T.);
#3511=IFCFACE((#3510));
#3512=IFCPOLYLOOP((#2530,#2452,#2576));
#3513=IFCFACEOUTERBOUND(#3512,.T.);
#3514=IFCFACE((#3513));
#3515=IFCPOLYLOOP((#2527,#2531,#2435));
#3516=IFCFACEOUTERBOUND(#3515,.T.);
#3517=IFCFACE((#3516));
#3518=IFCPOLYLOOP((#2531,#2432,#2579));
#3519=IFCFACEOUTERBOUND(#3518,.T.);
#3520=IFCFACE((#3519));
#3521=IFCPOLYLOOP((#2506,#2532,#2461));
#3522=IFCFACEOUTERBOUND(#3521,.T.);
#3523=IFCFACE((#3522));
#3524=IFCPOLYLOOP((#2532,#2460,#2581));
#3525=IFCFACEOUTERBOUND(#3524,.T.);
#3526=IFCFACE((#3525));
#3527=IFCPOLYLOOP((#2496,#2534,#2588));
#3528=IFCFACEOUTERBOUND(#3527,.T.);
#3529=IFCFACE((#3528));
#3530=IFCPOLYLOOP((#2525,#2533,#2436));
#3531=IFCFACEOUTERBOUND(#3530,.T.);
#3532=IFCFACE((#3531));
#3533=IFCPOLYLOOP((#2534,#2464,#2586));
#3534=IFCFACEOUTERBOUND(#3533,.T.);
#3535=IFCFACE((#3534));
#3536=IFCPOLYLOOP((#2588,#2534,#2497));
#3537=IFCFACEOUTERBOUND(#3536,.T.);
#3538=IFCFACE((#3537));
#3539=IFCPOLYLOOP((#2498,#2536,#2595));
#3540=IFCFACEOUTERBOUND(#3539,.T.);
#3541=IFCFACE((#3540));
#3542=IFCPOLYLOOP((#2591,#2535,#2439));
#3543=IFCFACEOUTERBOUND(#3542,.T.);
#3544=IFCFACE((#3543));
#3545=IFCPOLYLOOP((#2536,#2437,#2593));
#3546=IFCFACEOUTERBOUND(#3545,.T.);
#3547=IFCFACE((#3546));
#3548=IFCPOLYLOOP((#2595,#2536,#2499));
#3549=IFCFACEOUTERBOUND(#3548,.T.);
#3550=IFCFACE((#3549));
#3551=IFCPOLYLOOP((#2596,#2597,#2542));
#3552=IFCFACEOUTERBOUND(#3551,.T.);
#3553=IFCFACE((#3552));
#3554=IFCPOLYLOOP((#2541,#2510,#2513));
#3555=IFCFACEOUTERBOUND(#3554,.T.);
#3556=IFCFACE((#3555));
#3557=IFCPOLYLOOP((#2516,#2542,#2515));
#3558=IFCFACEOUTERBOUND(#3557,.T.);
#3559=IFCFACE((#3558));
#3560=IFCPOLYLOOP((#2545,#2431,#2601,#2517));
#3561=IFCFACEOUTERBOUND(#3560,.T.);
#3562=IFCFACE((#3561));
#3563=IFCPOLYLOOP((#2544,#2465,#2516));
#3564=IFCFACEOUTERBOUND(#3563,.T.);
#3565=IFCFACE((#3564));
#3566=IFCPOLYLOOP((#2604,#2517,#2546));
#3567=IFCFACEOUTERBOUND(#3566,.T.);
#3568=IFCFACE((#3567));
#3569=IFCPOLYLOOP((#2524,#2546,#2466));
#3570=IFCFACEOUTERBOUND(#3569,.T.);
#3571=IFCFACE((#3570));
#3572=IFCPOLYLOOP((#2546,#2467,#2603));
#3573=IFCFACEOUTERBOUND(#3572,.T.);
#3574=IFCFACE((#3573));
#3575=IFCPOLYLOOP((#2548,#2551,#2550,#2483));
#3576=IFCFACEOUTERBOUND(#3575,.T.);
#3577=IFCFACE((#3576));
#3578=IFCPOLYLOOP((#2482,#2519,#2547));
#3579=IFCFACEOUTERBOUND(#3578,.T.);
#3580=IFCFACE((#3579));
#3581=IFCPOLYLOOP((#2548,#2445,#2519));
#3582=IFCFACEOUTERBOUND(#3581,.T.);
#3583=IFCFACE((#3582));
#3584=IFCPOLYLOOP((#2482,#2551,#2519));
#3585=IFCFACEOUTERBOUND(#3584,.T.);
#3586=IFCFACE((#3585));
#3587=IFCPOLYLOOP((#2550,#2555,#2554,#2448));
#3588=IFCFACEOUTERBOUND(#3587,.T.);
#3589=IFCFACE((#3588));
#3590=IFCPOLYLOOP((#2552,#2484,#2521));
#3591=IFCFACEOUTERBOUND(#3590,.T.);
#3592=IFCFACE((#3591));
#3593=IFCPOLYLOOP((#2553,#2431,#2521));
#3594=IFCFACEOUTERBOUND(#3593,.T.);
#3595=IFCFACE((#3594));
#3596=IFCPOLYLOOP((#2447,#2555,#2520));
#3597=IFCFACEOUTERBOUND(#3596,.T.);
#3598=IFCFACE((#3597));
#3599=IFCPOLYLOOP((#2447,#2522,#2555));
#3600=IFCFACEOUTERBOUND(#3599,.T.);
#3601=IFCFACE((#3600));
#3602=IFCPOLYLOOP((#2484,#2557,#2521));
#3603=IFCFACEOUTERBOUND(#3602,.T.);
#3604=IFCFACE((#3603));
#3605=IFCPOLYLOOP((#2487,#2562,#2523));
#3606=IFCFACEOUTERBOUND(#3605,.T.);
#3607=IFCFACE((#3606));
#3608=IFCPOLYLOOP((#2450,#2523,#2558));
#3609=IFCFACEOUTERBOUND(#3608,.T.);
#3610=IFCFACE((#3609));
#3611=IFCPOLYLOOP((#2561,#2562,#2524));
#3612=IFCFACEOUTERBOUND(#3611,.T.);
#3613=IFCFACE((#3612));
#3614=IFCPOLYLOOP((#2564,#2567,#2489));
#3615=IFCFACEOUTERBOUND(#3614,.T.);
#3616=IFCFACE((#3615));
#3617=IFCPOLYLOOP((#2564,#2433,#2525));
#3618=IFCFACEOUTERBOUND(#3617,.T.);
#3619=IFCFACE((#3618));
#3620=IFCPOLYLOOP((#2566,#2489,#2526));
#3621=IFCFACEOUTERBOUND(#3620,.T.);
#3622=IFCFACE((#3621));
#3623=IFCPOLYLOOP((#2488,#2567,#2525));
#3624=IFCFACEOUTERBOUND(#3623,.T.);
#3625=IFCFACE((#3624));
#3626=IFCPOLYLOOP((#2572,#2527,#2569));
#3627=IFCFACEOUTERBOUND(#3626,.T.);
#3628=IFCFACE((#3627));
#3629=IFCPOLYLOOP((#2572,#2569,#2491));
#3630=IFCFACEOUTERBOUND(#3629,.T.);
#3631=IFCFACE((#3630));
#3632=IFCPOLYLOOP((#2572,#2571,#2490));
#3633=IFCFACEOUTERBOUND(#3632,.T.);
#3634=IFCFACE((#3633));
#3635=IFCPOLYLOOP((#2571,#2572,#2528));
#3636=IFCFACEOUTERBOUND(#3635,.T.);
#3637=IFCFACE((#3636));
#3638=IFCPOLYLOOP((#2577,#2529,#2574));
#3639=IFCFACEOUTERBOUND(#3638,.T.);
#3640=IFCFACE((#3639));
#3641=IFCPOLYLOOP((#2573,#2449,#2529));
#3642=IFCFACEOUTERBOUND(#3641,.T.);
#3643=IFCFACE((#3642));
#3644=IFCPOLYLOOP((#2577,#2574,#2493));
#3645=IFCFACEOUTERBOUND(#3644,.T.);
#3646=IFCFACE((#3645));
#3647=IFCPOLYLOOP((#2576,#2577,#2530));
#3648=IFCFACEOUTERBOUND(#3647,.T.);
#3649=IFCFACE((#3648));
#3650=IFCPOLYLOOP((#2582,#2531,#2579));
#3651=IFCFACEOUTERBOUND(#3650,.T.);
#3652=IFCFACE((#3651));
#3653=IFCPOLYLOOP((#2582,#2579,#2495));
#3654=IFCFACEOUTERBOUND(#3653,.T.);
#3655=IFCFACE((#3654));
#3656=IFCPOLYLOOP((#2582,#2581,#2494));
#3657=IFCFACEOUTERBOUND(#3656,.T.);
#3658=IFCFACE((#3657));
#3659=IFCPOLYLOOP((#2581,#2582,#2532));
#3660=IFCFACEOUTERBOUND(#3659,.T.);
#3661=IFCFACE((#3660));
#3662=IFCPOLYLOOP((#2544,#2586,#2464));
#3663=IFCFACEOUTERBOUND(#3662,.T.);
#3664=IFCFACE((#3663));
#3665=IFCPOLYLOOP((#2584,#2436,#2533));
#3666=IFCFACEOUTERBOUND(#3665,.T.);
#3667=IFCFACE((#3666));
#3668=IFCPOLYLOOP((#2463,#2586,#2516));
#3669=IFCFACEOUTERBOUND(#3668,.T.);
#3670=IFCFACE((#3669));
#3671=IFCPOLYLOOP((#2587,#2586,#2463));
#3672=IFCFACEOUTERBOUND(#3671,.T.);
#3673=IFCFACE((#3672));
#3674=IFCPOLYLOOP((#2587,#2497,#2534));
#3675=IFCFACEOUTERBOUND(#3674,.T.);
#3676=IFCFACE((#3675));
#3677=IFCPOLYLOOP((#2496,#2588,#2533));
#3678=IFCFACEOUTERBOUND(#3677,.T.);
#3679=IFCFACE((#3678));
#3680=IFCPOLYLOOP((#2566,#2591,#2439));
#3681=IFCFACEOUTERBOUND(#3680,.T.);
#3682=IFCFACE((#3681));
#3683=IFCPOLYLOOP((#2590,#2439,#2535));
#3684=IFCFACEOUTERBOUND(#3683,.T.);
#3685=IFCFACE((#3684));
#3686=IFCPOLYLOOP((#2440,#2591,#2526));
#3687=IFCFACEOUTERBOUND(#3686,.T.);
#3688=IFCFACE((#3687));
#3689=IFCPOLYLOOP((#2541,#2593,#2437));
#3690=IFCFACEOUTERBOUND(#3689,.T.);
#3691=IFCFACE((#3690));
#3692=IFCPOLYLOOP((#2438,#2593,#2513));
#3693=IFCFACEOUTERBOUND(#3692,.T.);
#3694=IFCFACE((#3693));
#3695=IFCPOLYLOOP((#2594,#2593,#2438));
#3696=IFCFACEOUTERBOUND(#3695,.T.);
#3697=IFCFACE((#3696));
#3698=IFCPOLYLOOP((#2594,#2499,#2536));
#3699=IFCFACEOUTERBOUND(#3698,.T.);
#3700=IFCFACE((#3699));
#3701=IFCPOLYLOOP((#2498,#2595,#2535));
#3702=IFCFACEOUTERBOUND(#3701,.T.);
#3703=IFCFACE((#3702));
#3704=IFCPOLYLOOP((#2547,#2597,#2596,#2446));
#3705=IFCFACEOUTERBOUND(#3704,.T.);
#3706=IFCFACE((#3705));
#3707=IFCPOLYLOOP((#2445,#2597,#2519));
#3708=IFCFACEOUTERBOUND(#3707,.T.);
#3709=IFCFACE((#3708));
#3710=IFCPOLYLOOP((#2598,#2597,#2445));
#3711=IFCFACEOUTERBOUND(#3710,.T.);
#3712=IFCFACE((#3711));
#3713=IFCPOLYLOOP((#2598,#2515,#2542));
#3714=IFCFACEOUTERBOUND(#3713,.T.);
#3715=IFCFACE((#3714));
#3716=IFCPOLYLOOP((#2599,#2600,#2545));
#3717=IFCFACEOUTERBOUND(#3716,.T.);
#3718=IFCFACE((#3717));
#3719=IFCPOLYLOOP((#2517,#2604,#2545));
#3720=IFCFACEOUTERBOUND(#3719,.T.);
#3721=IFCFACE((#3720));
#3722=IFCPOLYLOOP((#2603,#2604,#2546));
#3723=IFCFACEOUTERBOUND(#3722,.T.);
#3724=IFCFACE((#3723));
#3725=IFCPOLYLOOP((#2605,#2425,#2469,#2456,#2474,#2443,#2481,#2442,#2507,#2462,#2538,#2461,#2580,#2495,#2579,#2432,#2568,#2490,#2571,#2451,#2575,#2493,#2574,#2450,#2558,#2486,#2561,#2466,#2602,#2517,#2601,#2431,#2553,#2485,#2556,#2447,#2549,#2482,#2547,#2446,#2596,#2465,#2544,#2464,#2585,#2496,#2583,#2433,#2564,#2489,#2566,#2439,#2590,#2499,#2594,#2438,#2540,#2455,#2514,#2454,#2458,#2470,#2430,#2606));
#3726=IFCFACEOUTERBOUND(#3725,.T.);
#3727=IFCFACE((#3726));
#3728=IFCPOLYLOOP((#2369,#2368,#2607,#2608));
#3729=IFCFACEOUTERBOUND(#3728,.T.);
#3730=IFCFACE((#3729));
#3731=IFCPOLYLOOP((#2373,#2372,#2609,#2610,#2613,#2615));
#3732=IFCFACEOUTERBOUND(#3731,.T.);
#3733=IFCFACE((#3732));
#3734=IFCPOLYLOOP((#2616,#2618,#2614,#2617));
#3735=IFCFACEOUTERBOUND(#3734,.T.);
#3736=IFCFACE((#3735));
#3737=IFCPOLYLOOP((#2617,#2376,#2619));
#3738=IFCFACEOUTERBOUND(#3737,.T.);
#3739=IFCFACE((#3738));
#3740=IFCPOLYLOOP((#2610,#2611,#2620));
#3741=IFCFACEOUTERBOUND(#3740,.T.);
#3742=IFCFACE((#3741));
#3743=IFCPOLYLOOP((#2616,#2613,#2620));
#3744=IFCFACEOUTERBOUND(#3743,.T.);
#3745=IFCFACE((#3744));
#3746=IFCPOLYLOOP((#2373,#2615,#2619));
#3747=IFCFACEOUTERBOUND(#3746,.T.);
#3748=IFCFACE((#3747));
#3749=IFCPOLYLOOP((#2616,#2615,#2613));
#3750=IFCFACEOUTERBOUND(#3749,.T.);
#3751=IFCFACE((#3750));
#3752=IFCPOLYLOOP((#2618,#2616,#2620));
#3753=IFCFACEOUTERBOUND(#3752,.T.);
#3754=IFCFACE((#3753));
#3755=IFCPOLYLOOP((#2617,#2619,#2616));
#3756=IFCFACEOUTERBOUND(#3755,.T.);
#3757=IFCFACE((#3756));
#3758=IFCPOLYLOOP((#2619,#2615,#2616));
#3759=IFCFACEOUTERBOUND(#3758,.T.);
#3760=IFCFACE((#3759));
#3761=IFCPOLYLOOP((#2617,#2377,#2376));
#3762=IFCFACEOUTERBOUND(#3761,.T.);
#3763=IFCFACE((#3762));
#3764=IFCPOLYLOOP((#2611,#2612,#2618));
#3765=IFCFACEOUTERBOUND(#3764,.T.);
#3766=IFCFACE((#3765));
#3767=IFCPOLYLOOP((#2373,#2619,#2376));
#3768=IFCFACEOUTERBOUND(#3767,.T.);
#3769=IFCFACE((#3768));
#3770=IFCPOLYLOOP((#2610,#2620,#2613));
#3771=IFCFACEOUTERBOUND(#3770,.T.);
#3772=IFCFACE((#3771));
#3773=IFCPOLYLOOP((#2618,#2620,#2611));
#3774=IFCFACEOUTERBOUND(#3773,.T.);
#3775=IFCFACE((#3774));
#3776=IFCPOLYLOOP((#2631,#2636,#2640));
#3777=IFCFACEOUTERBOUND(#3776,.T.);
#3778=IFCFACE((#3777));
#3779=IFCPOLYLOOP((#2652,#2651,#2647));
#3780=IFCFACEOUTERBOUND(#3779,.T.);
#3781=IFCFACE((#3780));
#3782=IFCPOLYLOOP((#2641,#2653,#2634));
#3783=IFCFACEOUTERBOUND(#3782,.T.);
#3784=IFCFACE((#3783));
#3785=IFCPOLYLOOP((#2647,#2626,#2645));
#3786=IFCFACEOUTERBOUND(#3785,.T.);
#3787=IFCFACE((#3786));
#3788=IFCPOLYLOOP((#2627,#2641,#2634));
#3789=IFCFACEOUTERBOUND(#3788,.T.);
#3790=IFCFACE((#3789));
#3791=IFCPOLYLOOP((#2644,#2648,#2641));
#3792=IFCFACEOUTERBOUND(#3791,.T.);
#3793=IFCFACE((#3792));
#3794=IFCPOLYLOOP((#2622,#2638,#2653));
#3795=IFCFACEOUTERBOUND(#3794,.T.);
#3796=IFCFACE((#3795));
#3797=IFCPOLYLOOP((#2637,#2645,#2626));
#3798=IFCFACEOUTERBOUND(#3797,.T.);
#3799=IFCFACE((#3798));
#3800=IFCPOLYLOOP((#2628,#2645,#2633));
#3801=IFCFACEOUTERBOUND(#3800,.T.);
#3802=IFCFACE((#3801));
#3803=IFCPOLYLOOP((#2625,#2651,#2646));
#3804=IFCFACEOUTERBOUND(#3803,.T.);
#3805=IFCFACE((#3804));
#3806=IFCPOLYLOOP((#2644,#2641,#2627));
#3807=IFCFACEOUTERBOUND(#3806,.T.);
#3808=IFCFACE((#3807));
#3809=IFCPOLYLOOP((#2631,#2640,#2649));
#3810=IFCFACEOUTERBOUND(#3809,.T.);
#3811=IFCFACE((#3810));
#3812=IFCPOLYLOOP((#2632,#2633,#2649));
#3813=IFCFACEOUTERBOUND(#3812,.T.);
#3814=IFCFACE((#3813));
#3815=IFCPOLYLOOP((#2633,#2645,#2649));
#3816=IFCFACEOUTERBOUND(#3815,.T.);
#3817=IFCFACE((#3816));
#3818=IFCPOLYLOOP((#2621,#2622,#2653));
#3819=IFCFACEOUTERBOUND(#3818,.T.);
#3820=IFCFACE((#3819));
#3821=IFCPOLYLOOP((#2429,#2428,#2639));
#3822=IFCFACEOUTERBOUND(#3821,.T.);
#3823=IFCFACE((#3822));
#3824=IFCPOLYLOOP((#2632,#2640,#2639));
#3825=IFCFACEOUTERBOUND(#3824,.T.);
#3826=IFCFACE((#3825));
#3827=IFCPOLYLOOP((#2636,#2430,#2429));
#3828=IFCFACEOUTERBOUND(#3827,.T.);
#3829=IFCFACE((#3828));
#3830=IFCPOLYLOOP((#2622,#2623,#2638));
#3831=IFCFACEOUTERBOUND(#3830,.T.);
#3832=IFCFACE((#3831));
#3833=IFCPOLYLOOP((#2641,#2630,#2653));
#3834=IFCFACEOUTERBOUND(#3833,.T.);
#3835=IFCFACE((#3834));
#3836=IFCPOLYLOOP((#2639,#2640,#2429));
#3837=IFCFACEOUTERBOUND(#3836,.T.);
#3838=IFCFACE((#3837));
#3839=IFCPOLYLOOP((#2429,#2640,#2636));
#3840=IFCFACEOUTERBOUND(#3839,.T.);
#3841=IFCFACE((#3840));
#3842=IFCPOLYLOOP((#2630,#2641,#2648));
#3843=IFCFACEOUTERBOUND(#3842,.T.);
#3844=IFCFACE((#3843));
#3845=IFCPOLYLOOP((#2653,#2630,#2635,#2621));
#3846=IFCFACEOUTERBOUND(#3845,.T.);
#3847=IFCFACE((#3846));
#3848=IFCPOLYLOOP((#2627,#2642,#2644));
#3849=IFCFACEOUTERBOUND(#3848,.T.);
#3850=IFCFACE((#3849));
#3851=IFCPOLYLOOP((#2643,#2646,#2651));
#3852=IFCFACEOUTERBOUND(#3851,.T.);
#3853=IFCFACE((#3852));
#3854=IFCPOLYLOOP((#2624,#2646,#2643));
#3855=IFCFACEOUTERBOUND(#3854,.T.);
#3856=IFCFACE((#3855));
#3857=IFCPOLYLOOP((#2646,#2644,#2642));
#3858=IFCFACEOUTERBOUND(#3857,.T.);
#3859=IFCFACE((#3858));
#3860=IFCPOLYLOOP((#2645,#2628,#2647));
#3861=IFCFACEOUTERBOUND(#3860,.T.);
#3862=IFCFACE((#3861));
#3863=IFCPOLYLOOP((#2637,#2631,#2649));
#3864=IFCFACEOUTERBOUND(#3863,.T.);
#3865=IFCFACE((#3864));
#3866=IFCPOLYLOOP((#2644,#2646,#2624));
#3867=IFCFACEOUTERBOUND(#3866,.T.);
#3868=IFCFACE((#3867));
#3869=IFCPOLYLOOP((#2625,#2646,#2642));
#3870=IFCFACEOUTERBOUND(#3869,.T.);
#3871=IFCFACE((#3870));
#3872=IFCPOLYLOOP((#2651,#2652,#2629,#2643));
#3873=IFCFACEOUTERBOUND(#3872,.T.);
#3874=IFCFACE((#3873));
#3875=IFCPOLYLOOP((#2647,#2651,#2650));
#3876=IFCFACEOUTERBOUND(#3875,.T.);
#3877=IFCFACE((#3876));
#3878=IFCPOLYLOOP((#2644,#2624,#2648));
#3879=IFCFACEOUTERBOUND(#3878,.T.);
#3880=IFCFACE((#3879));
#3881=IFCPOLYLOOP((#2649,#2640,#2632));
#3882=IFCFACEOUTERBOUND(#3881,.T.);
#3883=IFCFACE((#3882));
#3884=IFCPOLYLOOP((#2637,#2649,#2645));
#3885=IFCFACEOUTERBOUND(#3884,.T.);
#3886=IFCFACE((#3885));
#3887=IFCPOLYLOOP((#2650,#2651,#2625));
#3888=IFCFACEOUTERBOUND(#3887,.T.);
#3889=IFCFACE((#3888));
#3890=IFCPOLYLOOP((#2650,#2626,#2647));
#3891=IFCFACEOUTERBOUND(#3890,.T.);
#3892=IFCFACE((#3891));
#3893=IFCPOLYLOOP((#2647,#2628,#2652));
#3894=IFCFACEOUTERBOUND(#3893,.T.);
#3895=IFCFACE((#3894));
#3896=IFCPOLYLOOP((#2653,#2638,#2634));
#3897=IFCFACEOUTERBOUND(#3896,.T.);
#3898=IFCFACE((#3897));
#3899=IFCPOLYLOOP((#2606,#2430,#2636,#2631,#2637,#2626,#2650,#2625,#2642,#2627,#2634,#2638,#2623,#2654));
#3900=IFCFACEOUTERBOUND(#3899,.T.);
#3901=IFCFACE((#3900));
#3902=IFCPOLYLOOP((#2608,#2607,#2655,#2656));
#3903=IFCFACEOUTERBOUND(#3902,.T.);
#3904=IFCFACE((#3903));
#3905=IFCPOLYLOOP((#2609,#2657,#2658,#2669,#2668,#2692,#2666,#2679,#2678,#2687,#2664,#2701,#2674,#2696,#2665,#2672,#2671,#2681,#2610));
#3906=IFCFACEOUTERBOUND(#3905,.T.);
#3907=IFCFACE((#3906));
#3908=IFCPOLYLOOP((#2689,#2680,#2667));
#3909=IFCFACEOUTERBOUND(#3908,.T.);
#3910=IFCFACE((#3909));
#3911=IFCPOLYLOOP((#2682,#2698,#2694));
#3912=IFCFACEOUTERBOUND(#3911,.T.);
#3913=IFCFACE((#3912));
#3914=IFCPOLYLOOP((#2681,#2705,#2706));
#3915=IFCFACEOUTERBOUND(#3914,.T.);
#3916=IFCFACE((#3915));
#3917=IFCPOLYLOOP((#2667,#2691,#2689));
#3918=IFCFACEOUTERBOUND(#3917,.T.);
#3919=IFCFACE((#3918));
#3920=IFCPOLYLOOP((#2705,#2681,#2671));
#3921=IFCFACEOUTERBOUND(#3920,.T.);
#3922=IFCFACE((#3921));
#3923=IFCPOLYLOOP((#2683,#2684,#2685));
#3924=IFCFACEOUTERBOUND(#3923,.T.);
#3925=IFCFACE((#3924));
#3926=IFCPOLYLOOP((#2672,#2665,#2694));
#3927=IFCFACEOUTERBOUND(#3926,.T.);
#3928=IFCFACE((#3927));
#3929=IFCPOLYLOOP((#2675,#2676,#2697));
#3930=IFCFACEOUTERBOUND(#3929,.T.);
#3931=IFCFACE((#3930));
#3932=IFCPOLYLOOP((#2686,#2688,#2707));
#3933=IFCFACEOUTERBOUND(#3932,.T.);
#3934=IFCFACE((#3933));
#3935=IFCPOLYLOOP((#2701,#2702,#2699));
#3936=IFCFACEOUTERBOUND(#3935,.T.);
#3937=IFCFACE((#3936));
#3938=IFCPOLYLOOP((#2704,#2691,#2690));
#3939=IFCFACEOUTERBOUND(#3938,.T.);
#3940=IFCFACE((#3939));
#3941=IFCPOLYLOOP((#2693,#2658,#2659));
#3942=IFCFACEOUTERBOUND(#3941,.T.);
#3943=IFCFACE((#3942));
#3944=IFCPOLYLOOP((#2680,#2689,#2693));
#3945=IFCFACEOUTERBOUND(#3944,.T.);
#3946=IFCFACE((#3945));
#3947=IFCPOLYLOOP((#2706,#2705,#2673));
#3948=IFCFACEOUTERBOUND(#3947,.T.);
#3949=IFCFACE((#3948));
#3950=IFCPOLYLOOP((#2675,#2697,#2699));
#3951=IFCFACEOUTERBOUND(#3950,.T.);
#3952=IFCFACE((#3951));
#3953=IFCPOLYLOOP((#2698,#2672,#2694));
#3954=IFCFACEOUTERBOUND(#3953,.T.);
#3955=IFCFACE((#3954));
#3956=IFCPOLYLOOP((#2610,#2681,#2706));
#3957=IFCFACEOUTERBOUND(#3956,.T.);
#3958=IFCFACE((#3957));
#3959=IFCPOLYLOOP((#2612,#2611,#2706));
#3960=IFCFACEOUTERBOUND(#3959,.T.);
#3961=IFCFACE((#3960));
#3962=IFCPOLYLOOP((#2695,#2662,#2694));
#3963=IFCFACEOUTERBOUND(#3962,.T.);
#3964=IFCFACE((#3963));
#3965=IFCPOLYLOOP((#2697,#2695,#2696));
#3966=IFCFACEOUTERBOUND(#3965,.T.);
#3967=IFCFACE((#3966));
#3968=IFCPOLYLOOP((#2663,#2683,#2685));
#3969=IFCFACEOUTERBOUND(#3968,.T.);
#3970=IFCFACE((#3969));
#3971=IFCPOLYLOOP((#2678,#2684,#2686));
#3972=IFCFACEOUTERBOUND(#3971,.T.);
#3973=IFCFACE((#3972));
#3974=IFCPOLYLOOP((#2678,#2679,#2684));
#3975=IFCFACEOUTERBOUND(#3974,.T.);
#3976=IFCFACE((#3975));
#3977=IFCPOLYLOOP((#2660,#2680,#2693));
#3978=IFCFACEOUTERBOUND(#3977,.T.);
#3979=IFCFACE((#3978));
#3980=IFCPOLYLOOP((#2689,#2668,#2669));
#3981=IFCFACEOUTERBOUND(#3980,.T.);
#3982=IFCFACE((#3981));
#3983=IFCPOLYLOOP((#2684,#2677,#2686));
#3984=IFCFACEOUTERBOUND(#3983,.T.);
#3985=IFCFACE((#3984));
#3986=IFCPOLYLOOP((#2698,#2670,#2705));
#3987=IFCFACEOUTERBOUND(#3986,.T.);
#3988=IFCFACE((#3987));
#3989=IFCPOLYLOOP((#2677,#2684,#2683));
#3990=IFCFACEOUTERBOUND(#3989,.T.);
#3991=IFCFACE((#3990));
#3992=IFCPOLYLOOP((#2685,#2684,#2679));
#3993=IFCFACEOUTERBOUND(#3992,.T.);
#3994=IFCFACE((#3993));
#3995=IFCPOLYLOOP((#2679,#2666,#2685));
#3996=IFCFACEOUTERBOUND(#3995,.T.);
#3997=IFCFACE((#3996));
#3998=IFCPOLYLOOP((#2685,#2666,#2704));
#3999=IFCFACEOUTERBOUND(#3998,.T.);
#4000=IFCFACE((#3999));
#4001=IFCPOLYLOOP((#2688,#2661,#2703));
#4002=IFCFACEOUTERBOUND(#4001,.T.);
#4003=IFCFACE((#4002));
#4004=IFCPOLYLOOP((#2686,#2677,#2688));
#4005=IFCFACEOUTERBOUND(#4004,.T.);
#4006=IFCFACE((#4005));
#4007=IFCPOLYLOOP((#2661,#2702,#2703));
#4008=IFCFACEOUTERBOUND(#4007,.T.);
#4009=IFCFACE((#4008));
#4010=IFCPOLYLOOP((#2687,#2678,#2686));
#4011=IFCFACEOUTERBOUND(#4010,.T.);
#4012=IFCFACE((#4011));
#4013=IFCPOLYLOOP((#2689,#2669,#2693));
#4014=IFCFACEOUTERBOUND(#4013,.T.);
#4015=IFCFACE((#4014));
#4016=IFCPOLYLOOP((#2658,#2693,#2669));
#4017=IFCFACEOUTERBOUND(#4016,.T.);
#4018=IFCFACE((#4017));
#4019=IFCPOLYLOOP((#2689,#2691,#2668));
#4020=IFCFACEOUTERBOUND(#4019,.T.);
#4021=IFCFACE((#4020));
#4022=IFCPOLYLOOP((#2667,#2690,#2691));
#4023=IFCFACEOUTERBOUND(#4022,.T.);
#4024=IFCFACE((#4023));
#4025=IFCPOLYLOOP((#2666,#2692,#2704));
#4026=IFCFACEOUTERBOUND(#4025,.T.);
#4027=IFCFACE((#4026));
#4028=IFCPOLYLOOP((#2663,#2704,#2690));
#4029=IFCFACEOUTERBOUND(#4028,.T.);
#4030=IFCFACE((#4029));
#4031=IFCPOLYLOOP((#2692,#2668,#2691));
#4032=IFCFACEOUTERBOUND(#4031,.T.);
#4033=IFCFACE((#4032));
#4034=IFCPOLYLOOP((#2660,#2693,#2659));
#4035=IFCFACEOUTERBOUND(#4034,.T.);
#4036=IFCFACE((#4035));
#4037=IFCPOLYLOOP((#2695,#2694,#2665));
#4038=IFCFACEOUTERBOUND(#4037,.T.);
#4039=IFCFACE((#4038));
#4040=IFCPOLYLOOP((#2682,#2694,#2662));
#4041=IFCFACEOUTERBOUND(#4040,.T.);
#4042=IFCFACE((#4041));
#4043=IFCPOLYLOOP((#2697,#2674,#2699));
#4044=IFCFACEOUTERBOUND(#4043,.T.);
#4045=IFCFACE((#4044));
#4046=IFCPOLYLOOP((#2676,#2662,#2695));
#4047=IFCFACEOUTERBOUND(#4046,.T.);
#4048=IFCFACE((#4047));
#4049=IFCPOLYLOOP((#2695,#2665,#2696));
#4050=IFCFACEOUTERBOUND(#4049,.T.);
#4051=IFCFACE((#4050));
#4052=IFCPOLYLOOP((#2697,#2696,#2674));
#4053=IFCFACEOUTERBOUND(#4052,.T.);
#4054=IFCFACE((#4053));
#4055=IFCPOLYLOOP((#2695,#2697,#2676));
#4056=IFCFACEOUTERBOUND(#4055,.T.);
#4057=IFCFACE((#4056));
#4058=IFCPOLYLOOP((#2670,#2698,#2682));
#4059=IFCFACEOUTERBOUND(#4058,.T.);
#4060=IFCFACE((#4059));
#4061=IFCPOLYLOOP((#2671,#2672,#2698));
#4062=IFCFACEOUTERBOUND(#4061,.T.);
#4063=IFCFACE((#4062));
#4064=IFCPOLYLOOP((#2702,#2701,#2664));
#4065=IFCFACEOUTERBOUND(#4064,.T.);
#4066=IFCFACE((#4065));
#4067=IFCPOLYLOOP((#2699,#2674,#2701));
#4068=IFCFACEOUTERBOUND(#4067,.T.);
#4069=IFCFACE((#4068));
#4070=IFCPOLYLOOP((#2702,#2661,#2700));
#4071=IFCFACEOUTERBOUND(#4070,.T.);
#4072=IFCFACE((#4071));
#4073=IFCPOLYLOOP((#2700,#2675,#2699));
#4074=IFCFACEOUTERBOUND(#4073,.T.);
#4075=IFCFACE((#4074));
#4076=IFCPOLYLOOP((#2702,#2664,#2703));
#4077=IFCFACEOUTERBOUND(#4076,.T.);
#4078=IFCFACE((#4077));
#4079=IFCPOLYLOOP((#2699,#2702,#2700));
#4080=IFCFACEOUTERBOUND(#4079,.T.);
#4081=IFCFACE((#4080));
#4082=IFCPOLYLOOP((#2664,#2687,#2703));
#4083=IFCFACEOUTERBOUND(#4082,.T.);
#4084=IFCFACE((#4083));
#4085=IFCPOLYLOOP((#2703,#2687,#2707));
#4086=IFCFACEOUTERBOUND(#4085,.T.);
#4087=IFCFACE((#4086));
#4088=IFCPOLYLOOP((#2704,#2692,#2691));
#4089=IFCFACEOUTERBOUND(#4088,.T.);
#4090=IFCFACE((#4089));
#4091=IFCPOLYLOOP((#2685,#2704,#2663));
#4092=IFCFACEOUTERBOUND(#4091,.T.);
#4093=IFCFACE((#4092));
#4094=IFCPOLYLOOP((#2698,#2705,#2671));
#4095=IFCFACEOUTERBOUND(#4094,.T.);
#4096=IFCFACE((#4095));
#4097=IFCPOLYLOOP((#2673,#2705,#2670));
#4098=IFCFACEOUTERBOUND(#4097,.T.);
#4099=IFCFACE((#4098));
#4100=IFCPOLYLOOP((#2612,#2706,#2673));
#4101=IFCFACEOUTERBOUND(#4100,.T.);
#4102=IFCFACE((#4101));
#4103=IFCPOLYLOOP((#2610,#2706,#2611));
#4104=IFCFACEOUTERBOUND(#4103,.T.);
#4105=IFCFACE((#4104));
#4106=IFCPOLYLOOP((#2703,#2707,#2688));
#4107=IFCFACEOUTERBOUND(#4106,.T.);
#4108=IFCFACE((#4107));
#4109=IFCPOLYLOOP((#2687,#2686,#2707));
#4110=IFCFACEOUTERBOUND(#4109,.T.);
#4111=IFCFACE((#4110));
#4112=IFCPOLYLOOP((#2739,#2757,#2758));
#4113=IFCFACEOUTERBOUND(#4112,.T.);
#4114=IFCFACE((#4113));
#4115=IFCPOLYLOOP((#2802,#2727,#2836));
#4116=IFCFACEOUTERBOUND(#4115,.T.);
#4117=IFCFACE((#4116));
#4118=IFCPOLYLOOP((#2871,#2846,#2806));
#4119=IFCFACEOUTERBOUND(#4118,.T.);
#4120=IFCFACE((#4119));
#4121=IFCPOLYLOOP((#2822,#2745,#2876));
#4122=IFCFACEOUTERBOUND(#4121,.T.);
#4123=IFCFACE((#4122));
#4124=IFCPOLYLOOP((#2759,#2780,#2788));
#4125=IFCFACEOUTERBOUND(#4124,.T.);
#4126=IFCFACE((#4125));
#4127=IFCPOLYLOOP((#2755,#2724,#2760));
#4128=IFCFACEOUTERBOUND(#4127,.T.);
#4129=IFCFACE((#4128));
#4130=IFCPOLYLOOP((#2808,#2771,#2850,#2732));
#4131=IFCFACEOUTERBOUND(#4130,.T.);
#4132=IFCFACE((#4131));
#4133=IFCPOLYLOOP((#2789,#2792,#2791));
#4134=IFCFACEOUTERBOUND(#4133,.T.);
#4135=IFCFACE((#4134));
#4136=IFCPOLYLOOP((#2752,#2751,#2737,#2753));
#4137=IFCFACEOUTERBOUND(#4136,.T.);
#4138=IFCFACE((#4137));
#4139=IFCPOLYLOOP((#2879,#2884,#2883,#2748));
#4140=IFCFACEOUTERBOUND(#4139,.T.);
#4141=IFCFACE((#4140));
#4142=IFCPOLYLOOP((#2873,#2874,#2816));
#4143=IFCFACEOUTERBOUND(#4142,.T.);
#4144=IFCFACE((#4143));
#4145=IFCPOLYLOOP((#2791,#2792,#2790));
#4146=IFCFACEOUTERBOUND(#4145,.T.);
#4147=IFCFACE((#4146));
#4148=IFCPOLYLOOP((#2875,#2870,#2815));
#4149=IFCFACEOUTERBOUND(#4148,.T.);
#4150=IFCFACE((#4149));
#4151=IFCPOLYLOOP((#2847,#2844,#2805));
#4152=IFCFACEOUTERBOUND(#4151,.T.);
#4153=IFCFACE((#4152));
#4154=IFCPOLYLOOP((#2782,#2722,#2780));
#4155=IFCFACEOUTERBOUND(#4154,.T.);
#4156=IFCFACE((#4155));
#4157=IFCPOLYLOOP((#2812,#2862,#2775));
#4158=IFCFACEOUTERBOUND(#4157,.T.);
#4159=IFCFACE((#4158));
#4160=IFCPOLYLOOP((#2724,#2755,#2753));
#4161=IFCFACEOUTERBOUND(#4160,.T.);
#4162=IFCFACE((#4161));
#4163=IFCPOLYLOOP((#2756,#2708,#2709));
#4164=IFCFACEOUTERBOUND(#4163,.T.);
#4165=IFCFACE((#4164));
#4166=IFCPOLYLOOP((#2622,#2621,#2751));
#4167=IFCFACEOUTERBOUND(#4166,.T.);
#4168=IFCFACE((#4167));
#4169=IFCPOLYLOOP((#2831,#2828,#2799));
#4170=IFCFACEOUTERBOUND(#4169,.T.);
#4171=IFCFACE((#4170));
#4172=IFCPOLYLOOP((#2866,#2867,#2814));
#4173=IFCFACEOUTERBOUND(#4172,.T.);
#4174=IFCFACE((#4173));
#4175=IFCPOLYLOOP((#2835,#2830,#2800));
#4176=IFCFACEOUTERBOUND(#4175,.T.);
#4177=IFCFACE((#4176));
#4178=IFCPOLYLOOP((#2837,#2833,#2801));
#4179=IFCFACEOUTERBOUND(#4178,.T.);
#4180=IFCFACE((#4179));
#4181=IFCPOLYLOOP((#2884,#2879,#2825));
#4182=IFCFACEOUTERBOUND(#4181,.T.);
#4183=IFCFACE((#4182));
#4184=IFCPOLYLOOP((#2810,#2857,#2773));
#4185=IFCFACEOUTERBOUND(#4184,.T.);
#4186=IFCFACE((#4185));
#4187=IFCPOLYLOOP((#2810,#2773,#2855,#2731));
#4188=IFCFACEOUTERBOUND(#4187,.T.);
#4189=IFCFACE((#4188));
#4190=IFCPOLYLOOP((#2808,#2852,#2771));
#4191=IFCFACEOUTERBOUND(#4190,.T.);
#4192=IFCFACE((#4191));
#4193=IFCPOLYLOOP((#2752,#2749,#2622));
#4194=IFCFACEOUTERBOUND(#4193,.T.);
#4195=IFCFACE((#4194));
#4196=IFCPOLYLOOP((#2756,#2757,#2739));
#4197=IFCFACEOUTERBOUND(#4196,.T.);
#4198=IFCFACE((#4197));
#4199=IFCPOLYLOOP((#2758,#2789,#2733));
#4200=IFCFACEOUTERBOUND(#4199,.T.);
#4201=IFCFACE((#4200));
#4202=IFCPOLYLOOP((#2736,#2752,#2755));
#4203=IFCFACEOUTERBOUND(#4202,.T.);
#4204=IFCFACE((#4203));
#4205=IFCPOLYLOOP((#2734,#2789,#2758));
#4206=IFCFACEOUTERBOUND(#4205,.T.);
#4207=IFCFACE((#4206));
#4208=IFCPOLYLOOP((#2709,#2757,#2756));
#4209=IFCFACEOUTERBOUND(#4208,.T.);
#4210=IFCFACE((#4209));
#4211=IFCPOLYLOOP((#2785,#2786,#2742));
#4212=IFCFACEOUTERBOUND(#4211,.T.);
#4213=IFCFACE((#4212));
#4214=IFCPOLYLOOP((#2812,#2775,#2860,#2741));
#4215=IFCFACEOUTERBOUND(#4214,.T.);
#4216=IFCFACE((#4215));
#4217=IFCPOLYLOOP((#2785,#2784,#2783));
#4218=IFCFACEOUTERBOUND(#4217,.T.);
#4219=IFCFACE((#4218));
#4220=IFCPOLYLOOP((#2877,#2878,#2822));
#4221=IFCFACEOUTERBOUND(#4220,.T.);
#4222=IFCFACE((#4221));
#4223=IFCPOLYLOOP((#2868,#2864,#2813));
#4224=IFCFACEOUTERBOUND(#4223,.T.);
#4225=IFCFACE((#4224));
#4226=IFCPOLYLOOP((#2866,#2824,#2796));
#4227=IFCFACEOUTERBOUND(#4226,.T.);
#4228=IFCFACE((#4227));
#4229=IFCPOLYLOOP((#2804,#2842,#2767));
#4230=IFCFACEOUTERBOUND(#4229,.T.);
#4231=IFCFACE((#4230));
#4232=IFCPOLYLOOP((#2804,#2767,#2840,#2747));
#4233=IFCFACEOUTERBOUND(#4232,.T.);
#4234=IFCFACE((#4233));
#4235=IFCPOLYLOOP((#2714,#2832,#2880,#2879));
#4236=IFCFACEOUTERBOUND(#4235,.T.);
#4237=IFCFACE((#4236));
#4238=IFCPOLYLOOP((#2749,#2623,#2622));
#4239=IFCFACEOUTERBOUND(#4238,.T.);
#4240=IFCFACE((#4239));
#4241=IFCPOLYLOOP((#2709,#2710,#2750));
#4242=IFCFACEOUTERBOUND(#4241,.T.);
#4243=IFCFACE((#4242));
#4244=IFCPOLYLOOP((#2751,#2752,#2622));
#4245=IFCFACEOUTERBOUND(#4244,.T.);
#4246=IFCFACE((#4245));
#4247=IFCPOLYLOOP((#2736,#2749,#2752));
#4248=IFCFACEOUTERBOUND(#4247,.T.);
#4249=IFCFACE((#4248));
#4250=IFCPOLYLOOP((#2755,#2723,#2754,#2736));
#4251=IFCFACEOUTERBOUND(#4250,.T.);
#4252=IFCFACE((#4251));
#4253=IFCPOLYLOOP((#2755,#2752,#2753));
#4254=IFCFACEOUTERBOUND(#4253,.T.);
#4255=IFCFACE((#4254));
#4256=IFCPOLYLOOP((#2877,#2827,#2799));
#4257=IFCFACEOUTERBOUND(#4256,.T.);
#4258=IFCFACE((#4257));
#4259=IFCPOLYLOOP((#2757,#2709,#2750));
#4260=IFCFACEOUTERBOUND(#4259,.T.);
#4261=IFCFACE((#4260));
#4262=IFCPOLYLOOP((#2750,#2738,#2757));
#4263=IFCFACEOUTERBOUND(#4262,.T.);
#4264=IFCFACE((#4263));
#4265=IFCPOLYLOOP((#2758,#2757,#2738));
#4266=IFCFACEOUTERBOUND(#4265,.T.);
#4267=IFCFACE((#4266));
#4268=IFCPOLYLOOP((#2734,#2758,#2738));
#4269=IFCFACEOUTERBOUND(#4268,.T.);
#4270=IFCFACE((#4269));
#4271=IFCPOLYLOOP((#2758,#2733,#2798,#2739));
#4272=IFCFACEOUTERBOUND(#4271,.T.);
#4273=IFCFACE((#4272));
#4274=IFCPOLYLOOP((#2755,#2760,#2723));
#4275=IFCFACEOUTERBOUND(#4274,.T.);
#4276=IFCFACE((#4275));
#4277=IFCPOLYLOOP((#2760,#2724,#2781));
#4278=IFCFACEOUTERBOUND(#4277,.T.);
#4279=IFCFACE((#4278));
#4280=IFCPOLYLOOP((#2780,#2721,#2782));
#4281=IFCFACEOUTERBOUND(#4280,.T.);
#4282=IFCFACE((#4281));
#4283=IFCPOLYLOOP((#2780,#2722,#2761));
#4284=IFCFACEOUTERBOUND(#4283,.T.);
#4285=IFCFACE((#4284));
#4286=IFCPOLYLOOP((#2760,#2788,#2723));
#4287=IFCFACEOUTERBOUND(#4286,.T.);
#4288=IFCFACE((#4287));
#4289=IFCPOLYLOOP((#2800,#2762,#2829,#2727));
#4290=IFCFACEOUTERBOUND(#4289,.T.);
#4291=IFCFACE((#4290));
#4292=IFCPOLYLOOP((#2880,#2832,#2801));
#4293=IFCFACEOUTERBOUND(#4292,.T.);
#4294=IFCFACE((#4293));
#4295=IFCPOLYLOOP((#2802,#2764,#2834));
#4296=IFCFACEOUTERBOUND(#4295,.T.);
#4297=IFCFACE((#4296));
#4298=IFCPOLYLOOP((#2838,#2842,#2841,#2766));
#4299=IFCFACEOUTERBOUND(#4298,.T.);
#4300=IFCFACE((#4299));
#4301=IFCPOLYLOOP((#2842,#2838,#2803));
#4302=IFCFACEOUTERBOUND(#4301,.T.);
#4303=IFCFACE((#4302));
#4304=IFCPOLYLOOP((#2805,#2716,#2843,#2768));
#4305=IFCFACEOUTERBOUND(#4304,.T.);
#4306=IFCFACE((#4305));
#4307=IFCPOLYLOOP((#2806,#2768,#2845,#2720));
#4308=IFCFACEOUTERBOUND(#4307,.T.);
#4309=IFCFACE((#4308));
#4310=IFCPOLYLOOP((#2770,#2807,#2852));
#4311=IFCFACEOUTERBOUND(#4310,.T.);
#4312=IFCFACE((#4311));
#4313=IFCPOLYLOOP((#2807,#2770,#2848,#2712));
#4314=IFCFACEOUTERBOUND(#4313,.T.);
#4315=IFCFACE((#4314));
#4316=IFCPOLYLOOP((#2853,#2857,#2856,#2772));
#4317=IFCFACEOUTERBOUND(#4316,.T.);
#4318=IFCFACE((#4317));
#4319=IFCPOLYLOOP((#2857,#2853,#2809));
#4320=IFCFACEOUTERBOUND(#4319,.T.);
#4321=IFCFACE((#4320));
#4322=IFCPOLYLOOP((#2774,#2811,#2862));
#4323=IFCFACEOUTERBOUND(#4322,.T.);
#4324=IFCFACE((#4323));
#4325=IFCPOLYLOOP((#2811,#2774,#2858,#2715));
#4326=IFCFACEOUTERBOUND(#4325,.T.);
#4327=IFCFACE((#4326));
#4328=IFCPOLYLOOP((#2813,#2713,#2863,#2776));
#4329=IFCFACEOUTERBOUND(#4328,.T.);
#4330=IFCFACE((#4329));
#4331=IFCPOLYLOOP((#2814,#2776,#2865,#2744));
#4332=IFCFACEOUTERBOUND(#4331,.T.);
#4333=IFCFACE((#4332));
#4334=IFCPOLYLOOP((#2815,#2720,#2869,#2778));
#4335=IFCFACEOUTERBOUND(#4334,.T.);
#4336=IFCFACE((#4335));
#4337=IFCPOLYLOOP((#2816,#2778,#2872,#2717));
#4338=IFCFACEOUTERBOUND(#4337,.T.);
#4339=IFCFACE((#4338));
#4340=IFCPOLYLOOP((#2788,#2780,#2761));
#4341=IFCFACEOUTERBOUND(#4340,.T.);
#4342=IFCFACE((#4341));
#4343=IFCPOLYLOOP((#2780,#2759,#2817,#2721));
#4344=IFCFACEOUTERBOUND(#4343,.T.);
#4345=IFCFACE((#4344));
#4346=IFCPOLYLOOP((#2786,#2741,#2818,#2742));
#4347=IFCFACEOUTERBOUND(#4346,.T.);
#4348=IFCFACE((#4347));
#4349=IFCPOLYLOOP((#2788,#2781,#2759));
#4350=IFCFACEOUTERBOUND(#4349,.T.);
#4351=IFCFACE((#4350));
#4352=IFCPOLYLOOP((#2785,#2787,#2782));
#4353=IFCFACEOUTERBOUND(#4352,.T.);
#4354=IFCFACE((#4353));
#4355=IFCPOLYLOOP((#2782,#2784,#2785));
#4356=IFCFACEOUTERBOUND(#4355,.T.);
#4357=IFCFACE((#4356));
#4358=IFCPOLYLOOP((#2782,#2721,#2784));
#4359=IFCFACEOUTERBOUND(#4358,.T.);
#4360=IFCFACE((#4359));
#4361=IFCPOLYLOOP((#2785,#2783,#2786));
#4362=IFCFACEOUTERBOUND(#4361,.T.);
#4363=IFCFACE((#4362));
#4364=IFCPOLYLOOP((#2723,#2788,#2761));
#4365=IFCFACEOUTERBOUND(#4364,.T.);
#4366=IFCFACE((#4365));
#4367=IFCPOLYLOOP((#2786,#2783,#2819,#2740));
#4368=IFCFACEOUTERBOUND(#4367,.T.);
#4369=IFCFACE((#4368));
#4370=IFCPOLYLOOP((#2812,#2786,#2740));
#4371=IFCFACEOUTERBOUND(#4370,.T.);
#4372=IFCFACE((#4371));
#4373=IFCPOLYLOOP((#2787,#2785,#2742));
#4374=IFCFACEOUTERBOUND(#4373,.T.);
#4375=IFCFACE((#4374));
#4376=IFCPOLYLOOP((#2787,#2722,#2782));
#4377=IFCFACEOUTERBOUND(#4376,.T.);
#4378=IFCFACE((#4377));
#4379=IFCPOLYLOOP((#2781,#2788,#2760));
#4380=IFCFACEOUTERBOUND(#4379,.T.);
#4381=IFCFACE((#4380));
#4382=IFCPOLYLOOP((#2792,#2794,#2735));
#4383=IFCFACEOUTERBOUND(#4382,.T.);
#4384=IFCFACE((#4383));
#4385=IFCPOLYLOOP((#2735,#2793,#2792));
#4386=IFCFACEOUTERBOUND(#4385,.T.);
#4387=IFCFACE((#4386));
#4388=IFCPOLYLOOP((#2792,#2793,#2790));
#4389=IFCFACEOUTERBOUND(#4388,.T.);
#4390=IFCFACE((#4389));
#4391=IFCPOLYLOOP((#2794,#2792,#2789));
#4392=IFCFACEOUTERBOUND(#4391,.T.);
#4393=IFCFACE((#4392));
#4394=IFCPOLYLOOP((#2791,#2733,#2789));
#4395=IFCFACEOUTERBOUND(#4394,.T.);
#4396=IFCFACE((#4395));
#4397=IFCPOLYLOOP((#2793,#2735,#2820,#2718));
#4398=IFCFACEOUTERBOUND(#4397,.T.);
#4399=IFCFACE((#4398));
#4400=IFCPOLYLOOP((#2870,#2875,#2779));
#4401=IFCFACEOUTERBOUND(#4400,.T.);
#4402=IFCFACE((#4401));
#4403=IFCPOLYLOOP((#2873,#2821,#2793));
#4404=IFCFACEOUTERBOUND(#4403,.T.);
#4405=IFCFACE((#4404));
#4406=IFCPOLYLOOP((#2789,#2734,#2794));
#4407=IFCFACEOUTERBOUND(#4406,.T.);
#4408=IFCFACE((#4407));
#4409=IFCPOLYLOOP((#2864,#2868,#2777));
#4410=IFCFACEOUTERBOUND(#4409,.T.);
#4411=IFCFACE((#4410));
#4412=IFCPOLYLOOP((#2796,#2795,#2823,#2743));
#4413=IFCFACEOUTERBOUND(#4412,.T.);
#4414=IFCFACE((#4413));
#4415=IFCPOLYLOOP((#2822,#2796,#2745));
#4416=IFCFACEOUTERBOUND(#4415,.T.);
#4417=IFCFACE((#4416));
#4418=IFCPOLYLOOP((#2762,#2800,#2831));
#4419=IFCFACEOUTERBOUND(#4418,.T.);
#4420=IFCFACE((#4419));
#4421=IFCPOLYLOOP((#2826,#2797,#2882,#2746));
#4422=IFCFACEOUTERBOUND(#4421,.T.);
#4423=IFCFACE((#4422));
#4424=IFCPOLYLOOP((#2711,#2880,#2801));
#4425=IFCFACEOUTERBOUND(#4424,.T.);
#4426=IFCFACE((#4425));
#4427=IFCPOLYLOOP((#2833,#2837,#2836,#2765));
#4428=IFCFACEOUTERBOUND(#4427,.T.);
#4429=IFCFACE((#4428));
#4430=IFCPOLYLOOP((#2800,#2830,#2831));
#4431=IFCFACEOUTERBOUND(#4430,.T.);
#4432=IFCFACE((#4431));
#4433=IFCPOLYLOOP((#2764,#2802,#2837));
#4434=IFCFACEOUTERBOUND(#4433,.T.);
#4435=IFCFACE((#4434));
#4436=IFCPOLYLOOP((#2880,#2711,#2825));
#4437=IFCFACEOUTERBOUND(#4436,.T.);
#4438=IFCFACE((#4437));
#4439=IFCPOLYLOOP((#2834,#2835,#2802));
#4440=IFCFACEOUTERBOUND(#4439,.T.);
#4441=IFCFACE((#4440));
#4442=IFCPOLYLOOP((#2802,#2836,#2837));
#4443=IFCFACEOUTERBOUND(#4442,.T.);
#4444=IFCFACE((#4443));
#4445=IFCPOLYLOOP((#2809,#2803,#2730));
#4446=IFCFACEOUTERBOUND(#4445,.T.);
#4447=IFCFACE((#4446));
#4448=IFCPOLYLOOP((#2803,#2729,#2839,#2767));
#4449=IFCFACEOUTERBOUND(#4448,.T.);
#4450=IFCFACE((#4449));
#4451=IFCPOLYLOOP((#2826,#2804,#2747));
#4452=IFCFACEOUTERBOUND(#4451,.T.);
#4453=IFCFACE((#4452));
#4454=IFCPOLYLOOP((#2804,#2746,#2841));
#4455=IFCFACEOUTERBOUND(#4454,.T.);
#4456=IFCFACE((#4455));
#4457=IFCPOLYLOOP((#2768,#2806,#2847));
#4458=IFCFACEOUTERBOUND(#4457,.T.);
#4459=IFCFACE((#4458));
#4460=IFCPOLYLOOP((#2813,#2805,#2713));
#4461=IFCFACEOUTERBOUND(#4460,.T.);
#4462=IFCFACE((#4461));
#4463=IFCPOLYLOOP((#2720,#2815,#2871));
#4464=IFCFACEOUTERBOUND(#4463,.T.);
#4465=IFCFACE((#4464));
#4466=IFCPOLYLOOP((#2847,#2806,#2769));
#4467=IFCFACEOUTERBOUND(#4466,.T.);
#4468=IFCFACE((#4467));
#4469=IFCPOLYLOOP((#2811,#2807,#2712));
#4470=IFCFACEOUTERBOUND(#4469,.T.);
#4471=IFCFACE((#4470));
#4472=IFCPOLYLOOP((#2807,#2715,#2849));
#4473=IFCFACEOUTERBOUND(#4472,.T.);
#4474=IFCFACE((#4473));
#4475=IFCPOLYLOOP((#2810,#2808,#2732));
#4476=IFCFACEOUTERBOUND(#4475,.T.);
#4477=IFCFACE((#4476));
#4478=IFCPOLYLOOP((#2808,#2731,#2851));
#4479=IFCFACEOUTERBOUND(#4478,.T.);
#4480=IFCFACE((#4479));
#4481=IFCPOLYLOOP((#2803,#2809,#2729));
#4482=IFCFACEOUTERBOUND(#4481,.T.);
#4483=IFCFACE((#4482));
#4484=IFCPOLYLOOP((#2809,#2730,#2854));
#4485=IFCFACEOUTERBOUND(#4484,.T.);
#4486=IFCFACE((#4485));
#4487=IFCPOLYLOOP((#2808,#2810,#2731));
#4488=IFCFACEOUTERBOUND(#4487,.T.);
#4489=IFCFACE((#4488));
#4490=IFCPOLYLOOP((#2810,#2732,#2856));
#4491=IFCFACEOUTERBOUND(#4490,.T.);
#4492=IFCFACE((#4491));
#4493=IFCPOLYLOOP((#2807,#2811,#2715));
#4494=IFCFACEOUTERBOUND(#4493,.T.);
#4495=IFCFACE((#4494));
#4496=IFCPOLYLOOP((#2811,#2712,#2859));
#4497=IFCFACEOUTERBOUND(#4496,.T.);
#4498=IFCFACE((#4497));
#4499=IFCPOLYLOOP((#2786,#2812,#2741));
#4500=IFCFACEOUTERBOUND(#4499,.T.);
#4501=IFCFACE((#4500));
#4502=IFCPOLYLOOP((#2812,#2740,#2861));
#4503=IFCFACEOUTERBOUND(#4502,.T.);
#4504=IFCFACE((#4503));
#4505=IFCPOLYLOOP((#2776,#2814,#2868));
#4506=IFCFACEOUTERBOUND(#4505,.T.);
#4507=IFCFACE((#4506));
#4508=IFCPOLYLOOP((#2805,#2813,#2716));
#4509=IFCFACEOUTERBOUND(#4508,.T.);
#4510=IFCFACE((#4509));
#4511=IFCPOLYLOOP((#2814,#2744,#2866));
#4512=IFCFACEOUTERBOUND(#4511,.T.);
#4513=IFCFACE((#4512));
#4514=IFCPOLYLOOP((#2868,#2814,#2777));
#4515=IFCFACEOUTERBOUND(#4514,.T.);
#4516=IFCFACE((#4515));
#4517=IFCPOLYLOOP((#2778,#2816,#2875));
#4518=IFCFACEOUTERBOUND(#4517,.T.);
#4519=IFCFACE((#4518));
#4520=IFCPOLYLOOP((#2871,#2815,#2719));
#4521=IFCFACEOUTERBOUND(#4520,.T.);
#4522=IFCFACE((#4521));
#4523=IFCPOLYLOOP((#2816,#2717,#2873));
#4524=IFCFACEOUTERBOUND(#4523,.T.);
#4525=IFCFACE((#4524));
#4526=IFCPOLYLOOP((#2875,#2816,#2779));
#4527=IFCFACEOUTERBOUND(#4526,.T.);
#4528=IFCFACE((#4527));
#4529=IFCPOLYLOOP((#2876,#2877,#2822));
#4530=IFCFACEOUTERBOUND(#4529,.T.);
#4531=IFCFACE((#4530));
#4532=IFCPOLYLOOP((#2821,#2790,#2793));
#4533=IFCFACEOUTERBOUND(#4532,.T.);
#4534=IFCFACE((#4533));
#4535=IFCPOLYLOOP((#2796,#2822,#2795));
#4536=IFCFACEOUTERBOUND(#4535,.T.);
#4537=IFCFACE((#4536));
#4538=IFCPOLYLOOP((#2825,#2711,#2881,#2797));
#4539=IFCFACEOUTERBOUND(#4538,.T.);
#4540=IFCFACE((#4539));
#4541=IFCPOLYLOOP((#2824,#2745,#2796));
#4542=IFCFACEOUTERBOUND(#4541,.T.);
#4543=IFCFACE((#4542));
#4544=IFCPOLYLOOP((#2884,#2797,#2826));
#4545=IFCFACEOUTERBOUND(#4544,.T.);
#4546=IFCFACE((#4545));
#4547=IFCPOLYLOOP((#2804,#2826,#2746));
#4548=IFCFACEOUTERBOUND(#4547,.T.);
#4549=IFCFACE((#4548));
#4550=IFCPOLYLOOP((#2826,#2747,#2883));
#4551=IFCFACEOUTERBOUND(#4550,.T.);
#4552=IFCFACE((#4551));
#4553=IFCPOLYLOOP((#2828,#2831,#2830,#2763));
#4554=IFCFACEOUTERBOUND(#4553,.T.);
#4555=IFCFACE((#4554));
#4556=IFCPOLYLOOP((#2762,#2799,#2827));
#4557=IFCFACEOUTERBOUND(#4556,.T.);
#4558=IFCFACE((#4557));
#4559=IFCPOLYLOOP((#2828,#2725,#2799));
#4560=IFCFACEOUTERBOUND(#4559,.T.);
#4561=IFCFACE((#4560));
#4562=IFCPOLYLOOP((#2762,#2831,#2799));
#4563=IFCFACEOUTERBOUND(#4562,.T.);
#4564=IFCFACE((#4563));
#4565=IFCPOLYLOOP((#2830,#2835,#2834,#2728));
#4566=IFCFACEOUTERBOUND(#4565,.T.);
#4567=IFCFACE((#4566));
#4568=IFCPOLYLOOP((#2764,#2801,#2832));
#4569=IFCFACEOUTERBOUND(#4568,.T.);
#4570=IFCFACE((#4569));
#4571=IFCPOLYLOOP((#2833,#2711,#2801));
#4572=IFCFACEOUTERBOUND(#4571,.T.);
#4573=IFCFACE((#4572));
#4574=IFCPOLYLOOP((#2727,#2835,#2800));
#4575=IFCFACEOUTERBOUND(#4574,.T.);
#4576=IFCFACE((#4575));
#4577=IFCPOLYLOOP((#2727,#2802,#2835));
#4578=IFCFACEOUTERBOUND(#4577,.T.);
#4579=IFCFACE((#4578));
#4580=IFCPOLYLOOP((#2764,#2837,#2801));
#4581=IFCFACEOUTERBOUND(#4580,.T.);
#4582=IFCFACE((#4581));
#4583=IFCPOLYLOOP((#2767,#2842,#2803));
#4584=IFCFACEOUTERBOUND(#4583,.T.);
#4585=IFCFACE((#4584));
#4586=IFCPOLYLOOP((#2730,#2803,#2838));
#4587=IFCFACEOUTERBOUND(#4586,.T.);
#4588=IFCFACE((#4587));
#4589=IFCPOLYLOOP((#2841,#2842,#2804));
#4590=IFCFACEOUTERBOUND(#4589,.T.);
#4591=IFCFACE((#4590));
#4592=IFCPOLYLOOP((#2844,#2847,#2769));
#4593=IFCFACEOUTERBOUND(#4592,.T.);
#4594=IFCFACE((#4593));
#4595=IFCPOLYLOOP((#2844,#2713,#2805));
#4596=IFCFACEOUTERBOUND(#4595,.T.);
#4597=IFCFACE((#4596));
#4598=IFCPOLYLOOP((#2846,#2769,#2806));
#4599=IFCFACEOUTERBOUND(#4598,.T.);
#4600=IFCFACE((#4599));
#4601=IFCPOLYLOOP((#2768,#2847,#2805));
#4602=IFCFACEOUTERBOUND(#4601,.T.);
#4603=IFCFACE((#4602));
#4604=IFCPOLYLOOP((#2852,#2807,#2849));
#4605=IFCFACEOUTERBOUND(#4604,.T.);
#4606=IFCFACE((#4605));
#4607=IFCPOLYLOOP((#2852,#2849,#2771));
#4608=IFCFACEOUTERBOUND(#4607,.T.);
#4609=IFCFACE((#4608));
#4610=IFCPOLYLOOP((#2852,#2851,#2770));
#4611=IFCFACEOUTERBOUND(#4610,.T.);
#4612=IFCFACE((#4611));
#4613=IFCPOLYLOOP((#2851,#2852,#2808));
#4614=IFCFACEOUTERBOUND(#4613,.T.);
#4615=IFCFACE((#4614));
#4616=IFCPOLYLOOP((#2857,#2809,#2854));
#4617=IFCFACEOUTERBOUND(#4616,.T.);
#4618=IFCFACE((#4617));
#4619=IFCPOLYLOOP((#2729,#2809,#2853));
#4620=IFCFACEOUTERBOUND(#4619,.T.);
#4621=IFCFACE((#4620));
#4622=IFCPOLYLOOP((#2857,#2854,#2773));
#4623=IFCFACEOUTERBOUND(#4622,.T.);
#4624=IFCFACE((#4623));
#4625=IFCPOLYLOOP((#2856,#2857,#2810));
#4626=IFCFACEOUTERBOUND(#4625,.T.);
#4627=IFCFACE((#4626));
#4628=IFCPOLYLOOP((#2862,#2811,#2859));
#4629=IFCFACEOUTERBOUND(#4628,.T.);
#4630=IFCFACE((#4629));
#4631=IFCPOLYLOOP((#2862,#2859,#2775));
#4632=IFCFACEOUTERBOUND(#4631,.T.);
#4633=IFCFACE((#4632));
#4634=IFCPOLYLOOP((#2862,#2861,#2774));
#4635=IFCFACEOUTERBOUND(#4634,.T.);
#4636=IFCFACE((#4635));
#4637=IFCPOLYLOOP((#2861,#2862,#2812));
#4638=IFCFACEOUTERBOUND(#4637,.T.);
#4639=IFCFACE((#4638));
#4640=IFCPOLYLOOP((#2824,#2866,#2744));
#4641=IFCFACEOUTERBOUND(#4640,.T.);
#4642=IFCFACE((#4641));
#4643=IFCPOLYLOOP((#2864,#2716,#2813));
#4644=IFCFACEOUTERBOUND(#4643,.T.);
#4645=IFCFACE((#4644));
#4646=IFCPOLYLOOP((#2743,#2866,#2796));
#4647=IFCFACEOUTERBOUND(#4646,.T.);
#4648=IFCFACE((#4647));
#4649=IFCPOLYLOOP((#2867,#2866,#2743));
#4650=IFCFACEOUTERBOUND(#4649,.T.);
#4651=IFCFACE((#4650));
#4652=IFCPOLYLOOP((#2867,#2777,#2814));
#4653=IFCFACEOUTERBOUND(#4652,.T.);
#4654=IFCFACE((#4653));
#4655=IFCPOLYLOOP((#2776,#2868,#2813));
#4656=IFCFACEOUTERBOUND(#4655,.T.);
#4657=IFCFACE((#4656));
#4658=IFCPOLYLOOP((#2846,#2871,#2719));
#4659=IFCFACEOUTERBOUND(#4658,.T.);
#4660=IFCFACE((#4659));
#4661=IFCPOLYLOOP((#2870,#2719,#2815));
#4662=IFCFACEOUTERBOUND(#4661,.T.);
#4663=IFCFACE((#4662));
#4664=IFCPOLYLOOP((#2720,#2871,#2806));
#4665=IFCFACEOUTERBOUND(#4664,.T.);
#4666=IFCFACE((#4665));
#4667=IFCPOLYLOOP((#2821,#2873,#2717));
#4668=IFCFACEOUTERBOUND(#4667,.T.);
#4669=IFCFACE((#4668));
#4670=IFCPOLYLOOP((#2718,#2873,#2793));
#4671=IFCFACEOUTERBOUND(#4670,.T.);
#4672=IFCFACE((#4671));
#4673=IFCPOLYLOOP((#2874,#2873,#2718));
#4674=IFCFACEOUTERBOUND(#4673,.T.);
#4675=IFCFACE((#4674));
#4676=IFCPOLYLOOP((#2874,#2779,#2816));
#4677=IFCFACEOUTERBOUND(#4676,.T.);
#4678=IFCFACE((#4677));
#4679=IFCPOLYLOOP((#2778,#2875,#2815));
#4680=IFCFACEOUTERBOUND(#4679,.T.);
#4681=IFCFACE((#4680));
#4682=IFCPOLYLOOP((#2827,#2877,#2876,#2726));
#4683=IFCFACEOUTERBOUND(#4682,.T.);
#4684=IFCFACE((#4683));
#4685=IFCPOLYLOOP((#2725,#2877,#2799));
#4686=IFCFACEOUTERBOUND(#4685,.T.);
#4687=IFCFACE((#4686));
#4688=IFCPOLYLOOP((#2878,#2877,#2725));
#4689=IFCFACEOUTERBOUND(#4688,.T.);
#4690=IFCFACE((#4689));
#4691=IFCPOLYLOOP((#2878,#2795,#2822));
#4692=IFCFACEOUTERBOUND(#4691,.T.);
#4693=IFCFACE((#4692));
#4694=IFCPOLYLOOP((#2879,#2880,#2825));
#4695=IFCFACEOUTERBOUND(#4694,.T.);
#4696=IFCFACE((#4695));
#4697=IFCPOLYLOOP((#2797,#2884,#2825));
#4698=IFCFACEOUTERBOUND(#4697,.T.);
#4699=IFCFACE((#4698));
#4700=IFCPOLYLOOP((#2883,#2884,#2826));
#4701=IFCFACEOUTERBOUND(#4700,.T.);
#4702=IFCFACE((#4701));
#4703=IFCPOLYLOOP((#2654,#2623,#2749,#2736,#2754,#2723,#2761,#2722,#2787,#2742,#2818,#2741,#2860,#2775,#2859,#2712,#2848,#2770,#2851,#2731,#2855,#2773,#2854,#2730,#2838,#2766,#2841,#2746,#2882,#2797,#2881,#2711,#2833,#2765,#2836,#2727,#2829,#2762,#2827,#2726,#2876,#2745,#2824,#2744,#2865,#2776,#2863,#2713,#2844,#2769,#2846,#2719,#2870,#2779,#2874,#2718,#2820,#2735,#2794,#2734,#2738,#2750,#2710,#2885));
#4704=IFCFACEOUTERBOUND(#4703,.T.);
#4705=IFCFACE((#4704));
#4706=IFCPOLYLOOP((#2885,#2655,#2654));
#4707=IFCFACEOUTERBOUND(#4706,.T.);
#4708=IFCFACE((#4707));
#4709=IFCPOLYLOOP((#2655,#2885,#2367));
#4710=IFCFACEOUTERBOUND(#4709,.T.);
#4711=IFCFACE((#4710));
#4712=IFCPOLYLOOP((#2605,#2367,#2885));
#4713=IFCFACEOUTERBOUND(#4712,.T.);
#4714=IFCFACE((#4713));
#4715=IFCPOLYLOOP((#2367,#2605,#2606));
#4716=IFCFACEOUTERBOUND(#4715,.T.);
#4717=IFCFACE((#4716));
#4718=IFCPOLYLOOP((#2368,#2606,#2654));
#4719=IFCFACEOUTERBOUND(#4718,.T.);
#4720=IFCFACE((#4719));
#4721=IFCPOLYLOOP((#2606,#2368,#2367));
#4722=IFCFACEOUTERBOUND(#4721,.T.);
#4723=IFCFACE((#4722));
#4724=IFCPOLYLOOP((#2607,#2654,#2655));
#4725=IFCFACEOUTERBOUND(#4724,.T.);
#4726=IFCFACE((#4725));
#4727=IFCPOLYLOOP((#2654,#2607,#2368));
#4728=IFCFACEOUTERBOUND(#4727,.T.);
#4729=IFCFACE((#4728));
#4730=IFCPOLYLOOP((#2656,#2655,#2367,#2366));
#4731=IFCFACEOUTERBOUND(#4730,.T.);
#4732=IFCFACE((#4731));
#4733=IFCPOLYLOOP((#2656,#2657,#2608));
#4734=IFCFACEOUTERBOUND(#4733,.T.);
#4735=IFCFACE((#4734));
#4736=IFCPOLYLOOP((#2657,#2656,#2371));
#4737=IFCFACEOUTERBOUND(#4736,.T.);
#4738=IFCFACE((#4737));
#4739=IFCPOLYLOOP((#2366,#2371,#2656));
#4740=IFCFACEOUTERBOUND(#4739,.T.);
#4741=IFCFACE((#4740));
#4742=IFCPOLYLOOP((#2371,#2366,#2369));
#4743=IFCFACEOUTERBOUND(#4742,.T.);
#4744=IFCFACE((#4743));
#4745=IFCPOLYLOOP((#2372,#2369,#2608));
#4746=IFCFACEOUTERBOUND(#4745,.T.);
#4747=IFCFACE((#4746));
#4748=IFCPOLYLOOP((#2369,#2372,#2371));
#4749=IFCFACEOUTERBOUND(#4748,.T.);
#4750=IFCFACE((#4749));
#4751=IFCPOLYLOOP((#2609,#2608,#2657));
#4752=IFCFACEOUTERBOUND(#4751,.T.);
#4753=IFCFACE((#4752));
#4754=IFCPOLYLOOP((#2608,#2609,#2372));
#4755=IFCFACEOUTERBOUND(#4754,.T.);
#4756=IFCFACE((#4755));
#4757=IFCPOLYLOOP((#2658,#2657,#2371,#2370,#2886,#2888));
#4758=IFCFACEOUTERBOUND(#4757,.T.);
#4759=IFCFACE((#4758));
#4760=IFCPOLYLOOP((#2889,#2891,#2887,#2890));
#4761=IFCFACEOUTERBOUND(#4760,.T.);
#4762=IFCFACE((#4761));
#4763=IFCPOLYLOOP((#2890,#2659,#2892));
#4764=IFCFACEOUTERBOUND(#4763,.T.);
#4765=IFCFACE((#4764));
#4766=IFCPOLYLOOP((#2370,#2375,#2893));
#4767=IFCFACEOUTERBOUND(#4766,.T.);
#4768=IFCFACE((#4767));
#4769=IFCPOLYLOOP((#2889,#2886,#2893));
#4770=IFCFACEOUTERBOUND(#4769,.T.);
#4771=IFCFACE((#4770));
#4772=IFCPOLYLOOP((#2658,#2888,#2892));
#4773=IFCFACEOUTERBOUND(#4772,.T.);
#4774=IFCFACE((#4773));
#4775=IFCPOLYLOOP((#2889,#2888,#2886));
#4776=IFCFACEOUTERBOUND(#4775,.T.);
#4777=IFCFACE((#4776));
#4778=IFCPOLYLOOP((#2891,#2889,#2893));
#4779=IFCFACEOUTERBOUND(#4778,.T.);
#4780=IFCFACE((#4779));
#4781=IFCPOLYLOOP((#2890,#2892,#2889));
#4782=IFCFACEOUTERBOUND(#4781,.T.);
#4783=IFCFACE((#4782));
#4784=IFCPOLYLOOP((#2892,#2888,#2889));
#4785=IFCFACEOUTERBOUND(#4784,.T.);
#4786=IFCFACE((#4785));
#4787=IFCPOLYLOOP((#2890,#2660,#2659));
#4788=IFCFACEOUTERBOUND(#4787,.T.);
#4789=IFCFACE((#4788));
#4790=IFCPOLYLOOP((#2375,#2374,#2891));
#4791=IFCFACEOUTERBOUND(#4790,.T.);
#4792=IFCFACE((#4791));
#4793=IFCPOLYLOOP((#2658,#2892,#2659));
#4794=IFCFACEOUTERBOUND(#4793,.T.);
#4795=IFCFACE((#4794));
#4796=IFCPOLYLOOP((#2370,#2893,#2886));
#4797=IFCFACEOUTERBOUND(#4796,.T.);
#4798=IFCFACE((#4797));
#4799=IFCPOLYLOOP((#2891,#2893,#2375));
#4800=IFCFACEOUTERBOUND(#4799,.T.);
#4801=IFCFACE((#4800));
#4802=IFCPOLYLOOP((#2612,#2708,#2756));
#4803=IFCFACEOUTERBOUND(#4802,.T.);
#4804=IFCFACE((#4803));
#4805=IFCPOLYLOOP((#2621,#2377,#2617));
#4806=IFCFACEOUTERBOUND(#4805,.T.);
#4807=IFCFACE((#4806));
#4808=IFCPOLYLOOP((#2708,#2660,#2890));
#4809=IFCFACEOUTERBOUND(#4808,.T.);
#4810=IFCFACE((#4809));
#4811=IFCPOLYLOOP((#2708,#2612,#2673));
#4812=IFCFACEOUTERBOUND(#4811,.T.);
#4813=IFCFACE((#4812));
#4814=IFCPOLYLOOP((#2377,#2428,#2476));
#4815=IFCFACEOUTERBOUND(#4814,.T.);
#4816=IFCFACE((#4815));
#4817=IFCPOLYLOOP((#2377,#2621,#2635));
#4818=IFCFACEOUTERBOUND(#4817,.T.);
#4819=IFCFACE((#4818));
#4820=IFCPOLYLOOP((#2374,#2427,#2905));
#4821=IFCFACEOUTERBOUND(#4820,.T.);
#4822=IFCFACE((#4821));
#4823=IFCPOLYLOOP((#2427,#2374,#2390));
#4824=IFCFACEOUTERBOUND(#4823,.T.);
#4825=IFCFACE((#4824));
#4826=IFCPOLYLOOP((#2612,#2756,#2739));
#4827=IFCFACEOUTERBOUND(#4826,.T.);
#4828=IFCFACE((#4827));
#4829=IFCPOLYLOOP((#2612,#2739,#2798));
#4830=IFCFACEOUTERBOUND(#4829,.T.);
#4831=IFCFACE((#4830));
#4832=IFCPOLYLOOP((#2612,#2798,#2733));
#4833=IFCFACEOUTERBOUND(#4832,.T.);
#4834=IFCFACE((#4833));
#4835=IFCPOLYLOOP((#2612,#2733,#2791));
#4836=IFCFACEOUTERBOUND(#4835,.T.);
#4837=IFCFACE((#4836));
#4838=IFCPOLYLOOP((#2612,#2791,#2790));
#4839=IFCFACEOUTERBOUND(#4838,.T.);
#4840=IFCFACE((#4839));
#4841=IFCPOLYLOOP((#2612,#2790,#2821));
#4842=IFCFACEOUTERBOUND(#4841,.T.);
#4843=IFCFACE((#4842));
#4844=IFCPOLYLOOP((#2612,#2821,#2717));
#4845=IFCFACEOUTERBOUND(#4844,.T.);
#4846=IFCFACE((#4845));
#4847=IFCPOLYLOOP((#2612,#2717,#2872));
#4848=IFCFACEOUTERBOUND(#4847,.T.);
#4849=IFCFACE((#4848));
#4850=IFCPOLYLOOP((#2612,#2872,#2778));
#4851=IFCFACEOUTERBOUND(#4850,.T.);
#4852=IFCFACE((#4851));
#4853=IFCPOLYLOOP((#2612,#2778,#2869));
#4854=IFCFACEOUTERBOUND(#4853,.T.);
#4855=IFCFACE((#4854));
#4856=IFCPOLYLOOP((#2612,#2869,#2720));
#4857=IFCFACEOUTERBOUND(#4856,.T.);
#4858=IFCFACE((#4857));
#4859=IFCPOLYLOOP((#2612,#2720,#2845));
#4860=IFCFACEOUTERBOUND(#4859,.T.);
#4861=IFCFACE((#4860));
#4862=IFCPOLYLOOP((#2612,#2845,#2768));
#4863=IFCFACEOUTERBOUND(#4862,.T.);
#4864=IFCFACE((#4863));
#4865=IFCPOLYLOOP((#2612,#2768,#2843));
#4866=IFCFACEOUTERBOUND(#4865,.T.);
#4867=IFCFACE((#4866));
#4868=IFCPOLYLOOP((#2612,#2843,#2716));
#4869=IFCFACEOUTERBOUND(#4868,.T.);
#4870=IFCFACE((#4869));
#4871=IFCPOLYLOOP((#2612,#2716,#2864));
#4872=IFCFACEOUTERBOUND(#4871,.T.);
#4873=IFCFACE((#4872));
#4874=IFCPOLYLOOP((#2612,#2864,#2777));
#4875=IFCFACEOUTERBOUND(#4874,.T.);
#4876=IFCFACE((#4875));
#4877=IFCPOLYLOOP((#2612,#2777,#2867));
#4878=IFCFACEOUTERBOUND(#4877,.T.);
#4879=IFCFACE((#4878));
#4880=IFCPOLYLOOP((#2612,#2867,#2743));
#4881=IFCFACEOUTERBOUND(#4880,.T.);
#4882=IFCFACE((#4881));
#4883=IFCPOLYLOOP((#2612,#2743,#2823));
#4884=IFCFACEOUTERBOUND(#4883,.T.);
#4885=IFCFACE((#4884));
#4886=IFCPOLYLOOP((#2612,#2823,#2795));
#4887=IFCFACEOUTERBOUND(#4886,.T.);
#4888=IFCFACE((#4887));
#4889=IFCPOLYLOOP((#2612,#2795,#2878));
#4890=IFCFACEOUTERBOUND(#4889,.T.);
#4891=IFCFACE((#4890));
#4892=IFCPOLYLOOP((#2612,#2878,#2725));
#4893=IFCFACEOUTERBOUND(#4892,.T.);
#4894=IFCFACE((#4893));
#4895=IFCPOLYLOOP((#2612,#2725,#2828));
#4896=IFCFACEOUTERBOUND(#4895,.T.);
#4897=IFCFACE((#4896));
#4898=IFCPOLYLOOP((#2612,#2828,#2763));
#4899=IFCFACEOUTERBOUND(#4898,.T.);
#4900=IFCFACE((#4899));
#4901=IFCPOLYLOOP((#2612,#2763,#2830));
#4902=IFCFACEOUTERBOUND(#4901,.T.);
#4903=IFCFACE((#4902));
#4904=IFCPOLYLOOP((#2612,#2830,#2728));
#4905=IFCFACEOUTERBOUND(#4904,.T.);
#4906=IFCFACE((#4905));
#4907=IFCPOLYLOOP((#2612,#2728,#2834));
#4908=IFCFACEOUTERBOUND(#4907,.T.);
#4909=IFCFACE((#4908));
#4910=IFCPOLYLOOP((#2612,#2834,#2764));
#4911=IFCFACEOUTERBOUND(#4910,.T.);
#4912=IFCFACE((#4911));
#4913=IFCPOLYLOOP((#2612,#2764,#2832));
#4914=IFCFACEOUTERBOUND(#4913,.T.);
#4915=IFCFACE((#4914));
#4916=IFCPOLYLOOP((#2612,#2832,#2714));
#4917=IFCFACEOUTERBOUND(#4916,.T.);
#4918=IFCFACE((#4917));
#4919=IFCPOLYLOOP((#2612,#2714,#2879));
#4920=IFCFACEOUTERBOUND(#4919,.T.);
#4921=IFCFACE((#4920));
#4922=IFCPOLYLOOP((#2612,#2879,#2748));
#4923=IFCFACEOUTERBOUND(#4922,.T.);
#4924=IFCFACE((#4923));
#4925=IFCPOLYLOOP((#2612,#2748,#2883));
#4926=IFCFACEOUTERBOUND(#4925,.T.);
#4927=IFCFACE((#4926));
#4928=IFCPOLYLOOP((#2612,#2883,#2747));
#4929=IFCFACEOUTERBOUND(#4928,.T.);
#4930=IFCFACE((#4929));
#4931=IFCPOLYLOOP((#2612,#2747,#2840));
#4932=IFCFACEOUTERBOUND(#4931,.T.);
#4933=IFCFACE((#4932));
#4934=IFCPOLYLOOP((#2612,#2840,#2767));
#4935=IFCFACEOUTERBOUND(#4934,.T.);
#4936=IFCFACE((#4935));
#4937=IFCPOLYLOOP((#2612,#2767,#2839));
#4938=IFCFACEOUTERBOUND(#4937,.T.);
#4939=IFCFACE((#4938));
#4940=IFCPOLYLOOP((#2612,#2839,#2729));
#4941=IFCFACEOUTERBOUND(#4940,.T.);
#4942=IFCFACE((#4941));
#4943=IFCPOLYLOOP((#2612,#2729,#2853));
#4944=IFCFACEOUTERBOUND(#4943,.T.);
#4945=IFCFACE((#4944));
#4946=IFCPOLYLOOP((#2612,#2853,#2772));
#4947=IFCFACEOUTERBOUND(#4946,.T.);
#4948=IFCFACE((#4947));
#4949=IFCPOLYLOOP((#2612,#2772,#2856));
#4950=IFCFACEOUTERBOUND(#4949,.T.);
#4951=IFCFACE((#4950));
#4952=IFCPOLYLOOP((#2612,#2856,#2732));
#4953=IFCFACEOUTERBOUND(#4952,.T.);
#4954=IFCFACE((#4953));
#4955=IFCPOLYLOOP((#2612,#2732,#2850));
#4956=IFCFACEOUTERBOUND(#4955,.T.);
#4957=IFCFACE((#4956));
#4958=IFCPOLYLOOP((#2612,#2850,#2771));
#4959=IFCFACEOUTERBOUND(#4958,.T.);
#4960=IFCFACE((#4959));
#4961=IFCPOLYLOOP((#2612,#2771,#2849));
#4962=IFCFACEOUTERBOUND(#4961,.T.);
#4963=IFCFACE((#4962));
#4964=IFCPOLYLOOP((#2612,#2849,#2715));
#4965=IFCFACEOUTERBOUND(#4964,.T.);
#4966=IFCFACE((#4965));
#4967=IFCPOLYLOOP((#2612,#2715,#2858));
#4968=IFCFACEOUTERBOUND(#4967,.T.);
#4969=IFCFACE((#4968));
#4970=IFCPOLYLOOP((#2612,#2858,#2774));
#4971=IFCFACEOUTERBOUND(#4970,.T.);
#4972=IFCFACE((#4971));
#4973=IFCPOLYLOOP((#2612,#2774,#2861));
#4974=IFCFACEOUTERBOUND(#4973,.T.);
#4975=IFCFACE((#4974));
#4976=IFCPOLYLOOP((#2612,#2861,#2740));
#4977=IFCFACEOUTERBOUND(#4976,.T.);
#4978=IFCFACE((#4977));
#4979=IFCPOLYLOOP((#2612,#2740,#2819));
#4980=IFCFACEOUTERBOUND(#4979,.T.);
#4981=IFCFACE((#4980));
#4982=IFCPOLYLOOP((#2612,#2819,#2783));
#4983=IFCFACEOUTERBOUND(#4982,.T.);
#4984=IFCFACE((#4983));
#4985=IFCPOLYLOOP((#2612,#2783,#2784));
#4986=IFCFACEOUTERBOUND(#4985,.T.);
#4987=IFCFACE((#4986));
#4988=IFCPOLYLOOP((#2612,#2784,#2721));
#4989=IFCFACEOUTERBOUND(#4988,.T.);
#4990=IFCFACE((#4989));
#4991=IFCPOLYLOOP((#2612,#2721,#2817));
#4992=IFCFACEOUTERBOUND(#4991,.T.);
#4993=IFCFACE((#4992));
#4994=IFCPOLYLOOP((#2612,#2817,#2759));
#4995=IFCFACEOUTERBOUND(#4994,.T.);
#4996=IFCFACE((#4995));
#4997=IFCPOLYLOOP((#2612,#2759,#2781));
#4998=IFCFACEOUTERBOUND(#4997,.T.);
#4999=IFCFACE((#4998));
#5000=IFCPOLYLOOP((#2612,#2781,#2724));
#5001=IFCFACEOUTERBOUND(#5000,.T.);
#5002=IFCFACE((#5001));
#5003=IFCPOLYLOOP((#2612,#2724,#2753));
#5004=IFCFACEOUTERBOUND(#5003,.T.);
#5005=IFCFACE((#5004));
#5006=IFCPOLYLOOP((#2612,#2753,#2737));
#5007=IFCFACEOUTERBOUND(#5006,.T.);
#5008=IFCFACE((#5007));
#5009=IFCPOLYLOOP((#2612,#2737,#2751));
#5010=IFCFACEOUTERBOUND(#5009,.T.);
#5011=IFCFACE((#5010));
#5012=IFCPOLYLOOP((#2612,#2751,#2621));
#5013=IFCFACEOUTERBOUND(#5012,.T.);
#5014=IFCFACE((#5013));
#5015=IFCPOLYLOOP((#2621,#2617,#2614));
#5016=IFCFACEOUTERBOUND(#5015,.T.);
#5017=IFCFACE((#5016));
#5018=IFCPOLYLOOP((#2621,#2614,#2618));
#5019=IFCFACEOUTERBOUND(#5018,.T.);
#5020=IFCFACE((#5019));
#5021=IFCPOLYLOOP((#2621,#2618,#2612));
#5022=IFCFACEOUTERBOUND(#5021,.T.);
#5023=IFCFACE((#5022));
#5024=IFCPOLYLOOP((#2708,#2890,#2887));
#5025=IFCFACEOUTERBOUND(#5024,.T.);
#5026=IFCFACE((#5025));
#5027=IFCPOLYLOOP((#2708,#2887,#2891));
#5028=IFCFACEOUTERBOUND(#5027,.T.);
#5029=IFCFACE((#5028));
#5030=IFCPOLYLOOP((#2708,#2891,#2374));
#5031=IFCFACEOUTERBOUND(#5030,.T.);
#5032=IFCFACE((#5031));
#5033=IFCPOLYLOOP((#2708,#2673,#2670));
#5034=IFCFACEOUTERBOUND(#5033,.T.);
#5035=IFCFACE((#5034));
#5036=IFCPOLYLOOP((#2708,#2670,#2682));
#5037=IFCFACEOUTERBOUND(#5036,.T.);
#5038=IFCFACE((#5037));
#5039=IFCPOLYLOOP((#2708,#2682,#2662));
#5040=IFCFACEOUTERBOUND(#5039,.T.);
#5041=IFCFACE((#5040));
#5042=IFCPOLYLOOP((#2708,#2662,#2676));
#5043=IFCFACEOUTERBOUND(#5042,.T.);
#5044=IFCFACE((#5043));
#5045=IFCPOLYLOOP((#2708,#2676,#2675));
#5046=IFCFACEOUTERBOUND(#5045,.T.);
#5047=IFCFACE((#5046));
#5048=IFCPOLYLOOP((#2708,#2675,#2700));
#5049=IFCFACEOUTERBOUND(#5048,.T.);
#5050=IFCFACE((#5049));
#5051=IFCPOLYLOOP((#2708,#2700,#2661));
#5052=IFCFACEOUTERBOUND(#5051,.T.);
#5053=IFCFACE((#5052));
#5054=IFCPOLYLOOP((#2708,#2661,#2688));
#5055=IFCFACEOUTERBOUND(#5054,.T.);
#5056=IFCFACE((#5055));
#5057=IFCPOLYLOOP((#2708,#2688,#2677));
#5058=IFCFACEOUTERBOUND(#5057,.T.);
#5059=IFCFACE((#5058));
#5060=IFCPOLYLOOP((#2708,#2677,#2683));
#5061=IFCFACEOUTERBOUND(#5060,.T.);
#5062=IFCFACE((#5061));
#5063=IFCPOLYLOOP((#2708,#2683,#2663));
#5064=IFCFACEOUTERBOUND(#5063,.T.);
#5065=IFCFACE((#5064));
#5066=IFCPOLYLOOP((#2708,#2663,#2690));
#5067=IFCFACEOUTERBOUND(#5066,.T.);
#5068=IFCFACE((#5067));
#5069=IFCPOLYLOOP((#2708,#2690,#2667));
#5070=IFCFACEOUTERBOUND(#5069,.T.);
#5071=IFCFACE((#5070));
#5072=IFCPOLYLOOP((#2708,#2667,#2680));
#5073=IFCFACEOUTERBOUND(#5072,.T.);
#5074=IFCFACE((#5073));
#5075=IFCPOLYLOOP((#2708,#2680,#2660));
#5076=IFCFACEOUTERBOUND(#5075,.T.);
#5077=IFCFACE((#5076));
#5078=IFCPOLYLOOP((#2377,#2476,#2459));
#5079=IFCFACEOUTERBOUND(#5078,.T.);
#5080=IFCFACE((#5079));
#5081=IFCPOLYLOOP((#2377,#2459,#2518));
#5082=IFCFACEOUTERBOUND(#5081,.T.);
#5083=IFCFACE((#5082));
#5084=IFCPOLYLOOP((#2377,#2518,#2453));
#5085=IFCFACEOUTERBOUND(#5084,.T.);
#5086=IFCFACE((#5085));
#5087=IFCPOLYLOOP((#2377,#2453,#2511));
#5088=IFCFACEOUTERBOUND(#5087,.T.);
#5089=IFCFACE((#5088));
#5090=IFCPOLYLOOP((#2377,#2511,#2510));
#5091=IFCFACEOUTERBOUND(#5090,.T.);
#5092=IFCFACE((#5091));
#5093=IFCPOLYLOOP((#2377,#2510,#2541));
#5094=IFCFACEOUTERBOUND(#5093,.T.);
#5095=IFCFACE((#5094));
#5096=IFCPOLYLOOP((#2377,#2541,#2437));
#5097=IFCFACEOUTERBOUND(#5096,.T.);
#5098=IFCFACE((#5097));
#5099=IFCPOLYLOOP((#2377,#2437,#2592));
#5100=IFCFACEOUTERBOUND(#5099,.T.);
#5101=IFCFACE((#5100));
#5102=IFCPOLYLOOP((#2377,#2592,#2498));
#5103=IFCFACEOUTERBOUND(#5102,.T.);
#5104=IFCFACE((#5103));
#5105=IFCPOLYLOOP((#2377,#2498,#2589));
#5106=IFCFACEOUTERBOUND(#5105,.T.);
#5107=IFCFACE((#5106));
#5108=IFCPOLYLOOP((#2377,#2589,#2440));
#5109=IFCFACEOUTERBOUND(#5108,.T.);
#5110=IFCFACE((#5109));
#5111=IFCPOLYLOOP((#2377,#2440,#2565));
#5112=IFCFACEOUTERBOUND(#5111,.T.);
#5113=IFCFACE((#5112));
#5114=IFCPOLYLOOP((#2377,#2565,#2488));
#5115=IFCFACEOUTERBOUND(#5114,.T.);
#5116=IFCFACE((#5115));
#5117=IFCPOLYLOOP((#2377,#2488,#2563));
#5118=IFCFACEOUTERBOUND(#5117,.T.);
#5119=IFCFACE((#5118));
#5120=IFCPOLYLOOP((#2377,#2563,#2436));
#5121=IFCFACEOUTERBOUND(#5120,.T.);
#5122=IFCFACE((#5121));
#5123=IFCPOLYLOOP((#2377,#2436,#2584));
#5124=IFCFACEOUTERBOUND(#5123,.T.);
#5125=IFCFACE((#5124));
#5126=IFCPOLYLOOP((#2377,#2584,#2497));
#5127=IFCFACEOUTERBOUND(#5126,.T.);
#5128=IFCFACE((#5127));
#5129=IFCPOLYLOOP((#2377,#2497,#2587));
#5130=IFCFACEOUTERBOUND(#5129,.T.);
#5131=IFCFACE((#5130));
#5132=IFCPOLYLOOP((#2377,#2587,#2463));
#5133=IFCFACEOUTERBOUND(#5132,.T.);
#5134=IFCFACE((#5133));
#5135=IFCPOLYLOOP((#2377,#2463,#2543));
#5136=IFCFACEOUTERBOUND(#5135,.T.);
#5137=IFCFACE((#5136));
#5138=IFCPOLYLOOP((#2377,#2543,#2515));
#5139=IFCFACEOUTERBOUND(#5138,.T.);
#5140=IFCFACE((#5139));
#5141=IFCPOLYLOOP((#2377,#2515,#2598));
#5142=IFCFACEOUTERBOUND(#5141,.T.);
#5143=IFCFACE((#5142));
#5144=IFCPOLYLOOP((#2377,#2598,#2445));
#5145=IFCFACEOUTERBOUND(#5144,.T.);
#5146=IFCFACE((#5145));
#5147=IFCPOLYLOOP((#2377,#2445,#2548));
#5148=IFCFACEOUTERBOUND(#5147,.T.);
#5149=IFCFACE((#5148));
#5150=IFCPOLYLOOP((#2377,#2548,#2483));
#5151=IFCFACEOUTERBOUND(#5150,.T.);
#5152=IFCFACE((#5151));
#5153=IFCPOLYLOOP((#2377,#2483,#2550));
#5154=IFCFACEOUTERBOUND(#5153,.T.);
#5155=IFCFACE((#5154));
#5156=IFCPOLYLOOP((#2377,#2550,#2448));
#5157=IFCFACEOUTERBOUND(#5156,.T.);
#5158=IFCFACE((#5157));
#5159=IFCPOLYLOOP((#2377,#2448,#2554));
#5160=IFCFACEOUTERBOUND(#5159,.T.);
#5161=IFCFACE((#5160));
#5162=IFCPOLYLOOP((#2377,#2554,#2484));
#5163=IFCFACEOUTERBOUND(#5162,.T.);
#5164=IFCFACE((#5163));
#5165=IFCPOLYLOOP((#2377,#2484,#2552));
#5166=IFCFACEOUTERBOUND(#5165,.T.);
#5167=IFCFACE((#5166));
#5168=IFCPOLYLOOP((#2377,#2552,#2434));
#5169=IFCFACEOUTERBOUND(#5168,.T.);
#5170=IFCFACE((#5169));
#5171=IFCPOLYLOOP((#2377,#2434,#2599));
#5172=IFCFACEOUTERBOUND(#5171,.T.);
#5173=IFCFACE((#5172));
#5174=IFCPOLYLOOP((#2377,#2599,#2468));
#5175=IFCFACEOUTERBOUND(#5174,.T.);
#5176=IFCFACE((#5175));
#5177=IFCPOLYLOOP((#2377,#2468,#2603));
#5178=IFCFACEOUTERBOUND(#5177,.T.);
#5179=IFCFACE((#5178));
#5180=IFCPOLYLOOP((#2377,#2603,#2467));
#5181=IFCFACEOUTERBOUND(#5180,.T.);
#5182=IFCFACE((#5181));
#5183=IFCPOLYLOOP((#2377,#2467,#2560));
#5184=IFCFACEOUTERBOUND(#5183,.T.);
#5185=IFCFACE((#5184));
#5186=IFCPOLYLOOP((#2377,#2560,#2487));
#5187=IFCFACEOUTERBOUND(#5186,.T.);
#5188=IFCFACE((#5187));
#5189=IFCPOLYLOOP((#2377,#2487,#2559));
#5190=IFCFACEOUTERBOUND(#5189,.T.);
#5191=IFCFACE((#5190));
#5192=IFCPOLYLOOP((#2377,#2559,#2449));
#5193=IFCFACEOUTERBOUND(#5192,.T.);
#5194=IFCFACE((#5193));
#5195=IFCPOLYLOOP((#2377,#2449,#2573));
#5196=IFCFACEOUTERBOUND(#5195,.T.);
#5197=IFCFACE((#5196));
#5198=IFCPOLYLOOP((#2377,#2573,#2492));
#5199=IFCFACEOUTERBOUND(#5198,.T.);
#5200=IFCFACE((#5199));
#5201=IFCPOLYLOOP((#2377,#2492,#2576));
#5202=IFCFACEOUTERBOUND(#5201,.T.);
#5203=IFCFACE((#5202));
#5204=IFCPOLYLOOP((#2377,#2576,#2452));
#5205=IFCFACEOUTERBOUND(#5204,.T.);
#5206=IFCFACE((#5205));
#5207=IFCPOLYLOOP((#2377,#2452,#2570));
#5208=IFCFACEOUTERBOUND(#5207,.T.);
#5209=IFCFACE((#5208));
#5210=IFCPOLYLOOP((#2377,#2570,#2491));
#5211=IFCFACEOUTERBOUND(#5210,.T.);
#5212=IFCFACE((#5211));
#5213=IFCPOLYLOOP((#2377,#2491,#2569));
#5214=IFCFACEOUTERBOUND(#5213,.T.);
#5215=IFCFACE((#5214));
#5216=IFCPOLYLOOP((#2377,#2569,#2435));
#5217=IFCFACEOUTERBOUND(#5216,.T.);
#5218=IFCFACE((#5217));
#5219=IFCPOLYLOOP((#2377,#2435,#2578));
#5220=IFCFACEOUTERBOUND(#5219,.T.);
#5221=IFCFACE((#5220));
#5222=IFCPOLYLOOP((#2377,#2578,#2494));
#5223=IFCFACEOUTERBOUND(#5222,.T.);
#5224=IFCFACE((#5223));
#5225=IFCPOLYLOOP((#2377,#2494,#2581));
#5226=IFCFACEOUTERBOUND(#5225,.T.);
#5227=IFCFACE((#5226));
#5228=IFCPOLYLOOP((#2377,#2581,#2460));
#5229=IFCFACEOUTERBOUND(#5228,.T.);
#5230=IFCFACE((#5229));
#5231=IFCPOLYLOOP((#2377,#2460,#2539));
#5232=IFCFACEOUTERBOUND(#5231,.T.);
#5233=IFCFACE((#5232));
#5234=IFCPOLYLOOP((#2377,#2539,#2503));
#5235=IFCFACEOUTERBOUND(#5234,.T.);
#5236=IFCFACE((#5235));
#5237=IFCPOLYLOOP((#2377,#2503,#2504));
#5238=IFCFACEOUTERBOUND(#5237,.T.);
#5239=IFCFACE((#5238));
#5240=IFCPOLYLOOP((#2377,#2504,#2441));
#5241=IFCFACEOUTERBOUND(#5240,.T.);
#5242=IFCFACE((#5241));
#5243=IFCPOLYLOOP((#2377,#2441,#2537));
#5244=IFCFACEOUTERBOUND(#5243,.T.);
#5245=IFCFACE((#5244));
#5246=IFCPOLYLOOP((#2377,#2537,#2479));
#5247=IFCFACEOUTERBOUND(#5246,.T.);
#5248=IFCFACE((#5247));
#5249=IFCPOLYLOOP((#2377,#2479,#2501));
#5250=IFCFACEOUTERBOUND(#5249,.T.);
#5251=IFCFACE((#5250));
#5252=IFCPOLYLOOP((#2377,#2501,#2444));
#5253=IFCFACEOUTERBOUND(#5252,.T.);
#5254=IFCFACE((#5253));
#5255=IFCPOLYLOOP((#2377,#2444,#2473));
#5256=IFCFACEOUTERBOUND(#5255,.T.);
#5257=IFCFACE((#5256));
#5258=IFCPOLYLOOP((#2377,#2473,#2457));
#5259=IFCFACEOUTERBOUND(#5258,.T.);
#5260=IFCFACE((#5259));
#5261=IFCPOLYLOOP((#2377,#2457,#2471));
#5262=IFCFACEOUTERBOUND(#5261,.T.);
#5263=IFCFACE((#5262));
#5264=IFCPOLYLOOP((#2377,#2471,#2427));
#5265=IFCFACEOUTERBOUND(#5264,.T.);
#5266=IFCFACE((#5265));
#5267=IFCPOLYLOOP((#2377,#2635,#2630));
#5268=IFCFACEOUTERBOUND(#5267,.T.);
#5269=IFCFACE((#5268));
#5270=IFCPOLYLOOP((#2377,#2630,#2648));
#5271=IFCFACEOUTERBOUND(#5270,.T.);
#5272=IFCFACE((#5271));
#5273=IFCPOLYLOOP((#2377,#2648,#2624));
#5274=IFCFACEOUTERBOUND(#5273,.T.);
#5275=IFCFACE((#5274));
#5276=IFCPOLYLOOP((#2377,#2624,#2643));
#5277=IFCFACEOUTERBOUND(#5276,.T.);
#5278=IFCFACE((#5277));
#5279=IFCPOLYLOOP((#2377,#2643,#2629));
#5280=IFCFACEOUTERBOUND(#5279,.T.);
#5281=IFCFACE((#5280));
#5282=IFCPOLYLOOP((#2377,#2629,#2652));
#5283=IFCFACEOUTERBOUND(#5282,.T.);
#5284=IFCFACE((#5283));
#5285=IFCPOLYLOOP((#2377,#2652,#2628));
#5286=IFCFACEOUTERBOUND(#5285,.T.);
#5287=IFCFACE((#5286));
#5288=IFCPOLYLOOP((#2377,#2628,#2633));
#5289=IFCFACEOUTERBOUND(#5288,.T.);
#5290=IFCFACE((#5289));
#5291=IFCPOLYLOOP((#2377,#2633,#2632));
#5292=IFCFACEOUTERBOUND(#5291,.T.);
#5293=IFCFACE((#5292));
#5294=IFCPOLYLOOP((#2377,#2632,#2639));
#5295=IFCFACEOUTERBOUND(#5294,.T.);
#5296=IFCFACE((#5295));
#5297=IFCPOLYLOOP((#2377,#2639,#2428));
#5298=IFCFACEOUTERBOUND(#5297,.T.);
#5299=IFCFACE((#5298));
#5300=IFCPOLYLOOP((#2374,#2905,#2900));
#5301=IFCFACEOUTERBOUND(#5300,.T.);
#5302=IFCFACE((#5301));
#5303=IFCPOLYLOOP((#2374,#2900,#2918));
#5304=IFCFACEOUTERBOUND(#5303,.T.);
#5305=IFCFACE((#5304));
#5306=IFCPOLYLOOP((#2374,#2918,#2894));
#5307=IFCFACEOUTERBOUND(#5306,.T.);
#5308=IFCFACE((#5307));
#5309=IFCPOLYLOOP((#2374,#2894,#2913));
#5310=IFCFACEOUTERBOUND(#5309,.T.);
#5311=IFCFACE((#5310));
#5312=IFCPOLYLOOP((#2374,#2913,#2899));
#5313=IFCFACEOUTERBOUND(#5312,.T.);
#5314=IFCFACE((#5313));
#5315=IFCPOLYLOOP((#2374,#2899,#2922));
#5316=IFCFACEOUTERBOUND(#5315,.T.);
#5317=IFCFACE((#5316));
#5318=IFCPOLYLOOP((#2374,#2922,#2898));
#5319=IFCFACEOUTERBOUND(#5318,.T.);
#5320=IFCFACE((#5319));
#5321=IFCPOLYLOOP((#2374,#2898,#2903));
#5322=IFCFACEOUTERBOUND(#5321,.T.);
#5323=IFCFACE((#5322));
#5324=IFCPOLYLOOP((#2374,#2903,#2902));
#5325=IFCFACEOUTERBOUND(#5324,.T.);
#5326=IFCFACE((#5325));
#5327=IFCPOLYLOOP((#2374,#2902,#2909));
#5328=IFCFACEOUTERBOUND(#5327,.T.);
#5329=IFCFACE((#5328));
#5330=IFCPOLYLOOP((#2374,#2909,#2708));
#5331=IFCFACEOUTERBOUND(#5330,.T.);
#5332=IFCFACE((#5331));
#5333=IFCPOLYLOOP((#2427,#2390,#2387));
#5334=IFCFACEOUTERBOUND(#5333,.T.);
#5335=IFCFACE((#5334));
#5336=IFCPOLYLOOP((#2427,#2387,#2399));
#5337=IFCFACEOUTERBOUND(#5336,.T.);
#5338=IFCFACE((#5337));
#5339=IFCPOLYLOOP((#2427,#2399,#2379));
#5340=IFCFACEOUTERBOUND(#5339,.T.);
#5341=IFCFACE((#5340));
#5342=IFCPOLYLOOP((#2427,#2379,#2393));
#5343=IFCFACEOUTERBOUND(#5342,.T.);
#5344=IFCFACE((#5343));
#5345=IFCPOLYLOOP((#2427,#2393,#2392));
#5346=IFCFACEOUTERBOUND(#5345,.T.);
#5347=IFCFACE((#5346));
#5348=IFCPOLYLOOP((#2427,#2392,#2417));
#5349=IFCFACEOUTERBOUND(#5348,.T.);
#5350=IFCFACE((#5349));
#5351=IFCPOLYLOOP((#2427,#2417,#2378));
#5352=IFCFACEOUTERBOUND(#5351,.T.);
#5353=IFCFACE((#5352));
#5354=IFCPOLYLOOP((#2427,#2378,#2405));
#5355=IFCFACEOUTERBOUND(#5354,.T.);
#5356=IFCFACE((#5355));
#5357=IFCPOLYLOOP((#2427,#2405,#2394));
#5358=IFCFACEOUTERBOUND(#5357,.T.);
#5359=IFCFACE((#5358));
#5360=IFCPOLYLOOP((#2427,#2394,#2400));
#5361=IFCFACEOUTERBOUND(#5360,.T.);
#5362=IFCFACE((#5361));
#5363=IFCPOLYLOOP((#2427,#2400,#2380));
#5364=IFCFACEOUTERBOUND(#5363,.T.);
#5365=IFCFACE((#5364));
#5366=IFCPOLYLOOP((#2427,#2380,#2407));
#5367=IFCFACEOUTERBOUND(#5366,.T.);
#5368=IFCFACE((#5367));
#5369=IFCPOLYLOOP((#2427,#2407,#2384));
#5370=IFCFACEOUTERBOUND(#5369,.T.);
#5371=IFCFACE((#5370));
#5372=IFCPOLYLOOP((#2427,#2384,#2397));
#5373=IFCFACEOUTERBOUND(#5372,.T.);
#5374=IFCFACE((#5373));
#5375=IFCPOLYLOOP((#2427,#2397,#2377));
#5376=IFCFACEOUTERBOUND(#5375,.T.);
#5377=IFCFACE((#5376));
#5378=IFCPOLYLOOP((#2901,#2906,#2910));
#5379=IFCFACEOUTERBOUND(#5378,.T.);
#5380=IFCFACE((#5379));
#5381=IFCPOLYLOOP((#2922,#2921,#2917));
#5382=IFCFACEOUTERBOUND(#5381,.T.);
#5383=IFCFACE((#5382));
#5384=IFCPOLYLOOP((#2911,#2923,#2904));
#5385=IFCFACEOUTERBOUND(#5384,.T.);
#5386=IFCFACE((#5385));
#5387=IFCPOLYLOOP((#2917,#2896,#2915));
#5388=IFCFACEOUTERBOUND(#5387,.T.);
#5389=IFCFACE((#5388));
#5390=IFCPOLYLOOP((#2897,#2911,#2904));
#5391=IFCFACEOUTERBOUND(#5390,.T.);
#5392=IFCFACE((#5391));
#5393=IFCPOLYLOOP((#2914,#2918,#2911));
#5394=IFCFACEOUTERBOUND(#5393,.T.);
#5395=IFCFACE((#5394));
#5396=IFCPOLYLOOP((#2426,#2908,#2923));
#5397=IFCFACEOUTERBOUND(#5396,.T.);
#5398=IFCFACE((#5397));
#5399=IFCPOLYLOOP((#2907,#2915,#2896));
#5400=IFCFACEOUTERBOUND(#5399,.T.);
#5401=IFCFACE((#5400));
#5402=IFCPOLYLOOP((#2898,#2915,#2903));
#5403=IFCFACEOUTERBOUND(#5402,.T.);
#5404=IFCFACE((#5403));
#5405=IFCPOLYLOOP((#2895,#2921,#2916));
#5406=IFCFACEOUTERBOUND(#5405,.T.);
#5407=IFCFACE((#5406));
#5408=IFCPOLYLOOP((#2914,#2911,#2897));
#5409=IFCFACEOUTERBOUND(#5408,.T.);
#5410=IFCFACE((#5409));
#5411=IFCPOLYLOOP((#2901,#2910,#2919));
#5412=IFCFACEOUTERBOUND(#5411,.T.);
#5413=IFCFACE((#5412));
#5414=IFCPOLYLOOP((#2902,#2903,#2919));
#5415=IFCFACEOUTERBOUND(#5414,.T.);
#5416=IFCFACE((#5415));
#5417=IFCPOLYLOOP((#2903,#2915,#2919));
#5418=IFCFACEOUTERBOUND(#5417,.T.);
#5419=IFCFACE((#5418));
#5420=IFCPOLYLOOP((#2427,#2426,#2923));
#5421=IFCFACEOUTERBOUND(#5420,.T.);
#5422=IFCFACE((#5421));
#5423=IFCPOLYLOOP((#2709,#2708,#2909));
#5424=IFCFACEOUTERBOUND(#5423,.T.);
#5425=IFCFACE((#5424));
#5426=IFCPOLYLOOP((#2902,#2910,#2909));
#5427=IFCFACEOUTERBOUND(#5426,.T.);
#5428=IFCFACE((#5427));
#5429=IFCPOLYLOOP((#2906,#2710,#2709));
#5430=IFCFACEOUTERBOUND(#5429,.T.);
#5431=IFCFACE((#5430));
#5432=IFCPOLYLOOP((#2426,#2425,#2908));
#5433=IFCFACEOUTERBOUND(#5432,.T.);
#5434=IFCFACE((#5433));
#5435=IFCPOLYLOOP((#2911,#2900,#2923));
#5436=IFCFACEOUTERBOUND(#5435,.T.);
#5437=IFCFACE((#5436));
#5438=IFCPOLYLOOP((#2909,#2910,#2709));
#5439=IFCFACEOUTERBOUND(#5438,.T.);
#5440=IFCFACE((#5439));
#5441=IFCPOLYLOOP((#2709,#2910,#2906));
#5442=IFCFACEOUTERBOUND(#5441,.T.);
#5443=IFCFACE((#5442));
#5444=IFCPOLYLOOP((#2900,#2911,#2918));
#5445=IFCFACEOUTERBOUND(#5444,.T.);
#5446=IFCFACE((#5445));
#5447=IFCPOLYLOOP((#2923,#2900,#2905,#2427));
#5448=IFCFACEOUTERBOUND(#5447,.T.);
#5449=IFCFACE((#5448));
#5450=IFCPOLYLOOP((#2897,#2912,#2914));
#5451=IFCFACEOUTERBOUND(#5450,.T.);
#5452=IFCFACE((#5451));
#5453=IFCPOLYLOOP((#2913,#2916,#2921));
#5454=IFCFACEOUTERBOUND(#5453,.T.);
#5455=IFCFACE((#5454));
#5456=IFCPOLYLOOP((#2894,#2916,#2913));
#5457=IFCFACEOUTERBOUND(#5456,.T.);
#5458=IFCFACE((#5457));
#5459=IFCPOLYLOOP((#2916,#2914,#2912));
#5460=IFCFACEOUTERBOUND(#5459,.T.);
#5461=IFCFACE((#5460));
#5462=IFCPOLYLOOP((#2915,#2898,#2917));
#5463=IFCFACEOUTERBOUND(#5462,.T.);
#5464=IFCFACE((#5463));
#5465=IFCPOLYLOOP((#2907,#2901,#2919));
#5466=IFCFACEOUTERBOUND(#5465,.T.);
#5467=IFCFACE((#5466));
#5468=IFCPOLYLOOP((#2914,#2916,#2894));
#5469=IFCFACEOUTERBOUND(#5468,.T.);
#5470=IFCFACE((#5469));
#5471=IFCPOLYLOOP((#2895,#2916,#2912));
#5472=IFCFACEOUTERBOUND(#5471,.T.);
#5473=IFCFACE((#5472));
#5474=IFCPOLYLOOP((#2921,#2922,#2899,#2913));
#5475=IFCFACEOUTERBOUND(#5474,.T.);
#5476=IFCFACE((#5475));
#5477=IFCPOLYLOOP((#2917,#2921,#2920));
#5478=IFCFACEOUTERBOUND(#5477,.T.);
#5479=IFCFACE((#5478));
#5480=IFCPOLYLOOP((#2914,#2894,#2918));
#5481=IFCFACEOUTERBOUND(#5480,.T.);
#5482=IFCFACE((#5481));
#5483=IFCPOLYLOOP((#2919,#2910,#2902));
#5484=IFCFACEOUTERBOUND(#5483,.T.);
#5485=IFCFACE((#5484));
#5486=IFCPOLYLOOP((#2907,#2919,#2915));
#5487=IFCFACEOUTERBOUND(#5486,.T.);
#5488=IFCFACE((#5487));
#5489=IFCPOLYLOOP((#2920,#2921,#2895));
#5490=IFCFACEOUTERBOUND(#5489,.T.);
#5491=IFCFACE((#5490));
#5492=IFCPOLYLOOP((#2920,#2896,#2917));
#5493=IFCFACEOUTERBOUND(#5492,.T.);
#5494=IFCFACE((#5493));
#5495=IFCPOLYLOOP((#2917,#2898,#2922));
#5496=IFCFACEOUTERBOUND(#5495,.T.);
#5497=IFCFACE((#5496));
#5498=IFCPOLYLOOP((#2923,#2908,#2904));
#5499=IFCFACEOUTERBOUND(#5498,.T.);
#5500=IFCFACE((#5499));
#5501=IFCPOLYLOOP((#2885,#2710,#2906,#2901,#2907,#2896,#2920,#2895,#2912,#2897,#2904,#2908,#2425,#2605));
#5502=IFCFACEOUTERBOUND(#5501,.T.);
#5503=IFCFACE((#5502));
#5504=IFCCARTESIANPOINT((202.39999999999094,150.,1212.6000000000004));
#5505=IFCCARTESIANPOINT((202.39999999999077,130.,1212.6000000000004));
#5506=IFCCARTESIANPOINT((202.39999999999083,130.,1847.5999999999992));
#5507=IFCCARTESIANPOINT((202.399999999991,150.,1847.599999999999));
#5508=IFCCARTESIANPOINT((214.39999999999051,129.,1224.6000000000001));
#5509=IFCCARTESIANPOINT((214.39999999999071,150.,1224.6000000000001));
#5510=IFCCARTESIANPOINT((214.39999999999071,150.,1835.599999999999));
#5511=IFCCARTESIANPOINT((214.39999999999051,129.,1835.5999999999992));
#5512=IFCCARTESIANPOINT((209.39999999999063,124.,1219.6000000000001));
#5513=IFCCARTESIANPOINT((212.93553390592334,125.46446609407239,1223.135533905933));
#5514=IFCCARTESIANPOINT((212.93553390592336,125.46446609407242,1837.0644660940666));
#5515=IFCCARTESIANPOINT((209.39999999999051,124.,1840.5999999999995));
#5516=IFCCARTESIANPOINT((209.39999999999057,124.,1531.9075421251168));
#5517=IFCCARTESIANPOINT((209.3999999999906,124.,1375.7537785634181));
#5518=IFCCARTESIANPOINT((209.39999999999057,124.,1684.4462214365817));
#5519=IFCCARTESIANPOINT((214.39999999999057,129.,1530.0999981954583));
#5520=IFCCARTESIANPOINT((214.39999999999057,129.,1377.3499972931877));
#5521=IFCCARTESIANPOINT((214.39999999999057,129.,1682.8499990977289));
#5522=IFCCARTESIANPOINT((209.39999999999054,124.,1762.5231182191501));
#5523=IFCCARTESIANPOINT((214.39999999999057,129.,1759.2249995488639));
#5524=IFCCARTESIANPOINT((214.39999999999057,129.,1796.5615574313736));
#5525=IFCCARTESIANPOINT((209.3999999999906,124.,1297.6768817808497));
#5526=IFCCARTESIANPOINT((214.39999999999057,129.,1300.9749968420526));
#5527=IFCCARTESIANPOINT((214.39999999999057,129.,1339.1624970676201));
#5528=IFCCARTESIANPOINT((209.39999999999063,124.,1258.6384483912846));
#5529=IFCCARTESIANPOINT((214.39999999999057,129.,1453.7249977443232));
#5530=IFCCARTESIANPOINT((209.39999999999057,124.,1453.8306603442675));
#5531=IFCCARTESIANPOINT((209.39999999999057,124.,1414.7922119529833));
#5532=IFCCARTESIANPOINT((209.39999999999054,124.,1608.1768817808495));
#5533=IFCCARTESIANPOINT((214.39999999999057,129.,1606.4749986465933));
#5534=IFCCARTESIANPOINT((214.39999999999057,129.,1644.662498872161));
#5535=IFCCARTESIANPOINT((209.39999999999051,124.,1801.5615516087155));
#5536=IFCCARTESIANPOINT((214.39999999999063,129.,1262.7875002255676));
#5537=IFCCARTESIANPOINT((209.3999999999906,124.,1336.7153301721337));
#5538=IFCCARTESIANPOINT((209.39999999999054,124.,1646.3115516087155));
#5539=IFCCARTESIANPOINT((212.88163442611321,125.41137606835142,1627.2442241682932));
#5540=IFCCARTESIANPOINT((212.97135376362183,125.50065259013041,1657.7646058431346));
#5541=IFCCARTESIANPOINT((212.90618208667686,125.43535595396064,1597.6672791169331));
#5542=IFCCARTESIANPOINT((214.39999999999057,129.,1568.2874984210259));
#5543=IFCCARTESIANPOINT((209.39999999999057,124.,1570.0422119529831));
#5544=IFCCARTESIANPOINT((213.03392892004973,125.56567901850705,1777.8932792238165));
#5545=IFCCARTESIANPOINT((209.39999999999057,124.,1723.4846698278657));
#5546=IFCCARTESIANPOINT((212.84991057948142,125.38086792262561,1746.4462248133777));
#5547=IFCCARTESIANPOINT((214.39999999999057,129.,1721.0374993232965));
#5548=IFCCARTESIANPOINT((213.00607815063182,125.53644685742627,1807.076867464652));
#5549=IFCCARTESIANPOINT((212.98708348314923,125.51677849041801,1358.2562548815711));
#5550=IFCCARTESIANPOINT((212.90076513841689,125.43003593217767,1388.7412590646886));
#5551=IFCCARTESIANPOINT((214.39999999999057,129.,1415.5374975187553));
#5552=IFCCARTESIANPOINT((212.93193456610936,125.46087041483092,1434.6312541442385));
#5553=IFCCARTESIANPOINT((212.97489378506876,125.50426911428045,1328.8432130467002));
#5554=IFCCARTESIANPOINT((212.93756545151297,125.46649880767546,1464.5934287715847));
#5555=IFCCARTESIANPOINT((209.39999999999057,124.,1492.8691087355517));
#5556=IFCCARTESIANPOINT((214.39999999999057,129.,1491.9124979698909));
#5557=IFCCARTESIANPOINT((212.9670585034261,125.49627432109294,1511.0062533837552));
#5558=IFCCARTESIANPOINT((212.96608213088078,125.49528057674942,1540.5491069723116));
#5559=IFCCARTESIANPOINT((212.98708352173125,125.51677853015046,1701.9437514766089));
#5560=IFCCARTESIANPOINT((213.03635203021395,125.56824477675703,1281.8812552503148));
#5561=IFCCARTESIANPOINT((212.99379477102391,125.52370324286635,1252.7501196861356));
#5562=IFCCARTESIANPOINT((212.93722817847126,125.4661611789265,1569.7079694042345));
#5563=IFCCARTESIANPOINT((194.39999999999057,126.,1204.6000000000001));
#5564=IFCCARTESIANPOINT((194.98578643761746,124.58578643763212,1205.185786437627));
#5565=IFCCARTESIANPOINT((196.39999999999051,124.,1206.6000000000001));
#5566=IFCCARTESIANPOINT((196.3999999999906,124.,1853.5999999999992));
#5567=IFCCARTESIANPOINT((194.98578643761743,124.58578643763215,1855.0142135623726));
#5568=IFCCARTESIANPOINT((194.39999999999057,126.,1855.5999999999995));
#5569=IFCCARTESIANPOINT((194.39999999999057,126.,1530.1000019703358));
#5570=IFCCARTESIANPOINT((194.39999999999057,126.,1367.3499990148318));
#5571=IFCCARTESIANPOINT((194.3999999999906,126.,1692.8500009851675));
#5572=IFCCARTESIANPOINT((196.39999999999054,124.,1530.0999999999997));
#5573=IFCCARTESIANPOINT((196.39999999999054,124.,1368.3499999999997));
#5574=IFCCARTESIANPOINT((196.3999999999906,124.,1691.8499999999995));
#5575=IFCCARTESIANPOINT((196.3999999999906,124.,1772.7250018027651));
#5576=IFCCARTESIANPOINT((194.39999999999057,126.,1774.2249985222475));
#5577=IFCCARTESIANPOINT((194.39999999999051,126.,1733.5374977833717));
#5578=IFCCARTESIANPOINT((196.3999999999906,124.,1732.287502704148));
#5579=IFCCARTESIANPOINT((196.39999999999051,124.,1287.4749981972343));
#5580=IFCCARTESIANPOINT((194.39999999999057,126.,1285.9749975370798));
#5581=IFCCARTESIANPOINT((194.39999999999057,126.,1253.9801540788196));
#5582=IFCCARTESIANPOINT((196.39999999999051,124.,1247.0374990986172));
#5583=IFCCARTESIANPOINT((196.39999999999057,124.,1610.9749981972338));
#5584=IFCCARTESIANPOINT((194.39999999999057,126.,1611.4750034480876));
#5585=IFCCARTESIANPOINT((194.39999999999051,126.,1570.7875027092118));
#5586=IFCCARTESIANPOINT((196.39999999999054,124.,1570.5374990986168));
#5587=IFCCARTESIANPOINT((196.39999999999054,124.,1449.2250018027655));
#5588=IFCCARTESIANPOINT((194.39999999999057,126.,1448.7250004925836));
#5589=IFCCARTESIANPOINT((194.39999999999057,126.,1408.0374997537076));
#5590=IFCCARTESIANPOINT((196.39999999999054,124.,1408.7875027041482));
#5591=IFCCARTESIANPOINT((196.3999999999906,124.,1813.1625009013821));
#5592=IFCCARTESIANPOINT((194.39999999999051,126.,1814.9124992611237));
#5593=IFCCARTESIANPOINT((194.39999999999057,126.,1794.5687488916851));
#5594=IFCCARTESIANPOINT((194.39999999999057,126.,1229.2900790097458));
#5595=IFCCARTESIANPOINT((196.39999999999054,124.,1226.8187495493084));
#5596=IFCCARTESIANPOINT((194.3999999999906,126.,1830.9099170495817));
#5597=IFCCARTESIANPOINT((196.39999999999057,124.,1833.3812504506907));
#5598=IFCCARTESIANPOINT((196.39999999999051,124.,1327.9124972958514));
#5599=IFCCARTESIANPOINT((194.39999999999057,126.,1326.6624982759558));
#5600=IFCCARTESIANPOINT((194.39999999999057,126.,1306.318747906518));
#5601=IFCCARTESIANPOINT((196.39999999999057,124.,1651.4124972958509));
#5602=IFCCARTESIANPOINT((194.3999999999906,126.,1652.1625041869634));
#5603=IFCCARTESIANPOINT((194.39999999999057,126.,1631.8187538175257));
#5604=IFCCARTESIANPOINT((194.39999999999057,126.,1489.4125012314598));
#5605=IFCCARTESIANPOINT((196.39999999999054,124.,1489.6625009013826));
#5606=IFCCARTESIANPOINT((196.39999999999054,124.,1509.8812504506909));
#5607=IFCCARTESIANPOINT((194.39999999999057,126.,1216.9450414752091));
#5608=IFCCARTESIANPOINT((194.39999999999057,126.,1843.2549585247905));
#5609=IFCCARTESIANPOINT((196.39999999999051,124.,1218.9450404382364));
#5610=IFCCARTESIANPOINT((194.94257914564025,124.63035608522124,1222.8818951160192));
#5611=IFCCARTESIANPOINT((196.39999999999054,124.,1236.9281225211973));
#5612=IFCCARTESIANPOINT((194.39999999999057,126.,1241.6351165442829));
#5613=IFCCARTESIANPOINT((195.04342570833694,124.5304061135099,1241.9828135320956));
#5614=IFCCARTESIANPOINT((196.3999999999906,124.,1841.2549631672944));
#5615=IFCCARTESIANPOINT((194.94257910415337,124.63035612936689,1837.3181053491564));
#5616=IFCCARTESIANPOINT((195.06741800355104,124.50861633951901,1823.0430914942615));
#5617=IFCCARTESIANPOINT((196.39999999999054,124.,1267.2562486479258));
#5618=IFCCARTESIANPOINT((195.10879617713232,124.47265174638517,1254.3387305059532));
#5619=IFCCARTESIANPOINT((194.39999999999057,126.,1269.97757580795));
#5620=IFCCARTESIANPOINT((194.39999999999057,126.,1591.1312530786497));
#5621=IFCCARTESIANPOINT((196.39999999999054,124.,1590.7562486479253));
#5622=IFCCARTESIANPOINT((196.39999999999054,124.,1550.3187495493082));
#5623=IFCCARTESIANPOINT((194.39999999999057,126.,1550.4437523397737));
#5624=IFCCARTESIANPOINT((194.39999999999057,126.,1469.0687508620219));
#5625=IFCCARTESIANPOINT((196.39999999999054,124.,1469.4437513520738));
#5626=IFCCARTESIANPOINT((196.39999999999057,124.,1712.068749549308));
#5627=IFCCARTESIANPOINT((194.39999999999051,126.,1713.1937474139338));
#5628=IFCCARTESIANPOINT((194.39999999999057,126.,1387.6937493842699));
#5629=IFCCARTESIANPOINT((196.39999999999054,124.,1388.5687495493084));
#5630=IFCCARTESIANPOINT((196.39999999999054,124.,1429.006252253457));
#5631=IFCCARTESIANPOINT((194.39999999999057,126.,1428.3812501231459));
#5632=IFCCARTESIANPOINT((196.39999999999054,124.,1348.1312504506914));
#5633=IFCCARTESIANPOINT((194.39999999999057,126.,1347.0062486453942));
#5634=IFCCARTESIANPOINT((194.39999999999057,126.,1672.5062545564015));
#5635=IFCCARTESIANPOINT((196.39999999999057,124.,1671.6312504506909));
#5636=IFCCARTESIANPOINT((196.39999999999057,124.,1752.5062522534565));
#5637=IFCCARTESIANPOINT((194.39999999999057,126.,1753.8812481528096));
#5638=IFCCARTESIANPOINT((195.04531432743988,124.5286649842505,1277.9762919349555));
#5639=IFCCARTESIANPOINT((196.39999999999048,124.,1257.1468756760373));
#5640=IFCCARTESIANPOINT((194.96746843617376,124.60434484250079,1289.4900299604772));
#5641=IFCCARTESIANPOINT((196.39999999999054,124.,1307.6937477465426));
#5642=IFCCARTESIANPOINT((196.39999999999054,124.,1297.5843747746542));
#5643=IFCCARTESIANPOINT((195.0127326982269,124.55934409609986,1302.6390648874117));
#5644=IFCCARTESIANPOINT((194.99589155229373,124.57575301752416,1317.2975330334759));
#5645=IFCCARTESIANPOINT((194.39999999999057,126.,1296.1468727217991));
#5646=IFCCARTESIANPOINT((194.96110105386376,124.61091043383779,1266.5582654090604));
#5647=IFCCARTESIANPOINT((194.96706076068489,124.60476341201803,1811.6143726360931));
#5648=IFCCARTESIANPOINT((196.39999999999057,124.,1792.9437513520736));
#5649=IFCCARTESIANPOINT((196.3999999999906,124.,1803.0531243239623));
#5650=IFCCARTESIANPOINT((195.01676275368024,124.55547422300438,1797.9984378350666));
#5651=IFCCARTESIANPOINT((194.99954513159415,124.57216031657265,1783.419835923648));
#5652=IFCCARTESIANPOINT((194.39999999999057,126.,1804.7406240764046));
#5653=IFCCARTESIANPOINT((196.39999999999057,124.,1631.1937477465424));
#5654=IFCCARTESIANPOINT((195.01326791426632,124.55882890592132,1641.3031261682622));
#5655=IFCCARTESIANPOINT((194.39999999999057,126.,1509.7562516008977));
#5656=IFCCARTESIANPOINT((196.3999999999906,124.,1823.2718774788023));
#5657=IFCCARTESIANPOINT((194.9639044000007,124.60801241827548,1601.3031264756296));
#5658=IFCCARTESIANPOINT((194.96923938644247,124.60252940399275,1580.9593765941497));
#5659=IFCCARTESIANPOINT((194.98578637605343,124.58578649919616,1540.2093766956516));
#5660=IFCCARTESIANPOINT((194.99138055911359,124.5802143574579,1560.4281265915524));
#5661=IFCCARTESIANPOINT((194.9639043942781,124.60801242417942,1458.8968772829912));
#5662=IFCCARTESIANPOINT((194.9969266630354,124.57473328421989,1479.5531269984797));
#5663=IFCCARTESIANPOINT((195.02914550371688,124.54371776429463,1701.9593758466253));
#5664=IFCCARTESIANPOINT((195.03433117325952,124.53885365015006,1722.1781257389493));
#5665=IFCCARTESIANPOINT((194.94344836489151,124.62943174767692,1377.5218776677007));
#5666=IFCCARTESIANPOINT((195.01861303060741,124.55370471866797,1398.6781273550905));
#5667=IFCCARTESIANPOINT((195.00787120004819,124.56404129434164,1439.115627187655));
#5668=IFCCARTESIANPOINT((194.95350103662952,124.61882631469426,1418.2093774912641));
#5669=IFCCARTESIANPOINT((195.02914546839824,124.5437177975414,1358.2406274734283));
#5670=IFCCARTESIANPOINT((194.93374066988957,124.63982222600217,1336.8343777655705));
#5671=IFCCARTESIANPOINT((194.94344837967415,124.62943173196686,1682.6781259968836));
#5672=IFCCARTESIANPOINT((194.94843123847906,124.62415548458785,1662.3343761170997));
#5673=IFCCARTESIANPOINT((195.0394620961122,124.53407482725243,1742.3968756311012));
#5674=IFCCARTESIANPOINT((195.04453750499957,124.52938059829965,1762.6156255231065));
#5675=IFCCARTESIANPOINT((196.39999999999054,124.,1277.3656216198144));
#5676=IFCCARTESIANPOINT((194.39999999999051,126.,1316.490623091237));
#5677=IFCCARTESIANPOINT((196.39999999999054,124.,1317.8031207184315));
#5678=IFCCARTESIANPOINT((194.39999999999057,126.,1784.3968737069663));
#5679=IFCCARTESIANPOINT((196.39999999999057,124.,1782.8343783801852));
#5680=IFCCARTESIANPOINT((194.95865852961774,124.6134450008135,1621.6468763565467));
#5681=IFCCARTESIANPOINT((196.39999999999057,124.,1641.303120718431));
#5682=IFCCARTESIANPOINT((194.39999999999057,126.,1641.9906290022445));
#5683=IFCCARTESIANPOINT((194.98578636081908,124.5857865144305,1519.9906267983961));
#5684=IFCCARTESIANPOINT((194.97466422309984,124.59699681999624,1499.5843770597564));
#5685=IFCCARTESIANPOINT((194.39999999999057,126.,1601.3031282633685));
#5686=IFCCARTESIANPOINT((196.39999999999054,124.,1600.865621619814));
#5687=IFCCARTESIANPOINT((194.39999999999051,126.,1580.9593778939309));
#5688=IFCCARTESIANPOINT((196.39999999999057,124.,1580.6468756760366));
#5689=IFCCARTESIANPOINT((195.08305220369036,124.49479287079673,1591.1343088243968));
#5690=IFCCARTESIANPOINT((196.39999999999054,124.,1540.2093765774196));
#5691=IFCCARTESIANPOINT((194.39999999999057,126.,1540.2718771550547));
#5692=IFCCARTESIANPOINT((196.39999999999054,124.,1560.4281225211967));
#5693=IFCCARTESIANPOINT((195.07485728372666,124.50200240937539,1570.703838695443));
#5694=IFCCARTESIANPOINT((194.39999999999057,126.,1560.6156275244925));
#5695=IFCCARTESIANPOINT((194.88864582246663,124.69011124515579,1550.3216486704321));
#5696=IFCCARTESIANPOINT((194.39999999999057,126.,1458.8968756773027));
#5697=IFCCARTESIANPOINT((196.39999999999054,124.,1459.3343783801856));
#5698=IFCCARTESIANPOINT((196.39999999999054,124.,1479.5531243239627));
#5699=IFCCARTESIANPOINT((194.39999999999057,126.,1479.2406260467408));
#5700=IFCCARTESIANPOINT((194.90665339090657,124.66961813560036,1469.2373607625004));
#5701=IFCCARTESIANPOINT((196.39999999999057,124.,1701.9593729718881));
#5702=IFCCARTESIANPOINT((194.39999999999057,126.,1703.0218722292148));
#5703=IFCCARTESIANPOINT((196.3999999999906,124.,1722.1781261267281));
#5704=IFCCARTESIANPOINT((194.39999999999057,126.,1723.3656225986524));
#5705=IFCCARTESIANPOINT((194.88797496213868,124.69088568684955,1712.0724463257363));
#5706=IFCCARTESIANPOINT((194.39999999999051,126.,1377.5218741995509));
#5707=IFCCARTESIANPOINT((196.39999999999054,124.,1378.4593729718886));
#5708=IFCCARTESIANPOINT((196.39999999999051,124.,1398.6781261267286));
#5709=IFCCARTESIANPOINT((194.3999999999906,126.,1397.8656245689888));
#5710=IFCCARTESIANPOINT((194.92867805652168,124.64530012967712,1388.1191635162818));
#5711=IFCCARTESIANPOINT((196.39999999999054,124.,1439.1156252253456));
#5712=IFCCARTESIANPOINT((194.39999999999057,126.,1438.5531253078648));
#5713=IFCCARTESIANPOINT((194.3999999999906,126.,1418.2093749384269));
#5714=IFCCARTESIANPOINT((196.39999999999054,124.,1418.8968792815685));
#5715=IFCCARTESIANPOINT((195.05695495465753,124.51803171215073,1428.6427112856059));
#5716=IFCCARTESIANPOINT((196.39999999999054,124.,1358.2406270281115));
#5717=IFCCARTESIANPOINT((194.39999999999057,126.,1357.178123830113));
#5718=IFCCARTESIANPOINT((194.39999999999057,126.,1336.8343734606749));
#5719=IFCCARTESIANPOINT((196.39999999999054,124.,1338.0218738732713));
#5720=IFCCARTESIANPOINT((195.03304761931656,124.5400543883574,1347.5140937420997));
#5721=IFCCARTESIANPOINT((194.39999999999051,126.,1682.6781297411203));
#5722=IFCCARTESIANPOINT((196.3999999999906,124.,1681.740627028111));
#5723=IFCCARTESIANPOINT((194.39999999999057,126.,1662.3343793716826));
#5724=IFCCARTESIANPOINT((194.92310193513109,124.65138140825498,1651.8003126666038));
#5725=IFCCARTESIANPOINT((196.39999999999057,124.,1661.521873873271));
#5726=IFCCARTESIANPOINT((195.08350434832212,124.49439739668054,1672.5097006398112));
#5727=IFCCARTESIANPOINT((196.39999999999057,124.,1742.3968792815681));
#5728=IFCCARTESIANPOINT((194.3999999999906,126.,1743.7093729680905));
#5729=IFCCARTESIANPOINT((194.88740492015714,124.69154437429079,1732.2912844212408));
#5730=IFCCARTESIANPOINT((196.3999999999906,124.,1762.6156252253452));
#5731=IFCCARTESIANPOINT((195.06419638054194,124.51150119575043,1773.0264361418949));
#5732=IFCCARTESIANPOINT((194.39999999999057,126.,1764.0531233375286));
#5733=IFCCARTESIANPOINT((194.88672886457087,124.69232631337479,1752.5101197280092));
#5734=IFCCARTESIANPOINT((194.39999999999057,126.,1621.6468786328069));
#5735=IFCCARTESIANPOINT((194.89194280191745,124.68631682383983,1611.4730734091049));
#5736=IFCCARTESIANPOINT((196.39999999999057,124.,1621.084374774654));
#5737=IFCCARTESIANPOINT((196.39999999999054,124.,1519.9906234225798));
#5738=IFCCARTESIANPOINT((195.090318608329,124.48846612597676,1530.1000017362583));
#5739=IFCCARTESIANPOINT((194.39999999999057,126.,1519.9281267856168));
#5740=IFCCARTESIANPOINT((194.39999999999057,126.,1499.5843764161787));
#5741=IFCCARTESIANPOINT((196.39999999999054,124.,1499.7718774788027));
#5742=IFCCARTESIANPOINT((195.08081794983406,124.49675061332815,1509.7820895612581));
#5743=IFCCARTESIANPOINT((194.3999999999906,130.,1204.6000000000001));
#5744=IFCCARTESIANPOINT((194.3999999999906,130.,1855.5999999999995));
#5745=IFCCARTESIANPOINT((329.39999999999094,130.,1847.5999999999992));
#5746=IFCCARTESIANPOINT((329.39999999999083,150.,1847.5999999999992));
#5747=IFCCARTESIANPOINT((317.3999999999906,150.,1835.599999999999));
#5748=IFCCARTESIANPOINT((317.39999999999077,129.,1835.599999999999));
#5749=IFCCARTESIANPOINT((318.86446609405778,125.46446609407218,1837.0644660940663));
#5750=IFCCARTESIANPOINT((322.39999999999071,124.,1840.5999999999992));
#5751=IFCCARTESIANPOINT((278.36155603865535,129.,1835.5999999999992));
#5752=IFCCARTESIANPOINT((265.90000057702969,124.,1840.5999999999992));
#5753=IFCCARTESIANPOINT((253.43844323922571,129.,1835.5999999999992));
#5754=IFCCARTESIANPOINT((265.90000240556373,125.60520179476663,1836.9291220197729));
#5755=IFCCARTESIANPOINT((248.43844485853012,124.,1840.5999999999992));
#5756=IFCCARTESIANPOINT((283.36155629552923,124.,1840.5999999999992));
#5757=IFCCARTESIANPOINT((239.30202137995209,126.00661413131181,1836.5950479352291));
#5758=IFCCARTESIANPOINT((292.49798178624889,126.00661418664109,1836.5950478938746));
#5759=IFCCARTESIANPOINT((335.39999999999071,124.,1853.5999999999992));
#5760=IFCCARTESIANPOINT((336.81421356236365,124.58578643763157,1855.0142135623723));
#5761=IFCCARTESIANPOINT((337.39999999999083,126.,1855.5999999999995));
#5762=IFCCARTESIANPOINT((286.01983985315331,124.,1853.5999999999992));
#5763=IFCCARTESIANPOINT((265.89999949278149,126.,1855.5999999999995));
#5764=IFCCARTESIANPOINT((243.78015923146387,126.,1855.5999999999995));
#5765=IFCCARTESIANPOINT((301.64999974638613,126.,1855.5999999999995));
#5766=IFCCARTESIANPOINT((241.20991992657198,124.,1853.5999999999992));
#5767=IFCCARTESIANPOINT((263.61487928925197,124.,1853.5999999999992));
#5768=IFCCARTESIANPOINT((310.70991992657201,124.,1853.5999999999992));
#5769=IFCCARTESIANPOINT((219.09007910851804,126.,1855.5999999999995));
#5770=IFCCARTESIANPOINT((218.804960563892,124.,1853.5999999999992));
#5771=IFCCARTESIANPOINT((230.00744084584269,124.,1853.5999999999992));
#5772=IFCCARTESIANPOINT((312.7099208914633,126.,1855.5999999999995));
#5773=IFCCARTESIANPOINT((323.05495996328131,124.,1853.5999999999992));
#5774=IFCCARTESIANPOINT((206.74504006146344,126.,1855.5999999999995));
#5775=IFCCARTESIANPOINT((231.43511916999097,126.,1855.5999999999995));
#5776=IFCCARTESIANPOINT((325.0549609529362,126.,1855.5999999999995));
#5777=IFCCARTESIANPOINT((208.74504003669995,124.,1853.5999999999992));
#5778=IFCCARTESIANPOINT((213.77500044304034,124.5923580392559,1855.0207547678385));
#5779=IFCCARTESIANPOINT((307.17996058562028,124.62663221253413,1855.0539122808257));
#5780=IFCCARTESIANPOINT((283.77500012679297,126.,1855.5999999999995));
#5781=IFCCARTESIANPOINT((274.81735957120264,124.,1853.5999999999992));
#5782=IFCCARTESIANPOINT((293.53856109566357,124.60652882199193,1855.0346560828452));
#5783=IFCCARTESIANPOINT((235.60868134140412,124.55510861720671,1854.9828553401976));
#5784=IFCCARTESIANPOINT((280.41860192992135,124.54180206265772,1854.9688165602133));
#5785=IFCCARTESIANPOINT((248.26493372837541,124.52141709041416,1854.9467711681884));
#5786=IFCCARTESIANPOINT((298.36487988986266,124.,1853.5999999999992));
#5787=IFCCARTESIANPOINT((224.72264579871282,124.75951021806489,1855.1688164650143));
#5788=IFCCARTESIANPOINT((254.84007936212268,126.,1855.5999999999995));
#5789=IFCCARTESIANPOINT((260.37004060026169,124.63105277056329,1855.0580752665765));
#5790=IFCCARTESIANPOINT((252.41239900730127,124.,1853.5999999999992));
#5791=IFCCARTESIANPOINT((325.50009833544806,124.57299569206752,1855.0013060711801));
#5792=IFCCARTESIANPOINT((337.39999999999083,130.,1855.5999999999995));
#5793=IFCCARTESIANPOINT((329.39999999999094,130.,1212.6000000000001));
#5794=IFCCARTESIANPOINT((329.39999999999088,150.,1212.6000000000001));
#5795=IFCCARTESIANPOINT((317.3999999999906,150.,1224.6000000000004));
#5796=IFCCARTESIANPOINT((317.39999999999065,129.,1224.6000000000004));
#5797=IFCCARTESIANPOINT((318.86446609405789,125.46446609407197,1223.135533905933));
#5798=IFCCARTESIANPOINT((322.3999999999906,124.,1219.6000000000001));
#5799=IFCCARTESIANPOINT((322.3999999999906,124.,1528.2924570015737));
#5800=IFCCARTESIANPOINT((322.3999999999906,124.,1684.4462209999233));
#5801=IFCCARTESIANPOINT((322.3999999999906,124.,1375.7537790000763));
#5802=IFCCARTESIANPOINT((317.3999999999906,129.,1530.0999981954581));
#5803=IFCCARTESIANPOINT((317.3999999999906,129.,1682.8499990977289));
#5804=IFCCARTESIANPOINT((317.3999999999906,129.,1377.3499972931877));
#5805=IFCCARTESIANPOINT((322.3999999999906,124.,1297.6768895000382));
#5806=IFCCARTESIANPOINT((317.3999999999906,129.,1300.9749968420526));
#5807=IFCCARTESIANPOINT((317.3999999999906,129.,1263.638442568626));
#5808=IFCCARTESIANPOINT((322.3999999999906,124.,1762.5231104999614));
#5809=IFCCARTESIANPOINT((317.3999999999906,129.,1759.2249995488639));
#5810=IFCCARTESIANPOINT((317.3999999999906,129.,1721.0374993232963));
#5811=IFCCARTESIANPOINT((322.3999999999906,124.,1801.5615477491172));
#5812=IFCCARTESIANPOINT((317.3999999999906,129.,1606.4749986465933));
#5813=IFCCARTESIANPOINT((322.3999999999906,124.,1606.3693465016115));
#5814=IFCCARTESIANPOINT((322.3999999999906,124.,1645.4077837507673));
#5815=IFCCARTESIANPOINT((322.3999999999906,124.,1452.0231255016881));
#5816=IFCCARTESIANPOINT((317.3999999999906,129.,1453.7249977443228));
#5817=IFCCARTESIANPOINT((317.3999999999906,129.,1415.5374975187553));
#5818=IFCCARTESIANPOINT((322.3999999999906,124.,1258.6384522508824));
#5819=IFCCARTESIANPOINT((317.3999999999906,129.,1797.4124997744314));
#5820=IFCCARTESIANPOINT((322.3999999999906,124.,1723.4846732508054));
#5821=IFCCARTESIANPOINT((322.3999999999906,124.,1413.8884522508822));
#5822=IFCCARTESIANPOINT((318.9183655738679,125.41137606835106,1432.9557758317064));
#5823=IFCCARTESIANPOINT((318.8286462363593,125.50065259013004,1402.4353941568652));
#5824=IFCCARTESIANPOINT((318.89381791330436,125.43535595396028,1462.5327208830668));
#5825=IFCCARTESIANPOINT((317.3999999999906,129.,1491.9124979698906));
#5826=IFCCARTESIANPOINT((322.3999999999906,124.,1490.1577837507675));
#5827=IFCCARTESIANPOINT((318.76607107993141,125.5656790185067,1282.3067207761828));
#5828=IFCCARTESIANPOINT((322.3999999999906,124.,1336.715326749194));
#5829=IFCCARTESIANPOINT((318.95008942049975,125.38086792262528,1313.7537751866219));
#5830=IFCCARTESIANPOINT((317.3999999999906,129.,1339.1624970676201));
#5831=IFCCARTESIANPOINT((318.79392184934932,125.53644685742591,1253.1231325353476));
#5832=IFCCARTESIANPOINT((318.81291651683193,125.51677849041762,1701.9437451184281));
#5833=IFCCARTESIANPOINT((318.89923486156431,125.4300359321773,1671.4587409353103));
#5834=IFCCARTESIANPOINT((317.39999999999065,129.,1644.6624988721608));
#5835=IFCCARTESIANPOINT((318.86806543387178,125.46087041483054,1625.5687458557611));
#5836=IFCCARTESIANPOINT((318.82510621491241,125.50426911428008,1731.3567869532994));
#5837=IFCCARTESIANPOINT((318.86243454846817,125.46649880767509,1595.6065712284142));
#5838=IFCCARTESIANPOINT((322.3999999999906,124.,1567.3308942507294));
#5839=IFCCARTESIANPOINT((317.3999999999906,129.,1568.2874984210259));
#5840=IFCCARTESIANPOINT((318.83294149655512,125.49627432109257,1549.1937466162444));
#5841=IFCCARTESIANPOINT((318.83391786910039,125.49528057674905,1519.6508930276873));
#5842=IFCCARTESIANPOINT((318.81291647824992,125.51677853015009,1358.2562485233905));
#5843=IFCCARTESIANPOINT((318.76364796976725,125.56824477675664,1778.3187447496846));
#5844=IFCCARTESIANPOINT((318.80620522895731,125.52370324286598,1807.4498803138642));
#5845=IFCCARTESIANPOINT((318.86277182150991,125.46616117892614,1490.4920305957658));
#5846=IFCCARTESIANPOINT((335.3999999999906,124.,1206.6000000000004));
#5847=IFCCARTESIANPOINT((336.81421356236365,124.58578643763164,1205.1857864376273));
#5848=IFCCARTESIANPOINT((337.39999999999065,126.,1204.6000000000004));
#5849=IFCCARTESIANPOINT((337.39999999999065,126.,1530.0999999999997));
#5850=IFCCARTESIANPOINT((337.39999999999065,126.,1692.8499999999992));
#5851=IFCCARTESIANPOINT((337.39999999999065,126.,1367.3499999999999));
#5852=IFCCARTESIANPOINT((335.3999999999906,124.,1530.0999999999997));
#5853=IFCCARTESIANPOINT((335.3999999999906,124.,1691.8500018027657));
#5854=IFCCARTESIANPOINT((335.3999999999906,124.,1368.3499981972341));
#5855=IFCCARTESIANPOINT((335.3999999999906,124.,1287.4749972958514));
#5856=IFCCARTESIANPOINT((337.39999999999065,126.,1285.974998029664));
#5857=IFCCARTESIANPOINT((337.39999999999065,126.,1326.6624990148321));
#5858=IFCCARTESIANPOINT((335.3999999999906,124.,1327.9124977465426));
#5859=IFCCARTESIANPOINT((335.3999999999906,124.,1772.725002704148));
#5860=IFCCARTESIANPOINT((337.39999999999065,126.,1774.2250019703351));
#5861=IFCCARTESIANPOINT((337.39999999999065,126.,1806.2198416815966));
#5862=IFCCARTESIANPOINT((335.3999999999906,124.,1813.1624995493078));
#5863=IFCCARTESIANPOINT((335.3999999999906,124.,1449.224999098617));
#5864=IFCCARTESIANPOINT((337.39999999999065,126.,1448.7250019703356));
#5865=IFCCARTESIANPOINT((337.39999999999065,126.,1489.4125029555037));
#5866=IFCCARTESIANPOINT((335.3999999999906,124.,1489.6624995493082));
#5867=IFCCARTESIANPOINT((335.3999999999906,124.,1610.9750009013826));
#5868=IFCCARTESIANPOINT((337.39999999999065,126.,1611.4749980296635));
#5869=IFCCARTESIANPOINT((337.39999999999065,126.,1652.1624990148314));
#5870=IFCCARTESIANPOINT((335.3999999999906,124.,1651.4125013520743));
#5871=IFCCARTESIANPOINT((335.3999999999906,124.,1247.0375004506916));
#5872=IFCCARTESIANPOINT((337.39999999999065,126.,1245.2874970444961));
#5873=IFCCARTESIANPOINT((337.39999999999065,126.,1265.6312475370803));
#5874=IFCCARTESIANPOINT((337.39999999999065,126.,1830.9099208407979));
#5875=IFCCARTESIANPOINT((335.3999999999906,124.,1833.3812479718877));
#5876=IFCCARTESIANPOINT((337.39999999999065,126.,1229.2900752185294));
#5877=IFCCARTESIANPOINT((335.3999999999906,124.,1226.8187520281122));
#5878=IFCCARTESIANPOINT((335.3999999999906,124.,1732.2875022534565));
#5879=IFCCARTESIANPOINT((337.39999999999065,126.,1733.5375009851673));
#5880=IFCCARTESIANPOINT((337.39999999999065,126.,1753.8812514777512));
#5881=IFCCARTESIANPOINT((335.3999999999906,124.,1408.7874986479255));
#5882=IFCCARTESIANPOINT((337.39999999999065,126.,1408.037500985168));
#5883=IFCCARTESIANPOINT((337.39999999999065,126.,1428.3812514777519));
#5884=IFCCARTESIANPOINT((337.39999999999065,126.,1570.7874970444957));
#5885=IFCCARTESIANPOINT((335.3999999999906,124.,1570.5375004506911));
#5886=IFCCARTESIANPOINT((335.3999999999906,124.,1550.3187484225796));
#5887=IFCCARTESIANPOINT((337.39999999999065,126.,1843.2549584500623));
#5888=IFCCARTESIANPOINT((337.39999999999065,126.,1216.9450376092648));
#5889=IFCCARTESIANPOINT((335.3999999999906,124.,1841.2549580482705));
#5890=IFCCARTESIANPOINT((336.85742085434089,124.63035608522077,1837.3181048839804));
#5891=IFCCARTESIANPOINT((335.3999999999906,124.,1823.2718737605976));
#5892=IFCCARTESIANPOINT((337.39999999999065,126.,1818.5648832315333));
#5893=IFCCARTESIANPOINT((336.75657429164426,124.53040611350944,1818.2171864679037));
#5894=IFCCARTESIANPOINT((335.3999999999906,124.,1218.9450419517293));
#5895=IFCCARTESIANPOINT((336.85742089582783,124.63035612936646,1222.8818946508429));
#5896=IFCCARTESIANPOINT((336.73258199643016,124.50861633951855,1237.1569085057379));
#5897=IFCCARTESIANPOINT((335.3999999999906,124.,1792.9437511267279));
#5898=IFCCARTESIANPOINT((336.69120382284888,124.4726517463847,1805.8612694940464));
#5899=IFCCARTESIANPOINT((337.39999999999065,126.,1790.2224198556298));
#5900=IFCCARTESIANPOINT((337.39999999999065,126.,1469.0687524629197));
#5901=IFCCARTESIANPOINT((335.3999999999906,124.,1469.4437475211967));
#5902=IFCCARTESIANPOINT((335.3999999999906,124.,1509.8812515774202));
#5903=IFCCARTESIANPOINT((337.39999999999065,126.,1509.7562534480878));
#5904=IFCCARTESIANPOINT((337.39999999999065,126.,1591.1312475370796));
#5905=IFCCARTESIANPOINT((335.3999999999906,124.,1590.7562524788032));
#5906=IFCCARTESIANPOINT((335.3999999999906,124.,1348.1312497746542));
#5907=IFCCARTESIANPOINT((337.39999999999065,126.,1347.006249507416));
#5908=IFCCARTESIANPOINT((337.39999999999065,126.,1672.5062495074155));
#5909=IFCCARTESIANPOINT((335.3999999999906,124.,1671.6312533801854));
#5910=IFCCARTESIANPOINT((335.3999999999906,124.,1631.1937493239625));
#5911=IFCCARTESIANPOINT((337.39999999999065,126.,1631.8187485222475));
#5912=IFCCARTESIANPOINT((335.3999999999906,124.,1712.0687502253452));
#5913=IFCCARTESIANPOINT((337.39999999999065,126.,1713.1937504925834));
#5914=IFCCARTESIANPOINT((337.3999999999906,126.,1387.6937504925841));
#5915=IFCCARTESIANPOINT((335.3999999999906,124.,1388.568746619814));
#5916=IFCCARTESIANPOINT((335.3999999999906,124.,1307.693745718431));
#5917=IFCCARTESIANPOINT((337.39999999999065,126.,1306.3187485222481));
#5918=IFCCARTESIANPOINT((336.75468567254131,124.52866498425006,1782.2237080650436));
#5919=IFCCARTESIANPOINT((335.3999999999906,124.,1803.0531253380179));
#5920=IFCCARTESIANPOINT((336.83253156380738,124.60434484250037,1770.709970039522));
#5921=IFCCARTESIANPOINT((335.3999999999906,124.,1752.5062542815688));
#5922=IFCCARTESIANPOINT((335.3999999999906,124.,1762.6156284928586));
#5923=IFCCARTESIANPOINT((336.7872673017543,124.55934409609939,1757.5609351125879));
#5924=IFCCARTESIANPOINT((336.8041084476875,124.57575301752372,1742.9024669665237));
#5925=IFCCARTESIANPOINT((337.39999999999065,126.,1764.0531267240433));
#5926=IFCCARTESIANPOINT((336.83889894611741,124.61091043383735,1793.6417345909388));
#5927=IFCCARTESIANPOINT((336.83293923929625,124.60476341201759,1248.5856273639058));
#5928=IFCCARTESIANPOINT((335.3999999999906,124.,1267.2562488732715));
#5929=IFCCARTESIANPOINT((335.3999999999906,124.,1257.1468746619817));
#5930=IFCCARTESIANPOINT((336.78323724630093,124.55547422300394,1262.201562164933));
#5931=IFCCARTESIANPOINT((336.80045486838708,124.57216031657222,1276.7801640763512));
#5932=IFCCARTESIANPOINT((337.39999999999065,126.,1255.4593722907882));
#5933=IFCCARTESIANPOINT((335.3999999999906,124.,1429.0062506760371));
#5934=IFCCARTESIANPOINT((336.78673208571485,124.55882890592088,1418.8968738317374));
#5935=IFCCARTESIANPOINT((337.39999999999065,126.,1550.4437465519118));
#5936=IFCCARTESIANPOINT((335.3999999999906,124.,1236.9281262394018));
#5937=IFCCARTESIANPOINT((336.83609559998047,124.60801241827504,1458.89687352437));
#5938=IFCCARTESIANPOINT((336.8307606135387,124.60252940399228,1479.2406234058499));
#5939=IFCCARTESIANPOINT((336.8142136239278,124.58578649919572,1519.990623304348));
#5940=IFCCARTESIANPOINT((336.80861944086757,124.58021435745746,1499.7718734084469));
#5941=IFCCARTESIANPOINT((336.83609560570301,124.60801242417897,1601.3031227170081));
#5942=IFCCARTESIANPOINT((336.80307333694577,124.57473328421945,1580.6468730015199));
#5943=IFCCARTESIANPOINT((336.77085449626429,124.54371776429419,1358.2406241533743));
#5944=IFCCARTESIANPOINT((336.76566882672165,124.53885365014962,1338.0218742610502));
#5945=IFCCARTESIANPOINT((336.85655163508972,124.62943174767646,1682.6781223322987));
#5946=IFCCARTESIANPOINT((336.78138696937378,124.55370471866753,1661.5218726449089));
#5947=IFCCARTESIANPOINT((336.79212879993304,124.56404129434119,1621.0843728123441));
#5948=IFCCARTESIANPOINT((336.84649896335168,124.61882631469381,1641.990622508735));
#5949=IFCCARTESIANPOINT((336.77085453158293,124.54371779754095,1701.9593725265711));
#5950=IFCCARTESIANPOINT((336.86625933009162,124.63982222600173,1723.3656222344287));
#5951=IFCCARTESIANPOINT((336.85655162030702,124.62943173196642,1377.5218740031157));
#5952=IFCCARTESIANPOINT((336.85156876150211,124.6241554845874,1397.8656238828996));
#5953=IFCCARTESIANPOINT((336.76053790386896,124.53407482725198,1317.8031243688984));
#5954=IFCCARTESIANPOINT((336.7554624949816,124.52938059829921,1297.5843744768929));
#5955=IFCCARTESIANPOINT((335.3999999999906,124.,1782.834376915438));
#5956=IFCCARTESIANPOINT((337.39999999999065,126.,1743.7093762314594));
#5957=IFCCARTESIANPOINT((335.3999999999906,124.,1742.3968764647466));
#5958=IFCCARTESIANPOINT((337.39999999999065,126.,1275.8031227833721));
#5959=IFCCARTESIANPOINT((335.3999999999906,124.,1277.3656230845613));
#5960=IFCCARTESIANPOINT((336.84134147036343,124.61344500081306,1438.5531236434529));
#5961=IFCCARTESIANPOINT((335.3999999999906,124.,1418.8968728592154));
#5962=IFCCARTESIANPOINT((337.39999999999065,126.,1418.2093762314598));
#5963=IFCCARTESIANPOINT((336.81421363916212,124.58578651443005,1540.2093732016035));
#5964=IFCCARTESIANPOINT((336.82533577688133,124.59699681999579,1560.6156229402429));
#5965=IFCCARTESIANPOINT((337.39999999999065,126.,1458.8968772166279));
#5966=IFCCARTESIANPOINT((335.3999999999906,124.,1459.3343733099068));
#5967=IFCCARTESIANPOINT((337.39999999999065,126.,1479.2406277092116));
#5968=IFCCARTESIANPOINT((335.3999999999906,124.,1479.5531253380184));
#5969=IFCCARTESIANPOINT((336.71694779629087,124.49479287079629,1469.0656911756028));
#5970=IFCCARTESIANPOINT((335.3999999999906,124.,1519.9906257887098));
#5971=IFCCARTESIANPOINT((337.39999999999065,126.,1519.9281286943794));
#5972=IFCCARTESIANPOINT((335.3999999999906,124.,1499.7718737605983));
#5973=IFCCARTESIANPOINT((336.72514271625448,124.50200240937495,1489.4961613045564));
#5974=IFCCARTESIANPOINT((337.39999999999065,126.,1499.5843782017955));
#5975=IFCCARTESIANPOINT((336.91135417751451,124.69011124515534,1509.8783513295671));
#5976=IFCCARTESIANPOINT((337.39999999999065,126.,1601.3031227833717));
#5977=IFCCARTESIANPOINT((335.3999999999906,124.,1600.865626690093));
#5978=IFCCARTESIANPOINT((335.3999999999906,124.,1580.6468746619812));
#5979=IFCCARTESIANPOINT((337.39999999999065,126.,1580.9593722907875));
#5980=IFCCARTESIANPOINT((336.89334660907463,124.6696181355999,1590.9626392374989));
#5981=IFCCARTESIANPOINT((335.3999999999906,124.,1358.2406239859442));
#5982=IFCCARTESIANPOINT((337.39999999999065,126.,1357.1781247537078));
#5983=IFCCARTESIANPOINT((335.3999999999906,124.,1338.0218719578324));
#5984=IFCCARTESIANPOINT((337.39999999999065,126.,1336.8343742611241));
#5985=IFCCARTESIANPOINT((336.91202503784251,124.6908856868491,1348.1275536742633));
#5986=IFCCARTESIANPOINT((337.39999999999065,126.,1682.6781247537074));
#5987=IFCCARTESIANPOINT((335.3999999999906,124.,1681.7406275914757));
#5988=IFCCARTESIANPOINT((335.3999999999906,124.,1661.5218755633639));
#5989=IFCCARTESIANPOINT((337.39999999999065,126.,1662.3343742611235));
#5990=IFCCARTESIANPOINT((336.87132194345952,124.64530012967668,1672.0808364837173));
#5991=IFCCARTESIANPOINT((335.3999999999906,124.,1621.0843751126729));
#5992=IFCCARTESIANPOINT((337.39999999999065,126.,1621.6468732759556));
#5993=IFCCARTESIANPOINT((337.39999999999065,126.,1641.9906237685398));
#5994=IFCCARTESIANPOINT((335.3999999999906,124.,1641.303127140784));
#5995=IFCCARTESIANPOINT((336.74304504532364,124.51803171215029,1631.5572887143935));
#5996=IFCCARTESIANPOINT((335.3999999999906,124.,1701.9593760140554));
#5997=IFCCARTESIANPOINT((337.39999999999065,126.,1703.0218752462913));
#5998=IFCCARTESIANPOINT((337.39999999999065,126.,1723.3656257388755));
#5999=IFCCARTESIANPOINT((335.3999999999906,124.,1722.1781280421671));
#6000=IFCCARTESIANPOINT((336.76695238066458,124.54005438835696,1712.6859062578994));
#6001=IFCCARTESIANPOINT((337.39999999999065,126.,1377.521875246292));
#6002=IFCCARTESIANPOINT((335.3999999999906,124.,1378.4593724085239));
#6003=IFCCARTESIANPOINT((337.39999999999065,126.,1397.8656257388757));
#6004=IFCCARTESIANPOINT((336.87689806485002,124.65138140825452,1408.3996873333956));
#6005=IFCCARTESIANPOINT((335.3999999999906,124.,1398.6781244366357));
#6006=IFCCARTESIANPOINT((336.7164956516591,124.4943973966801,1387.6902993601884));
#6007=IFCCARTESIANPOINT((335.3999999999906,124.,1317.8031235352528));
#6008=IFCCARTESIANPOINT((337.39999999999065,126.,1316.49062376854));
#6009=IFCCARTESIANPOINT((336.91259507982403,124.69154437429033,1327.9087155787586));
#6010=IFCCARTESIANPOINT((335.3999999999906,124.,1297.5843715071412));
#6011=IFCCARTESIANPOINT((336.73580361943931,124.51150119575,1287.1735638581044));
#6012=IFCCARTESIANPOINT((337.39999999999065,126.,1296.1468732759561));
#6013=IFCCARTESIANPOINT((336.9132711354103,124.69232631337432,1307.6898802719904));
#6014=IFCCARTESIANPOINT((337.39999999999065,126.,1438.5531267240438));
#6015=IFCCARTESIANPOINT((336.90805719806366,124.68631682383938,1448.7269265908944));
#6016=IFCCARTESIANPOINT((335.3999999999906,124.,1439.1156248873272));
#6017=IFCCARTESIANPOINT((335.3999999999906,124.,1540.2093742112897));
#6018=IFCCARTESIANPOINT((336.70968139165223,124.48846612597633,1530.0999982637411));
#6019=IFCCARTESIANPOINT((337.39999999999065,126.,1540.2718713056197));
#6020=IFCCARTESIANPOINT((337.39999999999065,126.,1560.6156217982038));
#6021=IFCCARTESIANPOINT((335.3999999999906,124.,1560.4281262394015));
#6022=IFCCARTESIANPOINT((336.71918205014708,124.49675061332771,1550.4179104387413));
#6023=IFCCARTESIANPOINT((337.39999999999071,130.,1204.6000000000004));
#6024=IFCCARTESIANPOINT((253.4384439613259,129.,1224.6000000000001));
#6025=IFCCARTESIANPOINT((265.89999942295168,124.,1219.6000000000001));
#6026=IFCCARTESIANPOINT((278.3615567607556,129.,1224.6000000000001));
#6027=IFCCARTESIANPOINT((265.89999759441758,125.60520179476663,1223.2708779802265));
#6028=IFCCARTESIANPOINT((283.36155514145128,124.,1219.6000000000001));
#6029=IFCCARTESIANPOINT((248.43844370445214,124.,1219.6000000000001));
#6030=IFCCARTESIANPOINT((292.49797862002919,126.00661413131162,1223.6049520647705));
#6031=IFCCARTESIANPOINT((239.3020182137322,126.00661418664124,1223.604952106125));
#6032=IFCCARTESIANPOINT((245.78015880118423,124.,1206.6000000000001));
#6033=IFCCARTESIANPOINT((265.90000050719982,126.,1204.6000000000004));
#6034=IFCCARTESIANPOINT((288.01984076851733,126.,1204.6000000000004));
#6035=IFCCARTESIANPOINT((230.15000025359524,126.,1204.6000000000004));
#6036=IFCCARTESIANPOINT((290.59008000119906,124.,1206.6000000000001));
#6037=IFCCARTESIANPOINT((268.18511880058003,124.,1206.6000000000001));
#6038=IFCCARTESIANPOINT((221.0900794005874,124.,1206.6000000000001));
#6039=IFCCARTESIANPOINT((312.70992089146307,126.,1204.6000000000004));
#6040=IFCCARTESIANPOINT((312.99504000059483,124.,1206.6000000000004));
#6041=IFCCARTESIANPOINT((301.79256060150857,124.,1206.6000000000001));
#6042=IFCCARTESIANPOINT((219.09008012293643,126.,1204.6000000000004));
#6043=IFCCARTESIANPOINT((208.74503970028891,124.,1206.6000000000001));
#6044=IFCCARTESIANPOINT((325.05495993851764,126.,1204.6000000000004));
#6045=IFCCARTESIANPOINT((300.36488082999023,126.,1204.6000000000004));
#6046=IFCCARTESIANPOINT((206.74504006146358,126.,1204.6000000000004));
#6047=IFCCARTESIANPOINT((323.0549615009154,124.,1206.6000000000004));
#6048=IFCCARTESIANPOINT((318.024999556941,124.59235803925557,1205.1792452321611));
#6049=IFCCARTESIANPOINT((224.62003941436109,124.62663221253447,1205.1460877191739));
#6050=IFCCARTESIANPOINT((248.02499987318834,126.,1204.6000000000004));
#6051=IFCCARTESIANPOINT((256.98263820027051,124.,1206.6000000000001));
#6052=IFCCARTESIANPOINT((238.26143890431729,124.60652882199213,1205.1653439171544));
#6053=IFCCARTESIANPOINT((296.19131865857719,124.55510861720653,1205.217144659802));
#6054=IFCCARTESIANPOINT((251.38139807005999,124.54180206265788,1205.2311834397863));
#6055=IFCCARTESIANPOINT((283.53506627160658,124.52141709041408,1205.2532288318112));
#6056=IFCCARTESIANPOINT((233.43511910088577,124.,1206.6000000000001));
#6057=IFCCARTESIANPOINT((307.07735420126852,124.75951021806461,1205.0311835349855));
#6058=IFCCARTESIANPOINT((276.95992063785854,126.,1204.6000000000004));
#6059=IFCCARTESIANPOINT((271.42995939971951,124.6310527705633,1205.1419247334231));
#6060=IFCCARTESIANPOINT((279.38759940088954,124.,1206.6000000000001));
#6061=IFCCARTESIANPOINT((206.29990166453237,124.57299569206798,1205.1986939288195));
#6062=IFCPOLYLOOP((#5504,#5505,#5506,#5507));
#6063=IFCFACEOUTERBOUND(#6062,.T.);
#6064=IFCFACE((#6063));
#6065=IFCPOLYLOOP((#5508,#5509,#5510,#5511,#5524,#5523,#5547,#5521,#5534,#5533,#5542,#5519,#5556,#5529,#5551,#5520,#5527,#5526,#5536));
#6066=IFCFACEOUTERBOUND(#6065,.T.);
#6067=IFCFACE((#6066));
#6068=IFCPOLYLOOP((#5544,#5535,#5522));
#6069=IFCFACEOUTERBOUND(#6068,.T.);
#6070=IFCFACE((#6069));
#6071=IFCPOLYLOOP((#5537,#5553,#5549));
#6072=IFCFACEOUTERBOUND(#6071,.T.);
#6073=IFCFACE((#6072));
#6074=IFCPOLYLOOP((#5536,#5560,#5561));
#6075=IFCFACEOUTERBOUND(#6074,.T.);
#6076=IFCFACE((#6075));
#6077=IFCPOLYLOOP((#5522,#5546,#5544));
#6078=IFCFACEOUTERBOUND(#6077,.T.);
#6079=IFCFACE((#6078));
#6080=IFCPOLYLOOP((#5560,#5536,#5526));
#6081=IFCFACEOUTERBOUND(#6080,.T.);
#6082=IFCFACE((#6081));
#6083=IFCPOLYLOOP((#5538,#5539,#5540));
#6084=IFCFACEOUTERBOUND(#6083,.T.);
#6085=IFCFACE((#6084));
#6086=IFCPOLYLOOP((#5527,#5520,#5549));
#6087=IFCFACEOUTERBOUND(#6086,.T.);
#6088=IFCFACE((#6087));
#6089=IFCPOLYLOOP((#5530,#5531,#5552));
#6090=IFCFACEOUTERBOUND(#6089,.T.);
#6091=IFCFACE((#6090));
#6092=IFCPOLYLOOP((#5541,#5543,#5562));
#6093=IFCFACEOUTERBOUND(#6092,.T.);
#6094=IFCFACE((#6093));
#6095=IFCPOLYLOOP((#5556,#5557,#5554));
#6096=IFCFACEOUTERBOUND(#6095,.T.);
#6097=IFCFACE((#6096));
#6098=IFCPOLYLOOP((#5559,#5546,#5545));
#6099=IFCFACEOUTERBOUND(#6098,.T.);
#6100=IFCFACE((#6099));
#6101=IFCPOLYLOOP((#5548,#5511,#5514));
#6102=IFCFACEOUTERBOUND(#6101,.T.);
#6103=IFCFACE((#6102));
#6104=IFCPOLYLOOP((#5535,#5544,#5548));
#6105=IFCFACEOUTERBOUND(#6104,.T.);
#6106=IFCFACE((#6105));
#6107=IFCPOLYLOOP((#5561,#5560,#5528));
#6108=IFCFACEOUTERBOUND(#6107,.T.);
#6109=IFCFACE((#6108));
#6110=IFCPOLYLOOP((#5530,#5552,#5554));
#6111=IFCFACEOUTERBOUND(#6110,.T.);
#6112=IFCFACE((#6111));
#6113=IFCPOLYLOOP((#5553,#5527,#5549));
#6114=IFCFACEOUTERBOUND(#6113,.T.);
#6115=IFCFACE((#6114));
#6116=IFCPOLYLOOP((#5508,#5536,#5561));
#6117=IFCFACEOUTERBOUND(#6116,.T.);
#6118=IFCFACE((#6117));
#6119=IFCPOLYLOOP((#5512,#5513,#5561));
#6120=IFCFACEOUTERBOUND(#6119,.T.);
#6121=IFCFACE((#6120));
#6122=IFCPOLYLOOP((#5550,#5517,#5549));
#6123=IFCFACEOUTERBOUND(#6122,.T.);
#6124=IFCFACE((#6123));
#6125=IFCPOLYLOOP((#5552,#5550,#5551));
#6126=IFCFACEOUTERBOUND(#6125,.T.);
#6127=IFCFACE((#6126));
#6128=IFCPOLYLOOP((#5518,#5538,#5540));
#6129=IFCFACEOUTERBOUND(#6128,.T.);
#6130=IFCFACE((#6129));
#6131=IFCPOLYLOOP((#5533,#5539,#5541));
#6132=IFCFACEOUTERBOUND(#6131,.T.);
#6133=IFCFACE((#6132));
#6134=IFCPOLYLOOP((#5533,#5534,#5539));
#6135=IFCFACEOUTERBOUND(#6134,.T.);
#6136=IFCFACE((#6135));
#6137=IFCPOLYLOOP((#5515,#5535,#5548));
#6138=IFCFACEOUTERBOUND(#6137,.T.);
#6139=IFCFACE((#6138));
#6140=IFCPOLYLOOP((#5544,#5523,#5524));
#6141=IFCFACEOUTERBOUND(#6140,.T.);
#6142=IFCFACE((#6141));
#6143=IFCPOLYLOOP((#5539,#5532,#5541));
#6144=IFCFACEOUTERBOUND(#6143,.T.);
#6145=IFCFACE((#6144));
#6146=IFCPOLYLOOP((#5553,#5525,#5560));
#6147=IFCFACEOUTERBOUND(#6146,.T.);
#6148=IFCFACE((#6147));
#6149=IFCPOLYLOOP((#5532,#5539,#5538));
#6150=IFCFACEOUTERBOUND(#6149,.T.);
#6151=IFCFACE((#6150));
#6152=IFCPOLYLOOP((#5540,#5539,#5534));
#6153=IFCFACEOUTERBOUND(#6152,.T.);
#6154=IFCFACE((#6153));
#6155=IFCPOLYLOOP((#5534,#5521,#5540));
#6156=IFCFACEOUTERBOUND(#6155,.T.);
#6157=IFCFACE((#6156));
#6158=IFCPOLYLOOP((#5540,#5521,#5559));
#6159=IFCFACEOUTERBOUND(#6158,.T.);
#6160=IFCFACE((#6159));
#6161=IFCPOLYLOOP((#5543,#5516,#5558));
#6162=IFCFACEOUTERBOUND(#6161,.T.);
#6163=IFCFACE((#6162));
#6164=IFCPOLYLOOP((#5541,#5532,#5543));
#6165=IFCFACEOUTERBOUND(#6164,.T.);
#6166=IFCFACE((#6165));
#6167=IFCPOLYLOOP((#5516,#5557,#5558));
#6168=IFCFACEOUTERBOUND(#6167,.T.);
#6169=IFCFACE((#6168));
#6170=IFCPOLYLOOP((#5542,#5533,#5541));
#6171=IFCFACEOUTERBOUND(#6170,.T.);
#6172=IFCFACE((#6171));
#6173=IFCPOLYLOOP((#5544,#5524,#5548));
#6174=IFCFACEOUTERBOUND(#6173,.T.);
#6175=IFCFACE((#6174));
#6176=IFCPOLYLOOP((#5511,#5548,#5524));
#6177=IFCFACEOUTERBOUND(#6176,.T.);
#6178=IFCFACE((#6177));
#6179=IFCPOLYLOOP((#5544,#5546,#5523));
#6180=IFCFACEOUTERBOUND(#6179,.T.);
#6181=IFCFACE((#6180));
#6182=IFCPOLYLOOP((#5522,#5545,#5546));
#6183=IFCFACEOUTERBOUND(#6182,.T.);
#6184=IFCFACE((#6183));
#6185=IFCPOLYLOOP((#5521,#5547,#5559));
#6186=IFCFACEOUTERBOUND(#6185,.T.);
#6187=IFCFACE((#6186));
#6188=IFCPOLYLOOP((#5518,#5559,#5545));
#6189=IFCFACEOUTERBOUND(#6188,.T.);
#6190=IFCFACE((#6189));
#6191=IFCPOLYLOOP((#5547,#5523,#5546));
#6192=IFCFACEOUTERBOUND(#6191,.T.);
#6193=IFCFACE((#6192));
#6194=IFCPOLYLOOP((#5515,#5548,#5514));
#6195=IFCFACEOUTERBOUND(#6194,.T.);
#6196=IFCFACE((#6195));
#6197=IFCPOLYLOOP((#5550,#5549,#5520));
#6198=IFCFACEOUTERBOUND(#6197,.T.);
#6199=IFCFACE((#6198));
#6200=IFCPOLYLOOP((#5537,#5549,#5517));
#6201=IFCFACEOUTERBOUND(#6200,.T.);
#6202=IFCFACE((#6201));
#6203=IFCPOLYLOOP((#5552,#5529,#5554));
#6204=IFCFACEOUTERBOUND(#6203,.T.);
#6205=IFCFACE((#6204));
#6206=IFCPOLYLOOP((#5531,#5517,#5550));
#6207=IFCFACEOUTERBOUND(#6206,.T.);
#6208=IFCFACE((#6207));
#6209=IFCPOLYLOOP((#5550,#5520,#5551));
#6210=IFCFACEOUTERBOUND(#6209,.T.);
#6211=IFCFACE((#6210));
#6212=IFCPOLYLOOP((#5552,#5551,#5529));
#6213=IFCFACEOUTERBOUND(#6212,.T.);
#6214=IFCFACE((#6213));
#6215=IFCPOLYLOOP((#5550,#5552,#5531));
#6216=IFCFACEOUTERBOUND(#6215,.T.);
#6217=IFCFACE((#6216));
#6218=IFCPOLYLOOP((#5525,#5553,#5537));
#6219=IFCFACEOUTERBOUND(#6218,.T.);
#6220=IFCFACE((#6219));
#6221=IFCPOLYLOOP((#5526,#5527,#5553));
#6222=IFCFACEOUTERBOUND(#6221,.T.);
#6223=IFCFACE((#6222));
#6224=IFCPOLYLOOP((#5557,#5556,#5519));
#6225=IFCFACEOUTERBOUND(#6224,.T.);
#6226=IFCFACE((#6225));
#6227=IFCPOLYLOOP((#5554,#5529,#5556));
#6228=IFCFACEOUTERBOUND(#6227,.T.);
#6229=IFCFACE((#6228));
#6230=IFCPOLYLOOP((#5557,#5516,#5555));
#6231=IFCFACEOUTERBOUND(#6230,.T.);
#6232=IFCFACE((#6231));
#6233=IFCPOLYLOOP((#5555,#5530,#5554));
#6234=IFCFACEOUTERBOUND(#6233,.T.);
#6235=IFCFACE((#6234));
#6236=IFCPOLYLOOP((#5557,#5519,#5558));
#6237=IFCFACEOUTERBOUND(#6236,.T.);
#6238=IFCFACE((#6237));
#6239=IFCPOLYLOOP((#5554,#5557,#5555));
#6240=IFCFACEOUTERBOUND(#6239,.T.);
#6241=IFCFACE((#6240));
#6242=IFCPOLYLOOP((#5519,#5542,#5558));
#6243=IFCFACEOUTERBOUND(#6242,.T.);
#6244=IFCFACE((#6243));
#6245=IFCPOLYLOOP((#5558,#5542,#5562));
#6246=IFCFACEOUTERBOUND(#6245,.T.);
#6247=IFCFACE((#6246));
#6248=IFCPOLYLOOP((#5559,#5547,#5546));
#6249=IFCFACEOUTERBOUND(#6248,.T.);
#6250=IFCFACE((#6249));
#6251=IFCPOLYLOOP((#5540,#5559,#5518));
#6252=IFCFACEOUTERBOUND(#6251,.T.);
#6253=IFCFACE((#6252));
#6254=IFCPOLYLOOP((#5553,#5560,#5526));
#6255=IFCFACEOUTERBOUND(#6254,.T.);
#6256=IFCFACE((#6255));
#6257=IFCPOLYLOOP((#5528,#5560,#5525));
#6258=IFCFACEOUTERBOUND(#6257,.T.);
#6259=IFCFACE((#6258));
#6260=IFCPOLYLOOP((#5512,#5561,#5528));
#6261=IFCFACEOUTERBOUND(#6260,.T.);
#6262=IFCFACE((#6261));
#6263=IFCPOLYLOOP((#5508,#5561,#5513));
#6264=IFCFACEOUTERBOUND(#6263,.T.);
#6265=IFCFACE((#6264));
#6266=IFCPOLYLOOP((#5558,#5562,#5543));
#6267=IFCFACEOUTERBOUND(#6266,.T.);
#6268=IFCFACE((#6267));
#6269=IFCPOLYLOOP((#5542,#5541,#5562));
#6270=IFCFACEOUTERBOUND(#6269,.T.);
#6271=IFCFACE((#6270));
#6272=IFCPOLYLOOP((#5597,#5615,#5616));
#6273=IFCFACEOUTERBOUND(#6272,.T.);
#6274=IFCFACE((#6273));
#6275=IFCPOLYLOOP((#5660,#5585,#5694));
#6276=IFCFACEOUTERBOUND(#6275,.T.);
#6277=IFCFACE((#6276));
#6278=IFCPOLYLOOP((#5729,#5704,#5664));
#6279=IFCFACEOUTERBOUND(#6278,.T.);
#6280=IFCFACE((#6279));
#6281=IFCPOLYLOOP((#5680,#5603,#5734));
#6282=IFCFACEOUTERBOUND(#6281,.T.);
#6283=IFCFACE((#6282));
#6284=IFCPOLYLOOP((#5617,#5638,#5646));
#6285=IFCFACEOUTERBOUND(#6284,.T.);
#6286=IFCFACE((#6285));
#6287=IFCPOLYLOOP((#5613,#5582,#5618));
#6288=IFCFACEOUTERBOUND(#6287,.T.);
#6289=IFCFACE((#6288));
#6290=IFCPOLYLOOP((#5666,#5629,#5708,#5590));
#6291=IFCFACEOUTERBOUND(#6290,.T.);
#6292=IFCFACE((#6291));
#6293=IFCPOLYLOOP((#5647,#5650,#5649));
#6294=IFCFACEOUTERBOUND(#6293,.T.);
#6295=IFCFACE((#6294));
#6296=IFCPOLYLOOP((#5610,#5609,#5595,#5611));
#6297=IFCFACEOUTERBOUND(#6296,.T.);
#6298=IFCFACE((#6297));
#6299=IFCPOLYLOOP((#5737,#5742,#5741,#5606));
#6300=IFCFACEOUTERBOUND(#6299,.T.);
#6301=IFCFACE((#6300));
#6302=IFCPOLYLOOP((#5731,#5732,#5674));
#6303=IFCFACEOUTERBOUND(#6302,.T.);
#6304=IFCFACE((#6303));
#6305=IFCPOLYLOOP((#5649,#5650,#5648));
#6306=IFCFACEOUTERBOUND(#6305,.T.);
#6307=IFCFACE((#6306));
#6308=IFCPOLYLOOP((#5733,#5728,#5673));
#6309=IFCFACEOUTERBOUND(#6308,.T.);
#6310=IFCFACE((#6309));
#6311=IFCPOLYLOOP((#5705,#5702,#5663));
#6312=IFCFACEOUTERBOUND(#6311,.T.);
#6313=IFCFACE((#6312));
#6314=IFCPOLYLOOP((#5640,#5580,#5638));
#6315=IFCFACEOUTERBOUND(#6314,.T.);
#6316=IFCFACE((#6315));
#6317=IFCPOLYLOOP((#5670,#5720,#5633));
#6318=IFCFACEOUTERBOUND(#6317,.T.);
#6319=IFCFACE((#6318));
#6320=IFCPOLYLOOP((#5582,#5613,#5611));
#6321=IFCFACEOUTERBOUND(#6320,.T.);
#6322=IFCFACE((#6321));
#6323=IFCPOLYLOOP((#5614,#5566,#5567));
#6324=IFCFACEOUTERBOUND(#6323,.T.);
#6325=IFCFACE((#6324));
#6326=IFCPOLYLOOP((#5564,#5565,#5609));
#6327=IFCFACEOUTERBOUND(#6326,.T.);
#6328=IFCFACE((#6327));
#6329=IFCPOLYLOOP((#5689,#5686,#5657));
#6330=IFCFACEOUTERBOUND(#6329,.T.);
#6331=IFCFACE((#6330));
#6332=IFCPOLYLOOP((#5724,#5725,#5672));
#6333=IFCFACEOUTERBOUND(#6332,.T.);
#6334=IFCFACE((#6333));
#6335=IFCPOLYLOOP((#5693,#5688,#5658));
#6336=IFCFACEOUTERBOUND(#6335,.T.);
#6337=IFCFACE((#6336));
#6338=IFCPOLYLOOP((#5695,#5691,#5659));
#6339=IFCFACEOUTERBOUND(#6338,.T.);
#6340=IFCFACE((#6339));
#6341=IFCPOLYLOOP((#5742,#5737,#5683));
#6342=IFCFACEOUTERBOUND(#6341,.T.);
#6343=IFCFACE((#6342));
#6344=IFCPOLYLOOP((#5668,#5715,#5631));
#6345=IFCFACEOUTERBOUND(#6344,.T.);
#6346=IFCFACE((#6345));
#6347=IFCPOLYLOOP((#5668,#5631,#5713,#5589));
#6348=IFCFACEOUTERBOUND(#6347,.T.);
#6349=IFCFACE((#6348));
#6350=IFCPOLYLOOP((#5666,#5710,#5629));
#6351=IFCFACEOUTERBOUND(#6350,.T.);
#6352=IFCFACE((#6351));
#6353=IFCPOLYLOOP((#5610,#5607,#5564));
#6354=IFCFACEOUTERBOUND(#6353,.T.);
#6355=IFCFACE((#6354));
#6356=IFCPOLYLOOP((#5614,#5615,#5597));
#6357=IFCFACEOUTERBOUND(#6356,.T.);
#6358=IFCFACE((#6357));
#6359=IFCPOLYLOOP((#5616,#5647,#5591));
#6360=IFCFACEOUTERBOUND(#6359,.T.);
#6361=IFCFACE((#6360));
#6362=IFCPOLYLOOP((#5594,#5610,#5613));
#6363=IFCFACEOUTERBOUND(#6362,.T.);
#6364=IFCFACE((#6363));
#6365=IFCPOLYLOOP((#5592,#5647,#5616));
#6366=IFCFACEOUTERBOUND(#6365,.T.);
#6367=IFCFACE((#6366));
#6368=IFCPOLYLOOP((#5567,#5615,#5614));
#6369=IFCFACEOUTERBOUND(#6368,.T.);
#6370=IFCFACE((#6369));
#6371=IFCPOLYLOOP((#5643,#5644,#5600));
#6372=IFCFACEOUTERBOUND(#6371,.T.);
#6373=IFCFACE((#6372));
#6374=IFCPOLYLOOP((#5670,#5633,#5718,#5599));
#6375=IFCFACEOUTERBOUND(#6374,.T.);
#6376=IFCFACE((#6375));
#6377=IFCPOLYLOOP((#5643,#5642,#5641));
#6378=IFCFACEOUTERBOUND(#6377,.T.);
#6379=IFCFACE((#6378));
#6380=IFCPOLYLOOP((#5735,#5736,#5680));
#6381=IFCFACEOUTERBOUND(#6380,.T.);
#6382=IFCFACE((#6381));
#6383=IFCPOLYLOOP((#5726,#5722,#5671));
#6384=IFCFACEOUTERBOUND(#6383,.T.);
#6385=IFCFACE((#6384));
#6386=IFCPOLYLOOP((#5724,#5682,#5654));
#6387=IFCFACEOUTERBOUND(#6386,.T.);
#6388=IFCFACE((#6387));
#6389=IFCPOLYLOOP((#5662,#5700,#5625));
#6390=IFCFACEOUTERBOUND(#6389,.T.);
#6391=IFCFACE((#6390));
#6392=IFCPOLYLOOP((#5662,#5625,#5698,#5605));
#6393=IFCFACEOUTERBOUND(#6392,.T.);
#6394=IFCFACE((#6393));
#6395=IFCPOLYLOOP((#5572,#5690,#5738,#5737));
#6396=IFCFACEOUTERBOUND(#6395,.T.);
#6397=IFCFACE((#6396));
#6398=IFCPOLYLOOP((#5607,#5563,#5564));
#6399=IFCFACEOUTERBOUND(#6398,.T.);
#6400=IFCFACE((#6399));
#6401=IFCPOLYLOOP((#5567,#5568,#5608));
#6402=IFCFACEOUTERBOUND(#6401,.T.);
#6403=IFCFACE((#6402));
#6404=IFCPOLYLOOP((#5609,#5610,#5564));
#6405=IFCFACEOUTERBOUND(#6404,.T.);
#6406=IFCFACE((#6405));
#6407=IFCPOLYLOOP((#5594,#5607,#5610));
#6408=IFCFACEOUTERBOUND(#6407,.T.);
#6409=IFCFACE((#6408));
#6410=IFCPOLYLOOP((#5613,#5581,#5612,#5594));
#6411=IFCFACEOUTERBOUND(#6410,.T.);
#6412=IFCFACE((#6411));
#6413=IFCPOLYLOOP((#5613,#5610,#5611));
#6414=IFCFACEOUTERBOUND(#6413,.T.);
#6415=IFCFACE((#6414));
#6416=IFCPOLYLOOP((#5735,#5685,#5657));
#6417=IFCFACEOUTERBOUND(#6416,.T.);
#6418=IFCFACE((#6417));
#6419=IFCPOLYLOOP((#5615,#5567,#5608));
#6420=IFCFACEOUTERBOUND(#6419,.T.);
#6421=IFCFACE((#6420));
#6422=IFCPOLYLOOP((#5608,#5596,#5615));
#6423=IFCFACEOUTERBOUND(#6422,.T.);
#6424=IFCFACE((#6423));
#6425=IFCPOLYLOOP((#5616,#5615,#5596));
#6426=IFCFACEOUTERBOUND(#6425,.T.);
#6427=IFCFACE((#6426));
#6428=IFCPOLYLOOP((#5592,#5616,#5596));
#6429=IFCFACEOUTERBOUND(#6428,.T.);
#6430=IFCFACE((#6429));
#6431=IFCPOLYLOOP((#5616,#5591,#5656,#5597));
#6432=IFCFACEOUTERBOUND(#6431,.T.);
#6433=IFCFACE((#6432));
#6434=IFCPOLYLOOP((#5613,#5618,#5581));
#6435=IFCFACEOUTERBOUND(#6434,.T.);
#6436=IFCFACE((#6435));
#6437=IFCPOLYLOOP((#5618,#5582,#5639));
#6438=IFCFACEOUTERBOUND(#6437,.T.);
#6439=IFCFACE((#6438));
#6440=IFCPOLYLOOP((#5638,#5579,#5640));
#6441=IFCFACEOUTERBOUND(#6440,.T.);
#6442=IFCFACE((#6441));
#6443=IFCPOLYLOOP((#5638,#5580,#5619));
#6444=IFCFACEOUTERBOUND(#6443,.T.);
#6445=IFCFACE((#6444));
#6446=IFCPOLYLOOP((#5618,#5646,#5581));
#6447=IFCFACEOUTERBOUND(#6446,.T.);
#6448=IFCFACE((#6447));
#6449=IFCPOLYLOOP((#5658,#5620,#5687,#5585));
#6450=IFCFACEOUTERBOUND(#6449,.T.);
#6451=IFCFACE((#6450));
#6452=IFCPOLYLOOP((#5738,#5690,#5659));
#6453=IFCFACEOUTERBOUND(#6452,.T.);
#6454=IFCFACE((#6453));
#6455=IFCPOLYLOOP((#5660,#5622,#5692));
#6456=IFCFACEOUTERBOUND(#6455,.T.);
#6457=IFCFACE((#6456));
#6458=IFCPOLYLOOP((#5696,#5700,#5699,#5624));
#6459=IFCFACEOUTERBOUND(#6458,.T.);
#6460=IFCFACE((#6459));
#6461=IFCPOLYLOOP((#5700,#5696,#5661));
#6462=IFCFACEOUTERBOUND(#6461,.T.);
#6463=IFCFACE((#6462));
#6464=IFCPOLYLOOP((#5663,#5574,#5701,#5626));
#6465=IFCFACEOUTERBOUND(#6464,.T.);
#6466=IFCFACE((#6465));
#6467=IFCPOLYLOOP((#5664,#5626,#5703,#5578));
#6468=IFCFACEOUTERBOUND(#6467,.T.);
#6469=IFCFACE((#6468));
#6470=IFCPOLYLOOP((#5628,#5665,#5710));
#6471=IFCFACEOUTERBOUND(#6470,.T.);
#6472=IFCFACE((#6471));
#6473=IFCPOLYLOOP((#5665,#5628,#5706,#5570));
#6474=IFCFACEOUTERBOUND(#6473,.T.);
#6475=IFCFACE((#6474));
#6476=IFCPOLYLOOP((#5711,#5715,#5714,#5630));
#6477=IFCFACEOUTERBOUND(#6476,.T.);
#6478=IFCFACE((#6477));
#6479=IFCPOLYLOOP((#5715,#5711,#5667));
#6480=IFCFACEOUTERBOUND(#6479,.T.);
#6481=IFCFACE((#6480));
#6482=IFCPOLYLOOP((#5632,#5669,#5720));
#6483=IFCFACEOUTERBOUND(#6482,.T.);
#6484=IFCFACE((#6483));
#6485=IFCPOLYLOOP((#5669,#5632,#5716,#5573));
#6486=IFCFACEOUTERBOUND(#6485,.T.);
#6487=IFCFACE((#6486));
#6488=IFCPOLYLOOP((#5671,#5571,#5721,#5634));
#6489=IFCFACEOUTERBOUND(#6488,.T.);
#6490=IFCFACE((#6489));
#6491=IFCPOLYLOOP((#5672,#5634,#5723,#5602));
#6492=IFCFACEOUTERBOUND(#6491,.T.);
#6493=IFCFACE((#6492));
#6494=IFCPOLYLOOP((#5673,#5578,#5727,#5636));
#6495=IFCFACEOUTERBOUND(#6494,.T.);
#6496=IFCFACE((#6495));
#6497=IFCPOLYLOOP((#5674,#5636,#5730,#5575));
#6498=IFCFACEOUTERBOUND(#6497,.T.);
#6499=IFCFACE((#6498));
#6500=IFCPOLYLOOP((#5646,#5638,#5619));
#6501=IFCFACEOUTERBOUND(#6500,.T.);
#6502=IFCFACE((#6501));
#6503=IFCPOLYLOOP((#5638,#5617,#5675,#5579));
#6504=IFCFACEOUTERBOUND(#6503,.T.);
#6505=IFCFACE((#6504));
#6506=IFCPOLYLOOP((#5644,#5599,#5676,#5600));
#6507=IFCFACEOUTERBOUND(#6506,.T.);
#6508=IFCFACE((#6507));
#6509=IFCPOLYLOOP((#5646,#5639,#5617));
#6510=IFCFACEOUTERBOUND(#6509,.T.);
#6511=IFCFACE((#6510));
#6512=IFCPOLYLOOP((#5643,#5645,#5640));
#6513=IFCFACEOUTERBOUND(#6512,.T.);
#6514=IFCFACE((#6513));
#6515=IFCPOLYLOOP((#5640,#5642,#5643));
#6516=IFCFACEOUTERBOUND(#6515,.T.);
#6517=IFCFACE((#6516));
#6518=IFCPOLYLOOP((#5640,#5579,#5642));
#6519=IFCFACEOUTERBOUND(#6518,.T.);
#6520=IFCFACE((#6519));
#6521=IFCPOLYLOOP((#5643,#5641,#5644));
#6522=IFCFACEOUTERBOUND(#6521,.T.);
#6523=IFCFACE((#6522));
#6524=IFCPOLYLOOP((#5581,#5646,#5619));
#6525=IFCFACEOUTERBOUND(#6524,.T.);
#6526=IFCFACE((#6525));
#6527=IFCPOLYLOOP((#5644,#5641,#5677,#5598));
#6528=IFCFACEOUTERBOUND(#6527,.T.);
#6529=IFCFACE((#6528));
#6530=IFCPOLYLOOP((#5670,#5644,#5598));
#6531=IFCFACEOUTERBOUND(#6530,.T.);
#6532=IFCFACE((#6531));
#6533=IFCPOLYLOOP((#5645,#5643,#5600));
#6534=IFCFACEOUTERBOUND(#6533,.T.);
#6535=IFCFACE((#6534));
#6536=IFCPOLYLOOP((#5645,#5580,#5640));
#6537=IFCFACEOUTERBOUND(#6536,.T.);
#6538=IFCFACE((#6537));
#6539=IFCPOLYLOOP((#5639,#5646,#5618));
#6540=IFCFACEOUTERBOUND(#6539,.T.);
#6541=IFCFACE((#6540));
#6542=IFCPOLYLOOP((#5650,#5652,#5593));
#6543=IFCFACEOUTERBOUND(#6542,.T.);
#6544=IFCFACE((#6543));
#6545=IFCPOLYLOOP((#5593,#5651,#5650));
#6546=IFCFACEOUTERBOUND(#6545,.T.);
#6547=IFCFACE((#6546));
#6548=IFCPOLYLOOP((#5650,#5651,#5648));
#6549=IFCFACEOUTERBOUND(#6548,.T.);
#6550=IFCFACE((#6549));
#6551=IFCPOLYLOOP((#5652,#5650,#5647));
#6552=IFCFACEOUTERBOUND(#6551,.T.);
#6553=IFCFACE((#6552));
#6554=IFCPOLYLOOP((#5649,#5591,#5647));
#6555=IFCFACEOUTERBOUND(#6554,.T.);
#6556=IFCFACE((#6555));
#6557=IFCPOLYLOOP((#5651,#5593,#5678,#5576));
#6558=IFCFACEOUTERBOUND(#6557,.T.);
#6559=IFCFACE((#6558));
#6560=IFCPOLYLOOP((#5728,#5733,#5637));
#6561=IFCFACEOUTERBOUND(#6560,.T.);
#6562=IFCFACE((#6561));
#6563=IFCPOLYLOOP((#5731,#5679,#5651));
#6564=IFCFACEOUTERBOUND(#6563,.T.);
#6565=IFCFACE((#6564));
#6566=IFCPOLYLOOP((#5647,#5592,#5652));
#6567=IFCFACEOUTERBOUND(#6566,.T.);
#6568=IFCFACE((#6567));
#6569=IFCPOLYLOOP((#5722,#5726,#5635));
#6570=IFCFACEOUTERBOUND(#6569,.T.);
#6571=IFCFACE((#6570));
#6572=IFCPOLYLOOP((#5654,#5653,#5681,#5601));
#6573=IFCFACEOUTERBOUND(#6572,.T.);
#6574=IFCFACE((#6573));
#6575=IFCPOLYLOOP((#5680,#5654,#5603));
#6576=IFCFACEOUTERBOUND(#6575,.T.);
#6577=IFCFACE((#6576));
#6578=IFCPOLYLOOP((#5620,#5658,#5689));
#6579=IFCFACEOUTERBOUND(#6578,.T.);
#6580=IFCFACE((#6579));
#6581=IFCPOLYLOOP((#5684,#5655,#5740,#5604));
#6582=IFCFACEOUTERBOUND(#6581,.T.);
#6583=IFCFACE((#6582));
#6584=IFCPOLYLOOP((#5569,#5738,#5659));
#6585=IFCFACEOUTERBOUND(#6584,.T.);
#6586=IFCFACE((#6585));
#6587=IFCPOLYLOOP((#5691,#5695,#5694,#5623));
#6588=IFCFACEOUTERBOUND(#6587,.T.);
#6589=IFCFACE((#6588));
#6590=IFCPOLYLOOP((#5658,#5688,#5689));
#6591=IFCFACEOUTERBOUND(#6590,.T.);
#6592=IFCFACE((#6591));
#6593=IFCPOLYLOOP((#5622,#5660,#5695));
#6594=IFCFACEOUTERBOUND(#6593,.T.);
#6595=IFCFACE((#6594));
#6596=IFCPOLYLOOP((#5738,#5569,#5683));
#6597=IFCFACEOUTERBOUND(#6596,.T.);
#6598=IFCFACE((#6597));
#6599=IFCPOLYLOOP((#5692,#5693,#5660));
#6600=IFCFACEOUTERBOUND(#6599,.T.);
#6601=IFCFACE((#6600));
#6602=IFCPOLYLOOP((#5660,#5694,#5695));
#6603=IFCFACEOUTERBOUND(#6602,.T.);
#6604=IFCFACE((#6603));
#6605=IFCPOLYLOOP((#5667,#5661,#5588));
#6606=IFCFACEOUTERBOUND(#6605,.T.);
#6607=IFCFACE((#6606));
#6608=IFCPOLYLOOP((#5661,#5587,#5697,#5625));
#6609=IFCFACEOUTERBOUND(#6608,.T.);
#6610=IFCFACE((#6609));
#6611=IFCPOLYLOOP((#5684,#5662,#5605));
#6612=IFCFACEOUTERBOUND(#6611,.T.);
#6613=IFCFACE((#6612));
#6614=IFCPOLYLOOP((#5662,#5604,#5699));
#6615=IFCFACEOUTERBOUND(#6614,.T.);
#6616=IFCFACE((#6615));
#6617=IFCPOLYLOOP((#5626,#5664,#5705));
#6618=IFCFACEOUTERBOUND(#6617,.T.);
#6619=IFCFACE((#6618));
#6620=IFCPOLYLOOP((#5671,#5663,#5571));
#6621=IFCFACEOUTERBOUND(#6620,.T.);
#6622=IFCFACE((#6621));
#6623=IFCPOLYLOOP((#5578,#5673,#5729));
#6624=IFCFACEOUTERBOUND(#6623,.T.);
#6625=IFCFACE((#6624));
#6626=IFCPOLYLOOP((#5705,#5664,#5627));
#6627=IFCFACEOUTERBOUND(#6626,.T.);
#6628=IFCFACE((#6627));
#6629=IFCPOLYLOOP((#5669,#5665,#5570));
#6630=IFCFACEOUTERBOUND(#6629,.T.);
#6631=IFCFACE((#6630));
#6632=IFCPOLYLOOP((#5665,#5573,#5707));
#6633=IFCFACEOUTERBOUND(#6632,.T.);
#6634=IFCFACE((#6633));
#6635=IFCPOLYLOOP((#5668,#5666,#5590));
#6636=IFCFACEOUTERBOUND(#6635,.T.);
#6637=IFCFACE((#6636));
#6638=IFCPOLYLOOP((#5666,#5589,#5709));
#6639=IFCFACEOUTERBOUND(#6638,.T.);
#6640=IFCFACE((#6639));
#6641=IFCPOLYLOOP((#5661,#5667,#5587));
#6642=IFCFACEOUTERBOUND(#6641,.T.);
#6643=IFCFACE((#6642));
#6644=IFCPOLYLOOP((#5667,#5588,#5712));
#6645=IFCFACEOUTERBOUND(#6644,.T.);
#6646=IFCFACE((#6645));
#6647=IFCPOLYLOOP((#5666,#5668,#5589));
#6648=IFCFACEOUTERBOUND(#6647,.T.);
#6649=IFCFACE((#6648));
#6650=IFCPOLYLOOP((#5668,#5590,#5714));
#6651=IFCFACEOUTERBOUND(#6650,.T.);
#6652=IFCFACE((#6651));
#6653=IFCPOLYLOOP((#5665,#5669,#5573));
#6654=IFCFACEOUTERBOUND(#6653,.T.);
#6655=IFCFACE((#6654));
#6656=IFCPOLYLOOP((#5669,#5570,#5717));
#6657=IFCFACEOUTERBOUND(#6656,.T.);
#6658=IFCFACE((#6657));
#6659=IFCPOLYLOOP((#5644,#5670,#5599));
#6660=IFCFACEOUTERBOUND(#6659,.T.);
#6661=IFCFACE((#6660));
#6662=IFCPOLYLOOP((#5670,#5598,#5719));
#6663=IFCFACEOUTERBOUND(#6662,.T.);
#6664=IFCFACE((#6663));
#6665=IFCPOLYLOOP((#5634,#5672,#5726));
#6666=IFCFACEOUTERBOUND(#6665,.T.);
#6667=IFCFACE((#6666));
#6668=IFCPOLYLOOP((#5663,#5671,#5574));
#6669=IFCFACEOUTERBOUND(#6668,.T.);
#6670=IFCFACE((#6669));
#6671=IFCPOLYLOOP((#5672,#5602,#5724));
#6672=IFCFACEOUTERBOUND(#6671,.T.);
#6673=IFCFACE((#6672));
#6674=IFCPOLYLOOP((#5726,#5672,#5635));
#6675=IFCFACEOUTERBOUND(#6674,.T.);
#6676=IFCFACE((#6675));
#6677=IFCPOLYLOOP((#5636,#5674,#5733));
#6678=IFCFACEOUTERBOUND(#6677,.T.);
#6679=IFCFACE((#6678));
#6680=IFCPOLYLOOP((#5729,#5673,#5577));
#6681=IFCFACEOUTERBOUND(#6680,.T.);
#6682=IFCFACE((#6681));
#6683=IFCPOLYLOOP((#5674,#5575,#5731));
#6684=IFCFACEOUTERBOUND(#6683,.T.);
#6685=IFCFACE((#6684));
#6686=IFCPOLYLOOP((#5733,#5674,#5637));
#6687=IFCFACEOUTERBOUND(#6686,.T.);
#6688=IFCFACE((#6687));
#6689=IFCPOLYLOOP((#5734,#5735,#5680));
#6690=IFCFACEOUTERBOUND(#6689,.T.);
#6691=IFCFACE((#6690));
#6692=IFCPOLYLOOP((#5679,#5648,#5651));
#6693=IFCFACEOUTERBOUND(#6692,.T.);
#6694=IFCFACE((#6693));
#6695=IFCPOLYLOOP((#5654,#5680,#5653));
#6696=IFCFACEOUTERBOUND(#6695,.T.);
#6697=IFCFACE((#6696));
#6698=IFCPOLYLOOP((#5683,#5569,#5739,#5655));
#6699=IFCFACEOUTERBOUND(#6698,.T.);
#6700=IFCFACE((#6699));
#6701=IFCPOLYLOOP((#5682,#5603,#5654));
#6702=IFCFACEOUTERBOUND(#6701,.T.);
#6703=IFCFACE((#6702));
#6704=IFCPOLYLOOP((#5742,#5655,#5684));
#6705=IFCFACEOUTERBOUND(#6704,.T.);
#6706=IFCFACE((#6705));
#6707=IFCPOLYLOOP((#5662,#5684,#5604));
#6708=IFCFACEOUTERBOUND(#6707,.T.);
#6709=IFCFACE((#6708));
#6710=IFCPOLYLOOP((#5684,#5605,#5741));
#6711=IFCFACEOUTERBOUND(#6710,.T.);
#6712=IFCFACE((#6711));
#6713=IFCPOLYLOOP((#5686,#5689,#5688,#5621));
#6714=IFCFACEOUTERBOUND(#6713,.T.);
#6715=IFCFACE((#6714));
#6716=IFCPOLYLOOP((#5620,#5657,#5685));
#6717=IFCFACEOUTERBOUND(#6716,.T.);
#6718=IFCFACE((#6717));
#6719=IFCPOLYLOOP((#5686,#5583,#5657));
#6720=IFCFACEOUTERBOUND(#6719,.T.);
#6721=IFCFACE((#6720));
#6722=IFCPOLYLOOP((#5620,#5689,#5657));
#6723=IFCFACEOUTERBOUND(#6722,.T.);
#6724=IFCFACE((#6723));
#6725=IFCPOLYLOOP((#5688,#5693,#5692,#5586));
#6726=IFCFACEOUTERBOUND(#6725,.T.);
#6727=IFCFACE((#6726));
#6728=IFCPOLYLOOP((#5622,#5659,#5690));
#6729=IFCFACEOUTERBOUND(#6728,.T.);
#6730=IFCFACE((#6729));
#6731=IFCPOLYLOOP((#5691,#5569,#5659));
#6732=IFCFACEOUTERBOUND(#6731,.T.);
#6733=IFCFACE((#6732));
#6734=IFCPOLYLOOP((#5585,#5693,#5658));
#6735=IFCFACEOUTERBOUND(#6734,.T.);
#6736=IFCFACE((#6735));
#6737=IFCPOLYLOOP((#5585,#5660,#5693));
#6738=IFCFACEOUTERBOUND(#6737,.T.);
#6739=IFCFACE((#6738));
#6740=IFCPOLYLOOP((#5622,#5695,#5659));
#6741=IFCFACEOUTERBOUND(#6740,.T.);
#6742=IFCFACE((#6741));
#6743=IFCPOLYLOOP((#5625,#5700,#5661));
#6744=IFCFACEOUTERBOUND(#6743,.T.);
#6745=IFCFACE((#6744));
#6746=IFCPOLYLOOP((#5588,#5661,#5696));
#6747=IFCFACEOUTERBOUND(#6746,.T.);
#6748=IFCFACE((#6747));
#6749=IFCPOLYLOOP((#5699,#5700,#5662));
#6750=IFCFACEOUTERBOUND(#6749,.T.);
#6751=IFCFACE((#6750));
#6752=IFCPOLYLOOP((#5702,#5705,#5627));
#6753=IFCFACEOUTERBOUND(#6752,.T.);
#6754=IFCFACE((#6753));
#6755=IFCPOLYLOOP((#5702,#5571,#5663));
#6756=IFCFACEOUTERBOUND(#6755,.T.);
#6757=IFCFACE((#6756));
#6758=IFCPOLYLOOP((#5704,#5627,#5664));
#6759=IFCFACEOUTERBOUND(#6758,.T.);
#6760=IFCFACE((#6759));
#6761=IFCPOLYLOOP((#5626,#5705,#5663));
#6762=IFCFACEOUTERBOUND(#6761,.T.);
#6763=IFCFACE((#6762));
#6764=IFCPOLYLOOP((#5710,#5665,#5707));
#6765=IFCFACEOUTERBOUND(#6764,.T.);
#6766=IFCFACE((#6765));
#6767=IFCPOLYLOOP((#5710,#5707,#5629));
#6768=IFCFACEOUTERBOUND(#6767,.T.);
#6769=IFCFACE((#6768));
#6770=IFCPOLYLOOP((#5710,#5709,#5628));
#6771=IFCFACEOUTERBOUND(#6770,.T.);
#6772=IFCFACE((#6771));
#6773=IFCPOLYLOOP((#5709,#5710,#5666));
#6774=IFCFACEOUTERBOUND(#6773,.T.);
#6775=IFCFACE((#6774));
#6776=IFCPOLYLOOP((#5715,#5667,#5712));
#6777=IFCFACEOUTERBOUND(#6776,.T.);
#6778=IFCFACE((#6777));
#6779=IFCPOLYLOOP((#5587,#5667,#5711));
#6780=IFCFACEOUTERBOUND(#6779,.T.);
#6781=IFCFACE((#6780));
#6782=IFCPOLYLOOP((#5715,#5712,#5631));
#6783=IFCFACEOUTERBOUND(#6782,.T.);
#6784=IFCFACE((#6783));
#6785=IFCPOLYLOOP((#5714,#5715,#5668));
#6786=IFCFACEOUTERBOUND(#6785,.T.);
#6787=IFCFACE((#6786));
#6788=IFCPOLYLOOP((#5720,#5669,#5717));
#6789=IFCFACEOUTERBOUND(#6788,.T.);
#6790=IFCFACE((#6789));
#6791=IFCPOLYLOOP((#5720,#5717,#5633));
#6792=IFCFACEOUTERBOUND(#6791,.T.);
#6793=IFCFACE((#6792));
#6794=IFCPOLYLOOP((#5720,#5719,#5632));
#6795=IFCFACEOUTERBOUND(#6794,.T.);
#6796=IFCFACE((#6795));
#6797=IFCPOLYLOOP((#5719,#5720,#5670));
#6798=IFCFACEOUTERBOUND(#6797,.T.);
#6799=IFCFACE((#6798));
#6800=IFCPOLYLOOP((#5682,#5724,#5602));
#6801=IFCFACEOUTERBOUND(#6800,.T.);
#6802=IFCFACE((#6801));
#6803=IFCPOLYLOOP((#5722,#5574,#5671));
#6804=IFCFACEOUTERBOUND(#6803,.T.);
#6805=IFCFACE((#6804));
#6806=IFCPOLYLOOP((#5601,#5724,#5654));
#6807=IFCFACEOUTERBOUND(#6806,.T.);
#6808=IFCFACE((#6807));
#6809=IFCPOLYLOOP((#5725,#5724,#5601));
#6810=IFCFACEOUTERBOUND(#6809,.T.);
#6811=IFCFACE((#6810));
#6812=IFCPOLYLOOP((#5725,#5635,#5672));
#6813=IFCFACEOUTERBOUND(#6812,.T.);
#6814=IFCFACE((#6813));
#6815=IFCPOLYLOOP((#5634,#5726,#5671));
#6816=IFCFACEOUTERBOUND(#6815,.T.);
#6817=IFCFACE((#6816));
#6818=IFCPOLYLOOP((#5704,#5729,#5577));
#6819=IFCFACEOUTERBOUND(#6818,.T.);
#6820=IFCFACE((#6819));
#6821=IFCPOLYLOOP((#5728,#5577,#5673));
#6822=IFCFACEOUTERBOUND(#6821,.T.);
#6823=IFCFACE((#6822));
#6824=IFCPOLYLOOP((#5578,#5729,#5664));
#6825=IFCFACEOUTERBOUND(#6824,.T.);
#6826=IFCFACE((#6825));
#6827=IFCPOLYLOOP((#5679,#5731,#5575));
#6828=IFCFACEOUTERBOUND(#6827,.T.);
#6829=IFCFACE((#6828));
#6830=IFCPOLYLOOP((#5576,#5731,#5651));
#6831=IFCFACEOUTERBOUND(#6830,.T.);
#6832=IFCFACE((#6831));
#6833=IFCPOLYLOOP((#5732,#5731,#5576));
#6834=IFCFACEOUTERBOUND(#6833,.T.);
#6835=IFCFACE((#6834));
#6836=IFCPOLYLOOP((#5732,#5637,#5674));
#6837=IFCFACEOUTERBOUND(#6836,.T.);
#6838=IFCFACE((#6837));
#6839=IFCPOLYLOOP((#5636,#5733,#5673));
#6840=IFCFACEOUTERBOUND(#6839,.T.);
#6841=IFCFACE((#6840));
#6842=IFCPOLYLOOP((#5685,#5735,#5734,#5584));
#6843=IFCFACEOUTERBOUND(#6842,.T.);
#6844=IFCFACE((#6843));
#6845=IFCPOLYLOOP((#5583,#5735,#5657));
#6846=IFCFACEOUTERBOUND(#6845,.T.);
#6847=IFCFACE((#6846));
#6848=IFCPOLYLOOP((#5736,#5735,#5583));
#6849=IFCFACEOUTERBOUND(#6848,.T.);
#6850=IFCFACE((#6849));
#6851=IFCPOLYLOOP((#5736,#5653,#5680));
#6852=IFCFACEOUTERBOUND(#6851,.T.);
#6853=IFCFACE((#6852));
#6854=IFCPOLYLOOP((#5737,#5738,#5683));
#6855=IFCFACEOUTERBOUND(#6854,.T.);
#6856=IFCFACE((#6855));
#6857=IFCPOLYLOOP((#5655,#5742,#5683));
#6858=IFCFACEOUTERBOUND(#6857,.T.);
#6859=IFCFACE((#6858));
#6860=IFCPOLYLOOP((#5741,#5742,#5684));
#6861=IFCFACEOUTERBOUND(#6860,.T.);
#6862=IFCFACE((#6861));
#6863=IFCPOLYLOOP((#5743,#5563,#5607,#5594,#5612,#5581,#5619,#5580,#5645,#5600,#5676,#5599,#5718,#5633,#5717,#5570,#5706,#5628,#5709,#5589,#5713,#5631,#5712,#5588,#5696,#5624,#5699,#5604,#5740,#5655,#5739,#5569,#5691,#5623,#5694,#5585,#5687,#5620,#5685,#5584,#5734,#5603,#5682,#5602,#5723,#5634,#5721,#5571,#5702,#5627,#5704,#5577,#5728,#5637,#5732,#5576,#5678,#5593,#5652,#5592,#5596,#5608,#5568,#5744));
#6864=IFCFACEOUTERBOUND(#6863,.T.);
#6865=IFCFACE((#6864));
#6866=IFCPOLYLOOP((#5507,#5506,#5745,#5746));
#6867=IFCFACEOUTERBOUND(#6866,.T.);
#6868=IFCFACE((#6867));
#6869=IFCPOLYLOOP((#5511,#5510,#5747,#5748,#5751,#5753));
#6870=IFCFACEOUTERBOUND(#6869,.T.);
#6871=IFCFACE((#6870));
#6872=IFCPOLYLOOP((#5754,#5756,#5752,#5755));
#6873=IFCFACEOUTERBOUND(#6872,.T.);
#6874=IFCFACE((#6873));
#6875=IFCPOLYLOOP((#5755,#5514,#5757));
#6876=IFCFACEOUTERBOUND(#6875,.T.);
#6877=IFCFACE((#6876));
#6878=IFCPOLYLOOP((#5748,#5749,#5758));
#6879=IFCFACEOUTERBOUND(#6878,.T.);
#6880=IFCFACE((#6879));
#6881=IFCPOLYLOOP((#5754,#5751,#5758));
#6882=IFCFACEOUTERBOUND(#6881,.T.);
#6883=IFCFACE((#6882));
#6884=IFCPOLYLOOP((#5511,#5753,#5757));
#6885=IFCFACEOUTERBOUND(#6884,.T.);
#6886=IFCFACE((#6885));
#6887=IFCPOLYLOOP((#5754,#5753,#5751));
#6888=IFCFACEOUTERBOUND(#6887,.T.);
#6889=IFCFACE((#6888));
#6890=IFCPOLYLOOP((#5756,#5754,#5758));
#6891=IFCFACEOUTERBOUND(#6890,.T.);
#6892=IFCFACE((#6891));
#6893=IFCPOLYLOOP((#5755,#5757,#5754));
#6894=IFCFACEOUTERBOUND(#6893,.T.);
#6895=IFCFACE((#6894));
#6896=IFCPOLYLOOP((#5757,#5753,#5754));
#6897=IFCFACEOUTERBOUND(#6896,.T.);
#6898=IFCFACE((#6897));
#6899=IFCPOLYLOOP((#5755,#5515,#5514));
#6900=IFCFACEOUTERBOUND(#6899,.T.);
#6901=IFCFACE((#6900));
#6902=IFCPOLYLOOP((#5749,#5750,#5756));
#6903=IFCFACEOUTERBOUND(#6902,.T.);
#6904=IFCFACE((#6903));
#6905=IFCPOLYLOOP((#5511,#5757,#5514));
#6906=IFCFACEOUTERBOUND(#6905,.T.);
#6907=IFCFACE((#6906));
#6908=IFCPOLYLOOP((#5748,#5758,#5751));
#6909=IFCFACEOUTERBOUND(#6908,.T.);
#6910=IFCFACE((#6909));
#6911=IFCPOLYLOOP((#5756,#5758,#5749));
#6912=IFCFACEOUTERBOUND(#6911,.T.);
#6913=IFCFACE((#6912));
#6914=IFCPOLYLOOP((#5769,#5774,#5778));
#6915=IFCFACEOUTERBOUND(#6914,.T.);
#6916=IFCFACE((#6915));
#6917=IFCPOLYLOOP((#5790,#5789,#5785));
#6918=IFCFACEOUTERBOUND(#6917,.T.);
#6919=IFCFACE((#6918));
#6920=IFCPOLYLOOP((#5779,#5791,#5772));
#6921=IFCFACEOUTERBOUND(#6920,.T.);
#6922=IFCFACE((#6921));
#6923=IFCPOLYLOOP((#5785,#5764,#5783));
#6924=IFCFACEOUTERBOUND(#6923,.T.);
#6925=IFCFACE((#6924));
#6926=IFCPOLYLOOP((#5765,#5779,#5772));
#6927=IFCFACEOUTERBOUND(#6926,.T.);
#6928=IFCFACE((#6927));
#6929=IFCPOLYLOOP((#5782,#5786,#5779));
#6930=IFCFACEOUTERBOUND(#6929,.T.);
#6931=IFCFACE((#6930));
#6932=IFCPOLYLOOP((#5760,#5776,#5791));
#6933=IFCFACEOUTERBOUND(#6932,.T.);
#6934=IFCFACE((#6933));
#6935=IFCPOLYLOOP((#5775,#5783,#5764));
#6936=IFCFACEOUTERBOUND(#6935,.T.);
#6937=IFCFACE((#6936));
#6938=IFCPOLYLOOP((#5766,#5783,#5771));
#6939=IFCFACEOUTERBOUND(#6938,.T.);
#6940=IFCFACE((#6939));
#6941=IFCPOLYLOOP((#5763,#5789,#5784));
#6942=IFCFACEOUTERBOUND(#6941,.T.);
#6943=IFCFACE((#6942));
#6944=IFCPOLYLOOP((#5782,#5779,#5765));
#6945=IFCFACEOUTERBOUND(#6944,.T.);
#6946=IFCFACE((#6945));
#6947=IFCPOLYLOOP((#5769,#5778,#5787));
#6948=IFCFACEOUTERBOUND(#6947,.T.);
#6949=IFCFACE((#6948));
#6950=IFCPOLYLOOP((#5770,#5771,#5787));
#6951=IFCFACEOUTERBOUND(#6950,.T.);
#6952=IFCFACE((#6951));
#6953=IFCPOLYLOOP((#5771,#5783,#5787));
#6954=IFCFACEOUTERBOUND(#6953,.T.);
#6955=IFCFACE((#6954));
#6956=IFCPOLYLOOP((#5759,#5760,#5791));
#6957=IFCFACEOUTERBOUND(#6956,.T.);
#6958=IFCFACE((#6957));
#6959=IFCPOLYLOOP((#5567,#5566,#5777));
#6960=IFCFACEOUTERBOUND(#6959,.T.);
#6961=IFCFACE((#6960));
#6962=IFCPOLYLOOP((#5770,#5778,#5777));
#6963=IFCFACEOUTERBOUND(#6962,.T.);
#6964=IFCFACE((#6963));
#6965=IFCPOLYLOOP((#5774,#5568,#5567));
#6966=IFCFACEOUTERBOUND(#6965,.T.);
#6967=IFCFACE((#6966));
#6968=IFCPOLYLOOP((#5760,#5761,#5776));
#6969=IFCFACEOUTERBOUND(#6968,.T.);
#6970=IFCFACE((#6969));
#6971=IFCPOLYLOOP((#5779,#5768,#5791));
#6972=IFCFACEOUTERBOUND(#6971,.T.);
#6973=IFCFACE((#6972));
#6974=IFCPOLYLOOP((#5777,#5778,#5567));
#6975=IFCFACEOUTERBOUND(#6974,.T.);
#6976=IFCFACE((#6975));
#6977=IFCPOLYLOOP((#5567,#5778,#5774));
#6978=IFCFACEOUTERBOUND(#6977,.T.);
#6979=IFCFACE((#6978));
#6980=IFCPOLYLOOP((#5768,#5779,#5786));
#6981=IFCFACEOUTERBOUND(#6980,.T.);
#6982=IFCFACE((#6981));
#6983=IFCPOLYLOOP((#5791,#5768,#5773,#5759));
#6984=IFCFACEOUTERBOUND(#6983,.T.);
#6985=IFCFACE((#6984));
#6986=IFCPOLYLOOP((#5765,#5780,#5782));
#6987=IFCFACEOUTERBOUND(#6986,.T.);
#6988=IFCFACE((#6987));
#6989=IFCPOLYLOOP((#5781,#5784,#5789));
#6990=IFCFACEOUTERBOUND(#6989,.T.);
#6991=IFCFACE((#6990));
#6992=IFCPOLYLOOP((#5762,#5784,#5781));
#6993=IFCFACEOUTERBOUND(#6992,.T.);
#6994=IFCFACE((#6993));
#6995=IFCPOLYLOOP((#5784,#5782,#5780));
#6996=IFCFACEOUTERBOUND(#6995,.T.);
#6997=IFCFACE((#6996));
#6998=IFCPOLYLOOP((#5783,#5766,#5785));
#6999=IFCFACEOUTERBOUND(#6998,.T.);
#7000=IFCFACE((#6999));
#7001=IFCPOLYLOOP((#5775,#5769,#5787));
#7002=IFCFACEOUTERBOUND(#7001,.T.);
#7003=IFCFACE((#7002));
#7004=IFCPOLYLOOP((#5782,#5784,#5762));
#7005=IFCFACEOUTERBOUND(#7004,.T.);
#7006=IFCFACE((#7005));
#7007=IFCPOLYLOOP((#5763,#5784,#5780));
#7008=IFCFACEOUTERBOUND(#7007,.T.);
#7009=IFCFACE((#7008));
#7010=IFCPOLYLOOP((#5789,#5790,#5767,#5781));
#7011=IFCFACEOUTERBOUND(#7010,.T.);
#7012=IFCFACE((#7011));
#7013=IFCPOLYLOOP((#5785,#5789,#5788));
#7014=IFCFACEOUTERBOUND(#7013,.T.);
#7015=IFCFACE((#7014));
#7016=IFCPOLYLOOP((#5782,#5762,#5786));
#7017=IFCFACEOUTERBOUND(#7016,.T.);
#7018=IFCFACE((#7017));
#7019=IFCPOLYLOOP((#5787,#5778,#5770));
#7020=IFCFACEOUTERBOUND(#7019,.T.);
#7021=IFCFACE((#7020));
#7022=IFCPOLYLOOP((#5775,#5787,#5783));
#7023=IFCFACEOUTERBOUND(#7022,.T.);
#7024=IFCFACE((#7023));
#7025=IFCPOLYLOOP((#5788,#5789,#5763));
#7026=IFCFACEOUTERBOUND(#7025,.T.);
#7027=IFCFACE((#7026));
#7028=IFCPOLYLOOP((#5788,#5764,#5785));
#7029=IFCFACEOUTERBOUND(#7028,.T.);
#7030=IFCFACE((#7029));
#7031=IFCPOLYLOOP((#5785,#5766,#5790));
#7032=IFCFACEOUTERBOUND(#7031,.T.);
#7033=IFCFACE((#7032));
#7034=IFCPOLYLOOP((#5791,#5776,#5772));
#7035=IFCFACEOUTERBOUND(#7034,.T.);
#7036=IFCFACE((#7035));
#7037=IFCPOLYLOOP((#5744,#5568,#5774,#5769,#5775,#5764,#5788,#5763,#5780,#5765,#5772,#5776,#5761,#5792));
#7038=IFCFACEOUTERBOUND(#7037,.T.);
#7039=IFCFACE((#7038));
#7040=IFCPOLYLOOP((#5746,#5745,#5793,#5794));
#7041=IFCFACEOUTERBOUND(#7040,.T.);
#7042=IFCFACE((#7041));
#7043=IFCPOLYLOOP((#5747,#5795,#5796,#5807,#5806,#5830,#5804,#5817,#5816,#5825,#5802,#5839,#5812,#5834,#5803,#5810,#5809,#5819,#5748));
#7044=IFCFACEOUTERBOUND(#7043,.T.);
#7045=IFCFACE((#7044));
#7046=IFCPOLYLOOP((#5827,#5818,#5805));
#7047=IFCFACEOUTERBOUND(#7046,.T.);
#7048=IFCFACE((#7047));
#7049=IFCPOLYLOOP((#5820,#5836,#5832));
#7050=IFCFACEOUTERBOUND(#7049,.T.);
#7051=IFCFACE((#7050));
#7052=IFCPOLYLOOP((#5819,#5843,#5844));
#7053=IFCFACEOUTERBOUND(#7052,.T.);
#7054=IFCFACE((#7053));
#7055=IFCPOLYLOOP((#5805,#5829,#5827));
#7056=IFCFACEOUTERBOUND(#7055,.T.);
#7057=IFCFACE((#7056));
#7058=IFCPOLYLOOP((#5843,#5819,#5809));
#7059=IFCFACEOUTERBOUND(#7058,.T.);
#7060=IFCFACE((#7059));
#7061=IFCPOLYLOOP((#5821,#5822,#5823));
#7062=IFCFACEOUTERBOUND(#7061,.T.);
#7063=IFCFACE((#7062));
#7064=IFCPOLYLOOP((#5810,#5803,#5832));
#7065=IFCFACEOUTERBOUND(#7064,.T.);
#7066=IFCFACE((#7065));
#7067=IFCPOLYLOOP((#5813,#5814,#5835));
#7068=IFCFACEOUTERBOUND(#7067,.T.);
#7069=IFCFACE((#7068));
#7070=IFCPOLYLOOP((#5824,#5826,#5845));
#7071=IFCFACEOUTERBOUND(#7070,.T.);
#7072=IFCFACE((#7071));
#7073=IFCPOLYLOOP((#5839,#5840,#5837));
#7074=IFCFACEOUTERBOUND(#7073,.T.);
#7075=IFCFACE((#7074));
#7076=IFCPOLYLOOP((#5842,#5829,#5828));
#7077=IFCFACEOUTERBOUND(#7076,.T.);
#7078=IFCFACE((#7077));
#7079=IFCPOLYLOOP((#5831,#5796,#5797));
#7080=IFCFACEOUTERBOUND(#7079,.T.);
#7081=IFCFACE((#7080));
#7082=IFCPOLYLOOP((#5818,#5827,#5831));
#7083=IFCFACEOUTERBOUND(#7082,.T.);
#7084=IFCFACE((#7083));
#7085=IFCPOLYLOOP((#5844,#5843,#5811));
#7086=IFCFACEOUTERBOUND(#7085,.T.);
#7087=IFCFACE((#7086));
#7088=IFCPOLYLOOP((#5813,#5835,#5837));
#7089=IFCFACEOUTERBOUND(#7088,.T.);
#7090=IFCFACE((#7089));
#7091=IFCPOLYLOOP((#5836,#5810,#5832));
#7092=IFCFACEOUTERBOUND(#7091,.T.);
#7093=IFCFACE((#7092));
#7094=IFCPOLYLOOP((#5748,#5819,#5844));
#7095=IFCFACEOUTERBOUND(#7094,.T.);
#7096=IFCFACE((#7095));
#7097=IFCPOLYLOOP((#5750,#5749,#5844));
#7098=IFCFACEOUTERBOUND(#7097,.T.);
#7099=IFCFACE((#7098));
#7100=IFCPOLYLOOP((#5833,#5800,#5832));
#7101=IFCFACEOUTERBOUND(#7100,.T.);
#7102=IFCFACE((#7101));
#7103=IFCPOLYLOOP((#5835,#5833,#5834));
#7104=IFCFACEOUTERBOUND(#7103,.T.);
#7105=IFCFACE((#7104));
#7106=IFCPOLYLOOP((#5801,#5821,#5823));
#7107=IFCFACEOUTERBOUND(#7106,.T.);
#7108=IFCFACE((#7107));
#7109=IFCPOLYLOOP((#5816,#5822,#5824));
#7110=IFCFACEOUTERBOUND(#7109,.T.);
#7111=IFCFACE((#7110));
#7112=IFCPOLYLOOP((#5816,#5817,#5822));
#7113=IFCFACEOUTERBOUND(#7112,.T.);
#7114=IFCFACE((#7113));
#7115=IFCPOLYLOOP((#5798,#5818,#5831));
#7116=IFCFACEOUTERBOUND(#7115,.T.);
#7117=IFCFACE((#7116));
#7118=IFCPOLYLOOP((#5827,#5806,#5807));
#7119=IFCFACEOUTERBOUND(#7118,.T.);
#7120=IFCFACE((#7119));
#7121=IFCPOLYLOOP((#5822,#5815,#5824));
#7122=IFCFACEOUTERBOUND(#7121,.T.);
#7123=IFCFACE((#7122));
#7124=IFCPOLYLOOP((#5836,#5808,#5843));
#7125=IFCFACEOUTERBOUND(#7124,.T.);
#7126=IFCFACE((#7125));
#7127=IFCPOLYLOOP((#5815,#5822,#5821));
#7128=IFCFACEOUTERBOUND(#7127,.T.);
#7129=IFCFACE((#7128));
#7130=IFCPOLYLOOP((#5823,#5822,#5817));
#7131=IFCFACEOUTERBOUND(#7130,.T.);
#7132=IFCFACE((#7131));
#7133=IFCPOLYLOOP((#5817,#5804,#5823));
#7134=IFCFACEOUTERBOUND(#7133,.T.);
#7135=IFCFACE((#7134));
#7136=IFCPOLYLOOP((#5823,#5804,#5842));
#7137=IFCFACEOUTERBOUND(#7136,.T.);
#7138=IFCFACE((#7137));
#7139=IFCPOLYLOOP((#5826,#5799,#5841));
#7140=IFCFACEOUTERBOUND(#7139,.T.);
#7141=IFCFACE((#7140));
#7142=IFCPOLYLOOP((#5824,#5815,#5826));
#7143=IFCFACEOUTERBOUND(#7142,.T.);
#7144=IFCFACE((#7143));
#7145=IFCPOLYLOOP((#5799,#5840,#5841));
#7146=IFCFACEOUTERBOUND(#7145,.T.);
#7147=IFCFACE((#7146));
#7148=IFCPOLYLOOP((#5825,#5816,#5824));
#7149=IFCFACEOUTERBOUND(#7148,.T.);
#7150=IFCFACE((#7149));
#7151=IFCPOLYLOOP((#5827,#5807,#5831));
#7152=IFCFACEOUTERBOUND(#7151,.T.);
#7153=IFCFACE((#7152));
#7154=IFCPOLYLOOP((#5796,#5831,#5807));
#7155=IFCFACEOUTERBOUND(#7154,.T.);
#7156=IFCFACE((#7155));
#7157=IFCPOLYLOOP((#5827,#5829,#5806));
#7158=IFCFACEOUTERBOUND(#7157,.T.);
#7159=IFCFACE((#7158));
#7160=IFCPOLYLOOP((#5805,#5828,#5829));
#7161=IFCFACEOUTERBOUND(#7160,.T.);
#7162=IFCFACE((#7161));
#7163=IFCPOLYLOOP((#5804,#5830,#5842));
#7164=IFCFACEOUTERBOUND(#7163,.T.);
#7165=IFCFACE((#7164));
#7166=IFCPOLYLOOP((#5801,#5842,#5828));
#7167=IFCFACEOUTERBOUND(#7166,.T.);
#7168=IFCFACE((#7167));
#7169=IFCPOLYLOOP((#5830,#5806,#5829));
#7170=IFCFACEOUTERBOUND(#7169,.T.);
#7171=IFCFACE((#7170));
#7172=IFCPOLYLOOP((#5798,#5831,#5797));
#7173=IFCFACEOUTERBOUND(#7172,.T.);
#7174=IFCFACE((#7173));
#7175=IFCPOLYLOOP((#5833,#5832,#5803));
#7176=IFCFACEOUTERBOUND(#7175,.T.);
#7177=IFCFACE((#7176));
#7178=IFCPOLYLOOP((#5820,#5832,#5800));
#7179=IFCFACEOUTERBOUND(#7178,.T.);
#7180=IFCFACE((#7179));
#7181=IFCPOLYLOOP((#5835,#5812,#5837));
#7182=IFCFACEOUTERBOUND(#7181,.T.);
#7183=IFCFACE((#7182));
#7184=IFCPOLYLOOP((#5814,#5800,#5833));
#7185=IFCFACEOUTERBOUND(#7184,.T.);
#7186=IFCFACE((#7185));
#7187=IFCPOLYLOOP((#5833,#5803,#5834));
#7188=IFCFACEOUTERBOUND(#7187,.T.);
#7189=IFCFACE((#7188));
#7190=IFCPOLYLOOP((#5835,#5834,#5812));
#7191=IFCFACEOUTERBOUND(#7190,.T.);
#7192=IFCFACE((#7191));
#7193=IFCPOLYLOOP((#5833,#5835,#5814));
#7194=IFCFACEOUTERBOUND(#7193,.T.);
#7195=IFCFACE((#7194));
#7196=IFCPOLYLOOP((#5808,#5836,#5820));
#7197=IFCFACEOUTERBOUND(#7196,.T.);
#7198=IFCFACE((#7197));
#7199=IFCPOLYLOOP((#5809,#5810,#5836));
#7200=IFCFACEOUTERBOUND(#7199,.T.);
#7201=IFCFACE((#7200));
#7202=IFCPOLYLOOP((#5840,#5839,#5802));
#7203=IFCFACEOUTERBOUND(#7202,.T.);
#7204=IFCFACE((#7203));
#7205=IFCPOLYLOOP((#5837,#5812,#5839));
#7206=IFCFACEOUTERBOUND(#7205,.T.);
#7207=IFCFACE((#7206));
#7208=IFCPOLYLOOP((#5840,#5799,#5838));
#7209=IFCFACEOUTERBOUND(#7208,.T.);
#7210=IFCFACE((#7209));
#7211=IFCPOLYLOOP((#5838,#5813,#5837));
#7212=IFCFACEOUTERBOUND(#7211,.T.);
#7213=IFCFACE((#7212));
#7214=IFCPOLYLOOP((#5840,#5802,#5841));
#7215=IFCFACEOUTERBOUND(#7214,.T.);
#7216=IFCFACE((#7215));
#7217=IFCPOLYLOOP((#5837,#5840,#5838));
#7218=IFCFACEOUTERBOUND(#7217,.T.);
#7219=IFCFACE((#7218));
#7220=IFCPOLYLOOP((#5802,#5825,#5841));
#7221=IFCFACEOUTERBOUND(#7220,.T.);
#7222=IFCFACE((#7221));
#7223=IFCPOLYLOOP((#5841,#5825,#5845));
#7224=IFCFACEOUTERBOUND(#7223,.T.);
#7225=IFCFACE((#7224));
#7226=IFCPOLYLOOP((#5842,#5830,#5829));
#7227=IFCFACEOUTERBOUND(#7226,.T.);
#7228=IFCFACE((#7227));
#7229=IFCPOLYLOOP((#5823,#5842,#5801));
#7230=IFCFACEOUTERBOUND(#7229,.T.);
#7231=IFCFACE((#7230));
#7232=IFCPOLYLOOP((#5836,#5843,#5809));
#7233=IFCFACEOUTERBOUND(#7232,.T.);
#7234=IFCFACE((#7233));
#7235=IFCPOLYLOOP((#5811,#5843,#5808));
#7236=IFCFACEOUTERBOUND(#7235,.T.);
#7237=IFCFACE((#7236));
#7238=IFCPOLYLOOP((#5750,#5844,#5811));
#7239=IFCFACEOUTERBOUND(#7238,.T.);
#7240=IFCFACE((#7239));
#7241=IFCPOLYLOOP((#5748,#5844,#5749));
#7242=IFCFACEOUTERBOUND(#7241,.T.);
#7243=IFCFACE((#7242));
#7244=IFCPOLYLOOP((#5841,#5845,#5826));
#7245=IFCFACEOUTERBOUND(#7244,.T.);
#7246=IFCFACE((#7245));
#7247=IFCPOLYLOOP((#5825,#5824,#5845));
#7248=IFCFACEOUTERBOUND(#7247,.T.);
#7249=IFCFACE((#7248));
#7250=IFCPOLYLOOP((#5877,#5895,#5896));
#7251=IFCFACEOUTERBOUND(#7250,.T.);
#7252=IFCFACE((#7251));
#7253=IFCPOLYLOOP((#5940,#5865,#5974));
#7254=IFCFACEOUTERBOUND(#7253,.T.);
#7255=IFCFACE((#7254));
#7256=IFCPOLYLOOP((#6009,#5984,#5944));
#7257=IFCFACEOUTERBOUND(#7256,.T.);
#7258=IFCFACE((#7257));
#7259=IFCPOLYLOOP((#5960,#5883,#6014));
#7260=IFCFACEOUTERBOUND(#7259,.T.);
#7261=IFCFACE((#7260));
#7262=IFCPOLYLOOP((#5897,#5918,#5926));
#7263=IFCFACEOUTERBOUND(#7262,.T.);
#7264=IFCFACE((#7263));
#7265=IFCPOLYLOOP((#5893,#5862,#5898));
#7266=IFCFACEOUTERBOUND(#7265,.T.);
#7267=IFCFACE((#7266));
#7268=IFCPOLYLOOP((#5946,#5909,#5988,#5870));
#7269=IFCFACEOUTERBOUND(#7268,.T.);
#7270=IFCFACE((#7269));
#7271=IFCPOLYLOOP((#5927,#5930,#5929));
#7272=IFCFACEOUTERBOUND(#7271,.T.);
#7273=IFCFACE((#7272));
#7274=IFCPOLYLOOP((#5890,#5889,#5875,#5891));
#7275=IFCFACEOUTERBOUND(#7274,.T.);
#7276=IFCFACE((#7275));
#7277=IFCPOLYLOOP((#6017,#6022,#6021,#5886));
#7278=IFCFACEOUTERBOUND(#7277,.T.);
#7279=IFCFACE((#7278));
#7280=IFCPOLYLOOP((#6011,#6012,#5954));
#7281=IFCFACEOUTERBOUND(#7280,.T.);
#7282=IFCFACE((#7281));
#7283=IFCPOLYLOOP((#5929,#5930,#5928));
#7284=IFCFACEOUTERBOUND(#7283,.T.);
#7285=IFCFACE((#7284));
#7286=IFCPOLYLOOP((#6013,#6008,#5953));
#7287=IFCFACEOUTERBOUND(#7286,.T.);
#7288=IFCFACE((#7287));
#7289=IFCPOLYLOOP((#5985,#5982,#5943));
#7290=IFCFACEOUTERBOUND(#7289,.T.);
#7291=IFCFACE((#7290));
#7292=IFCPOLYLOOP((#5920,#5860,#5918));
#7293=IFCFACEOUTERBOUND(#7292,.T.);
#7294=IFCFACE((#7293));
#7295=IFCPOLYLOOP((#5950,#6000,#5913));
#7296=IFCFACEOUTERBOUND(#7295,.T.);
#7297=IFCFACE((#7296));
#7298=IFCPOLYLOOP((#5862,#5893,#5891));
#7299=IFCFACEOUTERBOUND(#7298,.T.);
#7300=IFCFACE((#7299));
#7301=IFCPOLYLOOP((#5894,#5846,#5847));
#7302=IFCFACEOUTERBOUND(#7301,.T.);
#7303=IFCFACE((#7302));
#7304=IFCPOLYLOOP((#5760,#5759,#5889));
#7305=IFCFACEOUTERBOUND(#7304,.T.);
#7306=IFCFACE((#7305));
#7307=IFCPOLYLOOP((#5969,#5966,#5937));
#7308=IFCFACEOUTERBOUND(#7307,.T.);
#7309=IFCFACE((#7308));
#7310=IFCPOLYLOOP((#6004,#6005,#5952));
#7311=IFCFACEOUTERBOUND(#7310,.T.);
#7312=IFCFACE((#7311));
#7313=IFCPOLYLOOP((#5973,#5968,#5938));
#7314=IFCFACEOUTERBOUND(#7313,.T.);
#7315=IFCFACE((#7314));
#7316=IFCPOLYLOOP((#5975,#5971,#5939));
#7317=IFCFACEOUTERBOUND(#7316,.T.);
#7318=IFCFACE((#7317));
#7319=IFCPOLYLOOP((#6022,#6017,#5963));
#7320=IFCFACEOUTERBOUND(#7319,.T.);
#7321=IFCFACE((#7320));
#7322=IFCPOLYLOOP((#5948,#5995,#5911));
#7323=IFCFACEOUTERBOUND(#7322,.T.);
#7324=IFCFACE((#7323));
#7325=IFCPOLYLOOP((#5948,#5911,#5993,#5869));
#7326=IFCFACEOUTERBOUND(#7325,.T.);
#7327=IFCFACE((#7326));
#7328=IFCPOLYLOOP((#5946,#5990,#5909));
#7329=IFCFACEOUTERBOUND(#7328,.T.);
#7330=IFCFACE((#7329));
#7331=IFCPOLYLOOP((#5890,#5887,#5760));
#7332=IFCFACEOUTERBOUND(#7331,.T.);
#7333=IFCFACE((#7332));
#7334=IFCPOLYLOOP((#5894,#5895,#5877));
#7335=IFCFACEOUTERBOUND(#7334,.T.);
#7336=IFCFACE((#7335));
#7337=IFCPOLYLOOP((#5896,#5927,#5871));
#7338=IFCFACEOUTERBOUND(#7337,.T.);
#7339=IFCFACE((#7338));
#7340=IFCPOLYLOOP((#5874,#5890,#5893));
#7341=IFCFACEOUTERBOUND(#7340,.T.);
#7342=IFCFACE((#7341));
#7343=IFCPOLYLOOP((#5872,#5927,#5896));
#7344=IFCFACEOUTERBOUND(#7343,.T.);
#7345=IFCFACE((#7344));
#7346=IFCPOLYLOOP((#5847,#5895,#5894));
#7347=IFCFACEOUTERBOUND(#7346,.T.);
#7348=IFCFACE((#7347));
#7349=IFCPOLYLOOP((#5923,#5924,#5880));
#7350=IFCFACEOUTERBOUND(#7349,.T.);
#7351=IFCFACE((#7350));
#7352=IFCPOLYLOOP((#5950,#5913,#5998,#5879));
#7353=IFCFACEOUTERBOUND(#7352,.T.);
#7354=IFCFACE((#7353));
#7355=IFCPOLYLOOP((#5923,#5922,#5921));
#7356=IFCFACEOUTERBOUND(#7355,.T.);
#7357=IFCFACE((#7356));
#7358=IFCPOLYLOOP((#6015,#6016,#5960));
#7359=IFCFACEOUTERBOUND(#7358,.T.);
#7360=IFCFACE((#7359));
#7361=IFCPOLYLOOP((#6006,#6002,#5951));
#7362=IFCFACEOUTERBOUND(#7361,.T.);
#7363=IFCFACE((#7362));
#7364=IFCPOLYLOOP((#6004,#5962,#5934));
#7365=IFCFACEOUTERBOUND(#7364,.T.);
#7366=IFCFACE((#7365));
#7367=IFCPOLYLOOP((#5942,#5980,#5905));
#7368=IFCFACEOUTERBOUND(#7367,.T.);
#7369=IFCFACE((#7368));
#7370=IFCPOLYLOOP((#5942,#5905,#5978,#5885));
#7371=IFCFACEOUTERBOUND(#7370,.T.);
#7372=IFCFACE((#7371));
#7373=IFCPOLYLOOP((#5852,#5970,#6018,#6017));
#7374=IFCFACEOUTERBOUND(#7373,.T.);
#7375=IFCFACE((#7374));
#7376=IFCPOLYLOOP((#5887,#5761,#5760));
#7377=IFCFACEOUTERBOUND(#7376,.T.);
#7378=IFCFACE((#7377));
#7379=IFCPOLYLOOP((#5847,#5848,#5888));
#7380=IFCFACEOUTERBOUND(#7379,.T.);
#7381=IFCFACE((#7380));
#7382=IFCPOLYLOOP((#5889,#5890,#5760));
#7383=IFCFACEOUTERBOUND(#7382,.T.);
#7384=IFCFACE((#7383));
#7385=IFCPOLYLOOP((#5874,#5887,#5890));
#7386=IFCFACEOUTERBOUND(#7385,.T.);
#7387=IFCFACE((#7386));
#7388=IFCPOLYLOOP((#5893,#5861,#5892,#5874));
#7389=IFCFACEOUTERBOUND(#7388,.T.);
#7390=IFCFACE((#7389));
#7391=IFCPOLYLOOP((#5893,#5890,#5891));
#7392=IFCFACEOUTERBOUND(#7391,.T.);
#7393=IFCFACE((#7392));
#7394=IFCPOLYLOOP((#6015,#5965,#5937));
#7395=IFCFACEOUTERBOUND(#7394,.T.);
#7396=IFCFACE((#7395));
#7397=IFCPOLYLOOP((#5895,#5847,#5888));
#7398=IFCFACEOUTERBOUND(#7397,.T.);
#7399=IFCFACE((#7398));
#7400=IFCPOLYLOOP((#5888,#5876,#5895));
#7401=IFCFACEOUTERBOUND(#7400,.T.);
#7402=IFCFACE((#7401));
#7403=IFCPOLYLOOP((#5896,#5895,#5876));
#7404=IFCFACEOUTERBOUND(#7403,.T.);
#7405=IFCFACE((#7404));
#7406=IFCPOLYLOOP((#5872,#5896,#5876));
#7407=IFCFACEOUTERBOUND(#7406,.T.);
#7408=IFCFACE((#7407));
#7409=IFCPOLYLOOP((#5896,#5871,#5936,#5877));
#7410=IFCFACEOUTERBOUND(#7409,.T.);
#7411=IFCFACE((#7410));
#7412=IFCPOLYLOOP((#5893,#5898,#5861));
#7413=IFCFACEOUTERBOUND(#7412,.T.);
#7414=IFCFACE((#7413));
#7415=IFCPOLYLOOP((#5898,#5862,#5919));
#7416=IFCFACEOUTERBOUND(#7415,.T.);
#7417=IFCFACE((#7416));
#7418=IFCPOLYLOOP((#5918,#5859,#5920));
#7419=IFCFACEOUTERBOUND(#7418,.T.);
#7420=IFCFACE((#7419));
#7421=IFCPOLYLOOP((#5918,#5860,#5899));
#7422=IFCFACEOUTERBOUND(#7421,.T.);
#7423=IFCFACE((#7422));
#7424=IFCPOLYLOOP((#5898,#5926,#5861));
#7425=IFCFACEOUTERBOUND(#7424,.T.);
#7426=IFCFACE((#7425));
#7427=IFCPOLYLOOP((#5938,#5900,#5967,#5865));
#7428=IFCFACEOUTERBOUND(#7427,.T.);
#7429=IFCFACE((#7428));
#7430=IFCPOLYLOOP((#6018,#5970,#5939));
#7431=IFCFACEOUTERBOUND(#7430,.T.);
#7432=IFCFACE((#7431));
#7433=IFCPOLYLOOP((#5940,#5902,#5972));
#7434=IFCFACEOUTERBOUND(#7433,.T.);
#7435=IFCFACE((#7434));
#7436=IFCPOLYLOOP((#5976,#5980,#5979,#5904));
#7437=IFCFACEOUTERBOUND(#7436,.T.);
#7438=IFCFACE((#7437));
#7439=IFCPOLYLOOP((#5980,#5976,#5941));
#7440=IFCFACEOUTERBOUND(#7439,.T.);
#7441=IFCFACE((#7440));
#7442=IFCPOLYLOOP((#5943,#5854,#5981,#5906));
#7443=IFCFACEOUTERBOUND(#7442,.T.);
#7444=IFCFACE((#7443));
#7445=IFCPOLYLOOP((#5944,#5906,#5983,#5858));
#7446=IFCFACEOUTERBOUND(#7445,.T.);
#7447=IFCFACE((#7446));
#7448=IFCPOLYLOOP((#5908,#5945,#5990));
#7449=IFCFACEOUTERBOUND(#7448,.T.);
#7450=IFCFACE((#7449));
#7451=IFCPOLYLOOP((#5945,#5908,#5986,#5850));
#7452=IFCFACEOUTERBOUND(#7451,.T.);
#7453=IFCFACE((#7452));
#7454=IFCPOLYLOOP((#5991,#5995,#5994,#5910));
#7455=IFCFACEOUTERBOUND(#7454,.T.);
#7456=IFCFACE((#7455));
#7457=IFCPOLYLOOP((#5995,#5991,#5947));
#7458=IFCFACEOUTERBOUND(#7457,.T.);
#7459=IFCFACE((#7458));
#7460=IFCPOLYLOOP((#5912,#5949,#6000));
#7461=IFCFACEOUTERBOUND(#7460,.T.);
#7462=IFCFACE((#7461));
#7463=IFCPOLYLOOP((#5949,#5912,#5996,#5853));
#7464=IFCFACEOUTERBOUND(#7463,.T.);
#7465=IFCFACE((#7464));
#7466=IFCPOLYLOOP((#5951,#5851,#6001,#5914));
#7467=IFCFACEOUTERBOUND(#7466,.T.);
#7468=IFCFACE((#7467));
#7469=IFCPOLYLOOP((#5952,#5914,#6003,#5882));
#7470=IFCFACEOUTERBOUND(#7469,.T.);
#7471=IFCFACE((#7470));
#7472=IFCPOLYLOOP((#5953,#5858,#6007,#5916));
#7473=IFCFACEOUTERBOUND(#7472,.T.);
#7474=IFCFACE((#7473));
#7475=IFCPOLYLOOP((#5954,#5916,#6010,#5855));
#7476=IFCFACEOUTERBOUND(#7475,.T.);
#7477=IFCFACE((#7476));
#7478=IFCPOLYLOOP((#5926,#5918,#5899));
#7479=IFCFACEOUTERBOUND(#7478,.T.);
#7480=IFCFACE((#7479));
#7481=IFCPOLYLOOP((#5918,#5897,#5955,#5859));
#7482=IFCFACEOUTERBOUND(#7481,.T.);
#7483=IFCFACE((#7482));
#7484=IFCPOLYLOOP((#5924,#5879,#5956,#5880));
#7485=IFCFACEOUTERBOUND(#7484,.T.);
#7486=IFCFACE((#7485));
#7487=IFCPOLYLOOP((#5926,#5919,#5897));
#7488=IFCFACEOUTERBOUND(#7487,.T.);
#7489=IFCFACE((#7488));
#7490=IFCPOLYLOOP((#5923,#5925,#5920));
#7491=IFCFACEOUTERBOUND(#7490,.T.);
#7492=IFCFACE((#7491));
#7493=IFCPOLYLOOP((#5920,#5922,#5923));
#7494=IFCFACEOUTERBOUND(#7493,.T.);
#7495=IFCFACE((#7494));
#7496=IFCPOLYLOOP((#5920,#5859,#5922));
#7497=IFCFACEOUTERBOUND(#7496,.T.);
#7498=IFCFACE((#7497));
#7499=IFCPOLYLOOP((#5923,#5921,#5924));
#7500=IFCFACEOUTERBOUND(#7499,.T.);
#7501=IFCFACE((#7500));
#7502=IFCPOLYLOOP((#5861,#5926,#5899));
#7503=IFCFACEOUTERBOUND(#7502,.T.);
#7504=IFCFACE((#7503));
#7505=IFCPOLYLOOP((#5924,#5921,#5957,#5878));
#7506=IFCFACEOUTERBOUND(#7505,.T.);
#7507=IFCFACE((#7506));
#7508=IFCPOLYLOOP((#5950,#5924,#5878));
#7509=IFCFACEOUTERBOUND(#7508,.T.);
#7510=IFCFACE((#7509));
#7511=IFCPOLYLOOP((#5925,#5923,#5880));
#7512=IFCFACEOUTERBOUND(#7511,.T.);
#7513=IFCFACE((#7512));
#7514=IFCPOLYLOOP((#5925,#5860,#5920));
#7515=IFCFACEOUTERBOUND(#7514,.T.);
#7516=IFCFACE((#7515));
#7517=IFCPOLYLOOP((#5919,#5926,#5898));
#7518=IFCFACEOUTERBOUND(#7517,.T.);
#7519=IFCFACE((#7518));
#7520=IFCPOLYLOOP((#5930,#5932,#5873));
#7521=IFCFACEOUTERBOUND(#7520,.T.);
#7522=IFCFACE((#7521));
#7523=IFCPOLYLOOP((#5873,#5931,#5930));
#7524=IFCFACEOUTERBOUND(#7523,.T.);
#7525=IFCFACE((#7524));
#7526=IFCPOLYLOOP((#5930,#5931,#5928));
#7527=IFCFACEOUTERBOUND(#7526,.T.);
#7528=IFCFACE((#7527));
#7529=IFCPOLYLOOP((#5932,#5930,#5927));
#7530=IFCFACEOUTERBOUND(#7529,.T.);
#7531=IFCFACE((#7530));
#7532=IFCPOLYLOOP((#5929,#5871,#5927));
#7533=IFCFACEOUTERBOUND(#7532,.T.);
#7534=IFCFACE((#7533));
#7535=IFCPOLYLOOP((#5931,#5873,#5958,#5856));
#7536=IFCFACEOUTERBOUND(#7535,.T.);
#7537=IFCFACE((#7536));
#7538=IFCPOLYLOOP((#6008,#6013,#5917));
#7539=IFCFACEOUTERBOUND(#7538,.T.);
#7540=IFCFACE((#7539));
#7541=IFCPOLYLOOP((#6011,#5959,#5931));
#7542=IFCFACEOUTERBOUND(#7541,.T.);
#7543=IFCFACE((#7542));
#7544=IFCPOLYLOOP((#5927,#5872,#5932));
#7545=IFCFACEOUTERBOUND(#7544,.T.);
#7546=IFCFACE((#7545));
#7547=IFCPOLYLOOP((#6002,#6006,#5915));
#7548=IFCFACEOUTERBOUND(#7547,.T.);
#7549=IFCFACE((#7548));
#7550=IFCPOLYLOOP((#5934,#5933,#5961,#5881));
#7551=IFCFACEOUTERBOUND(#7550,.T.);
#7552=IFCFACE((#7551));
#7553=IFCPOLYLOOP((#5960,#5934,#5883));
#7554=IFCFACEOUTERBOUND(#7553,.T.);
#7555=IFCFACE((#7554));
#7556=IFCPOLYLOOP((#5900,#5938,#5969));
#7557=IFCFACEOUTERBOUND(#7556,.T.);
#7558=IFCFACE((#7557));
#7559=IFCPOLYLOOP((#5964,#5935,#6020,#5884));
#7560=IFCFACEOUTERBOUND(#7559,.T.);
#7561=IFCFACE((#7560));
#7562=IFCPOLYLOOP((#5849,#6018,#5939));
#7563=IFCFACEOUTERBOUND(#7562,.T.);
#7564=IFCFACE((#7563));
#7565=IFCPOLYLOOP((#5971,#5975,#5974,#5903));
#7566=IFCFACEOUTERBOUND(#7565,.T.);
#7567=IFCFACE((#7566));
#7568=IFCPOLYLOOP((#5938,#5968,#5969));
#7569=IFCFACEOUTERBOUND(#7568,.T.);
#7570=IFCFACE((#7569));
#7571=IFCPOLYLOOP((#5902,#5940,#5975));
#7572=IFCFACEOUTERBOUND(#7571,.T.);
#7573=IFCFACE((#7572));
#7574=IFCPOLYLOOP((#6018,#5849,#5963));
#7575=IFCFACEOUTERBOUND(#7574,.T.);
#7576=IFCFACE((#7575));
#7577=IFCPOLYLOOP((#5972,#5973,#5940));
#7578=IFCFACEOUTERBOUND(#7577,.T.);
#7579=IFCFACE((#7578));
#7580=IFCPOLYLOOP((#5940,#5974,#5975));
#7581=IFCFACEOUTERBOUND(#7580,.T.);
#7582=IFCFACE((#7581));
#7583=IFCPOLYLOOP((#5947,#5941,#5868));
#7584=IFCFACEOUTERBOUND(#7583,.T.);
#7585=IFCFACE((#7584));
#7586=IFCPOLYLOOP((#5941,#5867,#5977,#5905));
#7587=IFCFACEOUTERBOUND(#7586,.T.);
#7588=IFCFACE((#7587));
#7589=IFCPOLYLOOP((#5964,#5942,#5885));
#7590=IFCFACEOUTERBOUND(#7589,.T.);
#7591=IFCFACE((#7590));
#7592=IFCPOLYLOOP((#5942,#5884,#5979));
#7593=IFCFACEOUTERBOUND(#7592,.T.);
#7594=IFCFACE((#7593));
#7595=IFCPOLYLOOP((#5906,#5944,#5985));
#7596=IFCFACEOUTERBOUND(#7595,.T.);
#7597=IFCFACE((#7596));
#7598=IFCPOLYLOOP((#5951,#5943,#5851));
#7599=IFCFACEOUTERBOUND(#7598,.T.);
#7600=IFCFACE((#7599));
#7601=IFCPOLYLOOP((#5858,#5953,#6009));
#7602=IFCFACEOUTERBOUND(#7601,.T.);
#7603=IFCFACE((#7602));
#7604=IFCPOLYLOOP((#5985,#5944,#5907));
#7605=IFCFACEOUTERBOUND(#7604,.T.);
#7606=IFCFACE((#7605));
#7607=IFCPOLYLOOP((#5949,#5945,#5850));
#7608=IFCFACEOUTERBOUND(#7607,.T.);
#7609=IFCFACE((#7608));
#7610=IFCPOLYLOOP((#5945,#5853,#5987));
#7611=IFCFACEOUTERBOUND(#7610,.T.);
#7612=IFCFACE((#7611));
#7613=IFCPOLYLOOP((#5948,#5946,#5870));
#7614=IFCFACEOUTERBOUND(#7613,.T.);
#7615=IFCFACE((#7614));
#7616=IFCPOLYLOOP((#5946,#5869,#5989));
#7617=IFCFACEOUTERBOUND(#7616,.T.);
#7618=IFCFACE((#7617));
#7619=IFCPOLYLOOP((#5941,#5947,#5867));
#7620=IFCFACEOUTERBOUND(#7619,.T.);
#7621=IFCFACE((#7620));
#7622=IFCPOLYLOOP((#5947,#5868,#5992));
#7623=IFCFACEOUTERBOUND(#7622,.T.);
#7624=IFCFACE((#7623));
#7625=IFCPOLYLOOP((#5946,#5948,#5869));
#7626=IFCFACEOUTERBOUND(#7625,.T.);
#7627=IFCFACE((#7626));
#7628=IFCPOLYLOOP((#5948,#5870,#5994));
#7629=IFCFACEOUTERBOUND(#7628,.T.);
#7630=IFCFACE((#7629));
#7631=IFCPOLYLOOP((#5945,#5949,#5853));
#7632=IFCFACEOUTERBOUND(#7631,.T.);
#7633=IFCFACE((#7632));
#7634=IFCPOLYLOOP((#5949,#5850,#5997));
#7635=IFCFACEOUTERBOUND(#7634,.T.);
#7636=IFCFACE((#7635));
#7637=IFCPOLYLOOP((#5924,#5950,#5879));
#7638=IFCFACEOUTERBOUND(#7637,.T.);
#7639=IFCFACE((#7638));
#7640=IFCPOLYLOOP((#5950,#5878,#5999));
#7641=IFCFACEOUTERBOUND(#7640,.T.);
#7642=IFCFACE((#7641));
#7643=IFCPOLYLOOP((#5914,#5952,#6006));
#7644=IFCFACEOUTERBOUND(#7643,.T.);
#7645=IFCFACE((#7644));
#7646=IFCPOLYLOOP((#5943,#5951,#5854));
#7647=IFCFACEOUTERBOUND(#7646,.T.);
#7648=IFCFACE((#7647));
#7649=IFCPOLYLOOP((#5952,#5882,#6004));
#7650=IFCFACEOUTERBOUND(#7649,.T.);
#7651=IFCFACE((#7650));
#7652=IFCPOLYLOOP((#6006,#5952,#5915));
#7653=IFCFACEOUTERBOUND(#7652,.T.);
#7654=IFCFACE((#7653));
#7655=IFCPOLYLOOP((#5916,#5954,#6013));
#7656=IFCFACEOUTERBOUND(#7655,.T.);
#7657=IFCFACE((#7656));
#7658=IFCPOLYLOOP((#6009,#5953,#5857));
#7659=IFCFACEOUTERBOUND(#7658,.T.);
#7660=IFCFACE((#7659));
#7661=IFCPOLYLOOP((#5954,#5855,#6011));
#7662=IFCFACEOUTERBOUND(#7661,.T.);
#7663=IFCFACE((#7662));
#7664=IFCPOLYLOOP((#6013,#5954,#5917));
#7665=IFCFACEOUTERBOUND(#7664,.T.);
#7666=IFCFACE((#7665));
#7667=IFCPOLYLOOP((#6014,#6015,#5960));
#7668=IFCFACEOUTERBOUND(#7667,.T.);
#7669=IFCFACE((#7668));
#7670=IFCPOLYLOOP((#5959,#5928,#5931));
#7671=IFCFACEOUTERBOUND(#7670,.T.);
#7672=IFCFACE((#7671));
#7673=IFCPOLYLOOP((#5934,#5960,#5933));
#7674=IFCFACEOUTERBOUND(#7673,.T.);
#7675=IFCFACE((#7674));
#7676=IFCPOLYLOOP((#5963,#5849,#6019,#5935));
#7677=IFCFACEOUTERBOUND(#7676,.T.);
#7678=IFCFACE((#7677));
#7679=IFCPOLYLOOP((#5962,#5883,#5934));
#7680=IFCFACEOUTERBOUND(#7679,.T.);
#7681=IFCFACE((#7680));
#7682=IFCPOLYLOOP((#6022,#5935,#5964));
#7683=IFCFACEOUTERBOUND(#7682,.T.);
#7684=IFCFACE((#7683));
#7685=IFCPOLYLOOP((#5942,#5964,#5884));
#7686=IFCFACEOUTERBOUND(#7685,.T.);
#7687=IFCFACE((#7686));
#7688=IFCPOLYLOOP((#5964,#5885,#6021));
#7689=IFCFACEOUTERBOUND(#7688,.T.);
#7690=IFCFACE((#7689));
#7691=IFCPOLYLOOP((#5966,#5969,#5968,#5901));
#7692=IFCFACEOUTERBOUND(#7691,.T.);
#7693=IFCFACE((#7692));
#7694=IFCPOLYLOOP((#5900,#5937,#5965));
#7695=IFCFACEOUTERBOUND(#7694,.T.);
#7696=IFCFACE((#7695));
#7697=IFCPOLYLOOP((#5966,#5863,#5937));
#7698=IFCFACEOUTERBOUND(#7697,.T.);
#7699=IFCFACE((#7698));
#7700=IFCPOLYLOOP((#5900,#5969,#5937));
#7701=IFCFACEOUTERBOUND(#7700,.T.);
#7702=IFCFACE((#7701));
#7703=IFCPOLYLOOP((#5968,#5973,#5972,#5866));
#7704=IFCFACEOUTERBOUND(#7703,.T.);
#7705=IFCFACE((#7704));
#7706=IFCPOLYLOOP((#5902,#5939,#5970));
#7707=IFCFACEOUTERBOUND(#7706,.T.);
#7708=IFCFACE((#7707));
#7709=IFCPOLYLOOP((#5971,#5849,#5939));
#7710=IFCFACEOUTERBOUND(#7709,.T.);
#7711=IFCFACE((#7710));
#7712=IFCPOLYLOOP((#5865,#5973,#5938));
#7713=IFCFACEOUTERBOUND(#7712,.T.);
#7714=IFCFACE((#7713));
#7715=IFCPOLYLOOP((#5865,#5940,#5973));
#7716=IFCFACEOUTERBOUND(#7715,.T.);
#7717=IFCFACE((#7716));
#7718=IFCPOLYLOOP((#5902,#5975,#5939));
#7719=IFCFACEOUTERBOUND(#7718,.T.);
#7720=IFCFACE((#7719));
#7721=IFCPOLYLOOP((#5905,#5980,#5941));
#7722=IFCFACEOUTERBOUND(#7721,.T.);
#7723=IFCFACE((#7722));
#7724=IFCPOLYLOOP((#5868,#5941,#5976));
#7725=IFCFACEOUTERBOUND(#7724,.T.);
#7726=IFCFACE((#7725));
#7727=IFCPOLYLOOP((#5979,#5980,#5942));
#7728=IFCFACEOUTERBOUND(#7727,.T.);
#7729=IFCFACE((#7728));
#7730=IFCPOLYLOOP((#5982,#5985,#5907));
#7731=IFCFACEOUTERBOUND(#7730,.T.);
#7732=IFCFACE((#7731));
#7733=IFCPOLYLOOP((#5982,#5851,#5943));
#7734=IFCFACEOUTERBOUND(#7733,.T.);
#7735=IFCFACE((#7734));
#7736=IFCPOLYLOOP((#5984,#5907,#5944));
#7737=IFCFACEOUTERBOUND(#7736,.T.);
#7738=IFCFACE((#7737));
#7739=IFCPOLYLOOP((#5906,#5985,#5943));
#7740=IFCFACEOUTERBOUND(#7739,.T.);
#7741=IFCFACE((#7740));
#7742=IFCPOLYLOOP((#5990,#5945,#5987));
#7743=IFCFACEOUTERBOUND(#7742,.T.);
#7744=IFCFACE((#7743));
#7745=IFCPOLYLOOP((#5990,#5987,#5909));
#7746=IFCFACEOUTERBOUND(#7745,.T.);
#7747=IFCFACE((#7746));
#7748=IFCPOLYLOOP((#5990,#5989,#5908));
#7749=IFCFACEOUTERBOUND(#7748,.T.);
#7750=IFCFACE((#7749));
#7751=IFCPOLYLOOP((#5989,#5990,#5946));
#7752=IFCFACEOUTERBOUND(#7751,.T.);
#7753=IFCFACE((#7752));
#7754=IFCPOLYLOOP((#5995,#5947,#5992));
#7755=IFCFACEOUTERBOUND(#7754,.T.);
#7756=IFCFACE((#7755));
#7757=IFCPOLYLOOP((#5867,#5947,#5991));
#7758=IFCFACEOUTERBOUND(#7757,.T.);
#7759=IFCFACE((#7758));
#7760=IFCPOLYLOOP((#5995,#5992,#5911));
#7761=IFCFACEOUTERBOUND(#7760,.T.);
#7762=IFCFACE((#7761));
#7763=IFCPOLYLOOP((#5994,#5995,#5948));
#7764=IFCFACEOUTERBOUND(#7763,.T.);
#7765=IFCFACE((#7764));
#7766=IFCPOLYLOOP((#6000,#5949,#5997));
#7767=IFCFACEOUTERBOUND(#7766,.T.);
#7768=IFCFACE((#7767));
#7769=IFCPOLYLOOP((#6000,#5997,#5913));
#7770=IFCFACEOUTERBOUND(#7769,.T.);
#7771=IFCFACE((#7770));
#7772=IFCPOLYLOOP((#6000,#5999,#5912));
#7773=IFCFACEOUTERBOUND(#7772,.T.);
#7774=IFCFACE((#7773));
#7775=IFCPOLYLOOP((#5999,#6000,#5950));
#7776=IFCFACEOUTERBOUND(#7775,.T.);
#7777=IFCFACE((#7776));
#7778=IFCPOLYLOOP((#5962,#6004,#5882));
#7779=IFCFACEOUTERBOUND(#7778,.T.);
#7780=IFCFACE((#7779));
#7781=IFCPOLYLOOP((#6002,#5854,#5951));
#7782=IFCFACEOUTERBOUND(#7781,.T.);
#7783=IFCFACE((#7782));
#7784=IFCPOLYLOOP((#5881,#6004,#5934));
#7785=IFCFACEOUTERBOUND(#7784,.T.);
#7786=IFCFACE((#7785));
#7787=IFCPOLYLOOP((#6005,#6004,#5881));
#7788=IFCFACEOUTERBOUND(#7787,.T.);
#7789=IFCFACE((#7788));
#7790=IFCPOLYLOOP((#6005,#5915,#5952));
#7791=IFCFACEOUTERBOUND(#7790,.T.);
#7792=IFCFACE((#7791));
#7793=IFCPOLYLOOP((#5914,#6006,#5951));
#7794=IFCFACEOUTERBOUND(#7793,.T.);
#7795=IFCFACE((#7794));
#7796=IFCPOLYLOOP((#5984,#6009,#5857));
#7797=IFCFACEOUTERBOUND(#7796,.T.);
#7798=IFCFACE((#7797));
#7799=IFCPOLYLOOP((#6008,#5857,#5953));
#7800=IFCFACEOUTERBOUND(#7799,.T.);
#7801=IFCFACE((#7800));
#7802=IFCPOLYLOOP((#5858,#6009,#5944));
#7803=IFCFACEOUTERBOUND(#7802,.T.);
#7804=IFCFACE((#7803));
#7805=IFCPOLYLOOP((#5959,#6011,#5855));
#7806=IFCFACEOUTERBOUND(#7805,.T.);
#7807=IFCFACE((#7806));
#7808=IFCPOLYLOOP((#5856,#6011,#5931));
#7809=IFCFACEOUTERBOUND(#7808,.T.);
#7810=IFCFACE((#7809));
#7811=IFCPOLYLOOP((#6012,#6011,#5856));
#7812=IFCFACEOUTERBOUND(#7811,.T.);
#7813=IFCFACE((#7812));
#7814=IFCPOLYLOOP((#6012,#5917,#5954));
#7815=IFCFACEOUTERBOUND(#7814,.T.);
#7816=IFCFACE((#7815));
#7817=IFCPOLYLOOP((#5916,#6013,#5953));
#7818=IFCFACEOUTERBOUND(#7817,.T.);
#7819=IFCFACE((#7818));
#7820=IFCPOLYLOOP((#5965,#6015,#6014,#5864));
#7821=IFCFACEOUTERBOUND(#7820,.T.);
#7822=IFCFACE((#7821));
#7823=IFCPOLYLOOP((#5863,#6015,#5937));
#7824=IFCFACEOUTERBOUND(#7823,.T.);
#7825=IFCFACE((#7824));
#7826=IFCPOLYLOOP((#6016,#6015,#5863));
#7827=IFCFACEOUTERBOUND(#7826,.T.);
#7828=IFCFACE((#7827));
#7829=IFCPOLYLOOP((#6016,#5933,#5960));
#7830=IFCFACEOUTERBOUND(#7829,.T.);
#7831=IFCFACE((#7830));
#7832=IFCPOLYLOOP((#6017,#6018,#5963));
#7833=IFCFACEOUTERBOUND(#7832,.T.);
#7834=IFCFACE((#7833));
#7835=IFCPOLYLOOP((#5935,#6022,#5963));
#7836=IFCFACEOUTERBOUND(#7835,.T.);
#7837=IFCFACE((#7836));
#7838=IFCPOLYLOOP((#6021,#6022,#5964));
#7839=IFCFACEOUTERBOUND(#7838,.T.);
#7840=IFCFACE((#7839));
#7841=IFCPOLYLOOP((#5792,#5761,#5887,#5874,#5892,#5861,#5899,#5860,#5925,#5880,#5956,#5879,#5998,#5913,#5997,#5850,#5986,#5908,#5989,#5869,#5993,#5911,#5992,#5868,#5976,#5904,#5979,#5884,#6020,#5935,#6019,#5849,#5971,#5903,#5974,#5865,#5967,#5900,#5965,#5864,#6014,#5883,#5962,#5882,#6003,#5914,#6001,#5851,#5982,#5907,#5984,#5857,#6008,#5917,#6012,#5856,#5958,#5873,#5932,#5872,#5876,#5888,#5848,#6023));
#7842=IFCFACEOUTERBOUND(#7841,.T.);
#7843=IFCFACE((#7842));
#7844=IFCPOLYLOOP((#6023,#5793,#5792));
#7845=IFCFACEOUTERBOUND(#7844,.T.);
#7846=IFCFACE((#7845));
#7847=IFCPOLYLOOP((#5793,#6023,#5505));
#7848=IFCFACEOUTERBOUND(#7847,.T.);
#7849=IFCFACE((#7848));
#7850=IFCPOLYLOOP((#5743,#5505,#6023));
#7851=IFCFACEOUTERBOUND(#7850,.T.);
#7852=IFCFACE((#7851));
#7853=IFCPOLYLOOP((#5505,#5743,#5744));
#7854=IFCFACEOUTERBOUND(#7853,.T.);
#7855=IFCFACE((#7854));
#7856=IFCPOLYLOOP((#5506,#5744,#5792));
#7857=IFCFACEOUTERBOUND(#7856,.T.);
#7858=IFCFACE((#7857));
#7859=IFCPOLYLOOP((#5744,#5506,#5505));
#7860=IFCFACEOUTERBOUND(#7859,.T.);
#7861=IFCFACE((#7860));
#7862=IFCPOLYLOOP((#5745,#5792,#5793));
#7863=IFCFACEOUTERBOUND(#7862,.T.);
#7864=IFCFACE((#7863));
#7865=IFCPOLYLOOP((#5792,#5745,#5506));
#7866=IFCFACEOUTERBOUND(#7865,.T.);
#7867=IFCFACE((#7866));
#7868=IFCPOLYLOOP((#5794,#5793,#5505,#5504));
#7869=IFCFACEOUTERBOUND(#7868,.T.);
#7870=IFCFACE((#7869));
#7871=IFCPOLYLOOP((#5794,#5795,#5746));
#7872=IFCFACEOUTERBOUND(#7871,.T.);
#7873=IFCFACE((#7872));
#7874=IFCPOLYLOOP((#5795,#5794,#5509));
#7875=IFCFACEOUTERBOUND(#7874,.T.);
#7876=IFCFACE((#7875));
#7877=IFCPOLYLOOP((#5504,#5509,#5794));
#7878=IFCFACEOUTERBOUND(#7877,.T.);
#7879=IFCFACE((#7878));
#7880=IFCPOLYLOOP((#5509,#5504,#5507));
#7881=IFCFACEOUTERBOUND(#7880,.T.);
#7882=IFCFACE((#7881));
#7883=IFCPOLYLOOP((#5510,#5507,#5746));
#7884=IFCFACEOUTERBOUND(#7883,.T.);
#7885=IFCFACE((#7884));
#7886=IFCPOLYLOOP((#5507,#5510,#5509));
#7887=IFCFACEOUTERBOUND(#7886,.T.);
#7888=IFCFACE((#7887));
#7889=IFCPOLYLOOP((#5747,#5746,#5795));
#7890=IFCFACEOUTERBOUND(#7889,.T.);
#7891=IFCFACE((#7890));
#7892=IFCPOLYLOOP((#5746,#5747,#5510));
#7893=IFCFACEOUTERBOUND(#7892,.T.);
#7894=IFCFACE((#7893));
#7895=IFCPOLYLOOP((#5795,#5509,#5508,#6024,#6026,#5796));
#7896=IFCFACEOUTERBOUND(#7895,.T.);
#7897=IFCFACE((#7896));
#7898=IFCPOLYLOOP((#6027,#6029,#6025,#6028));
#7899=IFCFACEOUTERBOUND(#7898,.T.);
#7900=IFCFACE((#7899));
#7901=IFCPOLYLOOP((#6028,#5797,#6030));
#7902=IFCFACEOUTERBOUND(#7901,.T.);
#7903=IFCFACE((#7902));
#7904=IFCPOLYLOOP((#5508,#5513,#6031));
#7905=IFCFACEOUTERBOUND(#7904,.T.);
#7906=IFCFACE((#7905));
#7907=IFCPOLYLOOP((#6027,#6024,#6031));
#7908=IFCFACEOUTERBOUND(#7907,.T.);
#7909=IFCFACE((#7908));
#7910=IFCPOLYLOOP((#5796,#6026,#6030));
#7911=IFCFACEOUTERBOUND(#7910,.T.);
#7912=IFCFACE((#7911));
#7913=IFCPOLYLOOP((#6027,#6026,#6024));
#7914=IFCFACEOUTERBOUND(#7913,.T.);
#7915=IFCFACE((#7914));
#7916=IFCPOLYLOOP((#6029,#6027,#6031));
#7917=IFCFACEOUTERBOUND(#7916,.T.);
#7918=IFCFACE((#7917));
#7919=IFCPOLYLOOP((#6028,#6030,#6027));
#7920=IFCFACEOUTERBOUND(#7919,.T.);
#7921=IFCFACE((#7920));
#7922=IFCPOLYLOOP((#6030,#6026,#6027));
#7923=IFCFACEOUTERBOUND(#7922,.T.);
#7924=IFCFACE((#7923));
#7925=IFCPOLYLOOP((#6028,#5798,#5797));
#7926=IFCFACEOUTERBOUND(#7925,.T.);
#7927=IFCFACE((#7926));
#7928=IFCPOLYLOOP((#5513,#5512,#6029));
#7929=IFCFACEOUTERBOUND(#7928,.T.);
#7930=IFCFACE((#7929));
#7931=IFCPOLYLOOP((#5796,#6030,#5797));
#7932=IFCFACEOUTERBOUND(#7931,.T.);
#7933=IFCFACE((#7932));
#7934=IFCPOLYLOOP((#5508,#6031,#6024));
#7935=IFCFACEOUTERBOUND(#7934,.T.);
#7936=IFCFACE((#7935));
#7937=IFCPOLYLOOP((#6029,#6031,#5513));
#7938=IFCFACEOUTERBOUND(#7937,.T.);
#7939=IFCFACE((#7938));
#7940=IFCPOLYLOOP((#5750,#5846,#5894));
#7941=IFCFACEOUTERBOUND(#7940,.T.);
#7942=IFCFACE((#7941));
#7943=IFCPOLYLOOP((#5759,#5515,#5755));
#7944=IFCFACEOUTERBOUND(#7943,.T.);
#7945=IFCFACE((#7944));
#7946=IFCPOLYLOOP((#5846,#5798,#6028));
#7947=IFCFACEOUTERBOUND(#7946,.T.);
#7948=IFCFACE((#7947));
#7949=IFCPOLYLOOP((#5846,#5750,#5811));
#7950=IFCFACEOUTERBOUND(#7949,.T.);
#7951=IFCFACE((#7950));
#7952=IFCPOLYLOOP((#5515,#5566,#5614));
#7953=IFCFACEOUTERBOUND(#7952,.T.);
#7954=IFCFACE((#7953));
#7955=IFCPOLYLOOP((#5515,#5759,#5773));
#7956=IFCFACEOUTERBOUND(#7955,.T.);
#7957=IFCFACE((#7956));
#7958=IFCPOLYLOOP((#5512,#5565,#6043));
#7959=IFCFACEOUTERBOUND(#7958,.T.);
#7960=IFCFACE((#7959));
#7961=IFCPOLYLOOP((#5565,#5512,#5528));
#7962=IFCFACEOUTERBOUND(#7961,.T.);
#7963=IFCFACE((#7962));
#7964=IFCPOLYLOOP((#5750,#5894,#5877));
#7965=IFCFACEOUTERBOUND(#7964,.T.);
#7966=IFCFACE((#7965));
#7967=IFCPOLYLOOP((#5750,#5877,#5936));
#7968=IFCFACEOUTERBOUND(#7967,.T.);
#7969=IFCFACE((#7968));
#7970=IFCPOLYLOOP((#5750,#5936,#5871));
#7971=IFCFACEOUTERBOUND(#7970,.T.);
#7972=IFCFACE((#7971));
#7973=IFCPOLYLOOP((#5750,#5871,#5929));
#7974=IFCFACEOUTERBOUND(#7973,.T.);
#7975=IFCFACE((#7974));
#7976=IFCPOLYLOOP((#5750,#5929,#5928));
#7977=IFCFACEOUTERBOUND(#7976,.T.);
#7978=IFCFACE((#7977));
#7979=IFCPOLYLOOP((#5750,#5928,#5959));
#7980=IFCFACEOUTERBOUND(#7979,.T.);
#7981=IFCFACE((#7980));
#7982=IFCPOLYLOOP((#5750,#5959,#5855));
#7983=IFCFACEOUTERBOUND(#7982,.T.);
#7984=IFCFACE((#7983));
#7985=IFCPOLYLOOP((#5750,#5855,#6010));
#7986=IFCFACEOUTERBOUND(#7985,.T.);
#7987=IFCFACE((#7986));
#7988=IFCPOLYLOOP((#5750,#6010,#5916));
#7989=IFCFACEOUTERBOUND(#7988,.T.);
#7990=IFCFACE((#7989));
#7991=IFCPOLYLOOP((#5750,#5916,#6007));
#7992=IFCFACEOUTERBOUND(#7991,.T.);
#7993=IFCFACE((#7992));
#7994=IFCPOLYLOOP((#5750,#6007,#5858));
#7995=IFCFACEOUTERBOUND(#7994,.T.);
#7996=IFCFACE((#7995));
#7997=IFCPOLYLOOP((#5750,#5858,#5983));
#7998=IFCFACEOUTERBOUND(#7997,.T.);
#7999=IFCFACE((#7998));
#8000=IFCPOLYLOOP((#5750,#5983,#5906));
#8001=IFCFACEOUTERBOUND(#8000,.T.);
#8002=IFCFACE((#8001));
#8003=IFCPOLYLOOP((#5750,#5906,#5981));
#8004=IFCFACEOUTERBOUND(#8003,.T.);
#8005=IFCFACE((#8004));
#8006=IFCPOLYLOOP((#5750,#5981,#5854));
#8007=IFCFACEOUTERBOUND(#8006,.T.);
#8008=IFCFACE((#8007));
#8009=IFCPOLYLOOP((#5750,#5854,#6002));
#8010=IFCFACEOUTERBOUND(#8009,.T.);
#8011=IFCFACE((#8010));
#8012=IFCPOLYLOOP((#5750,#6002,#5915));
#8013=IFCFACEOUTERBOUND(#8012,.T.);
#8014=IFCFACE((#8013));
#8015=IFCPOLYLOOP((#5750,#5915,#6005));
#8016=IFCFACEOUTERBOUND(#8015,.T.);
#8017=IFCFACE((#8016));
#8018=IFCPOLYLOOP((#5750,#6005,#5881));
#8019=IFCFACEOUTERBOUND(#8018,.T.);
#8020=IFCFACE((#8019));
#8021=IFCPOLYLOOP((#5750,#5881,#5961));
#8022=IFCFACEOUTERBOUND(#8021,.T.);
#8023=IFCFACE((#8022));
#8024=IFCPOLYLOOP((#5750,#5961,#5933));
#8025=IFCFACEOUTERBOUND(#8024,.T.);
#8026=IFCFACE((#8025));
#8027=IFCPOLYLOOP((#5750,#5933,#6016));
#8028=IFCFACEOUTERBOUND(#8027,.T.);
#8029=IFCFACE((#8028));
#8030=IFCPOLYLOOP((#5750,#6016,#5863));
#8031=IFCFACEOUTERBOUND(#8030,.T.);
#8032=IFCFACE((#8031));
#8033=IFCPOLYLOOP((#5750,#5863,#5966));
#8034=IFCFACEOUTERBOUND(#8033,.T.);
#8035=IFCFACE((#8034));
#8036=IFCPOLYLOOP((#5750,#5966,#5901));
#8037=IFCFACEOUTERBOUND(#8036,.T.);
#8038=IFCFACE((#8037));
#8039=IFCPOLYLOOP((#5750,#5901,#5968));
#8040=IFCFACEOUTERBOUND(#8039,.T.);
#8041=IFCFACE((#8040));
#8042=IFCPOLYLOOP((#5750,#5968,#5866));
#8043=IFCFACEOUTERBOUND(#8042,.T.);
#8044=IFCFACE((#8043));
#8045=IFCPOLYLOOP((#5750,#5866,#5972));
#8046=IFCFACEOUTERBOUND(#8045,.T.);
#8047=IFCFACE((#8046));
#8048=IFCPOLYLOOP((#5750,#5972,#5902));
#8049=IFCFACEOUTERBOUND(#8048,.T.);
#8050=IFCFACE((#8049));
#8051=IFCPOLYLOOP((#5750,#5902,#5970));
#8052=IFCFACEOUTERBOUND(#8051,.T.);
#8053=IFCFACE((#8052));
#8054=IFCPOLYLOOP((#5750,#5970,#5852));
#8055=IFCFACEOUTERBOUND(#8054,.T.);
#8056=IFCFACE((#8055));
#8057=IFCPOLYLOOP((#5750,#5852,#6017));
#8058=IFCFACEOUTERBOUND(#8057,.T.);
#8059=IFCFACE((#8058));
#8060=IFCPOLYLOOP((#5750,#6017,#5886));
#8061=IFCFACEOUTERBOUND(#8060,.T.);
#8062=IFCFACE((#8061));
#8063=IFCPOLYLOOP((#5750,#5886,#6021));
#8064=IFCFACEOUTERBOUND(#8063,.T.);
#8065=IFCFACE((#8064));
#8066=IFCPOLYLOOP((#5750,#6021,#5885));
#8067=IFCFACEOUTERBOUND(#8066,.T.);
#8068=IFCFACE((#8067));
#8069=IFCPOLYLOOP((#5750,#5885,#5978));
#8070=IFCFACEOUTERBOUND(#8069,.T.);
#8071=IFCFACE((#8070));
#8072=IFCPOLYLOOP((#5750,#5978,#5905));
#8073=IFCFACEOUTERBOUND(#8072,.T.);
#8074=IFCFACE((#8073));
#8075=IFCPOLYLOOP((#5750,#5905,#5977));
#8076=IFCFACEOUTERBOUND(#8075,.T.);
#8077=IFCFACE((#8076));
#8078=IFCPOLYLOOP((#5750,#5977,#5867));
#8079=IFCFACEOUTERBOUND(#8078,.T.);
#8080=IFCFACE((#8079));
#8081=IFCPOLYLOOP((#5750,#5867,#5991));
#8082=IFCFACEOUTERBOUND(#8081,.T.);
#8083=IFCFACE((#8082));
#8084=IFCPOLYLOOP((#5750,#5991,#5910));
#8085=IFCFACEOUTERBOUND(#8084,.T.);
#8086=IFCFACE((#8085));
#8087=IFCPOLYLOOP((#5750,#5910,#5994));
#8088=IFCFACEOUTERBOUND(#8087,.T.);
#8089=IFCFACE((#8088));
#8090=IFCPOLYLOOP((#5750,#5994,#5870));
#8091=IFCFACEOUTERBOUND(#8090,.T.);
#8092=IFCFACE((#8091));
#8093=IFCPOLYLOOP((#5750,#5870,#5988));
#8094=IFCFACEOUTERBOUND(#8093,.T.);
#8095=IFCFACE((#8094));
#8096=IFCPOLYLOOP((#5750,#5988,#5909));
#8097=IFCFACEOUTERBOUND(#8096,.T.);
#8098=IFCFACE((#8097));
#8099=IFCPOLYLOOP((#5750,#5909,#5987));
#8100=IFCFACEOUTERBOUND(#8099,.T.);
#8101=IFCFACE((#8100));
#8102=IFCPOLYLOOP((#5750,#5987,#5853));
#8103=IFCFACEOUTERBOUND(#8102,.T.);
#8104=IFCFACE((#8103));
#8105=IFCPOLYLOOP((#5750,#5853,#5996));
#8106=IFCFACEOUTERBOUND(#8105,.T.);
#8107=IFCFACE((#8106));
#8108=IFCPOLYLOOP((#5750,#5996,#5912));
#8109=IFCFACEOUTERBOUND(#8108,.T.);
#8110=IFCFACE((#8109));
#8111=IFCPOLYLOOP((#5750,#5912,#5999));
#8112=IFCFACEOUTERBOUND(#8111,.T.);
#8113=IFCFACE((#8112));
#8114=IFCPOLYLOOP((#5750,#5999,#5878));
#8115=IFCFACEOUTERBOUND(#8114,.T.);
#8116=IFCFACE((#8115));
#8117=IFCPOLYLOOP((#5750,#5878,#5957));
#8118=IFCFACEOUTERBOUND(#8117,.T.);
#8119=IFCFACE((#8118));
#8120=IFCPOLYLOOP((#5750,#5957,#5921));
#8121=IFCFACEOUTERBOUND(#8120,.T.);
#8122=IFCFACE((#8121));
#8123=IFCPOLYLOOP((#5750,#5921,#5922));
#8124=IFCFACEOUTERBOUND(#8123,.T.);
#8125=IFCFACE((#8124));
#8126=IFCPOLYLOOP((#5750,#5922,#5859));
#8127=IFCFACEOUTERBOUND(#8126,.T.);
#8128=IFCFACE((#8127));
#8129=IFCPOLYLOOP((#5750,#5859,#5955));
#8130=IFCFACEOUTERBOUND(#8129,.T.);
#8131=IFCFACE((#8130));
#8132=IFCPOLYLOOP((#5750,#5955,#5897));
#8133=IFCFACEOUTERBOUND(#8132,.T.);
#8134=IFCFACE((#8133));
#8135=IFCPOLYLOOP((#5750,#5897,#5919));
#8136=IFCFACEOUTERBOUND(#8135,.T.);
#8137=IFCFACE((#8136));
#8138=IFCPOLYLOOP((#5750,#5919,#5862));
#8139=IFCFACEOUTERBOUND(#8138,.T.);
#8140=IFCFACE((#8139));
#8141=IFCPOLYLOOP((#5750,#5862,#5891));
#8142=IFCFACEOUTERBOUND(#8141,.T.);
#8143=IFCFACE((#8142));
#8144=IFCPOLYLOOP((#5750,#5891,#5875));
#8145=IFCFACEOUTERBOUND(#8144,.T.);
#8146=IFCFACE((#8145));
#8147=IFCPOLYLOOP((#5750,#5875,#5889));
#8148=IFCFACEOUTERBOUND(#8147,.T.);
#8149=IFCFACE((#8148));
#8150=IFCPOLYLOOP((#5750,#5889,#5759));
#8151=IFCFACEOUTERBOUND(#8150,.T.);
#8152=IFCFACE((#8151));
#8153=IFCPOLYLOOP((#5759,#5755,#5752));
#8154=IFCFACEOUTERBOUND(#8153,.T.);
#8155=IFCFACE((#8154));
#8156=IFCPOLYLOOP((#5759,#5752,#5756));
#8157=IFCFACEOUTERBOUND(#8156,.T.);
#8158=IFCFACE((#8157));
#8159=IFCPOLYLOOP((#5759,#5756,#5750));
#8160=IFCFACEOUTERBOUND(#8159,.T.);
#8161=IFCFACE((#8160));
#8162=IFCPOLYLOOP((#5846,#6028,#6025));
#8163=IFCFACEOUTERBOUND(#8162,.T.);
#8164=IFCFACE((#8163));
#8165=IFCPOLYLOOP((#5846,#6025,#6029));
#8166=IFCFACEOUTERBOUND(#8165,.T.);
#8167=IFCFACE((#8166));
#8168=IFCPOLYLOOP((#5846,#6029,#5512));
#8169=IFCFACEOUTERBOUND(#8168,.T.);
#8170=IFCFACE((#8169));
#8171=IFCPOLYLOOP((#5846,#5811,#5808));
#8172=IFCFACEOUTERBOUND(#8171,.T.);
#8173=IFCFACE((#8172));
#8174=IFCPOLYLOOP((#5846,#5808,#5820));
#8175=IFCFACEOUTERBOUND(#8174,.T.);
#8176=IFCFACE((#8175));
#8177=IFCPOLYLOOP((#5846,#5820,#5800));
#8178=IFCFACEOUTERBOUND(#8177,.T.);
#8179=IFCFACE((#8178));
#8180=IFCPOLYLOOP((#5846,#5800,#5814));
#8181=IFCFACEOUTERBOUND(#8180,.T.);
#8182=IFCFACE((#8181));
#8183=IFCPOLYLOOP((#5846,#5814,#5813));
#8184=IFCFACEOUTERBOUND(#8183,.T.);
#8185=IFCFACE((#8184));
#8186=IFCPOLYLOOP((#5846,#5813,#5838));
#8187=IFCFACEOUTERBOUND(#8186,.T.);
#8188=IFCFACE((#8187));
#8189=IFCPOLYLOOP((#5846,#5838,#5799));
#8190=IFCFACEOUTERBOUND(#8189,.T.);
#8191=IFCFACE((#8190));
#8192=IFCPOLYLOOP((#5846,#5799,#5826));
#8193=IFCFACEOUTERBOUND(#8192,.T.);
#8194=IFCFACE((#8193));
#8195=IFCPOLYLOOP((#5846,#5826,#5815));
#8196=IFCFACEOUTERBOUND(#8195,.T.);
#8197=IFCFACE((#8196));
#8198=IFCPOLYLOOP((#5846,#5815,#5821));
#8199=IFCFACEOUTERBOUND(#8198,.T.);
#8200=IFCFACE((#8199));
#8201=IFCPOLYLOOP((#5846,#5821,#5801));
#8202=IFCFACEOUTERBOUND(#8201,.T.);
#8203=IFCFACE((#8202));
#8204=IFCPOLYLOOP((#5846,#5801,#5828));
#8205=IFCFACEOUTERBOUND(#8204,.T.);
#8206=IFCFACE((#8205));
#8207=IFCPOLYLOOP((#5846,#5828,#5805));
#8208=IFCFACEOUTERBOUND(#8207,.T.);
#8209=IFCFACE((#8208));
#8210=IFCPOLYLOOP((#5846,#5805,#5818));
#8211=IFCFACEOUTERBOUND(#8210,.T.);
#8212=IFCFACE((#8211));
#8213=IFCPOLYLOOP((#5846,#5818,#5798));
#8214=IFCFACEOUTERBOUND(#8213,.T.);
#8215=IFCFACE((#8214));
#8216=IFCPOLYLOOP((#5515,#5614,#5597));
#8217=IFCFACEOUTERBOUND(#8216,.T.);
#8218=IFCFACE((#8217));
#8219=IFCPOLYLOOP((#5515,#5597,#5656));
#8220=IFCFACEOUTERBOUND(#8219,.T.);
#8221=IFCFACE((#8220));
#8222=IFCPOLYLOOP((#5515,#5656,#5591));
#8223=IFCFACEOUTERBOUND(#8222,.T.);
#8224=IFCFACE((#8223));
#8225=IFCPOLYLOOP((#5515,#5591,#5649));
#8226=IFCFACEOUTERBOUND(#8225,.T.);
#8227=IFCFACE((#8226));
#8228=IFCPOLYLOOP((#5515,#5649,#5648));
#8229=IFCFACEOUTERBOUND(#8228,.T.);
#8230=IFCFACE((#8229));
#8231=IFCPOLYLOOP((#5515,#5648,#5679));
#8232=IFCFACEOUTERBOUND(#8231,.T.);
#8233=IFCFACE((#8232));
#8234=IFCPOLYLOOP((#5515,#5679,#5575));
#8235=IFCFACEOUTERBOUND(#8234,.T.);
#8236=IFCFACE((#8235));
#8237=IFCPOLYLOOP((#5515,#5575,#5730));
#8238=IFCFACEOUTERBOUND(#8237,.T.);
#8239=IFCFACE((#8238));
#8240=IFCPOLYLOOP((#5515,#5730,#5636));
#8241=IFCFACEOUTERBOUND(#8240,.T.);
#8242=IFCFACE((#8241));
#8243=IFCPOLYLOOP((#5515,#5636,#5727));
#8244=IFCFACEOUTERBOUND(#8243,.T.);
#8245=IFCFACE((#8244));
#8246=IFCPOLYLOOP((#5515,#5727,#5578));
#8247=IFCFACEOUTERBOUND(#8246,.T.);
#8248=IFCFACE((#8247));
#8249=IFCPOLYLOOP((#5515,#5578,#5703));
#8250=IFCFACEOUTERBOUND(#8249,.T.);
#8251=IFCFACE((#8250));
#8252=IFCPOLYLOOP((#5515,#5703,#5626));
#8253=IFCFACEOUTERBOUND(#8252,.T.);
#8254=IFCFACE((#8253));
#8255=IFCPOLYLOOP((#5515,#5626,#5701));
#8256=IFCFACEOUTERBOUND(#8255,.T.);
#8257=IFCFACE((#8256));
#8258=IFCPOLYLOOP((#5515,#5701,#5574));
#8259=IFCFACEOUTERBOUND(#8258,.T.);
#8260=IFCFACE((#8259));
#8261=IFCPOLYLOOP((#5515,#5574,#5722));
#8262=IFCFACEOUTERBOUND(#8261,.T.);
#8263=IFCFACE((#8262));
#8264=IFCPOLYLOOP((#5515,#5722,#5635));
#8265=IFCFACEOUTERBOUND(#8264,.T.);
#8266=IFCFACE((#8265));
#8267=IFCPOLYLOOP((#5515,#5635,#5725));
#8268=IFCFACEOUTERBOUND(#8267,.T.);
#8269=IFCFACE((#8268));
#8270=IFCPOLYLOOP((#5515,#5725,#5601));
#8271=IFCFACEOUTERBOUND(#8270,.T.);
#8272=IFCFACE((#8271));
#8273=IFCPOLYLOOP((#5515,#5601,#5681));
#8274=IFCFACEOUTERBOUND(#8273,.T.);
#8275=IFCFACE((#8274));
#8276=IFCPOLYLOOP((#5515,#5681,#5653));
#8277=IFCFACEOUTERBOUND(#8276,.T.);
#8278=IFCFACE((#8277));
#8279=IFCPOLYLOOP((#5515,#5653,#5736));
#8280=IFCFACEOUTERBOUND(#8279,.T.);
#8281=IFCFACE((#8280));
#8282=IFCPOLYLOOP((#5515,#5736,#5583));
#8283=IFCFACEOUTERBOUND(#8282,.T.);
#8284=IFCFACE((#8283));
#8285=IFCPOLYLOOP((#5515,#5583,#5686));
#8286=IFCFACEOUTERBOUND(#8285,.T.);
#8287=IFCFACE((#8286));
#8288=IFCPOLYLOOP((#5515,#5686,#5621));
#8289=IFCFACEOUTERBOUND(#8288,.T.);
#8290=IFCFACE((#8289));
#8291=IFCPOLYLOOP((#5515,#5621,#5688));
#8292=IFCFACEOUTERBOUND(#8291,.T.);
#8293=IFCFACE((#8292));
#8294=IFCPOLYLOOP((#5515,#5688,#5586));
#8295=IFCFACEOUTERBOUND(#8294,.T.);
#8296=IFCFACE((#8295));
#8297=IFCPOLYLOOP((#5515,#5586,#5692));
#8298=IFCFACEOUTERBOUND(#8297,.T.);
#8299=IFCFACE((#8298));
#8300=IFCPOLYLOOP((#5515,#5692,#5622));
#8301=IFCFACEOUTERBOUND(#8300,.T.);
#8302=IFCFACE((#8301));
#8303=IFCPOLYLOOP((#5515,#5622,#5690));
#8304=IFCFACEOUTERBOUND(#8303,.T.);
#8305=IFCFACE((#8304));
#8306=IFCPOLYLOOP((#5515,#5690,#5572));
#8307=IFCFACEOUTERBOUND(#8306,.T.);
#8308=IFCFACE((#8307));
#8309=IFCPOLYLOOP((#5515,#5572,#5737));
#8310=IFCFACEOUTERBOUND(#8309,.T.);
#8311=IFCFACE((#8310));
#8312=IFCPOLYLOOP((#5515,#5737,#5606));
#8313=IFCFACEOUTERBOUND(#8312,.T.);
#8314=IFCFACE((#8313));
#8315=IFCPOLYLOOP((#5515,#5606,#5741));
#8316=IFCFACEOUTERBOUND(#8315,.T.);
#8317=IFCFACE((#8316));
#8318=IFCPOLYLOOP((#5515,#5741,#5605));
#8319=IFCFACEOUTERBOUND(#8318,.T.);
#8320=IFCFACE((#8319));
#8321=IFCPOLYLOOP((#5515,#5605,#5698));
#8322=IFCFACEOUTERBOUND(#8321,.T.);
#8323=IFCFACE((#8322));
#8324=IFCPOLYLOOP((#5515,#5698,#5625));
#8325=IFCFACEOUTERBOUND(#8324,.T.);
#8326=IFCFACE((#8325));
#8327=IFCPOLYLOOP((#5515,#5625,#5697));
#8328=IFCFACEOUTERBOUND(#8327,.T.);
#8329=IFCFACE((#8328));
#8330=IFCPOLYLOOP((#5515,#5697,#5587));
#8331=IFCFACEOUTERBOUND(#8330,.T.);
#8332=IFCFACE((#8331));
#8333=IFCPOLYLOOP((#5515,#5587,#5711));
#8334=IFCFACEOUTERBOUND(#8333,.T.);
#8335=IFCFACE((#8334));
#8336=IFCPOLYLOOP((#5515,#5711,#5630));
#8337=IFCFACEOUTERBOUND(#8336,.T.);
#8338=IFCFACE((#8337));
#8339=IFCPOLYLOOP((#5515,#5630,#5714));
#8340=IFCFACEOUTERBOUND(#8339,.T.);
#8341=IFCFACE((#8340));
#8342=IFCPOLYLOOP((#5515,#5714,#5590));
#8343=IFCFACEOUTERBOUND(#8342,.T.);
#8344=IFCFACE((#8343));
#8345=IFCPOLYLOOP((#5515,#5590,#5708));
#8346=IFCFACEOUTERBOUND(#8345,.T.);
#8347=IFCFACE((#8346));
#8348=IFCPOLYLOOP((#5515,#5708,#5629));
#8349=IFCFACEOUTERBOUND(#8348,.T.);
#8350=IFCFACE((#8349));
#8351=IFCPOLYLOOP((#5515,#5629,#5707));
#8352=IFCFACEOUTERBOUND(#8351,.T.);
#8353=IFCFACE((#8352));
#8354=IFCPOLYLOOP((#5515,#5707,#5573));
#8355=IFCFACEOUTERBOUND(#8354,.T.);
#8356=IFCFACE((#8355));
#8357=IFCPOLYLOOP((#5515,#5573,#5716));
#8358=IFCFACEOUTERBOUND(#8357,.T.);
#8359=IFCFACE((#8358));
#8360=IFCPOLYLOOP((#5515,#5716,#5632));
#8361=IFCFACEOUTERBOUND(#8360,.T.);
#8362=IFCFACE((#8361));
#8363=IFCPOLYLOOP((#5515,#5632,#5719));
#8364=IFCFACEOUTERBOUND(#8363,.T.);
#8365=IFCFACE((#8364));
#8366=IFCPOLYLOOP((#5515,#5719,#5598));
#8367=IFCFACEOUTERBOUND(#8366,.T.);
#8368=IFCFACE((#8367));
#8369=IFCPOLYLOOP((#5515,#5598,#5677));
#8370=IFCFACEOUTERBOUND(#8369,.T.);
#8371=IFCFACE((#8370));
#8372=IFCPOLYLOOP((#5515,#5677,#5641));
#8373=IFCFACEOUTERBOUND(#8372,.T.);
#8374=IFCFACE((#8373));
#8375=IFCPOLYLOOP((#5515,#5641,#5642));
#8376=IFCFACEOUTERBOUND(#8375,.T.);
#8377=IFCFACE((#8376));
#8378=IFCPOLYLOOP((#5515,#5642,#5579));
#8379=IFCFACEOUTERBOUND(#8378,.T.);
#8380=IFCFACE((#8379));
#8381=IFCPOLYLOOP((#5515,#5579,#5675));
#8382=IFCFACEOUTERBOUND(#8381,.T.);
#8383=IFCFACE((#8382));
#8384=IFCPOLYLOOP((#5515,#5675,#5617));
#8385=IFCFACEOUTERBOUND(#8384,.T.);
#8386=IFCFACE((#8385));
#8387=IFCPOLYLOOP((#5515,#5617,#5639));
#8388=IFCFACEOUTERBOUND(#8387,.T.);
#8389=IFCFACE((#8388));
#8390=IFCPOLYLOOP((#5515,#5639,#5582));
#8391=IFCFACEOUTERBOUND(#8390,.T.);
#8392=IFCFACE((#8391));
#8393=IFCPOLYLOOP((#5515,#5582,#5611));
#8394=IFCFACEOUTERBOUND(#8393,.T.);
#8395=IFCFACE((#8394));
#8396=IFCPOLYLOOP((#5515,#5611,#5595));
#8397=IFCFACEOUTERBOUND(#8396,.T.);
#8398=IFCFACE((#8397));
#8399=IFCPOLYLOOP((#5515,#5595,#5609));
#8400=IFCFACEOUTERBOUND(#8399,.T.);
#8401=IFCFACE((#8400));
#8402=IFCPOLYLOOP((#5515,#5609,#5565));
#8403=IFCFACEOUTERBOUND(#8402,.T.);
#8404=IFCFACE((#8403));
#8405=IFCPOLYLOOP((#5515,#5773,#5768));
#8406=IFCFACEOUTERBOUND(#8405,.T.);
#8407=IFCFACE((#8406));
#8408=IFCPOLYLOOP((#5515,#5768,#5786));
#8409=IFCFACEOUTERBOUND(#8408,.T.);
#8410=IFCFACE((#8409));
#8411=IFCPOLYLOOP((#5515,#5786,#5762));
#8412=IFCFACEOUTERBOUND(#8411,.T.);
#8413=IFCFACE((#8412));
#8414=IFCPOLYLOOP((#5515,#5762,#5781));
#8415=IFCFACEOUTERBOUND(#8414,.T.);
#8416=IFCFACE((#8415));
#8417=IFCPOLYLOOP((#5515,#5781,#5767));
#8418=IFCFACEOUTERBOUND(#8417,.T.);
#8419=IFCFACE((#8418));
#8420=IFCPOLYLOOP((#5515,#5767,#5790));
#8421=IFCFACEOUTERBOUND(#8420,.T.);
#8422=IFCFACE((#8421));
#8423=IFCPOLYLOOP((#5515,#5790,#5766));
#8424=IFCFACEOUTERBOUND(#8423,.T.);
#8425=IFCFACE((#8424));
#8426=IFCPOLYLOOP((#5515,#5766,#5771));
#8427=IFCFACEOUTERBOUND(#8426,.T.);
#8428=IFCFACE((#8427));
#8429=IFCPOLYLOOP((#5515,#5771,#5770));
#8430=IFCFACEOUTERBOUND(#8429,.T.);
#8431=IFCFACE((#8430));
#8432=IFCPOLYLOOP((#5515,#5770,#5777));
#8433=IFCFACEOUTERBOUND(#8432,.T.);
#8434=IFCFACE((#8433));
#8435=IFCPOLYLOOP((#5515,#5777,#5566));
#8436=IFCFACEOUTERBOUND(#8435,.T.);
#8437=IFCFACE((#8436));
#8438=IFCPOLYLOOP((#5512,#6043,#6038));
#8439=IFCFACEOUTERBOUND(#8438,.T.);
#8440=IFCFACE((#8439));
#8441=IFCPOLYLOOP((#5512,#6038,#6056));
#8442=IFCFACEOUTERBOUND(#8441,.T.);
#8443=IFCFACE((#8442));
#8444=IFCPOLYLOOP((#5512,#6056,#6032));
#8445=IFCFACEOUTERBOUND(#8444,.T.);
#8446=IFCFACE((#8445));
#8447=IFCPOLYLOOP((#5512,#6032,#6051));
#8448=IFCFACEOUTERBOUND(#8447,.T.);
#8449=IFCFACE((#8448));
#8450=IFCPOLYLOOP((#5512,#6051,#6037));
#8451=IFCFACEOUTERBOUND(#8450,.T.);
#8452=IFCFACE((#8451));
#8453=IFCPOLYLOOP((#5512,#6037,#6060));
#8454=IFCFACEOUTERBOUND(#8453,.T.);
#8455=IFCFACE((#8454));
#8456=IFCPOLYLOOP((#5512,#6060,#6036));
#8457=IFCFACEOUTERBOUND(#8456,.T.);
#8458=IFCFACE((#8457));
#8459=IFCPOLYLOOP((#5512,#6036,#6041));
#8460=IFCFACEOUTERBOUND(#8459,.T.);
#8461=IFCFACE((#8460));
#8462=IFCPOLYLOOP((#5512,#6041,#6040));
#8463=IFCFACEOUTERBOUND(#8462,.T.);
#8464=IFCFACE((#8463));
#8465=IFCPOLYLOOP((#5512,#6040,#6047));
#8466=IFCFACEOUTERBOUND(#8465,.T.);
#8467=IFCFACE((#8466));
#8468=IFCPOLYLOOP((#5512,#6047,#5846));
#8469=IFCFACEOUTERBOUND(#8468,.T.);
#8470=IFCFACE((#8469));
#8471=IFCPOLYLOOP((#5565,#5528,#5525));
#8472=IFCFACEOUTERBOUND(#8471,.T.);
#8473=IFCFACE((#8472));
#8474=IFCPOLYLOOP((#5565,#5525,#5537));
#8475=IFCFACEOUTERBOUND(#8474,.T.);
#8476=IFCFACE((#8475));
#8477=IFCPOLYLOOP((#5565,#5537,#5517));
#8478=IFCFACEOUTERBOUND(#8477,.T.);
#8479=IFCFACE((#8478));
#8480=IFCPOLYLOOP((#5565,#5517,#5531));
#8481=IFCFACEOUTERBOUND(#8480,.T.);
#8482=IFCFACE((#8481));
#8483=IFCPOLYLOOP((#5565,#5531,#5530));
#8484=IFCFACEOUTERBOUND(#8483,.T.);
#8485=IFCFACE((#8484));
#8486=IFCPOLYLOOP((#5565,#5530,#5555));
#8487=IFCFACEOUTERBOUND(#8486,.T.);
#8488=IFCFACE((#8487));
#8489=IFCPOLYLOOP((#5565,#5555,#5516));
#8490=IFCFACEOUTERBOUND(#8489,.T.);
#8491=IFCFACE((#8490));
#8492=IFCPOLYLOOP((#5565,#5516,#5543));
#8493=IFCFACEOUTERBOUND(#8492,.T.);
#8494=IFCFACE((#8493));
#8495=IFCPOLYLOOP((#5565,#5543,#5532));
#8496=IFCFACEOUTERBOUND(#8495,.T.);
#8497=IFCFACE((#8496));
#8498=IFCPOLYLOOP((#5565,#5532,#5538));
#8499=IFCFACEOUTERBOUND(#8498,.T.);
#8500=IFCFACE((#8499));
#8501=IFCPOLYLOOP((#5565,#5538,#5518));
#8502=IFCFACEOUTERBOUND(#8501,.T.);
#8503=IFCFACE((#8502));
#8504=IFCPOLYLOOP((#5565,#5518,#5545));
#8505=IFCFACEOUTERBOUND(#8504,.T.);
#8506=IFCFACE((#8505));
#8507=IFCPOLYLOOP((#5565,#5545,#5522));
#8508=IFCFACEOUTERBOUND(#8507,.T.);
#8509=IFCFACE((#8508));
#8510=IFCPOLYLOOP((#5565,#5522,#5535));
#8511=IFCFACEOUTERBOUND(#8510,.T.);
#8512=IFCFACE((#8511));
#8513=IFCPOLYLOOP((#5565,#5535,#5515));
#8514=IFCFACEOUTERBOUND(#8513,.T.);
#8515=IFCFACE((#8514));
#8516=IFCPOLYLOOP((#6039,#6044,#6048));
#8517=IFCFACEOUTERBOUND(#8516,.T.);
#8518=IFCFACE((#8517));
#8519=IFCPOLYLOOP((#6060,#6059,#6055));
#8520=IFCFACEOUTERBOUND(#8519,.T.);
#8521=IFCFACE((#8520));
#8522=IFCPOLYLOOP((#6049,#6061,#6042));
#8523=IFCFACEOUTERBOUND(#8522,.T.);
#8524=IFCFACE((#8523));
#8525=IFCPOLYLOOP((#6055,#6034,#6053));
#8526=IFCFACEOUTERBOUND(#8525,.T.);
#8527=IFCFACE((#8526));
#8528=IFCPOLYLOOP((#6035,#6049,#6042));
#8529=IFCFACEOUTERBOUND(#8528,.T.);
#8530=IFCFACE((#8529));
#8531=IFCPOLYLOOP((#6052,#6056,#6049));
#8532=IFCFACEOUTERBOUND(#8531,.T.);
#8533=IFCFACE((#8532));
#8534=IFCPOLYLOOP((#5564,#6046,#6061));
#8535=IFCFACEOUTERBOUND(#8534,.T.);
#8536=IFCFACE((#8535));
#8537=IFCPOLYLOOP((#6045,#6053,#6034));
#8538=IFCFACEOUTERBOUND(#8537,.T.);
#8539=IFCFACE((#8538));
#8540=IFCPOLYLOOP((#6036,#6053,#6041));
#8541=IFCFACEOUTERBOUND(#8540,.T.);
#8542=IFCFACE((#8541));
#8543=IFCPOLYLOOP((#6033,#6059,#6054));
#8544=IFCFACEOUTERBOUND(#8543,.T.);
#8545=IFCFACE((#8544));
#8546=IFCPOLYLOOP((#6052,#6049,#6035));
#8547=IFCFACEOUTERBOUND(#8546,.T.);
#8548=IFCFACE((#8547));
#8549=IFCPOLYLOOP((#6039,#6048,#6057));
#8550=IFCFACEOUTERBOUND(#8549,.T.);
#8551=IFCFACE((#8550));
#8552=IFCPOLYLOOP((#6040,#6041,#6057));
#8553=IFCFACEOUTERBOUND(#8552,.T.);
#8554=IFCFACE((#8553));
#8555=IFCPOLYLOOP((#6041,#6053,#6057));
#8556=IFCFACEOUTERBOUND(#8555,.T.);
#8557=IFCFACE((#8556));
#8558=IFCPOLYLOOP((#5565,#5564,#6061));
#8559=IFCFACEOUTERBOUND(#8558,.T.);
#8560=IFCFACE((#8559));
#8561=IFCPOLYLOOP((#5847,#5846,#6047));
#8562=IFCFACEOUTERBOUND(#8561,.T.);
#8563=IFCFACE((#8562));
#8564=IFCPOLYLOOP((#6040,#6048,#6047));
#8565=IFCFACEOUTERBOUND(#8564,.T.);
#8566=IFCFACE((#8565));
#8567=IFCPOLYLOOP((#6044,#5848,#5847));
#8568=IFCFACEOUTERBOUND(#8567,.T.);
#8569=IFCFACE((#8568));
#8570=IFCPOLYLOOP((#5564,#5563,#6046));
#8571=IFCFACEOUTERBOUND(#8570,.T.);
#8572=IFCFACE((#8571));
#8573=IFCPOLYLOOP((#6049,#6038,#6061));
#8574=IFCFACEOUTERBOUND(#8573,.T.);
#8575=IFCFACE((#8574));
#8576=IFCPOLYLOOP((#6047,#6048,#5847));
#8577=IFCFACEOUTERBOUND(#8576,.T.);
#8578=IFCFACE((#8577));
#8579=IFCPOLYLOOP((#5847,#6048,#6044));
#8580=IFCFACEOUTERBOUND(#8579,.T.);
#8581=IFCFACE((#8580));
#8582=IFCPOLYLOOP((#6038,#6049,#6056));
#8583=IFCFACEOUTERBOUND(#8582,.T.);
#8584=IFCFACE((#8583));
#8585=IFCPOLYLOOP((#6061,#6038,#6043,#5565));
#8586=IFCFACEOUTERBOUND(#8585,.T.);
#8587=IFCFACE((#8586));
#8588=IFCPOLYLOOP((#6035,#6050,#6052));
#8589=IFCFACEOUTERBOUND(#8588,.T.);
#8590=IFCFACE((#8589));
#8591=IFCPOLYLOOP((#6051,#6054,#6059));
#8592=IFCFACEOUTERBOUND(#8591,.T.);
#8593=IFCFACE((#8592));
#8594=IFCPOLYLOOP((#6032,#6054,#6051));
#8595=IFCFACEOUTERBOUND(#8594,.T.);
#8596=IFCFACE((#8595));
#8597=IFCPOLYLOOP((#6054,#6052,#6050));
#8598=IFCFACEOUTERBOUND(#8597,.T.);
#8599=IFCFACE((#8598));
#8600=IFCPOLYLOOP((#6053,#6036,#6055));
#8601=IFCFACEOUTERBOUND(#8600,.T.);
#8602=IFCFACE((#8601));
#8603=IFCPOLYLOOP((#6045,#6039,#6057));
#8604=IFCFACEOUTERBOUND(#8603,.T.);
#8605=IFCFACE((#8604));
#8606=IFCPOLYLOOP((#6052,#6054,#6032));
#8607=IFCFACEOUTERBOUND(#8606,.T.);
#8608=IFCFACE((#8607));
#8609=IFCPOLYLOOP((#6033,#6054,#6050));
#8610=IFCFACEOUTERBOUND(#8609,.T.);
#8611=IFCFACE((#8610));
#8612=IFCPOLYLOOP((#6059,#6060,#6037,#6051));
#8613=IFCFACEOUTERBOUND(#8612,.T.);
#8614=IFCFACE((#8613));
#8615=IFCPOLYLOOP((#6055,#6059,#6058));
#8616=IFCFACEOUTERBOUND(#8615,.T.);
#8617=IFCFACE((#8616));
#8618=IFCPOLYLOOP((#6052,#6032,#6056));
#8619=IFCFACEOUTERBOUND(#8618,.T.);
#8620=IFCFACE((#8619));
#8621=IFCPOLYLOOP((#6057,#6048,#6040));
#8622=IFCFACEOUTERBOUND(#8621,.T.);
#8623=IFCFACE((#8622));
#8624=IFCPOLYLOOP((#6045,#6057,#6053));
#8625=IFCFACEOUTERBOUND(#8624,.T.);
#8626=IFCFACE((#8625));
#8627=IFCPOLYLOOP((#6058,#6059,#6033));
#8628=IFCFACEOUTERBOUND(#8627,.T.);
#8629=IFCFACE((#8628));
#8630=IFCPOLYLOOP((#6058,#6034,#6055));
#8631=IFCFACEOUTERBOUND(#8630,.T.);
#8632=IFCFACE((#8631));
#8633=IFCPOLYLOOP((#6055,#6036,#6060));
#8634=IFCFACEOUTERBOUND(#8633,.T.);
#8635=IFCFACE((#8634));
#8636=IFCPOLYLOOP((#6061,#6046,#6042));
#8637=IFCFACEOUTERBOUND(#8636,.T.);
#8638=IFCFACE((#8637));
#8639=IFCPOLYLOOP((#6023,#5848,#6044,#6039,#6045,#6034,#6058,#6033,#6050,#6035,#6042,#6046,#5563,#5743));
#8640=IFCFACEOUTERBOUND(#8639,.T.);
#8641=IFCFACE((#8640));
#8642=IFCCLOSEDSHELL((#878,#881,#884,#887,#890,#893,#896,#899,#902,#905,#908,#911,#914,#917,#920,#923,#926,#929,#932,#935,#938,#941,#944,#947,#950,#953,#956,#959,#962,#965,#968,#971,#974,#977,#980,#983,#986,#989,#992,#995,#998,#1001,#1004,#1007,#1010,#1013,#1016,#1019,#1022,#1025,#1028,#1031,#1034,#1037,#1040,#1043,#1046,#1049,#1052,#1055,#1058,#1061,#1064,#1067,#1070,#1073,#1076,#1079,#1082,#1085,#1088,#1091,#1094,#1097,#1100,#1103,#1106,#1109,#1112,#1115,#1118,#1121,#1124,#1127,#1130,#1133,#1136,#1139,#1142,#1145,#1148,#1151,#1154,#1157,#1160,#1163,#1166,#1169,#1172,#1175,#1178,#1181,#1184,#1187,#1190,#1193,#1196,#1199,#1202,#1205,#1208,#1211,#1214,#1217,#1220,#1223,#1226,#1229,#1232,#1235,#1238,#1241,#1244,#1247,#1250,#1253,#1256,#1259,#1262,#1265,#1268,#1271,#1274,#1277,#1280,#1283,#1286,#1289,#1292,#1295,#1298,#1301,#1304,#1307,#1310,#1313,#1316,#1319,#1322,#1325,#1328,#1331,#1334,#1337,#1340,#1343,#1346,#1349));
#8643=IFCFACETEDBREP(#8642);
#8644=IFCCOLOURRGB($,0.95686274509803926,0.96078431372549022,0.96470588235294119);
#8645=IFCSURFACESTYLERENDERING(#8644,0.,$,$,$,$,IFCNORMALISEDRATIOMEASURE(0.5),IFCSPECULAREXPONENT(128.),.NOTDEFINED.);
#8646=IFCSURFACESTYLE('Aluminum',.BOTH.,(#8645));
#8647=IFCSTYLEDITEM(#8643,(#8646),$);
#8648=IFCCLOSEDSHELL((#1400,#1403,#1406,#1409,#1412,#1415,#1418,#1421,#1424,#1427,#1430,#1433,#1436,#1439,#1442,#1445,#1448,#1451,#1454,#1457,#1460,#1463,#1466,#1469,#1472,#1475));
#8649=IFCFACETEDBREP(#8648);
#8650=IFCSTYLEDITEM(#8649,(#8646),$);
#8651=IFCCLOSEDSHELL((#1606,#1609,#1612,#1615,#1618,#1621,#1624,#1627,#1630,#1633,#1636,#1639,#1642,#1645,#1648,#1651,#1654,#1657,#1660,#1663,#1666,#1669,#1672,#1675,#1678,#1681,#1684,#1687,#1690,#1693,#1696,#1699,#1702,#1705,#1708,#1711,#1714,#1717,#1720,#1723,#1726,#1729,#1732,#1735,#1738,#1741,#1744,#1747,#1750,#1753,#1756,#1759,#1762,#1765,#1768,#1771,#1774,#1777,#1780,#1783,#1786,#1789,#1792,#1795,#1798,#1801,#1804,#1807,#1810,#1813,#1816,#1819,#1822,#1825,#1828,#1831,#1834,#1837,#1840,#1843,#1846,#1849,#1852,#1855,#1858,#1861,#1864,#1867,#1870,#1873,#1876,#1879,#1882,#1885,#1888,#1891,#1894,#1897,#1900,#1903,#1906,#1909,#1912,#1915,#1918,#1921,#1924,#1927,#1930,#1933,#1936,#1939,#1942,#1945,#1948,#1951,#1954,#1957,#1960,#1963,#1966,#1969,#1972,#1975,#1978,#1981,#1984,#1987,#1990,#1993,#1996,#1999,#2002,#2005,#2008,#2011,#2014,#2017,#2020,#2023,#2026,#2029,#2032,#2035,#2038,#2041,#2044,#2047,#2050,#2053,#2056,#2059,#2062,#2065,#2068,#2071,#2074,#2077));
#8652=IFCFACETEDBREP(#8651);
#8653=IFCSTYLEDITEM(#8652,(#8646),$);
#8654=IFCCLOSEDSHELL((#2128,#2131,#2134,#2137,#2140,#2143,#2146,#2149,#2152,#2155,#2158,#2161,#2164,#2167,#2170,#2173,#2176,#2179,#2182,#2185,#2188,#2191,#2194,#2197,#2200,#2203));
#8655=IFCFACETEDBREP(#8654);
#8656=IFCSTYLEDITEM(#8655,(#8646),$);
#8657=IFCCLOSEDSHELL((#2216,#2229,#2232,#2235,#2238,#2241,#2244,#2247,#2250,#2253));
#8658=IFCFACETEDBREP(#8657);
#8659=IFCCOLOURRGB($,0.67843137254901964,0.51764705882352946,0.37647058823529411);
#8660=IFCSURFACESTYLERENDERING(#8659,0.,$,$,$,$,IFCNORMALISEDRATIOMEASURE(0.5),IFCSPECULAREXPONENT(64.),.NOTDEFINED.);
#8661=IFCSURFACESTYLE('Wood - Birch',.BOTH.,(#8660));
#8662=IFCSTYLEDITEM(#8658,(#8661),$);
#8663=IFCCLOSEDSHELL((#2264,#2269,#2277,#2281,#2289,#2293,#2301,#2305,#2312,#2315,#2318,#2321,#2324,#2327,#2330,#2333,#2336,#2339));
#8664=IFCFACETEDBREP(#8663);
#8665=IFCCOLOURRGB($,0.69803921568627447,0.69803921568627447,0.69803921568627447);
#8666=IFCSURFACESTYLERENDERING(#8665,0.,$,$,$,$,IFCNORMALISEDRATIOMEASURE(0.5),IFCSPECULAREXPONENT(128.),.NOTDEFINED.);
#8667=IFCSURFACESTYLE('Metal - Paint Finish - Grey',.BOTH.,(#8666));
#8668=IFCSTYLEDITEM(#8664,(#8667),$);
#8669=IFCCLOSEDSHELL((#2346,#2353,#2356,#2359,#2362,#2365));
#8670=IFCFACETEDBREP(#8669);
#8671=IFCCOLOURRGB($,0.96078431372549022,0.96078431372549022,0.95294117647058818);
#8672=IFCSURFACESTYLERENDERING(#8671,1.,$,$,$,$,IFCNORMALISEDRATIOMEASURE(0.5),IFCSPECULAREXPONENT(64.),.NOTDEFINED.);
#8673=IFCSURFACESTYLE('Glass',.BOTH.,(#8672));
#8674=IFCSTYLEDITEM(#8670,(#8673),$);
#8675=IFCCLOSEDSHELL((#2926,#2929,#2932,#2935,#2938,#2941,#2944,#2947,#2950,#2953,#2956,#2959,#2962,#2965,#2968,#2971,#2974,#2977,#2980,#2983,#2986,#2989,#2992,#2995,#2998,#3001,#3004,#3007,#3010,#3013,#3016,#3019,#3022,#3025,#3028,#3031,#3034,#3037,#3040,#3043,#3046,#3049,#3052,#3055,#3058,#3061,#3064,#3067,#3070,#3073,#3076,#3079,#3082,#3085,#3088,#3091,#3094,#3097,#3100,#3103,#3106,#3109,#3112,#3115,#3118,#3121,#3124,#3127,#3130,#3133,#3136,#3139,#3142,#3145,#3148,#3151,#3154,#3157,#3160,#3163,#3166,#3169,#3172,#3175,#3178,#3181,#3184,#3187,#3190,#3193,#3196,#3199,#3202,#3205,#3208,#3211,#3214,#3217,#3220,#3223,#3226,#3229,#3232,#3235,#3238,#3241,#3244,#3247,#3250,#3253,#3256,#3259,#3262,#3265,#3268,#3271,#3274,#3277,#3280,#3283,#3286,#3289,#3292,#3295,#3298,#3301,#3304,#3307,#3310,#3313,#3316,#3319,#3322,#3325,#3328,#3331,#3334,#3337,#3340,#3343,#3346,#3349,#3352,#3355,#3358,#3361,#3364,#3367,#3370,#3373,#3376,#3379,#3382,#3385,#3388,#3391,#3394,#3397,#3400,#3403,#3406,#3409,#3412,#3415,#3418,#3421,#3424,#3427,#3430,#3433,#3436,#3439,#3442,#3445,#3448,#3451,#3454,#3457,#3460,#3463,#3466,#3469,#3472,#3475,#3478,#3481,#3484,#3487,#3490,#3493,#3496,#3499,#3502,#3505,#3508,#3511,#3514,#3517,#3520,#3523,#3526,#3529,#3532,#3535,#3538,#3541,#3544,#3547,#3550,#3553,#3556,#3559,#3562,#3565,#3568,#3571,#3574,#3577,#3580,#3583,#3586,#3589,#3592,#3595,#3598,#3601,#3604,#3607,#3610,#3613,#3616,#3619,#3622,#3625,#3628,#3631,#3634,#3637,#3640,#3643,#3646,#3649,#3652,#3655,#3658,#3661,#3664,#3667,#3670,#3673,#3676,#3679,#3682,#3685,#3688,#3691,#3694,#3697,#3700,#3703,#3706,#3709,#3712,#3715,#3718,#3721,#3724,#3727,#3730,#3733,#3736,#3739,#3742,#3745,#3748,#3751,#3754,#3757,#3760,#3763,#3766,#3769,#3772,#3775,#3778,#3781,#3784,#3787,#3790,#3793,#3796,#3799,#3802,#3805,#3808,#3811,#3814,#3817,#3820,#3823,#3826,#3829,#3832,#3835,#3838,#3841,#3844,#3847,#3850,#3853,#3856,#3859,#3862,#3865,#3868,#3871,#3874,#3877,#3880,#3883,#3886,#3889,#3892,#3895,#3898,#3901,#3904,#3907,#3910,#3913,#3916,#3919,#3922,#3925,#3928,#3931,#3934,#3937,#3940,#3943,#3946,#3949,#3952,#3955,#3958,#3961,#3964,#3967,#3970,#3973,#3976,#3979,#3982,#3985,#3988,#3991,#3994,#3997,#4000,#4003,#4006,#4009,#4012,#4015,#4018,#4021,#4024,#4027,#4030,#4033,#4036,#4039,#4042,#4045,#4048,#4051,#4054,#4057,#4060,#4063,#4066,#4069,#4072,#4075,#4078,#4081,#4084,#4087,#4090,#4093,#4096,#4099,#4102,#4105,#4108,#4111,#4114,#4117,#4120,#4123,#4126,#4129,#4132,#4135,#4138,#4141,#4144,#4147,#4150,#4153,#4156,#4159,#4162,#4165,#4168,#4171,#4174,#4177,#4180,#4183,#4186,#4189,#4192,#4195,#4198,#4201,#4204,#4207,#4210,#4213,#4216,#4219,#4222,#4225,#4228,#4231,#4234,#4237,#4240,#4243,#4246,#4249,#4252,#4255,#4258,#4261,#4264,#4267,#4270,#4273,#4276,#4279,#4282,#4285,#4288,#4291,#4294,#4297,#4300,#4303,#4306,#4309,#4312,#4315,#4318,#4321,#4324,#4327,#4330,#4333,#4336,#4339,#4342,#4345,#4348,#4351,#4354,#4357,#4360,#4363,#4366,#4369,#4372,#4375,#4378,#4381,#4384,#4387,#4390,#4393,#4396,#4399,#4402,#4405,#4408,#4411,#4414,#4417,#4420,#4423,#4426,#4429,#4432,#4435,#4438,#4441,#4444,#4447,#4450,#4453,#4456,#4459,#4462,#4465,#4468,#4471,#4474,#4477,#4480,#4483,#4486,#4489,#4492,#4495,#4498,#4501,#4504,#4507,#4510,#4513,#4516,#4519,#4522,#4525,#4528,#4531,#4534,#4537,#4540,#4543,#4546,#4549,#4552,#4555,#4558,#4561,#4564,#4567,#4570,#4573,#4576,#4579,#4582,#4585,#4588,#4591,#4594,#4597,#4600,#4603,#4606,#4609,#4612,#4615,#4618,#4621,#4624,#4627,#4630,#4633,#4636,#4639,#4642,#4645,#4648,#4651,#4654,#4657,#4660,#4663,#4666,#4669,#4672,#4675,#4678,#4681,#4684,#4687,#4690,#4693,#4696,#4699,#4702,#4705,#4708,#4711,#4714,#4717,#4720,#4723,#4726,#4729,#4732,#4735,#4738,#4741,#4744,#4747,#4750,#4753,#4756,#4759,#4762,#4765,#4768,#4771,#4774,#4777,#4780,#4783,#4786,#4789,#4792,#4795,#4798,#4801,#4804,#4807,#4810,#4813,#4816,#4819,#4822,#4825,#4828,#4831,#4834,#4837,#4840,#4843,#4846,#4849,#4852,#4855,#4858,#4861,#4864,#4867,#4870,#4873,#4876,#4879,#4882,#4885,#4888,#4891,#4894,#4897,#4900,#4903,#4906,#4909,#4912,#4915,#4918,#4921,#4924,#4927,#4930,#4933,#4936,#4939,#4942,#4945,#4948,#4951,#4954,#4957,#4960,#4963,#4966,#4969,#4972,#4975,#4978,#4981,#4984,#4987,#4990,#4993,#4996,#4999,#5002,#5005,#5008,#5011,#5014,#5017,#5020,#5023,#5026,#5029,#5032,#5035,#5038,#5041,#5044,#5047,#5050,#5053,#5056,#5059,#5062,#5065,#5068,#5071,#5074,#5077,#5080,#5083,#5086,#5089,#5092,#5095,#5098,#5101,#5104,#5107,#5110,#5113,#5116,#5119,#5122,#5125,#5128,#5131,#5134,#5137,#5140,#5143,#5146,#5149,#5152,#5155,#5158,#5161,#5164,#5167,#5170,#5173,#5176,#5179,#5182,#5185,#5188,#5191,#5194,#5197,#5200,#5203,#5206,#5209,#5212,#5215,#5218,#5221,#5224,#5227,#5230,#5233,#5236,#5239,#5242,#5245,#5248,#5251,#5254,#5257,#5260,#5263,#5266,#5269,#5272,#5275,#5278,#5281,#5284,#5287,#5290,#5293,#5296,#5299,#5302,#5305,#5308,#5311,#5314,#5317,#5320,#5323,#5326,#5329,#5332,#5335,#5338,#5341,#5344,#5347,#5350,#5353,#5356,#5359,#5362,#5365,#5368,#5371,#5374,#5377,#5380,#5383,#5386,#5389,#5392,#5395,#5398,#5401,#5404,#5407,#5410,#5413,#5416,#5419,#5422,#5425,#5428,#5431,#5434,#5437,#5440,#5443,#5446,#5449,#5452,#5455,#5458,#5461,#5464,#5467,#5470,#5473,#5476,#5479,#5482,#5485,#5488,#5491,#5494,#5497,#5500,#5503));
#8676=IFCFACETEDBREP(#8675);
#8677=IFCSTYLEDITEM(#8676,(#8667),$);
#8678=IFCCLOSEDSHELL((#6064,#6067,#6070,#6073,#6076,#6079,#6082,#6085,#6088,#6091,#6094,#6097,#6100,#6103,#6106,#6109,#6112,#6115,#6118,#6121,#6124,#6127,#6130,#6133,#6136,#6139,#6142,#6145,#6148,#6151,#6154,#6157,#6160,#6163,#6166,#6169,#6172,#6175,#6178,#6181,#6184,#6187,#6190,#6193,#6196,#6199,#6202,#6205,#6208,#6211,#6214,#6217,#6220,#6223,#6226,#6229,#6232,#6235,#6238,#6241,#6244,#6247,#6250,#6253,#6256,#6259,#6262,#6265,#6268,#6271,#6274,#6277,#6280,#6283,#6286,#6289,#6292,#6295,#6298,#6301,#6304,#6307,#6310,#6313,#6316,#6319,#6322,#6325,#6328,#6331,#6334,#6337,#6340,#6343,#6346,#6349,#6352,#6355,#6358,#6361,#6364,#6367,#6370,#6373,#6376,#6379,#6382,#6385,#6388,#6391,#6394,#6397,#6400,#6403,#6406,#6409,#6412,#6415,#6418,#6421,#6424,#6427,#6430,#6433,#6436,#6439,#6442,#6445,#6448,#6451,#6454,#6457,#6460,#6463,#6466,#6469,#6472,#6475,#6478,#6481,#6484,#6487,#6490,#6493,#6496,#6499,#6502,#6505,#6508,#6511,#6514,#6517,#6520,#6523,#6526,#6529,#6532,#6535,#6538,#6541,#6544,#6547,#6550,#6553,#6556,#6559,#6562,#6565,#6568,#6571,#6574,#6577,#6580,#6583,#6586,#6589,#6592,#6595,#6598,#6601,#6604,#6607,#6610,#6613,#6616,#6619,#6622,#6625,#6628,#6631,#6634,#6637,#6640,#6643,#6646,#6649,#6652,#6655,#6658,#6661,#6664,#6667,#6670,#6673,#6676,#6679,#6682,#6685,#6688,#6691,#6694,#6697,#6700,#6703,#6706,#6709,#6712,#6715,#6718,#6721,#6724,#6727,#6730,#6733,#6736,#6739,#6742,#6745,#6748,#6751,#6754,#6757,#6760,#6763,#6766,#6769,#6772,#6775,#6778,#6781,#6784,#6787,#6790,#6793,#6796,#6799,#6802,#6805,#6808,#6811,#6814,#6817,#6820,#6823,#6826,#6829,#6832,#6835,#6838,#6841,#6844,#6847,#6850,#6853,#6856,#6859,#6862,#6865,#6868,#6871,#6874,#6877,#6880,#6883,#6886,#6889,#6892,#6895,#6898,#6901,#6904,#6907,#6910,#6913,#6916,#6919,#6922,#6925,#6928,#6931,#6934,#6937,#6940,#6943,#6946,#6949,#6952,#6955,#6958,#6961,#6964,#6967,#6970,#6973,#6976,#6979,#6982,#6985,#6988,#6991,#6994,#6997,#7000,#7003,#7006,#7009,#7012,#7015,#7018,#7021,#7024,#7027,#7030,#7033,#7036,#7039,#7042,#7045,#7048,#7051,#7054,#7057,#7060,#7063,#7066,#7069,#7072,#7075,#7078,#7081,#7084,#7087,#7090,#7093,#7096,#7099,#7102,#7105,#7108,#7111,#7114,#7117,#7120,#7123,#7126,#7129,#7132,#7135,#7138,#7141,#7144,#7147,#7150,#7153,#7156,#7159,#7162,#7165,#7168,#7171,#7174,#7177,#7180,#7183,#7186,#7189,#7192,#7195,#7198,#7201,#7204,#7207,#7210,#7213,#7216,#7219,#7222,#7225,#7228,#7231,#7234,#7237,#7240,#7243,#7246,#7249,#7252,#7255,#7258,#7261,#7264,#7267,#7270,#7273,#7276,#7279,#7282,#7285,#7288,#7291,#7294,#7297,#7300,#7303,#7306,#7309,#7312,#7315,#7318,#7321,#7324,#7327,#7330,#7333,#7336,#7339,#7342,#7345,#7348,#7351,#7354,#7357,#7360,#7363,#7366,#7369,#7372,#7375,#7378,#7381,#7384,#7387,#7390,#7393,#7396,#7399,#7402,#7405,#7408,#7411,#7414,#7417,#7420,#7423,#7426,#7429,#7432,#7435,#7438,#7441,#7444,#7447,#7450,#7453,#7456,#7459,#7462,#7465,#7468,#7471,#7474,#7477,#7480,#7483,#7486,#7489,#7492,#7495,#7498,#7501,#7504,#7507,#7510,#7513,#7516,#7519,#7522,#7525,#7528,#7531,#7534,#7537,#7540,#7543,#7546,#7549,#7552,#7555,#7558,#7561,#7564,#7567,#7570,#7573,#7576,#7579,#7582,#7585,#7588,#7591,#7594,#7597,#7600,#7603,#7606,#7609,#7612,#7615,#7618,#7621,#7624,#7627,#7630,#7633,#7636,#7639,#7642,#7645,#7648,#7651,#7654,#7657,#7660,#7663,#7666,#7669,#7672,#7675,#7678,#7681,#7684,#7687,#7690,#7693,#7696,#7699,#7702,#7705,#7708,#7711,#7714,#7717,#7720,#7723,#7726,#7729,#7732,#7735,#7738,#7741,#7744,#7747,#7750,#7753,#7756,#7759,#7762,#7765,#7768,#7771,#7774,#7777,#7780,#7783,#7786,#7789,#7792,#7795,#7798,#7801,#7804,#7807,#7810,#7813,#7816,#7819,#7822,#7825,#7828,#7831,#7834,#7837,#7840,#7843,#7846,#7849,#7852,#7855,#7858,#7861,#7864,#7867,#7870,#7873,#7876,#7879,#7882,#7885,#7888,#7891,#7894,#7897,#7900,#7903,#7906,#7909,#7912,#7915,#7918,#7921,#7924,#7927,#7930,#7933,#7936,#7939,#7942,#7945,#7948,#7951,#7954,#7957,#7960,#7963,#7966,#7969,#7972,#7975,#7978,#7981,#7984,#7987,#7990,#7993,#7996,#7999,#8002,#8005,#8008,#8011,#8014,#8017,#8020,#8023,#8026,#8029,#8032,#8035,#8038,#8041,#8044,#8047,#8050,#8053,#8056,#8059,#8062,#8065,#8068,#8071,#8074,#8077,#8080,#8083,#8086,#8089,#8092,#8095,#8098,#8101,#8104,#8107,#8110,#8113,#8116,#8119,#8122,#8125,#8128,#8131,#8134,#8137,#8140,#8143,#8146,#8149,#8152,#8155,#8158,#8161,#8164,#8167,#8170,#8173,#8176,#8179,#8182,#8185,#8188,#8191,#8194,#8197,#8200,#8203,#8206,#8209,#8212,#8215,#8218,#8221,#8224,#8227,#8230,#8233,#8236,#8239,#8242,#8245,#8248,#8251,#8254,#8257,#8260,#8263,#8266,#8269,#8272,#8275,#8278,#8281,#8284,#8287,#8290,#8293,#8296,#8299,#8302,#8305,#8308,#8311,#8314,#8317,#8320,#8323,#8326,#8329,#8332,#8335,#8338,#8341,#8344,#8347,#8350,#8353,#8356,#8359,#8362,#8365,#8368,#8371,#8374,#8377,#8380,#8383,#8386,#8389,#8392,#8395,#8398,#8401,#8404,#8407,#8410,#8413,#8416,#8419,#8422,#8425,#8428,#8431,#8434,#8437,#8440,#8443,#8446,#8449,#8452,#8455,#8458,#8461,#8464,#8467,#8470,#8473,#8476,#8479,#8482,#8485,#8488,#8491,#8494,#8497,#8500,#8503,#8506,#8509,#8512,#8515,#8518,#8521,#8524,#8527,#8530,#8533,#8536,#8539,#8542,#8545,#8548,#8551,#8554,#8557,#8560,#8563,#8566,#8569,#8572,#8575,#8578,#8581,#8584,#8587,#8590,#8593,#8596,#8599,#8602,#8605,#8608,#8611,#8614,#8617,#8620,#8623,#8626,#8629,#8632,#8635,#8638,#8641));
#8679=IFCFACETEDBREP(#8678);
#8680=IFCSTYLEDITEM(#8679,(#8667),$);
#8681=IFCSHAPEREPRESENTATION(#24,'Body','Brep',(#8643,#8649,#8652,#8655,#8658,#8664,#8670,#8676,#8679));
#8682=IFCAXIS2PLACEMENT3D(#3,$,$);
#8683=IFCREPRESENTATIONMAP(#8682,#8681);
#8684=IFCDOORLININGPROPERTIES('2QnDw_VXDDCuQkmhNiHfDt',#18,'M_Door-Passage-Single-Vision_Lite:750 x 2000mm:1621801',$,$,$,$,$,$,$,$,$,$,$,$,$,$);
#8685=IFCDOORPANELPROPERTIES('2QnDw_VXDDCuQkmhRiHfDt',#18,'M_Door-Passage-Single-Vision_Lite:750 x 2000mm:1621801:1',$,$,.SWINGING.,$,.NOTDEFINED.,$);
#8686=IFCDOORTYPE('3BUqYxuRcu9o25$g4hZ64U',#18,'M_Door-Passage-Single-Vision_Lite:750 x 2000mm',$,$,(#8684,#8685),(#8683),'1457080',$,.DOOR.,.SINGLE_SWING_RIGHT.,.F.,$);
#8687=IFCMATERIAL('Aluminum',$,'Metal');
#8688=IFCSTYLEDITEM($,(#8646),$);
#8689=IFCSTYLEDREPRESENTATION(#22,'Style','Material',(#8688));
#8690=IFCMATERIALDEFINITIONREPRESENTATION($,$,(#8689),#8687);
#8691=IFCMATERIAL('Wood - Birch',$,'Wood');
#8692=IFCCOLOURRGB($,0.47058823529411764,0.47058823529411764,0.47058823529411764);
#8693=IFCCURVESTYLEFONTPATTERN(317.5,2857.5);
#8694=IFCCURVESTYLEFONT('Wood 4:1',(#8693));
#8695=IFCCURVESTYLE('Wood 4:1',#8694,$,#8692,$);
#8696=IFCCARTESIANPOINT((2082.7999436440145,2006.6000751413108));
#8697=IFCFILLAREASTYLEHATCHING(#8695,IFCPOSITIVELENGTHMEASURE(127.),$,#8696,216.8699);
#8698=IFCCURVESTYLEFONTPATTERN(709.9515899999999,709.9515899999999);
#8699=IFCCURVESTYLEFONT('Wood 4:2',(#8698));
#8700=IFCCURVESTYLE('Wood 4:2',#8699,$,#8692,$);
#8701=IFCCARTESIANPOINT((-126.99979660147335,63.499290054132985));
#8702=IFCFILLAREASTYLEHATCHING(#8700,IFCPOSITIVELENGTHMEASURE(283.98088999999999),$,#8701,206.56510000000003);
#8703=IFCCURVESTYLEFONTPATTERN(401.60955999999999,1606.4369699999997);
#8704=IFCCURVESTYLEFONT('Wood 4:3',(#8703));
#8705=IFCCURVESTYLE('Wood 4:3',#8704,$,#8692,$);
#8706=IFCCARTESIANPOINT((-698.50016062229042,-317.49879098206907));
#8707=IFCFILLAREASTYLEHATCHING(#8705,IFCPOSITIVELENGTHMEASURE(200.80477999999999),$,#8706,198.4349);
#8708=IFCFILLAREASTYLE('Wood 4',(#8697,#8702,#8707),$);
#8709=IFCSTYLEDITEM($,(#8661,#8708),$);
#8710=IFCSTYLEDREPRESENTATION(#22,'Style','Material and Cut Pattern',(#8709));
#8711=IFCMATERIALDEFINITIONREPRESENTATION($,$,(#8710),#8691);
#8712=IFCMATERIAL('Metal - Paint Finish - Grey',$,'Paint');
#8713=IFCSTYLEDITEM($,(#8667),$);
#8714=IFCSTYLEDREPRESENTATION(#22,'Style','Material',(#8713));
#8715=IFCMATERIALDEFINITIONREPRESENTATION($,$,(#8714),#8712);
#8716=IFCMATERIAL('Glass',$,'Glass');
#8717=IFCSTYLEDITEM($,(#8673),$);
#8718=IFCSTYLEDREPRESENTATION(#22,'Style','Material',(#8717));
#8719=IFCMATERIALDEFINITIONREPRESENTATION($,$,(#8718),#8716);
#8720=IFCMATERIALCONSTITUENT('Hardware',$,#8687,$,'Metal');
#8721=IFCSHAPEREPRESENTATION(#24,'Body','Brep',(#8643,#8649,#8652,#8655));
#8722=IFCSHAPEASPECT((#8721),'Hardware',$,.U.,#8683);
#8723=IFCMATERIALCONSTITUENT('Panel',$,#8691,$,'Wood');
#8724=IFCSHAPEREPRESENTATION(#24,'Body','Brep',(#8658));
#8725=IFCSHAPEASPECT((#8724),'Panel',$,.U.,#8683);
#8726=IFCMATERIALCONSTITUENT('Frame/Mullion',$,#8712,$,'Paint');
#8727=IFCSHAPEREPRESENTATION(#24,'Body','Brep',(#8664));
#8728=IFCSHAPEASPECT((#8727),'Frame/Mullion',$,.U.,#8683);
#8729=IFCMATERIALCONSTITUENT('Glass',$,#8716,$,'Glass');
#8730=IFCSHAPEREPRESENTATION(#24,'Body','Brep',(#8670));
#8731=IFCSHAPEASPECT((#8730),'Glass',$,.U.,#8683);
#8732=IFCMATERIALCONSTITUENT('Metal - Paint Finish - Grey',$,#8712,$,'Paint');
#8733=IFCSHAPEREPRESENTATION(#24,'Body','Brep',(#8676,#8679));
#8734=IFCSHAPEASPECT((#8733),'Metal - Paint Finish - Grey',$,.U.,#8683);
#8735=IFCMATERIALCONSTITUENTSET($,$,(#8720,#8723,#8726,#8729,#8732));
#8736=IFCCARTESIANTRANSFORMATIONOPERATOR3D($,$,#3,1.,$);
#8737=IFCMAPPEDITEM(#8683,#8736);
#8738=IFCSHAPEREPRESENTATION(#24,'Body','MappedRepresentation',(#8737));
#8739=IFCPRODUCTDEFINITIONSHAPE($,$,(#8738));
#8740=IFCCARTESIANPOINT((-2650.,2525.,0.));
#8741=IFCAXIS2PLACEMENT3D(#8740,#9,#7);
#8743=IFCDOOR('2QnDw_VXDDCuQkmhJiHfDt',#18,'M_Door-Passage-Single-Vision_Lite:750 x 2000mm:1621801',$,'M_Door-Passage-Single-Vision_Lite:750 x 2000mm',#16867,#8739,'1621801',2100.,850.00000000000057,.DOOR.,.SINGLE_SWING_RIGHT.,$);
#8744=IFCMATERIALCONSTITUENT('Aluminum',$,#8687,$,'Metal');
#8745=IFCMATERIALCONSTITUENT('Wood - Birch',$,#8691,$,'Wood');
#8746=IFCMATERIALCONSTITUENT('Metal - Paint Finish - Grey',$,#8712,$,'Paint');
#8747=IFCMATERIALCONSTITUENT('Glass',$,#8716,$,'Glass');
#8748=IFCMATERIALCONSTITUENTSET($,$,(#8744,#8745,#8746,#8747));
#8749=IFCPROPERTYSINGLEVALUE('Reference',$,IFCIDENTIFIER('750 x 2000mm'),$);
#8750=IFCPROPERTYSET('3CmPl2csMKURVsn6nP7Zd5',#18,'Pset_DoorCommon',$,(#364,#8749));
#8751=IFCPROPERTYSET('3dMvNdqdAsjRLPKpy2rji2',#18,'Pset_EnvironmentalImpactIndicators',$,(#8749));
#8752=IFCRELDEFINESBYPROPERTIES('0bfIv_EaeZ6P42vq60MynK',#18,$,$,(#8743),#8750);
#8753=IFCRELDEFINESBYPROPERTIES('34lISucuvIBYoTvkaHCFhw',#18,$,$,(#8743),#8751);
#8754=IFCCLASSIFICATIONREFERENCE('https://www.csiresources.org/standards/uniformat','B2030100','Glazed Doors & Entrances',#28,'',$);
#8755=IFCCARTESIANPOINT((734.99062500002003,134.69999999999914,1000.));
#8756=IFCCARTESIANPOINT((734.64988326291063,134.69999999999914,997.41180954897482));
#8757=IFCCARTESIANPOINT((733.65087903786434,134.69999999999914,995.));
#8758=IFCCARTESIANPOINT((732.06169281188545,134.69999999999914,992.92893218813458));
#8759=IFCCARTESIANPOINT((729.99062500002003,134.69999999999914,991.33974596215558));
#8760=IFCCARTESIANPOINT((727.57881545104522,134.69999999999914,990.34074173710928));
#8761=IFCCARTESIANPOINT((724.99062500001992,134.69999999999914,990.));
#8762=IFCCARTESIANPOINT((722.40243454899473,134.69999999999914,990.34074173710906));
#8763=IFCCARTESIANPOINT((719.99062500001992,134.69999999999914,991.33974596215546));
#8764=IFCCARTESIANPOINT((717.91955718815439,134.69999999999914,992.92893218813424));
#8765=IFCCARTESIANPOINT((716.33037096217538,134.69999999999914,995.));
#8766=IFCCARTESIANPOINT((715.33136673712909,134.69999999999914,997.41180954897447));
#8767=IFCCARTESIANPOINT((714.9906250000198,134.69999999999914,1000.));
#8768=IFCCARTESIANPOINT((715.33136673712897,134.69999999999914,1002.5881904510251));
#8769=IFCCARTESIANPOINT((716.33037096217527,134.69999999999914,1005.));
#8770=IFCCARTESIANPOINT((717.91955718815427,134.69999999999914,1007.0710678118654));
#8771=IFCCARTESIANPOINT((719.99062500001969,134.69999999999914,1008.6602540378443));
#8772=IFCCARTESIANPOINT((722.40243454899451,134.69999999999914,1009.6592582628906));
#8773=IFCCARTESIANPOINT((724.9906250000198,134.69999999999914,1010.));
#8774=IFCCARTESIANPOINT((727.57881545104499,134.69999999999914,1009.6592582628907));
#8775=IFCCARTESIANPOINT((729.9906250000198,134.69999999999914,1008.6602540378444));
#8776=IFCCARTESIANPOINT((732.06169281188534,134.69999999999914,1007.0710678118656));
#8777=IFCCARTESIANPOINT((733.65087903786434,134.69999999999914,1005.));
#8778=IFCCARTESIANPOINT((734.64988326291063,134.69999999999914,1002.5881904510252));
#8779=IFCCARTESIANPOINT((734.99062500002003,104.69999999999952,1000.));
#8780=IFCCARTESIANPOINT((734.64988326291063,104.69999999999952,997.41180954897482));
#8781=IFCCARTESIANPOINT((733.65087903786434,104.69999999999952,995.));
#8782=IFCCARTESIANPOINT((732.06169281188545,104.69999999999952,992.92893218813458));
#8783=IFCCARTESIANPOINT((729.99062500002003,104.69999999999952,991.33974596215558));
#8784=IFCCARTESIANPOINT((727.57881545104522,104.69999999999952,990.34074173710928));
#8785=IFCCARTESIANPOINT((724.99062500002003,104.69999999999952,990.));
#8786=IFCCARTESIANPOINT((722.40243454899473,104.69999999999952,990.34074173710906));
#8787=IFCCARTESIANPOINT((719.99062500002003,104.69999999999952,991.33974596215546));
#8788=IFCCARTESIANPOINT((717.91955718815439,104.69999999999952,992.92893218813424));
#8789=IFCCARTESIANPOINT((716.33037096217538,104.69999999999952,995.));
#8790=IFCCARTESIANPOINT((715.33136673712909,104.69999999999952,997.41180954897447));
#8791=IFCCARTESIANPOINT((714.9906250000198,104.69999999999952,1000.));
#8792=IFCCARTESIANPOINT((715.33136673712897,104.69999999999952,1002.5881904510251));
#8793=IFCCARTESIANPOINT((716.33037096217527,104.69999999999952,1005.));
#8794=IFCCARTESIANPOINT((717.91955718815427,104.69999999999952,1007.0710678118654));
#8795=IFCCARTESIANPOINT((719.99062500001969,104.69999999999952,1008.6602540378443));
#8796=IFCCARTESIANPOINT((722.40243454899451,104.69999999999952,1009.6592582628906));
#8797=IFCCARTESIANPOINT((724.9906250000198,104.69999999999952,1010.));
#8798=IFCCARTESIANPOINT((727.57881545104499,104.69999999999952,1009.6592582628907));
#8799=IFCCARTESIANPOINT((729.9906250000198,104.69999999999952,1008.6602540378444));
#8800=IFCCARTESIANPOINT((732.06169281188534,104.69999999999952,1007.0710678118656));
#8801=IFCCARTESIANPOINT((733.65087903786434,104.69999999999952,1005.));
#8802=IFCCARTESIANPOINT((734.64988326291063,104.69999999999952,1002.5881904510252));
#8803=IFCCARTESIANPOINT((709.99062500001276,99.699999999992528,1000.));
#8804=IFCCARTESIANPOINT((713.52615890595052,101.16446609406184,1000.));
#8805=IFCCARTESIANPOINT((731.64126009463007,92.19999999999591,1000.));
#8806=IFCCARTESIANPOINT((722.49062500001628,83.049364905382319,1000.));
#8807=IFCCARTESIANPOINT((709.99062500001276,79.699999999992315,1000.));
#8808=IFCCARTESIANPOINT((709.99062500001276,80.040741737101598,997.41180954897482));
#8809=IFCCARTESIANPOINT((709.99062500001276,81.039745962147862,995.));
#8810=IFCCARTESIANPOINT((709.99062500001276,82.628932188126797,992.92893218813435));
#8811=IFCCARTESIANPOINT((709.99062500001276,84.699999999992272,991.33974596215546));
#8812=IFCCARTESIANPOINT((709.99062500001276,87.111809548967074,990.34074173710906));
#8813=IFCCARTESIANPOINT((709.99062500001276,89.699999999992301,990.));
#8814=IFCCARTESIANPOINT((709.99062500001276,92.288190451017542,990.34074173710894));
#8815=IFCCARTESIANPOINT((709.99062500001276,94.699999999992357,991.33974596215523));
#8816=IFCCARTESIANPOINT((709.99062500001276,96.771067811857876,992.92893218813413));
#8817=IFCCARTESIANPOINT((709.99062500001276,98.36025403783681,995.));
#8818=IFCCARTESIANPOINT((709.99062500001276,99.359258262883159,997.41180954897436));
#8819=IFCCARTESIANPOINT((733.28480745653565,98.333802259273313,1000.));
#8820=IFCCARTESIANPOINT((716.35682278135835,81.405817554360652,1000.));
#8821=IFCCARTESIANPOINT((734.13771622827778,101.51690112963641,1000.));
#8822=IFCCARTESIANPOINT((713.17372389068566,80.552908777176498,1000.));
#8823=IFCCARTESIANPOINT((734.56417061414891,103.10845056481796,1000.));
#8824=IFCCARTESIANPOINT((711.5821744453491,80.126454388584406,1000.));
#8825=IFCCARTESIANPOINT((727.06594254732317,87.624682452689115,1000.));
#8826=IFCCARTESIANPOINT((719.52829689515409,90.947084953300063,990.15192265530266));
#8827=IFCCARTESIANPOINT((723.74353941188542,95.162328830187235,990.15192249043628));
#8828=IFCCARTESIANPOINT((732.46303377558274,95.266901129634604,1000.));
#8829=IFCCARTESIANPOINT((717.00124280924615,86.029623681702788,991.30720684254936));
#8830=IFCCARTESIANPOINT((726.02571171369937,98.116124412885753,990.27621867719517));
#8831=IFCCARTESIANPOINT((730.01896274041599,98.739864479365735,991.92330310307227));
#8832=IFCCARTESIANPOINT((714.00908253788748,97.323630634515965,992.48740540409506));
#8833=IFCCARTESIANPOINT((717.36699465807703,100.68154238487649,992.48740514590827));
#8834=IFCCARTESIANPOINT((718.49190793288597,96.198717405382823,990.45352084780097));
#8835=IFCCARTESIANPOINT((724.9111346386909,90.028238130462739,991.94476265457013));
#8836=IFCCARTESIANPOINT((719.42372389068737,82.227591229871479,1000.));
#8837=IFCCARTESIANPOINT((724.77828377366984,85.33702367903571,1000.));
#8838=IFCCARTESIANPOINT((729.35360132097651,89.912341226342505,1000.));
#8839=IFCCARTESIANPOINT((709.99062500001276,99.359258262883202,1002.588190451025));
#8840=IFCCARTESIANPOINT((709.99062500001276,98.36025403783691,1005.));
#8841=IFCCARTESIANPOINT((709.99062500001276,96.771067811858003,1007.0710678118653));
#8842=IFCCARTESIANPOINT((709.99062500001276,94.699999999992514,1008.6602540378442));
#8843=IFCCARTESIANPOINT((709.99062500001276,92.288190451017712,1009.6592582628906));
#8844=IFCCARTESIANPOINT((709.99062500001276,89.6999999999925,1010.));
#8845=IFCCARTESIANPOINT((709.99062500001276,87.111809548967258,1009.6592582628906));
#8846=IFCCARTESIANPOINT((709.99062500001276,84.699999999992414,1008.6602540378443));
#8847=IFCCARTESIANPOINT((709.99062500001276,82.628932188126925,1007.0710678118653));
#8848=IFCCARTESIANPOINT((709.99062500001276,81.039745962147961,1005.));
#8849=IFCCARTESIANPOINT((709.99062500001276,80.040741737101655,1002.5881904510251));
#8850=IFCCARTESIANPOINT((723.7435394119974,95.162328830067779,1009.8480775095352));
#8851=IFCCARTESIANPOINT((719.52829689561349,90.947084953190029,1009.8480773446348));
#8852=IFCCARTESIANPOINT((717.00124280933028,86.029623681667033,1008.6927931574145));
#8853=IFCCARTESIANPOINT((726.02571171371972,98.116124412856678,1009.7237813227974));
#8854=IFCCARTESIANPOINT((730.01896274042224,98.739864479345016,1008.0766968969189));
#8855=IFCCARTESIANPOINT((717.36699465814581,100.6815423848353,1007.5125948541618));
#8856=IFCCARTESIANPOINT((714.00908253787793,97.323630634521791,1007.512594595896));
#8857=IFCCARTESIANPOINT((718.49190793327716,96.198717405042288,1009.54647915236));
#8858=IFCCARTESIANPOINT((724.662387262935,89.779490694247627,1008.0552373171574));
#8859=IFCCARTESIANPOINT((604.99062500000514,79.699999999992372,1000.));
#8860=IFCCARTESIANPOINT((604.99062500000514,80.040741737101698,1002.5881904510248));
#8861=IFCCARTESIANPOINT((604.99062500000514,81.039745962148018,1005.));
#8862=IFCCARTESIANPOINT((604.99062500000514,82.628932188126967,1007.0710678118651));
#8863=IFCCARTESIANPOINT((604.99062500000514,84.699999999992457,1008.6602540378441));
#8864=IFCCARTESIANPOINT((604.99062500000514,87.111809548967273,1009.6592582628904));
#8865=IFCCARTESIANPOINT((604.99062500000514,89.6999999999925,1010.));
#8866=IFCCARTESIANPOINT((604.99062500000514,92.288190451017726,1009.6592582628904));
#8867=IFCCARTESIANPOINT((604.99062500000514,94.699999999992542,1008.6602540378441));
#8868=IFCCARTESIANPOINT((604.99062500000514,96.771067811858046,1007.0710678118651));
#8869=IFCCARTESIANPOINT((604.99062500000514,98.360254037836967,1005.));
#8870=IFCCARTESIANPOINT((604.99062500000514,99.359258262883273,1002.5881904510248));
#8871=IFCCARTESIANPOINT((604.99062500000514,99.699999999992599,1000.));
#8872=IFCCARTESIANPOINT((604.99062500000514,99.35925826288323,997.41180954897425));
#8873=IFCCARTESIANPOINT((604.99062500000514,98.360254037836896,995.));
#8874=IFCCARTESIANPOINT((604.99062500000514,96.771067811857961,992.9289321881339));
#8875=IFCCARTESIANPOINT((604.99062500000514,94.699999999992443,991.33974596215501));
#8876=IFCCARTESIANPOINT((604.99062500000514,92.288190451017613,990.34074173710871));
#8877=IFCCARTESIANPOINT((604.99062500000514,89.699999999992372,990.));
#8878=IFCCARTESIANPOINT((604.99062500000514,87.11180954896713,990.34074173710883));
#8879=IFCCARTESIANPOINT((604.99062500000514,84.699999999992357,991.33974596215512));
#8880=IFCCARTESIANPOINT((604.99062500000514,82.628932188126868,992.92893218813401));
#8881=IFCCARTESIANPOINT((604.99062500000514,81.039745962147947,995.));
#8882=IFCCARTESIANPOINT((604.99062500000514,80.040741737101669,997.41180954897436));
#8883=IFCPOLYLOOP((#8760,#8761,#8762,#8763,#8764,#8765,#8766,#8767,#8768,#8769,#8770,#8771,#8772,#8773,#8774,#8775,#8776,#8777,#8778,#8755,#8756,#8757,#8758,#8759));
#8884=IFCFACEOUTERBOUND(#8883,.T.);
#8885=IFCFACE((#8884));
#8886=IFCPOLYLOOP((#8780,#8756,#8755,#8779));
#8887=IFCFACEOUTERBOUND(#8886,.T.);
#8888=IFCFACE((#8887));
#8889=IFCPOLYLOOP((#8781,#8757,#8756,#8780));
#8890=IFCFACEOUTERBOUND(#8889,.T.);
#8891=IFCFACE((#8890));
#8892=IFCPOLYLOOP((#8758,#8782,#8783,#8759));
#8893=IFCFACEOUTERBOUND(#8892,.T.);
#8894=IFCFACE((#8893));
#8895=IFCPOLYLOOP((#8781,#8782,#8758,#8757));
#8896=IFCFACEOUTERBOUND(#8895,.T.);
#8897=IFCFACE((#8896));
#8898=IFCPOLYLOOP((#8759,#8783,#8784,#8760));
#8899=IFCFACEOUTERBOUND(#8898,.T.);
#8900=IFCFACE((#8899));
#8901=IFCPOLYLOOP((#8760,#8784,#8785,#8761));
#8902=IFCFACEOUTERBOUND(#8901,.T.);
#8903=IFCFACE((#8902));
#8904=IFCPOLYLOOP((#8787,#8763,#8762,#8786));
#8905=IFCFACEOUTERBOUND(#8904,.T.);
#8906=IFCFACE((#8905));
#8907=IFCPOLYLOOP((#8788,#8764,#8763,#8787));
#8908=IFCFACEOUTERBOUND(#8907,.T.);
#8909=IFCFACE((#8908));
#8910=IFCPOLYLOOP((#8765,#8789,#8790,#8766));
#8911=IFCFACEOUTERBOUND(#8910,.T.);
#8912=IFCFACE((#8911));
#8913=IFCPOLYLOOP((#8788,#8789,#8765,#8764));
#8914=IFCFACEOUTERBOUND(#8913,.T.);
#8915=IFCFACE((#8914));
#8916=IFCPOLYLOOP((#8766,#8790,#8791,#8767));
#8917=IFCFACEOUTERBOUND(#8916,.T.);
#8918=IFCFACE((#8917));
#8919=IFCPOLYLOOP((#8762,#8761,#8785,#8786));
#8920=IFCFACEOUTERBOUND(#8919,.T.);
#8921=IFCFACE((#8920));
#8922=IFCPOLYLOOP((#8792,#8768,#8767,#8791));
#8923=IFCFACEOUTERBOUND(#8922,.T.);
#8924=IFCFACE((#8923));
#8925=IFCPOLYLOOP((#8793,#8769,#8768,#8792));
#8926=IFCFACEOUTERBOUND(#8925,.T.);
#8927=IFCFACE((#8926));
#8928=IFCPOLYLOOP((#8770,#8794,#8795,#8771));
#8929=IFCFACEOUTERBOUND(#8928,.T.);
#8930=IFCFACE((#8929));
#8931=IFCPOLYLOOP((#8793,#8794,#8770,#8769));
#8932=IFCFACEOUTERBOUND(#8931,.T.);
#8933=IFCFACE((#8932));
#8934=IFCPOLYLOOP((#8771,#8795,#8796,#8772));
#8935=IFCFACEOUTERBOUND(#8934,.T.);
#8936=IFCFACE((#8935));
#8937=IFCPOLYLOOP((#8772,#8796,#8797,#8773));
#8938=IFCFACEOUTERBOUND(#8937,.T.);
#8939=IFCFACE((#8938));
#8940=IFCPOLYLOOP((#8799,#8775,#8774,#8798));
#8941=IFCFACEOUTERBOUND(#8940,.T.);
#8942=IFCFACE((#8941));
#8943=IFCPOLYLOOP((#8800,#8776,#8775,#8799));
#8944=IFCFACEOUTERBOUND(#8943,.T.);
#8945=IFCFACE((#8944));
#8946=IFCPOLYLOOP((#8777,#8801,#8802,#8778));
#8947=IFCFACEOUTERBOUND(#8946,.T.);
#8948=IFCFACE((#8947));
#8949=IFCPOLYLOOP((#8800,#8801,#8777,#8776));
#8950=IFCFACEOUTERBOUND(#8949,.T.);
#8951=IFCFACE((#8950));
#8952=IFCPOLYLOOP((#8778,#8802,#8779,#8755));
#8953=IFCFACEOUTERBOUND(#8952,.T.);
#8954=IFCFACE((#8953));
#8955=IFCPOLYLOOP((#8774,#8773,#8797,#8798));
#8956=IFCFACEOUTERBOUND(#8955,.T.);
#8957=IFCFACE((#8956));
#8958=IFCPOLYLOOP((#8780,#8823,#8781));
#8959=IFCFACEOUTERBOUND(#8958,.T.);
#8960=IFCFACE((#8959));
#8961=IFCPOLYLOOP((#8831,#8784,#8819));
#8962=IFCFACEOUTERBOUND(#8961,.T.);
#8963=IFCFACE((#8962));
#8964=IFCPOLYLOOP((#8830,#8827,#8833));
#8965=IFCFACEOUTERBOUND(#8964,.T.);
#8966=IFCFACE((#8965));
#8967=IFCPOLYLOOP((#8819,#8828,#8805,#8831));
#8968=IFCFACEOUTERBOUND(#8967,.T.);
#8969=IFCFACE((#8968));
#8970=IFCPOLYLOOP((#8819,#8783,#8782));
#8971=IFCFACEOUTERBOUND(#8970,.T.);
#8972=IFCFACE((#8971));
#8973=IFCPOLYLOOP((#8781,#8821,#8782));
#8974=IFCFACEOUTERBOUND(#8973,.T.);
#8975=IFCFACE((#8974));
#8976=IFCPOLYLOOP((#8783,#8819,#8784));
#8977=IFCFACEOUTERBOUND(#8976,.T.);
#8978=IFCFACE((#8977));
#8979=IFCPOLYLOOP((#8805,#8830,#8831));
#8980=IFCFACEOUTERBOUND(#8979,.T.);
#8981=IFCFACE((#8980));
#8982=IFCPOLYLOOP((#8831,#8787,#8786));
#8983=IFCFACEOUTERBOUND(#8982,.T.);
#8984=IFCFACE((#8983));
#8985=IFCPOLYLOOP((#8835,#8826,#8834));
#8986=IFCFACEOUTERBOUND(#8985,.T.);
#8987=IFCFACE((#8986));
#8988=IFCPOLYLOOP((#8806,#8829,#8826));
#8989=IFCFACEOUTERBOUND(#8988,.T.);
#8990=IFCFACE((#8989));
#8991=IFCPOLYLOOP((#8831,#8785,#8784));
#8992=IFCFACEOUTERBOUND(#8991,.T.);
#8993=IFCFACE((#8992));
#8994=IFCPOLYLOOP((#8831,#8786,#8785));
#8995=IFCFACEOUTERBOUND(#8994,.T.);
#8996=IFCFACE((#8995));
#8997=IFCPOLYLOOP((#8803,#8804,#8832));
#8998=IFCFACEOUTERBOUND(#8997,.T.);
#8999=IFCFACE((#8998));
#9000=IFCPOLYLOOP((#8787,#8831,#8830));
#9001=IFCFACEOUTERBOUND(#9000,.T.);
#9002=IFCFACE((#9001));
#9003=IFCPOLYLOOP((#8818,#8832,#8817));
#9004=IFCFACEOUTERBOUND(#9003,.T.);
#9005=IFCFACE((#9004));
#9006=IFCPOLYLOOP((#8836,#8820,#8812));
#9007=IFCFACEOUTERBOUND(#9006,.T.);
#9008=IFCFACE((#9007));
#9009=IFCPOLYLOOP((#8780,#8779,#8823));
#9010=IFCFACEOUTERBOUND(#9009,.T.);
#9011=IFCFACE((#9010));
#9012=IFCPOLYLOOP((#8830,#8833,#8789));
#9013=IFCFACEOUTERBOUND(#9012,.T.);
#9014=IFCFACE((#9013));
#9015=IFCPOLYLOOP((#8830,#8788,#8787));
#9016=IFCFACEOUTERBOUND(#9015,.T.);
#9017=IFCFACE((#9016));
#9018=IFCPOLYLOOP((#8827,#8835,#8834));
#9019=IFCFACEOUTERBOUND(#9018,.T.);
#9020=IFCFACE((#9019));
#9021=IFCPOLYLOOP((#8816,#8829,#8815));
#9022=IFCFACEOUTERBOUND(#9021,.T.);
#9023=IFCFACE((#9022));
#9024=IFCPOLYLOOP((#8804,#8833,#8834));
#9025=IFCFACEOUTERBOUND(#9024,.T.);
#9026=IFCFACE((#9025));
#9027=IFCPOLYLOOP((#8827,#8838,#8835));
#9028=IFCFACEOUTERBOUND(#9027,.T.);
#9029=IFCFACE((#9028));
#9030=IFCPOLYLOOP((#8835,#8837,#8826));
#9031=IFCFACEOUTERBOUND(#9030,.T.);
#9032=IFCFACE((#9031));
#9033=IFCPOLYLOOP((#8820,#8811,#8812));
#9034=IFCFACEOUTERBOUND(#9033,.T.);
#9035=IFCFACE((#9034));
#9036=IFCPOLYLOOP((#8833,#8827,#8834));
#9037=IFCFACEOUTERBOUND(#9036,.T.);
#9038=IFCFACE((#9037));
#9039=IFCPOLYLOOP((#8836,#8813,#8829));
#9040=IFCFACEOUTERBOUND(#9039,.T.);
#9041=IFCFACE((#9040));
#9042=IFCPOLYLOOP((#8812,#8813,#8836));
#9043=IFCFACEOUTERBOUND(#9042,.T.);
#9044=IFCFACE((#9043));
#9045=IFCPOLYLOOP((#8822,#8810,#8820));
#9046=IFCFACEOUTERBOUND(#9045,.T.);
#9047=IFCFACE((#9046));
#9048=IFCPOLYLOOP((#8806,#8826,#8837));
#9049=IFCFACEOUTERBOUND(#9048,.T.);
#9050=IFCFACE((#9049));
#9051=IFCPOLYLOOP((#8820,#8810,#8811));
#9052=IFCFACEOUTERBOUND(#9051,.T.);
#9053=IFCFACE((#9052));
#9054=IFCPOLYLOOP((#8829,#8806,#8836));
#9055=IFCFACEOUTERBOUND(#9054,.T.);
#9056=IFCFACE((#9055));
#9057=IFCPOLYLOOP((#8808,#8824,#8807));
#9058=IFCFACEOUTERBOUND(#9057,.T.);
#9059=IFCFACE((#9058));
#9060=IFCPOLYLOOP((#8826,#8832,#8834));
#9061=IFCFACEOUTERBOUND(#9060,.T.);
#9062=IFCFACE((#9061));
#9063=IFCPOLYLOOP((#8830,#8838,#8827));
#9064=IFCFACEOUTERBOUND(#9063,.T.);
#9065=IFCFACE((#9064));
#9066=IFCPOLYLOOP((#8819,#8782,#8821));
#9067=IFCFACEOUTERBOUND(#9066,.T.);
#9068=IFCFACE((#9067));
#9069=IFCPOLYLOOP((#8833,#8791,#8790));
#9070=IFCFACEOUTERBOUND(#9069,.T.);
#9071=IFCFACE((#9070));
#9072=IFCPOLYLOOP((#8825,#8837,#8835,#8838));
#9073=IFCFACEOUTERBOUND(#9072,.T.);
#9074=IFCFACE((#9073));
#9075=IFCPOLYLOOP((#8817,#8832,#8826));
#9076=IFCFACEOUTERBOUND(#9075,.T.);
#9077=IFCFACE((#9076));
#9078=IFCPOLYLOOP((#8822,#8809,#8810));
#9079=IFCFACEOUTERBOUND(#9078,.T.);
#9080=IFCFACE((#9079));
#9081=IFCPOLYLOOP((#8818,#8803,#8832));
#9082=IFCFACEOUTERBOUND(#9081,.T.);
#9083=IFCFACE((#9082));
#9084=IFCPOLYLOOP((#8809,#8824,#8808));
#9085=IFCFACEOUTERBOUND(#9084,.T.);
#9086=IFCFACE((#9085));
#9087=IFCPOLYLOOP((#8829,#8816,#8826));
#9088=IFCFACEOUTERBOUND(#9087,.T.);
#9089=IFCFACE((#9088));
#9090=IFCPOLYLOOP((#8823,#8821,#8781));
#9091=IFCFACEOUTERBOUND(#9090,.T.);
#9092=IFCFACE((#9091));
#9093=IFCPOLYLOOP((#8816,#8817,#8826));
#9094=IFCFACEOUTERBOUND(#9093,.T.);
#9095=IFCFACE((#9094));
#9096=IFCPOLYLOOP((#8822,#8824,#8809));
#9097=IFCFACEOUTERBOUND(#9096,.T.);
#9098=IFCFACE((#9097));
#9099=IFCPOLYLOOP((#8815,#8829,#8814));
#9100=IFCFACEOUTERBOUND(#9099,.T.);
#9101=IFCFACE((#9100));
#9102=IFCPOLYLOOP((#8813,#8814,#8829));
#9103=IFCFACEOUTERBOUND(#9102,.T.);
#9104=IFCFACE((#9103));
#9105=IFCPOLYLOOP((#8789,#8788,#8830));
#9106=IFCFACEOUTERBOUND(#9105,.T.);
#9107=IFCFACE((#9106));
#9108=IFCPOLYLOOP((#8804,#8834,#8832));
#9109=IFCFACEOUTERBOUND(#9108,.T.);
#9110=IFCFACE((#9109));
#9111=IFCPOLYLOOP((#8790,#8789,#8833));
#9112=IFCFACEOUTERBOUND(#9111,.T.);
#9113=IFCFACE((#9112));
#9114=IFCPOLYLOOP((#8838,#8830,#8805));
#9115=IFCFACEOUTERBOUND(#9114,.T.);
#9116=IFCFACE((#9115));
#9117=IFCPOLYLOOP((#8804,#8791,#8833));
#9118=IFCFACEOUTERBOUND(#9117,.T.);
#9119=IFCFACE((#9118));
#9120=IFCPOLYLOOP((#8854,#8805,#8828,#8819));
#9121=IFCFACEOUTERBOUND(#9120,.T.);
#9122=IFCFACE((#9121));
#9123=IFCPOLYLOOP((#8850,#8855,#8857));
#9124=IFCFACEOUTERBOUND(#9123,.T.);
#9125=IFCFACE((#9124));
#9126=IFCPOLYLOOP((#8804,#8803,#8856));
#9127=IFCFACEOUTERBOUND(#9126,.T.);
#9128=IFCFACE((#9127));
#9129=IFCPOLYLOOP((#8853,#8794,#8793));
#9130=IFCFACEOUTERBOUND(#9129,.T.);
#9131=IFCFACE((#9130));
#9132=IFCPOLYLOOP((#8850,#8853,#8855));
#9133=IFCFACEOUTERBOUND(#9132,.T.);
#9134=IFCFACE((#9133));
#9135=IFCPOLYLOOP((#8840,#8851,#8856));
#9136=IFCFACEOUTERBOUND(#9135,.T.);
#9137=IFCFACE((#9136));
#9138=IFCPOLYLOOP((#8793,#8855,#8853));
#9139=IFCFACEOUTERBOUND(#9138,.T.);
#9140=IFCFACE((#9139));
#9141=IFCPOLYLOOP((#8858,#8850,#8857));
#9142=IFCFACEOUTERBOUND(#9141,.T.);
#9143=IFCFACE((#9142));
#9144=IFCPOLYLOOP((#8792,#8855,#8793));
#9145=IFCFACEOUTERBOUND(#9144,.T.);
#9146=IFCFACE((#9145));
#9147=IFCPOLYLOOP((#8804,#8856,#8857));
#9148=IFCFACEOUTERBOUND(#9147,.T.);
#9149=IFCFACE((#9148));
#9150=IFCPOLYLOOP((#8858,#8857,#8851));
#9151=IFCFACEOUTERBOUND(#9150,.T.);
#9152=IFCFACE((#9151));
#9153=IFCPOLYLOOP((#8856,#8803,#8839));
#9154=IFCFACEOUTERBOUND(#9153,.T.);
#9155=IFCFACE((#9154));
#9156=IFCPOLYLOOP((#8823,#8779,#8802));
#9157=IFCFACEOUTERBOUND(#9156,.T.);
#9158=IFCFACE((#9157));
#9159=IFCPOLYLOOP((#8806,#8851,#8852));
#9160=IFCFACEOUTERBOUND(#9159,.T.);
#9161=IFCFACE((#9160));
#9162=IFCPOLYLOOP((#8836,#8806,#8852));
#9163=IFCFACEOUTERBOUND(#9162,.T.);
#9164=IFCFACE((#9163));
#9165=IFCPOLYLOOP((#8800,#8819,#8821));
#9166=IFCFACEOUTERBOUND(#9165,.T.);
#9167=IFCFACE((#9166));
#9168=IFCPOLYLOOP((#8797,#8854,#8798));
#9169=IFCFACEOUTERBOUND(#9168,.T.);
#9170=IFCFACE((#9169));
#9171=IFCPOLYLOOP((#8851,#8806,#8837));
#9172=IFCFACEOUTERBOUND(#9171,.T.);
#9173=IFCFACE((#9172));
#9174=IFCPOLYLOOP((#8819,#8800,#8799));
#9175=IFCFACEOUTERBOUND(#9174,.T.);
#9176=IFCFACE((#9175));
#9177=IFCPOLYLOOP((#8799,#8798,#8819));
#9178=IFCFACEOUTERBOUND(#9177,.T.);
#9179=IFCFACE((#9178));
#9180=IFCPOLYLOOP((#8853,#8838,#8805));
#9181=IFCFACEOUTERBOUND(#9180,.T.);
#9182=IFCFACE((#9181));
#9183=IFCPOLYLOOP((#8844,#8845,#8836));
#9184=IFCFACEOUTERBOUND(#9183,.T.);
#9185=IFCFACE((#9184));
#9186=IFCPOLYLOOP((#8798,#8854,#8819));
#9187=IFCFACEOUTERBOUND(#9186,.T.);
#9188=IFCFACE((#9187));
#9189=IFCPOLYLOOP((#8857,#8856,#8851));
#9190=IFCFACEOUTERBOUND(#9189,.T.);
#9191=IFCFACE((#9190));
#9192=IFCPOLYLOOP((#8804,#8857,#8855));
#9193=IFCFACEOUTERBOUND(#9192,.T.);
#9194=IFCFACE((#9193));
#9195=IFCPOLYLOOP((#8840,#8856,#8839));
#9196=IFCFACEOUTERBOUND(#9195,.T.);
#9197=IFCFACE((#9196));
#9198=IFCPOLYLOOP((#8851,#8840,#8841));
#9199=IFCFACEOUTERBOUND(#9198,.T.);
#9200=IFCFACE((#9199));
#9201=IFCPOLYLOOP((#8820,#8847,#8822));
#9202=IFCFACEOUTERBOUND(#9201,.T.);
#9203=IFCFACE((#9202));
#9204=IFCPOLYLOOP((#8837,#8858,#8851));
#9205=IFCFACEOUTERBOUND(#9204,.T.);
#9206=IFCFACE((#9205));
#9207=IFCPOLYLOOP((#8792,#8791,#8855));
#9208=IFCFACEOUTERBOUND(#9207,.T.);
#9209=IFCFACE((#9208));
#9210=IFCPOLYLOOP((#8821,#8801,#8800));
#9211=IFCFACEOUTERBOUND(#9210,.T.);
#9212=IFCFACE((#9211));
#9213=IFCPOLYLOOP((#8843,#8852,#8842));
#9214=IFCFACEOUTERBOUND(#9213,.T.);
#9215=IFCFACE((#9214));
#9216=IFCPOLYLOOP((#8821,#8823,#8801));
#9217=IFCFACEOUTERBOUND(#9216,.T.);
#9218=IFCFACE((#9217));
#9219=IFCPOLYLOOP((#8824,#8822,#8848));
#9220=IFCFACEOUTERBOUND(#9219,.T.);
#9221=IFCFACE((#9220));
#9222=IFCPOLYLOOP((#8852,#8841,#8842));
#9223=IFCFACEOUTERBOUND(#9222,.T.);
#9224=IFCFACE((#9223));
#9225=IFCPOLYLOOP((#8801,#8823,#8802));
#9226=IFCFACEOUTERBOUND(#9225,.T.);
#9227=IFCFACE((#9226));
#9228=IFCPOLYLOOP((#8843,#8844,#8852));
#9229=IFCFACEOUTERBOUND(#9228,.T.);
#9230=IFCFACE((#9229));
#9231=IFCPOLYLOOP((#8858,#8838,#8850));
#9232=IFCFACEOUTERBOUND(#9231,.T.);
#9233=IFCFACE((#9232));
#9234=IFCPOLYLOOP((#8825,#8838,#8858,#8837));
#9235=IFCFACEOUTERBOUND(#9234,.T.);
#9236=IFCFACE((#9235));
#9237=IFCPOLYLOOP((#8846,#8847,#8820));
#9238=IFCFACEOUTERBOUND(#9237,.T.);
#9239=IFCFACE((#9238));
#9240=IFCPOLYLOOP((#8820,#8845,#8846));
#9241=IFCFACEOUTERBOUND(#9240,.T.);
#9242=IFCFACE((#9241));
#9243=IFCPOLYLOOP((#8795,#8854,#8796));
#9244=IFCFACEOUTERBOUND(#9243,.T.);
#9245=IFCFACE((#9244));
#9246=IFCPOLYLOOP((#8836,#8845,#8820));
#9247=IFCFACEOUTERBOUND(#9246,.T.);
#9248=IFCFACE((#9247));
#9249=IFCPOLYLOOP((#8848,#8849,#8824));
#9250=IFCFACEOUTERBOUND(#9249,.T.);
#9251=IFCFACE((#9250));
#9252=IFCPOLYLOOP((#8853,#8850,#8838));
#9253=IFCFACEOUTERBOUND(#9252,.T.);
#9254=IFCFACE((#9253));
#9255=IFCPOLYLOOP((#8844,#8836,#8852));
#9256=IFCFACEOUTERBOUND(#9255,.T.);
#9257=IFCFACE((#9256));
#9258=IFCPOLYLOOP((#8854,#8797,#8796));
#9259=IFCFACEOUTERBOUND(#9258,.T.);
#9260=IFCFACE((#9259));
#9261=IFCPOLYLOOP((#8841,#8852,#8851));
#9262=IFCFACEOUTERBOUND(#9261,.T.);
#9263=IFCFACE((#9262));
#9264=IFCPOLYLOOP((#8848,#8822,#8847));
#9265=IFCFACEOUTERBOUND(#9264,.T.);
#9266=IFCFACE((#9265));
#9267=IFCPOLYLOOP((#8849,#8807,#8824));
#9268=IFCFACEOUTERBOUND(#9267,.T.);
#9269=IFCFACE((#9268));
#9270=IFCPOLYLOOP((#8805,#8854,#8853));
#9271=IFCFACEOUTERBOUND(#9270,.T.);
#9272=IFCFACE((#9271));
#9273=IFCPOLYLOOP((#8795,#8794,#8853));
#9274=IFCFACEOUTERBOUND(#9273,.T.);
#9275=IFCFACE((#9274));
#9276=IFCPOLYLOOP((#8791,#8804,#8855));
#9277=IFCFACEOUTERBOUND(#9276,.T.);
#9278=IFCFACE((#9277));
#9279=IFCPOLYLOOP((#8795,#8853,#8854));
#9280=IFCFACEOUTERBOUND(#9279,.T.);
#9281=IFCFACE((#9280));
#9282=IFCPOLYLOOP((#8880,#8881,#8882,#8859,#8860,#8861,#8862,#8863,#8864,#8865,#8866,#8867,#8868,#8869,#8870,#8871,#8872,#8873,#8874,#8875,#8876,#8877,#8878,#8879));
#9283=IFCFACEOUTERBOUND(#9282,.T.);
#9284=IFCFACE((#9283));
#9285=IFCPOLYLOOP((#8882,#8808,#8807,#8859));
#9286=IFCFACEOUTERBOUND(#9285,.T.);
#9287=IFCFACE((#9286));
#9288=IFCPOLYLOOP((#8881,#8809,#8808,#8882));
#9289=IFCFACEOUTERBOUND(#9288,.T.);
#9290=IFCFACE((#9289));
#9291=IFCPOLYLOOP((#8879,#8811,#8810,#8880));
#9292=IFCFACEOUTERBOUND(#9291,.T.);
#9293=IFCFACE((#9292));
#9294=IFCPOLYLOOP((#8880,#8810,#8809,#8881));
#9295=IFCFACEOUTERBOUND(#9294,.T.);
#9296=IFCFACE((#9295));
#9297=IFCPOLYLOOP((#8878,#8812,#8811,#8879));
#9298=IFCFACEOUTERBOUND(#9297,.T.);
#9299=IFCFACE((#9298));
#9300=IFCPOLYLOOP((#8812,#8878,#8877,#8813));
#9301=IFCFACEOUTERBOUND(#9300,.T.);
#9302=IFCFACE((#9301));
#9303=IFCPOLYLOOP((#8875,#8874,#8816,#8815));
#9304=IFCFACEOUTERBOUND(#9303,.T.);
#9305=IFCFACE((#9304));
#9306=IFCPOLYLOOP((#8876,#8875,#8815,#8814));
#9307=IFCFACEOUTERBOUND(#9306,.T.);
#9308=IFCFACE((#9307));
#9309=IFCPOLYLOOP((#8872,#8871,#8803,#8818));
#9310=IFCFACEOUTERBOUND(#9309,.T.);
#9311=IFCFACE((#9310));
#9312=IFCPOLYLOOP((#8873,#8872,#8818,#8817));
#9313=IFCFACEOUTERBOUND(#9312,.T.);
#9314=IFCFACE((#9313));
#9315=IFCPOLYLOOP((#8874,#8873,#8817,#8816));
#9316=IFCFACEOUTERBOUND(#9315,.T.);
#9317=IFCFACE((#9316));
#9318=IFCPOLYLOOP((#8814,#8813,#8877,#8876));
#9319=IFCFACEOUTERBOUND(#9318,.T.);
#9320=IFCFACE((#9319));
#9321=IFCPOLYLOOP((#8803,#8871,#8870,#8839));
#9322=IFCFACEOUTERBOUND(#9321,.T.);
#9323=IFCFACE((#9322));
#9324=IFCPOLYLOOP((#8869,#8840,#8839,#8870));
#9325=IFCFACEOUTERBOUND(#9324,.T.);
#9326=IFCFACE((#9325));
#9327=IFCPOLYLOOP((#8867,#8866,#8843,#8842));
#9328=IFCFACEOUTERBOUND(#9327,.T.);
#9329=IFCFACE((#9328));
#9330=IFCPOLYLOOP((#8868,#8867,#8842,#8841));
#9331=IFCFACEOUTERBOUND(#9330,.T.);
#9332=IFCFACE((#9331));
#9333=IFCPOLYLOOP((#8840,#8869,#8868,#8841));
#9334=IFCFACEOUTERBOUND(#9333,.T.);
#9335=IFCFACE((#9334));
#9336=IFCPOLYLOOP((#8843,#8866,#8865,#8844));
#9337=IFCFACEOUTERBOUND(#9336,.T.);
#9338=IFCFACE((#9337));
#9339=IFCPOLYLOOP((#8863,#8862,#8847,#8846));
#9340=IFCFACEOUTERBOUND(#9339,.T.);
#9341=IFCFACE((#9340));
#9342=IFCPOLYLOOP((#8864,#8863,#8846,#8845));
#9343=IFCFACEOUTERBOUND(#9342,.T.);
#9344=IFCFACE((#9343));
#9345=IFCPOLYLOOP((#8860,#8859,#8807,#8849));
#9346=IFCFACEOUTERBOUND(#9345,.T.);
#9347=IFCFACE((#9346));
#9348=IFCPOLYLOOP((#8861,#8860,#8849,#8848));
#9349=IFCFACEOUTERBOUND(#9348,.T.);
#9350=IFCFACE((#9349));
#9351=IFCPOLYLOOP((#8862,#8861,#8848,#8847));
#9352=IFCFACEOUTERBOUND(#9351,.T.);
#9353=IFCFACE((#9352));
#9354=IFCPOLYLOOP((#8864,#8845,#8844,#8865));
#9355=IFCFACEOUTERBOUND(#9354,.T.);
#9356=IFCFACE((#9355));
#9357=IFCCARTESIANPOINT((757.49062500001969,134.69999999999916,1000.));
#9358=IFCCARTESIANPOINT((756.46839978869173,134.69999999999916,1007.7645713530758));
#9359=IFCCARTESIANPOINT((753.47138711355296,134.69999999999916,1015.));
#9360=IFCCARTESIANPOINT((748.70382843561629,134.69999999999916,1021.2132034355967));
#9361=IFCCARTESIANPOINT((742.49062500001992,134.69999999999916,1025.9807621135335));
#9362=IFCCARTESIANPOINT((735.25519635309558,134.69999999999916,1028.9777747886724));
#9363=IFCCARTESIANPOINT((727.49062500001992,134.69999999999916,1030.));
#9364=IFCCARTESIANPOINT((719.72605364694425,134.69999999999916,1028.9777747886724));
#9365=IFCCARTESIANPOINT((712.49062500001992,134.69999999999916,1025.9807621135337));
#9366=IFCCARTESIANPOINT((706.27742156442343,134.69999999999916,1021.2132034355968));
#9367=IFCCARTESIANPOINT((701.50986288648664,134.69999999999916,1015.));
#9368=IFCCARTESIANPOINT((698.51285021134777,134.69999999999916,1007.7645713530761));
#9369=IFCCARTESIANPOINT((697.4906250000198,134.69999999999916,1000.));
#9370=IFCCARTESIANPOINT((698.51285021134765,134.69999999999916,992.23542864692467));
#9371=IFCCARTESIANPOINT((701.50986288648653,134.69999999999916,985.));
#9372=IFCCARTESIANPOINT((706.27742156442332,134.69999999999916,978.78679656440397));
#9373=IFCCARTESIANPOINT((712.49062500001969,134.69999999999916,974.01923788646718));
#9374=IFCCARTESIANPOINT((719.72605364694402,134.69999999999916,971.02222521132819));
#9375=IFCCARTESIANPOINT((727.4906250000198,134.69999999999916,970.));
#9376=IFCCARTESIANPOINT((735.25519635309524,134.69999999999916,971.02222521132819));
#9377=IFCCARTESIANPOINT((742.49062500001958,134.69999999999916,974.01923788646718));
#9378=IFCCARTESIANPOINT((748.70382843561617,134.69999999999916,978.78679656440386));
#9379=IFCCARTESIANPOINT((753.47138711355274,134.69999999999916,985.));
#9380=IFCCARTESIANPOINT((756.46839978869173,134.69999999999916,992.23542864692456));
#9381=IFCCARTESIANPOINT((757.49062500001969,142.69999999999914,1000.));
#9382=IFCCARTESIANPOINT((756.46839978869173,142.69999999999914,992.23542864692456));
#9383=IFCCARTESIANPOINT((753.47138711355274,142.69999999999914,985.));
#9384=IFCCARTESIANPOINT((748.70382843561617,142.69999999999914,978.78679656440386));
#9385=IFCCARTESIANPOINT((742.49062500001958,142.69999999999914,974.01923788646718));
#9386=IFCCARTESIANPOINT((735.25519635309524,142.69999999999914,971.02222521132819));
#9387=IFCCARTESIANPOINT((727.4906250000198,142.69999999999914,970.));
#9388=IFCCARTESIANPOINT((719.72605364694402,142.69999999999914,971.02222521132819));
#9389=IFCCARTESIANPOINT((712.49062500001969,142.69999999999914,974.01923788646718));
#9390=IFCCARTESIANPOINT((706.27742156442332,142.69999999999914,978.78679656440397));
#9391=IFCCARTESIANPOINT((701.50986288648653,142.69999999999914,985.));
#9392=IFCCARTESIANPOINT((698.51285021134765,142.69999999999914,992.23542864692467));
#9393=IFCCARTESIANPOINT((697.4906250000198,142.69999999999914,1000.));
#9394=IFCCARTESIANPOINT((698.51285021134777,142.69999999999914,1007.7645713530761));
#9395=IFCCARTESIANPOINT((701.50986288648664,142.69999999999914,1015.));
#9396=IFCCARTESIANPOINT((706.27742156442343,142.69999999999914,1021.2132034355968));
#9397=IFCCARTESIANPOINT((712.49062500001992,142.69999999999914,1025.9807621135337));
#9398=IFCCARTESIANPOINT((719.72605364694425,142.69999999999914,1028.9777747886724));
#9399=IFCCARTESIANPOINT((727.49062500001992,142.69999999999914,1030.));
#9400=IFCCARTESIANPOINT((735.25519635309558,142.69999999999914,1028.9777747886724));
#9401=IFCCARTESIANPOINT((742.49062500001992,142.69999999999914,1025.9807621135335));
#9402=IFCCARTESIANPOINT((748.70382843561629,142.69999999999914,1021.2132034355967));
#9403=IFCCARTESIANPOINT((753.47138711355296,142.69999999999914,1015.));
#9404=IFCCARTESIANPOINT((756.46839978869173,142.69999999999914,1007.7645713530758));
#9405=IFCPOLYLOOP((#9364,#9365,#9366,#9367,#9368,#9369,#9370,#9371,#9372,#9373,#9374,#9375,#9376,#9377,#9378,#9379,#9380,#9357,#9358,#9359,#9360,#9361,#9362,#9363));
#9406=IFCFACEOUTERBOUND(#9405,.T.);
#9407=IFCFACE((#9406));
#9408=IFCPOLYLOOP((#9388,#9389,#9390,#9391,#9392,#9393,#9394,#9395,#9396,#9397,#9398,#9399,#9400,#9401,#9402,#9403,#9404,#9381,#9382,#9383,#9384,#9385,#9386,#9387));
#9409=IFCFACEOUTERBOUND(#9408,.T.);
#9410=IFCFACE((#9409));
#9411=IFCPOLYLOOP((#9404,#9358,#9357,#9381));
#9412=IFCFACEOUTERBOUND(#9411,.T.);
#9413=IFCFACE((#9412));
#9414=IFCPOLYLOOP((#9403,#9359,#9358,#9404));
#9415=IFCFACEOUTERBOUND(#9414,.T.);
#9416=IFCFACE((#9415));
#9417=IFCPOLYLOOP((#9361,#9360,#9402,#9401));
#9418=IFCFACEOUTERBOUND(#9417,.T.);
#9419=IFCFACE((#9418));
#9420=IFCPOLYLOOP((#9403,#9402,#9360,#9359));
#9421=IFCFACEOUTERBOUND(#9420,.T.);
#9422=IFCFACE((#9421));
#9423=IFCPOLYLOOP((#9362,#9361,#9401,#9400));
#9424=IFCFACEOUTERBOUND(#9423,.T.);
#9425=IFCFACE((#9424));
#9426=IFCPOLYLOOP((#9363,#9362,#9400,#9399));
#9427=IFCFACEOUTERBOUND(#9426,.T.);
#9428=IFCFACE((#9427));
#9429=IFCPOLYLOOP((#9398,#9364,#9363,#9399));
#9430=IFCFACEOUTERBOUND(#9429,.T.);
#9431=IFCFACE((#9430));
#9432=IFCPOLYLOOP((#9397,#9365,#9364,#9398));
#9433=IFCFACEOUTERBOUND(#9432,.T.);
#9434=IFCFACE((#9433));
#9435=IFCPOLYLOOP((#9367,#9366,#9396,#9395));
#9436=IFCFACEOUTERBOUND(#9435,.T.);
#9437=IFCFACE((#9436));
#9438=IFCPOLYLOOP((#9397,#9396,#9366,#9365));
#9439=IFCFACEOUTERBOUND(#9438,.T.);
#9440=IFCFACE((#9439));
#9441=IFCPOLYLOOP((#9368,#9367,#9395,#9394));
#9442=IFCFACEOUTERBOUND(#9441,.T.);
#9443=IFCFACE((#9442));
#9444=IFCPOLYLOOP((#9369,#9368,#9394,#9393));
#9445=IFCFACEOUTERBOUND(#9444,.T.);
#9446=IFCFACE((#9445));
#9447=IFCPOLYLOOP((#9392,#9370,#9369,#9393));
#9448=IFCFACEOUTERBOUND(#9447,.T.);
#9449=IFCFACE((#9448));
#9450=IFCPOLYLOOP((#9391,#9371,#9370,#9392));
#9451=IFCFACEOUTERBOUND(#9450,.T.);
#9452=IFCFACE((#9451));
#9453=IFCPOLYLOOP((#9373,#9372,#9390,#9389));
#9454=IFCFACEOUTERBOUND(#9453,.T.);
#9455=IFCFACE((#9454));
#9456=IFCPOLYLOOP((#9391,#9390,#9372,#9371));
#9457=IFCFACEOUTERBOUND(#9456,.T.);
#9458=IFCFACE((#9457));
#9459=IFCPOLYLOOP((#9374,#9373,#9389,#9388));
#9460=IFCFACEOUTERBOUND(#9459,.T.);
#9461=IFCFACE((#9460));
#9462=IFCPOLYLOOP((#9375,#9374,#9388,#9387));
#9463=IFCFACEOUTERBOUND(#9462,.T.);
#9464=IFCFACE((#9463));
#9465=IFCPOLYLOOP((#9386,#9376,#9375,#9387));
#9466=IFCFACEOUTERBOUND(#9465,.T.);
#9467=IFCFACE((#9466));
#9468=IFCPOLYLOOP((#9385,#9377,#9376,#9386));
#9469=IFCFACEOUTERBOUND(#9468,.T.);
#9470=IFCFACE((#9469));
#9471=IFCPOLYLOOP((#9379,#9378,#9384,#9383));
#9472=IFCFACEOUTERBOUND(#9471,.T.);
#9473=IFCFACE((#9472));
#9474=IFCPOLYLOOP((#9385,#9384,#9378,#9377));
#9475=IFCFACEOUTERBOUND(#9474,.T.);
#9476=IFCFACE((#9475));
#9477=IFCPOLYLOOP((#9380,#9379,#9383,#9382));
#9478=IFCFACEOUTERBOUND(#9477,.T.);
#9479=IFCFACE((#9478));
#9480=IFCPOLYLOOP((#9357,#9380,#9382,#9381));
#9481=IFCFACEOUTERBOUND(#9480,.T.);
#9482=IFCFACE((#9481));
#9483=IFCCARTESIANPOINT((734.9906250000198,195.69999999999823,1000.));
#9484=IFCCARTESIANPOINT((734.64988326291052,195.69999999999823,1002.5881904510252));
#9485=IFCCARTESIANPOINT((733.65087903786423,195.69999999999823,1005.));
#9486=IFCCARTESIANPOINT((732.06169281188522,195.69999999999823,1007.0710678118656));
#9487=IFCCARTESIANPOINT((729.9906250000198,195.69999999999823,1008.6602540378444));
#9488=IFCCARTESIANPOINT((727.57881545104499,195.69999999999823,1009.6592582628907));
#9489=IFCCARTESIANPOINT((724.99062500001969,195.69999999999823,1010.));
#9490=IFCCARTESIANPOINT((722.40243454899439,195.69999999999823,1009.6592582628906));
#9491=IFCCARTESIANPOINT((719.99062500001958,195.69999999999823,1008.6602540378443));
#9492=IFCCARTESIANPOINT((717.91955718815416,195.69999999999823,1007.0710678118654));
#9493=IFCCARTESIANPOINT((716.33037096217527,195.69999999999823,1005.));
#9494=IFCCARTESIANPOINT((715.33136673712897,195.69999999999823,1002.5881904510251));
#9495=IFCCARTESIANPOINT((714.99062500001969,195.69999999999823,1000.));
#9496=IFCCARTESIANPOINT((715.33136673712897,195.69999999999823,997.41180954897447));
#9497=IFCCARTESIANPOINT((716.33037096217538,195.69999999999823,995.));
#9498=IFCCARTESIANPOINT((717.91955718815439,195.69999999999823,992.92893218813424));
#9499=IFCCARTESIANPOINT((719.99062500001992,195.69999999999823,991.33974596215546));
#9500=IFCCARTESIANPOINT((722.40243454899462,195.69999999999823,990.34074173710906));
#9501=IFCCARTESIANPOINT((724.99062500001992,195.69999999999823,990.));
#9502=IFCCARTESIANPOINT((727.5788154510451,195.69999999999823,990.34074173710928));
#9503=IFCCARTESIANPOINT((729.99062500002003,195.69999999999823,991.33974596215558));
#9504=IFCCARTESIANPOINT((732.06169281188545,195.69999999999823,992.92893218813458));
#9505=IFCCARTESIANPOINT((733.65087903786434,195.69999999999823,995.));
#9506=IFCCARTESIANPOINT((734.64988326291063,195.69999999999823,997.41180954897482));
#9507=IFCCARTESIANPOINT((714.99062500001969,225.69999999999783,1000.));
#9508=IFCCARTESIANPOINT((715.33136673712897,225.69999999999783,997.41180954897447));
#9509=IFCCARTESIANPOINT((716.33037096217538,225.69999999999783,995.));
#9510=IFCCARTESIANPOINT((717.91955718815439,225.69999999999783,992.92893218813424));
#9511=IFCCARTESIANPOINT((719.99062500001992,225.69999999999783,991.33974596215546));
#9512=IFCCARTESIANPOINT((722.40243454899462,225.69999999999783,990.34074173710906));
#9513=IFCCARTESIANPOINT((724.99062500001992,225.69999999999783,990.));
#9514=IFCCARTESIANPOINT((727.57881545104522,225.69999999999783,990.34074173710928));
#9515=IFCCARTESIANPOINT((729.99062500002003,225.69999999999783,991.33974596215558));
#9516=IFCCARTESIANPOINT((732.06169281188545,225.69999999999783,992.92893218813458));
#9517=IFCCARTESIANPOINT((733.65087903786434,225.69999999999783,995.));
#9518=IFCCARTESIANPOINT((734.64988326291063,225.69999999999783,997.41180954897482));
#9519=IFCCARTESIANPOINT((734.99062500002003,225.69999999999783,1000.));
#9520=IFCCARTESIANPOINT((734.64988326291052,225.69999999999783,1002.5881904510252));
#9521=IFCCARTESIANPOINT((733.65087903786423,225.69999999999783,1005.));
#9522=IFCCARTESIANPOINT((732.06169281188522,225.69999999999783,1007.0710678118656));
#9523=IFCCARTESIANPOINT((729.9906250000198,225.69999999999783,1008.6602540378444));
#9524=IFCCARTESIANPOINT((727.57881545104499,225.69999999999783,1009.6592582628907));
#9525=IFCCARTESIANPOINT((724.99062500001969,225.69999999999783,1010.));
#9526=IFCCARTESIANPOINT((722.40243454899439,225.69999999999783,1009.6592582628906));
#9527=IFCCARTESIANPOINT((719.99062500001958,225.69999999999783,1008.6602540378443));
#9528=IFCCARTESIANPOINT((717.91955718815416,225.69999999999783,1007.0710678118654));
#9529=IFCCARTESIANPOINT((716.33037096217527,225.69999999999783,1005.));
#9530=IFCCARTESIANPOINT((715.33136673712897,225.69999999999783,1002.5881904510251));
#9531=IFCCARTESIANPOINT((709.99062500001264,230.70000000000482,1000.));
#9532=IFCCARTESIANPOINT((709.99062500001264,231.04074173711422,997.41180954897436));
#9533=IFCCARTESIANPOINT((709.99062500001264,232.03974596216054,995.));
#9534=IFCCARTESIANPOINT((709.99062500001276,233.62893218813946,992.92893218813413));
#9535=IFCCARTESIANPOINT((709.99062500001276,235.70000000000496,991.33974596215523));
#9536=IFCCARTESIANPOINT((709.99062500001276,238.11180954897981,990.34074173710894));
#9537=IFCCARTESIANPOINT((709.99062500001276,240.70000000000505,990.));
#9538=IFCCARTESIANPOINT((709.99062500001276,243.28819045103026,990.34074173710906));
#9539=IFCCARTESIANPOINT((709.99062500001276,245.70000000000505,991.33974596215546));
#9540=IFCCARTESIANPOINT((709.99062500001276,247.77106781187058,992.92893218813435));
#9541=IFCCARTESIANPOINT((709.99062500001264,249.3602540378495,995.));
#9542=IFCCARTESIANPOINT((709.99062500001264,250.35925826289574,997.41180954897482));
#9543=IFCCARTESIANPOINT((709.99062500001264,250.70000000000499,1000.));
#9544=IFCCARTESIANPOINT((722.49062500001628,247.350635094615,1000.));
#9545=IFCCARTESIANPOINT((731.64126009462996,238.20000000000141,1000.));
#9546=IFCCARTESIANPOINT((713.52615890595041,229.23553390593554,1000.));
#9547=IFCCARTESIANPOINT((716.35682278135835,248.99418244563668,1000.));
#9548=IFCCARTESIANPOINT((733.28480745653553,232.06619774072405,1000.));
#9549=IFCCARTESIANPOINT((713.17372389068555,249.84709122282084,1000.));
#9550=IFCCARTESIANPOINT((734.13771622827767,228.88309887036095,1000.));
#9551=IFCCARTESIANPOINT((711.5821744453491,250.27354561141294,1000.));
#9552=IFCCARTESIANPOINT((734.56417061414879,227.29154943517938,1000.));
#9553=IFCCARTESIANPOINT((727.06594254732306,242.77531754730822,1000.));
#9554=IFCCARTESIANPOINT((719.52829689515409,239.45291504669726,990.15192265530266));
#9555=IFCCARTESIANPOINT((723.74353941188519,235.23767116981011,990.15192249043628));
#9556=IFCCARTESIANPOINT((732.46303377558274,235.13309887036272,1000.));
#9557=IFCCARTESIANPOINT((717.00124280924615,244.37037631829457,991.30720684254936));
#9558=IFCCARTESIANPOINT((726.02571171369925,232.28387558711157,990.27621867719517));
#9559=IFCCARTESIANPOINT((730.01896274041599,231.66013552063163,991.92330310307204));
#9560=IFCCARTESIANPOINT((714.00908253788737,233.07636936548141,992.48740540409506));
#9561=IFCCARTESIANPOINT((717.36699465807703,229.71845761512085,992.48740514590827));
#9562=IFCCARTESIANPOINT((718.49190793288574,234.20128259461453,990.45352084780097));
#9563=IFCCARTESIANPOINT((724.91113463869078,240.37176186953459,991.94476265457013));
#9564=IFCCARTESIANPOINT((719.42372389068737,248.17240877012586,1000.));
#9565=IFCCARTESIANPOINT((724.77828377366973,245.06297632096164,1000.));
#9566=IFCCARTESIANPOINT((729.35360132097651,240.48765877365486,1000.));
#9567=IFCCARTESIANPOINT((709.99062500001264,250.35925826289568,1002.5881904510251));
#9568=IFCCARTESIANPOINT((709.99062500001264,249.36025403784936,1005.));
#9569=IFCCARTESIANPOINT((709.99062500001264,247.77106781187044,1007.0710678118653));
#9570=IFCCARTESIANPOINT((709.99062500001264,245.70000000000491,1008.6602540378443));
#9571=IFCCARTESIANPOINT((709.99062500001264,243.28819045103006,1009.6592582628906));
#9572=IFCCARTESIANPOINT((709.99062500001264,240.70000000000485,1010.));
#9573=IFCCARTESIANPOINT((709.99062500001264,238.11180954897961,1009.6592582628906));
#9574=IFCCARTESIANPOINT((709.99062500001264,235.70000000000482,1008.6602540378442));
#9575=IFCCARTESIANPOINT((709.99062500001264,233.62893218813934,1007.0710678118653));
#9576=IFCCARTESIANPOINT((709.99062500001264,232.03974596216042,1005.));
#9577=IFCCARTESIANPOINT((709.99062500001264,231.04074173711413,1002.588190451025));
#9578=IFCCARTESIANPOINT((723.7435394119974,235.23767116992957,1009.8480775095352));
#9579=IFCCARTESIANPOINT((719.52829689561349,239.45291504680731,1009.8480773446348));
#9580=IFCCARTESIANPOINT((717.00124280933017,244.3703763183303,1008.6927931574145));
#9581=IFCCARTESIANPOINT((726.02571171371972,232.28387558714067,1009.7237813227974));
#9582=IFCCARTESIANPOINT((730.01896274042224,231.66013552065235,1008.0766968969189));
#9583=IFCCARTESIANPOINT((717.36699465814559,229.71845761516204,1007.5125948541618));
#9584=IFCCARTESIANPOINT((714.00908253787782,233.07636936547556,1007.512594595896));
#9585=IFCCARTESIANPOINT((718.49190793327693,234.20128259495505,1009.54647915236));
#9586=IFCCARTESIANPOINT((724.66238726293489,240.62050930574972,1008.0552373171574));
#9587=IFCCARTESIANPOINT((604.99062500000502,250.70000000000493,1000.));
#9588=IFCCARTESIANPOINT((604.99062500000502,250.35925826289568,997.41180954897436));
#9589=IFCCARTESIANPOINT((604.99062500000502,249.36025403784939,995.));
#9590=IFCCARTESIANPOINT((604.99062500000514,247.77106781187044,992.92893218813401));
#9591=IFCCARTESIANPOINT((604.99062500000514,245.70000000000499,991.33974596215512));
#9592=IFCCARTESIANPOINT((604.99062500000514,243.2881904510302,990.34074173710883));
#9593=IFCCARTESIANPOINT((604.99062500000514,240.70000000000496,990.));
#9594=IFCCARTESIANPOINT((604.99062500000514,238.11180954897975,990.34074173710871));
#9595=IFCCARTESIANPOINT((604.99062500000514,235.70000000000491,991.33974596215501));
#9596=IFCCARTESIANPOINT((604.99062500000514,233.62893218813937,992.9289321881339));
#9597=IFCCARTESIANPOINT((604.99062500000502,232.03974596216045,995.));
#9598=IFCCARTESIANPOINT((604.99062500000502,231.0407417371141,997.41180954897425));
#9599=IFCCARTESIANPOINT((604.99062500000502,230.70000000000474,1000.));
#9600=IFCCARTESIANPOINT((604.99062500000502,231.04074173711408,1002.5881904510248));
#9601=IFCCARTESIANPOINT((604.99062500000502,232.0397459621604,1005.));
#9602=IFCCARTESIANPOINT((604.99062500000502,233.62893218813929,1007.0710678118651));
#9603=IFCCARTESIANPOINT((604.99062500000502,235.70000000000482,1008.6602540378441));
#9604=IFCCARTESIANPOINT((604.99062500000502,238.11180954897961,1009.6592582628904));
#9605=IFCCARTESIANPOINT((604.99062500000502,240.70000000000485,1010.));
#9606=IFCCARTESIANPOINT((604.99062500000502,243.28819045103006,1009.6592582628904));
#9607=IFCCARTESIANPOINT((604.99062500000502,245.70000000000491,1008.6602540378441));
#9608=IFCCARTESIANPOINT((604.99062500000502,247.77106781187038,1007.0710678118651));
#9609=IFCCARTESIANPOINT((604.99062500000502,249.36025403784933,1005.));
#9610=IFCCARTESIANPOINT((604.99062500000502,250.35925826289559,1002.5881904510248));
#9611=IFCPOLYLOOP((#9504,#9505,#9506,#9483,#9484,#9485,#9486,#9487,#9488,#9489,#9490,#9491,#9492,#9493,#9494,#9495,#9496,#9497,#9498,#9499,#9500,#9501,#9502,#9503));
#9612=IFCFACEOUTERBOUND(#9611,.T.);
#9613=IFCFACE((#9612));
#9614=IFCPOLYLOOP((#9519,#9483,#9506,#9518));
#9615=IFCFACEOUTERBOUND(#9614,.T.);
#9616=IFCFACE((#9615));
#9617=IFCPOLYLOOP((#9518,#9506,#9505,#9517));
#9618=IFCFACEOUTERBOUND(#9617,.T.);
#9619=IFCFACE((#9618));
#9620=IFCPOLYLOOP((#9515,#9516,#9504,#9503));
#9621=IFCFACEOUTERBOUND(#9620,.T.);
#9622=IFCFACE((#9621));
#9623=IFCPOLYLOOP((#9505,#9504,#9516,#9517));
#9624=IFCFACEOUTERBOUND(#9623,.T.);
#9625=IFCFACE((#9624));
#9626=IFCPOLYLOOP((#9514,#9515,#9503,#9502));
#9627=IFCFACEOUTERBOUND(#9626,.T.);
#9628=IFCFACE((#9627));
#9629=IFCPOLYLOOP((#9501,#9513,#9514,#9502));
#9630=IFCFACEOUTERBOUND(#9629,.T.);
#9631=IFCFACE((#9630));
#9632=IFCPOLYLOOP((#9512,#9500,#9499,#9511));
#9633=IFCFACEOUTERBOUND(#9632,.T.);
#9634=IFCFACE((#9633));
#9635=IFCPOLYLOOP((#9511,#9499,#9498,#9510));
#9636=IFCFACEOUTERBOUND(#9635,.T.);
#9637=IFCFACE((#9636));
#9638=IFCPOLYLOOP((#9508,#9509,#9497,#9496));
#9639=IFCFACEOUTERBOUND(#9638,.T.);
#9640=IFCFACE((#9639));
#9641=IFCPOLYLOOP((#9498,#9497,#9509,#9510));
#9642=IFCFACEOUTERBOUND(#9641,.T.);
#9643=IFCFACE((#9642));
#9644=IFCPOLYLOOP((#9507,#9508,#9496,#9495));
#9645=IFCFACEOUTERBOUND(#9644,.T.);
#9646=IFCFACE((#9645));
#9647=IFCPOLYLOOP((#9512,#9513,#9501,#9500));
#9648=IFCFACEOUTERBOUND(#9647,.T.);
#9649=IFCFACE((#9648));
#9650=IFCPOLYLOOP((#9507,#9495,#9494,#9530));
#9651=IFCFACEOUTERBOUND(#9650,.T.);
#9652=IFCFACE((#9651));
#9653=IFCPOLYLOOP((#9530,#9494,#9493,#9529));
#9654=IFCFACEOUTERBOUND(#9653,.T.);
#9655=IFCFACE((#9654));
#9656=IFCPOLYLOOP((#9527,#9528,#9492,#9491));
#9657=IFCFACEOUTERBOUND(#9656,.T.);
#9658=IFCFACE((#9657));
#9659=IFCPOLYLOOP((#9493,#9492,#9528,#9529));
#9660=IFCFACEOUTERBOUND(#9659,.T.);
#9661=IFCFACE((#9660));
#9662=IFCPOLYLOOP((#9526,#9527,#9491,#9490));
#9663=IFCFACEOUTERBOUND(#9662,.T.);
#9664=IFCFACE((#9663));
#9665=IFCPOLYLOOP((#9489,#9525,#9526,#9490));
#9666=IFCFACEOUTERBOUND(#9665,.T.);
#9667=IFCFACE((#9666));
#9668=IFCPOLYLOOP((#9524,#9488,#9487,#9523));
#9669=IFCFACEOUTERBOUND(#9668,.T.);
#9670=IFCFACE((#9669));
#9671=IFCPOLYLOOP((#9523,#9487,#9486,#9522));
#9672=IFCFACEOUTERBOUND(#9671,.T.);
#9673=IFCFACE((#9672));
#9674=IFCPOLYLOOP((#9520,#9521,#9485,#9484));
#9675=IFCFACEOUTERBOUND(#9674,.T.);
#9676=IFCFACE((#9675));
#9677=IFCPOLYLOOP((#9486,#9485,#9521,#9522));
#9678=IFCFACEOUTERBOUND(#9677,.T.);
#9679=IFCFACE((#9678));
#9680=IFCPOLYLOOP((#9519,#9520,#9484,#9483));
#9681=IFCFACEOUTERBOUND(#9680,.T.);
#9682=IFCFACE((#9681));
#9683=IFCPOLYLOOP((#9524,#9525,#9489,#9488));
#9684=IFCFACEOUTERBOUND(#9683,.T.);
#9685=IFCFACE((#9684));
#9686=IFCPOLYLOOP((#9517,#9552,#9518));
#9687=IFCFACEOUTERBOUND(#9686,.T.);
#9688=IFCFACE((#9687));
#9689=IFCPOLYLOOP((#9548,#9514,#9559));
#9690=IFCFACEOUTERBOUND(#9689,.T.);
#9691=IFCFACE((#9690));
#9692=IFCPOLYLOOP((#9561,#9555,#9558));
#9693=IFCFACEOUTERBOUND(#9692,.T.);
#9694=IFCFACE((#9693));
#9695=IFCPOLYLOOP((#9559,#9545,#9556,#9548));
#9696=IFCFACEOUTERBOUND(#9695,.T.);
#9697=IFCFACE((#9696));
#9698=IFCPOLYLOOP((#9516,#9515,#9548));
#9699=IFCFACEOUTERBOUND(#9698,.T.);
#9700=IFCFACE((#9699));
#9701=IFCPOLYLOOP((#9516,#9550,#9517));
#9702=IFCFACEOUTERBOUND(#9701,.T.);
#9703=IFCFACE((#9702));
#9704=IFCPOLYLOOP((#9514,#9548,#9515));
#9705=IFCFACEOUTERBOUND(#9704,.T.);
#9706=IFCFACE((#9705));
#9707=IFCPOLYLOOP((#9559,#9558,#9545));
#9708=IFCFACEOUTERBOUND(#9707,.T.);
#9709=IFCFACE((#9708));
#9710=IFCPOLYLOOP((#9512,#9511,#9559));
#9711=IFCFACEOUTERBOUND(#9710,.T.);
#9712=IFCFACE((#9711));
#9713=IFCPOLYLOOP((#9562,#9554,#9563));
#9714=IFCFACEOUTERBOUND(#9713,.T.);
#9715=IFCFACE((#9714));
#9716=IFCPOLYLOOP((#9554,#9557,#9544));
#9717=IFCFACEOUTERBOUND(#9716,.T.);
#9718=IFCFACE((#9717));
#9719=IFCPOLYLOOP((#9514,#9513,#9559));
#9720=IFCFACEOUTERBOUND(#9719,.T.);
#9721=IFCFACE((#9720));
#9722=IFCPOLYLOOP((#9513,#9512,#9559));
#9723=IFCFACEOUTERBOUND(#9722,.T.);
#9724=IFCFACE((#9723));
#9725=IFCPOLYLOOP((#9560,#9546,#9531));
#9726=IFCFACEOUTERBOUND(#9725,.T.);
#9727=IFCFACE((#9726));
#9728=IFCPOLYLOOP((#9558,#9559,#9511));
#9729=IFCFACEOUTERBOUND(#9728,.T.);
#9730=IFCFACE((#9729));
#9731=IFCPOLYLOOP((#9533,#9560,#9532));
#9732=IFCFACEOUTERBOUND(#9731,.T.);
#9733=IFCFACE((#9732));
#9734=IFCPOLYLOOP((#9538,#9547,#9564));
#9735=IFCFACEOUTERBOUND(#9734,.T.);
#9736=IFCFACE((#9735));
#9737=IFCPOLYLOOP((#9542,#9551,#9541));
#9738=IFCFACEOUTERBOUND(#9737,.T.);
#9739=IFCFACE((#9738));
#9740=IFCPOLYLOOP((#9509,#9561,#9558));
#9741=IFCFACEOUTERBOUND(#9740,.T.);
#9742=IFCFACE((#9741));
#9743=IFCPOLYLOOP((#9511,#9510,#9558));
#9744=IFCFACEOUTERBOUND(#9743,.T.);
#9745=IFCFACE((#9744));
#9746=IFCPOLYLOOP((#9562,#9563,#9555));
#9747=IFCFACEOUTERBOUND(#9746,.T.);
#9748=IFCFACE((#9747));
#9749=IFCPOLYLOOP((#9535,#9557,#9534));
#9750=IFCFACEOUTERBOUND(#9749,.T.);
#9751=IFCFACE((#9750));
#9752=IFCPOLYLOOP((#9562,#9561,#9546));
#9753=IFCFACEOUTERBOUND(#9752,.T.);
#9754=IFCFACE((#9753));
#9755=IFCPOLYLOOP((#9563,#9566,#9555));
#9756=IFCFACEOUTERBOUND(#9755,.T.);
#9757=IFCFACE((#9756));
#9758=IFCPOLYLOOP((#9554,#9565,#9563));
#9759=IFCFACEOUTERBOUND(#9758,.T.);
#9760=IFCFACE((#9759));
#9761=IFCPOLYLOOP((#9538,#9539,#9547));
#9762=IFCFACEOUTERBOUND(#9761,.T.);
#9763=IFCFACE((#9762));
#9764=IFCPOLYLOOP((#9562,#9555,#9561));
#9765=IFCFACEOUTERBOUND(#9764,.T.);
#9766=IFCFACE((#9765));
#9767=IFCPOLYLOOP((#9557,#9537,#9564));
#9768=IFCFACEOUTERBOUND(#9767,.T.);
#9769=IFCFACE((#9768));
#9770=IFCPOLYLOOP((#9564,#9537,#9538));
#9771=IFCFACEOUTERBOUND(#9770,.T.);
#9772=IFCFACE((#9771));
#9773=IFCPOLYLOOP((#9547,#9540,#9549));
#9774=IFCFACEOUTERBOUND(#9773,.T.);
#9775=IFCFACE((#9774));
#9776=IFCPOLYLOOP((#9565,#9554,#9544));
#9777=IFCFACEOUTERBOUND(#9776,.T.);
#9778=IFCFACE((#9777));
#9779=IFCPOLYLOOP((#9539,#9540,#9547));
#9780=IFCFACEOUTERBOUND(#9779,.T.);
#9781=IFCFACE((#9780));
#9782=IFCPOLYLOOP((#9564,#9544,#9557));
#9783=IFCFACEOUTERBOUND(#9782,.T.);
#9784=IFCFACE((#9783));
#9785=IFCPOLYLOOP((#9543,#9551,#9542));
#9786=IFCFACEOUTERBOUND(#9785,.T.);
#9787=IFCFACE((#9786));
#9788=IFCPOLYLOOP((#9562,#9560,#9554));
#9789=IFCFACEOUTERBOUND(#9788,.T.);
#9790=IFCFACE((#9789));
#9791=IFCPOLYLOOP((#9555,#9566,#9558));
#9792=IFCFACEOUTERBOUND(#9791,.T.);
#9793=IFCFACE((#9792));
#9794=IFCPOLYLOOP((#9540,#9541,#9549));
#9795=IFCFACEOUTERBOUND(#9794,.T.);
#9796=IFCFACE((#9795));
#9797=IFCPOLYLOOP((#9508,#9507,#9561));
#9798=IFCFACEOUTERBOUND(#9797,.T.);
#9799=IFCFACE((#9798));
#9800=IFCPOLYLOOP((#9563,#9565,#9553,#9566));
#9801=IFCFACEOUTERBOUND(#9800,.T.);
#9802=IFCFACE((#9801));
#9803=IFCPOLYLOOP((#9554,#9560,#9533));
#9804=IFCFACEOUTERBOUND(#9803,.T.);
#9805=IFCFACE((#9804));
#9806=IFCPOLYLOOP((#9550,#9516,#9548));
#9807=IFCFACEOUTERBOUND(#9806,.T.);
#9808=IFCFACE((#9807));
#9809=IFCPOLYLOOP((#9560,#9531,#9532));
#9810=IFCFACEOUTERBOUND(#9809,.T.);
#9811=IFCFACE((#9810));
#9812=IFCPOLYLOOP((#9552,#9519,#9518));
#9813=IFCFACEOUTERBOUND(#9812,.T.);
#9814=IFCFACE((#9813));
#9815=IFCPOLYLOOP((#9554,#9534,#9557));
#9816=IFCFACEOUTERBOUND(#9815,.T.);
#9817=IFCFACE((#9816));
#9818=IFCPOLYLOOP((#9541,#9551,#9549));
#9819=IFCFACEOUTERBOUND(#9818,.T.);
#9820=IFCFACE((#9819));
#9821=IFCPOLYLOOP((#9554,#9533,#9534));
#9822=IFCFACEOUTERBOUND(#9821,.T.);
#9823=IFCFACE((#9822));
#9824=IFCPOLYLOOP((#9517,#9550,#9552));
#9825=IFCFACEOUTERBOUND(#9824,.T.);
#9826=IFCFACE((#9825));
#9827=IFCPOLYLOOP((#9536,#9557,#9535));
#9828=IFCFACEOUTERBOUND(#9827,.T.);
#9829=IFCFACE((#9828));
#9830=IFCPOLYLOOP((#9557,#9536,#9537));
#9831=IFCFACEOUTERBOUND(#9830,.T.);
#9832=IFCFACE((#9831));
#9833=IFCPOLYLOOP((#9558,#9510,#9509));
#9834=IFCFACEOUTERBOUND(#9833,.T.);
#9835=IFCFACE((#9834));
#9836=IFCPOLYLOOP((#9560,#9562,#9546));
#9837=IFCFACEOUTERBOUND(#9836,.T.);
#9838=IFCFACE((#9837));
#9839=IFCPOLYLOOP((#9561,#9509,#9508));
#9840=IFCFACEOUTERBOUND(#9839,.T.);
#9841=IFCFACE((#9840));
#9842=IFCPOLYLOOP((#9545,#9558,#9566));
#9843=IFCFACEOUTERBOUND(#9842,.T.);
#9844=IFCFACE((#9843));
#9845=IFCPOLYLOOP((#9561,#9507,#9546));
#9846=IFCFACEOUTERBOUND(#9845,.T.);
#9847=IFCFACE((#9846));
#9848=IFCPOLYLOOP((#9548,#9556,#9545,#9582));
#9849=IFCFACEOUTERBOUND(#9848,.T.);
#9850=IFCFACE((#9849));
#9851=IFCPOLYLOOP((#9585,#9583,#9578));
#9852=IFCFACEOUTERBOUND(#9851,.T.);
#9853=IFCFACE((#9852));
#9854=IFCPOLYLOOP((#9584,#9531,#9546));
#9855=IFCFACEOUTERBOUND(#9854,.T.);
#9856=IFCFACE((#9855));
#9857=IFCPOLYLOOP((#9529,#9528,#9581));
#9858=IFCFACEOUTERBOUND(#9857,.T.);
#9859=IFCFACE((#9858));
#9860=IFCPOLYLOOP((#9583,#9581,#9578));
#9861=IFCFACEOUTERBOUND(#9860,.T.);
#9862=IFCFACE((#9861));
#9863=IFCPOLYLOOP((#9584,#9579,#9576));
#9864=IFCFACEOUTERBOUND(#9863,.T.);
#9865=IFCFACE((#9864));
#9866=IFCPOLYLOOP((#9581,#9583,#9529));
#9867=IFCFACEOUTERBOUND(#9866,.T.);
#9868=IFCFACE((#9867));
#9869=IFCPOLYLOOP((#9585,#9578,#9586));
#9870=IFCFACEOUTERBOUND(#9869,.T.);
#9871=IFCFACE((#9870));
#9872=IFCPOLYLOOP((#9529,#9583,#9530));
#9873=IFCFACEOUTERBOUND(#9872,.T.);
#9874=IFCFACE((#9873));
#9875=IFCPOLYLOOP((#9585,#9584,#9546));
#9876=IFCFACEOUTERBOUND(#9875,.T.);
#9877=IFCFACE((#9876));
#9878=IFCPOLYLOOP((#9579,#9585,#9586));
#9879=IFCFACEOUTERBOUND(#9878,.T.);
#9880=IFCFACE((#9879));
#9881=IFCPOLYLOOP((#9577,#9531,#9584));
#9882=IFCFACEOUTERBOUND(#9881,.T.);
#9883=IFCFACE((#9882));
#9884=IFCPOLYLOOP((#9520,#9519,#9552));
#9885=IFCFACEOUTERBOUND(#9884,.T.);
#9886=IFCFACE((#9885));
#9887=IFCPOLYLOOP((#9580,#9579,#9544));
#9888=IFCFACEOUTERBOUND(#9887,.T.);
#9889=IFCFACE((#9888));
#9890=IFCPOLYLOOP((#9580,#9544,#9564));
#9891=IFCFACEOUTERBOUND(#9890,.T.);
#9892=IFCFACE((#9891));
#9893=IFCPOLYLOOP((#9550,#9548,#9522));
#9894=IFCFACEOUTERBOUND(#9893,.T.);
#9895=IFCFACE((#9894));
#9896=IFCPOLYLOOP((#9524,#9582,#9525));
#9897=IFCFACEOUTERBOUND(#9896,.T.);
#9898=IFCFACE((#9897));
#9899=IFCPOLYLOOP((#9565,#9544,#9579));
#9900=IFCFACEOUTERBOUND(#9899,.T.);
#9901=IFCFACE((#9900));
#9902=IFCPOLYLOOP((#9523,#9522,#9548));
#9903=IFCFACEOUTERBOUND(#9902,.T.);
#9904=IFCFACE((#9903));
#9905=IFCPOLYLOOP((#9548,#9524,#9523));
#9906=IFCFACEOUTERBOUND(#9905,.T.);
#9907=IFCFACE((#9906));
#9908=IFCPOLYLOOP((#9545,#9566,#9581));
#9909=IFCFACEOUTERBOUND(#9908,.T.);
#9910=IFCFACE((#9909));
#9911=IFCPOLYLOOP((#9564,#9571,#9572));
#9912=IFCFACEOUTERBOUND(#9911,.T.);
#9913=IFCFACE((#9912));
#9914=IFCPOLYLOOP((#9548,#9582,#9524));
#9915=IFCFACEOUTERBOUND(#9914,.T.);
#9916=IFCFACE((#9915));
#9917=IFCPOLYLOOP((#9579,#9584,#9585));
#9918=IFCFACEOUTERBOUND(#9917,.T.);
#9919=IFCFACE((#9918));
#9920=IFCPOLYLOOP((#9583,#9585,#9546));
#9921=IFCFACEOUTERBOUND(#9920,.T.);
#9922=IFCFACE((#9921));
#9923=IFCPOLYLOOP((#9577,#9584,#9576));
#9924=IFCFACEOUTERBOUND(#9923,.T.);
#9925=IFCFACE((#9924));
#9926=IFCPOLYLOOP((#9575,#9576,#9579));
#9927=IFCFACEOUTERBOUND(#9926,.T.);
#9928=IFCFACE((#9927));
#9929=IFCPOLYLOOP((#9522,#9521,#9550));
#9930=IFCFACEOUTERBOUND(#9929,.T.);
#9931=IFCFACE((#9930));
#9932=IFCPOLYLOOP((#9579,#9586,#9565));
#9933=IFCFACEOUTERBOUND(#9932,.T.);
#9934=IFCFACE((#9933));
#9935=IFCPOLYLOOP((#9583,#9507,#9530));
#9936=IFCFACEOUTERBOUND(#9935,.T.);
#9937=IFCFACE((#9936));
#9938=IFCPOLYLOOP((#9549,#9569,#9547));
#9939=IFCFACEOUTERBOUND(#9938,.T.);
#9940=IFCFACE((#9939));
#9941=IFCPOLYLOOP((#9574,#9580,#9573));
#9942=IFCFACEOUTERBOUND(#9941,.T.);
#9943=IFCFACE((#9942));
#9944=IFCPOLYLOOP((#9568,#9549,#9551));
#9945=IFCFACEOUTERBOUND(#9944,.T.);
#9946=IFCFACE((#9945));
#9947=IFCPOLYLOOP((#9521,#9552,#9550));
#9948=IFCFACEOUTERBOUND(#9947,.T.);
#9949=IFCFACE((#9948));
#9950=IFCPOLYLOOP((#9574,#9575,#9580));
#9951=IFCFACEOUTERBOUND(#9950,.T.);
#9952=IFCFACE((#9951));
#9953=IFCPOLYLOOP((#9551,#9543,#9567));
#9954=IFCFACEOUTERBOUND(#9953,.T.);
#9955=IFCFACE((#9954));
#9956=IFCPOLYLOOP((#9580,#9572,#9573));
#9957=IFCFACEOUTERBOUND(#9956,.T.);
#9958=IFCFACE((#9957));
#9959=IFCPOLYLOOP((#9578,#9566,#9586));
#9960=IFCFACEOUTERBOUND(#9959,.T.);
#9961=IFCFACE((#9960));
#9962=IFCPOLYLOOP((#9586,#9566,#9553,#9565));
#9963=IFCFACEOUTERBOUND(#9962,.T.);
#9964=IFCFACE((#9963));
#9965=IFCPOLYLOOP((#9547,#9569,#9570));
#9966=IFCFACEOUTERBOUND(#9965,.T.);
#9967=IFCFACE((#9966));
#9968=IFCPOLYLOOP((#9570,#9571,#9547));
#9969=IFCFACEOUTERBOUND(#9968,.T.);
#9970=IFCFACE((#9969));
#9971=IFCPOLYLOOP((#9526,#9582,#9527));
#9972=IFCFACEOUTERBOUND(#9971,.T.);
#9973=IFCFACE((#9972));
#9974=IFCPOLYLOOP((#9547,#9571,#9564));
#9975=IFCFACEOUTERBOUND(#9974,.T.);
#9976=IFCFACE((#9975));
#9977=IFCPOLYLOOP((#9551,#9567,#9568));
#9978=IFCFACEOUTERBOUND(#9977,.T.);
#9979=IFCFACE((#9978));
#9980=IFCPOLYLOOP((#9566,#9578,#9581));
#9981=IFCFACEOUTERBOUND(#9980,.T.);
#9982=IFCFACE((#9981));
#9983=IFCPOLYLOOP((#9580,#9564,#9572));
#9984=IFCFACEOUTERBOUND(#9983,.T.);
#9985=IFCFACE((#9984));
#9986=IFCPOLYLOOP((#9526,#9525,#9582));
#9987=IFCFACEOUTERBOUND(#9986,.T.);
#9988=IFCFACE((#9987));
#9989=IFCPOLYLOOP((#9579,#9580,#9575));
#9990=IFCFACEOUTERBOUND(#9989,.T.);
#9991=IFCFACE((#9990));
#9992=IFCPOLYLOOP((#9569,#9549,#9568));
#9993=IFCFACEOUTERBOUND(#9992,.T.);
#9994=IFCFACE((#9993));
#9995=IFCPOLYLOOP((#9520,#9552,#9521));
#9996=IFCFACEOUTERBOUND(#9995,.T.);
#9997=IFCFACE((#9996));
#9998=IFCPOLYLOOP((#9581,#9582,#9545));
#9999=IFCFACEOUTERBOUND(#9998,.T.);
#10000=IFCFACE((#9999));
#10001=IFCPOLYLOOP((#9581,#9528,#9527));
#10002=IFCFACEOUTERBOUND(#10001,.T.);
#10003=IFCFACE((#10002));
#10004=IFCPOLYLOOP((#9583,#9546,#9507));
#10005=IFCFACEOUTERBOUND(#10004,.T.);
#10006=IFCFACE((#10005));
#10007=IFCPOLYLOOP((#9582,#9581,#9527));
#10008=IFCFACEOUTERBOUND(#10007,.T.);
#10009=IFCFACE((#10008));
#10010=IFCPOLYLOOP((#9592,#9593,#9594,#9595,#9596,#9597,#9598,#9599,#9600,#9601,#9602,#9603,#9604,#9605,#9606,#9607,#9608,#9609,#9610,#9587,#9588,#9589,#9590,#9591));
#10011=IFCFACEOUTERBOUND(#10010,.T.);
#10012=IFCFACE((#10011));
#10013=IFCPOLYLOOP((#9587,#9543,#9542,#9588));
#10014=IFCFACEOUTERBOUND(#10013,.T.);
#10015=IFCFACE((#10014));
#10016=IFCPOLYLOOP((#9588,#9542,#9541,#9589));
#10017=IFCFACEOUTERBOUND(#10016,.T.);
#10018=IFCFACE((#10017));
#10019=IFCPOLYLOOP((#9590,#9540,#9539,#9591));
#10020=IFCFACEOUTERBOUND(#10019,.T.);
#10021=IFCFACE((#10020));
#10022=IFCPOLYLOOP((#9589,#9541,#9540,#9590));
#10023=IFCFACEOUTERBOUND(#10022,.T.);
#10024=IFCFACE((#10023));
#10025=IFCPOLYLOOP((#9591,#9539,#9538,#9592));
#10026=IFCFACEOUTERBOUND(#10025,.T.);
#10027=IFCFACE((#10026));
#10028=IFCPOLYLOOP((#9537,#9593,#9592,#9538));
#10029=IFCFACEOUTERBOUND(#10028,.T.);
#10030=IFCFACE((#10029));
#10031=IFCPOLYLOOP((#9535,#9534,#9596,#9595));
#10032=IFCFACEOUTERBOUND(#10031,.T.);
#10033=IFCFACE((#10032));
#10034=IFCPOLYLOOP((#9536,#9535,#9595,#9594));
#10035=IFCFACEOUTERBOUND(#10034,.T.);
#10036=IFCFACE((#10035));
#10037=IFCPOLYLOOP((#9532,#9531,#9599,#9598));
#10038=IFCFACEOUTERBOUND(#10037,.T.);
#10039=IFCFACE((#10038));
#10040=IFCPOLYLOOP((#9533,#9532,#9598,#9597));
#10041=IFCFACEOUTERBOUND(#10040,.T.);
#10042=IFCFACE((#10041));
#10043=IFCPOLYLOOP((#9534,#9533,#9597,#9596));
#10044=IFCFACEOUTERBOUND(#10043,.T.);
#10045=IFCFACE((#10044));
#10046=IFCPOLYLOOP((#9594,#9593,#9537,#9536));
#10047=IFCFACEOUTERBOUND(#10046,.T.);
#10048=IFCFACE((#10047));
#10049=IFCPOLYLOOP((#9600,#9599,#9531,#9577));
#10050=IFCFACEOUTERBOUND(#10049,.T.);
#10051=IFCFACE((#10050));
#10052=IFCPOLYLOOP((#9600,#9577,#9576,#9601));
#10053=IFCFACEOUTERBOUND(#10052,.T.);
#10054=IFCFACE((#10053));
#10055=IFCPOLYLOOP((#9574,#9573,#9604,#9603));
#10056=IFCFACEOUTERBOUND(#10055,.T.);
#10057=IFCFACE((#10056));
#10058=IFCPOLYLOOP((#9575,#9574,#9603,#9602));
#10059=IFCFACEOUTERBOUND(#10058,.T.);
#10060=IFCFACE((#10059));
#10061=IFCPOLYLOOP((#9602,#9601,#9576,#9575));
#10062=IFCFACEOUTERBOUND(#10061,.T.);
#10063=IFCFACE((#10062));
#10064=IFCPOLYLOOP((#9572,#9605,#9604,#9573));
#10065=IFCFACEOUTERBOUND(#10064,.T.);
#10066=IFCFACE((#10065));
#10067=IFCPOLYLOOP((#9569,#9608,#9607,#9570));
#10068=IFCFACEOUTERBOUND(#10067,.T.);
#10069=IFCFACE((#10068));
#10070=IFCPOLYLOOP((#9570,#9607,#9606,#9571));
#10071=IFCFACEOUTERBOUND(#10070,.T.);
#10072=IFCFACE((#10071));
#10073=IFCPOLYLOOP((#9543,#9587,#9610,#9567));
#10074=IFCFACEOUTERBOUND(#10073,.T.);
#10075=IFCFACE((#10074));
#10076=IFCPOLYLOOP((#9568,#9567,#9610,#9609));
#10077=IFCFACEOUTERBOUND(#10076,.T.);
#10078=IFCFACE((#10077));
#10079=IFCPOLYLOOP((#9569,#9568,#9609,#9608));
#10080=IFCFACEOUTERBOUND(#10079,.T.);
#10081=IFCFACE((#10080));
#10082=IFCPOLYLOOP((#9572,#9571,#9606,#9605));
#10083=IFCFACEOUTERBOUND(#10082,.T.);
#10084=IFCFACE((#10083));
#10085=IFCCARTESIANPOINT((757.49062500001969,195.69999999999817,1000.));
#10086=IFCCARTESIANPOINT((756.46839978869173,195.69999999999817,992.23542864692456));
#10087=IFCCARTESIANPOINT((753.47138711355274,195.69999999999817,985.));
#10088=IFCCARTESIANPOINT((748.70382843561595,195.69999999999817,978.78679656440386));
#10089=IFCCARTESIANPOINT((742.49062500001958,195.69999999999817,974.01923788646718));
#10090=IFCCARTESIANPOINT((735.25519635309524,195.69999999999817,971.02222521132819));
#10091=IFCCARTESIANPOINT((727.49062500001969,195.69999999999817,970.));
#10092=IFCCARTESIANPOINT((719.72605364694402,195.69999999999817,971.02222521132819));
#10093=IFCCARTESIANPOINT((712.49062500001969,195.69999999999817,974.01923788646718));
#10094=IFCCARTESIANPOINT((706.27742156442332,195.69999999999817,978.78679656440397));
#10095=IFCCARTESIANPOINT((701.50986288648653,195.69999999999817,985.));
#10096=IFCCARTESIANPOINT((698.51285021134754,195.69999999999817,992.23542864692467));
#10097=IFCCARTESIANPOINT((697.49062500001969,195.69999999999817,1000.));
#10098=IFCCARTESIANPOINT((698.51285021134765,195.69999999999817,1007.7645713530761));
#10099=IFCCARTESIANPOINT((701.50986288648664,195.69999999999817,1015.));
#10100=IFCCARTESIANPOINT((706.27742156442332,195.69999999999817,1021.2132034355968));
#10101=IFCCARTESIANPOINT((712.4906250000198,195.69999999999817,1025.9807621135337));
#10102=IFCCARTESIANPOINT((719.72605364694414,195.69999999999817,1028.9777747886724));
#10103=IFCCARTESIANPOINT((727.4906250000198,195.69999999999817,1030.));
#10104=IFCCARTESIANPOINT((735.25519635309536,195.69999999999817,1028.9777747886724));
#10105=IFCCARTESIANPOINT((742.4906250000198,195.69999999999817,1025.9807621135335));
#10106=IFCCARTESIANPOINT((748.70382843561629,195.69999999999817,1021.2132034355967));
#10107=IFCCARTESIANPOINT((753.47138711355296,195.69999999999817,1015.));
#10108=IFCCARTESIANPOINT((756.46839978869173,195.69999999999817,1007.7645713530758));
#10109=IFCCARTESIANPOINT((757.49062500001969,187.6999999999982,1000.));
#10110=IFCCARTESIANPOINT((756.46839978869173,187.6999999999982,1007.7645713530758));
#10111=IFCCARTESIANPOINT((753.47138711355296,187.6999999999982,1015.));
#10112=IFCCARTESIANPOINT((748.70382843561629,187.6999999999982,1021.2132034355967));
#10113=IFCCARTESIANPOINT((742.4906250000198,187.6999999999982,1025.9807621135335));
#10114=IFCCARTESIANPOINT((735.25519635309536,187.6999999999982,1028.9777747886724));
#10115=IFCCARTESIANPOINT((727.4906250000198,187.6999999999982,1030.));
#10116=IFCCARTESIANPOINT((719.72605364694414,187.6999999999982,1028.9777747886724));
#10117=IFCCARTESIANPOINT((712.4906250000198,187.6999999999982,1025.9807621135337));
#10118=IFCCARTESIANPOINT((706.27742156442332,187.6999999999982,1021.2132034355968));
#10119=IFCCARTESIANPOINT((701.50986288648664,187.6999999999982,1015.));
#10120=IFCCARTESIANPOINT((698.51285021134765,187.6999999999982,1007.7645713530761));
#10121=IFCCARTESIANPOINT((697.49062500001969,187.6999999999982,1000.));
#10122=IFCCARTESIANPOINT((698.51285021134754,187.6999999999982,992.23542864692467));
#10123=IFCCARTESIANPOINT((701.50986288648653,187.6999999999982,985.));
#10124=IFCCARTESIANPOINT((706.27742156442332,187.6999999999982,978.78679656440397));
#10125=IFCCARTESIANPOINT((712.49062500001969,187.6999999999982,974.01923788646718));
#10126=IFCCARTESIANPOINT((719.72605364694402,187.6999999999982,971.02222521132819));
#10127=IFCCARTESIANPOINT((727.49062500001969,187.6999999999982,970.));
#10128=IFCCARTESIANPOINT((735.25519635309524,187.6999999999982,971.02222521132819));
#10129=IFCCARTESIANPOINT((742.49062500001958,187.6999999999982,974.01923788646718));
#10130=IFCCARTESIANPOINT((748.70382843561595,187.6999999999982,978.78679656440386));
#10131=IFCCARTESIANPOINT((753.47138711355274,187.6999999999982,985.));
#10132=IFCCARTESIANPOINT((756.46839978869173,187.6999999999982,992.23542864692456));
#10133=IFCPOLYLOOP((#10100,#10101,#10102,#10103,#10104,#10105,#10106,#10107,#10108,#10085,#10086,#10087,#10088,#10089,#10090,#10091,#10092,#10093,#10094,#10095,#10096,#10097,#10098,#10099));
#10134=IFCFACEOUTERBOUND(#10133,.T.);
#10135=IFCFACE((#10134));
#10136=IFCPOLYLOOP((#10127,#10128,#10129,#10130,#10131,#10132,#10109,#10110,#10111,#10112,#10113,#10114,#10115,#10116,#10117,#10118,#10119,#10120,#10121,#10122,#10123,#10124,#10125,#10126));
#10137=IFCFACEOUTERBOUND(#10136,.T.);
#10138=IFCFACE((#10137));
#10139=IFCPOLYLOOP((#10109,#10085,#10108,#10110));
#10140=IFCFACEOUTERBOUND(#10139,.T.);
#10141=IFCFACE((#10140));
#10142=IFCPOLYLOOP((#10110,#10108,#10107,#10111));
#10143=IFCFACEOUTERBOUND(#10142,.T.);
#10144=IFCFACE((#10143));
#10145=IFCPOLYLOOP((#10113,#10112,#10106,#10105));
#10146=IFCFACEOUTERBOUND(#10145,.T.);
#10147=IFCFACE((#10146));
#10148=IFCPOLYLOOP((#10106,#10112,#10111,#10107));
#10149=IFCFACEOUTERBOUND(#10148,.T.);
#10150=IFCFACE((#10149));
#10151=IFCPOLYLOOP((#10114,#10113,#10105,#10104));
#10152=IFCFACEOUTERBOUND(#10151,.T.);
#10153=IFCFACE((#10152));
#10154=IFCPOLYLOOP((#10114,#10104,#10103,#10115));
#10155=IFCFACEOUTERBOUND(#10154,.T.);
#10156=IFCFACE((#10155));
#10157=IFCPOLYLOOP((#10115,#10103,#10102,#10116));
#10158=IFCFACEOUTERBOUND(#10157,.T.);
#10159=IFCFACE((#10158));
#10160=IFCPOLYLOOP((#10116,#10102,#10101,#10117));
#10161=IFCFACEOUTERBOUND(#10160,.T.);
#10162=IFCFACE((#10161));
#10163=IFCPOLYLOOP((#10119,#10118,#10100,#10099));
#10164=IFCFACEOUTERBOUND(#10163,.T.);
#10165=IFCFACE((#10164));
#10166=IFCPOLYLOOP((#10100,#10118,#10117,#10101));
#10167=IFCFACEOUTERBOUND(#10166,.T.);
#10168=IFCFACE((#10167));
#10169=IFCPOLYLOOP((#10120,#10119,#10099,#10098));
#10170=IFCFACEOUTERBOUND(#10169,.T.);
#10171=IFCFACE((#10170));
#10172=IFCPOLYLOOP((#10120,#10098,#10097,#10121));
#10173=IFCFACEOUTERBOUND(#10172,.T.);
#10174=IFCFACE((#10173));
#10175=IFCPOLYLOOP((#10121,#10097,#10096,#10122));
#10176=IFCFACEOUTERBOUND(#10175,.T.);
#10177=IFCFACE((#10176));
#10178=IFCPOLYLOOP((#10122,#10096,#10095,#10123));
#10179=IFCFACEOUTERBOUND(#10178,.T.);
#10180=IFCFACE((#10179));
#10181=IFCPOLYLOOP((#10125,#10124,#10094,#10093));
#10182=IFCFACEOUTERBOUND(#10181,.T.);
#10183=IFCFACE((#10182));
#10184=IFCPOLYLOOP((#10094,#10124,#10123,#10095));
#10185=IFCFACEOUTERBOUND(#10184,.T.);
#10186=IFCFACE((#10185));
#10187=IFCPOLYLOOP((#10126,#10125,#10093,#10092));
#10188=IFCFACEOUTERBOUND(#10187,.T.);
#10189=IFCFACE((#10188));
#10190=IFCPOLYLOOP((#10126,#10092,#10091,#10127));
#10191=IFCFACEOUTERBOUND(#10190,.T.);
#10192=IFCFACE((#10191));
#10193=IFCPOLYLOOP((#10127,#10091,#10090,#10128));
#10194=IFCFACEOUTERBOUND(#10193,.T.);
#10195=IFCFACE((#10194));
#10196=IFCPOLYLOOP((#10128,#10090,#10089,#10129));
#10197=IFCFACEOUTERBOUND(#10196,.T.);
#10198=IFCFACE((#10197));
#10199=IFCPOLYLOOP((#10131,#10130,#10088,#10087));
#10200=IFCFACEOUTERBOUND(#10199,.T.);
#10201=IFCFACE((#10200));
#10202=IFCPOLYLOOP((#10088,#10130,#10129,#10089));
#10203=IFCFACEOUTERBOUND(#10202,.T.);
#10204=IFCFACE((#10203));
#10205=IFCPOLYLOOP((#10132,#10131,#10087,#10086));
#10206=IFCFACEOUTERBOUND(#10205,.T.);
#10207=IFCFACE((#10206));
#10208=IFCPOLYLOOP((#10132,#10086,#10085,#10109));
#10209=IFCFACEOUTERBOUND(#10208,.T.);
#10210=IFCFACE((#10209));
#10211=IFCCARTESIANPOINT((800.,142.69999999999794,2000.));
#10212=IFCCARTESIANPOINT((50.,142.69999999999794,2000.));
#10213=IFCCARTESIANPOINT((50.,142.69999999999794,0.));
#10214=IFCCARTESIANPOINT((800.,142.69999999999794,0.));
#10215=IFCCARTESIANPOINT((647.60000000001401,142.69999999999794,1847.5999999999992));
#10216=IFCCARTESIANPOINT((647.60000000001401,142.69999999999794,1212.6000000000001));
#10217=IFCCARTESIANPOINT((520.60000000001378,142.69999999999794,1212.6000000000001));
#10218=IFCCARTESIANPOINT((520.60000000001378,142.69999999999794,1847.5999999999992));
#10219=IFCPOLYLOOP((#10211,#10212,#10213,#10214));
#10220=IFCFACEOUTERBOUND(#10219,.T.);
#10221=IFCPOLYLOOP((#10215,#10216,#10217,#10218));
#10222=IFCFACEBOUND(#10221,.T.);
#10223=IFCFACE((#10220,#10222));
#10224=IFCCARTESIANPOINT((800.,187.6999999999976,2000.));
#10225=IFCCARTESIANPOINT((800.,187.6999999999976,0.));
#10226=IFCCARTESIANPOINT((50.,187.6999999999976,0.));
#10227=IFCCARTESIANPOINT((50.,187.6999999999976,2000.));
#10228=IFCCARTESIANPOINT((647.60000000001401,187.6999999999976,1847.5999999999992));
#10229=IFCCARTESIANPOINT((520.60000000001378,187.6999999999976,1847.5999999999992));
#10230=IFCCARTESIANPOINT((520.60000000001378,187.6999999999976,1212.6000000000001));
#10231=IFCCARTESIANPOINT((647.60000000001401,187.6999999999976,1212.6000000000001));
#10232=IFCPOLYLOOP((#10224,#10225,#10226,#10227));
#10233=IFCFACEOUTERBOUND(#10232,.T.);
#10234=IFCPOLYLOOP((#10228,#10229,#10230,#10231));
#10235=IFCFACEBOUND(#10234,.T.);
#10236=IFCFACE((#10233,#10235));
#10237=IFCPOLYLOOP((#10214,#10225,#10224,#10211));
#10238=IFCFACEOUTERBOUND(#10237,.T.);
#10239=IFCFACE((#10238));
#10240=IFCPOLYLOOP((#10213,#10226,#10225,#10214));
#10241=IFCFACEOUTERBOUND(#10240,.T.);
#10242=IFCFACE((#10241));
#10243=IFCPOLYLOOP((#10212,#10227,#10226,#10213));
#10244=IFCFACEOUTERBOUND(#10243,.T.);
#10245=IFCFACE((#10244));
#10246=IFCPOLYLOOP((#10211,#10224,#10227,#10212));
#10247=IFCFACEOUTERBOUND(#10246,.T.);
#10248=IFCFACE((#10247));
#10249=IFCPOLYLOOP((#10218,#10229,#10228,#10215));
#10250=IFCFACEOUTERBOUND(#10249,.T.);
#10251=IFCFACE((#10250));
#10252=IFCPOLYLOOP((#10217,#10230,#10229,#10218));
#10253=IFCFACEOUTERBOUND(#10252,.T.);
#10254=IFCFACE((#10253));
#10255=IFCPOLYLOOP((#10216,#10231,#10230,#10217));
#10256=IFCFACEOUTERBOUND(#10255,.T.);
#10257=IFCFACE((#10256));
#10258=IFCPOLYLOOP((#10215,#10228,#10231,#10216));
#10259=IFCFACEOUTERBOUND(#10258,.T.);
#10260=IFCFACE((#10259));
#10261=IFCCARTESIANPOINT((50.,137.93749999999818,0.));
#10262=IFCCARTESIANPOINT((65.875000000005329,137.93749999999818,0.));
#10263=IFCCARTESIANPOINT((65.875000000005329,86.91249999999809,0.));
#10264=IFCCARTESIANPOINT((50.,86.91249999999809,0.));
#10265=IFCCARTESIANPOINT((50.,37.699999999998184,0.));
#10266=IFCCARTESIANPOINT((0.,37.699999999998184,0.));
#10267=IFCCARTESIANPOINT((0.,187.69999999999902,0.));
#10268=IFCCARTESIANPOINT((50.,187.69999999999902,0.));
#10269=IFCPOLYLOOP((#10261,#10262,#10263,#10264,#10265,#10266,#10267,#10268));
#10270=IFCFACEOUTERBOUND(#10269,.T.);
#10271=IFCFACE((#10270));
#10272=IFCCARTESIANPOINT((50.,187.69999999999902,2000.));
#10273=IFCCARTESIANPOINT((50.,137.93749999999821,2000.));
#10274=IFCPOLYLOOP((#10268,#10272,#10273,#10261));
#10275=IFCFACEOUTERBOUND(#10274,.T.);
#10276=IFCFACE((#10275));
#10277=IFCCARTESIANPOINT((0.,187.69999999999897,2100.));
#10278=IFCCARTESIANPOINT((850.,187.69999999999902,2100.));
#10279=IFCCARTESIANPOINT((850.,187.69999999999902,0.));
#10280=IFCCARTESIANPOINT((800.,187.69999999999902,0.));
#10281=IFCCARTESIANPOINT((800.,187.69999999999902,2000.));
#10282=IFCPOLYLOOP((#10267,#10277,#10278,#10279,#10280,#10281,#10272,#10268));
#10283=IFCFACEOUTERBOUND(#10282,.T.);
#10284=IFCFACE((#10283));
#10285=IFCCARTESIANPOINT((0.,37.699999999999029,2100.));
#10286=IFCPOLYLOOP((#10266,#10285,#10277,#10267));
#10287=IFCFACEOUTERBOUND(#10286,.T.);
#10288=IFCFACE((#10287));
#10289=IFCCARTESIANPOINT((50.,37.699999999998184,2000.));
#10290=IFCCARTESIANPOINT((800.,37.699999999998184,2000.));
#10291=IFCCARTESIANPOINT((800.,37.699999999998184,0.));
#10292=IFCCARTESIANPOINT((850.,37.699999999998163,0.));
#10293=IFCCARTESIANPOINT((850.,37.699999999998184,2100.));
#10294=IFCPOLYLOOP((#10265,#10289,#10290,#10291,#10292,#10293,#10285,#10266));
#10295=IFCFACEOUTERBOUND(#10294,.T.);
#10296=IFCFACE((#10295));
#10297=IFCCARTESIANPOINT((50.,86.91249999999809,2000.));
#10298=IFCPOLYLOOP((#10264,#10297,#10289,#10265));
#10299=IFCFACEOUTERBOUND(#10298,.T.);
#10300=IFCFACE((#10299));
#10301=IFCCARTESIANPOINT((65.875000000005258,86.91249999999809,1984.1250000000027));
#10302=IFCCARTESIANPOINT((784.12500000000557,86.91249999999809,1984.1250000000023));
#10303=IFCCARTESIANPOINT((784.12500000000557,86.91249999999809,0.));
#10304=IFCCARTESIANPOINT((800.,86.912499999998104,0.));
#10305=IFCCARTESIANPOINT((800.,86.91249999999809,2000.));
#10306=IFCPOLYLOOP((#10263,#10301,#10302,#10303,#10304,#10305,#10297,#10264));
#10307=IFCFACEOUTERBOUND(#10306,.T.);
#10308=IFCFACE((#10307));
#10309=IFCCARTESIANPOINT((65.875000000005329,137.93749999999821,1984.1250000000027));
#10310=IFCPOLYLOOP((#10262,#10309,#10301,#10263));
#10311=IFCFACEOUTERBOUND(#10310,.T.);
#10312=IFCFACE((#10311));
#10313=IFCCARTESIANPOINT((800.,137.93749999999821,2000.));
#10314=IFCCARTESIANPOINT((800.,137.93749999999818,0.));
#10315=IFCCARTESIANPOINT((784.12500000000557,137.93749999999818,0.));
#10316=IFCCARTESIANPOINT((784.1250000000058,137.93749999999821,1984.1250000000027));
#10317=IFCPOLYLOOP((#10261,#10273,#10313,#10314,#10315,#10316,#10309,#10262));
#10318=IFCFACEOUTERBOUND(#10317,.T.);
#10319=IFCFACE((#10318));
#10320=IFCPOLYLOOP((#10272,#10281,#10313,#10273));
#10321=IFCFACEOUTERBOUND(#10320,.T.);
#10322=IFCFACE((#10321));
#10323=IFCPOLYLOOP((#10289,#10297,#10305,#10290));
#10324=IFCFACEOUTERBOUND(#10323,.T.);
#10325=IFCFACE((#10324));
#10326=IFCPOLYLOOP((#10301,#10309,#10316,#10302));
#10327=IFCFACEOUTERBOUND(#10326,.T.);
#10328=IFCFACE((#10327));
#10329=IFCPOLYLOOP((#10279,#10292,#10291,#10304,#10303,#10315,#10314,#10280));
#10330=IFCFACEOUTERBOUND(#10329,.T.);
#10331=IFCFACE((#10330));
#10332=IFCPOLYLOOP((#10280,#10314,#10313,#10281));
#10333=IFCFACEOUTERBOUND(#10332,.T.);
#10334=IFCFACE((#10333));
#10335=IFCPOLYLOOP((#10278,#10293,#10292,#10279));
#10336=IFCFACEOUTERBOUND(#10335,.T.);
#10337=IFCFACE((#10336));
#10338=IFCPOLYLOOP((#10290,#10305,#10304,#10291));
#10339=IFCFACEOUTERBOUND(#10338,.T.);
#10340=IFCFACE((#10339));
#10341=IFCPOLYLOOP((#10302,#10316,#10315,#10303));
#10342=IFCFACEOUTERBOUND(#10341,.T.);
#10343=IFCFACE((#10342));
#10344=IFCPOLYLOOP((#10285,#10293,#10278,#10277));
#10345=IFCFACEOUTERBOUND(#10344,.T.);
#10346=IFCFACE((#10345));
#10347=IFCCARTESIANPOINT((647.60000000001469,162.69999999999848,1847.5999999999992));
#10348=IFCCARTESIANPOINT((520.60000000001469,162.69999999999808,1847.5999999999992));
#10349=IFCCARTESIANPOINT((520.60000000001469,162.69999999999808,1212.6000000000001));
#10350=IFCCARTESIANPOINT((647.60000000001469,162.69999999999848,1212.6000000000001));
#10351=IFCPOLYLOOP((#10347,#10348,#10349,#10350));
#10352=IFCFACEOUTERBOUND(#10351,.T.);
#10353=IFCFACE((#10352));
#10354=IFCCARTESIANPOINT((647.60000000001469,167.69999999999848,1847.5999999999992));
#10355=IFCCARTESIANPOINT((647.60000000001469,167.69999999999848,1212.6000000000001));
#10356=IFCCARTESIANPOINT((520.60000000001469,167.69999999999808,1212.6000000000001));
#10357=IFCCARTESIANPOINT((520.60000000001469,167.69999999999808,1847.5999999999992));
#10358=IFCPOLYLOOP((#10354,#10355,#10356,#10357));
#10359=IFCFACEOUTERBOUND(#10358,.T.);
#10360=IFCFACE((#10359));
#10361=IFCPOLYLOOP((#10350,#10355,#10354,#10347));
#10362=IFCFACEOUTERBOUND(#10361,.T.);
#10363=IFCFACE((#10362));
#10364=IFCPOLYLOOP((#10349,#10356,#10355,#10350));
#10365=IFCFACEOUTERBOUND(#10364,.T.);
#10366=IFCFACE((#10365));
#10367=IFCPOLYLOOP((#10348,#10357,#10356,#10349));
#10368=IFCFACEOUTERBOUND(#10367,.T.);
#10369=IFCFACE((#10368));
#10370=IFCPOLYLOOP((#10347,#10354,#10357,#10348));
#10371=IFCFACEOUTERBOUND(#10370,.T.);
#10372=IFCFACE((#10371));
#10373=IFCCARTESIANPOINT((647.60000000001435,167.69999999999797,1847.5999999999992));
#10374=IFCCARTESIANPOINT((647.60000000001435,167.69999999999794,1212.6000000000001));
#10375=IFCCARTESIANPOINT((647.60000000001435,187.69999999999794,1212.6000000000001));
#10376=IFCCARTESIANPOINT((647.60000000001435,187.69999999999794,1847.5999999999992));
#10377=IFCCARTESIANPOINT((635.60000000001412,188.69999999999797,1835.5999999999992));
#10378=IFCCARTESIANPOINT((635.60000000001412,188.69999999999797,1224.6000000000001));
#10379=IFCCARTESIANPOINT((635.60000000001412,167.69999999999797,1224.6000000000004));
#10380=IFCCARTESIANPOINT((635.60000000001412,167.69999999999797,1835.599999999999));
#10381=IFCCARTESIANPOINT((640.60000000001412,193.699999999998,1840.599999999999));
#10382=IFCCARTESIANPOINT((640.60000000001423,193.699999999998,1219.6000000000001));
#10383=IFCCARTESIANPOINT((637.06446609408158,192.23553390593068,1223.135533905933));
#10384=IFCCARTESIANPOINT((637.06446609408169,192.23553390593068,1837.0644660940666));
#10385=IFCCARTESIANPOINT((640.60000000001412,193.699999999998,1528.2924588355218));
#10386=IFCCARTESIANPOINT((640.60000000001412,193.699999999998,1684.4462294177606));
#10387=IFCCARTESIANPOINT((640.60000000001423,193.699999999998,1375.7537705822388));
#10388=IFCCARTESIANPOINT((635.60000000001446,188.69999999999797,1530.0999981954581));
#10389=IFCCARTESIANPOINT((635.60000000001446,188.69999999999797,1682.8499990977289));
#10390=IFCCARTESIANPOINT((635.60000000001446,188.69999999999797,1377.3500009022707));
#10391=IFCCARTESIANPOINT((640.60000000001423,193.699999999998,1297.6768852911196));
#10392=IFCCARTESIANPOINT((635.60000000001446,188.69999999999797,1300.9750022556766));
#10393=IFCCARTESIANPOINT((635.60000000001446,188.69999999999797,1263.6384416462492));
#10394=IFCCARTESIANPOINT((640.60000000001412,193.699999999998,1762.5231147088796));
#10395=IFCCARTESIANPOINT((635.60000000001446,188.69999999999797,1759.2250013534053));
#10396=IFCCARTESIANPOINT((635.60000000001446,188.69999999999797,1721.0374984210259));
#10397=IFCCARTESIANPOINT((640.60000000001412,193.699999999998,1801.5615573544394));
#10398=IFCCARTESIANPOINT((635.60000000001446,188.69999999999797,1606.4749968420522));
#10399=IFCCARTESIANPOINT((640.60000000001412,193.699999999998,1606.3693441266412));
#10400=IFCCARTESIANPOINT((640.60000000001412,193.699999999998,1645.4077867722008));
#10401=IFCCARTESIANPOINT((640.60000000001412,193.699999999998,1452.0231147088803));
#10402=IFCCARTESIANPOINT((635.60000000001446,188.69999999999797,1453.7249995488644));
#10403=IFCCARTESIANPOINT((635.60000000001446,188.69999999999797,1415.5375002255676));
#10404=IFCCARTESIANPOINT((640.60000000001423,193.699999999998,1258.63844264556));
#10405=IFCCARTESIANPOINT((635.60000000001446,188.69999999999797,1797.4125006767022));
#10406=IFCCARTESIANPOINT((640.60000000001412,193.699999999998,1723.4846720633202));
#10407=IFCCARTESIANPOINT((640.60000000001423,193.699999999998,1413.8884501464152));
#10408=IFCCARTESIANPOINT((637.11836557389165,192.28862393165159,1432.9557758317064));
#10409=IFCCARTESIANPOINT((637.028646236383,192.19934740987259,1402.4353941568656));
#10410=IFCCARTESIANPOINT((637.09381791332794,192.26464404604238,1462.5327208830656));
#10411=IFCCARTESIANPOINT((635.60000000001446,188.69999999999797,1491.9124988721612));
#10412=IFCCARTESIANPOINT((640.60000000001412,193.699999999998,1490.1577792713454));
#10413=IFCCARTESIANPOINT((636.9660710799551,192.13432098149596,1282.3067207761826));
#10414=IFCCARTESIANPOINT((640.60000000001423,193.699999999998,1336.7153279366792));
#10415=IFCCARTESIANPOINT((637.15008942052339,192.31913207737739,1313.7537751866205));
#10416=IFCCARTESIANPOINT((635.60000000001446,188.69999999999797,1339.1625015789734));
#10417=IFCCARTESIANPOINT((636.99392184937301,192.16355314257675,1253.1231325353478));
#10418=IFCCARTESIANPOINT((637.01291651685551,192.183221509585,1701.9437451184285));
#10419=IFCCARTESIANPOINT((637.099234861588,192.26996406782533,1671.4587409353121));
#10420=IFCCARTESIANPOINT((635.60000000001446,188.69999999999797,1644.662499774432));
#10421=IFCCARTESIANPOINT((637.06806543389553,192.23912958517209,1625.5687458557611));
#10422=IFCCARTESIANPOINT((637.02510621493605,192.19573088572255,1731.3567869532983));
#10423=IFCCARTESIANPOINT((637.06243454849186,192.23350119232754,1595.6065712284155));
#10424=IFCCARTESIANPOINT((640.60000000001412,193.699999999998,1567.3309014810816));
#10425=IFCCARTESIANPOINT((635.60000000001446,188.69999999999797,1568.2874975187551));
#10426=IFCCARTESIANPOINT((637.0329414965787,192.20372567891002,1549.1937466162444));
#10427=IFCCARTESIANPOINT((637.03391786912414,192.20471942325358,1519.6508930276887));
#10428=IFCCARTESIANPOINT((637.01291647827372,192.18322146985258,1358.2562485233902));
#10429=IFCCARTESIANPOINT((636.96364796979094,192.13175522324596,1778.3187447496848));
#10430=IFCCARTESIANPOINT((637.00620522898089,192.17629675713664,1807.4498803138629));
#10431=IFCCARTESIANPOINT((637.06277182153372,192.23383882107646,1490.4920305957639));
#10432=IFCCARTESIANPOINT((655.60000000001412,191.69999999999797,1855.5999999999995));
#10433=IFCCARTESIANPOINT((655.60000000001412,191.69999999999797,1204.6000000000004));
#10434=IFCCARTESIANPOINT((655.01421356238711,193.11421356237105,1205.1857864376273));
#10435=IFCCARTESIANPOINT((653.60000000001412,193.69999999999797,1206.6000000000004));
#10436=IFCCARTESIANPOINT((653.60000000001412,193.69999999999797,1853.599999999999));
#10437=IFCCARTESIANPOINT((655.01421356238711,193.11421356237105,1855.0142135623723));
#10438=IFCCARTESIANPOINT((655.60000000001412,191.69999999999797,1530.0999980296642));
#10439=IFCCARTESIANPOINT((655.60000000001423,191.69999999999797,1692.8499970444961));
#10440=IFCCARTESIANPOINT((655.60000000001412,191.69999999999797,1367.3499990148323));
#10441=IFCCARTESIANPOINT((653.60000000001412,193.69999999999797,1530.0999999999997));
#10442=IFCCARTESIANPOINT((653.60000000001412,193.69999999999797,1691.8499981972325));
#10443=IFCCARTESIANPOINT((653.60000000001412,193.69999999999797,1368.3500018027667));
#10444=IFCCARTESIANPOINT((653.60000000001412,193.69999999999797,1287.4750009013837));
#10445=IFCCARTESIANPOINT((655.60000000001412,191.69999999999797,1285.9749995074162));
#10446=IFCCARTESIANPOINT((655.60000000001412,191.69999999999797,1326.6624992611244));
#10447=IFCCARTESIANPOINT((653.60000000001412,193.69999999999797,1327.9124995493084));
#10448=IFCCARTESIANPOINT((653.60000000001412,193.69999999999797,1772.7249990986159));
#10449=IFCCARTESIANPOINT((655.60000000001423,191.69999999999797,1774.224996551912));
#10450=IFCCARTESIANPOINT((655.60000000001412,191.69999999999797,1806.2198440180541));
#10451=IFCCARTESIANPOINT((653.60000000001412,193.69999999999797,1813.1624977465406));
#10452=IFCCARTESIANPOINT((653.60000000001412,193.69999999999797,1449.2249990986165));
#10453=IFCCARTESIANPOINT((655.60000000001412,191.69999999999797,1448.7249985222484));
#10454=IFCCARTESIANPOINT((655.60000000001412,191.69999999999797,1489.4124982759563));
#10455=IFCCARTESIANPOINT((653.60000000001412,193.699999999998,1489.662501352075));
#10456=IFCCARTESIANPOINT((653.60000000001412,193.69999999999797,1610.9750009013831));
#10457=IFCCARTESIANPOINT((655.60000000001412,191.69999999999797,1611.4749975370801));
#10458=IFCCARTESIANPOINT((655.60000000001412,191.69999999999797,1652.1624972907878));
#10459=IFCCARTESIANPOINT((653.60000000001412,193.69999999999797,1651.4124995493078));
#10460=IFCCARTESIANPOINT((653.60000000001412,193.69999999999797,1247.0375022534586));
#10461=IFCCARTESIANPOINT((655.60000000001412,191.69999999999797,1245.2874997537085));
#10462=IFCCARTESIANPOINT((655.60000000001412,191.69999999999797,1265.6312516008982));
#10463=IFCCARTESIANPOINT((655.60000000001423,191.69999999999797,1830.9099239793622));
#10464=IFCCARTESIANPOINT((653.60000000001412,193.69999999999797,1833.3812488732699));
#10465=IFCCARTESIANPOINT((655.60000000001412,191.69999999999797,1229.2900799613087));
#10466=IFCCARTESIANPOINT((653.60000000001412,193.69999999999797,1226.8187511267295));
#10467=IFCCARTESIANPOINT((653.60000000001412,193.69999999999797,1732.2875004506909));
#10468=IFCCARTESIANPOINT((655.60000000001423,191.69999999999797,1733.5374967982041));
#10469=IFCCARTESIANPOINT((655.60000000001412,191.69999999999797,1753.8812486453937));
#10470=IFCCARTESIANPOINT((653.60000000001412,193.69999999999797,1408.7875004506918));
#10471=IFCCARTESIANPOINT((655.60000000001412,191.69999999999797,1408.0374987685402));
#10472=IFCCARTESIANPOINT((655.60000000001412,191.69999999999797,1428.3812506157301));
#10473=IFCCARTESIANPOINT((655.60000000001412,191.69999999999797,1570.7874977833721));
#10474=IFCCARTESIANPOINT((653.60000000001412,193.69999999999797,1570.5374986479246));
#10475=IFCCARTESIANPOINT((653.60000000001412,193.69999999999797,1550.3187475211953));
#10476=IFCCARTESIANPOINT((655.60000000001412,191.69999999999794,1843.2549600193449));
#10477=IFCCARTESIANPOINT((655.60000000001423,191.69999999999797,1216.9450399806547));
#10478=IFCCARTESIANPOINT((653.60000000001412,193.69999999999797,1841.2549628108977));
#10479=IFCCARTESIANPOINT((655.05742085436441,193.06964391478198,1837.3181048839801));
#10480=IFCCARTESIANPOINT((653.60000000001412,193.69999999999797,1823.271873309905));
#10481=IFCCARTESIANPOINT((655.60000000001412,191.69999999999797,1818.5648839987082));
#10482=IFCCARTESIANPOINT((654.95657429166761,193.16959388649332,1818.2171864679035));
#10483=IFCCARTESIANPOINT((653.60000000001412,193.699999999998,1218.9450407946354));
#10484=IFCCARTESIANPOINT((655.05742089585135,193.06964387063627,1222.8818946508429));
#10485=IFCCARTESIANPOINT((654.93258199645368,193.19138366048421,1237.1569085057376));
#10486=IFCCARTESIANPOINT((653.60000000001412,193.69999999999797,1792.9437466198115));
#10487=IFCCARTESIANPOINT((654.8912038228724,193.22734825361806,1805.8612694940457));
#10488=IFCCARTESIANPOINT((655.60000000001423,191.69999999999797,1790.2224202849832));
#10489=IFCCARTESIANPOINT((655.60000000001412,191.69999999999797,1469.0687464287666));
#10490=IFCCARTESIANPOINT((653.60000000001412,193.699999999998,1469.4437502253456));
#10491=IFCCARTESIANPOINT((653.60000000001412,193.69999999999797,1509.8812524788041));
#10492=IFCCARTESIANPOINT((655.60000000001412,191.69999999999797,1509.7562501231459));
#10493=IFCCARTESIANPOINT((655.60000000001423,191.69999999999797,1591.131249630562));
#10494=IFCCARTESIANPOINT((653.60000000001412,193.69999999999797,1590.7562497746537));
#10495=IFCCARTESIANPOINT((653.60000000001412,193.69999999999797,1348.1312506760378));
#10496=IFCCARTESIANPOINT((655.60000000001412,191.69999999999797,1347.006251108314));
#10497=IFCCARTESIANPOINT((655.60000000001412,191.69999999999797,1672.5062491379779));
#10498=IFCCARTESIANPOINT((653.60000000001412,193.69999999999797,1671.6312470705032));
#10499=IFCCARTESIANPOINT((653.60000000001412,193.69999999999797,1631.1937520281122));
#10500=IFCCARTESIANPOINT((655.60000000001412,191.69999999999797,1631.8187454435983));
#10501=IFCCARTESIANPOINT((653.60000000001412,193.69999999999797,1712.0687493239618));
#10502=IFCCARTESIANPOINT((655.60000000001412,191.69999999999797,1713.1937449510144));
#10503=IFCCARTESIANPOINT((655.60000000001412,191.69999999999797,1387.6937469213506));
#10504=IFCCARTESIANPOINT((653.60000000001412,193.69999999999797,1388.5687529294962));
#10505=IFCCARTESIANPOINT((653.60000000001412,193.69999999999797,1307.6937484225793));
#10506=IFCCARTESIANPOINT((655.60000000001412,191.69999999999797,1306.3187474139347));
#10507=IFCCARTESIANPOINT((654.95468567256466,193.1713350157527,1782.2237080650439));
#10508=IFCCARTESIANPOINT((653.60000000001412,193.69999999999797,1803.0531221831759));
#10509=IFCCARTESIANPOINT((655.03253156383084,193.09565515750236,1770.709970039522));
#10510=IFCCARTESIANPOINT((653.60000000001412,193.69999999999797,1752.5062515774202));
#10511=IFCCARTESIANPOINT((653.60000000001412,193.69999999999797,1762.6156271407849));
#10512=IFCCARTESIANPOINT((654.98726730177771,193.14065590390337,1757.5609351125875));
#10513=IFCCARTESIANPOINT((655.00410844771102,193.12424698247906,1742.9024669665234));
#10514=IFCCARTESIANPOINT((655.60000000001412,191.69999999999797,1764.0531225986529));
#10515=IFCCARTESIANPOINT((655.03889894614099,193.08908956616543,1793.6417345909394));
#10516=IFCCARTESIANPOINT((655.03293923931983,193.09523658798514,1248.5856273639054));
#10517=IFCCARTESIANPOINT((653.60000000001412,193.69999999999797,1267.2562533801881));
#10518=IFCCARTESIANPOINT((653.60000000001412,193.69999999999797,1257.1468778168235));
#10519=IFCCARTESIANPOINT((654.98323724632439,193.14452577699879,1262.201562164933));
#10520=IFCCARTESIANPOINT((655.00045486841043,193.12783968343049,1276.7801640763512));
#10521=IFCCARTESIANPOINT((655.60000000001412,191.69999999999797,1255.459377647639));
#10522=IFCCARTESIANPOINT((653.60000000001412,193.69999999999797,1429.0062479718874));
#10523=IFCCARTESIANPOINT((654.98673208573837,193.14117109408184,1418.8968738317374));
#10524=IFCCARTESIANPOINT((655.60000000001423,191.69999999999797,1550.4437459361827));
#10525=IFCCARTESIANPOINT((653.60000000001412,193.69999999999797,1236.9281266900941));
#10526=IFCCARTESIANPOINT((655.03609560000393,193.09198758172772,1458.8968735243702));
#10527=IFCCARTESIANPOINT((655.03076061356217,193.09747059601045,1479.2406234058501));
#10528=IFCCARTESIANPOINT((655.01421362395126,193.11421350080698,1519.9906233043478));
#10529=IFCCARTESIANPOINT((655.00861944089115,193.11978564254528,1499.7718734084469));
#10530=IFCCARTESIANPOINT((655.03609560572659,193.09198757582379,1601.3031227170084));
#10531=IFCCARTESIANPOINT((655.00307333696924,193.12526671578331,1580.6468730015199));
#10532=IFCCARTESIANPOINT((654.97085449628776,193.15628223570855,1358.2406241533743));
#10533=IFCCARTESIANPOINT((654.96566882674517,193.16114634985308,1338.0218742610502));
#10534=IFCCARTESIANPOINT((655.05655163511324,193.07056825232624,1682.6781223322989));
#10535=IFCCARTESIANPOINT((654.98138696939725,193.14629528133523,1661.5218726449089));
#10536=IFCCARTESIANPOINT((654.99212879995639,193.13595870566158,1621.0843728123441));
#10537=IFCCARTESIANPOINT((655.04649896337526,193.08117368530893,1641.9906225087354));
#10538=IFCCARTESIANPOINT((654.97085453160628,193.15628220246182,1701.9593725265709));
#10539=IFCCARTESIANPOINT((655.06625933011514,193.060177774001,1723.3656222344291));
#10540=IFCCARTESIANPOINT((655.05655162033042,193.07056826803634,1377.5218740031162));
#10541=IFCCARTESIANPOINT((655.05156876152557,193.07584451541533,1397.8656238828999));
#10542=IFCCARTESIANPOINT((654.96053790389249,193.16592517275075,1317.8031243688984));
#10543=IFCCARTESIANPOINT((654.95546249500512,193.1706194017035,1297.5843744768929));
#10544=IFCCARTESIANPOINT((653.60000000001412,193.69999999999797,1782.8343710564466));
#10545=IFCCARTESIANPOINT((655.60000000001412,191.69999999999797,1743.7093746921348));
#10546=IFCCARTESIANPOINT((653.60000000001412,193.69999999999797,1742.3968760140556));
#10547=IFCCARTESIANPOINT((655.60000000001412,191.69999999999797,1275.8031255541571));
#10548=IFCCARTESIANPOINT((653.60000000001412,193.69999999999791,1277.3656289435526));
#10549=IFCCARTESIANPOINT((655.0413414703869,193.08655499918967,1438.5531236434529));
#10550=IFCCARTESIANPOINT((653.60000000001412,193.69999999999797,1418.8968724085225));
#10551=IFCCARTESIANPOINT((655.60000000001412,191.69999999999797,1418.209376662471));
#10552=IFCCARTESIANPOINT((655.01421363918564,193.11421348557266,1540.2093732016031));
#10553=IFCCARTESIANPOINT((655.02533577690485,193.10300318000694,1560.6156229402432));
#10554=IFCCARTESIANPOINT((655.60000000001412,191.69999999999797,1458.8968724755075));
#10555=IFCCARTESIANPOINT((653.60000000001412,193.69999999999791,1459.3343746619807));
#10556=IFCCARTESIANPOINT((655.60000000001412,191.69999999999797,1479.2406203820256));
#10557=IFCCARTESIANPOINT((653.60000000001412,193.69999999999797,1479.5531257887103));
#10558=IFCCARTESIANPOINT((654.91694779631439,193.20520712920643,1469.065691175603));
#10559=IFCCARTESIANPOINT((653.60000000001412,193.69999999999797,1519.9906280421687));
#10560=IFCCARTESIANPOINT((655.60000000001412,191.69999999999797,1519.9281240764049));
#10561=IFCCARTESIANPOINT((653.60000000001412,193.69999999999797,1499.7718769154394));
#10562=IFCCARTESIANPOINT((654.92514271627795,193.19799759062781,1489.4961613045564));
#10563=IFCCARTESIANPOINT((655.60000000001412,191.69999999999797,1499.5843761698868));
#10564=IFCCARTESIANPOINT((655.11135417753815,193.0098887548474,1509.8783513295671));
#10565=IFCCARTESIANPOINT((655.60000000001412,191.69999999999797,1601.3031235838209));
#10566=IFCCARTESIANPOINT((653.60000000001412,193.69999999999797,1600.8656253380182));
#10567=IFCCARTESIANPOINT((653.60000000001412,193.69999999999797,1580.6468742112891));
#10568=IFCCARTESIANPOINT((655.60000000001412,191.69999999999797,1580.9593756773027));
#10569=IFCCARTESIANPOINT((655.09334660909815,193.03038186440284,1590.9626392374989));
#10570=IFCCARTESIANPOINT((653.60000000001412,193.69999999999797,1358.2406262394022));
#10571=IFCCARTESIANPOINT((655.60000000001412,191.69999999999797,1357.1781250615732));
#10572=IFCCARTESIANPOINT((653.60000000001412,193.69999999999797,1338.0218751126733));
#10573=IFCCARTESIANPOINT((655.60000000001412,191.69999999999797,1336.8343771550549));
#10574=IFCCARTESIANPOINT((655.11202503786603,193.00911431315362,1348.1275536742628));
#10575=IFCCARTESIANPOINT((655.60000000001412,191.69999999999797,1682.6781230912368));
#10576=IFCCARTESIANPOINT((653.60000000001412,193.69999999999797,1681.7406226338678));
#10577=IFCCARTESIANPOINT((653.60000000001412,193.69999999999797,1661.5218715071387));
#10578=IFCCARTESIANPOINT((655.60000000001423,191.69999999999797,1662.3343751847187));
#10579=IFCCARTESIANPOINT((655.07132194348299,193.05469987032603,1672.0808364837173));
#10580=IFCCARTESIANPOINT((653.60000000001412,193.69999999999797,1621.0843764647475));
#10581=IFCCARTESIANPOINT((655.60000000001412,191.69999999999797,1621.6468714903392));
#10582=IFCCARTESIANPOINT((655.60000000001412,191.69999999999797,1641.9906193968573));
#10583=IFCCARTESIANPOINT((653.60000000001412,193.69999999999797,1641.3031275914766));
#10584=IFCCARTESIANPOINT((654.94304504534716,193.18196828785244,1631.5572887143937));
#10585=IFCCARTESIANPOINT((653.60000000001412,193.69999999999797,1701.9593737605971));
#10586=IFCCARTESIANPOINT((655.60000000001412,191.69999999999797,1703.0218709977553));
#10587=IFCCARTESIANPOINT((655.60000000001412,191.69999999999797,1723.3656189042733));
#10588=IFCCARTESIANPOINT((653.60000000001412,193.69999999999797,1722.1781248873265));
#10589=IFCCARTESIANPOINT((654.9669523806881,193.15994561164578,1712.6859062578994));
#10590=IFCCARTESIANPOINT((655.60000000001412,191.69999999999797,1377.5218729680914));
#10591=IFCCARTESIANPOINT((653.60000000001412,193.69999999999797,1378.4593773661313));
#10592=IFCCARTESIANPOINT((655.60000000001412,191.69999999999797,1397.8656208746097));
#10593=IFCCARTESIANPOINT((655.0768980648736,193.04861859174821,1408.3996873333958));
#10594=IFCCARTESIANPOINT((653.60000000001412,193.69999999999797,1398.6781284928607));
#10595=IFCCARTESIANPOINT((654.91649565168257,193.20560260332263,1387.6902993601884));
#10596=IFCCARTESIANPOINT((653.60000000001412,193.69999999999797,1317.8031239859438));
#10597=IFCCARTESIANPOINT((655.60000000001412,191.69999999999797,1316.4906213671936));
#10598=IFCCARTESIANPOINT((655.11259507984744,193.0084556257124,1327.9087155787586));
#10599=IFCCARTESIANPOINT((653.60000000001412,193.69999999999797,1297.5843728592145));
#10600=IFCCARTESIANPOINT((654.93580361946272,193.18849880425273,1287.1735638581044));
#10601=IFCCARTESIANPOINT((655.60000000001412,191.69999999999797,1296.1468734606756));
#10602=IFCCARTESIANPOINT((655.11327113543382,193.00767368662841,1307.6898802719904));
#10603=IFCCARTESIANPOINT((655.60000000001412,191.69999999999797,1438.553124568989));
#10604=IFCCARTESIANPOINT((655.10805719808718,193.01368317616337,1448.7269265908949));
#10605=IFCCARTESIANPOINT((653.60000000001412,193.69999999999791,1439.1156235352519));
#10606=IFCCARTESIANPOINT((653.60000000001412,193.69999999999797,1540.2093719578306));
#10607=IFCCARTESIANPOINT((654.90968139167558,193.2115338740264,1530.0999982637409));
#10608=IFCCARTESIANPOINT((655.60000000001412,191.69999999999797,1540.2718719829231));
#10609=IFCCARTESIANPOINT((655.60000000001412,191.69999999999797,1560.6156198894414));
#10610=IFCCARTESIANPOINT((653.60000000001412,193.69999999999797,1560.4281230845597));
#10611=IFCCARTESIANPOINT((654.91918205017055,193.20324938667503,1550.4179104387415));
#10612=IFCCARTESIANPOINT((655.60000000001446,187.69999999999794,1855.5999999999995));
#10613=IFCCARTESIANPOINT((655.60000000001446,187.69999999999794,1204.5999999999999));
#10614=IFCCARTESIANPOINT((520.60000000001412,167.69999999999774,1212.6000000000001));
#10615=IFCCARTESIANPOINT((520.60000000001401,187.69999999999774,1212.6000000000001));
#10616=IFCCARTESIANPOINT((532.60000000001412,188.6999999999978,1224.6000000000001));
#10617=IFCCARTESIANPOINT((532.60000000001423,167.6999999999978,1224.6000000000001));
#10618=IFCCARTESIANPOINT((527.60000000001423,193.6999999999978,1219.6000000000001));
#10619=IFCCARTESIANPOINT((531.135533905947,192.23553390593054,1223.135533905933));
#10620=IFCCARTESIANPOINT((571.63844396134948,188.69999999999786,1224.6000000000001));
#10621=IFCCARTESIANPOINT((584.10000057705327,193.69999999999789,1219.6000000000001));
#10622=IFCCARTESIANPOINT((596.56155603867899,188.69999999999791,1224.6000000000001));
#10623=IFCCARTESIANPOINT((584.09999759444111,192.09479820523617,1223.2708779802265));
#10624=IFCCARTESIANPOINT((601.5615562955528,193.69999999999791,1219.6000000000001));
#10625=IFCCARTESIANPOINT((566.63844485855361,193.69999999999786,1219.6000000000001));
#10626=IFCCARTESIANPOINT((610.69797862005294,191.69338586869111,1223.6049520647705));
#10627=IFCCARTESIANPOINT((557.50201821375572,191.6933858133616,1223.604952106125));
#10628=IFCCARTESIANPOINT((512.60000000001435,191.69999999999777,1204.6000000000004));
#10629=IFCCARTESIANPOINT((513.18578643764124,193.11421356237085,1205.1857864376273));
#10630=IFCCARTESIANPOINT((514.60000000001435,193.69999999999771,1206.6000000000004));
#10631=IFCCARTESIANPOINT((563.98015894563014,193.6999999999978,1206.6000000000001));
#10632=IFCCARTESIANPOINT((584.10000050722351,191.69999999999783,1204.6000000000004));
#10633=IFCCARTESIANPOINT((606.21984183378731,191.69999999999791,1204.6000000000004));
#10634=IFCCARTESIANPOINT((548.35000025361887,191.6999999999978,1204.6000000000004));
#10635=IFCCARTESIANPOINT((608.79007887221144,193.69999999999786,1206.6000000000004));
#10636=IFCCARTESIANPOINT((586.3851183083101,193.69999999999786,1206.6000000000001));
#10637=IFCCARTESIANPOINT((539.29008007343293,193.69999999999774,1206.6000000000001));
#10638=IFCCARTESIANPOINT((630.90992040969184,191.69999999999791,1204.6000000000004));
#10639=IFCCARTESIANPOINT((631.19503943611278,193.69999999999791,1206.6000000000001));
#10640=IFCCARTESIANPOINT((619.99255915416211,193.69999999999789,1206.6000000000004));
#10641=IFCCARTESIANPOINT((537.29007959033697,191.69999999999777,1204.6000000000004));
#10642=IFCCARTESIANPOINT((526.94504003672364,193.69999999999771,1206.6000000000004));
#10643=IFCCARTESIANPOINT((643.25496071206226,191.69999999999791,1204.6000000000004));
#10644=IFCCARTESIANPOINT((618.56488112173963,191.69999999999791,1204.6000000000004));
#10645=IFCCARTESIANPOINT((524.94504030238477,191.69999999999777,1204.6000000000004));
#10646=IFCCARTESIANPOINT((641.25496116452632,193.69999999999791,1206.6000000000004));
#10647=IFCCARTESIANPOINT((636.22499955696446,193.1076419607472,1205.1792452321611));
#10648=IFCCARTESIANPOINT((542.82003941438484,193.07336778746853,1205.1460877191739));
#10649=IFCCARTESIANPOINT((566.22499987321214,191.69999999999783,1204.6000000000004));
#10650=IFCCARTESIANPOINT((575.18263802635943,193.69999999999783,1206.6000000000004));
#10651=IFCCARTESIANPOINT((556.46143890434143,193.09347117801082,1205.1653439171544));
#10652=IFCCARTESIANPOINT((614.39131865860065,193.14489138279626,1205.217144659802));
#10653=IFCCARTESIANPOINT((569.58139807008365,193.15819793734502,1205.2311834397863));
#10654=IFCCARTESIANPOINT((601.73506627162931,193.17858290958876,1205.2532288318112));
#10655=IFCCARTESIANPOINT((551.63511890892084,193.6999999999978,1206.6000000000004));
#10656=IFCCARTESIANPOINT((625.27735420129204,192.94048978193811,1205.0311835349855));
#10657=IFCCARTESIANPOINT((595.15992117050541,191.69999999999783,1204.6000000000004));
#10658=IFCCARTESIANPOINT((589.62995939974337,193.06894722943957,1205.1419247334234));
#10659=IFCCARTESIANPOINT((597.58759859026077,193.69999999999786,1206.6000000000004));
#10660=IFCCARTESIANPOINT((524.49990166455677,193.12700430793504,1205.1986939288195));
#10661=IFCCARTESIANPOINT((512.60000000001401,187.69999999999769,1204.5999999999999));
#10662=IFCCARTESIANPOINT((520.60000000001401,167.69999999999774,1847.5999999999997));
#10663=IFCCARTESIANPOINT((520.60000000001401,187.69999999999774,1847.5999999999997));
#10664=IFCCARTESIANPOINT((532.60000000001423,188.6999999999978,1835.5999999999992));
#10665=IFCCARTESIANPOINT((532.60000000001435,167.6999999999978,1835.599999999999));
#10666=IFCCARTESIANPOINT((527.60000000001401,193.6999999999978,1840.5999999999995));
#10667=IFCCARTESIANPOINT((531.13553390594689,192.23553390593065,1837.0644660940668));
#10668=IFCCARTESIANPOINT((527.60000000001412,193.6999999999978,1531.9075480976808));
#10669=IFCCARTESIANPOINT((527.60000000001423,193.6999999999978,1375.7537665479872));
#10670=IFCCARTESIANPOINT((527.60000000001401,193.6999999999978,1684.4462334520122));
#10671=IFCCARTESIANPOINT((532.60000000001423,188.69999999999777,1530.0999999999997));
#10672=IFCCARTESIANPOINT((532.60000000001423,188.69999999999777,1377.3500000000001));
#10673=IFCCARTESIANPOINT((532.60000000001423,188.69999999999777,1682.8499999999995));
#10674=IFCCARTESIANPOINT((527.60000000001401,193.6999999999978,1762.5231092251527));
#10675=IFCCARTESIANPOINT((532.60000000001423,188.69999999999777,1759.2249981954581));
#10676=IFCCARTESIANPOINT((532.60000000001412,188.69999999999777,1796.5615585843439));
#10677=IFCCARTESIANPOINT((527.60000000001423,193.6999999999978,1297.6768757731406));
#10678=IFCCARTESIANPOINT((532.60000000001423,188.69999999999777,1300.9750018045413));
#10679=IFCCARTESIANPOINT((532.60000000001423,188.69999999999777,1339.1625009022707));
#10680=IFCCARTESIANPOINT((527.60000000001423,193.6999999999978,1258.6384453874236));
#10681=IFCCARTESIANPOINT((532.60000000001423,188.69999999999777,1453.7249981954585));
#10682=IFCCARTESIANPOINT((527.60000000001423,193.6999999999978,1453.8306573228342));
#10683=IFCCARTESIANPOINT((527.60000000001423,193.6999999999978,1414.7922119354107));
#10684=IFCCARTESIANPOINT((527.60000000001401,193.6999999999978,1608.1768832739936));
#10685=IFCCARTESIANPOINT((532.60000000001423,188.69999999999777,1606.4750018045409));
#10686=IFCCARTESIANPOINT((532.60000000001423,188.69999999999777,1644.66250090227));
#10687=IFCCARTESIANPOINT((527.60000000001401,193.6999999999978,1801.5615546125762));
#10688=IFCCARTESIANPOINT((532.60000000001423,188.69999999999777,1262.7874990977293));
#10689=IFCCARTESIANPOINT((527.60000000001423,193.6999999999978,1336.7153211605639));
#10690=IFCCARTESIANPOINT((527.60000000001401,193.6999999999978,1646.3115508621495));
#10691=IFCCARTESIANPOINT((531.08163442613682,192.2886239316515,1627.2442241682932));
#10692=IFCCARTESIANPOINT((531.17135376364547,192.19934740987253,1657.7646058431353));
#10693=IFCCARTESIANPOINT((531.10618208670041,192.26464404604229,1597.6672791169328));
#10694=IFCCARTESIANPOINT((532.60000000001423,188.69999999999777,1568.2874990977291));
#10695=IFCCARTESIANPOINT((527.60000000001412,193.6999999999978,1570.0422156858372));
#10696=IFCCARTESIANPOINT((531.23392892007337,192.13432098149588,1777.8932792238165));
#10697=IFCCARTESIANPOINT((527.60000000001401,193.6999999999978,1723.4846788394357));
#10698=IFCCARTESIANPOINT((531.04991057950497,192.3191320773773,1746.4462248133768));
#10699=IFCCARTESIANPOINT((532.60000000001423,188.69999999999777,1721.0374990977289));
#10700=IFCCARTESIANPOINT((531.20607815065534,192.16355314257669,1807.0768674646527));
#10701=IFCCARTESIANPOINT((531.18708348317284,192.18322150958491,1358.2562548815711));
#10702=IFCCARTESIANPOINT((531.10076513844047,192.26996406782521,1388.7412590646888));
#10703=IFCCARTESIANPOINT((532.60000000001423,188.69999999999777,1415.5374990977291));
#10704=IFCCARTESIANPOINT((531.13193456613305,192.23912958517198,1434.6312541442385));
#10705=IFCCARTESIANPOINT((531.17489378509242,192.19573088572244,1328.8432130467002));
#10706=IFCCARTESIANPOINT((531.1375654515366,192.23350119232745,1464.5934287715854));
#10707=IFCCARTESIANPOINT((527.60000000001412,193.6999999999978,1492.8691027102575));
#10708=IFCCARTESIANPOINT((532.60000000001423,188.69999999999777,1491.9125009022707));
#10709=IFCCARTESIANPOINT((531.16705850344965,192.20372567890996,1511.0062533837552));
#10710=IFCCARTESIANPOINT((531.16608213090444,192.20471942325347,1540.5491069723121));
#10711=IFCCARTESIANPOINT((531.18708352175486,192.1832214698525,1701.9437514766089));
#10712=IFCCARTESIANPOINT((531.23635203023753,192.13175522324585,1281.8812552503148));
#10713=IFCCARTESIANPOINT((531.19379477104758,192.17629675713653,1252.7501196861356));
#10714=IFCCARTESIANPOINT((531.13722817849487,192.2338388210764,1569.7079694042336));
#10715=IFCCARTESIANPOINT((512.60000000001435,191.69999999999774,1855.5999999999992));
#10716=IFCCARTESIANPOINT((513.18578643764124,193.11421356237082,1855.0142135623723));
#10717=IFCCARTESIANPOINT((514.60000000001435,193.69999999999771,1853.599999999999));
#10718=IFCCARTESIANPOINT((512.60000000001435,191.69999999999771,1530.0999999999995));
#10719=IFCCARTESIANPOINT((512.60000000001435,191.69999999999771,1367.3499980296642));
#10720=IFCCARTESIANPOINT((512.60000000001435,191.69999999999774,1692.8500019703351));
#10721=IFCCARTESIANPOINT((514.60000000001435,193.69999999999771,1530.0999981972338));
#10722=IFCCARTESIANPOINT((514.60000000001435,193.69999999999771,1368.349999098617));
#10723=IFCCARTESIANPOINT((514.60000000001435,193.69999999999771,1691.8500009013821));
#10724=IFCCARTESIANPOINT((514.60000000001435,193.69999999999771,1772.7250022534565));
#10725=IFCCARTESIANPOINT((512.60000000001435,191.69999999999774,1774.2250009851671));
#10726=IFCCARTESIANPOINT((512.60000000001435,191.69999999999774,1733.537501477751));
#10727=IFCCARTESIANPOINT((514.60000000001435,193.69999999999771,1732.2875015774196));
#10728=IFCCARTESIANPOINT((514.60000000001435,193.69999999999771,1287.4750013520745));
#10729=IFCCARTESIANPOINT((512.60000000001435,191.69999999999771,1285.9749990148318));
#10730=IFCCARTESIANPOINT((512.60000000001435,191.69999999999771,1253.9801596237062));
#10731=IFCCARTESIANPOINT((514.60000000001435,193.69999999999771,1247.0375006760373));
#10732=IFCCARTESIANPOINT((514.60000000001435,193.69999999999771,1610.974999549308));
#10733=IFCCARTESIANPOINT((512.60000000001435,191.69999999999774,1611.475002955503));
#10734=IFCCARTESIANPOINT((512.60000000001435,191.69999999999771,1570.7874995074155));
#10735=IFCCARTESIANPOINT((514.60000000001435,193.69999999999771,1570.5374988732708));
#10736=IFCCARTESIANPOINT((514.60000000001435,193.69999999999771,1449.2249968451595));
#10737=IFCCARTESIANPOINT((512.60000000001435,191.69999999999771,1448.7249970444959));
#10738=IFCCARTESIANPOINT((512.60000000001435,191.69999999999771,1408.0374975370801));
#10739=IFCCARTESIANPOINT((514.60000000001435,193.69999999999771,1408.7874997746542));
#10740=IFCCARTESIANPOINT((514.60000000001435,193.69999999999771,1813.1624993239618));
#10741=IFCCARTESIANPOINT((512.60000000001435,191.69999999999774,1814.9125004925829));
#10742=IFCCARTESIANPOINT((512.60000000001435,191.69999999999774,1794.5687487685391));
#10743=IFCCARTESIANPOINT((512.60000000001435,191.69999999999771,1229.290079811853));
#10744=IFCCARTESIANPOINT((514.60000000001435,193.69999999999771,1226.818748535253));
#10745=IFCCARTESIANPOINT((512.60000000001435,191.69999999999774,1830.9099201881459));
#10746=IFCCARTESIANPOINT((514.60000000001435,193.69999999999771,1833.3812478592147));
#10747=IFCCARTESIANPOINT((514.60000000001435,193.69999999999771,1327.9124984225798));
#10748=IFCCARTESIANPOINT((512.60000000001435,191.69999999999771,1326.6624985222479));
#10749=IFCCARTESIANPOINT((512.60000000001435,191.69999999999771,1306.3187467982043));
#10750=IFCCARTESIANPOINT((514.60000000001435,193.69999999999771,1651.4125002253452));
#10751=IFCCARTESIANPOINT((512.60000000001435,191.69999999999771,1652.1625024629193));
#10752=IFCCARTESIANPOINT((512.60000000001435,191.69999999999774,1631.8187507388755));
#10753=IFCCARTESIANPOINT((512.60000000001435,191.69999999999771,1489.4125004925836));
#10754=IFCCARTESIANPOINT((514.60000000001435,193.69999999999771,1489.6624975211967));
#10755=IFCCARTESIANPOINT((514.60000000001435,193.69999999999771,1509.8812496619812));
#10756=IFCCARTESIANPOINT((512.60000000001435,191.69999999999774,1216.9450399059267));
#10757=IFCCARTESIANPOINT((512.60000000001435,191.69999999999771,1843.2549600940727));
#10758=IFCCARTESIANPOINT((514.60000000001435,193.69999999999771,1218.9450384149925));
#10759=IFCCARTESIANPOINT((513.14257914566406,193.06964391478172,1222.8818951160195));
#10760=IFCCARTESIANPOINT((514.60000000001435,193.69999999999771,1236.9281264084111));
#10761=IFCCARTESIANPOINT((512.60000000001435,191.69999999999774,1241.6351197177796));
#10762=IFCCARTESIANPOINT((513.24342570836075,193.16959388649306,1241.9828135320959));
#10763=IFCCARTESIANPOINT((514.60000000001435,193.69999999999771,1841.254957979475));
#10764=IFCCARTESIANPOINT((513.14257910417712,193.06964387063607,1837.3181053491564));
#10765=IFCCARTESIANPOINT((513.26741800357479,193.19138366048398,1823.0430914942615));
#10766=IFCCARTESIANPOINT((514.60000000001435,193.69999999999771,1267.2562528168221));
#10767=IFCCARTESIANPOINT((513.30879617715607,193.22734825361778,1254.3387305059534));
#10768=IFCCARTESIANPOINT((512.60000000001435,191.69999999999771,1269.9775793192689));
#10769=IFCCARTESIANPOINT((512.60000000001435,191.69999999999774,1591.1312512314591));
#10770=IFCCARTESIANPOINT((514.60000000001435,193.69999999999771,1590.7562510140554));
#10771=IFCCARTESIANPOINT((514.60000000001435,193.69999999999771,1550.318746732486));
#10772=IFCCARTESIANPOINT((512.60000000001435,191.69999999999771,1550.4437517240433));
#10773=IFCCARTESIANPOINT((512.60000000001435,191.69999999999771,1469.0687487685398));
#10774=IFCCARTESIANPOINT((514.60000000001435,193.69999999999771,1469.4437453804119));
#10775=IFCCARTESIANPOINT((514.60000000001435,193.69999999999771,1712.068749436635));
#10776=IFCCARTESIANPOINT((512.60000000001435,191.69999999999774,1713.1937497537074));
#10777=IFCCARTESIANPOINT((512.60000000001435,191.69999999999771,1387.6937458130362));
#10778=IFCCARTESIANPOINT((514.60000000001435,193.69999999999771,1388.5687512394015));
#10779=IFCCARTESIANPOINT((514.60000000001435,193.69999999999771,1429.0062483099071));
#10780=IFCCARTESIANPOINT((512.60000000001435,191.69999999999771,1428.3812492611237));
#10781=IFCCARTESIANPOINT((514.60000000001435,193.69999999999771,1348.1312469578327));
#10782=IFCCARTESIANPOINT((512.60000000001435,191.69999999999771,1347.0062502462918));
#10783=IFCCARTESIANPOINT((512.60000000001435,191.69999999999771,1672.5062541869627));
#10784=IFCCARTESIANPOINT((514.60000000001435,193.69999999999771,1671.6312523661297));
#10785=IFCCARTESIANPOINT((514.60000000001435,193.69999999999771,1752.5062537182041));
#10786=IFCCARTESIANPOINT((512.60000000001435,191.69999999999774,1753.8812532017948));
#10787=IFCCARTESIANPOINT((513.24531432746369,193.17133501575248,1277.9762919349553));
#10788=IFCCARTESIANPOINT((514.60000000001435,193.69999999999771,1257.1468749436638));
#10789=IFCCARTESIANPOINT((513.16746843619751,193.09565515750216,1289.4900299604772));
#10790=IFCCARTESIANPOINT((514.60000000001435,193.69999999999771,1307.6937498873274));
#10791=IFCCARTESIANPOINT((514.60000000001435,193.69999999999771,1297.5843756197009));
#10792=IFCCARTESIANPOINT((513.21273269825076,193.14065590390314,1302.6390648874119));
#10793=IFCCARTESIANPOINT((513.19589155231745,193.12424698247878,1317.2975330334762));
#10794=IFCCARTESIANPOINT((512.60000000001435,191.69999999999771,1296.146872906518));
#10795=IFCCARTESIANPOINT((513.16110105388748,193.08908956616517,1266.5582654090599));
#10796=IFCCARTESIANPOINT((513.16706076070875,193.09523658798494,1811.6143726360931));
#10797=IFCCARTESIANPOINT((514.60000000001435,193.69999999999771,1792.9437507887092));
#10798=IFCCARTESIANPOINT((514.60000000001435,193.69999999999771,1803.0531250563358));
#10799=IFCCARTESIANPOINT((513.21676275370407,193.14452577699859,1797.9984378350666));
#10800=IFCCARTESIANPOINT((513.19954513161792,193.1278396834303,1783.419835923648));
#10801=IFCCARTESIANPOINT((512.60000000001435,191.69999999999774,1804.7406226602257));
#10802=IFCCARTESIANPOINT((514.60000000001435,193.69999999999771,1631.1937480845609));
#10803=IFCCARTESIANPOINT((513.2132679142901,193.14117109408164,1641.3031261682622));
#10804=IFCCARTESIANPOINT((512.60000000001435,191.69999999999771,1509.7562482759558));
#10805=IFCCARTESIANPOINT((514.60000000001435,193.69999999999771,1823.271873591588));
#10806=IFCCARTESIANPOINT((513.16390440002453,193.09198758172752,1601.3031264756294));
#10807=IFCCARTESIANPOINT((513.1692393864663,193.09747059601025,1580.9593765941497));
#10808=IFCCARTESIANPOINT((513.1857863760772,193.11421350080678,1540.2093766956516));
#10809=IFCCARTESIANPOINT((513.19138055913731,193.11978564254505,1560.4281265915524));
#10810=IFCCARTESIANPOINT((513.16390439430188,193.09198757582351,1458.8968772829912));
#10811=IFCCARTESIANPOINT((513.19692666305923,193.12526671578308,1479.5531269984797));
#10812=IFCCARTESIANPOINT((513.2291455037406,193.15628223570835,1701.9593758466253));
#10813=IFCCARTESIANPOINT((513.23433117328329,193.16114634985288,1722.1781257389493));
#10814=IFCCARTESIANPOINT((513.14344836491523,193.07056825232604,1377.5218776677004));
#10815=IFCCARTESIANPOINT((513.21861303063122,193.14629528133503,1398.6781273550907));
#10816=IFCCARTESIANPOINT((513.20787120007196,193.13595870566132,1439.1156271876555));
#10817=IFCCARTESIANPOINT((513.15350103665332,193.0811736853087,1418.2093774912641));
#10818=IFCCARTESIANPOINT((513.22914546842208,193.15628220246157,1358.2406274734287));
#10819=IFCCARTESIANPOINT((513.13374066991332,193.06017777400078,1336.8343777655705));
#10820=IFCCARTESIANPOINT((513.14344837969793,193.07056826803611,1682.6781259968834));
#10821=IFCCARTESIANPOINT((513.14843123850278,193.07584451541513,1662.3343761170995));
#10822=IFCCARTESIANPOINT((513.23946209613598,193.16592517275055,1742.3968756311012));
#10823=IFCCARTESIANPOINT((513.24453750502335,193.17061940170331,1762.6156255231065));
#10824=IFCCARTESIANPOINT((514.60000000001435,193.69999999999771,1277.3656270844483));
#10825=IFCCARTESIANPOINT((512.60000000001435,191.69999999999771,1316.4906206898904));
#10826=IFCCARTESIANPOINT((514.60000000001435,193.69999999999771,1317.8031241549536));
#10827=IFCCARTESIANPOINT((512.60000000001435,191.69999999999774,1784.3968748768532));
#10828=IFCCARTESIANPOINT((514.60000000001435,193.69999999999771,1782.8343765210827));
#10829=IFCCARTESIANPOINT((513.15865852964157,193.08655499918947,1621.6468763565467));
#10830=IFCCARTESIANPOINT((514.60000000001435,193.69999999999771,1641.3031259577187));
#10831=IFCCARTESIANPOINT((512.60000000001435,191.69999999999774,1641.9906246305616));
#10832=IFCCARTESIANPOINT((513.18578636084283,193.11421348557246,1519.9906267983961));
#10833=IFCCARTESIANPOINT((513.17466422312361,193.10300318000674,1499.5843770597564));
#10834=IFCCARTESIANPOINT((512.60000000001435,191.69999999999774,1601.3031290638169));
#10835=IFCCARTESIANPOINT((514.60000000001435,193.69999999999771,1600.8656252816818));
#10836=IFCCARTESIANPOINT((512.60000000001435,191.69999999999771,1580.9593733991019));
#10837=IFCCARTESIANPOINT((514.60000000001435,193.69999999999771,1580.646873140897));
#10838=IFCCARTESIANPOINT((513.28305220371419,193.20520712920623,1591.1343088243968));
#10839=IFCCARTESIANPOINT((514.60000000001435,193.69999999999771,1540.2093724648601));
#10840=IFCCARTESIANPOINT((512.60000000001435,191.69999999999771,1540.2718778323572));
#10841=IFCCARTESIANPOINT((514.60000000001435,193.69999999999771,1560.4281246056446));
#10842=IFCCARTESIANPOINT((513.27485728375041,193.19799759062755,1570.703838695443));
#10843=IFCCARTESIANPOINT((512.60000000001435,191.69999999999771,1560.6156256157294));
#10844=IFCCARTESIANPOINT((513.08864582249043,193.00988875484717,1550.3216486704321));
#10845=IFCCARTESIANPOINT((512.60000000001435,191.69999999999771,1458.896870936182));
#10846=IFCCARTESIANPOINT((514.60000000001435,193.69999999999771,1459.3343711127857));
#10847=IFCCARTESIANPOINT((514.60000000001435,193.69999999999771,1479.5531232535704));
#10848=IFCCARTESIANPOINT((512.60000000001435,191.69999999999771,1479.2406266008975));
#10849=IFCCARTESIANPOINT((513.10665339093032,193.03038186440261,1469.2373607625004));
#10850=IFCCARTESIANPOINT((514.60000000001435,193.69999999999771,1701.9593751690088));
#10851=IFCCARTESIANPOINT((512.60000000001435,191.69999999999774,1703.0218758620213));
#10852=IFCCARTESIANPOINT((514.60000000001435,193.69999999999771,1722.1781273097931));
#10853=IFCCARTESIANPOINT((512.60000000001435,191.69999999999774,1723.3656236453935));
#10854=IFCCARTESIANPOINT((513.08797496216243,193.00911431315342,1712.0724463257363));
#10855=IFCCARTESIANPOINT((512.60000000001435,191.69999999999771,1377.5218719213503));
#10856=IFCCARTESIANPOINT((514.60000000001435,193.69999999999771,1378.4593733662432));
#10857=IFCCARTESIANPOINT((514.60000000001435,193.69999999999771,1398.6781255070277));
#10858=IFCCARTESIANPOINT((512.60000000001435,191.69999999999771,1397.8656197047223));
#10859=IFCCARTESIANPOINT((513.12867805654537,193.05469987032583,1388.1191635162818));
#10860=IFCCARTESIANPOINT((514.60000000001435,193.69999999999771,1439.1156225775333));
#10861=IFCCARTESIANPOINT((512.60000000001435,191.69999999999771,1438.5531231528098));
#10862=IFCCARTESIANPOINT((512.60000000001435,191.69999999999774,1418.2093753694378));
#10863=IFCCARTESIANPOINT((514.60000000001435,193.69999999999771,1418.8968740422804));
#10864=IFCCARTESIANPOINT((513.25695495468131,193.18196828785221,1428.6427112856059));
#10865=IFCCARTESIANPOINT((514.60000000001435,193.69999999999771,1358.2406248309906));
#10866=IFCCARTESIANPOINT((512.60000000001435,191.69999999999771,1357.1781241379781));
#10867=IFCCARTESIANPOINT((512.60000000001435,191.69999999999771,1336.8343763546056));
#10868=IFCCARTESIANPOINT((514.60000000001435,193.69999999999771,1338.0218726902062));
#10869=IFCCARTESIANPOINT((513.23304761934037,193.15994561164555,1347.5140937420997));
#10870=IFCCARTESIANPOINT((512.60000000001435,191.69999999999771,1682.6781280786488));
#10871=IFCCARTESIANPOINT((514.60000000001435,193.69999999999771,1681.7406266337559));
#10872=IFCCARTESIANPOINT((512.60000000001435,191.69999999999771,1662.3343802952766));
#10873=IFCCARTESIANPOINT((513.12310193515486,193.04861859174798,1651.8003126666035));
#10874=IFCCARTESIANPOINT((514.60000000001435,193.69999999999771,1661.5218744929718));
#10875=IFCCARTESIANPOINT((513.2835043483459,193.20560260332243,1672.5097006398112));
#10876=IFCCARTESIANPOINT((514.60000000001435,193.69999999999771,1742.396875845046));
#10877=IFCCARTESIANPOINT((512.60000000001435,191.69999999999774,1743.7093793101087));
#10878=IFCCARTESIANPOINT((513.08740492018092,193.00845562571217,1732.2912844212408));
#10879=IFCCARTESIANPOINT((514.60000000001435,193.69999999999771,1762.6156279858303));
#10880=IFCCARTESIANPOINT((513.26419638056575,193.18849880425253,1773.0264361418949));
#10881=IFCCARTESIANPOINT((512.60000000001435,191.69999999999774,1764.053127093481));
#10882=IFCCARTESIANPOINT((513.08672886459465,193.00767368662818,1752.5101197280092));
#10883=IFCCARTESIANPOINT((512.60000000001435,191.69999999999774,1621.6468768471891));
#10884=IFCCARTESIANPOINT((513.09194280194129,193.01368317616311,1611.4730734091049));
#10885=IFCCARTESIANPOINT((514.60000000001435,193.69999999999771,1621.0843738169342));
#10886=IFCCARTESIANPOINT((514.60000000001435,193.69999999999771,1519.9906239296074));
#10887=IFCCARTESIANPOINT((513.29031860835278,193.2115338740262,1530.1000017362583));
#10888=IFCCARTESIANPOINT((512.60000000001435,191.69999999999771,1519.9281221676422));
#10889=IFCCARTESIANPOINT((512.60000000001435,191.69999999999771,1499.5843743842695));
#10890=IFCCARTESIANPOINT((514.60000000001435,193.69999999999771,1499.7718717888229));
#10891=IFCCARTESIANPOINT((513.28081794985781,193.20324938667483,1509.7820895612581));
#10892=IFCCARTESIANPOINT((512.60000000001401,187.69999999999769,1855.5999999999997));
#10893=IFCCARTESIANPOINT((596.5615560386791,188.69999999999789,1835.5999999999997));
#10894=IFCCARTESIANPOINT((584.10000057705304,193.69999999999786,1840.599999999999));
#10895=IFCCARTESIANPOINT((571.63844396134948,188.69999999999786,1835.5999999999997));
#10896=IFCCARTESIANPOINT((584.10000240558736,192.094798205236,1836.9291220197729));
#10897=IFCCARTESIANPOINT((566.63844445868222,193.69999999999786,1840.599999999999));
#10898=IFCCARTESIANPOINT((601.56155669542375,193.69999999999791,1840.599999999999));
#10899=IFCCARTESIANPOINT((557.50202137997542,191.69338586869105,1836.5950479352293));
#10900=IFCCARTESIANPOINT((610.69798178627275,191.69338581336169,1836.5950478938748));
#10901=IFCCARTESIANPOINT((604.21984105439833,193.69999999999786,1853.5999999999988));
#10902=IFCCARTESIANPOINT((584.10000050722294,191.69999999999783,1855.5999999999992));
#10903=IFCCARTESIANPOINT((561.98015973538566,191.69999999999783,1855.5999999999992));
#10904=IFCCARTESIANPOINT((619.85000025361853,191.69999999999794,1855.5999999999995));
#10905=IFCCARTESIANPOINT((559.40992112781703,193.6999999999978,1853.599999999999));
#10906=IFCCARTESIANPOINT((581.81488169171837,193.69999999999786,1853.599999999999));
#10907=IFCCARTESIANPOINT((628.90991992659542,193.69999999999791,1853.5999999999988));
#10908=IFCCARTESIANPOINT((537.29007986769966,191.69999999999777,1855.5999999999992));
#10909=IFCCARTESIANPOINT((537.0049605639158,193.69999999999774,1853.599999999999));
#10910=IFCCARTESIANPOINT((548.20744084586636,193.6999999999978,1853.599999999999));
#10911=IFCCARTESIANPOINT((630.90992114674634,191.69999999999797,1855.5999999999995));
#10912=IFCCARTESIANPOINT((641.25495996330471,193.69999999999791,1853.599999999999));
#10913=IFCCARTESIANPOINT((524.94504044106577,191.69999999999774,1855.5999999999992));
#10914=IFCCARTESIANPOINT((549.63511929433366,191.69999999999777,1855.5999999999995));
#10915=IFCCARTESIANPOINT((643.25496057338012,191.69999999999797,1855.5999999999992));
#10916=IFCCARTESIANPOINT((526.94504003672375,193.69999999999771,1853.599999999999));
#10917=IFCCARTESIANPOINT((531.97500044306412,193.10764196074706,1855.0207547678383));
#10918=IFCCARTESIANPOINT((625.37996058564363,193.07336778746867,1855.0539122808252));
#10919=IFCCARTESIANPOINT((601.9749998732118,191.69999999999791,1855.5999999999992));
#10920=IFCCARTESIANPOINT((593.01736197366904,193.69999999999786,1853.599999999999));
#10921=IFCCARTESIANPOINT((611.73856109568703,193.0934711780109,1855.034656082845));
#10922=IFCCARTESIANPOINT((553.80868134142781,193.14489138279617,1854.9828553401974));
#10923=IFCCARTESIANPOINT((598.61860192994482,193.15819793734511,1854.9688165602131));
#10924=IFCCARTESIANPOINT((566.46493372839916,193.17858290958873,1854.9467711681882));
#10925=IFCCARTESIANPOINT((616.56488109110762,193.69999999999791,1853.599999999999));
#10926=IFCCARTESIANPOINT((542.92264579873654,192.940489781938,1855.1688164650141));
#10927=IFCCARTESIANPOINT((573.04008062851324,191.69999999999783,1855.5999999999992));
#10928=IFCCARTESIANPOINT((578.57004060028498,193.06894722943957,1855.0580752665762));
#10929=IFCCARTESIANPOINT((570.6124014097677,193.69999999999783,1853.599999999999));
#10930=IFCCARTESIANPOINT((643.70009833547169,193.12700430793524,1855.0013060711799));
#10931=IFCPOLYLOOP((#10375,#10376,#10373,#10374));
#10932=IFCFACEOUTERBOUND(#10931,.T.);
#10933=IFCFACE((#10932));
#10934=IFCPOLYLOOP((#10380,#10377,#10405,#10395,#10396,#10389,#10420,#10398,#10425,#10388,#10411,#10402,#10403,#10390,#10416,#10392,#10393,#10378,#10379));
#10935=IFCFACEOUTERBOUND(#10934,.T.);
#10936=IFCFACE((#10935));
#10937=IFCPOLYLOOP((#10391,#10404,#10413));
#10938=IFCFACEOUTERBOUND(#10937,.T.);
#10939=IFCFACE((#10938));
#10940=IFCPOLYLOOP((#10418,#10422,#10406));
#10941=IFCFACEOUTERBOUND(#10940,.T.);
#10942=IFCFACE((#10941));
#10943=IFCPOLYLOOP((#10430,#10429,#10405));
#10944=IFCFACEOUTERBOUND(#10943,.T.);
#10945=IFCFACE((#10944));
#10946=IFCPOLYLOOP((#10413,#10415,#10391));
#10947=IFCFACEOUTERBOUND(#10946,.T.);
#10948=IFCFACE((#10947));
#10949=IFCPOLYLOOP((#10395,#10405,#10429));
#10950=IFCFACEOUTERBOUND(#10949,.T.);
#10951=IFCFACE((#10950));
#10952=IFCPOLYLOOP((#10409,#10408,#10407));
#10953=IFCFACEOUTERBOUND(#10952,.T.);
#10954=IFCFACE((#10953));
#10955=IFCPOLYLOOP((#10418,#10389,#10396));
#10956=IFCFACEOUTERBOUND(#10955,.T.);
#10957=IFCFACE((#10956));
#10958=IFCPOLYLOOP((#10421,#10400,#10399));
#10959=IFCFACEOUTERBOUND(#10958,.T.);
#10960=IFCFACE((#10959));
#10961=IFCPOLYLOOP((#10431,#10412,#10410));
#10962=IFCFACEOUTERBOUND(#10961,.T.);
#10963=IFCFACE((#10962));
#10964=IFCPOLYLOOP((#10423,#10426,#10425));
#10965=IFCFACEOUTERBOUND(#10964,.T.);
#10966=IFCFACE((#10965));
#10967=IFCPOLYLOOP((#10414,#10415,#10428));
#10968=IFCFACEOUTERBOUND(#10967,.T.);
#10969=IFCFACE((#10968));
#10970=IFCPOLYLOOP((#10383,#10378,#10417));
#10971=IFCFACEOUTERBOUND(#10970,.T.);
#10972=IFCFACE((#10971));
#10973=IFCPOLYLOOP((#10417,#10413,#10404));
#10974=IFCFACEOUTERBOUND(#10973,.T.);
#10975=IFCFACE((#10974));
#10976=IFCPOLYLOOP((#10397,#10429,#10430));
#10977=IFCFACEOUTERBOUND(#10976,.T.);
#10978=IFCFACE((#10977));
#10979=IFCPOLYLOOP((#10423,#10421,#10399));
#10980=IFCFACEOUTERBOUND(#10979,.T.);
#10981=IFCFACE((#10980));
#10982=IFCPOLYLOOP((#10418,#10396,#10422));
#10983=IFCFACEOUTERBOUND(#10982,.T.);
#10984=IFCFACE((#10983));
#10985=IFCPOLYLOOP((#10430,#10405,#10377));
#10986=IFCFACEOUTERBOUND(#10985,.T.);
#10987=IFCFACE((#10986));
#10988=IFCPOLYLOOP((#10430,#10384,#10381));
#10989=IFCFACEOUTERBOUND(#10988,.T.);
#10990=IFCFACE((#10989));
#10991=IFCPOLYLOOP((#10418,#10386,#10419));
#10992=IFCFACEOUTERBOUND(#10991,.T.);
#10993=IFCFACE((#10992));
#10994=IFCPOLYLOOP((#10420,#10419,#10421));
#10995=IFCFACEOUTERBOUND(#10994,.T.);
#10996=IFCFACE((#10995));
#10997=IFCPOLYLOOP((#10409,#10407,#10387));
#10998=IFCFACEOUTERBOUND(#10997,.T.);
#10999=IFCFACE((#10998));
#11000=IFCPOLYLOOP((#10410,#10408,#10402));
#11001=IFCFACEOUTERBOUND(#11000,.T.);
#11002=IFCFACE((#11001));
#11003=IFCPOLYLOOP((#10408,#10403,#10402));
#11004=IFCFACEOUTERBOUND(#11003,.T.);
#11005=IFCFACE((#11004));
#11006=IFCPOLYLOOP((#10417,#10404,#10382));
#11007=IFCFACEOUTERBOUND(#11006,.T.);
#11008=IFCFACE((#11007));
#11009=IFCPOLYLOOP((#10393,#10392,#10413));
#11010=IFCFACEOUTERBOUND(#11009,.T.);
#11011=IFCFACE((#11010));
#11012=IFCPOLYLOOP((#10410,#10401,#10408));
#11013=IFCFACEOUTERBOUND(#11012,.T.);
#11014=IFCFACE((#11013));
#11015=IFCPOLYLOOP((#10429,#10394,#10422));
#11016=IFCFACEOUTERBOUND(#11015,.T.);
#11017=IFCFACE((#11016));
#11018=IFCPOLYLOOP((#10407,#10408,#10401));
#11019=IFCFACEOUTERBOUND(#11018,.T.);
#11020=IFCFACE((#11019));
#11021=IFCPOLYLOOP((#10403,#10408,#10409));
#11022=IFCFACEOUTERBOUND(#11021,.T.);
#11023=IFCFACE((#11022));
#11024=IFCPOLYLOOP((#10409,#10390,#10403));
#11025=IFCFACEOUTERBOUND(#11024,.T.);
#11026=IFCFACE((#11025));
#11027=IFCPOLYLOOP((#10428,#10390,#10409));
#11028=IFCFACEOUTERBOUND(#11027,.T.);
#11029=IFCFACE((#11028));
#11030=IFCPOLYLOOP((#10427,#10385,#10412));
#11031=IFCFACEOUTERBOUND(#11030,.T.);
#11032=IFCFACE((#11031));
#11033=IFCPOLYLOOP((#10412,#10401,#10410));
#11034=IFCFACEOUTERBOUND(#11033,.T.);
#11035=IFCFACE((#11034));
#11036=IFCPOLYLOOP((#10427,#10426,#10385));
#11037=IFCFACEOUTERBOUND(#11036,.T.);
#11038=IFCFACE((#11037));
#11039=IFCPOLYLOOP((#10410,#10402,#10411));
#11040=IFCFACEOUTERBOUND(#11039,.T.);
#11041=IFCFACE((#11040));
#11042=IFCPOLYLOOP((#10417,#10393,#10413));
#11043=IFCFACEOUTERBOUND(#11042,.T.);
#11044=IFCFACE((#11043));
#11045=IFCPOLYLOOP((#10393,#10417,#10378));
#11046=IFCFACEOUTERBOUND(#11045,.T.);
#11047=IFCFACE((#11046));
#11048=IFCPOLYLOOP((#10392,#10415,#10413));
#11049=IFCFACEOUTERBOUND(#11048,.T.);
#11050=IFCFACE((#11049));
#11051=IFCPOLYLOOP((#10415,#10414,#10391));
#11052=IFCFACEOUTERBOUND(#11051,.T.);
#11053=IFCFACE((#11052));
#11054=IFCPOLYLOOP((#10428,#10416,#10390));
#11055=IFCFACEOUTERBOUND(#11054,.T.);
#11056=IFCFACE((#11055));
#11057=IFCPOLYLOOP((#10414,#10428,#10387));
#11058=IFCFACEOUTERBOUND(#11057,.T.);
#11059=IFCFACE((#11058));
#11060=IFCPOLYLOOP((#10415,#10392,#10416));
#11061=IFCFACEOUTERBOUND(#11060,.T.);
#11062=IFCFACE((#11061));
#11063=IFCPOLYLOOP((#10383,#10417,#10382));
#11064=IFCFACEOUTERBOUND(#11063,.T.);
#11065=IFCFACE((#11064));
#11066=IFCPOLYLOOP((#10389,#10418,#10419));
#11067=IFCFACEOUTERBOUND(#11066,.T.);
#11068=IFCFACE((#11067));
#11069=IFCPOLYLOOP((#10386,#10418,#10406));
#11070=IFCFACEOUTERBOUND(#11069,.T.);
#11071=IFCFACE((#11070));
#11072=IFCPOLYLOOP((#10423,#10398,#10421));
#11073=IFCFACEOUTERBOUND(#11072,.T.);
#11074=IFCFACE((#11073));
#11075=IFCPOLYLOOP((#10419,#10386,#10400));
#11076=IFCFACEOUTERBOUND(#11075,.T.);
#11077=IFCFACE((#11076));
#11078=IFCPOLYLOOP((#10420,#10389,#10419));
#11079=IFCFACEOUTERBOUND(#11078,.T.);
#11080=IFCFACE((#11079));
#11081=IFCPOLYLOOP((#10398,#10420,#10421));
#11082=IFCFACEOUTERBOUND(#11081,.T.);
#11083=IFCFACE((#11082));
#11084=IFCPOLYLOOP((#10400,#10421,#10419));
#11085=IFCFACEOUTERBOUND(#11084,.T.);
#11086=IFCFACE((#11085));
#11087=IFCPOLYLOOP((#10406,#10422,#10394));
#11088=IFCFACEOUTERBOUND(#11087,.T.);
#11089=IFCFACE((#11088));
#11090=IFCPOLYLOOP((#10422,#10396,#10395));
#11091=IFCFACEOUTERBOUND(#11090,.T.);
#11092=IFCFACE((#11091));
#11093=IFCPOLYLOOP((#10388,#10425,#10426));
#11094=IFCFACEOUTERBOUND(#11093,.T.);
#11095=IFCFACE((#11094));
#11096=IFCPOLYLOOP((#10425,#10398,#10423));
#11097=IFCFACEOUTERBOUND(#11096,.T.);
#11098=IFCFACE((#11097));
#11099=IFCPOLYLOOP((#10424,#10385,#10426));
#11100=IFCFACEOUTERBOUND(#11099,.T.);
#11101=IFCFACE((#11100));
#11102=IFCPOLYLOOP((#10423,#10399,#10424));
#11103=IFCFACEOUTERBOUND(#11102,.T.);
#11104=IFCFACE((#11103));
#11105=IFCPOLYLOOP((#10427,#10388,#10426));
#11106=IFCFACEOUTERBOUND(#11105,.T.);
#11107=IFCFACE((#11106));
#11108=IFCPOLYLOOP((#10424,#10426,#10423));
#11109=IFCFACEOUTERBOUND(#11108,.T.);
#11110=IFCFACE((#11109));
#11111=IFCPOLYLOOP((#10427,#10411,#10388));
#11112=IFCFACEOUTERBOUND(#11111,.T.);
#11113=IFCFACE((#11112));
#11114=IFCPOLYLOOP((#10431,#10411,#10427));
#11115=IFCFACEOUTERBOUND(#11114,.T.);
#11116=IFCFACE((#11115));
#11117=IFCPOLYLOOP((#10415,#10416,#10428));
#11118=IFCFACEOUTERBOUND(#11117,.T.);
#11119=IFCFACE((#11118));
#11120=IFCPOLYLOOP((#10387,#10428,#10409));
#11121=IFCFACEOUTERBOUND(#11120,.T.);
#11122=IFCFACE((#11121));
#11123=IFCPOLYLOOP((#10395,#10429,#10422));
#11124=IFCFACEOUTERBOUND(#11123,.T.);
#11125=IFCFACE((#11124));
#11126=IFCPOLYLOOP((#10394,#10429,#10397));
#11127=IFCFACEOUTERBOUND(#11126,.T.);
#11128=IFCFACE((#11127));
#11129=IFCPOLYLOOP((#10397,#10430,#10381));
#11130=IFCFACEOUTERBOUND(#11129,.T.);
#11131=IFCFACE((#11130));
#11132=IFCPOLYLOOP((#10384,#10430,#10377));
#11133=IFCFACEOUTERBOUND(#11132,.T.);
#11134=IFCFACE((#11133));
#11135=IFCPOLYLOOP((#10412,#10431,#10427));
#11136=IFCFACEOUTERBOUND(#11135,.T.);
#11137=IFCFACE((#11136));
#11138=IFCPOLYLOOP((#10431,#10410,#10411));
#11139=IFCFACEOUTERBOUND(#11138,.T.);
#11140=IFCFACE((#11139));
#11141=IFCPOLYLOOP((#10485,#10484,#10466));
#11142=IFCFACEOUTERBOUND(#11141,.T.);
#11143=IFCFACE((#11142));
#11144=IFCPOLYLOOP((#10563,#10454,#10529));
#11145=IFCFACEOUTERBOUND(#11144,.T.);
#11146=IFCFACE((#11145));
#11147=IFCPOLYLOOP((#10533,#10573,#10598));
#11148=IFCFACEOUTERBOUND(#11147,.T.);
#11149=IFCFACE((#11148));
#11150=IFCPOLYLOOP((#10603,#10472,#10549));
#11151=IFCFACEOUTERBOUND(#11150,.T.);
#11152=IFCFACE((#11151));
#11153=IFCPOLYLOOP((#10515,#10507,#10486));
#11154=IFCFACEOUTERBOUND(#11153,.T.);
#11155=IFCFACE((#11154));
#11156=IFCPOLYLOOP((#10487,#10451,#10482));
#11157=IFCFACEOUTERBOUND(#11156,.T.);
#11158=IFCFACE((#11157));
#11159=IFCPOLYLOOP((#10577,#10498,#10535,#10459));
#11160=IFCFACEOUTERBOUND(#11159,.T.);
#11161=IFCFACE((#11160));
#11162=IFCPOLYLOOP((#10518,#10519,#10516));
#11163=IFCFACEOUTERBOUND(#11162,.T.);
#11164=IFCFACE((#11163));
#11165=IFCPOLYLOOP((#10480,#10464,#10478,#10479));
#11166=IFCFACEOUTERBOUND(#11165,.T.);
#11167=IFCFACE((#11166));
#11168=IFCPOLYLOOP((#10475,#10610,#10611,#10606));
#11169=IFCFACEOUTERBOUND(#11168,.T.);
#11170=IFCFACE((#11169));
#11171=IFCPOLYLOOP((#10543,#10601,#10600));
#11172=IFCFACEOUTERBOUND(#11171,.T.);
#11173=IFCFACE((#11172));
#11174=IFCPOLYLOOP((#10517,#10519,#10518));
#11175=IFCFACEOUTERBOUND(#11174,.T.);
#11176=IFCFACE((#11175));
#11177=IFCPOLYLOOP((#10542,#10597,#10602));
#11178=IFCFACEOUTERBOUND(#11177,.T.);
#11179=IFCFACE((#11178));
#11180=IFCPOLYLOOP((#10532,#10571,#10574));
#11181=IFCFACEOUTERBOUND(#11180,.T.);
#11182=IFCFACE((#11181));
#11183=IFCPOLYLOOP((#10507,#10449,#10509));
#11184=IFCFACEOUTERBOUND(#11183,.T.);
#11185=IFCFACE((#11184));
#11186=IFCPOLYLOOP((#10502,#10589,#10539));
#11187=IFCFACEOUTERBOUND(#11186,.T.);
#11188=IFCFACE((#11187));
#11189=IFCPOLYLOOP((#10480,#10482,#10451));
#11190=IFCFACEOUTERBOUND(#11189,.T.);
#11191=IFCFACE((#11190));
#11192=IFCPOLYLOOP((#10434,#10435,#10483));
#11193=IFCFACEOUTERBOUND(#11192,.T.);
#11194=IFCFACE((#11193));
#11195=IFCPOLYLOOP((#10478,#10436,#10437));
#11196=IFCFACEOUTERBOUND(#11195,.T.);
#11197=IFCFACE((#11196));
#11198=IFCPOLYLOOP((#10526,#10555,#10558));
#11199=IFCFACEOUTERBOUND(#11198,.T.);
#11200=IFCFACE((#11199));
#11201=IFCPOLYLOOP((#10541,#10594,#10593));
#11202=IFCFACEOUTERBOUND(#11201,.T.);
#11203=IFCFACE((#11202));
#11204=IFCPOLYLOOP((#10527,#10557,#10562));
#11205=IFCFACEOUTERBOUND(#11204,.T.);
#11206=IFCFACE((#11205));
#11207=IFCPOLYLOOP((#10528,#10560,#10564));
#11208=IFCFACEOUTERBOUND(#11207,.T.);
#11209=IFCFACE((#11208));
#11210=IFCPOLYLOOP((#10552,#10606,#10611));
#11211=IFCFACEOUTERBOUND(#11210,.T.);
#11212=IFCFACE((#11211));
#11213=IFCPOLYLOOP((#10500,#10584,#10537));
#11214=IFCFACEOUTERBOUND(#11213,.T.);
#11215=IFCFACE((#11214));
#11216=IFCPOLYLOOP((#10582,#10500,#10537,#10458));
#11217=IFCFACEOUTERBOUND(#11216,.T.);
#11218=IFCFACE((#11217));
#11219=IFCPOLYLOOP((#10498,#10579,#10535));
#11220=IFCFACEOUTERBOUND(#11219,.T.);
#11221=IFCFACE((#11220));
#11222=IFCPOLYLOOP((#10437,#10476,#10479));
#11223=IFCFACEOUTERBOUND(#11222,.T.);
#11224=IFCFACE((#11223));
#11225=IFCPOLYLOOP((#10466,#10484,#10483));
#11226=IFCFACEOUTERBOUND(#11225,.T.);
#11227=IFCFACE((#11226));
#11228=IFCPOLYLOOP((#10460,#10516,#10485));
#11229=IFCFACEOUTERBOUND(#11228,.T.);
#11230=IFCFACE((#11229));
#11231=IFCPOLYLOOP((#10482,#10479,#10463));
#11232=IFCFACEOUTERBOUND(#11231,.T.);
#11233=IFCFACE((#11232));
#11234=IFCPOLYLOOP((#10485,#10516,#10461));
#11235=IFCFACEOUTERBOUND(#11234,.T.);
#11236=IFCFACE((#11235));
#11237=IFCPOLYLOOP((#10483,#10484,#10434));
#11238=IFCFACEOUTERBOUND(#11237,.T.);
#11239=IFCFACE((#11238));
#11240=IFCPOLYLOOP((#10469,#10513,#10512));
#11241=IFCFACEOUTERBOUND(#11240,.T.);
#11242=IFCFACE((#11241));
#11243=IFCPOLYLOOP((#10587,#10502,#10539,#10468));
#11244=IFCFACEOUTERBOUND(#11243,.T.);
#11245=IFCFACE((#11244));
#11246=IFCPOLYLOOP((#10510,#10511,#10512));
#11247=IFCFACEOUTERBOUND(#11246,.T.);
#11248=IFCFACE((#11247));
#11249=IFCPOLYLOOP((#10549,#10605,#10604));
#11250=IFCFACEOUTERBOUND(#11249,.T.);
#11251=IFCFACE((#11250));
#11252=IFCPOLYLOOP((#10540,#10591,#10595));
#11253=IFCFACEOUTERBOUND(#11252,.T.);
#11254=IFCFACE((#11253));
#11255=IFCPOLYLOOP((#10523,#10551,#10593));
#11256=IFCFACEOUTERBOUND(#11255,.T.);
#11257=IFCFACE((#11256));
#11258=IFCPOLYLOOP((#10494,#10569,#10531));
#11259=IFCFACEOUTERBOUND(#11258,.T.);
#11260=IFCFACE((#11259));
#11261=IFCPOLYLOOP((#10567,#10494,#10531,#10474));
#11262=IFCFACEOUTERBOUND(#11261,.T.);
#11263=IFCFACE((#11262));
#11264=IFCPOLYLOOP((#10607,#10559,#10441,#10606));
#11265=IFCFACEOUTERBOUND(#11264,.T.);
#11266=IFCFACE((#11265));
#11267=IFCPOLYLOOP((#10437,#10432,#10476));
#11268=IFCFACEOUTERBOUND(#11267,.T.);
#11269=IFCFACE((#11268));
#11270=IFCPOLYLOOP((#10477,#10433,#10434));
#11271=IFCFACEOUTERBOUND(#11270,.T.);
#11272=IFCFACE((#11271));
#11273=IFCPOLYLOOP((#10437,#10479,#10478));
#11274=IFCFACEOUTERBOUND(#11273,.T.);
#11275=IFCFACE((#11274));
#11276=IFCPOLYLOOP((#10479,#10476,#10463));
#11277=IFCFACEOUTERBOUND(#11276,.T.);
#11278=IFCFACE((#11277));
#11279=IFCPOLYLOOP((#10481,#10450,#10482,#10463));
#11280=IFCFACEOUTERBOUND(#11279,.T.);
#11281=IFCFACE((#11280));
#11282=IFCPOLYLOOP((#10480,#10479,#10482));
#11283=IFCFACEOUTERBOUND(#11282,.T.);
#11284=IFCFACE((#11283));
#11285=IFCPOLYLOOP((#10526,#10554,#10604));
#11286=IFCFACEOUTERBOUND(#11285,.T.);
#11287=IFCFACE((#11286));
#11288=IFCPOLYLOOP((#10477,#10434,#10484));
#11289=IFCFACEOUTERBOUND(#11288,.T.);
#11290=IFCFACE((#11289));
#11291=IFCPOLYLOOP((#10484,#10465,#10477));
#11292=IFCFACEOUTERBOUND(#11291,.T.);
#11293=IFCFACE((#11292));
#11294=IFCPOLYLOOP((#10465,#10484,#10485));
#11295=IFCFACEOUTERBOUND(#11294,.T.);
#11296=IFCFACE((#11295));
#11297=IFCPOLYLOOP((#10465,#10485,#10461));
#11298=IFCFACEOUTERBOUND(#11297,.T.);
#11299=IFCFACE((#11298));
#11300=IFCPOLYLOOP((#10525,#10460,#10485,#10466));
#11301=IFCFACEOUTERBOUND(#11300,.T.);
#11302=IFCFACE((#11301));
#11303=IFCPOLYLOOP((#10450,#10487,#10482));
#11304=IFCFACEOUTERBOUND(#11303,.T.);
#11305=IFCFACE((#11304));
#11306=IFCPOLYLOOP((#10508,#10451,#10487));
#11307=IFCFACEOUTERBOUND(#11306,.T.);
#11308=IFCFACE((#11307));
#11309=IFCPOLYLOOP((#10509,#10448,#10507));
#11310=IFCFACEOUTERBOUND(#11309,.T.);
#11311=IFCFACE((#11310));
#11312=IFCPOLYLOOP((#10488,#10449,#10507));
#11313=IFCFACEOUTERBOUND(#11312,.T.);
#11314=IFCFACE((#11313));
#11315=IFCPOLYLOOP((#10450,#10515,#10487));
#11316=IFCFACEOUTERBOUND(#11315,.T.);
#11317=IFCFACE((#11316));
#11318=IFCPOLYLOOP((#10556,#10489,#10527,#10454));
#11319=IFCFACEOUTERBOUND(#11318,.T.);
#11320=IFCFACE((#11319));
#11321=IFCPOLYLOOP((#10528,#10559,#10607));
#11322=IFCFACEOUTERBOUND(#11321,.T.);
#11323=IFCFACE((#11322));
#11324=IFCPOLYLOOP((#10561,#10491,#10529));
#11325=IFCFACEOUTERBOUND(#11324,.T.);
#11326=IFCFACE((#11325));
#11327=IFCPOLYLOOP((#10493,#10568,#10569,#10565));
#11328=IFCFACEOUTERBOUND(#11327,.T.);
#11329=IFCFACE((#11328));
#11330=IFCPOLYLOOP((#10530,#10565,#10569));
#11331=IFCFACEOUTERBOUND(#11330,.T.);
#11332=IFCFACE((#11331));
#11333=IFCPOLYLOOP((#10570,#10443,#10532,#10495));
#11334=IFCFACEOUTERBOUND(#11333,.T.);
#11335=IFCFACE((#11334));
#11336=IFCPOLYLOOP((#10572,#10495,#10533,#10447));
#11337=IFCFACEOUTERBOUND(#11336,.T.);
#11338=IFCFACE((#11337));
#11339=IFCPOLYLOOP((#10579,#10534,#10497));
#11340=IFCFACEOUTERBOUND(#11339,.T.);
#11341=IFCFACE((#11340));
#11342=IFCPOLYLOOP((#10575,#10497,#10534,#10439));
#11343=IFCFACEOUTERBOUND(#11342,.T.);
#11344=IFCFACE((#11343));
#11345=IFCPOLYLOOP((#10499,#10583,#10584,#10580));
#11346=IFCFACEOUTERBOUND(#11345,.T.);
#11347=IFCFACE((#11346));
#11348=IFCPOLYLOOP((#10536,#10580,#10584));
#11349=IFCFACEOUTERBOUND(#11348,.T.);
#11350=IFCFACE((#11349));
#11351=IFCPOLYLOOP((#10589,#10538,#10501));
#11352=IFCFACEOUTERBOUND(#11351,.T.);
#11353=IFCFACE((#11352));
#11354=IFCPOLYLOOP((#10585,#10501,#10538,#10442));
#11355=IFCFACEOUTERBOUND(#11354,.T.);
#11356=IFCFACE((#11355));
#11357=IFCPOLYLOOP((#10590,#10440,#10540,#10503));
#11358=IFCFACEOUTERBOUND(#11357,.T.);
#11359=IFCFACE((#11358));
#11360=IFCPOLYLOOP((#10592,#10503,#10541,#10471));
#11361=IFCFACEOUTERBOUND(#11360,.T.);
#11362=IFCFACE((#11361));
#11363=IFCPOLYLOOP((#10596,#10447,#10542,#10505));
#11364=IFCFACEOUTERBOUND(#11363,.T.);
#11365=IFCFACE((#11364));
#11366=IFCPOLYLOOP((#10599,#10505,#10543,#10444));
#11367=IFCFACEOUTERBOUND(#11366,.T.);
#11368=IFCFACE((#11367));
#11369=IFCPOLYLOOP((#10488,#10507,#10515));
#11370=IFCFACEOUTERBOUND(#11369,.T.);
#11371=IFCFACE((#11370));
#11372=IFCPOLYLOOP((#10544,#10486,#10507,#10448));
#11373=IFCFACEOUTERBOUND(#11372,.T.);
#11374=IFCFACE((#11373));
#11375=IFCPOLYLOOP((#10545,#10468,#10513,#10469));
#11376=IFCFACEOUTERBOUND(#11375,.T.);
#11377=IFCFACE((#11376));
#11378=IFCPOLYLOOP((#10486,#10508,#10515));
#11379=IFCFACEOUTERBOUND(#11378,.T.);
#11380=IFCFACE((#11379));
#11381=IFCPOLYLOOP((#10509,#10514,#10512));
#11382=IFCFACEOUTERBOUND(#11381,.T.);
#11383=IFCFACE((#11382));
#11384=IFCPOLYLOOP((#10512,#10511,#10509));
#11385=IFCFACEOUTERBOUND(#11384,.T.);
#11386=IFCFACE((#11385));
#11387=IFCPOLYLOOP((#10511,#10448,#10509));
#11388=IFCFACEOUTERBOUND(#11387,.T.);
#11389=IFCFACE((#11388));
#11390=IFCPOLYLOOP((#10513,#10510,#10512));
#11391=IFCFACEOUTERBOUND(#11390,.T.);
#11392=IFCFACE((#11391));
#11393=IFCPOLYLOOP((#10488,#10515,#10450));
#11394=IFCFACEOUTERBOUND(#11393,.T.);
#11395=IFCFACE((#11394));
#11396=IFCPOLYLOOP((#10546,#10510,#10513,#10467));
#11397=IFCFACEOUTERBOUND(#11396,.T.);
#11398=IFCFACE((#11397));
#11399=IFCPOLYLOOP((#10467,#10513,#10539));
#11400=IFCFACEOUTERBOUND(#11399,.T.);
#11401=IFCFACE((#11400));
#11402=IFCPOLYLOOP((#10469,#10512,#10514));
#11403=IFCFACEOUTERBOUND(#11402,.T.);
#11404=IFCFACE((#11403));
#11405=IFCPOLYLOOP((#10509,#10449,#10514));
#11406=IFCFACEOUTERBOUND(#11405,.T.);
#11407=IFCFACE((#11406));
#11408=IFCPOLYLOOP((#10487,#10515,#10508));
#11409=IFCFACEOUTERBOUND(#11408,.T.);
#11410=IFCFACE((#11409));
#11411=IFCPOLYLOOP((#10462,#10521,#10519));
#11412=IFCFACEOUTERBOUND(#11411,.T.);
#11413=IFCFACE((#11412));
#11414=IFCPOLYLOOP((#10519,#10520,#10462));
#11415=IFCFACEOUTERBOUND(#11414,.T.);
#11416=IFCFACE((#11415));
#11417=IFCPOLYLOOP((#10517,#10520,#10519));
#11418=IFCFACEOUTERBOUND(#11417,.T.);
#11419=IFCFACE((#11418));
#11420=IFCPOLYLOOP((#10516,#10519,#10521));
#11421=IFCFACEOUTERBOUND(#11420,.T.);
#11422=IFCFACE((#11421));
#11423=IFCPOLYLOOP((#10516,#10460,#10518));
#11424=IFCFACEOUTERBOUND(#11423,.T.);
#11425=IFCFACE((#11424));
#11426=IFCPOLYLOOP((#10547,#10462,#10520,#10445));
#11427=IFCFACEOUTERBOUND(#11426,.T.);
#11428=IFCFACE((#11427));
#11429=IFCPOLYLOOP((#10506,#10602,#10597));
#11430=IFCFACEOUTERBOUND(#11429,.T.);
#11431=IFCFACE((#11430));
#11432=IFCPOLYLOOP((#10520,#10548,#10600));
#11433=IFCFACEOUTERBOUND(#11432,.T.);
#11434=IFCFACE((#11433));
#11435=IFCPOLYLOOP((#10521,#10461,#10516));
#11436=IFCFACEOUTERBOUND(#11435,.T.);
#11437=IFCFACE((#11436));
#11438=IFCPOLYLOOP((#10504,#10595,#10591));
#11439=IFCFACEOUTERBOUND(#11438,.T.);
#11440=IFCFACE((#11439));
#11441=IFCPOLYLOOP((#10550,#10522,#10523,#10470));
#11442=IFCFACEOUTERBOUND(#11441,.T.);
#11443=IFCFACE((#11442));
#11444=IFCPOLYLOOP((#10472,#10523,#10549));
#11445=IFCFACEOUTERBOUND(#11444,.T.);
#11446=IFCFACE((#11445));
#11447=IFCPOLYLOOP((#10558,#10527,#10489));
#11448=IFCFACEOUTERBOUND(#11447,.T.);
#11449=IFCFACE((#11448));
#11450=IFCPOLYLOOP((#10609,#10524,#10553,#10473));
#11451=IFCFACEOUTERBOUND(#11450,.T.);
#11452=IFCFACE((#11451));
#11453=IFCPOLYLOOP((#10528,#10607,#10438));
#11454=IFCFACEOUTERBOUND(#11453,.T.);
#11455=IFCFACE((#11454));
#11456=IFCPOLYLOOP((#10492,#10563,#10564,#10560));
#11457=IFCFACEOUTERBOUND(#11456,.T.);
#11458=IFCFACE((#11457));
#11459=IFCPOLYLOOP((#10558,#10557,#10527));
#11460=IFCFACEOUTERBOUND(#11459,.T.);
#11461=IFCFACE((#11460));
#11462=IFCPOLYLOOP((#10564,#10529,#10491));
#11463=IFCFACEOUTERBOUND(#11462,.T.);
#11464=IFCFACE((#11463));
#11465=IFCPOLYLOOP((#10552,#10438,#10607));
#11466=IFCFACEOUTERBOUND(#11465,.T.);
#11467=IFCFACE((#11466));
#11468=IFCPOLYLOOP((#10529,#10562,#10561));
#11469=IFCFACEOUTERBOUND(#11468,.T.);
#11470=IFCFACE((#11469));
#11471=IFCPOLYLOOP((#10564,#10563,#10529));
#11472=IFCFACEOUTERBOUND(#11471,.T.);
#11473=IFCFACE((#11472));
#11474=IFCPOLYLOOP((#10457,#10530,#10536));
#11475=IFCFACEOUTERBOUND(#11474,.T.);
#11476=IFCFACE((#11475));
#11477=IFCPOLYLOOP((#10566,#10456,#10530,#10494));
#11478=IFCFACEOUTERBOUND(#11477,.T.);
#11479=IFCFACE((#11478));
#11480=IFCPOLYLOOP((#10474,#10531,#10553));
#11481=IFCFACEOUTERBOUND(#11480,.T.);
#11482=IFCFACE((#11481));
#11483=IFCPOLYLOOP((#10568,#10473,#10531));
#11484=IFCFACEOUTERBOUND(#11483,.T.);
#11485=IFCFACE((#11484));
#11486=IFCPOLYLOOP((#10574,#10533,#10495));
#11487=IFCFACEOUTERBOUND(#11486,.T.);
#11488=IFCFACE((#11487));
#11489=IFCPOLYLOOP((#10440,#10532,#10540));
#11490=IFCFACEOUTERBOUND(#11489,.T.);
#11491=IFCFACE((#11490));
#11492=IFCPOLYLOOP((#10598,#10542,#10447));
#11493=IFCFACEOUTERBOUND(#11492,.T.);
#11494=IFCFACE((#11493));
#11495=IFCPOLYLOOP((#10496,#10533,#10574));
#11496=IFCFACEOUTERBOUND(#11495,.T.);
#11497=IFCFACE((#11496));
#11498=IFCPOLYLOOP((#10439,#10534,#10538));
#11499=IFCFACEOUTERBOUND(#11498,.T.);
#11500=IFCFACE((#11499));
#11501=IFCPOLYLOOP((#10576,#10442,#10534));
#11502=IFCFACEOUTERBOUND(#11501,.T.);
#11503=IFCFACE((#11502));
#11504=IFCPOLYLOOP((#10459,#10535,#10537));
#11505=IFCFACEOUTERBOUND(#11504,.T.);
#11506=IFCFACE((#11505));
#11507=IFCPOLYLOOP((#10578,#10458,#10535));
#11508=IFCFACEOUTERBOUND(#11507,.T.);
#11509=IFCFACE((#11508));
#11510=IFCPOLYLOOP((#10456,#10536,#10530));
#11511=IFCFACEOUTERBOUND(#11510,.T.);
#11512=IFCFACE((#11511));
#11513=IFCPOLYLOOP((#10581,#10457,#10536));
#11514=IFCFACEOUTERBOUND(#11513,.T.);
#11515=IFCFACE((#11514));
#11516=IFCPOLYLOOP((#10458,#10537,#10535));
#11517=IFCFACEOUTERBOUND(#11516,.T.);
#11518=IFCFACE((#11517));
#11519=IFCPOLYLOOP((#10583,#10459,#10537));
#11520=IFCFACEOUTERBOUND(#11519,.T.);
#11521=IFCFACE((#11520));
#11522=IFCPOLYLOOP((#10442,#10538,#10534));
#11523=IFCFACEOUTERBOUND(#11522,.T.);
#11524=IFCFACE((#11523));
#11525=IFCPOLYLOOP((#10586,#10439,#10538));
#11526=IFCFACEOUTERBOUND(#11525,.T.);
#11527=IFCFACE((#11526));
#11528=IFCPOLYLOOP((#10468,#10539,#10513));
#11529=IFCFACEOUTERBOUND(#11528,.T.);
#11530=IFCFACE((#11529));
#11531=IFCPOLYLOOP((#10588,#10467,#10539));
#11532=IFCFACEOUTERBOUND(#11531,.T.);
#11533=IFCFACE((#11532));
#11534=IFCPOLYLOOP((#10595,#10541,#10503));
#11535=IFCFACEOUTERBOUND(#11534,.T.);
#11536=IFCFACE((#11535));
#11537=IFCPOLYLOOP((#10443,#10540,#10532));
#11538=IFCFACEOUTERBOUND(#11537,.T.);
#11539=IFCFACE((#11538));
#11540=IFCPOLYLOOP((#10593,#10471,#10541));
#11541=IFCFACEOUTERBOUND(#11540,.T.);
#11542=IFCFACE((#11541));
#11543=IFCPOLYLOOP((#10504,#10541,#10595));
#11544=IFCFACEOUTERBOUND(#11543,.T.);
#11545=IFCFACE((#11544));
#11546=IFCPOLYLOOP((#10602,#10543,#10505));
#11547=IFCFACEOUTERBOUND(#11546,.T.);
#11548=IFCFACE((#11547));
#11549=IFCPOLYLOOP((#10446,#10542,#10598));
#11550=IFCFACEOUTERBOUND(#11549,.T.);
#11551=IFCFACE((#11550));
#11552=IFCPOLYLOOP((#10600,#10444,#10543));
#11553=IFCFACEOUTERBOUND(#11552,.T.);
#11554=IFCFACE((#11553));
#11555=IFCPOLYLOOP((#10506,#10543,#10602));
#11556=IFCFACEOUTERBOUND(#11555,.T.);
#11557=IFCFACE((#11556));
#11558=IFCPOLYLOOP((#10549,#10604,#10603));
#11559=IFCFACEOUTERBOUND(#11558,.T.);
#11560=IFCFACE((#11559));
#11561=IFCPOLYLOOP((#10520,#10517,#10548));
#11562=IFCFACEOUTERBOUND(#11561,.T.);
#11563=IFCFACE((#11562));
#11564=IFCPOLYLOOP((#10522,#10549,#10523));
#11565=IFCFACEOUTERBOUND(#11564,.T.);
#11566=IFCFACE((#11565));
#11567=IFCPOLYLOOP((#10608,#10438,#10552,#10524));
#11568=IFCFACEOUTERBOUND(#11567,.T.);
#11569=IFCFACE((#11568));
#11570=IFCPOLYLOOP((#10523,#10472,#10551));
#11571=IFCFACEOUTERBOUND(#11570,.T.);
#11572=IFCFACE((#11571));
#11573=IFCPOLYLOOP((#10553,#10524,#10611));
#11574=IFCFACEOUTERBOUND(#11573,.T.);
#11575=IFCFACE((#11574));
#11576=IFCPOLYLOOP((#10473,#10553,#10531));
#11577=IFCFACEOUTERBOUND(#11576,.T.);
#11578=IFCFACE((#11577));
#11579=IFCPOLYLOOP((#10610,#10474,#10553));
#11580=IFCFACEOUTERBOUND(#11579,.T.);
#11581=IFCFACE((#11580));
#11582=IFCPOLYLOOP((#10490,#10557,#10558,#10555));
#11583=IFCFACEOUTERBOUND(#11582,.T.);
#11584=IFCFACE((#11583));
#11585=IFCPOLYLOOP((#10554,#10526,#10489));
#11586=IFCFACEOUTERBOUND(#11585,.T.);
#11587=IFCFACE((#11586));
#11588=IFCPOLYLOOP((#10526,#10452,#10555));
#11589=IFCFACEOUTERBOUND(#11588,.T.);
#11590=IFCFACE((#11589));
#11591=IFCPOLYLOOP((#10526,#10558,#10489));
#11592=IFCFACEOUTERBOUND(#11591,.T.);
#11593=IFCFACE((#11592));
#11594=IFCPOLYLOOP((#10455,#10561,#10562,#10557));
#11595=IFCFACEOUTERBOUND(#11594,.T.);
#11596=IFCFACE((#11595));
#11597=IFCPOLYLOOP((#10528,#10491,#10559));
#11598=IFCFACEOUTERBOUND(#11597,.T.);
#11599=IFCFACE((#11598));
#11600=IFCPOLYLOOP((#10528,#10438,#10560));
#11601=IFCFACEOUTERBOUND(#11600,.T.);
#11602=IFCFACE((#11601));
#11603=IFCPOLYLOOP((#10527,#10562,#10454));
#11604=IFCFACEOUTERBOUND(#11603,.T.);
#11605=IFCFACE((#11604));
#11606=IFCPOLYLOOP((#10562,#10529,#10454));
#11607=IFCFACEOUTERBOUND(#11606,.T.);
#11608=IFCFACE((#11607));
#11609=IFCPOLYLOOP((#10528,#10564,#10491));
#11610=IFCFACEOUTERBOUND(#11609,.T.);
#11611=IFCFACE((#11610));
#11612=IFCPOLYLOOP((#10530,#10569,#10494));
#11613=IFCFACEOUTERBOUND(#11612,.T.);
#11614=IFCFACE((#11613));
#11615=IFCPOLYLOOP((#10565,#10530,#10457));
#11616=IFCFACEOUTERBOUND(#11615,.T.);
#11617=IFCFACE((#11616));
#11618=IFCPOLYLOOP((#10531,#10569,#10568));
#11619=IFCFACEOUTERBOUND(#11618,.T.);
#11620=IFCFACE((#11619));
#11621=IFCPOLYLOOP((#10496,#10574,#10571));
#11622=IFCFACEOUTERBOUND(#11621,.T.);
#11623=IFCFACE((#11622));
#11624=IFCPOLYLOOP((#10532,#10440,#10571));
#11625=IFCFACEOUTERBOUND(#11624,.T.);
#11626=IFCFACE((#11625));
#11627=IFCPOLYLOOP((#10533,#10496,#10573));
#11628=IFCFACEOUTERBOUND(#11627,.T.);
#11629=IFCFACE((#11628));
#11630=IFCPOLYLOOP((#10532,#10574,#10495));
#11631=IFCFACEOUTERBOUND(#11630,.T.);
#11632=IFCFACE((#11631));
#11633=IFCPOLYLOOP((#10576,#10534,#10579));
#11634=IFCFACEOUTERBOUND(#11633,.T.);
#11635=IFCFACE((#11634));
#11636=IFCPOLYLOOP((#10498,#10576,#10579));
#11637=IFCFACEOUTERBOUND(#11636,.T.);
#11638=IFCFACE((#11637));
#11639=IFCPOLYLOOP((#10497,#10578,#10579));
#11640=IFCFACEOUTERBOUND(#11639,.T.);
#11641=IFCFACE((#11640));
#11642=IFCPOLYLOOP((#10535,#10579,#10578));
#11643=IFCFACEOUTERBOUND(#11642,.T.);
#11644=IFCFACE((#11643));
#11645=IFCPOLYLOOP((#10581,#10536,#10584));
#11646=IFCFACEOUTERBOUND(#11645,.T.);
#11647=IFCFACE((#11646));
#11648=IFCPOLYLOOP((#10580,#10536,#10456));
#11649=IFCFACEOUTERBOUND(#11648,.T.);
#11650=IFCFACE((#11649));
#11651=IFCPOLYLOOP((#10500,#10581,#10584));
#11652=IFCFACEOUTERBOUND(#11651,.T.);
#11653=IFCFACE((#11652));
#11654=IFCPOLYLOOP((#10537,#10584,#10583));
#11655=IFCFACEOUTERBOUND(#11654,.T.);
#11656=IFCFACE((#11655));
#11657=IFCPOLYLOOP((#10586,#10538,#10589));
#11658=IFCFACEOUTERBOUND(#11657,.T.);
#11659=IFCFACE((#11658));
#11660=IFCPOLYLOOP((#10502,#10586,#10589));
#11661=IFCFACEOUTERBOUND(#11660,.T.);
#11662=IFCFACE((#11661));
#11663=IFCPOLYLOOP((#10501,#10588,#10589));
#11664=IFCFACEOUTERBOUND(#11663,.T.);
#11665=IFCFACE((#11664));
#11666=IFCPOLYLOOP((#10539,#10589,#10588));
#11667=IFCFACEOUTERBOUND(#11666,.T.);
#11668=IFCFACE((#11667));
#11669=IFCPOLYLOOP((#10471,#10593,#10551));
#11670=IFCFACEOUTERBOUND(#11669,.T.);
#11671=IFCFACE((#11670));
#11672=IFCPOLYLOOP((#10540,#10443,#10591));
#11673=IFCFACEOUTERBOUND(#11672,.T.);
#11674=IFCFACE((#11673));
#11675=IFCPOLYLOOP((#10523,#10593,#10470));
#11676=IFCFACEOUTERBOUND(#11675,.T.);
#11677=IFCFACE((#11676));
#11678=IFCPOLYLOOP((#10470,#10593,#10594));
#11679=IFCFACEOUTERBOUND(#11678,.T.);
#11680=IFCFACE((#11679));
#11681=IFCPOLYLOOP((#10541,#10504,#10594));
#11682=IFCFACEOUTERBOUND(#11681,.T.);
#11683=IFCFACE((#11682));
#11684=IFCPOLYLOOP((#10540,#10595,#10503));
#11685=IFCFACEOUTERBOUND(#11684,.T.);
#11686=IFCFACE((#11685));
#11687=IFCPOLYLOOP((#10446,#10598,#10573));
#11688=IFCFACEOUTERBOUND(#11687,.T.);
#11689=IFCFACE((#11688));
#11690=IFCPOLYLOOP((#10542,#10446,#10597));
#11691=IFCFACEOUTERBOUND(#11690,.T.);
#11692=IFCFACE((#11691));
#11693=IFCPOLYLOOP((#10533,#10598,#10447));
#11694=IFCFACEOUTERBOUND(#11693,.T.);
#11695=IFCFACE((#11694));
#11696=IFCPOLYLOOP((#10444,#10600,#10548));
#11697=IFCFACEOUTERBOUND(#11696,.T.);
#11698=IFCFACE((#11697));
#11699=IFCPOLYLOOP((#10520,#10600,#10445));
#11700=IFCFACEOUTERBOUND(#11699,.T.);
#11701=IFCFACE((#11700));
#11702=IFCPOLYLOOP((#10445,#10600,#10601));
#11703=IFCFACEOUTERBOUND(#11702,.T.);
#11704=IFCFACE((#11703));
#11705=IFCPOLYLOOP((#10543,#10506,#10601));
#11706=IFCFACEOUTERBOUND(#11705,.T.);
#11707=IFCFACE((#11706));
#11708=IFCPOLYLOOP((#10542,#10602,#10505));
#11709=IFCFACEOUTERBOUND(#11708,.T.);
#11710=IFCFACE((#11709));
#11711=IFCPOLYLOOP((#10453,#10603,#10604,#10554));
#11712=IFCFACEOUTERBOUND(#11711,.T.);
#11713=IFCFACE((#11712));
#11714=IFCPOLYLOOP((#10526,#10604,#10452));
#11715=IFCFACEOUTERBOUND(#11714,.T.);
#11716=IFCFACE((#11715));
#11717=IFCPOLYLOOP((#10452,#10604,#10605));
#11718=IFCFACEOUTERBOUND(#11717,.T.);
#11719=IFCFACE((#11718));
#11720=IFCPOLYLOOP((#10549,#10522,#10605));
#11721=IFCFACEOUTERBOUND(#11720,.T.);
#11722=IFCFACE((#11721));
#11723=IFCPOLYLOOP((#10552,#10607,#10606));
#11724=IFCFACEOUTERBOUND(#11723,.T.);
#11725=IFCFACE((#11724));
#11726=IFCPOLYLOOP((#10552,#10611,#10524));
#11727=IFCFACEOUTERBOUND(#11726,.T.);
#11728=IFCFACE((#11727));
#11729=IFCPOLYLOOP((#10553,#10611,#10610));
#11730=IFCFACEOUTERBOUND(#11729,.T.);
#11731=IFCFACE((#11730));
#11732=IFCPOLYLOOP((#10613,#10433,#10477,#10465,#10461,#10521,#10462,#10547,#10445,#10601,#10506,#10597,#10446,#10573,#10496,#10571,#10440,#10590,#10503,#10592,#10471,#10551,#10472,#10603,#10453,#10554,#10489,#10556,#10454,#10563,#10492,#10560,#10438,#10608,#10524,#10609,#10473,#10568,#10493,#10565,#10457,#10581,#10500,#10582,#10458,#10578,#10497,#10575,#10439,#10586,#10502,#10587,#10468,#10545,#10469,#10514,#10449,#10488,#10450,#10481,#10463,#10476,#10432,#10612));
#11733=IFCFACEOUTERBOUND(#11732,.T.);
#11734=IFCFACE((#11733));
#11735=IFCPOLYLOOP((#10615,#10375,#10374,#10614));
#11736=IFCFACEOUTERBOUND(#11735,.T.);
#11737=IFCFACE((#11736));
#11738=IFCPOLYLOOP((#10617,#10379,#10378,#10622,#10620,#10616));
#11739=IFCFACEOUTERBOUND(#11738,.T.);
#11740=IFCFACE((#11739));
#11741=IFCPOLYLOOP((#10621,#10625,#10623,#10624));
#11742=IFCFACEOUTERBOUND(#11741,.T.);
#11743=IFCFACE((#11742));
#11744=IFCPOLYLOOP((#10626,#10383,#10624));
#11745=IFCFACEOUTERBOUND(#11744,.T.);
#11746=IFCFACE((#11745));
#11747=IFCPOLYLOOP((#10627,#10619,#10616));
#11748=IFCFACEOUTERBOUND(#11747,.T.);
#11749=IFCFACE((#11748));
#11750=IFCPOLYLOOP((#10627,#10620,#10623));
#11751=IFCFACEOUTERBOUND(#11750,.T.);
#11752=IFCFACE((#11751));
#11753=IFCPOLYLOOP((#10626,#10622,#10378));
#11754=IFCFACEOUTERBOUND(#11753,.T.);
#11755=IFCFACE((#11754));
#11756=IFCPOLYLOOP((#10620,#10622,#10623));
#11757=IFCFACEOUTERBOUND(#11756,.T.);
#11758=IFCFACE((#11757));
#11759=IFCPOLYLOOP((#10627,#10623,#10625));
#11760=IFCFACEOUTERBOUND(#11759,.T.);
#11761=IFCFACE((#11760));
#11762=IFCPOLYLOOP((#10623,#10626,#10624));
#11763=IFCFACEOUTERBOUND(#11762,.T.);
#11764=IFCFACE((#11763));
#11765=IFCPOLYLOOP((#10623,#10622,#10626));
#11766=IFCFACEOUTERBOUND(#11765,.T.);
#11767=IFCFACE((#11766));
#11768=IFCPOLYLOOP((#10383,#10382,#10624));
#11769=IFCFACEOUTERBOUND(#11768,.T.);
#11770=IFCFACE((#11769));
#11771=IFCPOLYLOOP((#10625,#10618,#10619));
#11772=IFCFACEOUTERBOUND(#11771,.T.);
#11773=IFCFACE((#11772));
#11774=IFCPOLYLOOP((#10383,#10626,#10378));
#11775=IFCFACEOUTERBOUND(#11774,.T.);
#11776=IFCFACE((#11775));
#11777=IFCPOLYLOOP((#10620,#10627,#10616));
#11778=IFCFACEOUTERBOUND(#11777,.T.);
#11779=IFCFACE((#11778));
#11780=IFCPOLYLOOP((#10619,#10627,#10625));
#11781=IFCFACEOUTERBOUND(#11780,.T.);
#11782=IFCFACE((#11781));
#11783=IFCPOLYLOOP((#10647,#10643,#10638));
#11784=IFCFACEOUTERBOUND(#11783,.T.);
#11785=IFCFACE((#11784));
#11786=IFCPOLYLOOP((#10654,#10658,#10659));
#11787=IFCFACEOUTERBOUND(#11786,.T.);
#11788=IFCFACE((#11787));
#11789=IFCPOLYLOOP((#10641,#10660,#10648));
#11790=IFCFACEOUTERBOUND(#11789,.T.);
#11791=IFCFACE((#11790));
#11792=IFCPOLYLOOP((#10652,#10633,#10654));
#11793=IFCFACEOUTERBOUND(#11792,.T.);
#11794=IFCFACE((#11793));
#11795=IFCPOLYLOOP((#10641,#10648,#10634));
#11796=IFCFACEOUTERBOUND(#11795,.T.);
#11797=IFCFACE((#11796));
#11798=IFCPOLYLOOP((#10648,#10655,#10651));
#11799=IFCFACEOUTERBOUND(#11798,.T.);
#11800=IFCFACE((#11799));
#11801=IFCPOLYLOOP((#10660,#10645,#10629));
#11802=IFCFACEOUTERBOUND(#11801,.T.);
#11803=IFCFACE((#11802));
#11804=IFCPOLYLOOP((#10633,#10652,#10644));
#11805=IFCFACEOUTERBOUND(#11804,.T.);
#11806=IFCFACE((#11805));
#11807=IFCPOLYLOOP((#10640,#10652,#10635));
#11808=IFCFACEOUTERBOUND(#11807,.T.);
#11809=IFCFACE((#11808));
#11810=IFCPOLYLOOP((#10653,#10658,#10632));
#11811=IFCFACEOUTERBOUND(#11810,.T.);
#11812=IFCFACE((#11811));
#11813=IFCPOLYLOOP((#10634,#10648,#10651));
#11814=IFCFACEOUTERBOUND(#11813,.T.);
#11815=IFCFACE((#11814));
#11816=IFCPOLYLOOP((#10656,#10647,#10638));
#11817=IFCFACEOUTERBOUND(#11816,.T.);
#11818=IFCFACE((#11817));
#11819=IFCPOLYLOOP((#10656,#10640,#10639));
#11820=IFCFACEOUTERBOUND(#11819,.T.);
#11821=IFCFACE((#11820));
#11822=IFCPOLYLOOP((#10656,#10652,#10640));
#11823=IFCFACEOUTERBOUND(#11822,.T.);
#11824=IFCFACE((#11823));
#11825=IFCPOLYLOOP((#10660,#10629,#10630));
#11826=IFCFACEOUTERBOUND(#11825,.T.);
#11827=IFCFACE((#11826));
#11828=IFCPOLYLOOP((#10646,#10435,#10434));
#11829=IFCFACEOUTERBOUND(#11828,.T.);
#11830=IFCFACE((#11829));
#11831=IFCPOLYLOOP((#10646,#10647,#10639));
#11832=IFCFACEOUTERBOUND(#11831,.T.);
#11833=IFCFACE((#11832));
#11834=IFCPOLYLOOP((#10434,#10433,#10643));
#11835=IFCFACEOUTERBOUND(#11834,.T.);
#11836=IFCFACE((#11835));
#11837=IFCPOLYLOOP((#10645,#10628,#10629));
#11838=IFCFACEOUTERBOUND(#11837,.T.);
#11839=IFCFACE((#11838));
#11840=IFCPOLYLOOP((#10660,#10637,#10648));
#11841=IFCFACEOUTERBOUND(#11840,.T.);
#11842=IFCFACE((#11841));
#11843=IFCPOLYLOOP((#10434,#10647,#10646));
#11844=IFCFACEOUTERBOUND(#11843,.T.);
#11845=IFCFACE((#11844));
#11846=IFCPOLYLOOP((#10643,#10647,#10434));
#11847=IFCFACEOUTERBOUND(#11846,.T.);
#11848=IFCFACE((#11847));
#11849=IFCPOLYLOOP((#10655,#10648,#10637));
#11850=IFCFACEOUTERBOUND(#11849,.T.);
#11851=IFCFACE((#11850));
#11852=IFCPOLYLOOP((#10642,#10637,#10660,#10630));
#11853=IFCFACEOUTERBOUND(#11852,.T.);
#11854=IFCFACE((#11853));
#11855=IFCPOLYLOOP((#10651,#10649,#10634));
#11856=IFCFACEOUTERBOUND(#11855,.T.);
#11857=IFCFACE((#11856));
#11858=IFCPOLYLOOP((#10658,#10653,#10650));
#11859=IFCFACEOUTERBOUND(#11858,.T.);
#11860=IFCFACE((#11859));
#11861=IFCPOLYLOOP((#10650,#10653,#10631));
#11862=IFCFACEOUTERBOUND(#11861,.T.);
#11863=IFCFACE((#11862));
#11864=IFCPOLYLOOP((#10649,#10651,#10653));
#11865=IFCFACEOUTERBOUND(#11864,.T.);
#11866=IFCFACE((#11865));
#11867=IFCPOLYLOOP((#10654,#10635,#10652));
#11868=IFCFACEOUTERBOUND(#11867,.T.);
#11869=IFCFACE((#11868));
#11870=IFCPOLYLOOP((#10656,#10638,#10644));
#11871=IFCFACEOUTERBOUND(#11870,.T.);
#11872=IFCFACE((#11871));
#11873=IFCPOLYLOOP((#10631,#10653,#10651));
#11874=IFCFACEOUTERBOUND(#11873,.T.);
#11875=IFCFACE((#11874));
#11876=IFCPOLYLOOP((#10649,#10653,#10632));
#11877=IFCFACEOUTERBOUND(#11876,.T.);
#11878=IFCFACE((#11877));
#11879=IFCPOLYLOOP((#10636,#10659,#10658,#10650));
#11880=IFCFACEOUTERBOUND(#11879,.T.);
#11881=IFCFACE((#11880));
#11882=IFCPOLYLOOP((#10657,#10658,#10654));
#11883=IFCFACEOUTERBOUND(#11882,.T.);
#11884=IFCFACE((#11883));
#11885=IFCPOLYLOOP((#10655,#10631,#10651));
#11886=IFCFACEOUTERBOUND(#11885,.T.);
#11887=IFCFACE((#11886));
#11888=IFCPOLYLOOP((#10639,#10647,#10656));
#11889=IFCFACEOUTERBOUND(#11888,.T.);
#11890=IFCFACE((#11889));
#11891=IFCPOLYLOOP((#10652,#10656,#10644));
#11892=IFCFACEOUTERBOUND(#11891,.T.);
#11893=IFCFACE((#11892));
#11894=IFCPOLYLOOP((#10632,#10658,#10657));
#11895=IFCFACEOUTERBOUND(#11894,.T.);
#11896=IFCFACE((#11895));
#11897=IFCPOLYLOOP((#10654,#10633,#10657));
#11898=IFCFACEOUTERBOUND(#11897,.T.);
#11899=IFCFACE((#11898));
#11900=IFCPOLYLOOP((#10659,#10635,#10654));
#11901=IFCFACEOUTERBOUND(#11900,.T.);
#11902=IFCFACE((#11901));
#11903=IFCPOLYLOOP((#10641,#10645,#10660));
#11904=IFCFACEOUTERBOUND(#11903,.T.);
#11905=IFCFACE((#11904));
#11906=IFCPOLYLOOP((#10661,#10628,#10645,#10641,#10634,#10649,#10632,#10657,#10633,#10644,#10638,#10643,#10433,#10613));
#11907=IFCFACEOUTERBOUND(#11906,.T.);
#11908=IFCFACE((#11907));
#11909=IFCPOLYLOOP((#10662,#10663,#10615,#10614));
#11910=IFCFACEOUTERBOUND(#11909,.T.);
#11911=IFCFACE((#11910));
#11912=IFCPOLYLOOP((#10665,#10617,#10616,#10688,#10678,#10679,#10672,#10703,#10681,#10708,#10671,#10694,#10685,#10686,#10673,#10699,#10675,#10676,#10664));
#11913=IFCFACEOUTERBOUND(#11912,.T.);
#11914=IFCFACE((#11913));
#11915=IFCPOLYLOOP((#10674,#10687,#10696));
#11916=IFCFACEOUTERBOUND(#11915,.T.);
#11917=IFCFACE((#11916));
#11918=IFCPOLYLOOP((#10701,#10705,#10689));
#11919=IFCFACEOUTERBOUND(#11918,.T.);
#11920=IFCFACE((#11919));
#11921=IFCPOLYLOOP((#10713,#10712,#10688));
#11922=IFCFACEOUTERBOUND(#11921,.T.);
#11923=IFCFACE((#11922));
#11924=IFCPOLYLOOP((#10696,#10698,#10674));
#11925=IFCFACEOUTERBOUND(#11924,.T.);
#11926=IFCFACE((#11925));
#11927=IFCPOLYLOOP((#10678,#10688,#10712));
#11928=IFCFACEOUTERBOUND(#11927,.T.);
#11929=IFCFACE((#11928));
#11930=IFCPOLYLOOP((#10692,#10691,#10690));
#11931=IFCFACEOUTERBOUND(#11930,.T.);
#11932=IFCFACE((#11931));
#11933=IFCPOLYLOOP((#10701,#10672,#10679));
#11934=IFCFACEOUTERBOUND(#11933,.T.);
#11935=IFCFACE((#11934));
#11936=IFCPOLYLOOP((#10704,#10683,#10682));
#11937=IFCFACEOUTERBOUND(#11936,.T.);
#11938=IFCFACE((#11937));
#11939=IFCPOLYLOOP((#10714,#10695,#10693));
#11940=IFCFACEOUTERBOUND(#11939,.T.);
#11941=IFCFACE((#11940));
#11942=IFCPOLYLOOP((#10706,#10709,#10708));
#11943=IFCFACEOUTERBOUND(#11942,.T.);
#11944=IFCFACE((#11943));
#11945=IFCPOLYLOOP((#10697,#10698,#10711));
#11946=IFCFACEOUTERBOUND(#11945,.T.);
#11947=IFCFACE((#11946));
#11948=IFCPOLYLOOP((#10667,#10664,#10700));
#11949=IFCFACEOUTERBOUND(#11948,.T.);
#11950=IFCFACE((#11949));
#11951=IFCPOLYLOOP((#10700,#10696,#10687));
#11952=IFCFACEOUTERBOUND(#11951,.T.);
#11953=IFCFACE((#11952));
#11954=IFCPOLYLOOP((#10680,#10712,#10713));
#11955=IFCFACEOUTERBOUND(#11954,.T.);
#11956=IFCFACE((#11955));
#11957=IFCPOLYLOOP((#10706,#10704,#10682));
#11958=IFCFACEOUTERBOUND(#11957,.T.);
#11959=IFCFACE((#11958));
#11960=IFCPOLYLOOP((#10701,#10679,#10705));
#11961=IFCFACEOUTERBOUND(#11960,.T.);
#11962=IFCFACE((#11961));
#11963=IFCPOLYLOOP((#10713,#10688,#10616));
#11964=IFCFACEOUTERBOUND(#11963,.T.);
#11965=IFCFACE((#11964));
#11966=IFCPOLYLOOP((#10713,#10619,#10618));
#11967=IFCFACEOUTERBOUND(#11966,.T.);
#11968=IFCFACE((#11967));
#11969=IFCPOLYLOOP((#10701,#10669,#10702));
#11970=IFCFACEOUTERBOUND(#11969,.T.);
#11971=IFCFACE((#11970));
#11972=IFCPOLYLOOP((#10703,#10702,#10704));
#11973=IFCFACEOUTERBOUND(#11972,.T.);
#11974=IFCFACE((#11973));
#11975=IFCPOLYLOOP((#10692,#10690,#10670));
#11976=IFCFACEOUTERBOUND(#11975,.T.);
#11977=IFCFACE((#11976));
#11978=IFCPOLYLOOP((#10693,#10691,#10685));
#11979=IFCFACEOUTERBOUND(#11978,.T.);
#11980=IFCFACE((#11979));
#11981=IFCPOLYLOOP((#10691,#10686,#10685));
#11982=IFCFACEOUTERBOUND(#11981,.T.);
#11983=IFCFACE((#11982));
#11984=IFCPOLYLOOP((#10700,#10687,#10666));
#11985=IFCFACEOUTERBOUND(#11984,.T.);
#11986=IFCFACE((#11985));
#11987=IFCPOLYLOOP((#10676,#10675,#10696));
#11988=IFCFACEOUTERBOUND(#11987,.T.);
#11989=IFCFACE((#11988));
#11990=IFCPOLYLOOP((#10693,#10684,#10691));
#11991=IFCFACEOUTERBOUND(#11990,.T.);
#11992=IFCFACE((#11991));
#11993=IFCPOLYLOOP((#10712,#10677,#10705));
#11994=IFCFACEOUTERBOUND(#11993,.T.);
#11995=IFCFACE((#11994));
#11996=IFCPOLYLOOP((#10690,#10691,#10684));
#11997=IFCFACEOUTERBOUND(#11996,.T.);
#11998=IFCFACE((#11997));
#11999=IFCPOLYLOOP((#10686,#10691,#10692));
#12000=IFCFACEOUTERBOUND(#11999,.T.);
#12001=IFCFACE((#12000));
#12002=IFCPOLYLOOP((#10692,#10673,#10686));
#12003=IFCFACEOUTERBOUND(#12002,.T.);
#12004=IFCFACE((#12003));
#12005=IFCPOLYLOOP((#10711,#10673,#10692));
#12006=IFCFACEOUTERBOUND(#12005,.T.);
#12007=IFCFACE((#12006));
#12008=IFCPOLYLOOP((#10710,#10668,#10695));
#12009=IFCFACEOUTERBOUND(#12008,.T.);
#12010=IFCFACE((#12009));
#12011=IFCPOLYLOOP((#10695,#10684,#10693));
#12012=IFCFACEOUTERBOUND(#12011,.T.);
#12013=IFCFACE((#12012));
#12014=IFCPOLYLOOP((#10710,#10709,#10668));
#12015=IFCFACEOUTERBOUND(#12014,.T.);
#12016=IFCFACE((#12015));
#12017=IFCPOLYLOOP((#10693,#10685,#10694));
#12018=IFCFACEOUTERBOUND(#12017,.T.);
#12019=IFCFACE((#12018));
#12020=IFCPOLYLOOP((#10700,#10676,#10696));
#12021=IFCFACEOUTERBOUND(#12020,.T.);
#12022=IFCFACE((#12021));
#12023=IFCPOLYLOOP((#10676,#10700,#10664));
#12024=IFCFACEOUTERBOUND(#12023,.T.);
#12025=IFCFACE((#12024));
#12026=IFCPOLYLOOP((#10675,#10698,#10696));
#12027=IFCFACEOUTERBOUND(#12026,.T.);
#12028=IFCFACE((#12027));
#12029=IFCPOLYLOOP((#10698,#10697,#10674));
#12030=IFCFACEOUTERBOUND(#12029,.T.);
#12031=IFCFACE((#12030));
#12032=IFCPOLYLOOP((#10711,#10699,#10673));
#12033=IFCFACEOUTERBOUND(#12032,.T.);
#12034=IFCFACE((#12033));
#12035=IFCPOLYLOOP((#10697,#10711,#10670));
#12036=IFCFACEOUTERBOUND(#12035,.T.);
#12037=IFCFACE((#12036));
#12038=IFCPOLYLOOP((#10698,#10675,#10699));
#12039=IFCFACEOUTERBOUND(#12038,.T.);
#12040=IFCFACE((#12039));
#12041=IFCPOLYLOOP((#10667,#10700,#10666));
#12042=IFCFACEOUTERBOUND(#12041,.T.);
#12043=IFCFACE((#12042));
#12044=IFCPOLYLOOP((#10672,#10701,#10702));
#12045=IFCFACEOUTERBOUND(#12044,.T.);
#12046=IFCFACE((#12045));
#12047=IFCPOLYLOOP((#10669,#10701,#10689));
#12048=IFCFACEOUTERBOUND(#12047,.T.);
#12049=IFCFACE((#12048));
#12050=IFCPOLYLOOP((#10706,#10681,#10704));
#12051=IFCFACEOUTERBOUND(#12050,.T.);
#12052=IFCFACE((#12051));
#12053=IFCPOLYLOOP((#10702,#10669,#10683));
#12054=IFCFACEOUTERBOUND(#12053,.T.);
#12055=IFCFACE((#12054));
#12056=IFCPOLYLOOP((#10703,#10672,#10702));
#12057=IFCFACEOUTERBOUND(#12056,.T.);
#12058=IFCFACE((#12057));
#12059=IFCPOLYLOOP((#10681,#10703,#10704));
#12060=IFCFACEOUTERBOUND(#12059,.T.);
#12061=IFCFACE((#12060));
#12062=IFCPOLYLOOP((#10683,#10704,#10702));
#12063=IFCFACEOUTERBOUND(#12062,.T.);
#12064=IFCFACE((#12063));
#12065=IFCPOLYLOOP((#10689,#10705,#10677));
#12066=IFCFACEOUTERBOUND(#12065,.T.);
#12067=IFCFACE((#12066));
#12068=IFCPOLYLOOP((#10705,#10679,#10678));
#12069=IFCFACEOUTERBOUND(#12068,.T.);
#12070=IFCFACE((#12069));
#12071=IFCPOLYLOOP((#10671,#10708,#10709));
#12072=IFCFACEOUTERBOUND(#12071,.T.);
#12073=IFCFACE((#12072));
#12074=IFCPOLYLOOP((#10708,#10681,#10706));
#12075=IFCFACEOUTERBOUND(#12074,.T.);
#12076=IFCFACE((#12075));
#12077=IFCPOLYLOOP((#10707,#10668,#10709));
#12078=IFCFACEOUTERBOUND(#12077,.T.);
#12079=IFCFACE((#12078));
#12080=IFCPOLYLOOP((#10706,#10682,#10707));
#12081=IFCFACEOUTERBOUND(#12080,.T.);
#12082=IFCFACE((#12081));
#12083=IFCPOLYLOOP((#10710,#10671,#10709));
#12084=IFCFACEOUTERBOUND(#12083,.T.);
#12085=IFCFACE((#12084));
#12086=IFCPOLYLOOP((#10707,#10709,#10706));
#12087=IFCFACEOUTERBOUND(#12086,.T.);
#12088=IFCFACE((#12087));
#12089=IFCPOLYLOOP((#10710,#10694,#10671));
#12090=IFCFACEOUTERBOUND(#12089,.T.);
#12091=IFCFACE((#12090));
#12092=IFCPOLYLOOP((#10714,#10694,#10710));
#12093=IFCFACEOUTERBOUND(#12092,.T.);
#12094=IFCFACE((#12093));
#12095=IFCPOLYLOOP((#10698,#10699,#10711));
#12096=IFCFACEOUTERBOUND(#12095,.T.);
#12097=IFCFACE((#12096));
#12098=IFCPOLYLOOP((#10670,#10711,#10692));
#12099=IFCFACEOUTERBOUND(#12098,.T.);
#12100=IFCFACE((#12099));
#12101=IFCPOLYLOOP((#10678,#10712,#10705));
#12102=IFCFACEOUTERBOUND(#12101,.T.);
#12103=IFCFACE((#12102));
#12104=IFCPOLYLOOP((#10677,#10712,#10680));
#12105=IFCFACEOUTERBOUND(#12104,.T.);
#12106=IFCFACE((#12105));
#12107=IFCPOLYLOOP((#10680,#10713,#10618));
#12108=IFCFACEOUTERBOUND(#12107,.T.);
#12109=IFCFACE((#12108));
#12110=IFCPOLYLOOP((#10619,#10713,#10616));
#12111=IFCFACEOUTERBOUND(#12110,.T.);
#12112=IFCFACE((#12111));
#12113=IFCPOLYLOOP((#10695,#10714,#10710));
#12114=IFCFACEOUTERBOUND(#12113,.T.);
#12115=IFCFACE((#12114));
#12116=IFCPOLYLOOP((#10714,#10693,#10694));
#12117=IFCFACEOUTERBOUND(#12116,.T.);
#12118=IFCFACE((#12117));
#12119=IFCPOLYLOOP((#10765,#10764,#10746));
#12120=IFCFACEOUTERBOUND(#12119,.T.);
#12121=IFCFACE((#12120));
#12122=IFCPOLYLOOP((#10843,#10734,#10809));
#12123=IFCFACEOUTERBOUND(#12122,.T.);
#12124=IFCFACE((#12123));
#12125=IFCPOLYLOOP((#10813,#10853,#10878));
#12126=IFCFACEOUTERBOUND(#12125,.T.);
#12127=IFCFACE((#12126));
#12128=IFCPOLYLOOP((#10883,#10752,#10829));
#12129=IFCFACEOUTERBOUND(#12128,.T.);
#12130=IFCFACE((#12129));
#12131=IFCPOLYLOOP((#10795,#10787,#10766));
#12132=IFCFACEOUTERBOUND(#12131,.T.);
#12133=IFCFACE((#12132));
#12134=IFCPOLYLOOP((#10767,#10731,#10762));
#12135=IFCFACEOUTERBOUND(#12134,.T.);
#12136=IFCFACE((#12135));
#12137=IFCPOLYLOOP((#10857,#10778,#10815,#10739));
#12138=IFCFACEOUTERBOUND(#12137,.T.);
#12139=IFCFACE((#12138));
#12140=IFCPOLYLOOP((#10798,#10799,#10796));
#12141=IFCFACEOUTERBOUND(#12140,.T.);
#12142=IFCFACE((#12141));
#12143=IFCPOLYLOOP((#10760,#10744,#10758,#10759));
#12144=IFCFACEOUTERBOUND(#12143,.T.);
#12145=IFCFACE((#12144));
#12146=IFCPOLYLOOP((#10755,#10890,#10891,#10886));
#12147=IFCFACEOUTERBOUND(#12146,.T.);
#12148=IFCFACE((#12147));
#12149=IFCPOLYLOOP((#10823,#10881,#10880));
#12150=IFCFACEOUTERBOUND(#12149,.T.);
#12151=IFCFACE((#12150));
#12152=IFCPOLYLOOP((#10797,#10799,#10798));
#12153=IFCFACEOUTERBOUND(#12152,.T.);
#12154=IFCFACE((#12153));
#12155=IFCPOLYLOOP((#10822,#10877,#10882));
#12156=IFCFACEOUTERBOUND(#12155,.T.);
#12157=IFCFACE((#12156));
#12158=IFCPOLYLOOP((#10812,#10851,#10854));
#12159=IFCFACEOUTERBOUND(#12158,.T.);
#12160=IFCFACE((#12159));
#12161=IFCPOLYLOOP((#10787,#10729,#10789));
#12162=IFCFACEOUTERBOUND(#12161,.T.);
#12163=IFCFACE((#12162));
#12164=IFCPOLYLOOP((#10782,#10869,#10819));
#12165=IFCFACEOUTERBOUND(#12164,.T.);
#12166=IFCFACE((#12165));
#12167=IFCPOLYLOOP((#10760,#10762,#10731));
#12168=IFCFACEOUTERBOUND(#12167,.T.);
#12169=IFCFACE((#12168));
#12170=IFCPOLYLOOP((#10716,#10717,#10763));
#12171=IFCFACEOUTERBOUND(#12170,.T.);
#12172=IFCFACE((#12171));
#12173=IFCPOLYLOOP((#10758,#10630,#10629));
#12174=IFCFACEOUTERBOUND(#12173,.T.);
#12175=IFCFACE((#12174));
#12176=IFCPOLYLOOP((#10806,#10835,#10838));
#12177=IFCFACEOUTERBOUND(#12176,.T.);
#12178=IFCFACE((#12177));
#12179=IFCPOLYLOOP((#10821,#10874,#10873));
#12180=IFCFACEOUTERBOUND(#12179,.T.);
#12181=IFCFACE((#12180));
#12182=IFCPOLYLOOP((#10807,#10837,#10842));
#12183=IFCFACEOUTERBOUND(#12182,.T.);
#12184=IFCFACE((#12183));
#12185=IFCPOLYLOOP((#10808,#10840,#10844));
#12186=IFCFACEOUTERBOUND(#12185,.T.);
#12187=IFCFACE((#12186));
#12188=IFCPOLYLOOP((#10832,#10886,#10891));
#12189=IFCFACEOUTERBOUND(#12188,.T.);
#12190=IFCFACE((#12189));
#12191=IFCPOLYLOOP((#10780,#10864,#10817));
#12192=IFCFACEOUTERBOUND(#12191,.T.);
#12193=IFCFACE((#12192));
#12194=IFCPOLYLOOP((#10862,#10780,#10817,#10738));
#12195=IFCFACEOUTERBOUND(#12194,.T.);
#12196=IFCFACE((#12195));
#12197=IFCPOLYLOOP((#10778,#10859,#10815));
#12198=IFCFACEOUTERBOUND(#12197,.T.);
#12199=IFCFACE((#12198));
#12200=IFCPOLYLOOP((#10629,#10756,#10759));
#12201=IFCFACEOUTERBOUND(#12200,.T.);
#12202=IFCFACE((#12201));
#12203=IFCPOLYLOOP((#10746,#10764,#10763));
#12204=IFCFACEOUTERBOUND(#12203,.T.);
#12205=IFCFACE((#12204));
#12206=IFCPOLYLOOP((#10740,#10796,#10765));
#12207=IFCFACEOUTERBOUND(#12206,.T.);
#12208=IFCFACE((#12207));
#12209=IFCPOLYLOOP((#10762,#10759,#10743));
#12210=IFCFACEOUTERBOUND(#12209,.T.);
#12211=IFCFACE((#12210));
#12212=IFCPOLYLOOP((#10765,#10796,#10741));
#12213=IFCFACEOUTERBOUND(#12212,.T.);
#12214=IFCFACE((#12213));
#12215=IFCPOLYLOOP((#10763,#10764,#10716));
#12216=IFCFACEOUTERBOUND(#12215,.T.);
#12217=IFCFACE((#12216));
#12218=IFCPOLYLOOP((#10749,#10793,#10792));
#12219=IFCFACEOUTERBOUND(#12218,.T.);
#12220=IFCFACE((#12219));
#12221=IFCPOLYLOOP((#10867,#10782,#10819,#10748));
#12222=IFCFACEOUTERBOUND(#12221,.T.);
#12223=IFCFACE((#12222));
#12224=IFCPOLYLOOP((#10790,#10791,#10792));
#12225=IFCFACEOUTERBOUND(#12224,.T.);
#12226=IFCFACE((#12225));
#12227=IFCPOLYLOOP((#10829,#10885,#10884));
#12228=IFCFACEOUTERBOUND(#12227,.T.);
#12229=IFCFACE((#12228));
#12230=IFCPOLYLOOP((#10820,#10871,#10875));
#12231=IFCFACEOUTERBOUND(#12230,.T.);
#12232=IFCFACE((#12231));
#12233=IFCPOLYLOOP((#10803,#10831,#10873));
#12234=IFCFACEOUTERBOUND(#12233,.T.);
#12235=IFCFACE((#12234));
#12236=IFCPOLYLOOP((#10774,#10849,#10811));
#12237=IFCFACEOUTERBOUND(#12236,.T.);
#12238=IFCFACE((#12237));
#12239=IFCPOLYLOOP((#10847,#10774,#10811,#10754));
#12240=IFCFACEOUTERBOUND(#12239,.T.);
#12241=IFCFACE((#12240));
#12242=IFCPOLYLOOP((#10887,#10839,#10721,#10886));
#12243=IFCFACEOUTERBOUND(#12242,.T.);
#12244=IFCFACE((#12243));
#12245=IFCPOLYLOOP((#10629,#10628,#10756));
#12246=IFCFACEOUTERBOUND(#12245,.T.);
#12247=IFCFACE((#12246));
#12248=IFCPOLYLOOP((#10757,#10715,#10716));
#12249=IFCFACEOUTERBOUND(#12248,.T.);
#12250=IFCFACE((#12249));
#12251=IFCPOLYLOOP((#10629,#10759,#10758));
#12252=IFCFACEOUTERBOUND(#12251,.T.);
#12253=IFCFACE((#12252));
#12254=IFCPOLYLOOP((#10759,#10756,#10743));
#12255=IFCFACEOUTERBOUND(#12254,.T.);
#12256=IFCFACE((#12255));
#12257=IFCPOLYLOOP((#10761,#10730,#10762,#10743));
#12258=IFCFACEOUTERBOUND(#12257,.T.);
#12259=IFCFACE((#12258));
#12260=IFCPOLYLOOP((#10760,#10759,#10762));
#12261=IFCFACEOUTERBOUND(#12260,.T.);
#12262=IFCFACE((#12261));
#12263=IFCPOLYLOOP((#10806,#10834,#10884));
#12264=IFCFACEOUTERBOUND(#12263,.T.);
#12265=IFCFACE((#12264));
#12266=IFCPOLYLOOP((#10757,#10716,#10764));
#12267=IFCFACEOUTERBOUND(#12266,.T.);
#12268=IFCFACE((#12267));
#12269=IFCPOLYLOOP((#10764,#10745,#10757));
#12270=IFCFACEOUTERBOUND(#12269,.T.);
#12271=IFCFACE((#12270));
#12272=IFCPOLYLOOP((#10745,#10764,#10765));
#12273=IFCFACEOUTERBOUND(#12272,.T.);
#12274=IFCFACE((#12273));
#12275=IFCPOLYLOOP((#10745,#10765,#10741));
#12276=IFCFACEOUTERBOUND(#12275,.T.);
#12277=IFCFACE((#12276));
#12278=IFCPOLYLOOP((#10805,#10740,#10765,#10746));
#12279=IFCFACEOUTERBOUND(#12278,.T.);
#12280=IFCFACE((#12279));
#12281=IFCPOLYLOOP((#10730,#10767,#10762));
#12282=IFCFACEOUTERBOUND(#12281,.T.);
#12283=IFCFACE((#12282));
#12284=IFCPOLYLOOP((#10788,#10731,#10767));
#12285=IFCFACEOUTERBOUND(#12284,.T.);
#12286=IFCFACE((#12285));
#12287=IFCPOLYLOOP((#10789,#10728,#10787));
#12288=IFCFACEOUTERBOUND(#12287,.T.);
#12289=IFCFACE((#12288));
#12290=IFCPOLYLOOP((#10768,#10729,#10787));
#12291=IFCFACEOUTERBOUND(#12290,.T.);
#12292=IFCFACE((#12291));
#12293=IFCPOLYLOOP((#10730,#10795,#10767));
#12294=IFCFACEOUTERBOUND(#12293,.T.);
#12295=IFCFACE((#12294));
#12296=IFCPOLYLOOP((#10836,#10769,#10807,#10734));
#12297=IFCFACEOUTERBOUND(#12296,.T.);
#12298=IFCFACE((#12297));
#12299=IFCPOLYLOOP((#10808,#10839,#10887));
#12300=IFCFACEOUTERBOUND(#12299,.T.);
#12301=IFCFACE((#12300));
#12302=IFCPOLYLOOP((#10841,#10771,#10809));
#12303=IFCFACEOUTERBOUND(#12302,.T.);
#12304=IFCFACE((#12303));
#12305=IFCPOLYLOOP((#10773,#10848,#10849,#10845));
#12306=IFCFACEOUTERBOUND(#12305,.T.);
#12307=IFCFACE((#12306));
#12308=IFCPOLYLOOP((#10810,#10845,#10849));
#12309=IFCFACEOUTERBOUND(#12308,.T.);
#12310=IFCFACE((#12309));
#12311=IFCPOLYLOOP((#10850,#10723,#10812,#10775));
#12312=IFCFACEOUTERBOUND(#12311,.T.);
#12313=IFCFACE((#12312));
#12314=IFCPOLYLOOP((#10852,#10775,#10813,#10727));
#12315=IFCFACEOUTERBOUND(#12314,.T.);
#12316=IFCFACE((#12315));
#12317=IFCPOLYLOOP((#10859,#10814,#10777));
#12318=IFCFACEOUTERBOUND(#12317,.T.);
#12319=IFCFACE((#12318));
#12320=IFCPOLYLOOP((#10855,#10777,#10814,#10719));
#12321=IFCFACEOUTERBOUND(#12320,.T.);
#12322=IFCFACE((#12321));
#12323=IFCPOLYLOOP((#10779,#10863,#10864,#10860));
#12324=IFCFACEOUTERBOUND(#12323,.T.);
#12325=IFCFACE((#12324));
#12326=IFCPOLYLOOP((#10816,#10860,#10864));
#12327=IFCFACEOUTERBOUND(#12326,.T.);
#12328=IFCFACE((#12327));
#12329=IFCPOLYLOOP((#10869,#10818,#10781));
#12330=IFCFACEOUTERBOUND(#12329,.T.);
#12331=IFCFACE((#12330));
#12332=IFCPOLYLOOP((#10865,#10781,#10818,#10722));
#12333=IFCFACEOUTERBOUND(#12332,.T.);
#12334=IFCFACE((#12333));
#12335=IFCPOLYLOOP((#10870,#10720,#10820,#10783));
#12336=IFCFACEOUTERBOUND(#12335,.T.);
#12337=IFCFACE((#12336));
#12338=IFCPOLYLOOP((#10872,#10783,#10821,#10751));
#12339=IFCFACEOUTERBOUND(#12338,.T.);
#12340=IFCFACE((#12339));
#12341=IFCPOLYLOOP((#10876,#10727,#10822,#10785));
#12342=IFCFACEOUTERBOUND(#12341,.T.);
#12343=IFCFACE((#12342));
#12344=IFCPOLYLOOP((#10879,#10785,#10823,#10724));
#12345=IFCFACEOUTERBOUND(#12344,.T.);
#12346=IFCFACE((#12345));
#12347=IFCPOLYLOOP((#10768,#10787,#10795));
#12348=IFCFACEOUTERBOUND(#12347,.T.);
#12349=IFCFACE((#12348));
#12350=IFCPOLYLOOP((#10824,#10766,#10787,#10728));
#12351=IFCFACEOUTERBOUND(#12350,.T.);
#12352=IFCFACE((#12351));
#12353=IFCPOLYLOOP((#10825,#10748,#10793,#10749));
#12354=IFCFACEOUTERBOUND(#12353,.T.);
#12355=IFCFACE((#12354));
#12356=IFCPOLYLOOP((#10766,#10788,#10795));
#12357=IFCFACEOUTERBOUND(#12356,.T.);
#12358=IFCFACE((#12357));
#12359=IFCPOLYLOOP((#10789,#10794,#10792));
#12360=IFCFACEOUTERBOUND(#12359,.T.);
#12361=IFCFACE((#12360));
#12362=IFCPOLYLOOP((#10792,#10791,#10789));
#12363=IFCFACEOUTERBOUND(#12362,.T.);
#12364=IFCFACE((#12363));
#12365=IFCPOLYLOOP((#10791,#10728,#10789));
#12366=IFCFACEOUTERBOUND(#12365,.T.);
#12367=IFCFACE((#12366));
#12368=IFCPOLYLOOP((#10793,#10790,#10792));
#12369=IFCFACEOUTERBOUND(#12368,.T.);
#12370=IFCFACE((#12369));
#12371=IFCPOLYLOOP((#10768,#10795,#10730));
#12372=IFCFACEOUTERBOUND(#12371,.T.);
#12373=IFCFACE((#12372));
#12374=IFCPOLYLOOP((#10826,#10790,#10793,#10747));
#12375=IFCFACEOUTERBOUND(#12374,.T.);
#12376=IFCFACE((#12375));
#12377=IFCPOLYLOOP((#10747,#10793,#10819));
#12378=IFCFACEOUTERBOUND(#12377,.T.);
#12379=IFCFACE((#12378));
#12380=IFCPOLYLOOP((#10749,#10792,#10794));
#12381=IFCFACEOUTERBOUND(#12380,.T.);
#12382=IFCFACE((#12381));
#12383=IFCPOLYLOOP((#10789,#10729,#10794));
#12384=IFCFACEOUTERBOUND(#12383,.T.);
#12385=IFCFACE((#12384));
#12386=IFCPOLYLOOP((#10767,#10795,#10788));
#12387=IFCFACEOUTERBOUND(#12386,.T.);
#12388=IFCFACE((#12387));
#12389=IFCPOLYLOOP((#10742,#10801,#10799));
#12390=IFCFACEOUTERBOUND(#12389,.T.);
#12391=IFCFACE((#12390));
#12392=IFCPOLYLOOP((#10799,#10800,#10742));
#12393=IFCFACEOUTERBOUND(#12392,.T.);
#12394=IFCFACE((#12393));
#12395=IFCPOLYLOOP((#10797,#10800,#10799));
#12396=IFCFACEOUTERBOUND(#12395,.T.);
#12397=IFCFACE((#12396));
#12398=IFCPOLYLOOP((#10796,#10799,#10801));
#12399=IFCFACEOUTERBOUND(#12398,.T.);
#12400=IFCFACE((#12399));
#12401=IFCPOLYLOOP((#10796,#10740,#10798));
#12402=IFCFACEOUTERBOUND(#12401,.T.);
#12403=IFCFACE((#12402));
#12404=IFCPOLYLOOP((#10827,#10742,#10800,#10725));
#12405=IFCFACEOUTERBOUND(#12404,.T.);
#12406=IFCFACE((#12405));
#12407=IFCPOLYLOOP((#10786,#10882,#10877));
#12408=IFCFACEOUTERBOUND(#12407,.T.);
#12409=IFCFACE((#12408));
#12410=IFCPOLYLOOP((#10800,#10828,#10880));
#12411=IFCFACEOUTERBOUND(#12410,.T.);
#12412=IFCFACE((#12411));
#12413=IFCPOLYLOOP((#10801,#10741,#10796));
#12414=IFCFACEOUTERBOUND(#12413,.T.);
#12415=IFCFACE((#12414));
#12416=IFCPOLYLOOP((#10784,#10875,#10871));
#12417=IFCFACEOUTERBOUND(#12416,.T.);
#12418=IFCFACE((#12417));
#12419=IFCPOLYLOOP((#10830,#10802,#10803,#10750));
#12420=IFCFACEOUTERBOUND(#12419,.T.);
#12421=IFCFACE((#12420));
#12422=IFCPOLYLOOP((#10752,#10803,#10829));
#12423=IFCFACEOUTERBOUND(#12422,.T.);
#12424=IFCFACE((#12423));
#12425=IFCPOLYLOOP((#10838,#10807,#10769));
#12426=IFCFACEOUTERBOUND(#12425,.T.);
#12427=IFCFACE((#12426));
#12428=IFCPOLYLOOP((#10889,#10804,#10833,#10753));
#12429=IFCFACEOUTERBOUND(#12428,.T.);
#12430=IFCFACE((#12429));
#12431=IFCPOLYLOOP((#10808,#10887,#10718));
#12432=IFCFACEOUTERBOUND(#12431,.T.);
#12433=IFCFACE((#12432));
#12434=IFCPOLYLOOP((#10772,#10843,#10844,#10840));
#12435=IFCFACEOUTERBOUND(#12434,.T.);
#12436=IFCFACE((#12435));
#12437=IFCPOLYLOOP((#10838,#10837,#10807));
#12438=IFCFACEOUTERBOUND(#12437,.T.);
#12439=IFCFACE((#12438));
#12440=IFCPOLYLOOP((#10844,#10809,#10771));
#12441=IFCFACEOUTERBOUND(#12440,.T.);
#12442=IFCFACE((#12441));
#12443=IFCPOLYLOOP((#10832,#10718,#10887));
#12444=IFCFACEOUTERBOUND(#12443,.T.);
#12445=IFCFACE((#12444));
#12446=IFCPOLYLOOP((#10809,#10842,#10841));
#12447=IFCFACEOUTERBOUND(#12446,.T.);
#12448=IFCFACE((#12447));
#12449=IFCPOLYLOOP((#10844,#10843,#10809));
#12450=IFCFACEOUTERBOUND(#12449,.T.);
#12451=IFCFACE((#12450));
#12452=IFCPOLYLOOP((#10737,#10810,#10816));
#12453=IFCFACEOUTERBOUND(#12452,.T.);
#12454=IFCFACE((#12453));
#12455=IFCPOLYLOOP((#10846,#10736,#10810,#10774));
#12456=IFCFACEOUTERBOUND(#12455,.T.);
#12457=IFCFACE((#12456));
#12458=IFCPOLYLOOP((#10754,#10811,#10833));
#12459=IFCFACEOUTERBOUND(#12458,.T.);
#12460=IFCFACE((#12459));
#12461=IFCPOLYLOOP((#10848,#10753,#10811));
#12462=IFCFACEOUTERBOUND(#12461,.T.);
#12463=IFCFACE((#12462));
#12464=IFCPOLYLOOP((#10854,#10813,#10775));
#12465=IFCFACEOUTERBOUND(#12464,.T.);
#12466=IFCFACE((#12465));
#12467=IFCPOLYLOOP((#10720,#10812,#10820));
#12468=IFCFACEOUTERBOUND(#12467,.T.);
#12469=IFCFACE((#12468));
#12470=IFCPOLYLOOP((#10878,#10822,#10727));
#12471=IFCFACEOUTERBOUND(#12470,.T.);
#12472=IFCFACE((#12471));
#12473=IFCPOLYLOOP((#10776,#10813,#10854));
#12474=IFCFACEOUTERBOUND(#12473,.T.);
#12475=IFCFACE((#12474));
#12476=IFCPOLYLOOP((#10719,#10814,#10818));
#12477=IFCFACEOUTERBOUND(#12476,.T.);
#12478=IFCFACE((#12477));
#12479=IFCPOLYLOOP((#10856,#10722,#10814));
#12480=IFCFACEOUTERBOUND(#12479,.T.);
#12481=IFCFACE((#12480));
#12482=IFCPOLYLOOP((#10739,#10815,#10817));
#12483=IFCFACEOUTERBOUND(#12482,.T.);
#12484=IFCFACE((#12483));
#12485=IFCPOLYLOOP((#10858,#10738,#10815));
#12486=IFCFACEOUTERBOUND(#12485,.T.);
#12487=IFCFACE((#12486));
#12488=IFCPOLYLOOP((#10736,#10816,#10810));
#12489=IFCFACEOUTERBOUND(#12488,.T.);
#12490=IFCFACE((#12489));
#12491=IFCPOLYLOOP((#10861,#10737,#10816));
#12492=IFCFACEOUTERBOUND(#12491,.T.);
#12493=IFCFACE((#12492));
#12494=IFCPOLYLOOP((#10738,#10817,#10815));
#12495=IFCFACEOUTERBOUND(#12494,.T.);
#12496=IFCFACE((#12495));
#12497=IFCPOLYLOOP((#10863,#10739,#10817));
#12498=IFCFACEOUTERBOUND(#12497,.T.);
#12499=IFCFACE((#12498));
#12500=IFCPOLYLOOP((#10722,#10818,#10814));
#12501=IFCFACEOUTERBOUND(#12500,.T.);
#12502=IFCFACE((#12501));
#12503=IFCPOLYLOOP((#10866,#10719,#10818));
#12504=IFCFACEOUTERBOUND(#12503,.T.);
#12505=IFCFACE((#12504));
#12506=IFCPOLYLOOP((#10748,#10819,#10793));
#12507=IFCFACEOUTERBOUND(#12506,.T.);
#12508=IFCFACE((#12507));
#12509=IFCPOLYLOOP((#10868,#10747,#10819));
#12510=IFCFACEOUTERBOUND(#12509,.T.);
#12511=IFCFACE((#12510));
#12512=IFCPOLYLOOP((#10875,#10821,#10783));
#12513=IFCFACEOUTERBOUND(#12512,.T.);
#12514=IFCFACE((#12513));
#12515=IFCPOLYLOOP((#10723,#10820,#10812));
#12516=IFCFACEOUTERBOUND(#12515,.T.);
#12517=IFCFACE((#12516));
#12518=IFCPOLYLOOP((#10873,#10751,#10821));
#12519=IFCFACEOUTERBOUND(#12518,.T.);
#12520=IFCFACE((#12519));
#12521=IFCPOLYLOOP((#10784,#10821,#10875));
#12522=IFCFACEOUTERBOUND(#12521,.T.);
#12523=IFCFACE((#12522));
#12524=IFCPOLYLOOP((#10882,#10823,#10785));
#12525=IFCFACEOUTERBOUND(#12524,.T.);
#12526=IFCFACE((#12525));
#12527=IFCPOLYLOOP((#10726,#10822,#10878));
#12528=IFCFACEOUTERBOUND(#12527,.T.);
#12529=IFCFACE((#12528));
#12530=IFCPOLYLOOP((#10880,#10724,#10823));
#12531=IFCFACEOUTERBOUND(#12530,.T.);
#12532=IFCFACE((#12531));
#12533=IFCPOLYLOOP((#10786,#10823,#10882));
#12534=IFCFACEOUTERBOUND(#12533,.T.);
#12535=IFCFACE((#12534));
#12536=IFCPOLYLOOP((#10829,#10884,#10883));
#12537=IFCFACEOUTERBOUND(#12536,.T.);
#12538=IFCFACE((#12537));
#12539=IFCPOLYLOOP((#10800,#10797,#10828));
#12540=IFCFACEOUTERBOUND(#12539,.T.);
#12541=IFCFACE((#12540));
#12542=IFCPOLYLOOP((#10802,#10829,#10803));
#12543=IFCFACEOUTERBOUND(#12542,.T.);
#12544=IFCFACE((#12543));
#12545=IFCPOLYLOOP((#10888,#10718,#10832,#10804));
#12546=IFCFACEOUTERBOUND(#12545,.T.);
#12547=IFCFACE((#12546));
#12548=IFCPOLYLOOP((#10803,#10752,#10831));
#12549=IFCFACEOUTERBOUND(#12548,.T.);
#12550=IFCFACE((#12549));
#12551=IFCPOLYLOOP((#10833,#10804,#10891));
#12552=IFCFACEOUTERBOUND(#12551,.T.);
#12553=IFCFACE((#12552));
#12554=IFCPOLYLOOP((#10753,#10833,#10811));
#12555=IFCFACEOUTERBOUND(#12554,.T.);
#12556=IFCFACE((#12555));
#12557=IFCPOLYLOOP((#10890,#10754,#10833));
#12558=IFCFACEOUTERBOUND(#12557,.T.);
#12559=IFCFACE((#12558));
#12560=IFCPOLYLOOP((#10770,#10837,#10838,#10835));
#12561=IFCFACEOUTERBOUND(#12560,.T.);
#12562=IFCFACE((#12561));
#12563=IFCPOLYLOOP((#10834,#10806,#10769));
#12564=IFCFACEOUTERBOUND(#12563,.T.);
#12565=IFCFACE((#12564));
#12566=IFCPOLYLOOP((#10806,#10732,#10835));
#12567=IFCFACEOUTERBOUND(#12566,.T.);
#12568=IFCFACE((#12567));
#12569=IFCPOLYLOOP((#10806,#10838,#10769));
#12570=IFCFACEOUTERBOUND(#12569,.T.);
#12571=IFCFACE((#12570));
#12572=IFCPOLYLOOP((#10735,#10841,#10842,#10837));
#12573=IFCFACEOUTERBOUND(#12572,.T.);
#12574=IFCFACE((#12573));
#12575=IFCPOLYLOOP((#10839,#10808,#10771));
#12576=IFCFACEOUTERBOUND(#12575,.T.);
#12577=IFCFACE((#12576));
#12578=IFCPOLYLOOP((#10808,#10718,#10840));
#12579=IFCFACEOUTERBOUND(#12578,.T.);
#12580=IFCFACE((#12579));
#12581=IFCPOLYLOOP((#10807,#10842,#10734));
#12582=IFCFACEOUTERBOUND(#12581,.T.);
#12583=IFCFACE((#12582));
#12584=IFCPOLYLOOP((#10842,#10809,#10734));
#12585=IFCFACEOUTERBOUND(#12584,.T.);
#12586=IFCFACE((#12585));
#12587=IFCPOLYLOOP((#10808,#10844,#10771));
#12588=IFCFACEOUTERBOUND(#12587,.T.);
#12589=IFCFACE((#12588));
#12590=IFCPOLYLOOP((#10810,#10849,#10774));
#12591=IFCFACEOUTERBOUND(#12590,.T.);
#12592=IFCFACE((#12591));
#12593=IFCPOLYLOOP((#10845,#10810,#10737));
#12594=IFCFACEOUTERBOUND(#12593,.T.);
#12595=IFCFACE((#12594));
#12596=IFCPOLYLOOP((#10811,#10849,#10848));
#12597=IFCFACEOUTERBOUND(#12596,.T.);
#12598=IFCFACE((#12597));
#12599=IFCPOLYLOOP((#10776,#10854,#10851));
#12600=IFCFACEOUTERBOUND(#12599,.T.);
#12601=IFCFACE((#12600));
#12602=IFCPOLYLOOP((#10812,#10720,#10851));
#12603=IFCFACEOUTERBOUND(#12602,.T.);
#12604=IFCFACE((#12603));
#12605=IFCPOLYLOOP((#10813,#10776,#10853));
#12606=IFCFACEOUTERBOUND(#12605,.T.);
#12607=IFCFACE((#12606));
#12608=IFCPOLYLOOP((#10812,#10854,#10775));
#12609=IFCFACEOUTERBOUND(#12608,.T.);
#12610=IFCFACE((#12609));
#12611=IFCPOLYLOOP((#10856,#10814,#10859));
#12612=IFCFACEOUTERBOUND(#12611,.T.);
#12613=IFCFACE((#12612));
#12614=IFCPOLYLOOP((#10778,#10856,#10859));
#12615=IFCFACEOUTERBOUND(#12614,.T.);
#12616=IFCFACE((#12615));
#12617=IFCPOLYLOOP((#10777,#10858,#10859));
#12618=IFCFACEOUTERBOUND(#12617,.T.);
#12619=IFCFACE((#12618));
#12620=IFCPOLYLOOP((#10815,#10859,#10858));
#12621=IFCFACEOUTERBOUND(#12620,.T.);
#12622=IFCFACE((#12621));
#12623=IFCPOLYLOOP((#10861,#10816,#10864));
#12624=IFCFACEOUTERBOUND(#12623,.T.);
#12625=IFCFACE((#12624));
#12626=IFCPOLYLOOP((#10860,#10816,#10736));
#12627=IFCFACEOUTERBOUND(#12626,.T.);
#12628=IFCFACE((#12627));
#12629=IFCPOLYLOOP((#10780,#10861,#10864));
#12630=IFCFACEOUTERBOUND(#12629,.T.);
#12631=IFCFACE((#12630));
#12632=IFCPOLYLOOP((#10817,#10864,#10863));
#12633=IFCFACEOUTERBOUND(#12632,.T.);
#12634=IFCFACE((#12633));
#12635=IFCPOLYLOOP((#10866,#10818,#10869));
#12636=IFCFACEOUTERBOUND(#12635,.T.);
#12637=IFCFACE((#12636));
#12638=IFCPOLYLOOP((#10782,#10866,#10869));
#12639=IFCFACEOUTERBOUND(#12638,.T.);
#12640=IFCFACE((#12639));
#12641=IFCPOLYLOOP((#10781,#10868,#10869));
#12642=IFCFACEOUTERBOUND(#12641,.T.);
#12643=IFCFACE((#12642));
#12644=IFCPOLYLOOP((#10819,#10869,#10868));
#12645=IFCFACEOUTERBOUND(#12644,.T.);
#12646=IFCFACE((#12645));
#12647=IFCPOLYLOOP((#10751,#10873,#10831));
#12648=IFCFACEOUTERBOUND(#12647,.T.);
#12649=IFCFACE((#12648));
#12650=IFCPOLYLOOP((#10820,#10723,#10871));
#12651=IFCFACEOUTERBOUND(#12650,.T.);
#12652=IFCFACE((#12651));
#12653=IFCPOLYLOOP((#10803,#10873,#10750));
#12654=IFCFACEOUTERBOUND(#12653,.T.);
#12655=IFCFACE((#12654));
#12656=IFCPOLYLOOP((#10750,#10873,#10874));
#12657=IFCFACEOUTERBOUND(#12656,.T.);
#12658=IFCFACE((#12657));
#12659=IFCPOLYLOOP((#10821,#10784,#10874));
#12660=IFCFACEOUTERBOUND(#12659,.T.);
#12661=IFCFACE((#12660));
#12662=IFCPOLYLOOP((#10820,#10875,#10783));
#12663=IFCFACEOUTERBOUND(#12662,.T.);
#12664=IFCFACE((#12663));
#12665=IFCPOLYLOOP((#10726,#10878,#10853));
#12666=IFCFACEOUTERBOUND(#12665,.T.);
#12667=IFCFACE((#12666));
#12668=IFCPOLYLOOP((#10822,#10726,#10877));
#12669=IFCFACEOUTERBOUND(#12668,.T.);
#12670=IFCFACE((#12669));
#12671=IFCPOLYLOOP((#10813,#10878,#10727));
#12672=IFCFACEOUTERBOUND(#12671,.T.);
#12673=IFCFACE((#12672));
#12674=IFCPOLYLOOP((#10724,#10880,#10828));
#12675=IFCFACEOUTERBOUND(#12674,.T.);
#12676=IFCFACE((#12675));
#12677=IFCPOLYLOOP((#10800,#10880,#10725));
#12678=IFCFACEOUTERBOUND(#12677,.T.);
#12679=IFCFACE((#12678));
#12680=IFCPOLYLOOP((#10725,#10880,#10881));
#12681=IFCFACEOUTERBOUND(#12680,.T.);
#12682=IFCFACE((#12681));
#12683=IFCPOLYLOOP((#10823,#10786,#10881));
#12684=IFCFACEOUTERBOUND(#12683,.T.);
#12685=IFCFACE((#12684));
#12686=IFCPOLYLOOP((#10822,#10882,#10785));
#12687=IFCFACEOUTERBOUND(#12686,.T.);
#12688=IFCFACE((#12687));
#12689=IFCPOLYLOOP((#10733,#10883,#10884,#10834));
#12690=IFCFACEOUTERBOUND(#12689,.T.);
#12691=IFCFACE((#12690));
#12692=IFCPOLYLOOP((#10806,#10884,#10732));
#12693=IFCFACEOUTERBOUND(#12692,.T.);
#12694=IFCFACE((#12693));
#12695=IFCPOLYLOOP((#10732,#10884,#10885));
#12696=IFCFACEOUTERBOUND(#12695,.T.);
#12697=IFCFACE((#12696));
#12698=IFCPOLYLOOP((#10829,#10802,#10885));
#12699=IFCFACEOUTERBOUND(#12698,.T.);
#12700=IFCFACE((#12699));
#12701=IFCPOLYLOOP((#10832,#10887,#10886));
#12702=IFCFACEOUTERBOUND(#12701,.T.);
#12703=IFCFACE((#12702));
#12704=IFCPOLYLOOP((#10832,#10891,#10804));
#12705=IFCFACEOUTERBOUND(#12704,.T.);
#12706=IFCFACE((#12705));
#12707=IFCPOLYLOOP((#10833,#10891,#10890));
#12708=IFCFACEOUTERBOUND(#12707,.T.);
#12709=IFCFACE((#12708));
#12710=IFCPOLYLOOP((#10661,#10892,#10715,#10757,#10745,#10741,#10801,#10742,#10827,#10725,#10881,#10786,#10877,#10726,#10853,#10776,#10851,#10720,#10870,#10783,#10872,#10751,#10831,#10752,#10883,#10733,#10834,#10769,#10836,#10734,#10843,#10772,#10840,#10718,#10888,#10804,#10889,#10753,#10848,#10773,#10845,#10737,#10861,#10780,#10862,#10738,#10858,#10777,#10855,#10719,#10866,#10782,#10867,#10748,#10825,#10749,#10794,#10729,#10768,#10730,#10761,#10743,#10756,#10628));
#12711=IFCFACEOUTERBOUND(#12710,.T.);
#12712=IFCFACE((#12711));
#12713=IFCPOLYLOOP((#10661,#10663,#10892));
#12714=IFCFACEOUTERBOUND(#12713,.T.);
#12715=IFCFACE((#12714));
#12716=IFCPOLYLOOP((#10663,#10661,#10615));
#12717=IFCFACEOUTERBOUND(#12716,.T.);
#12718=IFCFACE((#12717));
#12719=IFCPOLYLOOP((#10375,#10615,#10661));
#12720=IFCFACEOUTERBOUND(#12719,.T.);
#12721=IFCFACE((#12720));
#12722=IFCPOLYLOOP((#10661,#10613,#10375));
#12723=IFCFACEOUTERBOUND(#12722,.T.);
#12724=IFCFACE((#12723));
#12725=IFCPOLYLOOP((#10376,#10375,#10613));
#12726=IFCFACEOUTERBOUND(#12725,.T.);
#12727=IFCFACE((#12726));
#12728=IFCPOLYLOOP((#10613,#10612,#10376));
#12729=IFCFACEOUTERBOUND(#12728,.T.);
#12730=IFCFACE((#12729));
#12731=IFCPOLYLOOP((#10892,#10376,#10612));
#12732=IFCFACEOUTERBOUND(#12731,.T.);
#12733=IFCFACE((#12732));
#12734=IFCPOLYLOOP((#10376,#10892,#10663));
#12735=IFCFACEOUTERBOUND(#12734,.T.);
#12736=IFCFACE((#12735));
#12737=IFCPOLYLOOP((#10373,#10376,#10663,#10662));
#12738=IFCFACEOUTERBOUND(#12737,.T.);
#12739=IFCFACE((#12738));
#12740=IFCPOLYLOOP((#10614,#10665,#10662));
#12741=IFCFACEOUTERBOUND(#12740,.T.);
#12742=IFCFACE((#12741));
#12743=IFCPOLYLOOP((#10665,#10614,#10617));
#12744=IFCFACEOUTERBOUND(#12743,.T.);
#12745=IFCFACE((#12744));
#12746=IFCPOLYLOOP((#10379,#10617,#10614));
#12747=IFCFACEOUTERBOUND(#12746,.T.);
#12748=IFCFACE((#12747));
#12749=IFCPOLYLOOP((#10614,#10374,#10379));
#12750=IFCFACEOUTERBOUND(#12749,.T.);
#12751=IFCFACE((#12750));
#12752=IFCPOLYLOOP((#10380,#10379,#10374));
#12753=IFCFACEOUTERBOUND(#12752,.T.);
#12754=IFCFACE((#12753));
#12755=IFCPOLYLOOP((#10374,#10373,#10380));
#12756=IFCFACEOUTERBOUND(#12755,.T.);
#12757=IFCFACE((#12756));
#12758=IFCPOLYLOOP((#10662,#10380,#10373));
#12759=IFCFACEOUTERBOUND(#12758,.T.);
#12760=IFCFACE((#12759));
#12761=IFCPOLYLOOP((#10380,#10662,#10665));
#12762=IFCFACEOUTERBOUND(#12761,.T.);
#12763=IFCFACE((#12762));
#12764=IFCPOLYLOOP((#10665,#10664,#10895,#10893,#10377,#10380));
#12765=IFCFACEOUTERBOUND(#12764,.T.);
#12766=IFCFACE((#12765));
#12767=IFCPOLYLOOP((#10894,#10898,#10896,#10897));
#12768=IFCFACEOUTERBOUND(#12767,.T.);
#12769=IFCFACE((#12768));
#12770=IFCPOLYLOOP((#10899,#10667,#10897));
#12771=IFCFACEOUTERBOUND(#12770,.T.);
#12772=IFCFACE((#12771));
#12773=IFCPOLYLOOP((#10900,#10384,#10377));
#12774=IFCFACEOUTERBOUND(#12773,.T.);
#12775=IFCFACE((#12774));
#12776=IFCPOLYLOOP((#10900,#10893,#10896));
#12777=IFCFACEOUTERBOUND(#12776,.T.);
#12778=IFCFACE((#12777));
#12779=IFCPOLYLOOP((#10899,#10895,#10664));
#12780=IFCFACEOUTERBOUND(#12779,.T.);
#12781=IFCFACE((#12780));
#12782=IFCPOLYLOOP((#10893,#10895,#10896));
#12783=IFCFACEOUTERBOUND(#12782,.T.);
#12784=IFCFACE((#12783));
#12785=IFCPOLYLOOP((#10900,#10896,#10898));
#12786=IFCFACEOUTERBOUND(#12785,.T.);
#12787=IFCFACE((#12786));
#12788=IFCPOLYLOOP((#10896,#10899,#10897));
#12789=IFCFACEOUTERBOUND(#12788,.T.);
#12790=IFCFACE((#12789));
#12791=IFCPOLYLOOP((#10896,#10895,#10899));
#12792=IFCFACEOUTERBOUND(#12791,.T.);
#12793=IFCFACE((#12792));
#12794=IFCPOLYLOOP((#10667,#10666,#10897));
#12795=IFCFACEOUTERBOUND(#12794,.T.);
#12796=IFCFACE((#12795));
#12797=IFCPOLYLOOP((#10898,#10381,#10384));
#12798=IFCFACEOUTERBOUND(#12797,.T.);
#12799=IFCFACE((#12798));
#12800=IFCPOLYLOOP((#10667,#10899,#10664));
#12801=IFCFACEOUTERBOUND(#12800,.T.);
#12802=IFCFACE((#12801));
#12803=IFCPOLYLOOP((#10893,#10900,#10377));
#12804=IFCFACEOUTERBOUND(#12803,.T.);
#12805=IFCFACE((#12804));
#12806=IFCPOLYLOOP((#10384,#10900,#10898));
#12807=IFCFACEOUTERBOUND(#12806,.T.);
#12808=IFCFACE((#12807));
#12809=IFCPOLYLOOP((#10618,#10630,#10758));
#12810=IFCFACEOUTERBOUND(#12809,.T.);
#12811=IFCFACE((#12810));
#12812=IFCPOLYLOOP((#10630,#10618,#10625));
#12813=IFCFACEOUTERBOUND(#12812,.T.);
#12814=IFCFACE((#12813));
#12815=IFCPOLYLOOP((#10717,#10381,#10898));
#12816=IFCFACEOUTERBOUND(#12815,.T.);
#12817=IFCFACE((#12816));
#12818=IFCPOLYLOOP((#10717,#10666,#10687));
#12819=IFCFACEOUTERBOUND(#12818,.T.);
#12820=IFCFACE((#12819));
#12821=IFCPOLYLOOP((#10382,#10436,#10478));
#12822=IFCFACEOUTERBOUND(#12821,.T.);
#12823=IFCFACE((#12822));
#12824=IFCPOLYLOOP((#10382,#10435,#10646));
#12825=IFCFACEOUTERBOUND(#12824,.T.);
#12826=IFCFACE((#12825));
#12827=IFCPOLYLOOP((#10381,#10717,#10916));
#12828=IFCFACEOUTERBOUND(#12827,.T.);
#12829=IFCFACE((#12828));
#12830=IFCPOLYLOOP((#10436,#10382,#10404));
#12831=IFCFACEOUTERBOUND(#12830,.T.);
#12832=IFCFACE((#12831));
#12833=IFCPOLYLOOP((#10618,#10758,#10744));
#12834=IFCFACEOUTERBOUND(#12833,.T.);
#12835=IFCFACE((#12834));
#12836=IFCPOLYLOOP((#10618,#10744,#10760));
#12837=IFCFACEOUTERBOUND(#12836,.T.);
#12838=IFCFACE((#12837));
#12839=IFCPOLYLOOP((#10618,#10760,#10731));
#12840=IFCFACEOUTERBOUND(#12839,.T.);
#12841=IFCFACE((#12840));
#12842=IFCPOLYLOOP((#10618,#10731,#10788));
#12843=IFCFACEOUTERBOUND(#12842,.T.);
#12844=IFCFACE((#12843));
#12845=IFCPOLYLOOP((#10618,#10788,#10766));
#12846=IFCFACEOUTERBOUND(#12845,.T.);
#12847=IFCFACE((#12846));
#12848=IFCPOLYLOOP((#10618,#10766,#10824));
#12849=IFCFACEOUTERBOUND(#12848,.T.);
#12850=IFCFACE((#12849));
#12851=IFCPOLYLOOP((#10618,#10824,#10728));
#12852=IFCFACEOUTERBOUND(#12851,.T.);
#12853=IFCFACE((#12852));
#12854=IFCPOLYLOOP((#10618,#10728,#10791));
#12855=IFCFACEOUTERBOUND(#12854,.T.);
#12856=IFCFACE((#12855));
#12857=IFCPOLYLOOP((#10618,#10791,#10790));
#12858=IFCFACEOUTERBOUND(#12857,.T.);
#12859=IFCFACE((#12858));
#12860=IFCPOLYLOOP((#10618,#10790,#10826));
#12861=IFCFACEOUTERBOUND(#12860,.T.);
#12862=IFCFACE((#12861));
#12863=IFCPOLYLOOP((#10618,#10826,#10747));
#12864=IFCFACEOUTERBOUND(#12863,.T.);
#12865=IFCFACE((#12864));
#12866=IFCPOLYLOOP((#10618,#10747,#10868));
#12867=IFCFACEOUTERBOUND(#12866,.T.);
#12868=IFCFACE((#12867));
#12869=IFCPOLYLOOP((#10618,#10868,#10781));
#12870=IFCFACEOUTERBOUND(#12869,.T.);
#12871=IFCFACE((#12870));
#12872=IFCPOLYLOOP((#10618,#10781,#10865));
#12873=IFCFACEOUTERBOUND(#12872,.T.);
#12874=IFCFACE((#12873));
#12875=IFCPOLYLOOP((#10618,#10865,#10722));
#12876=IFCFACEOUTERBOUND(#12875,.T.);
#12877=IFCFACE((#12876));
#12878=IFCPOLYLOOP((#10618,#10722,#10856));
#12879=IFCFACEOUTERBOUND(#12878,.T.);
#12880=IFCFACE((#12879));
#12881=IFCPOLYLOOP((#10618,#10856,#10778));
#12882=IFCFACEOUTERBOUND(#12881,.T.);
#12883=IFCFACE((#12882));
#12884=IFCPOLYLOOP((#10618,#10778,#10857));
#12885=IFCFACEOUTERBOUND(#12884,.T.);
#12886=IFCFACE((#12885));
#12887=IFCPOLYLOOP((#10618,#10857,#10739));
#12888=IFCFACEOUTERBOUND(#12887,.T.);
#12889=IFCFACE((#12888));
#12890=IFCPOLYLOOP((#10618,#10739,#10863));
#12891=IFCFACEOUTERBOUND(#12890,.T.);
#12892=IFCFACE((#12891));
#12893=IFCPOLYLOOP((#10618,#10863,#10779));
#12894=IFCFACEOUTERBOUND(#12893,.T.);
#12895=IFCFACE((#12894));
#12896=IFCPOLYLOOP((#10618,#10779,#10860));
#12897=IFCFACEOUTERBOUND(#12896,.T.);
#12898=IFCFACE((#12897));
#12899=IFCPOLYLOOP((#10618,#10860,#10736));
#12900=IFCFACEOUTERBOUND(#12899,.T.);
#12901=IFCFACE((#12900));
#12902=IFCPOLYLOOP((#10618,#10736,#10846));
#12903=IFCFACEOUTERBOUND(#12902,.T.);
#12904=IFCFACE((#12903));
#12905=IFCPOLYLOOP((#10618,#10846,#10774));
#12906=IFCFACEOUTERBOUND(#12905,.T.);
#12907=IFCFACE((#12906));
#12908=IFCPOLYLOOP((#10618,#10774,#10847));
#12909=IFCFACEOUTERBOUND(#12908,.T.);
#12910=IFCFACE((#12909));
#12911=IFCPOLYLOOP((#10618,#10847,#10754));
#12912=IFCFACEOUTERBOUND(#12911,.T.);
#12913=IFCFACE((#12912));
#12914=IFCPOLYLOOP((#10618,#10754,#10890));
#12915=IFCFACEOUTERBOUND(#12914,.T.);
#12916=IFCFACE((#12915));
#12917=IFCPOLYLOOP((#10618,#10890,#10755));
#12918=IFCFACEOUTERBOUND(#12917,.T.);
#12919=IFCFACE((#12918));
#12920=IFCPOLYLOOP((#10618,#10755,#10886));
#12921=IFCFACEOUTERBOUND(#12920,.T.);
#12922=IFCFACE((#12921));
#12923=IFCPOLYLOOP((#10618,#10886,#10721));
#12924=IFCFACEOUTERBOUND(#12923,.T.);
#12925=IFCFACE((#12924));
#12926=IFCPOLYLOOP((#10618,#10721,#10839));
#12927=IFCFACEOUTERBOUND(#12926,.T.);
#12928=IFCFACE((#12927));
#12929=IFCPOLYLOOP((#10618,#10839,#10771));
#12930=IFCFACEOUTERBOUND(#12929,.T.);
#12931=IFCFACE((#12930));
#12932=IFCPOLYLOOP((#10618,#10771,#10841));
#12933=IFCFACEOUTERBOUND(#12932,.T.);
#12934=IFCFACE((#12933));
#12935=IFCPOLYLOOP((#10618,#10841,#10735));
#12936=IFCFACEOUTERBOUND(#12935,.T.);
#12937=IFCFACE((#12936));
#12938=IFCPOLYLOOP((#10618,#10735,#10837));
#12939=IFCFACEOUTERBOUND(#12938,.T.);
#12940=IFCFACE((#12939));
#12941=IFCPOLYLOOP((#10618,#10837,#10770));
#12942=IFCFACEOUTERBOUND(#12941,.T.);
#12943=IFCFACE((#12942));
#12944=IFCPOLYLOOP((#10618,#10770,#10835));
#12945=IFCFACEOUTERBOUND(#12944,.T.);
#12946=IFCFACE((#12945));
#12947=IFCPOLYLOOP((#10618,#10835,#10732));
#12948=IFCFACEOUTERBOUND(#12947,.T.);
#12949=IFCFACE((#12948));
#12950=IFCPOLYLOOP((#10618,#10732,#10885));
#12951=IFCFACEOUTERBOUND(#12950,.T.);
#12952=IFCFACE((#12951));
#12953=IFCPOLYLOOP((#10618,#10885,#10802));
#12954=IFCFACEOUTERBOUND(#12953,.T.);
#12955=IFCFACE((#12954));
#12956=IFCPOLYLOOP((#10618,#10802,#10830));
#12957=IFCFACEOUTERBOUND(#12956,.T.);
#12958=IFCFACE((#12957));
#12959=IFCPOLYLOOP((#10618,#10830,#10750));
#12960=IFCFACEOUTERBOUND(#12959,.T.);
#12961=IFCFACE((#12960));
#12962=IFCPOLYLOOP((#10618,#10750,#10874));
#12963=IFCFACEOUTERBOUND(#12962,.T.);
#12964=IFCFACE((#12963));
#12965=IFCPOLYLOOP((#10618,#10874,#10784));
#12966=IFCFACEOUTERBOUND(#12965,.T.);
#12967=IFCFACE((#12966));
#12968=IFCPOLYLOOP((#10618,#10784,#10871));
#12969=IFCFACEOUTERBOUND(#12968,.T.);
#12970=IFCFACE((#12969));
#12971=IFCPOLYLOOP((#10618,#10871,#10723));
#12972=IFCFACEOUTERBOUND(#12971,.T.);
#12973=IFCFACE((#12972));
#12974=IFCPOLYLOOP((#10618,#10723,#10850));
#12975=IFCFACEOUTERBOUND(#12974,.T.);
#12976=IFCFACE((#12975));
#12977=IFCPOLYLOOP((#10618,#10850,#10775));
#12978=IFCFACEOUTERBOUND(#12977,.T.);
#12979=IFCFACE((#12978));
#12980=IFCPOLYLOOP((#10618,#10775,#10852));
#12981=IFCFACEOUTERBOUND(#12980,.T.);
#12982=IFCFACE((#12981));
#12983=IFCPOLYLOOP((#10618,#10852,#10727));
#12984=IFCFACEOUTERBOUND(#12983,.T.);
#12985=IFCFACE((#12984));
#12986=IFCPOLYLOOP((#10618,#10727,#10876));
#12987=IFCFACEOUTERBOUND(#12986,.T.);
#12988=IFCFACE((#12987));
#12989=IFCPOLYLOOP((#10618,#10876,#10785));
#12990=IFCFACEOUTERBOUND(#12989,.T.);
#12991=IFCFACE((#12990));
#12992=IFCPOLYLOOP((#10618,#10785,#10879));
#12993=IFCFACEOUTERBOUND(#12992,.T.);
#12994=IFCFACE((#12993));
#12995=IFCPOLYLOOP((#10618,#10879,#10724));
#12996=IFCFACEOUTERBOUND(#12995,.T.);
#12997=IFCFACE((#12996));
#12998=IFCPOLYLOOP((#10618,#10724,#10828));
#12999=IFCFACEOUTERBOUND(#12998,.T.);
#13000=IFCFACE((#12999));
#13001=IFCPOLYLOOP((#10618,#10828,#10797));
#13002=IFCFACEOUTERBOUND(#13001,.T.);
#13003=IFCFACE((#13002));
#13004=IFCPOLYLOOP((#10618,#10797,#10798));
#13005=IFCFACEOUTERBOUND(#13004,.T.);
#13006=IFCFACE((#13005));
#13007=IFCPOLYLOOP((#10618,#10798,#10740));
#13008=IFCFACEOUTERBOUND(#13007,.T.);
#13009=IFCFACE((#13008));
#13010=IFCPOLYLOOP((#10618,#10740,#10805));
#13011=IFCFACEOUTERBOUND(#13010,.T.);
#13012=IFCFACE((#13011));
#13013=IFCPOLYLOOP((#10618,#10805,#10746));
#13014=IFCFACEOUTERBOUND(#13013,.T.);
#13015=IFCFACE((#13014));
#13016=IFCPOLYLOOP((#10618,#10746,#10763));
#13017=IFCFACEOUTERBOUND(#13016,.T.);
#13018=IFCFACE((#13017));
#13019=IFCPOLYLOOP((#10618,#10763,#10717));
#13020=IFCFACEOUTERBOUND(#13019,.T.);
#13021=IFCFACE((#13020));
#13022=IFCPOLYLOOP((#10630,#10625,#10621));
#13023=IFCFACEOUTERBOUND(#13022,.T.);
#13024=IFCFACE((#13023));
#13025=IFCPOLYLOOP((#10630,#10621,#10624));
#13026=IFCFACEOUTERBOUND(#13025,.T.);
#13027=IFCFACE((#13026));
#13028=IFCPOLYLOOP((#10630,#10624,#10382));
#13029=IFCFACEOUTERBOUND(#13028,.T.);
#13030=IFCFACE((#13029));
#13031=IFCPOLYLOOP((#10717,#10898,#10894));
#13032=IFCFACEOUTERBOUND(#13031,.T.);
#13033=IFCFACE((#13032));
#13034=IFCPOLYLOOP((#10717,#10894,#10897));
#13035=IFCFACEOUTERBOUND(#13034,.T.);
#13036=IFCFACE((#13035));
#13037=IFCPOLYLOOP((#10717,#10897,#10666));
#13038=IFCFACEOUTERBOUND(#13037,.T.);
#13039=IFCFACE((#13038));
#13040=IFCPOLYLOOP((#10717,#10687,#10674));
#13041=IFCFACEOUTERBOUND(#13040,.T.);
#13042=IFCFACE((#13041));
#13043=IFCPOLYLOOP((#10717,#10674,#10697));
#13044=IFCFACEOUTERBOUND(#13043,.T.);
#13045=IFCFACE((#13044));
#13046=IFCPOLYLOOP((#10717,#10697,#10670));
#13047=IFCFACEOUTERBOUND(#13046,.T.);
#13048=IFCFACE((#13047));
#13049=IFCPOLYLOOP((#10717,#10670,#10690));
#13050=IFCFACEOUTERBOUND(#13049,.T.);
#13051=IFCFACE((#13050));
#13052=IFCPOLYLOOP((#10717,#10690,#10684));
#13053=IFCFACEOUTERBOUND(#13052,.T.);
#13054=IFCFACE((#13053));
#13055=IFCPOLYLOOP((#10717,#10684,#10695));
#13056=IFCFACEOUTERBOUND(#13055,.T.);
#13057=IFCFACE((#13056));
#13058=IFCPOLYLOOP((#10717,#10695,#10668));
#13059=IFCFACEOUTERBOUND(#13058,.T.);
#13060=IFCFACE((#13059));
#13061=IFCPOLYLOOP((#10717,#10668,#10707));
#13062=IFCFACEOUTERBOUND(#13061,.T.);
#13063=IFCFACE((#13062));
#13064=IFCPOLYLOOP((#10717,#10707,#10682));
#13065=IFCFACEOUTERBOUND(#13064,.T.);
#13066=IFCFACE((#13065));
#13067=IFCPOLYLOOP((#10717,#10682,#10683));
#13068=IFCFACEOUTERBOUND(#13067,.T.);
#13069=IFCFACE((#13068));
#13070=IFCPOLYLOOP((#10717,#10683,#10669));
#13071=IFCFACEOUTERBOUND(#13070,.T.);
#13072=IFCFACE((#13071));
#13073=IFCPOLYLOOP((#10717,#10669,#10689));
#13074=IFCFACEOUTERBOUND(#13073,.T.);
#13075=IFCFACE((#13074));
#13076=IFCPOLYLOOP((#10717,#10689,#10677));
#13077=IFCFACEOUTERBOUND(#13076,.T.);
#13078=IFCFACE((#13077));
#13079=IFCPOLYLOOP((#10717,#10677,#10680));
#13080=IFCFACEOUTERBOUND(#13079,.T.);
#13081=IFCFACE((#13080));
#13082=IFCPOLYLOOP((#10717,#10680,#10618));
#13083=IFCFACEOUTERBOUND(#13082,.T.);
#13084=IFCFACE((#13083));
#13085=IFCPOLYLOOP((#10382,#10478,#10464));
#13086=IFCFACEOUTERBOUND(#13085,.T.);
#13087=IFCFACE((#13086));
#13088=IFCPOLYLOOP((#10382,#10464,#10480));
#13089=IFCFACEOUTERBOUND(#13088,.T.);
#13090=IFCFACE((#13089));
#13091=IFCPOLYLOOP((#10382,#10480,#10451));
#13092=IFCFACEOUTERBOUND(#13091,.T.);
#13093=IFCFACE((#13092));
#13094=IFCPOLYLOOP((#10382,#10451,#10508));
#13095=IFCFACEOUTERBOUND(#13094,.T.);
#13096=IFCFACE((#13095));
#13097=IFCPOLYLOOP((#10382,#10508,#10486));
#13098=IFCFACEOUTERBOUND(#13097,.T.);
#13099=IFCFACE((#13098));
#13100=IFCPOLYLOOP((#10382,#10486,#10544));
#13101=IFCFACEOUTERBOUND(#13100,.T.);
#13102=IFCFACE((#13101));
#13103=IFCPOLYLOOP((#10382,#10544,#10448));
#13104=IFCFACEOUTERBOUND(#13103,.T.);
#13105=IFCFACE((#13104));
#13106=IFCPOLYLOOP((#10382,#10448,#10511));
#13107=IFCFACEOUTERBOUND(#13106,.T.);
#13108=IFCFACE((#13107));
#13109=IFCPOLYLOOP((#10382,#10511,#10510));
#13110=IFCFACEOUTERBOUND(#13109,.T.);
#13111=IFCFACE((#13110));
#13112=IFCPOLYLOOP((#10382,#10510,#10546));
#13113=IFCFACEOUTERBOUND(#13112,.T.);
#13114=IFCFACE((#13113));
#13115=IFCPOLYLOOP((#10382,#10546,#10467));
#13116=IFCFACEOUTERBOUND(#13115,.T.);
#13117=IFCFACE((#13116));
#13118=IFCPOLYLOOP((#10382,#10467,#10588));
#13119=IFCFACEOUTERBOUND(#13118,.T.);
#13120=IFCFACE((#13119));
#13121=IFCPOLYLOOP((#10382,#10588,#10501));
#13122=IFCFACEOUTERBOUND(#13121,.T.);
#13123=IFCFACE((#13122));
#13124=IFCPOLYLOOP((#10382,#10501,#10585));
#13125=IFCFACEOUTERBOUND(#13124,.T.);
#13126=IFCFACE((#13125));
#13127=IFCPOLYLOOP((#10382,#10585,#10442));
#13128=IFCFACEOUTERBOUND(#13127,.T.);
#13129=IFCFACE((#13128));
#13130=IFCPOLYLOOP((#10382,#10442,#10576));
#13131=IFCFACEOUTERBOUND(#13130,.T.);
#13132=IFCFACE((#13131));
#13133=IFCPOLYLOOP((#10382,#10576,#10498));
#13134=IFCFACEOUTERBOUND(#13133,.T.);
#13135=IFCFACE((#13134));
#13136=IFCPOLYLOOP((#10382,#10498,#10577));
#13137=IFCFACEOUTERBOUND(#13136,.T.);
#13138=IFCFACE((#13137));
#13139=IFCPOLYLOOP((#10382,#10577,#10459));
#13140=IFCFACEOUTERBOUND(#13139,.T.);
#13141=IFCFACE((#13140));
#13142=IFCPOLYLOOP((#10382,#10459,#10583));
#13143=IFCFACEOUTERBOUND(#13142,.T.);
#13144=IFCFACE((#13143));
#13145=IFCPOLYLOOP((#10382,#10583,#10499));
#13146=IFCFACEOUTERBOUND(#13145,.T.);
#13147=IFCFACE((#13146));
#13148=IFCPOLYLOOP((#10382,#10499,#10580));
#13149=IFCFACEOUTERBOUND(#13148,.T.);
#13150=IFCFACE((#13149));
#13151=IFCPOLYLOOP((#10382,#10580,#10456));
#13152=IFCFACEOUTERBOUND(#13151,.T.);
#13153=IFCFACE((#13152));
#13154=IFCPOLYLOOP((#10382,#10456,#10566));
#13155=IFCFACEOUTERBOUND(#13154,.T.);
#13156=IFCFACE((#13155));
#13157=IFCPOLYLOOP((#10382,#10566,#10494));
#13158=IFCFACEOUTERBOUND(#13157,.T.);
#13159=IFCFACE((#13158));
#13160=IFCPOLYLOOP((#10382,#10494,#10567));
#13161=IFCFACEOUTERBOUND(#13160,.T.);
#13162=IFCFACE((#13161));
#13163=IFCPOLYLOOP((#10382,#10567,#10474));
#13164=IFCFACEOUTERBOUND(#13163,.T.);
#13165=IFCFACE((#13164));
#13166=IFCPOLYLOOP((#10382,#10474,#10610));
#13167=IFCFACEOUTERBOUND(#13166,.T.);
#13168=IFCFACE((#13167));
#13169=IFCPOLYLOOP((#10382,#10610,#10475));
#13170=IFCFACEOUTERBOUND(#13169,.T.);
#13171=IFCFACE((#13170));
#13172=IFCPOLYLOOP((#10382,#10475,#10606));
#13173=IFCFACEOUTERBOUND(#13172,.T.);
#13174=IFCFACE((#13173));
#13175=IFCPOLYLOOP((#10382,#10606,#10441));
#13176=IFCFACEOUTERBOUND(#13175,.T.);
#13177=IFCFACE((#13176));
#13178=IFCPOLYLOOP((#10382,#10441,#10559));
#13179=IFCFACEOUTERBOUND(#13178,.T.);
#13180=IFCFACE((#13179));
#13181=IFCPOLYLOOP((#10382,#10559,#10491));
#13182=IFCFACEOUTERBOUND(#13181,.T.);
#13183=IFCFACE((#13182));
#13184=IFCPOLYLOOP((#10382,#10491,#10561));
#13185=IFCFACEOUTERBOUND(#13184,.T.);
#13186=IFCFACE((#13185));
#13187=IFCPOLYLOOP((#10382,#10561,#10455));
#13188=IFCFACEOUTERBOUND(#13187,.T.);
#13189=IFCFACE((#13188));
#13190=IFCPOLYLOOP((#10382,#10455,#10557));
#13191=IFCFACEOUTERBOUND(#13190,.T.);
#13192=IFCFACE((#13191));
#13193=IFCPOLYLOOP((#10382,#10557,#10490));
#13194=IFCFACEOUTERBOUND(#13193,.T.);
#13195=IFCFACE((#13194));
#13196=IFCPOLYLOOP((#10382,#10490,#10555));
#13197=IFCFACEOUTERBOUND(#13196,.T.);
#13198=IFCFACE((#13197));
#13199=IFCPOLYLOOP((#10382,#10555,#10452));
#13200=IFCFACEOUTERBOUND(#13199,.T.);
#13201=IFCFACE((#13200));
#13202=IFCPOLYLOOP((#10382,#10452,#10605));
#13203=IFCFACEOUTERBOUND(#13202,.T.);
#13204=IFCFACE((#13203));
#13205=IFCPOLYLOOP((#10382,#10605,#10522));
#13206=IFCFACEOUTERBOUND(#13205,.T.);
#13207=IFCFACE((#13206));
#13208=IFCPOLYLOOP((#10382,#10522,#10550));
#13209=IFCFACEOUTERBOUND(#13208,.T.);
#13210=IFCFACE((#13209));
#13211=IFCPOLYLOOP((#10382,#10550,#10470));
#13212=IFCFACEOUTERBOUND(#13211,.T.);
#13213=IFCFACE((#13212));
#13214=IFCPOLYLOOP((#10382,#10470,#10594));
#13215=IFCFACEOUTERBOUND(#13214,.T.);
#13216=IFCFACE((#13215));
#13217=IFCPOLYLOOP((#10382,#10594,#10504));
#13218=IFCFACEOUTERBOUND(#13217,.T.);
#13219=IFCFACE((#13218));
#13220=IFCPOLYLOOP((#10382,#10504,#10591));
#13221=IFCFACEOUTERBOUND(#13220,.T.);
#13222=IFCFACE((#13221));
#13223=IFCPOLYLOOP((#10382,#10591,#10443));
#13224=IFCFACEOUTERBOUND(#13223,.T.);
#13225=IFCFACE((#13224));
#13226=IFCPOLYLOOP((#10382,#10443,#10570));
#13227=IFCFACEOUTERBOUND(#13226,.T.);
#13228=IFCFACE((#13227));
#13229=IFCPOLYLOOP((#10382,#10570,#10495));
#13230=IFCFACEOUTERBOUND(#13229,.T.);
#13231=IFCFACE((#13230));
#13232=IFCPOLYLOOP((#10382,#10495,#10572));
#13233=IFCFACEOUTERBOUND(#13232,.T.);
#13234=IFCFACE((#13233));
#13235=IFCPOLYLOOP((#10382,#10572,#10447));
#13236=IFCFACEOUTERBOUND(#13235,.T.);
#13237=IFCFACE((#13236));
#13238=IFCPOLYLOOP((#10382,#10447,#10596));
#13239=IFCFACEOUTERBOUND(#13238,.T.);
#13240=IFCFACE((#13239));
#13241=IFCPOLYLOOP((#10382,#10596,#10505));
#13242=IFCFACEOUTERBOUND(#13241,.T.);
#13243=IFCFACE((#13242));
#13244=IFCPOLYLOOP((#10382,#10505,#10599));
#13245=IFCFACEOUTERBOUND(#13244,.T.);
#13246=IFCFACE((#13245));
#13247=IFCPOLYLOOP((#10382,#10599,#10444));
#13248=IFCFACEOUTERBOUND(#13247,.T.);
#13249=IFCFACE((#13248));
#13250=IFCPOLYLOOP((#10382,#10444,#10548));
#13251=IFCFACEOUTERBOUND(#13250,.T.);
#13252=IFCFACE((#13251));
#13253=IFCPOLYLOOP((#10382,#10548,#10517));
#13254=IFCFACEOUTERBOUND(#13253,.T.);
#13255=IFCFACE((#13254));
#13256=IFCPOLYLOOP((#10382,#10517,#10518));
#13257=IFCFACEOUTERBOUND(#13256,.T.);
#13258=IFCFACE((#13257));
#13259=IFCPOLYLOOP((#10382,#10518,#10460));
#13260=IFCFACEOUTERBOUND(#13259,.T.);
#13261=IFCFACE((#13260));
#13262=IFCPOLYLOOP((#10382,#10460,#10525));
#13263=IFCFACEOUTERBOUND(#13262,.T.);
#13264=IFCFACE((#13263));
#13265=IFCPOLYLOOP((#10382,#10525,#10466));
#13266=IFCFACEOUTERBOUND(#13265,.T.);
#13267=IFCFACE((#13266));
#13268=IFCPOLYLOOP((#10382,#10466,#10483));
#13269=IFCFACEOUTERBOUND(#13268,.T.);
#13270=IFCFACE((#13269));
#13271=IFCPOLYLOOP((#10382,#10483,#10435));
#13272=IFCFACEOUTERBOUND(#13271,.T.);
#13273=IFCFACE((#13272));
#13274=IFCPOLYLOOP((#10382,#10646,#10639));
#13275=IFCFACEOUTERBOUND(#13274,.T.);
#13276=IFCFACE((#13275));
#13277=IFCPOLYLOOP((#10382,#10639,#10640));
#13278=IFCFACEOUTERBOUND(#13277,.T.);
#13279=IFCFACE((#13278));
#13280=IFCPOLYLOOP((#10382,#10640,#10635));
#13281=IFCFACEOUTERBOUND(#13280,.T.);
#13282=IFCFACE((#13281));
#13283=IFCPOLYLOOP((#10382,#10635,#10659));
#13284=IFCFACEOUTERBOUND(#13283,.T.);
#13285=IFCFACE((#13284));
#13286=IFCPOLYLOOP((#10382,#10659,#10636));
#13287=IFCFACEOUTERBOUND(#13286,.T.);
#13288=IFCFACE((#13287));
#13289=IFCPOLYLOOP((#10382,#10636,#10650));
#13290=IFCFACEOUTERBOUND(#13289,.T.);
#13291=IFCFACE((#13290));
#13292=IFCPOLYLOOP((#10382,#10650,#10631));
#13293=IFCFACEOUTERBOUND(#13292,.T.);
#13294=IFCFACE((#13293));
#13295=IFCPOLYLOOP((#10382,#10631,#10655));
#13296=IFCFACEOUTERBOUND(#13295,.T.);
#13297=IFCFACE((#13296));
#13298=IFCPOLYLOOP((#10382,#10655,#10637));
#13299=IFCFACEOUTERBOUND(#13298,.T.);
#13300=IFCFACE((#13299));
#13301=IFCPOLYLOOP((#10382,#10637,#10642));
#13302=IFCFACEOUTERBOUND(#13301,.T.);
#13303=IFCFACE((#13302));
#13304=IFCPOLYLOOP((#10382,#10642,#10630));
#13305=IFCFACEOUTERBOUND(#13304,.T.);
#13306=IFCFACE((#13305));
#13307=IFCPOLYLOOP((#10381,#10916,#10909));
#13308=IFCFACEOUTERBOUND(#13307,.T.);
#13309=IFCFACE((#13308));
#13310=IFCPOLYLOOP((#10381,#10909,#10910));
#13311=IFCFACEOUTERBOUND(#13310,.T.);
#13312=IFCFACE((#13311));
#13313=IFCPOLYLOOP((#10381,#10910,#10905));
#13314=IFCFACEOUTERBOUND(#13313,.T.);
#13315=IFCFACE((#13314));
#13316=IFCPOLYLOOP((#10381,#10905,#10929));
#13317=IFCFACEOUTERBOUND(#13316,.T.);
#13318=IFCFACE((#13317));
#13319=IFCPOLYLOOP((#10381,#10929,#10906));
#13320=IFCFACEOUTERBOUND(#13319,.T.);
#13321=IFCFACE((#13320));
#13322=IFCPOLYLOOP((#10381,#10906,#10920));
#13323=IFCFACEOUTERBOUND(#13322,.T.);
#13324=IFCFACE((#13323));
#13325=IFCPOLYLOOP((#10381,#10920,#10901));
#13326=IFCFACEOUTERBOUND(#13325,.T.);
#13327=IFCFACE((#13326));
#13328=IFCPOLYLOOP((#10381,#10901,#10925));
#13329=IFCFACEOUTERBOUND(#13328,.T.);
#13330=IFCFACE((#13329));
#13331=IFCPOLYLOOP((#10381,#10925,#10907));
#13332=IFCFACEOUTERBOUND(#13331,.T.);
#13333=IFCFACE((#13332));
#13334=IFCPOLYLOOP((#10381,#10907,#10912));
#13335=IFCFACEOUTERBOUND(#13334,.T.);
#13336=IFCFACE((#13335));
#13337=IFCPOLYLOOP((#10381,#10912,#10436));
#13338=IFCFACEOUTERBOUND(#13337,.T.);
#13339=IFCFACE((#13338));
#13340=IFCPOLYLOOP((#10436,#10404,#10391));
#13341=IFCFACEOUTERBOUND(#13340,.T.);
#13342=IFCFACE((#13341));
#13343=IFCPOLYLOOP((#10436,#10391,#10414));
#13344=IFCFACEOUTERBOUND(#13343,.T.);
#13345=IFCFACE((#13344));
#13346=IFCPOLYLOOP((#10436,#10414,#10387));
#13347=IFCFACEOUTERBOUND(#13346,.T.);
#13348=IFCFACE((#13347));
#13349=IFCPOLYLOOP((#10436,#10387,#10407));
#13350=IFCFACEOUTERBOUND(#13349,.T.);
#13351=IFCFACE((#13350));
#13352=IFCPOLYLOOP((#10436,#10407,#10401));
#13353=IFCFACEOUTERBOUND(#13352,.T.);
#13354=IFCFACE((#13353));
#13355=IFCPOLYLOOP((#10436,#10401,#10412));
#13356=IFCFACEOUTERBOUND(#13355,.T.);
#13357=IFCFACE((#13356));
#13358=IFCPOLYLOOP((#10436,#10412,#10385));
#13359=IFCFACEOUTERBOUND(#13358,.T.);
#13360=IFCFACE((#13359));
#13361=IFCPOLYLOOP((#10436,#10385,#10424));
#13362=IFCFACEOUTERBOUND(#13361,.T.);
#13363=IFCFACE((#13362));
#13364=IFCPOLYLOOP((#10436,#10424,#10399));
#13365=IFCFACEOUTERBOUND(#13364,.T.);
#13366=IFCFACE((#13365));
#13367=IFCPOLYLOOP((#10436,#10399,#10400));
#13368=IFCFACEOUTERBOUND(#13367,.T.);
#13369=IFCFACE((#13368));
#13370=IFCPOLYLOOP((#10436,#10400,#10386));
#13371=IFCFACEOUTERBOUND(#13370,.T.);
#13372=IFCFACE((#13371));
#13373=IFCPOLYLOOP((#10436,#10386,#10406));
#13374=IFCFACEOUTERBOUND(#13373,.T.);
#13375=IFCFACE((#13374));
#13376=IFCPOLYLOOP((#10436,#10406,#10394));
#13377=IFCFACEOUTERBOUND(#13376,.T.);
#13378=IFCFACE((#13377));
#13379=IFCPOLYLOOP((#10436,#10394,#10397));
#13380=IFCFACEOUTERBOUND(#13379,.T.);
#13381=IFCFACE((#13380));
#13382=IFCPOLYLOOP((#10436,#10397,#10381));
#13383=IFCFACEOUTERBOUND(#13382,.T.);
#13384=IFCFACE((#13383));
#13385=IFCPOLYLOOP((#10917,#10913,#10908));
#13386=IFCFACEOUTERBOUND(#13385,.T.);
#13387=IFCFACE((#13386));
#13388=IFCPOLYLOOP((#10924,#10928,#10929));
#13389=IFCFACEOUTERBOUND(#13388,.T.);
#13390=IFCFACE((#13389));
#13391=IFCPOLYLOOP((#10911,#10930,#10918));
#13392=IFCFACEOUTERBOUND(#13391,.T.);
#13393=IFCFACE((#13392));
#13394=IFCPOLYLOOP((#10922,#10903,#10924));
#13395=IFCFACEOUTERBOUND(#13394,.T.);
#13396=IFCFACE((#13395));
#13397=IFCPOLYLOOP((#10911,#10918,#10904));
#13398=IFCFACEOUTERBOUND(#13397,.T.);
#13399=IFCFACE((#13398));
#13400=IFCPOLYLOOP((#10918,#10925,#10921));
#13401=IFCFACEOUTERBOUND(#13400,.T.);
#13402=IFCFACE((#13401));
#13403=IFCPOLYLOOP((#10930,#10915,#10437));
#13404=IFCFACEOUTERBOUND(#13403,.T.);
#13405=IFCFACE((#13404));
#13406=IFCPOLYLOOP((#10903,#10922,#10914));
#13407=IFCFACEOUTERBOUND(#13406,.T.);
#13408=IFCFACE((#13407));
#13409=IFCPOLYLOOP((#10910,#10922,#10905));
#13410=IFCFACEOUTERBOUND(#13409,.T.);
#13411=IFCFACE((#13410));
#13412=IFCPOLYLOOP((#10923,#10928,#10902));
#13413=IFCFACEOUTERBOUND(#13412,.T.);
#13414=IFCFACE((#13413));
#13415=IFCPOLYLOOP((#10904,#10918,#10921));
#13416=IFCFACEOUTERBOUND(#13415,.T.);
#13417=IFCFACE((#13416));
#13418=IFCPOLYLOOP((#10926,#10917,#10908));
#13419=IFCFACEOUTERBOUND(#13418,.T.);
#13420=IFCFACE((#13419));
#13421=IFCPOLYLOOP((#10926,#10910,#10909));
#13422=IFCFACEOUTERBOUND(#13421,.T.);
#13423=IFCFACE((#13422));
#13424=IFCPOLYLOOP((#10926,#10922,#10910));
#13425=IFCFACEOUTERBOUND(#13424,.T.);
#13426=IFCFACE((#13425));
#13427=IFCPOLYLOOP((#10930,#10437,#10436));
#13428=IFCFACEOUTERBOUND(#13427,.T.);
#13429=IFCFACE((#13428));
#13430=IFCPOLYLOOP((#10916,#10717,#10716));
#13431=IFCFACEOUTERBOUND(#13430,.T.);
#13432=IFCFACE((#13431));
#13433=IFCPOLYLOOP((#10916,#10917,#10909));
#13434=IFCFACEOUTERBOUND(#13433,.T.);
#13435=IFCFACE((#13434));
#13436=IFCPOLYLOOP((#10716,#10715,#10913));
#13437=IFCFACEOUTERBOUND(#13436,.T.);
#13438=IFCFACE((#13437));
#13439=IFCPOLYLOOP((#10915,#10432,#10437));
#13440=IFCFACEOUTERBOUND(#13439,.T.);
#13441=IFCFACE((#13440));
#13442=IFCPOLYLOOP((#10930,#10907,#10918));
#13443=IFCFACEOUTERBOUND(#13442,.T.);
#13444=IFCFACE((#13443));
#13445=IFCPOLYLOOP((#10716,#10917,#10916));
#13446=IFCFACEOUTERBOUND(#13445,.T.);
#13447=IFCFACE((#13446));
#13448=IFCPOLYLOOP((#10913,#10917,#10716));
#13449=IFCFACEOUTERBOUND(#13448,.T.);
#13450=IFCFACE((#13449));
#13451=IFCPOLYLOOP((#10925,#10918,#10907));
#13452=IFCFACEOUTERBOUND(#13451,.T.);
#13453=IFCFACE((#13452));
#13454=IFCPOLYLOOP((#10912,#10907,#10930,#10436));
#13455=IFCFACEOUTERBOUND(#13454,.T.);
#13456=IFCFACE((#13455));
#13457=IFCPOLYLOOP((#10921,#10919,#10904));
#13458=IFCFACEOUTERBOUND(#13457,.T.);
#13459=IFCFACE((#13458));
#13460=IFCPOLYLOOP((#10928,#10923,#10920));
#13461=IFCFACEOUTERBOUND(#13460,.T.);
#13462=IFCFACE((#13461));
#13463=IFCPOLYLOOP((#10920,#10923,#10901));
#13464=IFCFACEOUTERBOUND(#13463,.T.);
#13465=IFCFACE((#13464));
#13466=IFCPOLYLOOP((#10919,#10921,#10923));
#13467=IFCFACEOUTERBOUND(#13466,.T.);
#13468=IFCFACE((#13467));
#13469=IFCPOLYLOOP((#10924,#10905,#10922));
#13470=IFCFACEOUTERBOUND(#13469,.T.);
#13471=IFCFACE((#13470));
#13472=IFCPOLYLOOP((#10926,#10908,#10914));
#13473=IFCFACEOUTERBOUND(#13472,.T.);
#13474=IFCFACE((#13473));
#13475=IFCPOLYLOOP((#10901,#10923,#10921));
#13476=IFCFACEOUTERBOUND(#13475,.T.);
#13477=IFCFACE((#13476));
#13478=IFCPOLYLOOP((#10919,#10923,#10902));
#13479=IFCFACEOUTERBOUND(#13478,.T.);
#13480=IFCFACE((#13479));
#13481=IFCPOLYLOOP((#10906,#10929,#10928,#10920));
#13482=IFCFACEOUTERBOUND(#13481,.T.);
#13483=IFCFACE((#13482));
#13484=IFCPOLYLOOP((#10927,#10928,#10924));
#13485=IFCFACEOUTERBOUND(#13484,.T.);
#13486=IFCFACE((#13485));
#13487=IFCPOLYLOOP((#10925,#10901,#10921));
#13488=IFCFACEOUTERBOUND(#13487,.T.);
#13489=IFCFACE((#13488));
#13490=IFCPOLYLOOP((#10909,#10917,#10926));
#13491=IFCFACEOUTERBOUND(#13490,.T.);
#13492=IFCFACE((#13491));
#13493=IFCPOLYLOOP((#10922,#10926,#10914));
#13494=IFCFACEOUTERBOUND(#13493,.T.);
#13495=IFCFACE((#13494));
#13496=IFCPOLYLOOP((#10902,#10928,#10927));
#13497=IFCFACEOUTERBOUND(#13496,.T.);
#13498=IFCFACE((#13497));
#13499=IFCPOLYLOOP((#10924,#10903,#10927));
#13500=IFCFACEOUTERBOUND(#13499,.T.);
#13501=IFCFACE((#13500));
#13502=IFCPOLYLOOP((#10929,#10905,#10924));
#13503=IFCFACEOUTERBOUND(#13502,.T.);
#13504=IFCFACE((#13503));
#13505=IFCPOLYLOOP((#10911,#10915,#10930));
#13506=IFCFACEOUTERBOUND(#13505,.T.);
#13507=IFCFACE((#13506));
#13508=IFCPOLYLOOP((#10612,#10432,#10915,#10911,#10904,#10919,#10902,#10927,#10903,#10914,#10908,#10913,#10715,#10892));
#13509=IFCFACEOUTERBOUND(#13508,.T.);
#13510=IFCFACE((#13509));
#13511=IFCCARTESIANPOINT((647.60000000001457,162.69999999999868,1212.6000000000004));
#13512=IFCCARTESIANPOINT((647.60000000001435,162.69999999999868,1847.5999999999992));
#13513=IFCCARTESIANPOINT((647.60000000001469,142.69999999999865,1847.599999999999));
#13514=IFCCARTESIANPOINT((647.60000000001469,142.69999999999865,1212.6000000000004));
#13515=IFCCARTESIANPOINT((635.60000000001492,141.69999999999857,1224.6000000000001));
#13516=IFCCARTESIANPOINT((635.60000000001492,141.69999999999854,1835.599999999999));
#13517=IFCCARTESIANPOINT((635.60000000001469,162.69999999999854,1835.5999999999992));
#13518=IFCCARTESIANPOINT((635.60000000001469,162.69999999999854,1224.6000000000001));
#13519=IFCCARTESIANPOINT((640.60000000001492,136.6999999999986,1219.6000000000001));
#13520=IFCCARTESIANPOINT((640.6000000000148,136.6999999999986,1840.5999999999992));
#13521=IFCCARTESIANPOINT((637.06446609408204,138.16446609406592,1837.0644660940666));
#13522=IFCCARTESIANPOINT((637.06446609408215,138.16446609406589,1223.135533905933));
#13523=IFCCARTESIANPOINT((640.6000000000148,136.6999999999986,1531.9075514162687));
#13524=IFCCARTESIANPOINT((640.60000000001492,136.6999999999986,1375.7537832090013));
#13525=IFCCARTESIANPOINT((640.6000000000148,136.6999999999986,1684.4462317927319));
#13526=IFCCARTESIANPOINT((635.60000000001492,141.69999999999857,1530.0999981954583));
#13527=IFCCARTESIANPOINT((635.60000000001492,141.69999999999857,1377.3499972931877));
#13528=IFCCARTESIANPOINT((635.60000000001492,141.69999999999857,1682.8499990977289));
#13529=IFCCARTESIANPOINT((640.6000000000148,136.6999999999986,1762.5231158963657));
#13530=IFCCARTESIANPOINT((635.60000000001492,141.69999999999857,1759.2249995488639));
#13531=IFCCARTESIANPOINT((635.60000000001492,141.69999999999857,1796.5615574313738));
#13532=IFCCARTESIANPOINT((640.60000000001492,136.6999999999986,1297.6768991053677));
#13533=IFCCARTESIANPOINT((635.60000000001492,141.69999999999857,1300.9749968420526));
#13534=IFCCARTESIANPOINT((635.60000000001492,141.69999999999857,1339.1624970676201));
#13535=IFCCARTESIANPOINT((640.6000000000148,136.6999999999986,1258.6384570535508));
#13536=IFCCARTESIANPOINT((635.60000000001492,141.69999999999857,1453.7249977443232));
#13537=IFCCARTESIANPOINT((640.6000000000148,136.6999999999986,1453.8306673126349));
#13538=IFCCARTESIANPOINT((640.60000000001492,136.6999999999986,1414.7922252608182));
#13539=IFCCARTESIANPOINT((640.6000000000148,136.6999999999986,1608.1768916045));
#13540=IFCCARTESIANPOINT((635.60000000001492,141.69999999999857,1606.4749986465933));
#13541=IFCCARTESIANPOINT((635.60000000001492,141.69999999999857,1644.662498872161));
#13542=IFCCARTESIANPOINT((640.6000000000148,136.6999999999986,1801.5615579481823));
#13543=IFCCARTESIANPOINT((635.60000000001492,141.69999999999857,1262.7875002255678));
#13544=IFCCARTESIANPOINT((640.60000000001492,136.6999999999986,1336.7153411571846));
#13545=IFCCARTESIANPOINT((640.6000000000148,136.6999999999986,1646.311554197749));
#13546=IFCCARTESIANPOINT((637.11836557389222,138.11137606834495,1627.2442241682927));
#13547=IFCCARTESIANPOINT((637.02864623638368,138.20065259012395,1657.7646058431335));
#13548=IFCCARTESIANPOINT((637.09381791332851,138.13535595395416,1597.6672791169333));
#13549=IFCCARTESIANPOINT((635.60000000001492,141.69999999999857,1568.2874984210262));
#13550=IFCCARTESIANPOINT((640.6000000000148,136.6999999999986,1570.0422290112515));
#13551=IFCCARTESIANPOINT((636.96607107995567,138.26567901850061,1777.8932792238165));
#13552=IFCCARTESIANPOINT((640.6000000000148,136.6999999999986,1723.4846738445488));
#13553=IFCCARTESIANPOINT((637.15008942052395,138.08086792261918,1746.4462248133789));
#13554=IFCCARTESIANPOINT((635.60000000001492,141.69999999999857,1721.0374993232965));
#13555=IFCCARTESIANPOINT((636.99392184937358,138.23644685741982,1807.0768674646511));
#13556=IFCCARTESIANPOINT((637.01291651685619,138.21677849041151,1358.2562548815711));
#13557=IFCCARTESIANPOINT((637.09923486158846,138.13003593217118,1388.7412590646884));
#13558=IFCCARTESIANPOINT((635.60000000001492,141.69999999999857,1415.5374975187553));
#13559=IFCCARTESIANPOINT((637.06806543389609,138.16087041482442,1434.6312541442385));
#13560=IFCCARTESIANPOINT((637.02510621493661,138.20426911427393,1328.8432130467004));
#13561=IFCCARTESIANPOINT((637.06243454849243,138.16649880766897,1464.5934287715845));
#13562=IFCCARTESIANPOINT((640.6000000000148,136.6999999999986,1492.8691093644518));
#13563=IFCCARTESIANPOINT((635.60000000001492,141.69999999999857,1491.9124979698909));
#13564=IFCCARTESIANPOINT((637.03294149657938,138.19627432108646,1511.0062533837552));
#13565=IFCCARTESIANPOINT((637.03391786912459,138.19528057674296,1540.5491069723112));
#13566=IFCCARTESIANPOINT((637.01291647827418,138.21677853014398,1701.9437514766089));
#13567=IFCCARTESIANPOINT((636.96364796979151,138.26824477675052,1281.8812552503148));
#13568=IFCCARTESIANPOINT((637.00620522898157,138.22370324285984,1252.7501196861356));
#13569=IFCCARTESIANPOINT((637.06277182153417,138.16616117892005,1569.707969404235));
#13570=IFCCARTESIANPOINT((655.60000000001492,138.69999999999871,1204.6000000000001));
#13571=IFCCARTESIANPOINT((655.60000000001492,138.69999999999871,1855.5999999999995));
#13572=IFCCARTESIANPOINT((655.01421356238814,137.28578643762566,1855.0142135623726));
#13573=IFCCARTESIANPOINT((653.60000000001492,136.69999999999871,1853.5999999999992));
#13574=IFCCARTESIANPOINT((653.60000000001492,136.69999999999871,1206.6000000000001));
#13575=IFCCARTESIANPOINT((655.01421356238802,137.2857864376256,1205.185786437627));
#13576=IFCCARTESIANPOINT((655.60000000001492,138.69999999999871,1530.0999999999997));
#13577=IFCCARTESIANPOINT((655.60000000001492,138.69999999999871,1367.3499999999999));
#13578=IFCCARTESIANPOINT((655.60000000001492,138.69999999999871,1692.8499999999997));
#13579=IFCCARTESIANPOINT((653.60000000001492,136.69999999999871,1530.1000018027655));
#13580=IFCCARTESIANPOINT((653.60000000001492,136.69999999999871,1368.3500009013826));
#13581=IFCCARTESIANPOINT((653.60000000001492,136.69999999999871,1691.8500027041482));
#13582=IFCCARTESIANPOINT((653.60000000001492,136.69999999999871,1772.7250031548399));
#13583=IFCCARTESIANPOINT((655.60000000001492,138.69999999999871,1774.2250019703351));
#13584=IFCCARTESIANPOINT((655.60000000001492,138.69999999999871,1733.5374990148316));
#13585=IFCCARTESIANPOINT((653.60000000001492,136.69999999999871,1732.2875029294942));
#13586=IFCCARTESIANPOINT((653.60000000001492,136.69999999999871,1287.4750004506914));
#13587=IFCCARTESIANPOINT((655.60000000001492,138.69999999999871,1285.9749980296642));
#13588=IFCCARTESIANPOINT((655.60000000001492,138.69999999999871,1253.9801550852133));
#13589=IFCCARTESIANPOINT((653.60000000001492,136.69999999999871,1247.0375002253459));
#13590=IFCCARTESIANPOINT((653.60000000001492,136.69999999999871,1610.9750022534568));
#13591=IFCCARTESIANPOINT((655.60000000001492,138.69999999999871,1611.474998029664));
#13592=IFCCARTESIANPOINT((655.60000000001492,138.69999999999871,1570.7874990148318));
#13593=IFCCARTESIANPOINT((653.60000000001492,136.69999999999871,1570.5375020281112));
#13594=IFCCARTESIANPOINT((653.60000000001492,136.69999999999871,1449.2250013520741));
#13595=IFCCARTESIANPOINT((655.60000000001492,138.69999999999871,1448.7250019703356));
#13596=IFCCARTESIANPOINT((655.60000000001492,138.69999999999871,1408.0374990148321));
#13597=IFCCARTESIANPOINT((653.60000000001492,136.69999999999871,1408.7875011267283));
#13598=IFCCARTESIANPOINT((653.60000000001492,136.69999999999871,1813.1624997746535));
#13599=IFCCARTESIANPOINT((655.60000000001492,138.69999999999871,1814.9125009851673));
#13600=IFCCARTESIANPOINT((655.60000000001503,138.69999999999871,1794.5687495074153));
#13601=IFCCARTESIANPOINT((655.60000000001492,138.69999999999871,1229.2900795129422));
#13602=IFCCARTESIANPOINT((653.60000000001492,136.69999999999871,1226.8187483099071));
#13603=IFCCARTESIANPOINT((655.60000000001492,138.69999999999871,1830.9099204870572));
#13604=IFCCARTESIANPOINT((653.60000000001492,136.69999999999871,1833.3812480845606));
#13605=IFCCARTESIANPOINT((653.60000000001492,136.69999999999871,1327.9125006760371));
#13606=IFCCARTESIANPOINT((655.60000000001492,138.69999999999871,1326.6625009851675));
#13607=IFCCARTESIANPOINT((655.60000000001492,138.69999999999871,1306.318749507416));
#13608=IFCCARTESIANPOINT((653.60000000001492,136.69999999999871,1651.4125024788025));
#13609=IFCCARTESIANPOINT((655.60000000001492,138.69999999999871,1652.1625009851675));
#13610=IFCCARTESIANPOINT((655.60000000001492,138.69999999999871,1631.8187495074158));
#13611=IFCCARTESIANPOINT((655.60000000001503,138.69999999999871,1489.4125009851678));
#13612=IFCCARTESIANPOINT((653.60000000001492,136.69999999999871,1489.6625015774198));
#13613=IFCCARTESIANPOINT((653.60000000001492,136.69999999999871,1509.8812534928588));
#13614=IFCCARTESIANPOINT((655.60000000001492,138.69999999999871,1216.9450397564713));
#13615=IFCCARTESIANPOINT((655.60000000001492,138.69999999999871,1843.2549602435283));
#13616=IFCCARTESIANPOINT((653.60000000001492,136.69999999999871,1218.9450382774019));
#13617=IFCCARTESIANPOINT((655.0574208543652,137.33035608521473,1222.8818951160192));
#13618=IFCCARTESIANPOINT((653.60000000001492,136.69999999999871,1236.9281260703924));
#13619=IFCCARTESIANPOINT((655.60000000001503,138.69999999999871,1241.6351153287421));
#13620=IFCCARTESIANPOINT((654.95657429166852,137.23040611350339,1241.9828135320956));
#13621=IFCCARTESIANPOINT((653.60000000001492,136.69999999999871,1841.2549581170656));
#13622=IFCCARTESIANPOINT((655.05742089585215,137.33035612936038,1837.3181053491564));
#13623=IFCCARTESIANPOINT((654.93258199645447,137.20861633951247,1823.0430914942617));
#13624=IFCCARTESIANPOINT((653.60000000001492,136.69999999999871,1267.2562521407845));
#13625=IFCCARTESIANPOINT((654.89120382287319,137.17265174637865,1254.3387305059532));
#13626=IFCCARTESIANPOINT((655.60000000001492,138.69999999999871,1269.9775745871032));
#13627=IFCCARTESIANPOINT((655.60000000001492,138.69999999999871,1591.1312504925834));
#13628=IFCCARTESIANPOINT((653.60000000001492,136.69999999999871,1590.7562539435501));
#13629=IFCCARTESIANPOINT((653.60000000001492,136.69999999999871,1550.3187501126727));
#13630=IFCCARTESIANPOINT((655.60000000001492,138.69999999999871,1550.4437475370801));
#13631=IFCCARTESIANPOINT((655.60000000001492,138.69999999999871,1469.0687495074158));
#13632=IFCCARTESIANPOINT((653.60000000001492,136.69999999999871,1469.4437496619814));
#13633=IFCCARTESIANPOINT((653.60000000001492,136.69999999999871,1712.0687510140554));
#13634=IFCCARTESIANPOINT((655.60000000001503,138.69999999999871,1713.1937514777512));
#13635=IFCCARTESIANPOINT((655.60000000001492,138.69999999999871,1387.6937514777517));
#13636=IFCCARTESIANPOINT((653.60000000001492,136.69999999999871,1388.5687492112897));
#13637=IFCCARTESIANPOINT((653.60000000001492,136.69999999999871,1429.0062530421674));
#13638=IFCCARTESIANPOINT((655.60000000001492,138.69999999999871,1428.3812504925838));
#13639=IFCCARTESIANPOINT((653.60000000001492,136.69999999999871,1348.1312525914759));
#13640=IFCCARTESIANPOINT((655.60000000001503,138.69999999999871,1347.0062485222484));
#13641=IFCCARTESIANPOINT((655.60000000001492,138.69999999999871,1672.5062485222479));
#13642=IFCCARTESIANPOINT((653.60000000001492,136.69999999999871,1671.6312543942415));
#13643=IFCCARTESIANPOINT((653.60000000001492,136.69999999999871,1752.5062548449328));
#13644=IFCCARTESIANPOINT((655.60000000001492,138.69999999999871,1753.8812504925836));
#13645=IFCCARTESIANPOINT((654.95468567256557,137.22866498424398,1277.9762919349555));
#13646=IFCCARTESIANPOINT((653.60000000001492,136.69999999999871,1257.1468743802993));
#13647=IFCCARTESIANPOINT((655.03253156383175,137.30434484249432,1289.4900299604772));
#13648=IFCCARTESIANPOINT((653.60000000001492,136.69999999999871,1307.6937487605985));
#13649=IFCCARTESIANPOINT((653.60000000001492,136.69999999999871,1297.5843746056451));
#13650=IFCCARTESIANPOINT((654.98726730177862,137.25934409609334,1302.6390648874117));
#13651=IFCCARTESIANPOINT((655.00410844771181,137.27575301751764,1317.2975330334759));
#13652=IFCCARTESIANPOINT((655.60000000001503,138.69999999999871,1296.1468717982045));
#13653=IFCCARTESIANPOINT((655.03889894614179,137.31091043383128,1266.5582654090601));
#13654=IFCCARTESIANPOINT((655.03293923932051,137.30476341201151,1811.6143726360938));
#13655=IFCCARTESIANPOINT((653.60000000001492,136.69999999999871,1792.9437514647466));
#13656=IFCCARTESIANPOINT((653.60000000001492,136.69999999999871,1803.0531256197003));
#13657=IFCCARTESIANPOINT((654.98323724632519,137.25547422299786,1797.9984378350666));
#13658=IFCCARTESIANPOINT((655.00045486841134,137.27216031656616,1783.4198359236484));
#13659=IFCCARTESIANPOINT((655.60000000001492,138.69999999999871,1804.7406232759556));
#13660=IFCCARTESIANPOINT((653.60000000001492,136.69999999999871,1631.1937505633639));
#13661=IFCCARTESIANPOINT((654.98673208573916,137.25882890591481,1641.3031261682622));
#13662=IFCCARTESIANPOINT((655.60000000001492,138.69999999999871,1509.7562524629193));
#13663=IFCCARTESIANPOINT((653.60000000001492,136.69999999999871,1823.2718739296072));
#13664=IFCCARTESIANPOINT((655.03609560000484,137.30801241826896,1601.3031264756296));
#13665=IFCCARTESIANPOINT((655.03076061356296,137.30252940398623,1580.9593765941497));
#13666=IFCCARTESIANPOINT((655.01421362395206,137.28578649918967,1540.2093766956516));
#13667=IFCCARTESIANPOINT((655.00861944089183,137.2802143574514,1560.4281265915524));
#13668=IFCCARTESIANPOINT((655.03609560572738,137.30801242417292,1458.8968772829912));
#13669=IFCCARTESIANPOINT((655.00307333697003,137.27473328421337,1479.5531269984797));
#13670=IFCCARTESIANPOINT((654.97085449628855,137.24371776428811,1701.9593758466253));
#13671=IFCCARTESIANPOINT((654.96566882674597,137.23885365014354,1722.1781257389493));
#13672=IFCCARTESIANPOINT((655.05655163511403,137.32943174767041,1377.5218776677007));
#13673=IFCCARTESIANPOINT((654.98138696939805,137.25370471866145,1398.6781273550905));
#13674=IFCCARTESIANPOINT((654.9921287999573,137.26404129433513,1439.115627187655));
#13675=IFCCARTESIANPOINT((655.04649896337605,137.31882631468775,1418.2093774912641));
#13676=IFCCARTESIANPOINT((654.9708545316073,137.24371779753488,1358.2406274734283));
#13677=IFCCARTESIANPOINT((655.06625933011594,137.33982222599565,1336.8343777655705));
#13678=IFCCARTESIANPOINT((655.05655162033122,137.32943173196034,1682.6781259968836));
#13679=IFCCARTESIANPOINT((655.05156876152637,137.32415548458135,1662.3343761170997));
#13680=IFCCARTESIANPOINT((654.96053790389328,137.23407482724591,1742.3968756311012));
#13681=IFCCARTESIANPOINT((654.9554624950058,137.22938059829315,1762.6156255231065));
#13682=IFCCARTESIANPOINT((653.60000000001492,136.69999999999871,1277.3656262957381));
#13683=IFCCARTESIANPOINT((655.60000000001503,138.69999999999871,1316.4906272166279));
#13684=IFCCARTESIANPOINT((653.60000000001492,136.69999999999871,1317.8031265210834));
#13685=IFCCARTESIANPOINT((655.60000000001492,138.69999999999871,1784.3968757388752));
#13686=IFCCARTESIANPOINT((653.60000000001492,136.69999999999871,1782.8343773097934));
#13687=IFCCARTESIANPOINT((655.04134147038781,137.31344500080698,1621.6468763565467));
#13688=IFCCARTESIANPOINT((653.60000000001492,136.69999999999871,1641.3031283238495));
#13689=IFCCARTESIANPOINT((655.60000000001492,138.69999999999871,1641.9906272166272));
#13690=IFCCARTESIANPOINT((655.01421363918644,137.28578651442399,1519.9906267983961));
#13691=IFCCARTESIANPOINT((655.02533577690565,137.29699681998974,1499.5843770597564));
#13692=IFCCARTESIANPOINT((655.60000000001492,138.69999999999871,1601.3031242611239));
#13693=IFCCARTESIANPOINT((653.60000000001492,136.69999999999871,1600.8656280985035));
#13694=IFCCARTESIANPOINT((655.60000000001492,138.69999999999871,1580.9593767240435));
#13695=IFCCARTESIANPOINT((653.60000000001492,136.69999999999871,1580.6468761830647));
#13696=IFCCARTESIANPOINT((654.91694779631518,137.19479287079022,1591.1343088243968));
#13697=IFCCARTESIANPOINT((653.60000000001492,136.69999999999871,1540.209375957719));
#13698=IFCCARTESIANPOINT((655.60000000001492,138.69999999999871,1540.27187376854));
#13699=IFCCARTESIANPOINT((653.60000000001492,136.69999999999871,1560.428127873158));
#13700=IFCCARTESIANPOINT((654.92514271627886,137.2020024093689,1570.703838695443));
#13701=IFCCARTESIANPOINT((655.60000000001492,138.69999999999871,1560.6156213056202));
#13702=IFCCARTESIANPOINT((655.11135417753894,137.39011124514928,1550.3216486704321));
#13703=IFCCARTESIANPOINT((655.60000000001492,138.69999999999871,1458.8968757388757));
#13704=IFCCARTESIANPOINT((653.60000000001492,136.69999999999871,1459.3343755070275));
#13705=IFCCARTESIANPOINT((653.60000000001492,136.69999999999871,1479.5531274224666));
#13706=IFCCARTESIANPOINT((655.60000000001503,138.69999999999871,1479.2406232759561));
#13707=IFCCARTESIANPOINT((655.09334660909894,137.36961813559384,1469.2373607625004));
#13708=IFCCARTESIANPOINT((653.60000000001492,136.69999999999871,1701.9593768591019));
#13709=IFCCARTESIANPOINT((655.60000000001492,138.69999999999871,1703.0218777092111));
#13710=IFCCARTESIANPOINT((653.60000000001492,136.69999999999871,1722.1781287745409));
#13711=IFCCARTESIANPOINT((655.60000000001492,138.69999999999871,1723.3656252462915));
#13712=IFCCARTESIANPOINT((655.11202503786683,137.39088568684303,1712.0724463257363));
#13713=IFCCARTESIANPOINT((655.60000000001492,138.69999999999871,1377.5218777092116));
#13714=IFCCARTESIANPOINT((653.60000000001492,136.69999999999871,1378.4593750563363));
#13715=IFCCARTESIANPOINT((653.60000000001492,136.69999999999871,1398.6781269717751));
#13716=IFCCARTESIANPOINT((655.60000000001492,138.69999999999871,1397.8656252462918));
#13717=IFCCARTESIANPOINT((655.07132194348378,137.34530012967062,1388.1191635162818));
#13718=IFCCARTESIANPOINT((653.60000000001492,136.69999999999871,1439.1156271971208));
#13719=IFCCARTESIANPOINT((655.60000000001492,138.69999999999871,1438.5531282017953));
#13720=IFCCARTESIANPOINT((655.60000000001492,138.69999999999871,1418.2093727833721));
#13721=IFCCARTESIANPOINT((653.60000000001492,136.69999999999871,1418.896875281682));
#13722=IFCCARTESIANPOINT((654.94304504534796,137.21803171214424,1428.6427112856059));
#13723=IFCCARTESIANPOINT((653.60000000001492,136.69999999999871,1358.2406267464294));
#13724=IFCCARTESIANPOINT((655.60000000001492,138.69999999999871,1357.1781222907885));
#13725=IFCCARTESIANPOINT((655.60000000001492,138.69999999999871,1336.8343747537078));
#13726=IFCCARTESIANPOINT((653.60000000001492,136.69999999999871,1338.0218748309906));
#13727=IFCCARTESIANPOINT((654.96695238068889,137.2400543883509,1347.5140937420997));
#13728=IFCCARTESIANPOINT((655.60000000001492,138.69999999999871,1682.678122290788));
#13729=IFCCARTESIANPOINT((653.60000000001492,136.69999999999871,1681.740628549195));
#13730=IFCCARTESIANPOINT((655.60000000001492,138.69999999999871,1662.3343747537076));
#13731=IFCCARTESIANPOINT((655.0768980648744,137.35138140824844,1651.8003126666038));
#13732=IFCCARTESIANPOINT((653.60000000001492,136.69999999999871,1661.5218766337562));
#13733=IFCCARTESIANPOINT((654.91649565168336,137.19439739667402,1672.5097006398112));
#13734=IFCCARTESIANPOINT((653.60000000001492,136.69999999999871,1742.3968770844476));
#13735=IFCCARTESIANPOINT((655.60000000001503,138.69999999999871,1743.7093727833719));
#13736=IFCCARTESIANPOINT((655.11259507984823,137.39154437428425,1732.2912844212408));
#13737=IFCCARTESIANPOINT((653.60000000001492,136.69999999999871,1762.6156289998862));
#13738=IFCCARTESIANPOINT((654.93580361946351,137.21150119574392,1773.0264361418951));
#13739=IFCCARTESIANPOINT((655.60000000001503,138.69999999999871,1764.0531282017948));
#13740=IFCCARTESIANPOINT((655.11327113543462,137.39232631336827,1752.5101197280092));
#13741=IFCCARTESIANPOINT((655.60000000001492,138.69999999999871,1621.6468717982043));
#13742=IFCCARTESIANPOINT((655.10805719808798,137.38631682383331,1611.4730734091049));
#13743=IFCCARTESIANPOINT((653.60000000001492,136.69999999999871,1621.0843764084104));
#13744=IFCCARTESIANPOINT((653.60000000001492,136.69999999999871,1519.9906276478123));
#13745=IFCCARTESIANPOINT((654.90968139167637,137.18846612597028,1530.1000017362583));
#13746=IFCCARTESIANPOINT((655.60000000001503,138.69999999999871,1519.9281262314596));
#13747=IFCCARTESIANPOINT((655.60000000001492,138.69999999999871,1499.5843786943792));
#13748=IFCCARTESIANPOINT((653.60000000001492,136.69999999999871,1499.7718757323732));
#13749=IFCCARTESIANPOINT((654.91918205017146,137.19675061332165,1509.7820895612581));
#13750=IFCCARTESIANPOINT((655.60000000001492,142.69999999999874,1204.6000000000001));
#13751=IFCCARTESIANPOINT((655.60000000001492,142.69999999999874,1855.5999999999995));
#13752=IFCCARTESIANPOINT((520.60000000001457,162.69999999999823,1847.5999999999992));
#13753=IFCCARTESIANPOINT((520.60000000001469,142.69999999999825,1847.5999999999992));
#13754=IFCCARTESIANPOINT((532.6000000000148,141.6999999999982,1835.599999999999));
#13755=IFCCARTESIANPOINT((532.60000000001492,162.6999999999982,1835.599999999999));
#13756=IFCCARTESIANPOINT((527.60000000001492,136.69999999999823,1840.5999999999992));
#13757=IFCCARTESIANPOINT((531.13553390594768,138.16446609406569,1837.0644660940663));
#13758=IFCCARTESIANPOINT((571.63844396135005,141.69999999999837,1835.5999999999992));
#13759=IFCCARTESIANPOINT((584.09999942297588,136.69999999999843,1840.5999999999992));
#13760=IFCCARTESIANPOINT((596.56155676077969,141.69999999999845,1835.5999999999992));
#13761=IFCCARTESIANPOINT((584.09999759444167,138.30520179476011,1836.9291220197729));
#13762=IFCCARTESIANPOINT((601.56155629555337,136.69999999999845,1840.5999999999992));
#13763=IFCCARTESIANPOINT((566.63844370447634,136.69999999999837,1840.5999999999992));
#13764=IFCCARTESIANPOINT((610.69797862005328,138.70661413130532,1836.5950479352291));
#13765=IFCCARTESIANPOINT((557.50201821375651,138.7066141866346,1836.5950478938746));
#13766=IFCCARTESIANPOINT((512.6000000000148,138.69999999999825,1855.5999999999995));
#13767=IFCCARTESIANPOINT((513.18578643764181,137.28578643762506,1855.0142135623723));
#13768=IFCCARTESIANPOINT((514.60000000001469,136.69999999999825,1853.5999999999992));
#13769=IFCCARTESIANPOINT((563.98015894563071,136.69999999999843,1853.5999999999992));
#13770=IFCCARTESIANPOINT((584.10000050722397,138.69999999999848,1855.5999999999995));
#13771=IFCCARTESIANPOINT((606.21984074643831,138.69999999999854,1855.5999999999995));
#13772=IFCCARTESIANPOINT((548.34999974641028,138.69999999999837,1855.5999999999995));
#13773=IFCCARTESIANPOINT((608.79007887221212,136.69999999999857,1853.5999999999992));
#13774=IFCCARTESIANPOINT((586.38511830831067,136.69999999999851,1853.5999999999992));
#13775=IFCCARTESIANPOINT((539.2900800734335,136.69999999999834,1853.5999999999992));
#13776=IFCCARTESIANPOINT((630.90992037322656,138.69999999999865,1855.5999999999995));
#13777=IFCCARTESIANPOINT((631.19503943611346,136.69999999999865,1853.5999999999992));
#13778=IFCCARTESIANPOINT((619.99255915416279,136.6999999999986,1853.5999999999992));
#13779=IFCCARTESIANPOINT((537.29007962680316,138.69999999999831,1855.5999999999995));
#13780=IFCCARTESIANPOINT((526.94504003672409,136.69999999999831,1853.5999999999992));
#13781=IFCCARTESIANPOINT((643.25496018662068,138.69999999999868,1855.5999999999992));
#13782=IFCCARTESIANPOINT((618.56488055983243,138.6999999999986,1855.5999999999995));
#13783=IFCCARTESIANPOINT((524.94503981340904,138.69999999999828,1855.5999999999995));
#13784=IFCCARTESIANPOINT((641.25495996330551,136.69999999999868,1853.5999999999992));
#13785=IFCCARTESIANPOINT((636.22499955696514,137.29235803924939,1855.0207547678385));
#13786=IFCCARTESIANPOINT((542.82003941438541,137.32663221252761,1855.0539122808257));
#13787=IFCCARTESIANPOINT((566.22500012681712,138.69999999999843,1855.5999999999995));
#13788=IFCCARTESIANPOINT((575.18263802636,136.69999999999845,1853.5999999999992));
#13789=IFCCARTESIANPOINT((556.461438904342,137.30652882198541,1855.0346560828452));
#13790=IFCCARTESIANPOINT((614.39131865860134,137.25510861720019,1854.9828553401976));
#13791=IFCCARTESIANPOINT((569.58139807008411,137.24180206265123,1854.9688165602133));
#13792=IFCCARTESIANPOINT((601.73506627162999,137.22141709040764,1854.9467711681884));
#13793=IFCCARTESIANPOINT((551.63511890892141,136.6999999999984,1853.5999999999992));
#13794=IFCCARTESIANPOINT((625.2773542012925,137.4595102180584,1855.1688164650143));
#13795=IFCCARTESIANPOINT((595.15992062683108,138.69999999999851,1855.5999999999995));
#13796=IFCCARTESIANPOINT((589.62995939974394,137.33105277055677,1855.0580752665765));
#13797=IFCCARTESIANPOINT((597.58759859026134,136.69999999999854,1853.5999999999992));
#13798=IFCCARTESIANPOINT((524.49990166455734,137.27299569206102,1855.0013060711801));
#13799=IFCCARTESIANPOINT((512.60000000001469,142.69999999999828,1855.5999999999995));
#13800=IFCCARTESIANPOINT((520.60000000001457,162.69999999999823,1212.6000000000001));
#13801=IFCCARTESIANPOINT((520.60000000001446,142.69999999999825,1212.5999999999999));
#13802=IFCCARTESIANPOINT((532.6000000000148,141.6999999999982,1224.6000000000004));
#13803=IFCCARTESIANPOINT((532.60000000001492,162.6999999999982,1224.6000000000004));
#13804=IFCCARTESIANPOINT((527.6000000000148,136.69999999999823,1219.6000000000001));
#13805=IFCCARTESIANPOINT((531.13553390594757,138.16446609406546,1223.135533905933));
#13806=IFCCARTESIANPOINT((527.6000000000148,136.69999999999823,1528.2924570015737));
#13807=IFCCARTESIANPOINT((527.60000000001492,136.69999999999823,1684.4462360016496));
#13808=IFCCARTESIANPOINT((527.6000000000148,136.69999999999823,1375.7537639983498));
#13809=IFCCARTESIANPOINT((532.60000000001492,141.69999999999825,1530.0999981954583));
#13810=IFCCARTESIANPOINT((532.60000000001492,141.69999999999825,1682.8499990977284));
#13811=IFCCARTESIANPOINT((532.60000000001492,141.69999999999825,1377.3499972931879));
#13812=IFCCARTESIANPOINT((527.6000000000148,136.69999999999823,1297.6768895000382));
#13813=IFCCARTESIANPOINT((532.60000000001492,141.69999999999825,1300.9749968420529));
#13814=IFCCARTESIANPOINT((532.60000000001492,141.69999999999825,1263.6384425686263));
#13815=IFCCARTESIANPOINT((527.60000000001492,136.69999999999823,1762.5231104999614));
#13816=IFCCARTESIANPOINT((532.60000000001492,141.69999999999825,1759.2249995488639));
#13817=IFCCARTESIANPOINT((532.60000000001492,141.69999999999825,1721.0374993232963));
#13818=IFCCARTESIANPOINT((527.60000000001492,136.69999999999823,1801.5615627508434));
#13819=IFCCARTESIANPOINT((532.60000000001492,141.69999999999825,1606.4749986465933));
#13820=IFCCARTESIANPOINT((527.60000000001492,136.69999999999823,1606.3693465016115));
#13821=IFCCARTESIANPOINT((527.60000000001492,136.69999999999823,1645.4077837507675));
#13822=IFCCARTESIANPOINT((527.6000000000148,136.69999999999823,1452.0231104999618));
#13823=IFCCARTESIANPOINT((532.6000000000148,141.69999999999825,1453.7249977443232));
#13824=IFCCARTESIANPOINT((532.60000000001492,141.69999999999825,1415.5374975187553));
#13825=IFCCARTESIANPOINT((527.6000000000148,136.69999999999823,1258.6384372491561));
#13826=IFCCARTESIANPOINT((532.60000000001492,141.69999999999825,1797.4124997744314));
#13827=IFCCARTESIANPOINT((527.60000000001492,136.69999999999823,1723.4846732508054));
#13828=IFCCARTESIANPOINT((527.6000000000148,136.69999999999823,1413.8884372491559));
#13829=IFCCARTESIANPOINT((531.0816344261375,138.11137606834455,1432.9557758317064));
#13830=IFCCARTESIANPOINT((531.17135376364615,138.20065259012352,1402.4353941568647));
#13831=IFCCARTESIANPOINT((531.1061820867011,138.13535595395376,1462.532720883067));
#13832=IFCCARTESIANPOINT((532.60000000001492,141.69999999999825,1491.9124979698909));
#13833=IFCCARTESIANPOINT((527.6000000000148,136.69999999999823,1490.1577837507675));
#13834=IFCCARTESIANPOINT((531.23392892007405,138.26567901850018,1282.3067207761833));
#13835=IFCCARTESIANPOINT((527.6000000000148,136.69999999999823,1336.715326749194));
#13836=IFCCARTESIANPOINT((531.04991057950576,138.08086792261875,1313.7537751866223));
#13837=IFCCARTESIANPOINT((532.6000000000148,141.69999999999825,1339.1624970676203));
#13838=IFCCARTESIANPOINT((531.20607815065614,138.23644685741939,1253.1231325353478));
#13839=IFCCARTESIANPOINT((531.18708348317352,138.21677849041112,1701.9437451184281));
#13840=IFCCARTESIANPOINT((531.10076513844115,138.13003593217078,1671.4587409353101));
#13841=IFCCARTESIANPOINT((532.60000000001492,141.69999999999825,1644.662498872161));
#13842=IFCCARTESIANPOINT((531.13193456613374,138.16087041482405,1625.5687458557611));
#13843=IFCCARTESIANPOINT((531.17489378509299,138.20426911427356,1731.3567869532997));
#13844=IFCCARTESIANPOINT((531.13756545153728,138.16649880766857,1595.6065712284142));
#13845=IFCCARTESIANPOINT((527.6000000000148,136.69999999999823,1567.3309092524555));
#13846=IFCCARTESIANPOINT((532.60000000001492,141.69999999999825,1568.2874984210259));
#13847=IFCCARTESIANPOINT((531.16705850345033,138.19627432108607,1549.1937466162444));
#13848=IFCCARTESIANPOINT((531.16608213090512,138.19528057674253,1519.6508930276873));
#13849=IFCCARTESIANPOINT((531.18708352175554,138.21677853014359,1358.2562485233909));
#13850=IFCCARTESIANPOINT((531.23635203023821,138.26824477675012,1778.3187447496846));
#13851=IFCCARTESIANPOINT((531.19379477104815,138.22370324285947,1807.4498803138642));
#13852=IFCCARTESIANPOINT((531.13722817849555,138.16616117891962,1490.492030595766));
#13853=IFCCARTESIANPOINT((512.6000000000148,138.69999999999825,1204.6000000000004));
#13854=IFCCARTESIANPOINT((513.18578643764181,137.28578643762512,1205.1857864376273));
#13855=IFCCARTESIANPOINT((514.6000000000148,136.69999999999825,1206.6000000000001));
#13856=IFCCARTESIANPOINT((512.6000000000148,138.69999999999825,1530.0999999999997));
#13857=IFCCARTESIANPOINT((512.6000000000148,138.69999999999825,1692.8499999999997));
#13858=IFCCARTESIANPOINT((512.6000000000148,138.69999999999825,1367.3500000000001));
#13859=IFCCARTESIANPOINT((514.6000000000148,136.69999999999825,1530.0999999999997));
#13860=IFCCARTESIANPOINT((514.6000000000148,136.69999999999825,1691.8499981972332));
#13861=IFCCARTESIANPOINT((514.6000000000148,136.69999999999825,1368.3500018027664));
#13862=IFCCARTESIANPOINT((514.6000000000148,136.69999999999825,1287.4750027041496));
#13863=IFCCARTESIANPOINT((512.6000000000148,138.69999999999825,1285.9750019703358));
#13864=IFCCARTESIANPOINT((512.6000000000148,138.69999999999825,1326.6625009851682));
#13865=IFCCARTESIANPOINT((514.6000000000148,136.69999999999825,1327.9125022534581));
#13866=IFCCARTESIANPOINT((514.6000000000148,136.69999999999825,1772.7249972958498));
#13867=IFCCARTESIANPOINT((512.6000000000148,138.69999999999825,1774.2249980296638));
#13868=IFCCARTESIANPOINT((512.6000000000148,138.69999999999825,1806.2198449147866));
#13869=IFCCARTESIANPOINT((514.6000000000148,136.69999999999825,1813.1624968451583));
#13870=IFCCARTESIANPOINT((514.6000000000148,136.69999999999825,1449.2250009013833));
#13871=IFCCARTESIANPOINT((512.6000000000148,138.69999999999825,1448.7249980296644));
#13872=IFCCARTESIANPOINT((512.6000000000148,138.69999999999825,1489.412500985168));
#13873=IFCCARTESIANPOINT((514.6000000000148,136.69999999999825,1489.6625004506911));
#13874=IFCCARTESIANPOINT((514.6000000000148,136.69999999999825,1610.9749990986165));
#13875=IFCCARTESIANPOINT((512.6000000000148,138.69999999999825,1611.4750019703354));
#13876=IFCCARTESIANPOINT((512.6000000000148,138.69999999999825,1652.1625009851675));
#13877=IFCCARTESIANPOINT((514.6000000000148,136.69999999999825,1651.4124986479248));
#13878=IFCCARTESIANPOINT((514.6000000000148,136.69999999999825,1247.0375031548413));
#13879=IFCCARTESIANPOINT((512.6000000000148,138.69999999999825,1245.2874990148325));
#13880=IFCCARTESIANPOINT((512.6000000000148,138.69999999999825,1265.6312504925841));
#13881=IFCCARTESIANPOINT((512.60000000001492,138.69999999999825,1830.9099244277286));
#13882=IFCCARTESIANPOINT((514.6000000000148,136.69999999999825,1833.381250225345));
#13883=IFCCARTESIANPOINT((512.6000000000148,138.69999999999825,1229.2900795129426));
#13884=IFCCARTESIANPOINT((514.6000000000148,136.69999999999825,1226.8187497746544));
#13885=IFCCARTESIANPOINT((514.6000000000148,136.69999999999825,1732.2874977465417));
#13886=IFCCARTESIANPOINT((512.6000000000148,138.69999999999825,1733.5374990148316));
#13887=IFCCARTESIANPOINT((512.6000000000148,138.69999999999825,1753.8812504925836));
#13888=IFCCARTESIANPOINT((514.6000000000148,136.69999999999825,1408.7875013520747));
#13889=IFCCARTESIANPOINT((512.6000000000148,138.69999999999825,1408.0374990148323));
#13890=IFCCARTESIANPOINT((512.6000000000148,138.69999999999825,1428.3812504925838));
#13891=IFCCARTESIANPOINT((512.6000000000148,138.69999999999825,1570.7874990148321));
#13892=IFCCARTESIANPOINT((514.6000000000148,136.69999999999825,1570.537499549308));
#13893=IFCCARTESIANPOINT((514.6000000000148,136.69999999999825,1550.318749774654));
#13894=IFCCARTESIANPOINT((512.6000000000148,138.69999999999825,1843.2549602435283));
#13895=IFCCARTESIANPOINT((512.6000000000148,138.69999999999825,1216.9450397564715));
#13896=IFCCARTESIANPOINT((514.6000000000148,136.69999999999825,1841.25496223235));
#13897=IFCCARTESIANPOINT((513.14257914566451,137.33035608521428,1837.3181048839804));
#13898=IFCCARTESIANPOINT((514.6000000000148,136.69999999999825,1823.2718735352516));
#13899=IFCCARTESIANPOINT((512.6000000000148,138.69999999999825,1818.5648846712575));
#13900=IFCCARTESIANPOINT((513.2434257083612,137.23040611350294,1818.2171864679037));
#13901=IFCCARTESIANPOINT((514.6000000000148,136.69999999999825,1218.9450377676494));
#13902=IFCCARTESIANPOINT((513.14257910417768,137.33035612935996,1222.8818946508429));
#13903=IFCCARTESIANPOINT((513.26741800357536,137.20861633951202,1237.1569085057376));
#13904=IFCCARTESIANPOINT((514.6000000000148,136.69999999999825,1792.9437470705041));
#13905=IFCCARTESIANPOINT((513.30879617715664,137.17265174637819,1805.8612694940464));
#13906=IFCCARTESIANPOINT((512.6000000000148,138.69999999999825,1790.2224214722255));
#13907=IFCCARTESIANPOINT((512.6000000000148,138.69999999999825,1469.0687495074162));
#13908=IFCCARTESIANPOINT((514.6000000000148,136.69999999999825,1469.4437506760371));
#13909=IFCCARTESIANPOINT((514.6000000000148,136.69999999999825,1509.8812502253454));
#13910=IFCCARTESIANPOINT((512.6000000000148,138.69999999999825,1509.7562485222481));
#13911=IFCCARTESIANPOINT((512.6000000000148,138.69999999999825,1591.1312504925838));
#13912=IFCCARTESIANPOINT((514.6000000000148,136.69999999999825,1590.7562493239623));
#13913=IFCCARTESIANPOINT((514.6000000000148,136.69999999999825,1348.1312520281122));
#13914=IFCCARTESIANPOINT((512.6000000000148,138.69999999999825,1347.0062524629197));
#13915=IFCCARTESIANPOINT((512.6000000000148,138.69999999999825,1672.5062524629195));
#13916=IFCCARTESIANPOINT((514.6000000000148,136.69999999999825,1671.6312484225789));
#13917=IFCCARTESIANPOINT((514.6000000000148,136.69999999999825,1631.1937488732706));
#13918=IFCCARTESIANPOINT((512.6000000000148,138.69999999999825,1631.8187495074155));
#13919=IFCCARTESIANPOINT((514.6000000000148,136.69999999999825,1712.0687479718872));
#13920=IFCCARTESIANPOINT((512.6000000000148,138.69999999999825,1713.1937475370801));
#13921=IFCCARTESIANPOINT((512.6000000000148,138.69999999999825,1387.6937475370805));
#13922=IFCCARTESIANPOINT((514.6000000000148,136.69999999999825,1388.5687515774207));
#13923=IFCCARTESIANPOINT((514.6000000000148,136.69999999999825,1307.6937524788038));
#13924=IFCCARTESIANPOINT((512.6000000000148,138.69999999999825,1306.3187495074164));
#13925=IFCCARTESIANPOINT((513.24531432746414,137.22866498424355,1782.2237080650439));
#13926=IFCCARTESIANPOINT((514.6000000000148,136.69999999999825,1803.0531237605976));
#13927=IFCCARTESIANPOINT((513.16746843619808,137.30434484249386,1770.7099700395224));
#13928=IFCCARTESIANPOINT((514.6000000000148,136.69999999999825,1752.5062475211957));
#13929=IFCCARTESIANPOINT((514.6000000000148,136.69999999999825,1762.6156242112891));
#13930=IFCCARTESIANPOINT((513.21273269825122,137.25934409609289,1757.5609351125879));
#13931=IFCCARTESIANPOINT((513.19589155231802,137.27575301751722,1742.9024669665237));
#13932=IFCCARTESIANPOINT((512.6000000000148,138.69999999999825,1764.0531242611237));
#13933=IFCCARTESIANPOINT((513.16110105388805,137.31091043383083,1793.6417345909392));
#13934=IFCCARTESIANPOINT((513.16706076070921,137.30476341201108,1248.5856273639049));
#13935=IFCCARTESIANPOINT((514.6000000000148,136.69999999999825,1267.2562529294955));
#13936=IFCCARTESIANPOINT((514.6000000000148,136.69999999999825,1257.1468762394022));
#13937=IFCCARTESIANPOINT((513.21676275370453,137.25547422299744,1262.201562164933));
#13938=IFCCARTESIANPOINT((513.19954513161838,137.27216031656576,1276.7801640763512));
#13939=IFCCARTESIANPOINT((512.60000000001492,138.69999999999825,1255.4593727833728));
#13940=IFCCARTESIANPOINT((514.6000000000148,136.69999999999825,1429.0062511267286));
#13941=IFCCARTESIANPOINT((513.21326791429067,137.25882890591438,1418.8968738317374));
#13942=IFCCARTESIANPOINT((512.6000000000148,138.69999999999825,1550.4437514777517));
#13943=IFCCARTESIANPOINT((514.6000000000148,136.69999999999825,1236.9281264647479));
#13944=IFCCARTESIANPOINT((513.16390440002499,137.30801241826853,1458.8968735243702));
#13945=IFCCARTESIANPOINT((513.16923938646676,137.30252940398577,1479.2406234058501));
#13946=IFCCARTESIANPOINT((513.18578637607766,137.28578649918924,1519.990623304348));
#13947=IFCCARTESIANPOINT((513.19138055913788,137.28021435745097,1499.7718734084469));
#13948=IFCCARTESIANPOINT((513.16390439430245,137.30801242417246,1601.3031227170084));
#13949=IFCCARTESIANPOINT((513.19692666305968,137.27473328421294,1580.6468730015199));
#13950=IFCCARTESIANPOINT((513.22914550374117,137.24371776428768,1358.2406241533743));
#13951=IFCCARTESIANPOINT((513.23433117328386,137.23885365014314,1338.0218742610502));
#13952=IFCCARTESIANPOINT((513.1434483649158,137.32943174766999,1682.6781223322989));
#13953=IFCCARTESIANPOINT((513.21861303063167,137.253704718661,1661.5218726449089));
#13954=IFCCARTESIANPOINT((513.20787120007242,137.2640412943347,1621.0843728123441));
#13955=IFCCARTESIANPOINT((513.15350103665378,137.31882631468733,1641.9906225087354));
#13956=IFCCARTESIANPOINT((513.22914546842253,137.24371779753443,1701.9593725265711));
#13957=IFCCARTESIANPOINT((513.13374066991389,137.33982222599525,1723.3656222344291));
#13958=IFCCARTESIANPOINT((513.1434483796985,137.32943173195991,1377.5218740031162));
#13959=IFCCARTESIANPOINT((513.14843123850335,137.3241554845809,1397.8656238828999));
#13960=IFCCARTESIANPOINT((513.23946209613644,137.23407482724551,1317.8031243688981));
#13961=IFCCARTESIANPOINT((513.2445375050238,137.22938059829272,1297.5843744768927));
#13962=IFCCARTESIANPOINT((514.6000000000148,136.69999999999825,1782.8343703804103));
#13963=IFCCARTESIANPOINT((512.6000000000148,138.69999999999825,1743.7093767240433));
#13964=IFCCARTESIANPOINT((514.6000000000148,136.69999999999825,1742.3968708311022));
#13965=IFCCARTESIANPOINT((512.6000000000148,138.69999999999825,1275.8031282017957));
#13966=IFCCARTESIANPOINT((514.6000000000148,136.69999999999825,1277.3656296195888));
#13967=IFCCARTESIANPOINT((513.15865852964203,137.31344500080655,1438.5531236434529));
#13968=IFCCARTESIANPOINT((514.6000000000148,136.69999999999825,1418.8968744366355));
#13969=IFCCARTESIANPOINT((512.6000000000148,138.69999999999825,1418.209376724044));
#13970=IFCCARTESIANPOINT((513.18578636084339,137.28578651442356,1540.2093732016035));
#13971=IFCCARTESIANPOINT((513.17466422312418,137.29699681998932,1560.6156229402432));
#13972=IFCCARTESIANPOINT((512.6000000000148,138.69999999999825,1458.8968717982045));
#13973=IFCCARTESIANPOINT((514.6000000000148,136.69999999999825,1459.3343739859436));
#13974=IFCCARTESIANPOINT((512.6000000000148,138.69999999999825,1479.2406272166277));
#13975=IFCCARTESIANPOINT((514.6000000000148,136.69999999999825,1479.5531273661309));
#13976=IFCCARTESIANPOINT((513.28305220371465,137.19479287078983,1469.065691175603));
#13977=IFCCARTESIANPOINT((514.6000000000148,136.69999999999825,1519.9906269154392));
#13978=IFCCARTESIANPOINT((512.6000000000148,138.69999999999825,1519.9281222907885));
#13979=IFCCARTESIANPOINT((514.6000000000148,136.69999999999825,1499.7718735352521));
#13980=IFCCARTESIANPOINT((513.27485728375098,137.20200240936845,1489.4961613045564));
#13981=IFCCARTESIANPOINT((512.6000000000148,138.69999999999825,1499.5843747537081));
#13982=IFCCARTESIANPOINT((513.08864582249089,137.39011124514883,1509.8783513295671));
#13983=IFCCARTESIANPOINT((512.6000000000148,138.69999999999825,1601.3031282017951));
#13984=IFCCARTESIANPOINT((514.6000000000148,136.69999999999825,1600.8656260140558));
#13985=IFCCARTESIANPOINT((514.6000000000148,136.69999999999825,1580.6468726338687));
#13986=IFCCARTESIANPOINT((512.6000000000148,138.69999999999825,1580.9593727833721));
#13987=IFCCARTESIANPOINT((513.10665339093089,137.36961813559338,1590.9626392374989));
#13988=IFCCARTESIANPOINT((514.6000000000148,136.69999999999825,1358.2406287182055));
#13989=IFCCARTESIANPOINT((512.6000000000148,138.69999999999825,1357.1781262314598));
#13990=IFCCARTESIANPOINT((514.6000000000148,136.69999999999825,1338.0218753380186));
#13991=IFCCARTESIANPOINT((512.6000000000148,138.69999999999825,1336.8343786943797));
#13992=IFCCARTESIANPOINT((513.087974962163,137.39088568684258,1348.1275536742628));
#13993=IFCCARTESIANPOINT((512.6000000000148,138.69999999999825,1682.6781262314596));
#13994=IFCCARTESIANPOINT((514.6000000000148,136.69999999999825,1681.7406251126724));
#13995=IFCCARTESIANPOINT((514.6000000000148,136.69999999999825,1661.5218717324858));
#13996=IFCCARTESIANPOINT((512.6000000000148,138.69999999999825,1662.334378694379));
#13997=IFCCARTESIANPOINT((513.12867805654594,137.34530012967016,1672.0808364837176));
#13998=IFCCARTESIANPOINT((514.6000000000148,136.69999999999825,1621.0843721831773));
#13999=IFCCARTESIANPOINT((512.6000000000148,138.69999999999825,1621.6468757388755));
#14000=IFCCARTESIANPOINT((512.6000000000148,138.69999999999825,1641.9906232759558));
#14001=IFCCARTESIANPOINT((514.6000000000148,136.69999999999825,1641.3031255633643));
#14002=IFCCARTESIANPOINT((513.25695495468176,137.21803171214381,1631.5572887143937));
#14003=IFCCARTESIANPOINT((514.6000000000148,136.69999999999825,1701.9593712817937));
#14004=IFCCARTESIANPOINT((512.6000000000148,138.69999999999825,1703.02187376854));
#14005=IFCCARTESIANPOINT((512.6000000000148,138.69999999999825,1723.3656213056202));
#14006=IFCCARTESIANPOINT((514.6000000000148,136.69999999999825,1722.178124661981));
#14007=IFCCARTESIANPOINT((513.23304761934082,137.24005438835047,1712.6859062578997));
#14008=IFCCARTESIANPOINT((512.6000000000148,138.69999999999825,1377.5218737685402));
#14009=IFCCARTESIANPOINT((514.6000000000148,136.69999999999825,1378.4593748873269));
#14010=IFCCARTESIANPOINT((512.6000000000148,138.69999999999825,1397.8656213056206));
#14011=IFCCARTESIANPOINT((513.12310193515543,137.35138140824802,1408.3996873333958));
#14012=IFCCARTESIANPOINT((514.6000000000148,136.69999999999825,1398.678128267514));
#14013=IFCCARTESIANPOINT((513.28350434834636,137.19439739667362,1387.6902993601884));
#14014=IFCCARTESIANPOINT((514.6000000000148,136.69999999999825,1317.8031291688972));
#14015=IFCCARTESIANPOINT((512.6000000000148,138.69999999999825,1316.4906232759563));
#14016=IFCCARTESIANPOINT((513.08740492018148,137.3915443742838,1327.9087155787586));
#14017=IFCCARTESIANPOINT((514.6000000000148,136.69999999999825,1297.5843757887105));
#14018=IFCCARTESIANPOINT((513.26419638056609,137.21150119574355,1287.1735638581044));
#14019=IFCCARTESIANPOINT((512.6000000000148,138.69999999999825,1296.1468757388761));
#14020=IFCCARTESIANPOINT((513.08672886459522,137.39232631336782,1307.68988027199));
#14021=IFCCARTESIANPOINT((512.6000000000148,138.69999999999825,1438.5531242611244));
#14022=IFCCARTESIANPOINT((513.09194280194185,137.38631682383286,1448.7269265908949));
#14023=IFCCARTESIANPOINT((514.6000000000148,136.69999999999825,1439.1156278168223));
#14024=IFCCARTESIANPOINT((514.6000000000148,136.69999999999825,1540.2093730845604));
#14025=IFCCARTESIANPOINT((513.29031860835323,137.18846612596985,1530.0999982637409));
#14026=IFCCARTESIANPOINT((512.6000000000148,138.69999999999825,1540.2718777092114));
#14027=IFCCARTESIANPOINT((512.6000000000148,138.69999999999825,1560.6156252462918));
#14028=IFCCARTESIANPOINT((514.6000000000148,136.69999999999825,1560.4281264647475));
#14029=IFCCARTESIANPOINT((513.28081794985837,137.19675061332123,1550.4179104387415));
#14030=IFCCARTESIANPOINT((512.6000000000148,142.69999999999828,1204.6000000000004));
#14031=IFCCARTESIANPOINT((596.56155603867944,141.69999999999845,1224.6000000000001));
#14032=IFCCARTESIANPOINT((584.10000057705383,136.69999999999843,1219.6000000000001));
#14033=IFCCARTESIANPOINT((571.63844396135005,141.69999999999837,1224.6000000000001));
#14034=IFCCARTESIANPOINT((584.10000240558782,138.30520179476011,1223.2708779802265));
#14035=IFCCARTESIANPOINT((566.63844485855418,136.69999999999837,1219.6000000000001));
#14036=IFCCARTESIANPOINT((601.56155629555337,136.69999999999845,1219.6000000000001));
#14037=IFCCARTESIANPOINT((557.50202137997621,138.70661413130514,1223.6049520647705));
#14038=IFCCARTESIANPOINT((610.69798178627332,138.70661418663474,1223.604952106125));
#14039=IFCCARTESIANPOINT((604.21984105439878,136.69999999999857,1206.6000000000001));
#14040=IFCCARTESIANPOINT((584.1000000000148,138.69999999999848,1204.6000000000004));
#14041=IFCCARTESIANPOINT((561.98015929005714,138.69999999999843,1204.6000000000004));
#14042=IFCCARTESIANPOINT((619.85000050722385,138.6999999999986,1204.6000000000004));
#14043=IFCCARTESIANPOINT((559.4099211278176,136.69999999999843,1206.6000000000004));
#14044=IFCCARTESIANPOINT((581.81488169171894,136.69999999999851,1206.6000000000001));
#14045=IFCCARTESIANPOINT((628.90991992659622,136.69999999999862,1206.6000000000001));
#14046=IFCCARTESIANPOINT((537.29008015224508,138.69999999999834,1204.6000000000004));
#14047=IFCCARTESIANPOINT((537.00496056391614,136.69999999999834,1206.6000000000001));
#14048=IFCCARTESIANPOINT((548.20744084586681,136.69999999999837,1206.6000000000004));
#14049=IFCCARTESIANPOINT((630.90991984778464,138.69999999999862,1204.6000000000004));
#14050=IFCCARTESIANPOINT((641.2549599633054,136.69999999999868,1206.6000000000004));
#14051=IFCCARTESIANPOINT((524.94504007612989,138.69999999999831,1204.6000000000004));
#14052=IFCCARTESIANPOINT((549.63511921394206,138.69999999999837,1204.6000000000004));
#14053=IFCCARTESIANPOINT((643.25495992389972,138.69999999999868,1204.6000000000004));
#14054=IFCCARTESIANPOINT((526.94504003672421,136.69999999999831,1206.6000000000004));
#14055=IFCCARTESIANPOINT((531.97500044306457,137.29235803924905,1205.1792452321611));
#14056=IFCCARTESIANPOINT((625.37996058564443,137.32663221252787,1205.1460877191739));
#14057=IFCCARTESIANPOINT((601.97500076082849,138.69999999999854,1204.6000000000004));
#14058=IFCCARTESIANPOINT((593.01736197366961,136.69999999999854,1206.6000000000004));
#14059=IFCCARTESIANPOINT((611.7385610956876,137.30652882198558,1205.1653439171544));
#14060=IFCCARTESIANPOINT((553.80868134142838,137.25510861719999,1205.217144659802));
#14061=IFCCARTESIANPOINT((598.61860192994538,137.24180206265132,1205.2311834397863));
#14062=IFCCARTESIANPOINT((566.46493372839961,137.22141709040753,1205.2532288318112));
#14063=IFCCARTESIANPOINT((616.56488109110819,136.6999999999986,1206.6000000000004));
#14064=IFCCARTESIANPOINT((542.92264579873699,137.45951021805811,1205.0311835349855));
#14065=IFCCARTESIANPOINT((573.04007964503592,138.69999999999845,1204.6000000000004));
#14066=IFCCARTESIANPOINT((578.57004060028589,137.33105277055674,1205.1419247334234));
#14067=IFCCARTESIANPOINT((570.61240140976827,136.69999999999845,1206.6000000000004));
#14068=IFCCARTESIANPOINT((643.70009833547249,137.27299569206139,1205.1986939288195));
#14069=IFCPOLYLOOP((#13513,#13514,#13511,#13512));
#14070=IFCFACEOUTERBOUND(#14069,.T.);
#14071=IFCFACE((#14070));
#14072=IFCPOLYLOOP((#13518,#13515,#13543,#13533,#13534,#13527,#13558,#13536,#13563,#13526,#13549,#13540,#13541,#13528,#13554,#13530,#13531,#13516,#13517));
#14073=IFCFACEOUTERBOUND(#14072,.T.);
#14074=IFCFACE((#14073));
#14075=IFCPOLYLOOP((#13529,#13542,#13551));
#14076=IFCFACEOUTERBOUND(#14075,.T.);
#14077=IFCFACE((#14076));
#14078=IFCPOLYLOOP((#13556,#13560,#13544));
#14079=IFCFACEOUTERBOUND(#14078,.T.);
#14080=IFCFACE((#14079));
#14081=IFCPOLYLOOP((#13568,#13567,#13543));
#14082=IFCFACEOUTERBOUND(#14081,.T.);
#14083=IFCFACE((#14082));
#14084=IFCPOLYLOOP((#13551,#13553,#13529));
#14085=IFCFACEOUTERBOUND(#14084,.T.);
#14086=IFCFACE((#14085));
#14087=IFCPOLYLOOP((#13533,#13543,#13567));
#14088=IFCFACEOUTERBOUND(#14087,.T.);
#14089=IFCFACE((#14088));
#14090=IFCPOLYLOOP((#13547,#13546,#13545));
#14091=IFCFACEOUTERBOUND(#14090,.T.);
#14092=IFCFACE((#14091));
#14093=IFCPOLYLOOP((#13556,#13527,#13534));
#14094=IFCFACEOUTERBOUND(#14093,.T.);
#14095=IFCFACE((#14094));
#14096=IFCPOLYLOOP((#13559,#13538,#13537));
#14097=IFCFACEOUTERBOUND(#14096,.T.);
#14098=IFCFACE((#14097));
#14099=IFCPOLYLOOP((#13569,#13550,#13548));
#14100=IFCFACEOUTERBOUND(#14099,.T.);
#14101=IFCFACE((#14100));
#14102=IFCPOLYLOOP((#13561,#13564,#13563));
#14103=IFCFACEOUTERBOUND(#14102,.T.);
#14104=IFCFACE((#14103));
#14105=IFCPOLYLOOP((#13552,#13553,#13566));
#14106=IFCFACEOUTERBOUND(#14105,.T.);
#14107=IFCFACE((#14106));
#14108=IFCPOLYLOOP((#13521,#13516,#13555));
#14109=IFCFACEOUTERBOUND(#14108,.T.);
#14110=IFCFACE((#14109));
#14111=IFCPOLYLOOP((#13555,#13551,#13542));
#14112=IFCFACEOUTERBOUND(#14111,.T.);
#14113=IFCFACE((#14112));
#14114=IFCPOLYLOOP((#13535,#13567,#13568));
#14115=IFCFACEOUTERBOUND(#14114,.T.);
#14116=IFCFACE((#14115));
#14117=IFCPOLYLOOP((#13561,#13559,#13537));
#14118=IFCFACEOUTERBOUND(#14117,.T.);
#14119=IFCFACE((#14118));
#14120=IFCPOLYLOOP((#13556,#13534,#13560));
#14121=IFCFACEOUTERBOUND(#14120,.T.);
#14122=IFCFACE((#14121));
#14123=IFCPOLYLOOP((#13568,#13543,#13515));
#14124=IFCFACEOUTERBOUND(#14123,.T.);
#14125=IFCFACE((#14124));
#14126=IFCPOLYLOOP((#13568,#13522,#13519));
#14127=IFCFACEOUTERBOUND(#14126,.T.);
#14128=IFCFACE((#14127));
#14129=IFCPOLYLOOP((#13556,#13524,#13557));
#14130=IFCFACEOUTERBOUND(#14129,.T.);
#14131=IFCFACE((#14130));
#14132=IFCPOLYLOOP((#13558,#13557,#13559));
#14133=IFCFACEOUTERBOUND(#14132,.T.);
#14134=IFCFACE((#14133));
#14135=IFCPOLYLOOP((#13547,#13545,#13525));
#14136=IFCFACEOUTERBOUND(#14135,.T.);
#14137=IFCFACE((#14136));
#14138=IFCPOLYLOOP((#13548,#13546,#13540));
#14139=IFCFACEOUTERBOUND(#14138,.T.);
#14140=IFCFACE((#14139));
#14141=IFCPOLYLOOP((#13546,#13541,#13540));
#14142=IFCFACEOUTERBOUND(#14141,.T.);
#14143=IFCFACE((#14142));
#14144=IFCPOLYLOOP((#13555,#13542,#13520));
#14145=IFCFACEOUTERBOUND(#14144,.T.);
#14146=IFCFACE((#14145));
#14147=IFCPOLYLOOP((#13531,#13530,#13551));
#14148=IFCFACEOUTERBOUND(#14147,.T.);
#14149=IFCFACE((#14148));
#14150=IFCPOLYLOOP((#13548,#13539,#13546));
#14151=IFCFACEOUTERBOUND(#14150,.T.);
#14152=IFCFACE((#14151));
#14153=IFCPOLYLOOP((#13567,#13532,#13560));
#14154=IFCFACEOUTERBOUND(#14153,.T.);
#14155=IFCFACE((#14154));
#14156=IFCPOLYLOOP((#13545,#13546,#13539));
#14157=IFCFACEOUTERBOUND(#14156,.T.);
#14158=IFCFACE((#14157));
#14159=IFCPOLYLOOP((#13541,#13546,#13547));
#14160=IFCFACEOUTERBOUND(#14159,.T.);
#14161=IFCFACE((#14160));
#14162=IFCPOLYLOOP((#13547,#13528,#13541));
#14163=IFCFACEOUTERBOUND(#14162,.T.);
#14164=IFCFACE((#14163));
#14165=IFCPOLYLOOP((#13566,#13528,#13547));
#14166=IFCFACEOUTERBOUND(#14165,.T.);
#14167=IFCFACE((#14166));
#14168=IFCPOLYLOOP((#13565,#13523,#13550));
#14169=IFCFACEOUTERBOUND(#14168,.T.);
#14170=IFCFACE((#14169));
#14171=IFCPOLYLOOP((#13550,#13539,#13548));
#14172=IFCFACEOUTERBOUND(#14171,.T.);
#14173=IFCFACE((#14172));
#14174=IFCPOLYLOOP((#13565,#13564,#13523));
#14175=IFCFACEOUTERBOUND(#14174,.T.);
#14176=IFCFACE((#14175));
#14177=IFCPOLYLOOP((#13548,#13540,#13549));
#14178=IFCFACEOUTERBOUND(#14177,.T.);
#14179=IFCFACE((#14178));
#14180=IFCPOLYLOOP((#13555,#13531,#13551));
#14181=IFCFACEOUTERBOUND(#14180,.T.);
#14182=IFCFACE((#14181));
#14183=IFCPOLYLOOP((#13531,#13555,#13516));
#14184=IFCFACEOUTERBOUND(#14183,.T.);
#14185=IFCFACE((#14184));
#14186=IFCPOLYLOOP((#13530,#13553,#13551));
#14187=IFCFACEOUTERBOUND(#14186,.T.);
#14188=IFCFACE((#14187));
#14189=IFCPOLYLOOP((#13553,#13552,#13529));
#14190=IFCFACEOUTERBOUND(#14189,.T.);
#14191=IFCFACE((#14190));
#14192=IFCPOLYLOOP((#13566,#13554,#13528));
#14193=IFCFACEOUTERBOUND(#14192,.T.);
#14194=IFCFACE((#14193));
#14195=IFCPOLYLOOP((#13552,#13566,#13525));
#14196=IFCFACEOUTERBOUND(#14195,.T.);
#14197=IFCFACE((#14196));
#14198=IFCPOLYLOOP((#13553,#13530,#13554));
#14199=IFCFACEOUTERBOUND(#14198,.T.);
#14200=IFCFACE((#14199));
#14201=IFCPOLYLOOP((#13521,#13555,#13520));
#14202=IFCFACEOUTERBOUND(#14201,.T.);
#14203=IFCFACE((#14202));
#14204=IFCPOLYLOOP((#13527,#13556,#13557));
#14205=IFCFACEOUTERBOUND(#14204,.T.);
#14206=IFCFACE((#14205));
#14207=IFCPOLYLOOP((#13524,#13556,#13544));
#14208=IFCFACEOUTERBOUND(#14207,.T.);
#14209=IFCFACE((#14208));
#14210=IFCPOLYLOOP((#13561,#13536,#13559));
#14211=IFCFACEOUTERBOUND(#14210,.T.);
#14212=IFCFACE((#14211));
#14213=IFCPOLYLOOP((#13557,#13524,#13538));
#14214=IFCFACEOUTERBOUND(#14213,.T.);
#14215=IFCFACE((#14214));
#14216=IFCPOLYLOOP((#13558,#13527,#13557));
#14217=IFCFACEOUTERBOUND(#14216,.T.);
#14218=IFCFACE((#14217));
#14219=IFCPOLYLOOP((#13536,#13558,#13559));
#14220=IFCFACEOUTERBOUND(#14219,.T.);
#14221=IFCFACE((#14220));
#14222=IFCPOLYLOOP((#13538,#13559,#13557));
#14223=IFCFACEOUTERBOUND(#14222,.T.);
#14224=IFCFACE((#14223));
#14225=IFCPOLYLOOP((#13544,#13560,#13532));
#14226=IFCFACEOUTERBOUND(#14225,.T.);
#14227=IFCFACE((#14226));
#14228=IFCPOLYLOOP((#13560,#13534,#13533));
#14229=IFCFACEOUTERBOUND(#14228,.T.);
#14230=IFCFACE((#14229));
#14231=IFCPOLYLOOP((#13526,#13563,#13564));
#14232=IFCFACEOUTERBOUND(#14231,.T.);
#14233=IFCFACE((#14232));
#14234=IFCPOLYLOOP((#13563,#13536,#13561));
#14235=IFCFACEOUTERBOUND(#14234,.T.);
#14236=IFCFACE((#14235));
#14237=IFCPOLYLOOP((#13562,#13523,#13564));
#14238=IFCFACEOUTERBOUND(#14237,.T.);
#14239=IFCFACE((#14238));
#14240=IFCPOLYLOOP((#13561,#13537,#13562));
#14241=IFCFACEOUTERBOUND(#14240,.T.);
#14242=IFCFACE((#14241));
#14243=IFCPOLYLOOP((#13565,#13526,#13564));
#14244=IFCFACEOUTERBOUND(#14243,.T.);
#14245=IFCFACE((#14244));
#14246=IFCPOLYLOOP((#13562,#13564,#13561));
#14247=IFCFACEOUTERBOUND(#14246,.T.);
#14248=IFCFACE((#14247));
#14249=IFCPOLYLOOP((#13565,#13549,#13526));
#14250=IFCFACEOUTERBOUND(#14249,.T.);
#14251=IFCFACE((#14250));
#14252=IFCPOLYLOOP((#13569,#13549,#13565));
#14253=IFCFACEOUTERBOUND(#14252,.T.);
#14254=IFCFACE((#14253));
#14255=IFCPOLYLOOP((#13553,#13554,#13566));
#14256=IFCFACEOUTERBOUND(#14255,.T.);
#14257=IFCFACE((#14256));
#14258=IFCPOLYLOOP((#13525,#13566,#13547));
#14259=IFCFACEOUTERBOUND(#14258,.T.);
#14260=IFCFACE((#14259));
#14261=IFCPOLYLOOP((#13533,#13567,#13560));
#14262=IFCFACEOUTERBOUND(#14261,.T.);
#14263=IFCFACE((#14262));
#14264=IFCPOLYLOOP((#13532,#13567,#13535));
#14265=IFCFACEOUTERBOUND(#14264,.T.);
#14266=IFCFACE((#14265));
#14267=IFCPOLYLOOP((#13535,#13568,#13519));
#14268=IFCFACEOUTERBOUND(#14267,.T.);
#14269=IFCFACE((#14268));
#14270=IFCPOLYLOOP((#13522,#13568,#13515));
#14271=IFCFACEOUTERBOUND(#14270,.T.);
#14272=IFCFACE((#14271));
#14273=IFCPOLYLOOP((#13550,#13569,#13565));
#14274=IFCFACEOUTERBOUND(#14273,.T.);
#14275=IFCFACE((#14274));
#14276=IFCPOLYLOOP((#13569,#13548,#13549));
#14277=IFCFACEOUTERBOUND(#14276,.T.);
#14278=IFCFACE((#14277));
#14279=IFCPOLYLOOP((#13623,#13622,#13604));
#14280=IFCFACEOUTERBOUND(#14279,.T.);
#14281=IFCFACE((#14280));
#14282=IFCPOLYLOOP((#13701,#13592,#13667));
#14283=IFCFACEOUTERBOUND(#14282,.T.);
#14284=IFCFACE((#14283));
#14285=IFCPOLYLOOP((#13671,#13711,#13736));
#14286=IFCFACEOUTERBOUND(#14285,.T.);
#14287=IFCFACE((#14286));
#14288=IFCPOLYLOOP((#13741,#13610,#13687));
#14289=IFCFACEOUTERBOUND(#14288,.T.);
#14290=IFCFACE((#14289));
#14291=IFCPOLYLOOP((#13653,#13645,#13624));
#14292=IFCFACEOUTERBOUND(#14291,.T.);
#14293=IFCFACE((#14292));
#14294=IFCPOLYLOOP((#13625,#13589,#13620));
#14295=IFCFACEOUTERBOUND(#14294,.T.);
#14296=IFCFACE((#14295));
#14297=IFCPOLYLOOP((#13715,#13636,#13673,#13597));
#14298=IFCFACEOUTERBOUND(#14297,.T.);
#14299=IFCFACE((#14298));
#14300=IFCPOLYLOOP((#13656,#13657,#13654));
#14301=IFCFACEOUTERBOUND(#14300,.T.);
#14302=IFCFACE((#14301));
#14303=IFCPOLYLOOP((#13618,#13602,#13616,#13617));
#14304=IFCFACEOUTERBOUND(#14303,.T.);
#14305=IFCFACE((#14304));
#14306=IFCPOLYLOOP((#13613,#13748,#13749,#13744));
#14307=IFCFACEOUTERBOUND(#14306,.T.);
#14308=IFCFACE((#14307));
#14309=IFCPOLYLOOP((#13681,#13739,#13738));
#14310=IFCFACEOUTERBOUND(#14309,.T.);
#14311=IFCFACE((#14310));
#14312=IFCPOLYLOOP((#13655,#13657,#13656));
#14313=IFCFACEOUTERBOUND(#14312,.T.);
#14314=IFCFACE((#14313));
#14315=IFCPOLYLOOP((#13680,#13735,#13740));
#14316=IFCFACEOUTERBOUND(#14315,.T.);
#14317=IFCFACE((#14316));
#14318=IFCPOLYLOOP((#13670,#13709,#13712));
#14319=IFCFACEOUTERBOUND(#14318,.T.);
#14320=IFCFACE((#14319));
#14321=IFCPOLYLOOP((#13645,#13587,#13647));
#14322=IFCFACEOUTERBOUND(#14321,.T.);
#14323=IFCFACE((#14322));
#14324=IFCPOLYLOOP((#13640,#13727,#13677));
#14325=IFCFACEOUTERBOUND(#14324,.T.);
#14326=IFCFACE((#14325));
#14327=IFCPOLYLOOP((#13618,#13620,#13589));
#14328=IFCFACEOUTERBOUND(#14327,.T.);
#14329=IFCFACE((#14328));
#14330=IFCPOLYLOOP((#13572,#13573,#13621));
#14331=IFCFACEOUTERBOUND(#14330,.T.);
#14332=IFCFACE((#14331));
#14333=IFCPOLYLOOP((#13616,#13574,#13575));
#14334=IFCFACEOUTERBOUND(#14333,.T.);
#14335=IFCFACE((#14334));
#14336=IFCPOLYLOOP((#13664,#13693,#13696));
#14337=IFCFACEOUTERBOUND(#14336,.T.);
#14338=IFCFACE((#14337));
#14339=IFCPOLYLOOP((#13679,#13732,#13731));
#14340=IFCFACEOUTERBOUND(#14339,.T.);
#14341=IFCFACE((#14340));
#14342=IFCPOLYLOOP((#13665,#13695,#13700));
#14343=IFCFACEOUTERBOUND(#14342,.T.);
#14344=IFCFACE((#14343));
#14345=IFCPOLYLOOP((#13666,#13698,#13702));
#14346=IFCFACEOUTERBOUND(#14345,.T.);
#14347=IFCFACE((#14346));
#14348=IFCPOLYLOOP((#13690,#13744,#13749));
#14349=IFCFACEOUTERBOUND(#14348,.T.);
#14350=IFCFACE((#14349));
#14351=IFCPOLYLOOP((#13638,#13722,#13675));
#14352=IFCFACEOUTERBOUND(#14351,.T.);
#14353=IFCFACE((#14352));
#14354=IFCPOLYLOOP((#13720,#13638,#13675,#13596));
#14355=IFCFACEOUTERBOUND(#14354,.T.);
#14356=IFCFACE((#14355));
#14357=IFCPOLYLOOP((#13636,#13717,#13673));
#14358=IFCFACEOUTERBOUND(#14357,.T.);
#14359=IFCFACE((#14358));
#14360=IFCPOLYLOOP((#13575,#13614,#13617));
#14361=IFCFACEOUTERBOUND(#14360,.T.);
#14362=IFCFACE((#14361));
#14363=IFCPOLYLOOP((#13604,#13622,#13621));
#14364=IFCFACEOUTERBOUND(#14363,.T.);
#14365=IFCFACE((#14364));
#14366=IFCPOLYLOOP((#13598,#13654,#13623));
#14367=IFCFACEOUTERBOUND(#14366,.T.);
#14368=IFCFACE((#14367));
#14369=IFCPOLYLOOP((#13620,#13617,#13601));
#14370=IFCFACEOUTERBOUND(#14369,.T.);
#14371=IFCFACE((#14370));
#14372=IFCPOLYLOOP((#13623,#13654,#13599));
#14373=IFCFACEOUTERBOUND(#14372,.T.);
#14374=IFCFACE((#14373));
#14375=IFCPOLYLOOP((#13621,#13622,#13572));
#14376=IFCFACEOUTERBOUND(#14375,.T.);
#14377=IFCFACE((#14376));
#14378=IFCPOLYLOOP((#13607,#13651,#13650));
#14379=IFCFACEOUTERBOUND(#14378,.T.);
#14380=IFCFACE((#14379));
#14381=IFCPOLYLOOP((#13725,#13640,#13677,#13606));
#14382=IFCFACEOUTERBOUND(#14381,.T.);
#14383=IFCFACE((#14382));
#14384=IFCPOLYLOOP((#13648,#13649,#13650));
#14385=IFCFACEOUTERBOUND(#14384,.T.);
#14386=IFCFACE((#14385));
#14387=IFCPOLYLOOP((#13687,#13743,#13742));
#14388=IFCFACEOUTERBOUND(#14387,.T.);
#14389=IFCFACE((#14388));
#14390=IFCPOLYLOOP((#13678,#13729,#13733));
#14391=IFCFACEOUTERBOUND(#14390,.T.);
#14392=IFCFACE((#14391));
#14393=IFCPOLYLOOP((#13661,#13689,#13731));
#14394=IFCFACEOUTERBOUND(#14393,.T.);
#14395=IFCFACE((#14394));
#14396=IFCPOLYLOOP((#13632,#13707,#13669));
#14397=IFCFACEOUTERBOUND(#14396,.T.);
#14398=IFCFACE((#14397));
#14399=IFCPOLYLOOP((#13705,#13632,#13669,#13612));
#14400=IFCFACEOUTERBOUND(#14399,.T.);
#14401=IFCFACE((#14400));
#14402=IFCPOLYLOOP((#13745,#13697,#13579,#13744));
#14403=IFCFACEOUTERBOUND(#14402,.T.);
#14404=IFCFACE((#14403));
#14405=IFCPOLYLOOP((#13575,#13570,#13614));
#14406=IFCFACEOUTERBOUND(#14405,.T.);
#14407=IFCFACE((#14406));
#14408=IFCPOLYLOOP((#13615,#13571,#13572));
#14409=IFCFACEOUTERBOUND(#14408,.T.);
#14410=IFCFACE((#14409));
#14411=IFCPOLYLOOP((#13575,#13617,#13616));
#14412=IFCFACEOUTERBOUND(#14411,.T.);
#14413=IFCFACE((#14412));
#14414=IFCPOLYLOOP((#13617,#13614,#13601));
#14415=IFCFACEOUTERBOUND(#14414,.T.);
#14416=IFCFACE((#14415));
#14417=IFCPOLYLOOP((#13619,#13588,#13620,#13601));
#14418=IFCFACEOUTERBOUND(#14417,.T.);
#14419=IFCFACE((#14418));
#14420=IFCPOLYLOOP((#13618,#13617,#13620));
#14421=IFCFACEOUTERBOUND(#14420,.T.);
#14422=IFCFACE((#14421));
#14423=IFCPOLYLOOP((#13664,#13692,#13742));
#14424=IFCFACEOUTERBOUND(#14423,.T.);
#14425=IFCFACE((#14424));
#14426=IFCPOLYLOOP((#13615,#13572,#13622));
#14427=IFCFACEOUTERBOUND(#14426,.T.);
#14428=IFCFACE((#14427));
#14429=IFCPOLYLOOP((#13622,#13603,#13615));
#14430=IFCFACEOUTERBOUND(#14429,.T.);
#14431=IFCFACE((#14430));
#14432=IFCPOLYLOOP((#13603,#13622,#13623));
#14433=IFCFACEOUTERBOUND(#14432,.T.);
#14434=IFCFACE((#14433));
#14435=IFCPOLYLOOP((#13603,#13623,#13599));
#14436=IFCFACEOUTERBOUND(#14435,.T.);
#14437=IFCFACE((#14436));
#14438=IFCPOLYLOOP((#13663,#13598,#13623,#13604));
#14439=IFCFACEOUTERBOUND(#14438,.T.);
#14440=IFCFACE((#14439));
#14441=IFCPOLYLOOP((#13588,#13625,#13620));
#14442=IFCFACEOUTERBOUND(#14441,.T.);
#14443=IFCFACE((#14442));
#14444=IFCPOLYLOOP((#13646,#13589,#13625));
#14445=IFCFACEOUTERBOUND(#14444,.T.);
#14446=IFCFACE((#14445));
#14447=IFCPOLYLOOP((#13647,#13586,#13645));
#14448=IFCFACEOUTERBOUND(#14447,.T.);
#14449=IFCFACE((#14448));
#14450=IFCPOLYLOOP((#13626,#13587,#13645));
#14451=IFCFACEOUTERBOUND(#14450,.T.);
#14452=IFCFACE((#14451));
#14453=IFCPOLYLOOP((#13588,#13653,#13625));
#14454=IFCFACEOUTERBOUND(#14453,.T.);
#14455=IFCFACE((#14454));
#14456=IFCPOLYLOOP((#13694,#13627,#13665,#13592));
#14457=IFCFACEOUTERBOUND(#14456,.T.);
#14458=IFCFACE((#14457));
#14459=IFCPOLYLOOP((#13666,#13697,#13745));
#14460=IFCFACEOUTERBOUND(#14459,.T.);
#14461=IFCFACE((#14460));
#14462=IFCPOLYLOOP((#13699,#13629,#13667));
#14463=IFCFACEOUTERBOUND(#14462,.T.);
#14464=IFCFACE((#14463));
#14465=IFCPOLYLOOP((#13631,#13706,#13707,#13703));
#14466=IFCFACEOUTERBOUND(#14465,.T.);
#14467=IFCFACE((#14466));
#14468=IFCPOLYLOOP((#13668,#13703,#13707));
#14469=IFCFACEOUTERBOUND(#14468,.T.);
#14470=IFCFACE((#14469));
#14471=IFCPOLYLOOP((#13708,#13581,#13670,#13633));
#14472=IFCFACEOUTERBOUND(#14471,.T.);
#14473=IFCFACE((#14472));
#14474=IFCPOLYLOOP((#13710,#13633,#13671,#13585));
#14475=IFCFACEOUTERBOUND(#14474,.T.);
#14476=IFCFACE((#14475));
#14477=IFCPOLYLOOP((#13717,#13672,#13635));
#14478=IFCFACEOUTERBOUND(#14477,.T.);
#14479=IFCFACE((#14478));
#14480=IFCPOLYLOOP((#13713,#13635,#13672,#13577));
#14481=IFCFACEOUTERBOUND(#14480,.T.);
#14482=IFCFACE((#14481));
#14483=IFCPOLYLOOP((#13637,#13721,#13722,#13718));
#14484=IFCFACEOUTERBOUND(#14483,.T.);
#14485=IFCFACE((#14484));
#14486=IFCPOLYLOOP((#13674,#13718,#13722));
#14487=IFCFACEOUTERBOUND(#14486,.T.);
#14488=IFCFACE((#14487));
#14489=IFCPOLYLOOP((#13727,#13676,#13639));
#14490=IFCFACEOUTERBOUND(#14489,.T.);
#14491=IFCFACE((#14490));
#14492=IFCPOLYLOOP((#13723,#13639,#13676,#13580));
#14493=IFCFACEOUTERBOUND(#14492,.T.);
#14494=IFCFACE((#14493));
#14495=IFCPOLYLOOP((#13728,#13578,#13678,#13641));
#14496=IFCFACEOUTERBOUND(#14495,.T.);
#14497=IFCFACE((#14496));
#14498=IFCPOLYLOOP((#13730,#13641,#13679,#13609));
#14499=IFCFACEOUTERBOUND(#14498,.T.);
#14500=IFCFACE((#14499));
#14501=IFCPOLYLOOP((#13734,#13585,#13680,#13643));
#14502=IFCFACEOUTERBOUND(#14501,.T.);
#14503=IFCFACE((#14502));
#14504=IFCPOLYLOOP((#13737,#13643,#13681,#13582));
#14505=IFCFACEOUTERBOUND(#14504,.T.);
#14506=IFCFACE((#14505));
#14507=IFCPOLYLOOP((#13626,#13645,#13653));
#14508=IFCFACEOUTERBOUND(#14507,.T.);
#14509=IFCFACE((#14508));
#14510=IFCPOLYLOOP((#13682,#13624,#13645,#13586));
#14511=IFCFACEOUTERBOUND(#14510,.T.);
#14512=IFCFACE((#14511));
#14513=IFCPOLYLOOP((#13683,#13606,#13651,#13607));
#14514=IFCFACEOUTERBOUND(#14513,.T.);
#14515=IFCFACE((#14514));
#14516=IFCPOLYLOOP((#13624,#13646,#13653));
#14517=IFCFACEOUTERBOUND(#14516,.T.);
#14518=IFCFACE((#14517));
#14519=IFCPOLYLOOP((#13647,#13652,#13650));
#14520=IFCFACEOUTERBOUND(#14519,.T.);
#14521=IFCFACE((#14520));
#14522=IFCPOLYLOOP((#13650,#13649,#13647));
#14523=IFCFACEOUTERBOUND(#14522,.T.);
#14524=IFCFACE((#14523));
#14525=IFCPOLYLOOP((#13649,#13586,#13647));
#14526=IFCFACEOUTERBOUND(#14525,.T.);
#14527=IFCFACE((#14526));
#14528=IFCPOLYLOOP((#13651,#13648,#13650));
#14529=IFCFACEOUTERBOUND(#14528,.T.);
#14530=IFCFACE((#14529));
#14531=IFCPOLYLOOP((#13626,#13653,#13588));
#14532=IFCFACEOUTERBOUND(#14531,.T.);
#14533=IFCFACE((#14532));
#14534=IFCPOLYLOOP((#13684,#13648,#13651,#13605));
#14535=IFCFACEOUTERBOUND(#14534,.T.);
#14536=IFCFACE((#14535));
#14537=IFCPOLYLOOP((#13605,#13651,#13677));
#14538=IFCFACEOUTERBOUND(#14537,.T.);
#14539=IFCFACE((#14538));
#14540=IFCPOLYLOOP((#13607,#13650,#13652));
#14541=IFCFACEOUTERBOUND(#14540,.T.);
#14542=IFCFACE((#14541));
#14543=IFCPOLYLOOP((#13647,#13587,#13652));
#14544=IFCFACEOUTERBOUND(#14543,.T.);
#14545=IFCFACE((#14544));
#14546=IFCPOLYLOOP((#13625,#13653,#13646));
#14547=IFCFACEOUTERBOUND(#14546,.T.);
#14548=IFCFACE((#14547));
#14549=IFCPOLYLOOP((#13600,#13659,#13657));
#14550=IFCFACEOUTERBOUND(#14549,.T.);
#14551=IFCFACE((#14550));
#14552=IFCPOLYLOOP((#13657,#13658,#13600));
#14553=IFCFACEOUTERBOUND(#14552,.T.);
#14554=IFCFACE((#14553));
#14555=IFCPOLYLOOP((#13655,#13658,#13657));
#14556=IFCFACEOUTERBOUND(#14555,.T.);
#14557=IFCFACE((#14556));
#14558=IFCPOLYLOOP((#13654,#13657,#13659));
#14559=IFCFACEOUTERBOUND(#14558,.T.);
#14560=IFCFACE((#14559));
#14561=IFCPOLYLOOP((#13654,#13598,#13656));
#14562=IFCFACEOUTERBOUND(#14561,.T.);
#14563=IFCFACE((#14562));
#14564=IFCPOLYLOOP((#13685,#13600,#13658,#13583));
#14565=IFCFACEOUTERBOUND(#14564,.T.);
#14566=IFCFACE((#14565));
#14567=IFCPOLYLOOP((#13644,#13740,#13735));
#14568=IFCFACEOUTERBOUND(#14567,.T.);
#14569=IFCFACE((#14568));
#14570=IFCPOLYLOOP((#13658,#13686,#13738));
#14571=IFCFACEOUTERBOUND(#14570,.T.);
#14572=IFCFACE((#14571));
#14573=IFCPOLYLOOP((#13659,#13599,#13654));
#14574=IFCFACEOUTERBOUND(#14573,.T.);
#14575=IFCFACE((#14574));
#14576=IFCPOLYLOOP((#13642,#13733,#13729));
#14577=IFCFACEOUTERBOUND(#14576,.T.);
#14578=IFCFACE((#14577));
#14579=IFCPOLYLOOP((#13688,#13660,#13661,#13608));
#14580=IFCFACEOUTERBOUND(#14579,.T.);
#14581=IFCFACE((#14580));
#14582=IFCPOLYLOOP((#13610,#13661,#13687));
#14583=IFCFACEOUTERBOUND(#14582,.T.);
#14584=IFCFACE((#14583));
#14585=IFCPOLYLOOP((#13696,#13665,#13627));
#14586=IFCFACEOUTERBOUND(#14585,.T.);
#14587=IFCFACE((#14586));
#14588=IFCPOLYLOOP((#13747,#13662,#13691,#13611));
#14589=IFCFACEOUTERBOUND(#14588,.T.);
#14590=IFCFACE((#14589));
#14591=IFCPOLYLOOP((#13666,#13745,#13576));
#14592=IFCFACEOUTERBOUND(#14591,.T.);
#14593=IFCFACE((#14592));
#14594=IFCPOLYLOOP((#13630,#13701,#13702,#13698));
#14595=IFCFACEOUTERBOUND(#14594,.T.);
#14596=IFCFACE((#14595));
#14597=IFCPOLYLOOP((#13696,#13695,#13665));
#14598=IFCFACEOUTERBOUND(#14597,.T.);
#14599=IFCFACE((#14598));
#14600=IFCPOLYLOOP((#13702,#13667,#13629));
#14601=IFCFACEOUTERBOUND(#14600,.T.);
#14602=IFCFACE((#14601));
#14603=IFCPOLYLOOP((#13690,#13576,#13745));
#14604=IFCFACEOUTERBOUND(#14603,.T.);
#14605=IFCFACE((#14604));
#14606=IFCPOLYLOOP((#13667,#13700,#13699));
#14607=IFCFACEOUTERBOUND(#14606,.T.);
#14608=IFCFACE((#14607));
#14609=IFCPOLYLOOP((#13702,#13701,#13667));
#14610=IFCFACEOUTERBOUND(#14609,.T.);
#14611=IFCFACE((#14610));
#14612=IFCPOLYLOOP((#13595,#13668,#13674));
#14613=IFCFACEOUTERBOUND(#14612,.T.);
#14614=IFCFACE((#14613));
#14615=IFCPOLYLOOP((#13704,#13594,#13668,#13632));
#14616=IFCFACEOUTERBOUND(#14615,.T.);
#14617=IFCFACE((#14616));
#14618=IFCPOLYLOOP((#13612,#13669,#13691));
#14619=IFCFACEOUTERBOUND(#14618,.T.);
#14620=IFCFACE((#14619));
#14621=IFCPOLYLOOP((#13706,#13611,#13669));
#14622=IFCFACEOUTERBOUND(#14621,.T.);
#14623=IFCFACE((#14622));
#14624=IFCPOLYLOOP((#13712,#13671,#13633));
#14625=IFCFACEOUTERBOUND(#14624,.T.);
#14626=IFCFACE((#14625));
#14627=IFCPOLYLOOP((#13578,#13670,#13678));
#14628=IFCFACEOUTERBOUND(#14627,.T.);
#14629=IFCFACE((#14628));
#14630=IFCPOLYLOOP((#13736,#13680,#13585));
#14631=IFCFACEOUTERBOUND(#14630,.T.);
#14632=IFCFACE((#14631));
#14633=IFCPOLYLOOP((#13634,#13671,#13712));
#14634=IFCFACEOUTERBOUND(#14633,.T.);
#14635=IFCFACE((#14634));
#14636=IFCPOLYLOOP((#13577,#13672,#13676));
#14637=IFCFACEOUTERBOUND(#14636,.T.);
#14638=IFCFACE((#14637));
#14639=IFCPOLYLOOP((#13714,#13580,#13672));
#14640=IFCFACEOUTERBOUND(#14639,.T.);
#14641=IFCFACE((#14640));
#14642=IFCPOLYLOOP((#13597,#13673,#13675));
#14643=IFCFACEOUTERBOUND(#14642,.T.);
#14644=IFCFACE((#14643));
#14645=IFCPOLYLOOP((#13716,#13596,#13673));
#14646=IFCFACEOUTERBOUND(#14645,.T.);
#14647=IFCFACE((#14646));
#14648=IFCPOLYLOOP((#13594,#13674,#13668));
#14649=IFCFACEOUTERBOUND(#14648,.T.);
#14650=IFCFACE((#14649));
#14651=IFCPOLYLOOP((#13719,#13595,#13674));
#14652=IFCFACEOUTERBOUND(#14651,.T.);
#14653=IFCFACE((#14652));
#14654=IFCPOLYLOOP((#13596,#13675,#13673));
#14655=IFCFACEOUTERBOUND(#14654,.T.);
#14656=IFCFACE((#14655));
#14657=IFCPOLYLOOP((#13721,#13597,#13675));
#14658=IFCFACEOUTERBOUND(#14657,.T.);
#14659=IFCFACE((#14658));
#14660=IFCPOLYLOOP((#13580,#13676,#13672));
#14661=IFCFACEOUTERBOUND(#14660,.T.);
#14662=IFCFACE((#14661));
#14663=IFCPOLYLOOP((#13724,#13577,#13676));
#14664=IFCFACEOUTERBOUND(#14663,.T.);
#14665=IFCFACE((#14664));
#14666=IFCPOLYLOOP((#13606,#13677,#13651));
#14667=IFCFACEOUTERBOUND(#14666,.T.);
#14668=IFCFACE((#14667));
#14669=IFCPOLYLOOP((#13726,#13605,#13677));
#14670=IFCFACEOUTERBOUND(#14669,.T.);
#14671=IFCFACE((#14670));
#14672=IFCPOLYLOOP((#13733,#13679,#13641));
#14673=IFCFACEOUTERBOUND(#14672,.T.);
#14674=IFCFACE((#14673));
#14675=IFCPOLYLOOP((#13581,#13678,#13670));
#14676=IFCFACEOUTERBOUND(#14675,.T.);
#14677=IFCFACE((#14676));
#14678=IFCPOLYLOOP((#13731,#13609,#13679));
#14679=IFCFACEOUTERBOUND(#14678,.T.);
#14680=IFCFACE((#14679));
#14681=IFCPOLYLOOP((#13642,#13679,#13733));
#14682=IFCFACEOUTERBOUND(#14681,.T.);
#14683=IFCFACE((#14682));
#14684=IFCPOLYLOOP((#13740,#13681,#13643));
#14685=IFCFACEOUTERBOUND(#14684,.T.);
#14686=IFCFACE((#14685));
#14687=IFCPOLYLOOP((#13584,#13680,#13736));
#14688=IFCFACEOUTERBOUND(#14687,.T.);
#14689=IFCFACE((#14688));
#14690=IFCPOLYLOOP((#13738,#13582,#13681));
#14691=IFCFACEOUTERBOUND(#14690,.T.);
#14692=IFCFACE((#14691));
#14693=IFCPOLYLOOP((#13644,#13681,#13740));
#14694=IFCFACEOUTERBOUND(#14693,.T.);
#14695=IFCFACE((#14694));
#14696=IFCPOLYLOOP((#13687,#13742,#13741));
#14697=IFCFACEOUTERBOUND(#14696,.T.);
#14698=IFCFACE((#14697));
#14699=IFCPOLYLOOP((#13658,#13655,#13686));
#14700=IFCFACEOUTERBOUND(#14699,.T.);
#14701=IFCFACE((#14700));
#14702=IFCPOLYLOOP((#13660,#13687,#13661));
#14703=IFCFACEOUTERBOUND(#14702,.T.);
#14704=IFCFACE((#14703));
#14705=IFCPOLYLOOP((#13746,#13576,#13690,#13662));
#14706=IFCFACEOUTERBOUND(#14705,.T.);
#14707=IFCFACE((#14706));
#14708=IFCPOLYLOOP((#13661,#13610,#13689));
#14709=IFCFACEOUTERBOUND(#14708,.T.);
#14710=IFCFACE((#14709));
#14711=IFCPOLYLOOP((#13691,#13662,#13749));
#14712=IFCFACEOUTERBOUND(#14711,.T.);
#14713=IFCFACE((#14712));
#14714=IFCPOLYLOOP((#13611,#13691,#13669));
#14715=IFCFACEOUTERBOUND(#14714,.T.);
#14716=IFCFACE((#14715));
#14717=IFCPOLYLOOP((#13748,#13612,#13691));
#14718=IFCFACEOUTERBOUND(#14717,.T.);
#14719=IFCFACE((#14718));
#14720=IFCPOLYLOOP((#13628,#13695,#13696,#13693));
#14721=IFCFACEOUTERBOUND(#14720,.T.);
#14722=IFCFACE((#14721));
#14723=IFCPOLYLOOP((#13692,#13664,#13627));
#14724=IFCFACEOUTERBOUND(#14723,.T.);
#14725=IFCFACE((#14724));
#14726=IFCPOLYLOOP((#13664,#13590,#13693));
#14727=IFCFACEOUTERBOUND(#14726,.T.);
#14728=IFCFACE((#14727));
#14729=IFCPOLYLOOP((#13664,#13696,#13627));
#14730=IFCFACEOUTERBOUND(#14729,.T.);
#14731=IFCFACE((#14730));
#14732=IFCPOLYLOOP((#13593,#13699,#13700,#13695));
#14733=IFCFACEOUTERBOUND(#14732,.T.);
#14734=IFCFACE((#14733));
#14735=IFCPOLYLOOP((#13697,#13666,#13629));
#14736=IFCFACEOUTERBOUND(#14735,.T.);
#14737=IFCFACE((#14736));
#14738=IFCPOLYLOOP((#13666,#13576,#13698));
#14739=IFCFACEOUTERBOUND(#14738,.T.);
#14740=IFCFACE((#14739));
#14741=IFCPOLYLOOP((#13665,#13700,#13592));
#14742=IFCFACEOUTERBOUND(#14741,.T.);
#14743=IFCFACE((#14742));
#14744=IFCPOLYLOOP((#13700,#13667,#13592));
#14745=IFCFACEOUTERBOUND(#14744,.T.);
#14746=IFCFACE((#14745));
#14747=IFCPOLYLOOP((#13666,#13702,#13629));
#14748=IFCFACEOUTERBOUND(#14747,.T.);
#14749=IFCFACE((#14748));
#14750=IFCPOLYLOOP((#13668,#13707,#13632));
#14751=IFCFACEOUTERBOUND(#14750,.T.);
#14752=IFCFACE((#14751));
#14753=IFCPOLYLOOP((#13703,#13668,#13595));
#14754=IFCFACEOUTERBOUND(#14753,.T.);
#14755=IFCFACE((#14754));
#14756=IFCPOLYLOOP((#13669,#13707,#13706));
#14757=IFCFACEOUTERBOUND(#14756,.T.);
#14758=IFCFACE((#14757));
#14759=IFCPOLYLOOP((#13634,#13712,#13709));
#14760=IFCFACEOUTERBOUND(#14759,.T.);
#14761=IFCFACE((#14760));
#14762=IFCPOLYLOOP((#13670,#13578,#13709));
#14763=IFCFACEOUTERBOUND(#14762,.T.);
#14764=IFCFACE((#14763));
#14765=IFCPOLYLOOP((#13671,#13634,#13711));
#14766=IFCFACEOUTERBOUND(#14765,.T.);
#14767=IFCFACE((#14766));
#14768=IFCPOLYLOOP((#13670,#13712,#13633));
#14769=IFCFACEOUTERBOUND(#14768,.T.);
#14770=IFCFACE((#14769));
#14771=IFCPOLYLOOP((#13714,#13672,#13717));
#14772=IFCFACEOUTERBOUND(#14771,.T.);
#14773=IFCFACE((#14772));
#14774=IFCPOLYLOOP((#13636,#13714,#13717));
#14775=IFCFACEOUTERBOUND(#14774,.T.);
#14776=IFCFACE((#14775));
#14777=IFCPOLYLOOP((#13635,#13716,#13717));
#14778=IFCFACEOUTERBOUND(#14777,.T.);
#14779=IFCFACE((#14778));
#14780=IFCPOLYLOOP((#13673,#13717,#13716));
#14781=IFCFACEOUTERBOUND(#14780,.T.);
#14782=IFCFACE((#14781));
#14783=IFCPOLYLOOP((#13719,#13674,#13722));
#14784=IFCFACEOUTERBOUND(#14783,.T.);
#14785=IFCFACE((#14784));
#14786=IFCPOLYLOOP((#13718,#13674,#13594));
#14787=IFCFACEOUTERBOUND(#14786,.T.);
#14788=IFCFACE((#14787));
#14789=IFCPOLYLOOP((#13638,#13719,#13722));
#14790=IFCFACEOUTERBOUND(#14789,.T.);
#14791=IFCFACE((#14790));
#14792=IFCPOLYLOOP((#13675,#13722,#13721));
#14793=IFCFACEOUTERBOUND(#14792,.T.);
#14794=IFCFACE((#14793));
#14795=IFCPOLYLOOP((#13724,#13676,#13727));
#14796=IFCFACEOUTERBOUND(#14795,.T.);
#14797=IFCFACE((#14796));
#14798=IFCPOLYLOOP((#13640,#13724,#13727));
#14799=IFCFACEOUTERBOUND(#14798,.T.);
#14800=IFCFACE((#14799));
#14801=IFCPOLYLOOP((#13639,#13726,#13727));
#14802=IFCFACEOUTERBOUND(#14801,.T.);
#14803=IFCFACE((#14802));
#14804=IFCPOLYLOOP((#13677,#13727,#13726));
#14805=IFCFACEOUTERBOUND(#14804,.T.);
#14806=IFCFACE((#14805));
#14807=IFCPOLYLOOP((#13609,#13731,#13689));
#14808=IFCFACEOUTERBOUND(#14807,.T.);
#14809=IFCFACE((#14808));
#14810=IFCPOLYLOOP((#13678,#13581,#13729));
#14811=IFCFACEOUTERBOUND(#14810,.T.);
#14812=IFCFACE((#14811));
#14813=IFCPOLYLOOP((#13661,#13731,#13608));
#14814=IFCFACEOUTERBOUND(#14813,.T.);
#14815=IFCFACE((#14814));
#14816=IFCPOLYLOOP((#13608,#13731,#13732));
#14817=IFCFACEOUTERBOUND(#14816,.T.);
#14818=IFCFACE((#14817));
#14819=IFCPOLYLOOP((#13679,#13642,#13732));
#14820=IFCFACEOUTERBOUND(#14819,.T.);
#14821=IFCFACE((#14820));
#14822=IFCPOLYLOOP((#13678,#13733,#13641));
#14823=IFCFACEOUTERBOUND(#14822,.T.);
#14824=IFCFACE((#14823));
#14825=IFCPOLYLOOP((#13584,#13736,#13711));
#14826=IFCFACEOUTERBOUND(#14825,.T.);
#14827=IFCFACE((#14826));
#14828=IFCPOLYLOOP((#13680,#13584,#13735));
#14829=IFCFACEOUTERBOUND(#14828,.T.);
#14830=IFCFACE((#14829));
#14831=IFCPOLYLOOP((#13671,#13736,#13585));
#14832=IFCFACEOUTERBOUND(#14831,.T.);
#14833=IFCFACE((#14832));
#14834=IFCPOLYLOOP((#13582,#13738,#13686));
#14835=IFCFACEOUTERBOUND(#14834,.T.);
#14836=IFCFACE((#14835));
#14837=IFCPOLYLOOP((#13658,#13738,#13583));
#14838=IFCFACEOUTERBOUND(#14837,.T.);
#14839=IFCFACE((#14838));
#14840=IFCPOLYLOOP((#13583,#13738,#13739));
#14841=IFCFACEOUTERBOUND(#14840,.T.);
#14842=IFCFACE((#14841));
#14843=IFCPOLYLOOP((#13681,#13644,#13739));
#14844=IFCFACEOUTERBOUND(#14843,.T.);
#14845=IFCFACE((#14844));
#14846=IFCPOLYLOOP((#13680,#13740,#13643));
#14847=IFCFACEOUTERBOUND(#14846,.T.);
#14848=IFCFACE((#14847));
#14849=IFCPOLYLOOP((#13591,#13741,#13742,#13692));
#14850=IFCFACEOUTERBOUND(#14849,.T.);
#14851=IFCFACE((#14850));
#14852=IFCPOLYLOOP((#13664,#13742,#13590));
#14853=IFCFACEOUTERBOUND(#14852,.T.);
#14854=IFCFACE((#14853));
#14855=IFCPOLYLOOP((#13590,#13742,#13743));
#14856=IFCFACEOUTERBOUND(#14855,.T.);
#14857=IFCFACE((#14856));
#14858=IFCPOLYLOOP((#13687,#13660,#13743));
#14859=IFCFACEOUTERBOUND(#14858,.T.);
#14860=IFCFACE((#14859));
#14861=IFCPOLYLOOP((#13690,#13745,#13744));
#14862=IFCFACEOUTERBOUND(#14861,.T.);
#14863=IFCFACE((#14862));
#14864=IFCPOLYLOOP((#13690,#13749,#13662));
#14865=IFCFACEOUTERBOUND(#14864,.T.);
#14866=IFCFACE((#14865));
#14867=IFCPOLYLOOP((#13691,#13749,#13748));
#14868=IFCFACEOUTERBOUND(#14867,.T.);
#14869=IFCFACE((#14868));
#14870=IFCPOLYLOOP((#13751,#13571,#13615,#13603,#13599,#13659,#13600,#13685,#13583,#13739,#13644,#13735,#13584,#13711,#13634,#13709,#13578,#13728,#13641,#13730,#13609,#13689,#13610,#13741,#13591,#13692,#13627,#13694,#13592,#13701,#13630,#13698,#13576,#13746,#13662,#13747,#13611,#13706,#13631,#13703,#13595,#13719,#13638,#13720,#13596,#13716,#13635,#13713,#13577,#13724,#13640,#13725,#13606,#13683,#13607,#13652,#13587,#13626,#13588,#13619,#13601,#13614,#13570,#13750));
#14871=IFCFACEOUTERBOUND(#14870,.T.);
#14872=IFCFACE((#14871));
#14873=IFCPOLYLOOP((#13753,#13513,#13512,#13752));
#14874=IFCFACEOUTERBOUND(#14873,.T.);
#14875=IFCFACE((#14874));
#14876=IFCPOLYLOOP((#13517,#13516,#13760,#13758,#13754,#13755));
#14877=IFCFACEOUTERBOUND(#14876,.T.);
#14878=IFCFACE((#14877));
#14879=IFCPOLYLOOP((#13759,#13763,#13761,#13762));
#14880=IFCFACEOUTERBOUND(#14879,.T.);
#14881=IFCFACE((#14880));
#14882=IFCPOLYLOOP((#13764,#13521,#13762));
#14883=IFCFACEOUTERBOUND(#14882,.T.);
#14884=IFCFACE((#14883));
#14885=IFCPOLYLOOP((#13765,#13757,#13754));
#14886=IFCFACEOUTERBOUND(#14885,.T.);
#14887=IFCFACE((#14886));
#14888=IFCPOLYLOOP((#13765,#13758,#13761));
#14889=IFCFACEOUTERBOUND(#14888,.T.);
#14890=IFCFACE((#14889));
#14891=IFCPOLYLOOP((#13764,#13760,#13516));
#14892=IFCFACEOUTERBOUND(#14891,.T.);
#14893=IFCFACE((#14892));
#14894=IFCPOLYLOOP((#13758,#13760,#13761));
#14895=IFCFACEOUTERBOUND(#14894,.T.);
#14896=IFCFACE((#14895));
#14897=IFCPOLYLOOP((#13765,#13761,#13763));
#14898=IFCFACEOUTERBOUND(#14897,.T.);
#14899=IFCFACE((#14898));
#14900=IFCPOLYLOOP((#13761,#13764,#13762));
#14901=IFCFACEOUTERBOUND(#14900,.T.);
#14902=IFCFACE((#14901));
#14903=IFCPOLYLOOP((#13761,#13760,#13764));
#14904=IFCFACEOUTERBOUND(#14903,.T.);
#14905=IFCFACE((#14904));
#14906=IFCPOLYLOOP((#13521,#13520,#13762));
#14907=IFCFACEOUTERBOUND(#14906,.T.);
#14908=IFCFACE((#14907));
#14909=IFCPOLYLOOP((#13763,#13756,#13757));
#14910=IFCFACEOUTERBOUND(#14909,.T.);
#14911=IFCFACE((#14910));
#14912=IFCPOLYLOOP((#13521,#13764,#13516));
#14913=IFCFACEOUTERBOUND(#14912,.T.);
#14914=IFCFACE((#14913));
#14915=IFCPOLYLOOP((#13758,#13765,#13754));
#14916=IFCFACEOUTERBOUND(#14915,.T.);
#14917=IFCFACE((#14916));
#14918=IFCPOLYLOOP((#13757,#13765,#13763));
#14919=IFCFACEOUTERBOUND(#14918,.T.);
#14920=IFCFACE((#14919));
#14921=IFCPOLYLOOP((#13785,#13781,#13776));
#14922=IFCFACEOUTERBOUND(#14921,.T.);
#14923=IFCFACE((#14922));
#14924=IFCPOLYLOOP((#13792,#13796,#13797));
#14925=IFCFACEOUTERBOUND(#14924,.T.);
#14926=IFCFACE((#14925));
#14927=IFCPOLYLOOP((#13779,#13798,#13786));
#14928=IFCFACEOUTERBOUND(#14927,.T.);
#14929=IFCFACE((#14928));
#14930=IFCPOLYLOOP((#13790,#13771,#13792));
#14931=IFCFACEOUTERBOUND(#14930,.T.);
#14932=IFCFACE((#14931));
#14933=IFCPOLYLOOP((#13779,#13786,#13772));
#14934=IFCFACEOUTERBOUND(#14933,.T.);
#14935=IFCFACE((#14934));
#14936=IFCPOLYLOOP((#13786,#13793,#13789));
#14937=IFCFACEOUTERBOUND(#14936,.T.);
#14938=IFCFACE((#14937));
#14939=IFCPOLYLOOP((#13798,#13783,#13767));
#14940=IFCFACEOUTERBOUND(#14939,.T.);
#14941=IFCFACE((#14940));
#14942=IFCPOLYLOOP((#13771,#13790,#13782));
#14943=IFCFACEOUTERBOUND(#14942,.T.);
#14944=IFCFACE((#14943));
#14945=IFCPOLYLOOP((#13778,#13790,#13773));
#14946=IFCFACEOUTERBOUND(#14945,.T.);
#14947=IFCFACE((#14946));
#14948=IFCPOLYLOOP((#13791,#13796,#13770));
#14949=IFCFACEOUTERBOUND(#14948,.T.);
#14950=IFCFACE((#14949));
#14951=IFCPOLYLOOP((#13772,#13786,#13789));
#14952=IFCFACEOUTERBOUND(#14951,.T.);
#14953=IFCFACE((#14952));
#14954=IFCPOLYLOOP((#13794,#13785,#13776));
#14955=IFCFACEOUTERBOUND(#14954,.T.);
#14956=IFCFACE((#14955));
#14957=IFCPOLYLOOP((#13794,#13778,#13777));
#14958=IFCFACEOUTERBOUND(#14957,.T.);
#14959=IFCFACE((#14958));
#14960=IFCPOLYLOOP((#13794,#13790,#13778));
#14961=IFCFACEOUTERBOUND(#14960,.T.);
#14962=IFCFACE((#14961));
#14963=IFCPOLYLOOP((#13798,#13767,#13768));
#14964=IFCFACEOUTERBOUND(#14963,.T.);
#14965=IFCFACE((#14964));
#14966=IFCPOLYLOOP((#13784,#13573,#13572));
#14967=IFCFACEOUTERBOUND(#14966,.T.);
#14968=IFCFACE((#14967));
#14969=IFCPOLYLOOP((#13784,#13785,#13777));
#14970=IFCFACEOUTERBOUND(#14969,.T.);
#14971=IFCFACE((#14970));
#14972=IFCPOLYLOOP((#13572,#13571,#13781));
#14973=IFCFACEOUTERBOUND(#14972,.T.);
#14974=IFCFACE((#14973));
#14975=IFCPOLYLOOP((#13783,#13766,#13767));
#14976=IFCFACEOUTERBOUND(#14975,.T.);
#14977=IFCFACE((#14976));
#14978=IFCPOLYLOOP((#13798,#13775,#13786));
#14979=IFCFACEOUTERBOUND(#14978,.T.);
#14980=IFCFACE((#14979));
#14981=IFCPOLYLOOP((#13572,#13785,#13784));
#14982=IFCFACEOUTERBOUND(#14981,.T.);
#14983=IFCFACE((#14982));
#14984=IFCPOLYLOOP((#13781,#13785,#13572));
#14985=IFCFACEOUTERBOUND(#14984,.T.);
#14986=IFCFACE((#14985));
#14987=IFCPOLYLOOP((#13793,#13786,#13775));
#14988=IFCFACEOUTERBOUND(#14987,.T.);
#14989=IFCFACE((#14988));
#14990=IFCPOLYLOOP((#13780,#13775,#13798,#13768));
#14991=IFCFACEOUTERBOUND(#14990,.T.);
#14992=IFCFACE((#14991));
#14993=IFCPOLYLOOP((#13789,#13787,#13772));
#14994=IFCFACEOUTERBOUND(#14993,.T.);
#14995=IFCFACE((#14994));
#14996=IFCPOLYLOOP((#13796,#13791,#13788));
#14997=IFCFACEOUTERBOUND(#14996,.T.);
#14998=IFCFACE((#14997));
#14999=IFCPOLYLOOP((#13788,#13791,#13769));
#15000=IFCFACEOUTERBOUND(#14999,.T.);
#15001=IFCFACE((#15000));
#15002=IFCPOLYLOOP((#13787,#13789,#13791));
#15003=IFCFACEOUTERBOUND(#15002,.T.);
#15004=IFCFACE((#15003));
#15005=IFCPOLYLOOP((#13792,#13773,#13790));
#15006=IFCFACEOUTERBOUND(#15005,.T.);
#15007=IFCFACE((#15006));
#15008=IFCPOLYLOOP((#13794,#13776,#13782));
#15009=IFCFACEOUTERBOUND(#15008,.T.);
#15010=IFCFACE((#15009));
#15011=IFCPOLYLOOP((#13769,#13791,#13789));
#15012=IFCFACEOUTERBOUND(#15011,.T.);
#15013=IFCFACE((#15012));
#15014=IFCPOLYLOOP((#13787,#13791,#13770));
#15015=IFCFACEOUTERBOUND(#15014,.T.);
#15016=IFCFACE((#15015));
#15017=IFCPOLYLOOP((#13774,#13797,#13796,#13788));
#15018=IFCFACEOUTERBOUND(#15017,.T.);
#15019=IFCFACE((#15018));
#15020=IFCPOLYLOOP((#13795,#13796,#13792));
#15021=IFCFACEOUTERBOUND(#15020,.T.);
#15022=IFCFACE((#15021));
#15023=IFCPOLYLOOP((#13793,#13769,#13789));
#15024=IFCFACEOUTERBOUND(#15023,.T.);
#15025=IFCFACE((#15024));
#15026=IFCPOLYLOOP((#13777,#13785,#13794));
#15027=IFCFACEOUTERBOUND(#15026,.T.);
#15028=IFCFACE((#15027));
#15029=IFCPOLYLOOP((#13790,#13794,#13782));
#15030=IFCFACEOUTERBOUND(#15029,.T.);
#15031=IFCFACE((#15030));
#15032=IFCPOLYLOOP((#13770,#13796,#13795));
#15033=IFCFACEOUTERBOUND(#15032,.T.);
#15034=IFCFACE((#15033));
#15035=IFCPOLYLOOP((#13792,#13771,#13795));
#15036=IFCFACEOUTERBOUND(#15035,.T.);
#15037=IFCFACE((#15036));
#15038=IFCPOLYLOOP((#13797,#13773,#13792));
#15039=IFCFACEOUTERBOUND(#15038,.T.);
#15040=IFCFACE((#15039));
#15041=IFCPOLYLOOP((#13779,#13783,#13798));
#15042=IFCFACEOUTERBOUND(#15041,.T.);
#15043=IFCFACE((#15042));
#15044=IFCPOLYLOOP((#13799,#13766,#13783,#13779,#13772,#13787,#13770,#13795,#13771,#13782,#13776,#13781,#13571,#13751));
#15045=IFCFACEOUTERBOUND(#15044,.T.);
#15046=IFCFACE((#15045));
#15047=IFCPOLYLOOP((#13801,#13753,#13752,#13800));
#15048=IFCFACEOUTERBOUND(#15047,.T.);
#15049=IFCFACE((#15048));
#15050=IFCPOLYLOOP((#13755,#13754,#13826,#13816,#13817,#13810,#13841,#13819,#13846,#13809,#13832,#13823,#13824,#13811,#13837,#13813,#13814,#13802,#13803));
#15051=IFCFACEOUTERBOUND(#15050,.T.);
#15052=IFCFACE((#15051));
#15053=IFCPOLYLOOP((#13812,#13825,#13834));
#15054=IFCFACEOUTERBOUND(#15053,.T.);
#15055=IFCFACE((#15054));
#15056=IFCPOLYLOOP((#13839,#13843,#13827));
#15057=IFCFACEOUTERBOUND(#15056,.T.);
#15058=IFCFACE((#15057));
#15059=IFCPOLYLOOP((#13851,#13850,#13826));
#15060=IFCFACEOUTERBOUND(#15059,.T.);
#15061=IFCFACE((#15060));
#15062=IFCPOLYLOOP((#13834,#13836,#13812));
#15063=IFCFACEOUTERBOUND(#15062,.T.);
#15064=IFCFACE((#15063));
#15065=IFCPOLYLOOP((#13816,#13826,#13850));
#15066=IFCFACEOUTERBOUND(#15065,.T.);
#15067=IFCFACE((#15066));
#15068=IFCPOLYLOOP((#13830,#13829,#13828));
#15069=IFCFACEOUTERBOUND(#15068,.T.);
#15070=IFCFACE((#15069));
#15071=IFCPOLYLOOP((#13839,#13810,#13817));
#15072=IFCFACEOUTERBOUND(#15071,.T.);
#15073=IFCFACE((#15072));
#15074=IFCPOLYLOOP((#13842,#13821,#13820));
#15075=IFCFACEOUTERBOUND(#15074,.T.);
#15076=IFCFACE((#15075));
#15077=IFCPOLYLOOP((#13852,#13833,#13831));
#15078=IFCFACEOUTERBOUND(#15077,.T.);
#15079=IFCFACE((#15078));
#15080=IFCPOLYLOOP((#13844,#13847,#13846));
#15081=IFCFACEOUTERBOUND(#15080,.T.);
#15082=IFCFACE((#15081));
#15083=IFCPOLYLOOP((#13835,#13836,#13849));
#15084=IFCFACEOUTERBOUND(#15083,.T.);
#15085=IFCFACE((#15084));
#15086=IFCPOLYLOOP((#13805,#13802,#13838));
#15087=IFCFACEOUTERBOUND(#15086,.T.);
#15088=IFCFACE((#15087));
#15089=IFCPOLYLOOP((#13838,#13834,#13825));
#15090=IFCFACEOUTERBOUND(#15089,.T.);
#15091=IFCFACE((#15090));
#15092=IFCPOLYLOOP((#13818,#13850,#13851));
#15093=IFCFACEOUTERBOUND(#15092,.T.);
#15094=IFCFACE((#15093));
#15095=IFCPOLYLOOP((#13844,#13842,#13820));
#15096=IFCFACEOUTERBOUND(#15095,.T.);
#15097=IFCFACE((#15096));
#15098=IFCPOLYLOOP((#13839,#13817,#13843));
#15099=IFCFACEOUTERBOUND(#15098,.T.);
#15100=IFCFACE((#15099));
#15101=IFCPOLYLOOP((#13851,#13826,#13754));
#15102=IFCFACEOUTERBOUND(#15101,.T.);
#15103=IFCFACE((#15102));
#15104=IFCPOLYLOOP((#13851,#13757,#13756));
#15105=IFCFACEOUTERBOUND(#15104,.T.);
#15106=IFCFACE((#15105));
#15107=IFCPOLYLOOP((#13839,#13807,#13840));
#15108=IFCFACEOUTERBOUND(#15107,.T.);
#15109=IFCFACE((#15108));
#15110=IFCPOLYLOOP((#13841,#13840,#13842));
#15111=IFCFACEOUTERBOUND(#15110,.T.);
#15112=IFCFACE((#15111));
#15113=IFCPOLYLOOP((#13830,#13828,#13808));
#15114=IFCFACEOUTERBOUND(#15113,.T.);
#15115=IFCFACE((#15114));
#15116=IFCPOLYLOOP((#13831,#13829,#13823));
#15117=IFCFACEOUTERBOUND(#15116,.T.);
#15118=IFCFACE((#15117));
#15119=IFCPOLYLOOP((#13829,#13824,#13823));
#15120=IFCFACEOUTERBOUND(#15119,.T.);
#15121=IFCFACE((#15120));
#15122=IFCPOLYLOOP((#13838,#13825,#13804));
#15123=IFCFACEOUTERBOUND(#15122,.T.);
#15124=IFCFACE((#15123));
#15125=IFCPOLYLOOP((#13814,#13813,#13834));
#15126=IFCFACEOUTERBOUND(#15125,.T.);
#15127=IFCFACE((#15126));
#15128=IFCPOLYLOOP((#13831,#13822,#13829));
#15129=IFCFACEOUTERBOUND(#15128,.T.);
#15130=IFCFACE((#15129));
#15131=IFCPOLYLOOP((#13850,#13815,#13843));
#15132=IFCFACEOUTERBOUND(#15131,.T.);
#15133=IFCFACE((#15132));
#15134=IFCPOLYLOOP((#13828,#13829,#13822));
#15135=IFCFACEOUTERBOUND(#15134,.T.);
#15136=IFCFACE((#15135));
#15137=IFCPOLYLOOP((#13824,#13829,#13830));
#15138=IFCFACEOUTERBOUND(#15137,.T.);
#15139=IFCFACE((#15138));
#15140=IFCPOLYLOOP((#13830,#13811,#13824));
#15141=IFCFACEOUTERBOUND(#15140,.T.);
#15142=IFCFACE((#15141));
#15143=IFCPOLYLOOP((#13849,#13811,#13830));
#15144=IFCFACEOUTERBOUND(#15143,.T.);
#15145=IFCFACE((#15144));
#15146=IFCPOLYLOOP((#13848,#13806,#13833));
#15147=IFCFACEOUTERBOUND(#15146,.T.);
#15148=IFCFACE((#15147));
#15149=IFCPOLYLOOP((#13833,#13822,#13831));
#15150=IFCFACEOUTERBOUND(#15149,.T.);
#15151=IFCFACE((#15150));
#15152=IFCPOLYLOOP((#13848,#13847,#13806));
#15153=IFCFACEOUTERBOUND(#15152,.T.);
#15154=IFCFACE((#15153));
#15155=IFCPOLYLOOP((#13831,#13823,#13832));
#15156=IFCFACEOUTERBOUND(#15155,.T.);
#15157=IFCFACE((#15156));
#15158=IFCPOLYLOOP((#13838,#13814,#13834));
#15159=IFCFACEOUTERBOUND(#15158,.T.);
#15160=IFCFACE((#15159));
#15161=IFCPOLYLOOP((#13814,#13838,#13802));
#15162=IFCFACEOUTERBOUND(#15161,.T.);
#15163=IFCFACE((#15162));
#15164=IFCPOLYLOOP((#13813,#13836,#13834));
#15165=IFCFACEOUTERBOUND(#15164,.T.);
#15166=IFCFACE((#15165));
#15167=IFCPOLYLOOP((#13836,#13835,#13812));
#15168=IFCFACEOUTERBOUND(#15167,.T.);
#15169=IFCFACE((#15168));
#15170=IFCPOLYLOOP((#13849,#13837,#13811));
#15171=IFCFACEOUTERBOUND(#15170,.T.);
#15172=IFCFACE((#15171));
#15173=IFCPOLYLOOP((#13835,#13849,#13808));
#15174=IFCFACEOUTERBOUND(#15173,.T.);
#15175=IFCFACE((#15174));
#15176=IFCPOLYLOOP((#13836,#13813,#13837));
#15177=IFCFACEOUTERBOUND(#15176,.T.);
#15178=IFCFACE((#15177));
#15179=IFCPOLYLOOP((#13805,#13838,#13804));
#15180=IFCFACEOUTERBOUND(#15179,.T.);
#15181=IFCFACE((#15180));
#15182=IFCPOLYLOOP((#13810,#13839,#13840));
#15183=IFCFACEOUTERBOUND(#15182,.T.);
#15184=IFCFACE((#15183));
#15185=IFCPOLYLOOP((#13807,#13839,#13827));
#15186=IFCFACEOUTERBOUND(#15185,.T.);
#15187=IFCFACE((#15186));
#15188=IFCPOLYLOOP((#13844,#13819,#13842));
#15189=IFCFACEOUTERBOUND(#15188,.T.);
#15190=IFCFACE((#15189));
#15191=IFCPOLYLOOP((#13840,#13807,#13821));
#15192=IFCFACEOUTERBOUND(#15191,.T.);
#15193=IFCFACE((#15192));
#15194=IFCPOLYLOOP((#13841,#13810,#13840));
#15195=IFCFACEOUTERBOUND(#15194,.T.);
#15196=IFCFACE((#15195));
#15197=IFCPOLYLOOP((#13819,#13841,#13842));
#15198=IFCFACEOUTERBOUND(#15197,.T.);
#15199=IFCFACE((#15198));
#15200=IFCPOLYLOOP((#13821,#13842,#13840));
#15201=IFCFACEOUTERBOUND(#15200,.T.);
#15202=IFCFACE((#15201));
#15203=IFCPOLYLOOP((#13827,#13843,#13815));
#15204=IFCFACEOUTERBOUND(#15203,.T.);
#15205=IFCFACE((#15204));
#15206=IFCPOLYLOOP((#13843,#13817,#13816));
#15207=IFCFACEOUTERBOUND(#15206,.T.);
#15208=IFCFACE((#15207));
#15209=IFCPOLYLOOP((#13809,#13846,#13847));
#15210=IFCFACEOUTERBOUND(#15209,.T.);
#15211=IFCFACE((#15210));
#15212=IFCPOLYLOOP((#13846,#13819,#13844));
#15213=IFCFACEOUTERBOUND(#15212,.T.);
#15214=IFCFACE((#15213));
#15215=IFCPOLYLOOP((#13845,#13806,#13847));
#15216=IFCFACEOUTERBOUND(#15215,.T.);
#15217=IFCFACE((#15216));
#15218=IFCPOLYLOOP((#13844,#13820,#13845));
#15219=IFCFACEOUTERBOUND(#15218,.T.);
#15220=IFCFACE((#15219));
#15221=IFCPOLYLOOP((#13848,#13809,#13847));
#15222=IFCFACEOUTERBOUND(#15221,.T.);
#15223=IFCFACE((#15222));
#15224=IFCPOLYLOOP((#13845,#13847,#13844));
#15225=IFCFACEOUTERBOUND(#15224,.T.);
#15226=IFCFACE((#15225));
#15227=IFCPOLYLOOP((#13848,#13832,#13809));
#15228=IFCFACEOUTERBOUND(#15227,.T.);
#15229=IFCFACE((#15228));
#15230=IFCPOLYLOOP((#13852,#13832,#13848));
#15231=IFCFACEOUTERBOUND(#15230,.T.);
#15232=IFCFACE((#15231));
#15233=IFCPOLYLOOP((#13836,#13837,#13849));
#15234=IFCFACEOUTERBOUND(#15233,.T.);
#15235=IFCFACE((#15234));
#15236=IFCPOLYLOOP((#13808,#13849,#13830));
#15237=IFCFACEOUTERBOUND(#15236,.T.);
#15238=IFCFACE((#15237));
#15239=IFCPOLYLOOP((#13816,#13850,#13843));
#15240=IFCFACEOUTERBOUND(#15239,.T.);
#15241=IFCFACE((#15240));
#15242=IFCPOLYLOOP((#13815,#13850,#13818));
#15243=IFCFACEOUTERBOUND(#15242,.T.);
#15244=IFCFACE((#15243));
#15245=IFCPOLYLOOP((#13818,#13851,#13756));
#15246=IFCFACEOUTERBOUND(#15245,.T.);
#15247=IFCFACE((#15246));
#15248=IFCPOLYLOOP((#13757,#13851,#13754));
#15249=IFCFACEOUTERBOUND(#15248,.T.);
#15250=IFCFACE((#15249));
#15251=IFCPOLYLOOP((#13833,#13852,#13848));
#15252=IFCFACEOUTERBOUND(#15251,.T.);
#15253=IFCFACE((#15252));
#15254=IFCPOLYLOOP((#13852,#13831,#13832));
#15255=IFCFACEOUTERBOUND(#15254,.T.);
#15256=IFCFACE((#15255));
#15257=IFCPOLYLOOP((#13903,#13902,#13884));
#15258=IFCFACEOUTERBOUND(#15257,.T.);
#15259=IFCFACE((#15258));
#15260=IFCPOLYLOOP((#13981,#13872,#13947));
#15261=IFCFACEOUTERBOUND(#15260,.T.);
#15262=IFCFACE((#15261));
#15263=IFCPOLYLOOP((#13951,#13991,#14016));
#15264=IFCFACEOUTERBOUND(#15263,.T.);
#15265=IFCFACE((#15264));
#15266=IFCPOLYLOOP((#14021,#13890,#13967));
#15267=IFCFACEOUTERBOUND(#15266,.T.);
#15268=IFCFACE((#15267));
#15269=IFCPOLYLOOP((#13933,#13925,#13904));
#15270=IFCFACEOUTERBOUND(#15269,.T.);
#15271=IFCFACE((#15270));
#15272=IFCPOLYLOOP((#13905,#13869,#13900));
#15273=IFCFACEOUTERBOUND(#15272,.T.);
#15274=IFCFACE((#15273));
#15275=IFCPOLYLOOP((#13995,#13916,#13953,#13877));
#15276=IFCFACEOUTERBOUND(#15275,.T.);
#15277=IFCFACE((#15276));
#15278=IFCPOLYLOOP((#13936,#13937,#13934));
#15279=IFCFACEOUTERBOUND(#15278,.T.);
#15280=IFCFACE((#15279));
#15281=IFCPOLYLOOP((#13898,#13882,#13896,#13897));
#15282=IFCFACEOUTERBOUND(#15281,.T.);
#15283=IFCFACE((#15282));
#15284=IFCPOLYLOOP((#13893,#14028,#14029,#14024));
#15285=IFCFACEOUTERBOUND(#15284,.T.);
#15286=IFCFACE((#15285));
#15287=IFCPOLYLOOP((#13961,#14019,#14018));
#15288=IFCFACEOUTERBOUND(#15287,.T.);
#15289=IFCFACE((#15288));
#15290=IFCPOLYLOOP((#13935,#13937,#13936));
#15291=IFCFACEOUTERBOUND(#15290,.T.);
#15292=IFCFACE((#15291));
#15293=IFCPOLYLOOP((#13960,#14015,#14020));
#15294=IFCFACEOUTERBOUND(#15293,.T.);
#15295=IFCFACE((#15294));
#15296=IFCPOLYLOOP((#13950,#13989,#13992));
#15297=IFCFACEOUTERBOUND(#15296,.T.);
#15298=IFCFACE((#15297));
#15299=IFCPOLYLOOP((#13925,#13867,#13927));
#15300=IFCFACEOUTERBOUND(#15299,.T.);
#15301=IFCFACE((#15300));
#15302=IFCPOLYLOOP((#13920,#14007,#13957));
#15303=IFCFACEOUTERBOUND(#15302,.T.);
#15304=IFCFACE((#15303));
#15305=IFCPOLYLOOP((#13898,#13900,#13869));
#15306=IFCFACEOUTERBOUND(#15305,.T.);
#15307=IFCFACE((#15306));
#15308=IFCPOLYLOOP((#13854,#13855,#13901));
#15309=IFCFACEOUTERBOUND(#15308,.T.);
#15310=IFCFACE((#15309));
#15311=IFCPOLYLOOP((#13896,#13768,#13767));
#15312=IFCFACEOUTERBOUND(#15311,.T.);
#15313=IFCFACE((#15312));
#15314=IFCPOLYLOOP((#13944,#13973,#13976));
#15315=IFCFACEOUTERBOUND(#15314,.T.);
#15316=IFCFACE((#15315));
#15317=IFCPOLYLOOP((#13959,#14012,#14011));
#15318=IFCFACEOUTERBOUND(#15317,.T.);
#15319=IFCFACE((#15318));
#15320=IFCPOLYLOOP((#13945,#13975,#13980));
#15321=IFCFACEOUTERBOUND(#15320,.T.);
#15322=IFCFACE((#15321));
#15323=IFCPOLYLOOP((#13946,#13978,#13982));
#15324=IFCFACEOUTERBOUND(#15323,.T.);
#15325=IFCFACE((#15324));
#15326=IFCPOLYLOOP((#13970,#14024,#14029));
#15327=IFCFACEOUTERBOUND(#15326,.T.);
#15328=IFCFACE((#15327));
#15329=IFCPOLYLOOP((#13918,#14002,#13955));
#15330=IFCFACEOUTERBOUND(#15329,.T.);
#15331=IFCFACE((#15330));
#15332=IFCPOLYLOOP((#14000,#13918,#13955,#13876));
#15333=IFCFACEOUTERBOUND(#15332,.T.);
#15334=IFCFACE((#15333));
#15335=IFCPOLYLOOP((#13916,#13997,#13953));
#15336=IFCFACEOUTERBOUND(#15335,.T.);
#15337=IFCFACE((#15336));
#15338=IFCPOLYLOOP((#13767,#13894,#13897));
#15339=IFCFACEOUTERBOUND(#15338,.T.);
#15340=IFCFACE((#15339));
#15341=IFCPOLYLOOP((#13884,#13902,#13901));
#15342=IFCFACEOUTERBOUND(#15341,.T.);
#15343=IFCFACE((#15342));
#15344=IFCPOLYLOOP((#13878,#13934,#13903));
#15345=IFCFACEOUTERBOUND(#15344,.T.);
#15346=IFCFACE((#15345));
#15347=IFCPOLYLOOP((#13900,#13897,#13881));
#15348=IFCFACEOUTERBOUND(#15347,.T.);
#15349=IFCFACE((#15348));
#15350=IFCPOLYLOOP((#13903,#13934,#13879));
#15351=IFCFACEOUTERBOUND(#15350,.T.);
#15352=IFCFACE((#15351));
#15353=IFCPOLYLOOP((#13901,#13902,#13854));
#15354=IFCFACEOUTERBOUND(#15353,.T.);
#15355=IFCFACE((#15354));
#15356=IFCPOLYLOOP((#13887,#13931,#13930));
#15357=IFCFACEOUTERBOUND(#15356,.T.);
#15358=IFCFACE((#15357));
#15359=IFCPOLYLOOP((#14005,#13920,#13957,#13886));
#15360=IFCFACEOUTERBOUND(#15359,.T.);
#15361=IFCFACE((#15360));
#15362=IFCPOLYLOOP((#13928,#13929,#13930));
#15363=IFCFACEOUTERBOUND(#15362,.T.);
#15364=IFCFACE((#15363));
#15365=IFCPOLYLOOP((#13967,#14023,#14022));
#15366=IFCFACEOUTERBOUND(#15365,.T.);
#15367=IFCFACE((#15366));
#15368=IFCPOLYLOOP((#13958,#14009,#14013));
#15369=IFCFACEOUTERBOUND(#15368,.T.);
#15370=IFCFACE((#15369));
#15371=IFCPOLYLOOP((#13941,#13969,#14011));
#15372=IFCFACEOUTERBOUND(#15371,.T.);
#15373=IFCFACE((#15372));
#15374=IFCPOLYLOOP((#13912,#13987,#13949));
#15375=IFCFACEOUTERBOUND(#15374,.T.);
#15376=IFCFACE((#15375));
#15377=IFCPOLYLOOP((#13985,#13912,#13949,#13892));
#15378=IFCFACEOUTERBOUND(#15377,.T.);
#15379=IFCFACE((#15378));
#15380=IFCPOLYLOOP((#14025,#13977,#13859,#14024));
#15381=IFCFACEOUTERBOUND(#15380,.T.);
#15382=IFCFACE((#15381));
#15383=IFCPOLYLOOP((#13767,#13766,#13894));
#15384=IFCFACEOUTERBOUND(#15383,.T.);
#15385=IFCFACE((#15384));
#15386=IFCPOLYLOOP((#13895,#13853,#13854));
#15387=IFCFACEOUTERBOUND(#15386,.T.);
#15388=IFCFACE((#15387));
#15389=IFCPOLYLOOP((#13767,#13897,#13896));
#15390=IFCFACEOUTERBOUND(#15389,.T.);
#15391=IFCFACE((#15390));
#15392=IFCPOLYLOOP((#13897,#13894,#13881));
#15393=IFCFACEOUTERBOUND(#15392,.T.);
#15394=IFCFACE((#15393));
#15395=IFCPOLYLOOP((#13899,#13868,#13900,#13881));
#15396=IFCFACEOUTERBOUND(#15395,.T.);
#15397=IFCFACE((#15396));
#15398=IFCPOLYLOOP((#13898,#13897,#13900));
#15399=IFCFACEOUTERBOUND(#15398,.T.);
#15400=IFCFACE((#15399));
#15401=IFCPOLYLOOP((#13944,#13972,#14022));
#15402=IFCFACEOUTERBOUND(#15401,.T.);
#15403=IFCFACE((#15402));
#15404=IFCPOLYLOOP((#13895,#13854,#13902));
#15405=IFCFACEOUTERBOUND(#15404,.T.);
#15406=IFCFACE((#15405));
#15407=IFCPOLYLOOP((#13902,#13883,#13895));
#15408=IFCFACEOUTERBOUND(#15407,.T.);
#15409=IFCFACE((#15408));
#15410=IFCPOLYLOOP((#13883,#13902,#13903));
#15411=IFCFACEOUTERBOUND(#15410,.T.);
#15412=IFCFACE((#15411));
#15413=IFCPOLYLOOP((#13883,#13903,#13879));
#15414=IFCFACEOUTERBOUND(#15413,.T.);
#15415=IFCFACE((#15414));
#15416=IFCPOLYLOOP((#13943,#13878,#13903,#13884));
#15417=IFCFACEOUTERBOUND(#15416,.T.);
#15418=IFCFACE((#15417));
#15419=IFCPOLYLOOP((#13868,#13905,#13900));
#15420=IFCFACEOUTERBOUND(#15419,.T.);
#15421=IFCFACE((#15420));
#15422=IFCPOLYLOOP((#13926,#13869,#13905));
#15423=IFCFACEOUTERBOUND(#15422,.T.);
#15424=IFCFACE((#15423));
#15425=IFCPOLYLOOP((#13927,#13866,#13925));
#15426=IFCFACEOUTERBOUND(#15425,.T.);
#15427=IFCFACE((#15426));
#15428=IFCPOLYLOOP((#13906,#13867,#13925));
#15429=IFCFACEOUTERBOUND(#15428,.T.);
#15430=IFCFACE((#15429));
#15431=IFCPOLYLOOP((#13868,#13933,#13905));
#15432=IFCFACEOUTERBOUND(#15431,.T.);
#15433=IFCFACE((#15432));
#15434=IFCPOLYLOOP((#13974,#13907,#13945,#13872));
#15435=IFCFACEOUTERBOUND(#15434,.T.);
#15436=IFCFACE((#15435));
#15437=IFCPOLYLOOP((#13946,#13977,#14025));
#15438=IFCFACEOUTERBOUND(#15437,.T.);
#15439=IFCFACE((#15438));
#15440=IFCPOLYLOOP((#13979,#13909,#13947));
#15441=IFCFACEOUTERBOUND(#15440,.T.);
#15442=IFCFACE((#15441));
#15443=IFCPOLYLOOP((#13911,#13986,#13987,#13983));
#15444=IFCFACEOUTERBOUND(#15443,.T.);
#15445=IFCFACE((#15444));
#15446=IFCPOLYLOOP((#13948,#13983,#13987));
#15447=IFCFACEOUTERBOUND(#15446,.T.);
#15448=IFCFACE((#15447));
#15449=IFCPOLYLOOP((#13988,#13861,#13950,#13913));
#15450=IFCFACEOUTERBOUND(#15449,.T.);
#15451=IFCFACE((#15450));
#15452=IFCPOLYLOOP((#13990,#13913,#13951,#13865));
#15453=IFCFACEOUTERBOUND(#15452,.T.);
#15454=IFCFACE((#15453));
#15455=IFCPOLYLOOP((#13997,#13952,#13915));
#15456=IFCFACEOUTERBOUND(#15455,.T.);
#15457=IFCFACE((#15456));
#15458=IFCPOLYLOOP((#13993,#13915,#13952,#13857));
#15459=IFCFACEOUTERBOUND(#15458,.T.);
#15460=IFCFACE((#15459));
#15461=IFCPOLYLOOP((#13917,#14001,#14002,#13998));
#15462=IFCFACEOUTERBOUND(#15461,.T.);
#15463=IFCFACE((#15462));
#15464=IFCPOLYLOOP((#13954,#13998,#14002));
#15465=IFCFACEOUTERBOUND(#15464,.T.);
#15466=IFCFACE((#15465));
#15467=IFCPOLYLOOP((#14007,#13956,#13919));
#15468=IFCFACEOUTERBOUND(#15467,.T.);
#15469=IFCFACE((#15468));
#15470=IFCPOLYLOOP((#14003,#13919,#13956,#13860));
#15471=IFCFACEOUTERBOUND(#15470,.T.);
#15472=IFCFACE((#15471));
#15473=IFCPOLYLOOP((#14008,#13858,#13958,#13921));
#15474=IFCFACEOUTERBOUND(#15473,.T.);
#15475=IFCFACE((#15474));
#15476=IFCPOLYLOOP((#14010,#13921,#13959,#13889));
#15477=IFCFACEOUTERBOUND(#15476,.T.);
#15478=IFCFACE((#15477));
#15479=IFCPOLYLOOP((#14014,#13865,#13960,#13923));
#15480=IFCFACEOUTERBOUND(#15479,.T.);
#15481=IFCFACE((#15480));
#15482=IFCPOLYLOOP((#14017,#13923,#13961,#13862));
#15483=IFCFACEOUTERBOUND(#15482,.T.);
#15484=IFCFACE((#15483));
#15485=IFCPOLYLOOP((#13906,#13925,#13933));
#15486=IFCFACEOUTERBOUND(#15485,.T.);
#15487=IFCFACE((#15486));
#15488=IFCPOLYLOOP((#13962,#13904,#13925,#13866));
#15489=IFCFACEOUTERBOUND(#15488,.T.);
#15490=IFCFACE((#15489));
#15491=IFCPOLYLOOP((#13963,#13886,#13931,#13887));
#15492=IFCFACEOUTERBOUND(#15491,.T.);
#15493=IFCFACE((#15492));
#15494=IFCPOLYLOOP((#13904,#13926,#13933));
#15495=IFCFACEOUTERBOUND(#15494,.T.);
#15496=IFCFACE((#15495));
#15497=IFCPOLYLOOP((#13927,#13932,#13930));
#15498=IFCFACEOUTERBOUND(#15497,.T.);
#15499=IFCFACE((#15498));
#15500=IFCPOLYLOOP((#13930,#13929,#13927));
#15501=IFCFACEOUTERBOUND(#15500,.T.);
#15502=IFCFACE((#15501));
#15503=IFCPOLYLOOP((#13929,#13866,#13927));
#15504=IFCFACEOUTERBOUND(#15503,.T.);
#15505=IFCFACE((#15504));
#15506=IFCPOLYLOOP((#13931,#13928,#13930));
#15507=IFCFACEOUTERBOUND(#15506,.T.);
#15508=IFCFACE((#15507));
#15509=IFCPOLYLOOP((#13906,#13933,#13868));
#15510=IFCFACEOUTERBOUND(#15509,.T.);
#15511=IFCFACE((#15510));
#15512=IFCPOLYLOOP((#13964,#13928,#13931,#13885));
#15513=IFCFACEOUTERBOUND(#15512,.T.);
#15514=IFCFACE((#15513));
#15515=IFCPOLYLOOP((#13885,#13931,#13957));
#15516=IFCFACEOUTERBOUND(#15515,.T.);
#15517=IFCFACE((#15516));
#15518=IFCPOLYLOOP((#13887,#13930,#13932));
#15519=IFCFACEOUTERBOUND(#15518,.T.);
#15520=IFCFACE((#15519));
#15521=IFCPOLYLOOP((#13927,#13867,#13932));
#15522=IFCFACEOUTERBOUND(#15521,.T.);
#15523=IFCFACE((#15522));
#15524=IFCPOLYLOOP((#13905,#13933,#13926));
#15525=IFCFACEOUTERBOUND(#15524,.T.);
#15526=IFCFACE((#15525));
#15527=IFCPOLYLOOP((#13880,#13939,#13937));
#15528=IFCFACEOUTERBOUND(#15527,.T.);
#15529=IFCFACE((#15528));
#15530=IFCPOLYLOOP((#13937,#13938,#13880));
#15531=IFCFACEOUTERBOUND(#15530,.T.);
#15532=IFCFACE((#15531));
#15533=IFCPOLYLOOP((#13935,#13938,#13937));
#15534=IFCFACEOUTERBOUND(#15533,.T.);
#15535=IFCFACE((#15534));
#15536=IFCPOLYLOOP((#13934,#13937,#13939));
#15537=IFCFACEOUTERBOUND(#15536,.T.);
#15538=IFCFACE((#15537));
#15539=IFCPOLYLOOP((#13934,#13878,#13936));
#15540=IFCFACEOUTERBOUND(#15539,.T.);
#15541=IFCFACE((#15540));
#15542=IFCPOLYLOOP((#13965,#13880,#13938,#13863));
#15543=IFCFACEOUTERBOUND(#15542,.T.);
#15544=IFCFACE((#15543));
#15545=IFCPOLYLOOP((#13924,#14020,#14015));
#15546=IFCFACEOUTERBOUND(#15545,.T.);
#15547=IFCFACE((#15546));
#15548=IFCPOLYLOOP((#13938,#13966,#14018));
#15549=IFCFACEOUTERBOUND(#15548,.T.);
#15550=IFCFACE((#15549));
#15551=IFCPOLYLOOP((#13939,#13879,#13934));
#15552=IFCFACEOUTERBOUND(#15551,.T.);
#15553=IFCFACE((#15552));
#15554=IFCPOLYLOOP((#13922,#14013,#14009));
#15555=IFCFACEOUTERBOUND(#15554,.T.);
#15556=IFCFACE((#15555));
#15557=IFCPOLYLOOP((#13968,#13940,#13941,#13888));
#15558=IFCFACEOUTERBOUND(#15557,.T.);
#15559=IFCFACE((#15558));
#15560=IFCPOLYLOOP((#13890,#13941,#13967));
#15561=IFCFACEOUTERBOUND(#15560,.T.);
#15562=IFCFACE((#15561));
#15563=IFCPOLYLOOP((#13976,#13945,#13907));
#15564=IFCFACEOUTERBOUND(#15563,.T.);
#15565=IFCFACE((#15564));
#15566=IFCPOLYLOOP((#14027,#13942,#13971,#13891));
#15567=IFCFACEOUTERBOUND(#15566,.T.);
#15568=IFCFACE((#15567));
#15569=IFCPOLYLOOP((#13946,#14025,#13856));
#15570=IFCFACEOUTERBOUND(#15569,.T.);
#15571=IFCFACE((#15570));
#15572=IFCPOLYLOOP((#13910,#13981,#13982,#13978));
#15573=IFCFACEOUTERBOUND(#15572,.T.);
#15574=IFCFACE((#15573));
#15575=IFCPOLYLOOP((#13976,#13975,#13945));
#15576=IFCFACEOUTERBOUND(#15575,.T.);
#15577=IFCFACE((#15576));
#15578=IFCPOLYLOOP((#13982,#13947,#13909));
#15579=IFCFACEOUTERBOUND(#15578,.T.);
#15580=IFCFACE((#15579));
#15581=IFCPOLYLOOP((#13970,#13856,#14025));
#15582=IFCFACEOUTERBOUND(#15581,.T.);
#15583=IFCFACE((#15582));
#15584=IFCPOLYLOOP((#13947,#13980,#13979));
#15585=IFCFACEOUTERBOUND(#15584,.T.);
#15586=IFCFACE((#15585));
#15587=IFCPOLYLOOP((#13982,#13981,#13947));
#15588=IFCFACEOUTERBOUND(#15587,.T.);
#15589=IFCFACE((#15588));
#15590=IFCPOLYLOOP((#13875,#13948,#13954));
#15591=IFCFACEOUTERBOUND(#15590,.T.);
#15592=IFCFACE((#15591));
#15593=IFCPOLYLOOP((#13984,#13874,#13948,#13912));
#15594=IFCFACEOUTERBOUND(#15593,.T.);
#15595=IFCFACE((#15594));
#15596=IFCPOLYLOOP((#13892,#13949,#13971));
#15597=IFCFACEOUTERBOUND(#15596,.T.);
#15598=IFCFACE((#15597));
#15599=IFCPOLYLOOP((#13986,#13891,#13949));
#15600=IFCFACEOUTERBOUND(#15599,.T.);
#15601=IFCFACE((#15600));
#15602=IFCPOLYLOOP((#13992,#13951,#13913));
#15603=IFCFACEOUTERBOUND(#15602,.T.);
#15604=IFCFACE((#15603));
#15605=IFCPOLYLOOP((#13858,#13950,#13958));
#15606=IFCFACEOUTERBOUND(#15605,.T.);
#15607=IFCFACE((#15606));
#15608=IFCPOLYLOOP((#14016,#13960,#13865));
#15609=IFCFACEOUTERBOUND(#15608,.T.);
#15610=IFCFACE((#15609));
#15611=IFCPOLYLOOP((#13914,#13951,#13992));
#15612=IFCFACEOUTERBOUND(#15611,.T.);
#15613=IFCFACE((#15612));
#15614=IFCPOLYLOOP((#13857,#13952,#13956));
#15615=IFCFACEOUTERBOUND(#15614,.T.);
#15616=IFCFACE((#15615));
#15617=IFCPOLYLOOP((#13994,#13860,#13952));
#15618=IFCFACEOUTERBOUND(#15617,.T.);
#15619=IFCFACE((#15618));
#15620=IFCPOLYLOOP((#13877,#13953,#13955));
#15621=IFCFACEOUTERBOUND(#15620,.T.);
#15622=IFCFACE((#15621));
#15623=IFCPOLYLOOP((#13996,#13876,#13953));
#15624=IFCFACEOUTERBOUND(#15623,.T.);
#15625=IFCFACE((#15624));
#15626=IFCPOLYLOOP((#13874,#13954,#13948));
#15627=IFCFACEOUTERBOUND(#15626,.T.);
#15628=IFCFACE((#15627));
#15629=IFCPOLYLOOP((#13999,#13875,#13954));
#15630=IFCFACEOUTERBOUND(#15629,.T.);
#15631=IFCFACE((#15630));
#15632=IFCPOLYLOOP((#13876,#13955,#13953));
#15633=IFCFACEOUTERBOUND(#15632,.T.);
#15634=IFCFACE((#15633));
#15635=IFCPOLYLOOP((#14001,#13877,#13955));
#15636=IFCFACEOUTERBOUND(#15635,.T.);
#15637=IFCFACE((#15636));
#15638=IFCPOLYLOOP((#13860,#13956,#13952));
#15639=IFCFACEOUTERBOUND(#15638,.T.);
#15640=IFCFACE((#15639));
#15641=IFCPOLYLOOP((#14004,#13857,#13956));
#15642=IFCFACEOUTERBOUND(#15641,.T.);
#15643=IFCFACE((#15642));
#15644=IFCPOLYLOOP((#13886,#13957,#13931));
#15645=IFCFACEOUTERBOUND(#15644,.T.);
#15646=IFCFACE((#15645));
#15647=IFCPOLYLOOP((#14006,#13885,#13957));
#15648=IFCFACEOUTERBOUND(#15647,.T.);
#15649=IFCFACE((#15648));
#15650=IFCPOLYLOOP((#14013,#13959,#13921));
#15651=IFCFACEOUTERBOUND(#15650,.T.);
#15652=IFCFACE((#15651));
#15653=IFCPOLYLOOP((#13861,#13958,#13950));
#15654=IFCFACEOUTERBOUND(#15653,.T.);
#15655=IFCFACE((#15654));
#15656=IFCPOLYLOOP((#14011,#13889,#13959));
#15657=IFCFACEOUTERBOUND(#15656,.T.);
#15658=IFCFACE((#15657));
#15659=IFCPOLYLOOP((#13922,#13959,#14013));
#15660=IFCFACEOUTERBOUND(#15659,.T.);
#15661=IFCFACE((#15660));
#15662=IFCPOLYLOOP((#14020,#13961,#13923));
#15663=IFCFACEOUTERBOUND(#15662,.T.);
#15664=IFCFACE((#15663));
#15665=IFCPOLYLOOP((#13864,#13960,#14016));
#15666=IFCFACEOUTERBOUND(#15665,.T.);
#15667=IFCFACE((#15666));
#15668=IFCPOLYLOOP((#14018,#13862,#13961));
#15669=IFCFACEOUTERBOUND(#15668,.T.);
#15670=IFCFACE((#15669));
#15671=IFCPOLYLOOP((#13924,#13961,#14020));
#15672=IFCFACEOUTERBOUND(#15671,.T.);
#15673=IFCFACE((#15672));
#15674=IFCPOLYLOOP((#13967,#14022,#14021));
#15675=IFCFACEOUTERBOUND(#15674,.T.);
#15676=IFCFACE((#15675));
#15677=IFCPOLYLOOP((#13938,#13935,#13966));
#15678=IFCFACEOUTERBOUND(#15677,.T.);
#15679=IFCFACE((#15678));
#15680=IFCPOLYLOOP((#13940,#13967,#13941));
#15681=IFCFACEOUTERBOUND(#15680,.T.);
#15682=IFCFACE((#15681));
#15683=IFCPOLYLOOP((#14026,#13856,#13970,#13942));
#15684=IFCFACEOUTERBOUND(#15683,.T.);
#15685=IFCFACE((#15684));
#15686=IFCPOLYLOOP((#13941,#13890,#13969));
#15687=IFCFACEOUTERBOUND(#15686,.T.);
#15688=IFCFACE((#15687));
#15689=IFCPOLYLOOP((#13971,#13942,#14029));
#15690=IFCFACEOUTERBOUND(#15689,.T.);
#15691=IFCFACE((#15690));
#15692=IFCPOLYLOOP((#13891,#13971,#13949));
#15693=IFCFACEOUTERBOUND(#15692,.T.);
#15694=IFCFACE((#15693));
#15695=IFCPOLYLOOP((#14028,#13892,#13971));
#15696=IFCFACEOUTERBOUND(#15695,.T.);
#15697=IFCFACE((#15696));
#15698=IFCPOLYLOOP((#13908,#13975,#13976,#13973));
#15699=IFCFACEOUTERBOUND(#15698,.T.);
#15700=IFCFACE((#15699));
#15701=IFCPOLYLOOP((#13972,#13944,#13907));
#15702=IFCFACEOUTERBOUND(#15701,.T.);
#15703=IFCFACE((#15702));
#15704=IFCPOLYLOOP((#13944,#13870,#13973));
#15705=IFCFACEOUTERBOUND(#15704,.T.);
#15706=IFCFACE((#15705));
#15707=IFCPOLYLOOP((#13944,#13976,#13907));
#15708=IFCFACEOUTERBOUND(#15707,.T.);
#15709=IFCFACE((#15708));
#15710=IFCPOLYLOOP((#13873,#13979,#13980,#13975));
#15711=IFCFACEOUTERBOUND(#15710,.T.);
#15712=IFCFACE((#15711));
#15713=IFCPOLYLOOP((#13946,#13909,#13977));
#15714=IFCFACEOUTERBOUND(#15713,.T.);
#15715=IFCFACE((#15714));
#15716=IFCPOLYLOOP((#13946,#13856,#13978));
#15717=IFCFACEOUTERBOUND(#15716,.T.);
#15718=IFCFACE((#15717));
#15719=IFCPOLYLOOP((#13945,#13980,#13872));
#15720=IFCFACEOUTERBOUND(#15719,.T.);
#15721=IFCFACE((#15720));
#15722=IFCPOLYLOOP((#13980,#13947,#13872));
#15723=IFCFACEOUTERBOUND(#15722,.T.);
#15724=IFCFACE((#15723));
#15725=IFCPOLYLOOP((#13946,#13982,#13909));
#15726=IFCFACEOUTERBOUND(#15725,.T.);
#15727=IFCFACE((#15726));
#15728=IFCPOLYLOOP((#13948,#13987,#13912));
#15729=IFCFACEOUTERBOUND(#15728,.T.);
#15730=IFCFACE((#15729));
#15731=IFCPOLYLOOP((#13983,#13948,#13875));
#15732=IFCFACEOUTERBOUND(#15731,.T.);
#15733=IFCFACE((#15732));
#15734=IFCPOLYLOOP((#13949,#13987,#13986));
#15735=IFCFACEOUTERBOUND(#15734,.T.);
#15736=IFCFACE((#15735));
#15737=IFCPOLYLOOP((#13914,#13992,#13989));
#15738=IFCFACEOUTERBOUND(#15737,.T.);
#15739=IFCFACE((#15738));
#15740=IFCPOLYLOOP((#13950,#13858,#13989));
#15741=IFCFACEOUTERBOUND(#15740,.T.);
#15742=IFCFACE((#15741));
#15743=IFCPOLYLOOP((#13951,#13914,#13991));
#15744=IFCFACEOUTERBOUND(#15743,.T.);
#15745=IFCFACE((#15744));
#15746=IFCPOLYLOOP((#13950,#13992,#13913));
#15747=IFCFACEOUTERBOUND(#15746,.T.);
#15748=IFCFACE((#15747));
#15749=IFCPOLYLOOP((#13994,#13952,#13997));
#15750=IFCFACEOUTERBOUND(#15749,.T.);
#15751=IFCFACE((#15750));
#15752=IFCPOLYLOOP((#13916,#13994,#13997));
#15753=IFCFACEOUTERBOUND(#15752,.T.);
#15754=IFCFACE((#15753));
#15755=IFCPOLYLOOP((#13915,#13996,#13997));
#15756=IFCFACEOUTERBOUND(#15755,.T.);
#15757=IFCFACE((#15756));
#15758=IFCPOLYLOOP((#13953,#13997,#13996));
#15759=IFCFACEOUTERBOUND(#15758,.T.);
#15760=IFCFACE((#15759));
#15761=IFCPOLYLOOP((#13999,#13954,#14002));
#15762=IFCFACEOUTERBOUND(#15761,.T.);
#15763=IFCFACE((#15762));
#15764=IFCPOLYLOOP((#13998,#13954,#13874));
#15765=IFCFACEOUTERBOUND(#15764,.T.);
#15766=IFCFACE((#15765));
#15767=IFCPOLYLOOP((#13918,#13999,#14002));
#15768=IFCFACEOUTERBOUND(#15767,.T.);
#15769=IFCFACE((#15768));
#15770=IFCPOLYLOOP((#13955,#14002,#14001));
#15771=IFCFACEOUTERBOUND(#15770,.T.);
#15772=IFCFACE((#15771));
#15773=IFCPOLYLOOP((#14004,#13956,#14007));
#15774=IFCFACEOUTERBOUND(#15773,.T.);
#15775=IFCFACE((#15774));
#15776=IFCPOLYLOOP((#13920,#14004,#14007));
#15777=IFCFACEOUTERBOUND(#15776,.T.);
#15778=IFCFACE((#15777));
#15779=IFCPOLYLOOP((#13919,#14006,#14007));
#15780=IFCFACEOUTERBOUND(#15779,.T.);
#15781=IFCFACE((#15780));
#15782=IFCPOLYLOOP((#13957,#14007,#14006));
#15783=IFCFACEOUTERBOUND(#15782,.T.);
#15784=IFCFACE((#15783));
#15785=IFCPOLYLOOP((#13889,#14011,#13969));
#15786=IFCFACEOUTERBOUND(#15785,.T.);
#15787=IFCFACE((#15786));
#15788=IFCPOLYLOOP((#13958,#13861,#14009));
#15789=IFCFACEOUTERBOUND(#15788,.T.);
#15790=IFCFACE((#15789));
#15791=IFCPOLYLOOP((#13941,#14011,#13888));
#15792=IFCFACEOUTERBOUND(#15791,.T.);
#15793=IFCFACE((#15792));
#15794=IFCPOLYLOOP((#13888,#14011,#14012));
#15795=IFCFACEOUTERBOUND(#15794,.T.);
#15796=IFCFACE((#15795));
#15797=IFCPOLYLOOP((#13959,#13922,#14012));
#15798=IFCFACEOUTERBOUND(#15797,.T.);
#15799=IFCFACE((#15798));
#15800=IFCPOLYLOOP((#13958,#14013,#13921));
#15801=IFCFACEOUTERBOUND(#15800,.T.);
#15802=IFCFACE((#15801));
#15803=IFCPOLYLOOP((#13864,#14016,#13991));
#15804=IFCFACEOUTERBOUND(#15803,.T.);
#15805=IFCFACE((#15804));
#15806=IFCPOLYLOOP((#13960,#13864,#14015));
#15807=IFCFACEOUTERBOUND(#15806,.T.);
#15808=IFCFACE((#15807));
#15809=IFCPOLYLOOP((#13951,#14016,#13865));
#15810=IFCFACEOUTERBOUND(#15809,.T.);
#15811=IFCFACE((#15810));
#15812=IFCPOLYLOOP((#13862,#14018,#13966));
#15813=IFCFACEOUTERBOUND(#15812,.T.);
#15814=IFCFACE((#15813));
#15815=IFCPOLYLOOP((#13938,#14018,#13863));
#15816=IFCFACEOUTERBOUND(#15815,.T.);
#15817=IFCFACE((#15816));
#15818=IFCPOLYLOOP((#13863,#14018,#14019));
#15819=IFCFACEOUTERBOUND(#15818,.T.);
#15820=IFCFACE((#15819));
#15821=IFCPOLYLOOP((#13961,#13924,#14019));
#15822=IFCFACEOUTERBOUND(#15821,.T.);
#15823=IFCFACE((#15822));
#15824=IFCPOLYLOOP((#13960,#14020,#13923));
#15825=IFCFACEOUTERBOUND(#15824,.T.);
#15826=IFCFACE((#15825));
#15827=IFCPOLYLOOP((#13871,#14021,#14022,#13972));
#15828=IFCFACEOUTERBOUND(#15827,.T.);
#15829=IFCFACE((#15828));
#15830=IFCPOLYLOOP((#13944,#14022,#13870));
#15831=IFCFACEOUTERBOUND(#15830,.T.);
#15832=IFCFACE((#15831));
#15833=IFCPOLYLOOP((#13870,#14022,#14023));
#15834=IFCFACEOUTERBOUND(#15833,.T.);
#15835=IFCFACE((#15834));
#15836=IFCPOLYLOOP((#13967,#13940,#14023));
#15837=IFCFACEOUTERBOUND(#15836,.T.);
#15838=IFCFACE((#15837));
#15839=IFCPOLYLOOP((#13970,#14025,#14024));
#15840=IFCFACEOUTERBOUND(#15839,.T.);
#15841=IFCFACE((#15840));
#15842=IFCPOLYLOOP((#13970,#14029,#13942));
#15843=IFCFACEOUTERBOUND(#15842,.T.);
#15844=IFCFACE((#15843));
#15845=IFCPOLYLOOP((#13971,#14029,#14028));
#15846=IFCFACEOUTERBOUND(#15845,.T.);
#15847=IFCFACE((#15846));
#15848=IFCPOLYLOOP((#13799,#14030,#13853,#13895,#13883,#13879,#13939,#13880,#13965,#13863,#14019,#13924,#14015,#13864,#13991,#13914,#13989,#13858,#14008,#13921,#14010,#13889,#13969,#13890,#14021,#13871,#13972,#13907,#13974,#13872,#13981,#13910,#13978,#13856,#14026,#13942,#14027,#13891,#13986,#13911,#13983,#13875,#13999,#13918,#14000,#13876,#13996,#13915,#13993,#13857,#14004,#13920,#14005,#13886,#13963,#13887,#13932,#13867,#13906,#13868,#13899,#13881,#13894,#13766));
#15849=IFCFACEOUTERBOUND(#15848,.T.);
#15850=IFCFACE((#15849));
#15851=IFCPOLYLOOP((#13799,#13801,#14030));
#15852=IFCFACEOUTERBOUND(#15851,.T.);
#15853=IFCFACE((#15852));
#15854=IFCPOLYLOOP((#13801,#13799,#13753));
#15855=IFCFACEOUTERBOUND(#15854,.T.);
#15856=IFCFACE((#15855));
#15857=IFCPOLYLOOP((#13513,#13753,#13799));
#15858=IFCFACEOUTERBOUND(#15857,.T.);
#15859=IFCFACE((#15858));
#15860=IFCPOLYLOOP((#13799,#13751,#13513));
#15861=IFCFACEOUTERBOUND(#15860,.T.);
#15862=IFCFACE((#15861));
#15863=IFCPOLYLOOP((#13514,#13513,#13751));
#15864=IFCFACEOUTERBOUND(#15863,.T.);
#15865=IFCFACE((#15864));
#15866=IFCPOLYLOOP((#13751,#13750,#13514));
#15867=IFCFACEOUTERBOUND(#15866,.T.);
#15868=IFCFACE((#15867));
#15869=IFCPOLYLOOP((#14030,#13514,#13750));
#15870=IFCFACEOUTERBOUND(#15869,.T.);
#15871=IFCFACE((#15870));
#15872=IFCPOLYLOOP((#13514,#14030,#13801));
#15873=IFCFACEOUTERBOUND(#15872,.T.);
#15874=IFCFACE((#15873));
#15875=IFCPOLYLOOP((#13511,#13514,#13801,#13800));
#15876=IFCFACEOUTERBOUND(#15875,.T.);
#15877=IFCFACE((#15876));
#15878=IFCPOLYLOOP((#13752,#13803,#13800));
#15879=IFCFACEOUTERBOUND(#15878,.T.);
#15880=IFCFACE((#15879));
#15881=IFCPOLYLOOP((#13803,#13752,#13755));
#15882=IFCFACEOUTERBOUND(#15881,.T.);
#15883=IFCFACE((#15882));
#15884=IFCPOLYLOOP((#13517,#13755,#13752));
#15885=IFCFACEOUTERBOUND(#15884,.T.);
#15886=IFCFACE((#15885));
#15887=IFCPOLYLOOP((#13752,#13512,#13517));
#15888=IFCFACEOUTERBOUND(#15887,.T.);
#15889=IFCFACE((#15888));
#15890=IFCPOLYLOOP((#13518,#13517,#13512));
#15891=IFCFACEOUTERBOUND(#15890,.T.);
#15892=IFCFACE((#15891));
#15893=IFCPOLYLOOP((#13512,#13511,#13518));
#15894=IFCFACEOUTERBOUND(#15893,.T.);
#15895=IFCFACE((#15894));
#15896=IFCPOLYLOOP((#13800,#13518,#13511));
#15897=IFCFACEOUTERBOUND(#15896,.T.);
#15898=IFCFACE((#15897));
#15899=IFCPOLYLOOP((#13518,#13800,#13803));
#15900=IFCFACEOUTERBOUND(#15899,.T.);
#15901=IFCFACE((#15900));
#15902=IFCPOLYLOOP((#13518,#13803,#13802,#14033,#14031,#13515));
#15903=IFCFACEOUTERBOUND(#15902,.T.);
#15904=IFCFACE((#15903));
#15905=IFCPOLYLOOP((#14032,#14036,#14034,#14035));
#15906=IFCFACEOUTERBOUND(#15905,.T.);
#15907=IFCFACE((#15906));
#15908=IFCPOLYLOOP((#14037,#13805,#14035));
#15909=IFCFACEOUTERBOUND(#15908,.T.);
#15910=IFCFACE((#15909));
#15911=IFCPOLYLOOP((#14038,#13522,#13515));
#15912=IFCFACEOUTERBOUND(#15911,.T.);
#15913=IFCFACE((#15912));
#15914=IFCPOLYLOOP((#14038,#14031,#14034));
#15915=IFCFACEOUTERBOUND(#15914,.T.);
#15916=IFCFACE((#15915));
#15917=IFCPOLYLOOP((#14037,#14033,#13802));
#15918=IFCFACEOUTERBOUND(#15917,.T.);
#15919=IFCFACE((#15918));
#15920=IFCPOLYLOOP((#14031,#14033,#14034));
#15921=IFCFACEOUTERBOUND(#15920,.T.);
#15922=IFCFACE((#15921));
#15923=IFCPOLYLOOP((#14038,#14034,#14036));
#15924=IFCFACEOUTERBOUND(#15923,.T.);
#15925=IFCFACE((#15924));
#15926=IFCPOLYLOOP((#14034,#14037,#14035));
#15927=IFCFACEOUTERBOUND(#15926,.T.);
#15928=IFCFACE((#15927));
#15929=IFCPOLYLOOP((#14034,#14033,#14037));
#15930=IFCFACEOUTERBOUND(#15929,.T.);
#15931=IFCFACE((#15930));
#15932=IFCPOLYLOOP((#13805,#13804,#14035));
#15933=IFCFACEOUTERBOUND(#15932,.T.);
#15934=IFCFACE((#15933));
#15935=IFCPOLYLOOP((#14036,#13519,#13522));
#15936=IFCFACEOUTERBOUND(#15935,.T.);
#15937=IFCFACE((#15936));
#15938=IFCPOLYLOOP((#13805,#14037,#13802));
#15939=IFCFACEOUTERBOUND(#15938,.T.);
#15940=IFCFACE((#15939));
#15941=IFCPOLYLOOP((#14031,#14038,#13515));
#15942=IFCFACEOUTERBOUND(#15941,.T.);
#15943=IFCFACE((#15942));
#15944=IFCPOLYLOOP((#13522,#14038,#14036));
#15945=IFCFACEOUTERBOUND(#15944,.T.);
#15946=IFCFACE((#15945));
#15947=IFCPOLYLOOP((#13756,#13768,#13896));
#15948=IFCFACEOUTERBOUND(#15947,.T.);
#15949=IFCFACE((#15948));
#15950=IFCPOLYLOOP((#13768,#13756,#13763));
#15951=IFCFACEOUTERBOUND(#15950,.T.);
#15952=IFCFACE((#15951));
#15953=IFCPOLYLOOP((#13855,#13519,#14036));
#15954=IFCFACEOUTERBOUND(#15953,.T.);
#15955=IFCFACE((#15954));
#15956=IFCPOLYLOOP((#13855,#13804,#13825));
#15957=IFCFACEOUTERBOUND(#15956,.T.);
#15958=IFCFACE((#15957));
#15959=IFCPOLYLOOP((#13520,#13574,#13616));
#15960=IFCFACEOUTERBOUND(#15959,.T.);
#15961=IFCFACE((#15960));
#15962=IFCPOLYLOOP((#13520,#13573,#13784));
#15963=IFCFACEOUTERBOUND(#15962,.T.);
#15964=IFCFACE((#15963));
#15965=IFCPOLYLOOP((#13519,#13855,#14054));
#15966=IFCFACEOUTERBOUND(#15965,.T.);
#15967=IFCFACE((#15966));
#15968=IFCPOLYLOOP((#13574,#13520,#13542));
#15969=IFCFACEOUTERBOUND(#15968,.T.);
#15970=IFCFACE((#15969));
#15971=IFCPOLYLOOP((#13756,#13896,#13882));
#15972=IFCFACEOUTERBOUND(#15971,.T.);
#15973=IFCFACE((#15972));
#15974=IFCPOLYLOOP((#13756,#13882,#13898));
#15975=IFCFACEOUTERBOUND(#15974,.T.);
#15976=IFCFACE((#15975));
#15977=IFCPOLYLOOP((#13756,#13898,#13869));
#15978=IFCFACEOUTERBOUND(#15977,.T.);
#15979=IFCFACE((#15978));
#15980=IFCPOLYLOOP((#13756,#13869,#13926));
#15981=IFCFACEOUTERBOUND(#15980,.T.);
#15982=IFCFACE((#15981));
#15983=IFCPOLYLOOP((#13756,#13926,#13904));
#15984=IFCFACEOUTERBOUND(#15983,.T.);
#15985=IFCFACE((#15984));
#15986=IFCPOLYLOOP((#13756,#13904,#13962));
#15987=IFCFACEOUTERBOUND(#15986,.T.);
#15988=IFCFACE((#15987));
#15989=IFCPOLYLOOP((#13756,#13962,#13866));
#15990=IFCFACEOUTERBOUND(#15989,.T.);
#15991=IFCFACE((#15990));
#15992=IFCPOLYLOOP((#13756,#13866,#13929));
#15993=IFCFACEOUTERBOUND(#15992,.T.);
#15994=IFCFACE((#15993));
#15995=IFCPOLYLOOP((#13756,#13929,#13928));
#15996=IFCFACEOUTERBOUND(#15995,.T.);
#15997=IFCFACE((#15996));
#15998=IFCPOLYLOOP((#13756,#13928,#13964));
#15999=IFCFACEOUTERBOUND(#15998,.T.);
#16000=IFCFACE((#15999));
#16001=IFCPOLYLOOP((#13756,#13964,#13885));
#16002=IFCFACEOUTERBOUND(#16001,.T.);
#16003=IFCFACE((#16002));
#16004=IFCPOLYLOOP((#13756,#13885,#14006));
#16005=IFCFACEOUTERBOUND(#16004,.T.);
#16006=IFCFACE((#16005));
#16007=IFCPOLYLOOP((#13756,#14006,#13919));
#16008=IFCFACEOUTERBOUND(#16007,.T.);
#16009=IFCFACE((#16008));
#16010=IFCPOLYLOOP((#13756,#13919,#14003));
#16011=IFCFACEOUTERBOUND(#16010,.T.);
#16012=IFCFACE((#16011));
#16013=IFCPOLYLOOP((#13756,#14003,#13860));
#16014=IFCFACEOUTERBOUND(#16013,.T.);
#16015=IFCFACE((#16014));
#16016=IFCPOLYLOOP((#13756,#13860,#13994));
#16017=IFCFACEOUTERBOUND(#16016,.T.);
#16018=IFCFACE((#16017));
#16019=IFCPOLYLOOP((#13756,#13994,#13916));
#16020=IFCFACEOUTERBOUND(#16019,.T.);
#16021=IFCFACE((#16020));
#16022=IFCPOLYLOOP((#13756,#13916,#13995));
#16023=IFCFACEOUTERBOUND(#16022,.T.);
#16024=IFCFACE((#16023));
#16025=IFCPOLYLOOP((#13756,#13995,#13877));
#16026=IFCFACEOUTERBOUND(#16025,.T.);
#16027=IFCFACE((#16026));
#16028=IFCPOLYLOOP((#13756,#13877,#14001));
#16029=IFCFACEOUTERBOUND(#16028,.T.);
#16030=IFCFACE((#16029));
#16031=IFCPOLYLOOP((#13756,#14001,#13917));
#16032=IFCFACEOUTERBOUND(#16031,.T.);
#16033=IFCFACE((#16032));
#16034=IFCPOLYLOOP((#13756,#13917,#13998));
#16035=IFCFACEOUTERBOUND(#16034,.T.);
#16036=IFCFACE((#16035));
#16037=IFCPOLYLOOP((#13756,#13998,#13874));
#16038=IFCFACEOUTERBOUND(#16037,.T.);
#16039=IFCFACE((#16038));
#16040=IFCPOLYLOOP((#13756,#13874,#13984));
#16041=IFCFACEOUTERBOUND(#16040,.T.);
#16042=IFCFACE((#16041));
#16043=IFCPOLYLOOP((#13756,#13984,#13912));
#16044=IFCFACEOUTERBOUND(#16043,.T.);
#16045=IFCFACE((#16044));
#16046=IFCPOLYLOOP((#13756,#13912,#13985));
#16047=IFCFACEOUTERBOUND(#16046,.T.);
#16048=IFCFACE((#16047));
#16049=IFCPOLYLOOP((#13756,#13985,#13892));
#16050=IFCFACEOUTERBOUND(#16049,.T.);
#16051=IFCFACE((#16050));
#16052=IFCPOLYLOOP((#13756,#13892,#14028));
#16053=IFCFACEOUTERBOUND(#16052,.T.);
#16054=IFCFACE((#16053));
#16055=IFCPOLYLOOP((#13756,#14028,#13893));
#16056=IFCFACEOUTERBOUND(#16055,.T.);
#16057=IFCFACE((#16056));
#16058=IFCPOLYLOOP((#13756,#13893,#14024));
#16059=IFCFACEOUTERBOUND(#16058,.T.);
#16060=IFCFACE((#16059));
#16061=IFCPOLYLOOP((#13756,#14024,#13859));
#16062=IFCFACEOUTERBOUND(#16061,.T.);
#16063=IFCFACE((#16062));
#16064=IFCPOLYLOOP((#13756,#13859,#13977));
#16065=IFCFACEOUTERBOUND(#16064,.T.);
#16066=IFCFACE((#16065));
#16067=IFCPOLYLOOP((#13756,#13977,#13909));
#16068=IFCFACEOUTERBOUND(#16067,.T.);
#16069=IFCFACE((#16068));
#16070=IFCPOLYLOOP((#13756,#13909,#13979));
#16071=IFCFACEOUTERBOUND(#16070,.T.);
#16072=IFCFACE((#16071));
#16073=IFCPOLYLOOP((#13756,#13979,#13873));
#16074=IFCFACEOUTERBOUND(#16073,.T.);
#16075=IFCFACE((#16074));
#16076=IFCPOLYLOOP((#13756,#13873,#13975));
#16077=IFCFACEOUTERBOUND(#16076,.T.);
#16078=IFCFACE((#16077));
#16079=IFCPOLYLOOP((#13756,#13975,#13908));
#16080=IFCFACEOUTERBOUND(#16079,.T.);
#16081=IFCFACE((#16080));
#16082=IFCPOLYLOOP((#13756,#13908,#13973));
#16083=IFCFACEOUTERBOUND(#16082,.T.);
#16084=IFCFACE((#16083));
#16085=IFCPOLYLOOP((#13756,#13973,#13870));
#16086=IFCFACEOUTERBOUND(#16085,.T.);
#16087=IFCFACE((#16086));
#16088=IFCPOLYLOOP((#13756,#13870,#14023));
#16089=IFCFACEOUTERBOUND(#16088,.T.);
#16090=IFCFACE((#16089));
#16091=IFCPOLYLOOP((#13756,#14023,#13940));
#16092=IFCFACEOUTERBOUND(#16091,.T.);
#16093=IFCFACE((#16092));
#16094=IFCPOLYLOOP((#13756,#13940,#13968));
#16095=IFCFACEOUTERBOUND(#16094,.T.);
#16096=IFCFACE((#16095));
#16097=IFCPOLYLOOP((#13756,#13968,#13888));
#16098=IFCFACEOUTERBOUND(#16097,.T.);
#16099=IFCFACE((#16098));
#16100=IFCPOLYLOOP((#13756,#13888,#14012));
#16101=IFCFACEOUTERBOUND(#16100,.T.);
#16102=IFCFACE((#16101));
#16103=IFCPOLYLOOP((#13756,#14012,#13922));
#16104=IFCFACEOUTERBOUND(#16103,.T.);
#16105=IFCFACE((#16104));
#16106=IFCPOLYLOOP((#13756,#13922,#14009));
#16107=IFCFACEOUTERBOUND(#16106,.T.);
#16108=IFCFACE((#16107));
#16109=IFCPOLYLOOP((#13756,#14009,#13861));
#16110=IFCFACEOUTERBOUND(#16109,.T.);
#16111=IFCFACE((#16110));
#16112=IFCPOLYLOOP((#13756,#13861,#13988));
#16113=IFCFACEOUTERBOUND(#16112,.T.);
#16114=IFCFACE((#16113));
#16115=IFCPOLYLOOP((#13756,#13988,#13913));
#16116=IFCFACEOUTERBOUND(#16115,.T.);
#16117=IFCFACE((#16116));
#16118=IFCPOLYLOOP((#13756,#13913,#13990));
#16119=IFCFACEOUTERBOUND(#16118,.T.);
#16120=IFCFACE((#16119));
#16121=IFCPOLYLOOP((#13756,#13990,#13865));
#16122=IFCFACEOUTERBOUND(#16121,.T.);
#16123=IFCFACE((#16122));
#16124=IFCPOLYLOOP((#13756,#13865,#14014));
#16125=IFCFACEOUTERBOUND(#16124,.T.);
#16126=IFCFACE((#16125));
#16127=IFCPOLYLOOP((#13756,#14014,#13923));
#16128=IFCFACEOUTERBOUND(#16127,.T.);
#16129=IFCFACE((#16128));
#16130=IFCPOLYLOOP((#13756,#13923,#14017));
#16131=IFCFACEOUTERBOUND(#16130,.T.);
#16132=IFCFACE((#16131));
#16133=IFCPOLYLOOP((#13756,#14017,#13862));
#16134=IFCFACEOUTERBOUND(#16133,.T.);
#16135=IFCFACE((#16134));
#16136=IFCPOLYLOOP((#13756,#13862,#13966));
#16137=IFCFACEOUTERBOUND(#16136,.T.);
#16138=IFCFACE((#16137));
#16139=IFCPOLYLOOP((#13756,#13966,#13935));
#16140=IFCFACEOUTERBOUND(#16139,.T.);
#16141=IFCFACE((#16140));
#16142=IFCPOLYLOOP((#13756,#13935,#13936));
#16143=IFCFACEOUTERBOUND(#16142,.T.);
#16144=IFCFACE((#16143));
#16145=IFCPOLYLOOP((#13756,#13936,#13878));
#16146=IFCFACEOUTERBOUND(#16145,.T.);
#16147=IFCFACE((#16146));
#16148=IFCPOLYLOOP((#13756,#13878,#13943));
#16149=IFCFACEOUTERBOUND(#16148,.T.);
#16150=IFCFACE((#16149));
#16151=IFCPOLYLOOP((#13756,#13943,#13884));
#16152=IFCFACEOUTERBOUND(#16151,.T.);
#16153=IFCFACE((#16152));
#16154=IFCPOLYLOOP((#13756,#13884,#13901));
#16155=IFCFACEOUTERBOUND(#16154,.T.);
#16156=IFCFACE((#16155));
#16157=IFCPOLYLOOP((#13756,#13901,#13855));
#16158=IFCFACEOUTERBOUND(#16157,.T.);
#16159=IFCFACE((#16158));
#16160=IFCPOLYLOOP((#13768,#13763,#13759));
#16161=IFCFACEOUTERBOUND(#16160,.T.);
#16162=IFCFACE((#16161));
#16163=IFCPOLYLOOP((#13768,#13759,#13762));
#16164=IFCFACEOUTERBOUND(#16163,.T.);
#16165=IFCFACE((#16164));
#16166=IFCPOLYLOOP((#13768,#13762,#13520));
#16167=IFCFACEOUTERBOUND(#16166,.T.);
#16168=IFCFACE((#16167));
#16169=IFCPOLYLOOP((#13855,#14036,#14032));
#16170=IFCFACEOUTERBOUND(#16169,.T.);
#16171=IFCFACE((#16170));
#16172=IFCPOLYLOOP((#13855,#14032,#14035));
#16173=IFCFACEOUTERBOUND(#16172,.T.);
#16174=IFCFACE((#16173));
#16175=IFCPOLYLOOP((#13855,#14035,#13804));
#16176=IFCFACEOUTERBOUND(#16175,.T.);
#16177=IFCFACE((#16176));
#16178=IFCPOLYLOOP((#13855,#13825,#13812));
#16179=IFCFACEOUTERBOUND(#16178,.T.);
#16180=IFCFACE((#16179));
#16181=IFCPOLYLOOP((#13855,#13812,#13835));
#16182=IFCFACEOUTERBOUND(#16181,.T.);
#16183=IFCFACE((#16182));
#16184=IFCPOLYLOOP((#13855,#13835,#13808));
#16185=IFCFACEOUTERBOUND(#16184,.T.);
#16186=IFCFACE((#16185));
#16187=IFCPOLYLOOP((#13855,#13808,#13828));
#16188=IFCFACEOUTERBOUND(#16187,.T.);
#16189=IFCFACE((#16188));
#16190=IFCPOLYLOOP((#13855,#13828,#13822));
#16191=IFCFACEOUTERBOUND(#16190,.T.);
#16192=IFCFACE((#16191));
#16193=IFCPOLYLOOP((#13855,#13822,#13833));
#16194=IFCFACEOUTERBOUND(#16193,.T.);
#16195=IFCFACE((#16194));
#16196=IFCPOLYLOOP((#13855,#13833,#13806));
#16197=IFCFACEOUTERBOUND(#16196,.T.);
#16198=IFCFACE((#16197));
#16199=IFCPOLYLOOP((#13855,#13806,#13845));
#16200=IFCFACEOUTERBOUND(#16199,.T.);
#16201=IFCFACE((#16200));
#16202=IFCPOLYLOOP((#13855,#13845,#13820));
#16203=IFCFACEOUTERBOUND(#16202,.T.);
#16204=IFCFACE((#16203));
#16205=IFCPOLYLOOP((#13855,#13820,#13821));
#16206=IFCFACEOUTERBOUND(#16205,.T.);
#16207=IFCFACE((#16206));
#16208=IFCPOLYLOOP((#13855,#13821,#13807));
#16209=IFCFACEOUTERBOUND(#16208,.T.);
#16210=IFCFACE((#16209));
#16211=IFCPOLYLOOP((#13855,#13807,#13827));
#16212=IFCFACEOUTERBOUND(#16211,.T.);
#16213=IFCFACE((#16212));
#16214=IFCPOLYLOOP((#13855,#13827,#13815));
#16215=IFCFACEOUTERBOUND(#16214,.T.);
#16216=IFCFACE((#16215));
#16217=IFCPOLYLOOP((#13855,#13815,#13818));
#16218=IFCFACEOUTERBOUND(#16217,.T.);
#16219=IFCFACE((#16218));
#16220=IFCPOLYLOOP((#13855,#13818,#13756));
#16221=IFCFACEOUTERBOUND(#16220,.T.);
#16222=IFCFACE((#16221));
#16223=IFCPOLYLOOP((#13520,#13616,#13602));
#16224=IFCFACEOUTERBOUND(#16223,.T.);
#16225=IFCFACE((#16224));
#16226=IFCPOLYLOOP((#13520,#13602,#13618));
#16227=IFCFACEOUTERBOUND(#16226,.T.);
#16228=IFCFACE((#16227));
#16229=IFCPOLYLOOP((#13520,#13618,#13589));
#16230=IFCFACEOUTERBOUND(#16229,.T.);
#16231=IFCFACE((#16230));
#16232=IFCPOLYLOOP((#13520,#13589,#13646));
#16233=IFCFACEOUTERBOUND(#16232,.T.);
#16234=IFCFACE((#16233));
#16235=IFCPOLYLOOP((#13520,#13646,#13624));
#16236=IFCFACEOUTERBOUND(#16235,.T.);
#16237=IFCFACE((#16236));
#16238=IFCPOLYLOOP((#13520,#13624,#13682));
#16239=IFCFACEOUTERBOUND(#16238,.T.);
#16240=IFCFACE((#16239));
#16241=IFCPOLYLOOP((#13520,#13682,#13586));
#16242=IFCFACEOUTERBOUND(#16241,.T.);
#16243=IFCFACE((#16242));
#16244=IFCPOLYLOOP((#13520,#13586,#13649));
#16245=IFCFACEOUTERBOUND(#16244,.T.);
#16246=IFCFACE((#16245));
#16247=IFCPOLYLOOP((#13520,#13649,#13648));
#16248=IFCFACEOUTERBOUND(#16247,.T.);
#16249=IFCFACE((#16248));
#16250=IFCPOLYLOOP((#13520,#13648,#13684));
#16251=IFCFACEOUTERBOUND(#16250,.T.);
#16252=IFCFACE((#16251));
#16253=IFCPOLYLOOP((#13520,#13684,#13605));
#16254=IFCFACEOUTERBOUND(#16253,.T.);
#16255=IFCFACE((#16254));
#16256=IFCPOLYLOOP((#13520,#13605,#13726));
#16257=IFCFACEOUTERBOUND(#16256,.T.);
#16258=IFCFACE((#16257));
#16259=IFCPOLYLOOP((#13520,#13726,#13639));
#16260=IFCFACEOUTERBOUND(#16259,.T.);
#16261=IFCFACE((#16260));
#16262=IFCPOLYLOOP((#13520,#13639,#13723));
#16263=IFCFACEOUTERBOUND(#16262,.T.);
#16264=IFCFACE((#16263));
#16265=IFCPOLYLOOP((#13520,#13723,#13580));
#16266=IFCFACEOUTERBOUND(#16265,.T.);
#16267=IFCFACE((#16266));
#16268=IFCPOLYLOOP((#13520,#13580,#13714));
#16269=IFCFACEOUTERBOUND(#16268,.T.);
#16270=IFCFACE((#16269));
#16271=IFCPOLYLOOP((#13520,#13714,#13636));
#16272=IFCFACEOUTERBOUND(#16271,.T.);
#16273=IFCFACE((#16272));
#16274=IFCPOLYLOOP((#13520,#13636,#13715));
#16275=IFCFACEOUTERBOUND(#16274,.T.);
#16276=IFCFACE((#16275));
#16277=IFCPOLYLOOP((#13520,#13715,#13597));
#16278=IFCFACEOUTERBOUND(#16277,.T.);
#16279=IFCFACE((#16278));
#16280=IFCPOLYLOOP((#13520,#13597,#13721));
#16281=IFCFACEOUTERBOUND(#16280,.T.);
#16282=IFCFACE((#16281));
#16283=IFCPOLYLOOP((#13520,#13721,#13637));
#16284=IFCFACEOUTERBOUND(#16283,.T.);
#16285=IFCFACE((#16284));
#16286=IFCPOLYLOOP((#13520,#13637,#13718));
#16287=IFCFACEOUTERBOUND(#16286,.T.);
#16288=IFCFACE((#16287));
#16289=IFCPOLYLOOP((#13520,#13718,#13594));
#16290=IFCFACEOUTERBOUND(#16289,.T.);
#16291=IFCFACE((#16290));
#16292=IFCPOLYLOOP((#13520,#13594,#13704));
#16293=IFCFACEOUTERBOUND(#16292,.T.);
#16294=IFCFACE((#16293));
#16295=IFCPOLYLOOP((#13520,#13704,#13632));
#16296=IFCFACEOUTERBOUND(#16295,.T.);
#16297=IFCFACE((#16296));
#16298=IFCPOLYLOOP((#13520,#13632,#13705));
#16299=IFCFACEOUTERBOUND(#16298,.T.);
#16300=IFCFACE((#16299));
#16301=IFCPOLYLOOP((#13520,#13705,#13612));
#16302=IFCFACEOUTERBOUND(#16301,.T.);
#16303=IFCFACE((#16302));
#16304=IFCPOLYLOOP((#13520,#13612,#13748));
#16305=IFCFACEOUTERBOUND(#16304,.T.);
#16306=IFCFACE((#16305));
#16307=IFCPOLYLOOP((#13520,#13748,#13613));
#16308=IFCFACEOUTERBOUND(#16307,.T.);
#16309=IFCFACE((#16308));
#16310=IFCPOLYLOOP((#13520,#13613,#13744));
#16311=IFCFACEOUTERBOUND(#16310,.T.);
#16312=IFCFACE((#16311));
#16313=IFCPOLYLOOP((#13520,#13744,#13579));
#16314=IFCFACEOUTERBOUND(#16313,.T.);
#16315=IFCFACE((#16314));
#16316=IFCPOLYLOOP((#13520,#13579,#13697));
#16317=IFCFACEOUTERBOUND(#16316,.T.);
#16318=IFCFACE((#16317));
#16319=IFCPOLYLOOP((#13520,#13697,#13629));
#16320=IFCFACEOUTERBOUND(#16319,.T.);
#16321=IFCFACE((#16320));
#16322=IFCPOLYLOOP((#13520,#13629,#13699));
#16323=IFCFACEOUTERBOUND(#16322,.T.);
#16324=IFCFACE((#16323));
#16325=IFCPOLYLOOP((#13520,#13699,#13593));
#16326=IFCFACEOUTERBOUND(#16325,.T.);
#16327=IFCFACE((#16326));
#16328=IFCPOLYLOOP((#13520,#13593,#13695));
#16329=IFCFACEOUTERBOUND(#16328,.T.);
#16330=IFCFACE((#16329));
#16331=IFCPOLYLOOP((#13520,#13695,#13628));
#16332=IFCFACEOUTERBOUND(#16331,.T.);
#16333=IFCFACE((#16332));
#16334=IFCPOLYLOOP((#13520,#13628,#13693));
#16335=IFCFACEOUTERBOUND(#16334,.T.);
#16336=IFCFACE((#16335));
#16337=IFCPOLYLOOP((#13520,#13693,#13590));
#16338=IFCFACEOUTERBOUND(#16337,.T.);
#16339=IFCFACE((#16338));
#16340=IFCPOLYLOOP((#13520,#13590,#13743));
#16341=IFCFACEOUTERBOUND(#16340,.T.);
#16342=IFCFACE((#16341));
#16343=IFCPOLYLOOP((#13520,#13743,#13660));
#16344=IFCFACEOUTERBOUND(#16343,.T.);
#16345=IFCFACE((#16344));
#16346=IFCPOLYLOOP((#13520,#13660,#13688));
#16347=IFCFACEOUTERBOUND(#16346,.T.);
#16348=IFCFACE((#16347));
#16349=IFCPOLYLOOP((#13520,#13688,#13608));
#16350=IFCFACEOUTERBOUND(#16349,.T.);
#16351=IFCFACE((#16350));
#16352=IFCPOLYLOOP((#13520,#13608,#13732));
#16353=IFCFACEOUTERBOUND(#16352,.T.);
#16354=IFCFACE((#16353));
#16355=IFCPOLYLOOP((#13520,#13732,#13642));
#16356=IFCFACEOUTERBOUND(#16355,.T.);
#16357=IFCFACE((#16356));
#16358=IFCPOLYLOOP((#13520,#13642,#13729));
#16359=IFCFACEOUTERBOUND(#16358,.T.);
#16360=IFCFACE((#16359));
#16361=IFCPOLYLOOP((#13520,#13729,#13581));
#16362=IFCFACEOUTERBOUND(#16361,.T.);
#16363=IFCFACE((#16362));
#16364=IFCPOLYLOOP((#13520,#13581,#13708));
#16365=IFCFACEOUTERBOUND(#16364,.T.);
#16366=IFCFACE((#16365));
#16367=IFCPOLYLOOP((#13520,#13708,#13633));
#16368=IFCFACEOUTERBOUND(#16367,.T.);
#16369=IFCFACE((#16368));
#16370=IFCPOLYLOOP((#13520,#13633,#13710));
#16371=IFCFACEOUTERBOUND(#16370,.T.);
#16372=IFCFACE((#16371));
#16373=IFCPOLYLOOP((#13520,#13710,#13585));
#16374=IFCFACEOUTERBOUND(#16373,.T.);
#16375=IFCFACE((#16374));
#16376=IFCPOLYLOOP((#13520,#13585,#13734));
#16377=IFCFACEOUTERBOUND(#16376,.T.);
#16378=IFCFACE((#16377));
#16379=IFCPOLYLOOP((#13520,#13734,#13643));
#16380=IFCFACEOUTERBOUND(#16379,.T.);
#16381=IFCFACE((#16380));
#16382=IFCPOLYLOOP((#13520,#13643,#13737));
#16383=IFCFACEOUTERBOUND(#16382,.T.);
#16384=IFCFACE((#16383));
#16385=IFCPOLYLOOP((#13520,#13737,#13582));
#16386=IFCFACEOUTERBOUND(#16385,.T.);
#16387=IFCFACE((#16386));
#16388=IFCPOLYLOOP((#13520,#13582,#13686));
#16389=IFCFACEOUTERBOUND(#16388,.T.);
#16390=IFCFACE((#16389));
#16391=IFCPOLYLOOP((#13520,#13686,#13655));
#16392=IFCFACEOUTERBOUND(#16391,.T.);
#16393=IFCFACE((#16392));
#16394=IFCPOLYLOOP((#13520,#13655,#13656));
#16395=IFCFACEOUTERBOUND(#16394,.T.);
#16396=IFCFACE((#16395));
#16397=IFCPOLYLOOP((#13520,#13656,#13598));
#16398=IFCFACEOUTERBOUND(#16397,.T.);
#16399=IFCFACE((#16398));
#16400=IFCPOLYLOOP((#13520,#13598,#13663));
#16401=IFCFACEOUTERBOUND(#16400,.T.);
#16402=IFCFACE((#16401));
#16403=IFCPOLYLOOP((#13520,#13663,#13604));
#16404=IFCFACEOUTERBOUND(#16403,.T.);
#16405=IFCFACE((#16404));
#16406=IFCPOLYLOOP((#13520,#13604,#13621));
#16407=IFCFACEOUTERBOUND(#16406,.T.);
#16408=IFCFACE((#16407));
#16409=IFCPOLYLOOP((#13520,#13621,#13573));
#16410=IFCFACEOUTERBOUND(#16409,.T.);
#16411=IFCFACE((#16410));
#16412=IFCPOLYLOOP((#13520,#13784,#13777));
#16413=IFCFACEOUTERBOUND(#16412,.T.);
#16414=IFCFACE((#16413));
#16415=IFCPOLYLOOP((#13520,#13777,#13778));
#16416=IFCFACEOUTERBOUND(#16415,.T.);
#16417=IFCFACE((#16416));
#16418=IFCPOLYLOOP((#13520,#13778,#13773));
#16419=IFCFACEOUTERBOUND(#16418,.T.);
#16420=IFCFACE((#16419));
#16421=IFCPOLYLOOP((#13520,#13773,#13797));
#16422=IFCFACEOUTERBOUND(#16421,.T.);
#16423=IFCFACE((#16422));
#16424=IFCPOLYLOOP((#13520,#13797,#13774));
#16425=IFCFACEOUTERBOUND(#16424,.T.);
#16426=IFCFACE((#16425));
#16427=IFCPOLYLOOP((#13520,#13774,#13788));
#16428=IFCFACEOUTERBOUND(#16427,.T.);
#16429=IFCFACE((#16428));
#16430=IFCPOLYLOOP((#13520,#13788,#13769));
#16431=IFCFACEOUTERBOUND(#16430,.T.);
#16432=IFCFACE((#16431));
#16433=IFCPOLYLOOP((#13520,#13769,#13793));
#16434=IFCFACEOUTERBOUND(#16433,.T.);
#16435=IFCFACE((#16434));
#16436=IFCPOLYLOOP((#13520,#13793,#13775));
#16437=IFCFACEOUTERBOUND(#16436,.T.);
#16438=IFCFACE((#16437));
#16439=IFCPOLYLOOP((#13520,#13775,#13780));
#16440=IFCFACEOUTERBOUND(#16439,.T.);
#16441=IFCFACE((#16440));
#16442=IFCPOLYLOOP((#13520,#13780,#13768));
#16443=IFCFACEOUTERBOUND(#16442,.T.);
#16444=IFCFACE((#16443));
#16445=IFCPOLYLOOP((#13519,#14054,#14047));
#16446=IFCFACEOUTERBOUND(#16445,.T.);
#16447=IFCFACE((#16446));
#16448=IFCPOLYLOOP((#13519,#14047,#14048));
#16449=IFCFACEOUTERBOUND(#16448,.T.);
#16450=IFCFACE((#16449));
#16451=IFCPOLYLOOP((#13519,#14048,#14043));
#16452=IFCFACEOUTERBOUND(#16451,.T.);
#16453=IFCFACE((#16452));
#16454=IFCPOLYLOOP((#13519,#14043,#14067));
#16455=IFCFACEOUTERBOUND(#16454,.T.);
#16456=IFCFACE((#16455));
#16457=IFCPOLYLOOP((#13519,#14067,#14044));
#16458=IFCFACEOUTERBOUND(#16457,.T.);
#16459=IFCFACE((#16458));
#16460=IFCPOLYLOOP((#13519,#14044,#14058));
#16461=IFCFACEOUTERBOUND(#16460,.T.);
#16462=IFCFACE((#16461));
#16463=IFCPOLYLOOP((#13519,#14058,#14039));
#16464=IFCFACEOUTERBOUND(#16463,.T.);
#16465=IFCFACE((#16464));
#16466=IFCPOLYLOOP((#13519,#14039,#14063));
#16467=IFCFACEOUTERBOUND(#16466,.T.);
#16468=IFCFACE((#16467));
#16469=IFCPOLYLOOP((#13519,#14063,#14045));
#16470=IFCFACEOUTERBOUND(#16469,.T.);
#16471=IFCFACE((#16470));
#16472=IFCPOLYLOOP((#13519,#14045,#14050));
#16473=IFCFACEOUTERBOUND(#16472,.T.);
#16474=IFCFACE((#16473));
#16475=IFCPOLYLOOP((#13519,#14050,#13574));
#16476=IFCFACEOUTERBOUND(#16475,.T.);
#16477=IFCFACE((#16476));
#16478=IFCPOLYLOOP((#13574,#13542,#13529));
#16479=IFCFACEOUTERBOUND(#16478,.T.);
#16480=IFCFACE((#16479));
#16481=IFCPOLYLOOP((#13574,#13529,#13552));
#16482=IFCFACEOUTERBOUND(#16481,.T.);
#16483=IFCFACE((#16482));
#16484=IFCPOLYLOOP((#13574,#13552,#13525));
#16485=IFCFACEOUTERBOUND(#16484,.T.);
#16486=IFCFACE((#16485));
#16487=IFCPOLYLOOP((#13574,#13525,#13545));
#16488=IFCFACEOUTERBOUND(#16487,.T.);
#16489=IFCFACE((#16488));
#16490=IFCPOLYLOOP((#13574,#13545,#13539));
#16491=IFCFACEOUTERBOUND(#16490,.T.);
#16492=IFCFACE((#16491));
#16493=IFCPOLYLOOP((#13574,#13539,#13550));
#16494=IFCFACEOUTERBOUND(#16493,.T.);
#16495=IFCFACE((#16494));
#16496=IFCPOLYLOOP((#13574,#13550,#13523));
#16497=IFCFACEOUTERBOUND(#16496,.T.);
#16498=IFCFACE((#16497));
#16499=IFCPOLYLOOP((#13574,#13523,#13562));
#16500=IFCFACEOUTERBOUND(#16499,.T.);
#16501=IFCFACE((#16500));
#16502=IFCPOLYLOOP((#13574,#13562,#13537));
#16503=IFCFACEOUTERBOUND(#16502,.T.);
#16504=IFCFACE((#16503));
#16505=IFCPOLYLOOP((#13574,#13537,#13538));
#16506=IFCFACEOUTERBOUND(#16505,.T.);
#16507=IFCFACE((#16506));
#16508=IFCPOLYLOOP((#13574,#13538,#13524));
#16509=IFCFACEOUTERBOUND(#16508,.T.);
#16510=IFCFACE((#16509));
#16511=IFCPOLYLOOP((#13574,#13524,#13544));
#16512=IFCFACEOUTERBOUND(#16511,.T.);
#16513=IFCFACE((#16512));
#16514=IFCPOLYLOOP((#13574,#13544,#13532));
#16515=IFCFACEOUTERBOUND(#16514,.T.);
#16516=IFCFACE((#16515));
#16517=IFCPOLYLOOP((#13574,#13532,#13535));
#16518=IFCFACEOUTERBOUND(#16517,.T.);
#16519=IFCFACE((#16518));
#16520=IFCPOLYLOOP((#13574,#13535,#13519));
#16521=IFCFACEOUTERBOUND(#16520,.T.);
#16522=IFCFACE((#16521));
#16523=IFCPOLYLOOP((#14055,#14051,#14046));
#16524=IFCFACEOUTERBOUND(#16523,.T.);
#16525=IFCFACE((#16524));
#16526=IFCPOLYLOOP((#14062,#14066,#14067));
#16527=IFCFACEOUTERBOUND(#16526,.T.);
#16528=IFCFACE((#16527));
#16529=IFCPOLYLOOP((#14049,#14068,#14056));
#16530=IFCFACEOUTERBOUND(#16529,.T.);
#16531=IFCFACE((#16530));
#16532=IFCPOLYLOOP((#14060,#14041,#14062));
#16533=IFCFACEOUTERBOUND(#16532,.T.);
#16534=IFCFACE((#16533));
#16535=IFCPOLYLOOP((#14049,#14056,#14042));
#16536=IFCFACEOUTERBOUND(#16535,.T.);
#16537=IFCFACE((#16536));
#16538=IFCPOLYLOOP((#14056,#14063,#14059));
#16539=IFCFACEOUTERBOUND(#16538,.T.);
#16540=IFCFACE((#16539));
#16541=IFCPOLYLOOP((#14068,#14053,#13575));
#16542=IFCFACEOUTERBOUND(#16541,.T.);
#16543=IFCFACE((#16542));
#16544=IFCPOLYLOOP((#14041,#14060,#14052));
#16545=IFCFACEOUTERBOUND(#16544,.T.);
#16546=IFCFACE((#16545));
#16547=IFCPOLYLOOP((#14048,#14060,#14043));
#16548=IFCFACEOUTERBOUND(#16547,.T.);
#16549=IFCFACE((#16548));
#16550=IFCPOLYLOOP((#14061,#14066,#14040));
#16551=IFCFACEOUTERBOUND(#16550,.T.);
#16552=IFCFACE((#16551));
#16553=IFCPOLYLOOP((#14042,#14056,#14059));
#16554=IFCFACEOUTERBOUND(#16553,.T.);
#16555=IFCFACE((#16554));
#16556=IFCPOLYLOOP((#14064,#14055,#14046));
#16557=IFCFACEOUTERBOUND(#16556,.T.);
#16558=IFCFACE((#16557));
#16559=IFCPOLYLOOP((#14064,#14048,#14047));
#16560=IFCFACEOUTERBOUND(#16559,.T.);
#16561=IFCFACE((#16560));
#16562=IFCPOLYLOOP((#14064,#14060,#14048));
#16563=IFCFACEOUTERBOUND(#16562,.T.);
#16564=IFCFACE((#16563));
#16565=IFCPOLYLOOP((#14068,#13575,#13574));
#16566=IFCFACEOUTERBOUND(#16565,.T.);
#16567=IFCFACE((#16566));
#16568=IFCPOLYLOOP((#14054,#13855,#13854));
#16569=IFCFACEOUTERBOUND(#16568,.T.);
#16570=IFCFACE((#16569));
#16571=IFCPOLYLOOP((#14054,#14055,#14047));
#16572=IFCFACEOUTERBOUND(#16571,.T.);
#16573=IFCFACE((#16572));
#16574=IFCPOLYLOOP((#13854,#13853,#14051));
#16575=IFCFACEOUTERBOUND(#16574,.T.);
#16576=IFCFACE((#16575));
#16577=IFCPOLYLOOP((#14053,#13570,#13575));
#16578=IFCFACEOUTERBOUND(#16577,.T.);
#16579=IFCFACE((#16578));
#16580=IFCPOLYLOOP((#14068,#14045,#14056));
#16581=IFCFACEOUTERBOUND(#16580,.T.);
#16582=IFCFACE((#16581));
#16583=IFCPOLYLOOP((#13854,#14055,#14054));
#16584=IFCFACEOUTERBOUND(#16583,.T.);
#16585=IFCFACE((#16584));
#16586=IFCPOLYLOOP((#14051,#14055,#13854));
#16587=IFCFACEOUTERBOUND(#16586,.T.);
#16588=IFCFACE((#16587));
#16589=IFCPOLYLOOP((#14063,#14056,#14045));
#16590=IFCFACEOUTERBOUND(#16589,.T.);
#16591=IFCFACE((#16590));
#16592=IFCPOLYLOOP((#14050,#14045,#14068,#13574));
#16593=IFCFACEOUTERBOUND(#16592,.T.);
#16594=IFCFACE((#16593));
#16595=IFCPOLYLOOP((#14059,#14057,#14042));
#16596=IFCFACEOUTERBOUND(#16595,.T.);
#16597=IFCFACE((#16596));
#16598=IFCPOLYLOOP((#14066,#14061,#14058));
#16599=IFCFACEOUTERBOUND(#16598,.T.);
#16600=IFCFACE((#16599));
#16601=IFCPOLYLOOP((#14058,#14061,#14039));
#16602=IFCFACEOUTERBOUND(#16601,.T.);
#16603=IFCFACE((#16602));
#16604=IFCPOLYLOOP((#14057,#14059,#14061));
#16605=IFCFACEOUTERBOUND(#16604,.T.);
#16606=IFCFACE((#16605));
#16607=IFCPOLYLOOP((#14062,#14043,#14060));
#16608=IFCFACEOUTERBOUND(#16607,.T.);
#16609=IFCFACE((#16608));
#16610=IFCPOLYLOOP((#14064,#14046,#14052));
#16611=IFCFACEOUTERBOUND(#16610,.T.);
#16612=IFCFACE((#16611));
#16613=IFCPOLYLOOP((#14039,#14061,#14059));
#16614=IFCFACEOUTERBOUND(#16613,.T.);
#16615=IFCFACE((#16614));
#16616=IFCPOLYLOOP((#14057,#14061,#14040));
#16617=IFCFACEOUTERBOUND(#16616,.T.);
#16618=IFCFACE((#16617));
#16619=IFCPOLYLOOP((#14044,#14067,#14066,#14058));
#16620=IFCFACEOUTERBOUND(#16619,.T.);
#16621=IFCFACE((#16620));
#16622=IFCPOLYLOOP((#14065,#14066,#14062));
#16623=IFCFACEOUTERBOUND(#16622,.T.);
#16624=IFCFACE((#16623));
#16625=IFCPOLYLOOP((#14063,#14039,#14059));
#16626=IFCFACEOUTERBOUND(#16625,.T.);
#16627=IFCFACE((#16626));
#16628=IFCPOLYLOOP((#14047,#14055,#14064));
#16629=IFCFACEOUTERBOUND(#16628,.T.);
#16630=IFCFACE((#16629));
#16631=IFCPOLYLOOP((#14060,#14064,#14052));
#16632=IFCFACEOUTERBOUND(#16631,.T.);
#16633=IFCFACE((#16632));
#16634=IFCPOLYLOOP((#14040,#14066,#14065));
#16635=IFCFACEOUTERBOUND(#16634,.T.);
#16636=IFCFACE((#16635));
#16637=IFCPOLYLOOP((#14062,#14041,#14065));
#16638=IFCFACEOUTERBOUND(#16637,.T.);
#16639=IFCFACE((#16638));
#16640=IFCPOLYLOOP((#14067,#14043,#14062));
#16641=IFCFACEOUTERBOUND(#16640,.T.);
#16642=IFCFACE((#16641));
#16643=IFCPOLYLOOP((#14049,#14053,#14068));
#16644=IFCFACEOUTERBOUND(#16643,.T.);
#16645=IFCFACE((#16644));
#16646=IFCPOLYLOOP((#14030,#13750,#13570,#14053,#14049,#14042,#14057,#14040,#14065,#14041,#14052,#14046,#14051,#13853));
#16647=IFCFACEOUTERBOUND(#16646,.T.);
#16648=IFCFACE((#16647));
#16649=IFCCLOSEDSHELL((#8885,#8888,#8891,#8894,#8897,#8900,#8903,#8906,#8909,#8912,#8915,#8918,#8921,#8924,#8927,#8930,#8933,#8936,#8939,#8942,#8945,#8948,#8951,#8954,#8957,#8960,#8963,#8966,#8969,#8972,#8975,#8978,#8981,#8984,#8987,#8990,#8993,#8996,#8999,#9002,#9005,#9008,#9011,#9014,#9017,#9020,#9023,#9026,#9029,#9032,#9035,#9038,#9041,#9044,#9047,#9050,#9053,#9056,#9059,#9062,#9065,#9068,#9071,#9074,#9077,#9080,#9083,#9086,#9089,#9092,#9095,#9098,#9101,#9104,#9107,#9110,#9113,#9116,#9119,#9122,#9125,#9128,#9131,#9134,#9137,#9140,#9143,#9146,#9149,#9152,#9155,#9158,#9161,#9164,#9167,#9170,#9173,#9176,#9179,#9182,#9185,#9188,#9191,#9194,#9197,#9200,#9203,#9206,#9209,#9212,#9215,#9218,#9221,#9224,#9227,#9230,#9233,#9236,#9239,#9242,#9245,#9248,#9251,#9254,#9257,#9260,#9263,#9266,#9269,#9272,#9275,#9278,#9281,#9284,#9287,#9290,#9293,#9296,#9299,#9302,#9305,#9308,#9311,#9314,#9317,#9320,#9323,#9326,#9329,#9332,#9335,#9338,#9341,#9344,#9347,#9350,#9353,#9356));
#16650=IFCFACETEDBREP(#16649);
#16651=IFCSTYLEDITEM(#16650,(#8646),$);
#16652=IFCCLOSEDSHELL((#9407,#9410,#9413,#9416,#9419,#9422,#9425,#9428,#9431,#9434,#9437,#9440,#9443,#9446,#9449,#9452,#9455,#9458,#9461,#9464,#9467,#9470,#9473,#9476,#9479,#9482));
#16653=IFCFACETEDBREP(#16652);
#16654=IFCSTYLEDITEM(#16653,(#8646),$);
#16655=IFCCLOSEDSHELL((#9613,#9616,#9619,#9622,#9625,#9628,#9631,#9634,#9637,#9640,#9643,#9646,#9649,#9652,#9655,#9658,#9661,#9664,#9667,#9670,#9673,#9676,#9679,#9682,#9685,#9688,#9691,#9694,#9697,#9700,#9703,#9706,#9709,#9712,#9715,#9718,#9721,#9724,#9727,#9730,#9733,#9736,#9739,#9742,#9745,#9748,#9751,#9754,#9757,#9760,#9763,#9766,#9769,#9772,#9775,#9778,#9781,#9784,#9787,#9790,#9793,#9796,#9799,#9802,#9805,#9808,#9811,#9814,#9817,#9820,#9823,#9826,#9829,#9832,#9835,#9838,#9841,#9844,#9847,#9850,#9853,#9856,#9859,#9862,#9865,#9868,#9871,#9874,#9877,#9880,#9883,#9886,#9889,#9892,#9895,#9898,#9901,#9904,#9907,#9910,#9913,#9916,#9919,#9922,#9925,#9928,#9931,#9934,#9937,#9940,#9943,#9946,#9949,#9952,#9955,#9958,#9961,#9964,#9967,#9970,#9973,#9976,#9979,#9982,#9985,#9988,#9991,#9994,#9997,#10000,#10003,#10006,#10009,#10012,#10015,#10018,#10021,#10024,#10027,#10030,#10033,#10036,#10039,#10042,#10045,#10048,#10051,#10054,#10057,#10060,#10063,#10066,#10069,#10072,#10075,#10078,#10081,#10084));
#16656=IFCFACETEDBREP(#16655);
#16657=IFCSTYLEDITEM(#16656,(#8646),$);
#16658=IFCCLOSEDSHELL((#10135,#10138,#10141,#10144,#10147,#10150,#10153,#10156,#10159,#10162,#10165,#10168,#10171,#10174,#10177,#10180,#10183,#10186,#10189,#10192,#10195,#10198,#10201,#10204,#10207,#10210));
#16659=IFCFACETEDBREP(#16658);
#16660=IFCSTYLEDITEM(#16659,(#8646),$);
#16661=IFCCLOSEDSHELL((#10223,#10236,#10239,#10242,#10245,#10248,#10251,#10254,#10257,#10260));
#16662=IFCFACETEDBREP(#16661);
#16663=IFCSTYLEDITEM(#16662,(#8661),$);
#16664=IFCCLOSEDSHELL((#10271,#10276,#10284,#10288,#10296,#10300,#10308,#10312,#10319,#10322,#10325,#10328,#10331,#10334,#10337,#10340,#10343,#10346));
#16665=IFCFACETEDBREP(#16664);
#16666=IFCSTYLEDITEM(#16665,(#8667),$);
#16667=IFCCLOSEDSHELL((#10353,#10360,#10363,#10366,#10369,#10372));
#16668=IFCFACETEDBREP(#16667);
#16669=IFCSTYLEDITEM(#16668,(#8673),$);
#16670=IFCCLOSEDSHELL((#10933,#10936,#10939,#10942,#10945,#10948,#10951,#10954,#10957,#10960,#10963,#10966,#10969,#10972,#10975,#10978,#10981,#10984,#10987,#10990,#10993,#10996,#10999,#11002,#11005,#11008,#11011,#11014,#11017,#11020,#11023,#11026,#11029,#11032,#11035,#11038,#11041,#11044,#11047,#11050,#11053,#11056,#11059,#11062,#11065,#11068,#11071,#11074,#11077,#11080,#11083,#11086,#11089,#11092,#11095,#11098,#11101,#11104,#11107,#11110,#11113,#11116,#11119,#11122,#11125,#11128,#11131,#11134,#11137,#11140,#11143,#11146,#11149,#11152,#11155,#11158,#11161,#11164,#11167,#11170,#11173,#11176,#11179,#11182,#11185,#11188,#11191,#11194,#11197,#11200,#11203,#11206,#11209,#11212,#11215,#11218,#11221,#11224,#11227,#11230,#11233,#11236,#11239,#11242,#11245,#11248,#11251,#11254,#11257,#11260,#11263,#11266,#11269,#11272,#11275,#11278,#11281,#11284,#11287,#11290,#11293,#11296,#11299,#11302,#11305,#11308,#11311,#11314,#11317,#11320,#11323,#11326,#11329,#11332,#11335,#11338,#11341,#11344,#11347,#11350,#11353,#11356,#11359,#11362,#11365,#11368,#11371,#11374,#11377,#11380,#11383,#11386,#11389,#11392,#11395,#11398,#11401,#11404,#11407,#11410,#11413,#11416,#11419,#11422,#11425,#11428,#11431,#11434,#11437,#11440,#11443,#11446,#11449,#11452,#11455,#11458,#11461,#11464,#11467,#11470,#11473,#11476,#11479,#11482,#11485,#11488,#11491,#11494,#11497,#11500,#11503,#11506,#11509,#11512,#11515,#11518,#11521,#11524,#11527,#11530,#11533,#11536,#11539,#11542,#11545,#11548,#11551,#11554,#11557,#11560,#11563,#11566,#11569,#11572,#11575,#11578,#11581,#11584,#11587,#11590,#11593,#11596,#11599,#11602,#11605,#11608,#11611,#11614,#11617,#11620,#11623,#11626,#11629,#11632,#11635,#11638,#11641,#11644,#11647,#11650,#11653,#11656,#11659,#11662,#11665,#11668,#11671,#11674,#11677,#11680,#11683,#11686,#11689,#11692,#11695,#11698,#11701,#11704,#11707,#11710,#11713,#11716,#11719,#11722,#11725,#11728,#11731,#11734,#11737,#11740,#11743,#11746,#11749,#11752,#11755,#11758,#11761,#11764,#11767,#11770,#11773,#11776,#11779,#11782,#11785,#11788,#11791,#11794,#11797,#11800,#11803,#11806,#11809,#11812,#11815,#11818,#11821,#11824,#11827,#11830,#11833,#11836,#11839,#11842,#11845,#11848,#11851,#11854,#11857,#11860,#11863,#11866,#11869,#11872,#11875,#11878,#11881,#11884,#11887,#11890,#11893,#11896,#11899,#11902,#11905,#11908,#11911,#11914,#11917,#11920,#11923,#11926,#11929,#11932,#11935,#11938,#11941,#11944,#11947,#11950,#11953,#11956,#11959,#11962,#11965,#11968,#11971,#11974,#11977,#11980,#11983,#11986,#11989,#11992,#11995,#11998,#12001,#12004,#12007,#12010,#12013,#12016,#12019,#12022,#12025,#12028,#12031,#12034,#12037,#12040,#12043,#12046,#12049,#12052,#12055,#12058,#12061,#12064,#12067,#12070,#12073,#12076,#12079,#12082,#12085,#12088,#12091,#12094,#12097,#12100,#12103,#12106,#12109,#12112,#12115,#12118,#12121,#12124,#12127,#12130,#12133,#12136,#12139,#12142,#12145,#12148,#12151,#12154,#12157,#12160,#12163,#12166,#12169,#12172,#12175,#12178,#12181,#12184,#12187,#12190,#12193,#12196,#12199,#12202,#12205,#12208,#12211,#12214,#12217,#12220,#12223,#12226,#12229,#12232,#12235,#12238,#12241,#12244,#12247,#12250,#12253,#12256,#12259,#12262,#12265,#12268,#12271,#12274,#12277,#12280,#12283,#12286,#12289,#12292,#12295,#12298,#12301,#12304,#12307,#12310,#12313,#12316,#12319,#12322,#12325,#12328,#12331,#12334,#12337,#12340,#12343,#12346,#12349,#12352,#12355,#12358,#12361,#12364,#12367,#12370,#12373,#12376,#12379,#12382,#12385,#12388,#12391,#12394,#12397,#12400,#12403,#12406,#12409,#12412,#12415,#12418,#12421,#12424,#12427,#12430,#12433,#12436,#12439,#12442,#12445,#12448,#12451,#12454,#12457,#12460,#12463,#12466,#12469,#12472,#12475,#12478,#12481,#12484,#12487,#12490,#12493,#12496,#12499,#12502,#12505,#12508,#12511,#12514,#12517,#12520,#12523,#12526,#12529,#12532,#12535,#12538,#12541,#12544,#12547,#12550,#12553,#12556,#12559,#12562,#12565,#12568,#12571,#12574,#12577,#12580,#12583,#12586,#12589,#12592,#12595,#12598,#12601,#12604,#12607,#12610,#12613,#12616,#12619,#12622,#12625,#12628,#12631,#12634,#12637,#12640,#12643,#12646,#12649,#12652,#12655,#12658,#12661,#12664,#12667,#12670,#12673,#12676,#12679,#12682,#12685,#12688,#12691,#12694,#12697,#12700,#12703,#12706,#12709,#12712,#12715,#12718,#12721,#12724,#12727,#12730,#12733,#12736,#12739,#12742,#12745,#12748,#12751,#12754,#12757,#12760,#12763,#12766,#12769,#12772,#12775,#12778,#12781,#12784,#12787,#12790,#12793,#12796,#12799,#12802,#12805,#12808,#12811,#12814,#12817,#12820,#12823,#12826,#12829,#12832,#12835,#12838,#12841,#12844,#12847,#12850,#12853,#12856,#12859,#12862,#12865,#12868,#12871,#12874,#12877,#12880,#12883,#12886,#12889,#12892,#12895,#12898,#12901,#12904,#12907,#12910,#12913,#12916,#12919,#12922,#12925,#12928,#12931,#12934,#12937,#12940,#12943,#12946,#12949,#12952,#12955,#12958,#12961,#12964,#12967,#12970,#12973,#12976,#12979,#12982,#12985,#12988,#12991,#12994,#12997,#13000,#13003,#13006,#13009,#13012,#13015,#13018,#13021,#13024,#13027,#13030,#13033,#13036,#13039,#13042,#13045,#13048,#13051,#13054,#13057,#13060,#13063,#13066,#13069,#13072,#13075,#13078,#13081,#13084,#13087,#13090,#13093,#13096,#13099,#13102,#13105,#13108,#13111,#13114,#13117,#13120,#13123,#13126,#13129,#13132,#13135,#13138,#13141,#13144,#13147,#13150,#13153,#13156,#13159,#13162,#13165,#13168,#13171,#13174,#13177,#13180,#13183,#13186,#13189,#13192,#13195,#13198,#13201,#13204,#13207,#13210,#13213,#13216,#13219,#13222,#13225,#13228,#13231,#13234,#13237,#13240,#13243,#13246,#13249,#13252,#13255,#13258,#13261,#13264,#13267,#13270,#13273,#13276,#13279,#13282,#13285,#13288,#13291,#13294,#13297,#13300,#13303,#13306,#13309,#13312,#13315,#13318,#13321,#13324,#13327,#13330,#13333,#13336,#13339,#13342,#13345,#13348,#13351,#13354,#13357,#13360,#13363,#13366,#13369,#13372,#13375,#13378,#13381,#13384,#13387,#13390,#13393,#13396,#13399,#13402,#13405,#13408,#13411,#13414,#13417,#13420,#13423,#13426,#13429,#13432,#13435,#13438,#13441,#13444,#13447,#13450,#13453,#13456,#13459,#13462,#13465,#13468,#13471,#13474,#13477,#13480,#13483,#13486,#13489,#13492,#13495,#13498,#13501,#13504,#13507,#13510));
#16671=IFCFACETEDBREP(#16670);
#16672=IFCSTYLEDITEM(#16671,(#8667),$);
#16673=IFCCLOSEDSHELL((#14071,#14074,#14077,#14080,#14083,#14086,#14089,#14092,#14095,#14098,#14101,#14104,#14107,#14110,#14113,#14116,#14119,#14122,#14125,#14128,#14131,#14134,#14137,#14140,#14143,#14146,#14149,#14152,#14155,#14158,#14161,#14164,#14167,#14170,#14173,#14176,#14179,#14182,#14185,#14188,#14191,#14194,#14197,#14200,#14203,#14206,#14209,#14212,#14215,#14218,#14221,#14224,#14227,#14230,#14233,#14236,#14239,#14242,#14245,#14248,#14251,#14254,#14257,#14260,#14263,#14266,#14269,#14272,#14275,#14278,#14281,#14284,#14287,#14290,#14293,#14296,#14299,#14302,#14305,#14308,#14311,#14314,#14317,#14320,#14323,#14326,#14329,#14332,#14335,#14338,#14341,#14344,#14347,#14350,#14353,#14356,#14359,#14362,#14365,#14368,#14371,#14374,#14377,#14380,#14383,#14386,#14389,#14392,#14395,#14398,#14401,#14404,#14407,#14410,#14413,#14416,#14419,#14422,#14425,#14428,#14431,#14434,#14437,#14440,#14443,#14446,#14449,#14452,#14455,#14458,#14461,#14464,#14467,#14470,#14473,#14476,#14479,#14482,#14485,#14488,#14491,#14494,#14497,#14500,#14503,#14506,#14509,#14512,#14515,#14518,#14521,#14524,#14527,#14530,#14533,#14536,#14539,#14542,#14545,#14548,#14551,#14554,#14557,#14560,#14563,#14566,#14569,#14572,#14575,#14578,#14581,#14584,#14587,#14590,#14593,#14596,#14599,#14602,#14605,#14608,#14611,#14614,#14617,#14620,#14623,#14626,#14629,#14632,#14635,#14638,#14641,#14644,#14647,#14650,#14653,#14656,#14659,#14662,#14665,#14668,#14671,#14674,#14677,#14680,#14683,#14686,#14689,#14692,#14695,#14698,#14701,#14704,#14707,#14710,#14713,#14716,#14719,#14722,#14725,#14728,#14731,#14734,#14737,#14740,#14743,#14746,#14749,#14752,#14755,#14758,#14761,#14764,#14767,#14770,#14773,#14776,#14779,#14782,#14785,#14788,#14791,#14794,#14797,#14800,#14803,#14806,#14809,#14812,#14815,#14818,#14821,#14824,#14827,#14830,#14833,#14836,#14839,#14842,#14845,#14848,#14851,#14854,#14857,#14860,#14863,#14866,#14869,#14872,#14875,#14878,#14881,#14884,#14887,#14890,#14893,#14896,#14899,#14902,#14905,#14908,#14911,#14914,#14917,#14920,#14923,#14926,#14929,#14932,#14935,#14938,#14941,#14944,#14947,#14950,#14953,#14956,#14959,#14962,#14965,#14968,#14971,#14974,#14977,#14980,#14983,#14986,#14989,#14992,#14995,#14998,#15001,#15004,#15007,#15010,#15013,#15016,#15019,#15022,#15025,#15028,#15031,#15034,#15037,#15040,#15043,#15046,#15049,#15052,#15055,#15058,#15061,#15064,#15067,#15070,#15073,#15076,#15079,#15082,#15085,#15088,#15091,#15094,#15097,#15100,#15103,#15106,#15109,#15112,#15115,#15118,#15121,#15124,#15127,#15130,#15133,#15136,#15139,#15142,#15145,#15148,#15151,#15154,#15157,#15160,#15163,#15166,#15169,#15172,#15175,#15178,#15181,#15184,#15187,#15190,#15193,#15196,#15199,#15202,#15205,#15208,#15211,#15214,#15217,#15220,#15223,#15226,#15229,#15232,#15235,#15238,#15241,#15244,#15247,#15250,#15253,#15256,#15259,#15262,#15265,#15268,#15271,#15274,#15277,#15280,#15283,#15286,#15289,#15292,#15295,#15298,#15301,#15304,#15307,#15310,#15313,#15316,#15319,#15322,#15325,#15328,#15331,#15334,#15337,#15340,#15343,#15346,#15349,#15352,#15355,#15358,#15361,#15364,#15367,#15370,#15373,#15376,#15379,#15382,#15385,#15388,#15391,#15394,#15397,#15400,#15403,#15406,#15409,#15412,#15415,#15418,#15421,#15424,#15427,#15430,#15433,#15436,#15439,#15442,#15445,#15448,#15451,#15454,#15457,#15460,#15463,#15466,#15469,#15472,#15475,#15478,#15481,#15484,#15487,#15490,#15493,#15496,#15499,#15502,#15505,#15508,#15511,#15514,#15517,#15520,#15523,#15526,#15529,#15532,#15535,#15538,#15541,#15544,#15547,#15550,#15553,#15556,#15559,#15562,#15565,#15568,#15571,#15574,#15577,#15580,#15583,#15586,#15589,#15592,#15595,#15598,#15601,#15604,#15607,#15610,#15613,#15616,#15619,#15622,#15625,#15628,#15631,#15634,#15637,#15640,#15643,#15646,#15649,#15652,#15655,#15658,#15661,#15664,#15667,#15670,#15673,#15676,#15679,#15682,#15685,#15688,#15691,#15694,#15697,#15700,#15703,#15706,#15709,#15712,#15715,#15718,#15721,#15724,#15727,#15730,#15733,#15736,#15739,#15742,#15745,#15748,#15751,#15754,#15757,#15760,#15763,#15766,#15769,#15772,#15775,#15778,#15781,#15784,#15787,#15790,#15793,#15796,#15799,#15802,#15805,#15808,#15811,#15814,#15817,#15820,#15823,#15826,#15829,#15832,#15835,#15838,#15841,#15844,#15847,#15850,#15853,#15856,#15859,#15862,#15865,#15868,#15871,#15874,#15877,#15880,#15883,#15886,#15889,#15892,#15895,#15898,#15901,#15904,#15907,#15910,#15913,#15916,#15919,#15922,#15925,#15928,#15931,#15934,#15937,#15940,#15943,#15946,#15949,#15952,#15955,#15958,#15961,#15964,#15967,#15970,#15973,#15976,#15979,#15982,#15985,#15988,#15991,#15994,#15997,#16000,#16003,#16006,#16009,#16012,#16015,#16018,#16021,#16024,#16027,#16030,#16033,#16036,#16039,#16042,#16045,#16048,#16051,#16054,#16057,#16060,#16063,#16066,#16069,#16072,#16075,#16078,#16081,#16084,#16087,#16090,#16093,#16096,#16099,#16102,#16105,#16108,#16111,#16114,#16117,#16120,#16123,#16126,#16129,#16132,#16135,#16138,#16141,#16144,#16147,#16150,#16153,#16156,#16159,#16162,#16165,#16168,#16171,#16174,#16177,#16180,#16183,#16186,#16189,#16192,#16195,#16198,#16201,#16204,#16207,#16210,#16213,#16216,#16219,#16222,#16225,#16228,#16231,#16234,#16237,#16240,#16243,#16246,#16249,#16252,#16255,#16258,#16261,#16264,#16267,#16270,#16273,#16276,#16279,#16282,#16285,#16288,#16291,#16294,#16297,#16300,#16303,#16306,#16309,#16312,#16315,#16318,#16321,#16324,#16327,#16330,#16333,#16336,#16339,#16342,#16345,#16348,#16351,#16354,#16357,#16360,#16363,#16366,#16369,#16372,#16375,#16378,#16381,#16384,#16387,#16390,#16393,#16396,#16399,#16402,#16405,#16408,#16411,#16414,#16417,#16420,#16423,#16426,#16429,#16432,#16435,#16438,#16441,#16444,#16447,#16450,#16453,#16456,#16459,#16462,#16465,#16468,#16471,#16474,#16477,#16480,#16483,#16486,#16489,#16492,#16495,#16498,#16501,#16504,#16507,#16510,#16513,#16516,#16519,#16522,#16525,#16528,#16531,#16534,#16537,#16540,#16543,#16546,#16549,#16552,#16555,#16558,#16561,#16564,#16567,#16570,#16573,#16576,#16579,#16582,#16585,#16588,#16591,#16594,#16597,#16600,#16603,#16606,#16609,#16612,#16615,#16618,#16621,#16624,#16627,#16630,#16633,#16636,#16639,#16642,#16645,#16648));
#16674=IFCFACETEDBREP(#16673);
#16675=IFCSTYLEDITEM(#16674,(#8667),$);
#16676=IFCSHAPEREPRESENTATION(#24,'Body','Brep',(#16650,#16653,#16656,#16659,#16662,#16665,#16668,#16671,#16674));
#16677=IFCAXIS2PLACEMENT3D(#3,$,$);
#16678=IFCREPRESENTATIONMAP(#16677,#16676);
#16679=IFCDOORLININGPROPERTIES('2QnDw_VXDDCuQkmhNiHfEj',#18,'M_Door-Passage-Single-Vision_Lite:750 x 2000mm:1622003',$,$,$,$,$,$,$,$,$,$,$,$,$,$);
#16680=IFCDOORPANELPROPERTIES('2QnDw_VXDDCuQkmhRiHfEj',#18,'M_Door-Passage-Single-Vision_Lite:750 x 2000mm:1622003:1',$,$,.SWINGING.,$,.NOTDEFINED.,$);
#16681=IFCDOORTYPE('2nof4LlNqQcKNUdEK6koix',#18,'M_Door-Passage-Single-Vision_Lite:750 x 2000mm',$,$,(#16679,#16680),(#16678),'1457080',$,.DOOR.,.SINGLE_SWING_LEFT.,.F.,$);
#16682=IFCMATERIALCONSTITUENT('Hardware',$,#8687,$,'Metal');
#16683=IFCSHAPEREPRESENTATION(#24,'Body','Brep',(#16650,#16653,#16656,#16659));
#16684=IFCSHAPEASPECT((#16683),'Hardware',$,.U.,#16678);
#16685=IFCMATERIALCONSTITUENT('Panel',$,#8691,$,'Wood');
#16686=IFCSHAPEREPRESENTATION(#24,'Body','Brep',(#16662));
#16687=IFCSHAPEASPECT((#16686),'Panel',$,.U.,#16678);
#16688=IFCMATERIALCONSTITUENT('Frame/Mullion',$,#8712,$,'Paint');
#16689=IFCSHAPEREPRESENTATION(#24,'Body','Brep',(#16665));
#16690=IFCSHAPEASPECT((#16689),'Frame/Mullion',$,.U.,#16678);
#16691=IFCMATERIALCONSTITUENT('Glass',$,#8716,$,'Glass');
#16692=IFCSHAPEREPRESENTATION(#24,'Body','Brep',(#16668));
#16693=IFCSHAPEASPECT((#16692),'Glass',$,.U.,#16678);
#16694=IFCMATERIALCONSTITUENT('Metal - Paint Finish - Grey',$,#8712,$,'Paint');
#16695=IFCSHAPEREPRESENTATION(#24,'Body','Brep',(#16671,#16674));
#16696=IFCSHAPEASPECT((#16695),'Metal - Paint Finish - Grey',$,.U.,#16678);
#16697=IFCMATERIALCONSTITUENTSET($,$,(#16682,#16685,#16688,#16691,#16694));
#16698=IFCMAPPEDITEM(#16678,#8736);
#16699=IFCSHAPEREPRESENTATION(#24,'Body','MappedRepresentation',(#16698));
#16700=IFCPRODUCTDEFINITIONSHAPE($,$,(#16699));
#16701=IFCCARTESIANPOINT((2637.3000000000402,3375.,0.));
#16702=IFCAXIS2PLACEMENT3D(#16701,#9,#8);
#16704=IFCDOOR('2QnDw_VXDDCuQkmhJiHfEj',#18,'M_Door-Passage-Single-Vision_Lite:750 x 2000mm:1622003',$,'M_Door-Passage-Single-Vision_Lite:750 x 2000mm',#16852,#16700,'1622003',2100.,850.,.DOOR.,.SINGLE_SWING_LEFT.,$);
#16705=IFCMATERIALCONSTITUENT('Aluminum',$,#8687,$,'Metal');
#16706=IFCMATERIALCONSTITUENT('Wood - Birch',$,#8691,$,'Wood');
#16707=IFCMATERIALCONSTITUENT('Metal - Paint Finish - Grey',$,#8712,$,'Paint');
#16708=IFCMATERIALCONSTITUENT('Glass',$,#8716,$,'Glass');
#16709=IFCMATERIALCONSTITUENTSET($,$,(#16705,#16706,#16707,#16708));
#16710=IFCPROPERTYSET('1W8i1R8QHDNKaLwPXjNvC1',#18,'Pset_DoorCommon',$,(#364,#8749));
#16711=IFCPROPERTYSET('0Eaie7$P9meQlAxUjdt_iC',#18,'Pset_EnvironmentalImpactIndicators',$,(#8749));
#16712=IFCRELDEFINESBYPROPERTIES('1PP6gofPjmP$afiYzujJmZ',#18,$,$,(#16704),#16710);
#16713=IFCRELDEFINESBYPROPERTIES('3_fS_Uocw_42scGL8$lEvp',#18,$,$,(#16704),#16711);
#16714=IFCAXIS2PLACEMENT3D(#3,$,$);
#16715=IFCLOCALPLACEMENT(#38,#16714);
#16716=IFCCARTESIANPOINT((0.,0.));
#16717=IFCAXIS2PLACEMENT2D(#16716,#11);
#16718=IFCRECTANGLEPROFILEDEF(.AREA.,$,#16717,5899.9999999998554,27100.000000000029);
#16719=IFCCARTESIANPOINT((0.,2950.,0.));
#16720=IFCAXIS2PLACEMENT3D(#16719,#10,#7);
#16721=IFCEXTRUDEDAREASOLID(#16718,#16720,#9,304.80000000000001);
#16722=IFCCOLOURRGB($,0.50196078431372548,0.50196078431372548,0.50196078431372548);
#16723=IFCSURFACESTYLERENDERING(#16722,0.,$,$,$,$,IFCNORMALISEDRATIOMEASURE(0.5),IFCSPECULAREXPONENT(10.),.NOTDEFINED.);
#16724=IFCSURFACESTYLE('Default Floor',.BOTH.,(#16723));
#16725=IFCSTYLEDITEM(#16721,(#16724),$);
#16726=IFCSHAPEREPRESENTATION(#24,'Body','SweptSolid',(#16721));
#16727=IFCSIUNIT(*,.PLANEANGLEUNIT.,$,.RADIAN.);
#16728=IFCDIMENSIONALEXPONENTS(0,0,0,0,0,0,0);
#16729=IFCMEASUREWITHUNIT(IFCPLANEANGLEMEASURE(0.017453292519943278),#16727);
#16730=IFCCONVERSIONBASEDUNIT(#16728,.PLANEANGLEUNIT.,'DEGREE',#16729);
#16731=IFCPRODUCTDEFINITIONSHAPE($,$,(#16726));
#16732=IFCSLAB('2QnDw_VXDDCuQkmhJiHknY',#18,'Floor:Generic - 12":1622076',$,'Floor:Generic - 12"',#16715,#16731,'1622076',.FLOOR.);
#16733=IFCSLABTYPE('1xZrMVYp52mhf4uMzw11Hi',#18,'Floor:Generic - 12"',$,$,(#16753),$,'441449',$,.FLOOR.);
#16734=IFCMATERIAL('Default Floor',$,'Miscellaneous');
#16735=IFCSTYLEDITEM($,(#16724),$);
#16736=IFCSTYLEDREPRESENTATION(#22,'Style','Material',(#16735));
#16737=IFCMATERIALDEFINITIONREPRESENTATION($,$,(#16736),#16734);
#16738=IFCMATERIALLAYER(#16734,304.80000000000001,$,'Layer',$,'Miscellaneous',$);
#16739=IFCMATERIALLAYERSET((#16738),'Floor:Generic - 12"',$);
#16740=IFCMATERIALLAYERSETUSAGE(#16739,.AXIS3.,.POSITIVE.,0.,$);
#16741=IFCPROPERTYSINGLEVALUE('Reference',$,IFCIDENTIFIER('Generic - 12"'),$);
#16742=IFCPROPERTYSET('1SXYHPiwEoXe8gdQ5zely5',#18,'Pset_EnvironmentalImpactIndicators',$,(#16741));
#16743=IFCPROPERTYSINGLEVALUE('Reference',$,IFCLABEL('Generic - 12"'),$);
#16744=IFCPROPERTYSET('0o4KueK4udqB7oce4eGHPm',#18,'Pset_ReinforcementBarPitchOfSlab',$,(#16743));
#16745=IFCPROPERTYSINGLEVALUE('PitchAngle',$,IFCPLANEANGLEMEASURE(0.),$);
#16746=IFCPROPERTYSINGLEVALUE('LoadBearing',$,IFCBOOLEAN(.T.),$);
#16747=IFCPROPERTYSET('2KU8EJSoEK2KsSLSiV2QHj',#18,'Pset_SlabCommon',$,(#45,#16741,#16745,#16746));
#16748=IFCRELDEFINESBYPROPERTIES('0Qy265PN46tAe3Iyz3a4Zs',#18,$,$,(#16732),#16742);
#16749=IFCRELDEFINESBYPROPERTIES('3tdw9ErBxx3yS_0eKek8ob',#18,$,$,(#16732),#16744);
#16750=IFCRELDEFINESBYPROPERTIES('28iK4zL_pmGPVSeYda_g7H',#18,$,$,(#16732),#16747);
#16751=IFCCLASSIFICATIONREFERENCE('https://www.csiresources.org/standards/uniformat','B1010','Floor Construction',#28,'',$);
#16752=IFCPROPERTYSINGLEVALUE('Description',$,IFCTEXT('Generic Floor (Material By Category), 12" thick'),$);
#16753=IFCPROPERTYSET('08jeqqdMvr9oQ2sJw84keo',#18,'Pset_ReinforcementBarPitchOfSlab',$,(#16752));
#16754=IFCAXIS2PLACEMENT3D(#3,$,$);
#16755=IFCLOCALPLACEMENT(#34,#16754);
#16756=IFCCARTESIANPOINT((0.,0.));
#16757=IFCAXIS2PLACEMENT2D(#16756,#11);
#16758=IFCRECTANGLEPROFILEDEF(.AREA.,$,#16757,5899.9999999998554,27100.000000000029);
#16759=IFCCARTESIANPOINT((0.,2950.,0.));
#16760=IFCAXIS2PLACEMENT3D(#16759,#10,#7);
#16761=IFCEXTRUDEDAREASOLID(#16758,#16760,#9,304.80000000000001);
#16762=IFCSTYLEDITEM(#16761,(#16724),$);
#16763=IFCSHAPEREPRESENTATION(#24,'Body','SweptSolid',(#16761));
#16764=IFCPRODUCTDEFINITIONSHAPE($,$,(#16763));
#16765=IFCSLAB('2QnDw_VXDDCuQkmhJiHkpM',#18,'Floor:Generic - 12":1622152',$,'Floor:Generic - 12"',#16755,#16764,'1622152',.FLOOR.);
#16766=IFCMATERIALLAYERSETUSAGE(#16739,.AXIS3.,.POSITIVE.,0.,$);
#16767=IFCPROPERTYSET('3Hko6Hpr$jxTVokJYi8FJ0',#18,'Pset_EnvironmentalImpactIndicators',$,(#16741));
#16768=IFCPROPERTYSINGLEVALUE('Reference',$,IFCLABEL('Generic - 12"'),$);
#16769=IFCPROPERTYSET('3byMJiFBTqnNr$7aD5$i6X',#18,'Pset_ReinforcementBarPitchOfSlab',$,(#16768));
#16770=IFCPROPERTYSET('16lYorqp9xXYsPOMRUJJ8Y',#18,'Pset_SlabCommon',$,(#45,#16741,#16745,#16746));
#16771=IFCRELDEFINESBYPROPERTIES('3qKQaQpWfbGOTqZyZ3bgnO',#18,$,$,(#16765),#16767);
#16772=IFCRELDEFINESBYPROPERTIES('10CVSlQkJVKa9xIWzJ4Fip',#18,$,$,(#16765),#16769);
#16773=IFCRELDEFINESBYPROPERTIES('3oQutPyRx2cfiAGvZJ1jIB',#18,$,$,(#16765),#16770);
#16774=IFCPROPERTYSINGLEVALUE('Reference',$,IFCIDENTIFIER('8mm Head'),$);
#16775=IFCPROPERTYSINGLEVALUE('AboveGround',$,IFCLOGICAL(.U.),$);
#16776=IFCPROPERTYSET('16L50AfyZF4hYq5TGET4H4',#18,'Pset_BuildingStoreyCommon',$,(#16774,#16775));
#16777=IFCPROPERTYSET('2J7ac_h5ujdwWuzVwBIIta',#18,'Pset_SpaceCommon',$,(#45,#16774));
#16778=IFCRELDEFINESBYPROPERTIES('2VdfSfkgzGoZi_3SgzE8$0',#18,$,$,(#35),#16776);
#16779=IFCRELDEFINESBYPROPERTIES('3$YdOpA8iaPobC8MDiWxoI',#18,$,$,(#35),#16777);
#16780=IFCRELCONTAINEDINSPATIALSTRUCTURE('2JF4e6axWHqu3u0C5FZlmi',#18,$,$,(#352,#388,#410,#432,#454,#476,#498,#520,#542,#564,#586,#608,#630,#652,#674,#696,#718,#740,#8743,#16704,#16765),#35);
#16781=IFCPROPERTYSET('1n34enW33Z_3Qq2Pm1kjQZ',#18,'Pset_BuildingStoreyCommon',$,(#16774,#16775));
#16782=IFCPROPERTYSET('0qNc4$IaPwTvoqOd7IlIE4',#18,'Pset_SpaceCommon',$,(#45,#16774));
#16783=IFCRELDEFINESBYPROPERTIES('36oM8gyLQ5_Z6XoGK5uP1E',#18,$,$,(#39),#16781);
#16784=IFCRELDEFINESBYPROPERTIES('0jA6Vdz$3CfPvu_I1iTL6J',#18,$,$,(#39),#16782);
#16785=IFCRELCONTAINEDINSPATIALSTRUCTURE('1ZGO8hrFCHqw0v0066FpFv',#18,$,$,(#16732),#39);
#16786=IFCRELAGGREGATES('2KFB6YYWgXBmucZ8cm7uCP',#18,$,$,#27,(#42));
#16787=IFCRELAGGREGATES('16_hfJTeCqU7LcG8m10BTS',#18,$,$,#42,(#32));
#16788=IFCRELAGGREGATES('2JF4e6axWHqu3u0C9FZlmi',#18,$,$,#35,(#170,#209,#328));
#16789=IFCRELAGGREGATES('1yhDISh1T5aQqAoygxGIhP',#18,$,$,#32,(#35,#39));
#16790=IFCPROPERTYSINGLEVALUE('NumberOfStoreys',$,IFCCOUNTMEASURE(2),$);
#16791=IFCPROPERTYSINGLEVALUE('IsLandmarked',$,IFCLOGICAL(.U.),$);
#16792=IFCPROPERTYSET('01y_GmllCupEYuBgfGbhkd',#18,'Pset_BuildingCommon',$,(#43,#16790,#16791));
#16793=IFCPROPERTYSET('1rUR7OGyIAkZT62xvibLnd',#18,'Pset_BuildingElementProxyCommon',$,(#43,#45));
#16794=IFCPROPERTYSET('2kFDjjfIaTsBi7MLK$i$Me',#18,'Pset_BuildingStoreyCommon',$,(#43,#16775));
#16795=IFCPROPERTYSET('1TYvb3FgH88mtl04iE5P1T',#18,'Pset_BuildingSystemCommon',$,(#43));
#16796=IFCPROPERTYSET('2W94HCj5xfigmNGtkBMklk',#18,'Pset_SpaceCommon',$,(#43,#45));
#16797=IFCRELDEFINESBYPROPERTIES('0vDjba2fshDEh0_KufwWht',#18,$,$,(#32),#16792);
#16798=IFCRELDEFINESBYPROPERTIES('1V6UQfELB4oPy3GPEaJMPw',#18,$,$,(#32),#16793);
#16799=IFCRELDEFINESBYPROPERTIES('0Vpd75HttOMIhzXutBGgCt',#18,$,$,(#32),#16794);
#16800=IFCRELDEFINESBYPROPERTIES('22VMRBFW9n6_S81yWIP225',#18,$,$,(#32),#16795);
#16801=IFCRELDEFINESBYPROPERTIES('2w3bzVlKnfBVjA3_BjG2II',#18,$,$,(#32),#16796);
#16802=IFCRELASSOCIATESMATERIAL('3qwOTLQUvfta0lsP8SJ5rO',#18,$,$,(#16732),#16740);
#16803=IFCRELASSOCIATESMATERIAL('09OvC172L410bPwW$PluRo',#18,$,$,(#16765),#16766);
#16804=IFCRELASSOCIATESMATERIAL('2VfjSOtUazubFWe7YYJBCq',#18,$,$,(#8686),#8735);
#16805=IFCRELASSOCIATESMATERIAL('3wO$SUbz_ok152jKhHBiCl',#18,$,$,(#8743),#8748);
#16806=IFCRELASSOCIATESMATERIAL('08fXXz7pMMJp7hReQWlnrU',#18,$,$,(#16681),#16697);
#16807=IFCRELASSOCIATESMATERIAL('3Rmi5AUO0cgBXtKTGjdPuX',#18,$,$,(#16704),#16709);
#16808=IFCRELASSOCIATESMATERIAL('22T9r9KB1F3JFgePfxkUGp',#18,$,$,(#352,#359,#388,#410,#432,#454,#476,#498,#520,#542,#564,#586,#608,#630,#652,#674,#696,#718,#740),#358);
#16809=IFCRELASSOCIATESMATERIAL('0RkFpO4y91A56i7kETvvWZ',#18,$,$,(#16733),#16739);
#16810=IFCRELDEFINESBYTYPE('0cXH1RdHMRmjbpk7XvZaLH',#18,$,$,(#170),#171);
#16811=IFCRELDEFINESBYTYPE('1BabZuszDt4wqUyQi7Zqv2',#18,$,$,(#209),#210);
#16812=IFCRELDEFINESBYTYPE('0WS$pAmFT1r59rjTNQCmF_',#18,$,$,(#328),#329);
#16813=IFCRELDEFINESBYTYPE('0MSq_ijuC5q4PUKv4QkOsA',#18,$,$,(#352,#388,#410,#432,#454,#476,#498,#520,#542,#564,#586,#608,#630,#652,#674,#696,#718,#740),#359);
#16814=IFCRELDEFINESBYTYPE('2irtLlt6BKexKvo_i7WXZT',#18,$,$,(#8743),#8686);
#16815=IFCRELDEFINESBYTYPE('26otHfVJSt3dO2_pQKnio6',#18,$,$,(#16704),#16681);
#16816=IFCRELDEFINESBYTYPE('3AVJtbOHyTnujdziMMd$qq',#18,$,$,(#16732,#16765),#16733);
#16817=IFCRELCONNECTSPATHELEMENTS('0jwZ0wU5UEe4knqqzjw6W4',#18,'3BWdP87i9Ef9$qXUk0QtZE|2QnDw_VXDDCuQkmhJiHfq8','Structural',$,#352,#476,(),(),.ATEND.,.ATSTART.);
#16818=IFCRELCONNECTSPATHELEMENTS('1FboaKoKCJ3fLiUBXqmBBM',#18,'3BWdP87i9Ef9$qXUk0QtZE|3BWdP87i9Ef9$qXUk0QtIn','Structural',$,#352,#432,(),(),.ATSTART.,.ATEND.);
#16819=IFCRELCONNECTSPATHELEMENTS('2x5Iwp2GJP1yg5E3u72Xp1',#18,'3BWdP87i9Ef9$qXUk0QtfL|3BWdP87i9Ef9$qXUk0QtIo','Structural',$,#388,#410,(),(),.ATEND.,.ATSTART.);
#16820=IFCRELCONNECTSPATHELEMENTS('2c7GKNIgYb1FEWXjaz3dw3',#18,'3BWdP87i9Ef9$qXUk0QtfL|2QnDw_VXDDCuQkmhJiHfAd','Structural',$,#388,#740,(),(),.ATSTART.,.ATSTART.);
#16821=IFCRELCONNECTSPATHELEMENTS('2_TZNXnelvIwEoSaDJ11kR',#18,'3BWdP87i9Ef9$qXUk0QtIo|3BWdP87i9Ef9$qXUk0QtIn','Structural',$,#410,#432,(),(),.ATEND.,.ATSTART.);
#16822=IFCRELCONNECTSPATHELEMENTS('0ph8kIjV0OVuGQ28Z1iyc9',#18,'3BWdP87i9Ef9$qXUk0QtIo|2QnDw_VXDDCuQkmhJiHf8s','Structural',$,#410,#718,(),(),.ATEND.,.ATSTART.);
#16823=IFCRELCONNECTSPATHELEMENTS('2rWjAgsKKpgUlXAujvSOHe',#18,'3BWdP87i9Ef9$qXUk0QtIo|2QnDw_VXDDCuQkmhJiHfAd','Structural',$,#410,#740,(),(),.ATSTART.,.ATEND.);
#16824=IFCRELCONNECTSPATHELEMENTS('3r5MmsVbyqSgRh3hRiJjZm',#18,'3BWdP87i9Ef9$qXUk0QtIn|2QnDw_VXDDCuQkmhJiHf8s','Structural',$,#432,#718,(),(),.ATEND.,.ATEND.);
#16825=IFCRELCONNECTSPATHELEMENTS('1dvYoeOU9TEHZFmuVJsyee',#18,'2QnDw_VXDDCuQkmhJiHfUy|2QnDw_VXDDCuQkmhJiHfUv','Structural',$,#542,#652,(),(),.ATEND.,.ATSTART.);
#16826=IFCRELCONNECTSPATHELEMENTS('2ukxdnnmMgfGQfl3n4LyH7',#18,'2QnDw_VXDDCuQkmhJiHfUy|2QnDw_VXDDCuQkmhJiHfAd','Structural',$,#542,#740,(),(),.ATEND.,.ATSTART.);
#16827=IFCRELCONNECTSPATHELEMENTS('2pKORQ1WT0heHLkBlxyNjq',#18,'2QnDw_VXDDCuQkmhJiHfUy|2QnDw_VXDDCuQkmhJiHfUx','Structural',$,#542,#608,(),(),.ATSTART.,.ATEND.);
#16828=IFCRELCONNECTSPATHELEMENTS('0GbaIDnR3$9bsL7$HWbm7R',#18,'2QnDw_VXDDCuQkmhJiHfUy|2QnDw_VXDDCuQkmhJiHf8s','Structural',$,#542,#718,(),(),.ATSTART.,.ATEND.);
#16829=IFCRELCONNECTSPATHELEMENTS('1Dk3_IpeqCMsiKvgK5GQzR',#18,'2QnDw_VXDDCuQkmhJiHfUz|2QnDw_VXDDCuQkmhJiHfUw','Structural',$,#564,#586,(),(),.ATEND.,.ATSTART.);
#16830=IFCRELCONNECTSPATHELEMENTS('2Evk1bKZvDtK4zk_K2qoZ1',#18,'2QnDw_VXDDCuQkmhJiHfUw|2QnDw_VXDDCuQkmhJiHfUx','Structural',$,#586,#608,(),(),.ATEND.,.ATSTART.);
#16831=IFCRELCONNECTSPATHELEMENTS('1ggS8ypXx8Oi3Tx6gE$hYd',#18,'2QnDw_VXDDCuQkmhJiHfUx|2QnDw_VXDDCuQkmhJiHf8s','Structural',$,#608,#718,(),(),.ATSTART.,.ATSTART.);
#16832=IFCRELCONNECTSPATHELEMENTS('0Dtov3aDIdnobf8CyxuHMB',#18,'2QnDw_VXDDCuQkmhJiHfUv|2QnDw_VXDDCuQkmhJiHfAd','Structural',$,#652,#740,(),(),.ATEND.,.ATEND.);
#16833=IFCPRESENTATIONLAYERASSIGNMENT('A-AREA-____-OTLN',$,(#167,#207,#326),$);
#16834=IFCPRESENTATIONLAYERASSIGNMENT('A-WALL-____-OTLN',$,(#340,#350,#379,#386,#401,#408,#423,#430,#445,#452,#467,#474,#489,#496,#511,#518,#533,#540,#555,#562,#577,#584,#599,#606,#621,#628,#643,#650,#665,#672,#687,#694,#709,#716,#731,#738),$);
#16835=IFCPRESENTATIONLAYERASSIGNMENT('A-DOOR-____-OTLN',$,(#8681,#8721,#8724,#8727,#8730,#8733,#8738,#16676,#16683,#16686,#16689,#16692,#16695,#16699),$);
#16836=IFCPRESENTATIONLAYERASSIGNMENT('A-FLOR-____-OTLN',$,(#16726,#16763),$);
#16837=IFCCARTESIANPOINT((1050.,425.));
#16838=IFCAXIS2PLACEMENT2D(#16837,#11);
#16839=IFCRECTANGLEPROFILEDEF(.AREA.,$,#16838,2100.,850.);
#16840=IFCAXIS2PLACEMENT3D(#3,#7,#9);
#16841=IFCEXTRUDEDAREASOLID(#16839,#16840,#9,200.);
#16842=IFCSHAPEREPRESENTATION(#24,'Body','SweptSolid',(#16841));
#16843=IFCPRODUCTDEFINITIONSHAPE($,$,(#16842));
#16844=IFCCARTESIANPOINT((2525.,-100.,0.));
#16845=IFCAXIS2PLACEMENT3D(#16844,$,$);
#16846=IFCLOCALPLACEMENT(#398,#16845);
#16847=IFCOPENINGELEMENT('3bdffHZf$Y4q4I_3LTlrif',#18,'M_Door-Passage-Single-Vision_Lite:750 x 2000mm:1622003:1',$,$,#16846,#16843,'1622003',.OPENING.);
#16848=IFCRELVOIDSELEMENT('2QnDw_VXDDCuQkmg3iHfEj',#18,$,$,#410,#16847);
#16849=IFCRELFILLSELEMENT('0JT70HGV5JKZhuBV3FAqWF',#18,$,$,#16847,#16704);
#16850=IFCCARTESIANPOINT((0.,-12.6999999999598,0.));
#16851=IFCAXIS2PLACEMENT3D(#16850,$,$);
#16852=IFCLOCALPLACEMENT(#16846,#16851);
#16853=IFCCARTESIANPOINT((1050.,425.));
#16854=IFCAXIS2PLACEMENT2D(#16853,#11);
#16855=IFCRECTANGLEPROFILEDEF(.AREA.,$,#16854,2100.,850.);
#16856=IFCAXIS2PLACEMENT3D(#3,#7,#9);
#16857=IFCEXTRUDEDAREASOLID(#16855,#16856,#9,200.);
#16858=IFCSHAPEREPRESENTATION(#24,'Body','SweptSolid',(#16857));
#16859=IFCPRODUCTDEFINITIONSHAPE($,$,(#16858));
#16860=IFCCARTESIANPOINT((2325.,-100.,0.));
#16861=IFCAXIS2PLACEMENT3D(#16860,$,$);
#16862=IFCLOCALPLACEMENT(#530,#16861);
#16863=IFCOPENINGELEMENT('1MM9bsVMdscknTZfJzEBPw',#18,'M_Door-Passage-Single-Vision_Lite:750 x 2000mm:1621801:1',$,$,#16862,#16859,'1621801',.OPENING.);
#16864=IFCRELVOIDSELEMENT('2QnDw_VXDDCuQkmg3iHfDt',#18,$,$,#542,#16863);
#16865=IFCRELFILLSELEMENT('1P1N7tl9OpV09QyM8tgm0a',#18,$,$,#16863,#8743);
#16866=IFCAXIS2PLACEMENT3D(#3,$,$);
#16867=IFCLOCALPLACEMENT(#16862,#16866);
#16868=IFCRELASSOCIATESCLASSIFICATION('15kS_ZjgS4BJTf6DYycLwo',#18,'Exterior Walls','Exterior Walls:B2010',(#352,#388,#410,#432,#454,#476,#498,#520,#542,#564,#586,#608,#630,#652,#674,#696,#718,#740),#371);
#16869=IFCRELASSOCIATESCLASSIFICATION('0NuDP6J$oDsS4k64ZpxO5j',#18,'Glazed Doors & Entrances','Glazed Doors & Entrances:B2030100',(#8743,#16704),#8754);
#16870=IFCRELASSOCIATESCLASSIFICATION('1xq6SgDLTR3TfOg__PCyOQ',#18,'Floor Construction','Floor Construction:B1010',(#16732,#16765),#16751);
#16871=IFCUNITASSIGNMENT((#19,#169,#16730));
ENDSEC;

END-ISO-10303-21;