ISO-10303-21;
HEADER;
FILE_DESCRIPTION(('ViewDefinition [CoordinationView]','RevitIdentifiers [ContentGUID: cbb0ae2e-6350-4225-8ca4-af668662c38d, VersionGUID: 63d20ae4-38e5-49b4-882a-dfcb6807d313, NumberOfSaves: 25]','CoordinateReference [CoordinateBase: Shared Coordinates]'),'2;1');
FILE_NAME('01_018.ifc','2026-01-06T12:11:49+01:00',(''),(''),'ODA SDAI 24.6','Autodesk Revit 24.3.30.11 (ENU) - IFC 24.3.30.11','');
FILE_SCHEMA(('IFC4X3'));
ENDSEC;

DATA;
#1=IFCORGANIZATION($,'Autodesk Revit 2024 (ENU)',$,$,$);
#2=IFCAPPLICATION(#1,'2024','Autodesk Revit 2024 (ENU)','Revit');
#3=IFCCARTESIANPOINT((0.,0.,0.));
#4=IFCCARTESIANPOINT((0.,0.));
#5=IFCDIRECTION((1.,0.,0.));
#6=IFCDIRECTION((-1.,0.,0.));
#7=IFCDIRECTION((0.,1.,0.));
#8=IFCDIRECTION((0.,-1.,0.));
#9=IFCDIRECTION((0.,0.,1.));
#10=IFCDIRECTION((0.,0.,-1.));
#11=IFCDIRECTION((1.,0.));
#12=IFCDIRECTION((-1.,0.));
#13=IFCDIRECTION((0.,1.));
#14=IFCDIRECTION((0.,-1.));
#15=IFCPERSON($,'','h.helming',$,$,$,$,$);
#16=IFCORGANIZATION($,'Organization Name','Organization Description',$,$);
#17=IFCPERSONANDORGANIZATION(#15,#16,$);
#18=IFCOWNERHISTORY(#17,#2,$,.NOCHANGE.,$,$,$,1767617702);
#19=IFCSIUNIT(*,.LENGTHUNIT.,.MILLI.,.METRE.);
#20=IFCAXIS2PLACEMENT3D(#3,$,$);
#21=IFCDIRECTION((6.1230317691118863E-17,1.));
#22=IFCGEOMETRICREPRESENTATIONCONTEXT($,'Model',3,0.01,#20,#21);
#23=IFCGEOMETRICREPRESENTATIONSUBCONTEXT('Axis','Model',*,*,*,*,#22,$,.GRAPH_VIEW.,$);
#24=IFCGEOMETRICREPRESENTATIONSUBCONTEXT('Body','Model',*,*,*,*,#22,$,.MODEL_VIEW.,$);
#25=IFCGEOMETRICREPRESENTATIONSUBCONTEXT('Box','Model',*,*,*,*,#22,$,.MODEL_VIEW.,$);
#26=IFCGEOMETRICREPRESENTATIONSUBCONTEXT('FootPrint','Model',*,*,*,*,#22,$,.MODEL_VIEW.,$);
#27=IFCPROJECT('3BiAukOr129OoahsPvdJnz',#18,'Project Number',$,$,'Project Name','Project Status',(#22),#2223);
#28=IFCCLASSIFICATION('CSI (Construction Specifications Institute)','1998',$,'Uniformat','UniFormat Classification','https://www.csiresources.org/standards/uniformat',$);
#29=IFCAXIS2PLACEMENT3D(#3,$,$);
#30=IFCLOCALPLACEMENT(#41,#29);
#31=IFCPOSTALADDRESS($,$,$,$,('Enter address hereAddress Line 2'),$,'','Boston','','MA');
#32=IFCBUILDING('3BiAukOr129OoahsPvdJny',#18,'Building Name',$,$,#30,$,'Building Name',.ELEMENT.,$,$,#31);
#33=IFCAXIS2PLACEMENT3D(#3,$,$);
#34=IFCLOCALPLACEMENT(#30,#33);
#35=IFCBUILDINGSTOREY('2JF4e6axWHqu3u0C1FZlmi',#18,'L1',$,'Level:8mm Head',#34,$,'L1',.ELEMENT.,0.);
#36=IFCCARTESIANPOINT((0.,0.,3000.));
#37=IFCAXIS2PLACEMENT3D(#36,$,$);
#38=IFCLOCALPLACEMENT(#30,#37);
#39=IFCBUILDINGSTOREY('1ZGO8hrFCHqw0v0026FpFv',#18,'L2',$,'Level:8mm Head',#38,$,'L2',.ELEMENT.,3000.000000000186);
#40=IFCAXIS2PLACEMENT3D(#3,$,$);
#41=IFCLOCALPLACEMENT($,#40);
#42=IFCSITE('3BiAukOr129OoahsPvdJn$',#18,'Default',$,$,#41,$,$,.ELEMENT.,(42,21,31,401672),(-71,-3,-24,-345703),0.,$,$);
#43=IFCPROPERTYSINGLEVALUE('Reference',$,IFCIDENTIFIER('Project Information'),$);
#44=IFCPROPERTYSET('2mFJcO6I01h0OYRLOICO3c',#18,'Pset_SiteCommon',$,(#43));
#45=IFCPROPERTYSINGLEVALUE('IsExternal',$,IFCBOOLEAN(.F.),$);
#46=IFCPROPERTYSET('0O$B2PbAODr9jYnpcaZGJT',#18,'Pset_SpaceCommon',$,(#43,#45));
#47=IFCRELDEFINESBYPROPERTIES('2fDrcjst0HFayqQ3dY1cGQ',#18,$,$,(#42),#44);
#48=IFCRELDEFINESBYPROPERTIES('1lYkP70lXSGXnZeJnLC8MY',#18,$,$,(#42),#46);
#55=IFCCARTESIANPOINT((100.,0.,0.));
#56=IFCAXIS2PLACEMENT3D(#55,#9,#7);
#57=IFCLOCALPLACEMENT(#34,#56);
#58=IFCCARTESIANPOINT((10750.,0.));
#59=IFCPOLYLINE((#4,#58));
#60=IFCSHAPEREPRESENTATION(#23,'Axis','Curve2D',(#59));
#61=IFCSIUNIT(*,.AREAUNIT.,$,.SQUARE_METRE.);
#62=IFCCARTESIANPOINT((5374.9999999999909,0.));
#63=IFCAXIS2PLACEMENT2D(#62,#12);
#64=IFCRECTANGLEPROFILEDEF(.AREA.,$,#63,10749.999999999982,200.);
#65=IFCAXIS2PLACEMENT3D(#3,$,$);
#66=IFCEXTRUDEDAREASOLID(#64,#65,#9,3000.0000000001864);
#67=IFCCOLOURRGB($,0.75294117647058822,0.75294117647058822,0.75294117647058822);
#68=IFCSURFACESTYLERENDERING(#67,0.,$,$,$,$,IFCNORMALISEDRATIOMEASURE(0.5),IFCSPECULAREXPONENT(10.),.NOTDEFINED.);
#69=IFCSURFACESTYLE('Default Wall',.BOTH.,(#68));
#70=IFCSTYLEDITEM(#66,(#69),$);
#71=IFCSHAPEREPRESENTATION(#24,'Body','SweptSolid',(#66));
#72=IFCPRODUCTDEFINITIONSHAPE($,$,(#60,#71));
#73=IFCWALL('1u4oG4Ltr15fMWjwJ4pNV8',#18,'Basic Wall:Generic - 200mm:1602214',$,'Basic Wall:Generic - 200mm',#57,#72,'1602214',.NOTDEFINED.);
#74=IFCMATERIAL('Default Wall',$,'Miscellaneous');
#75=IFCSTYLEDITEM($,(#69),$);
#76=IFCSTYLEDREPRESENTATION(#22,'Style','Material',(#75));
#77=IFCMATERIALDEFINITIONREPRESENTATION($,$,(#76),#74);
#78=IFCMATERIALLAYER(#74,200.,$,'Layer',$,'Miscellaneous',$);
#79=IFCMATERIALLAYERSET((#78),'Basic Wall:Generic - 200mm',$);
#80=IFCWALLTYPE('1xZrMVYp52mhf4uMzw11Hk',#18,'Basic Wall:Generic - 200mm',$,$,(#94),$,'441451',$,.STANDARD.);
#81=IFCPROPERTYSINGLEVALUE('Reference',$,IFCIDENTIFIER('Generic - 200mm'),$);
#82=IFCPROPERTYSET('2W0OPosU1WHeeQagaA$GWj',#18,'Pset_EnvironmentalImpactIndicators',$,(#81));
#83=IFCPROPERTYSINGLEVALUE('Reference',$,IFCLABEL('Generic - 200mm'),$);
#84=IFCPROPERTYSET('21fIcAAACeQZyYaVZmUQiC',#18,'Pset_ReinforcementBarPitchOfWall',$,(#83));
#85=IFCPROPERTYSINGLEVALUE('IsExternal',$,IFCBOOLEAN(.T.),$);
#86=IFCPROPERTYSINGLEVALUE('LoadBearing',$,IFCBOOLEAN(.F.),$);
#87=IFCPROPERTYSINGLEVALUE('ExtendToStructure',$,IFCBOOLEAN(.F.),$);
#88=IFCPROPERTYSET('0kcDj1SwPmyxwpCgXOXbpn',#18,'Pset_WallCommon',$,(#81,#85,#86,#87));
#89=IFCRELDEFINESBYPROPERTIES('3m50VvYz$fvs1OPX4FiNHn',#18,$,$,(#73),#82);
#90=IFCRELDEFINESBYPROPERTIES('3H23EtPoL_M3$Ez$KzefDc',#18,$,$,(#73),#84);
#91=IFCRELDEFINESBYPROPERTIES('1NzZ1fa4HnPgrDU3KJdeuO',#18,$,$,(#73),#88);
#92=IFCCLASSIFICATIONREFERENCE('https://www.csiresources.org/standards/uniformat','B2010','Exterior Walls',#28,'',$);
#93=IFCPROPERTYSINGLEVALUE('Description',$,IFCTEXT('Generic Wall (Material By Category), 200mm thick'),$);
#94=IFCPROPERTYSET('2L7lvTstnIeeydfwzfZZLR',#18,'Pset_ReinforcementBarPitchOfWall',$,(#93));
#95=IFCCARTESIANPOINT((200.,10650.,0.));
#96=IFCAXIS2PLACEMENT3D(#95,$,$);
#97=IFCLOCALPLACEMENT(#34,#96);
#98=IFCCARTESIANPOINT((13200.,0.));
#99=IFCPOLYLINE((#4,#98));
#100=IFCSHAPEREPRESENTATION(#23,'Axis','Curve2D',(#99));
#101=IFCCARTESIANPOINT((6599.9999999999991,-9.2370555648813024E-13));
#102=IFCAXIS2PLACEMENT2D(#101,#12);
#103=IFCRECTANGLEPROFILEDEF(.AREA.,$,#102,13199.999999999998,200.);
#104=IFCAXIS2PLACEMENT3D(#3,$,$);
#105=IFCEXTRUDEDAREASOLID(#103,#104,#9,3000.000000000186);
#106=IFCSTYLEDITEM(#105,(#69),$);
#107=IFCSHAPEREPRESENTATION(#24,'Body','SweptSolid',(#105));
#108=IFCPRODUCTDEFINITIONSHAPE($,$,(#100,#107));
#109=IFCWALL('1u4oG4Ltr15fMWjwJ4pNUQ',#18,'Basic Wall:Generic - 200mm:1602292',$,'Basic Wall:Generic - 200mm',#97,#108,'1602292',.NOTDEFINED.);
#110=IFCPROPERTYSET('3XqqCGIcM1fqZulASWrrI4',#18,'Pset_EnvironmentalImpactIndicators',$,(#81));
#111=IFCPROPERTYSINGLEVALUE('Reference',$,IFCLABEL('Generic - 200mm'),$);
#112=IFCPROPERTYSET('0Q9NRHHy4Y4fgP9nvWvBDa',#18,'Pset_ReinforcementBarPitchOfWall',$,(#111));
#113=IFCPROPERTYSET('0c4T$75hXboFkFu0Yn8CUy',#18,'Pset_WallCommon',$,(#81,#85,#86,#87));
#114=IFCRELDEFINESBYPROPERTIES('0j$BdxHTIHv7UiIFIyuhR5',#18,$,$,(#109),#110);
#115=IFCRELDEFINESBYPROPERTIES('3jbGqo_dYJesBn26oHYvY$',#18,$,$,(#109),#112);
#116=IFCRELDEFINESBYPROPERTIES('2qCRgxP2J5PSYA2L8L2Ujp',#18,$,$,(#109),#113);
#117=IFCCARTESIANPOINT((13300.,10550.,0.));
#118=IFCAXIS2PLACEMENT3D(#117,#9,#8);
#119=IFCLOCALPLACEMENT(#34,#118);
#120=IFCCARTESIANPOINT((7100.,0.));
#121=IFCPOLYLINE((#4,#120));
#122=IFCSHAPEREPRESENTATION(#23,'Axis','Curve2D',(#121));
#123=IFCCARTESIANPOINT((3550.0000000000109,-5.0448534238967113E-13));
#124=IFCAXIS2PLACEMENT2D(#123,#12);
#125=IFCRECTANGLEPROFILEDEF(.AREA.,$,#124,7100.0000000000218,200.);
#126=IFCAXIS2PLACEMENT3D(#3,$,$);
#127=IFCEXTRUDEDAREASOLID(#125,#126,#9,3000.000000000186);
#128=IFCSTYLEDITEM(#127,(#69),$);
#129=IFCSHAPEREPRESENTATION(#24,'Body','SweptSolid',(#127));
#130=IFCPRODUCTDEFINITIONSHAPE($,$,(#122,#129));
#131=IFCWALL('1u4oG4Ltr15fMWjwJ4pNPJ',#18,'Basic Wall:Generic - 200mm:1602365',$,'Basic Wall:Generic - 200mm',#119,#130,'1602365',.NOTDEFINED.);
#132=IFCPROPERTYSET('0fTNRoX7R$lFXowyXaq2V2',#18,'Pset_EnvironmentalImpactIndicators',$,(#81));
#133=IFCPROPERTYSINGLEVALUE('Reference',$,IFCLABEL('Generic - 200mm'),$);
#134=IFCPROPERTYSET('31ffiztTHeSNQ2BzVHjxgQ',#18,'Pset_ReinforcementBarPitchOfWall',$,(#133));
#135=IFCPROPERTYSET('0JkE4KY2Ye0FJ3vPmU9Q$v',#18,'Pset_WallCommon',$,(#81,#85,#86,#87));
#136=IFCRELDEFINESBYPROPERTIES('0iLaN3on5Qp5y2nMDjRYHQ',#18,$,$,(#131),#132);
#137=IFCRELDEFINESBYPROPERTIES('1ru0t2dzXzhA7iCUp5OHoE',#18,$,$,(#131),#134);
#138=IFCRELDEFINESBYPROPERTIES('2vI59B2PBONaf_RDL9BzdV',#18,$,$,(#131),#135);
#139=IFCCARTESIANPOINT((6400.,100.,0.));
#140=IFCAXIS2PLACEMENT3D(#139,#9,#6);
#141=IFCLOCALPLACEMENT(#34,#140);
#142=IFCCARTESIANPOINT((6200.,0.));
#143=IFCPOLYLINE((#4,#142));
#144=IFCSHAPEREPRESENTATION(#23,'Axis','Curve2D',(#143));
#145=IFCCARTESIANPOINT((3100.,1.4210854715202004E-14));
#146=IFCAXIS2PLACEMENT2D(#145,#12);
#147=IFCRECTANGLEPROFILEDEF(.AREA.,$,#146,6200.,200.);
#148=IFCAXIS2PLACEMENT3D(#3,$,$);
#149=IFCEXTRUDEDAREASOLID(#147,#148,#9,3000.000000000186);
#150=IFCSTYLEDITEM(#149,(#69),$);
#151=IFCSHAPEREPRESENTATION(#24,'Body','SweptSolid',(#149));
#152=IFCPRODUCTDEFINITIONSHAPE($,$,(#144,#151));
#153=IFCWALL('1u4oG4Ltr15fMWjwJ4pNOG',#18,'Basic Wall:Generic - 200mm:1602430',$,'Basic Wall:Generic - 200mm',#141,#152,'1602430',.NOTDEFINED.);
#154=IFCPROPERTYSET('3YyaI0PRXQtw0Yef94j5Qs',#18,'Pset_EnvironmentalImpactIndicators',$,(#81));
#155=IFCPROPERTYSINGLEVALUE('Reference',$,IFCLABEL('Generic - 200mm'),$);
#156=IFCPROPERTYSET('0t0Tne1Edmy0fXLdL4d1rM',#18,'Pset_ReinforcementBarPitchOfWall',$,(#155));
#157=IFCPROPERTYSET('1b4mPuzA4lUgRJbOD$swe1',#18,'Pset_WallCommon',$,(#81,#85,#86,#87));
#158=IFCRELDEFINESBYPROPERTIES('2V60Cpn59INNRE_yZ4e2Is',#18,$,$,(#153),#154);
#159=IFCRELDEFINESBYPROPERTIES('1ga$4q2yZBLM3ooUpsoMeb',#18,$,$,(#153),#156);
#160=IFCRELDEFINESBYPROPERTIES('14mfTcubrXKpcYJ2MJ4Lom',#18,$,$,(#153),#157);
#161=IFCCARTESIANPOINT((6300.,200.,0.));
#162=IFCAXIS2PLACEMENT3D(#161,#9,#7);
#163=IFCLOCALPLACEMENT(#34,#162);
#164=IFCCARTESIANPOINT((3450.,0.));
#165=IFCPOLYLINE((#4,#164));
#166=IFCSHAPEREPRESENTATION(#23,'Axis','Curve2D',(#165));
#167=IFCCARTESIANPOINT((1725.0000000000005,8.5265128291212022E-14));
#168=IFCAXIS2PLACEMENT2D(#167,#12);
#169=IFCRECTANGLEPROFILEDEF(.AREA.,$,#168,3450.0000000000009,200.);
#170=IFCAXIS2PLACEMENT3D(#3,$,$);
#171=IFCEXTRUDEDAREASOLID(#169,#170,#9,3000.000000000186);
#172=IFCSTYLEDITEM(#171,(#69),$);
#173=IFCSHAPEREPRESENTATION(#24,'Body','SweptSolid',(#171));
#174=IFCPRODUCTDEFINITIONSHAPE($,$,(#166,#173));
#175=IFCWALL('1u4oG4Ltr15fMWjwJ4pN5R',#18,'Basic Wall:Generic - 200mm:1602613',$,'Basic Wall:Generic - 200mm',#163,#174,'1602613',.NOTDEFINED.);
#176=IFCPROPERTYSET('0D1$IEu4tO1DDKO_b1bDKl',#18,'Pset_EnvironmentalImpactIndicators',$,(#81));
#177=IFCPROPERTYSINGLEVALUE('Reference',$,IFCLABEL('Generic - 200mm'),$);
#178=IFCPROPERTYSET('3CZzLzltfDisKhJO7bm0Jj',#18,'Pset_ReinforcementBarPitchOfWall',$,(#177));
#179=IFCPROPERTYSET('1UpvsG$$X4wlv1HIWJk5lu',#18,'Pset_WallCommon',$,(#81,#85,#86,#87));
#180=IFCRELDEFINESBYPROPERTIES('1n7IAGJU60XRRGJ1mCH$8C',#18,$,$,(#175),#176);
#181=IFCRELDEFINESBYPROPERTIES('2NdxcY$I8M0D8Sqv_fFgPL',#18,$,$,(#175),#178);
#182=IFCRELDEFINESBYPROPERTIES('2sf1GbwyN5YzXRc20NsL_p',#18,$,$,(#175),#179);
#183=IFCCARTESIANPOINT((6400.,3550.,0.));
#184=IFCAXIS2PLACEMENT3D(#183,$,$);
#185=IFCLOCALPLACEMENT(#34,#184);
#186=IFCCARTESIANPOINT((6800.,0.));
#187=IFCPOLYLINE((#4,#186));
#188=IFCSHAPEREPRESENTATION(#23,'Axis','Curve2D',(#187));
#189=IFCCARTESIANPOINT((3399.9999999999995,2.8421709430404007E-14));
#190=IFCAXIS2PLACEMENT2D(#189,#12);
#191=IFCRECTANGLEPROFILEDEF(.AREA.,$,#190,6799.9999999999991,200.);
#192=IFCAXIS2PLACEMENT3D(#3,$,$);
#193=IFCEXTRUDEDAREASOLID(#191,#192,#9,3000.000000000186);
#194=IFCSTYLEDITEM(#193,(#69),$);
#195=IFCSHAPEREPRESENTATION(#24,'Body','SweptSolid',(#193));
#196=IFCPRODUCTDEFINITIONSHAPE($,$,(#188,#195));
#197=IFCWALL('1u4oG4Ltr15fMWjwJ4pN4F',#18,'Basic Wall:Generic - 200mm:1602657',$,'Basic Wall:Generic - 200mm',#185,#196,'1602657',.NOTDEFINED.);
#198=IFCPROPERTYSET('2iLRMV7SmPVSwQsouj3Eh3',#18,'Pset_EnvironmentalImpactIndicators',$,(#81));
#199=IFCPROPERTYSINGLEVALUE('Reference',$,IFCLABEL('Generic - 200mm'),$);
#200=IFCPROPERTYSET('3__X9zBZVubPkRteiq3$wm',#18,'Pset_ReinforcementBarPitchOfWall',$,(#199));
#201=IFCPROPERTYSET('3jO06SKVCQtxY1NjmO8qTh',#18,'Pset_WallCommon',$,(#81,#85,#86,#87));
#202=IFCRELDEFINESBYPROPERTIES('0nnI6F6RbZRRCHsqW0H3sg',#18,$,$,(#197),#198);
#203=IFCRELDEFINESBYPROPERTIES('1PGiG7OWEJq7gTNhVgojbf',#18,$,$,(#197),#200);
#204=IFCRELDEFINESBYPROPERTIES('2MqGN1FW3gPQnksAapDe4v',#18,$,$,(#197),#201);
#205=IFCCARTESIANPOINT((6200.,6350.,0.));
#206=IFCAXIS2PLACEMENT3D(#205,#9,#6);
#207=IFCLOCALPLACEMENT(#34,#206);
#208=IFCCARTESIANPOINT((6000.,0.));
#209=IFCPOLYLINE((#4,#208));
#210=IFCSHAPEREPRESENTATION(#23,'Axis','Curve2D',(#209));
#211=IFCCARTESIANPOINT((3000.,0.));
#212=IFCAXIS2PLACEMENT2D(#211,#12);
#213=IFCRECTANGLEPROFILEDEF(.AREA.,$,#212,6000.,200.);
#214=IFCAXIS2PLACEMENT3D(#3,$,$);
#215=IFCEXTRUDEDAREASOLID(#213,#214,#9,3000.000000000186);
#216=IFCSTYLEDITEM(#215,(#69),$);
#217=IFCSHAPEREPRESENTATION(#24,'Body','SweptSolid',(#215));
#218=IFCPRODUCTDEFINITIONSHAPE($,$,(#210,#217));
#219=IFCWALL('1u4oG4Ltr15fMWjwJ4pN3B',#18,'Basic Wall:Generic - 200mm:1602981',$,'Basic Wall:Generic - 200mm',#207,#218,'1602981',.NOTDEFINED.);
#220=IFCPROPERTYSET('3K50826YHsDciXVi7N5zhJ',#18,'Pset_EnvironmentalImpactIndicators',$,(#81));
#221=IFCPROPERTYSINGLEVALUE('Reference',$,IFCLABEL('Generic - 200mm'),$);
#222=IFCPROPERTYSET('37jzwGDmAP9BpRlbJBaEhG',#18,'Pset_ReinforcementBarPitchOfWall',$,(#221));
#223=IFCPROPERTYSET('0kvJd5TgHCQa2xSuxgRD9I',#18,'Pset_WallCommon',$,(#81,#85,#86,#87));
#224=IFCRELDEFINESBYPROPERTIES('00mN5OOJo8QzblFj_rVs6O',#18,$,$,(#219),#220);
#225=IFCRELDEFINESBYPROPERTIES('0qosqTpY_$jFjeJvGPlrqw',#18,$,$,(#219),#222);
#226=IFCRELDEFINESBYPROPERTIES('2xfiXQaJ1TROujEaDyZWk_',#18,$,$,(#219),#223);
#227=IFCCARTESIANPOINT((3850.,6250.,0.));
#228=IFCAXIS2PLACEMENT3D(#227,#9,#8);
#229=IFCLOCALPLACEMENT(#34,#228);
#230=IFCCARTESIANPOINT((6050.,0.));
#231=IFCPOLYLINE((#4,#230));
#232=IFCSHAPEREPRESENTATION(#23,'Axis','Curve2D',(#231));
#233=IFCCARTESIANPOINT((3025.0000000000009,1.2079226507921703E-13));
#234=IFCAXIS2PLACEMENT2D(#233,#12);
#235=IFCRECTANGLEPROFILEDEF(.AREA.,$,#234,6050.0000000000018,200.);
#236=IFCAXIS2PLACEMENT3D(#3,$,$);
#237=IFCEXTRUDEDAREASOLID(#235,#236,#9,3000.000000000186);
#238=IFCSTYLEDITEM(#237,(#69),$);
#239=IFCSHAPEREPRESENTATION(#24,'Body','SweptSolid',(#237));
#240=IFCPRODUCTDEFINITIONSHAPE($,$,(#232,#239));
#241=IFCWALL('1u4oG4Ltr15fMWjwJ4pNDB',#18,'Basic Wall:Generic - 200mm:1603109',$,'Basic Wall:Generic - 200mm',#229,#240,'1603109',.NOTDEFINED.);
#242=IFCPROPERTYSET('1s$jI7xdgMLAz8azR4eCNT',#18,'Pset_EnvironmentalImpactIndicators',$,(#81));
#243=IFCPROPERTYSINGLEVALUE('Reference',$,IFCLABEL('Generic - 200mm'),$);
#244=IFCPROPERTYSET('1HeuCd_Y89HyJKZTWwxb7O',#18,'Pset_ReinforcementBarPitchOfWall',$,(#243));
#245=IFCPROPERTYSET('2LzOK2Ribxudi9obiFMV62',#18,'Pset_WallCommon',$,(#81,#85,#86,#87));
#246=IFCRELDEFINESBYPROPERTIES('2ij93DgAUsTmNgicfYFL26',#18,$,$,(#241),#242);
#247=IFCRELDEFINESBYPROPERTIES('3WkfQQS_fdIQQP1Q4YS8nq',#18,$,$,(#241),#244);
#248=IFCRELDEFINESBYPROPERTIES('3F3PsskD36zky7Drz_KSfa',#18,$,$,(#241),#245);
#249=IFCCARTESIANPOINT((3750.,3550.,0.));
#250=IFCAXIS2PLACEMENT3D(#249,#9,#6);
#251=IFCLOCALPLACEMENT(#34,#250);
#252=IFCCARTESIANPOINT((3550.,0.));
#253=IFCPOLYLINE((#4,#252));
#254=IFCSHAPEREPRESENTATION(#23,'Axis','Curve2D',(#253));
#255=IFCCARTESIANPOINT((1775.0000000000005,-1.5631940186722204E-13));
#256=IFCAXIS2PLACEMENT2D(#255,#12);
#257=IFCRECTANGLEPROFILEDEF(.AREA.,$,#256,3550.0000000000009,200.);
#258=IFCAXIS2PLACEMENT3D(#3,$,$);
#259=IFCEXTRUDEDAREASOLID(#257,#258,#9,3000.000000000186);
#260=IFCSTYLEDITEM(#259,(#69),$);
#261=IFCSHAPEREPRESENTATION(#24,'Body','SweptSolid',(#259));
#262=IFCPRODUCTDEFINITIONSHAPE($,$,(#254,#261));
#263=IFCWALL('1u4oG4Ltr15fMWjwJ4pNFH',#18,'Basic Wall:Generic - 200mm:1603263',$,'Basic Wall:Generic - 200mm',#251,#262,'1603263',.NOTDEFINED.);
#264=IFCPROPERTYSET('1nf9Ll6v1sU_dnnHCBU$o3',#18,'Pset_EnvironmentalImpactIndicators',$,(#81));
#265=IFCPROPERTYSINGLEVALUE('Reference',$,IFCLABEL('Generic - 200mm'),$);
#266=IFCPROPERTYSET('3lkqR3zUyDyCG3zUfypoOv',#18,'Pset_ReinforcementBarPitchOfWall',$,(#265));
#267=IFCPROPERTYSET('3ospvkwIr58T0$iRI$F6RA',#18,'Pset_WallCommon',$,(#81,#85,#86,#87));
#268=IFCRELDEFINESBYPROPERTIES('2QpvIa98jxVLg1vlwiXdjO',#18,$,$,(#263),#264);
#269=IFCRELDEFINESBYPROPERTIES('3zi8cd2Po541HIzhxaH4vN',#18,$,$,(#263),#266);
#270=IFCRELDEFINESBYPROPERTIES('3JaQ2kNbmZyOq5f8NANs32',#18,$,$,(#263),#267);
#271=IFCCARTESIANPOINT((6300.,3650.,0.));
#272=IFCAXIS2PLACEMENT3D(#271,#9,#7);
#273=IFCLOCALPLACEMENT(#34,#272);
#274=IFCCARTESIANPOINT((6900.,0.));
#275=IFCPOLYLINE((#4,#274));
#276=IFCSHAPEREPRESENTATION(#23,'Axis','Curve2D',(#275));
#277=IFCCARTESIANPOINT((3450.0000000000009,1.4210854715202004E-14));
#278=IFCAXIS2PLACEMENT2D(#277,#12);
#279=IFCRECTANGLEPROFILEDEF(.AREA.,$,#278,6900.0000000000018,200.);
#280=IFCAXIS2PLACEMENT3D(#3,$,$);
#281=IFCEXTRUDEDAREASOLID(#279,#280,#9,3000.000000000186);
#282=IFCSTYLEDITEM(#281,(#69),$);
#283=IFCSHAPEREPRESENTATION(#24,'Body','SweptSolid',(#281));
#284=IFCPRODUCTDEFINITIONSHAPE($,$,(#276,#283));
#285=IFCWALL('1u4oG4Ltr15fMWjwJ4pNrL',#18,'Basic Wall:Generic - 200mm:1603643',$,'Basic Wall:Generic - 200mm',#273,#284,'1603643',.NOTDEFINED.);
#286=IFCPROPERTYSET('0avCQvzwkoU$ude7ezNtWC',#18,'Pset_EnvironmentalImpactIndicators',$,(#81));
#287=IFCPROPERTYSINGLEVALUE('Reference',$,IFCLABEL('Generic - 200mm'),$);
#288=IFCPROPERTYSET('12DtfHFJO7OqVsfvlyXHuX',#18,'Pset_ReinforcementBarPitchOfWall',$,(#287));
#289=IFCPROPERTYSET('0jKslwnmKNBrGJQD3fyTEH',#18,'Pset_WallCommon',$,(#81,#85,#86,#87));
#290=IFCRELDEFINESBYPROPERTIES('2j6R$g6Q5ic02$Hgggexlc',#18,$,$,(#285),#286);
#291=IFCRELDEFINESBYPROPERTIES('0ERKGF8G0ljKA7CzGSOhT7',#18,$,$,(#285),#288);
#292=IFCRELDEFINESBYPROPERTIES('0vJbBa5imV40TI16G7FJRJ',#18,$,$,(#285),#289);
#293=IFCCARTESIANPOINT((100.,0.,0.));
#294=IFCAXIS2PLACEMENT3D(#293,#9,#7);
#295=IFCLOCALPLACEMENT(#38,#294);
#296=IFCCARTESIANPOINT((10750.,0.));
#297=IFCPOLYLINE((#4,#296));
#298=IFCSHAPEREPRESENTATION(#23,'Axis','Curve2D',(#297));
#299=IFCCARTESIANPOINT((5374.9999999999909,0.));
#300=IFCAXIS2PLACEMENT2D(#299,#12);
#301=IFCRECTANGLEPROFILEDEF(.AREA.,$,#300,10749.999999999982,200.);
#302=IFCAXIS2PLACEMENT3D(#3,$,$);
#303=IFCEXTRUDEDAREASOLID(#301,#302,#9,3000.0000000001864);
#304=IFCSTYLEDITEM(#303,(#69),$);
#305=IFCSHAPEREPRESENTATION(#24,'Body','SweptSolid',(#303));
#306=IFCPRODUCTDEFINITIONSHAPE($,$,(#298,#305));
#307=IFCWALL('1G$Ejw1Tn27RsUWQGSEz59',#18,'Basic Wall:Generic - 200mm:1604990',$,'Basic Wall:Generic - 200mm',#295,#306,'1604990',.NOTDEFINED.);
#308=IFCPROPERTYSET('0rT7yBk44d_aMP$sSxcBXP',#18,'Pset_EnvironmentalImpactIndicators',$,(#81));
#309=IFCPROPERTYSINGLEVALUE('Reference',$,IFCLABEL('Generic - 200mm'),$);
#310=IFCPROPERTYSET('31IIGTPY0WYtN_PGqv9L9x',#18,'Pset_ReinforcementBarPitchOfWall',$,(#309));
#311=IFCPROPERTYSET('3RRyg3XIgjodhe$EoOoCjS',#18,'Pset_WallCommon',$,(#81,#85,#86,#87));
#312=IFCRELDEFINESBYPROPERTIES('25tq8EjA6o4UhYDHv_Ugbf',#18,$,$,(#307),#308);
#313=IFCRELDEFINESBYPROPERTIES('1Co306TQIAIGhg0bAA$Iwb',#18,$,$,(#307),#310);
#314=IFCRELDEFINESBYPROPERTIES('1CHRXFHmlzY5X$vjAdhsaD',#18,$,$,(#307),#311);
#315=IFCCARTESIANPOINT((200.,10650.,0.));
#316=IFCAXIS2PLACEMENT3D(#315,$,$);
#317=IFCLOCALPLACEMENT(#38,#316);
#318=IFCCARTESIANPOINT((6200.,0.));
#319=IFCPOLYLINE((#4,#318));
#320=IFCSHAPEREPRESENTATION(#23,'Axis','Curve2D',(#319));
#321=IFCCARTESIANPOINT((3099.9999999999995,-4.9737991503207013E-13));
#322=IFCAXIS2PLACEMENT2D(#321,#12);
#323=IFCRECTANGLEPROFILEDEF(.AREA.,$,#322,6199.9999999999991,199.99999999999784);
#324=IFCAXIS2PLACEMENT3D(#3,$,$);
#325=IFCEXTRUDEDAREASOLID(#323,#324,#9,3000.0000000001864);
#326=IFCSTYLEDITEM(#325,(#69),$);
#327=IFCSHAPEREPRESENTATION(#24,'Body','SweptSolid',(#325));
#328=IFCPRODUCTDEFINITIONSHAPE($,$,(#320,#327));
#329=IFCWALL('1G$Ejw1Tn27RsUWQGSEz58',#18,'Basic Wall:Generic - 200mm:1604991',$,'Basic Wall:Generic - 200mm',#317,#328,'1604991',.NOTDEFINED.);
#330=IFCPROPERTYSET('1w3$qvJXsGBq94kUiNCTDq',#18,'Pset_EnvironmentalImpactIndicators',$,(#81));
#331=IFCPROPERTYSINGLEVALUE('Reference',$,IFCLABEL('Generic - 200mm'),$);
#332=IFCPROPERTYSET('1kyyr2yVc3zjX3FMubI5tz',#18,'Pset_ReinforcementBarPitchOfWall',$,(#331));
#333=IFCPROPERTYSET('3CEW8Wk0AP4aIXXQdqAxa2',#18,'Pset_WallCommon',$,(#81,#85,#86,#87));
#334=IFCRELDEFINESBYPROPERTIES('1hzdxM3TZQ889yb_QBgoc9',#18,$,$,(#329),#330);
#335=IFCRELDEFINESBYPROPERTIES('3c9G1HDskAOvVwq4iK1xEU',#18,$,$,(#329),#332);
#336=IFCRELDEFINESBYPROPERTIES('2IgICPIFzxkWv6GRrnV3_8',#18,$,$,(#329),#333);
#337=IFCCARTESIANPOINT((6400.,100.,0.));
#338=IFCAXIS2PLACEMENT3D(#337,#9,#6);
#339=IFCLOCALPLACEMENT(#38,#338);
#340=IFCCARTESIANPOINT((6200.,0.));
#341=IFCPOLYLINE((#4,#340));
#342=IFCSHAPEREPRESENTATION(#23,'Axis','Curve2D',(#341));
#343=IFCCARTESIANPOINT((3099.9999999999995,1.4210854715202004E-14));
#344=IFCAXIS2PLACEMENT2D(#343,#12);
#345=IFCRECTANGLEPROFILEDEF(.AREA.,$,#344,6199.9999999999991,200.);
#346=IFCAXIS2PLACEMENT3D(#3,$,$);
#347=IFCEXTRUDEDAREASOLID(#345,#346,#9,3000.0000000001864);
#348=IFCSTYLEDITEM(#347,(#69),$);
#349=IFCSHAPEREPRESENTATION(#24,'Body','SweptSolid',(#347));
#350=IFCPRODUCTDEFINITIONSHAPE($,$,(#342,#349));
#351=IFCWALL('1G$Ejw1Tn27RsUWQGSEz6s',#18,'Basic Wall:Generic - 200mm:1604993',$,'Basic Wall:Generic - 200mm',#339,#350,'1604993',.NOTDEFINED.);
#352=IFCPROPERTYSET('3wHFlEPRF4nrPF9cI9tYjT',#18,'Pset_EnvironmentalImpactIndicators',$,(#81));
#353=IFCPROPERTYSINGLEVALUE('Reference',$,IFCLABEL('Generic - 200mm'),$);
#354=IFCPROPERTYSET('38GeHk2FY8gKQ2es5$F1Ye',#18,'Pset_ReinforcementBarPitchOfWall',$,(#353));
#355=IFCPROPERTYSET('2q70vmKekKnrngnV1J302j',#18,'Pset_WallCommon',$,(#81,#85,#86,#87));
#356=IFCRELDEFINESBYPROPERTIES('1n3S$Ri$lu5RkHwtRnGcQk',#18,$,$,(#351),#352);
#357=IFCRELDEFINESBYPROPERTIES('0QUsV8WUkWla8$tr4P6$0p',#18,$,$,(#351),#354);
#358=IFCRELDEFINESBYPROPERTIES('2BD3xAXEy7ch7OJcsD6XnK',#18,$,$,(#351),#355);
#359=IFCCARTESIANPOINT((6300.,200.,0.));
#360=IFCAXIS2PLACEMENT3D(#359,#9,#7);
#361=IFCLOCALPLACEMENT(#38,#360);
#362=IFCCARTESIANPOINT((10350.,-0.));
#363=IFCPOLYLINE((#4,#362));
#364=IFCSHAPEREPRESENTATION(#23,'Axis','Curve2D',(#363));
#365=IFCCARTESIANPOINT((5174.9999999999991,-2.9132252166164108E-13));
#366=IFCAXIS2PLACEMENT2D(#365,#12);
#367=IFCRECTANGLEPROFILEDEF(.AREA.,$,#366,10349.999999999998,200.);
#368=IFCAXIS2PLACEMENT3D(#3,$,$);
#369=IFCEXTRUDEDAREASOLID(#367,#368,#9,3000.0000000001864);
#370=IFCSTYLEDITEM(#369,(#69),$);
#371=IFCSHAPEREPRESENTATION(#24,'Body','SweptSolid',(#369));
#372=IFCPRODUCTDEFINITIONSHAPE($,$,(#364,#371));
#373=IFCWALL('1G$Ejw1Tn27RsUWQGSEz6r',#18,'Basic Wall:Generic - 200mm:1604994',$,'Basic Wall:Generic - 200mm',#361,#372,'1604994',.NOTDEFINED.);
#374=IFCPROPERTYSET('1f1QCvnY94xiZZT_PP2BAg',#18,'Pset_EnvironmentalImpactIndicators',$,(#81));
#375=IFCPROPERTYSINGLEVALUE('Reference',$,IFCLABEL('Generic - 200mm'),$);
#376=IFCPROPERTYSET('3k7JhfckhP3Zuu6jC$fXxj',#18,'Pset_ReinforcementBarPitchOfWall',$,(#375));
#377=IFCPROPERTYSET('2SFqmMObFr2J4pYvoig37c',#18,'Pset_WallCommon',$,(#81,#85,#86,#87));
#378=IFCRELDEFINESBYPROPERTIES('11081UNwlbSXtCERpC$CzO',#18,$,$,(#373),#374);
#379=IFCRELDEFINESBYPROPERTIES('32rnVgsNoiXH1L3yBZ88Kh',#18,$,$,(#373),#376);
#380=IFCRELDEFINESBYPROPERTIES('0aTamBCGyWl$gRfjXAYMGr',#18,$,$,(#373),#377);
#381=IFCCARTESIANPOINT((3850.,200.,0.));
#382=IFCAXIS2PLACEMENT3D(#381,#9,#7);
#383=IFCLOCALPLACEMENT(#38,#382);
#384=IFCCARTESIANPOINT((6050.,0.));
#385=IFCPOLYLINE((#4,#384));
#386=IFCSHAPEREPRESENTATION(#23,'Axis','Curve2D',(#385));
#387=IFCCARTESIANPOINT((3025.0000000000027,0.));
#388=IFCAXIS2PLACEMENT2D(#387,#12);
#389=IFCRECTANGLEPROFILEDEF(.AREA.,$,#388,6050.0000000000055,200.);
#390=IFCAXIS2PLACEMENT3D(#3,$,$);
#391=IFCEXTRUDEDAREASOLID(#389,#390,#9,3000.0000000001864);
#392=IFCSTYLEDITEM(#391,(#69),$);
#393=IFCSHAPEREPRESENTATION(#24,'Body','SweptSolid',(#391));
#394=IFCPRODUCTDEFINITIONSHAPE($,$,(#386,#393));
#395=IFCWALL('1G$Ejw1Tn27RsUWQGSEzEq',#18,'Basic Wall:Generic - 200mm:1605507',$,'Basic Wall:Generic - 200mm',#383,#394,'1605507',.NOTDEFINED.);
#396=IFCPROPERTYSET('3cTXNrgNmUy0v1tXZEW9el',#18,'Pset_EnvironmentalImpactIndicators',$,(#81));
#397=IFCPROPERTYSINGLEVALUE('Reference',$,IFCLABEL('Generic - 200mm'),$);
#398=IFCPROPERTYSET('1v_HbtUfyTZPsygqppHPeV',#18,'Pset_ReinforcementBarPitchOfWall',$,(#397));
#399=IFCPROPERTYSET('2ZLb9qzf$kxu4M3$2JRX8Q',#18,'Pset_WallCommon',$,(#81,#85,#86,#87));
#400=IFCRELDEFINESBYPROPERTIES('03WohIpKTZklp4ZgeR_xln',#18,$,$,(#395),#396);
#401=IFCRELDEFINESBYPROPERTIES('20kxHTfIA8QvSTErnPWfoF',#18,$,$,(#395),#398);
#402=IFCRELDEFINESBYPROPERTIES('27EMqLSMtwszMG7wg5dhPm',#18,$,$,(#395),#399);
#403=IFCCARTESIANPOINT((6200.,6350.,0.));
#404=IFCAXIS2PLACEMENT3D(#403,#9,#6);
#405=IFCLOCALPLACEMENT(#38,#404);
#406=IFCCARTESIANPOINT((6000.,0.));
#407=IFCPOLYLINE((#4,#406));
#408=IFCSHAPEREPRESENTATION(#23,'Axis','Curve2D',(#407));
#409=IFCCARTESIANPOINT((2999.9999999999995,0.));
#410=IFCAXIS2PLACEMENT2D(#409,#12);
#411=IFCRECTANGLEPROFILEDEF(.AREA.,$,#410,5999.9999999999991,200.);
#412=IFCAXIS2PLACEMENT3D(#3,$,$);
#413=IFCEXTRUDEDAREASOLID(#411,#412,#9,3000.0000000001864);
#414=IFCSTYLEDITEM(#413,(#69),$);
#415=IFCSHAPEREPRESENTATION(#24,'Body','SweptSolid',(#413));
#416=IFCPRODUCTDEFINITIONSHAPE($,$,(#408,#415));
#417=IFCWALL('1G$Ejw1Tn27RsUWQGSEzFQ',#18,'Basic Wall:Generic - 200mm:1605613',$,'Basic Wall:Generic - 200mm',#405,#416,'1605613',.NOTDEFINED.);
#418=IFCPROPERTYSET('1HKFugosp2RcNg1wirfC0J',#18,'Pset_EnvironmentalImpactIndicators',$,(#81));
#419=IFCPROPERTYSINGLEVALUE('Reference',$,IFCLABEL('Generic - 200mm'),$);
#420=IFCPROPERTYSET('2JbFqMK3JiUXcxGvNqD7d2',#18,'Pset_ReinforcementBarPitchOfWall',$,(#419));
#421=IFCPROPERTYSET('14VmO2C57_DxQG8MOWXWXa',#18,'Pset_WallCommon',$,(#81,#85,#86,#87));
#422=IFCRELDEFINESBYPROPERTIES('20MQaJR4J0_LoSK9YaGRZJ',#18,$,$,(#417),#418);
#423=IFCRELDEFINESBYPROPERTIES('2B_vNGOjdAN3Dh7xzPtgNI',#18,$,$,(#417),#420);
#424=IFCRELDEFINESBYPROPERTIES('13azkPoS8jVKeoIU1yBn2l',#18,$,$,(#417),#421);
#425=IFCCARTESIANPOINT((3750.,3550.,0.));
#426=IFCAXIS2PLACEMENT3D(#425,#9,#6);
#427=IFCLOCALPLACEMENT(#38,#426);
#428=IFCCARTESIANPOINT((3550.,0.));
#429=IFCPOLYLINE((#4,#428));
#430=IFCSHAPEREPRESENTATION(#23,'Axis','Curve2D',(#429));
#431=IFCCARTESIANPOINT((1775.0000000000014,0.));
#432=IFCAXIS2PLACEMENT2D(#431,#12);
#433=IFCRECTANGLEPROFILEDEF(.AREA.,$,#432,3550.0000000000027,200.);
#434=IFCAXIS2PLACEMENT3D(#3,$,$);
#435=IFCEXTRUDEDAREASOLID(#433,#434,#9,3000.0000000001864);
#436=IFCSTYLEDITEM(#435,(#69),$);
#437=IFCSHAPEREPRESENTATION(#24,'Body','SweptSolid',(#435));
#438=IFCPRODUCTDEFINITIONSHAPE($,$,(#430,#437));
#439=IFCWALL('1G$Ejw1Tn27RsUWQGSEonI',#18,'Basic Wall:Generic - 200mm:1605733',$,'Basic Wall:Generic - 200mm',#427,#438,'1605733',.NOTDEFINED.);
#440=IFCPROPERTYSET('3XFkk$vdA5_ASUNIfaTad_',#18,'Pset_EnvironmentalImpactIndicators',$,(#81));
#441=IFCPROPERTYSINGLEVALUE('Reference',$,IFCLABEL('Generic - 200mm'),$);
#442=IFCPROPERTYSET('3Vd3iC5af7JDb8ts_XNJQI',#18,'Pset_ReinforcementBarPitchOfWall',$,(#441));
#443=IFCPROPERTYSET('1xh$CeS_EdaNhShRxqNhMm',#18,'Pset_WallCommon',$,(#81,#85,#86,#87));
#444=IFCRELDEFINESBYPROPERTIES('1f9kAxXWAGuW3joUN5T_In',#18,$,$,(#439),#440);
#445=IFCRELDEFINESBYPROPERTIES('3usjB_l$TjV_Foxj6mjNK5',#18,$,$,(#439),#442);
#446=IFCRELDEFINESBYPROPERTIES('034vVzjtEen3Oa4r$GGKx5',#18,$,$,(#439),#443);
#447=IFCCARTESIANPOINT((750.,104.74999999997785,900.));
#448=IFCCARTESIANPOINT((750.,219.04999999999416,900.));
#449=IFCCARTESIANPOINT((0.,219.0499999999966,900.));
#450=IFCCARTESIANPOINT((0.,104.74999999998022,900.));
#451=IFCPOLYLOOP((#447,#448,#449,#450));
#452=IFCFACEOUTERBOUND(#451,.T.);
#453=IFCFACE((#452));
#454=IFCCARTESIANPOINT((0.,219.0499999999966,0.));
#455=IFCCARTESIANPOINT((0.,104.74999999998022,0.));
#456=IFCPOLYLOOP((#450,#449,#454,#455));
#457=IFCFACEOUTERBOUND(#456,.T.);
#458=IFCFACE((#457));
#459=IFCCARTESIANPOINT((750.,219.04999999999416,0.));
#460=IFCCARTESIANPOINT((750.,104.74999999997782,0.));
#461=IFCPOLYLOOP((#455,#454,#459,#460));
#462=IFCFACEOUTERBOUND(#461,.T.);
#463=IFCFACE((#462));
#464=IFCCARTESIANPOINT((718.25000000006355,104.74999999997792,868.2500000000648));
#465=IFCCARTESIANPOINT((718.25000000006389,104.74999999997794,31.749999999935525));
#466=IFCCARTESIANPOINT((31.749999999935525,104.74999999998018,31.749999999935525));
#467=IFCCARTESIANPOINT((31.749999999935323,104.74999999998018,868.25000000006503));
#468=IFCPOLYLOOP((#450,#455,#460,#447));
#469=IFCFACEOUTERBOUND(#468,.T.);
#470=IFCPOLYLOOP((#464,#465,#466,#467));
#471=IFCFACEBOUND(#470,.T.);
#472=IFCFACE((#469,#471));
#473=IFCPOLYLOOP((#460,#459,#448,#447));
#474=IFCFACEOUTERBOUND(#473,.T.);
#475=IFCFACE((#474));
#476=IFCCARTESIANPOINT((12.699999999998941,219.04999999999612,887.30000000000177));
#477=IFCCARTESIANPOINT((12.699999999998941,219.04999999999612,12.699999999998601));
#478=IFCCARTESIANPOINT((737.30000000000109,219.04999999999418,12.699999999998736));
#479=IFCCARTESIANPOINT((737.30000000000132,219.04999999999418,887.300000000002));
#480=IFCPOLYLOOP((#448,#459,#454,#449));
#481=IFCFACEOUTERBOUND(#480,.T.);
#482=IFCPOLYLOOP((#476,#477,#478,#479));
#483=IFCFACEBOUND(#482,.T.);
#484=IFCFACE((#481,#483));
#485=IFCCARTESIANPOINT((718.25000000006389,168.24999999999599,868.25000000006503));
#486=IFCCARTESIANPOINT((31.749999999935458,168.2499999999981,868.25000000006503));
#487=IFCPOLYLOOP((#485,#464,#467,#486));
#488=IFCFACEOUTERBOUND(#487,.T.);
#489=IFCFACE((#488));
#490=IFCCARTESIANPOINT((737.30000000000075,168.24999999999594,887.30000000000177));
#491=IFCCARTESIANPOINT((12.699999999999143,168.24999999999827,887.30000000000177));
#492=IFCPOLYLOOP((#479,#490,#491,#476));
#493=IFCFACEOUTERBOUND(#492,.T.);
#494=IFCFACE((#493));
#495=IFCCARTESIANPOINT((31.749999999935795,168.2499999999981,31.74999999993566));
#496=IFCPOLYLOOP((#486,#467,#466,#495));
#497=IFCFACEOUTERBOUND(#496,.T.);
#498=IFCFACE((#497));
#499=IFCCARTESIANPOINT((12.699999999999076,168.24999999999827,12.699999999998873));
#500=IFCPOLYLOOP((#476,#491,#499,#477));
#501=IFCFACEOUTERBOUND(#500,.T.);
#502=IFCFACE((#501));
#503=IFCCARTESIANPOINT((718.25000000006412,168.24999999999596,31.749999999935525));
#504=IFCPOLYLOOP((#495,#466,#465,#503));
#505=IFCFACEOUTERBOUND(#504,.T.);
#506=IFCFACE((#505));
#507=IFCCARTESIANPOINT((737.30000000000064,168.24999999999591,12.699999999998873));
#508=IFCPOLYLOOP((#477,#499,#507,#478));
#509=IFCFACEOUTERBOUND(#508,.T.);
#510=IFCFACE((#509));
#511=IFCPOLYLOOP((#503,#465,#464,#485));
#512=IFCFACEOUTERBOUND(#511,.T.);
#513=IFCFACE((#512));
#514=IFCPOLYLOOP((#486,#495,#503,#485));
#515=IFCFACEBOUND(#514,.T.);
#516=IFCPOLYLOOP((#490,#507,#499,#491));
#517=IFCFACEOUTERBOUND(#516,.T.);
#518=IFCFACE((#515,#517));
#519=IFCPOLYLOOP((#478,#507,#490,#479));
#520=IFCFACEOUTERBOUND(#519,.T.);
#521=IFCFACE((#520));
#522=IFCCARTESIANPOINT((0.,0.,900.));
#523=IFCCARTESIANPOINT((750.,0.,0.));
#524=IFCCARTESIANPOINT((750.,0.,900.));
#525=IFCCARTESIANPOINT((737.29999999992594,0.,887.30000000004804));
#526=IFCCARTESIANPOINT((737.29999999992594,0.,12.700000000006858));
#527=IFCCARTESIANPOINT((12.699999999904392,0.,12.700000000006858));
#528=IFCCARTESIANPOINT((12.699999999904392,0.,887.30000000004804));
#529=IFCPOLYLOOP((#522,#3,#523,#524));
#530=IFCFACEOUTERBOUND(#529,.T.);
#531=IFCPOLYLOOP((#525,#526,#527,#528));
#532=IFCFACEBOUND(#531,.T.);
#533=IFCFACE((#530,#532));
#534=IFCCARTESIANPOINT((0.,104.75000000000001,900.));
#535=IFCCARTESIANPOINT((750.,104.75000000000001,900.));
#536=IFCCARTESIANPOINT((750.,104.75000000000001,0.));
#537=IFCCARTESIANPOINT((0.,104.75000000000001,0.));
#538=IFCCARTESIANPOINT((737.29999999992594,104.75000000000001,887.30000000004804));
#539=IFCCARTESIANPOINT((12.699999999904392,104.75000000000001,887.30000000004804));
#540=IFCCARTESIANPOINT((12.699999999904392,104.75000000000001,12.700000000006858));
#541=IFCCARTESIANPOINT((737.29999999992594,104.75000000000001,12.700000000006858));
#542=IFCPOLYLOOP((#534,#535,#536,#537));
#543=IFCFACEOUTERBOUND(#542,.T.);
#544=IFCPOLYLOOP((#538,#539,#540,#541));
#545=IFCFACEBOUND(#544,.T.);
#546=IFCFACE((#543,#545));
#547=IFCPOLYLOOP((#3,#522,#534,#537));
#548=IFCFACEOUTERBOUND(#547,.T.);
#549=IFCFACE((#548));
#550=IFCPOLYLOOP((#523,#3,#537,#536));
#551=IFCFACEOUTERBOUND(#550,.T.);
#552=IFCFACE((#551));
#553=IFCPOLYLOOP((#524,#523,#536,#535));
#554=IFCFACEOUTERBOUND(#553,.T.);
#555=IFCFACE((#554));
#556=IFCPOLYLOOP((#522,#524,#535,#534));
#557=IFCFACEOUTERBOUND(#556,.T.);
#558=IFCFACE((#557));
#559=IFCPOLYLOOP((#526,#525,#538,#541));
#560=IFCFACEOUTERBOUND(#559,.T.);
#561=IFCFACE((#560));
#562=IFCPOLYLOOP((#527,#526,#541,#540));
#563=IFCFACEOUTERBOUND(#562,.T.);
#564=IFCFACE((#563));
#565=IFCPOLYLOOP((#528,#527,#540,#539));
#566=IFCFACEOUTERBOUND(#565,.T.);
#567=IFCFACE((#566));
#568=IFCPOLYLOOP((#525,#528,#539,#538));
#569=IFCFACEOUTERBOUND(#568,.T.);
#570=IFCFACE((#569));
#571=IFCCARTESIANPOINT((711.89999999992938,168.24999999999596,38.100000000002709));
#572=IFCCARTESIANPOINT((711.89999999992949,212.69999999999578,38.100000000002709));
#573=IFCCARTESIANPOINT((38.099999999899566,212.69999999999794,38.100000000002709));
#574=IFCCARTESIANPOINT((38.099999999899836,168.24999999999821,38.100000000002844));
#575=IFCPOLYLOOP((#571,#572,#573,#574));
#576=IFCFACEOUTERBOUND(#575,.T.);
#577=IFCFACE((#576));
#578=IFCCARTESIANPOINT((737.29999999992606,212.69999999999567,12.700000000006318));
#579=IFCCARTESIANPOINT((737.29999999992594,168.24999999999585,12.700000000006318));
#580=IFCCARTESIANPOINT((12.699999999903174,168.24999999999821,12.700000000006318));
#581=IFCCARTESIANPOINT((12.699999999903513,212.6999999999976,12.700000000006318));
#582=IFCPOLYLOOP((#578,#579,#580,#581));
#583=IFCFACEOUTERBOUND(#582,.T.);
#584=IFCFACE((#583));
#585=IFCCARTESIANPOINT((38.099999999899566,212.69999999999791,861.90000000005216));
#586=IFCCARTESIANPOINT((38.099999999899836,168.24999999999821,861.90000000005216));
#587=IFCPOLYLOOP((#574,#573,#585,#586));
#588=IFCFACEOUTERBOUND(#587,.T.);
#589=IFCFACE((#588));
#590=IFCCARTESIANPOINT((12.699999999903106,168.24999999999821,887.30000000004861));
#591=IFCCARTESIANPOINT((12.699999999903241,212.6999999999976,887.30000000004884));
#592=IFCPOLYLOOP((#581,#580,#590,#591));
#593=IFCFACEOUTERBOUND(#592,.T.);
#594=IFCFACE((#593));
#595=IFCCARTESIANPOINT((711.89999999992938,212.6999999999957,861.90000000005216));
#596=IFCCARTESIANPOINT((711.89999999992949,168.24999999999596,861.90000000005216));
#597=IFCPOLYLOOP((#586,#585,#595,#596));
#598=IFCFACEOUTERBOUND(#597,.T.);
#599=IFCFACE((#598));
#600=IFCCARTESIANPOINT((737.29999999992594,168.24999999999585,887.30000000004861));
#601=IFCCARTESIANPOINT((737.29999999992606,212.69999999999567,887.30000000004861));
#602=IFCPOLYLOOP((#591,#590,#600,#601));
#603=IFCFACEOUTERBOUND(#602,.T.);
#604=IFCFACE((#603));
#605=IFCPOLYLOOP((#596,#595,#572,#571));
#606=IFCFACEOUTERBOUND(#605,.T.);
#607=IFCFACE((#606));
#608=IFCPOLYLOOP((#574,#586,#596,#571));
#609=IFCFACEBOUND(#608,.T.);
#610=IFCPOLYLOOP((#579,#600,#590,#580));
#611=IFCFACEOUTERBOUND(#610,.T.);
#612=IFCFACE((#609,#611));
#613=IFCPOLYLOOP((#601,#600,#579,#578));
#614=IFCFACEOUTERBOUND(#613,.T.);
#615=IFCFACE((#614));
#616=IFCPOLYLOOP((#581,#591,#601,#578));
#617=IFCFACEOUTERBOUND(#616,.T.);
#618=IFCPOLYLOOP((#572,#595,#585,#573));
#619=IFCFACEBOUND(#618,.T.);
#620=IFCFACE((#617,#619));
#621=IFCCARTESIANPOINT((711.89999999993017,200.,861.90000000004329));
#622=IFCCARTESIANPOINT((38.09999999989936,200.,861.90000000004329));
#623=IFCCARTESIANPOINT((38.099999999899431,193.65000000010994,861.90000000004329));
#624=IFCCARTESIANPOINT((711.89999999993017,193.65000000010994,861.90000000004329));
#625=IFCPOLYLOOP((#621,#622,#623,#624));
#626=IFCFACEOUTERBOUND(#625,.T.);
#627=IFCFACE((#626));
#628=IFCCARTESIANPOINT((711.89999999993017,200.,38.099999999995937));
#629=IFCCARTESIANPOINT((38.09999999989936,200.,38.099999999995937));
#630=IFCPOLYLOOP((#622,#621,#628,#629));
#631=IFCFACEOUTERBOUND(#630,.T.);
#632=IFCFACE((#631));
#633=IFCCARTESIANPOINT((38.099999999899431,193.65000000010994,38.099999999995937));
#634=IFCPOLYLOOP((#623,#622,#629,#633));
#635=IFCFACEOUTERBOUND(#634,.T.);
#636=IFCFACE((#635));
#637=IFCCARTESIANPOINT((711.89999999993017,193.65000000010994,38.099999999995937));
#638=IFCPOLYLOOP((#624,#623,#633,#637));
#639=IFCFACEOUTERBOUND(#638,.T.);
#640=IFCFACE((#639));
#641=IFCPOLYLOOP((#621,#624,#637,#628));
#642=IFCFACEOUTERBOUND(#641,.T.);
#643=IFCFACE((#642));
#644=IFCPOLYLOOP((#628,#637,#633,#629));
#645=IFCFACEOUTERBOUND(#644,.T.);
#646=IFCFACE((#645));
#647=IFCCARTESIANPOINT((38.099999999899566,180.94999999999737,38.099999999995937));
#648=IFCCARTESIANPOINT((38.099999999899566,187.30000000009315,38.099999999995937));
#649=IFCCARTESIANPOINT((711.89999999993017,187.30000000009315,38.099999999995937));
#650=IFCCARTESIANPOINT((711.89999999993017,180.94999999999737,38.099999999995937));
#651=IFCPOLYLOOP((#647,#648,#649,#650));
#652=IFCFACEOUTERBOUND(#651,.T.);
#653=IFCFACE((#652));
#654=IFCCARTESIANPOINT((711.89999999993017,180.94999999999737,861.90000000004329));
#655=IFCCARTESIANPOINT((38.099999999899566,180.94999999999737,861.90000000004329));
#656=IFCPOLYLOOP((#654,#655,#647,#650));
#657=IFCFACEOUTERBOUND(#656,.T.);
#658=IFCFACE((#657));
#659=IFCCARTESIANPOINT((711.89999999993017,187.30000000009315,861.90000000004329));
#660=IFCPOLYLOOP((#659,#654,#650,#649));
#661=IFCFACEOUTERBOUND(#660,.T.);
#662=IFCFACE((#661));
#663=IFCCARTESIANPOINT((38.09999999989963,187.30000000009315,861.90000000004329));
#664=IFCPOLYLOOP((#663,#659,#649,#648));
#665=IFCFACEOUTERBOUND(#664,.T.);
#666=IFCFACE((#665));
#667=IFCPOLYLOOP((#655,#663,#648,#647));
#668=IFCFACEOUTERBOUND(#667,.T.);
#669=IFCFACE((#668));
#670=IFCPOLYLOOP((#655,#654,#659,#663));
#671=IFCFACEOUTERBOUND(#670,.T.);
#672=IFCFACE((#671));
#673=IFCCLOSEDSHELL((#453,#458,#463,#472,#475,#484,#489,#494,#498,#502,#506,#510,#513,#518,#521));
#674=IFCFACETEDBREP(#673);
#675=IFCCOLOURRGB($,0.67843137254901964,0.51764705882352946,0.37647058823529411);
#676=IFCSURFACESTYLERENDERING(#675,0.,$,$,$,$,IFCNORMALISEDRATIOMEASURE(0.5),IFCSPECULAREXPONENT(128.),.NOTDEFINED.);
#677=IFCSURFACESTYLE('Wood - Stained',.BOTH.,(#676));
#678=IFCSTYLEDITEM(#674,(#677),$);
#679=IFCCLOSEDSHELL((#533,#546,#549,#552,#555,#558,#561,#564,#567,#570));
#680=IFCFACETEDBREP(#679);
#681=IFCSTYLEDITEM(#680,(#677),$);
#682=IFCCLOSEDSHELL((#577,#584,#589,#594,#599,#604,#607,#612,#615,#620));
#683=IFCFACETEDBREP(#682);
#684=IFCSTYLEDITEM(#683,(#677),$);
#685=IFCCLOSEDSHELL((#627,#632,#636,#640,#643,#646));
#686=IFCFACETEDBREP(#685);
#687=IFCCOLOURRGB($,0.96078431372549022,0.96078431372549022,0.95294117647058818);
#688=IFCSURFACESTYLERENDERING(#687,1.,$,$,$,$,IFCNORMALISEDRATIOMEASURE(0.5),IFCSPECULAREXPONENT(64.),.NOTDEFINED.);
#689=IFCSURFACESTYLE('Glass',.BOTH.,(#688));
#690=IFCSTYLEDITEM(#686,(#689),$);
#691=IFCCLOSEDSHELL((#653,#658,#662,#666,#669,#672));
#692=IFCFACETEDBREP(#691);
#693=IFCSTYLEDITEM(#692,(#689),$);
#694=IFCSHAPEREPRESENTATION(#24,'Body','Brep',(#674,#680,#683,#686,#692));
#695=IFCAXIS2PLACEMENT3D(#3,$,$);
#696=IFCREPRESENTATIONMAP(#695,#694);
#697=IFCWINDOWLININGPROPERTIES('1xzI3PuNvF1RRUjZX8YIE6',#18,'M_Window-Fixed:750 x 900mm:1605830',$,$,$,$,$,$,$,$,$,$,$,$,$);
#698=IFCWINDOWTYPE('1FzBym8lleinBnGq9_cFI9',#18,'M_Window-Fixed:750 x 900mm',$,$,(#697,#750),(#696),'1524695',$,.WINDOW.,.NOTDEFINED.,.F.,$);
#699=IFCMATERIAL('Wood - Stained',$,'Wood');
#700=IFCCOLOURRGB($,0.,0.,0.);
#701=IFCCURVESTYLEFONTPATTERN(211.58199999999999,1904.2380000000001);
#702=IFCCURVESTYLEFONT('Wood 1:1',(#701));
#703=IFCCURVESTYLE('Wood 1:1',#702,$,#700,$);
#704=IFCCARTESIANPOINT((1387.9778824443713,1337.1982900741696));
#705=IFCFILLAREASTYLEHATCHING(#703,IFCPOSITIVELENGTHMEASURE(84.632800000000003),$,#704,216.8699);
#706=IFCCURVESTYLEFONTPATTERN(473.11183,473.11183);
#707=IFCCURVESTYLEFONT('Wood 1:2',(#706));
#708=IFCCURVESTYLE('Wood 1:2',#707,$,#700,$);
#709=IFCCARTESIANPOINT((-84.632685810556325,42.315916214384231));
#710=IFCFILLAREASTYLEHATCHING(#708,IFCPOSITIVELENGTHMEASURE(189.24485899999999),$,#709,206.56510000000003);
#711=IFCCURVESTYLEFONTPATTERN(267.63268799999997,1070.5294819999999);
#712=IFCCURVESTYLEFONT('Wood 1:3',(#711));
#713=IFCCURVESTYLE('Wood 1:3',#712,$,#700,$);
#714=IFCCARTESIANPOINT((-465.48060246108253,-211.58122611782321));
#715=IFCFILLAREASTYLEHATCHING(#713,IFCPOSITIVELENGTHMEASURE(133.81629319999999),$,#714,198.4349);
#716=IFCFILLAREASTYLE('Wood 1',(#705,#710,#715),$);
#717=IFCSTYLEDITEM($,(#677,#716),$);
#718=IFCSTYLEDREPRESENTATION(#22,'Style','Material and Cut Pattern',(#717));
#719=IFCMATERIALDEFINITIONREPRESENTATION($,$,(#718),#699);
#720=IFCMATERIAL('Glass',$,'Glass');
#721=IFCSTYLEDITEM($,(#689),$);
#722=IFCSTYLEDREPRESENTATION(#22,'Style','Material',(#721));
#723=IFCMATERIALDEFINITIONREPRESENTATION($,$,(#722),#720);
#724=IFCMATERIALCONSTITUENT('Frame/Mullion',$,#699,$,'Wood');
#725=IFCSHAPEREPRESENTATION(#24,'Body','Brep',(#674,#680,#683));
#726=IFCSHAPEASPECT((#725),'Frame/Mullion',$,.U.,#696);
#727=IFCMATERIALCONSTITUENT('Glass',$,#720,$,'Glass');
#728=IFCSHAPEREPRESENTATION(#24,'Body','Brep',(#686,#692));
#729=IFCSHAPEASPECT((#728),'Glass',$,.U.,#696);
#730=IFCMATERIALCONSTITUENTSET($,$,(#724,#727));
#731=IFCCARTESIANTRANSFORMATIONOPERATOR3D($,$,#3,1.,$);
#732=IFCMAPPEDITEM(#696,#731);
#733=IFCSHAPEREPRESENTATION(#24,'Body','MappedRepresentation',(#732));
#734=IFCPRODUCTDEFINITIONSHAPE($,$,(#733));
#735=IFCCARTESIANPOINT((1300.,10550.,900.));
#736=IFCAXIS2PLACEMENT3D(#735,$,$);
#738=IFCWINDOW('1xzI3PuNvF1RRUjZb8YIE6',#18,'M_Window-Fixed:750 x 900mm:1605830',$,'M_Window-Fixed:750 x 900mm',#1980,#734,'1605830',900.00000000000045,749.99999999999955,.WINDOW.,.NOTDEFINED.,$);
#739=IFCMATERIALCONSTITUENT('Wood - Stained',$,#699,$,'Wood');
#740=IFCMATERIALCONSTITUENT('Glass',$,#720,$,'Glass');
#741=IFCMATERIALCONSTITUENTSET($,$,(#739,#740));
#742=IFCPROPERTYSINGLEVALUE('Reference',$,IFCIDENTIFIER('750 x 900mm'),$);
#743=IFCPROPERTYSET('24H1E7ShZw_yjd4phaF3CE',#18,'Pset_EnvironmentalImpactIndicators',$,(#742));
#744=IFCPROPERTYSINGLEVALUE('FireRating',$,IFCLABEL('0.5h'),$);
#745=IFCPROPERTYSET('26I$1yYMwSSsvP5OGe7Ci3',#18,'Pset_WindowCommon',$,(#85,#742,#744));
#746=IFCRELDEFINESBYPROPERTIES('3kNxokqjhegrx3ieb0WZMU',#18,$,$,(#738),#743);
#747=IFCRELDEFINESBYPROPERTIES('3fcjTPmYQ3fHAJ3XwmmwN3',#18,$,$,(#738),#745);
#748=IFCCLASSIFICATIONREFERENCE('https://www.csiresources.org/standards/uniformat','B2020100','Windows',#28,'',$);
#749=IFCPROPERTYSINGLEVALUE('FireRating',$,IFCLABEL('0.5h'),$);
#750=IFCPROPERTYSET('2RwVaONg39FO9LKTcKs7rR',#18,'Pset_WindowCommon',$,(#749));
#751=IFCAXIS2PLACEMENT3D(#3,$,$);
#753=IFCCARTESIANPOINT((6.3500000000211614,-6.3500000000302981));
#754=IFCCARTESIANPOINT((411.89999999989988,-6.3500000000302981));
#755=IFCCARTESIANPOINT((411.89999999989988,6.3499999999679764));
#756=IFCCARTESIANPOINT((6.3500000000307715,6.3499999999679719));
#757=IFCCARTESIANPOINT((6.3500000000307688,336.900000000011));
#758=IFCCARTESIANPOINT((-6.3499999999644494,336.900000000011));
#759=IFCCARTESIANPOINT((-6.3499999999644459,6.3499999999766956));
#760=IFCCARTESIANPOINT((-411.90000000001214,6.3499999999766832));
#761=IFCCARTESIANPOINT((-411.90000000001214,-6.3500000000126349));
#762=IFCCARTESIANPOINT((-6.3499999999755454,-6.3500000000126304));
#763=IFCCARTESIANPOINT((-6.3499999999755419,-336.89999999991267));
#764=IFCCARTESIANPOINT((6.350000000021164,-336.89999999991267));
#765=IFCPOLYLINE((#753,#754,#755,#756,#757,#758,#759,#760,#761,#762,#763,#764,#753));
#766=IFCARBITRARYCLOSEDPROFILEDEF(.AREA.,'M_Muntin Pattern_2x2',#765);
#767=IFCCARTESIANPOINT((0.,-22.224999999995266,411.89999999990584));
#768=IFCAXIS2PLACEMENT3D(#767,#7,#9);
#769=IFCEXTRUDEDAREASOLID(#766,#768,#9,12.699999999996026);
#770=IFCSIUNIT(*,.PLANEANGLEUNIT.,$,.RADIAN.);
#771=IFCDIMENSIONALEXPONENTS(0,0,0,0,0,0,0);
#772=IFCMEASUREWITHUNIT(IFCPLANEANGLEMEASURE(0.017453292519943278),#770);
#773=IFCCONVERSIONBASEDUNIT(#771,.PLANEANGLEUNIT.,'DEGREE',#772);
#774=IFCCARTESIANPOINT((6.3500000000101293,-6.3500000000239698));
#775=IFCCARTESIANPOINT((411.89999999999969,-6.3500000000239698));
#776=IFCCARTESIANPOINT((411.89999999999969,6.3499999999742931));
#777=IFCCARTESIANPOINT((6.3500000000122956,6.3499999999742931));
#778=IFCCARTESIANPOINT((6.3500000000122956,336.90000000000464));
#779=IFCCARTESIANPOINT((-6.3499999999869159,336.90000000000464));
#780=IFCCARTESIANPOINT((-6.3499999999869159,6.349999999982753));
#781=IFCCARTESIANPOINT((-411.90000000004437,6.349999999982753));
#782=IFCCARTESIANPOINT((-411.90000000004437,-6.3500000000188939));
#783=IFCCARTESIANPOINT((-6.3499999999902998,-6.3500000000188939));
#784=IFCCARTESIANPOINT((-6.3499999999902998,-336.8999999999188));
#785=IFCCARTESIANPOINT((6.3500000000101293,-336.8999999999188));
#786=IFCPOLYLINE((#774,#775,#776,#777,#778,#779,#780,#781,#782,#783,#784,#785,#774));
#787=IFCARBITRARYCLOSEDPROFILEDEF(.AREA.,'M_Muntin Pattern_2x2',#786);
#788=IFCCARTESIANPOINT((0.,9.5250000000160906,411.90000000004233));
#789=IFCAXIS2PLACEMENT3D(#788,#7,#9);
#790=IFCEXTRUDEDAREASOLID(#787,#789,#9,12.699999999996065);
#791=IFCCOLOURRGB($,0.96078431372549022,0.96078431372549022,0.95294117647058818);
#792=IFCSURFACESTYLERENDERING(#791,0.,$,$,$,$,IFCNORMALISEDRATIOMEASURE(0.5),IFCSPECULAREXPONENT(128.),.NOTDEFINED.);
#793=IFCSURFACESTYLE('Clad - White',.BOTH.,(#792));
#794=IFCSTYLEDITEM(#769,(#793),$);
#795=IFCSTYLEDITEM(#790,(#677),$);
#796=IFCSHAPEREPRESENTATION(#24,'Body','SweptSolid',(#769,#790));
#797=IFCAXIS2PLACEMENT3D(#3,$,$);
#798=IFCREPRESENTATIONMAP(#797,#796);
#799=IFCBUILDINGELEMENTPROXYTYPE('1xzI3PuNvF1RRUjZb8YI8C',#18,'M_Muntin Pattern_2x2:M_Muntin Pattern_2x2',$,$,$,(#798),'1514602',$,.NOTDEFINED.);
#800=IFCMATERIAL('Clad - White',$,'Wood');
#801=IFCCOLOURRGB($,0.,0.,0.);
#802=IFCDRAUGHTINGPREDEFINEDCURVEFONT('continuous');
#803=IFCCURVESTYLE($,#802,$,#801,$);
#804=IFCFILLAREASTYLEHATCHING(#803,IFCPOSITIVELENGTHMEASURE(229.99999999999997),$,#4,45.);
#805=IFCFILLAREASTYLE('Wood - Finish',(#804),$);
#806=IFCSTYLEDITEM($,(#793,#805),$);
#807=IFCSTYLEDREPRESENTATION(#22,'Style','Material and Cut Pattern',(#806));
#808=IFCMATERIALDEFINITIONREPRESENTATION($,$,(#807),#800);
#809=IFCMATERIALCONSTITUENT('Clad - White',$,#800,$,'Wood');
#810=IFCSHAPEREPRESENTATION(#24,'Body','SweptSolid',(#769));
#811=IFCSHAPEASPECT((#810),'Clad - White',$,.U.,#798);
#812=IFCMATERIALCONSTITUENT('Wood - Stained',$,#699,$,'Wood');
#813=IFCSHAPEREPRESENTATION(#24,'Body','SweptSolid',(#790));
#814=IFCSHAPEASPECT((#813),'Wood - Stained',$,.U.,#798);
#815=IFCMATERIALCONSTITUENTSET($,$,(#809,#812));
#816=IFCMAPPEDITEM(#798,#731);
#817=IFCSHAPEREPRESENTATION(#24,'Body','MappedRepresentation',(#816));
#818=IFCPRODUCTDEFINITIONSHAPE($,$,(#817));
#819=IFCCARTESIANPOINT((1675.,10740.474999999986,938.10000000003629));
#820=IFCAXIS2PLACEMENT3D(#819,#9,#6);
#821=IFCLOCALPLACEMENT(#34,#820);
#822=IFCBUILDINGELEMENTPROXY('1xzI3PuNvF1RRUjZb8YIE9',#18,'M_Muntin Pattern_2x2:M_Muntin Pattern_2x2:1605833',$,'M_Muntin Pattern_2x2:M_Muntin Pattern_2x2',#821,#818,'1605833',.NOTDEFINED.);
#823=IFCMATERIALCONSTITUENT('Clad - White',$,#800,$,'Wood');
#824=IFCMATERIALCONSTITUENT('Wood - Stained',$,#699,$,'Wood');
#825=IFCMATERIALCONSTITUENTSET($,$,(#823,#824));
#826=IFCPROPERTYSINGLEVALUE('Reference',$,IFCIDENTIFIER('M_Muntin Pattern_2x2'),$);
#827=IFCPROPERTYSET('3wWi5Msa9$Qe4nRgdcCe6R',#18,'Pset_BuildingElementProxyCommon',$,(#45,#826));
#828=IFCPROPERTYSET('2gPDjdX_EImvtM$2POAv7e',#18,'Pset_EnvironmentalImpactIndicators',$,(#826));
#829=IFCRELDEFINESBYPROPERTIES('3A2Zqzv6$Lq0OwQzs7Suvk',#18,$,$,(#822),#827);
#830=IFCRELDEFINESBYPROPERTIES('3IzHD$nhemAaB0OpiBeatH',#18,$,$,(#822),#828);
#831=IFCAXIS2PLACEMENT3D(#3,$,$);
#833=IFCCARTESIANPOINT((-2.8421709430404007E-14,-6.7501559897209518E-14));
#834=IFCAXIS2PLACEMENT2D(#833,#11);
#835=IFCRECTANGLEPROFILEDEF(.AREA.,'with Sill',#834,869.99999999999875,60.000000000000028);
#836=IFCCARTESIANPOINT((0.,-950.4323708847262,0.));
#837=IFCAXIS2PLACEMENT3D(#836,#9,#6);
#838=IFCEXTRUDEDAREASOLID(#835,#837,#9,19.049999999999997);
#839=IFCCARTESIANPOINT((-19.049999999993396,-15.239599102062934));
#840=IFCCARTESIANPOINT((0.,-15.239599102062934));
#841=IFCCARTESIANPOINT((0.,-5.6719699867795947));
#842=IFCCARTESIANPOINT((19.04999999997337,-5.6719699867795947));
#843=IFCCARTESIANPOINT((19.04999999997337,14.760400897937014));
#844=IFCCARTESIANPOINT((0.,14.760400897937014));
#845=IFCCARTESIANPOINT((-19.049999999993393,12.302336381809406));
#846=IFCPOLYLINE((#839,#840,#841,#842,#843,#844,#845,#839));
#847=IFCARBITRARYCLOSEDPROFILEDEF(.AREA.,'with Sill',#846);
#848=IFCCARTESIANPOINT((-447.69999999999283,-914.7604008979439,19.049999999976105));
#849=IFCAXIS2PLACEMENT3D(#848,#5,#10);
#850=IFCEXTRUDEDAREASOLID(#847,#849,#9,895.40000000000668);
#851=IFCCARTESIANPOINT((-495.,-435.));
#852=IFCCARTESIANPOINT((465.,-435.));
#853=IFCCARTESIANPOINT((465.,-375.));
#854=IFCCARTESIANPOINT((-435.,-375.));
#855=IFCCARTESIANPOINT((-435.,375.));
#856=IFCCARTESIANPOINT((465.,375.));
#857=IFCCARTESIANPOINT((465.,435.));
#858=IFCCARTESIANPOINT((-495.,435.));
#859=IFCPOLYLINE((#851,#852,#853,#854,#855,#856,#857,#858,#851));
#860=IFCARBITRARYCLOSEDPROFILEDEF(.AREA.,'with Sill',#859);
#861=IFCCARTESIANPOINT((0.,-435.,0.));
#862=IFCAXIS2PLACEMENT3D(#861,#9,#8);
#863=IFCEXTRUDEDAREASOLID(#860,#862,#9,19.049999999999997);
#864=IFCSTYLEDITEM(#838,(#793),$);
#865=IFCSTYLEDITEM(#850,(#793),$);
#866=IFCSTYLEDITEM(#863,(#793),$);
#867=IFCSHAPEREPRESENTATION(#24,'Body','SweptSolid',(#838,#850,#863));
#868=IFCAXIS2PLACEMENT3D(#3,$,$);
#869=IFCREPRESENTATIONMAP(#868,#867);
#870=IFCBUILDINGELEMENTPROXYTYPE('1xzI3PuNvF1RRUjZb8YI8D',#18,'M_Trim-Window-Exterior-Flat:with Sill',$,$,$,(#869),'1514612',$,.NOTDEFINED.);
#871=IFCMAPPEDITEM(#869,#731);
#872=IFCSHAPEREPRESENTATION(#24,'Body','MappedRepresentation',(#871));
#873=IFCPRODUCTDEFINITIONSHAPE($,$,(#872));
#874=IFCCARTESIANPOINT((1675.,10750.,1800.));
#875=IFCAXIS2PLACEMENT3D(#874,#7,#6);
#876=IFCLOCALPLACEMENT(#34,#875);
#877=IFCBUILDINGELEMENTPROXY('1xzI3PuNvF1RRUjZb8YIEA',#18,'M_Trim-Window-Exterior-Flat:with Sill:1605834',$,'M_Trim-Window-Exterior-Flat:with Sill',#876,#873,'1605834',.NOTDEFINED.);
#878=IFCPROPERTYSINGLEVALUE('Reference',$,IFCIDENTIFIER('with Sill'),$);
#879=IFCPROPERTYSET('1oeLm15eBdZdiLZoyoxzVi',#18,'Pset_BuildingElementProxyCommon',$,(#45,#878));
#880=IFCPROPERTYSET('3sDaXLSnHSAq1ZXtUIWSPl',#18,'Pset_EnvironmentalImpactIndicators',$,(#878));
#881=IFCRELDEFINESBYPROPERTIES('1KmNzNTqGbmisT1QQCRlQr',#18,$,$,(#877),#879);
#882=IFCRELDEFINESBYPROPERTIES('0EVJcky4th47ephIW_LfYG',#18,$,$,(#877),#880);
#883=IFCAXIS2PLACEMENT3D(#3,$,$);
#885=IFCCARTESIANPOINT((-422.29999999999859,-497.29999999999387));
#886=IFCCARTESIANPOINT((422.29999999999859,-497.29999999999387));
#887=IFCCARTESIANPOINT((422.29999999999859,497.29999999999387));
#888=IFCCARTESIANPOINT((-422.29999999999859,497.29999999999387));
#889=IFCPOLYLINE((#885,#886,#887,#888,#885));
#890=IFCCARTESIANPOINT((-362.30000000000183,-437.29999999999154));
#891=IFCCARTESIANPOINT((-362.30000000000183,437.29999999999194));
#892=IFCCARTESIANPOINT((362.29999999999779,437.29999999999194));
#893=IFCCARTESIANPOINT((362.29999999999779,-437.29999999999154));
#894=IFCPOLYLINE((#890,#891,#892,#893,#890));
#895=IFCARBITRARYPROFILEDEFWITHVOIDS(.AREA.,'Picture Frame',#889,(#894));
#896=IFCCARTESIANPOINT((0.,-450.,0.));
#897=IFCAXIS2PLACEMENT3D(#896,#9,#6);
#898=IFCEXTRUDEDAREASOLID(#895,#897,#9,30.);
#899=IFCSTYLEDITEM(#898,(#677),$);
#900=IFCSHAPEREPRESENTATION(#24,'Body','SweptSolid',(#898));
#901=IFCAXIS2PLACEMENT3D(#3,$,$);
#902=IFCREPRESENTATIONMAP(#901,#900);
#903=IFCBUILDINGELEMENTPROXYTYPE('1xzI3PuNvF1RRUjZb8YI8E',#18,'M_Trim-Window-Interior-Flat:Picture Frame',$,$,$,(#902),'1514622',$,.NOTDEFINED.);
#904=IFCMAPPEDITEM(#902,#731);
#905=IFCSHAPEREPRESENTATION(#24,'Body','MappedRepresentation',(#904));
#906=IFCPRODUCTDEFINITIONSHAPE($,$,(#905));
#907=IFCCARTESIANPOINT((1675.,10550.,1800.));
#908=IFCAXIS2PLACEMENT3D(#907,#8,#5);
#909=IFCLOCALPLACEMENT(#34,#908);
#910=IFCBUILDINGELEMENTPROXY('1xzI3PuNvF1RRUjZb8YIEB',#18,'M_Trim-Window-Interior-Flat:Picture Frame:1605835',$,'M_Trim-Window-Interior-Flat:Picture Frame',#909,#906,'1605835',.NOTDEFINED.);
#911=IFCPROPERTYSINGLEVALUE('Reference',$,IFCIDENTIFIER('Picture Frame'),$);
#912=IFCPROPERTYSET('04vhQgZyahU5W4796885dr',#18,'Pset_BuildingElementProxyCommon',$,(#45,#911));
#913=IFCPROPERTYSET('0j_23Sv7qPgH1JYALd$iNY',#18,'Pset_EnvironmentalImpactIndicators',$,(#911));
#914=IFCRELDEFINESBYPROPERTIES('0LQKtkfU6sRp5Q_YKKJggu',#18,$,$,(#910),#912);
#915=IFCRELDEFINESBYPROPERTIES('3n5iTb4$4vpi2YyCj12ho8',#18,$,$,(#910),#913);
#916=IFCMAPPEDITEM(#696,#731);
#917=IFCSHAPEREPRESENTATION(#24,'Body','MappedRepresentation',(#916));
#918=IFCPRODUCTDEFINITIONSHAPE($,$,(#917));
#919=IFCCARTESIANPOINT((2650.,10550.,900.));
#920=IFCAXIS2PLACEMENT3D(#919,$,$);
#922=IFCWINDOW('1xzI3PuNvF1RRUjZb8YI8O',#18,'M_Window-Fixed:750 x 900mm:1605976',$,'M_Window-Fixed:750 x 900mm',#1995,#918,'1605976',900.00000000000045,749.99999999999955,.WINDOW.,.NOTDEFINED.,$);
#923=IFCMATERIALCONSTITUENT('Wood - Stained',$,#699,$,'Wood');
#924=IFCMATERIALCONSTITUENT('Glass',$,#720,$,'Glass');
#925=IFCMATERIALCONSTITUENTSET($,$,(#923,#924));
#926=IFCPROPERTYSET('3s3GLw_bUoqSoTG2eXUvqQ',#18,'Pset_EnvironmentalImpactIndicators',$,(#742));
#927=IFCPROPERTYSINGLEVALUE('FireRating',$,IFCLABEL('0.5h'),$);
#928=IFCPROPERTYSET('2fAK6AiqabtTYlNgAD$Y4Z',#18,'Pset_WindowCommon',$,(#85,#742,#927));
#929=IFCRELDEFINESBYPROPERTIES('15HnZBeHW8plcaUCDeQfTr',#18,$,$,(#922),#926);
#930=IFCRELDEFINESBYPROPERTIES('0SnhJ9ckMrpe3rFpAmul7X',#18,$,$,(#922),#928);
#931=IFCMAPPEDITEM(#798,#731);
#932=IFCSHAPEREPRESENTATION(#24,'Body','MappedRepresentation',(#931));
#933=IFCPRODUCTDEFINITIONSHAPE($,$,(#932));
#934=IFCCARTESIANPOINT((3025.,10740.474999999986,938.10000000003629));
#935=IFCAXIS2PLACEMENT3D(#934,#9,#6);
#936=IFCLOCALPLACEMENT(#34,#935);
#937=IFCBUILDINGELEMENTPROXY('1xzI3PuNvF1RRUjZb8YI8R',#18,'M_Muntin Pattern_2x2:M_Muntin Pattern_2x2:1605979',$,'M_Muntin Pattern_2x2:M_Muntin Pattern_2x2',#936,#933,'1605979',.NOTDEFINED.);
#938=IFCMATERIALCONSTITUENT('Clad - White',$,#800,$,'Wood');
#939=IFCMATERIALCONSTITUENT('Wood - Stained',$,#699,$,'Wood');
#940=IFCMATERIALCONSTITUENTSET($,$,(#938,#939));
#941=IFCPROPERTYSET('3OEL0J3ISCPoxSbPzwtnn9',#18,'Pset_BuildingElementProxyCommon',$,(#45,#826));
#942=IFCPROPERTYSET('3oyoF$A2UH1tcXXbnTYiVW',#18,'Pset_EnvironmentalImpactIndicators',$,(#826));
#943=IFCRELDEFINESBYPROPERTIES('1kYbIBRfuYXBE14y8rkpSt',#18,$,$,(#937),#941);
#944=IFCRELDEFINESBYPROPERTIES('33M0Gcr9yk0gBmlXGrywCs',#18,$,$,(#937),#942);
#945=IFCMAPPEDITEM(#869,#731);
#946=IFCSHAPEREPRESENTATION(#24,'Body','MappedRepresentation',(#945));
#947=IFCPRODUCTDEFINITIONSHAPE($,$,(#946));
#948=IFCCARTESIANPOINT((3025.,10750.,1800.));
#949=IFCAXIS2PLACEMENT3D(#948,#7,#6);
#950=IFCLOCALPLACEMENT(#34,#949);
#951=IFCBUILDINGELEMENTPROXY('1xzI3PuNvF1RRUjZb8YI8S',#18,'M_Trim-Window-Exterior-Flat:with Sill:1605980',$,'M_Trim-Window-Exterior-Flat:with Sill',#950,#947,'1605980',.NOTDEFINED.);
#952=IFCPROPERTYSET('1IB6b4_etwMlXShyCG_1og',#18,'Pset_BuildingElementProxyCommon',$,(#45,#878));
#953=IFCPROPERTYSET('3xqa9Jep6T2lPjH6ohc4tv',#18,'Pset_EnvironmentalImpactIndicators',$,(#878));
#954=IFCRELDEFINESBYPROPERTIES('0l_LuJi8HHJyNDnltQpPwz',#18,$,$,(#951),#952);
#955=IFCRELDEFINESBYPROPERTIES('2vxAS4sLt2K3tX1bYuEk9X',#18,$,$,(#951),#953);
#956=IFCMAPPEDITEM(#902,#731);
#957=IFCSHAPEREPRESENTATION(#24,'Body','MappedRepresentation',(#956));
#958=IFCPRODUCTDEFINITIONSHAPE($,$,(#957));
#959=IFCCARTESIANPOINT((3025.,10550.,1800.));
#960=IFCAXIS2PLACEMENT3D(#959,#8,#5);
#961=IFCLOCALPLACEMENT(#34,#960);
#962=IFCBUILDINGELEMENTPROXY('1xzI3PuNvF1RRUjZb8YI8T',#18,'M_Trim-Window-Interior-Flat:Picture Frame:1605981',$,'M_Trim-Window-Interior-Flat:Picture Frame',#961,#958,'1605981',.NOTDEFINED.);
#963=IFCPROPERTYSET('1FNSQIWEbrSBTQAHsBrWA2',#18,'Pset_BuildingElementProxyCommon',$,(#45,#911));
#964=IFCPROPERTYSET('2n0C1J6$KvCoC2tePkJ96f',#18,'Pset_EnvironmentalImpactIndicators',$,(#911));
#965=IFCRELDEFINESBYPROPERTIES('32pCmXp8zZzIMO5LkH1NWI',#18,$,$,(#962),#963);
#966=IFCRELDEFINESBYPROPERTIES('05d86aHoo0rxDpK9Cy1zwq',#18,$,$,(#962),#964);
#967=IFCMAPPEDITEM(#696,#731);
#968=IFCSHAPEREPRESENTATION(#24,'Body','MappedRepresentation',(#967));
#969=IFCPRODUCTDEFINITIONSHAPE($,$,(#968));
#970=IFCCARTESIANPOINT((4000.,10550.,900.));
#971=IFCAXIS2PLACEMENT3D(#970,$,$);
#973=IFCWINDOW('1xzI3PuNvF1RRUjZb8YIBd',#18,'M_Window-Fixed:750 x 900mm:1606055',$,'M_Window-Fixed:750 x 900mm',#2010,#969,'1606055',900.00000000000045,749.99999999999955,.WINDOW.,.NOTDEFINED.,$);
#974=IFCMATERIALCONSTITUENT('Wood - Stained',$,#699,$,'Wood');
#975=IFCMATERIALCONSTITUENT('Glass',$,#720,$,'Glass');
#976=IFCMATERIALCONSTITUENTSET($,$,(#974,#975));
#977=IFCPROPERTYSET('066GxBK_eehVfTnoczlGM9',#18,'Pset_EnvironmentalImpactIndicators',$,(#742));
#978=IFCPROPERTYSINGLEVALUE('FireRating',$,IFCLABEL('0.5h'),$);
#979=IFCPROPERTYSET('3XF9SATa8TW6TDCy9fMj_1',#18,'Pset_WindowCommon',$,(#85,#742,#978));
#980=IFCRELDEFINESBYPROPERTIES('37$Bt1EdKwU08LcmD9VqwG',#18,$,$,(#973),#977);
#981=IFCRELDEFINESBYPROPERTIES('0VmV0IqK1L5QTrKpaa6bYd',#18,$,$,(#973),#979);
#982=IFCMAPPEDITEM(#798,#731);
#983=IFCSHAPEREPRESENTATION(#24,'Body','MappedRepresentation',(#982));
#984=IFCPRODUCTDEFINITIONSHAPE($,$,(#983));
#985=IFCCARTESIANPOINT((4375.,10740.474999999986,938.10000000003629));
#986=IFCAXIS2PLACEMENT3D(#985,#9,#6);
#987=IFCLOCALPLACEMENT(#34,#986);
#988=IFCBUILDINGELEMENTPROXY('1xzI3PuNvF1RRUjZb8YIBg',#18,'M_Muntin Pattern_2x2:M_Muntin Pattern_2x2:1606058',$,'M_Muntin Pattern_2x2:M_Muntin Pattern_2x2',#987,#984,'1606058',.NOTDEFINED.);
#989=IFCMATERIALCONSTITUENT('Clad - White',$,#800,$,'Wood');
#990=IFCMATERIALCONSTITUENT('Wood - Stained',$,#699,$,'Wood');
#991=IFCMATERIALCONSTITUENTSET($,$,(#989,#990));
#992=IFCPROPERTYSET('1aSQ4bPk2J37rDI1xemmaM',#18,'Pset_BuildingElementProxyCommon',$,(#45,#826));
#993=IFCPROPERTYSET('0ZBcVa1O_jIT0TRVzoH6mc',#18,'Pset_EnvironmentalImpactIndicators',$,(#826));
#994=IFCRELDEFINESBYPROPERTIES('05M3jvVyPhftdn7slPQIvZ',#18,$,$,(#988),#992);
#995=IFCRELDEFINESBYPROPERTIES('0sd9TpvHl2CEqqLMCMi1u1',#18,$,$,(#988),#993);
#996=IFCMAPPEDITEM(#869,#731);
#997=IFCSHAPEREPRESENTATION(#24,'Body','MappedRepresentation',(#996));
#998=IFCPRODUCTDEFINITIONSHAPE($,$,(#997));
#999=IFCCARTESIANPOINT((4375.,10750.,1800.));
#1000=IFCAXIS2PLACEMENT3D(#999,#7,#6);
#1001=IFCLOCALPLACEMENT(#34,#1000);
#1002=IFCBUILDINGELEMENTPROXY('1xzI3PuNvF1RRUjZb8YIBh',#18,'M_Trim-Window-Exterior-Flat:with Sill:1606059',$,'M_Trim-Window-Exterior-Flat:with Sill',#1001,#998,'1606059',.NOTDEFINED.);
#1003=IFCPROPERTYSET('1b8i9gsGWzWjndYL0Va6zh',#18,'Pset_BuildingElementProxyCommon',$,(#45,#878));
#1004=IFCPROPERTYSET('0CA3KJsWa1iyPlSBO_EZ1y',#18,'Pset_EnvironmentalImpactIndicators',$,(#878));
#1005=IFCRELDEFINESBYPROPERTIES('2qgGOs7LHKSO$DvmJh1RcR',#18,$,$,(#1002),#1003);
#1006=IFCRELDEFINESBYPROPERTIES('3dZ3BcV8cxqgz1IPRpYjzK',#18,$,$,(#1002),#1004);
#1007=IFCMAPPEDITEM(#902,#731);
#1008=IFCSHAPEREPRESENTATION(#24,'Body','MappedRepresentation',(#1007));
#1009=IFCPRODUCTDEFINITIONSHAPE($,$,(#1008));
#1010=IFCCARTESIANPOINT((4375.,10550.,1800.));
#1011=IFCAXIS2PLACEMENT3D(#1010,#8,#5);
#1012=IFCLOCALPLACEMENT(#34,#1011);
#1013=IFCBUILDINGELEMENTPROXY('1xzI3PuNvF1RRUjZb8YIBi',#18,'M_Trim-Window-Interior-Flat:Picture Frame:1606060',$,'M_Trim-Window-Interior-Flat:Picture Frame',#1012,#1009,'1606060',.NOTDEFINED.);
#1014=IFCPROPERTYSET('1jB59x0UQw2xnKranoINbA',#18,'Pset_BuildingElementProxyCommon',$,(#45,#911));
#1015=IFCPROPERTYSET('30MMKcnNOB4fR4U2$WLfY3',#18,'Pset_EnvironmentalImpactIndicators',$,(#911));
#1016=IFCRELDEFINESBYPROPERTIES('0cnoLWjsD2gGmlP_8pu52I',#18,$,$,(#1013),#1014);
#1017=IFCRELDEFINESBYPROPERTIES('1CUQGjgNuiSIYErCLdL1fg',#18,$,$,(#1013),#1015);
#1018=IFCMAPPEDITEM(#696,#731);
#1019=IFCSHAPEREPRESENTATION(#24,'Body','MappedRepresentation',(#1018));
#1020=IFCPRODUCTDEFINITIONSHAPE($,$,(#1019));
#1021=IFCCARTESIANPOINT((7200.,10550.,900.));
#1022=IFCAXIS2PLACEMENT3D(#1021,$,$);
#1024=IFCWINDOW('1xzI3PuNvF1RRUjZb8YIAm',#18,'M_Window-Fixed:750 x 900mm:1606128',$,'M_Window-Fixed:750 x 900mm',#2025,#1020,'1606128',900.00000000000045,749.99999999999955,.WINDOW.,.NOTDEFINED.,$);
#1025=IFCMATERIALCONSTITUENT('Wood - Stained',$,#699,$,'Wood');
#1026=IFCMATERIALCONSTITUENT('Glass',$,#720,$,'Glass');
#1027=IFCMATERIALCONSTITUENTSET($,$,(#1025,#1026));
#1028=IFCPROPERTYSET('2S5QEyGEMFBtORsgICtOgD',#18,'Pset_EnvironmentalImpactIndicators',$,(#742));
#1029=IFCPROPERTYSINGLEVALUE('FireRating',$,IFCLABEL('0.5h'),$);
#1030=IFCPROPERTYSET('2pp26AovY6ktr4_TmcJ0vH',#18,'Pset_WindowCommon',$,(#85,#742,#1029));
#1031=IFCRELDEFINESBYPROPERTIES('2aGUqi0kTdULbdigsvdLv1',#18,$,$,(#1024),#1028);
#1032=IFCRELDEFINESBYPROPERTIES('0tkXFIEhgC3cLJyNFelmsF',#18,$,$,(#1024),#1030);
#1033=IFCMAPPEDITEM(#798,#731);
#1034=IFCSHAPEREPRESENTATION(#24,'Body','MappedRepresentation',(#1033));
#1035=IFCPRODUCTDEFINITIONSHAPE($,$,(#1034));
#1036=IFCCARTESIANPOINT((7575.,10740.474999999984,938.10000000003629));
#1037=IFCAXIS2PLACEMENT3D(#1036,#9,#6);
#1038=IFCLOCALPLACEMENT(#34,#1037);
#1039=IFCBUILDINGELEMENTPROXY('1xzI3PuNvF1RRUjZb8YIAp',#18,'M_Muntin Pattern_2x2:M_Muntin Pattern_2x2:1606131',$,'M_Muntin Pattern_2x2:M_Muntin Pattern_2x2',#1038,#1035,'1606131',.NOTDEFINED.);
#1040=IFCMATERIALCONSTITUENT('Clad - White',$,#800,$,'Wood');
#1041=IFCMATERIALCONSTITUENT('Wood - Stained',$,#699,$,'Wood');
#1042=IFCMATERIALCONSTITUENTSET($,$,(#1040,#1041));
#1043=IFCPROPERTYSET('15OMRqoMs4Vlz2U6NR3ugB',#18,'Pset_BuildingElementProxyCommon',$,(#45,#826));
#1044=IFCPROPERTYSET('2Bbvwx4eTM9Buzm9eN1sFU',#18,'Pset_EnvironmentalImpactIndicators',$,(#826));
#1045=IFCRELDEFINESBYPROPERTIES('3X9h_mKNK8SfaqJSWenbTQ',#18,$,$,(#1039),#1043);
#1046=IFCRELDEFINESBYPROPERTIES('11pMZBFvrnkylJ7GVYkrX3',#18,$,$,(#1039),#1044);
#1047=IFCMAPPEDITEM(#869,#731);
#1048=IFCSHAPEREPRESENTATION(#24,'Body','MappedRepresentation',(#1047));
#1049=IFCPRODUCTDEFINITIONSHAPE($,$,(#1048));
#1050=IFCCARTESIANPOINT((7575.,10750.,1800.));
#1051=IFCAXIS2PLACEMENT3D(#1050,#7,#6);
#1052=IFCLOCALPLACEMENT(#34,#1051);
#1053=IFCBUILDINGELEMENTPROXY('1xzI3PuNvF1RRUjZb8YIAq',#18,'M_Trim-Window-Exterior-Flat:with Sill:1606132',$,'M_Trim-Window-Exterior-Flat:with Sill',#1052,#1049,'1606132',.NOTDEFINED.);
#1054=IFCPROPERTYSET('1necCKYSFWYqFG3KckBNJP',#18,'Pset_BuildingElementProxyCommon',$,(#45,#878));
#1055=IFCPROPERTYSET('0ivtprG$bCCqaxvHvCelhj',#18,'Pset_EnvironmentalImpactIndicators',$,(#878));
#1056=IFCRELDEFINESBYPROPERTIES('0b7I2kOHQ32ZCRdhADlqUz',#18,$,$,(#1053),#1054);
#1057=IFCRELDEFINESBYPROPERTIES('0dvGxdH7Hw1q$AGqUGncUm',#18,$,$,(#1053),#1055);
#1058=IFCMAPPEDITEM(#902,#731);
#1059=IFCSHAPEREPRESENTATION(#24,'Body','MappedRepresentation',(#1058));
#1060=IFCPRODUCTDEFINITIONSHAPE($,$,(#1059));
#1061=IFCCARTESIANPOINT((7575.,10550.,1800.));
#1062=IFCAXIS2PLACEMENT3D(#1061,#8,#5);
#1063=IFCLOCALPLACEMENT(#34,#1062);
#1064=IFCBUILDINGELEMENTPROXY('1xzI3PuNvF1RRUjZb8YIAr',#18,'M_Trim-Window-Interior-Flat:Picture Frame:1606133',$,'M_Trim-Window-Interior-Flat:Picture Frame',#1063,#1060,'1606133',.NOTDEFINED.);
#1065=IFCPROPERTYSET('1kGrk8ROzvKHPi9KmnNQet',#18,'Pset_BuildingElementProxyCommon',$,(#45,#911));
#1066=IFCPROPERTYSET('3g9YWTpRXIc69gZkFK0bmh',#18,'Pset_EnvironmentalImpactIndicators',$,(#911));
#1067=IFCRELDEFINESBYPROPERTIES('2wgI$HqTnPYu7PxiG2W7zw',#18,$,$,(#1064),#1065);
#1068=IFCRELDEFINESBYPROPERTIES('1LOiucqL3qvONo2V7s0cDx',#18,$,$,(#1064),#1066);
#1069=IFCMAPPEDITEM(#696,#731);
#1070=IFCSHAPEREPRESENTATION(#24,'Body','MappedRepresentation',(#1069));
#1071=IFCPRODUCTDEFINITIONSHAPE($,$,(#1070));
#1072=IFCCARTESIANPOINT((8550.,10550.,900.));
#1073=IFCAXIS2PLACEMENT3D(#1072,$,$);
#1075=IFCWINDOW('1xzI3PuNvF1RRUjZb8YI4J',#18,'M_Window-Fixed:750 x 900mm:1606227',$,'M_Window-Fixed:750 x 900mm',#2040,#1071,'1606227',900.00000000000045,749.99999999999955,.WINDOW.,.NOTDEFINED.,$);
#1076=IFCMATERIALCONSTITUENT('Wood - Stained',$,#699,$,'Wood');
#1077=IFCMATERIALCONSTITUENT('Glass',$,#720,$,'Glass');
#1078=IFCMATERIALCONSTITUENTSET($,$,(#1076,#1077));
#1079=IFCPROPERTYSET('3JMZ7oOaT94Jh$gwoqSAaj',#18,'Pset_EnvironmentalImpactIndicators',$,(#742));
#1080=IFCPROPERTYSINGLEVALUE('FireRating',$,IFCLABEL('0.5h'),$);
#1081=IFCPROPERTYSET('3in1wkhKtHRePvGygwFaQ0',#18,'Pset_WindowCommon',$,(#85,#742,#1080));
#1082=IFCRELDEFINESBYPROPERTIES('2N5KJjOFRryUTm1c1pjscy',#18,$,$,(#1075),#1079);
#1083=IFCRELDEFINESBYPROPERTIES('0tParMBYB48Dsn_7gjthsJ',#18,$,$,(#1075),#1081);
#1084=IFCMAPPEDITEM(#798,#731);
#1085=IFCSHAPEREPRESENTATION(#24,'Body','MappedRepresentation',(#1084));
#1086=IFCPRODUCTDEFINITIONSHAPE($,$,(#1085));
#1087=IFCCARTESIANPOINT((8925.,10740.474999999984,938.10000000003629));
#1088=IFCAXIS2PLACEMENT3D(#1087,#9,#6);
#1089=IFCLOCALPLACEMENT(#34,#1088);
#1090=IFCBUILDINGELEMENTPROXY('1xzI3PuNvF1RRUjZb8YI4M',#18,'M_Muntin Pattern_2x2:M_Muntin Pattern_2x2:1606230',$,'M_Muntin Pattern_2x2:M_Muntin Pattern_2x2',#1089,#1086,'1606230',.NOTDEFINED.);
#1091=IFCMATERIALCONSTITUENT('Clad - White',$,#800,$,'Wood');
#1092=IFCMATERIALCONSTITUENT('Wood - Stained',$,#699,$,'Wood');
#1093=IFCMATERIALCONSTITUENTSET($,$,(#1091,#1092));
#1094=IFCPROPERTYSET('2pYoJVwr1XhyiSVsw6raQ$',#18,'Pset_BuildingElementProxyCommon',$,(#45,#826));
#1095=IFCPROPERTYSET('0dtRVdmrHDZHXWY99Sy_oq',#18,'Pset_EnvironmentalImpactIndicators',$,(#826));
#1096=IFCRELDEFINESBYPROPERTIES('3E8$5XusDZXzPQGxOP44SR',#18,$,$,(#1090),#1094);
#1097=IFCRELDEFINESBYPROPERTIES('02cfXc61WLbZ2pnVq0iJsM',#18,$,$,(#1090),#1095);
#1098=IFCMAPPEDITEM(#869,#731);
#1099=IFCSHAPEREPRESENTATION(#24,'Body','MappedRepresentation',(#1098));
#1100=IFCPRODUCTDEFINITIONSHAPE($,$,(#1099));
#1101=IFCCARTESIANPOINT((8925.,10750.,1800.));
#1102=IFCAXIS2PLACEMENT3D(#1101,#7,#6);
#1103=IFCLOCALPLACEMENT(#34,#1102);
#1104=IFCBUILDINGELEMENTPROXY('1xzI3PuNvF1RRUjZb8YI4N',#18,'M_Trim-Window-Exterior-Flat:with Sill:1606231',$,'M_Trim-Window-Exterior-Flat:with Sill',#1103,#1100,'1606231',.NOTDEFINED.);
#1105=IFCPROPERTYSET('29Ul03f93f5H4tHHU5l$VS',#18,'Pset_BuildingElementProxyCommon',$,(#45,#878));
#1106=IFCPROPERTYSET('0VLob$PoxfdozeBOV30Mle',#18,'Pset_EnvironmentalImpactIndicators',$,(#878));
#1107=IFCRELDEFINESBYPROPERTIES('1cn4jhlqJECzph_3AbIIbH',#18,$,$,(#1104),#1105);
#1108=IFCRELDEFINESBYPROPERTIES('3x6Zpq7zrEgCVOQziUyO1O',#18,$,$,(#1104),#1106);
#1109=IFCMAPPEDITEM(#902,#731);
#1110=IFCSHAPEREPRESENTATION(#24,'Body','MappedRepresentation',(#1109));
#1111=IFCPRODUCTDEFINITIONSHAPE($,$,(#1110));
#1112=IFCCARTESIANPOINT((8925.,10550.,1800.));
#1113=IFCAXIS2PLACEMENT3D(#1112,#8,#5);
#1114=IFCLOCALPLACEMENT(#34,#1113);
#1115=IFCBUILDINGELEMENTPROXY('1xzI3PuNvF1RRUjZb8YI4O',#18,'M_Trim-Window-Interior-Flat:Picture Frame:1606232',$,'M_Trim-Window-Interior-Flat:Picture Frame',#1114,#1111,'1606232',.NOTDEFINED.);
#1116=IFCPROPERTYSET('1nyEVvkoYWUevDMIj$8wzO',#18,'Pset_BuildingElementProxyCommon',$,(#45,#911));
#1117=IFCPROPERTYSET('06fBiCo3h3Jm9rwbbqhhwK',#18,'Pset_EnvironmentalImpactIndicators',$,(#911));
#1118=IFCRELDEFINESBYPROPERTIES('28WlMD4ybZ48THjn$1IljY',#18,$,$,(#1115),#1116);
#1119=IFCRELDEFINESBYPROPERTIES('316PJXSozxVpPli7pXeCAO',#18,$,$,(#1115),#1117);
#1120=IFCMAPPEDITEM(#696,#731);
#1121=IFCSHAPEREPRESENTATION(#24,'Body','MappedRepresentation',(#1120));
#1122=IFCPRODUCTDEFINITIONSHAPE($,$,(#1121));
#1123=IFCCARTESIANPOINT((8050.,3650.,900.));
#1124=IFCAXIS2PLACEMENT3D(#1123,#9,#6);
#1126=IFCWINDOW('1xzI3PuNvF1RRUjZb8YI6U',#18,'M_Window-Fixed:750 x 900mm:1606366',$,'M_Window-Fixed:750 x 900mm',#2130,#1122,'1606366',900.00000000000045,749.99999999999955,.WINDOW.,.NOTDEFINED.,$);
#1127=IFCMATERIALCONSTITUENT('Wood - Stained',$,#699,$,'Wood');
#1128=IFCMATERIALCONSTITUENT('Glass',$,#720,$,'Glass');
#1129=IFCMATERIALCONSTITUENTSET($,$,(#1127,#1128));
#1130=IFCPROPERTYSET('0UZIuOweXPfEtHeoz2r2li',#18,'Pset_EnvironmentalImpactIndicators',$,(#742));
#1131=IFCPROPERTYSINGLEVALUE('FireRating',$,IFCLABEL('0.5h'),$);
#1132=IFCPROPERTYSET('0qRL6FRezRarpQM51pjLcx',#18,'Pset_WindowCommon',$,(#85,#742,#1131));
#1133=IFCRELDEFINESBYPROPERTIES('3yIeJrdJA5KJ2Pfj4wzThu',#18,$,$,(#1126),#1130);
#1134=IFCRELDEFINESBYPROPERTIES('2GYS7jAj93QGYZweWQ2qlV',#18,$,$,(#1126),#1132);
#1135=IFCMAPPEDITEM(#798,#731);
#1136=IFCSHAPEREPRESENTATION(#24,'Body','MappedRepresentation',(#1135));
#1137=IFCPRODUCTDEFINITIONSHAPE($,$,(#1136));
#1138=IFCCARTESIANPOINT((7675.,3459.5249999999714,938.10000000003629));
#1139=IFCAXIS2PLACEMENT3D(#1138,$,$);
#1140=IFCLOCALPLACEMENT(#34,#1139);
#1141=IFCBUILDINGELEMENTPROXY('1xzI3PuNvF1RRUjZb8YI6X',#18,'M_Muntin Pattern_2x2:M_Muntin Pattern_2x2:1606369',$,'M_Muntin Pattern_2x2:M_Muntin Pattern_2x2',#1140,#1137,'1606369',.NOTDEFINED.);
#1142=IFCMATERIALCONSTITUENT('Clad - White',$,#800,$,'Wood');
#1143=IFCMATERIALCONSTITUENT('Wood - Stained',$,#699,$,'Wood');
#1144=IFCMATERIALCONSTITUENTSET($,$,(#1142,#1143));
#1145=IFCPROPERTYSET('2_2DWWCmLHpInW5rxdmwh1',#18,'Pset_BuildingElementProxyCommon',$,(#45,#826));
#1146=IFCPROPERTYSET('15BP8DouVDOeoCVFAlUYQj',#18,'Pset_EnvironmentalImpactIndicators',$,(#826));
#1147=IFCRELDEFINESBYPROPERTIES('1UzaoWIjqzAQegPfeVkjGp',#18,$,$,(#1141),#1145);
#1148=IFCRELDEFINESBYPROPERTIES('3P9wMgj4OW2S_yYLd3BAiH',#18,$,$,(#1141),#1146);
#1149=IFCMAPPEDITEM(#869,#731);
#1150=IFCSHAPEREPRESENTATION(#24,'Body','MappedRepresentation',(#1149));
#1151=IFCPRODUCTDEFINITIONSHAPE($,$,(#1150));
#1152=IFCCARTESIANPOINT((7675.,3450.,1800.));
#1153=IFCAXIS2PLACEMENT3D(#1152,#8,#5);
#1154=IFCLOCALPLACEMENT(#34,#1153);
#1155=IFCBUILDINGELEMENTPROXY('1xzI3PuNvF1RRUjZb8YI6Y',#18,'M_Trim-Window-Exterior-Flat:with Sill:1606370',$,'M_Trim-Window-Exterior-Flat:with Sill',#1154,#1151,'1606370',.NOTDEFINED.);
#1156=IFCPROPERTYSET('0cHHOJUZnz9z2IxwT5VdLX',#18,'Pset_BuildingElementProxyCommon',$,(#45,#878));
#1157=IFCPROPERTYSET('0xxgihhpPN5ECI3hXU9Kj_',#18,'Pset_EnvironmentalImpactIndicators',$,(#878));
#1158=IFCRELDEFINESBYPROPERTIES('3NDFlbQ6Snxtp0pbonMKpr',#18,$,$,(#1155),#1156);
#1159=IFCRELDEFINESBYPROPERTIES('2kmvLWkJH$AhBpHTL3W12p',#18,$,$,(#1155),#1157);
#1160=IFCMAPPEDITEM(#902,#731);
#1161=IFCSHAPEREPRESENTATION(#24,'Body','MappedRepresentation',(#1160));
#1162=IFCPRODUCTDEFINITIONSHAPE($,$,(#1161));
#1163=IFCCARTESIANPOINT((7675.,3650.,1800.));
#1164=IFCAXIS2PLACEMENT3D(#1163,#7,#6);
#1165=IFCLOCALPLACEMENT(#34,#1164);
#1166=IFCBUILDINGELEMENTPROXY('1xzI3PuNvF1RRUjZb8YI6Z',#18,'M_Trim-Window-Interior-Flat:Picture Frame:1606371',$,'M_Trim-Window-Interior-Flat:Picture Frame',#1165,#1162,'1606371',.NOTDEFINED.);
#1167=IFCPROPERTYSET('1Nf_hY7L4pd$zesVF4cUnL',#18,'Pset_BuildingElementProxyCommon',$,(#45,#911));
#1168=IFCPROPERTYSET('0rVWWO6wDgmeIRb8$mTzL3',#18,'Pset_EnvironmentalImpactIndicators',$,(#911));
#1169=IFCRELDEFINESBYPROPERTIES('3vLIH36$Us$BRY73BnRCxM',#18,$,$,(#1166),#1167);
#1170=IFCRELDEFINESBYPROPERTIES('0tRLseAvnXsrlcWYhtI4jb',#18,$,$,(#1166),#1168);
#1171=IFCMAPPEDITEM(#696,#731);
#1172=IFCSHAPEREPRESENTATION(#24,'Body','MappedRepresentation',(#1171));
#1173=IFCPRODUCTDEFINITIONSHAPE($,$,(#1172));
#1174=IFCCARTESIANPOINT((9400.,3650.,900.));
#1175=IFCAXIS2PLACEMENT3D(#1174,#9,#6);
#1177=IFCWINDOW('1xzI3PuNvF1RRUjZb8YI01',#18,'M_Window-Fixed:750 x 900mm:1606465',$,'M_Window-Fixed:750 x 900mm',#2145,#1173,'1606465',900.00000000000045,749.99999999999955,.WINDOW.,.NOTDEFINED.,$);
#1178=IFCMATERIALCONSTITUENT('Wood - Stained',$,#699,$,'Wood');
#1179=IFCMATERIALCONSTITUENT('Glass',$,#720,$,'Glass');
#1180=IFCMATERIALCONSTITUENTSET($,$,(#1178,#1179));
#1181=IFCPROPERTYSET('3XQ_UCgbIXx9l98avY6ui$',#18,'Pset_EnvironmentalImpactIndicators',$,(#742));
#1182=IFCPROPERTYSINGLEVALUE('FireRating',$,IFCLABEL('0.5h'),$);
#1183=IFCPROPERTYSET('2_$bvBDnKBw6zWnnOoDRkc',#18,'Pset_WindowCommon',$,(#85,#742,#1182));
#1184=IFCRELDEFINESBYPROPERTIES('2ETKWaJjdrGK99Upo_Dg0G',#18,$,$,(#1177),#1181);
#1185=IFCRELDEFINESBYPROPERTIES('3RmROATYqPhx2$UIMlrQ1v',#18,$,$,(#1177),#1183);
#1186=IFCMAPPEDITEM(#798,#731);
#1187=IFCSHAPEREPRESENTATION(#24,'Body','MappedRepresentation',(#1186));
#1188=IFCPRODUCTDEFINITIONSHAPE($,$,(#1187));
#1189=IFCCARTESIANPOINT((9025.,3459.5249999999673,938.10000000003629));
#1190=IFCAXIS2PLACEMENT3D(#1189,$,$);
#1191=IFCLOCALPLACEMENT(#34,#1190);
#1192=IFCBUILDINGELEMENTPROXY('1xzI3PuNvF1RRUjZb8YI04',#18,'M_Muntin Pattern_2x2:M_Muntin Pattern_2x2:1606468',$,'M_Muntin Pattern_2x2:M_Muntin Pattern_2x2',#1191,#1188,'1606468',.NOTDEFINED.);
#1193=IFCMATERIALCONSTITUENT('Clad - White',$,#800,$,'Wood');
#1194=IFCMATERIALCONSTITUENT('Wood - Stained',$,#699,$,'Wood');
#1195=IFCMATERIALCONSTITUENTSET($,$,(#1193,#1194));
#1196=IFCPROPERTYSET('1LYZZOj23bcFY5yHyss9Ew',#18,'Pset_BuildingElementProxyCommon',$,(#45,#826));
#1197=IFCPROPERTYSET('0_9TuaioJNxwnSReMHtrw$',#18,'Pset_EnvironmentalImpactIndicators',$,(#826));
#1198=IFCRELDEFINESBYPROPERTIES('2poIrf0HX6hVI0XkjDyaIW',#18,$,$,(#1192),#1196);
#1199=IFCRELDEFINESBYPROPERTIES('38mVHfFYwFNsv1eDU0GKo4',#18,$,$,(#1192),#1197);
#1200=IFCMAPPEDITEM(#869,#731);
#1201=IFCSHAPEREPRESENTATION(#24,'Body','MappedRepresentation',(#1200));
#1202=IFCPRODUCTDEFINITIONSHAPE($,$,(#1201));
#1203=IFCCARTESIANPOINT((9025.,3450.,1800.));
#1204=IFCAXIS2PLACEMENT3D(#1203,#8,#5);
#1205=IFCLOCALPLACEMENT(#34,#1204);
#1206=IFCBUILDINGELEMENTPROXY('1xzI3PuNvF1RRUjZb8YI05',#18,'M_Trim-Window-Exterior-Flat:with Sill:1606469',$,'M_Trim-Window-Exterior-Flat:with Sill',#1205,#1202,'1606469',.NOTDEFINED.);
#1207=IFCPROPERTYSET('20GKlZMDeWwhEcZv3EwSLF',#18,'Pset_BuildingElementProxyCommon',$,(#45,#878));
#1208=IFCPROPERTYSET('0lrtxGZ6H0w9Jou9lUY1pJ',#18,'Pset_EnvironmentalImpactIndicators',$,(#878));
#1209=IFCRELDEFINESBYPROPERTIES('15qVJJOspCaLA3mD322Q9w',#18,$,$,(#1206),#1207);
#1210=IFCRELDEFINESBYPROPERTIES('2CIWXrxAT0XXPecviT2Xui',#18,$,$,(#1206),#1208);
#1211=IFCMAPPEDITEM(#902,#731);
#1212=IFCSHAPEREPRESENTATION(#24,'Body','MappedRepresentation',(#1211));
#1213=IFCPRODUCTDEFINITIONSHAPE($,$,(#1212));
#1214=IFCCARTESIANPOINT((9025.,3650.,1800.));
#1215=IFCAXIS2PLACEMENT3D(#1214,#7,#6);
#1216=IFCLOCALPLACEMENT(#34,#1215);
#1217=IFCBUILDINGELEMENTPROXY('1xzI3PuNvF1RRUjZb8YI06',#18,'M_Trim-Window-Interior-Flat:Picture Frame:1606470',$,'M_Trim-Window-Interior-Flat:Picture Frame',#1216,#1213,'1606470',.NOTDEFINED.);
#1218=IFCPROPERTYSET('1eFZ5gLLsELCLu36NgfAjN',#18,'Pset_BuildingElementProxyCommon',$,(#45,#911));
#1219=IFCPROPERTYSET('2dvlbgove27pI$tGx5zLK1',#18,'Pset_EnvironmentalImpactIndicators',$,(#911));
#1220=IFCRELDEFINESBYPROPERTIES('0lO7wJZCFdfsdxJxS5QDz1',#18,$,$,(#1217),#1218);
#1221=IFCRELDEFINESBYPROPERTIES('1WI36b7QXsVEU3pLYfxf$r',#18,$,$,(#1217),#1219);
#1222=IFCMAPPEDITEM(#696,#731);
#1223=IFCSHAPEREPRESENTATION(#24,'Body','MappedRepresentation',(#1222));
#1224=IFCPRODUCTDEFINITIONSHAPE($,$,(#1223));
#1225=IFCCARTESIANPOINT((3150.,200.,900.));
#1226=IFCAXIS2PLACEMENT3D(#1225,#9,#6);
#1228=IFCWINDOW('1xzI3PuNvF1RRUjZb8YI3i',#18,'M_Window-Fixed:750 x 900mm:1606572',$,'M_Window-Fixed:750 x 900mm',#2100,#1224,'1606572',900.00000000000045,749.99999999999977,.WINDOW.,.NOTDEFINED.,$);
#1229=IFCMATERIALCONSTITUENT('Wood - Stained',$,#699,$,'Wood');
#1230=IFCMATERIALCONSTITUENT('Glass',$,#720,$,'Glass');
#1231=IFCMATERIALCONSTITUENTSET($,$,(#1229,#1230));
#1232=IFCPROPERTYSET('0eF45UAinZbKR5BjYTb7V0',#18,'Pset_EnvironmentalImpactIndicators',$,(#742));
#1233=IFCPROPERTYSINGLEVALUE('FireRating',$,IFCLABEL('0.5h'),$);
#1234=IFCPROPERTYSET('0OfInc2SP1_bVd6D$w3Adi',#18,'Pset_WindowCommon',$,(#85,#742,#1233));
#1235=IFCRELDEFINESBYPROPERTIES('15Gp4K_SDuhbEintYTRp2O',#18,$,$,(#1228),#1232);
#1236=IFCRELDEFINESBYPROPERTIES('2As0RhseshIUI_DYHKVlt7',#18,$,$,(#1228),#1234);
#1237=IFCMAPPEDITEM(#798,#731);
#1238=IFCSHAPEREPRESENTATION(#24,'Body','MappedRepresentation',(#1237));
#1239=IFCPRODUCTDEFINITIONSHAPE($,$,(#1238));
#1240=IFCCARTESIANPOINT((2775.,9.5249999999870223,938.10000000003629));
#1241=IFCAXIS2PLACEMENT3D(#1240,$,$);
#1242=IFCLOCALPLACEMENT(#34,#1241);
#1243=IFCBUILDINGELEMENTPROXY('1xzI3PuNvF1RRUjZb8YI3l',#18,'M_Muntin Pattern_2x2:M_Muntin Pattern_2x2:1606575',$,'M_Muntin Pattern_2x2:M_Muntin Pattern_2x2',#1242,#1239,'1606575',.NOTDEFINED.);
#1244=IFCMATERIALCONSTITUENT('Clad - White',$,#800,$,'Wood');
#1245=IFCMATERIALCONSTITUENT('Wood - Stained',$,#699,$,'Wood');
#1246=IFCMATERIALCONSTITUENTSET($,$,(#1244,#1245));
#1247=IFCPROPERTYSET('045XCcQcnHF3SvCLxHQ7n7',#18,'Pset_BuildingElementProxyCommon',$,(#45,#826));
#1248=IFCPROPERTYSET('0mFtY19sV1JXuhp7dIv$X_',#18,'Pset_EnvironmentalImpactIndicators',$,(#826));
#1249=IFCRELDEFINESBYPROPERTIES('1u0o9a2kVv4ZUUatYPQlei',#18,$,$,(#1243),#1247);
#1250=IFCRELDEFINESBYPROPERTIES('1RP8L9D4AUZzZjpVTmluS1',#18,$,$,(#1243),#1248);
#1251=IFCMAPPEDITEM(#869,#731);
#1252=IFCSHAPEREPRESENTATION(#24,'Body','MappedRepresentation',(#1251));
#1253=IFCPRODUCTDEFINITIONSHAPE($,$,(#1252));
#1254=IFCCARTESIANPOINT((2775.,0.,1800.));
#1255=IFCAXIS2PLACEMENT3D(#1254,#8,#5);
#1256=IFCLOCALPLACEMENT(#34,#1255);
#1257=IFCBUILDINGELEMENTPROXY('1xzI3PuNvF1RRUjZb8YI3m',#18,'M_Trim-Window-Exterior-Flat:with Sill:1606576',$,'M_Trim-Window-Exterior-Flat:with Sill',#1256,#1253,'1606576',.NOTDEFINED.);
#1258=IFCPROPERTYSET('2J51O03T0PoRUwCmSgueaM',#18,'Pset_BuildingElementProxyCommon',$,(#45,#878));
#1259=IFCPROPERTYSET('2O6joiMHwUU46x_gUDfD1K',#18,'Pset_EnvironmentalImpactIndicators',$,(#878));
#1260=IFCRELDEFINESBYPROPERTIES('3viyTzkeLuM4BgMZjkYKXz',#18,$,$,(#1257),#1258);
#1261=IFCRELDEFINESBYPROPERTIES('2aNS7SrWt40dAXkIhOAAOX',#18,$,$,(#1257),#1259);
#1262=IFCMAPPEDITEM(#902,#731);
#1263=IFCSHAPEREPRESENTATION(#24,'Body','MappedRepresentation',(#1262));
#1264=IFCPRODUCTDEFINITIONSHAPE($,$,(#1263));
#1265=IFCCARTESIANPOINT((2775.,200.,1800.));
#1266=IFCAXIS2PLACEMENT3D(#1265,#7,#6);
#1267=IFCLOCALPLACEMENT(#34,#1266);
#1268=IFCBUILDINGELEMENTPROXY('1xzI3PuNvF1RRUjZb8YI3n',#18,'M_Trim-Window-Interior-Flat:Picture Frame:1606577',$,'M_Trim-Window-Interior-Flat:Picture Frame',#1267,#1264,'1606577',.NOTDEFINED.);
#1269=IFCPROPERTYSET('0RRvh9EK69_zJrm2gBBw41',#18,'Pset_BuildingElementProxyCommon',$,(#45,#911));
#1270=IFCPROPERTYSET('1QEi$_OsqZM7pw9b_dLSS6',#18,'Pset_EnvironmentalImpactIndicators',$,(#911));
#1271=IFCRELDEFINESBYPROPERTIES('0atlxiB13hqYHLcfYoTNBn',#18,$,$,(#1268),#1269);
#1272=IFCRELDEFINESBYPROPERTIES('0JkPCJy5_Nh_ZeVcIIVGZS',#18,$,$,(#1268),#1270);
#1273=IFCMAPPEDITEM(#696,#731);
#1274=IFCSHAPEREPRESENTATION(#24,'Body','MappedRepresentation',(#1273));
#1275=IFCPRODUCTDEFINITIONSHAPE($,$,(#1274));
#1276=IFCCARTESIANPOINT((1800.,200.,900.));
#1277=IFCAXIS2PLACEMENT3D(#1276,#9,#6);
#1279=IFCWINDOW('1xzI3PuNvF1RRUjZb8YIT9',#18,'M_Window-Fixed:750 x 900mm:1606665',$,'M_Window-Fixed:750 x 900mm',#2115,#1275,'1606665',900.00000000000045,749.99999999999955,.WINDOW.,.NOTDEFINED.,$);
#1280=IFCMATERIALCONSTITUENT('Wood - Stained',$,#699,$,'Wood');
#1281=IFCMATERIALCONSTITUENT('Glass',$,#720,$,'Glass');
#1282=IFCMATERIALCONSTITUENTSET($,$,(#1280,#1281));
#1283=IFCPROPERTYSET('3g5XvqmlRWeRKv11ksA$5_',#18,'Pset_EnvironmentalImpactIndicators',$,(#742));
#1284=IFCPROPERTYSINGLEVALUE('FireRating',$,IFCLABEL('0.5h'),$);
#1285=IFCPROPERTYSET('02nUwhOZFk1RonpHKmHoZM',#18,'Pset_WindowCommon',$,(#85,#742,#1284));
#1286=IFCRELDEFINESBYPROPERTIES('1M49b3Z1WwFpUWpvfdq22g',#18,$,$,(#1279),#1283);
#1287=IFCRELDEFINESBYPROPERTIES('2jpQ3RpfWKbhtccYCpr6bl',#18,$,$,(#1279),#1285);
#1288=IFCMAPPEDITEM(#798,#731);
#1289=IFCSHAPEREPRESENTATION(#24,'Body','MappedRepresentation',(#1288));
#1290=IFCPRODUCTDEFINITIONSHAPE($,$,(#1289));
#1291=IFCCARTESIANPOINT((1425.,9.5249999999913371,938.10000000003629));
#1292=IFCAXIS2PLACEMENT3D(#1291,$,$);
#1293=IFCLOCALPLACEMENT(#34,#1292);
#1294=IFCBUILDINGELEMENTPROXY('1xzI3PuNvF1RRUjZb8YITC',#18,'M_Muntin Pattern_2x2:M_Muntin Pattern_2x2:1606668',$,'M_Muntin Pattern_2x2:M_Muntin Pattern_2x2',#1293,#1290,'1606668',.NOTDEFINED.);
#1295=IFCMATERIALCONSTITUENT('Clad - White',$,#800,$,'Wood');
#1296=IFCMATERIALCONSTITUENT('Wood - Stained',$,#699,$,'Wood');
#1297=IFCMATERIALCONSTITUENTSET($,$,(#1295,#1296));
#1298=IFCPROPERTYSET('3zeQerQcwXkTIH9KkojiKY',#18,'Pset_BuildingElementProxyCommon',$,(#45,#826));
#1299=IFCPROPERTYSET('1ZsLgm8nA0gnXGIhbUex4V',#18,'Pset_EnvironmentalImpactIndicators',$,(#826));
#1300=IFCRELDEFINESBYPROPERTIES('00nYeXZf24_O6we3nedZJa',#18,$,$,(#1294),#1298);
#1301=IFCRELDEFINESBYPROPERTIES('0KLLrMEv7vzUWQBG1dtXsD',#18,$,$,(#1294),#1299);
#1302=IFCMAPPEDITEM(#869,#731);
#1303=IFCSHAPEREPRESENTATION(#24,'Body','MappedRepresentation',(#1302));
#1304=IFCPRODUCTDEFINITIONSHAPE($,$,(#1303));
#1305=IFCCARTESIANPOINT((1425.,0.,1800.));
#1306=IFCAXIS2PLACEMENT3D(#1305,#8,#5);
#1307=IFCLOCALPLACEMENT(#34,#1306);
#1308=IFCBUILDINGELEMENTPROXY('1xzI3PuNvF1RRUjZb8YITD',#18,'M_Trim-Window-Exterior-Flat:with Sill:1606669',$,'M_Trim-Window-Exterior-Flat:with Sill',#1307,#1304,'1606669',.NOTDEFINED.);
#1309=IFCPROPERTYSET('37Mjs$b5dhfkgDUFnplQiO',#18,'Pset_BuildingElementProxyCommon',$,(#45,#878));
#1310=IFCPROPERTYSET('0elkp$_aXnpVZMvQaVme43',#18,'Pset_EnvironmentalImpactIndicators',$,(#878));
#1311=IFCRELDEFINESBYPROPERTIES('0ryS9OyzP1m8QrZL$jhW4O',#18,$,$,(#1308),#1309);
#1312=IFCRELDEFINESBYPROPERTIES('2LLUiWZkYb5dIauuxdB72S',#18,$,$,(#1308),#1310);
#1313=IFCMAPPEDITEM(#902,#731);
#1314=IFCSHAPEREPRESENTATION(#24,'Body','MappedRepresentation',(#1313));
#1315=IFCPRODUCTDEFINITIONSHAPE($,$,(#1314));
#1316=IFCCARTESIANPOINT((1425.,200.,1800.));
#1317=IFCAXIS2PLACEMENT3D(#1316,#7,#6);
#1318=IFCLOCALPLACEMENT(#34,#1317);
#1319=IFCBUILDINGELEMENTPROXY('1xzI3PuNvF1RRUjZb8YITE',#18,'M_Trim-Window-Interior-Flat:Picture Frame:1606670',$,'M_Trim-Window-Interior-Flat:Picture Frame',#1318,#1315,'1606670',.NOTDEFINED.);
#1320=IFCPROPERTYSET('04Hz8GgnescmZEQ8RSJgVD',#18,'Pset_BuildingElementProxyCommon',$,(#45,#911));
#1321=IFCPROPERTYSET('1jMHvz4WXMlNo4k8WsuQKK',#18,'Pset_EnvironmentalImpactIndicators',$,(#911));
#1322=IFCRELDEFINESBYPROPERTIES('0Nqanil4IVPiRc5rj4gBTA',#18,$,$,(#1319),#1320);
#1323=IFCRELDEFINESBYPROPERTIES('0JzO952ZShSRzCPeWa_1pP',#18,$,$,(#1319),#1321);
#1324=IFCMAPPEDITEM(#696,#731);
#1325=IFCSHAPEREPRESENTATION(#24,'Body','MappedRepresentation',(#1324));
#1326=IFCPRODUCTDEFINITIONSHAPE($,$,(#1325));
#1327=IFCCARTESIANPOINT((11350.,3650.,900.));
#1328=IFCAXIS2PLACEMENT3D(#1327,#9,#6);
#1330=IFCWINDOW('1xzI3PuNvF1RRUjZb8YIS4',#18,'M_Window-Fixed:750 x 900mm:1606724',$,'M_Window-Fixed:750 x 900mm',#2160,#1326,'1606724',900.00000000000045,749.99999999999841,.WINDOW.,.NOTDEFINED.,$);
#1331=IFCMATERIALCONSTITUENT('Wood - Stained',$,#699,$,'Wood');
#1332=IFCMATERIALCONSTITUENT('Glass',$,#720,$,'Glass');
#1333=IFCMATERIALCONSTITUENTSET($,$,(#1331,#1332));
#1334=IFCPROPERTYSET('2m87LR_WHEkxqECIPgaphE',#18,'Pset_EnvironmentalImpactIndicators',$,(#742));
#1335=IFCPROPERTYSINGLEVALUE('FireRating',$,IFCLABEL('0.5h'),$);
#1336=IFCPROPERTYSET('0$WWboRRqQHPZyJ_ss1tRp',#18,'Pset_WindowCommon',$,(#85,#742,#1335));
#1337=IFCRELDEFINESBYPROPERTIES('3nr3cySib5QA565CfdwMNz',#18,$,$,(#1330),#1334);
#1338=IFCRELDEFINESBYPROPERTIES('0$eN62GKV8VSdtS5KPzvcb',#18,$,$,(#1330),#1336);
#1339=IFCMAPPEDITEM(#798,#731);
#1340=IFCSHAPEREPRESENTATION(#24,'Body','MappedRepresentation',(#1339));
#1341=IFCPRODUCTDEFINITIONSHAPE($,$,(#1340));
#1342=IFCCARTESIANPOINT((10975.,3459.5249999999605,938.10000000003629));
#1343=IFCAXIS2PLACEMENT3D(#1342,$,$);
#1344=IFCLOCALPLACEMENT(#34,#1343);
#1345=IFCBUILDINGELEMENTPROXY('1xzI3PuNvF1RRUjZb8YIS7',#18,'M_Muntin Pattern_2x2:M_Muntin Pattern_2x2:1606727',$,'M_Muntin Pattern_2x2:M_Muntin Pattern_2x2',#1344,#1341,'1606727',.NOTDEFINED.);
#1346=IFCMATERIALCONSTITUENT('Clad - White',$,#800,$,'Wood');
#1347=IFCMATERIALCONSTITUENT('Wood - Stained',$,#699,$,'Wood');
#1348=IFCMATERIALCONSTITUENTSET($,$,(#1346,#1347));
#1349=IFCPROPERTYSET('2_l1Rw28fZrOpi3DSnC6$7',#18,'Pset_BuildingElementProxyCommon',$,(#45,#826));
#1350=IFCPROPERTYSET('2a5znEXAgbb0i7CddXOsBB',#18,'Pset_EnvironmentalImpactIndicators',$,(#826));
#1351=IFCRELDEFINESBYPROPERTIES('2QLChPWKKHt3wLetyt4yk1',#18,$,$,(#1345),#1349);
#1352=IFCRELDEFINESBYPROPERTIES('1DEH0fP7SfN_NqJrGbAnW0',#18,$,$,(#1345),#1350);
#1353=IFCMAPPEDITEM(#869,#731);
#1354=IFCSHAPEREPRESENTATION(#24,'Body','MappedRepresentation',(#1353));
#1355=IFCPRODUCTDEFINITIONSHAPE($,$,(#1354));
#1356=IFCCARTESIANPOINT((10975.,3450.,1800.));
#1357=IFCAXIS2PLACEMENT3D(#1356,#8,#5);
#1358=IFCLOCALPLACEMENT(#34,#1357);
#1359=IFCBUILDINGELEMENTPROXY('1xzI3PuNvF1RRUjZb8YIS8',#18,'M_Trim-Window-Exterior-Flat:with Sill:1606728',$,'M_Trim-Window-Exterior-Flat:with Sill',#1358,#1355,'1606728',.NOTDEFINED.);
#1360=IFCPROPERTYSET('2IVNX6K_bfj0fCaGfy6Zux',#18,'Pset_BuildingElementProxyCommon',$,(#45,#878));
#1361=IFCPROPERTYSET('0ySkkNQepxawfr1ItB9EoT',#18,'Pset_EnvironmentalImpactIndicators',$,(#878));
#1362=IFCRELDEFINESBYPROPERTIES('1DEMp3Ubwz7jH8hjEdHkkH',#18,$,$,(#1359),#1360);
#1363=IFCRELDEFINESBYPROPERTIES('0dHT0_YUPYsB8wH3Aiotz5',#18,$,$,(#1359),#1361);
#1364=IFCMAPPEDITEM(#902,#731);
#1365=IFCSHAPEREPRESENTATION(#24,'Body','MappedRepresentation',(#1364));
#1366=IFCPRODUCTDEFINITIONSHAPE($,$,(#1365));
#1367=IFCCARTESIANPOINT((10975.,3650.,1800.));
#1368=IFCAXIS2PLACEMENT3D(#1367,#7,#6);
#1369=IFCLOCALPLACEMENT(#34,#1368);
#1370=IFCBUILDINGELEMENTPROXY('1xzI3PuNvF1RRUjZb8YIS9',#18,'M_Trim-Window-Interior-Flat:Picture Frame:1606729',$,'M_Trim-Window-Interior-Flat:Picture Frame',#1369,#1366,'1606729',.NOTDEFINED.);
#1371=IFCPROPERTYSET('1abJVF$mq_sC_EBCbDoS3O',#18,'Pset_BuildingElementProxyCommon',$,(#45,#911));
#1372=IFCPROPERTYSET('3qT86Xq0Rwua5_M9LR5lja',#18,'Pset_EnvironmentalImpactIndicators',$,(#911));
#1373=IFCRELDEFINESBYPROPERTIES('2gt7HiOvKwPW_JfUcJDLJJ',#18,$,$,(#1370),#1371);
#1374=IFCRELDEFINESBYPROPERTIES('2UyTfeyva0c67W09m0t4eI',#18,$,$,(#1370),#1372);
#1375=IFCMAPPEDITEM(#696,#731);
#1376=IFCSHAPEREPRESENTATION(#24,'Body','MappedRepresentation',(#1375));
#1377=IFCPRODUCTDEFINITIONSHAPE($,$,(#1376));
#1378=IFCCARTESIANPOINT((12700.,3650.,900.));
#1379=IFCAXIS2PLACEMENT3D(#1378,#9,#6);
#1381=IFCWINDOW('1xzI3PuNvF1RRUjZb8YIV$',#18,'M_Window-Fixed:750 x 900mm:1606847',$,'M_Window-Fixed:750 x 900mm',#2175,#1377,'1606847',900.00000000000045,749.99999999999841,.WINDOW.,.NOTDEFINED.,$);
#1382=IFCMATERIALCONSTITUENT('Wood - Stained',$,#699,$,'Wood');
#1383=IFCMATERIALCONSTITUENT('Glass',$,#720,$,'Glass');
#1384=IFCMATERIALCONSTITUENTSET($,$,(#1382,#1383));
#1385=IFCPROPERTYSET('2CzaXrjCrp03$Xn0HTX2KT',#18,'Pset_EnvironmentalImpactIndicators',$,(#742));
#1386=IFCPROPERTYSINGLEVALUE('FireRating',$,IFCLABEL('0.5h'),$);
#1387=IFCPROPERTYSET('1BJNuFIDjD_TtzZ6UpSRjC',#18,'Pset_WindowCommon',$,(#85,#742,#1386));
#1388=IFCRELDEFINESBYPROPERTIES('29oInWjJ0UhcCwllKK8PvF',#18,$,$,(#1381),#1385);
#1389=IFCRELDEFINESBYPROPERTIES('1cF1Dgo3KCfR1QCKAhHoxf',#18,$,$,(#1381),#1387);
#1390=IFCMAPPEDITEM(#798,#731);
#1391=IFCSHAPEREPRESENTATION(#24,'Body','MappedRepresentation',(#1390));
#1392=IFCPRODUCTDEFINITIONSHAPE($,$,(#1391));
#1393=IFCCARTESIANPOINT((12325.,3459.5249999999564,938.10000000003629));
#1394=IFCAXIS2PLACEMENT3D(#1393,$,$);
#1395=IFCLOCALPLACEMENT(#34,#1394);
#1396=IFCBUILDINGELEMENTPROXY('1xzI3PuNvF1RRUjZb8YIU2',#18,'M_Muntin Pattern_2x2:M_Muntin Pattern_2x2:1606850',$,'M_Muntin Pattern_2x2:M_Muntin Pattern_2x2',#1395,#1392,'1606850',.NOTDEFINED.);
#1397=IFCMATERIALCONSTITUENT('Clad - White',$,#800,$,'Wood');
#1398=IFCMATERIALCONSTITUENT('Wood - Stained',$,#699,$,'Wood');
#1399=IFCMATERIALCONSTITUENTSET($,$,(#1397,#1398));
#1400=IFCPROPERTYSET('2$lG5O3RNPokILuOGUsRb5',#18,'Pset_BuildingElementProxyCommon',$,(#45,#826));
#1401=IFCPROPERTYSET('23BVuzizvdme2wKi2779DQ',#18,'Pset_EnvironmentalImpactIndicators',$,(#826));
#1402=IFCRELDEFINESBYPROPERTIES('07r470BgAQkrQSU8kqM3zt',#18,$,$,(#1396),#1400);
#1403=IFCRELDEFINESBYPROPERTIES('0FfgGNrxxgkrhft5mZXTZo',#18,$,$,(#1396),#1401);
#1404=IFCMAPPEDITEM(#869,#731);
#1405=IFCSHAPEREPRESENTATION(#24,'Body','MappedRepresentation',(#1404));
#1406=IFCPRODUCTDEFINITIONSHAPE($,$,(#1405));
#1407=IFCCARTESIANPOINT((12325.,3450.,1800.));
#1408=IFCAXIS2PLACEMENT3D(#1407,#8,#5);
#1409=IFCLOCALPLACEMENT(#34,#1408);
#1410=IFCBUILDINGELEMENTPROXY('1xzI3PuNvF1RRUjZb8YIU3',#18,'M_Trim-Window-Exterior-Flat:with Sill:1606851',$,'M_Trim-Window-Exterior-Flat:with Sill',#1409,#1406,'1606851',.NOTDEFINED.);
#1411=IFCPROPERTYSET('2n9qpMDz0HEUzooc1XQUvm',#18,'Pset_BuildingElementProxyCommon',$,(#45,#878));
#1412=IFCPROPERTYSET('2eNatLR4Xzb6NH6TnnBH$_',#18,'Pset_EnvironmentalImpactIndicators',$,(#878));
#1413=IFCRELDEFINESBYPROPERTIES('0uym_10bXALZCupLgGMIz2',#18,$,$,(#1410),#1411);
#1414=IFCRELDEFINESBYPROPERTIES('3LgSMMl1OsO0LHRA_czbWu',#18,$,$,(#1410),#1412);
#1415=IFCMAPPEDITEM(#902,#731);
#1416=IFCSHAPEREPRESENTATION(#24,'Body','MappedRepresentation',(#1415));
#1417=IFCPRODUCTDEFINITIONSHAPE($,$,(#1416));
#1418=IFCCARTESIANPOINT((12325.,3650.,1800.));
#1419=IFCAXIS2PLACEMENT3D(#1418,#7,#6);
#1420=IFCLOCALPLACEMENT(#34,#1419);
#1421=IFCBUILDINGELEMENTPROXY('1xzI3PuNvF1RRUjZb8YIU4',#18,'M_Trim-Window-Interior-Flat:Picture Frame:1606852',$,'M_Trim-Window-Interior-Flat:Picture Frame',#1420,#1417,'1606852',.NOTDEFINED.);
#1422=IFCPROPERTYSET('1feUjDP$injxjWlgeUt1cY',#18,'Pset_BuildingElementProxyCommon',$,(#45,#911));
#1423=IFCPROPERTYSET('31GBEVsP3PsK0kPATjnfXX',#18,'Pset_EnvironmentalImpactIndicators',$,(#911));
#1424=IFCRELDEFINESBYPROPERTIES('3z0xi7gDPXWTHSKLVKofU9',#18,$,$,(#1421),#1422);
#1425=IFCRELDEFINESBYPROPERTIES('3z7JXuLfsxDhdz4Ygyy09F',#18,$,$,(#1421),#1423);
#1426=IFCMAPPEDITEM(#696,#731);
#1427=IFCSHAPEREPRESENTATION(#24,'Body','MappedRepresentation',(#1426));
#1428=IFCPRODUCTDEFINITIONSHAPE($,$,(#1427));
#1429=IFCCARTESIANPOINT((200.,3950.,900.));
#1430=IFCAXIS2PLACEMENT3D(#1429,#9,#7);
#1432=IFCWINDOW('1xzI3PuNvF1RRUjZb8YIUz',#18,'M_Window-Fixed:750 x 900mm:1606909',$,'M_Window-Fixed:750 x 900mm',#1950,#1428,'1606909',900.00000000000045,749.99999999999955,.WINDOW.,.NOTDEFINED.,$);
#1433=IFCMATERIALCONSTITUENT('Wood - Stained',$,#699,$,'Wood');
#1434=IFCMATERIALCONSTITUENT('Glass',$,#720,$,'Glass');
#1435=IFCMATERIALCONSTITUENTSET($,$,(#1433,#1434));
#1436=IFCPROPERTYSET('1EbZKuYjgvGSa91GkDbqp6',#18,'Pset_EnvironmentalImpactIndicators',$,(#742));
#1437=IFCPROPERTYSINGLEVALUE('FireRating',$,IFCLABEL('0.5h'),$);
#1438=IFCPROPERTYSET('1q2l$y5DjK1PbupeQDHbhC',#18,'Pset_WindowCommon',$,(#85,#742,#1437));
#1439=IFCRELDEFINESBYPROPERTIES('3tlI6byWKDD0PG3Ns37VOw',#18,$,$,(#1432),#1436);
#1440=IFCRELDEFINESBYPROPERTIES('1Wj1Qlft6dHN2NbgfCnit8',#18,$,$,(#1432),#1438);
#1441=IFCMAPPEDITEM(#798,#731);
#1442=IFCSHAPEREPRESENTATION(#24,'Body','MappedRepresentation',(#1441));
#1443=IFCPRODUCTDEFINITIONSHAPE($,$,(#1442));
#1444=IFCCARTESIANPOINT((9.5250000000030628,4325.,938.10000000003629));
#1445=IFCAXIS2PLACEMENT3D(#1444,#9,#8);
#1446=IFCLOCALPLACEMENT(#34,#1445);
#1447=IFCBUILDINGELEMENTPROXY('1xzI3PuNvF1RRUjZb8YIP0',#18,'M_Muntin Pattern_2x2:M_Muntin Pattern_2x2:1606912',$,'M_Muntin Pattern_2x2:M_Muntin Pattern_2x2',#1446,#1443,'1606912',.NOTDEFINED.);
#1448=IFCMATERIALCONSTITUENT('Clad - White',$,#800,$,'Wood');
#1449=IFCMATERIALCONSTITUENT('Wood - Stained',$,#699,$,'Wood');
#1450=IFCMATERIALCONSTITUENTSET($,$,(#1448,#1449));
#1451=IFCPROPERTYSET('1LsVYSUQmg0t5oIEEYyvlY',#18,'Pset_BuildingElementProxyCommon',$,(#45,#826));
#1452=IFCPROPERTYSET('0hEQOhqZJJpOh9$kCSdR6i',#18,'Pset_EnvironmentalImpactIndicators',$,(#826));
#1453=IFCRELDEFINESBYPROPERTIES('2lbhEWFjdNdhrwnn0r6gWC',#18,$,$,(#1447),#1451);
#1454=IFCRELDEFINESBYPROPERTIES('1ntDiVbNqPCKKM6r$S94KR',#18,$,$,(#1447),#1452);
#1455=IFCMAPPEDITEM(#869,#731);
#1456=IFCSHAPEREPRESENTATION(#24,'Body','MappedRepresentation',(#1455));
#1457=IFCPRODUCTDEFINITIONSHAPE($,$,(#1456));
#1458=IFCCARTESIANPOINT((0.,4325.,1800.));
#1459=IFCAXIS2PLACEMENT3D(#1458,#6,#8);
#1460=IFCLOCALPLACEMENT(#34,#1459);
#1461=IFCBUILDINGELEMENTPROXY('1xzI3PuNvF1RRUjZb8YIP1',#18,'M_Trim-Window-Exterior-Flat:with Sill:1606913',$,'M_Trim-Window-Exterior-Flat:with Sill',#1460,#1457,'1606913',.NOTDEFINED.);
#1462=IFCPROPERTYSET('1nA_YStlfp8bGmoVtbP1x0',#18,'Pset_BuildingElementProxyCommon',$,(#45,#878));
#1463=IFCPROPERTYSET('3ECNU$OEIQQRdP9Y1xn_TS',#18,'Pset_EnvironmentalImpactIndicators',$,(#878));
#1464=IFCRELDEFINESBYPROPERTIES('0XqSXBB3PpNwf$jkzwQgg3',#18,$,$,(#1461),#1462);
#1465=IFCRELDEFINESBYPROPERTIES('18KcsZaNV$vF6nIVmdloJ7',#18,$,$,(#1461),#1463);
#1466=IFCMAPPEDITEM(#902,#731);
#1467=IFCSHAPEREPRESENTATION(#24,'Body','MappedRepresentation',(#1466));
#1468=IFCPRODUCTDEFINITIONSHAPE($,$,(#1467));
#1469=IFCCARTESIANPOINT((200.,4325.,1800.));
#1470=IFCAXIS2PLACEMENT3D(#1469,#5,#7);
#1471=IFCLOCALPLACEMENT(#34,#1470);
#1472=IFCBUILDINGELEMENTPROXY('1xzI3PuNvF1RRUjZb8YIP2',#18,'M_Trim-Window-Interior-Flat:Picture Frame:1606914',$,'M_Trim-Window-Interior-Flat:Picture Frame',#1471,#1468,'1606914',.NOTDEFINED.);
#1473=IFCPROPERTYSET('1XkQo02O84stNwdD7fPAFK',#18,'Pset_BuildingElementProxyCommon',$,(#45,#911));
#1474=IFCPROPERTYSET('1x4cLsbuuAz1FAWkcfyEsZ',#18,'Pset_EnvironmentalImpactIndicators',$,(#911));
#1475=IFCRELDEFINESBYPROPERTIES('3KJ9GvlsEn8sBKr6J3bZPK',#18,$,$,(#1472),#1473);
#1476=IFCRELDEFINESBYPROPERTIES('1d3Q5NXbCzTZlyweyoqSWo',#18,$,$,(#1472),#1474);
#1477=IFCMAPPEDITEM(#696,#731);
#1478=IFCSHAPEREPRESENTATION(#24,'Body','MappedRepresentation',(#1477));
#1479=IFCPRODUCTDEFINITIONSHAPE($,$,(#1478));
#1480=IFCCARTESIANPOINT((13200.,9850.,900.));
#1481=IFCAXIS2PLACEMENT3D(#1480,#9,#8);
#1483=IFCWINDOW('1xzI3PuNvF1RRUjZb8YIPw',#18,'M_Window-Fixed:750 x 900mm:1606970',$,'M_Window-Fixed:750 x 900mm',#2055,#1479,'1606970',900.00000000000045,749.99999999999955,.WINDOW.,.NOTDEFINED.,$);
#1484=IFCMATERIALCONSTITUENT('Wood - Stained',$,#699,$,'Wood');
#1485=IFCMATERIALCONSTITUENT('Glass',$,#720,$,'Glass');
#1486=IFCMATERIALCONSTITUENTSET($,$,(#1484,#1485));
#1487=IFCPROPERTYSET('0qSmqZZhHJmdl_vcKceseB',#18,'Pset_EnvironmentalImpactIndicators',$,(#742));
#1488=IFCPROPERTYSINGLEVALUE('FireRating',$,IFCLABEL('0.5h'),$);
#1489=IFCPROPERTYSET('0nV0cWcLsGbzxXKsc9WPYB',#18,'Pset_WindowCommon',$,(#85,#742,#1488));
#1490=IFCRELDEFINESBYPROPERTIES('0TFASF1_FGha2zI7$bEnH7',#18,$,$,(#1483),#1487);
#1491=IFCRELDEFINESBYPROPERTIES('0OQs$92v0WjnBd1qGRC3yi',#18,$,$,(#1483),#1489);
#1492=IFCMAPPEDITEM(#798,#731);
#1493=IFCSHAPEREPRESENTATION(#24,'Body','MappedRepresentation',(#1492));
#1494=IFCPRODUCTDEFINITIONSHAPE($,$,(#1493));
#1495=IFCCARTESIANPOINT((13390.475000000019,9475.,938.10000000003629));
#1496=IFCAXIS2PLACEMENT3D(#1495,#9,#7);
#1497=IFCLOCALPLACEMENT(#34,#1496);
#1498=IFCBUILDINGELEMENTPROXY('1xzI3PuNvF1RRUjZb8YIPz',#18,'M_Muntin Pattern_2x2:M_Muntin Pattern_2x2:1606973',$,'M_Muntin Pattern_2x2:M_Muntin Pattern_2x2',#1497,#1494,'1606973',.NOTDEFINED.);
#1499=IFCMATERIALCONSTITUENT('Clad - White',$,#800,$,'Wood');
#1500=IFCMATERIALCONSTITUENT('Wood - Stained',$,#699,$,'Wood');
#1501=IFCMATERIALCONSTITUENTSET($,$,(#1499,#1500));
#1502=IFCPROPERTYSET('024Bea3ZByio5B5joxgAAp',#18,'Pset_BuildingElementProxyCommon',$,(#45,#826));
#1503=IFCPROPERTYSET('0MmFSSLJWUPHCXLmUQO2vQ',#18,'Pset_EnvironmentalImpactIndicators',$,(#826));
#1504=IFCRELDEFINESBYPROPERTIES('1Jkczo0__rmH1JRy$cXL8j',#18,$,$,(#1498),#1502);
#1505=IFCRELDEFINESBYPROPERTIES('2fM_sOqh5OkExxzgew1Jac',#18,$,$,(#1498),#1503);
#1506=IFCMAPPEDITEM(#869,#731);
#1507=IFCSHAPEREPRESENTATION(#24,'Body','MappedRepresentation',(#1506));
#1508=IFCPRODUCTDEFINITIONSHAPE($,$,(#1507));
#1509=IFCCARTESIANPOINT((13400.,9475.,1800.));
#1510=IFCAXIS2PLACEMENT3D(#1509,#5,#7);
#1511=IFCLOCALPLACEMENT(#34,#1510);
#1512=IFCBUILDINGELEMENTPROXY('1xzI3PuNvF1RRUjZb8YIP_',#18,'M_Trim-Window-Exterior-Flat:with Sill:1606974',$,'M_Trim-Window-Exterior-Flat:with Sill',#1511,#1508,'1606974',.NOTDEFINED.);
#1513=IFCPROPERTYSET('3ZdajmZEwM4UA69BqbyzbZ',#18,'Pset_BuildingElementProxyCommon',$,(#45,#878));
#1514=IFCPROPERTYSET('1mIpRRkZnzJnMCESaZE5tM',#18,'Pset_EnvironmentalImpactIndicators',$,(#878));
#1515=IFCRELDEFINESBYPROPERTIES('0eZT$kOOYWferTU_8_3ZMl',#18,$,$,(#1512),#1513);
#1516=IFCRELDEFINESBYPROPERTIES('0rGRYg11BO0gvgocVXab$r',#18,$,$,(#1512),#1514);
#1517=IFCMAPPEDITEM(#902,#731);
#1518=IFCSHAPEREPRESENTATION(#24,'Body','MappedRepresentation',(#1517));
#1519=IFCPRODUCTDEFINITIONSHAPE($,$,(#1518));
#1520=IFCCARTESIANPOINT((13200.,9475.,1800.));
#1521=IFCAXIS2PLACEMENT3D(#1520,#6,#8);
#1522=IFCLOCALPLACEMENT(#34,#1521);
#1523=IFCBUILDINGELEMENTPROXY('1xzI3PuNvF1RRUjZb8YIP$',#18,'M_Trim-Window-Interior-Flat:Picture Frame:1606975',$,'M_Trim-Window-Interior-Flat:Picture Frame',#1522,#1519,'1606975',.NOTDEFINED.);
#1524=IFCPROPERTYSET('1j2_CvzlJiJHOF$tYbuDth',#18,'Pset_BuildingElementProxyCommon',$,(#45,#911));
#1525=IFCPROPERTYSET('0NqLDNKoWPk2$hX3sv4ksN',#18,'Pset_EnvironmentalImpactIndicators',$,(#911));
#1526=IFCRELDEFINESBYPROPERTIES('35ZBadTlUW0FfEY3cAYaR7',#18,$,$,(#1523),#1524);
#1527=IFCRELDEFINESBYPROPERTIES('2rg27yUCZj4i0xXOcpiT$5',#18,$,$,(#1523),#1525);
#1528=IFCMAPPEDITEM(#696,#731);
#1529=IFCSHAPEREPRESENTATION(#24,'Body','MappedRepresentation',(#1528));
#1530=IFCPRODUCTDEFINITIONSHAPE($,$,(#1529));
#1531=IFCCARTESIANPOINT((13200.,8500.,900.));
#1532=IFCAXIS2PLACEMENT3D(#1531,#9,#8);
#1534=IFCWINDOW('1xzI3PuNvF1RRUjZb8YIL9',#18,'M_Window-Fixed:750 x 900mm:1607177',$,'M_Window-Fixed:750 x 900mm',#2070,#1530,'1607177',900.00000000000045,749.99999999999955,.WINDOW.,.NOTDEFINED.,$);
#1535=IFCMATERIALCONSTITUENT('Wood - Stained',$,#699,$,'Wood');
#1536=IFCMATERIALCONSTITUENT('Glass',$,#720,$,'Glass');
#1537=IFCMATERIALCONSTITUENTSET($,$,(#1535,#1536));
#1538=IFCPROPERTYSET('0zWG_vO3UXh2WJwGn7E$k7',#18,'Pset_EnvironmentalImpactIndicators',$,(#742));
#1539=IFCPROPERTYSINGLEVALUE('FireRating',$,IFCLABEL('0.5h'),$);
#1540=IFCPROPERTYSET('0mPs4xCqHDaoyOSnQJ9yov',#18,'Pset_WindowCommon',$,(#85,#742,#1539));
#1541=IFCRELDEFINESBYPROPERTIES('245j1WSZIUHOAmG$VxOUG2',#18,$,$,(#1534),#1538);
#1542=IFCRELDEFINESBYPROPERTIES('0QSThHBUdTqF9neYm7KWKR',#18,$,$,(#1534),#1540);
#1543=IFCMAPPEDITEM(#798,#731);
#1544=IFCSHAPEREPRESENTATION(#24,'Body','MappedRepresentation',(#1543));
#1545=IFCPRODUCTDEFINITIONSHAPE($,$,(#1544));
#1546=IFCCARTESIANPOINT((13390.475000000017,8125.,938.10000000003629));
#1547=IFCAXIS2PLACEMENT3D(#1546,#9,#7);
#1548=IFCLOCALPLACEMENT(#34,#1547);
#1549=IFCBUILDINGELEMENTPROXY('1xzI3PuNvF1RRUjZb8YILC',#18,'M_Muntin Pattern_2x2:M_Muntin Pattern_2x2:1607180',$,'M_Muntin Pattern_2x2:M_Muntin Pattern_2x2',#1548,#1545,'1607180',.NOTDEFINED.);
#1550=IFCMATERIALCONSTITUENT('Clad - White',$,#800,$,'Wood');
#1551=IFCMATERIALCONSTITUENT('Wood - Stained',$,#699,$,'Wood');
#1552=IFCMATERIALCONSTITUENTSET($,$,(#1550,#1551));
#1553=IFCPROPERTYSET('2cFR71hPUO6YpLSCt8pqGU',#18,'Pset_BuildingElementProxyCommon',$,(#45,#826));
#1554=IFCPROPERTYSET('0HkC1irZD7Zv3CbVrWd7Ru',#18,'Pset_EnvironmentalImpactIndicators',$,(#826));
#1555=IFCRELDEFINESBYPROPERTIES('250mFdUyBcKj_se4NlTNRM',#18,$,$,(#1549),#1553);
#1556=IFCRELDEFINESBYPROPERTIES('1U6eOUAzEA6lTNdJPIHzjx',#18,$,$,(#1549),#1554);
#1557=IFCMAPPEDITEM(#869,#731);
#1558=IFCSHAPEREPRESENTATION(#24,'Body','MappedRepresentation',(#1557));
#1559=IFCPRODUCTDEFINITIONSHAPE($,$,(#1558));
#1560=IFCCARTESIANPOINT((13400.,8125.,1800.));
#1561=IFCAXIS2PLACEMENT3D(#1560,#5,#7);
#1562=IFCLOCALPLACEMENT(#34,#1561);
#1563=IFCBUILDINGELEMENTPROXY('1xzI3PuNvF1RRUjZb8YILD',#18,'M_Trim-Window-Exterior-Flat:with Sill:1607181',$,'M_Trim-Window-Exterior-Flat:with Sill',#1562,#1559,'1607181',.NOTDEFINED.);
#1564=IFCPROPERTYSET('1Y_EssdSjxB8wpnKPoTAMG',#18,'Pset_BuildingElementProxyCommon',$,(#45,#878));
#1565=IFCPROPERTYSET('33Y0cS8DPCddcmhfRurPJ7',#18,'Pset_EnvironmentalImpactIndicators',$,(#878));
#1566=IFCRELDEFINESBYPROPERTIES('25rch5UQQ_RK6SLeVGSNCI',#18,$,$,(#1563),#1564);
#1567=IFCRELDEFINESBYPROPERTIES('0vQhdfQUAgLduYn0mEjmQI',#18,$,$,(#1563),#1565);
#1568=IFCMAPPEDITEM(#902,#731);
#1569=IFCSHAPEREPRESENTATION(#24,'Body','MappedRepresentation',(#1568));
#1570=IFCPRODUCTDEFINITIONSHAPE($,$,(#1569));
#1571=IFCCARTESIANPOINT((13200.,8125.,1800.));
#1572=IFCAXIS2PLACEMENT3D(#1571,#6,#8);
#1573=IFCLOCALPLACEMENT(#34,#1572);
#1574=IFCBUILDINGELEMENTPROXY('1xzI3PuNvF1RRUjZb8YILE',#18,'M_Trim-Window-Interior-Flat:Picture Frame:1607182',$,'M_Trim-Window-Interior-Flat:Picture Frame',#1573,#1570,'1607182',.NOTDEFINED.);
#1575=IFCPROPERTYSET('13dUp_oMEAsKabRHVy3gQz',#18,'Pset_BuildingElementProxyCommon',$,(#45,#911));
#1576=IFCPROPERTYSET('3diTW1lOVuWCjBgc_yXwoS',#18,'Pset_EnvironmentalImpactIndicators',$,(#911));
#1577=IFCRELDEFINESBYPROPERTIES('1C3TrT33f0NWxBvTV5JCbq',#18,$,$,(#1574),#1575);
#1578=IFCRELDEFINESBYPROPERTIES('0Sa4BOyo0l5z5_3WMfj_fW',#18,$,$,(#1574),#1576);
#1579=IFCMAPPEDITEM(#696,#731);
#1580=IFCSHAPEREPRESENTATION(#24,'Body','MappedRepresentation',(#1579));
#1581=IFCPRODUCTDEFINITIONSHAPE($,$,(#1580));
#1582=IFCCARTESIANPOINT((13200.,7150.,900.));
#1583=IFCAXIS2PLACEMENT3D(#1582,#9,#8);
#1585=IFCWINDOW('1xzI3PuNvF1RRUjZb8YIKa',#18,'M_Window-Fixed:750 x 900mm:1607268',$,'M_Window-Fixed:750 x 900mm',#2085,#1581,'1607268',900.00000000000045,749.99999999999955,.WINDOW.,.NOTDEFINED.,$);
#1586=IFCMATERIALCONSTITUENT('Wood - Stained',$,#699,$,'Wood');
#1587=IFCMATERIALCONSTITUENT('Glass',$,#720,$,'Glass');
#1588=IFCMATERIALCONSTITUENTSET($,$,(#1586,#1587));
#1589=IFCPROPERTYSET('1hBkQRBXHjGWiOir26ULH1',#18,'Pset_EnvironmentalImpactIndicators',$,(#742));
#1590=IFCPROPERTYSINGLEVALUE('FireRating',$,IFCLABEL('0.5h'),$);
#1591=IFCPROPERTYSET('1rGUDPhFGeYBXb14FpVdao',#18,'Pset_WindowCommon',$,(#85,#742,#1590));
#1592=IFCRELDEFINESBYPROPERTIES('3oc4vCGdzuN4zMYHt4Ef2c',#18,$,$,(#1585),#1589);
#1593=IFCRELDEFINESBYPROPERTIES('16FhfPu_nb2oAJ5YMb62zG',#18,$,$,(#1585),#1591);
#1594=IFCMAPPEDITEM(#798,#731);
#1595=IFCSHAPEREPRESENTATION(#24,'Body','MappedRepresentation',(#1594));
#1596=IFCPRODUCTDEFINITIONSHAPE($,$,(#1595));
#1597=IFCCARTESIANPOINT((13390.475000000013,6775.,938.10000000003629));
#1598=IFCAXIS2PLACEMENT3D(#1597,#9,#7);
#1599=IFCLOCALPLACEMENT(#34,#1598);
#1600=IFCBUILDINGELEMENTPROXY('1xzI3PuNvF1RRUjZb8YIKd',#18,'M_Muntin Pattern_2x2:M_Muntin Pattern_2x2:1607271',$,'M_Muntin Pattern_2x2:M_Muntin Pattern_2x2',#1599,#1596,'1607271',.NOTDEFINED.);
#1601=IFCMATERIALCONSTITUENT('Clad - White',$,#800,$,'Wood');
#1602=IFCMATERIALCONSTITUENT('Wood - Stained',$,#699,$,'Wood');
#1603=IFCMATERIALCONSTITUENTSET($,$,(#1601,#1602));
#1604=IFCPROPERTYSET('0dSs8rxkWDm3lqAeB6Nr1A',#18,'Pset_BuildingElementProxyCommon',$,(#45,#826));
#1605=IFCPROPERTYSET('3acqK1wMQi_G$DXQRquQQy',#18,'Pset_EnvironmentalImpactIndicators',$,(#826));
#1606=IFCRELDEFINESBYPROPERTIES('0fgcLwTLc4JpmzEP9wcvAW',#18,$,$,(#1600),#1604);
#1607=IFCRELDEFINESBYPROPERTIES('3FRfjeIj8e_ukQTegmINZg',#18,$,$,(#1600),#1605);
#1608=IFCMAPPEDITEM(#869,#731);
#1609=IFCSHAPEREPRESENTATION(#24,'Body','MappedRepresentation',(#1608));
#1610=IFCPRODUCTDEFINITIONSHAPE($,$,(#1609));
#1611=IFCCARTESIANPOINT((13400.,6775.,1800.));
#1612=IFCAXIS2PLACEMENT3D(#1611,#5,#7);
#1613=IFCLOCALPLACEMENT(#34,#1612);
#1614=IFCBUILDINGELEMENTPROXY('1xzI3PuNvF1RRUjZb8YIKe',#18,'M_Trim-Window-Exterior-Flat:with Sill:1607272',$,'M_Trim-Window-Exterior-Flat:with Sill',#1613,#1610,'1607272',.NOTDEFINED.);
#1615=IFCPROPERTYSET('1sHyEdmxXITYB1Ly89xe$9',#18,'Pset_BuildingElementProxyCommon',$,(#45,#878));
#1616=IFCPROPERTYSET('1rE8hryQE5zvFjzCBCNeoY',#18,'Pset_EnvironmentalImpactIndicators',$,(#878));
#1617=IFCRELDEFINESBYPROPERTIES('1SSFi9Z2kgWmv1S1bGG3cR',#18,$,$,(#1614),#1615);
#1618=IFCRELDEFINESBYPROPERTIES('38WCjVU7wjtp03sU5eHQkP',#18,$,$,(#1614),#1616);
#1619=IFCMAPPEDITEM(#902,#731);
#1620=IFCSHAPEREPRESENTATION(#24,'Body','MappedRepresentation',(#1619));
#1621=IFCPRODUCTDEFINITIONSHAPE($,$,(#1620));
#1622=IFCCARTESIANPOINT((13200.,6775.,1800.));
#1623=IFCAXIS2PLACEMENT3D(#1622,#6,#8);
#1624=IFCLOCALPLACEMENT(#34,#1623);
#1625=IFCBUILDINGELEMENTPROXY('1xzI3PuNvF1RRUjZb8YIKf',#18,'M_Trim-Window-Interior-Flat:Picture Frame:1607273',$,'M_Trim-Window-Interior-Flat:Picture Frame',#1624,#1621,'1607273',.NOTDEFINED.);
#1626=IFCPROPERTYSET('0zId8h1JCzZ3L8x6Bg3Ikj',#18,'Pset_BuildingElementProxyCommon',$,(#45,#911));
#1627=IFCPROPERTYSET('0020DaPQnCx3tFyIY2QkNv',#18,'Pset_EnvironmentalImpactIndicators',$,(#911));
#1628=IFCRELDEFINESBYPROPERTIES('2BC_UZHDCBys$Fxs$zKdWf',#18,$,$,(#1625),#1626);
#1629=IFCRELDEFINESBYPROPERTIES('0VHwUA_G5JPHYEig1bUSjr',#18,$,$,(#1625),#1627);
#1630=IFCMAPPEDITEM(#696,#731);
#1631=IFCSHAPEREPRESENTATION(#24,'Body','MappedRepresentation',(#1630));
#1632=IFCPRODUCTDEFINITIONSHAPE($,$,(#1631));
#1633=IFCCARTESIANPOINT((200.,7050.,900.));
#1634=IFCAXIS2PLACEMENT3D(#1633,#9,#7);
#1636=IFCWINDOW('1xzI3PuNvF1RRUjZb8YINr',#18,'M_Window-Fixed:750 x 900mm:1607349',$,'M_Window-Fixed:750 x 900mm',#1965,#1632,'1607349',900.00000000000045,749.99999999999955,.WINDOW.,.NOTDEFINED.,$);
#1637=IFCMATERIALCONSTITUENT('Wood - Stained',$,#699,$,'Wood');
#1638=IFCMATERIALCONSTITUENT('Glass',$,#720,$,'Glass');
#1639=IFCMATERIALCONSTITUENTSET($,$,(#1637,#1638));
#1640=IFCPROPERTYSET('3Nca8ctBjFPtml_oxiu44v',#18,'Pset_EnvironmentalImpactIndicators',$,(#742));
#1641=IFCPROPERTYSINGLEVALUE('FireRating',$,IFCLABEL('0.5h'),$);
#1642=IFCPROPERTYSET('3RQVV6oeYnuA8u6gEY4O_h',#18,'Pset_WindowCommon',$,(#85,#742,#1641));
#1643=IFCRELDEFINESBYPROPERTIES('0aBy5CwKmPeWhgscD3_8ZT',#18,$,$,(#1636),#1640);
#1644=IFCRELDEFINESBYPROPERTIES('1NXOH4_2ei5Q4hRdNcKWMr',#18,$,$,(#1636),#1642);
#1645=IFCMAPPEDITEM(#798,#731);
#1646=IFCSHAPEREPRESENTATION(#24,'Body','MappedRepresentation',(#1645));
#1647=IFCPRODUCTDEFINITIONSHAPE($,$,(#1646));
#1648=IFCCARTESIANPOINT((9.5250000000082071,7425.,938.10000000003629));
#1649=IFCAXIS2PLACEMENT3D(#1648,#9,#8);
#1650=IFCLOCALPLACEMENT(#34,#1649);
#1651=IFCBUILDINGELEMENTPROXY('1xzI3PuNvF1RRUjZb8YINu',#18,'M_Muntin Pattern_2x2:M_Muntin Pattern_2x2:1607352',$,'M_Muntin Pattern_2x2:M_Muntin Pattern_2x2',#1650,#1647,'1607352',.NOTDEFINED.);
#1652=IFCMATERIALCONSTITUENT('Clad - White',$,#800,$,'Wood');
#1653=IFCMATERIALCONSTITUENT('Wood - Stained',$,#699,$,'Wood');
#1654=IFCMATERIALCONSTITUENTSET($,$,(#1652,#1653));
#1655=IFCPROPERTYSET('0Sbk$dgIV2lkmJjZ8nJt4H',#18,'Pset_BuildingElementProxyCommon',$,(#45,#826));
#1656=IFCPROPERTYSET('3KP$09YRPooEcZGzHPVk7t',#18,'Pset_EnvironmentalImpactIndicators',$,(#826));
#1657=IFCRELDEFINESBYPROPERTIES('3mU5vftNTZ6Q8qpnYWPHGJ',#18,$,$,(#1651),#1655);
#1658=IFCRELDEFINESBYPROPERTIES('3UNd2kvZgw_FgmSBf0WY4X',#18,$,$,(#1651),#1656);
#1659=IFCMAPPEDITEM(#869,#731);
#1660=IFCSHAPEREPRESENTATION(#24,'Body','MappedRepresentation',(#1659));
#1661=IFCPRODUCTDEFINITIONSHAPE($,$,(#1660));
#1662=IFCCARTESIANPOINT((0.,7425.,1800.));
#1663=IFCAXIS2PLACEMENT3D(#1662,#6,#8);
#1664=IFCLOCALPLACEMENT(#34,#1663);
#1665=IFCBUILDINGELEMENTPROXY('1xzI3PuNvF1RRUjZb8YINv',#18,'M_Trim-Window-Exterior-Flat:with Sill:1607353',$,'M_Trim-Window-Exterior-Flat:with Sill',#1664,#1661,'1607353',.NOTDEFINED.);
#1666=IFCPROPERTYSET('0u09tRHvPo9eNL3MQe71Ln',#18,'Pset_BuildingElementProxyCommon',$,(#45,#878));
#1667=IFCPROPERTYSET('3PzdwW0rxwVdEqXoY8eT89',#18,'Pset_EnvironmentalImpactIndicators',$,(#878));
#1668=IFCRELDEFINESBYPROPERTIES('1TdCegpaK4j3l6_o$CtRXl',#18,$,$,(#1665),#1666);
#1669=IFCRELDEFINESBYPROPERTIES('3lsKMUJeLAVYI1Q9DImNCk',#18,$,$,(#1665),#1667);
#1670=IFCMAPPEDITEM(#902,#731);
#1671=IFCSHAPEREPRESENTATION(#24,'Body','MappedRepresentation',(#1670));
#1672=IFCPRODUCTDEFINITIONSHAPE($,$,(#1671));
#1673=IFCCARTESIANPOINT((200.,7425.,1800.));
#1674=IFCAXIS2PLACEMENT3D(#1673,#5,#7);
#1675=IFCLOCALPLACEMENT(#34,#1674);
#1676=IFCBUILDINGELEMENTPROXY('1xzI3PuNvF1RRUjZb8YINw',#18,'M_Trim-Window-Interior-Flat:Picture Frame:1607354',$,'M_Trim-Window-Interior-Flat:Picture Frame',#1675,#1672,'1607354',.NOTDEFINED.);
#1677=IFCPROPERTYSET('2c3$YWr0ommcVgp0wbQUZM',#18,'Pset_BuildingElementProxyCommon',$,(#45,#911));
#1678=IFCPROPERTYSET('1ObVng1l8so60psmEg7fsV',#18,'Pset_EnvironmentalImpactIndicators',$,(#911));
#1679=IFCRELDEFINESBYPROPERTIES('0BzBOcdpLk0S4hnNBpvEhC',#18,$,$,(#1676),#1677);
#1680=IFCRELDEFINESBYPROPERTIES('0kskXyrp$_x4h8AS4zwplb',#18,$,$,(#1676),#1678);
#1681=IFCMAPPEDITEM(#696,#731);
#1682=IFCSHAPEREPRESENTATION(#24,'Body','MappedRepresentation',(#1681));
#1683=IFCPRODUCTDEFINITIONSHAPE($,$,(#1682));
#1684=IFCCARTESIANPOINT((1800.,200.,900.));
#1685=IFCAXIS2PLACEMENT3D(#1684,#9,#6);
#1687=IFCWINDOW('1xzI3PuNvF1RRUjZb8YIM_',#18,'M_Window-Fixed:750 x 900mm:1607422',$,'M_Window-Fixed:750 x 900mm',#2190,#1683,'1607422',900.00000000000057,749.99999999999955,.WINDOW.,.NOTDEFINED.,$);
#1688=IFCMATERIALCONSTITUENT('Wood - Stained',$,#699,$,'Wood');
#1689=IFCMATERIALCONSTITUENT('Glass',$,#720,$,'Glass');
#1690=IFCMATERIALCONSTITUENTSET($,$,(#1688,#1689));
#1691=IFCPROPERTYSET('3dgQsl1vyXW$9r9OvRlMuB',#18,'Pset_EnvironmentalImpactIndicators',$,(#742));
#1692=IFCPROPERTYSINGLEVALUE('FireRating',$,IFCLABEL('0.5h'),$);
#1693=IFCPROPERTYSET('2FYrgYLm1jx24LzC3fjheo',#18,'Pset_WindowCommon',$,(#85,#742,#1692));
#1694=IFCRELDEFINESBYPROPERTIES('2vxmLyD_yTHDsb5xhAcn1c',#18,$,$,(#1687),#1691);
#1695=IFCRELDEFINESBYPROPERTIES('3SlWndPnTGxf0UMgkdR8rQ',#18,$,$,(#1687),#1693);
#1696=IFCMAPPEDITEM(#798,#731);
#1697=IFCSHAPEREPRESENTATION(#24,'Body','MappedRepresentation',(#1696));
#1698=IFCPRODUCTDEFINITIONSHAPE($,$,(#1697));
#1699=IFCCARTESIANPOINT((1425.,9.5249999999880881,938.10000000003629));
#1700=IFCAXIS2PLACEMENT3D(#1699,$,$);
#1701=IFCLOCALPLACEMENT(#38,#1700);
#1702=IFCBUILDINGELEMENTPROXY('1xzI3PuNvF1RRUjZb8YIH1',#18,'M_Muntin Pattern_2x2:M_Muntin Pattern_2x2:1607425',$,'M_Muntin Pattern_2x2:M_Muntin Pattern_2x2',#1701,#1698,'1607425',.NOTDEFINED.);
#1703=IFCMATERIALCONSTITUENT('Clad - White',$,#800,$,'Wood');
#1704=IFCMATERIALCONSTITUENT('Wood - Stained',$,#699,$,'Wood');
#1705=IFCMATERIALCONSTITUENTSET($,$,(#1703,#1704));
#1706=IFCPROPERTYSET('3ErpFwCu_N6CSCEYcQ7qiv',#18,'Pset_BuildingElementProxyCommon',$,(#45,#826));
#1707=IFCPROPERTYSET('3cgfNYT6dqdp10fYrSLyU6',#18,'Pset_EnvironmentalImpactIndicators',$,(#826));
#1708=IFCRELDEFINESBYPROPERTIES('2yFyepq3TyQOlF3T7UmpZy',#18,$,$,(#1702),#1706);
#1709=IFCRELDEFINESBYPROPERTIES('08mKrUe9XgSmYQDJ7rR5ru',#18,$,$,(#1702),#1707);
#1710=IFCMAPPEDITEM(#869,#731);
#1711=IFCSHAPEREPRESENTATION(#24,'Body','MappedRepresentation',(#1710));
#1712=IFCPRODUCTDEFINITIONSHAPE($,$,(#1711));
#1713=IFCCARTESIANPOINT((1425.,0.,1800.));
#1714=IFCAXIS2PLACEMENT3D(#1713,#8,#5);
#1715=IFCLOCALPLACEMENT(#38,#1714);
#1716=IFCBUILDINGELEMENTPROXY('1xzI3PuNvF1RRUjZb8YIH2',#18,'M_Trim-Window-Exterior-Flat:with Sill:1607426',$,'M_Trim-Window-Exterior-Flat:with Sill',#1715,#1712,'1607426',.NOTDEFINED.);
#1717=IFCPROPERTYSET('1H2ZaX59kggOBehaGWToxD',#18,'Pset_BuildingElementProxyCommon',$,(#45,#878));
#1718=IFCPROPERTYSET('1xKSJBAH6KFeT6rR5XIatH',#18,'Pset_EnvironmentalImpactIndicators',$,(#878));
#1719=IFCRELDEFINESBYPROPERTIES('1D2ReOiwJC86aVg3g72PDP',#18,$,$,(#1716),#1717);
#1720=IFCRELDEFINESBYPROPERTIES('0peiIixketJtZXjoqC5fzq',#18,$,$,(#1716),#1718);
#1721=IFCMAPPEDITEM(#902,#731);
#1722=IFCSHAPEREPRESENTATION(#24,'Body','MappedRepresentation',(#1721));
#1723=IFCPRODUCTDEFINITIONSHAPE($,$,(#1722));
#1724=IFCCARTESIANPOINT((1425.,200.,1800.));
#1725=IFCAXIS2PLACEMENT3D(#1724,#7,#6);
#1726=IFCLOCALPLACEMENT(#38,#1725);
#1727=IFCBUILDINGELEMENTPROXY('1xzI3PuNvF1RRUjZb8YIH3',#18,'M_Trim-Window-Interior-Flat:Picture Frame:1607427',$,'M_Trim-Window-Interior-Flat:Picture Frame',#1726,#1723,'1607427',.NOTDEFINED.);
#1728=IFCPROPERTYSET('2Q7E$WyI3McnOzUKdwv4$A',#18,'Pset_BuildingElementProxyCommon',$,(#45,#911));
#1729=IFCPROPERTYSET('1hRC1wrJ6C$arMKRUeSz$R',#18,'Pset_EnvironmentalImpactIndicators',$,(#911));
#1730=IFCRELDEFINESBYPROPERTIES('28R5u8PrQ7EP36o0K3wizC',#18,$,$,(#1727),#1728);
#1731=IFCRELDEFINESBYPROPERTIES('1$kWa_blFd1kbRgKoaPBS$',#18,$,$,(#1727),#1729);
#1732=IFCMAPPEDITEM(#696,#731);
#1733=IFCSHAPEREPRESENTATION(#24,'Body','MappedRepresentation',(#1732));
#1734=IFCPRODUCTDEFINITIONSHAPE($,$,(#1733));
#1735=IFCCARTESIANPOINT((3150.,200.,900.));
#1736=IFCAXIS2PLACEMENT3D(#1735,#9,#6);
#1738=IFCWINDOW('1xzI3PuNvF1RRUjZb8YIIF',#18,'M_Window-Fixed:750 x 900mm:1607631',$,'M_Window-Fixed:750 x 900mm',#2205,#1734,'1607631',900.00000000000057,749.99999999999977,.WINDOW.,.NOTDEFINED.,$);
#1739=IFCMATERIALCONSTITUENT('Wood - Stained',$,#699,$,'Wood');
#1740=IFCMATERIALCONSTITUENT('Glass',$,#720,$,'Glass');
#1741=IFCMATERIALCONSTITUENTSET($,$,(#1739,#1740));
#1742=IFCPROPERTYSET('1Pz1LcOrYJjSB7yT6uHdQ5',#18,'Pset_EnvironmentalImpactIndicators',$,(#742));
#1743=IFCPROPERTYSINGLEVALUE('FireRating',$,IFCLABEL('0.5h'),$);
#1744=IFCPROPERTYSET('1wLrMu2VU4EIm6QBpFuhQz',#18,'Pset_WindowCommon',$,(#85,#742,#1743));
#1745=IFCRELDEFINESBYPROPERTIES('0l7Sep53BA6r68nVlB68Fa',#18,$,$,(#1738),#1742);
#1746=IFCRELDEFINESBYPROPERTIES('3cZ4Cw5ZQQ0lZQSgYcAdAq',#18,$,$,(#1738),#1744);
#1747=IFCMAPPEDITEM(#798,#731);
#1748=IFCSHAPEREPRESENTATION(#24,'Body','MappedRepresentation',(#1747));
#1749=IFCPRODUCTDEFINITIONSHAPE($,$,(#1748));
#1750=IFCCARTESIANPOINT((2775.,9.5249999999837751,938.10000000003629));
#1751=IFCAXIS2PLACEMENT3D(#1750,$,$);
#1752=IFCLOCALPLACEMENT(#38,#1751);
#1753=IFCBUILDINGELEMENTPROXY('1xzI3PuNvF1RRUjZb8YIII',#18,'M_Muntin Pattern_2x2:M_Muntin Pattern_2x2:1607634',$,'M_Muntin Pattern_2x2:M_Muntin Pattern_2x2',#1752,#1749,'1607634',.NOTDEFINED.);
#1754=IFCMATERIALCONSTITUENT('Clad - White',$,#800,$,'Wood');
#1755=IFCMATERIALCONSTITUENT('Wood - Stained',$,#699,$,'Wood');
#1756=IFCMATERIALCONSTITUENTSET($,$,(#1754,#1755));
#1757=IFCPROPERTYSET('38vLKKqWOURTZP3VnKSffj',#18,'Pset_BuildingElementProxyCommon',$,(#45,#826));
#1758=IFCPROPERTYSET('2YI7QQ3sSzY8AJhxTS$b1J',#18,'Pset_EnvironmentalImpactIndicators',$,(#826));
#1759=IFCRELDEFINESBYPROPERTIES('0LCkgUVLb2uVLB6fajJuNa',#18,$,$,(#1753),#1757);
#1760=IFCRELDEFINESBYPROPERTIES('3GqF0IKRC6ZvjDp1qJrEka',#18,$,$,(#1753),#1758);
#1761=IFCMAPPEDITEM(#869,#731);
#1762=IFCSHAPEREPRESENTATION(#24,'Body','MappedRepresentation',(#1761));
#1763=IFCPRODUCTDEFINITIONSHAPE($,$,(#1762));
#1764=IFCCARTESIANPOINT((2775.,0.,1800.));
#1765=IFCAXIS2PLACEMENT3D(#1764,#8,#5);
#1766=IFCLOCALPLACEMENT(#38,#1765);
#1767=IFCBUILDINGELEMENTPROXY('1xzI3PuNvF1RRUjZb8YIIJ',#18,'M_Trim-Window-Exterior-Flat:with Sill:1607635',$,'M_Trim-Window-Exterior-Flat:with Sill',#1766,#1763,'1607635',.NOTDEFINED.);
#1768=IFCPROPERTYSET('11_Wuj5pDkh8AbvB3GUwnW',#18,'Pset_BuildingElementProxyCommon',$,(#45,#878));
#1769=IFCPROPERTYSET('1$NY6mYeTT4bJfSJQ$FU4P',#18,'Pset_EnvironmentalImpactIndicators',$,(#878));
#1770=IFCRELDEFINESBYPROPERTIES('02QV7DmQUKoawMn0dEyfzP',#18,$,$,(#1767),#1768);
#1771=IFCRELDEFINESBYPROPERTIES('0T0NEeavI$SjzDCyHyWlua',#18,$,$,(#1767),#1769);
#1772=IFCMAPPEDITEM(#902,#731);
#1773=IFCSHAPEREPRESENTATION(#24,'Body','MappedRepresentation',(#1772));
#1774=IFCPRODUCTDEFINITIONSHAPE($,$,(#1773));
#1775=IFCCARTESIANPOINT((2775.,200.,1800.));
#1776=IFCAXIS2PLACEMENT3D(#1775,#7,#6);
#1777=IFCLOCALPLACEMENT(#38,#1776);
#1778=IFCBUILDINGELEMENTPROXY('1xzI3PuNvF1RRUjZb8YIIK',#18,'M_Trim-Window-Interior-Flat:Picture Frame:1607636',$,'M_Trim-Window-Interior-Flat:Picture Frame',#1777,#1774,'1607636',.NOTDEFINED.);
#1779=IFCPROPERTYSET('2JMjtJKycIOCis$PgHGsds',#18,'Pset_BuildingElementProxyCommon',$,(#45,#911));
#1780=IFCPROPERTYSET('3$6OmwUUfylL3lFUWfZKkH',#18,'Pset_EnvironmentalImpactIndicators',$,(#911));
#1781=IFCRELDEFINESBYPROPERTIES('0JnQcmyuKt2GqfJ_GCpRRy',#18,$,$,(#1778),#1779);
#1782=IFCRELDEFINESBYPROPERTIES('0Q8sDD0dsNLiCiUbbQL1lA',#18,$,$,(#1778),#1780);
#1783=IFCMAPPEDITEM(#696,#731);
#1784=IFCSHAPEREPRESENTATION(#24,'Body','MappedRepresentation',(#1783));
#1785=IFCPRODUCTDEFINITIONSHAPE($,$,(#1784));
#1786=IFCCARTESIANPOINT((5700.,200.,900.));
#1787=IFCAXIS2PLACEMENT3D(#1786,#9,#6);
#1789=IFCWINDOW('1xzI3PuNvF1RRUjZb8YIiY',#18,'M_Window-Fixed:750 x 900mm:1607778',$,'M_Window-Fixed:750 x 900mm',#2220,#1785,'1607778',900.00000000000057,749.99999999999955,.WINDOW.,.NOTDEFINED.,$);
#1790=IFCMATERIALCONSTITUENT('Wood - Stained',$,#699,$,'Wood');
#1791=IFCMATERIALCONSTITUENT('Glass',$,#720,$,'Glass');
#1792=IFCMATERIALCONSTITUENTSET($,$,(#1790,#1791));
#1793=IFCPROPERTYSET('3tKPxkyrHXFCIyxogLRXn_',#18,'Pset_EnvironmentalImpactIndicators',$,(#742));
#1794=IFCPROPERTYSINGLEVALUE('FireRating',$,IFCLABEL('0.5h'),$);
#1795=IFCPROPERTYSET('2I38boaUzI4Ik7pNQe9KUJ',#18,'Pset_WindowCommon',$,(#85,#742,#1794));
#1796=IFCRELDEFINESBYPROPERTIES('3Ow1BV4NIH7YwJnPcyx1_K',#18,$,$,(#1789),#1793);
#1797=IFCRELDEFINESBYPROPERTIES('3s327pc9MC9EirjJy2qGta',#18,$,$,(#1789),#1795);
#1798=IFCMAPPEDITEM(#798,#731);
#1799=IFCSHAPEREPRESENTATION(#24,'Body','MappedRepresentation',(#1798));
#1800=IFCPRODUCTDEFINITIONSHAPE($,$,(#1799));
#1801=IFCCARTESIANPOINT((5325.,9.5249999999756021,938.10000000003629));
#1802=IFCAXIS2PLACEMENT3D(#1801,$,$);
#1803=IFCLOCALPLACEMENT(#38,#1802);
#1804=IFCBUILDINGELEMENTPROXY('1xzI3PuNvF1RRUjZb8YIib',#18,'M_Muntin Pattern_2x2:M_Muntin Pattern_2x2:1607781',$,'M_Muntin Pattern_2x2:M_Muntin Pattern_2x2',#1803,#1800,'1607781',.NOTDEFINED.);
#1805=IFCMATERIALCONSTITUENT('Clad - White',$,#800,$,'Wood');
#1806=IFCMATERIALCONSTITUENT('Wood - Stained',$,#699,$,'Wood');
#1807=IFCMATERIALCONSTITUENTSET($,$,(#1805,#1806));
#1808=IFCPROPERTYSET('2VMFUpWYHuiUNT3Kk8AW3B',#18,'Pset_BuildingElementProxyCommon',$,(#45,#826));
#1809=IFCPROPERTYSET('0npzRMSm9Oj4456c_qe7PA',#18,'Pset_EnvironmentalImpactIndicators',$,(#826));
#1810=IFCRELDEFINESBYPROPERTIES('2abgo7A5LXDDUBAh8KD4lC',#18,$,$,(#1804),#1808);
#1811=IFCRELDEFINESBYPROPERTIES('0iu4O9ICbFXR8ah6PdrjjA',#18,$,$,(#1804),#1809);
#1812=IFCMAPPEDITEM(#869,#731);
#1813=IFCSHAPEREPRESENTATION(#24,'Body','MappedRepresentation',(#1812));
#1814=IFCPRODUCTDEFINITIONSHAPE($,$,(#1813));
#1815=IFCCARTESIANPOINT((5325.,0.,1800.));
#1816=IFCAXIS2PLACEMENT3D(#1815,#8,#5);
#1817=IFCLOCALPLACEMENT(#38,#1816);
#1818=IFCBUILDINGELEMENTPROXY('1xzI3PuNvF1RRUjZb8YIic',#18,'M_Trim-Window-Exterior-Flat:with Sill:1607782',$,'M_Trim-Window-Exterior-Flat:with Sill',#1817,#1814,'1607782',.NOTDEFINED.);
#1819=IFCPROPERTYSET('3qiXzSwIo6sQAnqSXhdOr0',#18,'Pset_BuildingElementProxyCommon',$,(#45,#878));
#1820=IFCPROPERTYSET('0DnwuYwD74kJSPGHMr$w1g',#18,'Pset_EnvironmentalImpactIndicators',$,(#878));
#1821=IFCRELDEFINESBYPROPERTIES('03s8tMQ38S6zONUCoFwDMA',#18,$,$,(#1818),#1819);
#1822=IFCRELDEFINESBYPROPERTIES('0nskeDUXkRM8$CLWrylqth',#18,$,$,(#1818),#1820);
#1823=IFCMAPPEDITEM(#902,#731);
#1824=IFCSHAPEREPRESENTATION(#24,'Body','MappedRepresentation',(#1823));
#1825=IFCPRODUCTDEFINITIONSHAPE($,$,(#1824));
#1826=IFCCARTESIANPOINT((5325.,200.,1800.));
#1827=IFCAXIS2PLACEMENT3D(#1826,#7,#6);
#1828=IFCLOCALPLACEMENT(#38,#1827);
#1829=IFCBUILDINGELEMENTPROXY('1xzI3PuNvF1RRUjZb8YIid',#18,'M_Trim-Window-Interior-Flat:Picture Frame:1607783',$,'M_Trim-Window-Interior-Flat:Picture Frame',#1828,#1825,'1607783',.NOTDEFINED.);
#1830=IFCPROPERTYSET('35FCJCwoKVYSwGyqtWHj45',#18,'Pset_BuildingElementProxyCommon',$,(#45,#911));
#1831=IFCPROPERTYSET('2Eig$0xKr9J3GMmq1u7L9M',#18,'Pset_EnvironmentalImpactIndicators',$,(#911));
#1832=IFCRELDEFINESBYPROPERTIES('39DMqop1AsnF79ZOdPyXIJ',#18,$,$,(#1829),#1830);
#1833=IFCRELDEFINESBYPROPERTIES('3Ps4VrDjapNTMSX2k0qZnD',#18,$,$,(#1829),#1831);
#1834=IFCPROPERTYSINGLEVALUE('Reference',$,IFCIDENTIFIER('8mm Head'),$);
#1835=IFCPROPERTYSINGLEVALUE('AboveGround',$,IFCLOGICAL(.U.),$);
#1836=IFCPROPERTYSET('16L50AfyZF4hYq5TGET4H4',#18,'Pset_BuildingStoreyCommon',$,(#1834,#1835));
#1837=IFCPROPERTYSET('2J7ac_h5ujdwWuzVwBIIta',#18,'Pset_SpaceCommon',$,(#45,#1834));
#1838=IFCRELDEFINESBYPROPERTIES('2VdfSfkgzGoZi_3SgzE8$0',#18,$,$,(#35),#1836);
#1839=IFCRELDEFINESBYPROPERTIES('3$YdOpA8iaPobC8MDiWxoI',#18,$,$,(#35),#1837);
#1840=IFCRELCONTAINEDINSPATIALSTRUCTURE('2JF4e6axWHqu3u0C5FZlmi',#18,$,$,(#73,#109,#131,#153,#175,#197,#219,#241,#263,#285,#738,#822,#877,#910,#922,#937,#951,#962,#973,#988,#1002,#1013,#1024,#1039,#1053,#1064,#1075,#1090,#1104,#1115,#1126,#1141,#1155,#1166,#1177,#1192,#1206,#1217,#1228,#1243,#1257,#1268,#1279,#1294,#1308,#1319,#1330,#1345,#1359,#1370,#1381,#1396,#1410,#1421,#1432,#1447,#1461,#1472,#1483,#1498,#1512,#1523,#1534,#1549,#1563,#1574,#1585,#1600,#1614,#1625,#1636,#1651,#1665,#1676),#35);
#1841=IFCPROPERTYSET('1n34enW33Z_3Qq2Pm1kjQZ',#18,'Pset_BuildingStoreyCommon',$,(#1834,#1835));
#1842=IFCPROPERTYSET('0qNc4$IaPwTvoqOd7IlIE4',#18,'Pset_SpaceCommon',$,(#45,#1834));
#1843=IFCRELDEFINESBYPROPERTIES('36oM8gyLQ5_Z6XoGK5uP1E',#18,$,$,(#39),#1841);
#1844=IFCRELDEFINESBYPROPERTIES('0jA6Vdz$3CfPvu_I1iTL6J',#18,$,$,(#39),#1842);
#1845=IFCRELCONTAINEDINSPATIALSTRUCTURE('1ZGO8hrFCHqw0v0066FpFv',#18,$,$,(#307,#329,#351,#373,#395,#417,#439,#1687,#1702,#1716,#1727,#1738,#1753,#1767,#1778,#1789,#1804,#1818,#1829),#39);
#1846=IFCRELAGGREGATES('2KFB6YYWgXBmucZ8cm7uCP',#18,$,$,#27,(#42));
#1847=IFCRELAGGREGATES('16_hfJTeCqU7LcG8m10BTS',#18,$,$,#42,(#32));
#1848=IFCRELAGGREGATES('1yhDISh1T5aQqAoygxGIhP',#18,$,$,#32,(#35,#39));
#1849=IFCPROPERTYSINGLEVALUE('NumberOfStoreys',$,IFCCOUNTMEASURE(2),$);
#1850=IFCPROPERTYSINGLEVALUE('IsLandmarked',$,IFCLOGICAL(.U.),$);
#1851=IFCPROPERTYSET('01y_GmllCupEYuBgfGbhkd',#18,'Pset_BuildingCommon',$,(#43,#1849,#1850));
#1852=IFCPROPERTYSET('1rUR7OGyIAkZT62xvibLnd',#18,'Pset_BuildingElementProxyCommon',$,(#43,#45));
#1853=IFCPROPERTYSET('2kFDjjfIaTsBi7MLK$i$Me',#18,'Pset_BuildingStoreyCommon',$,(#43,#1835));
#1854=IFCPROPERTYSET('1TYvb3FgH88mtl04iE5P1T',#18,'Pset_BuildingSystemCommon',$,(#43));
#1855=IFCPROPERTYSET('2W94HCj5xfigmNGtkBMklk',#18,'Pset_SpaceCommon',$,(#43,#45));
#1856=IFCRELDEFINESBYPROPERTIES('0vDjba2fshDEh0_KufwWht',#18,$,$,(#32),#1851);
#1857=IFCRELDEFINESBYPROPERTIES('1V6UQfELB4oPy3GPEaJMPw',#18,$,$,(#32),#1852);
#1858=IFCRELDEFINESBYPROPERTIES('0Vpd75HttOMIhzXutBGgCt',#18,$,$,(#32),#1853);
#1859=IFCRELDEFINESBYPROPERTIES('22VMRBFW9n6_S81yWIP225',#18,$,$,(#32),#1854);
#1860=IFCRELDEFINESBYPROPERTIES('2w3bzVlKnfBVjA3_BjG2II',#18,$,$,(#32),#1855);
#1861=IFCRELASSOCIATESMATERIAL('0NCnX$ZvPzAsbhYu3ikoSJ',#18,$,$,(#698),#730);
#1862=IFCRELASSOCIATESMATERIAL('3iJVE2H6P06dRKExN7HMZi',#18,$,$,(#738),#741);
#1863=IFCRELASSOCIATESMATERIAL('0H2Ma_6P_1RVD$pPCXcRDs',#18,$,$,(#799),#815);
#1864=IFCRELASSOCIATESMATERIAL('1CyvnXSQw4mlK8F4JYHMVs',#18,$,$,(#822),#825);
#1865=IFCRELASSOCIATESMATERIAL('3CpkUBrxNcoT$NLUsIdgkL',#18,$,$,(#922),#925);
#1866=IFCRELASSOCIATESMATERIAL('36yOnmxXzJhEM3h2$opcFu',#18,$,$,(#937),#940);
#1867=IFCRELASSOCIATESMATERIAL('3ZM6ln6I_97MWo3SuSuhri',#18,$,$,(#973),#976);
#1868=IFCRELASSOCIATESMATERIAL('1J$v3aE4sF0aHjxAe51FtB',#18,$,$,(#988),#991);
#1869=IFCRELASSOCIATESMATERIAL('1I0pA_4TTBWs4KfHdHwu8G',#18,$,$,(#1024),#1027);
#1870=IFCRELASSOCIATESMATERIAL('2azmuqWeIQUf4Afxi$Yqn8',#18,$,$,(#1039),#1042);
#1871=IFCRELASSOCIATESMATERIAL('3sHhjQKSB3DR0anbZb6ioY',#18,$,$,(#1075),#1078);
#1872=IFCRELASSOCIATESMATERIAL('1VuY4yD9hqLs1ql0W4In$z',#18,$,$,(#1090),#1093);
#1873=IFCRELASSOCIATESMATERIAL('3plQtV_zZYNZDeEJ1ON7ec',#18,$,$,(#1126),#1129);
#1874=IFCRELASSOCIATESMATERIAL('3VZPOpvRn7nhXQ_x61qA7Z',#18,$,$,(#1141),#1144);
#1875=IFCRELASSOCIATESMATERIAL('3UNxwkwssKa8JI0Cf2thJ7',#18,$,$,(#1177),#1180);
#1876=IFCRELASSOCIATESMATERIAL('1rF8LjnctOXLHJLoKe4QZ8',#18,$,$,(#1192),#1195);
#1877=IFCRELASSOCIATESMATERIAL('0bXUnRPrx2Y3MLcnKFWlpk',#18,$,$,(#1228),#1231);
#1878=IFCRELASSOCIATESMATERIAL('273eZxzzAnjA4DyJIp0Xtq',#18,$,$,(#1243),#1246);
#1879=IFCRELASSOCIATESMATERIAL('1bNc_paVTOw_fmhNEjBmK1',#18,$,$,(#1279),#1282);
#1880=IFCRELASSOCIATESMATERIAL('3MjlxokofeItw$u$U3dGke',#18,$,$,(#1294),#1297);
#1881=IFCRELASSOCIATESMATERIAL('07Oz3SqpYImxcoJUHFRW1b',#18,$,$,(#1330),#1333);
#1882=IFCRELASSOCIATESMATERIAL('3tyPJ4MTaLBnvdt38REbjV',#18,$,$,(#1345),#1348);
#1883=IFCRELASSOCIATESMATERIAL('0sBkvrhK6OizDt86tgCh7J',#18,$,$,(#1381),#1384);
#1884=IFCRELASSOCIATESMATERIAL('1HRbjjHDeZfXm0qygft65r',#18,$,$,(#1396),#1399);
#1885=IFCRELASSOCIATESMATERIAL('0GanUFG2ErqrfSvF6dAh04',#18,$,$,(#1432),#1435);
#1886=IFCRELASSOCIATESMATERIAL('2Zm0PMR6Nzm1bbQOPTjeg_',#18,$,$,(#1447),#1450);
#1887=IFCRELASSOCIATESMATERIAL('2kAc3RrplDW59vaiMsZGH2',#18,$,$,(#1483),#1486);
#1888=IFCRELASSOCIATESMATERIAL('0IMu1r00K6$j4yYfq1nOEl',#18,$,$,(#1498),#1501);
#1889=IFCRELASSOCIATESMATERIAL('1QpaB$L3KV_DzmuCtkVxIx',#18,$,$,(#1534),#1537);
#1890=IFCRELASSOCIATESMATERIAL('3q7AlCDfTT8chpy0kOt3WF',#18,$,$,(#1549),#1552);
#1891=IFCRELASSOCIATESMATERIAL('0nvVUMOkH2zTxIU1JTdH0C',#18,$,$,(#1585),#1588);
#1892=IFCRELASSOCIATESMATERIAL('2VynsB75NFuYzdnU1URdeU',#18,$,$,(#1600),#1603);
#1893=IFCRELASSOCIATESMATERIAL('0AgR0FpRBRJ8D5bmFshn2U',#18,$,$,(#1636),#1639);
#1894=IFCRELASSOCIATESMATERIAL('39ufnKRZCrzvWtnDZ57S5u',#18,$,$,(#1651),#1654);
#1895=IFCRELASSOCIATESMATERIAL('2OvQr2boCoKoF5MtD$7ufE',#18,$,$,(#1687),#1690);
#1896=IFCRELASSOCIATESMATERIAL('1GxzLcRBtLmkQs7auQkfVK',#18,$,$,(#1702),#1705);
#1897=IFCRELASSOCIATESMATERIAL('2LHDSdmi66fESFtREBEfNw',#18,$,$,(#1738),#1741);
#1898=IFCRELASSOCIATESMATERIAL('2t7l58GwzNGEQL00FBVmha',#18,$,$,(#1753),#1756);
#1899=IFCRELASSOCIATESMATERIAL('3hj9HCr$0Frb6IA2wIW9mo',#18,$,$,(#1789),#1792);
#1900=IFCRELASSOCIATESMATERIAL('3vlKrzq7XzbIj2lPbDRQtk',#18,$,$,(#1804),#1807);
#1901=IFCRELASSOCIATESMATERIAL('22T9r9KB1F3JFgePfxkUGp',#18,$,$,(#73,#80,#109,#131,#153,#175,#197,#219,#241,#263,#285,#307,#329,#351,#373,#395,#417,#439),#79);
#1902=IFCRELASSOCIATESMATERIAL('29Bp5OMMJjHNegq23Z6wnS',#18,$,$,(#903,#910,#962,#1013,#1064,#1115,#1166,#1217,#1268,#1319,#1370,#1421,#1472,#1523,#1574,#1625,#1676,#1727,#1778,#1829),#699);
#1903=IFCRELASSOCIATESMATERIAL('0a20Dxgm9PgIzatkOj_0xF',#18,$,$,(#870,#877,#951,#1002,#1053,#1104,#1155,#1206,#1257,#1308,#1359,#1410,#1461,#1512,#1563,#1614,#1665,#1716,#1767,#1818),#800);
#1904=IFCRELDEFINESBYTYPE('0MSq_ijuC5q4PUKv4QkOsA',#18,$,$,(#73,#109,#131,#153,#175,#197,#219,#241,#263,#285,#307,#329,#351,#373,#395,#417,#439),#80);
#1905=IFCRELDEFINESBYTYPE('1mV52adliyQstoXVfENmMo',#18,$,$,(#738,#922,#973,#1024,#1075,#1126,#1177,#1228,#1279,#1330,#1381,#1432,#1483,#1534,#1585,#1636,#1687,#1738,#1789),#698);
#1906=IFCRELDEFINESBYTYPE('1TsogCk8lw2mmM79U98qxV',#18,$,$,(#822,#937,#988,#1039,#1090,#1141,#1192,#1243,#1294,#1345,#1396,#1447,#1498,#1549,#1600,#1651,#1702,#1753,#1804),#799);
#1907=IFCRELDEFINESBYTYPE('33YQNx2tyqsBKHo87yncUe',#18,$,$,(#877,#951,#1002,#1053,#1104,#1155,#1206,#1257,#1308,#1359,#1410,#1461,#1512,#1563,#1614,#1665,#1716,#1767,#1818),#870);
#1908=IFCRELDEFINESBYTYPE('3MBJGZ3IshqN5QuFIzwn3k',#18,$,$,(#910,#962,#1013,#1064,#1115,#1166,#1217,#1268,#1319,#1370,#1421,#1472,#1523,#1574,#1625,#1676,#1727,#1778,#1829),#903);
#1909=IFCRELCONNECTSPATHELEMENTS('0o$QJ5gQ7jHUaUDfpl8Yu9',#18,'1u4oG4Ltr15fMWjwJ4pNV8|1u4oG4Ltr15fMWjwJ4pNOG','Structural',$,#73,#153,(),(),.ATEND.,.ATSTART.);
#1910=IFCRELCONNECTSPATHELEMENTS('0PCxsUi71v6bsCeLnI5Xzf',#18,'1u4oG4Ltr15fMWjwJ4pNV8|1u4oG4Ltr15fMWjwJ4pNUQ','Structural',$,#73,#109,(),(),.ATSTART.,.ATEND.);
#1911=IFCRELCONNECTSPATHELEMENTS('08PQ_rVezqNvP68wLCcksu',#18,'1u4oG4Ltr15fMWjwJ4pNUQ|1u4oG4Ltr15fMWjwJ4pNPJ','Structural',$,#109,#131,(),(),.ATSTART.,.ATEND.);
#1912=IFCRELCONNECTSPATHELEMENTS('1zHQ_IRxHUpSLKgeiWlXxx',#18,'1u4oG4Ltr15fMWjwJ4pNPJ|1u4oG4Ltr15fMWjwJ4pN4F','Structural',$,#131,#197,(),(),.ATEND.,.ATEND.);
#1913=IFCRELCONNECTSPATHELEMENTS('0GL4PXhWmnQ_ZMFF6W1tWh',#18,'1u4oG4Ltr15fMWjwJ4pNOG|1u4oG4Ltr15fMWjwJ4pN5R','Structural',$,#153,#175,(),(),.ATSTART.,.ATSTART.);
#1914=IFCRELCONNECTSPATHELEMENTS('1sy$f7pGWfD6LvKU9ojFIZ',#18,'1u4oG4Ltr15fMWjwJ4pN5R|1u4oG4Ltr15fMWjwJ4pN4F','Structural',$,#175,#197,(),(),.ATSTART.,.ATEND.);
#1915=IFCRELCONNECTSPATHELEMENTS('0IgFXErJenQtCYJkOK0eTW',#18,'1u4oG4Ltr15fMWjwJ4pN3B|1u4oG4Ltr15fMWjwJ4pNrL','Structural',$,#219,#285,(),(),.ATPATH.,.ATSTART.);
#1916=IFCRELCONNECTSPATHELEMENTS('0DkB$QTXHf1VDCyoI80Hrt',#18,'1u4oG4Ltr15fMWjwJ4pNV8|1u4oG4Ltr15fMWjwJ4pN3B','Structural',$,#73,#219,(),(),.ATEND.,.ATPATH.);
#1917=IFCRELCONNECTSPATHELEMENTS('2wmswMD_Cq7cjqo5_LDSOd',#18,'1u4oG4Ltr15fMWjwJ4pN3B|1u4oG4Ltr15fMWjwJ4pNDB','Structural',$,#219,#241,(),(),.ATSTART.,.ATPATH.);
#1918=IFCRELCONNECTSPATHELEMENTS('2lFxvXgVZLBw_8SUiyA90o',#18,'1u4oG4Ltr15fMWjwJ4pNOG|1u4oG4Ltr15fMWjwJ4pNDB','Structural',$,#153,#241,(),(),.ATEND.,.ATPATH.);
#1919=IFCRELCONNECTSPATHELEMENTS('0IFBUl7k1erQo_AItSfbwU',#18,'1u4oG4Ltr15fMWjwJ4pNDB|1u4oG4Ltr15fMWjwJ4pNFH','Structural',$,#241,#263,(),(),.ATSTART.,.ATPATH.);
#1920=IFCRELCONNECTSPATHELEMENTS('0cJl8jZyxaWxvLD$wsxp2i',#18,'1u4oG4Ltr15fMWjwJ4pNV8|1u4oG4Ltr15fMWjwJ4pNFH','Structural',$,#73,#263,(),(),.ATEND.,.ATPATH.);
#1921=IFCRELCONNECTSPATHELEMENTS('2A8FzIfq_4xZShmuiheyXP',#18,'1u4oG4Ltr15fMWjwJ4pN4F|1u4oG4Ltr15fMWjwJ4pNrL','Structural',$,#197,#285,(),(),.ATSTART.,.ATPATH.);
#1922=IFCRELCONNECTSPATHELEMENTS('0PZfgdj0bzYyU$NknBV8iI',#18,'1u4oG4Ltr15fMWjwJ4pNUQ|1u4oG4Ltr15fMWjwJ4pNrL','Structural',$,#109,#285,(),(),.ATEND.,.ATPATH.);
#1923=IFCRELCONNECTSPATHELEMENTS('3WoRMTuDyrV9$KKOHGPyvU',#18,'1G$Ejw1Tn27RsUWQGSEz59|1G$Ejw1Tn27RsUWQGSEz6s','Structural',$,#307,#351,(),(),.ATEND.,.ATSTART.);
#1924=IFCRELCONNECTSPATHELEMENTS('3IPLgLg0DPIdo5hjCdRyNw',#18,'1G$Ejw1Tn27RsUWQGSEz59|1G$Ejw1Tn27RsUWQGSEz58','Structural',$,#307,#329,(),(),.ATSTART.,.ATEND.);
#1925=IFCRELCONNECTSPATHELEMENTS('2qkQYnMFjFlLb5RGBjn3Ef',#18,'1G$Ejw1Tn27RsUWQGSEz58|1G$Ejw1Tn27RsUWQGSEz6r','Structural',$,#329,#373,(),(),.ATEND.,.ATEND.);
#1926=IFCRELCONNECTSPATHELEMENTS('2vpf4_zTB8bS0qm3NSNSw4',#18,'1G$Ejw1Tn27RsUWQGSEz6s|1G$Ejw1Tn27RsUWQGSEz6r','Structural',$,#351,#373,(),(),.ATSTART.,.ATSTART.);
#1927=IFCRELCONNECTSPATHELEMENTS('3suMUKWeCEgBBWS0Vl55oQ',#18,'1G$Ejw1Tn27RsUWQGSEz6s|1G$Ejw1Tn27RsUWQGSEzEq','Structural',$,#351,#395,(),(),.ATSTART.,.ATPATH.);
#1928=IFCRELCONNECTSPATHELEMENTS('1hzXKgUj7CB4YHR0hlnVRL',#18,'1G$Ejw1Tn27RsUWQGSEzEq|1G$Ejw1Tn27RsUWQGSEzFQ','Structural',$,#395,#417,(),(),.ATPATH.,.ATEND.);
#1929=IFCRELCONNECTSPATHELEMENTS('1fYs$VxsIOJnaeKul33XGb',#18,'1G$Ejw1Tn27RsUWQGSEz6r|1G$Ejw1Tn27RsUWQGSEzFQ','Structural',$,#373,#417,(),(),.ATSTART.,.ATPATH.);
#1930=IFCRELCONNECTSPATHELEMENTS('1OD9Ufdpy2I5Uc0neAAsGZ',#18,'1G$Ejw1Tn27RsUWQGSEz59|1G$Ejw1Tn27RsUWQGSEzFQ','Structural',$,#307,#417,(),(),.ATEND.,.ATPATH.);
#1931=IFCRELCONNECTSPATHELEMENTS('3DFlKO97yXBVi2QyauhVQA',#18,'1G$Ejw1Tn27RsUWQGSEzEq|1G$Ejw1Tn27RsUWQGSEonI','Structural',$,#395,#439,(),(),.ATSTART.,.ATPATH.);
#1932=IFCRELCONNECTSPATHELEMENTS('2Jj1rS$nT6$v0EOEVLivRl',#18,'1G$Ejw1Tn27RsUWQGSEz59|1G$Ejw1Tn27RsUWQGSEonI','Structural',$,#307,#439,(),(),.ATEND.,.ATPATH.);
#1933=IFCPRESENTATIONLAYERASSIGNMENT('A-WALL-____-OTLN',$,(#60,#71,#100,#107,#122,#129,#144,#151,#166,#173,#188,#195,#210,#217,#232,#239,#254,#261,#276,#283,#298,#305,#320,#327,#342,#349,#364,#371,#386,#393,#408,#415,#430,#437),$);
#1934=IFCPRESENTATIONLAYERASSIGNMENT('A-GLAZ-____-OTLN',$,(#694,#725,#728,#733,#917,#968,#1019,#1070,#1121,#1172,#1223,#1274,#1325,#1376,#1427,#1478,#1529,#1580,#1631,#1682,#1733,#1784),$);
#1935=IFCPRESENTATIONLAYERASSIGNMENT('A-GENM-____-OTLN',$,(#796,#810,#813,#817,#867,#872,#900,#905,#932,#946,#957,#983,#997,#1008,#1034,#1048,#1059,#1085,#1099,#1110,#1136,#1150,#1161,#1187,#1201,#1212,#1238,#1252,#1263,#1289,#1303,#1314,#1340,#1354,#1365,#1391,#1405,#1416,#1442,#1456,#1467,#1493,#1507,#1518,#1544,#1558,#1569,#1595,#1609,#1620,#1646,#1660,#1671,#1697,#1711,#1722,#1748,#1762,#1773,#1799,#1813,#1824),$);
#1936=IFCCARTESIANPOINT((450.00000000000023,374.99999999999966));
#1937=IFCAXIS2PLACEMENT2D(#1936,#12);
#1938=IFCRECTANGLEPROFILEDEF(.AREA.,$,#1937,900.00000000000045,749.99999999999932);
#1939=IFCAXIS2PLACEMENT3D(#3,#7,#9);
#1940=IFCEXTRUDEDAREASOLID(#1938,#1939,#9,200.);
#1941=IFCSHAPEREPRESENTATION(#24,'Body','SweptSolid',(#1940));
#1942=IFCPRODUCTDEFINITIONSHAPE($,$,(#1941));
#1943=IFCCARTESIANPOINT((3950.,-100.,900.));
#1944=IFCAXIS2PLACEMENT3D(#1943,$,$);
#1945=IFCLOCALPLACEMENT(#57,#1944);
#1946=IFCOPENINGELEMENT('3bGb4Hg19nVXzQZ6nBvF6T',#18,'M_Window-Fixed:750 x 900mm:1606909:1',$,$,#1945,#1942,'1606909',.OPENING.);
#1947=IFCRELVOIDSELEMENT('1xzI3PuNvF1RRUjYr8YIUz',#18,$,$,#73,#1946);
#1948=IFCRELFILLSELEMENT('1GM49EluSziFFgONa9PRjn',#18,$,$,#1946,#1432);
#1949=IFCAXIS2PLACEMENT3D(#3,$,$);
#1950=IFCLOCALPLACEMENT(#1945,#1949);
#1951=IFCCARTESIANPOINT((450.00000000000023,374.99999999999966));
#1952=IFCAXIS2PLACEMENT2D(#1951,#12);
#1953=IFCRECTANGLEPROFILEDEF(.AREA.,$,#1952,900.00000000000045,749.99999999999932);
#1954=IFCAXIS2PLACEMENT3D(#3,#7,#9);
#1955=IFCEXTRUDEDAREASOLID(#1953,#1954,#9,200.);
#1956=IFCSHAPEREPRESENTATION(#24,'Body','SweptSolid',(#1955));
#1957=IFCPRODUCTDEFINITIONSHAPE($,$,(#1956));
#1958=IFCCARTESIANPOINT((7050.,-100.,900.));
#1959=IFCAXIS2PLACEMENT3D(#1958,$,$);
#1960=IFCLOCALPLACEMENT(#57,#1959);
#1961=IFCOPENINGELEMENT('0$7ZoHdpCLCIPqzzgj22se',#18,'M_Window-Fixed:750 x 900mm:1607349:1',$,$,#1960,#1957,'1607349',.OPENING.);
#1962=IFCRELVOIDSELEMENT('1xzI3PuNvF1RRUjYr8YINr',#18,$,$,#73,#1961);
#1963=IFCRELFILLSELEMENT('2C8hbHuKkGzdKsB_yhBN6C',#18,$,$,#1961,#1636);
#1964=IFCAXIS2PLACEMENT3D(#3,$,$);
#1965=IFCLOCALPLACEMENT(#1960,#1964);
#1966=IFCCARTESIANPOINT((450.00000000000023,374.99999999999966));
#1967=IFCAXIS2PLACEMENT2D(#1966,#12);
#1968=IFCRECTANGLEPROFILEDEF(.AREA.,$,#1967,900.00000000000045,749.99999999999932);
#1969=IFCAXIS2PLACEMENT3D(#3,#7,#9);
#1970=IFCEXTRUDEDAREASOLID(#1968,#1969,#9,200.);
#1971=IFCSHAPEREPRESENTATION(#24,'Body','SweptSolid',(#1970));
#1972=IFCPRODUCTDEFINITIONSHAPE($,$,(#1971));
#1973=IFCCARTESIANPOINT((1100.,-100.,900.));
#1974=IFCAXIS2PLACEMENT3D(#1973,$,$);
#1975=IFCLOCALPLACEMENT(#97,#1974);
#1976=IFCOPENINGELEMENT('3148g7wgVL9LJUwlwZXMoc',#18,'M_Window-Fixed:750 x 900mm:1605830:1',$,$,#1975,#1972,'1605830',.OPENING.);
#1977=IFCRELVOIDSELEMENT('1xzI3PuNvF1RRUjYr8YIE6',#18,$,$,#109,#1976);
#1978=IFCRELFILLSELEMENT('287F7f1MhlQB1iG5zNZOPQ',#18,$,$,#1976,#738);
#1979=IFCAXIS2PLACEMENT3D(#3,$,$);
#1980=IFCLOCALPLACEMENT(#1975,#1979);
#1981=IFCCARTESIANPOINT((450.00000000000023,374.99999999999966));
#1982=IFCAXIS2PLACEMENT2D(#1981,#12);
#1983=IFCRECTANGLEPROFILEDEF(.AREA.,$,#1982,900.00000000000045,749.99999999999932);
#1984=IFCAXIS2PLACEMENT3D(#3,#7,#9);
#1985=IFCEXTRUDEDAREASOLID(#1983,#1984,#9,200.);
#1986=IFCSHAPEREPRESENTATION(#24,'Body','SweptSolid',(#1985));
#1987=IFCPRODUCTDEFINITIONSHAPE($,$,(#1986));
#1988=IFCCARTESIANPOINT((2450.,-100.,900.));
#1989=IFCAXIS2PLACEMENT3D(#1988,$,$);
#1990=IFCLOCALPLACEMENT(#97,#1989);
#1991=IFCOPENINGELEMENT('2v5skiUxtuntwoLmCAa_xa',#18,'M_Window-Fixed:750 x 900mm:1605976:1',$,$,#1990,#1987,'1605976',.OPENING.);
#1992=IFCRELVOIDSELEMENT('1xzI3PuNvF1RRUjYr8YI8O',#18,$,$,#109,#1991);
#1993=IFCRELFILLSELEMENT('0LyhcC1pqP9OE2LX9dVQyw',#18,$,$,#1991,#922);
#1994=IFCAXIS2PLACEMENT3D(#3,$,$);
#1995=IFCLOCALPLACEMENT(#1990,#1994);
#1996=IFCCARTESIANPOINT((450.00000000000023,374.99999999999966));
#1997=IFCAXIS2PLACEMENT2D(#1996,#12);
#1998=IFCRECTANGLEPROFILEDEF(.AREA.,$,#1997,900.00000000000045,749.99999999999932);
#1999=IFCAXIS2PLACEMENT3D(#3,#7,#9);
#2000=IFCEXTRUDEDAREASOLID(#1998,#1999,#9,200.);
#2001=IFCSHAPEREPRESENTATION(#24,'Body','SweptSolid',(#2000));
#2002=IFCPRODUCTDEFINITIONSHAPE($,$,(#2001));
#2003=IFCCARTESIANPOINT((3800.,-100.,900.));
#2004=IFCAXIS2PLACEMENT3D(#2003,$,$);
#2005=IFCLOCALPLACEMENT(#97,#2004);
#2006=IFCOPENINGELEMENT('2ymTv4DU7M_fp5cIb0XVGo',#18,'M_Window-Fixed:750 x 900mm:1606055:1',$,$,#2005,#2002,'1606055',.OPENING.);
#2007=IFCRELVOIDSELEMENT('1xzI3PuNvF1RRUjYr8YIBd',#18,$,$,#109,#2006);
#2008=IFCRELFILLSELEMENT('0xdoY_9xlxsTpbYtmPCGlT',#18,$,$,#2006,#973);
#2009=IFCAXIS2PLACEMENT3D(#3,$,$);
#2010=IFCLOCALPLACEMENT(#2005,#2009);
#2011=IFCCARTESIANPOINT((450.00000000000023,374.99999999999966));
#2012=IFCAXIS2PLACEMENT2D(#2011,#12);
#2013=IFCRECTANGLEPROFILEDEF(.AREA.,$,#2012,900.00000000000045,749.99999999999932);
#2014=IFCAXIS2PLACEMENT3D(#3,#7,#9);
#2015=IFCEXTRUDEDAREASOLID(#2013,#2014,#9,200.);
#2016=IFCSHAPEREPRESENTATION(#24,'Body','SweptSolid',(#2015));
#2017=IFCPRODUCTDEFINITIONSHAPE($,$,(#2016));
#2018=IFCCARTESIANPOINT((7000.,-100.,900.));
#2019=IFCAXIS2PLACEMENT3D(#2018,$,$);
#2020=IFCLOCALPLACEMENT(#97,#2019);
#2021=IFCOPENINGELEMENT('1WP$iGnLZL2bLYMIcMubUu',#18,'M_Window-Fixed:750 x 900mm:1606128:1',$,$,#2020,#2017,'1606128',.OPENING.);
#2022=IFCRELVOIDSELEMENT('1xzI3PuNvF1RRUjYr8YIAm',#18,$,$,#109,#2021);
#2023=IFCRELFILLSELEMENT('2EK3$abn1yuqMqbAUh8rm4',#18,$,$,#2021,#1024);
#2024=IFCAXIS2PLACEMENT3D(#3,$,$);
#2025=IFCLOCALPLACEMENT(#2020,#2024);
#2026=IFCCARTESIANPOINT((450.00000000000023,374.99999999999966));
#2027=IFCAXIS2PLACEMENT2D(#2026,#12);
#2028=IFCRECTANGLEPROFILEDEF(.AREA.,$,#2027,900.00000000000045,749.99999999999932);
#2029=IFCAXIS2PLACEMENT3D(#3,#7,#9);
#2030=IFCEXTRUDEDAREASOLID(#2028,#2029,#9,200.);
#2031=IFCSHAPEREPRESENTATION(#24,'Body','SweptSolid',(#2030));
#2032=IFCPRODUCTDEFINITIONSHAPE($,$,(#2031));
#2033=IFCCARTESIANPOINT((8350.,-100.,900.));
#2034=IFCAXIS2PLACEMENT3D(#2033,$,$);
#2035=IFCLOCALPLACEMENT(#97,#2034);
#2036=IFCOPENINGELEMENT('3_7DRK_h0w0lai0vmRpE$9',#18,'M_Window-Fixed:750 x 900mm:1606227:1',$,$,#2035,#2032,'1606227',.OPENING.);
#2037=IFCRELVOIDSELEMENT('1xzI3PuNvF1RRUjYr8YI4J',#18,$,$,#109,#2036);
#2038=IFCRELFILLSELEMENT('0vpx00YgwOmr$gfY4eDuEa',#18,$,$,#2036,#1075);
#2039=IFCAXIS2PLACEMENT3D(#3,$,$);
#2040=IFCLOCALPLACEMENT(#2035,#2039);
#2041=IFCCARTESIANPOINT((450.00000000000023,374.99999999999966));
#2042=IFCAXIS2PLACEMENT2D(#2041,#12);
#2043=IFCRECTANGLEPROFILEDEF(.AREA.,$,#2042,900.00000000000045,749.99999999999932);
#2044=IFCAXIS2PLACEMENT3D(#3,#7,#9);
#2045=IFCEXTRUDEDAREASOLID(#2043,#2044,#9,200.);
#2046=IFCSHAPEREPRESENTATION(#24,'Body','SweptSolid',(#2045));
#2047=IFCPRODUCTDEFINITIONSHAPE($,$,(#2046));
#2048=IFCCARTESIANPOINT((700.,-100.,900.));
#2049=IFCAXIS2PLACEMENT3D(#2048,$,$);
#2050=IFCLOCALPLACEMENT(#119,#2049);
#2051=IFCOPENINGELEMENT('1eSbpfGP0Qfbu8Lx8ARV9X',#18,'M_Window-Fixed:750 x 900mm:1606970:1',$,$,#2050,#2047,'1606970',.OPENING.);
#2052=IFCRELVOIDSELEMENT('1xzI3PuNvF1RRUjYr8YIPw',#18,$,$,#131,#2051);
#2053=IFCRELFILLSELEMENT('1bgGjVrlLmOTeCKgOVgVns',#18,$,$,#2051,#1483);
#2054=IFCAXIS2PLACEMENT3D(#3,$,$);
#2055=IFCLOCALPLACEMENT(#2050,#2054);
#2056=IFCCARTESIANPOINT((450.00000000000023,374.99999999999966));
#2057=IFCAXIS2PLACEMENT2D(#2056,#12);
#2058=IFCRECTANGLEPROFILEDEF(.AREA.,$,#2057,900.00000000000045,749.99999999999932);
#2059=IFCAXIS2PLACEMENT3D(#3,#7,#9);
#2060=IFCEXTRUDEDAREASOLID(#2058,#2059,#9,200.);
#2061=IFCSHAPEREPRESENTATION(#24,'Body','SweptSolid',(#2060));
#2062=IFCPRODUCTDEFINITIONSHAPE($,$,(#2061));
#2063=IFCCARTESIANPOINT((2050.,-100.,900.));
#2064=IFCAXIS2PLACEMENT3D(#2063,$,$);
#2065=IFCLOCALPLACEMENT(#119,#2064);
#2066=IFCOPENINGELEMENT('0WBSjrjIrAIhjMFKmhNgyV',#18,'M_Window-Fixed:750 x 900mm:1607177:1',$,$,#2065,#2062,'1607177',.OPENING.);
#2067=IFCRELVOIDSELEMENT('1xzI3PuNvF1RRUjYr8YIL9',#18,$,$,#131,#2066);
#2068=IFCRELFILLSELEMENT('2aglBmvJrFgUKzQ67Dpny$',#18,$,$,#2066,#1534);
#2069=IFCAXIS2PLACEMENT3D(#3,$,$);
#2070=IFCLOCALPLACEMENT(#2065,#2069);
#2071=IFCCARTESIANPOINT((450.00000000000023,374.99999999999966));
#2072=IFCAXIS2PLACEMENT2D(#2071,#12);
#2073=IFCRECTANGLEPROFILEDEF(.AREA.,$,#2072,900.00000000000045,749.99999999999932);
#2074=IFCAXIS2PLACEMENT3D(#3,#7,#9);
#2075=IFCEXTRUDEDAREASOLID(#2073,#2074,#9,200.);
#2076=IFCSHAPEREPRESENTATION(#24,'Body','SweptSolid',(#2075));
#2077=IFCPRODUCTDEFINITIONSHAPE($,$,(#2076));
#2078=IFCCARTESIANPOINT((3400.,-100.,900.));
#2079=IFCAXIS2PLACEMENT3D(#2078,$,$);
#2080=IFCLOCALPLACEMENT(#119,#2079);
#2081=IFCOPENINGELEMENT('30KS7GymZBHpUwN1DngynC',#18,'M_Window-Fixed:750 x 900mm:1607268:1',$,$,#2080,#2077,'1607268',.OPENING.);
#2082=IFCRELVOIDSELEMENT('1xzI3PuNvF1RRUjYr8YIKa',#18,$,$,#131,#2081);
#2083=IFCRELFILLSELEMENT('0BWGpYyiJkVV9L1m_8aD7j',#18,$,$,#2081,#1585);
#2084=IFCAXIS2PLACEMENT3D(#3,$,$);
#2085=IFCLOCALPLACEMENT(#2080,#2084);
#2086=IFCCARTESIANPOINT((450.00000000000023,374.99999999999966));
#2087=IFCAXIS2PLACEMENT2D(#2086,#12);
#2088=IFCRECTANGLEPROFILEDEF(.AREA.,$,#2087,900.00000000000045,749.99999999999932);
#2089=IFCAXIS2PLACEMENT3D(#3,#7,#9);
#2090=IFCEXTRUDEDAREASOLID(#2088,#2089,#9,200.);
#2091=IFCSHAPEREPRESENTATION(#24,'Body','SweptSolid',(#2090));
#2092=IFCPRODUCTDEFINITIONSHAPE($,$,(#2091));
#2093=IFCCARTESIANPOINT((3250.,-100.,900.));
#2094=IFCAXIS2PLACEMENT3D(#2093,$,$);
#2095=IFCLOCALPLACEMENT(#141,#2094);
#2096=IFCOPENINGELEMENT('34jnQ249gyUnX2T2Vm7Bxr',#18,'M_Window-Fixed:750 x 900mm:1606572:1',$,$,#2095,#2092,'1606572',.OPENING.);
#2097=IFCRELVOIDSELEMENT('1xzI3PuNvF1RRUjYr8YI3i',#18,$,$,#153,#2096);
#2098=IFCRELFILLSELEMENT('1Iy2eSZvaw_Q6PRRp$QTTE',#18,$,$,#2096,#1228);
#2099=IFCAXIS2PLACEMENT3D(#3,$,$);
#2100=IFCLOCALPLACEMENT(#2095,#2099);
#2101=IFCCARTESIANPOINT((450.00000000000023,374.99999999999966));
#2102=IFCAXIS2PLACEMENT2D(#2101,#12);
#2103=IFCRECTANGLEPROFILEDEF(.AREA.,$,#2102,900.00000000000045,749.99999999999932);
#2104=IFCAXIS2PLACEMENT3D(#3,#7,#9);
#2105=IFCEXTRUDEDAREASOLID(#2103,#2104,#9,200.);
#2106=IFCSHAPEREPRESENTATION(#24,'Body','SweptSolid',(#2105));
#2107=IFCPRODUCTDEFINITIONSHAPE($,$,(#2106));
#2108=IFCCARTESIANPOINT((4600.,-100.,900.));
#2109=IFCAXIS2PLACEMENT3D(#2108,$,$);
#2110=IFCLOCALPLACEMENT(#141,#2109);
#2111=IFCOPENINGELEMENT('1l6sEsTPkfisfhdtgYhjNd',#18,'M_Window-Fixed:750 x 900mm:1606665:1',$,$,#2110,#2107,'1606665',.OPENING.);
#2112=IFCRELVOIDSELEMENT('1xzI3PuNvF1RRUjYr8YIT9',#18,$,$,#153,#2111);
#2113=IFCRELFILLSELEMENT('2kRgIUwvIPj$8JCt26FG5L',#18,$,$,#2111,#1279);
#2114=IFCAXIS2PLACEMENT3D(#3,$,$);
#2115=IFCLOCALPLACEMENT(#2110,#2114);
#2116=IFCCARTESIANPOINT((450.00000000000023,374.99999999999966));
#2117=IFCAXIS2PLACEMENT2D(#2116,#12);
#2118=IFCRECTANGLEPROFILEDEF(.AREA.,$,#2117,900.00000000000045,749.99999999999932);
#2119=IFCAXIS2PLACEMENT3D(#3,#8,#9);
#2120=IFCEXTRUDEDAREASOLID(#2118,#2119,#9,200.);
#2121=IFCSHAPEREPRESENTATION(#24,'Body','SweptSolid',(#2120));
#2122=IFCPRODUCTDEFINITIONSHAPE($,$,(#2121));
#2123=IFCCARTESIANPOINT((1650.,100.,900.));
#2124=IFCAXIS2PLACEMENT3D(#2123,$,$);
#2125=IFCLOCALPLACEMENT(#185,#2124);
#2126=IFCOPENINGELEMENT('3_9qHVuztjnhby9k8NUblh',#18,'M_Window-Fixed:750 x 900mm:1606366:1',$,$,#2125,#2122,'1606366',.OPENING.);
#2127=IFCRELVOIDSELEMENT('1xzI3PuNvF1RRUjYr8YI6U',#18,$,$,#197,#2126);
#2128=IFCRELFILLSELEMENT('3X4lP4Bok3C452_qKdN1BR',#18,$,$,#2126,#1126);
#2129=IFCAXIS2PLACEMENT3D(#3,#9,#6);
#2130=IFCLOCALPLACEMENT(#2125,#2129);
#2131=IFCCARTESIANPOINT((450.00000000000023,374.99999999999966));
#2132=IFCAXIS2PLACEMENT2D(#2131,#12);
#2133=IFCRECTANGLEPROFILEDEF(.AREA.,$,#2132,900.00000000000045,749.99999999999932);
#2134=IFCAXIS2PLACEMENT3D(#3,#8,#9);
#2135=IFCEXTRUDEDAREASOLID(#2133,#2134,#9,200.);
#2136=IFCSHAPEREPRESENTATION(#24,'Body','SweptSolid',(#2135));
#2137=IFCPRODUCTDEFINITIONSHAPE($,$,(#2136));
#2138=IFCCARTESIANPOINT((3000.,100.,900.));
#2139=IFCAXIS2PLACEMENT3D(#2138,$,$);
#2140=IFCLOCALPLACEMENT(#185,#2139);
#2141=IFCOPENINGELEMENT('2ybo9S9rUxdAqW5boKaHPP',#18,'M_Window-Fixed:750 x 900mm:1606465:1',$,$,#2140,#2137,'1606465',.OPENING.);
#2142=IFCRELVOIDSELEMENT('1xzI3PuNvF1RRUjYr8YI01',#18,$,$,#197,#2141);
#2143=IFCRELFILLSELEMENT('2gSH3UaeSMJVInVyT6OfiT',#18,$,$,#2141,#1177);
#2144=IFCAXIS2PLACEMENT3D(#3,#9,#6);
#2145=IFCLOCALPLACEMENT(#2140,#2144);
#2146=IFCCARTESIANPOINT((450.00000000000023,374.99999999999966));
#2147=IFCAXIS2PLACEMENT2D(#2146,#12);
#2148=IFCRECTANGLEPROFILEDEF(.AREA.,$,#2147,900.00000000000045,749.99999999999932);
#2149=IFCAXIS2PLACEMENT3D(#3,#8,#9);
#2150=IFCEXTRUDEDAREASOLID(#2148,#2149,#9,200.);
#2151=IFCSHAPEREPRESENTATION(#24,'Body','SweptSolid',(#2150));
#2152=IFCPRODUCTDEFINITIONSHAPE($,$,(#2151));
#2153=IFCCARTESIANPOINT((4950.,100.,900.));
#2154=IFCAXIS2PLACEMENT3D(#2153,$,$);
#2155=IFCLOCALPLACEMENT(#185,#2154);
#2156=IFCOPENINGELEMENT('2aYwoOGGtioxfJJR6smRPe',#18,'M_Window-Fixed:750 x 900mm:1606724:1',$,$,#2155,#2152,'1606724',.OPENING.);
#2157=IFCRELVOIDSELEMENT('1xzI3PuNvF1RRUjYr8YIS4',#18,$,$,#197,#2156);
#2158=IFCRELFILLSELEMENT('3aU_V7468kKyYj9hNUXvdg',#18,$,$,#2156,#1330);
#2159=IFCAXIS2PLACEMENT3D(#3,#9,#6);
#2160=IFCLOCALPLACEMENT(#2155,#2159);
#2161=IFCCARTESIANPOINT((450.00000000000023,374.99999999999966));
#2162=IFCAXIS2PLACEMENT2D(#2161,#12);
#2163=IFCRECTANGLEPROFILEDEF(.AREA.,$,#2162,900.00000000000045,749.99999999999932);
#2164=IFCAXIS2PLACEMENT3D(#3,#8,#9);
#2165=IFCEXTRUDEDAREASOLID(#2163,#2164,#9,200.);
#2166=IFCSHAPEREPRESENTATION(#24,'Body','SweptSolid',(#2165));
#2167=IFCPRODUCTDEFINITIONSHAPE($,$,(#2166));
#2168=IFCCARTESIANPOINT((6300.,100.,900.));
#2169=IFCAXIS2PLACEMENT3D(#2168,$,$);
#2170=IFCLOCALPLACEMENT(#185,#2169);
#2171=IFCOPENINGELEMENT('07NAHYposfcUjqlUhBJbQM',#18,'M_Window-Fixed:750 x 900mm:1606847:1',$,$,#2170,#2167,'1606847',.OPENING.);
#2172=IFCRELVOIDSELEMENT('1xzI3PuNvF1RRUjYr8YIV$',#18,$,$,#197,#2171);
#2173=IFCRELFILLSELEMENT('2nAexWRN9Hrx$YzOz6UtTF',#18,$,$,#2171,#1381);
#2174=IFCAXIS2PLACEMENT3D(#3,#9,#6);
#2175=IFCLOCALPLACEMENT(#2170,#2174);
#2176=IFCCARTESIANPOINT((450.00000000000028,374.99999999999966));
#2177=IFCAXIS2PLACEMENT2D(#2176,#12);
#2178=IFCRECTANGLEPROFILEDEF(.AREA.,$,#2177,900.00000000000045,749.99999999999932);
#2179=IFCAXIS2PLACEMENT3D(#3,#7,#9);
#2180=IFCEXTRUDEDAREASOLID(#2178,#2179,#9,200.);
#2181=IFCSHAPEREPRESENTATION(#24,'Body','SweptSolid',(#2180));
#2182=IFCPRODUCTDEFINITIONSHAPE($,$,(#2181));
#2183=IFCCARTESIANPOINT((4600.,-100.,900.));
#2184=IFCAXIS2PLACEMENT3D(#2183,$,$);
#2185=IFCLOCALPLACEMENT(#339,#2184);
#2186=IFCOPENINGELEMENT('1lLoTP2ATMeAp6K_LGzvbt',#18,'M_Window-Fixed:750 x 900mm:1607422:1',$,$,#2185,#2182,'1607422',.OPENING.);
#2187=IFCRELVOIDSELEMENT('1xzI3PuNvF1RRUjYr8YIM_',#18,$,$,#351,#2186);
#2188=IFCRELFILLSELEMENT('3tQFkNc46D1uAKZktfQlX5',#18,$,$,#2186,#1687);
#2189=IFCAXIS2PLACEMENT3D(#3,$,$);
#2190=IFCLOCALPLACEMENT(#2185,#2189);
#2191=IFCCARTESIANPOINT((450.00000000000028,374.99999999999966));
#2192=IFCAXIS2PLACEMENT2D(#2191,#12);
#2193=IFCRECTANGLEPROFILEDEF(.AREA.,$,#2192,900.00000000000045,749.99999999999932);
#2194=IFCAXIS2PLACEMENT3D(#3,#7,#9);
#2195=IFCEXTRUDEDAREASOLID(#2193,#2194,#9,200.);
#2196=IFCSHAPEREPRESENTATION(#24,'Body','SweptSolid',(#2195));
#2197=IFCPRODUCTDEFINITIONSHAPE($,$,(#2196));
#2198=IFCCARTESIANPOINT((3250.,-100.,900.));
#2199=IFCAXIS2PLACEMENT3D(#2198,$,$);
#2200=IFCLOCALPLACEMENT(#339,#2199);
#2201=IFCOPENINGELEMENT('3O4yItwWjK9IyuRVEN4atb',#18,'M_Window-Fixed:750 x 900mm:1607631:1',$,$,#2200,#2197,'1607631',.OPENING.);
#2202=IFCRELVOIDSELEMENT('1xzI3PuNvF1RRUjYr8YIIF',#18,$,$,#351,#2201);
#2203=IFCRELFILLSELEMENT('1iE6ek$COuhb0lz$RFen_u',#18,$,$,#2201,#1738);
#2204=IFCAXIS2PLACEMENT3D(#3,$,$);
#2205=IFCLOCALPLACEMENT(#2200,#2204);
#2206=IFCCARTESIANPOINT((450.00000000000028,374.99999999999966));
#2207=IFCAXIS2PLACEMENT2D(#2206,#12);
#2208=IFCRECTANGLEPROFILEDEF(.AREA.,$,#2207,900.00000000000045,749.99999999999932);
#2209=IFCAXIS2PLACEMENT3D(#3,#7,#9);
#2210=IFCEXTRUDEDAREASOLID(#2208,#2209,#9,200.);
#2211=IFCSHAPEREPRESENTATION(#24,'Body','SweptSolid',(#2210));
#2212=IFCPRODUCTDEFINITIONSHAPE($,$,(#2211));
#2213=IFCCARTESIANPOINT((700.,-100.,900.));
#2214=IFCAXIS2PLACEMENT3D(#2213,$,$);
#2215=IFCLOCALPLACEMENT(#339,#2214);
#2216=IFCOPENINGELEMENT('0G$4qtM5gEJLPbJiI4IGea',#18,'M_Window-Fixed:750 x 900mm:1607778:1',$,$,#2215,#2212,'1607778',.OPENING.);
#2217=IFCRELVOIDSELEMENT('1xzI3PuNvF1RRUjYr8YIiY',#18,$,$,#351,#2216);
#2218=IFCRELFILLSELEMENT('1aIvH2YtqhijB2uIdnWuA7',#18,$,$,#2216,#1789);
#2219=IFCAXIS2PLACEMENT3D(#3,$,$);
#2220=IFCLOCALPLACEMENT(#2215,#2219);
#2221=IFCRELASSOCIATESCLASSIFICATION('2_BipfrdABL0CmxXTlAItJ',#18,'Exterior Walls','Exterior Walls:B2010',(#73,#109,#131,#153,#175,#197,#219,#241,#263,#285,#307,#329,#351,#373,#395,#417,#439),#92);
#2222=IFCRELASSOCIATESCLASSIFICATION('1bUfuaMUxXfkW2ZKHBOkav',#18,'Windows','Windows:B2020100',(#738,#922,#973,#1024,#1075,#1126,#1177,#1228,#1279,#1330,#1381,#1432,#1483,#1534,#1585,#1636,#1687,#1738,#1789),#748);
#2223=IFCUNITASSIGNMENT((#19,#61,#773));
ENDSEC;

END-ISO-10303-21;