ISO-10303-21;
HEADER;
FILE_DESCRIPTION(('ViewDefinition [CoordinationView]','RevitIdentifiers [ContentGUID: cbb0ae2e-6350-4225-8ca4-af668662c38d, VersionGUID: 583391e7-8e9f-4cf4-b0bc-89a9c6cd0581, NumberOfSaves: 51]','CoordinateReference [CoordinateBase: Shared Coordinates]'),'2;1');
FILE_NAME('02_00_017.ifc','2026-01-19T15:55:56+01:00',(''),(''),'ODA SDAI 24.6','Autodesk Revit 24.3.30.11 (ENU) - IFC 24.3.30.11','');
FILE_SCHEMA(('IFC4X3'));
ENDSEC;
DATA;
#1=IFCORGANIZATION($,'Autodesk Revit 2024 (ENU)',$,$,$);
#2=IFCAPPLICATION(#1,'2024','Autodesk Revit 2024 (ENU)','Revit');
#3=IFCCARTESIANPOINT((0.,0.,0.));
#4=IFCCARTESIANPOINT((0.,0.));
#5=IFCDIRECTION((1.,0.,0.));
#6=IFCDIRECTION((-1.,0.,0.));
#7=IFCDIRECTION((0.,1.,0.));
#8=IFCDIRECTION((0.,-1.,0.));
#9=IFCDIRECTION((0.,0.,1.));
#10=IFCDIRECTION((0.,0.,-1.));
#11=IFCDIRECTION((1.,0.));
#12=IFCDIRECTION((-1.,0.));
#13=IFCDIRECTION((0.,1.));
#14=IFCDIRECTION((0.,-1.));
#15=IFCPERSON($,'','h.helming',$,$,$,$,$);
#16=IFCORGANIZATION($,'Organization Name','Organization Description',$,$);
#17=IFCPERSONANDORGANIZATION(#15,#16,$);
#18=IFCOWNERHISTORY(#17,#2,$,.NOCHANGE.,$,$,$,1768216269);
#19=IFCSIUNIT(*,.LENGTHUNIT.,.MILLI.,.METRE.);
#20=IFCAXIS2PLACEMENT3D(#3,$,$);
#21=IFCDIRECTION((6.12303176911189E-17,1.));
#22=IFCGEOMETRICREPRESENTATIONCONTEXT($,'Model',3,0.01,#20,#21);
#23=IFCGEOMETRICREPRESENTATIONSUBCONTEXT('Axis','Model',*,*,*,*,#22,$,.GRAPH_VIEW.,$);
#24=IFCGEOMETRICREPRESENTATIONSUBCONTEXT('Body','Model',*,*,*,*,#22,$,.MODEL_VIEW.,$);
#25=IFCGEOMETRICREPRESENTATIONSUBCONTEXT('Box','Model',*,*,*,*,#22,$,.MODEL_VIEW.,$);
#26=IFCGEOMETRICREPRESENTATIONSUBCONTEXT('FootPrint','Model',*,*,*,*,#22,$,.MODEL_VIEW.,$);
#27=IFCPROJECT('3BiAukOr129OoahsPvdJnz',#18,'Project Number',$,$,'Project Name','Project Status',(#22),#17343);
#28=IFCCLASSIFICATION('CSI (Construction Specifications Institute)','1998',$,'Uniformat','UniFormat Classification','https://www.csiresources.org/standards/uniformat',$);
#29=IFCAXIS2PLACEMENT3D(#3,$,$);
#30=IFCLOCALPLACEMENT(#41,#29);
#31=IFCPOSTALADDRESS($,$,$,$,('Enter address hereAddress Line 2'),$,'','Boston','','MA');
#32=IFCBUILDING('3BiAukOr129OoahsPvdJny',#18,'Building Name',$,$,#30,$,'Building Name',.ELEMENT.,$,$,#31);
#33=IFCAXIS2PLACEMENT3D(#3,$,$);
#34=IFCLOCALPLACEMENT(#30,#33);
#35=IFCBUILDINGSTOREY('2JF4e6axWHqu3u0C1FZlmi',#18,'L1',$,'Level:8mm Head',#34,$,'L1',.ELEMENT.,0.);
#36=IFCCARTESIANPOINT((0.,0.,3000.));
#37=IFCAXIS2PLACEMENT3D(#36,$,$);
#38=IFCLOCALPLACEMENT(#30,#37);
#39=IFCBUILDINGSTOREY('1ZGO8hrFCHqw0v0026FpFv',#18,'L2',$,'Level:8mm Head',#38,$,'L2',.ELEMENT.,3000.);
#40=IFCAXIS2PLACEMENT3D(#3,$,$);
#41=IFCLOCALPLACEMENT($,#40);
#42=IFCSITE('3BiAukOr129OoahsPvdJn$',#18,'Default',$,$,#41,$,$,.ELEMENT.,(42,21,31,401672),(-71,-3,-24,-345703),0.,$,$);
#43=IFCPROPERTYSINGLEVALUE('Reference',$,IFCIDENTIFIER('Project Information'),$);
#44=IFCPROPERTYSET('2mFJcO6I01h0OYRLOICO3c',#18,'Pset_SiteCommon',$,(#43));
#45=IFCPROPERTYSINGLEVALUE('IsExternal',$,IFCBOOLEAN(.F.),$);
#46=IFCPROPERTYSET('0O$B2PbAODr9jYnpcaZGJT',#18,'Pset_SpaceCommon',$,(#43,#45));
#47=IFCRELDEFINESBYPROPERTIES('2fDrcjst0HFayqQ3dY1cGQ',#18,$,$,(#42),#44);
#48=IFCRELDEFINESBYPROPERTIES('1lYkP70lXSGXnZeJnLC8MY',#18,$,$,(#42),#46);
#87=IFCAXIS2PLACEMENT3D(#3,$,$);
#88=IFCLOCALPLACEMENT(#34,#87);
#89=IFCCARTESIANPOINT((-14.9999999999966,840.000000000001));
#90=IFCAXIS2PLACEMENT2D(#89,#11);
#91=IFCRECTANGLEPROFILEDEF(.AREA.,$,#90,6499.99999999992,8400.);
#92=IFCCARTESIANPOINT((14210.,6435.,0.));
#93=IFCAXIS2PLACEMENT3D(#92,#9,#8);
#94=IFCEXTRUDEDAREASOLID(#91,#93,#9,2700.);
#95=IFCSIUNIT(*,.PLANEANGLEUNIT.,$,.RADIAN.);
#96=IFCDIMENSIONALEXPONENTS(0,0,0,0,0,0,0);
#97=IFCMEASUREWITHUNIT(IFCPLANEANGLEMEASURE(0.0174532925199433),#95);
#98=IFCCONVERSIONBASEDUNIT(#96,.PLANEANGLEUNIT.,'DEGREE',#97);
#99=IFCSIUNIT(*,.AREAUNIT.,$,.SQUARE_METRE.);
#100=IFCSHAPEREPRESENTATION(#24,'Body','SweptSolid',(#94));
#101=IFCPRODUCTDEFINITIONSHAPE($,$,(#100));
#102=IFCSPACE('1k$xn8F5n4Fh7djrSbibg1',#18,'148',$,$,#88,#101,'room',.ELEMENT.,.NOTDEFINED.,$);
#103=IFCSPACETYPE('1k$xn8F5n4Fh7dlrSbibg1',#18,'room 148:1630896',$,$,$,$,'1630896',$,.NOTDEFINED.,$);
#104=IFCPROPERTYSINGLEVALUE('Reference',$,IFCIDENTIFIER('room 148'),$);
#105=IFCPROPERTYSET('0$XTg73ncizNt2HWBYbnYO',#18,'Pset_SpaceCommon',$,(#45,#104));
#106=IFCPROPERTYSET('2CaGhXYwV7uEJda29M7tmQ',#18,'Pset_SpaceHeaterTypeCommon',$,(#104));
#107=IFCRELDEFINESBYPROPERTIES('3ONtvBAjiab2_Y6BPgw946',#18,$,$,(#102),#105);
#108=IFCRELDEFINESBYPROPERTIES('3rKZsRfVoOfYkJ2JkP7zO6',#18,$,$,(#102),#106);
#109=IFCAXIS2PLACEMENT3D(#3,$,$);
#110=IFCLOCALPLACEMENT(#34,#109);
#111=IFCCARTESIANPOINT((9.09494701772928E-13,-2.04636307898909E-12));
#112=IFCAXIS2PLACEMENT2D(#111,#11);
#113=IFCRECTANGLEPROFILEDEF(.AREA.,$,#112,8699.99999999998,8000.);
#114=IFCCARTESIANPOINT((18450.,17700.,0.));
#115=IFCAXIS2PLACEMENT3D(#114,$,$);
#116=IFCEXTRUDEDAREASOLID(#113,#115,#9,2700.);
#117=IFCSHAPEREPRESENTATION(#24,'Body','SweptSolid',(#116));
#118=IFCPRODUCTDEFINITIONSHAPE($,$,(#117));
#119=IFCSPACE('1k$xn8F5n4Fh7djrSbibg2',#18,'149',$,$,#110,#118,'room',.ELEMENT.,.NOTDEFINED.,$);
#120=IFCSPACETYPE('1k$xn8F5n4Fh7dlrSbibg2',#18,'room 149:1630899',$,$,$,$,'1630899',$,.NOTDEFINED.,$);
#121=IFCPROPERTYSINGLEVALUE('Reference',$,IFCIDENTIFIER('room 149'),$);
#122=IFCPROPERTYSET('1JOtjsb1wh5z0Lu9e_i6Px',#18,'Pset_SpaceCommon',$,(#45,#121));
#123=IFCPROPERTYSET('3vy5s8O3HAfyIcKRrf7q1q',#18,'Pset_SpaceHeaterTypeCommon',$,(#121));
#124=IFCRELDEFINESBYPROPERTIES('3DnTq7ySU_zR_9IITQsEZ8',#18,$,$,(#119),#122);
#125=IFCRELDEFINESBYPROPERTIES('0MVHRg27T4n6EjW2XQYtNr',#18,$,$,(#119),#123);
#126=IFCAXIS2PLACEMENT3D(#3,$,$);
#127=IFCLOCALPLACEMENT(#34,#126);
#128=IFCCARTESIANPOINT((-645.715436043646,-318.715059831379));
#129=IFCAXIS2PLACEMENT2D(#128,#11);
#130=IFCRECTANGLEPROFILEDEF(.AREA.,$,#129,6249.99999999999,7500.);
#131=IFCCARTESIANPOINT((2281.42470084313,17578.5771802182,0.));
#132=IFCAXIS2PLACEMENT3D(#131,#9,#8);
#133=IFCEXTRUDEDAREASOLID(#130,#132,#9,2700.);
#134=IFCSHAPEREPRESENTATION(#24,'Body','SweptSolid',(#133));
#135=IFCPRODUCTDEFINITIONSHAPE($,$,(#134));
#136=IFCSPACE('1k$xn8F5n4Fh7djrSbibg7',#18,'150',$,$,#127,#135,'room',.ELEMENT.,.NOTDEFINED.,$);
#137=IFCSPACETYPE('1k$xn8F5n4Fh7dlrSbibg7',#18,'room 150:1630902',$,$,$,$,'1630902',$,.NOTDEFINED.,$);
#138=IFCPROPERTYSINGLEVALUE('Reference',$,IFCIDENTIFIER('room 150'),$);
#139=IFCPROPERTYSET('0FOi5bM3qFwOiCalFV0OnV',#18,'Pset_SpaceCommon',$,(#45,#138));
#140=IFCPROPERTYSET('26193WdXPQng2vLInwxVOH',#18,'Pset_SpaceHeaterTypeCommon',$,(#138));
#141=IFCRELDEFINESBYPROPERTIES('0wo$yHl2TTCfTZ4ARLLUMB',#18,$,$,(#136),#139);
#142=IFCRELDEFINESBYPROPERTIES('3T4vcWhPRDSs3HuMhfc9Fj',#18,$,$,(#136),#140);
#143=IFCAXIS2PLACEMENT3D(#3,$,$);
#144=IFCLOCALPLACEMENT(#34,#143);
#145=IFCCARTESIANPOINT((4.77484718430787E-12,6.82121026329696E-13));
#146=IFCAXIS2PLACEMENT2D(#145,#11);
#147=IFCRECTANGLEPROFILEDEF(.AREA.,$,#146,4900.,6000.);
#148=IFCCARTESIANPOINT((3578.42893214521,3250.,0.));
#149=IFCAXIS2PLACEMENT3D(#148,$,$);
#150=IFCEXTRUDEDAREASOLID(#147,#149,#9,2700.);
#151=IFCSHAPEREPRESENTATION(#24,'Body','SweptSolid',(#150));
#152=IFCPRODUCTDEFINITIONSHAPE($,$,(#151));
#153=IFCSPACE('1k$xn8F5n4Fh7djrSbibg8',#18,'151',$,$,#144,#152,'room',.ELEMENT.,.NOTDEFINED.,$);
#154=IFCSPACETYPE('1k$xn8F5n4Fh7dlrSbibg8',#18,'room 151:1630905',$,$,$,$,'1630905',$,.NOTDEFINED.,$);
#155=IFCPROPERTYSINGLEVALUE('Reference',$,IFCIDENTIFIER('room 151'),$);
#156=IFCPROPERTYSET('1wO5vObUjF7JnrtV_ieMof',#18,'Pset_SpaceCommon',$,(#45,#155));
#157=IFCPROPERTYSET('1XmqbiPuGLfN261atV_Hce',#18,'Pset_SpaceHeaterTypeCommon',$,(#155));
#158=IFCRELDEFINESBYPROPERTIES('1BvjxGz8FU_IuhIQKd35wr',#18,$,$,(#153),#156);
#159=IFCRELDEFINESBYPROPERTIES('3zXsBqd8Alsn_ZlZMhXZ69',#18,$,$,(#153),#157);
#164=IFCAXIS2PLACEMENT3D(#3,$,$);
#165=IFCLOCALPLACEMENT(#34,#164);
#166=IFCCARTESIANPOINT((-334.314213570958,-599.999999999999));
#167=IFCAXIS2PLACEMENT2D(#166,#11);
#168=IFCRECTANGLEPROFILEDEF(.AREA.,$,#167,4849.99999999999,6000.);
#169=IFCCARTESIANPOINT((-1212.25685428383,3850.,0.));
#170=IFCAXIS2PLACEMENT3D(#169,$,$);
#171=IFCEXTRUDEDAREASOLID(#168,#170,#9,2700.);
#172=IFCSHAPEREPRESENTATION(#24,'Body','SweptSolid',(#171));
#173=IFCPRODUCTDEFINITIONSHAPE($,$,(#172));
#174=IFCSPACE('1k$xn8F5n4Fh7djrSbibhp',#18,'154',$,$,#165,#173,'room',.ELEMENT.,.NOTDEFINED.,$);
#175=IFCSPACETYPE('1k$xn8F5n4Fh7dlrSbibhp',#18,'room 154:1630914',$,$,$,$,'1630914',$,.NOTDEFINED.,$);
#176=IFCPROPERTYSINGLEVALUE('Reference',$,IFCIDENTIFIER('room 154'),$);
#177=IFCPROPERTYSET('0bYgvljNvXjRH1bWLqCtLw',#18,'Pset_SpaceCommon',$,(#45,#176));
#178=IFCPROPERTYSET('3Dqm9m$Zhc85$JCzAjuaNG',#18,'Pset_SpaceHeaterTypeCommon',$,(#176));
#179=IFCRELDEFINESBYPROPERTIES('1fmFdfMZ$TQZkFZa8ro7Tt',#18,$,$,(#174),#177);
#180=IFCRELDEFINESBYPROPERTIES('0WtxqsOUxVRZj4vQ7IPmMl',#18,$,$,(#174),#178);
#181=IFCAXIS2PLACEMENT3D(#3,$,$);
#182=IFCLOCALPLACEMENT(#34,#181);
#183=IFCCARTESIANPOINT((-12802.8814882262,-5114.62266073669));
#184=IFCCARTESIANPOINT((-7652.88148822618,-5114.62266073669));
#185=IFCCARTESIANPOINT((-3206.31042037139,-5114.6226607367));
#186=IFCCARTESIANPOINT((-3206.3104203714,-1664.62266073671));
#187=IFCCARTESIANPOINT((5568.6895796286,-1664.62266073669));
#188=IFCCARTESIANPOINT((12068.6895796286,-1664.62266073667));
#189=IFCCARTESIANPOINT((18443.6895796286,-1664.62266073665));
#190=IFCCARTESIANPOINT((18443.6895796286,1835.37733926332));
#191=IFCCARTESIANPOINT((16468.6895796286,1835.37733926331));
#192=IFCCARTESIANPOINT((9118.68957962859,1835.3773392633));
#193=IFCCARTESIANPOINT((168.689579628601,1835.37733926329));
#194=IFCCARTESIANPOINT((-5306.3104203714,1835.37733926328));
#195=IFCCARTESIANPOINT((-5306.3104203714,5735.37733926329));
#196=IFCCARTESIANPOINT((-7843.60077935969,5735.37733926329));
#197=IFCCARTESIANPOINT((-7843.60077935969,3234.66995552518));
#198=IFCCARTESIANPOINT((-13556.3104203714,3234.66995552516));
#199=IFCCARTESIANPOINT((-13556.3104203714,-5114.62266073669));
#200=IFCPOLYLINE((#183,#184,#185,#186,#187,#188,#189,#190,#191,#192,#193,#194,#195,#196,#197,#198,#199,#183));
#201=IFCARBITRARYCLOSEDPROFILEDEF(.AREA.,$,#200);
#202=IFCCARTESIANPOINT((13806.3104203714,11614.6226607367,0.));
#203=IFCAXIS2PLACEMENT3D(#202,$,$);
#204=IFCEXTRUDEDAREASOLID(#201,#203,#9,2700.);
#205=IFCSHAPEREPRESENTATION(#24,'Body','SweptSolid',(#204));
#206=IFCPRODUCTDEFINITIONSHAPE($,$,(#205));
#207=IFCSPACE('1k$xn8F5n4Fh7djrSbibhq',#18,'155',$,$,#182,#206,'room',.ELEMENT.,.NOTDEFINED.,$);
#208=IFCSPACETYPE('1k$xn8F5n4Fh7dlrSbibhq',#18,'room 155:1630917',$,$,$,$,'1630917',$,.NOTDEFINED.,$);
#209=IFCPROPERTYSINGLEVALUE('Reference',$,IFCIDENTIFIER('room 155'),$);
#210=IFCPROPERTYSET('1kpkNIqVw4Zbdx2ybUfo8F',#18,'Pset_SpaceCommon',$,(#45,#209));
#211=IFCPROPERTYSET('1pTj_zM2$42jv8JP8aMDLA',#18,'Pset_SpaceHeaterTypeCommon',$,(#209));
#212=IFCRELDEFINESBYPROPERTIES('0Gf03H8XK3I43dUs3w7dhH',#18,$,$,(#207),#210);
#213=IFCRELDEFINESBYPROPERTIES('0QqXCkLCxYGidt0IIBOYEU',#18,$,$,(#207),#211);
#218=IFCAXIS2PLACEMENT3D(#3,$,$);
#219=IFCLOCALPLACEMENT(#34,#218);
#220=IFCCARTESIANPOINT((0.,7.50333128962666E-12));
#221=IFCAXIS2PLACEMENT2D(#220,#11);
#222=IFCRECTANGLEPROFILEDEF(.AREA.,$,#221,6250.,6499.99999999998);
#223=IFCCARTESIANPOINT((29125.,6450.,0.));
#224=IFCAXIS2PLACEMENT3D(#223,$,$);
#225=IFCEXTRUDEDAREASOLID(#222,#224,#9,2700.);
#226=IFCSHAPEREPRESENTATION(#24,'Body','SweptSolid',(#225));
#227=IFCPRODUCTDEFINITIONSHAPE($,$,(#226));
#228=IFCSPACE('2j_RMNfs51MwVoqZ2B5vWD',#18,'158',$,$,#219,#227,'room',.ELEMENT.,.NOTDEFINED.,$);
#229=IFCSPACETYPE('2j_RMNfs51MwVosZ2B5vWD',#18,'room 158:1631477',$,$,$,$,'1631477',$,.NOTDEFINED.,$);
#230=IFCPROPERTYSINGLEVALUE('Reference',$,IFCIDENTIFIER('room 158'),$);
#231=IFCPROPERTYSET('3tABtDrK9DX_oK8QQRHxVB',#18,'Pset_SpaceCommon',$,(#45,#230));
#232=IFCPROPERTYSET('2SLQ1poY9r$ekgwz2gu5Rf',#18,'Pset_SpaceHeaterTypeCommon',$,(#230));
#233=IFCRELDEFINESBYPROPERTIES('2ZBbXq6fOo4k2g1BhwLaa$',#18,$,$,(#228),#231);
#234=IFCRELDEFINESBYPROPERTIES('07AfF497GvFzobnkXHTXBq',#18,$,$,(#228),#232);
#235=IFCAXIS2PLACEMENT3D(#3,$,$);
#236=IFCLOCALPLACEMENT(#34,#235);
#237=IFCCARTESIANPOINT((4.32009983342141E-12,6.59383658785373E-12));
#238=IFCAXIS2PLACEMENT2D(#237,#11);
#239=IFCRECTANGLEPROFILEDEF(.AREA.,$,#238,6250.,6499.99999999996);
#240=IFCCARTESIANPOINT((22625.,6450.,0.));
#241=IFCAXIS2PLACEMENT3D(#240,$,$);
#242=IFCEXTRUDEDAREASOLID(#239,#241,#9,2700.);
#243=IFCSHAPEREPRESENTATION(#24,'Body','SweptSolid',(#242));
#244=IFCPRODUCTDEFINITIONSHAPE($,$,(#243));
#245=IFCSPACE('2j_RMNfs51MwVoqZ2B5vW0',#18,'159',$,$,#236,#244,'room',.ELEMENT.,.NOTDEFINED.,$);
#246=IFCSPACETYPE('2j_RMNfs51MwVosZ2B5vW0',#18,'room 159:1631480',$,$,$,$,'1631480',$,.NOTDEFINED.,$);
#247=IFCPROPERTYSINGLEVALUE('Reference',$,IFCIDENTIFIER('room 159'),$);
#248=IFCPROPERTYSET('2liCcDgrvnrvPgOPkXS_tC',#18,'Pset_SpaceCommon',$,(#45,#247));
#249=IFCPROPERTYSET('10_Y6p5p6arYBb1JXDEC4F',#18,'Pset_SpaceHeaterTypeCommon',$,(#247));
#250=IFCRELDEFINESBYPROPERTIES('2hGeLNbdopUze2gI53mZr5',#18,$,$,(#245),#248);
#251=IFCRELDEFINESBYPROPERTIES('12SoTRKGxKb7WE0knSbuvM',#18,$,$,(#245),#249);
#252=IFCAXIS2PLACEMENT3D(#3,$,$);
#253=IFCLOCALPLACEMENT(#34,#252);
#254=IFCCARTESIANPOINT((-45.0000000000014,510.000000000004));
#255=IFCAXIS2PLACEMENT2D(#254,#11);
#256=IFCRECTANGLEPROFILEDEF(.AREA.,$,#255,8000.,5099.99999999999);
#257=IFCCARTESIANPOINT((10790.,17655.,0.));
#258=IFCAXIS2PLACEMENT3D(#257,#9,#8);
#259=IFCEXTRUDEDAREASOLID(#256,#258,#9,3048.);
#260=IFCSHAPEREPRESENTATION(#24,'Body','SweptSolid',(#259));
#261=IFCPRODUCTDEFINITIONSHAPE($,$,(#260));
#262=IFCSPACE('3DCQecOarD3gY_rbNy_4XU',#18,'160',$,$,#253,#261,'room',.ELEMENT.,.NOTDEFINED.,$);
#263=IFCSPACETYPE('3DCQecOarD3gY_tbNy_4XU',#18,'room 160:1633264',$,$,$,$,'1633264',$,.NOTDEFINED.,$);
#264=IFCPROPERTYSINGLEVALUE('Reference',$,IFCIDENTIFIER('room 160'),$);
#265=IFCPROPERTYSET('08QlGd563C2lMnl9Fis$XV',#18,'Pset_SpaceCommon',$,(#45,#264));
#266=IFCPROPERTYSET('0KQyT2HnEr2nYg1Dkx$ki1',#18,'Pset_SpaceHeaterTypeCommon',$,(#264));
#267=IFCRELDEFINESBYPROPERTIES('3vN9oJ32nYR4acfKaggd22',#18,$,$,(#262),#265);
#268=IFCRELDEFINESBYPROPERTIES('0L$VyyhFdQhMhuOrHdQmf3',#18,$,$,(#262),#266);
#269=IFCAXIS2PLACEMENT3D(#3,$,$);
#270=IFCLOCALPLACEMENT(#34,#269);
#271=IFCCARTESIANPOINT((2.04636307898909E-12,1.13686837721616E-12));
#272=IFCAXIS2PLACEMENT2D(#271,#11);
#273=IFCRECTANGLEPROFILEDEF(.AREA.,$,#272,7100.,7999.99999999999);
#274=IFCCARTESIANPOINT((26600.,17700.,0.));
#275=IFCAXIS2PLACEMENT3D(#274,$,$);
#276=IFCEXTRUDEDAREASOLID(#273,#275,#9,3048.);
#277=IFCSHAPEREPRESENTATION(#24,'Body','SweptSolid',(#276));
#278=IFCPRODUCTDEFINITIONSHAPE($,$,(#277));
#279=IFCSPACE('3DCQecOarD3gY_rbNy_4XT',#18,'161',$,$,#270,#278,'room',.ELEMENT.,.NOTDEFINED.,$);
#280=IFCSPACETYPE('3DCQecOarD3gY_tbNy_4XT',#18,'room 161:1633267',$,$,$,$,'1633267',$,.NOTDEFINED.,$);
#281=IFCPROPERTYSINGLEVALUE('Reference',$,IFCIDENTIFIER('room 161'),$);
#282=IFCPROPERTYSET('3ZkqJz4DD2_beFoXWrDfcL',#18,'Pset_SpaceCommon',$,(#45,#281));
#283=IFCPROPERTYSET('1fZ4HQg2gf2MpiFmSOKmvZ',#18,'Pset_SpaceHeaterTypeCommon',$,(#281));
#284=IFCRELDEFINESBYPROPERTIES('3eJdgAIDbtONo1z$ezo3zI',#18,$,$,(#279),#282);
#285=IFCRELDEFINESBYPROPERTIES('3APR6iY58Z_YuVTuFM24PZ',#18,$,$,(#279),#283);
#286=IFCAXIS2PLACEMENT3D(#3,$,$);
#287=IFCLOCALPLACEMENT(#34,#286);
#288=IFCCARTESIANPOINT((219.736512620555,799.999999999997));
#289=IFCAXIS2PLACEMENT2D(#288,#11);
#290=IFCRECTANGLEPROFILEDEF(.AREA.,$,#289,6147.36512620558,7999.99999999999);
#291=IFCCARTESIANPOINT((33253.9460504823,16900.,0.));
#292=IFCAXIS2PLACEMENT3D(#291,$,$);
#293=IFCEXTRUDEDAREASOLID(#290,#292,#9,3048.);
#294=IFCSHAPEREPRESENTATION(#24,'Body','SweptSolid',(#293));
#295=IFCPRODUCTDEFINITIONSHAPE($,$,(#294));
#296=IFCSPACE('3DCQecOarD3gY_rbNy_4XO',#18,'162',$,$,#287,#295,'room',.ELEMENT.,.NOTDEFINED.,$);
#297=IFCSPACETYPE('3DCQecOarD3gY_tbNy_4XO',#18,'room 162:1633270',$,$,$,$,'1633270',$,.NOTDEFINED.,$);
#298=IFCPROPERTYSINGLEVALUE('Reference',$,IFCIDENTIFIER('room 162'),$);
#299=IFCPROPERTYSET('0D_X6pJePcYEM0fx7xpHTJ',#18,'Pset_SpaceCommon',$,(#45,#298));
#300=IFCPROPERTYSET('0cpl5$kjnLfRAhuWNBqyYg',#18,'Pset_SpaceHeaterTypeCommon',$,(#298));
#301=IFCRELDEFINESBYPROPERTIES('074V$KxjxkL1keaxvqa7Di',#18,$,$,(#296),#299);
#302=IFCRELDEFINESBYPROPERTIES('2BjxaOZ3fgaKUe63eQPsN6',#18,$,$,(#296),#300);
#303=IFCCARTESIANPOINT((-3971.57106785479,125.,0.));
#304=IFCAXIS2PLACEMENT3D(#303,$,$);
#305=IFCLOCALPLACEMENT(#34,#304);
#306=IFCCARTESIANPOINT((10250.,0.));
#307=IFCPOLYLINE((#4,#306));
#308=IFCSHAPEREPRESENTATION(#23,'Axis','Curve2D',(#307));
#309=IFCCARTESIANPOINT((5125.,-7.105427357601E-15));
#310=IFCAXIS2PLACEMENT2D(#309,#12);
#311=IFCRECTANGLEPROFILEDEF(.AREA.,$,#310,10250.,250.);
#312=IFCAXIS2PLACEMENT3D(#3,$,$);
#313=IFCEXTRUDEDAREASOLID(#311,#312,#9,3000.);
#314=IFCCOLOURRGB($,0.752941176470588,0.752941176470588,0.752941176470588);
#315=IFCSURFACESTYLERENDERING(#314,0.,$,$,$,$,IFCNORMALISEDRATIOMEASURE(0.5),IFCSPECULAREXPONENT(10.),.NOTDEFINED.);
#316=IFCSURFACESTYLE('Default Wall',.BOTH.,(#315));
#317=IFCSTYLEDITEM(#313,(#316),$);
#318=IFCSHAPEREPRESENTATION(#24,'Body','SweptSolid',(#313));
#319=IFCPRODUCTDEFINITIONSHAPE($,$,(#308,#318));
#320=IFCWALL('1k$xn8F5n4Fh7djrSbid8u',#18,'Basic Wall:Generic - 250mm:1624585',$,'Basic Wall:Generic - 250mm',#305,#319,'1624585',.NOTDEFINED.);
#321=IFCMATERIAL('Default Wall',$,'Miscellaneous');
#322=IFCSTYLEDITEM($,(#316),$);
#323=IFCSTYLEDREPRESENTATION(#22,'Style','Material',(#322));
#324=IFCMATERIALDEFINITIONREPRESENTATION($,$,(#323),#321);
#325=IFCMATERIALLAYER(#321,250.,$,'Layer',$,'Miscellaneous',$);
#326=IFCMATERIALLAYERSET((#325),'Basic Wall:Generic - 250mm',$);
#327=IFCWALLTYPE('3E$cYc__TFSxk95ilJEoCQ',#18,'Basic Wall:Generic - 250mm',$,$,(#341),$,'1616938',$,.STANDARD.);
#328=IFCPROPERTYSINGLEVALUE('Reference',$,IFCIDENTIFIER('Generic - 250mm'),$);
#329=IFCPROPERTYSET('1yPgAX2_2sTXd708q4zJ1n',#18,'Pset_EnvironmentalImpactIndicators',$,(#328));
#330=IFCPROPERTYSINGLEVALUE('Reference',$,IFCLABEL('Generic - 250mm'),$);
#331=IFCPROPERTYSET('3Y$PRW2Y5IBwXbBgMWzGq_',#18,'Pset_ReinforcementBarPitchOfWall',$,(#330));
#332=IFCPROPERTYSINGLEVALUE('IsExternal',$,IFCBOOLEAN(.T.),$);
#333=IFCPROPERTYSINGLEVALUE('LoadBearing',$,IFCBOOLEAN(.F.),$);
#334=IFCPROPERTYSINGLEVALUE('ExtendToStructure',$,IFCBOOLEAN(.F.),$);
#335=IFCPROPERTYSET('0mwZndWzreL8O4AISnKJHR',#18,'Pset_WallCommon',$,(#328,#332,#333,#334));
#336=IFCRELDEFINESBYPROPERTIES('2gaukqkrEWu5MfB2Xh7LUJ',#18,$,$,(#320),#329);
#337=IFCRELDEFINESBYPROPERTIES('1YsTabMrNSnX$wCPl267Gf',#18,$,$,(#320),#331);
#338=IFCRELDEFINESBYPROPERTIES('0Lf7zxtld9TzMkhlqpwaY_',#18,$,$,(#320),#335);
#339=IFCCLASSIFICATIONREFERENCE('https://www.csiresources.org/standards/uniformat','B2010','Exterior Walls',#28,'',$);
#340=IFCPROPERTYSINGLEVALUE('Description',$,IFCTEXT('Generic Wall (Material By Category), 200mm thick'),$);
#341=IFCPROPERTYSET('2M6hyWcyLpt6k7IojqZ76o',#18,'Pset_ReinforcementBarPitchOfWall',$,(#340));
#342=IFCCARTESIANPOINT((6153.4289321452,250.,0.));
#343=IFCAXIS2PLACEMENT3D(#342,#9,#7);
#344=IFCLOCALPLACEMENT(#34,#343);
#345=IFCCARTESIANPOINT((6250.,0.));
#346=IFCPOLYLINE((#4,#345));
#347=IFCSHAPEREPRESENTATION(#23,'Axis','Curve2D',(#346));
#348=IFCCARTESIANPOINT((3125.,1.4210854715202E-14));
#349=IFCAXIS2PLACEMENT2D(#348,#12);
#350=IFCRECTANGLEPROFILEDEF(.AREA.,$,#349,6250.,249.999999999999);
#351=IFCAXIS2PLACEMENT3D(#3,$,$);
#352=IFCEXTRUDEDAREASOLID(#350,#351,#9,3000.);
#353=IFCSTYLEDITEM(#352,(#316),$);
#354=IFCSHAPEREPRESENTATION(#24,'Body','SweptSolid',(#352));
#355=IFCPRODUCTDEFINITIONSHAPE($,$,(#347,#354));
#356=IFCWALL('1k$xn8F5n4Fh7djrSbid9S',#18,'Basic Wall:Generic - 250mm:1624685',$,'Basic Wall:Generic - 250mm',#344,#355,'1624685',.NOTDEFINED.);
#357=IFCPROPERTYSET('0DWHAi9mJoJblC41DSmhak',#18,'Pset_EnvironmentalImpactIndicators',$,(#328));
#358=IFCPROPERTYSINGLEVALUE('Reference',$,IFCLABEL('Generic - 250mm'),$);
#359=IFCPROPERTYSET('1aAaJSUpk2iDYeTBq9cYpK',#18,'Pset_ReinforcementBarPitchOfWall',$,(#358));
#360=IFCPROPERTYSET('2fTPGDiQGD1S56bbD5zMin',#18,'Pset_WallCommon',$,(#328,#332,#333,#334));
#361=IFCRELDEFINESBYPROPERTIES('2Ox7zarn0cwmevnonruJwD',#18,$,$,(#356),#357);
#362=IFCRELDEFINESBYPROPERTIES('0Sd4G827na8J_hqQvQ4QC4',#18,$,$,(#356),#359);
#363=IFCRELDEFINESBYPROPERTIES('3wUEsKefS_NT8sJTFYOdh_',#18,$,$,(#356),#360);
#364=IFCCARTESIANPOINT((6028.42893214523,6375.,0.));
#365=IFCAXIS2PLACEMENT3D(#364,#9,#6);
#366=IFCLOCALPLACEMENT(#34,#365);
#367=IFCCARTESIANPOINT((10250.,0.));
#368=IFCPOLYLINE((#4,#367));
#369=IFCSHAPEREPRESENTATION(#23,'Axis','Curve2D',(#368));
#370=IFCCARTESIANPOINT((5125.00000000001,2.48689957516035E-13));
#371=IFCAXIS2PLACEMENT2D(#370,#11);
#372=IFCRECTANGLEPROFILEDEF(.AREA.,$,#371,10250.,249.999999999999);
#373=IFCAXIS2PLACEMENT3D(#3,$,$);
#374=IFCEXTRUDEDAREASOLID(#372,#373,#9,3000.);
#375=IFCSTYLEDITEM(#374,(#316),$);
#376=IFCSHAPEREPRESENTATION(#24,'Body','SweptSolid',(#374));
#377=IFCPRODUCTDEFINITIONSHAPE($,$,(#369,#376));
#378=IFCWALL('1k$xn8F5n4Fh7djrSbidBi',#18,'Basic Wall:Generic - 250mm:1624797',$,'Basic Wall:Generic - 250mm',#366,#377,'1624797',.NOTDEFINED.);
#379=IFCPROPERTYSET('0PGusontYZUCpHPOWpmtMd',#18,'Pset_EnvironmentalImpactIndicators',$,(#328));
#380=IFCPROPERTYSINGLEVALUE('Reference',$,IFCLABEL('Generic - 250mm'),$);
#381=IFCPROPERTYSET('1l5VeRzLSSsD_GFgWXJ7ZH',#18,'Pset_ReinforcementBarPitchOfWall',$,(#380));
#382=IFCPROPERTYSET('0KqYpGfPrVk23tE6zclU5m',#18,'Pset_WallCommon',$,(#328,#332,#333,#334));
#383=IFCRELDEFINESBYPROPERTIES('2q0c7RUF2bAsQcnHih$FmX',#18,$,$,(#378),#379);
#384=IFCRELDEFINESBYPROPERTIES('1lPtuV70Lzqcq7ECFwruw$',#18,$,$,(#378),#381);
#385=IFCRELDEFINESBYPROPERTIES('0PhNDkSYJzSrbr7$AR98RY',#18,$,$,(#378),#382);
#386=IFCCARTESIANPOINT((1003.42893214521,6250.,0.));
#387=IFCAXIS2PLACEMENT3D(#386,#9,#8);
#388=IFCLOCALPLACEMENT(#34,#387);
#389=IFCCARTESIANPOINT((6000.,-0.));
#390=IFCPOLYLINE((#4,#389));
#391=IFCSHAPEREPRESENTATION(#23,'Axis','Curve2D',(#390));
#392=IFCCARTESIANPOINT((3000.,-6.3948846218409E-14));
#393=IFCAXIS2PLACEMENT2D(#392,#11);
#394=IFCRECTANGLEPROFILEDEF(.AREA.,$,#393,6000.,250.);
#395=IFCAXIS2PLACEMENT3D(#3,$,$);
#396=IFCEXTRUDEDAREASOLID(#394,#395,#9,3000.);
#397=IFCSTYLEDITEM(#396,(#316),$);
#398=IFCSHAPEREPRESENTATION(#24,'Body','SweptSolid',(#396));
#399=IFCPRODUCTDEFINITIONSHAPE($,$,(#391,#398));
#400=IFCWALL('1k$xn8F5n4Fh7djrSbidD6',#18,'Basic Wall:Generic - 250mm:1624951',$,'Basic Wall:Generic - 250mm',#388,#399,'1624951',.NOTDEFINED.);
#401=IFCPROPERTYSET('2sd_s4Yeao8nnACoMOE8k7',#18,'Pset_EnvironmentalImpactIndicators',$,(#328));
#402=IFCPROPERTYSINGLEVALUE('Reference',$,IFCLABEL('Generic - 250mm'),$);
#403=IFCPROPERTYSET('0SXTBpAA0VYVRFKBTh4SCr',#18,'Pset_ReinforcementBarPitchOfWall',$,(#402));
#404=IFCPROPERTYSET('06h1KNBm_s9qanK5EvmcgC',#18,'Pset_WallCommon',$,(#328,#332,#333,#334));
#405=IFCRELDEFINESBYPROPERTIES('3XcaE76zThEzJhnfw4Yg4F',#18,$,$,(#400),#401);
#406=IFCRELDEFINESBYPROPERTIES('0WdExRZBL7FFJUk_ZhLUfl',#18,$,$,(#400),#403);
#407=IFCRELDEFINESBYPROPERTIES('1EMjPbP1f7fM7oUMkQbgAG',#18,$,$,(#400),#404);
#408=IFCCARTESIANPOINT((10725.,9950.,0.));
#409=IFCAXIS2PLACEMENT3D(#408,#9,#8);
#410=IFCLOCALPLACEMENT(#34,#409);
#411=IFCCARTESIANPOINT((7000.,0.));
#412=IFCPOLYLINE((#4,#411));
#413=IFCSHAPEREPRESENTATION(#23,'Axis','Curve2D',(#412));
#414=IFCCARTESIANPOINT((3499.99999999996,9.9475983006414E-14));
#415=IFCAXIS2PLACEMENT2D(#414,#12);
#416=IFCRECTANGLEPROFILEDEF(.AREA.,$,#415,6999.99999999992,249.999999999999);
#417=IFCAXIS2PLACEMENT3D(#3,$,$);
#418=IFCEXTRUDEDAREASOLID(#416,#417,#9,3000.);
#419=IFCSTYLEDITEM(#418,(#316),$);
#420=IFCSHAPEREPRESENTATION(#24,'Body','SweptSolid',(#418));
#421=IFCPRODUCTDEFINITIONSHAPE($,$,(#413,#420));
#422=IFCWALL('1k$xn8F5n4Fh7djrSbidFf',#18,'Basic Wall:Generic - 250mm:1625048',$,'Basic Wall:Generic - 250mm',#410,#421,'1625048',.NOTDEFINED.);
#423=IFCPROPERTYSET('2wuQTLOlbtZmSwyKVkHPGq',#18,'Pset_EnvironmentalImpactIndicators',$,(#328));
#424=IFCPROPERTYSINGLEVALUE('Reference',$,IFCLABEL('Generic - 250mm'),$);
#425=IFCPROPERTYSET('04RHClSPcYAMRDnfLr4NSX',#18,'Pset_ReinforcementBarPitchOfWall',$,(#424));
#426=IFCPROPERTYSET('2cypbAK_6MoiKUUBXdNA0Z',#18,'Pset_WallCommon',$,(#328,#332,#333,#334));
#427=IFCRELDEFINESBYPROPERTIES('3RBOCW$hoaEDui0djblFDC',#18,$,$,(#422),#423);
#428=IFCRELDEFINESBYPROPERTIES('0_xbFt6gt8amk518ufV8j$',#18,$,$,(#422),#425);
#429=IFCRELDEFINESBYPROPERTIES('0MC2S0w150$Qc9mDhzscvg',#18,$,$,(#422),#426);
#430=IFCCARTESIANPOINT((10850.,3075.,0.));
#431=IFCAXIS2PLACEMENT3D(#430,$,$);
#432=IFCLOCALPLACEMENT(#34,#431);
#433=IFCCARTESIANPOINT((21400.,0.));
#434=IFCPOLYLINE((#4,#433));
#435=IFCSHAPEREPRESENTATION(#23,'Axis','Curve2D',(#434));
#436=IFCCARTESIANPOINT((10700.,1.63424829224823E-13));
#437=IFCAXIS2PLACEMENT2D(#436,#12);
#438=IFCRECTANGLEPROFILEDEF(.AREA.,$,#437,21400.,249.999999999999);
#439=IFCAXIS2PLACEMENT3D(#3,$,$);
#440=IFCEXTRUDEDAREASOLID(#438,#439,#9,3000.);
#441=IFCSTYLEDITEM(#440,(#316),$);
#442=IFCSHAPEREPRESENTATION(#24,'Body','SweptSolid',(#440));
#443=IFCPRODUCTDEFINITIONSHAPE($,$,(#435,#442));
#444=IFCWALL('1k$xn8F5n4Fh7djrSbidGQ',#18,'Basic Wall:Generic - 250mm:1625131',$,'Basic Wall:Generic - 250mm',#432,#443,'1625131',.NOTDEFINED.);
#445=IFCPROPERTYSET('3ClQ$A83Np9i1wBCj8O6oc',#18,'Pset_EnvironmentalImpactIndicators',$,(#328));
#446=IFCPROPERTYSINGLEVALUE('Reference',$,IFCLABEL('Generic - 250mm'),$);
#447=IFCPROPERTYSET('1gbwAOEzWF77S7Hv5_qFs$',#18,'Pset_ReinforcementBarPitchOfWall',$,(#446));
#448=IFCPROPERTYSET('3$1pLnHUz173EV2cqdeyfy',#18,'Pset_WallCommon',$,(#328,#332,#333,#334));
#449=IFCRELDEFINESBYPROPERTIES('3_BAtli2CnVzarXGYV8gGg',#18,$,$,(#444),#445);
#450=IFCRELDEFINESBYPROPERTIES('3GBh_9RtHltnWKF$nNMATZ',#18,$,$,(#444),#447);
#451=IFCRELDEFINESBYPROPERTIES('3lReN9qGh5$CqdXNrc$TIh',#18,$,$,(#444),#448);
#452=IFCCARTESIANPOINT((19375.,3200.,0.));
#453=IFCAXIS2PLACEMENT3D(#452,#9,#7);
#454=IFCLOCALPLACEMENT(#34,#453);
#455=IFCCARTESIANPOINT((6500.,-0.));
#456=IFCPOLYLINE((#4,#455));
#457=IFCSHAPEREPRESENTATION(#23,'Axis','Curve2D',(#456));
#458=IFCCARTESIANPOINT((3249.99999999998,-2.98427949019242E-13));
#459=IFCAXIS2PLACEMENT2D(#458,#12);
#460=IFCRECTANGLEPROFILEDEF(.AREA.,$,#459,6499.99999999996,249.999999999999);
#461=IFCAXIS2PLACEMENT3D(#3,$,$);
#462=IFCEXTRUDEDAREASOLID(#460,#461,#9,3000.);
#463=IFCSTYLEDITEM(#462,(#316),$);
#464=IFCSHAPEREPRESENTATION(#24,'Body','SweptSolid',(#462));
#465=IFCPRODUCTDEFINITIONSHAPE($,$,(#457,#464));
#466=IFCWALL('1k$xn8F5n4Fh7djrSbidIa',#18,'Basic Wall:Generic - 250mm:1625237',$,'Basic Wall:Generic - 250mm',#454,#465,'1625237',.NOTDEFINED.);
#467=IFCPROPERTYSET('36$82$IW5QkfB3nn186Mz3',#18,'Pset_EnvironmentalImpactIndicators',$,(#328));
#468=IFCPROPERTYSINGLEVALUE('Reference',$,IFCLABEL('Generic - 250mm'),$);
#469=IFCPROPERTYSET('0QTHDEQeB8dqLJpYZldo3O',#18,'Pset_ReinforcementBarPitchOfWall',$,(#468));
#470=IFCPROPERTYSET('0rEg_YG309NnxR24QqjxTC',#18,'Pset_WallCommon',$,(#328,#332,#333,#334));
#471=IFCRELDEFINESBYPROPERTIES('33ZHx13QcZGEZeDYFU$HjB',#18,$,$,(#466),#467);
#472=IFCRELDEFINESBYPROPERTIES('25b3nPyyroMR8vzvsy1tzb',#18,$,$,(#466),#469);
#473=IFCRELDEFINESBYPROPERTIES('0cc9vMBGIRljsEJ7Iu7B9N',#18,$,$,(#466),#470);
#474=IFCCARTESIANPOINT((32250.,9825.,0.));
#475=IFCAXIS2PLACEMENT3D(#474,#9,#6);
#476=IFCLOCALPLACEMENT(#34,#475);
#477=IFCCARTESIANPOINT((21400.,0.));
#478=IFCPOLYLINE((#4,#477));
#479=IFCSHAPEREPRESENTATION(#23,'Axis','Curve2D',(#478));
#480=IFCCARTESIANPOINT((10700.,0.));
#481=IFCAXIS2PLACEMENT2D(#480,#11);
#482=IFCRECTANGLEPROFILEDEF(.AREA.,$,#481,21400.,249.999999999999);
#483=IFCAXIS2PLACEMENT3D(#3,$,$);
#484=IFCEXTRUDEDAREASOLID(#482,#483,#9,3000.);
#485=IFCSTYLEDITEM(#484,(#316),$);
#486=IFCSHAPEREPRESENTATION(#24,'Body','SweptSolid',(#484));
#487=IFCPRODUCTDEFINITIONSHAPE($,$,(#479,#486));
#488=IFCWALL('1k$xn8F5n4Fh7djrSbidJi',#18,'Basic Wall:Generic - 250mm:1625309',$,'Basic Wall:Generic - 250mm',#476,#487,'1625309',.NOTDEFINED.);
#489=IFCPROPERTYSET('091ZnRJ_0sebLZVLk4hYzj',#18,'Pset_EnvironmentalImpactIndicators',$,(#328));
#490=IFCPROPERTYSINGLEVALUE('Reference',$,IFCLABEL('Generic - 250mm'),$);
#491=IFCPROPERTYSET('04wQeJdAy6AuYzLt3KPRDt',#18,'Pset_ReinforcementBarPitchOfWall',$,(#490));
#492=IFCPROPERTYSET('3flwisvtJRW2Ln2fy$ZFU2',#18,'Pset_WallCommon',$,(#328,#332,#333,#334));
#493=IFCRELDEFINESBYPROPERTIES('3BuyePjp4QAJpHji9zLhOh',#18,$,$,(#488),#489);
#494=IFCRELDEFINESBYPROPERTIES('0tcVa4TRtrdris0XWkAqJv',#18,$,$,(#488),#491);
#495=IFCRELDEFINESBYPROPERTIES('2PL3eCWi2ks5OhNiiBGqIj',#18,$,$,(#488),#492);
#496=IFCCARTESIANPOINT((-1912.29035898824,21599.2926162618,0.));
#497=IFCAXIS2PLACEMENT3D(#496,#9,#8);
#498=IFCLOCALPLACEMENT(#34,#497);
#499=IFCCARTESIANPOINT((6750.,0.));
#500=IFCPOLYLINE((#4,#499));
#501=IFCSHAPEREPRESENTATION(#23,'Axis','Curve2D',(#500));
#502=IFCCARTESIANPOINT((3374.99999999999,6.3948846218409E-14));
#503=IFCAXIS2PLACEMENT2D(#502,#12);
#504=IFCRECTANGLEPROFILEDEF(.AREA.,$,#503,6749.99999999999,250.);
#505=IFCAXIS2PLACEMENT3D(#3,$,$);
#506=IFCEXTRUDEDAREASOLID(#504,#505,#9,3000.);
#507=IFCSTYLEDITEM(#506,(#316),$);
#508=IFCSHAPEREPRESENTATION(#24,'Body','SweptSolid',(#506));
#509=IFCPRODUCTDEFINITIONSHAPE($,$,(#501,#508));
#510=IFCWALL('1k$xn8F5n4Fh7djrSbidLb',#18,'Basic Wall:Generic - 250mm:1625428',$,'Basic Wall:Generic - 250mm',#498,#509,'1625428',.NOTDEFINED.);
#511=IFCPROPERTYSET('2SAV3IkqBXyCA7hKF2Gx9j',#18,'Pset_EnvironmentalImpactIndicators',$,(#328));
#512=IFCPROPERTYSINGLEVALUE('Reference',$,IFCLABEL('Generic - 250mm'),$);
#513=IFCPROPERTYSET('3F6KggdS5crA$IlZLyq9fc',#18,'Pset_ReinforcementBarPitchOfWall',$,(#512));
#514=IFCPROPERTYSET('0Pv7c3AGRvlTV1SBZ$MUJs',#18,'Pset_WallCommon',$,(#328,#332,#333,#334));
#515=IFCRELDEFINESBYPROPERTIES('3656sxsx2iT62s69w5Ek49',#18,$,$,(#510),#511);
#516=IFCRELDEFINESBYPROPERTIES('377wkyrMSA5$ARQ0M$FEpE',#18,$,$,(#510),#513);
#517=IFCRELDEFINESBYPROPERTIES('1kl95OetndtkPmskiNT5NS',#18,$,$,(#510),#514);
#518=IFCCARTESIANPOINT((-1787.29035898825,14974.2926162619,0.));
#519=IFCAXIS2PLACEMENT3D(#518,$,$);
#520=IFCLOCALPLACEMENT(#34,#519);
#521=IFCCARTESIANPOINT((7750.,0.));
#522=IFCPOLYLINE((#4,#521));
#523=IFCSHAPEREPRESENTATION(#23,'Axis','Curve2D',(#522));
#524=IFCCARTESIANPOINT((3875.,0.));
#525=IFCAXIS2PLACEMENT2D(#524,#11);
#526=IFCRECTANGLEPROFILEDEF(.AREA.,$,#525,7750.,249.999999999999);
#527=IFCAXIS2PLACEMENT3D(#3,$,$);
#528=IFCEXTRUDEDAREASOLID(#526,#527,#9,3000.);
#529=IFCSTYLEDITEM(#528,(#316),$);
#530=IFCSHAPEREPRESENTATION(#24,'Body','SweptSolid',(#528));
#531=IFCPRODUCTDEFINITIONSHAPE($,$,(#523,#530));
#532=IFCWALL('1k$xn8F5n4Fh7djrSbidMM',#18,'Basic Wall:Generic - 250mm:1625511',$,'Basic Wall:Generic - 250mm',#520,#531,'1625511',.NOTDEFINED.);
#533=IFCPROPERTYSET('3o_7GJP5zJiW98rGXFTV6H',#18,'Pset_EnvironmentalImpactIndicators',$,(#328));
#534=IFCPROPERTYSINGLEVALUE('Reference',$,IFCLABEL('Generic - 250mm'),$);
#535=IFCPROPERTYSET('1Sh02LNKARQWKUW4mKvzCn',#18,'Pset_ReinforcementBarPitchOfWall',$,(#534));
#536=IFCPROPERTYSET('1N$6XCWhHvBXTFHWGyt7pu',#18,'Pset_WallCommon',$,(#328,#332,#333,#334));
#537=IFCRELDEFINESBYPROPERTIES('1YqRKUl2u1BxVw4dTngnPo',#18,$,$,(#532),#533);
#538=IFCRELDEFINESBYPROPERTIES('185fAu$Ddi2yPuItsrkN9j',#18,$,$,(#532),#535);
#539=IFCRELDEFINESBYPROPERTIES('0LyhxImh1K9IZ6N4Ah08Ub',#18,$,$,(#532),#536);
#540=IFCCARTESIANPOINT((5837.70964101175,15099.2926162619,0.));
#541=IFCAXIS2PLACEMENT3D(#540,#9,#7);
#542=IFCLOCALPLACEMENT(#34,#541);
#543=IFCCARTESIANPOINT((6500.,-0.));
#544=IFCPOLYLINE((#4,#543));
#545=IFCSHAPEREPRESENTATION(#23,'Axis','Curve2D',(#544));
#546=IFCCARTESIANPOINT((3249.99999999999,-1.4210854715202E-13));
#547=IFCAXIS2PLACEMENT2D(#546,#12);
#548=IFCRECTANGLEPROFILEDEF(.AREA.,$,#547,6499.99999999999,249.999999999999);
#549=IFCAXIS2PLACEMENT3D(#3,$,$);
#550=IFCEXTRUDEDAREASOLID(#548,#549,#9,3000.);
#551=IFCSTYLEDITEM(#550,(#316),$);
#552=IFCSHAPEREPRESENTATION(#24,'Body','SweptSolid',(#550));
#553=IFCPRODUCTDEFINITIONSHAPE($,$,(#545,#552));
#554=IFCWALL('1k$xn8F5n4Fh7djrSbidOR',#18,'Basic Wall:Generic - 250mm:1625642',$,'Basic Wall:Generic - 250mm',#542,#553,'1625642',.NOTDEFINED.);
#555=IFCPROPERTYSET('3Zbw3PANpEe5Npx05hX1Qj',#18,'Pset_EnvironmentalImpactIndicators',$,(#328));
#556=IFCPROPERTYSINGLEVALUE('Reference',$,IFCLABEL('Generic - 250mm'),$);
#557=IFCPROPERTYSET('0PjyFNGI_14o2VkuH2HzFg',#18,'Pset_ReinforcementBarPitchOfWall',$,(#556));
#558=IFCPROPERTYSET('1fNMvJHfH_ErAvVru6vVvf',#18,'Pset_WallCommon',$,(#328,#332,#333,#334));
#559=IFCRELDEFINESBYPROPERTIES('1UfkBDyw9laXC$NfbVNDYv',#18,$,$,(#554),#555);
#560=IFCRELDEFINESBYPROPERTIES('0v$DtCh5ZQgtmwdC9daMPf',#18,$,$,(#554),#557);
#561=IFCRELDEFINESBYPROPERTIES('2gfzjA1ver4nX88fuuSeSo',#18,$,$,(#554),#558);
#562=IFCCARTESIANPOINT((5712.70964101176,21474.2926162618,0.));
#563=IFCAXIS2PLACEMENT3D(#562,#9,#6);
#564=IFCLOCALPLACEMENT(#34,#563);
#565=IFCCARTESIANPOINT((7500.,0.));
#566=IFCPOLYLINE((#4,#565));
#567=IFCSHAPEREPRESENTATION(#23,'Axis','Curve2D',(#566));
#568=IFCCARTESIANPOINT((3750.,0.));
#569=IFCAXIS2PLACEMENT2D(#568,#12);
#570=IFCRECTANGLEPROFILEDEF(.AREA.,$,#569,7500.,250.000000000004);
#571=IFCAXIS2PLACEMENT3D(#3,$,$);
#572=IFCEXTRUDEDAREASOLID(#570,#571,#9,3000.);
#573=IFCSTYLEDITEM(#572,(#316),$);
#574=IFCSHAPEREPRESENTATION(#24,'Body','SweptSolid',(#572));
#575=IFCPRODUCTDEFINITIONSHAPE($,$,(#567,#574));
#576=IFCWALL('1k$xn8F5n4Fh7djrSbidP1',#18,'Basic Wall:Generic - 250mm:1625712',$,'Basic Wall:Generic - 250mm',#564,#575,'1625712',.NOTDEFINED.);
#577=IFCPROPERTYSET('2XIT7AYDKeCXM_yzqV9bGo',#18,'Pset_EnvironmentalImpactIndicators',$,(#328));
#578=IFCPROPERTYSINGLEVALUE('Reference',$,IFCLABEL('Generic - 250mm'),$);
#579=IFCPROPERTYSET('3EpXu4f7t$dS65FgHTGyCd',#18,'Pset_ReinforcementBarPitchOfWall',$,(#578));
#580=IFCPROPERTYSET('02Mztd3Tiq5raKkQk5lYt5',#18,'Pset_WallCommon',$,(#328,#332,#333,#334));
#581=IFCRELDEFINESBYPROPERTIES('3GPViycDyMWylWfFiZwBIs',#18,$,$,(#576),#577);
#582=IFCRELDEFINESBYPROPERTIES('3jZgKfez_DDLyWWhT810Py',#18,$,$,(#576),#579);
#583=IFCRELDEFINESBYPROPERTIES('3T_7$uB4NFfxisgMlbjkgl',#18,$,$,(#576),#580);
#584=IFCCARTESIANPOINT((8625.,21950.,0.));
#585=IFCAXIS2PLACEMENT3D(#584,#9,#8);
#586=IFCLOCALPLACEMENT(#34,#585);
#587=IFCCARTESIANPOINT((8500.,0.));
#588=IFCPOLYLINE((#4,#587));
#589=IFCSHAPEREPRESENTATION(#23,'Axis','Curve2D',(#588));
#590=IFCCARTESIANPOINT((4250.,0.));
#591=IFCAXIS2PLACEMENT2D(#590,#12);
#592=IFCRECTANGLEPROFILEDEF(.AREA.,$,#591,8500.,249.999999999999);
#593=IFCAXIS2PLACEMENT3D(#3,$,$);
#594=IFCEXTRUDEDAREASOLID(#592,#593,#9,3000.);
#595=IFCSTYLEDITEM(#594,(#316),$);
#596=IFCSHAPEREPRESENTATION(#24,'Body','SweptSolid',(#594));
#597=IFCPRODUCTDEFINITIONSHAPE($,$,(#589,#596));
#598=IFCWALL('1k$xn8F5n4Fh7djrSbidQA',#18,'Basic Wall:Generic - 250mm:1625787',$,'Basic Wall:Generic - 250mm',#586,#597,'1625787',.NOTDEFINED.);
#599=IFCPROPERTYSET('2cyj7Gje2qJiFkuO_cjhhQ',#18,'Pset_EnvironmentalImpactIndicators',$,(#328));
#600=IFCPROPERTYSINGLEVALUE('Reference',$,IFCLABEL('Generic - 250mm'),$);
#601=IFCPROPERTYSET('01fVE$RhLBjxy9L1XCw6U$',#18,'Pset_ReinforcementBarPitchOfWall',$,(#600));
#602=IFCPROPERTYSET('0DOQXFk1k1LqUa_3GJntyM',#18,'Pset_WallCommon',$,(#328,#332,#333,#334));
#603=IFCRELDEFINESBYPROPERTIES('148OB0IjYiGMR4YhmGQMIJ',#18,$,$,(#598),#599);
#604=IFCRELDEFINESBYPROPERTIES('26OB_pLENBkqWyHDzi4N4U',#18,$,$,(#598),#601);
#605=IFCRELDEFINESBYPROPERTIES('2EFU9Wuxt8SmJoNoZPIi$X',#18,$,$,(#598),#602);
#606=IFCCARTESIANPOINT((8750.,13575.,0.));
#607=IFCAXIS2PLACEMENT3D(#606,$,$);
#608=IFCLOCALPLACEMENT(#34,#607);
#609=IFCCARTESIANPOINT((28047.3651262056,-0.));
#610=IFCPOLYLINE((#4,#609));
#611=IFCSHAPEREPRESENTATION(#23,'Axis','Curve2D',(#610));
#612=IFCCARTESIANPOINT((14023.6825631028,-5.6843418860808E-13));
#613=IFCAXIS2PLACEMENT2D(#612,#12);
#614=IFCRECTANGLEPROFILEDEF(.AREA.,$,#613,28047.3651262056,249.999999999999);
#615=IFCAXIS2PLACEMENT3D(#3,$,$);
#616=IFCEXTRUDEDAREASOLID(#614,#615,#9,3000.);
#617=IFCSTYLEDITEM(#616,(#316),$);
#618=IFCSHAPEREPRESENTATION(#24,'Body','SweptSolid',(#616));
#619=IFCPRODUCTDEFINITIONSHAPE($,$,(#611,#618));
#620=IFCWALL('1k$xn8F5n4Fh7djrSbidRF',#18,'Basic Wall:Generic - 250mm:1625854',$,'Basic Wall:Generic - 250mm',#608,#619,'1625854',.NOTDEFINED.);
#621=IFCPROPERTYSET('1u_itBvTq5dP9EXamNfdzL',#18,'Pset_EnvironmentalImpactIndicators',$,(#328));
#622=IFCPROPERTYSINGLEVALUE('Reference',$,IFCLABEL('Generic - 250mm'),$);
#623=IFCPROPERTYSET('0t930ZbC_kfuKrKj_HSCii',#18,'Pset_ReinforcementBarPitchOfWall',$,(#622));
#624=IFCPROPERTYSET('15jzDCTMw64hvg8cdlFihk',#18,'Pset_WallCommon',$,(#328,#332,#333,#334));
#625=IFCRELDEFINESBYPROPERTIES('3Ut66dRBjH7ssAC6WZ639e',#18,$,$,(#620),#621);
#626=IFCRELDEFINESBYPROPERTIES('0CdWSwJZvqMvP0X2qnTXRE',#18,$,$,(#620),#623);
#627=IFCRELDEFINESBYPROPERTIES('1rEi2W_Yi7huhVTirNeb6v',#18,$,$,(#620),#624);
#628=IFCCARTESIANPOINT((36797.3651262056,21825.,0.));
#629=IFCAXIS2PLACEMENT3D(#628,#9,#6);
#630=IFCLOCALPLACEMENT(#34,#629);
#631=IFCCARTESIANPOINT((28047.3651262056,0.));
#632=IFCPOLYLINE((#4,#631));
#633=IFCSHAPEREPRESENTATION(#23,'Axis','Curve2D',(#632));
#634=IFCCARTESIANPOINT((14023.6825631028,-1.22213350550737E-12));
#635=IFCAXIS2PLACEMENT2D(#634,#12);
#636=IFCRECTANGLEPROFILEDEF(.AREA.,$,#635,28047.3651262056,250.000000000004);
#637=IFCAXIS2PLACEMENT3D(#3,$,$);
#638=IFCEXTRUDEDAREASOLID(#636,#637,#9,3000.);
#639=IFCSTYLEDITEM(#638,(#316),$);
#640=IFCSHAPEREPRESENTATION(#24,'Body','SweptSolid',(#638));
#641=IFCPRODUCTDEFINITIONSHAPE($,$,(#633,#640));
#642=IFCWALL('1k$xn8F5n4Fh7djrSbidUN',#18,'Basic Wall:Generic - 250mm:1626022',$,'Basic Wall:Generic - 250mm',#630,#641,'1626022',.NOTDEFINED.);
#643=IFCPROPERTYSET('15b2z69SElpPtKsuViiSk9',#18,'Pset_EnvironmentalImpactIndicators',$,(#328));
#644=IFCPROPERTYSINGLEVALUE('Reference',$,IFCLABEL('Generic - 250mm'),$);
#645=IFCPROPERTYSET('2$rGYI3TqGUt4Xx3uN2ZGu',#18,'Pset_ReinforcementBarPitchOfWall',$,(#644));
#646=IFCPROPERTYSET('0FYQltEtiOP9yr_hQAwqk_',#18,'Pset_WallCommon',$,(#328,#332,#333,#334));
#647=IFCRELDEFINESBYPROPERTIES('3_hV30hNVyNcmVrDsw$liE',#18,$,$,(#642),#643);
#648=IFCRELDEFINESBYPROPERTIES('0FJdMMoB_5xRQLKcmxjY4Y',#18,$,$,(#642),#645);
#649=IFCRELDEFINESBYPROPERTIES('3uuLx1k29E28xAMUQtgWk0',#18,$,$,(#642),#646);
#650=IFCCARTESIANPOINT((115.009374999986,172.,1000.));
#651=IFCCARTESIANPOINT((115.350116737095,172.,1002.58819045103));
#652=IFCCARTESIANPOINT((116.349120962141,172.,1005.));
#653=IFCCARTESIANPOINT((117.93830718812,172.,1007.07106781187));
#654=IFCCARTESIANPOINT((120.009374999986,172.,1008.66025403784));
#655=IFCCARTESIANPOINT((122.421184548961,172.,1009.65925826289));
#656=IFCCARTESIANPOINT((125.009374999986,172.,1010.));
#657=IFCCARTESIANPOINT((127.597565451011,172.,1009.65925826289));
#658=IFCCARTESIANPOINT((130.009374999986,172.,1008.66025403784));
#659=IFCCARTESIANPOINT((132.080442811851,172.,1007.07106781187));
#660=IFCCARTESIANPOINT((133.66962903783,172.,1005.));
#661=IFCCARTESIANPOINT((134.668633262876,172.,1002.58819045103));
#662=IFCCARTESIANPOINT((135.009374999986,172.,1000.));
#663=IFCCARTESIANPOINT((134.668633262876,172.,997.411809548974));
#664=IFCCARTESIANPOINT((133.66962903783,172.,995.));
#665=IFCCARTESIANPOINT((132.080442811851,172.,992.928932188134));
#666=IFCCARTESIANPOINT((130.009374999986,172.,991.339745962155));
#667=IFCCARTESIANPOINT((127.597565451011,172.,990.340741737109));
#668=IFCCARTESIANPOINT((125.009374999986,172.,990.));
#669=IFCCARTESIANPOINT((122.42118454896,172.,990.340741737109));
#670=IFCCARTESIANPOINT((120.009374999986,172.,991.339745962156));
#671=IFCCARTESIANPOINT((117.93830718812,172.,992.928932188135));
#672=IFCCARTESIANPOINT((116.349120962141,172.,995.));
#673=IFCCARTESIANPOINT((115.350116737095,172.,997.411809548975));
#674=IFCCARTESIANPOINT((135.009374999986,142.,1000.));
#675=IFCCARTESIANPOINT((134.668633262876,142.,997.411809548974));
#676=IFCCARTESIANPOINT((133.66962903783,142.,995.));
#677=IFCCARTESIANPOINT((132.080442811851,142.,992.928932188134));
#678=IFCCARTESIANPOINT((130.009374999986,142.,991.339745962155));
#679=IFCCARTESIANPOINT((127.597565451011,142.,990.340741737109));
#680=IFCCARTESIANPOINT((125.009374999986,142.,990.));
#681=IFCCARTESIANPOINT((122.42118454896,142.,990.340741737109));
#682=IFCCARTESIANPOINT((120.009374999986,142.,991.339745962156));
#683=IFCCARTESIANPOINT((117.93830718812,142.,992.928932188135));
#684=IFCCARTESIANPOINT((116.349120962141,142.,995.));
#685=IFCCARTESIANPOINT((115.350116737095,142.,997.411809548975));
#686=IFCCARTESIANPOINT((115.009374999986,142.,1000.));
#687=IFCCARTESIANPOINT((115.350116737095,142.,1002.58819045103));
#688=IFCCARTESIANPOINT((116.349120962141,142.,1005.));
#689=IFCCARTESIANPOINT((117.93830718812,142.,1007.07106781187));
#690=IFCCARTESIANPOINT((120.009374999986,142.,1008.66025403784));
#691=IFCCARTESIANPOINT((122.421184548961,142.,1009.65925826289));
#692=IFCCARTESIANPOINT((125.009374999986,142.,1010.));
#693=IFCCARTESIANPOINT((127.597565451011,142.,1009.65925826289));
#694=IFCCARTESIANPOINT((130.009374999986,142.,1008.66025403784));
#695=IFCCARTESIANPOINT((132.080442811851,142.,1007.07106781187));
#696=IFCCARTESIANPOINT((133.66962903783,142.,1005.));
#697=IFCCARTESIANPOINT((134.668633262876,142.,1002.58819045103));
#698=IFCCARTESIANPOINT((140.009374999993,137.,1000.));
#699=IFCCARTESIANPOINT((140.009374999993,136.65925826289,997.411809548974));
#700=IFCCARTESIANPOINT((140.009374999993,135.660254037843,995.));
#701=IFCCARTESIANPOINT((140.009374999993,134.071067811864,992.928932188134));
#702=IFCCARTESIANPOINT((140.009374999993,132.,991.339745962155));
#703=IFCCARTESIANPOINT((140.009374999993,129.588190451024,990.340741737109));
#704=IFCCARTESIANPOINT((140.009374999993,127.,990.));
#705=IFCCARTESIANPOINT((140.009374999993,124.411809548973,990.340741737109));
#706=IFCCARTESIANPOINT((140.009374999993,122.,991.339745962155));
#707=IFCCARTESIANPOINT((140.009374999993,119.928932188133,992.928932188134));
#708=IFCCARTESIANPOINT((140.009374999993,118.339745962154,995.));
#709=IFCCARTESIANPOINT((140.009374999993,117.340741737108,997.411809548975));
#710=IFCCARTESIANPOINT((140.009374999993,117.,1000.));
#711=IFCCARTESIANPOINT((127.509374999989,120.349364905389,1000.));
#712=IFCCARTESIANPOINT((118.358739905376,129.500000000002,1000.));
#713=IFCCARTESIANPOINT((136.473841094055,138.464466094068,1000.));
#714=IFCCARTESIANPOINT((133.643177218647,118.705817554367,1000.));
#715=IFCCARTESIANPOINT((116.71519254347,135.63380225928,1000.));
#716=IFCCARTESIANPOINT((136.82627610932,117.852908777183,1000.));
#717=IFCCARTESIANPOINT((115.862283771728,138.816901129643,1000.));
#718=IFCCARTESIANPOINT((138.417825554656,117.426454388591,1000.));
#719=IFCCARTESIANPOINT((115.435829385857,140.408450564824,1000.));
#720=IFCCARTESIANPOINT((122.934057452682,124.924682452696,1000.));
#721=IFCCARTESIANPOINT((130.471703104851,128.247084953306,990.151922655303));
#722=IFCCARTESIANPOINT((126.25646058812,132.462328830194,990.151922490436));
#723=IFCCARTESIANPOINT((117.536966224423,132.566901129641,1000.));
#724=IFCCARTESIANPOINT((132.998757190759,123.329623681709,991.307206842549));
#725=IFCCARTESIANPOINT((123.974288286306,135.416124412892,990.276218677195));
#726=IFCCARTESIANPOINT((119.98103725959,136.039864479372,991.923303103072));
#727=IFCCARTESIANPOINT((135.990917462118,134.623630634522,992.487405404095));
#728=IFCCARTESIANPOINT((132.633005341928,137.981542384883,992.487405145908));
#729=IFCCARTESIANPOINT((131.50809206712,133.498717405389,990.453520847801));
#730=IFCCARTESIANPOINT((125.088865361315,127.328238130469,991.94476265457));
#731=IFCCARTESIANPOINT((130.576276109318,119.527591229878,1000.));
#732=IFCCARTESIANPOINT((125.221716226336,122.637023679042,1000.));
#733=IFCCARTESIANPOINT((120.646398679029,127.212341226349,1000.));
#734=IFCCARTESIANPOINT((140.009374999993,117.340741737108,1002.58819045103));
#735=IFCCARTESIANPOINT((140.009374999993,118.339745962154,1005.));
#736=IFCCARTESIANPOINT((140.009374999993,119.928932188133,1007.07106781187));
#737=IFCCARTESIANPOINT((140.009374999993,122.,1008.66025403784));
#738=IFCCARTESIANPOINT((140.009374999993,124.411809548974,1009.65925826289));
#739=IFCCARTESIANPOINT((140.009374999993,127.,1010.));
#740=IFCCARTESIANPOINT((140.009374999993,129.588190451024,1009.65925826289));
#741=IFCCARTESIANPOINT((140.009374999993,132.,1008.66025403784));
#742=IFCCARTESIANPOINT((140.009374999993,134.071067811864,1007.07106781187));
#743=IFCCARTESIANPOINT((140.009374999993,135.660254037843,1005.));
#744=IFCCARTESIANPOINT((140.009374999993,136.65925826289,1002.58819045102));
#745=IFCCARTESIANPOINT((126.256460588008,132.462328830074,1009.84807750954));
#746=IFCCARTESIANPOINT((130.471703104392,128.247084953196,1009.84807734463));
#747=IFCCARTESIANPOINT((132.998757190675,123.329623681673,1008.69279315741));
#748=IFCCARTESIANPOINT((123.974288286286,135.416124412863,1009.7237813228));
#749=IFCCARTESIANPOINT((119.981037259583,136.039864479351,1008.07669689692));
#750=IFCCARTESIANPOINT((132.63300534186,137.981542384842,1007.51259485416));
#751=IFCCARTESIANPOINT((135.990917462128,134.623630634528,1007.5125945959));
#752=IFCCARTESIANPOINT((131.508092066728,133.498717405049,1009.54647915236));
#753=IFCCARTESIANPOINT((125.337612737071,127.079490694254,1008.05523731716));
#754=IFCCARTESIANPOINT((245.009375,117.,1000.));
#755=IFCCARTESIANPOINT((245.009375,117.340741737108,997.411809548974));
#756=IFCCARTESIANPOINT((245.009375,118.339745962154,995.));
#757=IFCCARTESIANPOINT((245.009375,119.928932188133,992.928932188134));
#758=IFCCARTESIANPOINT((245.009375,122.,991.339745962155));
#759=IFCCARTESIANPOINT((245.009375,124.411809548974,990.340741737109));
#760=IFCCARTESIANPOINT((245.009375,127.,990.));
#761=IFCCARTESIANPOINT((245.009375,129.588190451024,990.340741737109));
#762=IFCCARTESIANPOINT((245.009375,132.,991.339745962155));
#763=IFCCARTESIANPOINT((245.009375,134.071067811864,992.928932188134));
#764=IFCCARTESIANPOINT((245.009375,135.660254037843,995.));
#765=IFCCARTESIANPOINT((245.009375,136.65925826289,997.411809548974));
#766=IFCCARTESIANPOINT((245.009375,137.,1000.));
#767=IFCCARTESIANPOINT((245.009375,136.65925826289,1002.58819045102));
#768=IFCCARTESIANPOINT((245.009375,135.660254037843,1005.));
#769=IFCCARTESIANPOINT((245.009375,134.071067811864,1007.07106781187));
#770=IFCCARTESIANPOINT((245.009375,132.,1008.66025403784));
#771=IFCCARTESIANPOINT((245.009375,129.588190451024,1009.65925826289));
#772=IFCCARTESIANPOINT((245.009375,127.,1010.));
#773=IFCCARTESIANPOINT((245.009375,124.411809548974,1009.65925826289));
#774=IFCCARTESIANPOINT((245.009375,122.,1008.66025403784));
#775=IFCCARTESIANPOINT((245.009375,119.928932188133,1007.07106781187));
#776=IFCCARTESIANPOINT((245.009375,118.339745962154,1005.));
#777=IFCCARTESIANPOINT((245.009375,117.340741737108,1002.58819045102));
#778=IFCPOLYLOOP((#671,#672,#673,#650,#651,#652,#653,#654,#655,#656,#657,#658,#659,#660,#661,#662,#663,#664,#665,#666,#667,#668,#669,#670));
#779=IFCFACEOUTERBOUND(#778,.T.);
#780=IFCFACE((#779));
#781=IFCPOLYLOOP((#686,#650,#673,#685));
#782=IFCFACEOUTERBOUND(#781,.T.);
#783=IFCFACE((#782));
#784=IFCPOLYLOOP((#685,#673,#672,#684));
#785=IFCFACEOUTERBOUND(#784,.T.);
#786=IFCFACE((#785));
#787=IFCPOLYLOOP((#682,#683,#671,#670));
#788=IFCFACEOUTERBOUND(#787,.T.);
#789=IFCFACE((#788));
#790=IFCPOLYLOOP((#672,#671,#683,#684));
#791=IFCFACEOUTERBOUND(#790,.T.);
#792=IFCFACE((#791));
#793=IFCPOLYLOOP((#681,#682,#670,#669));
#794=IFCFACEOUTERBOUND(#793,.T.);
#795=IFCFACE((#794));
#796=IFCPOLYLOOP((#668,#680,#681,#669));
#797=IFCFACEOUTERBOUND(#796,.T.);
#798=IFCFACE((#797));
#799=IFCPOLYLOOP((#679,#667,#666,#678));
#800=IFCFACEOUTERBOUND(#799,.T.);
#801=IFCFACE((#800));
#802=IFCPOLYLOOP((#678,#666,#665,#677));
#803=IFCFACEOUTERBOUND(#802,.T.);
#804=IFCFACE((#803));
#805=IFCPOLYLOOP((#675,#676,#664,#663));
#806=IFCFACEOUTERBOUND(#805,.T.);
#807=IFCFACE((#806));
#808=IFCPOLYLOOP((#665,#664,#676,#677));
#809=IFCFACEOUTERBOUND(#808,.T.);
#810=IFCFACE((#809));
#811=IFCPOLYLOOP((#674,#675,#663,#662));
#812=IFCFACEOUTERBOUND(#811,.T.);
#813=IFCFACE((#812));
#814=IFCPOLYLOOP((#679,#680,#668,#667));
#815=IFCFACEOUTERBOUND(#814,.T.);
#816=IFCFACE((#815));
#817=IFCPOLYLOOP((#674,#662,#661,#697));
#818=IFCFACEOUTERBOUND(#817,.T.);
#819=IFCFACE((#818));
#820=IFCPOLYLOOP((#697,#661,#660,#696));
#821=IFCFACEOUTERBOUND(#820,.T.);
#822=IFCFACE((#821));
#823=IFCPOLYLOOP((#694,#695,#659,#658));
#824=IFCFACEOUTERBOUND(#823,.T.);
#825=IFCFACE((#824));
#826=IFCPOLYLOOP((#660,#659,#695,#696));
#827=IFCFACEOUTERBOUND(#826,.T.);
#828=IFCFACE((#827));
#829=IFCPOLYLOOP((#693,#694,#658,#657));
#830=IFCFACEOUTERBOUND(#829,.T.);
#831=IFCFACE((#830));
#832=IFCPOLYLOOP((#656,#692,#693,#657));
#833=IFCFACEOUTERBOUND(#832,.T.);
#834=IFCFACE((#833));
#835=IFCPOLYLOOP((#691,#655,#654,#690));
#836=IFCFACEOUTERBOUND(#835,.T.);
#837=IFCFACE((#836));
#838=IFCPOLYLOOP((#690,#654,#653,#689));
#839=IFCFACEOUTERBOUND(#838,.T.);
#840=IFCFACE((#839));
#841=IFCPOLYLOOP((#687,#688,#652,#651));
#842=IFCFACEOUTERBOUND(#841,.T.);
#843=IFCFACE((#842));
#844=IFCPOLYLOOP((#653,#652,#688,#689));
#845=IFCFACEOUTERBOUND(#844,.T.);
#846=IFCFACE((#845));
#847=IFCPOLYLOOP((#686,#687,#651,#650));
#848=IFCFACEOUTERBOUND(#847,.T.);
#849=IFCFACE((#848));
#850=IFCPOLYLOOP((#691,#692,#656,#655));
#851=IFCFACEOUTERBOUND(#850,.T.);
#852=IFCFACE((#851));
#853=IFCPOLYLOOP((#684,#719,#685));
#854=IFCFACEOUTERBOUND(#853,.T.);
#855=IFCFACE((#854));
#856=IFCPOLYLOOP((#715,#681,#726));
#857=IFCFACEOUTERBOUND(#856,.T.);
#858=IFCFACE((#857));
#859=IFCPOLYLOOP((#728,#722,#725));
#860=IFCFACEOUTERBOUND(#859,.T.);
#861=IFCFACE((#860));
#862=IFCPOLYLOOP((#726,#712,#723,#715));
#863=IFCFACEOUTERBOUND(#862,.T.);
#864=IFCFACE((#863));
#865=IFCPOLYLOOP((#683,#682,#715));
#866=IFCFACEOUTERBOUND(#865,.T.);
#867=IFCFACE((#866));
#868=IFCPOLYLOOP((#683,#717,#684));
#869=IFCFACEOUTERBOUND(#868,.T.);
#870=IFCFACE((#869));
#871=IFCPOLYLOOP((#681,#715,#682));
#872=IFCFACEOUTERBOUND(#871,.T.);
#873=IFCFACE((#872));
#874=IFCPOLYLOOP((#726,#725,#712));
#875=IFCFACEOUTERBOUND(#874,.T.);
#876=IFCFACE((#875));
#877=IFCPOLYLOOP((#679,#678,#726));
#878=IFCFACEOUTERBOUND(#877,.T.);
#879=IFCFACE((#878));
#880=IFCPOLYLOOP((#729,#721,#730));
#881=IFCFACEOUTERBOUND(#880,.T.);
#882=IFCFACE((#881));
#883=IFCPOLYLOOP((#721,#724,#711));
#884=IFCFACEOUTERBOUND(#883,.T.);
#885=IFCFACE((#884));
#886=IFCPOLYLOOP((#681,#680,#726));
#887=IFCFACEOUTERBOUND(#886,.T.);
#888=IFCFACE((#887));
#889=IFCPOLYLOOP((#680,#679,#726));
#890=IFCFACEOUTERBOUND(#889,.T.);
#891=IFCFACE((#890));
#892=IFCPOLYLOOP((#727,#713,#698));
#893=IFCFACEOUTERBOUND(#892,.T.);
#894=IFCFACE((#893));
#895=IFCPOLYLOOP((#725,#726,#678));
#896=IFCFACEOUTERBOUND(#895,.T.);
#897=IFCFACE((#896));
#898=IFCPOLYLOOP((#700,#727,#699));
#899=IFCFACEOUTERBOUND(#898,.T.);
#900=IFCFACE((#899));
#901=IFCPOLYLOOP((#705,#714,#731));
#902=IFCFACEOUTERBOUND(#901,.T.);
#903=IFCFACE((#902));
#904=IFCPOLYLOOP((#709,#718,#708));
#905=IFCFACEOUTERBOUND(#904,.T.);
#906=IFCFACE((#905));
#907=IFCPOLYLOOP((#676,#728,#725));
#908=IFCFACEOUTERBOUND(#907,.T.);
#909=IFCFACE((#908));
#910=IFCPOLYLOOP((#678,#677,#725));
#911=IFCFACEOUTERBOUND(#910,.T.);
#912=IFCFACE((#911));
#913=IFCPOLYLOOP((#729,#730,#722));
#914=IFCFACEOUTERBOUND(#913,.T.);
#915=IFCFACE((#914));
#916=IFCPOLYLOOP((#702,#724,#701));
#917=IFCFACEOUTERBOUND(#916,.T.);
#918=IFCFACE((#917));
#919=IFCPOLYLOOP((#729,#728,#713));
#920=IFCFACEOUTERBOUND(#919,.T.);
#921=IFCFACE((#920));
#922=IFCPOLYLOOP((#730,#733,#722));
#923=IFCFACEOUTERBOUND(#922,.T.);
#924=IFCFACE((#923));
#925=IFCPOLYLOOP((#721,#732,#730));
#926=IFCFACEOUTERBOUND(#925,.T.);
#927=IFCFACE((#926));
#928=IFCPOLYLOOP((#705,#706,#714));
#929=IFCFACEOUTERBOUND(#928,.T.);
#930=IFCFACE((#929));
#931=IFCPOLYLOOP((#729,#722,#728));
#932=IFCFACEOUTERBOUND(#931,.T.);
#933=IFCFACE((#932));
#934=IFCPOLYLOOP((#724,#704,#731));
#935=IFCFACEOUTERBOUND(#934,.T.);
#936=IFCFACE((#935));
#937=IFCPOLYLOOP((#731,#704,#705));
#938=IFCFACEOUTERBOUND(#937,.T.);
#939=IFCFACE((#938));
#940=IFCPOLYLOOP((#714,#707,#716));
#941=IFCFACEOUTERBOUND(#940,.T.);
#942=IFCFACE((#941));
#943=IFCPOLYLOOP((#732,#721,#711));
#944=IFCFACEOUTERBOUND(#943,.T.);
#945=IFCFACE((#944));
#946=IFCPOLYLOOP((#706,#707,#714));
#947=IFCFACEOUTERBOUND(#946,.T.);
#948=IFCFACE((#947));
#949=IFCPOLYLOOP((#731,#711,#724));
#950=IFCFACEOUTERBOUND(#949,.T.);
#951=IFCFACE((#950));
#952=IFCPOLYLOOP((#710,#718,#709));
#953=IFCFACEOUTERBOUND(#952,.T.);
#954=IFCFACE((#953));
#955=IFCPOLYLOOP((#729,#727,#721));
#956=IFCFACEOUTERBOUND(#955,.T.);
#957=IFCFACE((#956));
#958=IFCPOLYLOOP((#722,#733,#725));
#959=IFCFACEOUTERBOUND(#958,.T.);
#960=IFCFACE((#959));
#961=IFCPOLYLOOP((#707,#708,#716));
#962=IFCFACEOUTERBOUND(#961,.T.);
#963=IFCFACE((#962));
#964=IFCPOLYLOOP((#675,#674,#728));
#965=IFCFACEOUTERBOUND(#964,.T.);
#966=IFCFACE((#965));
#967=IFCPOLYLOOP((#730,#732,#720,#733));
#968=IFCFACEOUTERBOUND(#967,.T.);
#969=IFCFACE((#968));
#970=IFCPOLYLOOP((#721,#727,#700));
#971=IFCFACEOUTERBOUND(#970,.T.);
#972=IFCFACE((#971));
#973=IFCPOLYLOOP((#717,#683,#715));
#974=IFCFACEOUTERBOUND(#973,.T.);
#975=IFCFACE((#974));
#976=IFCPOLYLOOP((#727,#698,#699));
#977=IFCFACEOUTERBOUND(#976,.T.);
#978=IFCFACE((#977));
#979=IFCPOLYLOOP((#719,#686,#685));
#980=IFCFACEOUTERBOUND(#979,.T.);
#981=IFCFACE((#980));
#982=IFCPOLYLOOP((#721,#701,#724));
#983=IFCFACEOUTERBOUND(#982,.T.);
#984=IFCFACE((#983));
#985=IFCPOLYLOOP((#708,#718,#716));
#986=IFCFACEOUTERBOUND(#985,.T.);
#987=IFCFACE((#986));
#988=IFCPOLYLOOP((#721,#700,#701));
#989=IFCFACEOUTERBOUND(#988,.T.);
#990=IFCFACE((#989));
#991=IFCPOLYLOOP((#684,#717,#719));
#992=IFCFACEOUTERBOUND(#991,.T.);
#993=IFCFACE((#992));
#994=IFCPOLYLOOP((#703,#724,#702));
#995=IFCFACEOUTERBOUND(#994,.T.);
#996=IFCFACE((#995));
#997=IFCPOLYLOOP((#724,#703,#704));
#998=IFCFACEOUTERBOUND(#997,.T.);
#999=IFCFACE((#998));
#1000=IFCPOLYLOOP((#725,#677,#676));
#1001=IFCFACEOUTERBOUND(#1000,.T.);
#1002=IFCFACE((#1001));
#1003=IFCPOLYLOOP((#727,#729,#713));
#1004=IFCFACEOUTERBOUND(#1003,.T.);
#1005=IFCFACE((#1004));
#1006=IFCPOLYLOOP((#728,#676,#675));
#1007=IFCFACEOUTERBOUND(#1006,.T.);
#1008=IFCFACE((#1007));
#1009=IFCPOLYLOOP((#712,#725,#733));
#1010=IFCFACEOUTERBOUND(#1009,.T.);
#1011=IFCFACE((#1010));
#1012=IFCPOLYLOOP((#728,#674,#713));
#1013=IFCFACEOUTERBOUND(#1012,.T.);
#1014=IFCFACE((#1013));
#1015=IFCPOLYLOOP((#715,#723,#712,#749));
#1016=IFCFACEOUTERBOUND(#1015,.T.);
#1017=IFCFACE((#1016));
#1018=IFCPOLYLOOP((#752,#750,#745));
#1019=IFCFACEOUTERBOUND(#1018,.T.);
#1020=IFCFACE((#1019));
#1021=IFCPOLYLOOP((#751,#698,#713));
#1022=IFCFACEOUTERBOUND(#1021,.T.);
#1023=IFCFACE((#1022));
#1024=IFCPOLYLOOP((#696,#695,#748));
#1025=IFCFACEOUTERBOUND(#1024,.T.);
#1026=IFCFACE((#1025));
#1027=IFCPOLYLOOP((#750,#748,#745));
#1028=IFCFACEOUTERBOUND(#1027,.T.);
#1029=IFCFACE((#1028));
#1030=IFCPOLYLOOP((#751,#746,#743));
#1031=IFCFACEOUTERBOUND(#1030,.T.);
#1032=IFCFACE((#1031));
#1033=IFCPOLYLOOP((#748,#750,#696));
#1034=IFCFACEOUTERBOUND(#1033,.T.);
#1035=IFCFACE((#1034));
#1036=IFCPOLYLOOP((#752,#745,#753));
#1037=IFCFACEOUTERBOUND(#1036,.T.);
#1038=IFCFACE((#1037));
#1039=IFCPOLYLOOP((#696,#750,#697));
#1040=IFCFACEOUTERBOUND(#1039,.T.);
#1041=IFCFACE((#1040));
#1042=IFCPOLYLOOP((#752,#751,#713));
#1043=IFCFACEOUTERBOUND(#1042,.T.);
#1044=IFCFACE((#1043));
#1045=IFCPOLYLOOP((#746,#752,#753));
#1046=IFCFACEOUTERBOUND(#1045,.T.);
#1047=IFCFACE((#1046));
#1048=IFCPOLYLOOP((#744,#698,#751));
#1049=IFCFACEOUTERBOUND(#1048,.T.);
#1050=IFCFACE((#1049));
#1051=IFCPOLYLOOP((#687,#686,#719));
#1052=IFCFACEOUTERBOUND(#1051,.T.);
#1053=IFCFACE((#1052));
#1054=IFCPOLYLOOP((#747,#746,#711));
#1055=IFCFACEOUTERBOUND(#1054,.T.);
#1056=IFCFACE((#1055));
#1057=IFCPOLYLOOP((#747,#711,#731));
#1058=IFCFACEOUTERBOUND(#1057,.T.);
#1059=IFCFACE((#1058));
#1060=IFCPOLYLOOP((#717,#715,#689));
#1061=IFCFACEOUTERBOUND(#1060,.T.);
#1062=IFCFACE((#1061));
#1063=IFCPOLYLOOP((#691,#749,#692));
#1064=IFCFACEOUTERBOUND(#1063,.T.);
#1065=IFCFACE((#1064));
#1066=IFCPOLYLOOP((#732,#711,#746));
#1067=IFCFACEOUTERBOUND(#1066,.T.);
#1068=IFCFACE((#1067));
#1069=IFCPOLYLOOP((#690,#689,#715));
#1070=IFCFACEOUTERBOUND(#1069,.T.);
#1071=IFCFACE((#1070));
#1072=IFCPOLYLOOP((#715,#691,#690));
#1073=IFCFACEOUTERBOUND(#1072,.T.);
#1074=IFCFACE((#1073));
#1075=IFCPOLYLOOP((#712,#733,#748));
#1076=IFCFACEOUTERBOUND(#1075,.T.);
#1077=IFCFACE((#1076));
#1078=IFCPOLYLOOP((#731,#738,#739));
#1079=IFCFACEOUTERBOUND(#1078,.T.);
#1080=IFCFACE((#1079));
#1081=IFCPOLYLOOP((#715,#749,#691));
#1082=IFCFACEOUTERBOUND(#1081,.T.);
#1083=IFCFACE((#1082));
#1084=IFCPOLYLOOP((#746,#751,#752));
#1085=IFCFACEOUTERBOUND(#1084,.T.);
#1086=IFCFACE((#1085));
#1087=IFCPOLYLOOP((#750,#752,#713));
#1088=IFCFACEOUTERBOUND(#1087,.T.);
#1089=IFCFACE((#1088));
#1090=IFCPOLYLOOP((#744,#751,#743));
#1091=IFCFACEOUTERBOUND(#1090,.T.);
#1092=IFCFACE((#1091));
#1093=IFCPOLYLOOP((#742,#743,#746));
#1094=IFCFACEOUTERBOUND(#1093,.T.);
#1095=IFCFACE((#1094));
#1096=IFCPOLYLOOP((#689,#688,#717));
#1097=IFCFACEOUTERBOUND(#1096,.T.);
#1098=IFCFACE((#1097));
#1099=IFCPOLYLOOP((#746,#753,#732));
#1100=IFCFACEOUTERBOUND(#1099,.T.);
#1101=IFCFACE((#1100));
#1102=IFCPOLYLOOP((#750,#674,#697));
#1103=IFCFACEOUTERBOUND(#1102,.T.);
#1104=IFCFACE((#1103));
#1105=IFCPOLYLOOP((#716,#736,#714));
#1106=IFCFACEOUTERBOUND(#1105,.T.);
#1107=IFCFACE((#1106));
#1108=IFCPOLYLOOP((#741,#747,#740));
#1109=IFCFACEOUTERBOUND(#1108,.T.);
#1110=IFCFACE((#1109));
#1111=IFCPOLYLOOP((#735,#716,#718));
#1112=IFCFACEOUTERBOUND(#1111,.T.);
#1113=IFCFACE((#1112));
#1114=IFCPOLYLOOP((#688,#719,#717));
#1115=IFCFACEOUTERBOUND(#1114,.T.);
#1116=IFCFACE((#1115));
#1117=IFCPOLYLOOP((#741,#742,#747));
#1118=IFCFACEOUTERBOUND(#1117,.T.);
#1119=IFCFACE((#1118));
#1120=IFCPOLYLOOP((#718,#710,#734));
#1121=IFCFACEOUTERBOUND(#1120,.T.);
#1122=IFCFACE((#1121));
#1123=IFCPOLYLOOP((#747,#739,#740));
#1124=IFCFACEOUTERBOUND(#1123,.T.);
#1125=IFCFACE((#1124));
#1126=IFCPOLYLOOP((#745,#733,#753));
#1127=IFCFACEOUTERBOUND(#1126,.T.);
#1128=IFCFACE((#1127));
#1129=IFCPOLYLOOP((#753,#733,#720,#732));
#1130=IFCFACEOUTERBOUND(#1129,.T.);
#1131=IFCFACE((#1130));
#1132=IFCPOLYLOOP((#714,#736,#737));
#1133=IFCFACEOUTERBOUND(#1132,.T.);
#1134=IFCFACE((#1133));
#1135=IFCPOLYLOOP((#737,#738,#714));
#1136=IFCFACEOUTERBOUND(#1135,.T.);
#1137=IFCFACE((#1136));
#1138=IFCPOLYLOOP((#693,#749,#694));
#1139=IFCFACEOUTERBOUND(#1138,.T.);
#1140=IFCFACE((#1139));
#1141=IFCPOLYLOOP((#714,#738,#731));
#1142=IFCFACEOUTERBOUND(#1141,.T.);
#1143=IFCFACE((#1142));
#1144=IFCPOLYLOOP((#718,#734,#735));
#1145=IFCFACEOUTERBOUND(#1144,.T.);
#1146=IFCFACE((#1145));
#1147=IFCPOLYLOOP((#733,#745,#748));
#1148=IFCFACEOUTERBOUND(#1147,.T.);
#1149=IFCFACE((#1148));
#1150=IFCPOLYLOOP((#747,#731,#739));
#1151=IFCFACEOUTERBOUND(#1150,.T.);
#1152=IFCFACE((#1151));
#1153=IFCPOLYLOOP((#693,#692,#749));
#1154=IFCFACEOUTERBOUND(#1153,.T.);
#1155=IFCFACE((#1154));
#1156=IFCPOLYLOOP((#746,#747,#742));
#1157=IFCFACEOUTERBOUND(#1156,.T.);
#1158=IFCFACE((#1157));
#1159=IFCPOLYLOOP((#736,#716,#735));
#1160=IFCFACEOUTERBOUND(#1159,.T.);
#1161=IFCFACE((#1160));
#1162=IFCPOLYLOOP((#687,#719,#688));
#1163=IFCFACEOUTERBOUND(#1162,.T.);
#1164=IFCFACE((#1163));
#1165=IFCPOLYLOOP((#748,#749,#712));
#1166=IFCFACEOUTERBOUND(#1165,.T.);
#1167=IFCFACE((#1166));
#1168=IFCPOLYLOOP((#748,#695,#694));
#1169=IFCFACEOUTERBOUND(#1168,.T.);
#1170=IFCFACE((#1169));
#1171=IFCPOLYLOOP((#750,#713,#674));
#1172=IFCFACEOUTERBOUND(#1171,.T.);
#1173=IFCFACE((#1172));
#1174=IFCPOLYLOOP((#749,#748,#694));
#1175=IFCFACEOUTERBOUND(#1174,.T.);
#1176=IFCFACE((#1175));
#1177=IFCPOLYLOOP((#759,#760,#761,#762,#763,#764,#765,#766,#767,#768,#769,#770,#771,#772,#773,#774,#775,#776,#777,#754,#755,#756,#757,#758));
#1178=IFCFACEOUTERBOUND(#1177,.T.);
#1179=IFCFACE((#1178));
#1180=IFCPOLYLOOP((#754,#710,#709,#755));
#1181=IFCFACEOUTERBOUND(#1180,.T.);
#1182=IFCFACE((#1181));
#1183=IFCPOLYLOOP((#755,#709,#708,#756));
#1184=IFCFACEOUTERBOUND(#1183,.T.);
#1185=IFCFACE((#1184));
#1186=IFCPOLYLOOP((#757,#707,#706,#758));
#1187=IFCFACEOUTERBOUND(#1186,.T.);
#1188=IFCFACE((#1187));
#1189=IFCPOLYLOOP((#756,#708,#707,#757));
#1190=IFCFACEOUTERBOUND(#1189,.T.);
#1191=IFCFACE((#1190));
#1192=IFCPOLYLOOP((#758,#706,#705,#759));
#1193=IFCFACEOUTERBOUND(#1192,.T.);
#1194=IFCFACE((#1193));
#1195=IFCPOLYLOOP((#704,#760,#759,#705));
#1196=IFCFACEOUTERBOUND(#1195,.T.);
#1197=IFCFACE((#1196));
#1198=IFCPOLYLOOP((#702,#701,#763,#762));
#1199=IFCFACEOUTERBOUND(#1198,.T.);
#1200=IFCFACE((#1199));
#1201=IFCPOLYLOOP((#703,#702,#762,#761));
#1202=IFCFACEOUTERBOUND(#1201,.T.);
#1203=IFCFACE((#1202));
#1204=IFCPOLYLOOP((#699,#698,#766,#765));
#1205=IFCFACEOUTERBOUND(#1204,.T.);
#1206=IFCFACE((#1205));
#1207=IFCPOLYLOOP((#700,#699,#765,#764));
#1208=IFCFACEOUTERBOUND(#1207,.T.);
#1209=IFCFACE((#1208));
#1210=IFCPOLYLOOP((#701,#700,#764,#763));
#1211=IFCFACEOUTERBOUND(#1210,.T.);
#1212=IFCFACE((#1211));
#1213=IFCPOLYLOOP((#761,#760,#704,#703));
#1214=IFCFACEOUTERBOUND(#1213,.T.);
#1215=IFCFACE((#1214));
#1216=IFCPOLYLOOP((#767,#766,#698,#744));
#1217=IFCFACEOUTERBOUND(#1216,.T.);
#1218=IFCFACE((#1217));
#1219=IFCPOLYLOOP((#767,#744,#743,#768));
#1220=IFCFACEOUTERBOUND(#1219,.T.);
#1221=IFCFACE((#1220));
#1222=IFCPOLYLOOP((#741,#740,#771,#770));
#1223=IFCFACEOUTERBOUND(#1222,.T.);
#1224=IFCFACE((#1223));
#1225=IFCPOLYLOOP((#742,#741,#770,#769));
#1226=IFCFACEOUTERBOUND(#1225,.T.);
#1227=IFCFACE((#1226));
#1228=IFCPOLYLOOP((#769,#768,#743,#742));
#1229=IFCFACEOUTERBOUND(#1228,.T.);
#1230=IFCFACE((#1229));
#1231=IFCPOLYLOOP((#739,#772,#771,#740));
#1232=IFCFACEOUTERBOUND(#1231,.T.);
#1233=IFCFACE((#1232));
#1234=IFCPOLYLOOP((#736,#775,#774,#737));
#1235=IFCFACEOUTERBOUND(#1234,.T.);
#1236=IFCFACE((#1235));
#1237=IFCPOLYLOOP((#737,#774,#773,#738));
#1238=IFCFACEOUTERBOUND(#1237,.T.);
#1239=IFCFACE((#1238));
#1240=IFCPOLYLOOP((#710,#754,#777,#734));
#1241=IFCFACEOUTERBOUND(#1240,.T.);
#1242=IFCFACE((#1241));
#1243=IFCPOLYLOOP((#735,#734,#777,#776));
#1244=IFCFACEOUTERBOUND(#1243,.T.);
#1245=IFCFACE((#1244));
#1246=IFCPOLYLOOP((#736,#735,#776,#775));
#1247=IFCFACEOUTERBOUND(#1246,.T.);
#1248=IFCFACE((#1247));
#1249=IFCPOLYLOOP((#739,#738,#773,#772));
#1250=IFCFACEOUTERBOUND(#1249,.T.);
#1251=IFCFACE((#1250));
#1252=IFCCARTESIANPOINT((92.5093749999858,172.,1000.));
#1253=IFCCARTESIANPOINT((93.5316002113137,172.,992.235428646925));
#1254=IFCCARTESIANPOINT((96.5286128864527,172.,985.));
#1255=IFCCARTESIANPOINT((101.296171564389,172.,978.786796564404));
#1256=IFCCARTESIANPOINT((107.509374999986,172.,974.019237886467));
#1257=IFCCARTESIANPOINT((114.74480364691,172.,971.022225211328));
#1258=IFCCARTESIANPOINT((122.509374999986,172.,970.));
#1259=IFCCARTESIANPOINT((130.273946353061,172.,971.022225211328));
#1260=IFCCARTESIANPOINT((137.509374999986,172.,974.019237886467));
#1261=IFCCARTESIANPOINT((143.722578435582,172.,978.786796564404));
#1262=IFCCARTESIANPOINT((148.490137113519,172.,985.));
#1263=IFCCARTESIANPOINT((151.487149788658,172.,992.235428646925));
#1264=IFCCARTESIANPOINT((152.509374999986,172.,1000.));
#1265=IFCCARTESIANPOINT((151.487149788658,172.,1007.76457135308));
#1266=IFCCARTESIANPOINT((148.490137113519,172.,1015.));
#1267=IFCCARTESIANPOINT((143.722578435582,172.,1021.2132034356));
#1268=IFCCARTESIANPOINT((137.509374999986,172.,1025.98076211353));
#1269=IFCCARTESIANPOINT((130.273946353061,172.,1028.97777478867));
#1270=IFCCARTESIANPOINT((122.509374999986,172.,1030.));
#1271=IFCCARTESIANPOINT((114.74480364691,172.,1028.97777478867));
#1272=IFCCARTESIANPOINT((107.509374999986,172.,1025.98076211353));
#1273=IFCCARTESIANPOINT((101.296171564389,172.,1021.2132034356));
#1274=IFCCARTESIANPOINT((96.5286128864525,172.,1015.));
#1275=IFCCARTESIANPOINT((93.5316002113137,172.,1007.76457135308));
#1276=IFCCARTESIANPOINT((92.5093749999858,180.,1000.));
#1277=IFCCARTESIANPOINT((93.5316002113137,180.,1007.76457135308));
#1278=IFCCARTESIANPOINT((96.5286128864525,180.,1015.));
#1279=IFCCARTESIANPOINT((101.296171564389,180.,1021.2132034356));
#1280=IFCCARTESIANPOINT((107.509374999986,180.,1025.98076211353));
#1281=IFCCARTESIANPOINT((114.74480364691,180.,1028.97777478867));
#1282=IFCCARTESIANPOINT((122.509374999986,180.,1030.));
#1283=IFCCARTESIANPOINT((130.273946353061,180.,1028.97777478867));
#1284=IFCCARTESIANPOINT((137.509374999986,180.,1025.98076211353));
#1285=IFCCARTESIANPOINT((143.722578435582,180.,1021.2132034356));
#1286=IFCCARTESIANPOINT((148.490137113519,180.,1015.));
#1287=IFCCARTESIANPOINT((151.487149788658,180.,1007.76457135308));
#1288=IFCCARTESIANPOINT((152.509374999986,180.,1000.));
#1289=IFCCARTESIANPOINT((151.487149788658,180.,992.235428646925));
#1290=IFCCARTESIANPOINT((148.490137113519,180.,985.));
#1291=IFCCARTESIANPOINT((143.722578435582,180.,978.786796564404));
#1292=IFCCARTESIANPOINT((137.509374999986,180.,974.019237886467));
#1293=IFCCARTESIANPOINT((130.273946353061,180.,971.022225211328));
#1294=IFCCARTESIANPOINT((122.509374999986,180.,970.));
#1295=IFCCARTESIANPOINT((114.74480364691,180.,971.022225211328));
#1296=IFCCARTESIANPOINT((107.509374999986,180.,974.019237886467));
#1297=IFCCARTESIANPOINT((101.296171564389,180.,978.786796564404));
#1298=IFCCARTESIANPOINT((96.5286128864527,180.,985.));
#1299=IFCCARTESIANPOINT((93.5316002113137,180.,992.235428646925));
#1300=IFCPOLYLOOP((#1267,#1268,#1269,#1270,#1271,#1272,#1273,#1274,#1275,#1252,#1253,#1254,#1255,#1256,#1257,#1258,#1259,#1260,#1261,#1262,#1263,#1264,#1265,#1266));
#1301=IFCFACEOUTERBOUND(#1300,.T.);
#1302=IFCFACE((#1301));
#1303=IFCPOLYLOOP((#1294,#1295,#1296,#1297,#1298,#1299,#1276,#1277,#1278,#1279,#1280,#1281,#1282,#1283,#1284,#1285,#1286,#1287,#1288,#1289,#1290,#1291,#1292,#1293));
#1304=IFCFACEOUTERBOUND(#1303,.T.);
#1305=IFCFACE((#1304));
#1306=IFCPOLYLOOP((#1276,#1252,#1275,#1277));
#1307=IFCFACEOUTERBOUND(#1306,.T.);
#1308=IFCFACE((#1307));
#1309=IFCPOLYLOOP((#1277,#1275,#1274,#1278));
#1310=IFCFACEOUTERBOUND(#1309,.T.);
#1311=IFCFACE((#1310));
#1312=IFCPOLYLOOP((#1280,#1279,#1273,#1272));
#1313=IFCFACEOUTERBOUND(#1312,.T.);
#1314=IFCFACE((#1313));
#1315=IFCPOLYLOOP((#1273,#1279,#1278,#1274));
#1316=IFCFACEOUTERBOUND(#1315,.T.);
#1317=IFCFACE((#1316));
#1318=IFCPOLYLOOP((#1281,#1280,#1272,#1271));
#1319=IFCFACEOUTERBOUND(#1318,.T.);
#1320=IFCFACE((#1319));
#1321=IFCPOLYLOOP((#1281,#1271,#1270,#1282));
#1322=IFCFACEOUTERBOUND(#1321,.T.);
#1323=IFCFACE((#1322));
#1324=IFCPOLYLOOP((#1282,#1270,#1269,#1283));
#1325=IFCFACEOUTERBOUND(#1324,.T.);
#1326=IFCFACE((#1325));
#1327=IFCPOLYLOOP((#1283,#1269,#1268,#1284));
#1328=IFCFACEOUTERBOUND(#1327,.T.);
#1329=IFCFACE((#1328));
#1330=IFCPOLYLOOP((#1286,#1285,#1267,#1266));
#1331=IFCFACEOUTERBOUND(#1330,.T.);
#1332=IFCFACE((#1331));
#1333=IFCPOLYLOOP((#1267,#1285,#1284,#1268));
#1334=IFCFACEOUTERBOUND(#1333,.T.);
#1335=IFCFACE((#1334));
#1336=IFCPOLYLOOP((#1287,#1286,#1266,#1265));
#1337=IFCFACEOUTERBOUND(#1336,.T.);
#1338=IFCFACE((#1337));
#1339=IFCPOLYLOOP((#1287,#1265,#1264,#1288));
#1340=IFCFACEOUTERBOUND(#1339,.T.);
#1341=IFCFACE((#1340));
#1342=IFCPOLYLOOP((#1288,#1264,#1263,#1289));
#1343=IFCFACEOUTERBOUND(#1342,.T.);
#1344=IFCFACE((#1343));
#1345=IFCPOLYLOOP((#1289,#1263,#1262,#1290));
#1346=IFCFACEOUTERBOUND(#1345,.T.);
#1347=IFCFACE((#1346));
#1348=IFCPOLYLOOP((#1292,#1291,#1261,#1260));
#1349=IFCFACEOUTERBOUND(#1348,.T.);
#1350=IFCFACE((#1349));
#1351=IFCPOLYLOOP((#1261,#1291,#1290,#1262));
#1352=IFCFACEOUTERBOUND(#1351,.T.);
#1353=IFCFACE((#1352));
#1354=IFCPOLYLOOP((#1293,#1292,#1260,#1259));
#1355=IFCFACEOUTERBOUND(#1354,.T.);
#1356=IFCFACE((#1355));
#1357=IFCPOLYLOOP((#1293,#1259,#1258,#1294));
#1358=IFCFACEOUTERBOUND(#1357,.T.);
#1359=IFCFACE((#1358));
#1360=IFCPOLYLOOP((#1294,#1258,#1257,#1295));
#1361=IFCFACEOUTERBOUND(#1360,.T.);
#1362=IFCFACE((#1361));
#1363=IFCPOLYLOOP((#1295,#1257,#1256,#1296));
#1364=IFCFACEOUTERBOUND(#1363,.T.);
#1365=IFCFACE((#1364));
#1366=IFCPOLYLOOP((#1298,#1297,#1255,#1254));
#1367=IFCFACEOUTERBOUND(#1366,.T.);
#1368=IFCFACE((#1367));
#1369=IFCPOLYLOOP((#1255,#1297,#1296,#1256));
#1370=IFCFACEOUTERBOUND(#1369,.T.);
#1371=IFCFACE((#1370));
#1372=IFCPOLYLOOP((#1299,#1298,#1254,#1253));
#1373=IFCFACEOUTERBOUND(#1372,.T.);
#1374=IFCFACE((#1373));
#1375=IFCPOLYLOOP((#1299,#1253,#1252,#1276));
#1376=IFCFACEOUTERBOUND(#1375,.T.);
#1377=IFCFACE((#1376));
#1378=IFCCARTESIANPOINT((115.009374999986,233.,1000.));
#1379=IFCCARTESIANPOINT((115.350116737095,233.,997.411809548975));
#1380=IFCCARTESIANPOINT((116.349120962141,233.,995.));
#1381=IFCCARTESIANPOINT((117.93830718812,233.,992.928932188135));
#1382=IFCCARTESIANPOINT((120.009374999986,233.,991.339745962156));
#1383=IFCCARTESIANPOINT((122.42118454896,233.,990.340741737109));
#1384=IFCCARTESIANPOINT((125.009374999986,233.,990.));
#1385=IFCCARTESIANPOINT((127.597565451011,233.,990.340741737109));
#1386=IFCCARTESIANPOINT((130.009374999986,233.,991.339745962155));
#1387=IFCCARTESIANPOINT((132.080442811851,233.,992.928932188134));
#1388=IFCCARTESIANPOINT((133.66962903783,233.,995.));
#1389=IFCCARTESIANPOINT((134.668633262876,233.,997.411809548974));
#1390=IFCCARTESIANPOINT((135.009374999986,233.,1000.));
#1391=IFCCARTESIANPOINT((134.668633262877,233.,1002.58819045103));
#1392=IFCCARTESIANPOINT((133.66962903783,233.,1005.));
#1393=IFCCARTESIANPOINT((132.080442811851,233.,1007.07106781187));
#1394=IFCCARTESIANPOINT((130.009374999986,233.,1008.66025403784));
#1395=IFCCARTESIANPOINT((127.597565451011,233.,1009.65925826289));
#1396=IFCCARTESIANPOINT((125.009374999986,233.,1010.));
#1397=IFCCARTESIANPOINT((122.421184548961,233.,1009.65925826289));
#1398=IFCCARTESIANPOINT((120.009374999986,233.,1008.66025403784));
#1399=IFCCARTESIANPOINT((117.93830718812,233.,1007.07106781187));
#1400=IFCCARTESIANPOINT((116.349120962141,233.,1005.));
#1401=IFCCARTESIANPOINT((115.350116737095,233.,1002.58819045103));
#1402=IFCCARTESIANPOINT((115.009374999986,263.,1000.));
#1403=IFCCARTESIANPOINT((115.350116737095,263.,997.411809548975));
#1404=IFCCARTESIANPOINT((116.349120962141,263.,995.));
#1405=IFCCARTESIANPOINT((117.93830718812,263.,992.928932188135));
#1406=IFCCARTESIANPOINT((120.009374999986,263.,991.339745962156));
#1407=IFCCARTESIANPOINT((122.42118454896,263.,990.340741737109));
#1408=IFCCARTESIANPOINT((125.009374999986,263.,990.));
#1409=IFCCARTESIANPOINT((127.597565451011,263.,990.340741737109));
#1410=IFCCARTESIANPOINT((130.009374999986,263.,991.339745962155));
#1411=IFCCARTESIANPOINT((132.080442811851,263.,992.928932188134));
#1412=IFCCARTESIANPOINT((133.66962903783,263.,995.));
#1413=IFCCARTESIANPOINT((134.668633262876,263.,997.411809548974));
#1414=IFCCARTESIANPOINT((135.009374999986,263.,1000.));
#1415=IFCCARTESIANPOINT((134.668633262877,263.,1002.58819045103));
#1416=IFCCARTESIANPOINT((133.66962903783,263.,1005.));
#1417=IFCCARTESIANPOINT((132.080442811851,263.,1007.07106781187));
#1418=IFCCARTESIANPOINT((130.009374999986,263.,1008.66025403784));
#1419=IFCCARTESIANPOINT((127.597565451011,263.,1009.65925826289));
#1420=IFCCARTESIANPOINT((125.009374999986,263.,1010.));
#1421=IFCCARTESIANPOINT((122.421184548961,263.,1009.65925826289));
#1422=IFCCARTESIANPOINT((120.009374999986,263.,1008.66025403784));
#1423=IFCCARTESIANPOINT((117.93830718812,263.,1007.07106781187));
#1424=IFCCARTESIANPOINT((116.349120962141,263.,1005.));
#1425=IFCCARTESIANPOINT((115.350116737095,263.,1002.58819045103));
#1426=IFCCARTESIANPOINT((140.009374999993,268.,1000.));
#1427=IFCCARTESIANPOINT((136.473841094055,266.535533905942,1000.));
#1428=IFCCARTESIANPOINT((118.358739905376,275.500000000008,1000.));
#1429=IFCCARTESIANPOINT((127.509374999989,284.650635094622,1000.));
#1430=IFCCARTESIANPOINT((140.009374999993,288.,1000.));
#1431=IFCCARTESIANPOINT((140.009374999993,287.659258262902,997.411809548975));
#1432=IFCCARTESIANPOINT((140.009374999993,286.660254037856,995.));
#1433=IFCCARTESIANPOINT((140.009374999993,285.071067811877,992.928932188134));
#1434=IFCCARTESIANPOINT((140.009374999993,283.,991.339745962155));
#1435=IFCCARTESIANPOINT((140.009374999993,280.588190451037,990.340741737109));
#1436=IFCCARTESIANPOINT((140.009374999993,278.,990.));
#1437=IFCCARTESIANPOINT((140.009374999993,275.411809548986,990.340741737109));
#1438=IFCCARTESIANPOINT((140.009374999993,273.,991.339745962155));
#1439=IFCCARTESIANPOINT((140.009374999993,270.928932188146,992.928932188134));
#1440=IFCCARTESIANPOINT((140.009374999993,269.339745962167,995.));
#1441=IFCCARTESIANPOINT((140.009374999993,268.340741737121,997.411809548974));
#1442=IFCCARTESIANPOINT((116.71519254347,269.366197740731,1000.));
#1443=IFCCARTESIANPOINT((133.643177218647,286.294182445643,1000.));
#1444=IFCCARTESIANPOINT((115.862283771728,266.183098870367,1000.));
#1445=IFCCARTESIANPOINT((136.82627610932,287.147091222827,1000.));
#1446=IFCCARTESIANPOINT((115.435829385857,264.591549435186,1000.));
#1447=IFCCARTESIANPOINT((138.417825554656,287.573545611419,1000.));
#1448=IFCCARTESIANPOINT((122.934057452682,280.075317547315,1000.));
#1449=IFCCARTESIANPOINT((130.471703104851,276.752915046704,990.151922655303));
#1450=IFCCARTESIANPOINT((126.25646058812,272.537671169817,990.151922490436));
#1451=IFCCARTESIANPOINT((117.536966224423,272.433098870369,1000.));
#1452=IFCCARTESIANPOINT((132.998757190759,281.670376318301,991.307206842549));
#1453=IFCCARTESIANPOINT((123.974288286306,269.583875587118,990.276218677195));
#1454=IFCCARTESIANPOINT((119.98103725959,268.960135520638,991.923303103072));
#1455=IFCCARTESIANPOINT((135.990917462118,270.376369365488,992.487405404095));
#1456=IFCCARTESIANPOINT((132.633005341929,267.018457615127,992.487405145908));
#1457=IFCCARTESIANPOINT((131.50809206712,271.501282594621,990.453520847801));
#1458=IFCCARTESIANPOINT((125.088865361315,277.671761869541,991.94476265457));
#1459=IFCCARTESIANPOINT((130.576276109318,285.472408770132,1000.));
#1460=IFCCARTESIANPOINT((125.221716226336,282.362976320968,1000.));
#1461=IFCCARTESIANPOINT((120.646398679029,277.787658773661,1000.));
#1462=IFCCARTESIANPOINT((140.009374999993,268.340741737121,1002.58819045102));
#1463=IFCCARTESIANPOINT((140.009374999993,269.339745962167,1005.));
#1464=IFCCARTESIANPOINT((140.009374999993,270.928932188146,1007.07106781187));
#1465=IFCCARTESIANPOINT((140.009374999993,273.,1008.66025403784));
#1466=IFCCARTESIANPOINT((140.009374999993,275.411809548986,1009.65925826289));
#1467=IFCCARTESIANPOINT((140.009374999993,278.,1010.));
#1468=IFCCARTESIANPOINT((140.009374999993,280.588190451037,1009.65925826289));
#1469=IFCCARTESIANPOINT((140.009374999993,283.,1008.66025403784));
#1470=IFCCARTESIANPOINT((140.009374999993,285.071067811877,1007.07106781187));
#1471=IFCCARTESIANPOINT((140.009374999993,286.660254037856,1005.));
#1472=IFCCARTESIANPOINT((140.009374999993,287.659258262902,1002.58819045103));
#1473=IFCCARTESIANPOINT((126.256460588008,272.537671169936,1009.84807750954));
#1474=IFCCARTESIANPOINT((130.471703104392,276.752915046814,1009.84807734463));
#1475=IFCCARTESIANPOINT((132.998757190675,281.670376318337,1008.69279315741));
#1476=IFCCARTESIANPOINT((123.974288286286,269.583875587147,1009.7237813228));
#1477=IFCCARTESIANPOINT((119.981037259583,268.960135520659,1008.07669689692));
#1478=IFCCARTESIANPOINT((132.63300534186,267.018457615169,1007.51259485416));
#1479=IFCCARTESIANPOINT((135.990917462128,270.376369365482,1007.5125945959));
#1480=IFCCARTESIANPOINT((131.508092066729,271.501282594962,1009.54647915236));
#1481=IFCCARTESIANPOINT((125.337612737071,277.920509305756,1008.05523731716));
#1482=IFCCARTESIANPOINT((245.009375,288.,1000.));
#1483=IFCCARTESIANPOINT((245.009375,287.659258262902,1002.58819045102));
#1484=IFCCARTESIANPOINT((245.009375,286.660254037856,1005.));
#1485=IFCCARTESIANPOINT((245.009375000001,285.071067811877,1007.07106781187));
#1486=IFCCARTESIANPOINT((245.009375000001,283.,1008.66025403784));
#1487=IFCCARTESIANPOINT((245.009375000001,280.588190451037,1009.65925826289));
#1488=IFCCARTESIANPOINT((245.009375000001,278.,1010.));
#1489=IFCCARTESIANPOINT((245.009375000001,275.411809548986,1009.65925826289));
#1490=IFCCARTESIANPOINT((245.009375000001,273.,1008.66025403784));
#1491=IFCCARTESIANPOINT((245.009375000001,270.928932188146,1007.07106781187));
#1492=IFCCARTESIANPOINT((245.009375,269.339745962167,1005.));
#1493=IFCCARTESIANPOINT((245.009375,268.340741737121,1002.58819045102));
#1494=IFCCARTESIANPOINT((245.009375,268.,1000.));
#1495=IFCCARTESIANPOINT((245.009375,268.340741737121,997.411809548974));
#1496=IFCCARTESIANPOINT((245.009375,269.339745962167,995.));
#1497=IFCCARTESIANPOINT((245.009375,270.928932188146,992.928932188134));
#1498=IFCCARTESIANPOINT((245.009375,273.,991.339745962155));
#1499=IFCCARTESIANPOINT((245.009375,275.411809548986,990.340741737109));
#1500=IFCCARTESIANPOINT((245.009375,278.,990.));
#1501=IFCCARTESIANPOINT((245.009375,280.588190451037,990.340741737109));
#1502=IFCCARTESIANPOINT((245.009375,283.,991.339745962155));
#1503=IFCCARTESIANPOINT((245.009375,285.071067811877,992.928932188134));
#1504=IFCCARTESIANPOINT((245.009375,286.660254037856,995.));
#1505=IFCCARTESIANPOINT((245.009375,287.659258262902,997.411809548974));
#1506=IFCPOLYLOOP((#1383,#1384,#1385,#1386,#1387,#1388,#1389,#1390,#1391,#1392,#1393,#1394,#1395,#1396,#1397,#1398,#1399,#1400,#1401,#1378,#1379,#1380,#1381,#1382));
#1507=IFCFACEOUTERBOUND(#1506,.T.);
#1508=IFCFACE((#1507));
#1509=IFCPOLYLOOP((#1403,#1379,#1378,#1402));
#1510=IFCFACEOUTERBOUND(#1509,.T.);
#1511=IFCFACE((#1510));
#1512=IFCPOLYLOOP((#1404,#1380,#1379,#1403));
#1513=IFCFACEOUTERBOUND(#1512,.T.);
#1514=IFCFACE((#1513));
#1515=IFCPOLYLOOP((#1381,#1405,#1406,#1382));
#1516=IFCFACEOUTERBOUND(#1515,.T.);
#1517=IFCFACE((#1516));
#1518=IFCPOLYLOOP((#1404,#1405,#1381,#1380));
#1519=IFCFACEOUTERBOUND(#1518,.T.);
#1520=IFCFACE((#1519));
#1521=IFCPOLYLOOP((#1382,#1406,#1407,#1383));
#1522=IFCFACEOUTERBOUND(#1521,.T.);
#1523=IFCFACE((#1522));
#1524=IFCPOLYLOOP((#1383,#1407,#1408,#1384));
#1525=IFCFACEOUTERBOUND(#1524,.T.);
#1526=IFCFACE((#1525));
#1527=IFCPOLYLOOP((#1410,#1386,#1385,#1409));
#1528=IFCFACEOUTERBOUND(#1527,.T.);
#1529=IFCFACE((#1528));
#1530=IFCPOLYLOOP((#1411,#1387,#1386,#1410));
#1531=IFCFACEOUTERBOUND(#1530,.T.);
#1532=IFCFACE((#1531));
#1533=IFCPOLYLOOP((#1388,#1412,#1413,#1389));
#1534=IFCFACEOUTERBOUND(#1533,.T.);
#1535=IFCFACE((#1534));
#1536=IFCPOLYLOOP((#1411,#1412,#1388,#1387));
#1537=IFCFACEOUTERBOUND(#1536,.T.);
#1538=IFCFACE((#1537));
#1539=IFCPOLYLOOP((#1389,#1413,#1414,#1390));
#1540=IFCFACEOUTERBOUND(#1539,.T.);
#1541=IFCFACE((#1540));
#1542=IFCPOLYLOOP((#1385,#1384,#1408,#1409));
#1543=IFCFACEOUTERBOUND(#1542,.T.);
#1544=IFCFACE((#1543));
#1545=IFCPOLYLOOP((#1415,#1391,#1390,#1414));
#1546=IFCFACEOUTERBOUND(#1545,.T.);
#1547=IFCFACE((#1546));
#1548=IFCPOLYLOOP((#1416,#1392,#1391,#1415));
#1549=IFCFACEOUTERBOUND(#1548,.T.);
#1550=IFCFACE((#1549));
#1551=IFCPOLYLOOP((#1393,#1417,#1418,#1394));
#1552=IFCFACEOUTERBOUND(#1551,.T.);
#1553=IFCFACE((#1552));
#1554=IFCPOLYLOOP((#1416,#1417,#1393,#1392));
#1555=IFCFACEOUTERBOUND(#1554,.T.);
#1556=IFCFACE((#1555));
#1557=IFCPOLYLOOP((#1394,#1418,#1419,#1395));
#1558=IFCFACEOUTERBOUND(#1557,.T.);
#1559=IFCFACE((#1558));
#1560=IFCPOLYLOOP((#1395,#1419,#1420,#1396));
#1561=IFCFACEOUTERBOUND(#1560,.T.);
#1562=IFCFACE((#1561));
#1563=IFCPOLYLOOP((#1422,#1398,#1397,#1421));
#1564=IFCFACEOUTERBOUND(#1563,.T.);
#1565=IFCFACE((#1564));
#1566=IFCPOLYLOOP((#1423,#1399,#1398,#1422));
#1567=IFCFACEOUTERBOUND(#1566,.T.);
#1568=IFCFACE((#1567));
#1569=IFCPOLYLOOP((#1400,#1424,#1425,#1401));
#1570=IFCFACEOUTERBOUND(#1569,.T.);
#1571=IFCFACE((#1570));
#1572=IFCPOLYLOOP((#1423,#1424,#1400,#1399));
#1573=IFCFACEOUTERBOUND(#1572,.T.);
#1574=IFCFACE((#1573));
#1575=IFCPOLYLOOP((#1401,#1425,#1402,#1378));
#1576=IFCFACEOUTERBOUND(#1575,.T.);
#1577=IFCFACE((#1576));
#1578=IFCPOLYLOOP((#1397,#1396,#1420,#1421));
#1579=IFCFACEOUTERBOUND(#1578,.T.);
#1580=IFCFACE((#1579));
#1581=IFCPOLYLOOP((#1403,#1446,#1404));
#1582=IFCFACEOUTERBOUND(#1581,.T.);
#1583=IFCFACE((#1582));
#1584=IFCPOLYLOOP((#1454,#1407,#1442));
#1585=IFCFACEOUTERBOUND(#1584,.T.);
#1586=IFCFACE((#1585));
#1587=IFCPOLYLOOP((#1453,#1450,#1456));
#1588=IFCFACEOUTERBOUND(#1587,.T.);
#1589=IFCFACE((#1588));
#1590=IFCPOLYLOOP((#1442,#1451,#1428,#1454));
#1591=IFCFACEOUTERBOUND(#1590,.T.);
#1592=IFCFACE((#1591));
#1593=IFCPOLYLOOP((#1442,#1406,#1405));
#1594=IFCFACEOUTERBOUND(#1593,.T.);
#1595=IFCFACE((#1594));
#1596=IFCPOLYLOOP((#1404,#1444,#1405));
#1597=IFCFACEOUTERBOUND(#1596,.T.);
#1598=IFCFACE((#1597));
#1599=IFCPOLYLOOP((#1406,#1442,#1407));
#1600=IFCFACEOUTERBOUND(#1599,.T.);
#1601=IFCFACE((#1600));
#1602=IFCPOLYLOOP((#1428,#1453,#1454));
#1603=IFCFACEOUTERBOUND(#1602,.T.);
#1604=IFCFACE((#1603));
#1605=IFCPOLYLOOP((#1454,#1410,#1409));
#1606=IFCFACEOUTERBOUND(#1605,.T.);
#1607=IFCFACE((#1606));
#1608=IFCPOLYLOOP((#1458,#1449,#1457));
#1609=IFCFACEOUTERBOUND(#1608,.T.);
#1610=IFCFACE((#1609));
#1611=IFCPOLYLOOP((#1429,#1452,#1449));
#1612=IFCFACEOUTERBOUND(#1611,.T.);
#1613=IFCFACE((#1612));
#1614=IFCPOLYLOOP((#1454,#1408,#1407));
#1615=IFCFACEOUTERBOUND(#1614,.T.);
#1616=IFCFACE((#1615));
#1617=IFCPOLYLOOP((#1454,#1409,#1408));
#1618=IFCFACEOUTERBOUND(#1617,.T.);
#1619=IFCFACE((#1618));
#1620=IFCPOLYLOOP((#1426,#1427,#1455));
#1621=IFCFACEOUTERBOUND(#1620,.T.);
#1622=IFCFACE((#1621));
#1623=IFCPOLYLOOP((#1410,#1454,#1453));
#1624=IFCFACEOUTERBOUND(#1623,.T.);
#1625=IFCFACE((#1624));
#1626=IFCPOLYLOOP((#1441,#1455,#1440));
#1627=IFCFACEOUTERBOUND(#1626,.T.);
#1628=IFCFACE((#1627));
#1629=IFCPOLYLOOP((#1459,#1443,#1435));
#1630=IFCFACEOUTERBOUND(#1629,.T.);
#1631=IFCFACE((#1630));
#1632=IFCPOLYLOOP((#1403,#1402,#1446));
#1633=IFCFACEOUTERBOUND(#1632,.T.);
#1634=IFCFACE((#1633));
#1635=IFCPOLYLOOP((#1453,#1456,#1412));
#1636=IFCFACEOUTERBOUND(#1635,.T.);
#1637=IFCFACE((#1636));
#1638=IFCPOLYLOOP((#1453,#1411,#1410));
#1639=IFCFACEOUTERBOUND(#1638,.T.);
#1640=IFCFACE((#1639));
#1641=IFCPOLYLOOP((#1450,#1458,#1457));
#1642=IFCFACEOUTERBOUND(#1641,.T.);
#1643=IFCFACE((#1642));
#1644=IFCPOLYLOOP((#1439,#1452,#1438));
#1645=IFCFACEOUTERBOUND(#1644,.T.);
#1646=IFCFACE((#1645));
#1647=IFCPOLYLOOP((#1427,#1456,#1457));
#1648=IFCFACEOUTERBOUND(#1647,.T.);
#1649=IFCFACE((#1648));
#1650=IFCPOLYLOOP((#1450,#1461,#1458));
#1651=IFCFACEOUTERBOUND(#1650,.T.);
#1652=IFCFACE((#1651));
#1653=IFCPOLYLOOP((#1458,#1460,#1449));
#1654=IFCFACEOUTERBOUND(#1653,.T.);
#1655=IFCFACE((#1654));
#1656=IFCPOLYLOOP((#1443,#1434,#1435));
#1657=IFCFACEOUTERBOUND(#1656,.T.);
#1658=IFCFACE((#1657));
#1659=IFCPOLYLOOP((#1456,#1450,#1457));
#1660=IFCFACEOUTERBOUND(#1659,.T.);
#1661=IFCFACE((#1660));
#1662=IFCPOLYLOOP((#1459,#1436,#1452));
#1663=IFCFACEOUTERBOUND(#1662,.T.);
#1664=IFCFACE((#1663));
#1665=IFCPOLYLOOP((#1435,#1436,#1459));
#1666=IFCFACEOUTERBOUND(#1665,.T.);
#1667=IFCFACE((#1666));
#1668=IFCPOLYLOOP((#1445,#1433,#1443));
#1669=IFCFACEOUTERBOUND(#1668,.T.);
#1670=IFCFACE((#1669));
#1671=IFCPOLYLOOP((#1429,#1449,#1460));
#1672=IFCFACEOUTERBOUND(#1671,.T.);
#1673=IFCFACE((#1672));
#1674=IFCPOLYLOOP((#1443,#1433,#1434));
#1675=IFCFACEOUTERBOUND(#1674,.T.);
#1676=IFCFACE((#1675));
#1677=IFCPOLYLOOP((#1452,#1429,#1459));
#1678=IFCFACEOUTERBOUND(#1677,.T.);
#1679=IFCFACE((#1678));
#1680=IFCPOLYLOOP((#1431,#1447,#1430));
#1681=IFCFACEOUTERBOUND(#1680,.T.);
#1682=IFCFACE((#1681));
#1683=IFCPOLYLOOP((#1449,#1455,#1457));
#1684=IFCFACEOUTERBOUND(#1683,.T.);
#1685=IFCFACE((#1684));
#1686=IFCPOLYLOOP((#1453,#1461,#1450));
#1687=IFCFACEOUTERBOUND(#1686,.T.);
#1688=IFCFACE((#1687));
#1689=IFCPOLYLOOP((#1442,#1405,#1444));
#1690=IFCFACEOUTERBOUND(#1689,.T.);
#1691=IFCFACE((#1690));
#1692=IFCPOLYLOOP((#1456,#1414,#1413));
#1693=IFCFACEOUTERBOUND(#1692,.T.);
#1694=IFCFACE((#1693));
#1695=IFCPOLYLOOP((#1448,#1460,#1458,#1461));
#1696=IFCFACEOUTERBOUND(#1695,.T.);
#1697=IFCFACE((#1696));
#1698=IFCPOLYLOOP((#1440,#1455,#1449));
#1699=IFCFACEOUTERBOUND(#1698,.T.);
#1700=IFCFACE((#1699));
#1701=IFCPOLYLOOP((#1445,#1432,#1433));
#1702=IFCFACEOUTERBOUND(#1701,.T.);
#1703=IFCFACE((#1702));
#1704=IFCPOLYLOOP((#1441,#1426,#1455));
#1705=IFCFACEOUTERBOUND(#1704,.T.);
#1706=IFCFACE((#1705));
#1707=IFCPOLYLOOP((#1432,#1447,#1431));
#1708=IFCFACEOUTERBOUND(#1707,.T.);
#1709=IFCFACE((#1708));
#1710=IFCPOLYLOOP((#1452,#1439,#1449));
#1711=IFCFACEOUTERBOUND(#1710,.T.);
#1712=IFCFACE((#1711));
#1713=IFCPOLYLOOP((#1446,#1444,#1404));
#1714=IFCFACEOUTERBOUND(#1713,.T.);
#1715=IFCFACE((#1714));
#1716=IFCPOLYLOOP((#1439,#1440,#1449));
#1717=IFCFACEOUTERBOUND(#1716,.T.);
#1718=IFCFACE((#1717));
#1719=IFCPOLYLOOP((#1445,#1447,#1432));
#1720=IFCFACEOUTERBOUND(#1719,.T.);
#1721=IFCFACE((#1720));
#1722=IFCPOLYLOOP((#1438,#1452,#1437));
#1723=IFCFACEOUTERBOUND(#1722,.T.);
#1724=IFCFACE((#1723));
#1725=IFCPOLYLOOP((#1436,#1437,#1452));
#1726=IFCFACEOUTERBOUND(#1725,.T.);
#1727=IFCFACE((#1726));
#1728=IFCPOLYLOOP((#1412,#1411,#1453));
#1729=IFCFACEOUTERBOUND(#1728,.T.);
#1730=IFCFACE((#1729));
#1731=IFCPOLYLOOP((#1427,#1457,#1455));
#1732=IFCFACEOUTERBOUND(#1731,.T.);
#1733=IFCFACE((#1732));
#1734=IFCPOLYLOOP((#1413,#1412,#1456));
#1735=IFCFACEOUTERBOUND(#1734,.T.);
#1736=IFCFACE((#1735));
#1737=IFCPOLYLOOP((#1461,#1453,#1428));
#1738=IFCFACEOUTERBOUND(#1737,.T.);
#1739=IFCFACE((#1738));
#1740=IFCPOLYLOOP((#1427,#1414,#1456));
#1741=IFCFACEOUTERBOUND(#1740,.T.);
#1742=IFCFACE((#1741));
#1743=IFCPOLYLOOP((#1477,#1428,#1451,#1442));
#1744=IFCFACEOUTERBOUND(#1743,.T.);
#1745=IFCFACE((#1744));
#1746=IFCPOLYLOOP((#1473,#1478,#1480));
#1747=IFCFACEOUTERBOUND(#1746,.T.);
#1748=IFCFACE((#1747));
#1749=IFCPOLYLOOP((#1427,#1426,#1479));
#1750=IFCFACEOUTERBOUND(#1749,.T.);
#1751=IFCFACE((#1750));
#1752=IFCPOLYLOOP((#1476,#1417,#1416));
#1753=IFCFACEOUTERBOUND(#1752,.T.);
#1754=IFCFACE((#1753));
#1755=IFCPOLYLOOP((#1473,#1476,#1478));
#1756=IFCFACEOUTERBOUND(#1755,.T.);
#1757=IFCFACE((#1756));
#1758=IFCPOLYLOOP((#1463,#1474,#1479));
#1759=IFCFACEOUTERBOUND(#1758,.T.);
#1760=IFCFACE((#1759));
#1761=IFCPOLYLOOP((#1416,#1478,#1476));
#1762=IFCFACEOUTERBOUND(#1761,.T.);
#1763=IFCFACE((#1762));
#1764=IFCPOLYLOOP((#1481,#1473,#1480));
#1765=IFCFACEOUTERBOUND(#1764,.T.);
#1766=IFCFACE((#1765));
#1767=IFCPOLYLOOP((#1415,#1478,#1416));
#1768=IFCFACEOUTERBOUND(#1767,.T.);
#1769=IFCFACE((#1768));
#1770=IFCPOLYLOOP((#1427,#1479,#1480));
#1771=IFCFACEOUTERBOUND(#1770,.T.);
#1772=IFCFACE((#1771));
#1773=IFCPOLYLOOP((#1481,#1480,#1474));
#1774=IFCFACEOUTERBOUND(#1773,.T.);
#1775=IFCFACE((#1774));
#1776=IFCPOLYLOOP((#1479,#1426,#1462));
#1777=IFCFACEOUTERBOUND(#1776,.T.);
#1778=IFCFACE((#1777));
#1779=IFCPOLYLOOP((#1446,#1402,#1425));
#1780=IFCFACEOUTERBOUND(#1779,.T.);
#1781=IFCFACE((#1780));
#1782=IFCPOLYLOOP((#1429,#1474,#1475));
#1783=IFCFACEOUTERBOUND(#1782,.T.);
#1784=IFCFACE((#1783));
#1785=IFCPOLYLOOP((#1459,#1429,#1475));
#1786=IFCFACEOUTERBOUND(#1785,.T.);
#1787=IFCFACE((#1786));
#1788=IFCPOLYLOOP((#1423,#1442,#1444));
#1789=IFCFACEOUTERBOUND(#1788,.T.);
#1790=IFCFACE((#1789));
#1791=IFCPOLYLOOP((#1420,#1477,#1421));
#1792=IFCFACEOUTERBOUND(#1791,.T.);
#1793=IFCFACE((#1792));
#1794=IFCPOLYLOOP((#1474,#1429,#1460));
#1795=IFCFACEOUTERBOUND(#1794,.T.);
#1796=IFCFACE((#1795));
#1797=IFCPOLYLOOP((#1442,#1423,#1422));
#1798=IFCFACEOUTERBOUND(#1797,.T.);
#1799=IFCFACE((#1798));
#1800=IFCPOLYLOOP((#1422,#1421,#1442));
#1801=IFCFACEOUTERBOUND(#1800,.T.);
#1802=IFCFACE((#1801));
#1803=IFCPOLYLOOP((#1476,#1461,#1428));
#1804=IFCFACEOUTERBOUND(#1803,.T.);
#1805=IFCFACE((#1804));
#1806=IFCPOLYLOOP((#1467,#1468,#1459));
#1807=IFCFACEOUTERBOUND(#1806,.T.);
#1808=IFCFACE((#1807));
#1809=IFCPOLYLOOP((#1421,#1477,#1442));
#1810=IFCFACEOUTERBOUND(#1809,.T.);
#1811=IFCFACE((#1810));
#1812=IFCPOLYLOOP((#1480,#1479,#1474));
#1813=IFCFACEOUTERBOUND(#1812,.T.);
#1814=IFCFACE((#1813));
#1815=IFCPOLYLOOP((#1427,#1480,#1478));
#1816=IFCFACEOUTERBOUND(#1815,.T.);
#1817=IFCFACE((#1816));
#1818=IFCPOLYLOOP((#1463,#1479,#1462));
#1819=IFCFACEOUTERBOUND(#1818,.T.);
#1820=IFCFACE((#1819));
#1821=IFCPOLYLOOP((#1474,#1463,#1464));
#1822=IFCFACEOUTERBOUND(#1821,.T.);
#1823=IFCFACE((#1822));
#1824=IFCPOLYLOOP((#1443,#1470,#1445));
#1825=IFCFACEOUTERBOUND(#1824,.T.);
#1826=IFCFACE((#1825));
#1827=IFCPOLYLOOP((#1460,#1481,#1474));
#1828=IFCFACEOUTERBOUND(#1827,.T.);
#1829=IFCFACE((#1828));
#1830=IFCPOLYLOOP((#1415,#1414,#1478));
#1831=IFCFACEOUTERBOUND(#1830,.T.);
#1832=IFCFACE((#1831));
#1833=IFCPOLYLOOP((#1444,#1424,#1423));
#1834=IFCFACEOUTERBOUND(#1833,.T.);
#1835=IFCFACE((#1834));
#1836=IFCPOLYLOOP((#1466,#1475,#1465));
#1837=IFCFACEOUTERBOUND(#1836,.T.);
#1838=IFCFACE((#1837));
#1839=IFCPOLYLOOP((#1444,#1446,#1424));
#1840=IFCFACEOUTERBOUND(#1839,.T.);
#1841=IFCFACE((#1840));
#1842=IFCPOLYLOOP((#1447,#1445,#1471));
#1843=IFCFACEOUTERBOUND(#1842,.T.);
#1844=IFCFACE((#1843));
#1845=IFCPOLYLOOP((#1475,#1464,#1465));
#1846=IFCFACEOUTERBOUND(#1845,.T.);
#1847=IFCFACE((#1846));
#1848=IFCPOLYLOOP((#1424,#1446,#1425));
#1849=IFCFACEOUTERBOUND(#1848,.T.);
#1850=IFCFACE((#1849));
#1851=IFCPOLYLOOP((#1466,#1467,#1475));
#1852=IFCFACEOUTERBOUND(#1851,.T.);
#1853=IFCFACE((#1852));
#1854=IFCPOLYLOOP((#1481,#1461,#1473));
#1855=IFCFACEOUTERBOUND(#1854,.T.);
#1856=IFCFACE((#1855));
#1857=IFCPOLYLOOP((#1448,#1461,#1481,#1460));
#1858=IFCFACEOUTERBOUND(#1857,.T.);
#1859=IFCFACE((#1858));
#1860=IFCPOLYLOOP((#1469,#1470,#1443));
#1861=IFCFACEOUTERBOUND(#1860,.T.);
#1862=IFCFACE((#1861));
#1863=IFCPOLYLOOP((#1443,#1468,#1469));
#1864=IFCFACEOUTERBOUND(#1863,.T.);
#1865=IFCFACE((#1864));
#1866=IFCPOLYLOOP((#1418,#1477,#1419));
#1867=IFCFACEOUTERBOUND(#1866,.T.);
#1868=IFCFACE((#1867));
#1869=IFCPOLYLOOP((#1459,#1468,#1443));
#1870=IFCFACEOUTERBOUND(#1869,.T.);
#1871=IFCFACE((#1870));
#1872=IFCPOLYLOOP((#1471,#1472,#1447));
#1873=IFCFACEOUTERBOUND(#1872,.T.);
#1874=IFCFACE((#1873));
#1875=IFCPOLYLOOP((#1476,#1473,#1461));
#1876=IFCFACEOUTERBOUND(#1875,.T.);
#1877=IFCFACE((#1876));
#1878=IFCPOLYLOOP((#1467,#1459,#1475));
#1879=IFCFACEOUTERBOUND(#1878,.T.);
#1880=IFCFACE((#1879));
#1881=IFCPOLYLOOP((#1477,#1420,#1419));
#1882=IFCFACEOUTERBOUND(#1881,.T.);
#1883=IFCFACE((#1882));
#1884=IFCPOLYLOOP((#1464,#1475,#1474));
#1885=IFCFACEOUTERBOUND(#1884,.T.);
#1886=IFCFACE((#1885));
#1887=IFCPOLYLOOP((#1471,#1445,#1470));
#1888=IFCFACEOUTERBOUND(#1887,.T.);
#1889=IFCFACE((#1888));
#1890=IFCPOLYLOOP((#1472,#1430,#1447));
#1891=IFCFACEOUTERBOUND(#1890,.T.);
#1892=IFCFACE((#1891));
#1893=IFCPOLYLOOP((#1428,#1477,#1476));
#1894=IFCFACEOUTERBOUND(#1893,.T.);
#1895=IFCFACE((#1894));
#1896=IFCPOLYLOOP((#1418,#1417,#1476));
#1897=IFCFACEOUTERBOUND(#1896,.T.);
#1898=IFCFACE((#1897));
#1899=IFCPOLYLOOP((#1414,#1427,#1478));
#1900=IFCFACEOUTERBOUND(#1899,.T.);
#1901=IFCFACE((#1900));
#1902=IFCPOLYLOOP((#1418,#1476,#1477));
#1903=IFCFACEOUTERBOUND(#1902,.T.);
#1904=IFCFACE((#1903));
#1905=IFCPOLYLOOP((#1503,#1504,#1505,#1482,#1483,#1484,#1485,#1486,#1487,#1488,#1489,#1490,#1491,#1492,#1493,#1494,#1495,#1496,#1497,#1498,#1499,#1500,#1501,#1502));
#1906=IFCFACEOUTERBOUND(#1905,.T.);
#1907=IFCFACE((#1906));
#1908=IFCPOLYLOOP((#1505,#1431,#1430,#1482));
#1909=IFCFACEOUTERBOUND(#1908,.T.);
#1910=IFCFACE((#1909));
#1911=IFCPOLYLOOP((#1504,#1432,#1431,#1505));
#1912=IFCFACEOUTERBOUND(#1911,.T.);
#1913=IFCFACE((#1912));
#1914=IFCPOLYLOOP((#1502,#1434,#1433,#1503));
#1915=IFCFACEOUTERBOUND(#1914,.T.);
#1916=IFCFACE((#1915));
#1917=IFCPOLYLOOP((#1503,#1433,#1432,#1504));
#1918=IFCFACEOUTERBOUND(#1917,.T.);
#1919=IFCFACE((#1918));
#1920=IFCPOLYLOOP((#1501,#1435,#1434,#1502));
#1921=IFCFACEOUTERBOUND(#1920,.T.);
#1922=IFCFACE((#1921));
#1923=IFCPOLYLOOP((#1435,#1501,#1500,#1436));
#1924=IFCFACEOUTERBOUND(#1923,.T.);
#1925=IFCFACE((#1924));
#1926=IFCPOLYLOOP((#1498,#1497,#1439,#1438));
#1927=IFCFACEOUTERBOUND(#1926,.T.);
#1928=IFCFACE((#1927));
#1929=IFCPOLYLOOP((#1499,#1498,#1438,#1437));
#1930=IFCFACEOUTERBOUND(#1929,.T.);
#1931=IFCFACE((#1930));
#1932=IFCPOLYLOOP((#1495,#1494,#1426,#1441));
#1933=IFCFACEOUTERBOUND(#1932,.T.);
#1934=IFCFACE((#1933));
#1935=IFCPOLYLOOP((#1496,#1495,#1441,#1440));
#1936=IFCFACEOUTERBOUND(#1935,.T.);
#1937=IFCFACE((#1936));
#1938=IFCPOLYLOOP((#1497,#1496,#1440,#1439));
#1939=IFCFACEOUTERBOUND(#1938,.T.);
#1940=IFCFACE((#1939));
#1941=IFCPOLYLOOP((#1437,#1436,#1500,#1499));
#1942=IFCFACEOUTERBOUND(#1941,.T.);
#1943=IFCFACE((#1942));
#1944=IFCPOLYLOOP((#1426,#1494,#1493,#1462));
#1945=IFCFACEOUTERBOUND(#1944,.T.);
#1946=IFCFACE((#1945));
#1947=IFCPOLYLOOP((#1492,#1463,#1462,#1493));
#1948=IFCFACEOUTERBOUND(#1947,.T.);
#1949=IFCFACE((#1948));
#1950=IFCPOLYLOOP((#1490,#1489,#1466,#1465));
#1951=IFCFACEOUTERBOUND(#1950,.T.);
#1952=IFCFACE((#1951));
#1953=IFCPOLYLOOP((#1491,#1490,#1465,#1464));
#1954=IFCFACEOUTERBOUND(#1953,.T.);
#1955=IFCFACE((#1954));
#1956=IFCPOLYLOOP((#1463,#1492,#1491,#1464));
#1957=IFCFACEOUTERBOUND(#1956,.T.);
#1958=IFCFACE((#1957));
#1959=IFCPOLYLOOP((#1466,#1489,#1488,#1467));
#1960=IFCFACEOUTERBOUND(#1959,.T.);
#1961=IFCFACE((#1960));
#1962=IFCPOLYLOOP((#1486,#1485,#1470,#1469));
#1963=IFCFACEOUTERBOUND(#1962,.T.);
#1964=IFCFACE((#1963));
#1965=IFCPOLYLOOP((#1487,#1486,#1469,#1468));
#1966=IFCFACEOUTERBOUND(#1965,.T.);
#1967=IFCFACE((#1966));
#1968=IFCPOLYLOOP((#1483,#1482,#1430,#1472));
#1969=IFCFACEOUTERBOUND(#1968,.T.);
#1970=IFCFACE((#1969));
#1971=IFCPOLYLOOP((#1484,#1483,#1472,#1471));
#1972=IFCFACEOUTERBOUND(#1971,.T.);
#1973=IFCFACE((#1972));
#1974=IFCPOLYLOOP((#1485,#1484,#1471,#1470));
#1975=IFCFACEOUTERBOUND(#1974,.T.);
#1976=IFCFACE((#1975));
#1977=IFCPOLYLOOP((#1487,#1468,#1467,#1488));
#1978=IFCFACEOUTERBOUND(#1977,.T.);
#1979=IFCFACE((#1978));
#1980=IFCCARTESIANPOINT((92.5093749999859,233.,1000.));
#1981=IFCCARTESIANPOINT((93.5316002113138,233.,1007.76457135308));
#1982=IFCCARTESIANPOINT((96.5286128864527,233.,1015.));
#1983=IFCCARTESIANPOINT((101.296171564389,233.,1021.2132034356));
#1984=IFCCARTESIANPOINT((107.509374999986,233.,1025.98076211353));
#1985=IFCCARTESIANPOINT((114.74480364691,233.,1028.97777478867));
#1986=IFCCARTESIANPOINT((122.509374999986,233.,1030.));
#1987=IFCCARTESIANPOINT((130.273946353061,233.,1028.97777478867));
#1988=IFCCARTESIANPOINT((137.509374999986,233.,1025.98076211353));
#1989=IFCCARTESIANPOINT((143.722578435582,233.,1021.2132034356));
#1990=IFCCARTESIANPOINT((148.490137113519,233.,1015.));
#1991=IFCCARTESIANPOINT((151.487149788658,233.,1007.76457135308));
#1992=IFCCARTESIANPOINT((152.509374999986,233.,1000.));
#1993=IFCCARTESIANPOINT((151.487149788658,233.,992.235428646925));
#1994=IFCCARTESIANPOINT((148.490137113519,233.,985.));
#1995=IFCCARTESIANPOINT((143.722578435582,233.,978.786796564404));
#1996=IFCCARTESIANPOINT((137.509374999986,233.,974.019237886467));
#1997=IFCCARTESIANPOINT((130.273946353062,233.,971.022225211328));
#1998=IFCCARTESIANPOINT((122.509374999986,233.,970.));
#1999=IFCCARTESIANPOINT((114.74480364691,233.,971.022225211328));
#2000=IFCCARTESIANPOINT((107.509374999986,233.,974.019237886467));
#2001=IFCCARTESIANPOINT((101.296171564389,233.,978.786796564404));
#2002=IFCCARTESIANPOINT((96.5286128864527,233.,985.));
#2003=IFCCARTESIANPOINT((93.5316002113139,233.,992.235428646925));
#2004=IFCCARTESIANPOINT((92.5093749999859,225.,1000.));
#2005=IFCCARTESIANPOINT((93.5316002113139,225.,992.235428646925));
#2006=IFCCARTESIANPOINT((96.5286128864527,225.,985.));
#2007=IFCCARTESIANPOINT((101.296171564389,225.,978.786796564404));
#2008=IFCCARTESIANPOINT((107.509374999986,225.,974.019237886467));
#2009=IFCCARTESIANPOINT((114.74480364691,225.,971.022225211328));
#2010=IFCCARTESIANPOINT((122.509374999986,225.,970.));
#2011=IFCCARTESIANPOINT((130.273946353062,225.,971.022225211328));
#2012=IFCCARTESIANPOINT((137.509374999986,225.,974.019237886467));
#2013=IFCCARTESIANPOINT((143.722578435582,225.,978.786796564404));
#2014=IFCCARTESIANPOINT((148.490137113519,225.,985.));
#2015=IFCCARTESIANPOINT((151.487149788658,225.,992.235428646925));
#2016=IFCCARTESIANPOINT((152.509374999986,225.,1000.));
#2017=IFCCARTESIANPOINT((151.487149788658,225.,1007.76457135308));
#2018=IFCCARTESIANPOINT((148.490137113519,225.,1015.));
#2019=IFCCARTESIANPOINT((143.722578435582,225.,1021.2132034356));
#2020=IFCCARTESIANPOINT((137.509374999986,225.,1025.98076211353));
#2021=IFCCARTESIANPOINT((130.273946353061,225.,1028.97777478867));
#2022=IFCCARTESIANPOINT((122.509374999986,225.,1030.));
#2023=IFCCARTESIANPOINT((114.74480364691,225.,1028.97777478867));
#2024=IFCCARTESIANPOINT((107.509374999986,225.,1025.98076211353));
#2025=IFCCARTESIANPOINT((101.296171564389,225.,1021.2132034356));
#2026=IFCCARTESIANPOINT((96.5286128864527,225.,1015.));
#2027=IFCCARTESIANPOINT((93.5316002113138,225.,1007.76457135308));
#2028=IFCPOLYLOOP((#1987,#1988,#1989,#1990,#1991,#1992,#1993,#1994,#1995,#1996,#1997,#1998,#1999,#2000,#2001,#2002,#2003,#1980,#1981,#1982,#1983,#1984,#1985,#1986));
#2029=IFCFACEOUTERBOUND(#2028,.T.);
#2030=IFCFACE((#2029));
#2031=IFCPOLYLOOP((#2011,#2012,#2013,#2014,#2015,#2016,#2017,#2018,#2019,#2020,#2021,#2022,#2023,#2024,#2025,#2026,#2027,#2004,#2005,#2006,#2007,#2008,#2009,#2010));
#2032=IFCFACEOUTERBOUND(#2031,.T.);
#2033=IFCFACE((#2032));
#2034=IFCPOLYLOOP((#2027,#1981,#1980,#2004));
#2035=IFCFACEOUTERBOUND(#2034,.T.);
#2036=IFCFACE((#2035));
#2037=IFCPOLYLOOP((#2026,#1982,#1981,#2027));
#2038=IFCFACEOUTERBOUND(#2037,.T.);
#2039=IFCFACE((#2038));
#2040=IFCPOLYLOOP((#1984,#1983,#2025,#2024));
#2041=IFCFACEOUTERBOUND(#2040,.T.);
#2042=IFCFACE((#2041));
#2043=IFCPOLYLOOP((#2026,#2025,#1983,#1982));
#2044=IFCFACEOUTERBOUND(#2043,.T.);
#2045=IFCFACE((#2044));
#2046=IFCPOLYLOOP((#1985,#1984,#2024,#2023));
#2047=IFCFACEOUTERBOUND(#2046,.T.);
#2048=IFCFACE((#2047));
#2049=IFCPOLYLOOP((#1986,#1985,#2023,#2022));
#2050=IFCFACEOUTERBOUND(#2049,.T.);
#2051=IFCFACE((#2050));
#2052=IFCPOLYLOOP((#2021,#1987,#1986,#2022));
#2053=IFCFACEOUTERBOUND(#2052,.T.);
#2054=IFCFACE((#2053));
#2055=IFCPOLYLOOP((#2020,#1988,#1987,#2021));
#2056=IFCFACEOUTERBOUND(#2055,.T.);
#2057=IFCFACE((#2056));
#2058=IFCPOLYLOOP((#1990,#1989,#2019,#2018));
#2059=IFCFACEOUTERBOUND(#2058,.T.);
#2060=IFCFACE((#2059));
#2061=IFCPOLYLOOP((#2020,#2019,#1989,#1988));
#2062=IFCFACEOUTERBOUND(#2061,.T.);
#2063=IFCFACE((#2062));
#2064=IFCPOLYLOOP((#1991,#1990,#2018,#2017));
#2065=IFCFACEOUTERBOUND(#2064,.T.);
#2066=IFCFACE((#2065));
#2067=IFCPOLYLOOP((#1992,#1991,#2017,#2016));
#2068=IFCFACEOUTERBOUND(#2067,.T.);
#2069=IFCFACE((#2068));
#2070=IFCPOLYLOOP((#2015,#1993,#1992,#2016));
#2071=IFCFACEOUTERBOUND(#2070,.T.);
#2072=IFCFACE((#2071));
#2073=IFCPOLYLOOP((#2014,#1994,#1993,#2015));
#2074=IFCFACEOUTERBOUND(#2073,.T.);
#2075=IFCFACE((#2074));
#2076=IFCPOLYLOOP((#1996,#1995,#2013,#2012));
#2077=IFCFACEOUTERBOUND(#2076,.T.);
#2078=IFCFACE((#2077));
#2079=IFCPOLYLOOP((#2014,#2013,#1995,#1994));
#2080=IFCFACEOUTERBOUND(#2079,.T.);
#2081=IFCFACE((#2080));
#2082=IFCPOLYLOOP((#1997,#1996,#2012,#2011));
#2083=IFCFACEOUTERBOUND(#2082,.T.);
#2084=IFCFACE((#2083));
#2085=IFCPOLYLOOP((#1998,#1997,#2011,#2010));
#2086=IFCFACEOUTERBOUND(#2085,.T.);
#2087=IFCFACE((#2086));
#2088=IFCPOLYLOOP((#2009,#1999,#1998,#2010));
#2089=IFCFACEOUTERBOUND(#2088,.T.);
#2090=IFCFACE((#2089));
#2091=IFCPOLYLOOP((#2008,#2000,#1999,#2009));
#2092=IFCFACEOUTERBOUND(#2091,.T.);
#2093=IFCFACE((#2092));
#2094=IFCPOLYLOOP((#2002,#2001,#2007,#2006));
#2095=IFCFACEOUTERBOUND(#2094,.T.);
#2096=IFCFACE((#2095));
#2097=IFCPOLYLOOP((#2008,#2007,#2001,#2000));
#2098=IFCFACEOUTERBOUND(#2097,.T.);
#2099=IFCFACE((#2098));
#2100=IFCPOLYLOOP((#2003,#2002,#2006,#2005));
#2101=IFCFACEOUTERBOUND(#2100,.T.);
#2102=IFCFACE((#2101));
#2103=IFCPOLYLOOP((#1980,#2003,#2005,#2004));
#2104=IFCFACEOUTERBOUND(#2103,.T.);
#2105=IFCFACE((#2104));
#2106=IFCCARTESIANPOINT((50.,180.,2000.));
#2107=IFCCARTESIANPOINT((50.,180.,0.));
#2108=IFCCARTESIANPOINT((800.,180.,0.));
#2109=IFCCARTESIANPOINT((800.,180.,2000.));
#2110=IFCCARTESIANPOINT((202.399999999992,180.,1847.6));
#2111=IFCCARTESIANPOINT((329.399999999992,180.,1847.6));
#2112=IFCCARTESIANPOINT((329.399999999992,180.,1212.6));
#2113=IFCCARTESIANPOINT((202.399999999992,180.,1212.6));
#2114=IFCPOLYLOOP((#2106,#2107,#2108,#2109));
#2115=IFCFACEOUTERBOUND(#2114,.T.);
#2116=IFCPOLYLOOP((#2110,#2111,#2112,#2113));
#2117=IFCFACEBOUND(#2116,.T.);
#2118=IFCFACE((#2115,#2117));
#2119=IFCCARTESIANPOINT((50.,225.,2000.));
#2120=IFCCARTESIANPOINT((800.,225.,2000.));
#2121=IFCCARTESIANPOINT((800.,225.,0.));
#2122=IFCCARTESIANPOINT((50.,225.,0.));
#2123=IFCCARTESIANPOINT((202.399999999992,225.,1847.6));
#2124=IFCCARTESIANPOINT((202.399999999992,225.,1212.6));
#2125=IFCCARTESIANPOINT((329.399999999992,225.,1212.6));
#2126=IFCCARTESIANPOINT((329.399999999992,225.,1847.6));
#2127=IFCPOLYLOOP((#2119,#2120,#2121,#2122));
#2128=IFCFACEOUTERBOUND(#2127,.T.);
#2129=IFCPOLYLOOP((#2123,#2124,#2125,#2126));
#2130=IFCFACEBOUND(#2129,.T.);
#2131=IFCFACE((#2128,#2130));
#2132=IFCPOLYLOOP((#2107,#2106,#2119,#2122));
#2133=IFCFACEOUTERBOUND(#2132,.T.);
#2134=IFCFACE((#2133));
#2135=IFCPOLYLOOP((#2108,#2107,#2122,#2121));
#2136=IFCFACEOUTERBOUND(#2135,.T.);
#2137=IFCFACE((#2136));
#2138=IFCPOLYLOOP((#2109,#2108,#2121,#2120));
#2139=IFCFACEOUTERBOUND(#2138,.T.);
#2140=IFCFACE((#2139));
#2141=IFCPOLYLOOP((#2106,#2109,#2120,#2119));
#2142=IFCFACEOUTERBOUND(#2141,.T.);
#2143=IFCFACE((#2142));
#2144=IFCPOLYLOOP((#2111,#2110,#2123,#2126));
#2145=IFCFACEOUTERBOUND(#2144,.T.);
#2146=IFCFACE((#2145));
#2147=IFCPOLYLOOP((#2112,#2111,#2126,#2125));
#2148=IFCFACEOUTERBOUND(#2147,.T.);
#2149=IFCFACE((#2148));
#2150=IFCPOLYLOOP((#2113,#2112,#2125,#2124));
#2151=IFCFACEOUTERBOUND(#2150,.T.);
#2152=IFCFACE((#2151));
#2153=IFCPOLYLOOP((#2110,#2113,#2124,#2123));
#2154=IFCFACEOUTERBOUND(#2153,.T.);
#2155=IFCFACE((#2154));
#2156=IFCCARTESIANPOINT((800.,175.237500000005,0.));
#2157=IFCCARTESIANPOINT((800.,225.,0.));
#2158=IFCCARTESIANPOINT((850.,225.,0.));
#2159=IFCCARTESIANPOINT((850.,75.,0.));
#2160=IFCCARTESIANPOINT((800.,75.,0.));
#2161=IFCCARTESIANPOINT((800.,124.212500000005,0.));
#2162=IFCCARTESIANPOINT((784.125,124.212500000005,0.));
#2163=IFCCARTESIANPOINT((784.125,175.237500000005,0.));
#2164=IFCPOLYLOOP((#2156,#2157,#2158,#2159,#2160,#2161,#2162,#2163));
#2165=IFCFACEOUTERBOUND(#2164,.T.);
#2166=IFCFACE((#2165));
#2167=IFCCARTESIANPOINT((800.,175.237500000005,2000.));
#2168=IFCCARTESIANPOINT((800.,225.,2000.));
#2169=IFCPOLYLOOP((#2157,#2156,#2167,#2168));
#2170=IFCFACEOUTERBOUND(#2169,.T.);
#2171=IFCFACE((#2170));
#2172=IFCCARTESIANPOINT((50.,225.,2000.));
#2173=IFCCARTESIANPOINT((50.,225.,0.));
#2174=IFCCARTESIANPOINT((0.,225.,0.));
#2175=IFCCARTESIANPOINT((0.,225.,2100.));
#2176=IFCCARTESIANPOINT((850.,225.,2100.));
#2177=IFCPOLYLOOP((#2158,#2157,#2168,#2172,#2173,#2174,#2175,#2176));
#2178=IFCFACEOUTERBOUND(#2177,.T.);
#2179=IFCFACE((#2178));
#2180=IFCCARTESIANPOINT((850.,75.,2100.));
#2181=IFCPOLYLOOP((#2159,#2158,#2176,#2180));
#2182=IFCFACEOUTERBOUND(#2181,.T.);
#2183=IFCFACE((#2182));
#2184=IFCCARTESIANPOINT((0.,75.,2100.));
#2185=IFCCARTESIANPOINT((0.,75.,0.));
#2186=IFCCARTESIANPOINT((50.,75.,0.));
#2187=IFCCARTESIANPOINT((50.,75.,2000.));
#2188=IFCCARTESIANPOINT((800.,75.,2000.));
#2189=IFCPOLYLOOP((#2160,#2159,#2180,#2184,#2185,#2186,#2187,#2188));
#2190=IFCFACEOUTERBOUND(#2189,.T.);
#2191=IFCFACE((#2190));
#2192=IFCCARTESIANPOINT((800.,124.212500000005,2000.));
#2193=IFCPOLYLOOP((#2161,#2160,#2188,#2192));
#2194=IFCFACEOUTERBOUND(#2193,.T.);
#2195=IFCFACE((#2194));
#2196=IFCCARTESIANPOINT((50.,124.212500000005,2000.));
#2197=IFCCARTESIANPOINT((50.,124.212500000005,0.));
#2198=IFCCARTESIANPOINT((65.8749999999999,124.212500000005,0.));
#2199=IFCCARTESIANPOINT((65.8749999999997,124.212500000005,1984.125));
#2200=IFCCARTESIANPOINT((784.125,124.212500000005,1984.125));
#2201=IFCPOLYLOOP((#2162,#2161,#2192,#2196,#2197,#2198,#2199,#2200));
#2202=IFCFACEOUTERBOUND(#2201,.T.);
#2203=IFCFACE((#2202));
#2204=IFCCARTESIANPOINT((784.125,175.237500000005,1984.125));
#2205=IFCPOLYLOOP((#2163,#2162,#2200,#2204));
#2206=IFCFACEOUTERBOUND(#2205,.T.);
#2207=IFCFACE((#2206));
#2208=IFCCARTESIANPOINT((65.8749999999999,175.237500000005,1984.125));
#2209=IFCCARTESIANPOINT((65.8749999999999,175.237500000005,0.));
#2210=IFCCARTESIANPOINT((50.,175.237500000005,0.));
#2211=IFCCARTESIANPOINT((50.,175.237500000005,2000.));
#2212=IFCPOLYLOOP((#2156,#2163,#2204,#2208,#2209,#2210,#2211,#2167));
#2213=IFCFACEOUTERBOUND(#2212,.T.);
#2214=IFCFACE((#2213));
#2215=IFCPOLYLOOP((#2168,#2167,#2211,#2172));
#2216=IFCFACEOUTERBOUND(#2215,.T.);
#2217=IFCFACE((#2216));
#2218=IFCPOLYLOOP((#2188,#2187,#2196,#2192));
#2219=IFCFACEOUTERBOUND(#2218,.T.);
#2220=IFCFACE((#2219));
#2221=IFCPOLYLOOP((#2200,#2199,#2208,#2204));
#2222=IFCFACEOUTERBOUND(#2221,.T.);
#2223=IFCFACE((#2222));
#2224=IFCPOLYLOOP((#2174,#2173,#2210,#2209,#2198,#2197,#2186,#2185));
#2225=IFCFACEOUTERBOUND(#2224,.T.);
#2226=IFCFACE((#2225));
#2227=IFCPOLYLOOP((#2173,#2172,#2211,#2210));
#2228=IFCFACEOUTERBOUND(#2227,.T.);
#2229=IFCFACE((#2228));
#2230=IFCPOLYLOOP((#2175,#2174,#2185,#2184));
#2231=IFCFACEOUTERBOUND(#2230,.T.);
#2232=IFCFACE((#2231));
#2233=IFCPOLYLOOP((#2187,#2186,#2197,#2196));
#2234=IFCFACEOUTERBOUND(#2233,.T.);
#2235=IFCFACE((#2234));
#2236=IFCPOLYLOOP((#2199,#2198,#2209,#2208));
#2237=IFCFACEOUTERBOUND(#2236,.T.);
#2238=IFCFACE((#2237));
#2239=IFCPOLYLOOP((#2180,#2176,#2175,#2184));
#2240=IFCFACEOUTERBOUND(#2239,.T.);
#2241=IFCFACE((#2240));
#2242=IFCCARTESIANPOINT((202.399999999991,200.,1847.6));
#2243=IFCCARTESIANPOINT((202.399999999991,200.,1212.6));
#2244=IFCCARTESIANPOINT((329.399999999991,200.,1212.6));
#2245=IFCCARTESIANPOINT((329.399999999991,200.,1847.6));
#2246=IFCPOLYLOOP((#2242,#2243,#2244,#2245));
#2247=IFCFACEOUTERBOUND(#2246,.T.);
#2248=IFCFACE((#2247));
#2249=IFCCARTESIANPOINT((202.399999999991,205.,1847.6));
#2250=IFCCARTESIANPOINT((329.399999999991,205.,1847.6));
#2251=IFCCARTESIANPOINT((329.399999999991,205.,1212.6));
#2252=IFCCARTESIANPOINT((202.399999999991,205.,1212.6));
#2253=IFCPOLYLOOP((#2249,#2250,#2251,#2252));
#2254=IFCFACEOUTERBOUND(#2253,.T.);
#2255=IFCFACE((#2254));
#2256=IFCPOLYLOOP((#2243,#2242,#2249,#2252));
#2257=IFCFACEOUTERBOUND(#2256,.T.);
#2258=IFCFACE((#2257));
#2259=IFCPOLYLOOP((#2244,#2243,#2252,#2251));
#2260=IFCFACEOUTERBOUND(#2259,.T.);
#2261=IFCFACE((#2260));
#2262=IFCPOLYLOOP((#2245,#2244,#2251,#2250));
#2263=IFCFACEOUTERBOUND(#2262,.T.);
#2264=IFCFACE((#2263));
#2265=IFCPOLYLOOP((#2242,#2245,#2250,#2249));
#2266=IFCFACEOUTERBOUND(#2265,.T.);
#2267=IFCFACE((#2266));
#2268=IFCCARTESIANPOINT((202.399999999991,205.,1847.6));
#2269=IFCCARTESIANPOINT((202.399999999991,225.,1847.6));
#2270=IFCCARTESIANPOINT((202.399999999991,225.,1212.6));
#2271=IFCCARTESIANPOINT((202.399999999991,205.,1212.6));
#2272=IFCCARTESIANPOINT((214.399999999991,226.,1835.6));
#2273=IFCCARTESIANPOINT((214.399999999991,205.,1835.6));
#2274=IFCCARTESIANPOINT((214.399999999991,205.,1224.6));
#2275=IFCCARTESIANPOINT((214.399999999991,226.,1224.6));
#2276=IFCCARTESIANPOINT((209.399999999991,231.,1840.6));
#2277=IFCCARTESIANPOINT((212.935533905924,229.535533905937,1837.06446609407));
#2278=IFCCARTESIANPOINT((212.935533905924,229.535533905937,1223.13553390593));
#2279=IFCCARTESIANPOINT((209.399999999991,231.,1219.6));
#2280=IFCCARTESIANPOINT((209.399999999991,231.,1528.29246445877));
#2281=IFCCARTESIANPOINT((209.399999999991,231.,1684.44623222939));
#2282=IFCCARTESIANPOINT((209.399999999991,231.,1375.75376777061));
#2283=IFCCARTESIANPOINT((214.399999999991,226.,1530.10000180454));
#2284=IFCCARTESIANPOINT((214.399999999991,226.,1682.84999909773));
#2285=IFCCARTESIANPOINT((214.399999999991,226.,1377.35000090227));
#2286=IFCCARTESIANPOINT((209.399999999991,231.,1297.67689138617));
#2287=IFCCARTESIANPOINT((214.399999999991,226.,1300.97499864659));
#2288=IFCCARTESIANPOINT((214.399999999991,226.,1263.63844164625));
#2289=IFCCARTESIANPOINT((209.399999999991,231.,1762.52312361556));
#2290=IFCCARTESIANPOINT((214.399999999991,226.,1759.22499774432));
#2291=IFCCARTESIANPOINT((214.399999999991,226.,1721.03749842103));
#2292=IFCCARTESIANPOINT((209.399999999991,231.,1801.56156180778));
#2293=IFCCARTESIANPOINT((214.399999999991,226.,1606.47500045113));
#2294=IFCCARTESIANPOINT((209.399999999991,231.,1606.36934084321));
#2295=IFCCARTESIANPOINT((209.399999999991,231.,1645.40779403716));
#2296=IFCCARTESIANPOINT((209.399999999991,231.,1452.02311611469));
#2297=IFCCARTESIANPOINT((214.399999999991,226.,1453.72500315795));
#2298=IFCCARTESIANPOINT((214.399999999991,226.,1415.53750022557));
#2299=IFCCARTESIANPOINT((209.399999999991,231.,1258.63843819222));
#2300=IFCCARTESIANPOINT((214.399999999991,226.,1797.4125006767));
#2301=IFCCARTESIANPOINT((209.399999999991,231.,1723.48467042161));
#2302=IFCCARTESIANPOINT((209.399999999991,231.,1413.88844194265));
#2303=IFCCARTESIANPOINT((212.881634426114,229.588623931658,1432.95577583171));
#2304=IFCCARTESIANPOINT((212.971353763623,229.499347409879,1402.43539415687));
#2305=IFCCARTESIANPOINT((212.906182086678,229.564644046049,1462.53272088307));
#2306=IFCCARTESIANPOINT((214.399999999991,226.,1491.91250248124));
#2307=IFCCARTESIANPOINT((209.399999999991,231.,1490.15779028673));
#2308=IFCCARTESIANPOINT((213.033928920051,229.434320981503,1282.30672077618));
#2309=IFCCARTESIANPOINT((209.399999999991,231.,1336.71532957839));
#2310=IFCCARTESIANPOINT((212.849910579482,229.619132077384,1313.75377518662));
#2311=IFCCARTESIANPOINT((214.399999999991,226.,1339.16250157897));
#2312=IFCCARTESIANPOINT((213.006078150633,229.463553142583,1253.12313253535));
#2313=IFCCARTESIANPOINT((212.98708348315,229.483221509592,1701.94374511843));
#2314=IFCCARTESIANPOINT((212.900765138418,229.569964067832,1671.45874093531));
#2315=IFCCARTESIANPOINT((214.399999999991,226.,1644.66249977443));
#2316=IFCCARTESIANPOINT((212.93193456611,229.539129585179,1625.56874585576));
#2317=IFCCARTESIANPOINT((212.97489378507,229.495730885729,1731.3567869533));
#2318=IFCCARTESIANPOINT((212.937565451514,229.533501192334,1595.60657122841));
#2319=IFCCARTESIANPOINT((209.399999999991,231.,1567.33090265099));
#2320=IFCCARTESIANPOINT((214.399999999991,226.,1568.28750112784));
#2321=IFCCARTESIANPOINT((212.967058503427,229.503725678917,1549.19374661624));
#2322=IFCCARTESIANPOINT((212.966082130882,229.50471942326,1519.65089302769));
#2323=IFCCARTESIANPOINT((212.987083521732,229.483221469859,1358.25624852339));
#2324=IFCCARTESIANPOINT((213.036352030215,229.431755223253,1778.31874474968));
#2325=IFCCARTESIANPOINT((212.993794771025,229.476296757143,1807.44988031386));
#2326=IFCCARTESIANPOINT((212.937228178472,229.533838821083,1490.49203059577));
#2327=IFCCARTESIANPOINT((194.399999999991,229.,1855.6));
#2328=IFCCARTESIANPOINT((194.985786437618,230.414213562378,1855.01421356237));
#2329=IFCCARTESIANPOINT((196.399999999991,231.,1853.6));
#2330=IFCCARTESIANPOINT((196.399999999991,231.,1206.6));
#2331=IFCCARTESIANPOINT((194.985786437618,230.414213562378,1205.18578643763));
#2332=IFCCARTESIANPOINT((194.399999999991,229.,1204.6));
#2333=IFCCARTESIANPOINT((194.399999999991,229.,1530.09999802966));
#2334=IFCCARTESIANPOINT((194.399999999991,229.,1692.85000098517));
#2335=IFCCARTESIANPOINT((194.399999999991,229.,1367.34999901483));
#2336=IFCCARTESIANPOINT((196.399999999991,231.,1530.1));
#2337=IFCCARTESIANPOINT((196.399999999991,231.,1691.85));
#2338=IFCCARTESIANPOINT((196.399999999991,231.,1368.35));
#2339=IFCCARTESIANPOINT((196.399999999991,231.,1287.475));
#2340=IFCCARTESIANPOINT((194.399999999991,229.,1285.97499753708));
#2341=IFCCARTESIANPOINT((194.399999999991,229.,1326.66249630562));
#2342=IFCCARTESIANPOINT((196.399999999991,231.,1327.9125));
#2343=IFCCARTESIANPOINT((196.399999999991,231.,1772.725));
#2344=IFCCARTESIANPOINT((194.399999999991,229.,1774.22499852225));
#2345=IFCCARTESIANPOINT((194.399999999991,229.,1806.21983874732));
#2346=IFCCARTESIANPOINT((196.399999999991,231.,1813.1625));
#2347=IFCCARTESIANPOINT((196.399999999991,231.,1449.225));
#2348=IFCCARTESIANPOINT((194.399999999991,229.,1448.72500049258));
#2349=IFCCARTESIANPOINT((194.399999999991,229.,1489.41249926112));
#2350=IFCCARTESIANPOINT((196.399999999991,231.,1489.6625));
#2351=IFCCARTESIANPOINT((196.399999999991,231.,1610.975));
#2352=IFCCARTESIANPOINT((194.399999999991,229.,1611.47499950742));
#2353=IFCCARTESIANPOINT((194.399999999991,229.,1652.16250221663));
#2354=IFCCARTESIANPOINT((196.399999999991,231.,1651.4125));
#2355=IFCCARTESIANPOINT((196.399999999991,231.,1247.0375));
#2356=IFCCARTESIANPOINT((194.399999999991,229.,1245.28749876854));
#2357=IFCCARTESIANPOINT((194.399999999991,229.,1265.63124815281));
#2358=IFCCARTESIANPOINT((194.399999999991,229.,1830.90991740332));
#2359=IFCCARTESIANPOINT((196.399999999991,231.,1833.38125));
#2360=IFCCARTESIANPOINT((194.399999999991,229.,1229.29007865601));
#2361=IFCCARTESIANPOINT((196.399999999991,231.,1226.81875));
#2362=IFCCARTESIANPOINT((196.399999999991,231.,1732.2875));
#2363=IFCCARTESIANPOINT((194.399999999991,229.,1733.53749975371));
#2364=IFCCARTESIANPOINT((194.399999999991,229.,1753.88124913798));
#2365=IFCCARTESIANPOINT((196.399999999991,231.,1408.7875));
#2366=IFCCARTESIANPOINT((194.399999999991,229.,1408.03750172404));
#2367=IFCCARTESIANPOINT((194.399999999991,229.,1428.38125110831));
#2368=IFCCARTESIANPOINT((194.399999999991,229.,1570.7874967982));
#2369=IFCCARTESIANPOINT((196.399999999991,231.,1570.5375));
#2370=IFCCARTESIANPOINT((196.399999999991,231.,1550.31875));
#2371=IFCCARTESIANPOINT((194.399999999991,229.,1843.25495673132));
#2372=IFCCARTESIANPOINT((194.399999999991,229.,1216.945039328));
#2373=IFCCARTESIANPOINT((196.399999999991,231.,1841.2549612974));
#2374=IFCCARTESIANPOINT((194.942579145641,230.369643914789,1837.31810488398));
#2375=IFCCARTESIANPOINT((196.399999999991,231.,1823.27187680277));
#2376=IFCCARTESIANPOINT((194.399999999991,229.,1818.56487807532));
#2377=IFCCARTESIANPOINT((195.043425708338,230.4695938865,1818.2171864679));
#2378=IFCCARTESIANPOINT((196.399999999991,231.,1218.94503870259));
#2379=IFCCARTESIANPOINT((194.942579104154,230.369643870643,1222.88189465084));
#2380=IFCCARTESIANPOINT((195.067418003552,230.491383660491,1237.15690850574));
#2381=IFCCARTESIANPOINT((196.399999999991,231.,1792.94375));
#2382=IFCCARTESIANPOINT((195.108796177133,230.527348253625,1805.86126949405));
#2383=IFCCARTESIANPOINT((194.399999999991,229.,1790.22241863478));
#2384=IFCCARTESIANPOINT((194.399999999991,229.,1469.06874987685));
#2385=IFCCARTESIANPOINT((196.399999999991,231.,1469.44375));
#2386=IFCCARTESIANPOINT((196.399999999991,231.,1509.88125));
#2387=IFCCARTESIANPOINT((194.399999999991,229.,1509.75624864539));
#2388=IFCCARTESIANPOINT((194.399999999991,229.,1591.13125012315));
#2389=IFCCARTESIANPOINT((196.399999999991,231.,1590.75625));
#2390=IFCCARTESIANPOINT((196.399999999991,231.,1348.13125));
#2391=IFCCARTESIANPOINT((194.399999999991,229.,1347.00624963056));
#2392=IFCCARTESIANPOINT((194.399999999991,229.,1672.5062516009));
#2393=IFCCARTESIANPOINT((196.399999999991,231.,1671.63125));
#2394=IFCCARTESIANPOINT((196.399999999991,231.,1631.19375));
#2395=IFCCARTESIANPOINT((194.399999999991,229.,1631.81874889169));
#2396=IFCCARTESIANPOINT((196.399999999991,231.,1712.06875));
#2397=IFCCARTESIANPOINT((194.399999999991,229.,1713.19375036944));
#2398=IFCCARTESIANPOINT((194.399999999991,229.,1387.6937483991));
#2399=IFCCARTESIANPOINT((196.399999999991,231.,1388.56875));
#2400=IFCCARTESIANPOINT((196.399999999991,231.,1307.69375));
#2401=IFCCARTESIANPOINT((194.399999999991,229.,1306.31874692135));
#2402=IFCCARTESIANPOINT((195.045314327441,230.471335015759,1782.22370806504));
#2403=IFCCARTESIANPOINT((196.399999999991,231.,1803.05312319723));
#2404=IFCCARTESIANPOINT((194.967468436175,230.395655157509,1770.70997003952));
#2405=IFCCARTESIANPOINT((196.399999999991,231.,1752.50625));
#2406=IFCCARTESIANPOINT((196.399999999991,231.,1762.61562319723));
#2407=IFCCARTESIANPOINT((195.012732698228,230.44065590391,1757.56093511259));
#2408=IFCCARTESIANPOINT((194.995891552295,230.424246982486,1742.90246696652));
#2409=IFCCARTESIANPOINT((194.399999999991,229.,1764.05312185978));
#2410=IFCCARTESIANPOINT((194.961101053865,230.389089566172,1793.64173459094));
#2411=IFCCARTESIANPOINT((194.967060760686,230.395236587992,1248.58562736391));
#2412=IFCCARTESIANPOINT((196.399999999991,231.,1267.25625));
#2413=IFCCARTESIANPOINT((196.399999999991,231.,1257.14687680277));
#2414=IFCCARTESIANPOINT((195.016762753681,230.444525777005,1262.20156216493));
#2415=IFCCARTESIANPOINT((194.999545131595,230.427839683437,1276.78016407635));
#2416=IFCCARTESIANPOINT((194.399999999991,229.,1255.45937543101));
#2417=IFCCARTESIANPOINT((196.399999999991,231.,1429.00625));
#2418=IFCCARTESIANPOINT((195.013267914267,230.441171094088,1418.89687383174));
#2419=IFCCARTESIANPOINT((194.399999999991,229.,1550.44374741393));
#2420=IFCCARTESIANPOINT((196.399999999991,231.,1236.92812319723));
#2421=IFCCARTESIANPOINT((194.963904400002,230.391987581734,1458.89687352437));
#2422=IFCCARTESIANPOINT((194.969239386443,230.397470596017,1479.24062340585));
#2423=IFCCARTESIANPOINT((194.985786376054,230.414213500814,1519.99062330435));
#2424=IFCCARTESIANPOINT((194.991380559114,230.419785642552,1499.77187340845));
#2425=IFCCARTESIANPOINT((194.963904394279,230.39198757583,1601.30312271701));
#2426=IFCCARTESIANPOINT((194.996926663036,230.42526671579,1580.64687300152));
#2427=IFCCARTESIANPOINT((195.029145503718,230.456282235715,1358.24062415337));
#2428=IFCCARTESIANPOINT((195.03433117326,230.46114634986,1338.02187426105));
#2429=IFCCARTESIANPOINT((194.943448364892,230.370568252333,1682.6781223323));
#2430=IFCCARTESIANPOINT((195.018613030608,230.446295281342,1661.52187264491));
#2431=IFCCARTESIANPOINT((195.007871200049,230.435958705668,1621.08437281234));
#2432=IFCCARTESIANPOINT((194.95350103663,230.381173685316,1641.99062250873));
#2433=IFCCARTESIANPOINT((195.029145468399,230.456282202468,1701.95937252657));
#2434=IFCCARTESIANPOINT((194.93374066989,230.360177774008,1723.36562223443));
#2435=IFCCARTESIANPOINT((194.943448379675,230.370568268043,1377.52187400312));
#2436=IFCCARTESIANPOINT((194.94843123848,230.375844515422,1397.8656238829));
#2437=IFCCARTESIANPOINT((195.039462096113,230.465925172757,1317.8031243689));
#2438=IFCCARTESIANPOINT((195.044537505,230.47061940171,1297.58437447689));
#2439=IFCCARTESIANPOINT((196.399999999991,231.,1782.83437680277));
#2440=IFCCARTESIANPOINT((194.399999999991,229.,1743.70937641618));
#2441=IFCCARTESIANPOINT((196.399999999991,231.,1742.39687680277));
#2442=IFCCARTESIANPOINT((194.399999999991,229.,1275.80312087461));
#2443=IFCCARTESIANPOINT((196.399999999991,231.,1277.36562319723));
#2444=IFCCARTESIANPOINT((194.958658529619,230.386554999196,1438.55312364345));
#2445=IFCCARTESIANPOINT((196.399999999991,231.,1418.89687680277));
#2446=IFCCARTESIANPOINT((194.399999999991,229.,1418.20937838652));
#2447=IFCCARTESIANPOINT((194.98578636082,230.414213485579,1540.2093732016));
#2448=IFCCARTESIANPOINT((194.974664223101,230.403003180014,1560.61562294024));
#2449=IFCCARTESIANPOINT((194.399999999991,229.,1458.89687715505));
#2450=IFCCARTESIANPOINT((196.399999999991,231.,1459.33437680277));
#2451=IFCCARTESIANPOINT((194.399999999991,229.,1479.24062259865));
#2452=IFCCARTESIANPOINT((196.399999999991,231.,1479.55312319723));
#2453=IFCCARTESIANPOINT((195.083052203691,230.505207129213,1469.0656911756));
#2454=IFCCARTESIANPOINT((196.399999999991,231.,1519.99062319723));
#2455=IFCCARTESIANPOINT((194.399999999991,229.,1519.92812136719));
#2456=IFCCARTESIANPOINT((196.399999999991,231.,1499.77187680277));
#2457=IFCCARTESIANPOINT((195.074857283727,230.497997590634,1489.49616130456));
#2458=IFCCARTESIANPOINT((194.399999999991,229.,1499.58437592359));
#2459=IFCCARTESIANPOINT((194.888645822467,230.309888754854,1509.87835132957));
#2460=IFCCARTESIANPOINT((194.399999999991,229.,1601.30312678562));
#2461=IFCCARTESIANPOINT((196.399999999991,231.,1600.86562319723));
#2462=IFCCARTESIANPOINT((196.399999999991,231.,1580.64687680277));
#2463=IFCCARTESIANPOINT((194.399999999991,229.,1580.95937346067));
#2464=IFCCARTESIANPOINT((194.906653390907,230.330381864409,1590.9626392375));
#2465=IFCCARTESIANPOINT((196.399999999991,231.,1358.24062319723));
#2466=IFCCARTESIANPOINT((194.399999999991,229.,1357.17812629303));
#2467=IFCCARTESIANPOINT((196.399999999991,231.,1338.02187680277));
#2468=IFCCARTESIANPOINT((194.399999999991,229.,1336.83437296809));
#2469=IFCCARTESIANPOINT((194.88797496214,230.30911431316,1348.12755367426));
#2470=IFCCARTESIANPOINT((194.399999999991,229.,1682.6781243227));
#2471=IFCCARTESIANPOINT((196.399999999991,231.,1681.74062319723));
#2472=IFCCARTESIANPOINT((196.399999999991,231.,1661.52187680277));
#2473=IFCCARTESIANPOINT((194.399999999991,229.,1662.3343788791));
#2474=IFCCARTESIANPOINT((194.928678056522,230.354699870333,1672.08083648372));
#2475=IFCCARTESIANPOINT((196.399999999991,231.,1621.08437680277));
#2476=IFCCARTESIANPOINT((194.399999999991,229.,1621.64687222921));
#2477=IFCCARTESIANPOINT((194.399999999991,229.,1641.99062555416));
#2478=IFCCARTESIANPOINT((196.399999999991,231.,1641.30312319723));
#2479=IFCCARTESIANPOINT((195.056954954658,230.481968287859,1631.55728871439));
#2480=IFCCARTESIANPOINT((196.399999999991,231.,1701.95937680277));
#2481=IFCCARTESIANPOINT((194.399999999991,229.,1703.02187764764));
#2482=IFCCARTESIANPOINT((194.399999999991,229.,1723.36562309124));
#2483=IFCCARTESIANPOINT((196.399999999991,231.,1722.17812319723));
#2484=IFCCARTESIANPOINT((195.033047619317,230.459945611652,1712.6859062579));
#2485=IFCCARTESIANPOINT((194.399999999991,229.,1377.52187173663));
#2486=IFCCARTESIANPOINT((196.399999999991,231.,1378.45937680277));
#2487=IFCCARTESIANPOINT((194.399999999991,229.,1397.86562506157));
#2488=IFCCARTESIANPOINT((194.923101935132,230.348618591755,1408.3996873334));
#2489=IFCCARTESIANPOINT((196.399999999991,231.,1398.67812319723));
#2490=IFCCARTESIANPOINT((195.083504348323,230.505602603329,1387.69029936019));
#2491=IFCCARTESIANPOINT((196.399999999991,231.,1317.80312319723));
#2492=IFCCARTESIANPOINT((194.399999999991,229.,1316.49061964315));
#2493=IFCCARTESIANPOINT((194.887404920158,230.308455625719,1327.90871557876));
#2494=IFCCARTESIANPOINT((196.399999999991,231.,1297.58437680277));
#2495=IFCCARTESIANPOINT((195.064196380543,230.488498804259,1287.1735638581));
#2496=IFCCARTESIANPOINT((194.399999999991,229.,1296.14687419955));
#2497=IFCCARTESIANPOINT((194.886728864572,230.307673686635,1307.68988027199));
#2498=IFCCARTESIANPOINT((194.399999999991,229.,1438.55312383011));
#2499=IFCCARTESIANPOINT((194.891942801918,230.31368317617,1448.72692659089));
#2500=IFCCARTESIANPOINT((196.399999999991,231.,1439.11562319723));
#2501=IFCCARTESIANPOINT((196.399999999991,231.,1540.20937680277));
#2502=IFCCARTESIANPOINT((195.09031860833,230.511533874033,1530.09999826374));
#2503=IFCCARTESIANPOINT((194.399999999991,229.,1540.27187469213));
#2504=IFCCARTESIANPOINT((194.399999999991,229.,1560.61562013573));
#2505=IFCCARTESIANPOINT((196.399999999991,231.,1560.42812319723));
#2506=IFCCARTESIANPOINT((195.080817949835,230.503249386682,1550.41791043874));
#2507=IFCCARTESIANPOINT((194.399999999991,225.,1855.6));
#2508=IFCCARTESIANPOINT((194.399999999991,225.,1204.6));
#2509=IFCCARTESIANPOINT((329.399999999991,225.,1212.6));
#2510=IFCCARTESIANPOINT((329.399999999991,205.,1212.6));
#2511=IFCCARTESIANPOINT((317.399999999991,205.,1224.6));
#2512=IFCCARTESIANPOINT((317.399999999991,226.,1224.6));
#2513=IFCCARTESIANPOINT((318.864466094059,229.535533905937,1223.13553390593));
#2514=IFCCARTESIANPOINT((322.399999999991,231.,1219.6));
#2515=IFCCARTESIANPOINT((278.361556038656,226.,1224.6));
#2516=IFCCARTESIANPOINT((265.899999422952,231.,1219.6));
#2517=IFCCARTESIANPOINT((253.438443239226,226.,1224.6));
#2518=IFCCARTESIANPOINT((265.900002405564,229.394798205243,1223.27087798023));
#2519=IFCCARTESIANPOINT((248.438443704453,231.,1219.6));
#2520=IFCCARTESIANPOINT((283.361555141452,231.,1219.6));
#2521=IFCCARTESIANPOINT((239.302021379953,228.993385868698,1223.60495206477));
#2522=IFCCARTESIANPOINT((292.49798178625,228.993385813368,1223.60495210612));
#2523=IFCCARTESIANPOINT((335.399999999991,231.,1206.6));
#2524=IFCCARTESIANPOINT((336.814213562364,230.414213562377,1205.18578643763));
#2525=IFCCARTESIANPOINT((337.399999999991,229.,1204.6));
#2526=IFCCARTESIANPOINT((286.019841054375,231.,1206.6));
#2527=IFCCARTESIANPOINT((265.899999492782,229.,1204.6));
#2528=IFCCARTESIANPOINT((243.780158917636,229.,1204.6));
#2529=IFCCARTESIANPOINT((301.649999239178,229.,1204.6));
#2530=IFCCARTESIANPOINT((241.209921127794,231.,1206.6));
#2531=IFCCARTESIANPOINT((263.614881691695,231.,1206.6));
#2532=IFCCARTESIANPOINT((310.709919926573,231.,1206.6));
#2533=IFCCARTESIANPOINT((219.090079458813,229.,1204.6));
#2534=IFCCARTESIANPOINT((218.804960563893,231.,1206.6));
#2535=IFCCARTESIANPOINT((230.007440845843,231.,1206.6));
#2536=IFCCARTESIANPOINT((312.709920541169,229.,1204.6));
#2537=IFCCARTESIANPOINT((323.054959963282,231.,1206.6));
#2538=IFCCARTESIANPOINT((206.745039222193,229.,1204.6));
#2539=IFCCARTESIANPOINT((231.435119695434,229.,1204.6));
#2540=IFCCARTESIANPOINT((325.054959763371,229.,1204.6));
#2541=IFCCARTESIANPOINT((208.745040036701,231.,1206.6));
#2542=IFCCARTESIANPOINT((213.775000443041,230.407641960754,1205.17924523216));
#2543=IFCCARTESIANPOINT((307.179960585621,230.373367787475,1205.14608771917));
#2544=IFCCARTESIANPOINT((283.77499936598,229.,1204.6));
#2545=IFCCARTESIANPOINT((274.817361973646,231.,1206.6));
#2546=IFCCARTESIANPOINT((293.538561095664,230.393471178017,1205.16534391715));
#2547=IFCCARTESIANPOINT((235.608681341405,230.444891382803,1205.2171446598));
#2548=IFCCARTESIANPOINT((280.418601929922,230.458197937352,1205.23118343979));
#2549=IFCCARTESIANPOINT((248.264933728376,230.478582909595,1205.25322883181));
#2550=IFCCARTESIANPOINT((298.364881091085,231.,1206.6));
#2551=IFCCARTESIANPOINT((224.722645798713,230.240489781945,1205.03118353499));
#2552=IFCCARTESIANPOINT((254.840079205209,229.,1204.6));
#2553=IFCCARTESIANPOINT((260.370040600262,230.368947229446,1205.14192473342));
#2554=IFCCARTESIANPOINT((252.412401409745,231.,1206.6));
#2555=IFCCARTESIANPOINT((325.500098335449,230.427004307942,1205.19869392882));
#2556=IFCCARTESIANPOINT((337.399999999991,225.,1204.6));
#2557=IFCCARTESIANPOINT((329.399999999991,225.,1847.6));
#2558=IFCCARTESIANPOINT((329.399999999991,205.,1847.6));
#2559=IFCCARTESIANPOINT((317.399999999991,205.,1835.6));
#2560=IFCCARTESIANPOINT((317.399999999991,226.,1835.6));
#2561=IFCCARTESIANPOINT((318.864466094059,229.535533905937,1837.06446609407));
#2562=IFCCARTESIANPOINT((322.399999999991,231.,1840.6));
#2563=IFCCARTESIANPOINT((322.399999999991,231.,1531.90755228958));
#2564=IFCCARTESIANPOINT((322.399999999991,231.,1375.75376864392));
#2565=IFCCARTESIANPOINT((322.399999999991,231.,1684.44623135608));
#2566=IFCCARTESIANPOINT((317.399999999991,226.,1530.09999819546));
#2567=IFCCARTESIANPOINT((317.399999999991,226.,1377.35000090227));
#2568=IFCCARTESIANPOINT((317.399999999991,226.,1682.84999909773));
#2569=IFCCARTESIANPOINT((322.399999999991,231.,1762.52310817717));
#2570=IFCCARTESIANPOINT((317.399999999991,226.,1759.22499774432));
#2571=IFCCARTESIANPOINT((317.399999999991,226.,1796.56155658942));
#2572=IFCCARTESIANPOINT((322.399999999991,231.,1297.67687682109));
#2573=IFCCARTESIANPOINT((317.399999999991,226.,1300.97499864659));
#2574=IFCCARTESIANPOINT((317.399999999991,226.,1339.16249977443));
#2575=IFCCARTESIANPOINT((322.399999999991,231.,1258.63844591142));
#2576=IFCCARTESIANPOINT((317.399999999991,226.,1453.72499954886));
#2577=IFCCARTESIANPOINT((322.399999999991,231.,1453.83066046675));
#2578=IFCCARTESIANPOINT((322.399999999991,231.,1414.79221455534));
#2579=IFCCARTESIANPOINT((322.399999999991,231.,1608.17688432196));
#2580=IFCCARTESIANPOINT((317.399999999991,226.,1606.47500045113));
#2581=IFCCARTESIANPOINT((317.399999999991,226.,1644.66250157897));
#2582=IFCCARTESIANPOINT((322.399999999991,231.,1801.56155408858));
#2583=IFCCARTESIANPOINT((317.399999999991,226.,1262.78749751876));
#2584=IFCCARTESIANPOINT((322.399999999991,231.,1336.71532273251));
#2585=IFCCARTESIANPOINT((322.399999999991,231.,1646.31155033815));
#2586=IFCCARTESIANPOINT((318.918365573869,229.588623931658,1627.24422416829));
#2587=IFCCARTESIANPOINT((318.82864623636,229.499347409879,1657.76460584313));
#2588=IFCCARTESIANPOINT((318.893817913305,229.564644046049,1597.66727911693));
#2589=IFCCARTESIANPOINT((317.399999999991,226.,1568.2874993233));
#2590=IFCCARTESIANPOINT((322.399999999991,231.,1570.04221830577));
#2591=IFCCARTESIANPOINT((318.766071079932,229.434320981502,1777.89327922382));
#2592=IFCCARTESIANPOINT((322.399999999991,231.,1723.48467726749));
#2593=IFCCARTESIANPOINT((318.9500894205,229.619132077384,1746.44622481338));
#2594=IFCCARTESIANPOINT((317.399999999991,226.,1721.03749661648));
#2595=IFCCARTESIANPOINT((318.79392184935,229.463553142583,1807.07686746465));
#2596=IFCCARTESIANPOINT((318.812916516833,229.483221509591,1358.25625488157));
#2597=IFCCARTESIANPOINT((318.899234861565,229.569964067832,1388.74125906469));
#2598=IFCCARTESIANPOINT((317.399999999991,226.,1415.53750203011));
#2599=IFCCARTESIANPOINT((318.868065433872,229.539129585179,1434.63125414424));
#2600=IFCCARTESIANPOINT((318.825106214913,229.495730885729,1328.8432130467));
#2601=IFCCARTESIANPOINT((318.862434548469,229.533501192334,1464.59342877158));
#2602=IFCCARTESIANPOINT((322.399999999991,231.,1492.86910637817));
#2603=IFCCARTESIANPOINT((317.399999999991,226.,1491.91249706762));
#2604=IFCCARTESIANPOINT((318.832941496556,229.503725678916,1511.00625338376));
#2605=IFCCARTESIANPOINT((318.833917869101,229.50471942326,1540.54910697231));
#2606=IFCCARTESIANPOINT((318.812916478251,229.483221469859,1701.94375147661));
#2607=IFCCARTESIANPOINT((318.763647969768,229.431755223252,1281.88125525031));
#2608=IFCCARTESIANPOINT((318.806205228958,229.476296757143,1252.75011968614));
#2609=IFCCARTESIANPOINT((318.86277182151,229.533838821083,1569.70796940423));
#2610=IFCCARTESIANPOINT((335.399999999991,231.,1853.6));
#2611=IFCCARTESIANPOINT((336.814213562364,230.414213562377,1855.01421356237));
#2612=IFCCARTESIANPOINT((337.399999999991,229.,1855.6));
#2613=IFCCARTESIANPOINT((337.399999999991,229.,1530.1));
#2614=IFCCARTESIANPOINT((337.399999999991,229.,1367.35));
#2615=IFCCARTESIANPOINT((337.399999999991,229.,1692.85));
#2616=IFCCARTESIANPOINT((335.399999999991,231.,1530.09999819723));
#2617=IFCCARTESIANPOINT((335.399999999991,231.,1368.34999729585));
#2618=IFCCARTESIANPOINT((335.399999999991,231.,1691.84999909862));
#2619=IFCCARTESIANPOINT((335.399999999991,231.,1772.72499954931));
#2620=IFCCARTESIANPOINT((337.399999999991,229.,1774.225));
#2621=IFCCARTESIANPOINT((337.399999999991,229.,1733.5375));
#2622=IFCCARTESIANPOINT((335.399999999991,231.,1732.28749932396));
#2623=IFCCARTESIANPOINT((335.399999999991,231.,1287.47499684516));
#2624=IFCCARTESIANPOINT((337.399999999991,229.,1285.975));
#2625=IFCCARTESIANPOINT((337.399999999991,229.,1253.98015402399));
#2626=IFCCARTESIANPOINT((335.399999999991,231.,1247.03750022535));
#2627=IFCCARTESIANPOINT((335.399999999991,231.,1610.97499864793));
#2628=IFCCARTESIANPOINT((337.399999999991,229.,1611.475));
#2629=IFCCARTESIANPOINT((337.399999999991,229.,1570.7875));
#2630=IFCCARTESIANPOINT((335.399999999991,231.,1570.53749842258));
#2631=IFCCARTESIANPOINT((335.399999999991,231.,1449.22499774654));
#2632=IFCCARTESIANPOINT((337.399999999991,229.,1448.725));
#2633=IFCCARTESIANPOINT((337.399999999991,229.,1408.0375));
#2634=IFCCARTESIANPOINT((335.399999999991,231.,1408.7874975212));
#2635=IFCCARTESIANPOINT((335.399999999991,231.,1813.16249977465));
#2636=IFCCARTESIANPOINT((337.399999999991,229.,1814.9125));
#2637=IFCCARTESIANPOINT((337.399999999991,229.,1794.56875197034));
#2638=IFCCARTESIANPOINT((337.399999999991,229.,1229.290077012));
#2639=IFCCARTESIANPOINT((335.399999999991,231.,1226.81874830991));
#2640=IFCCARTESIANPOINT((337.399999999991,229.,1830.90991904733));
#2641=IFCCARTESIANPOINT((335.399999999991,231.,1833.38124808456));
#2642=IFCCARTESIANPOINT((335.399999999991,231.,1327.91249707051));
#2643=IFCCARTESIANPOINT((337.399999999991,229.,1326.6625));
#2644=IFCCARTESIANPOINT((337.399999999991,229.,1306.31875197034));
#2645=IFCCARTESIANPOINT((335.399999999991,231.,1651.41249887327));
#2646=IFCCARTESIANPOINT((337.399999999991,229.,1652.1625));
#2647=IFCCARTESIANPOINT((337.399999999991,229.,1631.81875197034));
#2648=IFCCARTESIANPOINT((337.399999999991,229.,1489.4125));
#2649=IFCCARTESIANPOINT((335.399999999991,231.,1489.66249797189));
#2650=IFCCARTESIANPOINT((335.399999999991,231.,1509.8812462818));
#2651=IFCCARTESIANPOINT((337.399999999991,229.,1216.945038506));
#2652=IFCCARTESIANPOINT((337.399999999991,229.,1843.254961494));
#2653=IFCCARTESIANPOINT((335.399999999991,231.,1218.94503968149));
#2654=IFCCARTESIANPOINT((336.857420854341,230.369643914788,1222.88189511602));
#2655=IFCCARTESIANPOINT((335.399999999991,231.,1236.92812426763));
#2656=IFCCARTESIANPOINT((337.399999999991,229.,1241.63511551799));
#2657=IFCCARTESIANPOINT((336.756574291645,230.4695938865,1241.9828135321));
#2658=IFCCARTESIANPOINT((335.399999999991,231.,1841.25495671298));
#2659=IFCCARTESIANPOINT((336.857420895828,230.369643870643,1837.31810534916));
#2660=IFCCARTESIANPOINT((336.732581996431,230.491383660491,1823.04309149426));
#2661=IFCCARTESIANPOINT((335.399999999991,231.,1267.25624853525));
#2662=IFCCARTESIANPOINT((336.691203822849,230.527348253624,1254.33873050595));
#2663=IFCCARTESIANPOINT((337.399999999991,229.,1269.97757701199));
#2664=IFCCARTESIANPOINT((337.399999999991,229.,1591.13124802966));
#2665=IFCCARTESIANPOINT((335.399999999991,231.,1590.75624673249));
#2666=IFCCARTESIANPOINT((335.399999999991,231.,1550.31875011267));
#2667=IFCCARTESIANPOINT((337.399999999991,229.,1550.44375197034));
#2668=IFCCARTESIANPOINT((337.399999999991,229.,1469.06875197034));
#2669=IFCCARTESIANPOINT((335.399999999991,231.,1469.44374966198));
#2670=IFCCARTESIANPOINT((335.399999999991,231.,1712.06875101406));
#2671=IFCCARTESIANPOINT((337.399999999991,229.,1713.19375197034));
#2672=IFCCARTESIANPOINT((337.399999999991,229.,1387.69375197034));
#2673=IFCCARTESIANPOINT((335.399999999991,231.,1388.56874921129));
#2674=IFCCARTESIANPOINT((335.399999999991,231.,1429.0062458311));
#2675=IFCCARTESIANPOINT((337.399999999991,229.,1428.38124802966));
#2676=IFCCARTESIANPOINT((335.399999999991,231.,1348.13124538041));
#2677=IFCCARTESIANPOINT((337.399999999991,229.,1347.00624802966));
#2678=IFCCARTESIANPOINT((337.399999999991,229.,1672.50624802966));
#2679=IFCCARTESIANPOINT((335.399999999991,231.,1671.63124718318));
#2680=IFCCARTESIANPOINT((335.399999999991,231.,1752.50624763387));
#2681=IFCCARTESIANPOINT((337.399999999991,229.,1753.88124802966));
#2682=IFCCARTESIANPOINT((336.754685672542,230.471335015759,1277.97629193496));
#2683=IFCCARTESIANPOINT((335.399999999991,231.,1257.14687618307));
#2684=IFCCARTESIANPOINT((336.832531563808,230.395655157509,1289.49002996048));
#2685=IFCCARTESIANPOINT((335.399999999991,231.,1307.6937487606));
#2686=IFCCARTESIANPOINT((335.399999999991,231.,1297.58437280288));
#2687=IFCCARTESIANPOINT((336.787267301755,230.44065590391,1302.63906488741));
#2688=IFCCARTESIANPOINT((336.804108447688,230.424246982485,1317.29753303348));
#2689=IFCCARTESIANPOINT((337.399999999991,229.,1296.14687598517));
#2690=IFCCARTESIANPOINT((336.838898946118,230.389089566172,1266.55826540906));
#2691=IFCCARTESIANPOINT((336.832939239297,230.395236587991,1811.61437263609));
#2692=IFCCARTESIANPOINT((335.399999999991,231.,1792.94375146475));
#2693=IFCCARTESIANPOINT((335.399999999991,231.,1803.05312742247));
#2694=IFCCARTESIANPOINT((336.783237246301,230.444525777005,1797.99843783507));
#2695=IFCCARTESIANPOINT((336.800454868388,230.427839683437,1783.41983592365));
#2696=IFCCARTESIANPOINT((337.399999999991,229.,1804.7406279555));
#2697=IFCCARTESIANPOINT((335.399999999991,231.,1631.19375056336));
#2698=IFCCARTESIANPOINT((336.786732085715,230.441171094088,1641.30312616826));
#2699=IFCCARTESIANPOINT((337.399999999991,229.,1509.75624802966));
#2700=IFCCARTESIANPOINT((335.399999999991,231.,1823.27187212684));
#2701=IFCCARTESIANPOINT((336.836095599981,230.391987581734,1601.30312647563));
#2702=IFCCARTESIANPOINT((336.830760613539,230.397470596017,1580.95937659415));
#2703=IFCCARTESIANPOINT((336.814213623928,230.414213500813,1540.20937669565));
#2704=IFCCARTESIANPOINT((336.808619440868,230.419785642552,1560.42812659155));
#2705=IFCCARTESIANPOINT((336.836095605704,230.39198757583,1458.89687728299));
#2706=IFCCARTESIANPOINT((336.803073336946,230.42526671579,1479.55312699848));
#2707=IFCCARTESIANPOINT((336.770854496265,230.456282235715,1701.95937584663));
#2708=IFCCARTESIANPOINT((336.765668826722,230.461146349859,1722.17812573895));
#2709=IFCCARTESIANPOINT((336.85655163509,230.370568252333,1377.5218776677));
#2710=IFCCARTESIANPOINT((336.781386969374,230.446295281342,1398.67812735509));
#2711=IFCCARTESIANPOINT((336.792128799933,230.435958705668,1439.11562718766));
#2712=IFCCARTESIANPOINT((336.846498963352,230.381173685315,1418.20937749126));
#2713=IFCCARTESIANPOINT((336.770854531583,230.456282202468,1358.24062747343));
#2714=IFCCARTESIANPOINT((336.866259330092,230.360177774007,1336.83437776557));
#2715=IFCCARTESIANPOINT((336.856551620308,230.370568268043,1682.67812599688));
#2716=IFCCARTESIANPOINT((336.851568761503,230.375844515422,1662.3343761171));
#2717=IFCCARTESIANPOINT((336.76053790387,230.465925172757,1742.3968756311));
#2718=IFCCARTESIANPOINT((336.755462494982,230.47061940171,1762.61562552311));
#2719=IFCCARTESIANPOINT((335.399999999991,231.,1277.36562088744));
#2720=IFCCARTESIANPOINT((337.399999999991,229.,1316.4906279555));
#2721=IFCCARTESIANPOINT((335.399999999991,231.,1317.80312471832));
#2722=IFCCARTESIANPOINT((337.399999999991,229.,1784.39687598517));
#2723=IFCCARTESIANPOINT((335.399999999991,231.,1782.83437550703));
#2724=IFCCARTESIANPOINT((336.841341470364,230.386554999196,1621.64687635655));
#2725=IFCCARTESIANPOINT((335.399999999991,231.,1641.30312652108));
#2726=IFCCARTESIANPOINT((337.399999999991,229.,1641.9906279555));
#2727=IFCCARTESIANPOINT((336.814213639163,230.414213485579,1519.9906267984));
#2728=IFCCARTESIANPOINT((336.825335776882,230.403003180013,1499.58437705976));
#2729=IFCCARTESIANPOINT((337.399999999991,229.,1601.30312401483));
#2730=IFCCARTESIANPOINT((335.399999999991,231.,1600.86562269021));
#2731=IFCCARTESIANPOINT((337.399999999991,229.,1580.9593720445));
#2732=IFCCARTESIANPOINT((335.399999999991,231.,1580.64687077477));
#2733=IFCCARTESIANPOINT((336.716947796291,230.505207129213,1591.1343088244));
#2734=IFCCARTESIANPOINT((335.399999999991,231.,1540.20937415495));
#2735=IFCCARTESIANPOINT((337.399999999991,229.,1540.27187598517));
#2736=IFCCARTESIANPOINT((335.399999999991,231.,1560.42812607039));
#2737=IFCCARTESIANPOINT((336.725142716255,230.497997590634,1570.70383869544));
#2738=IFCCARTESIANPOINT((337.399999999991,229.,1560.6156279555));
#2739=IFCCARTESIANPOINT((336.911354177515,230.309888754854,1550.32164867043));
#2740=IFCCARTESIANPOINT((337.399999999991,229.,1458.89687598517));
#2741=IFCCARTESIANPOINT((335.399999999991,231.,1459.33437370426));
#2742=IFCCARTESIANPOINT((335.399999999991,231.,1479.5531256197));
#2743=IFCCARTESIANPOINT((337.399999999991,229.,1479.2406279555));
#2744=IFCCARTESIANPOINT((336.893346609075,230.330381864409,1469.2373607625));
#2745=IFCCARTESIANPOINT((335.399999999991,231.,1701.95937505634));
#2746=IFCCARTESIANPOINT((337.399999999991,229.,1703.02187598517));
#2747=IFCCARTESIANPOINT((335.399999999991,231.,1722.17812697177));
#2748=IFCCARTESIANPOINT((337.399999999991,229.,1723.3656279555));
#2749=IFCCARTESIANPOINT((336.912025037843,230.30911431316,1712.07244632574));
#2750=IFCCARTESIANPOINT((337.399999999991,229.,1377.52187598517));
#2751=IFCCARTESIANPOINT((335.399999999991,231.,1378.45937325357));
#2752=IFCCARTESIANPOINT((335.399999999991,231.,1398.67812516901));
#2753=IFCCARTESIANPOINT((337.399999999991,229.,1397.8656279555));
#2754=IFCCARTESIANPOINT((336.87132194346,230.354699870332,1388.11916351628));
#2755=IFCCARTESIANPOINT((335.399999999991,231.,1439.11562178882));
#2756=IFCCARTESIANPOINT((337.399999999991,229.,1438.55312401483));
#2757=IFCCARTESIANPOINT((337.399999999991,229.,1418.2093720445));
#2758=IFCCARTESIANPOINT((335.399999999991,231.,1418.89686987339));
#2759=IFCCARTESIANPOINT((336.743045045324,230.481968287859,1428.64271128561));
#2760=IFCCARTESIANPOINT((335.399999999991,231.,1358.24062133813));
#2761=IFCCARTESIANPOINT((337.399999999991,229.,1357.17812401483));
#2762=IFCCARTESIANPOINT((337.399999999991,229.,1336.8343720445));
#2763=IFCCARTESIANPOINT((335.399999999991,231.,1338.02186942269));
#2764=IFCCARTESIANPOINT((336.766952380665,230.459945611652,1347.5140937421));
#2765=IFCCARTESIANPOINT((337.399999999991,229.,1682.67812401483));
#2766=IFCCARTESIANPOINT((335.399999999991,231.,1681.7406231409));
#2767=IFCCARTESIANPOINT((337.399999999991,229.,1662.3343720445));
#2768=IFCCARTESIANPOINT((336.876898064851,230.348618591755,1651.8003126666));
#2769=IFCCARTESIANPOINT((335.399999999991,231.,1661.52187122546));
#2770=IFCCARTESIANPOINT((336.71649565166,230.505602603329,1672.50970063981));
#2771=IFCCARTESIANPOINT((335.399999999991,231.,1742.39687167615));
#2772=IFCCARTESIANPOINT((337.399999999991,229.,1743.7093720445));
#2773=IFCCARTESIANPOINT((336.912595079825,230.308455625719,1732.29128442124));
#2774=IFCCARTESIANPOINT((335.399999999991,231.,1762.61562359159));
#2775=IFCCARTESIANPOINT((336.73580361944,230.488498804259,1773.02643614189));
#2776=IFCCARTESIANPOINT((337.399999999991,229.,1764.05312401483));
#2777=IFCCARTESIANPOINT((336.913271135411,230.307673686635,1752.51011972801));
#2778=IFCCARTESIANPOINT((337.399999999991,229.,1621.64687598517));
#2779=IFCCARTESIANPOINT((336.908057198064,230.31368317617,1611.4730734091));
#2780=IFCCARTESIANPOINT((335.399999999991,231.,1621.08437460564));
#2781=IFCCARTESIANPOINT((335.399999999991,231.,1519.99062223951));
#2782=IFCCARTESIANPOINT((336.709681391653,230.511533874033,1530.10000173626));
#2783=IFCCARTESIANPOINT((337.399999999991,229.,1519.92812401483));
#2784=IFCCARTESIANPOINT((337.399999999991,229.,1499.5843720445));
#2785=IFCCARTESIANPOINT((335.399999999991,231.,1499.77187032408));
#2786=IFCCARTESIANPOINT((336.719182050148,230.503249386681,1509.78208956126));
#2787=IFCCARTESIANPOINT((337.399999999991,225.,1855.6));
#2788=IFCCARTESIANPOINT((253.438444211825,226.,1835.6));
#2789=IFCCARTESIANPOINT((265.899999999991,231.,1840.6));
#2790=IFCCARTESIANPOINT((278.361556510258,226.,1835.6));
#2791=IFCCARTESIANPOINT((265.899997594418,229.394798205243,1836.92912201977));
#2792=IFCCARTESIANPOINT((283.361556294361,231.,1840.6));
#2793=IFCCARTESIANPOINT((248.438443705621,231.,1840.6));
#2794=IFCCARTESIANPOINT((292.49797862003,228.993385868698,1836.59504793523));
#2795=IFCCARTESIANPOINT((239.302018213733,228.993385813368,1836.59504789387));
#2796=IFCCARTESIANPOINT((245.780158945607,231.,1853.6));
#2797=IFCCARTESIANPOINT((265.9000005072,229.,1855.6));
#2798=IFCCARTESIANPOINT((288.019841082347,229.,1855.6));
#2799=IFCCARTESIANPOINT((230.150000760805,229.,1855.6));
#2800=IFCCARTESIANPOINT((290.590078872188,231.,1853.6));
#2801=IFCCARTESIANPOINT((268.185118308287,231.,1853.6));
#2802=IFCCARTESIANPOINT((221.09008007341,231.,1853.6));
#2803=IFCCARTESIANPOINT((312.709920541169,229.,1855.6));
#2804=IFCCARTESIANPOINT((312.99503943609,231.,1853.6));
#2805=IFCCARTESIANPOINT((301.792559154139,231.,1853.6));
#2806=IFCCARTESIANPOINT((219.090079458813,229.,1855.6));
#2807=IFCCARTESIANPOINT((208.745040036701,231.,1853.6));
#2808=IFCCARTESIANPOINT((325.054960777789,229.,1855.6));
#2809=IFCCARTESIANPOINT((300.364880304549,229.,1855.6));
#2810=IFCCARTESIANPOINT((206.745040236612,229.,1855.6));
#2811=IFCCARTESIANPOINT((323.054959963282,231.,1853.6));
#2812=IFCCARTESIANPOINT((318.024999556941,230.407641960754,1855.02075476784));
#2813=IFCCARTESIANPOINT((224.620039414362,230.373367787475,1855.05391228083));
#2814=IFCCARTESIANPOINT((248.025000634003,229.,1855.6));
#2815=IFCCARTESIANPOINT((256.982638026336,231.,1853.6));
#2816=IFCCARTESIANPOINT((238.261438904319,230.393471178017,1855.03465608285));
#2817=IFCCARTESIANPOINT((296.191318658578,230.444891382803,1854.9828553402));
#2818=IFCCARTESIANPOINT((251.381398070061,230.458197937352,1854.96881656021));
#2819=IFCCARTESIANPOINT((283.535066271606,230.478582909595,1854.94677116819));
#2820=IFCCARTESIANPOINT((233.435118908898,231.,1853.6));
#2821=IFCCARTESIANPOINT((307.077354201269,230.240489781945,1855.16881646501));
#2822=IFCCARTESIANPOINT((276.959920794774,229.,1855.6));
#2823=IFCCARTESIANPOINT((271.42995939972,230.368947229446,1855.05807526658));
#2824=IFCCARTESIANPOINT((279.387598590238,231.,1853.6));
#2825=IFCCARTESIANPOINT((206.299901664534,230.427004307942,1855.00130607118));
#2826=IFCPOLYLOOP((#2268,#2269,#2270,#2271));
#2827=IFCFACEOUTERBOUND(#2826,.T.);
#2828=IFCFACE((#2827));
#2829=IFCPOLYLOOP((#2273,#2274,#2275,#2288,#2287,#2311,#2285,#2298,#2297,#2306,#2283,#2320,#2293,#2315,#2284,#2291,#2290,#2300,#2272));
#2830=IFCFACEOUTERBOUND(#2829,.T.);
#2831=IFCFACE((#2830));
#2832=IFCPOLYLOOP((#2308,#2299,#2286));
#2833=IFCFACEOUTERBOUND(#2832,.T.);
#2834=IFCFACE((#2833));
#2835=IFCPOLYLOOP((#2301,#2317,#2313));
#2836=IFCFACEOUTERBOUND(#2835,.T.);
#2837=IFCFACE((#2836));
#2838=IFCPOLYLOOP((#2300,#2324,#2325));
#2839=IFCFACEOUTERBOUND(#2838,.T.);
#2840=IFCFACE((#2839));
#2841=IFCPOLYLOOP((#2286,#2310,#2308));
#2842=IFCFACEOUTERBOUND(#2841,.T.);
#2843=IFCFACE((#2842));
#2844=IFCPOLYLOOP((#2324,#2300,#2290));
#2845=IFCFACEOUTERBOUND(#2844,.T.);
#2846=IFCFACE((#2845));
#2847=IFCPOLYLOOP((#2302,#2303,#2304));
#2848=IFCFACEOUTERBOUND(#2847,.T.);
#2849=IFCFACE((#2848));
#2850=IFCPOLYLOOP((#2291,#2284,#2313));
#2851=IFCFACEOUTERBOUND(#2850,.T.);
#2852=IFCFACE((#2851));
#2853=IFCPOLYLOOP((#2294,#2295,#2316));
#2854=IFCFACEOUTERBOUND(#2853,.T.);
#2855=IFCFACE((#2854));
#2856=IFCPOLYLOOP((#2305,#2307,#2326));
#2857=IFCFACEOUTERBOUND(#2856,.T.);
#2858=IFCFACE((#2857));
#2859=IFCPOLYLOOP((#2320,#2321,#2318));
#2860=IFCFACEOUTERBOUND(#2859,.T.);
#2861=IFCFACE((#2860));
#2862=IFCPOLYLOOP((#2323,#2310,#2309));
#2863=IFCFACEOUTERBOUND(#2862,.T.);
#2864=IFCFACE((#2863));
#2865=IFCPOLYLOOP((#2312,#2275,#2278));
#2866=IFCFACEOUTERBOUND(#2865,.T.);
#2867=IFCFACE((#2866));
#2868=IFCPOLYLOOP((#2299,#2308,#2312));
#2869=IFCFACEOUTERBOUND(#2868,.T.);
#2870=IFCFACE((#2869));
#2871=IFCPOLYLOOP((#2325,#2324,#2292));
#2872=IFCFACEOUTERBOUND(#2871,.T.);
#2873=IFCFACE((#2872));
#2874=IFCPOLYLOOP((#2294,#2316,#2318));
#2875=IFCFACEOUTERBOUND(#2874,.T.);
#2876=IFCFACE((#2875));
#2877=IFCPOLYLOOP((#2317,#2291,#2313));
#2878=IFCFACEOUTERBOUND(#2877,.T.);
#2879=IFCFACE((#2878));
#2880=IFCPOLYLOOP((#2272,#2300,#2325));
#2881=IFCFACEOUTERBOUND(#2880,.T.);
#2882=IFCFACE((#2881));
#2883=IFCPOLYLOOP((#2276,#2277,#2325));
#2884=IFCFACEOUTERBOUND(#2883,.T.);
#2885=IFCFACE((#2884));
#2886=IFCPOLYLOOP((#2314,#2281,#2313));
#2887=IFCFACEOUTERBOUND(#2886,.T.);
#2888=IFCFACE((#2887));
#2889=IFCPOLYLOOP((#2316,#2314,#2315));
#2890=IFCFACEOUTERBOUND(#2889,.T.);
#2891=IFCFACE((#2890));
#2892=IFCPOLYLOOP((#2282,#2302,#2304));
#2893=IFCFACEOUTERBOUND(#2892,.T.);
#2894=IFCFACE((#2893));
#2895=IFCPOLYLOOP((#2297,#2303,#2305));
#2896=IFCFACEOUTERBOUND(#2895,.T.);
#2897=IFCFACE((#2896));
#2898=IFCPOLYLOOP((#2297,#2298,#2303));
#2899=IFCFACEOUTERBOUND(#2898,.T.);
#2900=IFCFACE((#2899));
#2901=IFCPOLYLOOP((#2279,#2299,#2312));
#2902=IFCFACEOUTERBOUND(#2901,.T.);
#2903=IFCFACE((#2902));
#2904=IFCPOLYLOOP((#2308,#2287,#2288));
#2905=IFCFACEOUTERBOUND(#2904,.T.);
#2906=IFCFACE((#2905));
#2907=IFCPOLYLOOP((#2303,#2296,#2305));
#2908=IFCFACEOUTERBOUND(#2907,.T.);
#2909=IFCFACE((#2908));
#2910=IFCPOLYLOOP((#2317,#2289,#2324));
#2911=IFCFACEOUTERBOUND(#2910,.T.);
#2912=IFCFACE((#2911));
#2913=IFCPOLYLOOP((#2296,#2303,#2302));
#2914=IFCFACEOUTERBOUND(#2913,.T.);
#2915=IFCFACE((#2914));
#2916=IFCPOLYLOOP((#2304,#2303,#2298));
#2917=IFCFACEOUTERBOUND(#2916,.T.);
#2918=IFCFACE((#2917));
#2919=IFCPOLYLOOP((#2298,#2285,#2304));
#2920=IFCFACEOUTERBOUND(#2919,.T.);
#2921=IFCFACE((#2920));
#2922=IFCPOLYLOOP((#2304,#2285,#2323));
#2923=IFCFACEOUTERBOUND(#2922,.T.);
#2924=IFCFACE((#2923));
#2925=IFCPOLYLOOP((#2307,#2280,#2322));
#2926=IFCFACEOUTERBOUND(#2925,.T.);
#2927=IFCFACE((#2926));
#2928=IFCPOLYLOOP((#2305,#2296,#2307));
#2929=IFCFACEOUTERBOUND(#2928,.T.);
#2930=IFCFACE((#2929));
#2931=IFCPOLYLOOP((#2280,#2321,#2322));
#2932=IFCFACEOUTERBOUND(#2931,.T.);
#2933=IFCFACE((#2932));
#2934=IFCPOLYLOOP((#2306,#2297,#2305));
#2935=IFCFACEOUTERBOUND(#2934,.T.);
#2936=IFCFACE((#2935));
#2937=IFCPOLYLOOP((#2308,#2288,#2312));
#2938=IFCFACEOUTERBOUND(#2937,.T.);
#2939=IFCFACE((#2938));
#2940=IFCPOLYLOOP((#2275,#2312,#2288));
#2941=IFCFACEOUTERBOUND(#2940,.T.);
#2942=IFCFACE((#2941));
#2943=IFCPOLYLOOP((#2308,#2310,#2287));
#2944=IFCFACEOUTERBOUND(#2943,.T.);
#2945=IFCFACE((#2944));
#2946=IFCPOLYLOOP((#2286,#2309,#2310));
#2947=IFCFACEOUTERBOUND(#2946,.T.);
#2948=IFCFACE((#2947));
#2949=IFCPOLYLOOP((#2285,#2311,#2323));
#2950=IFCFACEOUTERBOUND(#2949,.T.);
#2951=IFCFACE((#2950));
#2952=IFCPOLYLOOP((#2282,#2323,#2309));
#2953=IFCFACEOUTERBOUND(#2952,.T.);
#2954=IFCFACE((#2953));
#2955=IFCPOLYLOOP((#2311,#2287,#2310));
#2956=IFCFACEOUTERBOUND(#2955,.T.);
#2957=IFCFACE((#2956));
#2958=IFCPOLYLOOP((#2279,#2312,#2278));
#2959=IFCFACEOUTERBOUND(#2958,.T.);
#2960=IFCFACE((#2959));
#2961=IFCPOLYLOOP((#2314,#2313,#2284));
#2962=IFCFACEOUTERBOUND(#2961,.T.);
#2963=IFCFACE((#2962));
#2964=IFCPOLYLOOP((#2301,#2313,#2281));
#2965=IFCFACEOUTERBOUND(#2964,.T.);
#2966=IFCFACE((#2965));
#2967=IFCPOLYLOOP((#2316,#2293,#2318));
#2968=IFCFACEOUTERBOUND(#2967,.T.);
#2969=IFCFACE((#2968));
#2970=IFCPOLYLOOP((#2295,#2281,#2314));
#2971=IFCFACEOUTERBOUND(#2970,.T.);
#2972=IFCFACE((#2971));
#2973=IFCPOLYLOOP((#2314,#2284,#2315));
#2974=IFCFACEOUTERBOUND(#2973,.T.);
#2975=IFCFACE((#2974));
#2976=IFCPOLYLOOP((#2316,#2315,#2293));
#2977=IFCFACEOUTERBOUND(#2976,.T.);
#2978=IFCFACE((#2977));
#2979=IFCPOLYLOOP((#2314,#2316,#2295));
#2980=IFCFACEOUTERBOUND(#2979,.T.);
#2981=IFCFACE((#2980));
#2982=IFCPOLYLOOP((#2289,#2317,#2301));
#2983=IFCFACEOUTERBOUND(#2982,.T.);
#2984=IFCFACE((#2983));
#2985=IFCPOLYLOOP((#2290,#2291,#2317));
#2986=IFCFACEOUTERBOUND(#2985,.T.);
#2987=IFCFACE((#2986));
#2988=IFCPOLYLOOP((#2321,#2320,#2283));
#2989=IFCFACEOUTERBOUND(#2988,.T.);
#2990=IFCFACE((#2989));
#2991=IFCPOLYLOOP((#2318,#2293,#2320));
#2992=IFCFACEOUTERBOUND(#2991,.T.);
#2993=IFCFACE((#2992));
#2994=IFCPOLYLOOP((#2321,#2280,#2319));
#2995=IFCFACEOUTERBOUND(#2994,.T.);
#2996=IFCFACE((#2995));
#2997=IFCPOLYLOOP((#2319,#2294,#2318));
#2998=IFCFACEOUTERBOUND(#2997,.T.);
#2999=IFCFACE((#2998));
#3000=IFCPOLYLOOP((#2321,#2283,#2322));
#3001=IFCFACEOUTERBOUND(#3000,.T.);
#3002=IFCFACE((#3001));
#3003=IFCPOLYLOOP((#2318,#2321,#2319));
#3004=IFCFACEOUTERBOUND(#3003,.T.);
#3005=IFCFACE((#3004));
#3006=IFCPOLYLOOP((#2283,#2306,#2322));
#3007=IFCFACEOUTERBOUND(#3006,.T.);
#3008=IFCFACE((#3007));
#3009=IFCPOLYLOOP((#2322,#2306,#2326));
#3010=IFCFACEOUTERBOUND(#3009,.T.);
#3011=IFCFACE((#3010));
#3012=IFCPOLYLOOP((#2323,#2311,#2310));
#3013=IFCFACEOUTERBOUND(#3012,.T.);
#3014=IFCFACE((#3013));
#3015=IFCPOLYLOOP((#2304,#2323,#2282));
#3016=IFCFACEOUTERBOUND(#3015,.T.);
#3017=IFCFACE((#3016));
#3018=IFCPOLYLOOP((#2317,#2324,#2290));
#3019=IFCFACEOUTERBOUND(#3018,.T.);
#3020=IFCFACE((#3019));
#3021=IFCPOLYLOOP((#2292,#2324,#2289));
#3022=IFCFACEOUTERBOUND(#3021,.T.);
#3023=IFCFACE((#3022));
#3024=IFCPOLYLOOP((#2276,#2325,#2292));
#3025=IFCFACEOUTERBOUND(#3024,.T.);
#3026=IFCFACE((#3025));
#3027=IFCPOLYLOOP((#2272,#2325,#2277));
#3028=IFCFACEOUTERBOUND(#3027,.T.);
#3029=IFCFACE((#3028));
#3030=IFCPOLYLOOP((#2322,#2326,#2307));
#3031=IFCFACEOUTERBOUND(#3030,.T.);
#3032=IFCFACE((#3031));
#3033=IFCPOLYLOOP((#2306,#2305,#2326));
#3034=IFCFACEOUTERBOUND(#3033,.T.);
#3035=IFCFACE((#3034));
#3036=IFCPOLYLOOP((#2361,#2379,#2380));
#3037=IFCFACEOUTERBOUND(#3036,.T.);
#3038=IFCFACE((#3037));
#3039=IFCPOLYLOOP((#2424,#2349,#2458));
#3040=IFCFACEOUTERBOUND(#3039,.T.);
#3041=IFCFACE((#3040));
#3042=IFCPOLYLOOP((#2493,#2468,#2428));
#3043=IFCFACEOUTERBOUND(#3042,.T.);
#3044=IFCFACE((#3043));
#3045=IFCPOLYLOOP((#2444,#2367,#2498));
#3046=IFCFACEOUTERBOUND(#3045,.T.);
#3047=IFCFACE((#3046));
#3048=IFCPOLYLOOP((#2381,#2402,#2410));
#3049=IFCFACEOUTERBOUND(#3048,.T.);
#3050=IFCFACE((#3049));
#3051=IFCPOLYLOOP((#2377,#2346,#2382));
#3052=IFCFACEOUTERBOUND(#3051,.T.);
#3053=IFCFACE((#3052));
#3054=IFCPOLYLOOP((#2430,#2393,#2472,#2354));
#3055=IFCFACEOUTERBOUND(#3054,.T.);
#3056=IFCFACE((#3055));
#3057=IFCPOLYLOOP((#2411,#2414,#2413));
#3058=IFCFACEOUTERBOUND(#3057,.T.);
#3059=IFCFACE((#3058));
#3060=IFCPOLYLOOP((#2374,#2373,#2359,#2375));
#3061=IFCFACEOUTERBOUND(#3060,.T.);
#3062=IFCFACE((#3061));
#3063=IFCPOLYLOOP((#2501,#2506,#2505,#2370));
#3064=IFCFACEOUTERBOUND(#3063,.T.);
#3065=IFCFACE((#3064));
#3066=IFCPOLYLOOP((#2495,#2496,#2438));
#3067=IFCFACEOUTERBOUND(#3066,.T.);
#3068=IFCFACE((#3067));
#3069=IFCPOLYLOOP((#2413,#2414,#2412));
#3070=IFCFACEOUTERBOUND(#3069,.T.);
#3071=IFCFACE((#3070));
#3072=IFCPOLYLOOP((#2497,#2492,#2437));
#3073=IFCFACEOUTERBOUND(#3072,.T.);
#3074=IFCFACE((#3073));
#3075=IFCPOLYLOOP((#2469,#2466,#2427));
#3076=IFCFACEOUTERBOUND(#3075,.T.);
#3077=IFCFACE((#3076));
#3078=IFCPOLYLOOP((#2404,#2344,#2402));
#3079=IFCFACEOUTERBOUND(#3078,.T.);
#3080=IFCFACE((#3079));
#3081=IFCPOLYLOOP((#2434,#2484,#2397));
#3082=IFCFACEOUTERBOUND(#3081,.T.);
#3083=IFCFACE((#3082));
#3084=IFCPOLYLOOP((#2346,#2377,#2375));
#3085=IFCFACEOUTERBOUND(#3084,.T.);
#3086=IFCFACE((#3085));
#3087=IFCPOLYLOOP((#2378,#2330,#2331));
#3088=IFCFACEOUTERBOUND(#3087,.T.);
#3089=IFCFACE((#3088));
#3090=IFCPOLYLOOP((#2328,#2329,#2373));
#3091=IFCFACEOUTERBOUND(#3090,.T.);
#3092=IFCFACE((#3091));
#3093=IFCPOLYLOOP((#2453,#2450,#2421));
#3094=IFCFACEOUTERBOUND(#3093,.T.);
#3095=IFCFACE((#3094));
#3096=IFCPOLYLOOP((#2488,#2489,#2436));
#3097=IFCFACEOUTERBOUND(#3096,.T.);
#3098=IFCFACE((#3097));
#3099=IFCPOLYLOOP((#2457,#2452,#2422));
#3100=IFCFACEOUTERBOUND(#3099,.T.);
#3101=IFCFACE((#3100));
#3102=IFCPOLYLOOP((#2459,#2455,#2423));
#3103=IFCFACEOUTERBOUND(#3102,.T.);
#3104=IFCFACE((#3103));
#3105=IFCPOLYLOOP((#2506,#2501,#2447));
#3106=IFCFACEOUTERBOUND(#3105,.T.);
#3107=IFCFACE((#3106));
#3108=IFCPOLYLOOP((#2432,#2479,#2395));
#3109=IFCFACEOUTERBOUND(#3108,.T.);
#3110=IFCFACE((#3109));
#3111=IFCPOLYLOOP((#2432,#2395,#2477,#2353));
#3112=IFCFACEOUTERBOUND(#3111,.T.);
#3113=IFCFACE((#3112));
#3114=IFCPOLYLOOP((#2430,#2474,#2393));
#3115=IFCFACEOUTERBOUND(#3114,.T.);
#3116=IFCFACE((#3115));
#3117=IFCPOLYLOOP((#2374,#2371,#2328));
#3118=IFCFACEOUTERBOUND(#3117,.T.);
#3119=IFCFACE((#3118));
#3120=IFCPOLYLOOP((#2378,#2379,#2361));
#3121=IFCFACEOUTERBOUND(#3120,.T.);
#3122=IFCFACE((#3121));
#3123=IFCPOLYLOOP((#2380,#2411,#2355));
#3124=IFCFACEOUTERBOUND(#3123,.T.);
#3125=IFCFACE((#3124));
#3126=IFCPOLYLOOP((#2358,#2374,#2377));
#3127=IFCFACEOUTERBOUND(#3126,.T.);
#3128=IFCFACE((#3127));
#3129=IFCPOLYLOOP((#2356,#2411,#2380));
#3130=IFCFACEOUTERBOUND(#3129,.T.);
#3131=IFCFACE((#3130));
#3132=IFCPOLYLOOP((#2331,#2379,#2378));
#3133=IFCFACEOUTERBOUND(#3132,.T.);
#3134=IFCFACE((#3133));
#3135=IFCPOLYLOOP((#2407,#2408,#2364));
#3136=IFCFACEOUTERBOUND(#3135,.T.);
#3137=IFCFACE((#3136));
#3138=IFCPOLYLOOP((#2434,#2397,#2482,#2363));
#3139=IFCFACEOUTERBOUND(#3138,.T.);
#3140=IFCFACE((#3139));
#3141=IFCPOLYLOOP((#2407,#2406,#2405));
#3142=IFCFACEOUTERBOUND(#3141,.T.);
#3143=IFCFACE((#3142));
#3144=IFCPOLYLOOP((#2499,#2500,#2444));
#3145=IFCFACEOUTERBOUND(#3144,.T.);
#3146=IFCFACE((#3145));
#3147=IFCPOLYLOOP((#2490,#2486,#2435));
#3148=IFCFACEOUTERBOUND(#3147,.T.);
#3149=IFCFACE((#3148));
#3150=IFCPOLYLOOP((#2488,#2446,#2418));
#3151=IFCFACEOUTERBOUND(#3150,.T.);
#3152=IFCFACE((#3151));
#3153=IFCPOLYLOOP((#2426,#2464,#2389));
#3154=IFCFACEOUTERBOUND(#3153,.T.);
#3155=IFCFACE((#3154));
#3156=IFCPOLYLOOP((#2426,#2389,#2462,#2369));
#3157=IFCFACEOUTERBOUND(#3156,.T.);
#3158=IFCFACE((#3157));
#3159=IFCPOLYLOOP((#2336,#2454,#2502,#2501));
#3160=IFCFACEOUTERBOUND(#3159,.T.);
#3161=IFCFACE((#3160));
#3162=IFCPOLYLOOP((#2371,#2327,#2328));
#3163=IFCFACEOUTERBOUND(#3162,.T.);
#3164=IFCFACE((#3163));
#3165=IFCPOLYLOOP((#2331,#2332,#2372));
#3166=IFCFACEOUTERBOUND(#3165,.T.);
#3167=IFCFACE((#3166));
#3168=IFCPOLYLOOP((#2373,#2374,#2328));
#3169=IFCFACEOUTERBOUND(#3168,.T.);
#3170=IFCFACE((#3169));
#3171=IFCPOLYLOOP((#2358,#2371,#2374));
#3172=IFCFACEOUTERBOUND(#3171,.T.);
#3173=IFCFACE((#3172));
#3174=IFCPOLYLOOP((#2377,#2345,#2376,#2358));
#3175=IFCFACEOUTERBOUND(#3174,.T.);
#3176=IFCFACE((#3175));
#3177=IFCPOLYLOOP((#2377,#2374,#2375));
#3178=IFCFACEOUTERBOUND(#3177,.T.);
#3179=IFCFACE((#3178));
#3180=IFCPOLYLOOP((#2499,#2449,#2421));
#3181=IFCFACEOUTERBOUND(#3180,.T.);
#3182=IFCFACE((#3181));
#3183=IFCPOLYLOOP((#2379,#2331,#2372));
#3184=IFCFACEOUTERBOUND(#3183,.T.);
#3185=IFCFACE((#3184));
#3186=IFCPOLYLOOP((#2372,#2360,#2379));
#3187=IFCFACEOUTERBOUND(#3186,.T.);
#3188=IFCFACE((#3187));
#3189=IFCPOLYLOOP((#2380,#2379,#2360));
#3190=IFCFACEOUTERBOUND(#3189,.T.);
#3191=IFCFACE((#3190));
#3192=IFCPOLYLOOP((#2356,#2380,#2360));
#3193=IFCFACEOUTERBOUND(#3192,.T.);
#3194=IFCFACE((#3193));
#3195=IFCPOLYLOOP((#2380,#2355,#2420,#2361));
#3196=IFCFACEOUTERBOUND(#3195,.T.);
#3197=IFCFACE((#3196));
#3198=IFCPOLYLOOP((#2377,#2382,#2345));
#3199=IFCFACEOUTERBOUND(#3198,.T.);
#3200=IFCFACE((#3199));
#3201=IFCPOLYLOOP((#2382,#2346,#2403));
#3202=IFCFACEOUTERBOUND(#3201,.T.);
#3203=IFCFACE((#3202));
#3204=IFCPOLYLOOP((#2402,#2343,#2404));
#3205=IFCFACEOUTERBOUND(#3204,.T.);
#3206=IFCFACE((#3205));
#3207=IFCPOLYLOOP((#2402,#2344,#2383));
#3208=IFCFACEOUTERBOUND(#3207,.T.);
#3209=IFCFACE((#3208));
#3210=IFCPOLYLOOP((#2382,#2410,#2345));
#3211=IFCFACEOUTERBOUND(#3210,.T.);
#3212=IFCFACE((#3211));
#3213=IFCPOLYLOOP((#2422,#2384,#2451,#2349));
#3214=IFCFACEOUTERBOUND(#3213,.T.);
#3215=IFCFACE((#3214));
#3216=IFCPOLYLOOP((#2502,#2454,#2423));
#3217=IFCFACEOUTERBOUND(#3216,.T.);
#3218=IFCFACE((#3217));
#3219=IFCPOLYLOOP((#2424,#2386,#2456));
#3220=IFCFACEOUTERBOUND(#3219,.T.);
#3221=IFCFACE((#3220));
#3222=IFCPOLYLOOP((#2460,#2464,#2463,#2388));
#3223=IFCFACEOUTERBOUND(#3222,.T.);
#3224=IFCFACE((#3223));
#3225=IFCPOLYLOOP((#2464,#2460,#2425));
#3226=IFCFACEOUTERBOUND(#3225,.T.);
#3227=IFCFACE((#3226));
#3228=IFCPOLYLOOP((#2427,#2338,#2465,#2390));
#3229=IFCFACEOUTERBOUND(#3228,.T.);
#3230=IFCFACE((#3229));
#3231=IFCPOLYLOOP((#2428,#2390,#2467,#2342));
#3232=IFCFACEOUTERBOUND(#3231,.T.);
#3233=IFCFACE((#3232));
#3234=IFCPOLYLOOP((#2392,#2429,#2474));
#3235=IFCFACEOUTERBOUND(#3234,.T.);
#3236=IFCFACE((#3235));
#3237=IFCPOLYLOOP((#2429,#2392,#2470,#2334));
#3238=IFCFACEOUTERBOUND(#3237,.T.);
#3239=IFCFACE((#3238));
#3240=IFCPOLYLOOP((#2475,#2479,#2478,#2394));
#3241=IFCFACEOUTERBOUND(#3240,.T.);
#3242=IFCFACE((#3241));
#3243=IFCPOLYLOOP((#2479,#2475,#2431));
#3244=IFCFACEOUTERBOUND(#3243,.T.);
#3245=IFCFACE((#3244));
#3246=IFCPOLYLOOP((#2396,#2433,#2484));
#3247=IFCFACEOUTERBOUND(#3246,.T.);
#3248=IFCFACE((#3247));
#3249=IFCPOLYLOOP((#2433,#2396,#2480,#2337));
#3250=IFCFACEOUTERBOUND(#3249,.T.);
#3251=IFCFACE((#3250));
#3252=IFCPOLYLOOP((#2435,#2335,#2485,#2398));
#3253=IFCFACEOUTERBOUND(#3252,.T.);
#3254=IFCFACE((#3253));
#3255=IFCPOLYLOOP((#2436,#2398,#2487,#2366));
#3256=IFCFACEOUTERBOUND(#3255,.T.);
#3257=IFCFACE((#3256));
#3258=IFCPOLYLOOP((#2437,#2342,#2491,#2400));
#3259=IFCFACEOUTERBOUND(#3258,.T.);
#3260=IFCFACE((#3259));
#3261=IFCPOLYLOOP((#2438,#2400,#2494,#2339));
#3262=IFCFACEOUTERBOUND(#3261,.T.);
#3263=IFCFACE((#3262));
#3264=IFCPOLYLOOP((#2410,#2402,#2383));
#3265=IFCFACEOUTERBOUND(#3264,.T.);
#3266=IFCFACE((#3265));
#3267=IFCPOLYLOOP((#2402,#2381,#2439,#2343));
#3268=IFCFACEOUTERBOUND(#3267,.T.);
#3269=IFCFACE((#3268));
#3270=IFCPOLYLOOP((#2408,#2363,#2440,#2364));
#3271=IFCFACEOUTERBOUND(#3270,.T.);
#3272=IFCFACE((#3271));
#3273=IFCPOLYLOOP((#2410,#2403,#2381));
#3274=IFCFACEOUTERBOUND(#3273,.T.);
#3275=IFCFACE((#3274));
#3276=IFCPOLYLOOP((#2407,#2409,#2404));
#3277=IFCFACEOUTERBOUND(#3276,.T.);
#3278=IFCFACE((#3277));
#3279=IFCPOLYLOOP((#2404,#2406,#2407));
#3280=IFCFACEOUTERBOUND(#3279,.T.);
#3281=IFCFACE((#3280));
#3282=IFCPOLYLOOP((#2404,#2343,#2406));
#3283=IFCFACEOUTERBOUND(#3282,.T.);
#3284=IFCFACE((#3283));
#3285=IFCPOLYLOOP((#2407,#2405,#2408));
#3286=IFCFACEOUTERBOUND(#3285,.T.);
#3287=IFCFACE((#3286));
#3288=IFCPOLYLOOP((#2345,#2410,#2383));
#3289=IFCFACEOUTERBOUND(#3288,.T.);
#3290=IFCFACE((#3289));
#3291=IFCPOLYLOOP((#2408,#2405,#2441,#2362));
#3292=IFCFACEOUTERBOUND(#3291,.T.);
#3293=IFCFACE((#3292));
#3294=IFCPOLYLOOP((#2434,#2408,#2362));
#3295=IFCFACEOUTERBOUND(#3294,.T.);
#3296=IFCFACE((#3295));
#3297=IFCPOLYLOOP((#2409,#2407,#2364));
#3298=IFCFACEOUTERBOUND(#3297,.T.);
#3299=IFCFACE((#3298));
#3300=IFCPOLYLOOP((#2409,#2344,#2404));
#3301=IFCFACEOUTERBOUND(#3300,.T.);
#3302=IFCFACE((#3301));
#3303=IFCPOLYLOOP((#2403,#2410,#2382));
#3304=IFCFACEOUTERBOUND(#3303,.T.);
#3305=IFCFACE((#3304));
#3306=IFCPOLYLOOP((#2414,#2416,#2357));
#3307=IFCFACEOUTERBOUND(#3306,.T.);
#3308=IFCFACE((#3307));
#3309=IFCPOLYLOOP((#2357,#2415,#2414));
#3310=IFCFACEOUTERBOUND(#3309,.T.);
#3311=IFCFACE((#3310));
#3312=IFCPOLYLOOP((#2414,#2415,#2412));
#3313=IFCFACEOUTERBOUND(#3312,.T.);
#3314=IFCFACE((#3313));
#3315=IFCPOLYLOOP((#2416,#2414,#2411));
#3316=IFCFACEOUTERBOUND(#3315,.T.);
#3317=IFCFACE((#3316));
#3318=IFCPOLYLOOP((#2413,#2355,#2411));
#3319=IFCFACEOUTERBOUND(#3318,.T.);
#3320=IFCFACE((#3319));
#3321=IFCPOLYLOOP((#2415,#2357,#2442,#2340));
#3322=IFCFACEOUTERBOUND(#3321,.T.);
#3323=IFCFACE((#3322));
#3324=IFCPOLYLOOP((#2492,#2497,#2401));
#3325=IFCFACEOUTERBOUND(#3324,.T.);
#3326=IFCFACE((#3325));
#3327=IFCPOLYLOOP((#2495,#2443,#2415));
#3328=IFCFACEOUTERBOUND(#3327,.T.);
#3329=IFCFACE((#3328));
#3330=IFCPOLYLOOP((#2411,#2356,#2416));
#3331=IFCFACEOUTERBOUND(#3330,.T.);
#3332=IFCFACE((#3331));
#3333=IFCPOLYLOOP((#2486,#2490,#2399));
#3334=IFCFACEOUTERBOUND(#3333,.T.);
#3335=IFCFACE((#3334));
#3336=IFCPOLYLOOP((#2418,#2417,#2445,#2365));
#3337=IFCFACEOUTERBOUND(#3336,.T.);
#3338=IFCFACE((#3337));
#3339=IFCPOLYLOOP((#2444,#2418,#2367));
#3340=IFCFACEOUTERBOUND(#3339,.T.);
#3341=IFCFACE((#3340));
#3342=IFCPOLYLOOP((#2384,#2422,#2453));
#3343=IFCFACEOUTERBOUND(#3342,.T.);
#3344=IFCFACE((#3343));
#3345=IFCPOLYLOOP((#2448,#2419,#2504,#2368));
#3346=IFCFACEOUTERBOUND(#3345,.T.);
#3347=IFCFACE((#3346));
#3348=IFCPOLYLOOP((#2333,#2502,#2423));
#3349=IFCFACEOUTERBOUND(#3348,.T.);
#3350=IFCFACE((#3349));
#3351=IFCPOLYLOOP((#2455,#2459,#2458,#2387));
#3352=IFCFACEOUTERBOUND(#3351,.T.);
#3353=IFCFACE((#3352));
#3354=IFCPOLYLOOP((#2422,#2452,#2453));
#3355=IFCFACEOUTERBOUND(#3354,.T.);
#3356=IFCFACE((#3355));
#3357=IFCPOLYLOOP((#2386,#2424,#2459));
#3358=IFCFACEOUTERBOUND(#3357,.T.);
#3359=IFCFACE((#3358));
#3360=IFCPOLYLOOP((#2502,#2333,#2447));
#3361=IFCFACEOUTERBOUND(#3360,.T.);
#3362=IFCFACE((#3361));
#3363=IFCPOLYLOOP((#2456,#2457,#2424));
#3364=IFCFACEOUTERBOUND(#3363,.T.);
#3365=IFCFACE((#3364));
#3366=IFCPOLYLOOP((#2424,#2458,#2459));
#3367=IFCFACEOUTERBOUND(#3366,.T.);
#3368=IFCFACE((#3367));
#3369=IFCPOLYLOOP((#2431,#2425,#2352));
#3370=IFCFACEOUTERBOUND(#3369,.T.);
#3371=IFCFACE((#3370));
#3372=IFCPOLYLOOP((#2425,#2351,#2461,#2389));
#3373=IFCFACEOUTERBOUND(#3372,.T.);
#3374=IFCFACE((#3373));
#3375=IFCPOLYLOOP((#2448,#2426,#2369));
#3376=IFCFACEOUTERBOUND(#3375,.T.);
#3377=IFCFACE((#3376));
#3378=IFCPOLYLOOP((#2426,#2368,#2463));
#3379=IFCFACEOUTERBOUND(#3378,.T.);
#3380=IFCFACE((#3379));
#3381=IFCPOLYLOOP((#2390,#2428,#2469));
#3382=IFCFACEOUTERBOUND(#3381,.T.);
#3383=IFCFACE((#3382));
#3384=IFCPOLYLOOP((#2435,#2427,#2335));
#3385=IFCFACEOUTERBOUND(#3384,.T.);
#3386=IFCFACE((#3385));
#3387=IFCPOLYLOOP((#2342,#2437,#2493));
#3388=IFCFACEOUTERBOUND(#3387,.T.);
#3389=IFCFACE((#3388));
#3390=IFCPOLYLOOP((#2469,#2428,#2391));
#3391=IFCFACEOUTERBOUND(#3390,.T.);
#3392=IFCFACE((#3391));
#3393=IFCPOLYLOOP((#2433,#2429,#2334));
#3394=IFCFACEOUTERBOUND(#3393,.T.);
#3395=IFCFACE((#3394));
#3396=IFCPOLYLOOP((#2429,#2337,#2471));
#3397=IFCFACEOUTERBOUND(#3396,.T.);
#3398=IFCFACE((#3397));
#3399=IFCPOLYLOOP((#2432,#2430,#2354));
#3400=IFCFACEOUTERBOUND(#3399,.T.);
#3401=IFCFACE((#3400));
#3402=IFCPOLYLOOP((#2430,#2353,#2473));
#3403=IFCFACEOUTERBOUND(#3402,.T.);
#3404=IFCFACE((#3403));
#3405=IFCPOLYLOOP((#2425,#2431,#2351));
#3406=IFCFACEOUTERBOUND(#3405,.T.);
#3407=IFCFACE((#3406));
#3408=IFCPOLYLOOP((#2431,#2352,#2476));
#3409=IFCFACEOUTERBOUND(#3408,.T.);
#3410=IFCFACE((#3409));
#3411=IFCPOLYLOOP((#2430,#2432,#2353));
#3412=IFCFACEOUTERBOUND(#3411,.T.);
#3413=IFCFACE((#3412));
#3414=IFCPOLYLOOP((#2432,#2354,#2478));
#3415=IFCFACEOUTERBOUND(#3414,.T.);
#3416=IFCFACE((#3415));
#3417=IFCPOLYLOOP((#2429,#2433,#2337));
#3418=IFCFACEOUTERBOUND(#3417,.T.);
#3419=IFCFACE((#3418));
#3420=IFCPOLYLOOP((#2433,#2334,#2481));
#3421=IFCFACEOUTERBOUND(#3420,.T.);
#3422=IFCFACE((#3421));
#3423=IFCPOLYLOOP((#2408,#2434,#2363));
#3424=IFCFACEOUTERBOUND(#3423,.T.);
#3425=IFCFACE((#3424));
#3426=IFCPOLYLOOP((#2434,#2362,#2483));
#3427=IFCFACEOUTERBOUND(#3426,.T.);
#3428=IFCFACE((#3427));
#3429=IFCPOLYLOOP((#2398,#2436,#2490));
#3430=IFCFACEOUTERBOUND(#3429,.T.);
#3431=IFCFACE((#3430));
#3432=IFCPOLYLOOP((#2427,#2435,#2338));
#3433=IFCFACEOUTERBOUND(#3432,.T.);
#3434=IFCFACE((#3433));
#3435=IFCPOLYLOOP((#2436,#2366,#2488));
#3436=IFCFACEOUTERBOUND(#3435,.T.);
#3437=IFCFACE((#3436));
#3438=IFCPOLYLOOP((#2490,#2436,#2399));
#3439=IFCFACEOUTERBOUND(#3438,.T.);
#3440=IFCFACE((#3439));
#3441=IFCPOLYLOOP((#2400,#2438,#2497));
#3442=IFCFACEOUTERBOUND(#3441,.T.);
#3443=IFCFACE((#3442));
#3444=IFCPOLYLOOP((#2493,#2437,#2341));
#3445=IFCFACEOUTERBOUND(#3444,.T.);
#3446=IFCFACE((#3445));
#3447=IFCPOLYLOOP((#2438,#2339,#2495));
#3448=IFCFACEOUTERBOUND(#3447,.T.);
#3449=IFCFACE((#3448));
#3450=IFCPOLYLOOP((#2497,#2438,#2401));
#3451=IFCFACEOUTERBOUND(#3450,.T.);
#3452=IFCFACE((#3451));
#3453=IFCPOLYLOOP((#2498,#2499,#2444));
#3454=IFCFACEOUTERBOUND(#3453,.T.);
#3455=IFCFACE((#3454));
#3456=IFCPOLYLOOP((#2443,#2412,#2415));
#3457=IFCFACEOUTERBOUND(#3456,.T.);
#3458=IFCFACE((#3457));
#3459=IFCPOLYLOOP((#2418,#2444,#2417));
#3460=IFCFACEOUTERBOUND(#3459,.T.);
#3461=IFCFACE((#3460));
#3462=IFCPOLYLOOP((#2447,#2333,#2503,#2419));
#3463=IFCFACEOUTERBOUND(#3462,.T.);
#3464=IFCFACE((#3463));
#3465=IFCPOLYLOOP((#2446,#2367,#2418));
#3466=IFCFACEOUTERBOUND(#3465,.T.);
#3467=IFCFACE((#3466));
#3468=IFCPOLYLOOP((#2506,#2419,#2448));
#3469=IFCFACEOUTERBOUND(#3468,.T.);
#3470=IFCFACE((#3469));
#3471=IFCPOLYLOOP((#2426,#2448,#2368));
#3472=IFCFACEOUTERBOUND(#3471,.T.);
#3473=IFCFACE((#3472));
#3474=IFCPOLYLOOP((#2448,#2369,#2505));
#3475=IFCFACEOUTERBOUND(#3474,.T.);
#3476=IFCFACE((#3475));
#3477=IFCPOLYLOOP((#2450,#2453,#2452,#2385));
#3478=IFCFACEOUTERBOUND(#3477,.T.);
#3479=IFCFACE((#3478));
#3480=IFCPOLYLOOP((#2384,#2421,#2449));
#3481=IFCFACEOUTERBOUND(#3480,.T.);
#3482=IFCFACE((#3481));
#3483=IFCPOLYLOOP((#2450,#2347,#2421));
#3484=IFCFACEOUTERBOUND(#3483,.T.);
#3485=IFCFACE((#3484));
#3486=IFCPOLYLOOP((#2384,#2453,#2421));
#3487=IFCFACEOUTERBOUND(#3486,.T.);
#3488=IFCFACE((#3487));
#3489=IFCPOLYLOOP((#2452,#2457,#2456,#2350));
#3490=IFCFACEOUTERBOUND(#3489,.T.);
#3491=IFCFACE((#3490));
#3492=IFCPOLYLOOP((#2454,#2386,#2423));
#3493=IFCFACEOUTERBOUND(#3492,.T.);
#3494=IFCFACE((#3493));
#3495=IFCPOLYLOOP((#2455,#2333,#2423));
#3496=IFCFACEOUTERBOUND(#3495,.T.);
#3497=IFCFACE((#3496));
#3498=IFCPOLYLOOP((#2349,#2457,#2422));
#3499=IFCFACEOUTERBOUND(#3498,.T.);
#3500=IFCFACE((#3499));
#3501=IFCPOLYLOOP((#2349,#2424,#2457));
#3502=IFCFACEOUTERBOUND(#3501,.T.);
#3503=IFCFACE((#3502));
#3504=IFCPOLYLOOP((#2386,#2459,#2423));
#3505=IFCFACEOUTERBOUND(#3504,.T.);
#3506=IFCFACE((#3505));
#3507=IFCPOLYLOOP((#2389,#2464,#2425));
#3508=IFCFACEOUTERBOUND(#3507,.T.);
#3509=IFCFACE((#3508));
#3510=IFCPOLYLOOP((#2352,#2425,#2460));
#3511=IFCFACEOUTERBOUND(#3510,.T.);
#3512=IFCFACE((#3511));
#3513=IFCPOLYLOOP((#2463,#2464,#2426));
#3514=IFCFACEOUTERBOUND(#3513,.T.);
#3515=IFCFACE((#3514));
#3516=IFCPOLYLOOP((#2466,#2469,#2391));
#3517=IFCFACEOUTERBOUND(#3516,.T.);
#3518=IFCFACE((#3517));
#3519=IFCPOLYLOOP((#2466,#2335,#2427));
#3520=IFCFACEOUTERBOUND(#3519,.T.);
#3521=IFCFACE((#3520));
#3522=IFCPOLYLOOP((#2468,#2391,#2428));
#3523=IFCFACEOUTERBOUND(#3522,.T.);
#3524=IFCFACE((#3523));
#3525=IFCPOLYLOOP((#2390,#2469,#2427));
#3526=IFCFACEOUTERBOUND(#3525,.T.);
#3527=IFCFACE((#3526));
#3528=IFCPOLYLOOP((#2474,#2429,#2471));
#3529=IFCFACEOUTERBOUND(#3528,.T.);
#3530=IFCFACE((#3529));
#3531=IFCPOLYLOOP((#2474,#2471,#2393));
#3532=IFCFACEOUTERBOUND(#3531,.T.);
#3533=IFCFACE((#3532));
#3534=IFCPOLYLOOP((#2474,#2473,#2392));
#3535=IFCFACEOUTERBOUND(#3534,.T.);
#3536=IFCFACE((#3535));
#3537=IFCPOLYLOOP((#2473,#2474,#2430));
#3538=IFCFACEOUTERBOUND(#3537,.T.);
#3539=IFCFACE((#3538));
#3540=IFCPOLYLOOP((#2479,#2431,#2476));
#3541=IFCFACEOUTERBOUND(#3540,.T.);
#3542=IFCFACE((#3541));
#3543=IFCPOLYLOOP((#2475,#2351,#2431));
#3544=IFCFACEOUTERBOUND(#3543,.T.);
#3545=IFCFACE((#3544));
#3546=IFCPOLYLOOP((#2479,#2476,#2395));
#3547=IFCFACEOUTERBOUND(#3546,.T.);
#3548=IFCFACE((#3547));
#3549=IFCPOLYLOOP((#2478,#2479,#2432));
#3550=IFCFACEOUTERBOUND(#3549,.T.);
#3551=IFCFACE((#3550));
#3552=IFCPOLYLOOP((#2484,#2433,#2481));
#3553=IFCFACEOUTERBOUND(#3552,.T.);
#3554=IFCFACE((#3553));
#3555=IFCPOLYLOOP((#2484,#2481,#2397));
#3556=IFCFACEOUTERBOUND(#3555,.T.);
#3557=IFCFACE((#3556));
#3558=IFCPOLYLOOP((#2484,#2483,#2396));
#3559=IFCFACEOUTERBOUND(#3558,.T.);
#3560=IFCFACE((#3559));
#3561=IFCPOLYLOOP((#2483,#2484,#2434));
#3562=IFCFACEOUTERBOUND(#3561,.T.);
#3563=IFCFACE((#3562));
#3564=IFCPOLYLOOP((#2446,#2488,#2366));
#3565=IFCFACEOUTERBOUND(#3564,.T.);
#3566=IFCFACE((#3565));
#3567=IFCPOLYLOOP((#2486,#2338,#2435));
#3568=IFCFACEOUTERBOUND(#3567,.T.);
#3569=IFCFACE((#3568));
#3570=IFCPOLYLOOP((#2365,#2488,#2418));
#3571=IFCFACEOUTERBOUND(#3570,.T.);
#3572=IFCFACE((#3571));
#3573=IFCPOLYLOOP((#2489,#2488,#2365));
#3574=IFCFACEOUTERBOUND(#3573,.T.);
#3575=IFCFACE((#3574));
#3576=IFCPOLYLOOP((#2489,#2399,#2436));
#3577=IFCFACEOUTERBOUND(#3576,.T.);
#3578=IFCFACE((#3577));
#3579=IFCPOLYLOOP((#2398,#2490,#2435));
#3580=IFCFACEOUTERBOUND(#3579,.T.);
#3581=IFCFACE((#3580));
#3582=IFCPOLYLOOP((#2468,#2493,#2341));
#3583=IFCFACEOUTERBOUND(#3582,.T.);
#3584=IFCFACE((#3583));
#3585=IFCPOLYLOOP((#2492,#2341,#2437));
#3586=IFCFACEOUTERBOUND(#3585,.T.);
#3587=IFCFACE((#3586));
#3588=IFCPOLYLOOP((#2342,#2493,#2428));
#3589=IFCFACEOUTERBOUND(#3588,.T.);
#3590=IFCFACE((#3589));
#3591=IFCPOLYLOOP((#2443,#2495,#2339));
#3592=IFCFACEOUTERBOUND(#3591,.T.);
#3593=IFCFACE((#3592));
#3594=IFCPOLYLOOP((#2340,#2495,#2415));
#3595=IFCFACEOUTERBOUND(#3594,.T.);
#3596=IFCFACE((#3595));
#3597=IFCPOLYLOOP((#2496,#2495,#2340));
#3598=IFCFACEOUTERBOUND(#3597,.T.);
#3599=IFCFACE((#3598));
#3600=IFCPOLYLOOP((#2496,#2401,#2438));
#3601=IFCFACEOUTERBOUND(#3600,.T.);
#3602=IFCFACE((#3601));
#3603=IFCPOLYLOOP((#2400,#2497,#2437));
#3604=IFCFACEOUTERBOUND(#3603,.T.);
#3605=IFCFACE((#3604));
#3606=IFCPOLYLOOP((#2449,#2499,#2498,#2348));
#3607=IFCFACEOUTERBOUND(#3606,.T.);
#3608=IFCFACE((#3607));
#3609=IFCPOLYLOOP((#2347,#2499,#2421));
#3610=IFCFACEOUTERBOUND(#3609,.T.);
#3611=IFCFACE((#3610));
#3612=IFCPOLYLOOP((#2500,#2499,#2347));
#3613=IFCFACEOUTERBOUND(#3612,.T.);
#3614=IFCFACE((#3613));
#3615=IFCPOLYLOOP((#2500,#2417,#2444));
#3616=IFCFACEOUTERBOUND(#3615,.T.);
#3617=IFCFACE((#3616));
#3618=IFCPOLYLOOP((#2501,#2502,#2447));
#3619=IFCFACEOUTERBOUND(#3618,.T.);
#3620=IFCFACE((#3619));
#3621=IFCPOLYLOOP((#2419,#2506,#2447));
#3622=IFCFACEOUTERBOUND(#3621,.T.);
#3623=IFCFACE((#3622));
#3624=IFCPOLYLOOP((#2505,#2506,#2448));
#3625=IFCFACEOUTERBOUND(#3624,.T.);
#3626=IFCFACE((#3625));
#3627=IFCPOLYLOOP((#2507,#2327,#2371,#2358,#2376,#2345,#2383,#2344,#2409,#2364,#2440,#2363,#2482,#2397,#2481,#2334,#2470,#2392,#2473,#2353,#2477,#2395,#2476,#2352,#2460,#2388,#2463,#2368,#2504,#2419,#2503,#2333,#2455,#2387,#2458,#2349,#2451,#2384,#2449,#2348,#2498,#2367,#2446,#2366,#2487,#2398,#2485,#2335,#2466,#2391,#2468,#2341,#2492,#2401,#2496,#2340,#2442,#2357,#2416,#2356,#2360,#2372,#2332,#2508));
#3628=IFCFACEOUTERBOUND(#3627,.T.);
#3629=IFCFACE((#3628));
#3630=IFCPOLYLOOP((#2271,#2270,#2509,#2510));
#3631=IFCFACEOUTERBOUND(#3630,.T.);
#3632=IFCFACE((#3631));
#3633=IFCPOLYLOOP((#2275,#2274,#2511,#2512,#2515,#2517));
#3634=IFCFACEOUTERBOUND(#3633,.T.);
#3635=IFCFACE((#3634));
#3636=IFCPOLYLOOP((#2518,#2520,#2516,#2519));
#3637=IFCFACEOUTERBOUND(#3636,.T.);
#3638=IFCFACE((#3637));
#3639=IFCPOLYLOOP((#2519,#2278,#2521));
#3640=IFCFACEOUTERBOUND(#3639,.T.);
#3641=IFCFACE((#3640));
#3642=IFCPOLYLOOP((#2512,#2513,#2522));
#3643=IFCFACEOUTERBOUND(#3642,.T.);
#3644=IFCFACE((#3643));
#3645=IFCPOLYLOOP((#2518,#2515,#2522));
#3646=IFCFACEOUTERBOUND(#3645,.T.);
#3647=IFCFACE((#3646));
#3648=IFCPOLYLOOP((#2275,#2517,#2521));
#3649=IFCFACEOUTERBOUND(#3648,.T.);
#3650=IFCFACE((#3649));
#3651=IFCPOLYLOOP((#2518,#2517,#2515));
#3652=IFCFACEOUTERBOUND(#3651,.T.);
#3653=IFCFACE((#3652));
#3654=IFCPOLYLOOP((#2520,#2518,#2522));
#3655=IFCFACEOUTERBOUND(#3654,.T.);
#3656=IFCFACE((#3655));
#3657=IFCPOLYLOOP((#2519,#2521,#2518));
#3658=IFCFACEOUTERBOUND(#3657,.T.);
#3659=IFCFACE((#3658));
#3660=IFCPOLYLOOP((#2521,#2517,#2518));
#3661=IFCFACEOUTERBOUND(#3660,.T.);
#3662=IFCFACE((#3661));
#3663=IFCPOLYLOOP((#2519,#2279,#2278));
#3664=IFCFACEOUTERBOUND(#3663,.T.);
#3665=IFCFACE((#3664));
#3666=IFCPOLYLOOP((#2513,#2514,#2520));
#3667=IFCFACEOUTERBOUND(#3666,.T.);
#3668=IFCFACE((#3667));
#3669=IFCPOLYLOOP((#2275,#2521,#2278));
#3670=IFCFACEOUTERBOUND(#3669,.T.);
#3671=IFCFACE((#3670));
#3672=IFCPOLYLOOP((#2512,#2522,#2515));
#3673=IFCFACEOUTERBOUND(#3672,.T.);
#3674=IFCFACE((#3673));
#3675=IFCPOLYLOOP((#2520,#2522,#2513));
#3676=IFCFACEOUTERBOUND(#3675,.T.);
#3677=IFCFACE((#3676));
#3678=IFCPOLYLOOP((#2533,#2538,#2542));
#3679=IFCFACEOUTERBOUND(#3678,.T.);
#3680=IFCFACE((#3679));
#3681=IFCPOLYLOOP((#2554,#2553,#2549));
#3682=IFCFACEOUTERBOUND(#3681,.T.);
#3683=IFCFACE((#3682));
#3684=IFCPOLYLOOP((#2543,#2555,#2536));
#3685=IFCFACEOUTERBOUND(#3684,.T.);
#3686=IFCFACE((#3685));
#3687=IFCPOLYLOOP((#2549,#2528,#2547));
#3688=IFCFACEOUTERBOUND(#3687,.T.);
#3689=IFCFACE((#3688));
#3690=IFCPOLYLOOP((#2529,#2543,#2536));
#3691=IFCFACEOUTERBOUND(#3690,.T.);
#3692=IFCFACE((#3691));
#3693=IFCPOLYLOOP((#2546,#2550,#2543));
#3694=IFCFACEOUTERBOUND(#3693,.T.);
#3695=IFCFACE((#3694));
#3696=IFCPOLYLOOP((#2524,#2540,#2555));
#3697=IFCFACEOUTERBOUND(#3696,.T.);
#3698=IFCFACE((#3697));
#3699=IFCPOLYLOOP((#2539,#2547,#2528));
#3700=IFCFACEOUTERBOUND(#3699,.T.);
#3701=IFCFACE((#3700));
#3702=IFCPOLYLOOP((#2530,#2547,#2535));
#3703=IFCFACEOUTERBOUND(#3702,.T.);
#3704=IFCFACE((#3703));
#3705=IFCPOLYLOOP((#2527,#2553,#2548));
#3706=IFCFACEOUTERBOUND(#3705,.T.);
#3707=IFCFACE((#3706));
#3708=IFCPOLYLOOP((#2546,#2543,#2529));
#3709=IFCFACEOUTERBOUND(#3708,.T.);
#3710=IFCFACE((#3709));
#3711=IFCPOLYLOOP((#2533,#2542,#2551));
#3712=IFCFACEOUTERBOUND(#3711,.T.);
#3713=IFCFACE((#3712));
#3714=IFCPOLYLOOP((#2534,#2535,#2551));
#3715=IFCFACEOUTERBOUND(#3714,.T.);
#3716=IFCFACE((#3715));
#3717=IFCPOLYLOOP((#2535,#2547,#2551));
#3718=IFCFACEOUTERBOUND(#3717,.T.);
#3719=IFCFACE((#3718));
#3720=IFCPOLYLOOP((#2523,#2524,#2555));
#3721=IFCFACEOUTERBOUND(#3720,.T.);
#3722=IFCFACE((#3721));
#3723=IFCPOLYLOOP((#2331,#2330,#2541));
#3724=IFCFACEOUTERBOUND(#3723,.T.);
#3725=IFCFACE((#3724));
#3726=IFCPOLYLOOP((#2534,#2542,#2541));
#3727=IFCFACEOUTERBOUND(#3726,.T.);
#3728=IFCFACE((#3727));
#3729=IFCPOLYLOOP((#2538,#2332,#2331));
#3730=IFCFACEOUTERBOUND(#3729,.T.);
#3731=IFCFACE((#3730));
#3732=IFCPOLYLOOP((#2524,#2525,#2540));
#3733=IFCFACEOUTERBOUND(#3732,.T.);
#3734=IFCFACE((#3733));
#3735=IFCPOLYLOOP((#2543,#2532,#2555));
#3736=IFCFACEOUTERBOUND(#3735,.T.);
#3737=IFCFACE((#3736));
#3738=IFCPOLYLOOP((#2541,#2542,#2331));
#3739=IFCFACEOUTERBOUND(#3738,.T.);
#3740=IFCFACE((#3739));
#3741=IFCPOLYLOOP((#2331,#2542,#2538));
#3742=IFCFACEOUTERBOUND(#3741,.T.);
#3743=IFCFACE((#3742));
#3744=IFCPOLYLOOP((#2532,#2543,#2550));
#3745=IFCFACEOUTERBOUND(#3744,.T.);
#3746=IFCFACE((#3745));
#3747=IFCPOLYLOOP((#2555,#2532,#2537,#2523));
#3748=IFCFACEOUTERBOUND(#3747,.T.);
#3749=IFCFACE((#3748));
#3750=IFCPOLYLOOP((#2529,#2544,#2546));
#3751=IFCFACEOUTERBOUND(#3750,.T.);
#3752=IFCFACE((#3751));
#3753=IFCPOLYLOOP((#2545,#2548,#2553));
#3754=IFCFACEOUTERBOUND(#3753,.T.);
#3755=IFCFACE((#3754));
#3756=IFCPOLYLOOP((#2526,#2548,#2545));
#3757=IFCFACEOUTERBOUND(#3756,.T.);
#3758=IFCFACE((#3757));
#3759=IFCPOLYLOOP((#2548,#2546,#2544));
#3760=IFCFACEOUTERBOUND(#3759,.T.);
#3761=IFCFACE((#3760));
#3762=IFCPOLYLOOP((#2547,#2530,#2549));
#3763=IFCFACEOUTERBOUND(#3762,.T.);
#3764=IFCFACE((#3763));
#3765=IFCPOLYLOOP((#2539,#2533,#2551));
#3766=IFCFACEOUTERBOUND(#3765,.T.);
#3767=IFCFACE((#3766));
#3768=IFCPOLYLOOP((#2546,#2548,#2526));
#3769=IFCFACEOUTERBOUND(#3768,.T.);
#3770=IFCFACE((#3769));
#3771=IFCPOLYLOOP((#2527,#2548,#2544));
#3772=IFCFACEOUTERBOUND(#3771,.T.);
#3773=IFCFACE((#3772));
#3774=IFCPOLYLOOP((#2553,#2554,#2531,#2545));
#3775=IFCFACEOUTERBOUND(#3774,.T.);
#3776=IFCFACE((#3775));
#3777=IFCPOLYLOOP((#2549,#2553,#2552));
#3778=IFCFACEOUTERBOUND(#3777,.T.);
#3779=IFCFACE((#3778));
#3780=IFCPOLYLOOP((#2546,#2526,#2550));
#3781=IFCFACEOUTERBOUND(#3780,.T.);
#3782=IFCFACE((#3781));
#3783=IFCPOLYLOOP((#2551,#2542,#2534));
#3784=IFCFACEOUTERBOUND(#3783,.T.);
#3785=IFCFACE((#3784));
#3786=IFCPOLYLOOP((#2539,#2551,#2547));
#3787=IFCFACEOUTERBOUND(#3786,.T.);
#3788=IFCFACE((#3787));
#3789=IFCPOLYLOOP((#2552,#2553,#2527));
#3790=IFCFACEOUTERBOUND(#3789,.T.);
#3791=IFCFACE((#3790));
#3792=IFCPOLYLOOP((#2552,#2528,#2549));
#3793=IFCFACEOUTERBOUND(#3792,.T.);
#3794=IFCFACE((#3793));
#3795=IFCPOLYLOOP((#2549,#2530,#2554));
#3796=IFCFACEOUTERBOUND(#3795,.T.);
#3797=IFCFACE((#3796));
#3798=IFCPOLYLOOP((#2555,#2540,#2536));
#3799=IFCFACEOUTERBOUND(#3798,.T.);
#3800=IFCFACE((#3799));
#3801=IFCPOLYLOOP((#2508,#2332,#2538,#2533,#2539,#2528,#2552,#2527,#2544,#2529,#2536,#2540,#2525,#2556));
#3802=IFCFACEOUTERBOUND(#3801,.T.);
#3803=IFCFACE((#3802));
#3804=IFCPOLYLOOP((#2510,#2509,#2557,#2558));
#3805=IFCFACEOUTERBOUND(#3804,.T.);
#3806=IFCFACE((#3805));
#3807=IFCPOLYLOOP((#2511,#2559,#2560,#2571,#2570,#2594,#2568,#2581,#2580,#2589,#2566,#2603,#2576,#2598,#2567,#2574,#2573,#2583,#2512));
#3808=IFCFACEOUTERBOUND(#3807,.T.);
#3809=IFCFACE((#3808));
#3810=IFCPOLYLOOP((#2591,#2582,#2569));
#3811=IFCFACEOUTERBOUND(#3810,.T.);
#3812=IFCFACE((#3811));
#3813=IFCPOLYLOOP((#2584,#2600,#2596));
#3814=IFCFACEOUTERBOUND(#3813,.T.);
#3815=IFCFACE((#3814));
#3816=IFCPOLYLOOP((#2583,#2607,#2608));
#3817=IFCFACEOUTERBOUND(#3816,.T.);
#3818=IFCFACE((#3817));
#3819=IFCPOLYLOOP((#2569,#2593,#2591));
#3820=IFCFACEOUTERBOUND(#3819,.T.);
#3821=IFCFACE((#3820));
#3822=IFCPOLYLOOP((#2607,#2583,#2573));
#3823=IFCFACEOUTERBOUND(#3822,.T.);
#3824=IFCFACE((#3823));
#3825=IFCPOLYLOOP((#2585,#2586,#2587));
#3826=IFCFACEOUTERBOUND(#3825,.T.);
#3827=IFCFACE((#3826));
#3828=IFCPOLYLOOP((#2574,#2567,#2596));
#3829=IFCFACEOUTERBOUND(#3828,.T.);
#3830=IFCFACE((#3829));
#3831=IFCPOLYLOOP((#2577,#2578,#2599));
#3832=IFCFACEOUTERBOUND(#3831,.T.);
#3833=IFCFACE((#3832));
#3834=IFCPOLYLOOP((#2588,#2590,#2609));
#3835=IFCFACEOUTERBOUND(#3834,.T.);
#3836=IFCFACE((#3835));
#3837=IFCPOLYLOOP((#2603,#2604,#2601));
#3838=IFCFACEOUTERBOUND(#3837,.T.);
#3839=IFCFACE((#3838));
#3840=IFCPOLYLOOP((#2606,#2593,#2592));
#3841=IFCFACEOUTERBOUND(#3840,.T.);
#3842=IFCFACE((#3841));
#3843=IFCPOLYLOOP((#2595,#2560,#2561));
#3844=IFCFACEOUTERBOUND(#3843,.T.);
#3845=IFCFACE((#3844));
#3846=IFCPOLYLOOP((#2582,#2591,#2595));
#3847=IFCFACEOUTERBOUND(#3846,.T.);
#3848=IFCFACE((#3847));
#3849=IFCPOLYLOOP((#2608,#2607,#2575));
#3850=IFCFACEOUTERBOUND(#3849,.T.);
#3851=IFCFACE((#3850));
#3852=IFCPOLYLOOP((#2577,#2599,#2601));
#3853=IFCFACEOUTERBOUND(#3852,.T.);
#3854=IFCFACE((#3853));
#3855=IFCPOLYLOOP((#2600,#2574,#2596));
#3856=IFCFACEOUTERBOUND(#3855,.T.);
#3857=IFCFACE((#3856));
#3858=IFCPOLYLOOP((#2512,#2583,#2608));
#3859=IFCFACEOUTERBOUND(#3858,.T.);
#3860=IFCFACE((#3859));
#3861=IFCPOLYLOOP((#2514,#2513,#2608));
#3862=IFCFACEOUTERBOUND(#3861,.T.);
#3863=IFCFACE((#3862));
#3864=IFCPOLYLOOP((#2597,#2564,#2596));
#3865=IFCFACEOUTERBOUND(#3864,.T.);
#3866=IFCFACE((#3865));
#3867=IFCPOLYLOOP((#2599,#2597,#2598));
#3868=IFCFACEOUTERBOUND(#3867,.T.);
#3869=IFCFACE((#3868));
#3870=IFCPOLYLOOP((#2565,#2585,#2587));
#3871=IFCFACEOUTERBOUND(#3870,.T.);
#3872=IFCFACE((#3871));
#3873=IFCPOLYLOOP((#2580,#2586,#2588));
#3874=IFCFACEOUTERBOUND(#3873,.T.);
#3875=IFCFACE((#3874));
#3876=IFCPOLYLOOP((#2580,#2581,#2586));
#3877=IFCFACEOUTERBOUND(#3876,.T.);
#3878=IFCFACE((#3877));
#3879=IFCPOLYLOOP((#2562,#2582,#2595));
#3880=IFCFACEOUTERBOUND(#3879,.T.);
#3881=IFCFACE((#3880));
#3882=IFCPOLYLOOP((#2591,#2570,#2571));
#3883=IFCFACEOUTERBOUND(#3882,.T.);
#3884=IFCFACE((#3883));
#3885=IFCPOLYLOOP((#2586,#2579,#2588));
#3886=IFCFACEOUTERBOUND(#3885,.T.);
#3887=IFCFACE((#3886));
#3888=IFCPOLYLOOP((#2600,#2572,#2607));
#3889=IFCFACEOUTERBOUND(#3888,.T.);
#3890=IFCFACE((#3889));
#3891=IFCPOLYLOOP((#2579,#2586,#2585));
#3892=IFCFACEOUTERBOUND(#3891,.T.);
#3893=IFCFACE((#3892));
#3894=IFCPOLYLOOP((#2587,#2586,#2581));
#3895=IFCFACEOUTERBOUND(#3894,.T.);
#3896=IFCFACE((#3895));
#3897=IFCPOLYLOOP((#2581,#2568,#2587));
#3898=IFCFACEOUTERBOUND(#3897,.T.);
#3899=IFCFACE((#3898));
#3900=IFCPOLYLOOP((#2587,#2568,#2606));
#3901=IFCFACEOUTERBOUND(#3900,.T.);
#3902=IFCFACE((#3901));
#3903=IFCPOLYLOOP((#2590,#2563,#2605));
#3904=IFCFACEOUTERBOUND(#3903,.T.);
#3905=IFCFACE((#3904));
#3906=IFCPOLYLOOP((#2588,#2579,#2590));
#3907=IFCFACEOUTERBOUND(#3906,.T.);
#3908=IFCFACE((#3907));
#3909=IFCPOLYLOOP((#2563,#2604,#2605));
#3910=IFCFACEOUTERBOUND(#3909,.T.);
#3911=IFCFACE((#3910));
#3912=IFCPOLYLOOP((#2589,#2580,#2588));
#3913=IFCFACEOUTERBOUND(#3912,.T.);
#3914=IFCFACE((#3913));
#3915=IFCPOLYLOOP((#2591,#2571,#2595));
#3916=IFCFACEOUTERBOUND(#3915,.T.);
#3917=IFCFACE((#3916));
#3918=IFCPOLYLOOP((#2560,#2595,#2571));
#3919=IFCFACEOUTERBOUND(#3918,.T.);
#3920=IFCFACE((#3919));
#3921=IFCPOLYLOOP((#2591,#2593,#2570));
#3922=IFCFACEOUTERBOUND(#3921,.T.);
#3923=IFCFACE((#3922));
#3924=IFCPOLYLOOP((#2569,#2592,#2593));
#3925=IFCFACEOUTERBOUND(#3924,.T.);
#3926=IFCFACE((#3925));
#3927=IFCPOLYLOOP((#2568,#2594,#2606));
#3928=IFCFACEOUTERBOUND(#3927,.T.);
#3929=IFCFACE((#3928));
#3930=IFCPOLYLOOP((#2565,#2606,#2592));
#3931=IFCFACEOUTERBOUND(#3930,.T.);
#3932=IFCFACE((#3931));
#3933=IFCPOLYLOOP((#2594,#2570,#2593));
#3934=IFCFACEOUTERBOUND(#3933,.T.);
#3935=IFCFACE((#3934));
#3936=IFCPOLYLOOP((#2562,#2595,#2561));
#3937=IFCFACEOUTERBOUND(#3936,.T.);
#3938=IFCFACE((#3937));
#3939=IFCPOLYLOOP((#2597,#2596,#2567));
#3940=IFCFACEOUTERBOUND(#3939,.T.);
#3941=IFCFACE((#3940));
#3942=IFCPOLYLOOP((#2584,#2596,#2564));
#3943=IFCFACEOUTERBOUND(#3942,.T.);
#3944=IFCFACE((#3943));
#3945=IFCPOLYLOOP((#2599,#2576,#2601));
#3946=IFCFACEOUTERBOUND(#3945,.T.);
#3947=IFCFACE((#3946));
#3948=IFCPOLYLOOP((#2578,#2564,#2597));
#3949=IFCFACEOUTERBOUND(#3948,.T.);
#3950=IFCFACE((#3949));
#3951=IFCPOLYLOOP((#2597,#2567,#2598));
#3952=IFCFACEOUTERBOUND(#3951,.T.);
#3953=IFCFACE((#3952));
#3954=IFCPOLYLOOP((#2599,#2598,#2576));
#3955=IFCFACEOUTERBOUND(#3954,.T.);
#3956=IFCFACE((#3955));
#3957=IFCPOLYLOOP((#2597,#2599,#2578));
#3958=IFCFACEOUTERBOUND(#3957,.T.);
#3959=IFCFACE((#3958));
#3960=IFCPOLYLOOP((#2572,#2600,#2584));
#3961=IFCFACEOUTERBOUND(#3960,.T.);
#3962=IFCFACE((#3961));
#3963=IFCPOLYLOOP((#2573,#2574,#2600));
#3964=IFCFACEOUTERBOUND(#3963,.T.);
#3965=IFCFACE((#3964));
#3966=IFCPOLYLOOP((#2604,#2603,#2566));
#3967=IFCFACEOUTERBOUND(#3966,.T.);
#3968=IFCFACE((#3967));
#3969=IFCPOLYLOOP((#2601,#2576,#2603));
#3970=IFCFACEOUTERBOUND(#3969,.T.);
#3971=IFCFACE((#3970));
#3972=IFCPOLYLOOP((#2604,#2563,#2602));
#3973=IFCFACEOUTERBOUND(#3972,.T.);
#3974=IFCFACE((#3973));
#3975=IFCPOLYLOOP((#2602,#2577,#2601));
#3976=IFCFACEOUTERBOUND(#3975,.T.);
#3977=IFCFACE((#3976));
#3978=IFCPOLYLOOP((#2604,#2566,#2605));
#3979=IFCFACEOUTERBOUND(#3978,.T.);
#3980=IFCFACE((#3979));
#3981=IFCPOLYLOOP((#2601,#2604,#2602));
#3982=IFCFACEOUTERBOUND(#3981,.T.);
#3983=IFCFACE((#3982));
#3984=IFCPOLYLOOP((#2566,#2589,#2605));
#3985=IFCFACEOUTERBOUND(#3984,.T.);
#3986=IFCFACE((#3985));
#3987=IFCPOLYLOOP((#2605,#2589,#2609));
#3988=IFCFACEOUTERBOUND(#3987,.T.);
#3989=IFCFACE((#3988));
#3990=IFCPOLYLOOP((#2606,#2594,#2593));
#3991=IFCFACEOUTERBOUND(#3990,.T.);
#3992=IFCFACE((#3991));
#3993=IFCPOLYLOOP((#2587,#2606,#2565));
#3994=IFCFACEOUTERBOUND(#3993,.T.);
#3995=IFCFACE((#3994));
#3996=IFCPOLYLOOP((#2600,#2607,#2573));
#3997=IFCFACEOUTERBOUND(#3996,.T.);
#3998=IFCFACE((#3997));
#3999=IFCPOLYLOOP((#2575,#2607,#2572));
#4000=IFCFACEOUTERBOUND(#3999,.T.);
#4001=IFCFACE((#4000));
#4002=IFCPOLYLOOP((#2514,#2608,#2575));
#4003=IFCFACEOUTERBOUND(#4002,.T.);
#4004=IFCFACE((#4003));
#4005=IFCPOLYLOOP((#2512,#2608,#2513));
#4006=IFCFACEOUTERBOUND(#4005,.T.);
#4007=IFCFACE((#4006));
#4008=IFCPOLYLOOP((#2605,#2609,#2590));
#4009=IFCFACEOUTERBOUND(#4008,.T.);
#4010=IFCFACE((#4009));
#4011=IFCPOLYLOOP((#2589,#2588,#2609));
#4012=IFCFACEOUTERBOUND(#4011,.T.);
#4013=IFCFACE((#4012));
#4014=IFCPOLYLOOP((#2641,#2659,#2660));
#4015=IFCFACEOUTERBOUND(#4014,.T.);
#4016=IFCFACE((#4015));
#4017=IFCPOLYLOOP((#2704,#2629,#2738));
#4018=IFCFACEOUTERBOUND(#4017,.T.);
#4019=IFCFACE((#4018));
#4020=IFCPOLYLOOP((#2773,#2748,#2708));
#4021=IFCFACEOUTERBOUND(#4020,.T.);
#4022=IFCFACE((#4021));
#4023=IFCPOLYLOOP((#2724,#2647,#2778));
#4024=IFCFACEOUTERBOUND(#4023,.T.);
#4025=IFCFACE((#4024));
#4026=IFCPOLYLOOP((#2661,#2682,#2690));
#4027=IFCFACEOUTERBOUND(#4026,.T.);
#4028=IFCFACE((#4027));
#4029=IFCPOLYLOOP((#2657,#2626,#2662));
#4030=IFCFACEOUTERBOUND(#4029,.T.);
#4031=IFCFACE((#4030));
#4032=IFCPOLYLOOP((#2710,#2673,#2752,#2634));
#4033=IFCFACEOUTERBOUND(#4032,.T.);
#4034=IFCFACE((#4033));
#4035=IFCPOLYLOOP((#2691,#2694,#2693));
#4036=IFCFACEOUTERBOUND(#4035,.T.);
#4037=IFCFACE((#4036));
#4038=IFCPOLYLOOP((#2654,#2653,#2639,#2655));
#4039=IFCFACEOUTERBOUND(#4038,.T.);
#4040=IFCFACE((#4039));
#4041=IFCPOLYLOOP((#2781,#2786,#2785,#2650));
#4042=IFCFACEOUTERBOUND(#4041,.T.);
#4043=IFCFACE((#4042));
#4044=IFCPOLYLOOP((#2775,#2776,#2718));
#4045=IFCFACEOUTERBOUND(#4044,.T.);
#4046=IFCFACE((#4045));
#4047=IFCPOLYLOOP((#2693,#2694,#2692));
#4048=IFCFACEOUTERBOUND(#4047,.T.);
#4049=IFCFACE((#4048));
#4050=IFCPOLYLOOP((#2777,#2772,#2717));
#4051=IFCFACEOUTERBOUND(#4050,.T.);
#4052=IFCFACE((#4051));
#4053=IFCPOLYLOOP((#2749,#2746,#2707));
#4054=IFCFACEOUTERBOUND(#4053,.T.);
#4055=IFCFACE((#4054));
#4056=IFCPOLYLOOP((#2684,#2624,#2682));
#4057=IFCFACEOUTERBOUND(#4056,.T.);
#4058=IFCFACE((#4057));
#4059=IFCPOLYLOOP((#2714,#2764,#2677));
#4060=IFCFACEOUTERBOUND(#4059,.T.);
#4061=IFCFACE((#4060));
#4062=IFCPOLYLOOP((#2626,#2657,#2655));
#4063=IFCFACEOUTERBOUND(#4062,.T.);
#4064=IFCFACE((#4063));
#4065=IFCPOLYLOOP((#2658,#2610,#2611));
#4066=IFCFACEOUTERBOUND(#4065,.T.);
#4067=IFCFACE((#4066));
#4068=IFCPOLYLOOP((#2524,#2523,#2653));
#4069=IFCFACEOUTERBOUND(#4068,.T.);
#4070=IFCFACE((#4069));
#4071=IFCPOLYLOOP((#2733,#2730,#2701));
#4072=IFCFACEOUTERBOUND(#4071,.T.);
#4073=IFCFACE((#4072));
#4074=IFCPOLYLOOP((#2768,#2769,#2716));
#4075=IFCFACEOUTERBOUND(#4074,.T.);
#4076=IFCFACE((#4075));
#4077=IFCPOLYLOOP((#2737,#2732,#2702));
#4078=IFCFACEOUTERBOUND(#4077,.T.);
#4079=IFCFACE((#4078));
#4080=IFCPOLYLOOP((#2739,#2735,#2703));
#4081=IFCFACEOUTERBOUND(#4080,.T.);
#4082=IFCFACE((#4081));
#4083=IFCPOLYLOOP((#2786,#2781,#2727));
#4084=IFCFACEOUTERBOUND(#4083,.T.);
#4085=IFCFACE((#4084));
#4086=IFCPOLYLOOP((#2712,#2759,#2675));
#4087=IFCFACEOUTERBOUND(#4086,.T.);
#4088=IFCFACE((#4087));
#4089=IFCPOLYLOOP((#2712,#2675,#2757,#2633));
#4090=IFCFACEOUTERBOUND(#4089,.T.);
#4091=IFCFACE((#4090));
#4092=IFCPOLYLOOP((#2710,#2754,#2673));
#4093=IFCFACEOUTERBOUND(#4092,.T.);
#4094=IFCFACE((#4093));
#4095=IFCPOLYLOOP((#2654,#2651,#2524));
#4096=IFCFACEOUTERBOUND(#4095,.T.);
#4097=IFCFACE((#4096));
#4098=IFCPOLYLOOP((#2658,#2659,#2641));
#4099=IFCFACEOUTERBOUND(#4098,.T.);
#4100=IFCFACE((#4099));
#4101=IFCPOLYLOOP((#2660,#2691,#2635));
#4102=IFCFACEOUTERBOUND(#4101,.T.);
#4103=IFCFACE((#4102));
#4104=IFCPOLYLOOP((#2638,#2654,#2657));
#4105=IFCFACEOUTERBOUND(#4104,.T.);
#4106=IFCFACE((#4105));
#4107=IFCPOLYLOOP((#2636,#2691,#2660));
#4108=IFCFACEOUTERBOUND(#4107,.T.);
#4109=IFCFACE((#4108));
#4110=IFCPOLYLOOP((#2611,#2659,#2658));
#4111=IFCFACEOUTERBOUND(#4110,.T.);
#4112=IFCFACE((#4111));
#4113=IFCPOLYLOOP((#2687,#2688,#2644));
#4114=IFCFACEOUTERBOUND(#4113,.T.);
#4115=IFCFACE((#4114));
#4116=IFCPOLYLOOP((#2714,#2677,#2762,#2643));
#4117=IFCFACEOUTERBOUND(#4116,.T.);
#4118=IFCFACE((#4117));
#4119=IFCPOLYLOOP((#2687,#2686,#2685));
#4120=IFCFACEOUTERBOUND(#4119,.T.);
#4121=IFCFACE((#4120));
#4122=IFCPOLYLOOP((#2779,#2780,#2724));
#4123=IFCFACEOUTERBOUND(#4122,.T.);
#4124=IFCFACE((#4123));
#4125=IFCPOLYLOOP((#2770,#2766,#2715));
#4126=IFCFACEOUTERBOUND(#4125,.T.);
#4127=IFCFACE((#4126));
#4128=IFCPOLYLOOP((#2768,#2726,#2698));
#4129=IFCFACEOUTERBOUND(#4128,.T.);
#4130=IFCFACE((#4129));
#4131=IFCPOLYLOOP((#2706,#2744,#2669));
#4132=IFCFACEOUTERBOUND(#4131,.T.);
#4133=IFCFACE((#4132));
#4134=IFCPOLYLOOP((#2706,#2669,#2742,#2649));
#4135=IFCFACEOUTERBOUND(#4134,.T.);
#4136=IFCFACE((#4135));
#4137=IFCPOLYLOOP((#2616,#2734,#2782,#2781));
#4138=IFCFACEOUTERBOUND(#4137,.T.);
#4139=IFCFACE((#4138));
#4140=IFCPOLYLOOP((#2651,#2525,#2524));
#4141=IFCFACEOUTERBOUND(#4140,.T.);
#4142=IFCFACE((#4141));
#4143=IFCPOLYLOOP((#2611,#2612,#2652));
#4144=IFCFACEOUTERBOUND(#4143,.T.);
#4145=IFCFACE((#4144));
#4146=IFCPOLYLOOP((#2653,#2654,#2524));
#4147=IFCFACEOUTERBOUND(#4146,.T.);
#4148=IFCFACE((#4147));
#4149=IFCPOLYLOOP((#2638,#2651,#2654));
#4150=IFCFACEOUTERBOUND(#4149,.T.);
#4151=IFCFACE((#4150));
#4152=IFCPOLYLOOP((#2657,#2625,#2656,#2638));
#4153=IFCFACEOUTERBOUND(#4152,.T.);
#4154=IFCFACE((#4153));
#4155=IFCPOLYLOOP((#2657,#2654,#2655));
#4156=IFCFACEOUTERBOUND(#4155,.T.);
#4157=IFCFACE((#4156));
#4158=IFCPOLYLOOP((#2779,#2729,#2701));
#4159=IFCFACEOUTERBOUND(#4158,.T.);
#4160=IFCFACE((#4159));
#4161=IFCPOLYLOOP((#2659,#2611,#2652));
#4162=IFCFACEOUTERBOUND(#4161,.T.);
#4163=IFCFACE((#4162));
#4164=IFCPOLYLOOP((#2652,#2640,#2659));
#4165=IFCFACEOUTERBOUND(#4164,.T.);
#4166=IFCFACE((#4165));
#4167=IFCPOLYLOOP((#2660,#2659,#2640));
#4168=IFCFACEOUTERBOUND(#4167,.T.);
#4169=IFCFACE((#4168));
#4170=IFCPOLYLOOP((#2636,#2660,#2640));
#4171=IFCFACEOUTERBOUND(#4170,.T.);
#4172=IFCFACE((#4171));
#4173=IFCPOLYLOOP((#2660,#2635,#2700,#2641));
#4174=IFCFACEOUTERBOUND(#4173,.T.);
#4175=IFCFACE((#4174));
#4176=IFCPOLYLOOP((#2657,#2662,#2625));
#4177=IFCFACEOUTERBOUND(#4176,.T.);
#4178=IFCFACE((#4177));
#4179=IFCPOLYLOOP((#2662,#2626,#2683));
#4180=IFCFACEOUTERBOUND(#4179,.T.);
#4181=IFCFACE((#4180));
#4182=IFCPOLYLOOP((#2682,#2623,#2684));
#4183=IFCFACEOUTERBOUND(#4182,.T.);
#4184=IFCFACE((#4183));
#4185=IFCPOLYLOOP((#2682,#2624,#2663));
#4186=IFCFACEOUTERBOUND(#4185,.T.);
#4187=IFCFACE((#4186));
#4188=IFCPOLYLOOP((#2662,#2690,#2625));
#4189=IFCFACEOUTERBOUND(#4188,.T.);
#4190=IFCFACE((#4189));
#4191=IFCPOLYLOOP((#2702,#2664,#2731,#2629));
#4192=IFCFACEOUTERBOUND(#4191,.T.);
#4193=IFCFACE((#4192));
#4194=IFCPOLYLOOP((#2782,#2734,#2703));
#4195=IFCFACEOUTERBOUND(#4194,.T.);
#4196=IFCFACE((#4195));
#4197=IFCPOLYLOOP((#2704,#2666,#2736));
#4198=IFCFACEOUTERBOUND(#4197,.T.);
#4199=IFCFACE((#4198));
#4200=IFCPOLYLOOP((#2740,#2744,#2743,#2668));
#4201=IFCFACEOUTERBOUND(#4200,.T.);
#4202=IFCFACE((#4201));
#4203=IFCPOLYLOOP((#2744,#2740,#2705));
#4204=IFCFACEOUTERBOUND(#4203,.T.);
#4205=IFCFACE((#4204));
#4206=IFCPOLYLOOP((#2707,#2618,#2745,#2670));
#4207=IFCFACEOUTERBOUND(#4206,.T.);
#4208=IFCFACE((#4207));
#4209=IFCPOLYLOOP((#2708,#2670,#2747,#2622));
#4210=IFCFACEOUTERBOUND(#4209,.T.);
#4211=IFCFACE((#4210));
#4212=IFCPOLYLOOP((#2672,#2709,#2754));
#4213=IFCFACEOUTERBOUND(#4212,.T.);
#4214=IFCFACE((#4213));
#4215=IFCPOLYLOOP((#2709,#2672,#2750,#2614));
#4216=IFCFACEOUTERBOUND(#4215,.T.);
#4217=IFCFACE((#4216));
#4218=IFCPOLYLOOP((#2755,#2759,#2758,#2674));
#4219=IFCFACEOUTERBOUND(#4218,.T.);
#4220=IFCFACE((#4219));
#4221=IFCPOLYLOOP((#2759,#2755,#2711));
#4222=IFCFACEOUTERBOUND(#4221,.T.);
#4223=IFCFACE((#4222));
#4224=IFCPOLYLOOP((#2676,#2713,#2764));
#4225=IFCFACEOUTERBOUND(#4224,.T.);
#4226=IFCFACE((#4225));
#4227=IFCPOLYLOOP((#2713,#2676,#2760,#2617));
#4228=IFCFACEOUTERBOUND(#4227,.T.);
#4229=IFCFACE((#4228));
#4230=IFCPOLYLOOP((#2715,#2615,#2765,#2678));
#4231=IFCFACEOUTERBOUND(#4230,.T.);
#4232=IFCFACE((#4231));
#4233=IFCPOLYLOOP((#2716,#2678,#2767,#2646));
#4234=IFCFACEOUTERBOUND(#4233,.T.);
#4235=IFCFACE((#4234));
#4236=IFCPOLYLOOP((#2717,#2622,#2771,#2680));
#4237=IFCFACEOUTERBOUND(#4236,.T.);
#4238=IFCFACE((#4237));
#4239=IFCPOLYLOOP((#2718,#2680,#2774,#2619));
#4240=IFCFACEOUTERBOUND(#4239,.T.);
#4241=IFCFACE((#4240));
#4242=IFCPOLYLOOP((#2690,#2682,#2663));
#4243=IFCFACEOUTERBOUND(#4242,.T.);
#4244=IFCFACE((#4243));
#4245=IFCPOLYLOOP((#2682,#2661,#2719,#2623));
#4246=IFCFACEOUTERBOUND(#4245,.T.);
#4247=IFCFACE((#4246));
#4248=IFCPOLYLOOP((#2688,#2643,#2720,#2644));
#4249=IFCFACEOUTERBOUND(#4248,.T.);
#4250=IFCFACE((#4249));
#4251=IFCPOLYLOOP((#2690,#2683,#2661));
#4252=IFCFACEOUTERBOUND(#4251,.T.);
#4253=IFCFACE((#4252));
#4254=IFCPOLYLOOP((#2687,#2689,#2684));
#4255=IFCFACEOUTERBOUND(#4254,.T.);
#4256=IFCFACE((#4255));
#4257=IFCPOLYLOOP((#2684,#2686,#2687));
#4258=IFCFACEOUTERBOUND(#4257,.T.);
#4259=IFCFACE((#4258));
#4260=IFCPOLYLOOP((#2684,#2623,#2686));
#4261=IFCFACEOUTERBOUND(#4260,.T.);
#4262=IFCFACE((#4261));
#4263=IFCPOLYLOOP((#2687,#2685,#2688));
#4264=IFCFACEOUTERBOUND(#4263,.T.);
#4265=IFCFACE((#4264));
#4266=IFCPOLYLOOP((#2625,#2690,#2663));
#4267=IFCFACEOUTERBOUND(#4266,.T.);
#4268=IFCFACE((#4267));
#4269=IFCPOLYLOOP((#2688,#2685,#2721,#2642));
#4270=IFCFACEOUTERBOUND(#4269,.T.);
#4271=IFCFACE((#4270));
#4272=IFCPOLYLOOP((#2714,#2688,#2642));
#4273=IFCFACEOUTERBOUND(#4272,.T.);
#4274=IFCFACE((#4273));
#4275=IFCPOLYLOOP((#2689,#2687,#2644));
#4276=IFCFACEOUTERBOUND(#4275,.T.);
#4277=IFCFACE((#4276));
#4278=IFCPOLYLOOP((#2689,#2624,#2684));
#4279=IFCFACEOUTERBOUND(#4278,.T.);
#4280=IFCFACE((#4279));
#4281=IFCPOLYLOOP((#2683,#2690,#2662));
#4282=IFCFACEOUTERBOUND(#4281,.T.);
#4283=IFCFACE((#4282));
#4284=IFCPOLYLOOP((#2694,#2696,#2637));
#4285=IFCFACEOUTERBOUND(#4284,.T.);
#4286=IFCFACE((#4285));
#4287=IFCPOLYLOOP((#2637,#2695,#2694));
#4288=IFCFACEOUTERBOUND(#4287,.T.);
#4289=IFCFACE((#4288));
#4290=IFCPOLYLOOP((#2694,#2695,#2692));
#4291=IFCFACEOUTERBOUND(#4290,.T.);
#4292=IFCFACE((#4291));
#4293=IFCPOLYLOOP((#2696,#2694,#2691));
#4294=IFCFACEOUTERBOUND(#4293,.T.);
#4295=IFCFACE((#4294));
#4296=IFCPOLYLOOP((#2693,#2635,#2691));
#4297=IFCFACEOUTERBOUND(#4296,.T.);
#4298=IFCFACE((#4297));
#4299=IFCPOLYLOOP((#2695,#2637,#2722,#2620));
#4300=IFCFACEOUTERBOUND(#4299,.T.);
#4301=IFCFACE((#4300));
#4302=IFCPOLYLOOP((#2772,#2777,#2681));
#4303=IFCFACEOUTERBOUND(#4302,.T.);
#4304=IFCFACE((#4303));
#4305=IFCPOLYLOOP((#2775,#2723,#2695));
#4306=IFCFACEOUTERBOUND(#4305,.T.);
#4307=IFCFACE((#4306));
#4308=IFCPOLYLOOP((#2691,#2636,#2696));
#4309=IFCFACEOUTERBOUND(#4308,.T.);
#4310=IFCFACE((#4309));
#4311=IFCPOLYLOOP((#2766,#2770,#2679));
#4312=IFCFACEOUTERBOUND(#4311,.T.);
#4313=IFCFACE((#4312));
#4314=IFCPOLYLOOP((#2698,#2697,#2725,#2645));
#4315=IFCFACEOUTERBOUND(#4314,.T.);
#4316=IFCFACE((#4315));
#4317=IFCPOLYLOOP((#2724,#2698,#2647));
#4318=IFCFACEOUTERBOUND(#4317,.T.);
#4319=IFCFACE((#4318));
#4320=IFCPOLYLOOP((#2664,#2702,#2733));
#4321=IFCFACEOUTERBOUND(#4320,.T.);
#4322=IFCFACE((#4321));
#4323=IFCPOLYLOOP((#2728,#2699,#2784,#2648));
#4324=IFCFACEOUTERBOUND(#4323,.T.);
#4325=IFCFACE((#4324));
#4326=IFCPOLYLOOP((#2613,#2782,#2703));
#4327=IFCFACEOUTERBOUND(#4326,.T.);
#4328=IFCFACE((#4327));
#4329=IFCPOLYLOOP((#2735,#2739,#2738,#2667));
#4330=IFCFACEOUTERBOUND(#4329,.T.);
#4331=IFCFACE((#4330));
#4332=IFCPOLYLOOP((#2702,#2732,#2733));
#4333=IFCFACEOUTERBOUND(#4332,.T.);
#4334=IFCFACE((#4333));
#4335=IFCPOLYLOOP((#2666,#2704,#2739));
#4336=IFCFACEOUTERBOUND(#4335,.T.);
#4337=IFCFACE((#4336));
#4338=IFCPOLYLOOP((#2782,#2613,#2727));
#4339=IFCFACEOUTERBOUND(#4338,.T.);
#4340=IFCFACE((#4339));
#4341=IFCPOLYLOOP((#2736,#2737,#2704));
#4342=IFCFACEOUTERBOUND(#4341,.T.);
#4343=IFCFACE((#4342));
#4344=IFCPOLYLOOP((#2704,#2738,#2739));
#4345=IFCFACEOUTERBOUND(#4344,.T.);
#4346=IFCFACE((#4345));
#4347=IFCPOLYLOOP((#2711,#2705,#2632));
#4348=IFCFACEOUTERBOUND(#4347,.T.);
#4349=IFCFACE((#4348));
#4350=IFCPOLYLOOP((#2705,#2631,#2741,#2669));
#4351=IFCFACEOUTERBOUND(#4350,.T.);
#4352=IFCFACE((#4351));
#4353=IFCPOLYLOOP((#2728,#2706,#2649));
#4354=IFCFACEOUTERBOUND(#4353,.T.);
#4355=IFCFACE((#4354));
#4356=IFCPOLYLOOP((#2706,#2648,#2743));
#4357=IFCFACEOUTERBOUND(#4356,.T.);
#4358=IFCFACE((#4357));
#4359=IFCPOLYLOOP((#2670,#2708,#2749));
#4360=IFCFACEOUTERBOUND(#4359,.T.);
#4361=IFCFACE((#4360));
#4362=IFCPOLYLOOP((#2715,#2707,#2615));
#4363=IFCFACEOUTERBOUND(#4362,.T.);
#4364=IFCFACE((#4363));
#4365=IFCPOLYLOOP((#2622,#2717,#2773));
#4366=IFCFACEOUTERBOUND(#4365,.T.);
#4367=IFCFACE((#4366));
#4368=IFCPOLYLOOP((#2749,#2708,#2671));
#4369=IFCFACEOUTERBOUND(#4368,.T.);
#4370=IFCFACE((#4369));
#4371=IFCPOLYLOOP((#2713,#2709,#2614));
#4372=IFCFACEOUTERBOUND(#4371,.T.);
#4373=IFCFACE((#4372));
#4374=IFCPOLYLOOP((#2709,#2617,#2751));
#4375=IFCFACEOUTERBOUND(#4374,.T.);
#4376=IFCFACE((#4375));
#4377=IFCPOLYLOOP((#2712,#2710,#2634));
#4378=IFCFACEOUTERBOUND(#4377,.T.);
#4379=IFCFACE((#4378));
#4380=IFCPOLYLOOP((#2710,#2633,#2753));
#4381=IFCFACEOUTERBOUND(#4380,.T.);
#4382=IFCFACE((#4381));
#4383=IFCPOLYLOOP((#2705,#2711,#2631));
#4384=IFCFACEOUTERBOUND(#4383,.T.);
#4385=IFCFACE((#4384));
#4386=IFCPOLYLOOP((#2711,#2632,#2756));
#4387=IFCFACEOUTERBOUND(#4386,.T.);
#4388=IFCFACE((#4387));
#4389=IFCPOLYLOOP((#2710,#2712,#2633));
#4390=IFCFACEOUTERBOUND(#4389,.T.);
#4391=IFCFACE((#4390));
#4392=IFCPOLYLOOP((#2712,#2634,#2758));
#4393=IFCFACEOUTERBOUND(#4392,.T.);
#4394=IFCFACE((#4393));
#4395=IFCPOLYLOOP((#2709,#2713,#2617));
#4396=IFCFACEOUTERBOUND(#4395,.T.);
#4397=IFCFACE((#4396));
#4398=IFCPOLYLOOP((#2713,#2614,#2761));
#4399=IFCFACEOUTERBOUND(#4398,.T.);
#4400=IFCFACE((#4399));
#4401=IFCPOLYLOOP((#2688,#2714,#2643));
#4402=IFCFACEOUTERBOUND(#4401,.T.);
#4403=IFCFACE((#4402));
#4404=IFCPOLYLOOP((#2714,#2642,#2763));
#4405=IFCFACEOUTERBOUND(#4404,.T.);
#4406=IFCFACE((#4405));
#4407=IFCPOLYLOOP((#2678,#2716,#2770));
#4408=IFCFACEOUTERBOUND(#4407,.T.);
#4409=IFCFACE((#4408));
#4410=IFCPOLYLOOP((#2707,#2715,#2618));
#4411=IFCFACEOUTERBOUND(#4410,.T.);
#4412=IFCFACE((#4411));
#4413=IFCPOLYLOOP((#2716,#2646,#2768));
#4414=IFCFACEOUTERBOUND(#4413,.T.);
#4415=IFCFACE((#4414));
#4416=IFCPOLYLOOP((#2770,#2716,#2679));
#4417=IFCFACEOUTERBOUND(#4416,.T.);
#4418=IFCFACE((#4417));
#4419=IFCPOLYLOOP((#2680,#2718,#2777));
#4420=IFCFACEOUTERBOUND(#4419,.T.);
#4421=IFCFACE((#4420));
#4422=IFCPOLYLOOP((#2773,#2717,#2621));
#4423=IFCFACEOUTERBOUND(#4422,.T.);
#4424=IFCFACE((#4423));
#4425=IFCPOLYLOOP((#2718,#2619,#2775));
#4426=IFCFACEOUTERBOUND(#4425,.T.);
#4427=IFCFACE((#4426));
#4428=IFCPOLYLOOP((#2777,#2718,#2681));
#4429=IFCFACEOUTERBOUND(#4428,.T.);
#4430=IFCFACE((#4429));
#4431=IFCPOLYLOOP((#2778,#2779,#2724));
#4432=IFCFACEOUTERBOUND(#4431,.T.);
#4433=IFCFACE((#4432));
#4434=IFCPOLYLOOP((#2723,#2692,#2695));
#4435=IFCFACEOUTERBOUND(#4434,.T.);
#4436=IFCFACE((#4435));
#4437=IFCPOLYLOOP((#2698,#2724,#2697));
#4438=IFCFACEOUTERBOUND(#4437,.T.);
#4439=IFCFACE((#4438));
#4440=IFCPOLYLOOP((#2727,#2613,#2783,#2699));
#4441=IFCFACEOUTERBOUND(#4440,.T.);
#4442=IFCFACE((#4441));
#4443=IFCPOLYLOOP((#2726,#2647,#2698));
#4444=IFCFACEOUTERBOUND(#4443,.T.);
#4445=IFCFACE((#4444));
#4446=IFCPOLYLOOP((#2786,#2699,#2728));
#4447=IFCFACEOUTERBOUND(#4446,.T.);
#4448=IFCFACE((#4447));
#4449=IFCPOLYLOOP((#2706,#2728,#2648));
#4450=IFCFACEOUTERBOUND(#4449,.T.);
#4451=IFCFACE((#4450));
#4452=IFCPOLYLOOP((#2728,#2649,#2785));
#4453=IFCFACEOUTERBOUND(#4452,.T.);
#4454=IFCFACE((#4453));
#4455=IFCPOLYLOOP((#2730,#2733,#2732,#2665));
#4456=IFCFACEOUTERBOUND(#4455,.T.);
#4457=IFCFACE((#4456));
#4458=IFCPOLYLOOP((#2664,#2701,#2729));
#4459=IFCFACEOUTERBOUND(#4458,.T.);
#4460=IFCFACE((#4459));
#4461=IFCPOLYLOOP((#2730,#2627,#2701));
#4462=IFCFACEOUTERBOUND(#4461,.T.);
#4463=IFCFACE((#4462));
#4464=IFCPOLYLOOP((#2664,#2733,#2701));
#4465=IFCFACEOUTERBOUND(#4464,.T.);
#4466=IFCFACE((#4465));
#4467=IFCPOLYLOOP((#2732,#2737,#2736,#2630));
#4468=IFCFACEOUTERBOUND(#4467,.T.);
#4469=IFCFACE((#4468));
#4470=IFCPOLYLOOP((#2666,#2703,#2734));
#4471=IFCFACEOUTERBOUND(#4470,.T.);
#4472=IFCFACE((#4471));
#4473=IFCPOLYLOOP((#2735,#2613,#2703));
#4474=IFCFACEOUTERBOUND(#4473,.T.);
#4475=IFCFACE((#4474));
#4476=IFCPOLYLOOP((#2629,#2737,#2702));
#4477=IFCFACEOUTERBOUND(#4476,.T.);
#4478=IFCFACE((#4477));
#4479=IFCPOLYLOOP((#2629,#2704,#2737));
#4480=IFCFACEOUTERBOUND(#4479,.T.);
#4481=IFCFACE((#4480));
#4482=IFCPOLYLOOP((#2666,#2739,#2703));
#4483=IFCFACEOUTERBOUND(#4482,.T.);
#4484=IFCFACE((#4483));
#4485=IFCPOLYLOOP((#2669,#2744,#2705));
#4486=IFCFACEOUTERBOUND(#4485,.T.);
#4487=IFCFACE((#4486));
#4488=IFCPOLYLOOP((#2632,#2705,#2740));
#4489=IFCFACEOUTERBOUND(#4488,.T.);
#4490=IFCFACE((#4489));
#4491=IFCPOLYLOOP((#2743,#2744,#2706));
#4492=IFCFACEOUTERBOUND(#4491,.T.);
#4493=IFCFACE((#4492));
#4494=IFCPOLYLOOP((#2746,#2749,#2671));
#4495=IFCFACEOUTERBOUND(#4494,.T.);
#4496=IFCFACE((#4495));
#4497=IFCPOLYLOOP((#2746,#2615,#2707));
#4498=IFCFACEOUTERBOUND(#4497,.T.);
#4499=IFCFACE((#4498));
#4500=IFCPOLYLOOP((#2748,#2671,#2708));
#4501=IFCFACEOUTERBOUND(#4500,.T.);
#4502=IFCFACE((#4501));
#4503=IFCPOLYLOOP((#2670,#2749,#2707));
#4504=IFCFACEOUTERBOUND(#4503,.T.);
#4505=IFCFACE((#4504));
#4506=IFCPOLYLOOP((#2754,#2709,#2751));
#4507=IFCFACEOUTERBOUND(#4506,.T.);
#4508=IFCFACE((#4507));
#4509=IFCPOLYLOOP((#2754,#2751,#2673));
#4510=IFCFACEOUTERBOUND(#4509,.T.);
#4511=IFCFACE((#4510));
#4512=IFCPOLYLOOP((#2754,#2753,#2672));
#4513=IFCFACEOUTERBOUND(#4512,.T.);
#4514=IFCFACE((#4513));
#4515=IFCPOLYLOOP((#2753,#2754,#2710));
#4516=IFCFACEOUTERBOUND(#4515,.T.);
#4517=IFCFACE((#4516));
#4518=IFCPOLYLOOP((#2759,#2711,#2756));
#4519=IFCFACEOUTERBOUND(#4518,.T.);
#4520=IFCFACE((#4519));
#4521=IFCPOLYLOOP((#2755,#2631,#2711));
#4522=IFCFACEOUTERBOUND(#4521,.T.);
#4523=IFCFACE((#4522));
#4524=IFCPOLYLOOP((#2759,#2756,#2675));
#4525=IFCFACEOUTERBOUND(#4524,.T.);
#4526=IFCFACE((#4525));
#4527=IFCPOLYLOOP((#2758,#2759,#2712));
#4528=IFCFACEOUTERBOUND(#4527,.T.);
#4529=IFCFACE((#4528));
#4530=IFCPOLYLOOP((#2764,#2713,#2761));
#4531=IFCFACEOUTERBOUND(#4530,.T.);
#4532=IFCFACE((#4531));
#4533=IFCPOLYLOOP((#2764,#2761,#2677));
#4534=IFCFACEOUTERBOUND(#4533,.T.);
#4535=IFCFACE((#4534));
#4536=IFCPOLYLOOP((#2764,#2763,#2676));
#4537=IFCFACEOUTERBOUND(#4536,.T.);
#4538=IFCFACE((#4537));
#4539=IFCPOLYLOOP((#2763,#2764,#2714));
#4540=IFCFACEOUTERBOUND(#4539,.T.);
#4541=IFCFACE((#4540));
#4542=IFCPOLYLOOP((#2726,#2768,#2646));
#4543=IFCFACEOUTERBOUND(#4542,.T.);
#4544=IFCFACE((#4543));
#4545=IFCPOLYLOOP((#2766,#2618,#2715));
#4546=IFCFACEOUTERBOUND(#4545,.T.);
#4547=IFCFACE((#4546));
#4548=IFCPOLYLOOP((#2645,#2768,#2698));
#4549=IFCFACEOUTERBOUND(#4548,.T.);
#4550=IFCFACE((#4549));
#4551=IFCPOLYLOOP((#2769,#2768,#2645));
#4552=IFCFACEOUTERBOUND(#4551,.T.);
#4553=IFCFACE((#4552));
#4554=IFCPOLYLOOP((#2769,#2679,#2716));
#4555=IFCFACEOUTERBOUND(#4554,.T.);
#4556=IFCFACE((#4555));
#4557=IFCPOLYLOOP((#2678,#2770,#2715));
#4558=IFCFACEOUTERBOUND(#4557,.T.);
#4559=IFCFACE((#4558));
#4560=IFCPOLYLOOP((#2748,#2773,#2621));
#4561=IFCFACEOUTERBOUND(#4560,.T.);
#4562=IFCFACE((#4561));
#4563=IFCPOLYLOOP((#2772,#2621,#2717));
#4564=IFCFACEOUTERBOUND(#4563,.T.);
#4565=IFCFACE((#4564));
#4566=IFCPOLYLOOP((#2622,#2773,#2708));
#4567=IFCFACEOUTERBOUND(#4566,.T.);
#4568=IFCFACE((#4567));
#4569=IFCPOLYLOOP((#2723,#2775,#2619));
#4570=IFCFACEOUTERBOUND(#4569,.T.);
#4571=IFCFACE((#4570));
#4572=IFCPOLYLOOP((#2620,#2775,#2695));
#4573=IFCFACEOUTERBOUND(#4572,.T.);
#4574=IFCFACE((#4573));
#4575=IFCPOLYLOOP((#2776,#2775,#2620));
#4576=IFCFACEOUTERBOUND(#4575,.T.);
#4577=IFCFACE((#4576));
#4578=IFCPOLYLOOP((#2776,#2681,#2718));
#4579=IFCFACEOUTERBOUND(#4578,.T.);
#4580=IFCFACE((#4579));
#4581=IFCPOLYLOOP((#2680,#2777,#2717));
#4582=IFCFACEOUTERBOUND(#4581,.T.);
#4583=IFCFACE((#4582));
#4584=IFCPOLYLOOP((#2729,#2779,#2778,#2628));
#4585=IFCFACEOUTERBOUND(#4584,.T.);
#4586=IFCFACE((#4585));
#4587=IFCPOLYLOOP((#2627,#2779,#2701));
#4588=IFCFACEOUTERBOUND(#4587,.T.);
#4589=IFCFACE((#4588));
#4590=IFCPOLYLOOP((#2780,#2779,#2627));
#4591=IFCFACEOUTERBOUND(#4590,.T.);
#4592=IFCFACE((#4591));
#4593=IFCPOLYLOOP((#2780,#2697,#2724));
#4594=IFCFACEOUTERBOUND(#4593,.T.);
#4595=IFCFACE((#4594));
#4596=IFCPOLYLOOP((#2781,#2782,#2727));
#4597=IFCFACEOUTERBOUND(#4596,.T.);
#4598=IFCFACE((#4597));
#4599=IFCPOLYLOOP((#2699,#2786,#2727));
#4600=IFCFACEOUTERBOUND(#4599,.T.);
#4601=IFCFACE((#4600));
#4602=IFCPOLYLOOP((#2785,#2786,#2728));
#4603=IFCFACEOUTERBOUND(#4602,.T.);
#4604=IFCFACE((#4603));
#4605=IFCPOLYLOOP((#2556,#2525,#2651,#2638,#2656,#2625,#2663,#2624,#2689,#2644,#2720,#2643,#2762,#2677,#2761,#2614,#2750,#2672,#2753,#2633,#2757,#2675,#2756,#2632,#2740,#2668,#2743,#2648,#2784,#2699,#2783,#2613,#2735,#2667,#2738,#2629,#2731,#2664,#2729,#2628,#2778,#2647,#2726,#2646,#2767,#2678,#2765,#2615,#2746,#2671,#2748,#2621,#2772,#2681,#2776,#2620,#2722,#2637,#2696,#2636,#2640,#2652,#2612,#2787));
#4606=IFCFACEOUTERBOUND(#4605,.T.);
#4607=IFCFACE((#4606));
#4608=IFCPOLYLOOP((#2787,#2557,#2556));
#4609=IFCFACEOUTERBOUND(#4608,.T.);
#4610=IFCFACE((#4609));
#4611=IFCPOLYLOOP((#2557,#2787,#2269));
#4612=IFCFACEOUTERBOUND(#4611,.T.);
#4613=IFCFACE((#4612));
#4614=IFCPOLYLOOP((#2507,#2269,#2787));
#4615=IFCFACEOUTERBOUND(#4614,.T.);
#4616=IFCFACE((#4615));
#4617=IFCPOLYLOOP((#2269,#2507,#2508));
#4618=IFCFACEOUTERBOUND(#4617,.T.);
#4619=IFCFACE((#4618));
#4620=IFCPOLYLOOP((#2270,#2508,#2556));
#4621=IFCFACEOUTERBOUND(#4620,.T.);
#4622=IFCFACE((#4621));
#4623=IFCPOLYLOOP((#2508,#2270,#2269));
#4624=IFCFACEOUTERBOUND(#4623,.T.);
#4625=IFCFACE((#4624));
#4626=IFCPOLYLOOP((#2509,#2556,#2557));
#4627=IFCFACEOUTERBOUND(#4626,.T.);
#4628=IFCFACE((#4627));
#4629=IFCPOLYLOOP((#2556,#2509,#2270));
#4630=IFCFACEOUTERBOUND(#4629,.T.);
#4631=IFCFACE((#4630));
#4632=IFCPOLYLOOP((#2558,#2557,#2269,#2268));
#4633=IFCFACEOUTERBOUND(#4632,.T.);
#4634=IFCFACE((#4633));
#4635=IFCPOLYLOOP((#2558,#2559,#2510));
#4636=IFCFACEOUTERBOUND(#4635,.T.);
#4637=IFCFACE((#4636));
#4638=IFCPOLYLOOP((#2559,#2558,#2273));
#4639=IFCFACEOUTERBOUND(#4638,.T.);
#4640=IFCFACE((#4639));
#4641=IFCPOLYLOOP((#2268,#2273,#2558));
#4642=IFCFACEOUTERBOUND(#4641,.T.);
#4643=IFCFACE((#4642));
#4644=IFCPOLYLOOP((#2273,#2268,#2271));
#4645=IFCFACEOUTERBOUND(#4644,.T.);
#4646=IFCFACE((#4645));
#4647=IFCPOLYLOOP((#2274,#2271,#2510));
#4648=IFCFACEOUTERBOUND(#4647,.T.);
#4649=IFCFACE((#4648));
#4650=IFCPOLYLOOP((#2271,#2274,#2273));
#4651=IFCFACEOUTERBOUND(#4650,.T.);
#4652=IFCFACE((#4651));
#4653=IFCPOLYLOOP((#2511,#2510,#2559));
#4654=IFCFACEOUTERBOUND(#4653,.T.);
#4655=IFCFACE((#4654));
#4656=IFCPOLYLOOP((#2510,#2511,#2274));
#4657=IFCFACEOUTERBOUND(#4656,.T.);
#4658=IFCFACE((#4657));
#4659=IFCPOLYLOOP((#2560,#2559,#2273,#2272,#2788,#2790));
#4660=IFCFACEOUTERBOUND(#4659,.T.);
#4661=IFCFACE((#4660));
#4662=IFCPOLYLOOP((#2791,#2793,#2789,#2792));
#4663=IFCFACEOUTERBOUND(#4662,.T.);
#4664=IFCFACE((#4663));
#4665=IFCPOLYLOOP((#2792,#2561,#2794));
#4666=IFCFACEOUTERBOUND(#4665,.T.);
#4667=IFCFACE((#4666));
#4668=IFCPOLYLOOP((#2272,#2277,#2795));
#4669=IFCFACEOUTERBOUND(#4668,.T.);
#4670=IFCFACE((#4669));
#4671=IFCPOLYLOOP((#2791,#2788,#2795));
#4672=IFCFACEOUTERBOUND(#4671,.T.);
#4673=IFCFACE((#4672));
#4674=IFCPOLYLOOP((#2560,#2790,#2794));
#4675=IFCFACEOUTERBOUND(#4674,.T.);
#4676=IFCFACE((#4675));
#4677=IFCPOLYLOOP((#2791,#2790,#2788));
#4678=IFCFACEOUTERBOUND(#4677,.T.);
#4679=IFCFACE((#4678));
#4680=IFCPOLYLOOP((#2793,#2791,#2795));
#4681=IFCFACEOUTERBOUND(#4680,.T.);
#4682=IFCFACE((#4681));
#4683=IFCPOLYLOOP((#2792,#2794,#2791));
#4684=IFCFACEOUTERBOUND(#4683,.T.);
#4685=IFCFACE((#4684));
#4686=IFCPOLYLOOP((#2794,#2790,#2791));
#4687=IFCFACEOUTERBOUND(#4686,.T.);
#4688=IFCFACE((#4687));
#4689=IFCPOLYLOOP((#2792,#2562,#2561));
#4690=IFCFACEOUTERBOUND(#4689,.T.);
#4691=IFCFACE((#4690));
#4692=IFCPOLYLOOP((#2277,#2276,#2793));
#4693=IFCFACEOUTERBOUND(#4692,.T.);
#4694=IFCFACE((#4693));
#4695=IFCPOLYLOOP((#2560,#2794,#2561));
#4696=IFCFACEOUTERBOUND(#4695,.T.);
#4697=IFCFACE((#4696));
#4698=IFCPOLYLOOP((#2272,#2795,#2788));
#4699=IFCFACEOUTERBOUND(#4698,.T.);
#4700=IFCFACE((#4699));
#4701=IFCPOLYLOOP((#2793,#2795,#2277));
#4702=IFCFACEOUTERBOUND(#4701,.T.);
#4703=IFCFACE((#4702));
#4704=IFCPOLYLOOP((#2514,#2610,#2658));
#4705=IFCFACEOUTERBOUND(#4704,.T.);
#4706=IFCFACE((#4705));
#4707=IFCPOLYLOOP((#2523,#2279,#2519));
#4708=IFCFACEOUTERBOUND(#4707,.T.);
#4709=IFCFACE((#4708));
#4710=IFCPOLYLOOP((#2610,#2562,#2792));
#4711=IFCFACEOUTERBOUND(#4710,.T.);
#4712=IFCFACE((#4711));
#4713=IFCPOLYLOOP((#2610,#2514,#2575));
#4714=IFCFACEOUTERBOUND(#4713,.T.);
#4715=IFCFACE((#4714));
#4716=IFCPOLYLOOP((#2279,#2330,#2378));
#4717=IFCFACEOUTERBOUND(#4716,.T.);
#4718=IFCFACE((#4717));
#4719=IFCPOLYLOOP((#2279,#2523,#2537));
#4720=IFCFACEOUTERBOUND(#4719,.T.);
#4721=IFCFACE((#4720));
#4722=IFCPOLYLOOP((#2276,#2329,#2807));
#4723=IFCFACEOUTERBOUND(#4722,.T.);
#4724=IFCFACE((#4723));
#4725=IFCPOLYLOOP((#2329,#2276,#2292));
#4726=IFCFACEOUTERBOUND(#4725,.T.);
#4727=IFCFACE((#4726));
#4728=IFCPOLYLOOP((#2514,#2658,#2641));
#4729=IFCFACEOUTERBOUND(#4728,.T.);
#4730=IFCFACE((#4729));
#4731=IFCPOLYLOOP((#2514,#2641,#2700));
#4732=IFCFACEOUTERBOUND(#4731,.T.);
#4733=IFCFACE((#4732));
#4734=IFCPOLYLOOP((#2514,#2700,#2635));
#4735=IFCFACEOUTERBOUND(#4734,.T.);
#4736=IFCFACE((#4735));
#4737=IFCPOLYLOOP((#2514,#2635,#2693));
#4738=IFCFACEOUTERBOUND(#4737,.T.);
#4739=IFCFACE((#4738));
#4740=IFCPOLYLOOP((#2514,#2693,#2692));
#4741=IFCFACEOUTERBOUND(#4740,.T.);
#4742=IFCFACE((#4741));
#4743=IFCPOLYLOOP((#2514,#2692,#2723));
#4744=IFCFACEOUTERBOUND(#4743,.T.);
#4745=IFCFACE((#4744));
#4746=IFCPOLYLOOP((#2514,#2723,#2619));
#4747=IFCFACEOUTERBOUND(#4746,.T.);
#4748=IFCFACE((#4747));
#4749=IFCPOLYLOOP((#2514,#2619,#2774));
#4750=IFCFACEOUTERBOUND(#4749,.T.);
#4751=IFCFACE((#4750));
#4752=IFCPOLYLOOP((#2514,#2774,#2680));
#4753=IFCFACEOUTERBOUND(#4752,.T.);
#4754=IFCFACE((#4753));
#4755=IFCPOLYLOOP((#2514,#2680,#2771));
#4756=IFCFACEOUTERBOUND(#4755,.T.);
#4757=IFCFACE((#4756));
#4758=IFCPOLYLOOP((#2514,#2771,#2622));
#4759=IFCFACEOUTERBOUND(#4758,.T.);
#4760=IFCFACE((#4759));
#4761=IFCPOLYLOOP((#2514,#2622,#2747));
#4762=IFCFACEOUTERBOUND(#4761,.T.);
#4763=IFCFACE((#4762));
#4764=IFCPOLYLOOP((#2514,#2747,#2670));
#4765=IFCFACEOUTERBOUND(#4764,.T.);
#4766=IFCFACE((#4765));
#4767=IFCPOLYLOOP((#2514,#2670,#2745));
#4768=IFCFACEOUTERBOUND(#4767,.T.);
#4769=IFCFACE((#4768));
#4770=IFCPOLYLOOP((#2514,#2745,#2618));
#4771=IFCFACEOUTERBOUND(#4770,.T.);
#4772=IFCFACE((#4771));
#4773=IFCPOLYLOOP((#2514,#2618,#2766));
#4774=IFCFACEOUTERBOUND(#4773,.T.);
#4775=IFCFACE((#4774));
#4776=IFCPOLYLOOP((#2514,#2766,#2679));
#4777=IFCFACEOUTERBOUND(#4776,.T.);
#4778=IFCFACE((#4777));
#4779=IFCPOLYLOOP((#2514,#2679,#2769));
#4780=IFCFACEOUTERBOUND(#4779,.T.);
#4781=IFCFACE((#4780));
#4782=IFCPOLYLOOP((#2514,#2769,#2645));
#4783=IFCFACEOUTERBOUND(#4782,.T.);
#4784=IFCFACE((#4783));
#4785=IFCPOLYLOOP((#2514,#2645,#2725));
#4786=IFCFACEOUTERBOUND(#4785,.T.);
#4787=IFCFACE((#4786));
#4788=IFCPOLYLOOP((#2514,#2725,#2697));
#4789=IFCFACEOUTERBOUND(#4788,.T.);
#4790=IFCFACE((#4789));
#4791=IFCPOLYLOOP((#2514,#2697,#2780));
#4792=IFCFACEOUTERBOUND(#4791,.T.);
#4793=IFCFACE((#4792));
#4794=IFCPOLYLOOP((#2514,#2780,#2627));
#4795=IFCFACEOUTERBOUND(#4794,.T.);
#4796=IFCFACE((#4795));
#4797=IFCPOLYLOOP((#2514,#2627,#2730));
#4798=IFCFACEOUTERBOUND(#4797,.T.);
#4799=IFCFACE((#4798));
#4800=IFCPOLYLOOP((#2514,#2730,#2665));
#4801=IFCFACEOUTERBOUND(#4800,.T.);
#4802=IFCFACE((#4801));
#4803=IFCPOLYLOOP((#2514,#2665,#2732));
#4804=IFCFACEOUTERBOUND(#4803,.T.);
#4805=IFCFACE((#4804));
#4806=IFCPOLYLOOP((#2514,#2732,#2630));
#4807=IFCFACEOUTERBOUND(#4806,.T.);
#4808=IFCFACE((#4807));
#4809=IFCPOLYLOOP((#2514,#2630,#2736));
#4810=IFCFACEOUTERBOUND(#4809,.T.);
#4811=IFCFACE((#4810));
#4812=IFCPOLYLOOP((#2514,#2736,#2666));
#4813=IFCFACEOUTERBOUND(#4812,.T.);
#4814=IFCFACE((#4813));
#4815=IFCPOLYLOOP((#2514,#2666,#2734));
#4816=IFCFACEOUTERBOUND(#4815,.T.);
#4817=IFCFACE((#4816));
#4818=IFCPOLYLOOP((#2514,#2734,#2616));
#4819=IFCFACEOUTERBOUND(#4818,.T.);
#4820=IFCFACE((#4819));
#4821=IFCPOLYLOOP((#2514,#2616,#2781));
#4822=IFCFACEOUTERBOUND(#4821,.T.);
#4823=IFCFACE((#4822));
#4824=IFCPOLYLOOP((#2514,#2781,#2650));
#4825=IFCFACEOUTERBOUND(#4824,.T.);
#4826=IFCFACE((#4825));
#4827=IFCPOLYLOOP((#2514,#2650,#2785));
#4828=IFCFACEOUTERBOUND(#4827,.T.);
#4829=IFCFACE((#4828));
#4830=IFCPOLYLOOP((#2514,#2785,#2649));
#4831=IFCFACEOUTERBOUND(#4830,.T.);
#4832=IFCFACE((#4831));
#4833=IFCPOLYLOOP((#2514,#2649,#2742));
#4834=IFCFACEOUTERBOUND(#4833,.T.);
#4835=IFCFACE((#4834));
#4836=IFCPOLYLOOP((#2514,#2742,#2669));
#4837=IFCFACEOUTERBOUND(#4836,.T.);
#4838=IFCFACE((#4837));
#4839=IFCPOLYLOOP((#2514,#2669,#2741));
#4840=IFCFACEOUTERBOUND(#4839,.T.);
#4841=IFCFACE((#4840));
#4842=IFCPOLYLOOP((#2514,#2741,#2631));
#4843=IFCFACEOUTERBOUND(#4842,.T.);
#4844=IFCFACE((#4843));
#4845=IFCPOLYLOOP((#2514,#2631,#2755));
#4846=IFCFACEOUTERBOUND(#4845,.T.);
#4847=IFCFACE((#4846));
#4848=IFCPOLYLOOP((#2514,#2755,#2674));
#4849=IFCFACEOUTERBOUND(#4848,.T.);
#4850=IFCFACE((#4849));
#4851=IFCPOLYLOOP((#2514,#2674,#2758));
#4852=IFCFACEOUTERBOUND(#4851,.T.);
#4853=IFCFACE((#4852));
#4854=IFCPOLYLOOP((#2514,#2758,#2634));
#4855=IFCFACEOUTERBOUND(#4854,.T.);
#4856=IFCFACE((#4855));
#4857=IFCPOLYLOOP((#2514,#2634,#2752));
#4858=IFCFACEOUTERBOUND(#4857,.T.);
#4859=IFCFACE((#4858));
#4860=IFCPOLYLOOP((#2514,#2752,#2673));
#4861=IFCFACEOUTERBOUND(#4860,.T.);
#4862=IFCFACE((#4861));
#4863=IFCPOLYLOOP((#2514,#2673,#2751));
#4864=IFCFACEOUTERBOUND(#4863,.T.);
#4865=IFCFACE((#4864));
#4866=IFCPOLYLOOP((#2514,#2751,#2617));
#4867=IFCFACEOUTERBOUND(#4866,.T.);
#4868=IFCFACE((#4867));
#4869=IFCPOLYLOOP((#2514,#2617,#2760));
#4870=IFCFACEOUTERBOUND(#4869,.T.);
#4871=IFCFACE((#4870));
#4872=IFCPOLYLOOP((#2514,#2760,#2676));
#4873=IFCFACEOUTERBOUND(#4872,.T.);
#4874=IFCFACE((#4873));
#4875=IFCPOLYLOOP((#2514,#2676,#2763));
#4876=IFCFACEOUTERBOUND(#4875,.T.);
#4877=IFCFACE((#4876));
#4878=IFCPOLYLOOP((#2514,#2763,#2642));
#4879=IFCFACEOUTERBOUND(#4878,.T.);
#4880=IFCFACE((#4879));
#4881=IFCPOLYLOOP((#2514,#2642,#2721));
#4882=IFCFACEOUTERBOUND(#4881,.T.);
#4883=IFCFACE((#4882));
#4884=IFCPOLYLOOP((#2514,#2721,#2685));
#4885=IFCFACEOUTERBOUND(#4884,.T.);
#4886=IFCFACE((#4885));
#4887=IFCPOLYLOOP((#2514,#2685,#2686));
#4888=IFCFACEOUTERBOUND(#4887,.T.);
#4889=IFCFACE((#4888));
#4890=IFCPOLYLOOP((#2514,#2686,#2623));
#4891=IFCFACEOUTERBOUND(#4890,.T.);
#4892=IFCFACE((#4891));
#4893=IFCPOLYLOOP((#2514,#2623,#2719));
#4894=IFCFACEOUTERBOUND(#4893,.T.);
#4895=IFCFACE((#4894));
#4896=IFCPOLYLOOP((#2514,#2719,#2661));
#4897=IFCFACEOUTERBOUND(#4896,.T.);
#4898=IFCFACE((#4897));
#4899=IFCPOLYLOOP((#2514,#2661,#2683));
#4900=IFCFACEOUTERBOUND(#4899,.T.);
#4901=IFCFACE((#4900));
#4902=IFCPOLYLOOP((#2514,#2683,#2626));
#4903=IFCFACEOUTERBOUND(#4902,.T.);
#4904=IFCFACE((#4903));
#4905=IFCPOLYLOOP((#2514,#2626,#2655));
#4906=IFCFACEOUTERBOUND(#4905,.T.);
#4907=IFCFACE((#4906));
#4908=IFCPOLYLOOP((#2514,#2655,#2639));
#4909=IFCFACEOUTERBOUND(#4908,.T.);
#4910=IFCFACE((#4909));
#4911=IFCPOLYLOOP((#2514,#2639,#2653));
#4912=IFCFACEOUTERBOUND(#4911,.T.);
#4913=IFCFACE((#4912));
#4914=IFCPOLYLOOP((#2514,#2653,#2523));
#4915=IFCFACEOUTERBOUND(#4914,.T.);
#4916=IFCFACE((#4915));
#4917=IFCPOLYLOOP((#2523,#2519,#2516));
#4918=IFCFACEOUTERBOUND(#4917,.T.);
#4919=IFCFACE((#4918));
#4920=IFCPOLYLOOP((#2523,#2516,#2520));
#4921=IFCFACEOUTERBOUND(#4920,.T.);
#4922=IFCFACE((#4921));
#4923=IFCPOLYLOOP((#2523,#2520,#2514));
#4924=IFCFACEOUTERBOUND(#4923,.T.);
#4925=IFCFACE((#4924));
#4926=IFCPOLYLOOP((#2610,#2792,#2789));
#4927=IFCFACEOUTERBOUND(#4926,.T.);
#4928=IFCFACE((#4927));
#4929=IFCPOLYLOOP((#2610,#2789,#2793));
#4930=IFCFACEOUTERBOUND(#4929,.T.);
#4931=IFCFACE((#4930));
#4932=IFCPOLYLOOP((#2610,#2793,#2276));
#4933=IFCFACEOUTERBOUND(#4932,.T.);
#4934=IFCFACE((#4933));
#4935=IFCPOLYLOOP((#2610,#2575,#2572));
#4936=IFCFACEOUTERBOUND(#4935,.T.);
#4937=IFCFACE((#4936));
#4938=IFCPOLYLOOP((#2610,#2572,#2584));
#4939=IFCFACEOUTERBOUND(#4938,.T.);
#4940=IFCFACE((#4939));
#4941=IFCPOLYLOOP((#2610,#2584,#2564));
#4942=IFCFACEOUTERBOUND(#4941,.T.);
#4943=IFCFACE((#4942));
#4944=IFCPOLYLOOP((#2610,#2564,#2578));
#4945=IFCFACEOUTERBOUND(#4944,.T.);
#4946=IFCFACE((#4945));
#4947=IFCPOLYLOOP((#2610,#2578,#2577));
#4948=IFCFACEOUTERBOUND(#4947,.T.);
#4949=IFCFACE((#4948));
#4950=IFCPOLYLOOP((#2610,#2577,#2602));
#4951=IFCFACEOUTERBOUND(#4950,.T.);
#4952=IFCFACE((#4951));
#4953=IFCPOLYLOOP((#2610,#2602,#2563));
#4954=IFCFACEOUTERBOUND(#4953,.T.);
#4955=IFCFACE((#4954));
#4956=IFCPOLYLOOP((#2610,#2563,#2590));
#4957=IFCFACEOUTERBOUND(#4956,.T.);
#4958=IFCFACE((#4957));
#4959=IFCPOLYLOOP((#2610,#2590,#2579));
#4960=IFCFACEOUTERBOUND(#4959,.T.);
#4961=IFCFACE((#4960));
#4962=IFCPOLYLOOP((#2610,#2579,#2585));
#4963=IFCFACEOUTERBOUND(#4962,.T.);
#4964=IFCFACE((#4963));
#4965=IFCPOLYLOOP((#2610,#2585,#2565));
#4966=IFCFACEOUTERBOUND(#4965,.T.);
#4967=IFCFACE((#4966));
#4968=IFCPOLYLOOP((#2610,#2565,#2592));
#4969=IFCFACEOUTERBOUND(#4968,.T.);
#4970=IFCFACE((#4969));
#4971=IFCPOLYLOOP((#2610,#2592,#2569));
#4972=IFCFACEOUTERBOUND(#4971,.T.);
#4973=IFCFACE((#4972));
#4974=IFCPOLYLOOP((#2610,#2569,#2582));
#4975=IFCFACEOUTERBOUND(#4974,.T.);
#4976=IFCFACE((#4975));
#4977=IFCPOLYLOOP((#2610,#2582,#2562));
#4978=IFCFACEOUTERBOUND(#4977,.T.);
#4979=IFCFACE((#4978));
#4980=IFCPOLYLOOP((#2279,#2378,#2361));
#4981=IFCFACEOUTERBOUND(#4980,.T.);
#4982=IFCFACE((#4981));
#4983=IFCPOLYLOOP((#2279,#2361,#2420));
#4984=IFCFACEOUTERBOUND(#4983,.T.);
#4985=IFCFACE((#4984));
#4986=IFCPOLYLOOP((#2279,#2420,#2355));
#4987=IFCFACEOUTERBOUND(#4986,.T.);
#4988=IFCFACE((#4987));
#4989=IFCPOLYLOOP((#2279,#2355,#2413));
#4990=IFCFACEOUTERBOUND(#4989,.T.);
#4991=IFCFACE((#4990));
#4992=IFCPOLYLOOP((#2279,#2413,#2412));
#4993=IFCFACEOUTERBOUND(#4992,.T.);
#4994=IFCFACE((#4993));
#4995=IFCPOLYLOOP((#2279,#2412,#2443));
#4996=IFCFACEOUTERBOUND(#4995,.T.);
#4997=IFCFACE((#4996));
#4998=IFCPOLYLOOP((#2279,#2443,#2339));
#4999=IFCFACEOUTERBOUND(#4998,.T.);
#5000=IFCFACE((#4999));
#5001=IFCPOLYLOOP((#2279,#2339,#2494));
#5002=IFCFACEOUTERBOUND(#5001,.T.);
#5003=IFCFACE((#5002));
#5004=IFCPOLYLOOP((#2279,#2494,#2400));
#5005=IFCFACEOUTERBOUND(#5004,.T.);
#5006=IFCFACE((#5005));
#5007=IFCPOLYLOOP((#2279,#2400,#2491));
#5008=IFCFACEOUTERBOUND(#5007,.T.);
#5009=IFCFACE((#5008));
#5010=IFCPOLYLOOP((#2279,#2491,#2342));
#5011=IFCFACEOUTERBOUND(#5010,.T.);
#5012=IFCFACE((#5011));
#5013=IFCPOLYLOOP((#2279,#2342,#2467));
#5014=IFCFACEOUTERBOUND(#5013,.T.);
#5015=IFCFACE((#5014));
#5016=IFCPOLYLOOP((#2279,#2467,#2390));
#5017=IFCFACEOUTERBOUND(#5016,.T.);
#5018=IFCFACE((#5017));
#5019=IFCPOLYLOOP((#2279,#2390,#2465));
#5020=IFCFACEOUTERBOUND(#5019,.T.);
#5021=IFCFACE((#5020));
#5022=IFCPOLYLOOP((#2279,#2465,#2338));
#5023=IFCFACEOUTERBOUND(#5022,.T.);
#5024=IFCFACE((#5023));
#5025=IFCPOLYLOOP((#2279,#2338,#2486));
#5026=IFCFACEOUTERBOUND(#5025,.T.);
#5027=IFCFACE((#5026));
#5028=IFCPOLYLOOP((#2279,#2486,#2399));
#5029=IFCFACEOUTERBOUND(#5028,.T.);
#5030=IFCFACE((#5029));
#5031=IFCPOLYLOOP((#2279,#2399,#2489));
#5032=IFCFACEOUTERBOUND(#5031,.T.);
#5033=IFCFACE((#5032));
#5034=IFCPOLYLOOP((#2279,#2489,#2365));
#5035=IFCFACEOUTERBOUND(#5034,.T.);
#5036=IFCFACE((#5035));
#5037=IFCPOLYLOOP((#2279,#2365,#2445));
#5038=IFCFACEOUTERBOUND(#5037,.T.);
#5039=IFCFACE((#5038));
#5040=IFCPOLYLOOP((#2279,#2445,#2417));
#5041=IFCFACEOUTERBOUND(#5040,.T.);
#5042=IFCFACE((#5041));
#5043=IFCPOLYLOOP((#2279,#2417,#2500));
#5044=IFCFACEOUTERBOUND(#5043,.T.);
#5045=IFCFACE((#5044));
#5046=IFCPOLYLOOP((#2279,#2500,#2347));
#5047=IFCFACEOUTERBOUND(#5046,.T.);
#5048=IFCFACE((#5047));
#5049=IFCPOLYLOOP((#2279,#2347,#2450));
#5050=IFCFACEOUTERBOUND(#5049,.T.);
#5051=IFCFACE((#5050));
#5052=IFCPOLYLOOP((#2279,#2450,#2385));
#5053=IFCFACEOUTERBOUND(#5052,.T.);
#5054=IFCFACE((#5053));
#5055=IFCPOLYLOOP((#2279,#2385,#2452));
#5056=IFCFACEOUTERBOUND(#5055,.T.);
#5057=IFCFACE((#5056));
#5058=IFCPOLYLOOP((#2279,#2452,#2350));
#5059=IFCFACEOUTERBOUND(#5058,.T.);
#5060=IFCFACE((#5059));
#5061=IFCPOLYLOOP((#2279,#2350,#2456));
#5062=IFCFACEOUTERBOUND(#5061,.T.);
#5063=IFCFACE((#5062));
#5064=IFCPOLYLOOP((#2279,#2456,#2386));
#5065=IFCFACEOUTERBOUND(#5064,.T.);
#5066=IFCFACE((#5065));
#5067=IFCPOLYLOOP((#2279,#2386,#2454));
#5068=IFCFACEOUTERBOUND(#5067,.T.);
#5069=IFCFACE((#5068));
#5070=IFCPOLYLOOP((#2279,#2454,#2336));
#5071=IFCFACEOUTERBOUND(#5070,.T.);
#5072=IFCFACE((#5071));
#5073=IFCPOLYLOOP((#2279,#2336,#2501));
#5074=IFCFACEOUTERBOUND(#5073,.T.);
#5075=IFCFACE((#5074));
#5076=IFCPOLYLOOP((#2279,#2501,#2370));
#5077=IFCFACEOUTERBOUND(#5076,.T.);
#5078=IFCFACE((#5077));
#5079=IFCPOLYLOOP((#2279,#2370,#2505));
#5080=IFCFACEOUTERBOUND(#5079,.T.);
#5081=IFCFACE((#5080));
#5082=IFCPOLYLOOP((#2279,#2505,#2369));
#5083=IFCFACEOUTERBOUND(#5082,.T.);
#5084=IFCFACE((#5083));
#5085=IFCPOLYLOOP((#2279,#2369,#2462));
#5086=IFCFACEOUTERBOUND(#5085,.T.);
#5087=IFCFACE((#5086));
#5088=IFCPOLYLOOP((#2279,#2462,#2389));
#5089=IFCFACEOUTERBOUND(#5088,.T.);
#5090=IFCFACE((#5089));
#5091=IFCPOLYLOOP((#2279,#2389,#2461));
#5092=IFCFACEOUTERBOUND(#5091,.T.);
#5093=IFCFACE((#5092));
#5094=IFCPOLYLOOP((#2279,#2461,#2351));
#5095=IFCFACEOUTERBOUND(#5094,.T.);
#5096=IFCFACE((#5095));
#5097=IFCPOLYLOOP((#2279,#2351,#2475));
#5098=IFCFACEOUTERBOUND(#5097,.T.);
#5099=IFCFACE((#5098));
#5100=IFCPOLYLOOP((#2279,#2475,#2394));
#5101=IFCFACEOUTERBOUND(#5100,.T.);
#5102=IFCFACE((#5101));
#5103=IFCPOLYLOOP((#2279,#2394,#2478));
#5104=IFCFACEOUTERBOUND(#5103,.T.);
#5105=IFCFACE((#5104));
#5106=IFCPOLYLOOP((#2279,#2478,#2354));
#5107=IFCFACEOUTERBOUND(#5106,.T.);
#5108=IFCFACE((#5107));
#5109=IFCPOLYLOOP((#2279,#2354,#2472));
#5110=IFCFACEOUTERBOUND(#5109,.T.);
#5111=IFCFACE((#5110));
#5112=IFCPOLYLOOP((#2279,#2472,#2393));
#5113=IFCFACEOUTERBOUND(#5112,.T.);
#5114=IFCFACE((#5113));
#5115=IFCPOLYLOOP((#2279,#2393,#2471));
#5116=IFCFACEOUTERBOUND(#5115,.T.);
#5117=IFCFACE((#5116));
#5118=IFCPOLYLOOP((#2279,#2471,#2337));
#5119=IFCFACEOUTERBOUND(#5118,.T.);
#5120=IFCFACE((#5119));
#5121=IFCPOLYLOOP((#2279,#2337,#2480));
#5122=IFCFACEOUTERBOUND(#5121,.T.);
#5123=IFCFACE((#5122));
#5124=IFCPOLYLOOP((#2279,#2480,#2396));
#5125=IFCFACEOUTERBOUND(#5124,.T.);
#5126=IFCFACE((#5125));
#5127=IFCPOLYLOOP((#2279,#2396,#2483));
#5128=IFCFACEOUTERBOUND(#5127,.T.);
#5129=IFCFACE((#5128));
#5130=IFCPOLYLOOP((#2279,#2483,#2362));
#5131=IFCFACEOUTERBOUND(#5130,.T.);
#5132=IFCFACE((#5131));
#5133=IFCPOLYLOOP((#2279,#2362,#2441));
#5134=IFCFACEOUTERBOUND(#5133,.T.);
#5135=IFCFACE((#5134));
#5136=IFCPOLYLOOP((#2279,#2441,#2405));
#5137=IFCFACEOUTERBOUND(#5136,.T.);
#5138=IFCFACE((#5137));
#5139=IFCPOLYLOOP((#2279,#2405,#2406));
#5140=IFCFACEOUTERBOUND(#5139,.T.);
#5141=IFCFACE((#5140));
#5142=IFCPOLYLOOP((#2279,#2406,#2343));
#5143=IFCFACEOUTERBOUND(#5142,.T.);
#5144=IFCFACE((#5143));
#5145=IFCPOLYLOOP((#2279,#2343,#2439));
#5146=IFCFACEOUTERBOUND(#5145,.T.);
#5147=IFCFACE((#5146));
#5148=IFCPOLYLOOP((#2279,#2439,#2381));
#5149=IFCFACEOUTERBOUND(#5148,.T.);
#5150=IFCFACE((#5149));
#5151=IFCPOLYLOOP((#2279,#2381,#2403));
#5152=IFCFACEOUTERBOUND(#5151,.T.);
#5153=IFCFACE((#5152));
#5154=IFCPOLYLOOP((#2279,#2403,#2346));
#5155=IFCFACEOUTERBOUND(#5154,.T.);
#5156=IFCFACE((#5155));
#5157=IFCPOLYLOOP((#2279,#2346,#2375));
#5158=IFCFACEOUTERBOUND(#5157,.T.);
#5159=IFCFACE((#5158));
#5160=IFCPOLYLOOP((#2279,#2375,#2359));
#5161=IFCFACEOUTERBOUND(#5160,.T.);
#5162=IFCFACE((#5161));
#5163=IFCPOLYLOOP((#2279,#2359,#2373));
#5164=IFCFACEOUTERBOUND(#5163,.T.);
#5165=IFCFACE((#5164));
#5166=IFCPOLYLOOP((#2279,#2373,#2329));
#5167=IFCFACEOUTERBOUND(#5166,.T.);
#5168=IFCFACE((#5167));
#5169=IFCPOLYLOOP((#2279,#2537,#2532));
#5170=IFCFACEOUTERBOUND(#5169,.T.);
#5171=IFCFACE((#5170));
#5172=IFCPOLYLOOP((#2279,#2532,#2550));
#5173=IFCFACEOUTERBOUND(#5172,.T.);
#5174=IFCFACE((#5173));
#5175=IFCPOLYLOOP((#2279,#2550,#2526));
#5176=IFCFACEOUTERBOUND(#5175,.T.);
#5177=IFCFACE((#5176));
#5178=IFCPOLYLOOP((#2279,#2526,#2545));
#5179=IFCFACEOUTERBOUND(#5178,.T.);
#5180=IFCFACE((#5179));
#5181=IFCPOLYLOOP((#2279,#2545,#2531));
#5182=IFCFACEOUTERBOUND(#5181,.T.);
#5183=IFCFACE((#5182));
#5184=IFCPOLYLOOP((#2279,#2531,#2554));
#5185=IFCFACEOUTERBOUND(#5184,.T.);
#5186=IFCFACE((#5185));
#5187=IFCPOLYLOOP((#2279,#2554,#2530));
#5188=IFCFACEOUTERBOUND(#5187,.T.);
#5189=IFCFACE((#5188));
#5190=IFCPOLYLOOP((#2279,#2530,#2535));
#5191=IFCFACEOUTERBOUND(#5190,.T.);
#5192=IFCFACE((#5191));
#5193=IFCPOLYLOOP((#2279,#2535,#2534));
#5194=IFCFACEOUTERBOUND(#5193,.T.);
#5195=IFCFACE((#5194));
#5196=IFCPOLYLOOP((#2279,#2534,#2541));
#5197=IFCFACEOUTERBOUND(#5196,.T.);
#5198=IFCFACE((#5197));
#5199=IFCPOLYLOOP((#2279,#2541,#2330));
#5200=IFCFACEOUTERBOUND(#5199,.T.);
#5201=IFCFACE((#5200));
#5202=IFCPOLYLOOP((#2276,#2807,#2802));
#5203=IFCFACEOUTERBOUND(#5202,.T.);
#5204=IFCFACE((#5203));
#5205=IFCPOLYLOOP((#2276,#2802,#2820));
#5206=IFCFACEOUTERBOUND(#5205,.T.);
#5207=IFCFACE((#5206));
#5208=IFCPOLYLOOP((#2276,#2820,#2796));
#5209=IFCFACEOUTERBOUND(#5208,.T.);
#5210=IFCFACE((#5209));
#5211=IFCPOLYLOOP((#2276,#2796,#2815));
#5212=IFCFACEOUTERBOUND(#5211,.T.);
#5213=IFCFACE((#5212));
#5214=IFCPOLYLOOP((#2276,#2815,#2801));
#5215=IFCFACEOUTERBOUND(#5214,.T.);
#5216=IFCFACE((#5215));
#5217=IFCPOLYLOOP((#2276,#2801,#2824));
#5218=IFCFACEOUTERBOUND(#5217,.T.);
#5219=IFCFACE((#5218));
#5220=IFCPOLYLOOP((#2276,#2824,#2800));
#5221=IFCFACEOUTERBOUND(#5220,.T.);
#5222=IFCFACE((#5221));
#5223=IFCPOLYLOOP((#2276,#2800,#2805));
#5224=IFCFACEOUTERBOUND(#5223,.T.);
#5225=IFCFACE((#5224));
#5226=IFCPOLYLOOP((#2276,#2805,#2804));
#5227=IFCFACEOUTERBOUND(#5226,.T.);
#5228=IFCFACE((#5227));
#5229=IFCPOLYLOOP((#2276,#2804,#2811));
#5230=IFCFACEOUTERBOUND(#5229,.T.);
#5231=IFCFACE((#5230));
#5232=IFCPOLYLOOP((#2276,#2811,#2610));
#5233=IFCFACEOUTERBOUND(#5232,.T.);
#5234=IFCFACE((#5233));
#5235=IFCPOLYLOOP((#2329,#2292,#2289));
#5236=IFCFACEOUTERBOUND(#5235,.T.);
#5237=IFCFACE((#5236));
#5238=IFCPOLYLOOP((#2329,#2289,#2301));
#5239=IFCFACEOUTERBOUND(#5238,.T.);
#5240=IFCFACE((#5239));
#5241=IFCPOLYLOOP((#2329,#2301,#2281));
#5242=IFCFACEOUTERBOUND(#5241,.T.);
#5243=IFCFACE((#5242));
#5244=IFCPOLYLOOP((#2329,#2281,#2295));
#5245=IFCFACEOUTERBOUND(#5244,.T.);
#5246=IFCFACE((#5245));
#5247=IFCPOLYLOOP((#2329,#2295,#2294));
#5248=IFCFACEOUTERBOUND(#5247,.T.);
#5249=IFCFACE((#5248));
#5250=IFCPOLYLOOP((#2329,#2294,#2319));
#5251=IFCFACEOUTERBOUND(#5250,.T.);
#5252=IFCFACE((#5251));
#5253=IFCPOLYLOOP((#2329,#2319,#2280));
#5254=IFCFACEOUTERBOUND(#5253,.T.);
#5255=IFCFACE((#5254));
#5256=IFCPOLYLOOP((#2329,#2280,#2307));
#5257=IFCFACEOUTERBOUND(#5256,.T.);
#5258=IFCFACE((#5257));
#5259=IFCPOLYLOOP((#2329,#2307,#2296));
#5260=IFCFACEOUTERBOUND(#5259,.T.);
#5261=IFCFACE((#5260));
#5262=IFCPOLYLOOP((#2329,#2296,#2302));
#5263=IFCFACEOUTERBOUND(#5262,.T.);
#5264=IFCFACE((#5263));
#5265=IFCPOLYLOOP((#2329,#2302,#2282));
#5266=IFCFACEOUTERBOUND(#5265,.T.);
#5267=IFCFACE((#5266));
#5268=IFCPOLYLOOP((#2329,#2282,#2309));
#5269=IFCFACEOUTERBOUND(#5268,.T.);
#5270=IFCFACE((#5269));
#5271=IFCPOLYLOOP((#2329,#2309,#2286));
#5272=IFCFACEOUTERBOUND(#5271,.T.);
#5273=IFCFACE((#5272));
#5274=IFCPOLYLOOP((#2329,#2286,#2299));
#5275=IFCFACEOUTERBOUND(#5274,.T.);
#5276=IFCFACE((#5275));
#5277=IFCPOLYLOOP((#2329,#2299,#2279));
#5278=IFCFACEOUTERBOUND(#5277,.T.);
#5279=IFCFACE((#5278));
#5280=IFCPOLYLOOP((#2803,#2808,#2812));
#5281=IFCFACEOUTERBOUND(#5280,.T.);
#5282=IFCFACE((#5281));
#5283=IFCPOLYLOOP((#2824,#2823,#2819));
#5284=IFCFACEOUTERBOUND(#5283,.T.);
#5285=IFCFACE((#5284));
#5286=IFCPOLYLOOP((#2813,#2825,#2806));
#5287=IFCFACEOUTERBOUND(#5286,.T.);
#5288=IFCFACE((#5287));
#5289=IFCPOLYLOOP((#2819,#2798,#2817));
#5290=IFCFACEOUTERBOUND(#5289,.T.);
#5291=IFCFACE((#5290));
#5292=IFCPOLYLOOP((#2799,#2813,#2806));
#5293=IFCFACEOUTERBOUND(#5292,.T.);
#5294=IFCFACE((#5293));
#5295=IFCPOLYLOOP((#2816,#2820,#2813));
#5296=IFCFACEOUTERBOUND(#5295,.T.);
#5297=IFCFACE((#5296));
#5298=IFCPOLYLOOP((#2328,#2810,#2825));
#5299=IFCFACEOUTERBOUND(#5298,.T.);
#5300=IFCFACE((#5299));
#5301=IFCPOLYLOOP((#2809,#2817,#2798));
#5302=IFCFACEOUTERBOUND(#5301,.T.);
#5303=IFCFACE((#5302));
#5304=IFCPOLYLOOP((#2800,#2817,#2805));
#5305=IFCFACEOUTERBOUND(#5304,.T.);
#5306=IFCFACE((#5305));
#5307=IFCPOLYLOOP((#2797,#2823,#2818));
#5308=IFCFACEOUTERBOUND(#5307,.T.);
#5309=IFCFACE((#5308));
#5310=IFCPOLYLOOP((#2816,#2813,#2799));
#5311=IFCFACEOUTERBOUND(#5310,.T.);
#5312=IFCFACE((#5311));
#5313=IFCPOLYLOOP((#2803,#2812,#2821));
#5314=IFCFACEOUTERBOUND(#5313,.T.);
#5315=IFCFACE((#5314));
#5316=IFCPOLYLOOP((#2804,#2805,#2821));
#5317=IFCFACEOUTERBOUND(#5316,.T.);
#5318=IFCFACE((#5317));
#5319=IFCPOLYLOOP((#2805,#2817,#2821));
#5320=IFCFACEOUTERBOUND(#5319,.T.);
#5321=IFCFACE((#5320));
#5322=IFCPOLYLOOP((#2329,#2328,#2825));
#5323=IFCFACEOUTERBOUND(#5322,.T.);
#5324=IFCFACE((#5323));
#5325=IFCPOLYLOOP((#2611,#2610,#2811));
#5326=IFCFACEOUTERBOUND(#5325,.T.);
#5327=IFCFACE((#5326));
#5328=IFCPOLYLOOP((#2804,#2812,#2811));
#5329=IFCFACEOUTERBOUND(#5328,.T.);
#5330=IFCFACE((#5329));
#5331=IFCPOLYLOOP((#2808,#2612,#2611));
#5332=IFCFACEOUTERBOUND(#5331,.T.);
#5333=IFCFACE((#5332));
#5334=IFCPOLYLOOP((#2328,#2327,#2810));
#5335=IFCFACEOUTERBOUND(#5334,.T.);
#5336=IFCFACE((#5335));
#5337=IFCPOLYLOOP((#2813,#2802,#2825));
#5338=IFCFACEOUTERBOUND(#5337,.T.);
#5339=IFCFACE((#5338));
#5340=IFCPOLYLOOP((#2811,#2812,#2611));
#5341=IFCFACEOUTERBOUND(#5340,.T.);
#5342=IFCFACE((#5341));
#5343=IFCPOLYLOOP((#2611,#2812,#2808));
#5344=IFCFACEOUTERBOUND(#5343,.T.);
#5345=IFCFACE((#5344));
#5346=IFCPOLYLOOP((#2802,#2813,#2820));
#5347=IFCFACEOUTERBOUND(#5346,.T.);
#5348=IFCFACE((#5347));
#5349=IFCPOLYLOOP((#2825,#2802,#2807,#2329));
#5350=IFCFACEOUTERBOUND(#5349,.T.);
#5351=IFCFACE((#5350));
#5352=IFCPOLYLOOP((#2799,#2814,#2816));
#5353=IFCFACEOUTERBOUND(#5352,.T.);
#5354=IFCFACE((#5353));
#5355=IFCPOLYLOOP((#2815,#2818,#2823));
#5356=IFCFACEOUTERBOUND(#5355,.T.);
#5357=IFCFACE((#5356));
#5358=IFCPOLYLOOP((#2796,#2818,#2815));
#5359=IFCFACEOUTERBOUND(#5358,.T.);
#5360=IFCFACE((#5359));
#5361=IFCPOLYLOOP((#2818,#2816,#2814));
#5362=IFCFACEOUTERBOUND(#5361,.T.);
#5363=IFCFACE((#5362));
#5364=IFCPOLYLOOP((#2817,#2800,#2819));
#5365=IFCFACEOUTERBOUND(#5364,.T.);
#5366=IFCFACE((#5365));
#5367=IFCPOLYLOOP((#2809,#2803,#2821));
#5368=IFCFACEOUTERBOUND(#5367,.T.);
#5369=IFCFACE((#5368));
#5370=IFCPOLYLOOP((#2816,#2818,#2796));
#5371=IFCFACEOUTERBOUND(#5370,.T.);
#5372=IFCFACE((#5371));
#5373=IFCPOLYLOOP((#2797,#2818,#2814));
#5374=IFCFACEOUTERBOUND(#5373,.T.);
#5375=IFCFACE((#5374));
#5376=IFCPOLYLOOP((#2823,#2824,#2801,#2815));
#5377=IFCFACEOUTERBOUND(#5376,.T.);
#5378=IFCFACE((#5377));
#5379=IFCPOLYLOOP((#2819,#2823,#2822));
#5380=IFCFACEOUTERBOUND(#5379,.T.);
#5381=IFCFACE((#5380));
#5382=IFCPOLYLOOP((#2816,#2796,#2820));
#5383=IFCFACEOUTERBOUND(#5382,.T.);
#5384=IFCFACE((#5383));
#5385=IFCPOLYLOOP((#2821,#2812,#2804));
#5386=IFCFACEOUTERBOUND(#5385,.T.);
#5387=IFCFACE((#5386));
#5388=IFCPOLYLOOP((#2809,#2821,#2817));
#5389=IFCFACEOUTERBOUND(#5388,.T.);
#5390=IFCFACE((#5389));
#5391=IFCPOLYLOOP((#2822,#2823,#2797));
#5392=IFCFACEOUTERBOUND(#5391,.T.);
#5393=IFCFACE((#5392));
#5394=IFCPOLYLOOP((#2822,#2798,#2819));
#5395=IFCFACEOUTERBOUND(#5394,.T.);
#5396=IFCFACE((#5395));
#5397=IFCPOLYLOOP((#2819,#2800,#2824));
#5398=IFCFACEOUTERBOUND(#5397,.T.);
#5399=IFCFACE((#5398));
#5400=IFCPOLYLOOP((#2825,#2810,#2806));
#5401=IFCFACEOUTERBOUND(#5400,.T.);
#5402=IFCFACE((#5401));
#5403=IFCPOLYLOOP((#2787,#2612,#2808,#2803,#2809,#2798,#2822,#2797,#2814,#2799,#2806,#2810,#2327,#2507));
#5404=IFCFACEOUTERBOUND(#5403,.T.);
#5405=IFCFACE((#5404));
#5406=IFCCARTESIANPOINT((202.399999999991,200.,1212.6));
#5407=IFCCARTESIANPOINT((202.399999999991,180.,1212.6));
#5408=IFCCARTESIANPOINT((202.399999999991,180.,1847.6));
#5409=IFCCARTESIANPOINT((202.399999999991,200.,1847.6));
#5410=IFCCARTESIANPOINT((214.399999999991,179.,1224.6));
#5411=IFCCARTESIANPOINT((214.399999999991,200.,1224.6));
#5412=IFCCARTESIANPOINT((214.399999999991,200.,1835.6));
#5413=IFCCARTESIANPOINT((214.399999999991,179.,1835.6));
#5414=IFCCARTESIANPOINT((209.399999999991,174.,1219.6));
#5415=IFCCARTESIANPOINT((212.935533905924,175.464466094072,1223.13553390593));
#5416=IFCCARTESIANPOINT((212.935533905924,175.464466094072,1837.06446609407));
#5417=IFCCARTESIANPOINT((209.399999999991,174.,1840.6));
#5418=IFCCARTESIANPOINT((209.399999999991,174.,1531.90754299843));
#5419=IFCCARTESIANPOINT((209.399999999991,174.,1375.75376399835));
#5420=IFCCARTESIANPOINT((209.399999999991,174.,1684.44623600165));
#5421=IFCCARTESIANPOINT((214.399999999991,179.,1530.09999819546));
#5422=IFCCARTESIANPOINT((214.399999999991,179.,1377.34999729319));
#5423=IFCCARTESIANPOINT((214.399999999991,179.,1682.84999909773));
#5424=IFCCARTESIANPOINT((209.399999999991,174.,1762.52311049996));
#5425=IFCCARTESIANPOINT((214.399999999991,179.,1759.22499954886));
#5426=IFCCARTESIANPOINT((214.399999999991,179.,1796.56155566704));
#5427=IFCCARTESIANPOINT((209.399999999991,174.,1297.67688950004));
#5428=IFCCARTESIANPOINT((214.399999999991,179.,1300.97500045114));
#5429=IFCCARTESIANPOINT((214.399999999991,179.,1339.16249887216));
#5430=IFCCARTESIANPOINT((209.399999999991,174.,1258.63843724916));
#5431=IFCCARTESIANPOINT((214.399999999991,179.,1453.72499774432));
#5432=IFCCARTESIANPOINT((209.399999999991,174.,1453.83065349839));
#5433=IFCCARTESIANPOINT((209.399999999991,174.,1414.79221624923));
#5434=IFCCARTESIANPOINT((209.399999999991,174.,1608.17688950004));
#5435=IFCCARTESIANPOINT((214.399999999991,179.,1606.47499864659));
#5436=IFCCARTESIANPOINT((214.399999999991,179.,1644.66249706762));
#5437=IFCCARTESIANPOINT((209.399999999991,174.,1801.56156275084));
#5438=IFCCARTESIANPOINT((214.399999999991,179.,1262.78749842103));
#5439=IFCCARTESIANPOINT((209.399999999991,174.,1336.71532674919));
#5440=IFCCARTESIANPOINT((209.399999999991,174.,1646.31156275084));
#5441=IFCCARTESIANPOINT((212.881634426114,175.411376068351,1627.24422416829));
#5442=IFCCARTESIANPOINT((212.971353763622,175.50065259013,1657.76460584313));
#5443=IFCCARTESIANPOINT((212.906182086677,175.435355953961,1597.66727911693));
#5444=IFCCARTESIANPOINT((214.399999999991,179.,1568.28750022557));
#5445=IFCCARTESIANPOINT((209.399999999991,174.,1570.04221624923));
#5446=IFCCARTESIANPOINT((213.03392892005,175.565679018507,1777.89327922382));
#5447=IFCCARTESIANPOINT((209.399999999991,174.,1723.48467325081));
#5448=IFCCARTESIANPOINT((212.849910579482,175.380867922626,1746.44622481338));
#5449=IFCCARTESIANPOINT((214.399999999991,179.,1721.03750112784));
#5450=IFCCARTESIANPOINT((213.006078150632,175.536446857426,1807.07686746465));
#5451=IFCCARTESIANPOINT((212.987083483149,175.516778490418,1358.25625488157));
#5452=IFCCARTESIANPOINT((212.900765138417,175.430035932178,1388.74125906469));
#5453=IFCCARTESIANPOINT((214.399999999991,179.,1415.5374993233));
#5454=IFCCARTESIANPOINT((212.93193456611,175.460870414831,1434.63125414424));
#5455=IFCCARTESIANPOINT((212.974893785069,175.50426911428,1328.8432130467));
#5456=IFCCARTESIANPOINT((212.937565451513,175.466498807675,1464.59342877158));
#5457=IFCCARTESIANPOINT((209.399999999991,174.,1492.86909074754));
#5458=IFCCARTESIANPOINT((214.399999999991,179.,1491.91249616535));
#5459=IFCCARTESIANPOINT((212.967058503426,175.496274321093,1511.00625338376));
#5460=IFCCARTESIANPOINT((212.966082130881,175.495280576749,1540.54910697231));
#5461=IFCCARTESIANPOINT((212.987083521732,175.51677853015,1701.94375147661));
#5462=IFCCARTESIANPOINT((213.036352030214,175.568244776757,1281.88125525031));
#5463=IFCCARTESIANPOINT((212.993794771024,175.523703242866,1252.75011968614));
#5464=IFCCARTESIANPOINT((212.937228178472,175.466161178926,1569.70796940423));
#5465=IFCCARTESIANPOINT((194.399999999991,176.,1204.6));
#5466=IFCCARTESIANPOINT((194.985786437618,174.585786437632,1205.18578643763));
#5467=IFCCARTESIANPOINT((196.399999999991,174.,1206.6));
#5468=IFCCARTESIANPOINT((196.399999999991,174.,1853.6));
#5469=IFCCARTESIANPOINT((194.985786437618,174.585786437632,1855.01421356237));
#5470=IFCCARTESIANPOINT((194.399999999991,176.,1855.6));
#5471=IFCCARTESIANPOINT((194.399999999991,176.,1530.1));
#5472=IFCCARTESIANPOINT((194.399999999991,176.,1367.35000197034));
#5473=IFCCARTESIANPOINT((194.399999999991,176.,1692.84999802966));
#5474=IFCCARTESIANPOINT((196.399999999991,174.,1530.09999819723));
#5475=IFCCARTESIANPOINT((196.399999999991,174.,1368.34999909862));
#5476=IFCCARTESIANPOINT((196.399999999991,174.,1691.84999729585));
#5477=IFCCARTESIANPOINT((196.399999999991,174.,1772.72500045069));
#5478=IFCCARTESIANPOINT((194.399999999991,176.,1774.22500098517));
#5479=IFCCARTESIANPOINT((194.399999999991,176.,1733.53749950742));
#5480=IFCCARTESIANPOINT((196.399999999991,174.,1732.28749887327));
#5481=IFCCARTESIANPOINT((196.399999999991,174.,1287.47499954931));
#5482=IFCCARTESIANPOINT((194.399999999991,176.,1285.97499901483));
#5483=IFCCARTESIANPOINT((194.399999999991,176.,1253.98015975813));
#5484=IFCCARTESIANPOINT((196.399999999991,174.,1247.03749797189));
#5485=IFCCARTESIANPOINT((196.399999999991,174.,1610.97499774654));
#5486=IFCCARTESIANPOINT((194.399999999991,176.,1611.47499901483));
#5487=IFCCARTESIANPOINT((194.399999999991,176.,1570.78749753708));
#5488=IFCCARTESIANPOINT((196.399999999991,174.,1570.53749616912));
#5489=IFCCARTESIANPOINT((196.399999999991,174.,1449.22499864792));
#5490=IFCCARTESIANPOINT((194.399999999991,176.,1448.72500098517));
#5491=IFCCARTESIANPOINT((194.399999999991,176.,1408.03749950742));
#5492=IFCCARTESIANPOINT((196.399999999991,174.,1408.7874970705));
#5493=IFCCARTESIANPOINT((196.399999999991,174.,1813.16249842258));
#5494=IFCCARTESIANPOINT((194.399999999991,176.,1814.91249852225));
#5495=IFCCARTESIANPOINT((194.399999999991,176.,1794.56874975371));
#5496=IFCCARTESIANPOINT((194.399999999991,176.,1229.2900818494));
#5497=IFCCARTESIANPOINT((196.399999999991,174.,1226.81874898594));
#5498=IFCCARTESIANPOINT((194.399999999991,176.,1830.9099181506));
#5499=IFCCARTESIANPOINT((196.399999999991,174.,1833.38124740852));
#5500=IFCCARTESIANPOINT((196.399999999991,174.,1327.91250112673));
#5501=IFCCARTESIANPOINT((194.399999999991,176.,1326.66250049258));
#5502=IFCCARTESIANPOINT((194.399999999991,176.,1306.31875172404));
#5503=IFCCARTESIANPOINT((196.399999999991,174.,1651.41249932396));
#5504=IFCCARTESIANPOINT((194.399999999991,176.,1652.16250049258));
#5505=IFCCARTESIANPOINT((194.399999999991,176.,1631.81874778337));
#5506=IFCCARTESIANPOINT((194.399999999991,176.,1489.41250246292));
#5507=IFCCARTESIANPOINT((196.399999999991,174.,1489.66250022535));
#5508=IFCCARTESIANPOINT((196.399999999991,174.,1509.88124921129));
#5509=IFCCARTESIANPOINT((194.399999999991,176.,1216.94504289504));
#5510=IFCCARTESIANPOINT((194.399999999991,176.,1843.25495710496));
#5511=IFCCARTESIANPOINT((196.399999999991,174.,1218.94504028488));
#5512=IFCCARTESIANPOINT((194.942579145641,174.630356085221,1222.88189511602));
#5513=IFCCARTESIANPOINT((196.399999999991,174.,1236.92812347892));
#5514=IFCCARTESIANPOINT((194.399999999991,176.,1241.63512080376));
#5515=IFCCARTESIANPOINT((195.043425708337,174.53040611351,1241.9828135321));
#5516=IFCCARTESIANPOINT((196.399999999991,174.,1841.25495971512));
#5517=IFCCARTESIANPOINT((194.942579104154,174.630356129367,1837.31810534916));
#5518=IFCCARTESIANPOINT((195.067418003551,174.508616339519,1823.04309149426));
#5519=IFCCARTESIANPOINT((196.399999999991,174.,1267.25624695783));
#5520=IFCCARTESIANPOINT((195.108796177133,174.472651746385,1254.33873050595));
#5521=IFCCARTESIANPOINT((194.399999999991,176.,1269.97757938648));
#5522=IFCCARTESIANPOINT((194.399999999991,176.,1591.13125024629));
#5523=IFCCARTESIANPOINT((196.399999999991,174.,1590.75624515506));
#5524=IFCCARTESIANPOINT((196.399999999991,174.,1550.31874718318));
#5525=IFCCARTESIANPOINT((194.399999999991,176.,1550.44374876854));
#5526=IFCCARTESIANPOINT((194.399999999991,176.,1469.06874975371));
#5527=IFCCARTESIANPOINT((196.399999999991,174.,1469.4437512394));
#5528=IFCCARTESIANPOINT((196.399999999991,174.,1712.06874628179));
#5529=IFCCARTESIANPOINT((194.399999999991,176.,1713.19375073888));
#5530=IFCCARTESIANPOINT((194.399999999991,176.,1387.69375073888));
#5531=IFCCARTESIANPOINT((196.399999999991,174.,1388.56874808456));
#5532=IFCCARTESIANPOINT((196.399999999991,174.,1429.00624605645));
#5533=IFCCARTESIANPOINT((194.399999999991,176.,1428.38125221663));
#5534=IFCCARTESIANPOINT((196.399999999991,174.,1348.13125011267));
#5535=IFCCARTESIANPOINT((194.399999999991,176.,1347.00624926112));
#5536=IFCCARTESIANPOINT((194.399999999991,176.,1672.50624926112));
#5537=IFCCARTESIANPOINT((196.399999999991,174.,1671.63124830991));
#5538=IFCCARTESIANPOINT((196.399999999991,174.,1752.50625146475));
#5539=IFCCARTESIANPOINT((194.399999999991,176.,1753.88124827596));
#5540=IFCCARTESIANPOINT((195.04531432744,174.52866498425,1277.97629193496));
#5541=IFCCARTESIANPOINT((196.399999999991,174.,1257.14687246486));
#5542=IFCCARTESIANPOINT((194.967468436174,174.604344842501,1289.49002996048));
#5543=IFCCARTESIANPOINT((196.399999999991,174.,1307.69375214079));
#5544=IFCCARTESIANPOINT((196.399999999991,174.,1297.58437404228));
#5545=IFCCARTESIANPOINT((195.012732698227,174.5593440961,1302.63906488741));
#5546=IFCCARTESIANPOINT((194.995891552294,174.575753017524,1317.29753303348));
#5547=IFCCARTESIANPOINT((194.399999999991,176.,1296.14687536944));
#5548=IFCCARTESIANPOINT((194.961101053864,174.610910433838,1266.55826540906));
#5549=IFCCARTESIANPOINT((194.967060760685,174.604763412018,1811.61437263609));
#5550=IFCCARTESIANPOINT((196.399999999991,174.,1792.94374943663));
#5551=IFCCARTESIANPOINT((196.399999999991,174.,1803.05312392961));
#5552=IFCCARTESIANPOINT((195.01676275368,174.555474223004,1797.99843783507));
#5553=IFCCARTESIANPOINT((194.999545131594,174.572160316573,1783.41983592365));
#5554=IFCCARTESIANPOINT((194.399999999991,176.,1804.74062216764));
#5555=IFCCARTESIANPOINT((196.399999999991,174.,1631.19375033802));
#5556=IFCCARTESIANPOINT((195.013267914267,174.558828905921,1641.30312616826));
#5557=IFCCARTESIANPOINT((194.399999999991,176.,1509.75625123146));
#5558=IFCCARTESIANPOINT((196.399999999991,174.,1823.27187291555));
#5559=IFCCARTESIANPOINT((194.963904400001,174.608012418275,1601.30312647563));
#5560=IFCCARTESIANPOINT((194.969239386443,174.602529403993,1580.95937659415));
#5561=IFCCARTESIANPOINT((194.985786376054,174.585786499196,1540.20937669565));
#5562=IFCCARTESIANPOINT((194.991380559114,174.580214357458,1560.42812659155));
#5563=IFCCARTESIANPOINT((194.963904394278,174.608012424179,1458.89687728299));
#5564=IFCCARTESIANPOINT((194.996926663036,174.57473328422,1479.55312699848));
#5565=IFCCARTESIANPOINT((195.029145503717,174.543717764295,1701.95937584663));
#5566=IFCCARTESIANPOINT((195.03433117326,174.53885365015,1722.17812573895));
#5567=IFCCARTESIANPOINT((194.943448364892,174.629431747677,1377.5218776677));
#5568=IFCCARTESIANPOINT((195.018613030608,174.553704718668,1398.67812735509));
#5569=IFCCARTESIANPOINT((195.007871200048,174.564041294342,1439.11562718766));
#5570=IFCCARTESIANPOINT((194.95350103663,174.618826314694,1418.20937749126));
#5571=IFCCARTESIANPOINT((195.029145468399,174.543717797541,1358.24062747343));
#5572=IFCCARTESIANPOINT((194.93374066989,174.639822226002,1336.83437776557));
#5573=IFCCARTESIANPOINT((194.943448379674,174.629431731967,1682.67812599688));
#5574=IFCCARTESIANPOINT((194.948431238479,174.624155484588,1662.3343761171));
#5575=IFCCARTESIANPOINT((195.039462096112,174.534074827252,1742.3968756311));
#5576=IFCCARTESIANPOINT((195.044537505,174.5293805983,1762.61562552311));
#5577=IFCCARTESIANPOINT((196.399999999991,174.,1277.36562505634));
#5578=IFCCARTESIANPOINT((194.399999999991,176.,1316.49062807865));
#5579=IFCCARTESIANPOINT((196.399999999991,174.,1317.80312663376));
#5580=IFCCARTESIANPOINT((194.399999999991,176.,1784.39687733977));
#5581=IFCCARTESIANPOINT((196.399999999991,174.,1782.83437494366));
#5582=IFCCARTESIANPOINT((194.958658529618,174.613445000813,1621.64687635655));
#5583=IFCCARTESIANPOINT((196.399999999991,174.,1641.30312483099));
#5584=IFCCARTESIANPOINT((194.399999999991,176.,1641.99062413798));
#5585=IFCCARTESIANPOINT((194.985786360819,174.58578651443,1519.9906267984));
#5586=IFCCARTESIANPOINT((194.9746642231,174.596996819996,1499.58437705976));
#5587=IFCCARTESIANPOINT((194.399999999991,176.,1601.3031266009));
#5588=IFCCARTESIANPOINT((196.399999999991,174.,1600.86562325357));
#5589=IFCCARTESIANPOINT((194.399999999991,176.,1580.95937389169));
#5590=IFCCARTESIANPOINT((196.399999999991,174.,1580.64687066209));
#5591=IFCCARTESIANPOINT((195.083052203691,174.494792870797,1591.1343088244));
#5592=IFCCARTESIANPOINT((196.399999999991,174.,1540.2093726902));
#5593=IFCCARTESIANPOINT((194.399999999991,176.,1540.27187635461));
#5594=IFCCARTESIANPOINT((196.399999999991,174.,1560.42812167615));
#5595=IFCCARTESIANPOINT((195.074857283727,174.502002409375,1570.70383869544));
#5596=IFCCARTESIANPOINT((194.399999999991,176.,1560.61562118247));
#5597=IFCCARTESIANPOINT((194.888645822467,174.690111245156,1550.32164867043));
#5598=IFCCARTESIANPOINT((194.399999999991,176.,1458.8968733991));
#5599=IFCCARTESIANPOINT((196.399999999991,174.,1459.3343731409));
#5600=IFCCARTESIANPOINT((196.399999999991,174.,1479.55312573237));
#5601=IFCCARTESIANPOINT((194.399999999991,176.,1479.24062610831));
#5602=IFCCARTESIANPOINT((194.906653390907,174.6696181356,1469.2373607625));
#5603=IFCCARTESIANPOINT((196.399999999991,174.,1701.95937178882));
#5604=IFCCARTESIANPOINT((194.399999999991,176.,1703.02187438427));
#5605=IFCCARTESIANPOINT((196.399999999991,174.,1722.1781243803));
#5606=IFCCARTESIANPOINT((194.399999999991,176.,1723.36562709348));
#5607=IFCCARTESIANPOINT((194.887974962139,174.690885686849,1712.07244632574));
#5608=IFCCARTESIANPOINT((194.399999999991,176.,1377.52187832494));
#5609=IFCCARTESIANPOINT((196.399999999991,174.,1378.45937359159));
#5610=IFCCARTESIANPOINT((196.399999999991,174.,1398.67812257753));
#5611=IFCCARTESIANPOINT((194.399999999991,176.,1397.86562315281));
#5612=IFCCARTESIANPOINT((194.928678056522,174.645300129677,1388.11916351628));
#5613=IFCCARTESIANPOINT((196.399999999991,174.,1439.11562415495));
#5614=IFCCARTESIANPOINT((194.399999999991,176.,1438.55312857123));
#5615=IFCCARTESIANPOINT((194.399999999991,176.,1418.20937586202));
#5616=IFCCARTESIANPOINT((196.399999999991,174.,1418.89687156348));
#5617=IFCCARTESIANPOINT((195.056954954658,174.518031712151,1428.64271128561));
#5618=IFCCARTESIANPOINT((196.399999999991,174.,1358.24062460564));
#5619=IFCCARTESIANPOINT((194.399999999991,176.,1357.17812561573));
#5620=IFCCARTESIANPOINT((194.399999999991,176.,1336.83437290652));
#5621=IFCCARTESIANPOINT((196.399999999991,174.,1338.0218756197));
#5622=IFCCARTESIANPOINT((195.033047619317,174.540054388357,1347.5140937421));
#5623=IFCCARTESIANPOINT((194.399999999991,176.,1682.67812167506));
#5624=IFCCARTESIANPOINT((196.399999999991,174.,1681.74062280288));
#5625=IFCCARTESIANPOINT((194.399999999991,176.,1662.33437684719));
#5626=IFCCARTESIANPOINT((194.923101935131,174.651381408255,1651.8003126666));
#5627=IFCCARTESIANPOINT((196.399999999991,174.,1661.52187381693));
#5628=IFCCARTESIANPOINT((195.083504348322,174.49439739668,1672.50970063981));
#5629=IFCCARTESIANPOINT((196.399999999991,174.,1742.39687336624));
#5630=IFCCARTESIANPOINT((194.399999999991,176.,1743.70937192135));
#5631=IFCCARTESIANPOINT((194.887404920157,174.691544374291,1732.29128442124));
#5632=IFCCARTESIANPOINT((196.399999999991,174.,1762.61562595772));
#5633=IFCCARTESIANPOINT((195.064196380542,174.51150119575,1773.0264361419));
#5634=IFCCARTESIANPOINT((194.399999999991,176.,1764.05312463056));
#5635=IFCCARTESIANPOINT((194.886728864571,174.692326313375,1752.51011972801));
#5636=IFCCARTESIANPOINT((194.399999999991,176.,1621.64687142877));
#5637=IFCCARTESIANPOINT((194.891942801918,174.68631682384,1611.4730734091));
#5638=IFCCARTESIANPOINT((196.399999999991,174.,1621.08437223951));
#5639=IFCCARTESIANPOINT((196.399999999991,174.,1519.99062370426));
#5640=IFCCARTESIANPOINT((195.090318608329,174.488466125977,1530.10000173626));
#5641=IFCCARTESIANPOINT((194.399999999991,176.,1519.92812364539));
#5642=IFCCARTESIANPOINT((194.399999999991,176.,1499.58437881753));
#5643=IFCCARTESIANPOINT((196.399999999991,174.,1499.77187471832));
#5644=IFCCARTESIANPOINT((195.080817949834,174.496750613328,1509.78208956126));
#5645=IFCCARTESIANPOINT((194.399999999991,180.,1204.6));
#5646=IFCCARTESIANPOINT((194.399999999991,180.,1855.6));
#5647=IFCCARTESIANPOINT((329.399999999991,180.,1847.6));
#5648=IFCCARTESIANPOINT((329.399999999991,200.,1847.6));
#5649=IFCCARTESIANPOINT((317.399999999991,200.,1835.6));
#5650=IFCCARTESIANPOINT((317.399999999991,179.,1835.6));
#5651=IFCCARTESIANPOINT((318.864466094058,175.464466094072,1837.06446609407));
#5652=IFCCARTESIANPOINT((322.399999999991,174.,1840.6));
#5653=IFCCARTESIANPOINT((278.361556760756,179.,1835.6));
#5654=IFCCARTESIANPOINT((265.90000057703,174.,1840.6));
#5655=IFCCARTESIANPOINT((253.438443961326,179.,1835.6));
#5656=IFCCARTESIANPOINT((265.900002405564,175.605201794767,1836.92912201977));
#5657=IFCCARTESIANPOINT((248.43844485853,174.,1840.6));
#5658=IFCCARTESIANPOINT((283.361556295529,174.,1840.6));
#5659=IFCCARTESIANPOINT((239.302021379952,176.006614131312,1836.59504793523));
#5660=IFCCARTESIANPOINT((292.497981786249,176.006614186641,1836.59504789387));
#5661=IFCCARTESIANPOINT((335.399999999991,174.,1853.6));
#5662=IFCCARTESIANPOINT((336.814213562364,174.585786437632,1855.01421356237));
#5663=IFCCARTESIANPOINT((337.399999999991,176.,1855.6));
#5664=IFCCARTESIANPOINT((286.019841054375,174.,1853.6));
#5665=IFCCARTESIANPOINT((265.899999999991,176.,1855.6));
#5666=IFCCARTESIANPOINT((243.780159340861,176.,1855.6));
#5667=IFCCARTESIANPOINT((301.6500005072,176.,1855.6));
#5668=IFCCARTESIANPOINT((241.209919926572,174.,1853.6));
#5669=IFCCARTESIANPOINT((263.614880490474,174.,1853.6));
#5670=IFCCARTESIANPOINT((310.709921127794,174.,1853.6));
#5671=IFCCARTESIANPOINT((219.090079670426,176.,1855.6));
#5672=IFCCARTESIANPOINT((218.804959362671,174.,1853.6));
#5673=IFCCARTESIANPOINT((230.007439644621,174.,1853.6));
#5674=IFCCARTESIANPOINT((312.709921343974,176.,1855.6));
#5675=IFCCARTESIANPOINT((323.054959963282,174.,1853.6));
#5676=IFCCARTESIANPOINT((206.745039835208,176.,1855.6));
#5677=IFCCARTESIANPOINT((231.435119505643,176.,1855.6));
#5678=IFCCARTESIANPOINT((325.054960164773,176.,1855.6));
#5679=IFCCARTESIANPOINT((208.7450400367,174.,1853.6));
#5680=IFCCARTESIANPOINT((213.77500044304,174.592358039256,1855.02075476784));
#5681=IFCCARTESIANPOINT((307.17996058562,174.626632212534,1855.05391228083));
#5682=IFCCARTESIANPOINT((283.775000760804,176.,1855.6));
#5683=IFCCARTESIANPOINT((274.817360772424,174.,1853.6));
#5684=IFCCARTESIANPOINT((293.538561095664,174.606528821992,1855.03465608285));
#5685=IFCCARTESIANPOINT((235.608681341404,174.555108617207,1854.9828553402));
#5686=IFCCARTESIANPOINT((280.418601929922,174.541802062658,1854.96881656021));
#5687=IFCCARTESIANPOINT((248.264933728376,174.521417090414,1854.94677116819));
#5688=IFCCARTESIANPOINT((298.364881091084,174.,1853.6));
#5689=IFCCARTESIANPOINT((224.722645798713,174.759510218065,1855.16881646501));
#5690=IFCCARTESIANPOINT((254.840079163217,176.,1855.6));
#5691=IFCCARTESIANPOINT((260.370040600262,174.631052770563,1855.05807526658));
#5692=IFCCARTESIANPOINT((252.412400208523,174.,1853.6));
#5693=IFCCARTESIANPOINT((325.500098335448,174.572995692067,1855.00130607118));
#5694=IFCCARTESIANPOINT((337.399999999991,180.,1855.6));
#5695=IFCCARTESIANPOINT((329.399999999991,180.,1212.6));
#5696=IFCCARTESIANPOINT((329.399999999991,200.,1212.6));
#5697=IFCCARTESIANPOINT((317.399999999991,200.,1224.6));
#5698=IFCCARTESIANPOINT((317.399999999991,179.,1224.6));
#5699=IFCCARTESIANPOINT((318.864466094058,175.464466094072,1223.13553390593));
#5700=IFCCARTESIANPOINT((322.399999999991,174.,1219.6));
#5701=IFCCARTESIANPOINT((322.399999999991,174.,1528.29245059235));
#5702=IFCCARTESIANPOINT((322.399999999991,174.,1684.44622529618));
#5703=IFCCARTESIANPOINT((322.399999999991,174.,1375.75375970211));
#5704=IFCCARTESIANPOINT((317.399999999991,179.,1530.1));
#5705=IFCCARTESIANPOINT((317.399999999991,179.,1682.85));
#5706=IFCCARTESIANPOINT((317.399999999991,179.,1377.35));
#5707=IFCCARTESIANPOINT((322.399999999991,174.,1297.67687235019));
#5708=IFCCARTESIANPOINT((317.399999999991,179.,1300.975));
#5709=IFCCARTESIANPOINT((317.399999999991,179.,1263.63844410236));
#5710=IFCCARTESIANPOINT((322.399999999991,174.,1762.52311264809));
#5711=IFCCARTESIANPOINT((317.399999999991,179.,1759.225));
#5712=IFCCARTESIANPOINT((317.399999999991,179.,1721.03750180454));
#5713=IFCCARTESIANPOINT((322.399999999991,174.,1801.56155632404));
#5714=IFCCARTESIANPOINT((317.399999999991,179.,1606.475));
#5715=IFCCARTESIANPOINT((322.399999999991,174.,1606.36933794426));
#5716=IFCCARTESIANPOINT((322.399999999991,174.,1645.40778162022));
#5717=IFCCARTESIANPOINT((322.399999999991,174.,1452.02310514723));
#5718=IFCCARTESIANPOINT((317.399999999991,179.,1453.725));
#5719=IFCCARTESIANPOINT((317.399999999991,179.,1415.53750180454));
#5720=IFCCARTESIANPOINT((322.399999999991,174.,1258.63844367596));
#5721=IFCCARTESIANPOINT((317.399999999991,179.,1797.41249819546));
#5722=IFCCARTESIANPOINT((322.399999999991,174.,1723.48466897213));
#5723=IFCCARTESIANPOINT((322.399999999991,174.,1413.88842492381));
#5724=IFCCARTESIANPOINT((318.918365573868,175.411376068351,1432.95577583171));
#5725=IFCCARTESIANPOINT((318.82864623636,175.50065259013,1402.43539415686));
#5726=IFCCARTESIANPOINT((318.893817913305,175.43535595396,1462.53272088307));
#5727=IFCCARTESIANPOINT((317.399999999991,179.,1491.91249819546));
#5728=IFCCARTESIANPOINT((322.399999999991,174.,1490.15778537065));
#5729=IFCCARTESIANPOINT((318.766071079932,175.565679018507,1282.30672077618));
#5730=IFCCARTESIANPOINT((322.399999999991,174.,1336.71531602615));
#5731=IFCCARTESIANPOINT((318.9500894205,175.380867922625,1313.75377518662));
#5732=IFCCARTESIANPOINT((317.399999999991,179.,1339.16249819546));
#5733=IFCCARTESIANPOINT((318.79392184935,175.536446857426,1253.12313253535));
#5734=IFCCARTESIANPOINT((318.812916516832,175.516778490418,1701.94374511843));
#5735=IFCCARTESIANPOINT((318.899234861565,175.430035932177,1671.45874093531));
#5736=IFCCARTESIANPOINT((317.399999999991,179.,1644.66249819546));
#5737=IFCCARTESIANPOINT((318.868065433872,175.46087041483,1625.56874585576));
#5738=IFCCARTESIANPOINT((318.825106214913,175.50426911428,1731.3567869533));
#5739=IFCCARTESIANPOINT((318.862434548468,175.466498807675,1595.60657122841));
#5740=IFCCARTESIANPOINT((322.399999999991,174.,1567.33089426831));
#5741=IFCCARTESIANPOINT((317.399999999991,179.,1568.28750180454));
#5742=IFCCARTESIANPOINT((318.832941496555,175.496274321092,1549.19374661624));
#5743=IFCCARTESIANPOINT((318.833917869101,175.495280576749,1519.65089302769));
#5744=IFCCARTESIANPOINT((318.81291647825,175.51677853015,1358.25624852339));
#5745=IFCCARTESIANPOINT((318.763647969767,175.568244776757,1778.31874474968));
#5746=IFCCARTESIANPOINT((318.806205228957,175.523703242866,1807.44988031386));
#5747=IFCCARTESIANPOINT((318.86277182151,175.466161178926,1490.49203059577));
#5748=IFCCARTESIANPOINT((335.399999999991,174.,1206.6));
#5749=IFCCARTESIANPOINT((336.814213562364,174.585786437632,1205.18578643763));
#5750=IFCCARTESIANPOINT((337.399999999991,176.,1204.6));
#5751=IFCCARTESIANPOINT((337.399999999991,176.,1530.1));
#5752=IFCCARTESIANPOINT((337.399999999991,176.,1692.85000197034));
#5753=IFCCARTESIANPOINT((337.399999999991,176.,1367.34999802966));
#5754=IFCCARTESIANPOINT((335.399999999991,174.,1530.1));
#5755=IFCCARTESIANPOINT((335.399999999991,174.,1691.84999819723));
#5756=IFCCARTESIANPOINT((335.399999999991,174.,1368.35000180277));
#5757=IFCCARTESIANPOINT((335.399999999991,174.,1287.47500090138));
#5758=IFCCARTESIANPOINT((337.399999999991,176.,1285.97499901483));
#5759=IFCCARTESIANPOINT((337.399999999991,176.,1326.66250049258));
#5760=IFCCARTESIANPOINT((335.399999999991,174.,1327.91249954931));
#5761=IFCCARTESIANPOINT((335.399999999991,174.,1772.72499909862));
#5762=IFCCARTESIANPOINT((337.399999999991,176.,1774.22500098517));
#5763=IFCCARTESIANPOINT((337.399999999991,176.,1806.21984418254));
#5764=IFCCARTESIANPOINT((335.399999999991,174.,1813.16249774654));
#5765=IFCCARTESIANPOINT((335.399999999991,174.,1449.22499909862));
#5766=IFCCARTESIANPOINT((337.399999999991,176.,1448.72500098517));
#5767=IFCCARTESIANPOINT((337.399999999991,176.,1489.41249852225));
#5768=IFCCARTESIANPOINT((335.399999999991,174.,1489.66250135208));
#5769=IFCCARTESIANPOINT((335.399999999991,174.,1610.97500090138));
#5770=IFCCARTESIANPOINT((337.399999999991,176.,1611.47499901483));
#5771=IFCCARTESIANPOINT((337.399999999991,176.,1652.16250049258));
#5772=IFCCARTESIANPOINT((335.399999999991,174.,1651.41249954931));
#5773=IFCCARTESIANPOINT((335.399999999991,174.,1247.03750225346));
#5774=IFCCARTESIANPOINT((337.399999999991,176.,1245.28749753708));
#5775=IFCCARTESIANPOINT((337.399999999991,176.,1265.63125024629));
#5776=IFCCARTESIANPOINT((337.399999999991,176.,1830.90992209127));
#5777=IFCCARTESIANPOINT((335.399999999991,174.,1833.38124887327));
#5778=IFCCARTESIANPOINT((337.399999999991,176.,1229.29007790873));
#5779=IFCCARTESIANPOINT((335.399999999991,174.,1226.81875112673));
#5780=IFCCARTESIANPOINT((335.399999999991,174.,1732.28750045069));
#5781=IFCCARTESIANPOINT((337.399999999991,176.,1733.53749950742));
#5782=IFCCARTESIANPOINT((337.399999999991,176.,1753.88125221663));
#5783=IFCCARTESIANPOINT((335.399999999991,174.,1408.78750045069));
#5784=IFCCARTESIANPOINT((337.399999999991,176.,1408.03749950742));
#5785=IFCCARTESIANPOINT((337.399999999991,176.,1428.38124827596));
#5786=IFCCARTESIANPOINT((337.399999999991,176.,1570.78750147775));
#5787=IFCCARTESIANPOINT((335.399999999991,174.,1570.53749864792));
#5788=IFCCARTESIANPOINT((335.399999999991,174.,1550.31875112673));
#5789=IFCCARTESIANPOINT((337.399999999991,176.,1843.25496104564));
#5790=IFCCARTESIANPOINT((337.399999999991,176.,1216.94503895436));
#5791=IFCCARTESIANPOINT((335.399999999991,174.,1841.25496060945));
#5792=IFCCARTESIANPOINT((336.857420854341,174.630356085221,1837.31810488398));
#5793=IFCCARTESIANPOINT((335.399999999991,174.,1823.27187511267));
#5794=IFCCARTESIANPOINT((337.399999999991,176.,1818.56488313691));
#5795=IFCCARTESIANPOINT((336.756574291644,174.530406113509,1818.2171864679));
#5796=IFCCARTESIANPOINT((335.399999999991,174.,1218.94503939055));
#5797=IFCCARTESIANPOINT((336.857420895828,174.630356129366,1222.88189465084));
#5798=IFCCARTESIANPOINT((336.73258199643,174.508616339518,1237.15690850574));
#5799=IFCCARTESIANPOINT((335.399999999991,174.,1792.94375022535));
#5800=IFCCARTESIANPOINT((336.691203822849,174.472651746385,1805.86126949405));
#5801=IFCCARTESIANPOINT((337.399999999991,176.,1790.22242455419));
#5802=IFCCARTESIANPOINT((337.399999999991,176.,1469.06874975371));
#5803=IFCCARTESIANPOINT((335.399999999991,174.,1469.44375022535));
#5804=IFCCARTESIANPOINT((335.399999999991,174.,1509.88124887327));
#5805=IFCCARTESIANPOINT((337.399999999991,176.,1509.75625123146));
#5806=IFCCARTESIANPOINT((337.399999999991,176.,1591.13125024629));
#5807=IFCCARTESIANPOINT((335.399999999991,174.,1590.75624977465));
#5808=IFCCARTESIANPOINT((335.399999999991,174.,1348.13125067604));
#5809=IFCCARTESIANPOINT((337.399999999991,176.,1347.00624926112));
#5810=IFCCARTESIANPOINT((337.399999999991,176.,1672.50624926112));
#5811=IFCCARTESIANPOINT((335.399999999991,174.,1671.63125067604));
#5812=IFCCARTESIANPOINT((335.399999999991,174.,1631.19374842258));
#5813=IFCCARTESIANPOINT((337.399999999991,176.,1631.81875172404));
#5814=IFCCARTESIANPOINT((335.399999999991,174.,1712.06874932396));
#5815=IFCCARTESIANPOINT((337.399999999991,176.,1713.19375073888));
#5816=IFCCARTESIANPOINT((337.399999999991,176.,1387.69375073888));
#5817=IFCCARTESIANPOINT((335.399999999991,174.,1388.56874932396));
#5818=IFCCARTESIANPOINT((335.399999999991,174.,1307.69375202811));
#5819=IFCCARTESIANPOINT((337.399999999991,176.,1306.31874778337));
#5820=IFCCARTESIANPOINT((336.754685672541,174.52866498425,1782.22370806504));
#5821=IFCCARTESIANPOINT((335.399999999991,174.,1803.05312398594));
#5822=IFCCARTESIANPOINT((336.832531563808,174.6043448425,1770.70997003952));
#5823=IFCCARTESIANPOINT((335.399999999991,174.,1752.50624797189));
#5824=IFCCARTESIANPOINT((335.399999999991,174.,1762.61562533802));
#5825=IFCCARTESIANPOINT((336.787267301754,174.559344096099,1757.56093511259));
#5826=IFCCARTESIANPOINT((336.804108447688,174.575753017524,1742.90246696652));
#5827=IFCCARTESIANPOINT((337.399999999991,176.,1764.05312857123));
#5828=IFCCARTESIANPOINT((336.838898946118,174.610910433837,1793.64173459094));
#5829=IFCCARTESIANPOINT((336.832939239297,174.604763412017,1248.5856273639));
#5830=IFCCARTESIANPOINT((335.399999999991,174.,1267.25624977465));
#5831=IFCCARTESIANPOINT((335.399999999991,174.,1257.14687601406));
#5832=IFCCARTESIANPOINT((336.783237246301,174.555474223004,1262.20156216493));
#5833=IFCCARTESIANPOINT((336.800454868387,174.572160316572,1276.78016407635));
#5834=IFCCARTESIANPOINT((337.399999999991,176.,1255.45937389169));
#5835=IFCCARTESIANPOINT((335.399999999991,174.,1429.00625157742));
#5836=IFCCARTESIANPOINT((336.786732085715,174.558828905921,1418.89687383174));
#5837=IFCCARTESIANPOINT((337.399999999991,176.,1550.44374876854));
#5838=IFCCARTESIANPOINT((335.399999999991,174.,1236.92812488733));
#5839=IFCCARTESIANPOINT((336.836095599981,174.608012418275,1458.89687352437));
#5840=IFCCARTESIANPOINT((336.830760613539,174.602529403992,1479.24062340585));
#5841=IFCCARTESIANPOINT((336.814213623928,174.585786499196,1519.99062330435));
#5842=IFCCARTESIANPOINT((336.808619440868,174.580214357457,1499.77187340845));
#5843=IFCCARTESIANPOINT((336.836095605703,174.608012424179,1601.30312271701));
#5844=IFCCARTESIANPOINT((336.803073336946,174.574733284219,1580.64687300152));
#5845=IFCCARTESIANPOINT((336.770854496265,174.543717764294,1358.24062415337));
#5846=IFCCARTESIANPOINT((336.765668826722,174.53885365015,1338.02187426105));
#5847=IFCCARTESIANPOINT((336.85655163509,174.629431747676,1682.6781223323));
#5848=IFCCARTESIANPOINT((336.781386969374,174.553704718667,1661.52187264491));
#5849=IFCCARTESIANPOINT((336.792128799933,174.564041294341,1621.08437281234));
#5850=IFCCARTESIANPOINT((336.846498963352,174.618826314694,1641.99062250874));
#5851=IFCCARTESIANPOINT((336.770854531583,174.543717797541,1701.95937252657));
#5852=IFCCARTESIANPOINT((336.866259330092,174.639822226002,1723.36562223443));
#5853=IFCCARTESIANPOINT((336.856551620307,174.629431731966,1377.52187400312));
#5854=IFCCARTESIANPOINT((336.851568761502,174.624155484587,1397.8656238829));
#5855=IFCCARTESIANPOINT((336.760537903869,174.534074827252,1317.8031243689));
#5856=IFCCARTESIANPOINT((336.755462494982,174.529380598299,1297.58437447689));
#5857=IFCCARTESIANPOINT((335.399999999991,174.,1782.83437285921));
#5858=IFCCARTESIANPOINT((337.399999999991,176.,1743.70937586202));
#5859=IFCCARTESIANPOINT((335.399999999991,174.,1742.39687421129));
#5860=IFCCARTESIANPOINT((337.399999999991,176.,1275.8031266009));
#5861=IFCCARTESIANPOINT((335.399999999991,174.,1277.36562714079));
#5862=IFCCARTESIANPOINT((336.841341470364,174.613445000813,1438.55312364345));
#5863=IFCCARTESIANPOINT((335.399999999991,174.,1418.89687421129));
#5864=IFCCARTESIANPOINT((337.399999999991,176.,1418.20937192135));
#5865=IFCCARTESIANPOINT((336.814213639162,174.58578651443,1540.2093732016));
#5866=IFCCARTESIANPOINT((336.825335776882,174.596996819996,1560.61562294024));
#5867=IFCCARTESIANPOINT((337.399999999991,176.,1458.89687733977));
#5868=IFCCARTESIANPOINT((335.399999999991,174.,1459.33437646475));
#5869=IFCCARTESIANPOINT((337.399999999991,176.,1479.24062216764));
#5870=IFCCARTESIANPOINT((335.399999999991,174.,1479.55312398594));
#5871=IFCCARTESIANPOINT((336.716947796291,174.494792870796,1469.0656911756));
#5872=IFCCARTESIANPOINT((335.399999999991,174.,1519.9906262394));
#5873=IFCCARTESIANPOINT((337.399999999991,176.,1519.92812758607));
#5874=IFCCARTESIANPOINT((335.399999999991,174.,1499.77187511267));
#5875=IFCCARTESIANPOINT((336.725142716255,174.502002409375,1489.49616130456));
#5876=IFCCARTESIANPOINT((337.399999999991,176.,1499.58437487685));
#5877=IFCCARTESIANPOINT((336.911354177515,174.690111245155,1509.87835132957));
#5878=IFCCARTESIANPOINT((337.399999999991,176.,1601.30312266023));
#5879=IFCCARTESIANPOINT((335.399999999991,174.,1600.86562353525));
#5880=IFCCARTESIANPOINT((335.399999999991,174.,1580.64687601406));
#5881=IFCCARTESIANPOINT((337.399999999991,176.,1580.95937783236));
#5882=IFCCARTESIANPOINT((336.893346609075,174.6696181356,1590.9626392375));
#5883=IFCCARTESIANPOINT((335.399999999991,174.,1358.24062443664));
#5884=IFCCARTESIANPOINT((337.399999999991,176.,1357.17812167506));
#5885=IFCCARTESIANPOINT((335.399999999991,174.,1338.02187691544));
#5886=IFCCARTESIANPOINT((337.399999999991,176.,1336.83437684719));
#5887=IFCCARTESIANPOINT((336.912025037843,174.690885686849,1348.12755367426));
#5888=IFCCARTESIANPOINT((337.399999999991,176.,1682.67812561573));
#5889=IFCCARTESIANPOINT((335.399999999991,174.,1681.74062443663));
#5890=IFCCARTESIANPOINT((335.399999999991,174.,1661.52187330991));
#5891=IFCCARTESIANPOINT((337.399999999991,176.,1662.33437290652));
#5892=IFCCARTESIANPOINT((336.87132194346,174.645300129677,1672.08083648372));
#5893=IFCCARTESIANPOINT((335.399999999991,174.,1621.08437466198));
#5894=IFCCARTESIANPOINT((337.399999999991,176.,1621.64687536944));
#5895=IFCCARTESIANPOINT((337.399999999991,176.,1641.99062807865));
#5896=IFCCARTESIANPOINT((335.399999999991,174.,1641.30312578871));
#5897=IFCCARTESIANPOINT((336.743045045324,174.51803171215,1631.55728871439));
#5898=IFCCARTESIANPOINT((335.399999999991,174.,1701.95937556336));
#5899=IFCCARTESIANPOINT((337.399999999991,176.,1703.02187832494));
#5900=IFCCARTESIANPOINT((337.399999999991,176.,1723.36562315281));
#5901=IFCCARTESIANPOINT((335.399999999991,174.,1722.17812308456));
#5902=IFCCARTESIANPOINT((336.766952380665,174.540054388357,1712.6859062579));
#5903=IFCCARTESIANPOINT((337.399999999991,176.,1377.52187438427));
#5904=IFCCARTESIANPOINT((335.399999999991,174.,1378.45937556336));
#5905=IFCCARTESIANPOINT((337.399999999991,176.,1397.86562709348));
#5906=IFCCARTESIANPOINT((336.87689806485,174.651381408254,1408.3996873334));
#5907=IFCCARTESIANPOINT((335.399999999991,174.,1398.67812669009));
#5908=IFCCARTESIANPOINT((336.716495651659,174.49439739668,1387.69029936019));
#5909=IFCCARTESIANPOINT((335.399999999991,174.,1317.80312578871));
#5910=IFCCARTESIANPOINT((337.399999999991,176.,1316.49062413798));
#5911=IFCCARTESIANPOINT((336.912595079824,174.69154437429,1327.90871557876));
#5912=IFCCARTESIANPOINT((335.399999999991,174.,1297.58437466198));
#5913=IFCCARTESIANPOINT((336.73580361944,174.51150119575,1287.1735638581));
#5914=IFCCARTESIANPOINT((337.399999999991,176.,1296.14687142877));
#5915=IFCCARTESIANPOINT((336.913271135411,174.692326313374,1307.68988027199));
#5916=IFCCARTESIANPOINT((337.399999999991,176.,1438.55312463056));
#5917=IFCCARTESIANPOINT((336.908057198064,174.686316823839,1448.72692659089));
#5918=IFCCARTESIANPOINT((335.399999999991,174.,1439.11562533802));
#5919=IFCCARTESIANPOINT((335.399999999991,174.,1540.2093737606));
#5920=IFCCARTESIANPOINT((336.709681391653,174.488466125976,1530.09999826374));
#5921=IFCCARTESIANPOINT((337.399999999991,176.,1540.27187241393));
#5922=IFCCARTESIANPOINT((337.399999999991,176.,1560.61562512315));
#5923=IFCCARTESIANPOINT((335.399999999991,174.,1560.42812488733));
#5924=IFCCARTESIANPOINT((336.719182050147,174.496750613328,1550.41791043874));
#5925=IFCCARTESIANPOINT((337.399999999991,180.,1204.6));
#5926=IFCCARTESIANPOINT((253.438443862368,179.,1224.6));
#5927=IFCCARTESIANPOINT((265.899999422952,174.,1219.6));
#5928=IFCCARTESIANPOINT((278.361556137614,179.,1224.6));
#5929=IFCCARTESIANPOINT((265.899997594418,175.605201794766,1223.27087798023));
#5930=IFCCARTESIANPOINT((283.361555541323,174.,1219.6));
#5931=IFCCARTESIANPOINT((248.438443304581,174.,1219.6));
#5932=IFCCARTESIANPOINT((292.497978620029,176.006614131312,1223.60495206477));
#5933=IFCCARTESIANPOINT((239.302018213732,176.006614186641,1223.60495210612));
#5934=IFCCARTESIANPOINT((245.780158742283,174.,1206.6));
#5935=IFCCARTESIANPOINT((265.9000005072,176.,1204.6));
#5936=IFCCARTESIANPOINT((288.019842023834,176.,1204.6));
#5937=IFCCARTESIANPOINT((230.150000253595,176.,1204.6));
#5938=IFCCARTESIANPOINT((290.590079371137,174.,1206.6));
#5939=IFCCARTESIANPOINT((268.18511905671,174.,1206.6));
#5940=IFCCARTESIANPOINT((221.090079971747,174.,1206.6));
#5941=IFCCARTESIANPOINT((312.709921519122,176.,1204.6));
#5942=IFCCARTESIANPOINT((312.995039685564,174.,1206.6));
#5943=IFCCARTESIANPOINT((301.79255952835,174.,1206.6));
#5944=IFCCARTESIANPOINT((219.090079495279,176.,1204.6));
#5945=IFCCARTESIANPOINT((208.745040586478,174.,1206.6));
#5946=IFCCARTESIANPOINT((325.054961266765,176.,1204.6));
#5947=IFCCARTESIANPOINT((300.364881771478,176.,1204.6));
#5948=IFCCARTESIANPOINT((206.745039747635,176.,1204.6));
#5949=IFCCARTESIANPOINT((323.054960614723,174.,1206.6));
#5950=IFCCARTESIANPOINT((318.024999556941,174.592358039255,1205.17924523216));
#5951=IFCCARTESIANPOINT((224.620039414361,174.626632212534,1205.14608771917));
#5952=IFCCARTESIANPOINT((248.025000887607,176.,1204.6));
#5953=IFCCARTESIANPOINT((256.982638899496,174.,1206.6));
#5954=IFCCARTESIANPOINT((238.261438904319,174.606528821992,1205.16534391715));
#5955=IFCCARTESIANPOINT((296.191318658577,174.555108617206,1205.2171446598));
#5956=IFCCARTESIANPOINT((251.38139807006,174.541802062658,1205.23118343979));
#5957=IFCCARTESIANPOINT((283.535066271605,174.521417090414,1205.25322883181));
#5958=IFCCARTESIANPOINT((233.435119357015,174.,1206.6));
#5959=IFCCARTESIANPOINT((307.077354201269,174.759510218065,1205.03118353499));
#5960=IFCCARTESIANPOINT((276.959921265517,176.,1204.6));
#5961=IFCCARTESIANPOINT((271.42995939972,174.631052770563,1205.14192473342));
#5962=IFCCARTESIANPOINT((279.387599213923,174.,1206.6));
#5963=IFCCARTESIANPOINT((206.299901664534,174.572995692068,1205.19869392882));
#5964=IFCPOLYLOOP((#5406,#5407,#5408,#5409));
#5965=IFCFACEOUTERBOUND(#5964,.T.);
#5966=IFCFACE((#5965));
#5967=IFCPOLYLOOP((#5411,#5412,#5413,#5426,#5425,#5449,#5423,#5436,#5435,#5444,#5421,#5458,#5431,#5453,#5422,#5429,#5428,#5438,#5410));
#5968=IFCFACEOUTERBOUND(#5967,.T.);
#5969=IFCFACE((#5968));
#5970=IFCPOLYLOOP((#5446,#5437,#5424));
#5971=IFCFACEOUTERBOUND(#5970,.T.);
#5972=IFCFACE((#5971));
#5973=IFCPOLYLOOP((#5439,#5455,#5451));
#5974=IFCFACEOUTERBOUND(#5973,.T.);
#5975=IFCFACE((#5974));
#5976=IFCPOLYLOOP((#5438,#5462,#5463));
#5977=IFCFACEOUTERBOUND(#5976,.T.);
#5978=IFCFACE((#5977));
#5979=IFCPOLYLOOP((#5424,#5448,#5446));
#5980=IFCFACEOUTERBOUND(#5979,.T.);
#5981=IFCFACE((#5980));
#5982=IFCPOLYLOOP((#5462,#5438,#5428));
#5983=IFCFACEOUTERBOUND(#5982,.T.);
#5984=IFCFACE((#5983));
#5985=IFCPOLYLOOP((#5440,#5441,#5442));
#5986=IFCFACEOUTERBOUND(#5985,.T.);
#5987=IFCFACE((#5986));
#5988=IFCPOLYLOOP((#5429,#5422,#5451));
#5989=IFCFACEOUTERBOUND(#5988,.T.);
#5990=IFCFACE((#5989));
#5991=IFCPOLYLOOP((#5432,#5433,#5454));
#5992=IFCFACEOUTERBOUND(#5991,.T.);
#5993=IFCFACE((#5992));
#5994=IFCPOLYLOOP((#5443,#5445,#5464));
#5995=IFCFACEOUTERBOUND(#5994,.T.);
#5996=IFCFACE((#5995));
#5997=IFCPOLYLOOP((#5458,#5459,#5456));
#5998=IFCFACEOUTERBOUND(#5997,.T.);
#5999=IFCFACE((#5998));
#6000=IFCPOLYLOOP((#5461,#5448,#5447));
#6001=IFCFACEOUTERBOUND(#6000,.T.);
#6002=IFCFACE((#6001));
#6003=IFCPOLYLOOP((#5450,#5413,#5416));
#6004=IFCFACEOUTERBOUND(#6003,.T.);
#6005=IFCFACE((#6004));
#6006=IFCPOLYLOOP((#5437,#5446,#5450));
#6007=IFCFACEOUTERBOUND(#6006,.T.);
#6008=IFCFACE((#6007));
#6009=IFCPOLYLOOP((#5463,#5462,#5430));
#6010=IFCFACEOUTERBOUND(#6009,.T.);
#6011=IFCFACE((#6010));
#6012=IFCPOLYLOOP((#5432,#5454,#5456));
#6013=IFCFACEOUTERBOUND(#6012,.T.);
#6014=IFCFACE((#6013));
#6015=IFCPOLYLOOP((#5455,#5429,#5451));
#6016=IFCFACEOUTERBOUND(#6015,.T.);
#6017=IFCFACE((#6016));
#6018=IFCPOLYLOOP((#5410,#5438,#5463));
#6019=IFCFACEOUTERBOUND(#6018,.T.);
#6020=IFCFACE((#6019));
#6021=IFCPOLYLOOP((#5414,#5415,#5463));
#6022=IFCFACEOUTERBOUND(#6021,.T.);
#6023=IFCFACE((#6022));
#6024=IFCPOLYLOOP((#5452,#5419,#5451));
#6025=IFCFACEOUTERBOUND(#6024,.T.);
#6026=IFCFACE((#6025));
#6027=IFCPOLYLOOP((#5454,#5452,#5453));
#6028=IFCFACEOUTERBOUND(#6027,.T.);
#6029=IFCFACE((#6028));
#6030=IFCPOLYLOOP((#5420,#5440,#5442));
#6031=IFCFACEOUTERBOUND(#6030,.T.);
#6032=IFCFACE((#6031));
#6033=IFCPOLYLOOP((#5435,#5441,#5443));
#6034=IFCFACEOUTERBOUND(#6033,.T.);
#6035=IFCFACE((#6034));
#6036=IFCPOLYLOOP((#5435,#5436,#5441));
#6037=IFCFACEOUTERBOUND(#6036,.T.);
#6038=IFCFACE((#6037));
#6039=IFCPOLYLOOP((#5417,#5437,#5450));
#6040=IFCFACEOUTERBOUND(#6039,.T.);
#6041=IFCFACE((#6040));
#6042=IFCPOLYLOOP((#5446,#5425,#5426));
#6043=IFCFACEOUTERBOUND(#6042,.T.);
#6044=IFCFACE((#6043));
#6045=IFCPOLYLOOP((#5441,#5434,#5443));
#6046=IFCFACEOUTERBOUND(#6045,.T.);
#6047=IFCFACE((#6046));
#6048=IFCPOLYLOOP((#5455,#5427,#5462));
#6049=IFCFACEOUTERBOUND(#6048,.T.);
#6050=IFCFACE((#6049));
#6051=IFCPOLYLOOP((#5434,#5441,#5440));
#6052=IFCFACEOUTERBOUND(#6051,.T.);
#6053=IFCFACE((#6052));
#6054=IFCPOLYLOOP((#5442,#5441,#5436));
#6055=IFCFACEOUTERBOUND(#6054,.T.);
#6056=IFCFACE((#6055));
#6057=IFCPOLYLOOP((#5436,#5423,#5442));
#6058=IFCFACEOUTERBOUND(#6057,.T.);
#6059=IFCFACE((#6058));
#6060=IFCPOLYLOOP((#5442,#5423,#5461));
#6061=IFCFACEOUTERBOUND(#6060,.T.);
#6062=IFCFACE((#6061));
#6063=IFCPOLYLOOP((#5445,#5418,#5460));
#6064=IFCFACEOUTERBOUND(#6063,.T.);
#6065=IFCFACE((#6064));
#6066=IFCPOLYLOOP((#5443,#5434,#5445));
#6067=IFCFACEOUTERBOUND(#6066,.T.);
#6068=IFCFACE((#6067));
#6069=IFCPOLYLOOP((#5418,#5459,#5460));
#6070=IFCFACEOUTERBOUND(#6069,.T.);
#6071=IFCFACE((#6070));
#6072=IFCPOLYLOOP((#5444,#5435,#5443));
#6073=IFCFACEOUTERBOUND(#6072,.T.);
#6074=IFCFACE((#6073));
#6075=IFCPOLYLOOP((#5446,#5426,#5450));
#6076=IFCFACEOUTERBOUND(#6075,.T.);
#6077=IFCFACE((#6076));
#6078=IFCPOLYLOOP((#5413,#5450,#5426));
#6079=IFCFACEOUTERBOUND(#6078,.T.);
#6080=IFCFACE((#6079));
#6081=IFCPOLYLOOP((#5446,#5448,#5425));
#6082=IFCFACEOUTERBOUND(#6081,.T.);
#6083=IFCFACE((#6082));
#6084=IFCPOLYLOOP((#5424,#5447,#5448));
#6085=IFCFACEOUTERBOUND(#6084,.T.);
#6086=IFCFACE((#6085));
#6087=IFCPOLYLOOP((#5423,#5449,#5461));
#6088=IFCFACEOUTERBOUND(#6087,.T.);
#6089=IFCFACE((#6088));
#6090=IFCPOLYLOOP((#5420,#5461,#5447));
#6091=IFCFACEOUTERBOUND(#6090,.T.);
#6092=IFCFACE((#6091));
#6093=IFCPOLYLOOP((#5449,#5425,#5448));
#6094=IFCFACEOUTERBOUND(#6093,.T.);
#6095=IFCFACE((#6094));
#6096=IFCPOLYLOOP((#5417,#5450,#5416));
#6097=IFCFACEOUTERBOUND(#6096,.T.);
#6098=IFCFACE((#6097));
#6099=IFCPOLYLOOP((#5452,#5451,#5422));
#6100=IFCFACEOUTERBOUND(#6099,.T.);
#6101=IFCFACE((#6100));
#6102=IFCPOLYLOOP((#5439,#5451,#5419));
#6103=IFCFACEOUTERBOUND(#6102,.T.);
#6104=IFCFACE((#6103));
#6105=IFCPOLYLOOP((#5454,#5431,#5456));
#6106=IFCFACEOUTERBOUND(#6105,.T.);
#6107=IFCFACE((#6106));
#6108=IFCPOLYLOOP((#5433,#5419,#5452));
#6109=IFCFACEOUTERBOUND(#6108,.T.);
#6110=IFCFACE((#6109));
#6111=IFCPOLYLOOP((#5452,#5422,#5453));
#6112=IFCFACEOUTERBOUND(#6111,.T.);
#6113=IFCFACE((#6112));
#6114=IFCPOLYLOOP((#5454,#5453,#5431));
#6115=IFCFACEOUTERBOUND(#6114,.T.);
#6116=IFCFACE((#6115));
#6117=IFCPOLYLOOP((#5452,#5454,#5433));
#6118=IFCFACEOUTERBOUND(#6117,.T.);
#6119=IFCFACE((#6118));
#6120=IFCPOLYLOOP((#5427,#5455,#5439));
#6121=IFCFACEOUTERBOUND(#6120,.T.);
#6122=IFCFACE((#6121));
#6123=IFCPOLYLOOP((#5428,#5429,#5455));
#6124=IFCFACEOUTERBOUND(#6123,.T.);
#6125=IFCFACE((#6124));
#6126=IFCPOLYLOOP((#5459,#5458,#5421));
#6127=IFCFACEOUTERBOUND(#6126,.T.);
#6128=IFCFACE((#6127));
#6129=IFCPOLYLOOP((#5456,#5431,#5458));
#6130=IFCFACEOUTERBOUND(#6129,.T.);
#6131=IFCFACE((#6130));
#6132=IFCPOLYLOOP((#5459,#5418,#5457));
#6133=IFCFACEOUTERBOUND(#6132,.T.);
#6134=IFCFACE((#6133));
#6135=IFCPOLYLOOP((#5457,#5432,#5456));
#6136=IFCFACEOUTERBOUND(#6135,.T.);
#6137=IFCFACE((#6136));
#6138=IFCPOLYLOOP((#5459,#5421,#5460));
#6139=IFCFACEOUTERBOUND(#6138,.T.);
#6140=IFCFACE((#6139));
#6141=IFCPOLYLOOP((#5456,#5459,#5457));
#6142=IFCFACEOUTERBOUND(#6141,.T.);
#6143=IFCFACE((#6142));
#6144=IFCPOLYLOOP((#5421,#5444,#5460));
#6145=IFCFACEOUTERBOUND(#6144,.T.);
#6146=IFCFACE((#6145));
#6147=IFCPOLYLOOP((#5460,#5444,#5464));
#6148=IFCFACEOUTERBOUND(#6147,.T.);
#6149=IFCFACE((#6148));
#6150=IFCPOLYLOOP((#5461,#5449,#5448));
#6151=IFCFACEOUTERBOUND(#6150,.T.);
#6152=IFCFACE((#6151));
#6153=IFCPOLYLOOP((#5442,#5461,#5420));
#6154=IFCFACEOUTERBOUND(#6153,.T.);
#6155=IFCFACE((#6154));
#6156=IFCPOLYLOOP((#5455,#5462,#5428));
#6157=IFCFACEOUTERBOUND(#6156,.T.);
#6158=IFCFACE((#6157));
#6159=IFCPOLYLOOP((#5430,#5462,#5427));
#6160=IFCFACEOUTERBOUND(#6159,.T.);
#6161=IFCFACE((#6160));
#6162=IFCPOLYLOOP((#5414,#5463,#5430));
#6163=IFCFACEOUTERBOUND(#6162,.T.);
#6164=IFCFACE((#6163));
#6165=IFCPOLYLOOP((#5410,#5463,#5415));
#6166=IFCFACEOUTERBOUND(#6165,.T.);
#6167=IFCFACE((#6166));
#6168=IFCPOLYLOOP((#5460,#5464,#5445));
#6169=IFCFACEOUTERBOUND(#6168,.T.);
#6170=IFCFACE((#6169));
#6171=IFCPOLYLOOP((#5444,#5443,#5464));
#6172=IFCFACEOUTERBOUND(#6171,.T.);
#6173=IFCFACE((#6172));
#6174=IFCPOLYLOOP((#5499,#5517,#5518));
#6175=IFCFACEOUTERBOUND(#6174,.T.);
#6176=IFCFACE((#6175));
#6177=IFCPOLYLOOP((#5562,#5487,#5596));
#6178=IFCFACEOUTERBOUND(#6177,.T.);
#6179=IFCFACE((#6178));
#6180=IFCPOLYLOOP((#5631,#5606,#5566));
#6181=IFCFACEOUTERBOUND(#6180,.T.);
#6182=IFCFACE((#6181));
#6183=IFCPOLYLOOP((#5582,#5505,#5636));
#6184=IFCFACEOUTERBOUND(#6183,.T.);
#6185=IFCFACE((#6184));
#6186=IFCPOLYLOOP((#5519,#5540,#5548));
#6187=IFCFACEOUTERBOUND(#6186,.T.);
#6188=IFCFACE((#6187));
#6189=IFCPOLYLOOP((#5515,#5484,#5520));
#6190=IFCFACEOUTERBOUND(#6189,.T.);
#6191=IFCFACE((#6190));
#6192=IFCPOLYLOOP((#5568,#5531,#5610,#5492));
#6193=IFCFACEOUTERBOUND(#6192,.T.);
#6194=IFCFACE((#6193));
#6195=IFCPOLYLOOP((#5549,#5552,#5551));
#6196=IFCFACEOUTERBOUND(#6195,.T.);
#6197=IFCFACE((#6196));
#6198=IFCPOLYLOOP((#5512,#5511,#5497,#5513));
#6199=IFCFACEOUTERBOUND(#6198,.T.);
#6200=IFCFACE((#6199));
#6201=IFCPOLYLOOP((#5639,#5644,#5643,#5508));
#6202=IFCFACEOUTERBOUND(#6201,.T.);
#6203=IFCFACE((#6202));
#6204=IFCPOLYLOOP((#5633,#5634,#5576));
#6205=IFCFACEOUTERBOUND(#6204,.T.);
#6206=IFCFACE((#6205));
#6207=IFCPOLYLOOP((#5551,#5552,#5550));
#6208=IFCFACEOUTERBOUND(#6207,.T.);
#6209=IFCFACE((#6208));
#6210=IFCPOLYLOOP((#5635,#5630,#5575));
#6211=IFCFACEOUTERBOUND(#6210,.T.);
#6212=IFCFACE((#6211));
#6213=IFCPOLYLOOP((#5607,#5604,#5565));
#6214=IFCFACEOUTERBOUND(#6213,.T.);
#6215=IFCFACE((#6214));
#6216=IFCPOLYLOOP((#5542,#5482,#5540));
#6217=IFCFACEOUTERBOUND(#6216,.T.);
#6218=IFCFACE((#6217));
#6219=IFCPOLYLOOP((#5572,#5622,#5535));
#6220=IFCFACEOUTERBOUND(#6219,.T.);
#6221=IFCFACE((#6220));
#6222=IFCPOLYLOOP((#5484,#5515,#5513));
#6223=IFCFACEOUTERBOUND(#6222,.T.);
#6224=IFCFACE((#6223));
#6225=IFCPOLYLOOP((#5516,#5468,#5469));
#6226=IFCFACEOUTERBOUND(#6225,.T.);
#6227=IFCFACE((#6226));
#6228=IFCPOLYLOOP((#5466,#5467,#5511));
#6229=IFCFACEOUTERBOUND(#6228,.T.);
#6230=IFCFACE((#6229));
#6231=IFCPOLYLOOP((#5591,#5588,#5559));
#6232=IFCFACEOUTERBOUND(#6231,.T.);
#6233=IFCFACE((#6232));
#6234=IFCPOLYLOOP((#5626,#5627,#5574));
#6235=IFCFACEOUTERBOUND(#6234,.T.);
#6236=IFCFACE((#6235));
#6237=IFCPOLYLOOP((#5595,#5590,#5560));
#6238=IFCFACEOUTERBOUND(#6237,.T.);
#6239=IFCFACE((#6238));
#6240=IFCPOLYLOOP((#5597,#5593,#5561));
#6241=IFCFACEOUTERBOUND(#6240,.T.);
#6242=IFCFACE((#6241));
#6243=IFCPOLYLOOP((#5644,#5639,#5585));
#6244=IFCFACEOUTERBOUND(#6243,.T.);
#6245=IFCFACE((#6244));
#6246=IFCPOLYLOOP((#5570,#5617,#5533));
#6247=IFCFACEOUTERBOUND(#6246,.T.);
#6248=IFCFACE((#6247));
#6249=IFCPOLYLOOP((#5570,#5533,#5615,#5491));
#6250=IFCFACEOUTERBOUND(#6249,.T.);
#6251=IFCFACE((#6250));
#6252=IFCPOLYLOOP((#5568,#5612,#5531));
#6253=IFCFACEOUTERBOUND(#6252,.T.);
#6254=IFCFACE((#6253));
#6255=IFCPOLYLOOP((#5512,#5509,#5466));
#6256=IFCFACEOUTERBOUND(#6255,.T.);
#6257=IFCFACE((#6256));
#6258=IFCPOLYLOOP((#5516,#5517,#5499));
#6259=IFCFACEOUTERBOUND(#6258,.T.);
#6260=IFCFACE((#6259));
#6261=IFCPOLYLOOP((#5518,#5549,#5493));
#6262=IFCFACEOUTERBOUND(#6261,.T.);
#6263=IFCFACE((#6262));
#6264=IFCPOLYLOOP((#5496,#5512,#5515));
#6265=IFCFACEOUTERBOUND(#6264,.T.);
#6266=IFCFACE((#6265));
#6267=IFCPOLYLOOP((#5494,#5549,#5518));
#6268=IFCFACEOUTERBOUND(#6267,.T.);
#6269=IFCFACE((#6268));
#6270=IFCPOLYLOOP((#5469,#5517,#5516));
#6271=IFCFACEOUTERBOUND(#6270,.T.);
#6272=IFCFACE((#6271));
#6273=IFCPOLYLOOP((#5545,#5546,#5502));
#6274=IFCFACEOUTERBOUND(#6273,.T.);
#6275=IFCFACE((#6274));
#6276=IFCPOLYLOOP((#5572,#5535,#5620,#5501));
#6277=IFCFACEOUTERBOUND(#6276,.T.);
#6278=IFCFACE((#6277));
#6279=IFCPOLYLOOP((#5545,#5544,#5543));
#6280=IFCFACEOUTERBOUND(#6279,.T.);
#6281=IFCFACE((#6280));
#6282=IFCPOLYLOOP((#5637,#5638,#5582));
#6283=IFCFACEOUTERBOUND(#6282,.T.);
#6284=IFCFACE((#6283));
#6285=IFCPOLYLOOP((#5628,#5624,#5573));
#6286=IFCFACEOUTERBOUND(#6285,.T.);
#6287=IFCFACE((#6286));
#6288=IFCPOLYLOOP((#5626,#5584,#5556));
#6289=IFCFACEOUTERBOUND(#6288,.T.);
#6290=IFCFACE((#6289));
#6291=IFCPOLYLOOP((#5564,#5602,#5527));
#6292=IFCFACEOUTERBOUND(#6291,.T.);
#6293=IFCFACE((#6292));
#6294=IFCPOLYLOOP((#5564,#5527,#5600,#5507));
#6295=IFCFACEOUTERBOUND(#6294,.T.);
#6296=IFCFACE((#6295));
#6297=IFCPOLYLOOP((#5474,#5592,#5640,#5639));
#6298=IFCFACEOUTERBOUND(#6297,.T.);
#6299=IFCFACE((#6298));
#6300=IFCPOLYLOOP((#5509,#5465,#5466));
#6301=IFCFACEOUTERBOUND(#6300,.T.);
#6302=IFCFACE((#6301));
#6303=IFCPOLYLOOP((#5469,#5470,#5510));
#6304=IFCFACEOUTERBOUND(#6303,.T.);
#6305=IFCFACE((#6304));
#6306=IFCPOLYLOOP((#5511,#5512,#5466));
#6307=IFCFACEOUTERBOUND(#6306,.T.);
#6308=IFCFACE((#6307));
#6309=IFCPOLYLOOP((#5496,#5509,#5512));
#6310=IFCFACEOUTERBOUND(#6309,.T.);
#6311=IFCFACE((#6310));
#6312=IFCPOLYLOOP((#5515,#5483,#5514,#5496));
#6313=IFCFACEOUTERBOUND(#6312,.T.);
#6314=IFCFACE((#6313));
#6315=IFCPOLYLOOP((#5515,#5512,#5513));
#6316=IFCFACEOUTERBOUND(#6315,.T.);
#6317=IFCFACE((#6316));
#6318=IFCPOLYLOOP((#5637,#5587,#5559));
#6319=IFCFACEOUTERBOUND(#6318,.T.);
#6320=IFCFACE((#6319));
#6321=IFCPOLYLOOP((#5517,#5469,#5510));
#6322=IFCFACEOUTERBOUND(#6321,.T.);
#6323=IFCFACE((#6322));
#6324=IFCPOLYLOOP((#5510,#5498,#5517));
#6325=IFCFACEOUTERBOUND(#6324,.T.);
#6326=IFCFACE((#6325));
#6327=IFCPOLYLOOP((#5518,#5517,#5498));
#6328=IFCFACEOUTERBOUND(#6327,.T.);
#6329=IFCFACE((#6328));
#6330=IFCPOLYLOOP((#5494,#5518,#5498));
#6331=IFCFACEOUTERBOUND(#6330,.T.);
#6332=IFCFACE((#6331));
#6333=IFCPOLYLOOP((#5518,#5493,#5558,#5499));
#6334=IFCFACEOUTERBOUND(#6333,.T.);
#6335=IFCFACE((#6334));
#6336=IFCPOLYLOOP((#5515,#5520,#5483));
#6337=IFCFACEOUTERBOUND(#6336,.T.);
#6338=IFCFACE((#6337));
#6339=IFCPOLYLOOP((#5520,#5484,#5541));
#6340=IFCFACEOUTERBOUND(#6339,.T.);
#6341=IFCFACE((#6340));
#6342=IFCPOLYLOOP((#5540,#5481,#5542));
#6343=IFCFACEOUTERBOUND(#6342,.T.);
#6344=IFCFACE((#6343));
#6345=IFCPOLYLOOP((#5540,#5482,#5521));
#6346=IFCFACEOUTERBOUND(#6345,.T.);
#6347=IFCFACE((#6346));
#6348=IFCPOLYLOOP((#5520,#5548,#5483));
#6349=IFCFACEOUTERBOUND(#6348,.T.);
#6350=IFCFACE((#6349));
#6351=IFCPOLYLOOP((#5560,#5522,#5589,#5487));
#6352=IFCFACEOUTERBOUND(#6351,.T.);
#6353=IFCFACE((#6352));
#6354=IFCPOLYLOOP((#5640,#5592,#5561));
#6355=IFCFACEOUTERBOUND(#6354,.T.);
#6356=IFCFACE((#6355));
#6357=IFCPOLYLOOP((#5562,#5524,#5594));
#6358=IFCFACEOUTERBOUND(#6357,.T.);
#6359=IFCFACE((#6358));
#6360=IFCPOLYLOOP((#5598,#5602,#5601,#5526));
#6361=IFCFACEOUTERBOUND(#6360,.T.);
#6362=IFCFACE((#6361));
#6363=IFCPOLYLOOP((#5602,#5598,#5563));
#6364=IFCFACEOUTERBOUND(#6363,.T.);
#6365=IFCFACE((#6364));
#6366=IFCPOLYLOOP((#5565,#5476,#5603,#5528));
#6367=IFCFACEOUTERBOUND(#6366,.T.);
#6368=IFCFACE((#6367));
#6369=IFCPOLYLOOP((#5566,#5528,#5605,#5480));
#6370=IFCFACEOUTERBOUND(#6369,.T.);
#6371=IFCFACE((#6370));
#6372=IFCPOLYLOOP((#5530,#5567,#5612));
#6373=IFCFACEOUTERBOUND(#6372,.T.);
#6374=IFCFACE((#6373));
#6375=IFCPOLYLOOP((#5567,#5530,#5608,#5472));
#6376=IFCFACEOUTERBOUND(#6375,.T.);
#6377=IFCFACE((#6376));
#6378=IFCPOLYLOOP((#5613,#5617,#5616,#5532));
#6379=IFCFACEOUTERBOUND(#6378,.T.);
#6380=IFCFACE((#6379));
#6381=IFCPOLYLOOP((#5617,#5613,#5569));
#6382=IFCFACEOUTERBOUND(#6381,.T.);
#6383=IFCFACE((#6382));
#6384=IFCPOLYLOOP((#5534,#5571,#5622));
#6385=IFCFACEOUTERBOUND(#6384,.T.);
#6386=IFCFACE((#6385));
#6387=IFCPOLYLOOP((#5571,#5534,#5618,#5475));
#6388=IFCFACEOUTERBOUND(#6387,.T.);
#6389=IFCFACE((#6388));
#6390=IFCPOLYLOOP((#5573,#5473,#5623,#5536));
#6391=IFCFACEOUTERBOUND(#6390,.T.);
#6392=IFCFACE((#6391));
#6393=IFCPOLYLOOP((#5574,#5536,#5625,#5504));
#6394=IFCFACEOUTERBOUND(#6393,.T.);
#6395=IFCFACE((#6394));
#6396=IFCPOLYLOOP((#5575,#5480,#5629,#5538));
#6397=IFCFACEOUTERBOUND(#6396,.T.);
#6398=IFCFACE((#6397));
#6399=IFCPOLYLOOP((#5576,#5538,#5632,#5477));
#6400=IFCFACEOUTERBOUND(#6399,.T.);
#6401=IFCFACE((#6400));
#6402=IFCPOLYLOOP((#5548,#5540,#5521));
#6403=IFCFACEOUTERBOUND(#6402,.T.);
#6404=IFCFACE((#6403));
#6405=IFCPOLYLOOP((#5540,#5519,#5577,#5481));
#6406=IFCFACEOUTERBOUND(#6405,.T.);
#6407=IFCFACE((#6406));
#6408=IFCPOLYLOOP((#5546,#5501,#5578,#5502));
#6409=IFCFACEOUTERBOUND(#6408,.T.);
#6410=IFCFACE((#6409));
#6411=IFCPOLYLOOP((#5548,#5541,#5519));
#6412=IFCFACEOUTERBOUND(#6411,.T.);
#6413=IFCFACE((#6412));
#6414=IFCPOLYLOOP((#5545,#5547,#5542));
#6415=IFCFACEOUTERBOUND(#6414,.T.);
#6416=IFCFACE((#6415));
#6417=IFCPOLYLOOP((#5542,#5544,#5545));
#6418=IFCFACEOUTERBOUND(#6417,.T.);
#6419=IFCFACE((#6418));
#6420=IFCPOLYLOOP((#5542,#5481,#5544));
#6421=IFCFACEOUTERBOUND(#6420,.T.);
#6422=IFCFACE((#6421));
#6423=IFCPOLYLOOP((#5545,#5543,#5546));
#6424=IFCFACEOUTERBOUND(#6423,.T.);
#6425=IFCFACE((#6424));
#6426=IFCPOLYLOOP((#5483,#5548,#5521));
#6427=IFCFACEOUTERBOUND(#6426,.T.);
#6428=IFCFACE((#6427));
#6429=IFCPOLYLOOP((#5546,#5543,#5579,#5500));
#6430=IFCFACEOUTERBOUND(#6429,.T.);
#6431=IFCFACE((#6430));
#6432=IFCPOLYLOOP((#5572,#5546,#5500));
#6433=IFCFACEOUTERBOUND(#6432,.T.);
#6434=IFCFACE((#6433));
#6435=IFCPOLYLOOP((#5547,#5545,#5502));
#6436=IFCFACEOUTERBOUND(#6435,.T.);
#6437=IFCFACE((#6436));
#6438=IFCPOLYLOOP((#5547,#5482,#5542));
#6439=IFCFACEOUTERBOUND(#6438,.T.);
#6440=IFCFACE((#6439));
#6441=IFCPOLYLOOP((#5541,#5548,#5520));
#6442=IFCFACEOUTERBOUND(#6441,.T.);
#6443=IFCFACE((#6442));
#6444=IFCPOLYLOOP((#5552,#5554,#5495));
#6445=IFCFACEOUTERBOUND(#6444,.T.);
#6446=IFCFACE((#6445));
#6447=IFCPOLYLOOP((#5495,#5553,#5552));
#6448=IFCFACEOUTERBOUND(#6447,.T.);
#6449=IFCFACE((#6448));
#6450=IFCPOLYLOOP((#5552,#5553,#5550));
#6451=IFCFACEOUTERBOUND(#6450,.T.);
#6452=IFCFACE((#6451));
#6453=IFCPOLYLOOP((#5554,#5552,#5549));
#6454=IFCFACEOUTERBOUND(#6453,.T.);
#6455=IFCFACE((#6454));
#6456=IFCPOLYLOOP((#5551,#5493,#5549));
#6457=IFCFACEOUTERBOUND(#6456,.T.);
#6458=IFCFACE((#6457));
#6459=IFCPOLYLOOP((#5553,#5495,#5580,#5478));
#6460=IFCFACEOUTERBOUND(#6459,.T.);
#6461=IFCFACE((#6460));
#6462=IFCPOLYLOOP((#5630,#5635,#5539));
#6463=IFCFACEOUTERBOUND(#6462,.T.);
#6464=IFCFACE((#6463));
#6465=IFCPOLYLOOP((#5633,#5581,#5553));
#6466=IFCFACEOUTERBOUND(#6465,.T.);
#6467=IFCFACE((#6466));
#6468=IFCPOLYLOOP((#5549,#5494,#5554));
#6469=IFCFACEOUTERBOUND(#6468,.T.);
#6470=IFCFACE((#6469));
#6471=IFCPOLYLOOP((#5624,#5628,#5537));
#6472=IFCFACEOUTERBOUND(#6471,.T.);
#6473=IFCFACE((#6472));
#6474=IFCPOLYLOOP((#5556,#5555,#5583,#5503));
#6475=IFCFACEOUTERBOUND(#6474,.T.);
#6476=IFCFACE((#6475));
#6477=IFCPOLYLOOP((#5582,#5556,#5505));
#6478=IFCFACEOUTERBOUND(#6477,.T.);
#6479=IFCFACE((#6478));
#6480=IFCPOLYLOOP((#5522,#5560,#5591));
#6481=IFCFACEOUTERBOUND(#6480,.T.);
#6482=IFCFACE((#6481));
#6483=IFCPOLYLOOP((#5586,#5557,#5642,#5506));
#6484=IFCFACEOUTERBOUND(#6483,.T.);
#6485=IFCFACE((#6484));
#6486=IFCPOLYLOOP((#5471,#5640,#5561));
#6487=IFCFACEOUTERBOUND(#6486,.T.);
#6488=IFCFACE((#6487));
#6489=IFCPOLYLOOP((#5593,#5597,#5596,#5525));
#6490=IFCFACEOUTERBOUND(#6489,.T.);
#6491=IFCFACE((#6490));
#6492=IFCPOLYLOOP((#5560,#5590,#5591));
#6493=IFCFACEOUTERBOUND(#6492,.T.);
#6494=IFCFACE((#6493));
#6495=IFCPOLYLOOP((#5524,#5562,#5597));
#6496=IFCFACEOUTERBOUND(#6495,.T.);
#6497=IFCFACE((#6496));
#6498=IFCPOLYLOOP((#5640,#5471,#5585));
#6499=IFCFACEOUTERBOUND(#6498,.T.);
#6500=IFCFACE((#6499));
#6501=IFCPOLYLOOP((#5594,#5595,#5562));
#6502=IFCFACEOUTERBOUND(#6501,.T.);
#6503=IFCFACE((#6502));
#6504=IFCPOLYLOOP((#5562,#5596,#5597));
#6505=IFCFACEOUTERBOUND(#6504,.T.);
#6506=IFCFACE((#6505));
#6507=IFCPOLYLOOP((#5569,#5563,#5490));
#6508=IFCFACEOUTERBOUND(#6507,.T.);
#6509=IFCFACE((#6508));
#6510=IFCPOLYLOOP((#5563,#5489,#5599,#5527));
#6511=IFCFACEOUTERBOUND(#6510,.T.);
#6512=IFCFACE((#6511));
#6513=IFCPOLYLOOP((#5586,#5564,#5507));
#6514=IFCFACEOUTERBOUND(#6513,.T.);
#6515=IFCFACE((#6514));
#6516=IFCPOLYLOOP((#5564,#5506,#5601));
#6517=IFCFACEOUTERBOUND(#6516,.T.);
#6518=IFCFACE((#6517));
#6519=IFCPOLYLOOP((#5528,#5566,#5607));
#6520=IFCFACEOUTERBOUND(#6519,.T.);
#6521=IFCFACE((#6520));
#6522=IFCPOLYLOOP((#5573,#5565,#5473));
#6523=IFCFACEOUTERBOUND(#6522,.T.);
#6524=IFCFACE((#6523));
#6525=IFCPOLYLOOP((#5480,#5575,#5631));
#6526=IFCFACEOUTERBOUND(#6525,.T.);
#6527=IFCFACE((#6526));
#6528=IFCPOLYLOOP((#5607,#5566,#5529));
#6529=IFCFACEOUTERBOUND(#6528,.T.);
#6530=IFCFACE((#6529));
#6531=IFCPOLYLOOP((#5571,#5567,#5472));
#6532=IFCFACEOUTERBOUND(#6531,.T.);
#6533=IFCFACE((#6532));
#6534=IFCPOLYLOOP((#5567,#5475,#5609));
#6535=IFCFACEOUTERBOUND(#6534,.T.);
#6536=IFCFACE((#6535));
#6537=IFCPOLYLOOP((#5570,#5568,#5492));
#6538=IFCFACEOUTERBOUND(#6537,.T.);
#6539=IFCFACE((#6538));
#6540=IFCPOLYLOOP((#5568,#5491,#5611));
#6541=IFCFACEOUTERBOUND(#6540,.T.);
#6542=IFCFACE((#6541));
#6543=IFCPOLYLOOP((#5563,#5569,#5489));
#6544=IFCFACEOUTERBOUND(#6543,.T.);
#6545=IFCFACE((#6544));
#6546=IFCPOLYLOOP((#5569,#5490,#5614));
#6547=IFCFACEOUTERBOUND(#6546,.T.);
#6548=IFCFACE((#6547));
#6549=IFCPOLYLOOP((#5568,#5570,#5491));
#6550=IFCFACEOUTERBOUND(#6549,.T.);
#6551=IFCFACE((#6550));
#6552=IFCPOLYLOOP((#5570,#5492,#5616));
#6553=IFCFACEOUTERBOUND(#6552,.T.);
#6554=IFCFACE((#6553));
#6555=IFCPOLYLOOP((#5567,#5571,#5475));
#6556=IFCFACEOUTERBOUND(#6555,.T.);
#6557=IFCFACE((#6556));
#6558=IFCPOLYLOOP((#5571,#5472,#5619));
#6559=IFCFACEOUTERBOUND(#6558,.T.);
#6560=IFCFACE((#6559));
#6561=IFCPOLYLOOP((#5546,#5572,#5501));
#6562=IFCFACEOUTERBOUND(#6561,.T.);
#6563=IFCFACE((#6562));
#6564=IFCPOLYLOOP((#5572,#5500,#5621));
#6565=IFCFACEOUTERBOUND(#6564,.T.);
#6566=IFCFACE((#6565));
#6567=IFCPOLYLOOP((#5536,#5574,#5628));
#6568=IFCFACEOUTERBOUND(#6567,.T.);
#6569=IFCFACE((#6568));
#6570=IFCPOLYLOOP((#5565,#5573,#5476));
#6571=IFCFACEOUTERBOUND(#6570,.T.);
#6572=IFCFACE((#6571));
#6573=IFCPOLYLOOP((#5574,#5504,#5626));
#6574=IFCFACEOUTERBOUND(#6573,.T.);
#6575=IFCFACE((#6574));
#6576=IFCPOLYLOOP((#5628,#5574,#5537));
#6577=IFCFACEOUTERBOUND(#6576,.T.);
#6578=IFCFACE((#6577));
#6579=IFCPOLYLOOP((#5538,#5576,#5635));
#6580=IFCFACEOUTERBOUND(#6579,.T.);
#6581=IFCFACE((#6580));
#6582=IFCPOLYLOOP((#5631,#5575,#5479));
#6583=IFCFACEOUTERBOUND(#6582,.T.);
#6584=IFCFACE((#6583));
#6585=IFCPOLYLOOP((#5576,#5477,#5633));
#6586=IFCFACEOUTERBOUND(#6585,.T.);
#6587=IFCFACE((#6586));
#6588=IFCPOLYLOOP((#5635,#5576,#5539));
#6589=IFCFACEOUTERBOUND(#6588,.T.);
#6590=IFCFACE((#6589));
#6591=IFCPOLYLOOP((#5636,#5637,#5582));
#6592=IFCFACEOUTERBOUND(#6591,.T.);
#6593=IFCFACE((#6592));
#6594=IFCPOLYLOOP((#5581,#5550,#5553));
#6595=IFCFACEOUTERBOUND(#6594,.T.);
#6596=IFCFACE((#6595));
#6597=IFCPOLYLOOP((#5556,#5582,#5555));
#6598=IFCFACEOUTERBOUND(#6597,.T.);
#6599=IFCFACE((#6598));
#6600=IFCPOLYLOOP((#5585,#5471,#5641,#5557));
#6601=IFCFACEOUTERBOUND(#6600,.T.);
#6602=IFCFACE((#6601));
#6603=IFCPOLYLOOP((#5584,#5505,#5556));
#6604=IFCFACEOUTERBOUND(#6603,.T.);
#6605=IFCFACE((#6604));
#6606=IFCPOLYLOOP((#5644,#5557,#5586));
#6607=IFCFACEOUTERBOUND(#6606,.T.);
#6608=IFCFACE((#6607));
#6609=IFCPOLYLOOP((#5564,#5586,#5506));
#6610=IFCFACEOUTERBOUND(#6609,.T.);
#6611=IFCFACE((#6610));
#6612=IFCPOLYLOOP((#5586,#5507,#5643));
#6613=IFCFACEOUTERBOUND(#6612,.T.);
#6614=IFCFACE((#6613));
#6615=IFCPOLYLOOP((#5588,#5591,#5590,#5523));
#6616=IFCFACEOUTERBOUND(#6615,.T.);
#6617=IFCFACE((#6616));
#6618=IFCPOLYLOOP((#5522,#5559,#5587));
#6619=IFCFACEOUTERBOUND(#6618,.T.);
#6620=IFCFACE((#6619));
#6621=IFCPOLYLOOP((#5588,#5485,#5559));
#6622=IFCFACEOUTERBOUND(#6621,.T.);
#6623=IFCFACE((#6622));
#6624=IFCPOLYLOOP((#5522,#5591,#5559));
#6625=IFCFACEOUTERBOUND(#6624,.T.);
#6626=IFCFACE((#6625));
#6627=IFCPOLYLOOP((#5590,#5595,#5594,#5488));
#6628=IFCFACEOUTERBOUND(#6627,.T.);
#6629=IFCFACE((#6628));
#6630=IFCPOLYLOOP((#5592,#5524,#5561));
#6631=IFCFACEOUTERBOUND(#6630,.T.);
#6632=IFCFACE((#6631));
#6633=IFCPOLYLOOP((#5593,#5471,#5561));
#6634=IFCFACEOUTERBOUND(#6633,.T.);
#6635=IFCFACE((#6634));
#6636=IFCPOLYLOOP((#5487,#5595,#5560));
#6637=IFCFACEOUTERBOUND(#6636,.T.);
#6638=IFCFACE((#6637));
#6639=IFCPOLYLOOP((#5487,#5562,#5595));
#6640=IFCFACEOUTERBOUND(#6639,.T.);
#6641=IFCFACE((#6640));
#6642=IFCPOLYLOOP((#5524,#5597,#5561));
#6643=IFCFACEOUTERBOUND(#6642,.T.);
#6644=IFCFACE((#6643));
#6645=IFCPOLYLOOP((#5527,#5602,#5563));
#6646=IFCFACEOUTERBOUND(#6645,.T.);
#6647=IFCFACE((#6646));
#6648=IFCPOLYLOOP((#5490,#5563,#5598));
#6649=IFCFACEOUTERBOUND(#6648,.T.);
#6650=IFCFACE((#6649));
#6651=IFCPOLYLOOP((#5601,#5602,#5564));
#6652=IFCFACEOUTERBOUND(#6651,.T.);
#6653=IFCFACE((#6652));
#6654=IFCPOLYLOOP((#5604,#5607,#5529));
#6655=IFCFACEOUTERBOUND(#6654,.T.);
#6656=IFCFACE((#6655));
#6657=IFCPOLYLOOP((#5604,#5473,#5565));
#6658=IFCFACEOUTERBOUND(#6657,.T.);
#6659=IFCFACE((#6658));
#6660=IFCPOLYLOOP((#5606,#5529,#5566));
#6661=IFCFACEOUTERBOUND(#6660,.T.);
#6662=IFCFACE((#6661));
#6663=IFCPOLYLOOP((#5528,#5607,#5565));
#6664=IFCFACEOUTERBOUND(#6663,.T.);
#6665=IFCFACE((#6664));
#6666=IFCPOLYLOOP((#5612,#5567,#5609));
#6667=IFCFACEOUTERBOUND(#6666,.T.);
#6668=IFCFACE((#6667));
#6669=IFCPOLYLOOP((#5612,#5609,#5531));
#6670=IFCFACEOUTERBOUND(#6669,.T.);
#6671=IFCFACE((#6670));
#6672=IFCPOLYLOOP((#5612,#5611,#5530));
#6673=IFCFACEOUTERBOUND(#6672,.T.);
#6674=IFCFACE((#6673));
#6675=IFCPOLYLOOP((#5611,#5612,#5568));
#6676=IFCFACEOUTERBOUND(#6675,.T.);
#6677=IFCFACE((#6676));
#6678=IFCPOLYLOOP((#5617,#5569,#5614));
#6679=IFCFACEOUTERBOUND(#6678,.T.);
#6680=IFCFACE((#6679));
#6681=IFCPOLYLOOP((#5613,#5489,#5569));
#6682=IFCFACEOUTERBOUND(#6681,.T.);
#6683=IFCFACE((#6682));
#6684=IFCPOLYLOOP((#5617,#5614,#5533));
#6685=IFCFACEOUTERBOUND(#6684,.T.);
#6686=IFCFACE((#6685));
#6687=IFCPOLYLOOP((#5616,#5617,#5570));
#6688=IFCFACEOUTERBOUND(#6687,.T.);
#6689=IFCFACE((#6688));
#6690=IFCPOLYLOOP((#5622,#5571,#5619));
#6691=IFCFACEOUTERBOUND(#6690,.T.);
#6692=IFCFACE((#6691));
#6693=IFCPOLYLOOP((#5622,#5619,#5535));
#6694=IFCFACEOUTERBOUND(#6693,.T.);
#6695=IFCFACE((#6694));
#6696=IFCPOLYLOOP((#5622,#5621,#5534));
#6697=IFCFACEOUTERBOUND(#6696,.T.);
#6698=IFCFACE((#6697));
#6699=IFCPOLYLOOP((#5621,#5622,#5572));
#6700=IFCFACEOUTERBOUND(#6699,.T.);
#6701=IFCFACE((#6700));
#6702=IFCPOLYLOOP((#5584,#5626,#5504));
#6703=IFCFACEOUTERBOUND(#6702,.T.);
#6704=IFCFACE((#6703));
#6705=IFCPOLYLOOP((#5624,#5476,#5573));
#6706=IFCFACEOUTERBOUND(#6705,.T.);
#6707=IFCFACE((#6706));
#6708=IFCPOLYLOOP((#5503,#5626,#5556));
#6709=IFCFACEOUTERBOUND(#6708,.T.);
#6710=IFCFACE((#6709));
#6711=IFCPOLYLOOP((#5627,#5626,#5503));
#6712=IFCFACEOUTERBOUND(#6711,.T.);
#6713=IFCFACE((#6712));
#6714=IFCPOLYLOOP((#5627,#5537,#5574));
#6715=IFCFACEOUTERBOUND(#6714,.T.);
#6716=IFCFACE((#6715));
#6717=IFCPOLYLOOP((#5536,#5628,#5573));
#6718=IFCFACEOUTERBOUND(#6717,.T.);
#6719=IFCFACE((#6718));
#6720=IFCPOLYLOOP((#5606,#5631,#5479));
#6721=IFCFACEOUTERBOUND(#6720,.T.);
#6722=IFCFACE((#6721));
#6723=IFCPOLYLOOP((#5630,#5479,#5575));
#6724=IFCFACEOUTERBOUND(#6723,.T.);
#6725=IFCFACE((#6724));
#6726=IFCPOLYLOOP((#5480,#5631,#5566));
#6727=IFCFACEOUTERBOUND(#6726,.T.);
#6728=IFCFACE((#6727));
#6729=IFCPOLYLOOP((#5581,#5633,#5477));
#6730=IFCFACEOUTERBOUND(#6729,.T.);
#6731=IFCFACE((#6730));
#6732=IFCPOLYLOOP((#5478,#5633,#5553));
#6733=IFCFACEOUTERBOUND(#6732,.T.);
#6734=IFCFACE((#6733));
#6735=IFCPOLYLOOP((#5634,#5633,#5478));
#6736=IFCFACEOUTERBOUND(#6735,.T.);
#6737=IFCFACE((#6736));
#6738=IFCPOLYLOOP((#5634,#5539,#5576));
#6739=IFCFACEOUTERBOUND(#6738,.T.);
#6740=IFCFACE((#6739));
#6741=IFCPOLYLOOP((#5538,#5635,#5575));
#6742=IFCFACEOUTERBOUND(#6741,.T.);
#6743=IFCFACE((#6742));
#6744=IFCPOLYLOOP((#5587,#5637,#5636,#5486));
#6745=IFCFACEOUTERBOUND(#6744,.T.);
#6746=IFCFACE((#6745));
#6747=IFCPOLYLOOP((#5485,#5637,#5559));
#6748=IFCFACEOUTERBOUND(#6747,.T.);
#6749=IFCFACE((#6748));
#6750=IFCPOLYLOOP((#5638,#5637,#5485));
#6751=IFCFACEOUTERBOUND(#6750,.T.);
#6752=IFCFACE((#6751));
#6753=IFCPOLYLOOP((#5638,#5555,#5582));
#6754=IFCFACEOUTERBOUND(#6753,.T.);
#6755=IFCFACE((#6754));
#6756=IFCPOLYLOOP((#5639,#5640,#5585));
#6757=IFCFACEOUTERBOUND(#6756,.T.);
#6758=IFCFACE((#6757));
#6759=IFCPOLYLOOP((#5557,#5644,#5585));
#6760=IFCFACEOUTERBOUND(#6759,.T.);
#6761=IFCFACE((#6760));
#6762=IFCPOLYLOOP((#5643,#5644,#5586));
#6763=IFCFACEOUTERBOUND(#6762,.T.);
#6764=IFCFACE((#6763));
#6765=IFCPOLYLOOP((#5645,#5465,#5509,#5496,#5514,#5483,#5521,#5482,#5547,#5502,#5578,#5501,#5620,#5535,#5619,#5472,#5608,#5530,#5611,#5491,#5615,#5533,#5614,#5490,#5598,#5526,#5601,#5506,#5642,#5557,#5641,#5471,#5593,#5525,#5596,#5487,#5589,#5522,#5587,#5486,#5636,#5505,#5584,#5504,#5625,#5536,#5623,#5473,#5604,#5529,#5606,#5479,#5630,#5539,#5634,#5478,#5580,#5495,#5554,#5494,#5498,#5510,#5470,#5646));
#6766=IFCFACEOUTERBOUND(#6765,.T.);
#6767=IFCFACE((#6766));
#6768=IFCPOLYLOOP((#5409,#5408,#5647,#5648));
#6769=IFCFACEOUTERBOUND(#6768,.T.);
#6770=IFCFACE((#6769));
#6771=IFCPOLYLOOP((#5412,#5649,#5650,#5653,#5655,#5413));
#6772=IFCFACEOUTERBOUND(#6771,.T.);
#6773=IFCFACE((#6772));
#6774=IFCPOLYLOOP((#5656,#5658,#5654,#5657));
#6775=IFCFACEOUTERBOUND(#6774,.T.);
#6776=IFCFACE((#6775));
#6777=IFCPOLYLOOP((#5657,#5416,#5659));
#6778=IFCFACEOUTERBOUND(#6777,.T.);
#6779=IFCFACE((#6778));
#6780=IFCPOLYLOOP((#5650,#5651,#5660));
#6781=IFCFACEOUTERBOUND(#6780,.T.);
#6782=IFCFACE((#6781));
#6783=IFCPOLYLOOP((#5656,#5653,#5660));
#6784=IFCFACEOUTERBOUND(#6783,.T.);
#6785=IFCFACE((#6784));
#6786=IFCPOLYLOOP((#5413,#5655,#5659));
#6787=IFCFACEOUTERBOUND(#6786,.T.);
#6788=IFCFACE((#6787));
#6789=IFCPOLYLOOP((#5656,#5655,#5653));
#6790=IFCFACEOUTERBOUND(#6789,.T.);
#6791=IFCFACE((#6790));
#6792=IFCPOLYLOOP((#5658,#5656,#5660));
#6793=IFCFACEOUTERBOUND(#6792,.T.);
#6794=IFCFACE((#6793));
#6795=IFCPOLYLOOP((#5657,#5659,#5656));
#6796=IFCFACEOUTERBOUND(#6795,.T.);
#6797=IFCFACE((#6796));
#6798=IFCPOLYLOOP((#5659,#5655,#5656));
#6799=IFCFACEOUTERBOUND(#6798,.T.);
#6800=IFCFACE((#6799));
#6801=IFCPOLYLOOP((#5657,#5417,#5416));
#6802=IFCFACEOUTERBOUND(#6801,.T.);
#6803=IFCFACE((#6802));
#6804=IFCPOLYLOOP((#5651,#5652,#5658));
#6805=IFCFACEOUTERBOUND(#6804,.T.);
#6806=IFCFACE((#6805));
#6807=IFCPOLYLOOP((#5413,#5659,#5416));
#6808=IFCFACEOUTERBOUND(#6807,.T.);
#6809=IFCFACE((#6808));
#6810=IFCPOLYLOOP((#5650,#5660,#5653));
#6811=IFCFACEOUTERBOUND(#6810,.T.);
#6812=IFCFACE((#6811));
#6813=IFCPOLYLOOP((#5658,#5660,#5651));
#6814=IFCFACEOUTERBOUND(#6813,.T.);
#6815=IFCFACE((#6814));
#6816=IFCPOLYLOOP((#5671,#5676,#5680));
#6817=IFCFACEOUTERBOUND(#6816,.T.);
#6818=IFCFACE((#6817));
#6819=IFCPOLYLOOP((#5692,#5691,#5687));
#6820=IFCFACEOUTERBOUND(#6819,.T.);
#6821=IFCFACE((#6820));
#6822=IFCPOLYLOOP((#5681,#5693,#5674));
#6823=IFCFACEOUTERBOUND(#6822,.T.);
#6824=IFCFACE((#6823));
#6825=IFCPOLYLOOP((#5687,#5666,#5685));
#6826=IFCFACEOUTERBOUND(#6825,.T.);
#6827=IFCFACE((#6826));
#6828=IFCPOLYLOOP((#5667,#5681,#5674));
#6829=IFCFACEOUTERBOUND(#6828,.T.);
#6830=IFCFACE((#6829));
#6831=IFCPOLYLOOP((#5684,#5688,#5681));
#6832=IFCFACEOUTERBOUND(#6831,.T.);
#6833=IFCFACE((#6832));
#6834=IFCPOLYLOOP((#5662,#5678,#5693));
#6835=IFCFACEOUTERBOUND(#6834,.T.);
#6836=IFCFACE((#6835));
#6837=IFCPOLYLOOP((#5677,#5685,#5666));
#6838=IFCFACEOUTERBOUND(#6837,.T.);
#6839=IFCFACE((#6838));
#6840=IFCPOLYLOOP((#5668,#5685,#5673));
#6841=IFCFACEOUTERBOUND(#6840,.T.);
#6842=IFCFACE((#6841));
#6843=IFCPOLYLOOP((#5665,#5691,#5686));
#6844=IFCFACEOUTERBOUND(#6843,.T.);
#6845=IFCFACE((#6844));
#6846=IFCPOLYLOOP((#5684,#5681,#5667));
#6847=IFCFACEOUTERBOUND(#6846,.T.);
#6848=IFCFACE((#6847));
#6849=IFCPOLYLOOP((#5671,#5680,#5689));
#6850=IFCFACEOUTERBOUND(#6849,.T.);
#6851=IFCFACE((#6850));
#6852=IFCPOLYLOOP((#5672,#5673,#5689));
#6853=IFCFACEOUTERBOUND(#6852,.T.);
#6854=IFCFACE((#6853));
#6855=IFCPOLYLOOP((#5673,#5685,#5689));
#6856=IFCFACEOUTERBOUND(#6855,.T.);
#6857=IFCFACE((#6856));
#6858=IFCPOLYLOOP((#5661,#5662,#5693));
#6859=IFCFACEOUTERBOUND(#6858,.T.);
#6860=IFCFACE((#6859));
#6861=IFCPOLYLOOP((#5469,#5468,#5679));
#6862=IFCFACEOUTERBOUND(#6861,.T.);
#6863=IFCFACE((#6862));
#6864=IFCPOLYLOOP((#5672,#5680,#5679));
#6865=IFCFACEOUTERBOUND(#6864,.T.);
#6866=IFCFACE((#6865));
#6867=IFCPOLYLOOP((#5676,#5470,#5469));
#6868=IFCFACEOUTERBOUND(#6867,.T.);
#6869=IFCFACE((#6868));
#6870=IFCPOLYLOOP((#5662,#5663,#5678));
#6871=IFCFACEOUTERBOUND(#6870,.T.);
#6872=IFCFACE((#6871));
#6873=IFCPOLYLOOP((#5681,#5670,#5693));
#6874=IFCFACEOUTERBOUND(#6873,.T.);
#6875=IFCFACE((#6874));
#6876=IFCPOLYLOOP((#5679,#5680,#5469));
#6877=IFCFACEOUTERBOUND(#6876,.T.);
#6878=IFCFACE((#6877));
#6879=IFCPOLYLOOP((#5469,#5680,#5676));
#6880=IFCFACEOUTERBOUND(#6879,.T.);
#6881=IFCFACE((#6880));
#6882=IFCPOLYLOOP((#5670,#5681,#5688));
#6883=IFCFACEOUTERBOUND(#6882,.T.);
#6884=IFCFACE((#6883));
#6885=IFCPOLYLOOP((#5693,#5670,#5675,#5661));
#6886=IFCFACEOUTERBOUND(#6885,.T.);
#6887=IFCFACE((#6886));
#6888=IFCPOLYLOOP((#5667,#5682,#5684));
#6889=IFCFACEOUTERBOUND(#6888,.T.);
#6890=IFCFACE((#6889));
#6891=IFCPOLYLOOP((#5683,#5686,#5691));
#6892=IFCFACEOUTERBOUND(#6891,.T.);
#6893=IFCFACE((#6892));
#6894=IFCPOLYLOOP((#5664,#5686,#5683));
#6895=IFCFACEOUTERBOUND(#6894,.T.);
#6896=IFCFACE((#6895));
#6897=IFCPOLYLOOP((#5686,#5684,#5682));
#6898=IFCFACEOUTERBOUND(#6897,.T.);
#6899=IFCFACE((#6898));
#6900=IFCPOLYLOOP((#5685,#5668,#5687));
#6901=IFCFACEOUTERBOUND(#6900,.T.);
#6902=IFCFACE((#6901));
#6903=IFCPOLYLOOP((#5677,#5671,#5689));
#6904=IFCFACEOUTERBOUND(#6903,.T.);
#6905=IFCFACE((#6904));
#6906=IFCPOLYLOOP((#5684,#5686,#5664));
#6907=IFCFACEOUTERBOUND(#6906,.T.);
#6908=IFCFACE((#6907));
#6909=IFCPOLYLOOP((#5665,#5686,#5682));
#6910=IFCFACEOUTERBOUND(#6909,.T.);
#6911=IFCFACE((#6910));
#6912=IFCPOLYLOOP((#5691,#5692,#5669,#5683));
#6913=IFCFACEOUTERBOUND(#6912,.T.);
#6914=IFCFACE((#6913));
#6915=IFCPOLYLOOP((#5687,#5691,#5690));
#6916=IFCFACEOUTERBOUND(#6915,.T.);
#6917=IFCFACE((#6916));
#6918=IFCPOLYLOOP((#5684,#5664,#5688));
#6919=IFCFACEOUTERBOUND(#6918,.T.);
#6920=IFCFACE((#6919));
#6921=IFCPOLYLOOP((#5689,#5680,#5672));
#6922=IFCFACEOUTERBOUND(#6921,.T.);
#6923=IFCFACE((#6922));
#6924=IFCPOLYLOOP((#5677,#5689,#5685));
#6925=IFCFACEOUTERBOUND(#6924,.T.);
#6926=IFCFACE((#6925));
#6927=IFCPOLYLOOP((#5690,#5691,#5665));
#6928=IFCFACEOUTERBOUND(#6927,.T.);
#6929=IFCFACE((#6928));
#6930=IFCPOLYLOOP((#5690,#5666,#5687));
#6931=IFCFACEOUTERBOUND(#6930,.T.);
#6932=IFCFACE((#6931));
#6933=IFCPOLYLOOP((#5687,#5668,#5692));
#6934=IFCFACEOUTERBOUND(#6933,.T.);
#6935=IFCFACE((#6934));
#6936=IFCPOLYLOOP((#5693,#5678,#5674));
#6937=IFCFACEOUTERBOUND(#6936,.T.);
#6938=IFCFACE((#6937));
#6939=IFCPOLYLOOP((#5646,#5470,#5676,#5671,#5677,#5666,#5690,#5665,#5682,#5667,#5674,#5678,#5663,#5694));
#6940=IFCFACEOUTERBOUND(#6939,.T.);
#6941=IFCFACE((#6940));
#6942=IFCPOLYLOOP((#5648,#5647,#5695,#5696));
#6943=IFCFACEOUTERBOUND(#6942,.T.);
#6944=IFCFACE((#6943));
#6945=IFCPOLYLOOP((#5650,#5649,#5697,#5698,#5709,#5708,#5732,#5706,#5719,#5718,#5727,#5704,#5741,#5714,#5736,#5705,#5712,#5711,#5721));
#6946=IFCFACEOUTERBOUND(#6945,.T.);
#6947=IFCFACE((#6946));
#6948=IFCPOLYLOOP((#5729,#5720,#5707));
#6949=IFCFACEOUTERBOUND(#6948,.T.);
#6950=IFCFACE((#6949));
#6951=IFCPOLYLOOP((#5722,#5738,#5734));
#6952=IFCFACEOUTERBOUND(#6951,.T.);
#6953=IFCFACE((#6952));
#6954=IFCPOLYLOOP((#5721,#5745,#5746));
#6955=IFCFACEOUTERBOUND(#6954,.T.);
#6956=IFCFACE((#6955));
#6957=IFCPOLYLOOP((#5707,#5731,#5729));
#6958=IFCFACEOUTERBOUND(#6957,.T.);
#6959=IFCFACE((#6958));
#6960=IFCPOLYLOOP((#5745,#5721,#5711));
#6961=IFCFACEOUTERBOUND(#6960,.T.);
#6962=IFCFACE((#6961));
#6963=IFCPOLYLOOP((#5723,#5724,#5725));
#6964=IFCFACEOUTERBOUND(#6963,.T.);
#6965=IFCFACE((#6964));
#6966=IFCPOLYLOOP((#5712,#5705,#5734));
#6967=IFCFACEOUTERBOUND(#6966,.T.);
#6968=IFCFACE((#6967));
#6969=IFCPOLYLOOP((#5715,#5716,#5737));
#6970=IFCFACEOUTERBOUND(#6969,.T.);
#6971=IFCFACE((#6970));
#6972=IFCPOLYLOOP((#5726,#5728,#5747));
#6973=IFCFACEOUTERBOUND(#6972,.T.);
#6974=IFCFACE((#6973));
#6975=IFCPOLYLOOP((#5741,#5742,#5739));
#6976=IFCFACEOUTERBOUND(#6975,.T.);
#6977=IFCFACE((#6976));
#6978=IFCPOLYLOOP((#5744,#5731,#5730));
#6979=IFCFACEOUTERBOUND(#6978,.T.);
#6980=IFCFACE((#6979));
#6981=IFCPOLYLOOP((#5733,#5698,#5699));
#6982=IFCFACEOUTERBOUND(#6981,.T.);
#6983=IFCFACE((#6982));
#6984=IFCPOLYLOOP((#5720,#5729,#5733));
#6985=IFCFACEOUTERBOUND(#6984,.T.);
#6986=IFCFACE((#6985));
#6987=IFCPOLYLOOP((#5746,#5745,#5713));
#6988=IFCFACEOUTERBOUND(#6987,.T.);
#6989=IFCFACE((#6988));
#6990=IFCPOLYLOOP((#5715,#5737,#5739));
#6991=IFCFACEOUTERBOUND(#6990,.T.);
#6992=IFCFACE((#6991));
#6993=IFCPOLYLOOP((#5738,#5712,#5734));
#6994=IFCFACEOUTERBOUND(#6993,.T.);
#6995=IFCFACE((#6994));
#6996=IFCPOLYLOOP((#5650,#5721,#5746));
#6997=IFCFACEOUTERBOUND(#6996,.T.);
#6998=IFCFACE((#6997));
#6999=IFCPOLYLOOP((#5652,#5651,#5746));
#7000=IFCFACEOUTERBOUND(#6999,.T.);
#7001=IFCFACE((#7000));
#7002=IFCPOLYLOOP((#5735,#5702,#5734));
#7003=IFCFACEOUTERBOUND(#7002,.T.);
#7004=IFCFACE((#7003));
#7005=IFCPOLYLOOP((#5737,#5735,#5736));
#7006=IFCFACEOUTERBOUND(#7005,.T.);
#7007=IFCFACE((#7006));
#7008=IFCPOLYLOOP((#5703,#5723,#5725));
#7009=IFCFACEOUTERBOUND(#7008,.T.);
#7010=IFCFACE((#7009));
#7011=IFCPOLYLOOP((#5718,#5724,#5726));
#7012=IFCFACEOUTERBOUND(#7011,.T.);
#7013=IFCFACE((#7012));
#7014=IFCPOLYLOOP((#5718,#5719,#5724));
#7015=IFCFACEOUTERBOUND(#7014,.T.);
#7016=IFCFACE((#7015));
#7017=IFCPOLYLOOP((#5700,#5720,#5733));
#7018=IFCFACEOUTERBOUND(#7017,.T.);
#7019=IFCFACE((#7018));
#7020=IFCPOLYLOOP((#5729,#5708,#5709));
#7021=IFCFACEOUTERBOUND(#7020,.T.);
#7022=IFCFACE((#7021));
#7023=IFCPOLYLOOP((#5724,#5717,#5726));
#7024=IFCFACEOUTERBOUND(#7023,.T.);
#7025=IFCFACE((#7024));
#7026=IFCPOLYLOOP((#5738,#5710,#5745));
#7027=IFCFACEOUTERBOUND(#7026,.T.);
#7028=IFCFACE((#7027));
#7029=IFCPOLYLOOP((#5717,#5724,#5723));
#7030=IFCFACEOUTERBOUND(#7029,.T.);
#7031=IFCFACE((#7030));
#7032=IFCPOLYLOOP((#5725,#5724,#5719));
#7033=IFCFACEOUTERBOUND(#7032,.T.);
#7034=IFCFACE((#7033));
#7035=IFCPOLYLOOP((#5719,#5706,#5725));
#7036=IFCFACEOUTERBOUND(#7035,.T.);
#7037=IFCFACE((#7036));
#7038=IFCPOLYLOOP((#5725,#5706,#5744));
#7039=IFCFACEOUTERBOUND(#7038,.T.);
#7040=IFCFACE((#7039));
#7041=IFCPOLYLOOP((#5728,#5701,#5743));
#7042=IFCFACEOUTERBOUND(#7041,.T.);
#7043=IFCFACE((#7042));
#7044=IFCPOLYLOOP((#5726,#5717,#5728));
#7045=IFCFACEOUTERBOUND(#7044,.T.);
#7046=IFCFACE((#7045));
#7047=IFCPOLYLOOP((#5701,#5742,#5743));
#7048=IFCFACEOUTERBOUND(#7047,.T.);
#7049=IFCFACE((#7048));
#7050=IFCPOLYLOOP((#5727,#5718,#5726));
#7051=IFCFACEOUTERBOUND(#7050,.T.);
#7052=IFCFACE((#7051));
#7053=IFCPOLYLOOP((#5729,#5709,#5733));
#7054=IFCFACEOUTERBOUND(#7053,.T.);
#7055=IFCFACE((#7054));
#7056=IFCPOLYLOOP((#5698,#5733,#5709));
#7057=IFCFACEOUTERBOUND(#7056,.T.);
#7058=IFCFACE((#7057));
#7059=IFCPOLYLOOP((#5729,#5731,#5708));
#7060=IFCFACEOUTERBOUND(#7059,.T.);
#7061=IFCFACE((#7060));
#7062=IFCPOLYLOOP((#5707,#5730,#5731));
#7063=IFCFACEOUTERBOUND(#7062,.T.);
#7064=IFCFACE((#7063));
#7065=IFCPOLYLOOP((#5706,#5732,#5744));
#7066=IFCFACEOUTERBOUND(#7065,.T.);
#7067=IFCFACE((#7066));
#7068=IFCPOLYLOOP((#5703,#5744,#5730));
#7069=IFCFACEOUTERBOUND(#7068,.T.);
#7070=IFCFACE((#7069));
#7071=IFCPOLYLOOP((#5732,#5708,#5731));
#7072=IFCFACEOUTERBOUND(#7071,.T.);
#7073=IFCFACE((#7072));
#7074=IFCPOLYLOOP((#5700,#5733,#5699));
#7075=IFCFACEOUTERBOUND(#7074,.T.);
#7076=IFCFACE((#7075));
#7077=IFCPOLYLOOP((#5735,#5734,#5705));
#7078=IFCFACEOUTERBOUND(#7077,.T.);
#7079=IFCFACE((#7078));
#7080=IFCPOLYLOOP((#5722,#5734,#5702));
#7081=IFCFACEOUTERBOUND(#7080,.T.);
#7082=IFCFACE((#7081));
#7083=IFCPOLYLOOP((#5737,#5714,#5739));
#7084=IFCFACEOUTERBOUND(#7083,.T.);
#7085=IFCFACE((#7084));
#7086=IFCPOLYLOOP((#5716,#5702,#5735));
#7087=IFCFACEOUTERBOUND(#7086,.T.);
#7088=IFCFACE((#7087));
#7089=IFCPOLYLOOP((#5735,#5705,#5736));
#7090=IFCFACEOUTERBOUND(#7089,.T.);
#7091=IFCFACE((#7090));
#7092=IFCPOLYLOOP((#5737,#5736,#5714));
#7093=IFCFACEOUTERBOUND(#7092,.T.);
#7094=IFCFACE((#7093));
#7095=IFCPOLYLOOP((#5735,#5737,#5716));
#7096=IFCFACEOUTERBOUND(#7095,.T.);
#7097=IFCFACE((#7096));
#7098=IFCPOLYLOOP((#5710,#5738,#5722));
#7099=IFCFACEOUTERBOUND(#7098,.T.);
#7100=IFCFACE((#7099));
#7101=IFCPOLYLOOP((#5711,#5712,#5738));
#7102=IFCFACEOUTERBOUND(#7101,.T.);
#7103=IFCFACE((#7102));
#7104=IFCPOLYLOOP((#5742,#5741,#5704));
#7105=IFCFACEOUTERBOUND(#7104,.T.);
#7106=IFCFACE((#7105));
#7107=IFCPOLYLOOP((#5739,#5714,#5741));
#7108=IFCFACEOUTERBOUND(#7107,.T.);
#7109=IFCFACE((#7108));
#7110=IFCPOLYLOOP((#5742,#5701,#5740));
#7111=IFCFACEOUTERBOUND(#7110,.T.);
#7112=IFCFACE((#7111));
#7113=IFCPOLYLOOP((#5740,#5715,#5739));
#7114=IFCFACEOUTERBOUND(#7113,.T.);
#7115=IFCFACE((#7114));
#7116=IFCPOLYLOOP((#5742,#5704,#5743));
#7117=IFCFACEOUTERBOUND(#7116,.T.);
#7118=IFCFACE((#7117));
#7119=IFCPOLYLOOP((#5739,#5742,#5740));
#7120=IFCFACEOUTERBOUND(#7119,.T.);
#7121=IFCFACE((#7120));
#7122=IFCPOLYLOOP((#5704,#5727,#5743));
#7123=IFCFACEOUTERBOUND(#7122,.T.);
#7124=IFCFACE((#7123));
#7125=IFCPOLYLOOP((#5743,#5727,#5747));
#7126=IFCFACEOUTERBOUND(#7125,.T.);
#7127=IFCFACE((#7126));
#7128=IFCPOLYLOOP((#5744,#5732,#5731));
#7129=IFCFACEOUTERBOUND(#7128,.T.);
#7130=IFCFACE((#7129));
#7131=IFCPOLYLOOP((#5725,#5744,#5703));
#7132=IFCFACEOUTERBOUND(#7131,.T.);
#7133=IFCFACE((#7132));
#7134=IFCPOLYLOOP((#5738,#5745,#5711));
#7135=IFCFACEOUTERBOUND(#7134,.T.);
#7136=IFCFACE((#7135));
#7137=IFCPOLYLOOP((#5713,#5745,#5710));
#7138=IFCFACEOUTERBOUND(#7137,.T.);
#7139=IFCFACE((#7138));
#7140=IFCPOLYLOOP((#5652,#5746,#5713));
#7141=IFCFACEOUTERBOUND(#7140,.T.);
#7142=IFCFACE((#7141));
#7143=IFCPOLYLOOP((#5650,#5746,#5651));
#7144=IFCFACEOUTERBOUND(#7143,.T.);
#7145=IFCFACE((#7144));
#7146=IFCPOLYLOOP((#5743,#5747,#5728));
#7147=IFCFACEOUTERBOUND(#7146,.T.);
#7148=IFCFACE((#7147));
#7149=IFCPOLYLOOP((#5727,#5726,#5747));
#7150=IFCFACEOUTERBOUND(#7149,.T.);
#7151=IFCFACE((#7150));
#7152=IFCPOLYLOOP((#5779,#5797,#5798));
#7153=IFCFACEOUTERBOUND(#7152,.T.);
#7154=IFCFACE((#7153));
#7155=IFCPOLYLOOP((#5842,#5767,#5876));
#7156=IFCFACEOUTERBOUND(#7155,.T.);
#7157=IFCFACE((#7156));
#7158=IFCPOLYLOOP((#5911,#5886,#5846));
#7159=IFCFACEOUTERBOUND(#7158,.T.);
#7160=IFCFACE((#7159));
#7161=IFCPOLYLOOP((#5862,#5785,#5916));
#7162=IFCFACEOUTERBOUND(#7161,.T.);
#7163=IFCFACE((#7162));
#7164=IFCPOLYLOOP((#5799,#5820,#5828));
#7165=IFCFACEOUTERBOUND(#7164,.T.);
#7166=IFCFACE((#7165));
#7167=IFCPOLYLOOP((#5795,#5764,#5800));
#7168=IFCFACEOUTERBOUND(#7167,.T.);
#7169=IFCFACE((#7168));
#7170=IFCPOLYLOOP((#5848,#5811,#5890,#5772));
#7171=IFCFACEOUTERBOUND(#7170,.T.);
#7172=IFCFACE((#7171));
#7173=IFCPOLYLOOP((#5829,#5832,#5831));
#7174=IFCFACEOUTERBOUND(#7173,.T.);
#7175=IFCFACE((#7174));
#7176=IFCPOLYLOOP((#5792,#5791,#5777,#5793));
#7177=IFCFACEOUTERBOUND(#7176,.T.);
#7178=IFCFACE((#7177));
#7179=IFCPOLYLOOP((#5919,#5924,#5923,#5788));
#7180=IFCFACEOUTERBOUND(#7179,.T.);
#7181=IFCFACE((#7180));
#7182=IFCPOLYLOOP((#5913,#5914,#5856));
#7183=IFCFACEOUTERBOUND(#7182,.T.);
#7184=IFCFACE((#7183));
#7185=IFCPOLYLOOP((#5831,#5832,#5830));
#7186=IFCFACEOUTERBOUND(#7185,.T.);
#7187=IFCFACE((#7186));
#7188=IFCPOLYLOOP((#5915,#5910,#5855));
#7189=IFCFACEOUTERBOUND(#7188,.T.);
#7190=IFCFACE((#7189));
#7191=IFCPOLYLOOP((#5887,#5884,#5845));
#7192=IFCFACEOUTERBOUND(#7191,.T.);
#7193=IFCFACE((#7192));
#7194=IFCPOLYLOOP((#5822,#5762,#5820));
#7195=IFCFACEOUTERBOUND(#7194,.T.);
#7196=IFCFACE((#7195));
#7197=IFCPOLYLOOP((#5852,#5902,#5815));
#7198=IFCFACEOUTERBOUND(#7197,.T.);
#7199=IFCFACE((#7198));
#7200=IFCPOLYLOOP((#5764,#5795,#5793));
#7201=IFCFACEOUTERBOUND(#7200,.T.);
#7202=IFCFACE((#7201));
#7203=IFCPOLYLOOP((#5796,#5748,#5749));
#7204=IFCFACEOUTERBOUND(#7203,.T.);
#7205=IFCFACE((#7204));
#7206=IFCPOLYLOOP((#5662,#5661,#5791));
#7207=IFCFACEOUTERBOUND(#7206,.T.);
#7208=IFCFACE((#7207));
#7209=IFCPOLYLOOP((#5871,#5868,#5839));
#7210=IFCFACEOUTERBOUND(#7209,.T.);
#7211=IFCFACE((#7210));
#7212=IFCPOLYLOOP((#5906,#5907,#5854));
#7213=IFCFACEOUTERBOUND(#7212,.T.);
#7214=IFCFACE((#7213));
#7215=IFCPOLYLOOP((#5875,#5870,#5840));
#7216=IFCFACEOUTERBOUND(#7215,.T.);
#7217=IFCFACE((#7216));
#7218=IFCPOLYLOOP((#5877,#5873,#5841));
#7219=IFCFACEOUTERBOUND(#7218,.T.);
#7220=IFCFACE((#7219));
#7221=IFCPOLYLOOP((#5924,#5919,#5865));
#7222=IFCFACEOUTERBOUND(#7221,.T.);
#7223=IFCFACE((#7222));
#7224=IFCPOLYLOOP((#5850,#5897,#5813));
#7225=IFCFACEOUTERBOUND(#7224,.T.);
#7226=IFCFACE((#7225));
#7227=IFCPOLYLOOP((#5850,#5813,#5895,#5771));
#7228=IFCFACEOUTERBOUND(#7227,.T.);
#7229=IFCFACE((#7228));
#7230=IFCPOLYLOOP((#5848,#5892,#5811));
#7231=IFCFACEOUTERBOUND(#7230,.T.);
#7232=IFCFACE((#7231));
#7233=IFCPOLYLOOP((#5792,#5789,#5662));
#7234=IFCFACEOUTERBOUND(#7233,.T.);
#7235=IFCFACE((#7234));
#7236=IFCPOLYLOOP((#5796,#5797,#5779));
#7237=IFCFACEOUTERBOUND(#7236,.T.);
#7238=IFCFACE((#7237));
#7239=IFCPOLYLOOP((#5798,#5829,#5773));
#7240=IFCFACEOUTERBOUND(#7239,.T.);
#7241=IFCFACE((#7240));
#7242=IFCPOLYLOOP((#5776,#5792,#5795));
#7243=IFCFACEOUTERBOUND(#7242,.T.);
#7244=IFCFACE((#7243));
#7245=IFCPOLYLOOP((#5774,#5829,#5798));
#7246=IFCFACEOUTERBOUND(#7245,.T.);
#7247=IFCFACE((#7246));
#7248=IFCPOLYLOOP((#5749,#5797,#5796));
#7249=IFCFACEOUTERBOUND(#7248,.T.);
#7250=IFCFACE((#7249));
#7251=IFCPOLYLOOP((#5825,#5826,#5782));
#7252=IFCFACEOUTERBOUND(#7251,.T.);
#7253=IFCFACE((#7252));
#7254=IFCPOLYLOOP((#5852,#5815,#5900,#5781));
#7255=IFCFACEOUTERBOUND(#7254,.T.);
#7256=IFCFACE((#7255));
#7257=IFCPOLYLOOP((#5825,#5824,#5823));
#7258=IFCFACEOUTERBOUND(#7257,.T.);
#7259=IFCFACE((#7258));
#7260=IFCPOLYLOOP((#5917,#5918,#5862));
#7261=IFCFACEOUTERBOUND(#7260,.T.);
#7262=IFCFACE((#7261));
#7263=IFCPOLYLOOP((#5908,#5904,#5853));
#7264=IFCFACEOUTERBOUND(#7263,.T.);
#7265=IFCFACE((#7264));
#7266=IFCPOLYLOOP((#5906,#5864,#5836));
#7267=IFCFACEOUTERBOUND(#7266,.T.);
#7268=IFCFACE((#7267));
#7269=IFCPOLYLOOP((#5844,#5882,#5807));
#7270=IFCFACEOUTERBOUND(#7269,.T.);
#7271=IFCFACE((#7270));
#7272=IFCPOLYLOOP((#5844,#5807,#5880,#5787));
#7273=IFCFACEOUTERBOUND(#7272,.T.);
#7274=IFCFACE((#7273));
#7275=IFCPOLYLOOP((#5754,#5872,#5920,#5919));
#7276=IFCFACEOUTERBOUND(#7275,.T.);
#7277=IFCFACE((#7276));
#7278=IFCPOLYLOOP((#5789,#5663,#5662));
#7279=IFCFACEOUTERBOUND(#7278,.T.);
#7280=IFCFACE((#7279));
#7281=IFCPOLYLOOP((#5749,#5750,#5790));
#7282=IFCFACEOUTERBOUND(#7281,.T.);
#7283=IFCFACE((#7282));
#7284=IFCPOLYLOOP((#5791,#5792,#5662));
#7285=IFCFACEOUTERBOUND(#7284,.T.);
#7286=IFCFACE((#7285));
#7287=IFCPOLYLOOP((#5776,#5789,#5792));
#7288=IFCFACEOUTERBOUND(#7287,.T.);
#7289=IFCFACE((#7288));
#7290=IFCPOLYLOOP((#5795,#5763,#5794,#5776));
#7291=IFCFACEOUTERBOUND(#7290,.T.);
#7292=IFCFACE((#7291));
#7293=IFCPOLYLOOP((#5795,#5792,#5793));
#7294=IFCFACEOUTERBOUND(#7293,.T.);
#7295=IFCFACE((#7294));
#7296=IFCPOLYLOOP((#5917,#5867,#5839));
#7297=IFCFACEOUTERBOUND(#7296,.T.);
#7298=IFCFACE((#7297));
#7299=IFCPOLYLOOP((#5797,#5749,#5790));
#7300=IFCFACEOUTERBOUND(#7299,.T.);
#7301=IFCFACE((#7300));
#7302=IFCPOLYLOOP((#5790,#5778,#5797));
#7303=IFCFACEOUTERBOUND(#7302,.T.);
#7304=IFCFACE((#7303));
#7305=IFCPOLYLOOP((#5798,#5797,#5778));
#7306=IFCFACEOUTERBOUND(#7305,.T.);
#7307=IFCFACE((#7306));
#7308=IFCPOLYLOOP((#5774,#5798,#5778));
#7309=IFCFACEOUTERBOUND(#7308,.T.);
#7310=IFCFACE((#7309));
#7311=IFCPOLYLOOP((#5798,#5773,#5838,#5779));
#7312=IFCFACEOUTERBOUND(#7311,.T.);
#7313=IFCFACE((#7312));
#7314=IFCPOLYLOOP((#5795,#5800,#5763));
#7315=IFCFACEOUTERBOUND(#7314,.T.);
#7316=IFCFACE((#7315));
#7317=IFCPOLYLOOP((#5800,#5764,#5821));
#7318=IFCFACEOUTERBOUND(#7317,.T.);
#7319=IFCFACE((#7318));
#7320=IFCPOLYLOOP((#5820,#5761,#5822));
#7321=IFCFACEOUTERBOUND(#7320,.T.);
#7322=IFCFACE((#7321));
#7323=IFCPOLYLOOP((#5820,#5762,#5801));
#7324=IFCFACEOUTERBOUND(#7323,.T.);
#7325=IFCFACE((#7324));
#7326=IFCPOLYLOOP((#5800,#5828,#5763));
#7327=IFCFACEOUTERBOUND(#7326,.T.);
#7328=IFCFACE((#7327));
#7329=IFCPOLYLOOP((#5840,#5802,#5869,#5767));
#7330=IFCFACEOUTERBOUND(#7329,.T.);
#7331=IFCFACE((#7330));
#7332=IFCPOLYLOOP((#5920,#5872,#5841));
#7333=IFCFACEOUTERBOUND(#7332,.T.);
#7334=IFCFACE((#7333));
#7335=IFCPOLYLOOP((#5842,#5804,#5874));
#7336=IFCFACEOUTERBOUND(#7335,.T.);
#7337=IFCFACE((#7336));
#7338=IFCPOLYLOOP((#5878,#5882,#5881,#5806));
#7339=IFCFACEOUTERBOUND(#7338,.T.);
#7340=IFCFACE((#7339));
#7341=IFCPOLYLOOP((#5882,#5878,#5843));
#7342=IFCFACEOUTERBOUND(#7341,.T.);
#7343=IFCFACE((#7342));
#7344=IFCPOLYLOOP((#5845,#5756,#5883,#5808));
#7345=IFCFACEOUTERBOUND(#7344,.T.);
#7346=IFCFACE((#7345));
#7347=IFCPOLYLOOP((#5846,#5808,#5885,#5760));
#7348=IFCFACEOUTERBOUND(#7347,.T.);
#7349=IFCFACE((#7348));
#7350=IFCPOLYLOOP((#5810,#5847,#5892));
#7351=IFCFACEOUTERBOUND(#7350,.T.);
#7352=IFCFACE((#7351));
#7353=IFCPOLYLOOP((#5847,#5810,#5888,#5752));
#7354=IFCFACEOUTERBOUND(#7353,.T.);
#7355=IFCFACE((#7354));
#7356=IFCPOLYLOOP((#5893,#5897,#5896,#5812));
#7357=IFCFACEOUTERBOUND(#7356,.T.);
#7358=IFCFACE((#7357));
#7359=IFCPOLYLOOP((#5897,#5893,#5849));
#7360=IFCFACEOUTERBOUND(#7359,.T.);
#7361=IFCFACE((#7360));
#7362=IFCPOLYLOOP((#5814,#5851,#5902));
#7363=IFCFACEOUTERBOUND(#7362,.T.);
#7364=IFCFACE((#7363));
#7365=IFCPOLYLOOP((#5851,#5814,#5898,#5755));
#7366=IFCFACEOUTERBOUND(#7365,.T.);
#7367=IFCFACE((#7366));
#7368=IFCPOLYLOOP((#5853,#5753,#5903,#5816));
#7369=IFCFACEOUTERBOUND(#7368,.T.);
#7370=IFCFACE((#7369));
#7371=IFCPOLYLOOP((#5854,#5816,#5905,#5784));
#7372=IFCFACEOUTERBOUND(#7371,.T.);
#7373=IFCFACE((#7372));
#7374=IFCPOLYLOOP((#5855,#5760,#5909,#5818));
#7375=IFCFACEOUTERBOUND(#7374,.T.);
#7376=IFCFACE((#7375));
#7377=IFCPOLYLOOP((#5856,#5818,#5912,#5757));
#7378=IFCFACEOUTERBOUND(#7377,.T.);
#7379=IFCFACE((#7378));
#7380=IFCPOLYLOOP((#5828,#5820,#5801));
#7381=IFCFACEOUTERBOUND(#7380,.T.);
#7382=IFCFACE((#7381));
#7383=IFCPOLYLOOP((#5820,#5799,#5857,#5761));
#7384=IFCFACEOUTERBOUND(#7383,.T.);
#7385=IFCFACE((#7384));
#7386=IFCPOLYLOOP((#5826,#5781,#5858,#5782));
#7387=IFCFACEOUTERBOUND(#7386,.T.);
#7388=IFCFACE((#7387));
#7389=IFCPOLYLOOP((#5828,#5821,#5799));
#7390=IFCFACEOUTERBOUND(#7389,.T.);
#7391=IFCFACE((#7390));
#7392=IFCPOLYLOOP((#5825,#5827,#5822));
#7393=IFCFACEOUTERBOUND(#7392,.T.);
#7394=IFCFACE((#7393));
#7395=IFCPOLYLOOP((#5822,#5824,#5825));
#7396=IFCFACEOUTERBOUND(#7395,.T.);
#7397=IFCFACE((#7396));
#7398=IFCPOLYLOOP((#5822,#5761,#5824));
#7399=IFCFACEOUTERBOUND(#7398,.T.);
#7400=IFCFACE((#7399));
#7401=IFCPOLYLOOP((#5825,#5823,#5826));
#7402=IFCFACEOUTERBOUND(#7401,.T.);
#7403=IFCFACE((#7402));
#7404=IFCPOLYLOOP((#5763,#5828,#5801));
#7405=IFCFACEOUTERBOUND(#7404,.T.);
#7406=IFCFACE((#7405));
#7407=IFCPOLYLOOP((#5826,#5823,#5859,#5780));
#7408=IFCFACEOUTERBOUND(#7407,.T.);
#7409=IFCFACE((#7408));
#7410=IFCPOLYLOOP((#5852,#5826,#5780));
#7411=IFCFACEOUTERBOUND(#7410,.T.);
#7412=IFCFACE((#7411));
#7413=IFCPOLYLOOP((#5827,#5825,#5782));
#7414=IFCFACEOUTERBOUND(#7413,.T.);
#7415=IFCFACE((#7414));
#7416=IFCPOLYLOOP((#5827,#5762,#5822));
#7417=IFCFACEOUTERBOUND(#7416,.T.);
#7418=IFCFACE((#7417));
#7419=IFCPOLYLOOP((#5821,#5828,#5800));
#7420=IFCFACEOUTERBOUND(#7419,.T.);
#7421=IFCFACE((#7420));
#7422=IFCPOLYLOOP((#5832,#5834,#5775));
#7423=IFCFACEOUTERBOUND(#7422,.T.);
#7424=IFCFACE((#7423));
#7425=IFCPOLYLOOP((#5775,#5833,#5832));
#7426=IFCFACEOUTERBOUND(#7425,.T.);
#7427=IFCFACE((#7426));
#7428=IFCPOLYLOOP((#5832,#5833,#5830));
#7429=IFCFACEOUTERBOUND(#7428,.T.);
#7430=IFCFACE((#7429));
#7431=IFCPOLYLOOP((#5834,#5832,#5829));
#7432=IFCFACEOUTERBOUND(#7431,.T.);
#7433=IFCFACE((#7432));
#7434=IFCPOLYLOOP((#5831,#5773,#5829));
#7435=IFCFACEOUTERBOUND(#7434,.T.);
#7436=IFCFACE((#7435));
#7437=IFCPOLYLOOP((#5833,#5775,#5860,#5758));
#7438=IFCFACEOUTERBOUND(#7437,.T.);
#7439=IFCFACE((#7438));
#7440=IFCPOLYLOOP((#5910,#5915,#5819));
#7441=IFCFACEOUTERBOUND(#7440,.T.);
#7442=IFCFACE((#7441));
#7443=IFCPOLYLOOP((#5913,#5861,#5833));
#7444=IFCFACEOUTERBOUND(#7443,.T.);
#7445=IFCFACE((#7444));
#7446=IFCPOLYLOOP((#5829,#5774,#5834));
#7447=IFCFACEOUTERBOUND(#7446,.T.);
#7448=IFCFACE((#7447));
#7449=IFCPOLYLOOP((#5904,#5908,#5817));
#7450=IFCFACEOUTERBOUND(#7449,.T.);
#7451=IFCFACE((#7450));
#7452=IFCPOLYLOOP((#5836,#5835,#5863,#5783));
#7453=IFCFACEOUTERBOUND(#7452,.T.);
#7454=IFCFACE((#7453));
#7455=IFCPOLYLOOP((#5862,#5836,#5785));
#7456=IFCFACEOUTERBOUND(#7455,.T.);
#7457=IFCFACE((#7456));
#7458=IFCPOLYLOOP((#5802,#5840,#5871));
#7459=IFCFACEOUTERBOUND(#7458,.T.);
#7460=IFCFACE((#7459));
#7461=IFCPOLYLOOP((#5866,#5837,#5922,#5786));
#7462=IFCFACEOUTERBOUND(#7461,.T.);
#7463=IFCFACE((#7462));
#7464=IFCPOLYLOOP((#5751,#5920,#5841));
#7465=IFCFACEOUTERBOUND(#7464,.T.);
#7466=IFCFACE((#7465));
#7467=IFCPOLYLOOP((#5873,#5877,#5876,#5805));
#7468=IFCFACEOUTERBOUND(#7467,.T.);
#7469=IFCFACE((#7468));
#7470=IFCPOLYLOOP((#5840,#5870,#5871));
#7471=IFCFACEOUTERBOUND(#7470,.T.);
#7472=IFCFACE((#7471));
#7473=IFCPOLYLOOP((#5804,#5842,#5877));
#7474=IFCFACEOUTERBOUND(#7473,.T.);
#7475=IFCFACE((#7474));
#7476=IFCPOLYLOOP((#5920,#5751,#5865));
#7477=IFCFACEOUTERBOUND(#7476,.T.);
#7478=IFCFACE((#7477));
#7479=IFCPOLYLOOP((#5874,#5875,#5842));
#7480=IFCFACEOUTERBOUND(#7479,.T.);
#7481=IFCFACE((#7480));
#7482=IFCPOLYLOOP((#5842,#5876,#5877));
#7483=IFCFACEOUTERBOUND(#7482,.T.);
#7484=IFCFACE((#7483));
#7485=IFCPOLYLOOP((#5849,#5843,#5770));
#7486=IFCFACEOUTERBOUND(#7485,.T.);
#7487=IFCFACE((#7486));
#7488=IFCPOLYLOOP((#5843,#5769,#5879,#5807));
#7489=IFCFACEOUTERBOUND(#7488,.T.);
#7490=IFCFACE((#7489));
#7491=IFCPOLYLOOP((#5866,#5844,#5787));
#7492=IFCFACEOUTERBOUND(#7491,.T.);
#7493=IFCFACE((#7492));
#7494=IFCPOLYLOOP((#5844,#5786,#5881));
#7495=IFCFACEOUTERBOUND(#7494,.T.);
#7496=IFCFACE((#7495));
#7497=IFCPOLYLOOP((#5808,#5846,#5887));
#7498=IFCFACEOUTERBOUND(#7497,.T.);
#7499=IFCFACE((#7498));
#7500=IFCPOLYLOOP((#5853,#5845,#5753));
#7501=IFCFACEOUTERBOUND(#7500,.T.);
#7502=IFCFACE((#7501));
#7503=IFCPOLYLOOP((#5760,#5855,#5911));
#7504=IFCFACEOUTERBOUND(#7503,.T.);
#7505=IFCFACE((#7504));
#7506=IFCPOLYLOOP((#5887,#5846,#5809));
#7507=IFCFACEOUTERBOUND(#7506,.T.);
#7508=IFCFACE((#7507));
#7509=IFCPOLYLOOP((#5851,#5847,#5752));
#7510=IFCFACEOUTERBOUND(#7509,.T.);
#7511=IFCFACE((#7510));
#7512=IFCPOLYLOOP((#5847,#5755,#5889));
#7513=IFCFACEOUTERBOUND(#7512,.T.);
#7514=IFCFACE((#7513));
#7515=IFCPOLYLOOP((#5850,#5848,#5772));
#7516=IFCFACEOUTERBOUND(#7515,.T.);
#7517=IFCFACE((#7516));
#7518=IFCPOLYLOOP((#5848,#5771,#5891));
#7519=IFCFACEOUTERBOUND(#7518,.T.);
#7520=IFCFACE((#7519));
#7521=IFCPOLYLOOP((#5843,#5849,#5769));
#7522=IFCFACEOUTERBOUND(#7521,.T.);
#7523=IFCFACE((#7522));
#7524=IFCPOLYLOOP((#5849,#5770,#5894));
#7525=IFCFACEOUTERBOUND(#7524,.T.);
#7526=IFCFACE((#7525));
#7527=IFCPOLYLOOP((#5848,#5850,#5771));
#7528=IFCFACEOUTERBOUND(#7527,.T.);
#7529=IFCFACE((#7528));
#7530=IFCPOLYLOOP((#5850,#5772,#5896));
#7531=IFCFACEOUTERBOUND(#7530,.T.);
#7532=IFCFACE((#7531));
#7533=IFCPOLYLOOP((#5847,#5851,#5755));
#7534=IFCFACEOUTERBOUND(#7533,.T.);
#7535=IFCFACE((#7534));
#7536=IFCPOLYLOOP((#5851,#5752,#5899));
#7537=IFCFACEOUTERBOUND(#7536,.T.);
#7538=IFCFACE((#7537));
#7539=IFCPOLYLOOP((#5826,#5852,#5781));
#7540=IFCFACEOUTERBOUND(#7539,.T.);
#7541=IFCFACE((#7540));
#7542=IFCPOLYLOOP((#5852,#5780,#5901));
#7543=IFCFACEOUTERBOUND(#7542,.T.);
#7544=IFCFACE((#7543));
#7545=IFCPOLYLOOP((#5816,#5854,#5908));
#7546=IFCFACEOUTERBOUND(#7545,.T.);
#7547=IFCFACE((#7546));
#7548=IFCPOLYLOOP((#5845,#5853,#5756));
#7549=IFCFACEOUTERBOUND(#7548,.T.);
#7550=IFCFACE((#7549));
#7551=IFCPOLYLOOP((#5854,#5784,#5906));
#7552=IFCFACEOUTERBOUND(#7551,.T.);
#7553=IFCFACE((#7552));
#7554=IFCPOLYLOOP((#5908,#5854,#5817));
#7555=IFCFACEOUTERBOUND(#7554,.T.);
#7556=IFCFACE((#7555));
#7557=IFCPOLYLOOP((#5818,#5856,#5915));
#7558=IFCFACEOUTERBOUND(#7557,.T.);
#7559=IFCFACE((#7558));
#7560=IFCPOLYLOOP((#5911,#5855,#5759));
#7561=IFCFACEOUTERBOUND(#7560,.T.);
#7562=IFCFACE((#7561));
#7563=IFCPOLYLOOP((#5856,#5757,#5913));
#7564=IFCFACEOUTERBOUND(#7563,.T.);
#7565=IFCFACE((#7564));
#7566=IFCPOLYLOOP((#5915,#5856,#5819));
#7567=IFCFACEOUTERBOUND(#7566,.T.);
#7568=IFCFACE((#7567));
#7569=IFCPOLYLOOP((#5916,#5917,#5862));
#7570=IFCFACEOUTERBOUND(#7569,.T.);
#7571=IFCFACE((#7570));
#7572=IFCPOLYLOOP((#5861,#5830,#5833));
#7573=IFCFACEOUTERBOUND(#7572,.T.);
#7574=IFCFACE((#7573));
#7575=IFCPOLYLOOP((#5836,#5862,#5835));
#7576=IFCFACEOUTERBOUND(#7575,.T.);
#7577=IFCFACE((#7576));
#7578=IFCPOLYLOOP((#5865,#5751,#5921,#5837));
#7579=IFCFACEOUTERBOUND(#7578,.T.);
#7580=IFCFACE((#7579));
#7581=IFCPOLYLOOP((#5864,#5785,#5836));
#7582=IFCFACEOUTERBOUND(#7581,.T.);
#7583=IFCFACE((#7582));
#7584=IFCPOLYLOOP((#5924,#5837,#5866));
#7585=IFCFACEOUTERBOUND(#7584,.T.);
#7586=IFCFACE((#7585));
#7587=IFCPOLYLOOP((#5844,#5866,#5786));
#7588=IFCFACEOUTERBOUND(#7587,.T.);
#7589=IFCFACE((#7588));
#7590=IFCPOLYLOOP((#5866,#5787,#5923));
#7591=IFCFACEOUTERBOUND(#7590,.T.);
#7592=IFCFACE((#7591));
#7593=IFCPOLYLOOP((#5868,#5871,#5870,#5803));
#7594=IFCFACEOUTERBOUND(#7593,.T.);
#7595=IFCFACE((#7594));
#7596=IFCPOLYLOOP((#5802,#5839,#5867));
#7597=IFCFACEOUTERBOUND(#7596,.T.);
#7598=IFCFACE((#7597));
#7599=IFCPOLYLOOP((#5868,#5765,#5839));
#7600=IFCFACEOUTERBOUND(#7599,.T.);
#7601=IFCFACE((#7600));
#7602=IFCPOLYLOOP((#5802,#5871,#5839));
#7603=IFCFACEOUTERBOUND(#7602,.T.);
#7604=IFCFACE((#7603));
#7605=IFCPOLYLOOP((#5870,#5875,#5874,#5768));
#7606=IFCFACEOUTERBOUND(#7605,.T.);
#7607=IFCFACE((#7606));
#7608=IFCPOLYLOOP((#5804,#5841,#5872));
#7609=IFCFACEOUTERBOUND(#7608,.T.);
#7610=IFCFACE((#7609));
#7611=IFCPOLYLOOP((#5873,#5751,#5841));
#7612=IFCFACEOUTERBOUND(#7611,.T.);
#7613=IFCFACE((#7612));
#7614=IFCPOLYLOOP((#5767,#5875,#5840));
#7615=IFCFACEOUTERBOUND(#7614,.T.);
#7616=IFCFACE((#7615));
#7617=IFCPOLYLOOP((#5767,#5842,#5875));
#7618=IFCFACEOUTERBOUND(#7617,.T.);
#7619=IFCFACE((#7618));
#7620=IFCPOLYLOOP((#5804,#5877,#5841));
#7621=IFCFACEOUTERBOUND(#7620,.T.);
#7622=IFCFACE((#7621));
#7623=IFCPOLYLOOP((#5807,#5882,#5843));
#7624=IFCFACEOUTERBOUND(#7623,.T.);
#7625=IFCFACE((#7624));
#7626=IFCPOLYLOOP((#5770,#5843,#5878));
#7627=IFCFACEOUTERBOUND(#7626,.T.);
#7628=IFCFACE((#7627));
#7629=IFCPOLYLOOP((#5881,#5882,#5844));
#7630=IFCFACEOUTERBOUND(#7629,.T.);
#7631=IFCFACE((#7630));
#7632=IFCPOLYLOOP((#5884,#5887,#5809));
#7633=IFCFACEOUTERBOUND(#7632,.T.);
#7634=IFCFACE((#7633));
#7635=IFCPOLYLOOP((#5884,#5753,#5845));
#7636=IFCFACEOUTERBOUND(#7635,.T.);
#7637=IFCFACE((#7636));
#7638=IFCPOLYLOOP((#5886,#5809,#5846));
#7639=IFCFACEOUTERBOUND(#7638,.T.);
#7640=IFCFACE((#7639));
#7641=IFCPOLYLOOP((#5808,#5887,#5845));
#7642=IFCFACEOUTERBOUND(#7641,.T.);
#7643=IFCFACE((#7642));
#7644=IFCPOLYLOOP((#5892,#5847,#5889));
#7645=IFCFACEOUTERBOUND(#7644,.T.);
#7646=IFCFACE((#7645));
#7647=IFCPOLYLOOP((#5892,#5889,#5811));
#7648=IFCFACEOUTERBOUND(#7647,.T.);
#7649=IFCFACE((#7648));
#7650=IFCPOLYLOOP((#5892,#5891,#5810));
#7651=IFCFACEOUTERBOUND(#7650,.T.);
#7652=IFCFACE((#7651));
#7653=IFCPOLYLOOP((#5891,#5892,#5848));
#7654=IFCFACEOUTERBOUND(#7653,.T.);
#7655=IFCFACE((#7654));
#7656=IFCPOLYLOOP((#5897,#5849,#5894));
#7657=IFCFACEOUTERBOUND(#7656,.T.);
#7658=IFCFACE((#7657));
#7659=IFCPOLYLOOP((#5893,#5769,#5849));
#7660=IFCFACEOUTERBOUND(#7659,.T.);
#7661=IFCFACE((#7660));
#7662=IFCPOLYLOOP((#5897,#5894,#5813));
#7663=IFCFACEOUTERBOUND(#7662,.T.);
#7664=IFCFACE((#7663));
#7665=IFCPOLYLOOP((#5896,#5897,#5850));
#7666=IFCFACEOUTERBOUND(#7665,.T.);
#7667=IFCFACE((#7666));
#7668=IFCPOLYLOOP((#5902,#5851,#5899));
#7669=IFCFACEOUTERBOUND(#7668,.T.);
#7670=IFCFACE((#7669));
#7671=IFCPOLYLOOP((#5902,#5899,#5815));
#7672=IFCFACEOUTERBOUND(#7671,.T.);
#7673=IFCFACE((#7672));
#7674=IFCPOLYLOOP((#5902,#5901,#5814));
#7675=IFCFACEOUTERBOUND(#7674,.T.);
#7676=IFCFACE((#7675));
#7677=IFCPOLYLOOP((#5901,#5902,#5852));
#7678=IFCFACEOUTERBOUND(#7677,.T.);
#7679=IFCFACE((#7678));
#7680=IFCPOLYLOOP((#5864,#5906,#5784));
#7681=IFCFACEOUTERBOUND(#7680,.T.);
#7682=IFCFACE((#7681));
#7683=IFCPOLYLOOP((#5904,#5756,#5853));
#7684=IFCFACEOUTERBOUND(#7683,.T.);
#7685=IFCFACE((#7684));
#7686=IFCPOLYLOOP((#5783,#5906,#5836));
#7687=IFCFACEOUTERBOUND(#7686,.T.);
#7688=IFCFACE((#7687));
#7689=IFCPOLYLOOP((#5907,#5906,#5783));
#7690=IFCFACEOUTERBOUND(#7689,.T.);
#7691=IFCFACE((#7690));
#7692=IFCPOLYLOOP((#5907,#5817,#5854));
#7693=IFCFACEOUTERBOUND(#7692,.T.);
#7694=IFCFACE((#7693));
#7695=IFCPOLYLOOP((#5816,#5908,#5853));
#7696=IFCFACEOUTERBOUND(#7695,.T.);
#7697=IFCFACE((#7696));
#7698=IFCPOLYLOOP((#5886,#5911,#5759));
#7699=IFCFACEOUTERBOUND(#7698,.T.);
#7700=IFCFACE((#7699));
#7701=IFCPOLYLOOP((#5910,#5759,#5855));
#7702=IFCFACEOUTERBOUND(#7701,.T.);
#7703=IFCFACE((#7702));
#7704=IFCPOLYLOOP((#5760,#5911,#5846));
#7705=IFCFACEOUTERBOUND(#7704,.T.);
#7706=IFCFACE((#7705));
#7707=IFCPOLYLOOP((#5861,#5913,#5757));
#7708=IFCFACEOUTERBOUND(#7707,.T.);
#7709=IFCFACE((#7708));
#7710=IFCPOLYLOOP((#5758,#5913,#5833));
#7711=IFCFACEOUTERBOUND(#7710,.T.);
#7712=IFCFACE((#7711));
#7713=IFCPOLYLOOP((#5914,#5913,#5758));
#7714=IFCFACEOUTERBOUND(#7713,.T.);
#7715=IFCFACE((#7714));
#7716=IFCPOLYLOOP((#5914,#5819,#5856));
#7717=IFCFACEOUTERBOUND(#7716,.T.);
#7718=IFCFACE((#7717));
#7719=IFCPOLYLOOP((#5818,#5915,#5855));
#7720=IFCFACEOUTERBOUND(#7719,.T.);
#7721=IFCFACE((#7720));
#7722=IFCPOLYLOOP((#5867,#5917,#5916,#5766));
#7723=IFCFACEOUTERBOUND(#7722,.T.);
#7724=IFCFACE((#7723));
#7725=IFCPOLYLOOP((#5765,#5917,#5839));
#7726=IFCFACEOUTERBOUND(#7725,.T.);
#7727=IFCFACE((#7726));
#7728=IFCPOLYLOOP((#5918,#5917,#5765));
#7729=IFCFACEOUTERBOUND(#7728,.T.);
#7730=IFCFACE((#7729));
#7731=IFCPOLYLOOP((#5918,#5835,#5862));
#7732=IFCFACEOUTERBOUND(#7731,.T.);
#7733=IFCFACE((#7732));
#7734=IFCPOLYLOOP((#5919,#5920,#5865));
#7735=IFCFACEOUTERBOUND(#7734,.T.);
#7736=IFCFACE((#7735));
#7737=IFCPOLYLOOP((#5837,#5924,#5865));
#7738=IFCFACEOUTERBOUND(#7737,.T.);
#7739=IFCFACE((#7738));
#7740=IFCPOLYLOOP((#5923,#5924,#5866));
#7741=IFCFACEOUTERBOUND(#7740,.T.);
#7742=IFCFACE((#7741));
#7743=IFCPOLYLOOP((#5694,#5663,#5789,#5776,#5794,#5763,#5801,#5762,#5827,#5782,#5858,#5781,#5900,#5815,#5899,#5752,#5888,#5810,#5891,#5771,#5895,#5813,#5894,#5770,#5878,#5806,#5881,#5786,#5922,#5837,#5921,#5751,#5873,#5805,#5876,#5767,#5869,#5802,#5867,#5766,#5916,#5785,#5864,#5784,#5905,#5816,#5903,#5753,#5884,#5809,#5886,#5759,#5910,#5819,#5914,#5758,#5860,#5775,#5834,#5774,#5778,#5790,#5750,#5925));
#7744=IFCFACEOUTERBOUND(#7743,.T.);
#7745=IFCFACE((#7744));
#7746=IFCPOLYLOOP((#5925,#5695,#5694));
#7747=IFCFACEOUTERBOUND(#7746,.T.);
#7748=IFCFACE((#7747));
#7749=IFCPOLYLOOP((#5695,#5925,#5407));
#7750=IFCFACEOUTERBOUND(#7749,.T.);
#7751=IFCFACE((#7750));
#7752=IFCPOLYLOOP((#5645,#5407,#5925));
#7753=IFCFACEOUTERBOUND(#7752,.T.);
#7754=IFCFACE((#7753));
#7755=IFCPOLYLOOP((#5407,#5645,#5646));
#7756=IFCFACEOUTERBOUND(#7755,.T.);
#7757=IFCFACE((#7756));
#7758=IFCPOLYLOOP((#5408,#5646,#5694));
#7759=IFCFACEOUTERBOUND(#7758,.T.);
#7760=IFCFACE((#7759));
#7761=IFCPOLYLOOP((#5646,#5408,#5407));
#7762=IFCFACEOUTERBOUND(#7761,.T.);
#7763=IFCFACE((#7762));
#7764=IFCPOLYLOOP((#5647,#5694,#5695));
#7765=IFCFACEOUTERBOUND(#7764,.T.);
#7766=IFCFACE((#7765));
#7767=IFCPOLYLOOP((#5694,#5647,#5408));
#7768=IFCFACEOUTERBOUND(#7767,.T.);
#7769=IFCFACE((#7768));
#7770=IFCPOLYLOOP((#5696,#5695,#5407,#5406));
#7771=IFCFACEOUTERBOUND(#7770,.T.);
#7772=IFCFACE((#7771));
#7773=IFCPOLYLOOP((#5696,#5697,#5648));
#7774=IFCFACEOUTERBOUND(#7773,.T.);
#7775=IFCFACE((#7774));
#7776=IFCPOLYLOOP((#5697,#5696,#5411));
#7777=IFCFACEOUTERBOUND(#7776,.T.);
#7778=IFCFACE((#7777));
#7779=IFCPOLYLOOP((#5406,#5411,#5696));
#7780=IFCFACEOUTERBOUND(#7779,.T.);
#7781=IFCFACE((#7780));
#7782=IFCPOLYLOOP((#5411,#5406,#5409));
#7783=IFCFACEOUTERBOUND(#7782,.T.);
#7784=IFCFACE((#7783));
#7785=IFCPOLYLOOP((#5412,#5409,#5648));
#7786=IFCFACEOUTERBOUND(#7785,.T.);
#7787=IFCFACE((#7786));
#7788=IFCPOLYLOOP((#5409,#5412,#5411));
#7789=IFCFACEOUTERBOUND(#7788,.T.);
#7790=IFCFACE((#7789));
#7791=IFCPOLYLOOP((#5649,#5648,#5697));
#7792=IFCFACEOUTERBOUND(#7791,.T.);
#7793=IFCFACE((#7792));
#7794=IFCPOLYLOOP((#5648,#5649,#5412));
#7795=IFCFACEOUTERBOUND(#7794,.T.);
#7796=IFCFACE((#7795));
#7797=IFCPOLYLOOP((#5697,#5411,#5410,#5926,#5928,#5698));
#7798=IFCFACEOUTERBOUND(#7797,.T.);
#7799=IFCFACE((#7798));
#7800=IFCPOLYLOOP((#5929,#5931,#5927,#5930));
#7801=IFCFACEOUTERBOUND(#7800,.T.);
#7802=IFCFACE((#7801));
#7803=IFCPOLYLOOP((#5930,#5699,#5932));
#7804=IFCFACEOUTERBOUND(#7803,.T.);
#7805=IFCFACE((#7804));
#7806=IFCPOLYLOOP((#5410,#5415,#5933));
#7807=IFCFACEOUTERBOUND(#7806,.T.);
#7808=IFCFACE((#7807));
#7809=IFCPOLYLOOP((#5929,#5926,#5933));
#7810=IFCFACEOUTERBOUND(#7809,.T.);
#7811=IFCFACE((#7810));
#7812=IFCPOLYLOOP((#5698,#5928,#5932));
#7813=IFCFACEOUTERBOUND(#7812,.T.);
#7814=IFCFACE((#7813));
#7815=IFCPOLYLOOP((#5929,#5928,#5926));
#7816=IFCFACEOUTERBOUND(#7815,.T.);
#7817=IFCFACE((#7816));
#7818=IFCPOLYLOOP((#5931,#5929,#5933));
#7819=IFCFACEOUTERBOUND(#7818,.T.);
#7820=IFCFACE((#7819));
#7821=IFCPOLYLOOP((#5930,#5932,#5929));
#7822=IFCFACEOUTERBOUND(#7821,.T.);
#7823=IFCFACE((#7822));
#7824=IFCPOLYLOOP((#5932,#5928,#5929));
#7825=IFCFACEOUTERBOUND(#7824,.T.);
#7826=IFCFACE((#7825));
#7827=IFCPOLYLOOP((#5930,#5700,#5699));
#7828=IFCFACEOUTERBOUND(#7827,.T.);
#7829=IFCFACE((#7828));
#7830=IFCPOLYLOOP((#5415,#5414,#5931));
#7831=IFCFACEOUTERBOUND(#7830,.T.);
#7832=IFCFACE((#7831));
#7833=IFCPOLYLOOP((#5698,#5932,#5699));
#7834=IFCFACEOUTERBOUND(#7833,.T.);
#7835=IFCFACE((#7834));
#7836=IFCPOLYLOOP((#5410,#5933,#5926));
#7837=IFCFACEOUTERBOUND(#7836,.T.);
#7838=IFCFACE((#7837));
#7839=IFCPOLYLOOP((#5931,#5933,#5415));
#7840=IFCFACEOUTERBOUND(#7839,.T.);
#7841=IFCFACE((#7840));
#7842=IFCPOLYLOOP((#5652,#5748,#5796));
#7843=IFCFACEOUTERBOUND(#7842,.T.);
#7844=IFCFACE((#7843));
#7845=IFCPOLYLOOP((#5661,#5417,#5657));
#7846=IFCFACEOUTERBOUND(#7845,.T.);
#7847=IFCFACE((#7846));
#7848=IFCPOLYLOOP((#5748,#5700,#5930));
#7849=IFCFACEOUTERBOUND(#7848,.T.);
#7850=IFCFACE((#7849));
#7851=IFCPOLYLOOP((#5748,#5652,#5713));
#7852=IFCFACEOUTERBOUND(#7851,.T.);
#7853=IFCFACE((#7852));
#7854=IFCPOLYLOOP((#5417,#5468,#5516));
#7855=IFCFACEOUTERBOUND(#7854,.T.);
#7856=IFCFACE((#7855));
#7857=IFCPOLYLOOP((#5417,#5661,#5675));
#7858=IFCFACEOUTERBOUND(#7857,.T.);
#7859=IFCFACE((#7858));
#7860=IFCPOLYLOOP((#5414,#5467,#5945));
#7861=IFCFACEOUTERBOUND(#7860,.T.);
#7862=IFCFACE((#7861));
#7863=IFCPOLYLOOP((#5467,#5414,#5430));
#7864=IFCFACEOUTERBOUND(#7863,.T.);
#7865=IFCFACE((#7864));
#7866=IFCPOLYLOOP((#5652,#5796,#5779));
#7867=IFCFACEOUTERBOUND(#7866,.T.);
#7868=IFCFACE((#7867));
#7869=IFCPOLYLOOP((#5652,#5779,#5838));
#7870=IFCFACEOUTERBOUND(#7869,.T.);
#7871=IFCFACE((#7870));
#7872=IFCPOLYLOOP((#5652,#5838,#5773));
#7873=IFCFACEOUTERBOUND(#7872,.T.);
#7874=IFCFACE((#7873));
#7875=IFCPOLYLOOP((#5652,#5773,#5831));
#7876=IFCFACEOUTERBOUND(#7875,.T.);
#7877=IFCFACE((#7876));
#7878=IFCPOLYLOOP((#5652,#5831,#5830));
#7879=IFCFACEOUTERBOUND(#7878,.T.);
#7880=IFCFACE((#7879));
#7881=IFCPOLYLOOP((#5652,#5830,#5861));
#7882=IFCFACEOUTERBOUND(#7881,.T.);
#7883=IFCFACE((#7882));
#7884=IFCPOLYLOOP((#5652,#5861,#5757));
#7885=IFCFACEOUTERBOUND(#7884,.T.);
#7886=IFCFACE((#7885));
#7887=IFCPOLYLOOP((#5652,#5757,#5912));
#7888=IFCFACEOUTERBOUND(#7887,.T.);
#7889=IFCFACE((#7888));
#7890=IFCPOLYLOOP((#5652,#5912,#5818));
#7891=IFCFACEOUTERBOUND(#7890,.T.);
#7892=IFCFACE((#7891));
#7893=IFCPOLYLOOP((#5652,#5818,#5909));
#7894=IFCFACEOUTERBOUND(#7893,.T.);
#7895=IFCFACE((#7894));
#7896=IFCPOLYLOOP((#5652,#5909,#5760));
#7897=IFCFACEOUTERBOUND(#7896,.T.);
#7898=IFCFACE((#7897));
#7899=IFCPOLYLOOP((#5652,#5760,#5885));
#7900=IFCFACEOUTERBOUND(#7899,.T.);
#7901=IFCFACE((#7900));
#7902=IFCPOLYLOOP((#5652,#5885,#5808));
#7903=IFCFACEOUTERBOUND(#7902,.T.);
#7904=IFCFACE((#7903));
#7905=IFCPOLYLOOP((#5652,#5808,#5883));
#7906=IFCFACEOUTERBOUND(#7905,.T.);
#7907=IFCFACE((#7906));
#7908=IFCPOLYLOOP((#5652,#5883,#5756));
#7909=IFCFACEOUTERBOUND(#7908,.T.);
#7910=IFCFACE((#7909));
#7911=IFCPOLYLOOP((#5652,#5756,#5904));
#7912=IFCFACEOUTERBOUND(#7911,.T.);
#7913=IFCFACE((#7912));
#7914=IFCPOLYLOOP((#5652,#5904,#5817));
#7915=IFCFACEOUTERBOUND(#7914,.T.);
#7916=IFCFACE((#7915));
#7917=IFCPOLYLOOP((#5652,#5817,#5907));
#7918=IFCFACEOUTERBOUND(#7917,.T.);
#7919=IFCFACE((#7918));
#7920=IFCPOLYLOOP((#5652,#5907,#5783));
#7921=IFCFACEOUTERBOUND(#7920,.T.);
#7922=IFCFACE((#7921));
#7923=IFCPOLYLOOP((#5652,#5783,#5863));
#7924=IFCFACEOUTERBOUND(#7923,.T.);
#7925=IFCFACE((#7924));
#7926=IFCPOLYLOOP((#5652,#5863,#5835));
#7927=IFCFACEOUTERBOUND(#7926,.T.);
#7928=IFCFACE((#7927));
#7929=IFCPOLYLOOP((#5652,#5835,#5918));
#7930=IFCFACEOUTERBOUND(#7929,.T.);
#7931=IFCFACE((#7930));
#7932=IFCPOLYLOOP((#5652,#5918,#5765));
#7933=IFCFACEOUTERBOUND(#7932,.T.);
#7934=IFCFACE((#7933));
#7935=IFCPOLYLOOP((#5652,#5765,#5868));
#7936=IFCFACEOUTERBOUND(#7935,.T.);
#7937=IFCFACE((#7936));
#7938=IFCPOLYLOOP((#5652,#5868,#5803));
#7939=IFCFACEOUTERBOUND(#7938,.T.);
#7940=IFCFACE((#7939));
#7941=IFCPOLYLOOP((#5652,#5803,#5870));
#7942=IFCFACEOUTERBOUND(#7941,.T.);
#7943=IFCFACE((#7942));
#7944=IFCPOLYLOOP((#5652,#5870,#5768));
#7945=IFCFACEOUTERBOUND(#7944,.T.);
#7946=IFCFACE((#7945));
#7947=IFCPOLYLOOP((#5652,#5768,#5874));
#7948=IFCFACEOUTERBOUND(#7947,.T.);
#7949=IFCFACE((#7948));
#7950=IFCPOLYLOOP((#5652,#5874,#5804));
#7951=IFCFACEOUTERBOUND(#7950,.T.);
#7952=IFCFACE((#7951));
#7953=IFCPOLYLOOP((#5652,#5804,#5872));
#7954=IFCFACEOUTERBOUND(#7953,.T.);
#7955=IFCFACE((#7954));
#7956=IFCPOLYLOOP((#5652,#5872,#5754));
#7957=IFCFACEOUTERBOUND(#7956,.T.);
#7958=IFCFACE((#7957));
#7959=IFCPOLYLOOP((#5652,#5754,#5919));
#7960=IFCFACEOUTERBOUND(#7959,.T.);
#7961=IFCFACE((#7960));
#7962=IFCPOLYLOOP((#5652,#5919,#5788));
#7963=IFCFACEOUTERBOUND(#7962,.T.);
#7964=IFCFACE((#7963));
#7965=IFCPOLYLOOP((#5652,#5788,#5923));
#7966=IFCFACEOUTERBOUND(#7965,.T.);
#7967=IFCFACE((#7966));
#7968=IFCPOLYLOOP((#5652,#5923,#5787));
#7969=IFCFACEOUTERBOUND(#7968,.T.);
#7970=IFCFACE((#7969));
#7971=IFCPOLYLOOP((#5652,#5787,#5880));
#7972=IFCFACEOUTERBOUND(#7971,.T.);
#7973=IFCFACE((#7972));
#7974=IFCPOLYLOOP((#5652,#5880,#5807));
#7975=IFCFACEOUTERBOUND(#7974,.T.);
#7976=IFCFACE((#7975));
#7977=IFCPOLYLOOP((#5652,#5807,#5879));
#7978=IFCFACEOUTERBOUND(#7977,.T.);
#7979=IFCFACE((#7978));
#7980=IFCPOLYLOOP((#5652,#5879,#5769));
#7981=IFCFACEOUTERBOUND(#7980,.T.);
#7982=IFCFACE((#7981));
#7983=IFCPOLYLOOP((#5652,#5769,#5893));
#7984=IFCFACEOUTERBOUND(#7983,.T.);
#7985=IFCFACE((#7984));
#7986=IFCPOLYLOOP((#5652,#5893,#5812));
#7987=IFCFACEOUTERBOUND(#7986,.T.);
#7988=IFCFACE((#7987));
#7989=IFCPOLYLOOP((#5652,#5812,#5896));
#7990=IFCFACEOUTERBOUND(#7989,.T.);
#7991=IFCFACE((#7990));
#7992=IFCPOLYLOOP((#5652,#5896,#5772));
#7993=IFCFACEOUTERBOUND(#7992,.T.);
#7994=IFCFACE((#7993));
#7995=IFCPOLYLOOP((#5652,#5772,#5890));
#7996=IFCFACEOUTERBOUND(#7995,.T.);
#7997=IFCFACE((#7996));
#7998=IFCPOLYLOOP((#5652,#5890,#5811));
#7999=IFCFACEOUTERBOUND(#7998,.T.);
#8000=IFCFACE((#7999));
#8001=IFCPOLYLOOP((#5652,#5811,#5889));
#8002=IFCFACEOUTERBOUND(#8001,.T.);
#8003=IFCFACE((#8002));
#8004=IFCPOLYLOOP((#5652,#5889,#5755));
#8005=IFCFACEOUTERBOUND(#8004,.T.);
#8006=IFCFACE((#8005));
#8007=IFCPOLYLOOP((#5652,#5755,#5898));
#8008=IFCFACEOUTERBOUND(#8007,.T.);
#8009=IFCFACE((#8008));
#8010=IFCPOLYLOOP((#5652,#5898,#5814));
#8011=IFCFACEOUTERBOUND(#8010,.T.);
#8012=IFCFACE((#8011));
#8013=IFCPOLYLOOP((#5652,#5814,#5901));
#8014=IFCFACEOUTERBOUND(#8013,.T.);
#8015=IFCFACE((#8014));
#8016=IFCPOLYLOOP((#5652,#5901,#5780));
#8017=IFCFACEOUTERBOUND(#8016,.T.);
#8018=IFCFACE((#8017));
#8019=IFCPOLYLOOP((#5652,#5780,#5859));
#8020=IFCFACEOUTERBOUND(#8019,.T.);
#8021=IFCFACE((#8020));
#8022=IFCPOLYLOOP((#5652,#5859,#5823));
#8023=IFCFACEOUTERBOUND(#8022,.T.);
#8024=IFCFACE((#8023));
#8025=IFCPOLYLOOP((#5652,#5823,#5824));
#8026=IFCFACEOUTERBOUND(#8025,.T.);
#8027=IFCFACE((#8026));
#8028=IFCPOLYLOOP((#5652,#5824,#5761));
#8029=IFCFACEOUTERBOUND(#8028,.T.);
#8030=IFCFACE((#8029));
#8031=IFCPOLYLOOP((#5652,#5761,#5857));
#8032=IFCFACEOUTERBOUND(#8031,.T.);
#8033=IFCFACE((#8032));
#8034=IFCPOLYLOOP((#5652,#5857,#5799));
#8035=IFCFACEOUTERBOUND(#8034,.T.);
#8036=IFCFACE((#8035));
#8037=IFCPOLYLOOP((#5652,#5799,#5821));
#8038=IFCFACEOUTERBOUND(#8037,.T.);
#8039=IFCFACE((#8038));
#8040=IFCPOLYLOOP((#5652,#5821,#5764));
#8041=IFCFACEOUTERBOUND(#8040,.T.);
#8042=IFCFACE((#8041));
#8043=IFCPOLYLOOP((#5652,#5764,#5793));
#8044=IFCFACEOUTERBOUND(#8043,.T.);
#8045=IFCFACE((#8044));
#8046=IFCPOLYLOOP((#5652,#5793,#5777));
#8047=IFCFACEOUTERBOUND(#8046,.T.);
#8048=IFCFACE((#8047));
#8049=IFCPOLYLOOP((#5652,#5777,#5791));
#8050=IFCFACEOUTERBOUND(#8049,.T.);
#8051=IFCFACE((#8050));
#8052=IFCPOLYLOOP((#5652,#5791,#5661));
#8053=IFCFACEOUTERBOUND(#8052,.T.);
#8054=IFCFACE((#8053));
#8055=IFCPOLYLOOP((#5661,#5657,#5654));
#8056=IFCFACEOUTERBOUND(#8055,.T.);
#8057=IFCFACE((#8056));
#8058=IFCPOLYLOOP((#5661,#5654,#5658));
#8059=IFCFACEOUTERBOUND(#8058,.T.);
#8060=IFCFACE((#8059));
#8061=IFCPOLYLOOP((#5661,#5658,#5652));
#8062=IFCFACEOUTERBOUND(#8061,.T.);
#8063=IFCFACE((#8062));
#8064=IFCPOLYLOOP((#5748,#5930,#5927));
#8065=IFCFACEOUTERBOUND(#8064,.T.);
#8066=IFCFACE((#8065));
#8067=IFCPOLYLOOP((#5748,#5927,#5931));
#8068=IFCFACEOUTERBOUND(#8067,.T.);
#8069=IFCFACE((#8068));
#8070=IFCPOLYLOOP((#5748,#5931,#5414));
#8071=IFCFACEOUTERBOUND(#8070,.T.);
#8072=IFCFACE((#8071));
#8073=IFCPOLYLOOP((#5748,#5713,#5710));
#8074=IFCFACEOUTERBOUND(#8073,.T.);
#8075=IFCFACE((#8074));
#8076=IFCPOLYLOOP((#5748,#5710,#5722));
#8077=IFCFACEOUTERBOUND(#8076,.T.);
#8078=IFCFACE((#8077));
#8079=IFCPOLYLOOP((#5748,#5722,#5702));
#8080=IFCFACEOUTERBOUND(#8079,.T.);
#8081=IFCFACE((#8080));
#8082=IFCPOLYLOOP((#5748,#5702,#5716));
#8083=IFCFACEOUTERBOUND(#8082,.T.);
#8084=IFCFACE((#8083));
#8085=IFCPOLYLOOP((#5748,#5716,#5715));
#8086=IFCFACEOUTERBOUND(#8085,.T.);
#8087=IFCFACE((#8086));
#8088=IFCPOLYLOOP((#5748,#5715,#5740));
#8089=IFCFACEOUTERBOUND(#8088,.T.);
#8090=IFCFACE((#8089));
#8091=IFCPOLYLOOP((#5748,#5740,#5701));
#8092=IFCFACEOUTERBOUND(#8091,.T.);
#8093=IFCFACE((#8092));
#8094=IFCPOLYLOOP((#5748,#5701,#5728));
#8095=IFCFACEOUTERBOUND(#8094,.T.);
#8096=IFCFACE((#8095));
#8097=IFCPOLYLOOP((#5748,#5728,#5717));
#8098=IFCFACEOUTERBOUND(#8097,.T.);
#8099=IFCFACE((#8098));
#8100=IFCPOLYLOOP((#5748,#5717,#5723));
#8101=IFCFACEOUTERBOUND(#8100,.T.);
#8102=IFCFACE((#8101));
#8103=IFCPOLYLOOP((#5748,#5723,#5703));
#8104=IFCFACEOUTERBOUND(#8103,.T.);
#8105=IFCFACE((#8104));
#8106=IFCPOLYLOOP((#5748,#5703,#5730));
#8107=IFCFACEOUTERBOUND(#8106,.T.);
#8108=IFCFACE((#8107));
#8109=IFCPOLYLOOP((#5748,#5730,#5707));
#8110=IFCFACEOUTERBOUND(#8109,.T.);
#8111=IFCFACE((#8110));
#8112=IFCPOLYLOOP((#5748,#5707,#5720));
#8113=IFCFACEOUTERBOUND(#8112,.T.);
#8114=IFCFACE((#8113));
#8115=IFCPOLYLOOP((#5748,#5720,#5700));
#8116=IFCFACEOUTERBOUND(#8115,.T.);
#8117=IFCFACE((#8116));
#8118=IFCPOLYLOOP((#5417,#5516,#5499));
#8119=IFCFACEOUTERBOUND(#8118,.T.);
#8120=IFCFACE((#8119));
#8121=IFCPOLYLOOP((#5417,#5499,#5558));
#8122=IFCFACEOUTERBOUND(#8121,.T.);
#8123=IFCFACE((#8122));
#8124=IFCPOLYLOOP((#5417,#5558,#5493));
#8125=IFCFACEOUTERBOUND(#8124,.T.);
#8126=IFCFACE((#8125));
#8127=IFCPOLYLOOP((#5417,#5493,#5551));
#8128=IFCFACEOUTERBOUND(#8127,.T.);
#8129=IFCFACE((#8128));
#8130=IFCPOLYLOOP((#5417,#5551,#5550));
#8131=IFCFACEOUTERBOUND(#8130,.T.);
#8132=IFCFACE((#8131));
#8133=IFCPOLYLOOP((#5417,#5550,#5581));
#8134=IFCFACEOUTERBOUND(#8133,.T.);
#8135=IFCFACE((#8134));
#8136=IFCPOLYLOOP((#5417,#5581,#5477));
#8137=IFCFACEOUTERBOUND(#8136,.T.);
#8138=IFCFACE((#8137));
#8139=IFCPOLYLOOP((#5417,#5477,#5632));
#8140=IFCFACEOUTERBOUND(#8139,.T.);
#8141=IFCFACE((#8140));
#8142=IFCPOLYLOOP((#5417,#5632,#5538));
#8143=IFCFACEOUTERBOUND(#8142,.T.);
#8144=IFCFACE((#8143));
#8145=IFCPOLYLOOP((#5417,#5538,#5629));
#8146=IFCFACEOUTERBOUND(#8145,.T.);
#8147=IFCFACE((#8146));
#8148=IFCPOLYLOOP((#5417,#5629,#5480));
#8149=IFCFACEOUTERBOUND(#8148,.T.);
#8150=IFCFACE((#8149));
#8151=IFCPOLYLOOP((#5417,#5480,#5605));
#8152=IFCFACEOUTERBOUND(#8151,.T.);
#8153=IFCFACE((#8152));
#8154=IFCPOLYLOOP((#5417,#5605,#5528));
#8155=IFCFACEOUTERBOUND(#8154,.T.);
#8156=IFCFACE((#8155));
#8157=IFCPOLYLOOP((#5417,#5528,#5603));
#8158=IFCFACEOUTERBOUND(#8157,.T.);
#8159=IFCFACE((#8158));
#8160=IFCPOLYLOOP((#5417,#5603,#5476));
#8161=IFCFACEOUTERBOUND(#8160,.T.);
#8162=IFCFACE((#8161));
#8163=IFCPOLYLOOP((#5417,#5476,#5624));
#8164=IFCFACEOUTERBOUND(#8163,.T.);
#8165=IFCFACE((#8164));
#8166=IFCPOLYLOOP((#5417,#5624,#5537));
#8167=IFCFACEOUTERBOUND(#8166,.T.);
#8168=IFCFACE((#8167));
#8169=IFCPOLYLOOP((#5417,#5537,#5627));
#8170=IFCFACEOUTERBOUND(#8169,.T.);
#8171=IFCFACE((#8170));
#8172=IFCPOLYLOOP((#5417,#5627,#5503));
#8173=IFCFACEOUTERBOUND(#8172,.T.);
#8174=IFCFACE((#8173));
#8175=IFCPOLYLOOP((#5417,#5503,#5583));
#8176=IFCFACEOUTERBOUND(#8175,.T.);
#8177=IFCFACE((#8176));
#8178=IFCPOLYLOOP((#5417,#5583,#5555));
#8179=IFCFACEOUTERBOUND(#8178,.T.);
#8180=IFCFACE((#8179));
#8181=IFCPOLYLOOP((#5417,#5555,#5638));
#8182=IFCFACEOUTERBOUND(#8181,.T.);
#8183=IFCFACE((#8182));
#8184=IFCPOLYLOOP((#5417,#5638,#5485));
#8185=IFCFACEOUTERBOUND(#8184,.T.);
#8186=IFCFACE((#8185));
#8187=IFCPOLYLOOP((#5417,#5485,#5588));
#8188=IFCFACEOUTERBOUND(#8187,.T.);
#8189=IFCFACE((#8188));
#8190=IFCPOLYLOOP((#5417,#5588,#5523));
#8191=IFCFACEOUTERBOUND(#8190,.T.);
#8192=IFCFACE((#8191));
#8193=IFCPOLYLOOP((#5417,#5523,#5590));
#8194=IFCFACEOUTERBOUND(#8193,.T.);
#8195=IFCFACE((#8194));
#8196=IFCPOLYLOOP((#5417,#5590,#5488));
#8197=IFCFACEOUTERBOUND(#8196,.T.);
#8198=IFCFACE((#8197));
#8199=IFCPOLYLOOP((#5417,#5488,#5594));
#8200=IFCFACEOUTERBOUND(#8199,.T.);
#8201=IFCFACE((#8200));
#8202=IFCPOLYLOOP((#5417,#5594,#5524));
#8203=IFCFACEOUTERBOUND(#8202,.T.);
#8204=IFCFACE((#8203));
#8205=IFCPOLYLOOP((#5417,#5524,#5592));
#8206=IFCFACEOUTERBOUND(#8205,.T.);
#8207=IFCFACE((#8206));
#8208=IFCPOLYLOOP((#5417,#5592,#5474));
#8209=IFCFACEOUTERBOUND(#8208,.T.);
#8210=IFCFACE((#8209));
#8211=IFCPOLYLOOP((#5417,#5474,#5639));
#8212=IFCFACEOUTERBOUND(#8211,.T.);
#8213=IFCFACE((#8212));
#8214=IFCPOLYLOOP((#5417,#5639,#5508));
#8215=IFCFACEOUTERBOUND(#8214,.T.);
#8216=IFCFACE((#8215));
#8217=IFCPOLYLOOP((#5417,#5508,#5643));
#8218=IFCFACEOUTERBOUND(#8217,.T.);
#8219=IFCFACE((#8218));
#8220=IFCPOLYLOOP((#5417,#5643,#5507));
#8221=IFCFACEOUTERBOUND(#8220,.T.);
#8222=IFCFACE((#8221));
#8223=IFCPOLYLOOP((#5417,#5507,#5600));
#8224=IFCFACEOUTERBOUND(#8223,.T.);
#8225=IFCFACE((#8224));
#8226=IFCPOLYLOOP((#5417,#5600,#5527));
#8227=IFCFACEOUTERBOUND(#8226,.T.);
#8228=IFCFACE((#8227));
#8229=IFCPOLYLOOP((#5417,#5527,#5599));
#8230=IFCFACEOUTERBOUND(#8229,.T.);
#8231=IFCFACE((#8230));
#8232=IFCPOLYLOOP((#5417,#5599,#5489));
#8233=IFCFACEOUTERBOUND(#8232,.T.);
#8234=IFCFACE((#8233));
#8235=IFCPOLYLOOP((#5417,#5489,#5613));
#8236=IFCFACEOUTERBOUND(#8235,.T.);
#8237=IFCFACE((#8236));
#8238=IFCPOLYLOOP((#5417,#5613,#5532));
#8239=IFCFACEOUTERBOUND(#8238,.T.);
#8240=IFCFACE((#8239));
#8241=IFCPOLYLOOP((#5417,#5532,#5616));
#8242=IFCFACEOUTERBOUND(#8241,.T.);
#8243=IFCFACE((#8242));
#8244=IFCPOLYLOOP((#5417,#5616,#5492));
#8245=IFCFACEOUTERBOUND(#8244,.T.);
#8246=IFCFACE((#8245));
#8247=IFCPOLYLOOP((#5417,#5492,#5610));
#8248=IFCFACEOUTERBOUND(#8247,.T.);
#8249=IFCFACE((#8248));
#8250=IFCPOLYLOOP((#5417,#5610,#5531));
#8251=IFCFACEOUTERBOUND(#8250,.T.);
#8252=IFCFACE((#8251));
#8253=IFCPOLYLOOP((#5417,#5531,#5609));
#8254=IFCFACEOUTERBOUND(#8253,.T.);
#8255=IFCFACE((#8254));
#8256=IFCPOLYLOOP((#5417,#5609,#5475));
#8257=IFCFACEOUTERBOUND(#8256,.T.);
#8258=IFCFACE((#8257));
#8259=IFCPOLYLOOP((#5417,#5475,#5618));
#8260=IFCFACEOUTERBOUND(#8259,.T.);
#8261=IFCFACE((#8260));
#8262=IFCPOLYLOOP((#5417,#5618,#5534));
#8263=IFCFACEOUTERBOUND(#8262,.T.);
#8264=IFCFACE((#8263));
#8265=IFCPOLYLOOP((#5417,#5534,#5621));
#8266=IFCFACEOUTERBOUND(#8265,.T.);
#8267=IFCFACE((#8266));
#8268=IFCPOLYLOOP((#5417,#5621,#5500));
#8269=IFCFACEOUTERBOUND(#8268,.T.);
#8270=IFCFACE((#8269));
#8271=IFCPOLYLOOP((#5417,#5500,#5579));
#8272=IFCFACEOUTERBOUND(#8271,.T.);
#8273=IFCFACE((#8272));
#8274=IFCPOLYLOOP((#5417,#5579,#5543));
#8275=IFCFACEOUTERBOUND(#8274,.T.);
#8276=IFCFACE((#8275));
#8277=IFCPOLYLOOP((#5417,#5543,#5544));
#8278=IFCFACEOUTERBOUND(#8277,.T.);
#8279=IFCFACE((#8278));
#8280=IFCPOLYLOOP((#5417,#5544,#5481));
#8281=IFCFACEOUTERBOUND(#8280,.T.);
#8282=IFCFACE((#8281));
#8283=IFCPOLYLOOP((#5417,#5481,#5577));
#8284=IFCFACEOUTERBOUND(#8283,.T.);
#8285=IFCFACE((#8284));
#8286=IFCPOLYLOOP((#5417,#5577,#5519));
#8287=IFCFACEOUTERBOUND(#8286,.T.);
#8288=IFCFACE((#8287));
#8289=IFCPOLYLOOP((#5417,#5519,#5541));
#8290=IFCFACEOUTERBOUND(#8289,.T.);
#8291=IFCFACE((#8290));
#8292=IFCPOLYLOOP((#5417,#5541,#5484));
#8293=IFCFACEOUTERBOUND(#8292,.T.);
#8294=IFCFACE((#8293));
#8295=IFCPOLYLOOP((#5417,#5484,#5513));
#8296=IFCFACEOUTERBOUND(#8295,.T.);
#8297=IFCFACE((#8296));
#8298=IFCPOLYLOOP((#5417,#5513,#5497));
#8299=IFCFACEOUTERBOUND(#8298,.T.);
#8300=IFCFACE((#8299));
#8301=IFCPOLYLOOP((#5417,#5497,#5511));
#8302=IFCFACEOUTERBOUND(#8301,.T.);
#8303=IFCFACE((#8302));
#8304=IFCPOLYLOOP((#5417,#5511,#5467));
#8305=IFCFACEOUTERBOUND(#8304,.T.);
#8306=IFCFACE((#8305));
#8307=IFCPOLYLOOP((#5417,#5675,#5670));
#8308=IFCFACEOUTERBOUND(#8307,.T.);
#8309=IFCFACE((#8308));
#8310=IFCPOLYLOOP((#5417,#5670,#5688));
#8311=IFCFACEOUTERBOUND(#8310,.T.);
#8312=IFCFACE((#8311));
#8313=IFCPOLYLOOP((#5417,#5688,#5664));
#8314=IFCFACEOUTERBOUND(#8313,.T.);
#8315=IFCFACE((#8314));
#8316=IFCPOLYLOOP((#5417,#5664,#5683));
#8317=IFCFACEOUTERBOUND(#8316,.T.);
#8318=IFCFACE((#8317));
#8319=IFCPOLYLOOP((#5417,#5683,#5669));
#8320=IFCFACEOUTERBOUND(#8319,.T.);
#8321=IFCFACE((#8320));
#8322=IFCPOLYLOOP((#5417,#5669,#5692));
#8323=IFCFACEOUTERBOUND(#8322,.T.);
#8324=IFCFACE((#8323));
#8325=IFCPOLYLOOP((#5417,#5692,#5668));
#8326=IFCFACEOUTERBOUND(#8325,.T.);
#8327=IFCFACE((#8326));
#8328=IFCPOLYLOOP((#5417,#5668,#5673));
#8329=IFCFACEOUTERBOUND(#8328,.T.);
#8330=IFCFACE((#8329));
#8331=IFCPOLYLOOP((#5417,#5673,#5672));
#8332=IFCFACEOUTERBOUND(#8331,.T.);
#8333=IFCFACE((#8332));
#8334=IFCPOLYLOOP((#5417,#5672,#5679));
#8335=IFCFACEOUTERBOUND(#8334,.T.);
#8336=IFCFACE((#8335));
#8337=IFCPOLYLOOP((#5417,#5679,#5468));
#8338=IFCFACEOUTERBOUND(#8337,.T.);
#8339=IFCFACE((#8338));
#8340=IFCPOLYLOOP((#5414,#5945,#5940));
#8341=IFCFACEOUTERBOUND(#8340,.T.);
#8342=IFCFACE((#8341));
#8343=IFCPOLYLOOP((#5414,#5940,#5958));
#8344=IFCFACEOUTERBOUND(#8343,.T.);
#8345=IFCFACE((#8344));
#8346=IFCPOLYLOOP((#5414,#5958,#5934));
#8347=IFCFACEOUTERBOUND(#8346,.T.);
#8348=IFCFACE((#8347));
#8349=IFCPOLYLOOP((#5414,#5934,#5953));
#8350=IFCFACEOUTERBOUND(#8349,.T.);
#8351=IFCFACE((#8350));
#8352=IFCPOLYLOOP((#5414,#5953,#5939));
#8353=IFCFACEOUTERBOUND(#8352,.T.);
#8354=IFCFACE((#8353));
#8355=IFCPOLYLOOP((#5414,#5939,#5962));
#8356=IFCFACEOUTERBOUND(#8355,.T.);
#8357=IFCFACE((#8356));
#8358=IFCPOLYLOOP((#5414,#5962,#5938));
#8359=IFCFACEOUTERBOUND(#8358,.T.);
#8360=IFCFACE((#8359));
#8361=IFCPOLYLOOP((#5414,#5938,#5943));
#8362=IFCFACEOUTERBOUND(#8361,.T.);
#8363=IFCFACE((#8362));
#8364=IFCPOLYLOOP((#5414,#5943,#5942));
#8365=IFCFACEOUTERBOUND(#8364,.T.);
#8366=IFCFACE((#8365));
#8367=IFCPOLYLOOP((#5414,#5942,#5949));
#8368=IFCFACEOUTERBOUND(#8367,.T.);
#8369=IFCFACE((#8368));
#8370=IFCPOLYLOOP((#5414,#5949,#5748));
#8371=IFCFACEOUTERBOUND(#8370,.T.);
#8372=IFCFACE((#8371));
#8373=IFCPOLYLOOP((#5467,#5430,#5427));
#8374=IFCFACEOUTERBOUND(#8373,.T.);
#8375=IFCFACE((#8374));
#8376=IFCPOLYLOOP((#5467,#5427,#5439));
#8377=IFCFACEOUTERBOUND(#8376,.T.);
#8378=IFCFACE((#8377));
#8379=IFCPOLYLOOP((#5467,#5439,#5419));
#8380=IFCFACEOUTERBOUND(#8379,.T.);
#8381=IFCFACE((#8380));
#8382=IFCPOLYLOOP((#5467,#5419,#5433));
#8383=IFCFACEOUTERBOUND(#8382,.T.);
#8384=IFCFACE((#8383));
#8385=IFCPOLYLOOP((#5467,#5433,#5432));
#8386=IFCFACEOUTERBOUND(#8385,.T.);
#8387=IFCFACE((#8386));
#8388=IFCPOLYLOOP((#5467,#5432,#5457));
#8389=IFCFACEOUTERBOUND(#8388,.T.);
#8390=IFCFACE((#8389));
#8391=IFCPOLYLOOP((#5467,#5457,#5418));
#8392=IFCFACEOUTERBOUND(#8391,.T.);
#8393=IFCFACE((#8392));
#8394=IFCPOLYLOOP((#5467,#5418,#5445));
#8395=IFCFACEOUTERBOUND(#8394,.T.);
#8396=IFCFACE((#8395));
#8397=IFCPOLYLOOP((#5467,#5445,#5434));
#8398=IFCFACEOUTERBOUND(#8397,.T.);
#8399=IFCFACE((#8398));
#8400=IFCPOLYLOOP((#5467,#5434,#5440));
#8401=IFCFACEOUTERBOUND(#8400,.T.);
#8402=IFCFACE((#8401));
#8403=IFCPOLYLOOP((#5467,#5440,#5420));
#8404=IFCFACEOUTERBOUND(#8403,.T.);
#8405=IFCFACE((#8404));
#8406=IFCPOLYLOOP((#5467,#5420,#5447));
#8407=IFCFACEOUTERBOUND(#8406,.T.);
#8408=IFCFACE((#8407));
#8409=IFCPOLYLOOP((#5467,#5447,#5424));
#8410=IFCFACEOUTERBOUND(#8409,.T.);
#8411=IFCFACE((#8410));
#8412=IFCPOLYLOOP((#5467,#5424,#5437));
#8413=IFCFACEOUTERBOUND(#8412,.T.);
#8414=IFCFACE((#8413));
#8415=IFCPOLYLOOP((#5467,#5437,#5417));
#8416=IFCFACEOUTERBOUND(#8415,.T.);
#8417=IFCFACE((#8416));
#8418=IFCPOLYLOOP((#5941,#5946,#5950));
#8419=IFCFACEOUTERBOUND(#8418,.T.);
#8420=IFCFACE((#8419));
#8421=IFCPOLYLOOP((#5962,#5961,#5957));
#8422=IFCFACEOUTERBOUND(#8421,.T.);
#8423=IFCFACE((#8422));
#8424=IFCPOLYLOOP((#5951,#5963,#5944));
#8425=IFCFACEOUTERBOUND(#8424,.T.);
#8426=IFCFACE((#8425));
#8427=IFCPOLYLOOP((#5957,#5936,#5955));
#8428=IFCFACEOUTERBOUND(#8427,.T.);
#8429=IFCFACE((#8428));
#8430=IFCPOLYLOOP((#5937,#5951,#5944));
#8431=IFCFACEOUTERBOUND(#8430,.T.);
#8432=IFCFACE((#8431));
#8433=IFCPOLYLOOP((#5954,#5958,#5951));
#8434=IFCFACEOUTERBOUND(#8433,.T.);
#8435=IFCFACE((#8434));
#8436=IFCPOLYLOOP((#5466,#5948,#5963));
#8437=IFCFACEOUTERBOUND(#8436,.T.);
#8438=IFCFACE((#8437));
#8439=IFCPOLYLOOP((#5947,#5955,#5936));
#8440=IFCFACEOUTERBOUND(#8439,.T.);
#8441=IFCFACE((#8440));
#8442=IFCPOLYLOOP((#5938,#5955,#5943));
#8443=IFCFACEOUTERBOUND(#8442,.T.);
#8444=IFCFACE((#8443));
#8445=IFCPOLYLOOP((#5935,#5961,#5956));
#8446=IFCFACEOUTERBOUND(#8445,.T.);
#8447=IFCFACE((#8446));
#8448=IFCPOLYLOOP((#5954,#5951,#5937));
#8449=IFCFACEOUTERBOUND(#8448,.T.);
#8450=IFCFACE((#8449));
#8451=IFCPOLYLOOP((#5941,#5950,#5959));
#8452=IFCFACEOUTERBOUND(#8451,.T.);
#8453=IFCFACE((#8452));
#8454=IFCPOLYLOOP((#5942,#5943,#5959));
#8455=IFCFACEOUTERBOUND(#8454,.T.);
#8456=IFCFACE((#8455));
#8457=IFCPOLYLOOP((#5943,#5955,#5959));
#8458=IFCFACEOUTERBOUND(#8457,.T.);
#8459=IFCFACE((#8458));
#8460=IFCPOLYLOOP((#5467,#5466,#5963));
#8461=IFCFACEOUTERBOUND(#8460,.T.);
#8462=IFCFACE((#8461));
#8463=IFCPOLYLOOP((#5749,#5748,#5949));
#8464=IFCFACEOUTERBOUND(#8463,.T.);
#8465=IFCFACE((#8464));
#8466=IFCPOLYLOOP((#5942,#5950,#5949));
#8467=IFCFACEOUTERBOUND(#8466,.T.);
#8468=IFCFACE((#8467));
#8469=IFCPOLYLOOP((#5946,#5750,#5749));
#8470=IFCFACEOUTERBOUND(#8469,.T.);
#8471=IFCFACE((#8470));
#8472=IFCPOLYLOOP((#5466,#5465,#5948));
#8473=IFCFACEOUTERBOUND(#8472,.T.);
#8474=IFCFACE((#8473));
#8475=IFCPOLYLOOP((#5951,#5940,#5963));
#8476=IFCFACEOUTERBOUND(#8475,.T.);
#8477=IFCFACE((#8476));
#8478=IFCPOLYLOOP((#5949,#5950,#5749));
#8479=IFCFACEOUTERBOUND(#8478,.T.);
#8480=IFCFACE((#8479));
#8481=IFCPOLYLOOP((#5749,#5950,#5946));
#8482=IFCFACEOUTERBOUND(#8481,.T.);
#8483=IFCFACE((#8482));
#8484=IFCPOLYLOOP((#5940,#5951,#5958));
#8485=IFCFACEOUTERBOUND(#8484,.T.);
#8486=IFCFACE((#8485));
#8487=IFCPOLYLOOP((#5963,#5940,#5945,#5467));
#8488=IFCFACEOUTERBOUND(#8487,.T.);
#8489=IFCFACE((#8488));
#8490=IFCPOLYLOOP((#5937,#5952,#5954));
#8491=IFCFACEOUTERBOUND(#8490,.T.);
#8492=IFCFACE((#8491));
#8493=IFCPOLYLOOP((#5953,#5956,#5961));
#8494=IFCFACEOUTERBOUND(#8493,.T.);
#8495=IFCFACE((#8494));
#8496=IFCPOLYLOOP((#5934,#5956,#5953));
#8497=IFCFACEOUTERBOUND(#8496,.T.);
#8498=IFCFACE((#8497));
#8499=IFCPOLYLOOP((#5956,#5954,#5952));
#8500=IFCFACEOUTERBOUND(#8499,.T.);
#8501=IFCFACE((#8500));
#8502=IFCPOLYLOOP((#5955,#5938,#5957));
#8503=IFCFACEOUTERBOUND(#8502,.T.);
#8504=IFCFACE((#8503));
#8505=IFCPOLYLOOP((#5947,#5941,#5959));
#8506=IFCFACEOUTERBOUND(#8505,.T.);
#8507=IFCFACE((#8506));
#8508=IFCPOLYLOOP((#5954,#5956,#5934));
#8509=IFCFACEOUTERBOUND(#8508,.T.);
#8510=IFCFACE((#8509));
#8511=IFCPOLYLOOP((#5935,#5956,#5952));
#8512=IFCFACEOUTERBOUND(#8511,.T.);
#8513=IFCFACE((#8512));
#8514=IFCPOLYLOOP((#5961,#5962,#5939,#5953));
#8515=IFCFACEOUTERBOUND(#8514,.T.);
#8516=IFCFACE((#8515));
#8517=IFCPOLYLOOP((#5957,#5961,#5960));
#8518=IFCFACEOUTERBOUND(#8517,.T.);
#8519=IFCFACE((#8518));
#8520=IFCPOLYLOOP((#5954,#5934,#5958));
#8521=IFCFACEOUTERBOUND(#8520,.T.);
#8522=IFCFACE((#8521));
#8523=IFCPOLYLOOP((#5959,#5950,#5942));
#8524=IFCFACEOUTERBOUND(#8523,.T.);
#8525=IFCFACE((#8524));
#8526=IFCPOLYLOOP((#5947,#5959,#5955));
#8527=IFCFACEOUTERBOUND(#8526,.T.);
#8528=IFCFACE((#8527));
#8529=IFCPOLYLOOP((#5960,#5961,#5935));
#8530=IFCFACEOUTERBOUND(#8529,.T.);
#8531=IFCFACE((#8530));
#8532=IFCPOLYLOOP((#5960,#5936,#5957));
#8533=IFCFACEOUTERBOUND(#8532,.T.);
#8534=IFCFACE((#8533));
#8535=IFCPOLYLOOP((#5957,#5938,#5962));
#8536=IFCFACEOUTERBOUND(#8535,.T.);
#8537=IFCFACE((#8536));
#8538=IFCPOLYLOOP((#5963,#5948,#5944));
#8539=IFCFACEOUTERBOUND(#8538,.T.);
#8540=IFCFACE((#8539));
#8541=IFCPOLYLOOP((#5925,#5750,#5946,#5941,#5947,#5936,#5960,#5935,#5952,#5937,#5944,#5948,#5465,#5645));
#8542=IFCFACEOUTERBOUND(#8541,.T.);
#8543=IFCFACE((#8542));
#8544=IFCCLOSEDSHELL((#780,#783,#786,#789,#792,#795,#798,#801,#804,#807,#810,#813,#816,#819,#822,#825,#828,#831,#834,#837,#840,#843,#846,#849,#852,#855,#858,#861,#864,#867,#870,#873,#876,#879,#882,#885,#888,#891,#894,#897,#900,#903,#906,#909,#912,#915,#918,#921,#924,#927,#930,#933,#936,#939,#942,#945,#948,#951,#954,#957,#960,#963,#966,#969,#972,#975,#978,#981,#984,#987,#990,#993,#996,#999,#1002,#1005,#1008,#1011,#1014,#1017,#1020,#1023,#1026,#1029,#1032,#1035,#1038,#1041,#1044,#1047,#1050,#1053,#1056,#1059,#1062,#1065,#1068,#1071,#1074,#1077,#1080,#1083,#1086,#1089,#1092,#1095,#1098,#1101,#1104,#1107,#1110,#1113,#1116,#1119,#1122,#1125,#1128,#1131,#1134,#1137,#1140,#1143,#1146,#1149,#1152,#1155,#1158,#1161,#1164,#1167,#1170,#1173,#1176,#1179,#1182,#1185,#1188,#1191,#1194,#1197,#1200,#1203,#1206,#1209,#1212,#1215,#1218,#1221,#1224,#1227,#1230,#1233,#1236,#1239,#1242,#1245,#1248,#1251));
#8545=IFCFACETEDBREP(#8544);
#8546=IFCCOLOURRGB($,0.956862745098039,0.96078431372549,0.964705882352941);
#8547=IFCSURFACESTYLERENDERING(#8546,0.,$,$,$,$,IFCNORMALISEDRATIOMEASURE(0.5),IFCSPECULAREXPONENT(128.),.NOTDEFINED.);
#8548=IFCSURFACESTYLE('Aluminum',.BOTH.,(#8547));
#8549=IFCSTYLEDITEM(#8545,(#8548),$);
#8550=IFCCLOSEDSHELL((#1302,#1305,#1308,#1311,#1314,#1317,#1320,#1323,#1326,#1329,#1332,#1335,#1338,#1341,#1344,#1347,#1350,#1353,#1356,#1359,#1362,#1365,#1368,#1371,#1374,#1377));
#8551=IFCFACETEDBREP(#8550);
#8552=IFCSTYLEDITEM(#8551,(#8548),$);
#8553=IFCCLOSEDSHELL((#1508,#1511,#1514,#1517,#1520,#1523,#1526,#1529,#1532,#1535,#1538,#1541,#1544,#1547,#1550,#1553,#1556,#1559,#1562,#1565,#1568,#1571,#1574,#1577,#1580,#1583,#1586,#1589,#1592,#1595,#1598,#1601,#1604,#1607,#1610,#1613,#1616,#1619,#1622,#1625,#1628,#1631,#1634,#1637,#1640,#1643,#1646,#1649,#1652,#1655,#1658,#1661,#1664,#1667,#1670,#1673,#1676,#1679,#1682,#1685,#1688,#1691,#1694,#1697,#1700,#1703,#1706,#1709,#1712,#1715,#1718,#1721,#1724,#1727,#1730,#1733,#1736,#1739,#1742,#1745,#1748,#1751,#1754,#1757,#1760,#1763,#1766,#1769,#1772,#1775,#1778,#1781,#1784,#1787,#1790,#1793,#1796,#1799,#1802,#1805,#1808,#1811,#1814,#1817,#1820,#1823,#1826,#1829,#1832,#1835,#1838,#1841,#1844,#1847,#1850,#1853,#1856,#1859,#1862,#1865,#1868,#1871,#1874,#1877,#1880,#1883,#1886,#1889,#1892,#1895,#1898,#1901,#1904,#1907,#1910,#1913,#1916,#1919,#1922,#1925,#1928,#1931,#1934,#1937,#1940,#1943,#1946,#1949,#1952,#1955,#1958,#1961,#1964,#1967,#1970,#1973,#1976,#1979));
#8554=IFCFACETEDBREP(#8553);
#8555=IFCSTYLEDITEM(#8554,(#8548),$);
#8556=IFCCLOSEDSHELL((#2030,#2033,#2036,#2039,#2042,#2045,#2048,#2051,#2054,#2057,#2060,#2063,#2066,#2069,#2072,#2075,#2078,#2081,#2084,#2087,#2090,#2093,#2096,#2099,#2102,#2105));
#8557=IFCFACETEDBREP(#8556);
#8558=IFCSTYLEDITEM(#8557,(#8548),$);
#8559=IFCCLOSEDSHELL((#2118,#2131,#2134,#2137,#2140,#2143,#2146,#2149,#2152,#2155));
#8560=IFCFACETEDBREP(#8559);
#8561=IFCCOLOURRGB($,0.67843137254902,0.517647058823529,0.376470588235294);
#8562=IFCSURFACESTYLERENDERING(#8561,0.,$,$,$,$,IFCNORMALISEDRATIOMEASURE(0.5),IFCSPECULAREXPONENT(64.),.NOTDEFINED.);
#8563=IFCSURFACESTYLE('Wood - Birch',.BOTH.,(#8562));
#8564=IFCSTYLEDITEM(#8560,(#8563),$);
#8565=IFCCLOSEDSHELL((#2166,#2171,#2179,#2183,#2191,#2195,#2203,#2207,#2214,#2217,#2220,#2223,#2226,#2229,#2232,#2235,#2238,#2241));
#8566=IFCFACETEDBREP(#8565);
#8567=IFCCOLOURRGB($,0.698039215686274,0.698039215686274,0.698039215686274);
#8568=IFCSURFACESTYLERENDERING(#8567,0.,$,$,$,$,IFCNORMALISEDRATIOMEASURE(0.5),IFCSPECULAREXPONENT(128.),.NOTDEFINED.);
#8569=IFCSURFACESTYLE('Metal - Paint Finish - Grey',.BOTH.,(#8568));
#8570=IFCSTYLEDITEM(#8566,(#8569),$);
#8571=IFCCLOSEDSHELL((#2248,#2255,#2258,#2261,#2264,#2267));
#8572=IFCFACETEDBREP(#8571);
#8573=IFCCOLOURRGB($,0.96078431372549,0.96078431372549,0.952941176470588);
#8574=IFCSURFACESTYLERENDERING(#8573,1.,$,$,$,$,IFCNORMALISEDRATIOMEASURE(0.5),IFCSPECULAREXPONENT(64.),.NOTDEFINED.);
#8575=IFCSURFACESTYLE('Glass',.BOTH.,(#8574));
#8576=IFCSTYLEDITEM(#8572,(#8575),$);
#8577=IFCCLOSEDSHELL((#2828,#2831,#2834,#2837,#2840,#2843,#2846,#2849,#2852,#2855,#2858,#2861,#2864,#2867,#2870,#2873,#2876,#2879,#2882,#2885,#2888,#2891,#2894,#2897,#2900,#2903,#2906,#2909,#2912,#2915,#2918,#2921,#2924,#2927,#2930,#2933,#2936,#2939,#2942,#2945,#2948,#2951,#2954,#2957,#2960,#2963,#2966,#2969,#2972,#2975,#2978,#2981,#2984,#2987,#2990,#2993,#2996,#2999,#3002,#3005,#3008,#3011,#3014,#3017,#3020,#3023,#3026,#3029,#3032,#3035,#3038,#3041,#3044,#3047,#3050,#3053,#3056,#3059,#3062,#3065,#3068,#3071,#3074,#3077,#3080,#3083,#3086,#3089,#3092,#3095,#3098,#3101,#3104,#3107,#3110,#3113,#3116,#3119,#3122,#3125,#3128,#3131,#3134,#3137,#3140,#3143,#3146,#3149,#3152,#3155,#3158,#3161,#3164,#3167,#3170,#3173,#3176,#3179,#3182,#3185,#3188,#3191,#3194,#3197,#3200,#3203,#3206,#3209,#3212,#3215,#3218,#3221,#3224,#3227,#3230,#3233,#3236,#3239,#3242,#3245,#3248,#3251,#3254,#3257,#3260,#3263,#3266,#3269,#3272,#3275,#3278,#3281,#3284,#3287,#3290,#3293,#3296,#3299,#3302,#3305,#3308,#3311,#3314,#3317,#3320,#3323,#3326,#3329,#3332,#3335,#3338,#3341,#3344,#3347,#3350,#3353,#3356,#3359,#3362,#3365,#3368,#3371,#3374,#3377,#3380,#3383,#3386,#3389,#3392,#3395,#3398,#3401,#3404,#3407,#3410,#3413,#3416,#3419,#3422,#3425,#3428,#3431,#3434,#3437,#3440,#3443,#3446,#3449,#3452,#3455,#3458,#3461,#3464,#3467,#3470,#3473,#3476,#3479,#3482,#3485,#3488,#3491,#3494,#3497,#3500,#3503,#3506,#3509,#3512,#3515,#3518,#3521,#3524,#3527,#3530,#3533,#3536,#3539,#3542,#3545,#3548,#3551,#3554,#3557,#3560,#3563,#3566,#3569,#3572,#3575,#3578,#3581,#3584,#3587,#3590,#3593,#3596,#3599,#3602,#3605,#3608,#3611,#3614,#3617,#3620,#3623,#3626,#3629,#3632,#3635,#3638,#3641,#3644,#3647,#3650,#3653,#3656,#3659,#3662,#3665,#3668,#3671,#3674,#3677,#3680,#3683,#3686,#3689,#3692,#3695,#3698,#3701,#3704,#3707,#3710,#3713,#3716,#3719,#3722,#3725,#3728,#3731,#3734,#3737,#3740,#3743,#3746,#3749,#3752,#3755,#3758,#3761,#3764,#3767,#3770,#3773,#3776,#3779,#3782,#3785,#3788,#3791,#3794,#3797,#3800,#3803,#3806,#3809,#3812,#3815,#3818,#3821,#3824,#3827,#3830,#3833,#3836,#3839,#3842,#3845,#3848,#3851,#3854,#3857,#3860,#3863,#3866,#3869,#3872,#3875,#3878,#3881,#3884,#3887,#3890,#3893,#3896,#3899,#3902,#3905,#3908,#3911,#3914,#3917,#3920,#3923,#3926,#3929,#3932,#3935,#3938,#3941,#3944,#3947,#3950,#3953,#3956,#3959,#3962,#3965,#3968,#3971,#3974,#3977,#3980,#3983,#3986,#3989,#3992,#3995,#3998,#4001,#4004,#4007,#4010,#4013,#4016,#4019,#4022,#4025,#4028,#4031,#4034,#4037,#4040,#4043,#4046,#4049,#4052,#4055,#4058,#4061,#4064,#4067,#4070,#4073,#4076,#4079,#4082,#4085,#4088,#4091,#4094,#4097,#4100,#4103,#4106,#4109,#4112,#4115,#4118,#4121,#4124,#4127,#4130,#4133,#4136,#4139,#4142,#4145,#4148,#4151,#4154,#4157,#4160,#4163,#4166,#4169,#4172,#4175,#4178,#4181,#4184,#4187,#4190,#4193,#4196,#4199,#4202,#4205,#4208,#4211,#4214,#4217,#4220,#4223,#4226,#4229,#4232,#4235,#4238,#4241,#4244,#4247,#4250,#4253,#4256,#4259,#4262,#4265,#4268,#4271,#4274,#4277,#4280,#4283,#4286,#4289,#4292,#4295,#4298,#4301,#4304,#4307,#4310,#4313,#4316,#4319,#4322,#4325,#4328,#4331,#4334,#4337,#4340,#4343,#4346,#4349,#4352,#4355,#4358,#4361,#4364,#4367,#4370,#4373,#4376,#4379,#4382,#4385,#4388,#4391,#4394,#4397,#4400,#4403,#4406,#4409,#4412,#4415,#4418,#4421,#4424,#4427,#4430,#4433,#4436,#4439,#4442,#4445,#4448,#4451,#4454,#4457,#4460,#4463,#4466,#4469,#4472,#4475,#4478,#4481,#4484,#4487,#4490,#4493,#4496,#4499,#4502,#4505,#4508,#4511,#4514,#4517,#4520,#4523,#4526,#4529,#4532,#4535,#4538,#4541,#4544,#4547,#4550,#4553,#4556,#4559,#4562,#4565,#4568,#4571,#4574,#4577,#4580,#4583,#4586,#4589,#4592,#4595,#4598,#4601,#4604,#4607,#4610,#4613,#4616,#4619,#4622,#4625,#4628,#4631,#4634,#4637,#4640,#4643,#4646,#4649,#4652,#4655,#4658,#4661,#4664,#4667,#4670,#4673,#4676,#4679,#4682,#4685,#4688,#4691,#4694,#4697,#4700,#4703,#4706,#4709,#4712,#4715,#4718,#4721,#4724,#4727,#4730,#4733,#4736,#4739,#4742,#4745,#4748,#4751,#4754,#4757,#4760,#4763,#4766,#4769,#4772,#4775,#4778,#4781,#4784,#4787,#4790,#4793,#4796,#4799,#4802,#4805,#4808,#4811,#4814,#4817,#4820,#4823,#4826,#4829,#4832,#4835,#4838,#4841,#4844,#4847,#4850,#4853,#4856,#4859,#4862,#4865,#4868,#4871,#4874,#4877,#4880,#4883,#4886,#4889,#4892,#4895,#4898,#4901,#4904,#4907,#4910,#4913,#4916,#4919,#4922,#4925,#4928,#4931,#4934,#4937,#4940,#4943,#4946,#4949,#4952,#4955,#4958,#4961,#4964,#4967,#4970,#4973,#4976,#4979,#4982,#4985,#4988,#4991,#4994,#4997,#5000,#5003,#5006,#5009,#5012,#5015,#5018,#5021,#5024,#5027,#5030,#5033,#5036,#5039,#5042,#5045,#5048,#5051,#5054,#5057,#5060,#5063,#5066,#5069,#5072,#5075,#5078,#5081,#5084,#5087,#5090,#5093,#5096,#5099,#5102,#5105,#5108,#5111,#5114,#5117,#5120,#5123,#5126,#5129,#5132,#5135,#5138,#5141,#5144,#5147,#5150,#5153,#5156,#5159,#5162,#5165,#5168,#5171,#5174,#5177,#5180,#5183,#5186,#5189,#5192,#5195,#5198,#5201,#5204,#5207,#5210,#5213,#5216,#5219,#5222,#5225,#5228,#5231,#5234,#5237,#5240,#5243,#5246,#5249,#5252,#5255,#5258,#5261,#5264,#5267,#5270,#5273,#5276,#5279,#5282,#5285,#5288,#5291,#5294,#5297,#5300,#5303,#5306,#5309,#5312,#5315,#5318,#5321,#5324,#5327,#5330,#5333,#5336,#5339,#5342,#5345,#5348,#5351,#5354,#5357,#5360,#5363,#5366,#5369,#5372,#5375,#5378,#5381,#5384,#5387,#5390,#5393,#5396,#5399,#5402,#5405));
#8578=IFCFACETEDBREP(#8577);
#8579=IFCSTYLEDITEM(#8578,(#8569),$);
#8580=IFCCLOSEDSHELL((#5966,#5969,#5972,#5975,#5978,#5981,#5984,#5987,#5990,#5993,#5996,#5999,#6002,#6005,#6008,#6011,#6014,#6017,#6020,#6023,#6026,#6029,#6032,#6035,#6038,#6041,#6044,#6047,#6050,#6053,#6056,#6059,#6062,#6065,#6068,#6071,#6074,#6077,#6080,#6083,#6086,#6089,#6092,#6095,#6098,#6101,#6104,#6107,#6110,#6113,#6116,#6119,#6122,#6125,#6128,#6131,#6134,#6137,#6140,#6143,#6146,#6149,#6152,#6155,#6158,#6161,#6164,#6167,#6170,#6173,#6176,#6179,#6182,#6185,#6188,#6191,#6194,#6197,#6200,#6203,#6206,#6209,#6212,#6215,#6218,#6221,#6224,#6227,#6230,#6233,#6236,#6239,#6242,#6245,#6248,#6251,#6254,#6257,#6260,#6263,#6266,#6269,#6272,#6275,#6278,#6281,#6284,#6287,#6290,#6293,#6296,#6299,#6302,#6305,#6308,#6311,#6314,#6317,#6320,#6323,#6326,#6329,#6332,#6335,#6338,#6341,#6344,#6347,#6350,#6353,#6356,#6359,#6362,#6365,#6368,#6371,#6374,#6377,#6380,#6383,#6386,#6389,#6392,#6395,#6398,#6401,#6404,#6407,#6410,#6413,#6416,#6419,#6422,#6425,#6428,#6431,#6434,#6437,#6440,#6443,#6446,#6449,#6452,#6455,#6458,#6461,#6464,#6467,#6470,#6473,#6476,#6479,#6482,#6485,#6488,#6491,#6494,#6497,#6500,#6503,#6506,#6509,#6512,#6515,#6518,#6521,#6524,#6527,#6530,#6533,#6536,#6539,#6542,#6545,#6548,#6551,#6554,#6557,#6560,#6563,#6566,#6569,#6572,#6575,#6578,#6581,#6584,#6587,#6590,#6593,#6596,#6599,#6602,#6605,#6608,#6611,#6614,#6617,#6620,#6623,#6626,#6629,#6632,#6635,#6638,#6641,#6644,#6647,#6650,#6653,#6656,#6659,#6662,#6665,#6668,#6671,#6674,#6677,#6680,#6683,#6686,#6689,#6692,#6695,#6698,#6701,#6704,#6707,#6710,#6713,#6716,#6719,#6722,#6725,#6728,#6731,#6734,#6737,#6740,#6743,#6746,#6749,#6752,#6755,#6758,#6761,#6764,#6767,#6770,#6773,#6776,#6779,#6782,#6785,#6788,#6791,#6794,#6797,#6800,#6803,#6806,#6809,#6812,#6815,#6818,#6821,#6824,#6827,#6830,#6833,#6836,#6839,#6842,#6845,#6848,#6851,#6854,#6857,#6860,#6863,#6866,#6869,#6872,#6875,#6878,#6881,#6884,#6887,#6890,#6893,#6896,#6899,#6902,#6905,#6908,#6911,#6914,#6917,#6920,#6923,#6926,#6929,#6932,#6935,#6938,#6941,#6944,#6947,#6950,#6953,#6956,#6959,#6962,#6965,#6968,#6971,#6974,#6977,#6980,#6983,#6986,#6989,#6992,#6995,#6998,#7001,#7004,#7007,#7010,#7013,#7016,#7019,#7022,#7025,#7028,#7031,#7034,#7037,#7040,#7043,#7046,#7049,#7052,#7055,#7058,#7061,#7064,#7067,#7070,#7073,#7076,#7079,#7082,#7085,#7088,#7091,#7094,#7097,#7100,#7103,#7106,#7109,#7112,#7115,#7118,#7121,#7124,#7127,#7130,#7133,#7136,#7139,#7142,#7145,#7148,#7151,#7154,#7157,#7160,#7163,#7166,#7169,#7172,#7175,#7178,#7181,#7184,#7187,#7190,#7193,#7196,#7199,#7202,#7205,#7208,#7211,#7214,#7217,#7220,#7223,#7226,#7229,#7232,#7235,#7238,#7241,#7244,#7247,#7250,#7253,#7256,#7259,#7262,#7265,#7268,#7271,#7274,#7277,#7280,#7283,#7286,#7289,#7292,#7295,#7298,#7301,#7304,#7307,#7310,#7313,#7316,#7319,#7322,#7325,#7328,#7331,#7334,#7337,#7340,#7343,#7346,#7349,#7352,#7355,#7358,#7361,#7364,#7367,#7370,#7373,#7376,#7379,#7382,#7385,#7388,#7391,#7394,#7397,#7400,#7403,#7406,#7409,#7412,#7415,#7418,#7421,#7424,#7427,#7430,#7433,#7436,#7439,#7442,#7445,#7448,#7451,#7454,#7457,#7460,#7463,#7466,#7469,#7472,#7475,#7478,#7481,#7484,#7487,#7490,#7493,#7496,#7499,#7502,#7505,#7508,#7511,#7514,#7517,#7520,#7523,#7526,#7529,#7532,#7535,#7538,#7541,#7544,#7547,#7550,#7553,#7556,#7559,#7562,#7565,#7568,#7571,#7574,#7577,#7580,#7583,#7586,#7589,#7592,#7595,#7598,#7601,#7604,#7607,#7610,#7613,#7616,#7619,#7622,#7625,#7628,#7631,#7634,#7637,#7640,#7643,#7646,#7649,#7652,#7655,#7658,#7661,#7664,#7667,#7670,#7673,#7676,#7679,#7682,#7685,#7688,#7691,#7694,#7697,#7700,#7703,#7706,#7709,#7712,#7715,#7718,#7721,#7724,#7727,#7730,#7733,#7736,#7739,#7742,#7745,#7748,#7751,#7754,#7757,#7760,#7763,#7766,#7769,#7772,#7775,#7778,#7781,#7784,#7787,#7790,#7793,#7796,#7799,#7802,#7805,#7808,#7811,#7814,#7817,#7820,#7823,#7826,#7829,#7832,#7835,#7838,#7841,#7844,#7847,#7850,#7853,#7856,#7859,#7862,#7865,#7868,#7871,#7874,#7877,#7880,#7883,#7886,#7889,#7892,#7895,#7898,#7901,#7904,#7907,#7910,#7913,#7916,#7919,#7922,#7925,#7928,#7931,#7934,#7937,#7940,#7943,#7946,#7949,#7952,#7955,#7958,#7961,#7964,#7967,#7970,#7973,#7976,#7979,#7982,#7985,#7988,#7991,#7994,#7997,#8000,#8003,#8006,#8009,#8012,#8015,#8018,#8021,#8024,#8027,#8030,#8033,#8036,#8039,#8042,#8045,#8048,#8051,#8054,#8057,#8060,#8063,#8066,#8069,#8072,#8075,#8078,#8081,#8084,#8087,#8090,#8093,#8096,#8099,#8102,#8105,#8108,#8111,#8114,#8117,#8120,#8123,#8126,#8129,#8132,#8135,#8138,#8141,#8144,#8147,#8150,#8153,#8156,#8159,#8162,#8165,#8168,#8171,#8174,#8177,#8180,#8183,#8186,#8189,#8192,#8195,#8198,#8201,#8204,#8207,#8210,#8213,#8216,#8219,#8222,#8225,#8228,#8231,#8234,#8237,#8240,#8243,#8246,#8249,#8252,#8255,#8258,#8261,#8264,#8267,#8270,#8273,#8276,#8279,#8282,#8285,#8288,#8291,#8294,#8297,#8300,#8303,#8306,#8309,#8312,#8315,#8318,#8321,#8324,#8327,#8330,#8333,#8336,#8339,#8342,#8345,#8348,#8351,#8354,#8357,#8360,#8363,#8366,#8369,#8372,#8375,#8378,#8381,#8384,#8387,#8390,#8393,#8396,#8399,#8402,#8405,#8408,#8411,#8414,#8417,#8420,#8423,#8426,#8429,#8432,#8435,#8438,#8441,#8444,#8447,#8450,#8453,#8456,#8459,#8462,#8465,#8468,#8471,#8474,#8477,#8480,#8483,#8486,#8489,#8492,#8495,#8498,#8501,#8504,#8507,#8510,#8513,#8516,#8519,#8522,#8525,#8528,#8531,#8534,#8537,#8540,#8543));
#8581=IFCFACETEDBREP(#8580);
#8582=IFCSTYLEDITEM(#8581,(#8569),$);
#8583=IFCSHAPEREPRESENTATION(#24,'Body','Brep',(#8545,#8551,#8554,#8557,#8560,#8566,#8572,#8578,#8581));
#8584=IFCAXIS2PLACEMENT3D(#3,$,$);
#8585=IFCREPRESENTATIONMAP(#8584,#8583);
#8586=IFCDOORLININGPROPERTIES('1k$xn8F5n4Fh7djrObicaA',#18,'M_Door-Passage-Single-Vision_Lite:750 x 2000mm:1626427',$,$,$,$,$,$,$,$,$,$,$,$,$,$);
#8587=IFCDOORPANELPROPERTIES('1k$xn8F5n4Fh7djrKbicaA',#18,'M_Door-Passage-Single-Vision_Lite:750 x 2000mm:1626427:1',$,$,.SWINGING.,$,.NOTDEFINED.,$);
#8588=IFCDOORTYPE('3Kj$wEiMOWTbu2fQP5P2Jm',#18,'M_Door-Passage-Single-Vision_Lite:750 x 2000mm',$,$,(#8586,#8587),(#8585),'1457080',$,.DOOR.,.SINGLE_SWING_RIGHT.,.F.,$);
#8589=IFCMATERIAL('Aluminum',$,'Metal');
#8590=IFCSTYLEDITEM($,(#8548),$);
#8591=IFCSTYLEDREPRESENTATION(#22,'Style','Material',(#8590));
#8592=IFCMATERIALDEFINITIONREPRESENTATION($,$,(#8591),#8589);
#8593=IFCMATERIAL('Wood - Birch',$,'Wood');
#8594=IFCCOLOURRGB($,0.470588235294118,0.470588235294118,0.470588235294118);
#8595=IFCCURVESTYLEFONTPATTERN(317.5,2857.5);
#8596=IFCCURVESTYLEFONT('Wood 4:1',(#8595));
#8597=IFCCURVESTYLE('Wood 4:1',#8596,$,#8594,$);
#8598=IFCCARTESIANPOINT((2082.79994364401,2006.60007514131));
#8599=IFCFILLAREASTYLEHATCHING(#8597,IFCPOSITIVELENGTHMEASURE(127.),$,#8598,216.8699);
#8600=IFCCURVESTYLEFONTPATTERN(709.95159,709.95159);
#8601=IFCCURVESTYLEFONT('Wood 4:2',(#8600));
#8602=IFCCURVESTYLE('Wood 4:2',#8601,$,#8594,$);
#8603=IFCCARTESIANPOINT((-126.999796601473,63.499290054133));
#8604=IFCFILLAREASTYLEHATCHING(#8602,IFCPOSITIVELENGTHMEASURE(283.98089),$,#8603,206.5651);
#8605=IFCCURVESTYLEFONTPATTERN(401.60956,1606.43697);
#8606=IFCCURVESTYLEFONT('Wood 4:3',(#8605));
#8607=IFCCURVESTYLE('Wood 4:3',#8606,$,#8594,$);
#8608=IFCCARTESIANPOINT((-698.50016062229,-317.498790982069));
#8609=IFCFILLAREASTYLEHATCHING(#8607,IFCPOSITIVELENGTHMEASURE(200.80478),$,#8608,198.4349);
#8610=IFCFILLAREASTYLE('Wood 4',(#8599,#8604,#8609),$);
#8611=IFCSTYLEDITEM($,(#8563,#8610),$);
#8612=IFCSTYLEDREPRESENTATION(#22,'Style','Material and Cut Pattern',(#8611));
#8613=IFCMATERIALDEFINITIONREPRESENTATION($,$,(#8612),#8593);
#8614=IFCMATERIAL('Metal - Paint Finish - Grey',$,'Paint');
#8615=IFCSTYLEDITEM($,(#8569),$);
#8616=IFCSTYLEDREPRESENTATION(#22,'Style','Material',(#8615));
#8617=IFCMATERIALDEFINITIONREPRESENTATION($,$,(#8616),#8614);
#8618=IFCMATERIAL('Glass',$,'Glass');
#8619=IFCSTYLEDITEM($,(#8575),$);
#8620=IFCSTYLEDREPRESENTATION(#22,'Style','Material',(#8619));
#8621=IFCMATERIALDEFINITIONREPRESENTATION($,$,(#8620),#8618);
#8622=IFCMATERIALCONSTITUENT('Hardware',$,#8589,$,'Metal');
#8623=IFCSHAPEREPRESENTATION(#24,'Body','Brep',(#8545,#8551,#8554,#8557));
#8624=IFCSHAPEASPECT((#8623),'Hardware',$,.U.,#8585);
#8625=IFCMATERIALCONSTITUENT('Panel',$,#8593,$,'Wood');
#8626=IFCSHAPEREPRESENTATION(#24,'Body','Brep',(#8560));
#8627=IFCSHAPEASPECT((#8626),'Panel',$,.U.,#8585);
#8628=IFCMATERIALCONSTITUENT('Frame/Mullion',$,#8614,$,'Paint');
#8629=IFCSHAPEREPRESENTATION(#24,'Body','Brep',(#8566));
#8630=IFCSHAPEASPECT((#8629),'Frame/Mullion',$,.U.,#8585);
#8631=IFCMATERIALCONSTITUENT('Glass',$,#8618,$,'Glass');
#8632=IFCSHAPEREPRESENTATION(#24,'Body','Brep',(#8572));
#8633=IFCSHAPEASPECT((#8632),'Glass',$,.U.,#8585);
#8634=IFCMATERIALCONSTITUENT('Metal - Paint Finish - Grey',$,#8614,$,'Paint');
#8635=IFCSHAPEREPRESENTATION(#24,'Body','Brep',(#8578,#8581));
#8636=IFCSHAPEASPECT((#8635),'Metal - Paint Finish - Grey',$,.U.,#8585);
#8637=IFCMATERIALCONSTITUENTSET($,$,(#8622,#8625,#8628,#8631,#8634));
#8638=IFCCARTESIANTRANSFORMATIONOPERATOR3D($,$,#3,1.,$);
#8639=IFCMAPPEDITEM(#8585,#8638);
#8640=IFCSHAPEREPRESENTATION(#24,'Body','MappedRepresentation',(#8639));
#8641=IFCPRODUCTDEFINITIONSHAPE($,$,(#8640));
#8642=IFCCARTESIANPOINT((17750.,13450.,0.));
#8643=IFCAXIS2PLACEMENT3D(#8642,$,$);
#8645=IFCDOOR('1k$xn8F5n4Fh7djrSbicaA',#18,'M_Door-Passage-Single-Vision_Lite:750 x 2000mm:1626427',$,'M_Door-Passage-Single-Vision_Lite:750 x 2000mm',#17231,#8641,'1626427',2100.,850.,.DOOR.,.SINGLE_SWING_RIGHT.,$);
#8646=IFCMATERIALCONSTITUENT('Aluminum',$,#8589,$,'Metal');
#8647=IFCMATERIALCONSTITUENT('Wood - Birch',$,#8593,$,'Wood');
#8648=IFCMATERIALCONSTITUENT('Metal - Paint Finish - Grey',$,#8614,$,'Paint');
#8649=IFCMATERIALCONSTITUENT('Glass',$,#8618,$,'Glass');
#8650=IFCMATERIALCONSTITUENTSET($,$,(#8646,#8647,#8648,#8649));
#8651=IFCPROPERTYSINGLEVALUE('Reference',$,IFCIDENTIFIER('750 x 2000mm'),$);
#8652=IFCPROPERTYSET('3MQCtmEM4TpdeIoLMwAg1k',#18,'Pset_DoorCommon',$,(#332,#8651));
#8653=IFCPROPERTYSET('2Xahzbj2bJyfxELcLSi2Sc',#18,'Pset_EnvironmentalImpactIndicators',$,(#8651));
#8654=IFCRELDEFINESBYPROPERTIES('0h2Sa$VIU3a5NujtyanrMt',#18,$,$,(#8645),#8652);
#8655=IFCRELDEFINESBYPROPERTIES('1AFj3GiuUaj38K6nQu5PDu',#18,$,$,(#8645),#8653);
#8656=IFCCLASSIFICATIONREFERENCE('https://www.csiresources.org/standards/uniformat','B2030100','Glazed Doors & Entrances',#28,'',$);
#8657=IFCMAPPEDITEM(#8585,#8638);
#8658=IFCSHAPEREPRESENTATION(#24,'Body','MappedRepresentation',(#8657));
#8659=IFCPRODUCTDEFINITIONSHAPE($,$,(#8658));
#8660=IFCCARTESIANPOINT((5328.42893214522,6500.,0.));
#8661=IFCAXIS2PLACEMENT3D(#8660,#9,#6);
#8663=IFCDOOR('1k$xn8F5n4Fh7djrSbicd0',#18,'M_Door-Passage-Single-Vision_Lite:750 x 2000mm:1626609',$,'M_Door-Passage-Single-Vision_Lite:750 x 2000mm',#17138,#8659,'1626609',2100.,850.000000000001,.DOOR.,.SINGLE_SWING_RIGHT.,$);
#8664=IFCMATERIALCONSTITUENT('Aluminum',$,#8589,$,'Metal');
#8665=IFCMATERIALCONSTITUENT('Wood - Birch',$,#8593,$,'Wood');
#8666=IFCMATERIALCONSTITUENT('Metal - Paint Finish - Grey',$,#8614,$,'Paint');
#8667=IFCMATERIALCONSTITUENT('Glass',$,#8618,$,'Glass');
#8668=IFCMATERIALCONSTITUENTSET($,$,(#8664,#8665,#8666,#8667));
#8669=IFCPROPERTYSET('3Y_r_sXAnCDaCIQ1t$75XJ',#18,'Pset_DoorCommon',$,(#332,#8651));
#8670=IFCPROPERTYSET('0zjfvd3qwcgk7Xfu8F0prP',#18,'Pset_EnvironmentalImpactIndicators',$,(#8651));
#8671=IFCRELDEFINESBYPROPERTIES('1NqE0znNuma$w2Mfq2v6o4',#18,$,$,(#8663),#8669);
#8672=IFCRELDEFINESBYPROPERTIES('3kyxaG8P$qruoVI5v3BBzk',#18,$,$,(#8663),#8670);
#8673=IFCCARTESIANPOINT((10600.,6375.,0.));
#8674=IFCAXIS2PLACEMENT3D(#8673,#9,#6);
#8675=IFCLOCALPLACEMENT(#34,#8674);
#8676=IFCCARTESIANPOINT((4321.57106785479,0.));
#8677=IFCPOLYLINE((#4,#8676));
#8678=IFCSHAPEREPRESENTATION(#23,'Axis','Curve2D',(#8677));
#8679=IFCCARTESIANPOINT((2160.78553392739,-2.1316282072803E-14));
#8680=IFCAXIS2PLACEMENT2D(#8679,#12);
#8681=IFCRECTANGLEPROFILEDEF(.AREA.,$,#8680,4321.57106785479,249.999999999999);
#8682=IFCAXIS2PLACEMENT3D(#3,$,$);
#8683=IFCEXTRUDEDAREASOLID(#8681,#8682,#9,3000.);
#8684=IFCSTYLEDITEM(#8683,(#316),$);
#8685=IFCSHAPEREPRESENTATION(#24,'Body','SweptSolid',(#8683));
#8686=IFCPRODUCTDEFINITIONSHAPE($,$,(#8678,#8685));
#8687=IFCWALL('1k$xn8F5n4Fh7djrSbicj9',#18,'Basic Wall:Generic - 250mm:1627000',$,'Basic Wall:Generic - 250mm',#8675,#8686,'1627000',.NOTDEFINED.);
#8688=IFCPROPERTYSET('1IXnDVUe2B08MD7eR23FRO',#18,'Pset_EnvironmentalImpactIndicators',$,(#328));
#8689=IFCPROPERTYSINGLEVALUE('Reference',$,IFCLABEL('Generic - 250mm'),$);
#8690=IFCPROPERTYSET('1RRe2dM5oHHN7aVQtGWt36',#18,'Pset_ReinforcementBarPitchOfWall',$,(#8689));
#8691=IFCPROPERTYSET('0eS7DXZeMgbRrAy7Kt4U34',#18,'Pset_WallCommon',$,(#328,#332,#333,#334));
#8692=IFCRELDEFINESBYPROPERTIES('37ECpaMuVGBmpj$TSsZKEg',#18,$,$,(#8687),#8688);
#8693=IFCRELDEFINESBYPROPERTIES('0JJB8FC$0bgI0IAKbOmaNV',#18,$,$,(#8687),#8690);
#8694=IFCRELDEFINESBYPROPERTIES('2y285eIn1yDuVgyU8FSUJO',#18,$,$,(#8687),#8691);
#8695=IFCCARTESIANPOINT((5962.70964101175,17475.,0.));
#8696=IFCAXIS2PLACEMENT3D(#8695,$,$);
#8697=IFCLOCALPLACEMENT(#34,#8696);
#8698=IFCCARTESIANPOINT((2537.29035898829,0.));
#8699=IFCPOLYLINE((#4,#8698));
#8700=IFCSHAPEREPRESENTATION(#23,'Axis','Curve2D',(#8699));
#8701=IFCCARTESIANPOINT((1268.64517949414,6.3948846218409E-14));
#8702=IFCAXIS2PLACEMENT2D(#8701,#12);
#8703=IFCRECTANGLEPROFILEDEF(.AREA.,$,#8702,2537.29035898829,249.999999999999);
#8704=IFCAXIS2PLACEMENT3D(#3,$,$);
#8705=IFCEXTRUDEDAREASOLID(#8703,#8704,#9,3000.);
#8706=IFCSTYLEDITEM(#8705,(#316),$);
#8707=IFCSHAPEREPRESENTATION(#24,'Body','SweptSolid',(#8705));
#8708=IFCPRODUCTDEFINITIONSHAPE($,$,(#8700,#8707));
#8709=IFCWALL('1k$xn8F5n4Fh7djrSbicnR',#18,'Basic Wall:Generic - 250mm:1627242',$,'Basic Wall:Generic - 250mm',#8697,#8708,'1627242',.NOTDEFINED.);
#8710=IFCPROPERTYSET('2dq7uRN7ovEbDS$D54yF8p',#18,'Pset_EnvironmentalImpactIndicators',$,(#328));
#8711=IFCPROPERTYSINGLEVALUE('Reference',$,IFCLABEL('Generic - 250mm'),$);
#8712=IFCPROPERTYSET('3p5XobN8vF15M9cfUoIjSL',#18,'Pset_ReinforcementBarPitchOfWall',$,(#8711));
#8713=IFCPROPERTYSET('0U6FhSVvyhWF_lhrFIWf8g',#18,'Pset_WallCommon',$,(#328,#332,#333,#334));
#8714=IFCRELDEFINESBYPROPERTIES('3tMPHQ0chNxG5dbA2ENqg7',#18,$,$,(#8709),#8710);
#8715=IFCRELDEFINESBYPROPERTIES('1PnKxLMQjbLvFEa0B_hPcs',#18,$,$,(#8709),#8712);
#8716=IFCRELDEFINESBYPROPERTIES('2Lgfmdr2GUeUFURGgMjPvY',#18,$,$,(#8709),#8713);
#8717=IFCCARTESIANPOINT((125.,6500.,0.));
#8718=IFCAXIS2PLACEMENT3D(#8717,#9,#7);
#8719=IFCLOCALPLACEMENT(#34,#8718);
#8720=IFCCARTESIANPOINT((8349.29261626186,0.));
#8721=IFCPOLYLINE((#4,#8720));
#8722=IFCSHAPEREPRESENTATION(#23,'Axis','Curve2D',(#8721));
#8723=IFCCARTESIANPOINT((4174.64630813093,-1.4210854715202E-14));
#8724=IFCAXIS2PLACEMENT2D(#8723,#11);
#8725=IFCRECTANGLEPROFILEDEF(.AREA.,$,#8724,8349.29261626186,250.);
#8726=IFCAXIS2PLACEMENT3D(#3,$,$);
#8727=IFCEXTRUDEDAREASOLID(#8725,#8726,#9,3000.);
#8728=IFCSTYLEDITEM(#8727,(#316),$);
#8729=IFCSHAPEREPRESENTATION(#24,'Body','SweptSolid',(#8727));
#8730=IFCPRODUCTDEFINITIONSHAPE($,$,(#8722,#8729));
#8731=IFCWALL('1k$xn8F5n4Fh7djrSbicpZ',#18,'Basic Wall:Generic - 250mm:1627346',$,'Basic Wall:Generic - 250mm',#8719,#8730,'1627346',.NOTDEFINED.);
#8732=IFCPROPERTYSET('16GQRdPjzN9W8FrnwB5qc$',#18,'Pset_EnvironmentalImpactIndicators',$,(#328));
#8733=IFCPROPERTYSINGLEVALUE('Reference',$,IFCLABEL('Generic - 250mm'),$);
#8734=IFCPROPERTYSET('0zMcZ9sSOwvRV_eaDyu4Db',#18,'Pset_ReinforcementBarPitchOfWall',$,(#8733));
#8735=IFCPROPERTYSET('1PGdE5D4__7Hq$0LbB1AIs',#18,'Pset_WallCommon',$,(#328,#332,#333,#334));
#8736=IFCRELDEFINESBYPROPERTIES('1YRTw2SCyIR7zZVqBTYjTf',#18,$,$,(#8731),#8732);
#8737=IFCRELDEFINESBYPROPERTIES('2qhwDBBNlPz96XO8MpOX2s',#18,$,$,(#8731),#8734);
#8738=IFCRELDEFINESBYPROPERTIES('22R0E_d2dZFBmQbwp_PRxy',#18,$,$,(#8731),#8735);
#8739=IFCMAPPEDITEM(#8585,#8638);
#8740=IFCSHAPEREPRESENTATION(#24,'Body','MappedRepresentation',(#8739));
#8741=IFCPRODUCTDEFINITIONSHAPE($,$,(#8740));
#8742=IFCCARTESIANPOINT((6815.47500000002,6250.,0.));
#8743=IFCAXIS2PLACEMENT3D(#8742,$,$);
#8745=IFCDOOR('1k$xn8F5n4Fh7djrSbicsx',#18,'M_Door-Passage-Single-Vision_Lite:750 x 2000mm:1627530',$,'M_Door-Passage-Single-Vision_Lite:750 x 2000mm',#17293,#8741,'1627530',2100.,850.000000000001,.DOOR.,.SINGLE_SWING_RIGHT.,$);
#8746=IFCMATERIALCONSTITUENT('Aluminum',$,#8589,$,'Metal');
#8747=IFCMATERIALCONSTITUENT('Wood - Birch',$,#8593,$,'Wood');
#8748=IFCMATERIALCONSTITUENT('Metal - Paint Finish - Grey',$,#8614,$,'Paint');
#8749=IFCMATERIALCONSTITUENT('Glass',$,#8618,$,'Glass');
#8750=IFCMATERIALCONSTITUENTSET($,$,(#8746,#8747,#8748,#8749));
#8751=IFCPROPERTYSET('1ZfHs6oXXsXbaVvlhvbT6R',#18,'Pset_DoorCommon',$,(#332,#8651));
#8752=IFCPROPERTYSET('2qwNDwhUHgDQqiUgXQfUe8',#18,'Pset_EnvironmentalImpactIndicators',$,(#8651));
#8753=IFCRELDEFINESBYPROPERTIES('2ixkCOwKKKDKYvkms0n2_T',#18,$,$,(#8745),#8751);
#8754=IFCRELDEFINESBYPROPERTIES('2rY$xF9QFosEvm4ihr0UQB',#18,$,$,(#8745),#8752);
#8755=IFCCARTESIANPOINT((-4096.57106785478,6250.,0.));
#8756=IFCAXIS2PLACEMENT3D(#8755,#9,#8);
#8757=IFCLOCALPLACEMENT(#34,#8756);
#8758=IFCCARTESIANPOINT((6250.,-0.));
#8759=IFCPOLYLINE((#4,#8758));
#8760=IFCSHAPEREPRESENTATION(#23,'Axis','Curve2D',(#8759));
#8761=IFCCARTESIANPOINT((3125.,-7.105427357601E-14));
#8762=IFCAXIS2PLACEMENT2D(#8761,#12);
#8763=IFCRECTANGLEPROFILEDEF(.AREA.,$,#8762,6250.,249.999999999999);
#8764=IFCAXIS2PLACEMENT3D(#3,$,$);
#8765=IFCEXTRUDEDAREASOLID(#8763,#8764,#9,3000.);
#8766=IFCSTYLEDITEM(#8765,(#316),$);
#8767=IFCSHAPEREPRESENTATION(#24,'Body','SweptSolid',(#8765));
#8768=IFCPRODUCTDEFINITIONSHAPE($,$,(#8760,#8767));
#8769=IFCWALL('1k$xn8F5n4Fh7djrSbic$W',#18,'Basic Wall:Generic - 250mm:1628113',$,'Basic Wall:Generic - 250mm',#8757,#8768,'1628113',.NOTDEFINED.);
#8770=IFCPROPERTYSET('0aTY2vecVDzgcNq6BZG8xC',#18,'Pset_EnvironmentalImpactIndicators',$,(#328));
#8771=IFCPROPERTYSINGLEVALUE('Reference',$,IFCLABEL('Generic - 250mm'),$);
#8772=IFCPROPERTYSET('3KRu$6OUIjhxR5gDVBEr2V',#18,'Pset_ReinforcementBarPitchOfWall',$,(#8771));
#8773=IFCPROPERTYSET('0CcrA12F8HPadBGiyd_ze_',#18,'Pset_WallCommon',$,(#328,#332,#333,#334));
#8774=IFCRELDEFINESBYPROPERTIES('0QPdau3sfiLkiXQXr9ebd9',#18,$,$,(#8769),#8770);
#8775=IFCRELDEFINESBYPROPERTIES('2X45fuj04YqvLaryJCPq8$',#18,$,$,(#8769),#8772);
#8776=IFCRELDEFINESBYPROPERTIES('1E17VCJyvI2wMaOkHWVxLh',#18,$,$,(#8769),#8773);
#8777=IFCMAPPEDITEM(#8585,#8638);
#8778=IFCSHAPEREPRESENTATION(#24,'Body','MappedRepresentation',(#8777));
#8779=IFCPRODUCTDEFINITIONSHAPE($,$,(#8778));
#8780=IFCCARTESIANPOINT((1128.42893214521,4800.,0.));
#8781=IFCAXIS2PLACEMENT3D(#8780,#9,#7);
#8783=IFCDOOR('1k$xn8F5n4Fh7djrSbicEI',#18,'M_Door-Passage-Single-Vision_Lite:750 x 2000mm:1629091',$,'M_Door-Passage-Single-Vision_Lite:750 x 2000mm',#17153,#8779,'1629091',2100.,850.000000000001,.DOOR.,.SINGLE_SWING_RIGHT.,$);
#8784=IFCMATERIALCONSTITUENT('Aluminum',$,#8589,$,'Metal');
#8785=IFCMATERIALCONSTITUENT('Wood - Birch',$,#8593,$,'Wood');
#8786=IFCMATERIALCONSTITUENT('Metal - Paint Finish - Grey',$,#8614,$,'Paint');
#8787=IFCMATERIALCONSTITUENT('Glass',$,#8618,$,'Glass');
#8788=IFCMATERIALCONSTITUENTSET($,$,(#8784,#8785,#8786,#8787));
#8789=IFCPROPERTYSET('0hdfHqoFw$G0_ECyYO7t01',#18,'Pset_DoorCommon',$,(#332,#8651));
#8790=IFCPROPERTYSET('1Ei$MIF7H_YRA3mt75GYNh',#18,'Pset_EnvironmentalImpactIndicators',$,(#8651));
#8791=IFCRELDEFINESBYPROPERTIES('3vs3U0mwNHcgKc5ZHyjpYR',#18,$,$,(#8783),#8789);
#8792=IFCRELDEFINESBYPROPERTIES('1xgCOUR5fheu$kCI4pxSGS',#18,$,$,(#8783),#8790);
#8793=IFCCARTESIANPOINT((734.99062500002,184.699999999999,1000.));
#8794=IFCCARTESIANPOINT((734.649883262911,184.699999999999,997.411809548975));
#8795=IFCCARTESIANPOINT((733.650879037864,184.699999999999,995.));
#8796=IFCCARTESIANPOINT((732.061692811885,184.699999999999,992.928932188135));
#8797=IFCCARTESIANPOINT((729.99062500002,184.699999999999,991.339745962156));
#8798=IFCCARTESIANPOINT((727.578815451045,184.699999999999,990.340741737109));
#8799=IFCCARTESIANPOINT((724.99062500002,184.699999999999,990.));
#8800=IFCCARTESIANPOINT((722.402434548995,184.699999999999,990.340741737109));
#8801=IFCCARTESIANPOINT((719.99062500002,184.699999999999,991.339745962155));
#8802=IFCCARTESIANPOINT((717.919557188154,184.699999999999,992.928932188134));
#8803=IFCCARTESIANPOINT((716.330370962175,184.699999999999,995.));
#8804=IFCCARTESIANPOINT((715.331366737129,184.699999999999,997.411809548974));
#8805=IFCCARTESIANPOINT((714.99062500002,184.699999999999,1000.));
#8806=IFCCARTESIANPOINT((715.331366737129,184.699999999999,1002.58819045103));
#8807=IFCCARTESIANPOINT((716.330370962175,184.699999999999,1005.));
#8808=IFCCARTESIANPOINT((717.919557188154,184.699999999999,1007.07106781187));
#8809=IFCCARTESIANPOINT((719.99062500002,184.699999999999,1008.66025403784));
#8810=IFCCARTESIANPOINT((722.402434548994,184.699999999999,1009.65925826289));
#8811=IFCCARTESIANPOINT((724.99062500002,184.699999999999,1010.));
#8812=IFCCARTESIANPOINT((727.578815451045,184.699999999999,1009.65925826289));
#8813=IFCCARTESIANPOINT((729.99062500002,184.699999999999,1008.66025403784));
#8814=IFCCARTESIANPOINT((732.061692811885,184.699999999999,1007.07106781187));
#8815=IFCCARTESIANPOINT((733.650879037864,184.699999999999,1005.));
#8816=IFCCARTESIANPOINT((734.649883262911,184.699999999999,1002.58819045103));
#8817=IFCCARTESIANPOINT((734.99062500002,154.699999999999,1000.));
#8818=IFCCARTESIANPOINT((734.649883262911,154.699999999999,997.411809548975));
#8819=IFCCARTESIANPOINT((733.650879037864,154.699999999999,995.));
#8820=IFCCARTESIANPOINT((732.061692811885,154.699999999999,992.928932188135));
#8821=IFCCARTESIANPOINT((729.99062500002,154.699999999999,991.339745962156));
#8822=IFCCARTESIANPOINT((727.578815451045,154.699999999999,990.340741737109));
#8823=IFCCARTESIANPOINT((724.99062500002,154.699999999999,990.));
#8824=IFCCARTESIANPOINT((722.402434548995,154.699999999999,990.340741737109));
#8825=IFCCARTESIANPOINT((719.99062500002,154.699999999999,991.339745962155));
#8826=IFCCARTESIANPOINT((717.919557188154,154.699999999999,992.928932188134));
#8827=IFCCARTESIANPOINT((716.330370962175,154.699999999999,995.));
#8828=IFCCARTESIANPOINT((715.331366737129,154.699999999999,997.411809548974));
#8829=IFCCARTESIANPOINT((714.99062500002,154.699999999999,1000.));
#8830=IFCCARTESIANPOINT((715.331366737129,154.699999999999,1002.58819045103));
#8831=IFCCARTESIANPOINT((716.330370962175,154.699999999999,1005.));
#8832=IFCCARTESIANPOINT((717.919557188154,154.699999999999,1007.07106781187));
#8833=IFCCARTESIANPOINT((719.99062500002,154.699999999999,1008.66025403784));
#8834=IFCCARTESIANPOINT((722.402434548994,154.699999999999,1009.65925826289));
#8835=IFCCARTESIANPOINT((724.99062500002,154.699999999999,1010.));
#8836=IFCCARTESIANPOINT((727.578815451045,154.699999999999,1009.65925826289));
#8837=IFCCARTESIANPOINT((729.99062500002,154.699999999999,1008.66025403784));
#8838=IFCCARTESIANPOINT((732.061692811885,154.699999999999,1007.07106781187));
#8839=IFCCARTESIANPOINT((733.650879037864,154.699999999999,1005.));
#8840=IFCCARTESIANPOINT((734.649883262911,154.699999999999,1002.58819045103));
#8841=IFCCARTESIANPOINT((709.990625000013,149.699999999992,1000.));
#8842=IFCCARTESIANPOINT((713.52615890595,151.164466094062,1000.));
#8843=IFCCARTESIANPOINT((731.64126009463,142.199999999996,1000.));
#8844=IFCCARTESIANPOINT((722.490625000016,133.049364905382,1000.));
#8845=IFCCARTESIANPOINT((709.990625000013,129.699999999992,1000.));
#8846=IFCCARTESIANPOINT((709.990625000013,130.040741737102,997.411809548975));
#8847=IFCCARTESIANPOINT((709.990625000013,131.039745962148,995.));
#8848=IFCCARTESIANPOINT((709.990625000013,132.628932188127,992.928932188134));
#8849=IFCCARTESIANPOINT((709.990625000013,134.699999999992,991.339745962155));
#8850=IFCCARTESIANPOINT((709.990625000013,137.111809548967,990.340741737109));
#8851=IFCCARTESIANPOINT((709.990625000013,139.699999999992,990.));
#8852=IFCCARTESIANPOINT((709.990625000013,142.288190451017,990.340741737109));
#8853=IFCCARTESIANPOINT((709.990625000013,144.699999999992,991.339745962155));
#8854=IFCCARTESIANPOINT((709.990625000013,146.771067811858,992.928932188134));
#8855=IFCCARTESIANPOINT((709.990625000013,148.360254037837,995.));
#8856=IFCCARTESIANPOINT((709.990625000013,149.359258262883,997.411809548974));
#8857=IFCCARTESIANPOINT((733.284807456536,148.333802259273,1000.));
#8858=IFCCARTESIANPOINT((716.356822781358,131.405817554361,1000.));
#8859=IFCCARTESIANPOINT((734.137716228278,151.516901129636,1000.));
#8860=IFCCARTESIANPOINT((713.173723890686,130.552908777176,1000.));
#8861=IFCCARTESIANPOINT((734.564170614149,153.108450564818,1000.));
#8862=IFCCARTESIANPOINT((711.582174445349,130.126454388584,1000.));
#8863=IFCCARTESIANPOINT((727.065942547323,137.624682452689,1000.));
#8864=IFCCARTESIANPOINT((719.528296895154,140.9470849533,990.151922655303));
#8865=IFCCARTESIANPOINT((723.743539411885,145.162328830187,990.151922490436));
#8866=IFCCARTESIANPOINT((732.463033775583,145.266901129635,1000.));
#8867=IFCCARTESIANPOINT((717.001242809246,136.029623681703,991.307206842549));
#8868=IFCCARTESIANPOINT((726.025711713699,148.116124412886,990.276218677195));
#8869=IFCCARTESIANPOINT((730.018962740416,148.739864479366,991.923303103072));
#8870=IFCCARTESIANPOINT((714.009082537887,147.323630634516,992.487405404095));
#8871=IFCCARTESIANPOINT((717.366994658077,150.681542384876,992.487405145908));
#8872=IFCCARTESIANPOINT((718.491907932886,146.198717405383,990.453520847801));
#8873=IFCCARTESIANPOINT((724.911134638691,140.028238130463,991.94476265457));
#8874=IFCCARTESIANPOINT((719.423723890687,132.227591229871,1000.));
#8875=IFCCARTESIANPOINT((724.77828377367,135.337023679036,1000.));
#8876=IFCCARTESIANPOINT((729.353601320977,139.912341226342,1000.));
#8877=IFCCARTESIANPOINT((709.990625000013,149.359258262883,1002.58819045102));
#8878=IFCCARTESIANPOINT((709.990625000013,148.360254037837,1005.));
#8879=IFCCARTESIANPOINT((709.990625000013,146.771067811858,1007.07106781187));
#8880=IFCCARTESIANPOINT((709.990625000013,144.699999999992,1008.66025403784));
#8881=IFCCARTESIANPOINT((709.990625000013,142.288190451018,1009.65925826289));
#8882=IFCCARTESIANPOINT((709.990625000013,139.699999999992,1010.));
#8883=IFCCARTESIANPOINT((709.990625000013,137.111809548967,1009.65925826289));
#8884=IFCCARTESIANPOINT((709.990625000013,134.699999999992,1008.66025403784));
#8885=IFCCARTESIANPOINT((709.990625000013,132.628932188127,1007.07106781187));
#8886=IFCCARTESIANPOINT((709.990625000013,131.039745962148,1005.));
#8887=IFCCARTESIANPOINT((709.990625000013,130.040741737102,1002.58819045103));
#8888=IFCCARTESIANPOINT((723.743539411997,145.162328830068,1009.84807750954));
#8889=IFCCARTESIANPOINT((719.528296895613,140.94708495319,1009.84807734463));
#8890=IFCCARTESIANPOINT((717.00124280933,136.029623681667,1008.69279315741));
#8891=IFCCARTESIANPOINT((726.02571171372,148.116124412857,1009.7237813228));
#8892=IFCCARTESIANPOINT((730.018962740422,148.739864479345,1008.07669689692));
#8893=IFCCARTESIANPOINT((717.366994658146,150.681542384835,1007.51259485416));
#8894=IFCCARTESIANPOINT((714.009082537878,147.323630634522,1007.5125945959));
#8895=IFCCARTESIANPOINT((718.491907933277,146.198717405042,1009.54647915236));
#8896=IFCCARTESIANPOINT((724.662387262935,139.779490694248,1008.05523731716));
#8897=IFCCARTESIANPOINT((604.990625000005,129.699999999992,1000.));
#8898=IFCCARTESIANPOINT((604.990625000005,130.040741737102,1002.58819045102));
#8899=IFCCARTESIANPOINT((604.990625000005,131.039745962148,1005.));
#8900=IFCCARTESIANPOINT((604.990625000005,132.628932188127,1007.07106781187));
#8901=IFCCARTESIANPOINT((604.990625000005,134.699999999992,1008.66025403784));
#8902=IFCCARTESIANPOINT((604.990625000005,137.111809548967,1009.65925826289));
#8903=IFCCARTESIANPOINT((604.990625000005,139.699999999992,1010.));
#8904=IFCCARTESIANPOINT((604.990625000005,142.288190451018,1009.65925826289));
#8905=IFCCARTESIANPOINT((604.990625000005,144.699999999992,1008.66025403784));
#8906=IFCCARTESIANPOINT((604.990625000005,146.771067811858,1007.07106781187));
#8907=IFCCARTESIANPOINT((604.990625000005,148.360254037837,1005.));
#8908=IFCCARTESIANPOINT((604.990625000005,149.359258262883,1002.58819045102));
#8909=IFCCARTESIANPOINT((604.990625000005,149.699999999992,1000.));
#8910=IFCCARTESIANPOINT((604.990625000005,149.359258262883,997.411809548974));
#8911=IFCCARTESIANPOINT((604.990625000005,148.360254037837,995.));
#8912=IFCCARTESIANPOINT((604.990625000005,146.771067811858,992.928932188134));
#8913=IFCCARTESIANPOINT((604.990625000005,144.699999999992,991.339745962155));
#8914=IFCCARTESIANPOINT((604.990625000005,142.288190451018,990.340741737109));
#8915=IFCCARTESIANPOINT((604.990625000005,139.699999999992,990.));
#8916=IFCCARTESIANPOINT((604.990625000005,137.111809548967,990.340741737109));
#8917=IFCCARTESIANPOINT((604.990625000005,134.699999999992,991.339745962155));
#8918=IFCCARTESIANPOINT((604.990625000005,132.628932188127,992.928932188134));
#8919=IFCCARTESIANPOINT((604.990625000005,131.039745962148,995.));
#8920=IFCCARTESIANPOINT((604.990625000005,130.040741737102,997.411809548974));
#8921=IFCPOLYLOOP((#8798,#8799,#8800,#8801,#8802,#8803,#8804,#8805,#8806,#8807,#8808,#8809,#8810,#8811,#8812,#8813,#8814,#8815,#8816,#8793,#8794,#8795,#8796,#8797));
#8922=IFCFACEOUTERBOUND(#8921,.T.);
#8923=IFCFACE((#8922));
#8924=IFCPOLYLOOP((#8818,#8794,#8793,#8817));
#8925=IFCFACEOUTERBOUND(#8924,.T.);
#8926=IFCFACE((#8925));
#8927=IFCPOLYLOOP((#8819,#8795,#8794,#8818));
#8928=IFCFACEOUTERBOUND(#8927,.T.);
#8929=IFCFACE((#8928));
#8930=IFCPOLYLOOP((#8796,#8820,#8821,#8797));
#8931=IFCFACEOUTERBOUND(#8930,.T.);
#8932=IFCFACE((#8931));
#8933=IFCPOLYLOOP((#8819,#8820,#8796,#8795));
#8934=IFCFACEOUTERBOUND(#8933,.T.);
#8935=IFCFACE((#8934));
#8936=IFCPOLYLOOP((#8797,#8821,#8822,#8798));
#8937=IFCFACEOUTERBOUND(#8936,.T.);
#8938=IFCFACE((#8937));
#8939=IFCPOLYLOOP((#8798,#8822,#8823,#8799));
#8940=IFCFACEOUTERBOUND(#8939,.T.);
#8941=IFCFACE((#8940));
#8942=IFCPOLYLOOP((#8825,#8801,#8800,#8824));
#8943=IFCFACEOUTERBOUND(#8942,.T.);
#8944=IFCFACE((#8943));
#8945=IFCPOLYLOOP((#8826,#8802,#8801,#8825));
#8946=IFCFACEOUTERBOUND(#8945,.T.);
#8947=IFCFACE((#8946));
#8948=IFCPOLYLOOP((#8803,#8827,#8828,#8804));
#8949=IFCFACEOUTERBOUND(#8948,.T.);
#8950=IFCFACE((#8949));
#8951=IFCPOLYLOOP((#8826,#8827,#8803,#8802));
#8952=IFCFACEOUTERBOUND(#8951,.T.);
#8953=IFCFACE((#8952));
#8954=IFCPOLYLOOP((#8804,#8828,#8829,#8805));
#8955=IFCFACEOUTERBOUND(#8954,.T.);
#8956=IFCFACE((#8955));
#8957=IFCPOLYLOOP((#8800,#8799,#8823,#8824));
#8958=IFCFACEOUTERBOUND(#8957,.T.);
#8959=IFCFACE((#8958));
#8960=IFCPOLYLOOP((#8830,#8806,#8805,#8829));
#8961=IFCFACEOUTERBOUND(#8960,.T.);
#8962=IFCFACE((#8961));
#8963=IFCPOLYLOOP((#8831,#8807,#8806,#8830));
#8964=IFCFACEOUTERBOUND(#8963,.T.);
#8965=IFCFACE((#8964));
#8966=IFCPOLYLOOP((#8808,#8832,#8833,#8809));
#8967=IFCFACEOUTERBOUND(#8966,.T.);
#8968=IFCFACE((#8967));
#8969=IFCPOLYLOOP((#8831,#8832,#8808,#8807));
#8970=IFCFACEOUTERBOUND(#8969,.T.);
#8971=IFCFACE((#8970));
#8972=IFCPOLYLOOP((#8809,#8833,#8834,#8810));
#8973=IFCFACEOUTERBOUND(#8972,.T.);
#8974=IFCFACE((#8973));
#8975=IFCPOLYLOOP((#8810,#8834,#8835,#8811));
#8976=IFCFACEOUTERBOUND(#8975,.T.);
#8977=IFCFACE((#8976));
#8978=IFCPOLYLOOP((#8837,#8813,#8812,#8836));
#8979=IFCFACEOUTERBOUND(#8978,.T.);
#8980=IFCFACE((#8979));
#8981=IFCPOLYLOOP((#8838,#8814,#8813,#8837));
#8982=IFCFACEOUTERBOUND(#8981,.T.);
#8983=IFCFACE((#8982));
#8984=IFCPOLYLOOP((#8815,#8839,#8840,#8816));
#8985=IFCFACEOUTERBOUND(#8984,.T.);
#8986=IFCFACE((#8985));
#8987=IFCPOLYLOOP((#8838,#8839,#8815,#8814));
#8988=IFCFACEOUTERBOUND(#8987,.T.);
#8989=IFCFACE((#8988));
#8990=IFCPOLYLOOP((#8816,#8840,#8817,#8793));
#8991=IFCFACEOUTERBOUND(#8990,.T.);
#8992=IFCFACE((#8991));
#8993=IFCPOLYLOOP((#8812,#8811,#8835,#8836));
#8994=IFCFACEOUTERBOUND(#8993,.T.);
#8995=IFCFACE((#8994));
#8996=IFCPOLYLOOP((#8818,#8861,#8819));
#8997=IFCFACEOUTERBOUND(#8996,.T.);
#8998=IFCFACE((#8997));
#8999=IFCPOLYLOOP((#8869,#8822,#8857));
#9000=IFCFACEOUTERBOUND(#8999,.T.);
#9001=IFCFACE((#9000));
#9002=IFCPOLYLOOP((#8868,#8865,#8871));
#9003=IFCFACEOUTERBOUND(#9002,.T.);
#9004=IFCFACE((#9003));
#9005=IFCPOLYLOOP((#8857,#8866,#8843,#8869));
#9006=IFCFACEOUTERBOUND(#9005,.T.);
#9007=IFCFACE((#9006));
#9008=IFCPOLYLOOP((#8857,#8821,#8820));
#9009=IFCFACEOUTERBOUND(#9008,.T.);
#9010=IFCFACE((#9009));
#9011=IFCPOLYLOOP((#8819,#8859,#8820));
#9012=IFCFACEOUTERBOUND(#9011,.T.);
#9013=IFCFACE((#9012));
#9014=IFCPOLYLOOP((#8821,#8857,#8822));
#9015=IFCFACEOUTERBOUND(#9014,.T.);
#9016=IFCFACE((#9015));
#9017=IFCPOLYLOOP((#8843,#8868,#8869));
#9018=IFCFACEOUTERBOUND(#9017,.T.);
#9019=IFCFACE((#9018));
#9020=IFCPOLYLOOP((#8869,#8825,#8824));
#9021=IFCFACEOUTERBOUND(#9020,.T.);
#9022=IFCFACE((#9021));
#9023=IFCPOLYLOOP((#8873,#8864,#8872));
#9024=IFCFACEOUTERBOUND(#9023,.T.);
#9025=IFCFACE((#9024));
#9026=IFCPOLYLOOP((#8844,#8867,#8864));
#9027=IFCFACEOUTERBOUND(#9026,.T.);
#9028=IFCFACE((#9027));
#9029=IFCPOLYLOOP((#8869,#8823,#8822));
#9030=IFCFACEOUTERBOUND(#9029,.T.);
#9031=IFCFACE((#9030));
#9032=IFCPOLYLOOP((#8869,#8824,#8823));
#9033=IFCFACEOUTERBOUND(#9032,.T.);
#9034=IFCFACE((#9033));
#9035=IFCPOLYLOOP((#8841,#8842,#8870));
#9036=IFCFACEOUTERBOUND(#9035,.T.);
#9037=IFCFACE((#9036));
#9038=IFCPOLYLOOP((#8825,#8869,#8868));
#9039=IFCFACEOUTERBOUND(#9038,.T.);
#9040=IFCFACE((#9039));
#9041=IFCPOLYLOOP((#8856,#8870,#8855));
#9042=IFCFACEOUTERBOUND(#9041,.T.);
#9043=IFCFACE((#9042));
#9044=IFCPOLYLOOP((#8874,#8858,#8850));
#9045=IFCFACEOUTERBOUND(#9044,.T.);
#9046=IFCFACE((#9045));
#9047=IFCPOLYLOOP((#8818,#8817,#8861));
#9048=IFCFACEOUTERBOUND(#9047,.T.);
#9049=IFCFACE((#9048));
#9050=IFCPOLYLOOP((#8868,#8871,#8827));
#9051=IFCFACEOUTERBOUND(#9050,.T.);
#9052=IFCFACE((#9051));
#9053=IFCPOLYLOOP((#8868,#8826,#8825));
#9054=IFCFACEOUTERBOUND(#9053,.T.);
#9055=IFCFACE((#9054));
#9056=IFCPOLYLOOP((#8865,#8873,#8872));
#9057=IFCFACEOUTERBOUND(#9056,.T.);
#9058=IFCFACE((#9057));
#9059=IFCPOLYLOOP((#8854,#8867,#8853));
#9060=IFCFACEOUTERBOUND(#9059,.T.);
#9061=IFCFACE((#9060));
#9062=IFCPOLYLOOP((#8842,#8871,#8872));
#9063=IFCFACEOUTERBOUND(#9062,.T.);
#9064=IFCFACE((#9063));
#9065=IFCPOLYLOOP((#8865,#8876,#8873));
#9066=IFCFACEOUTERBOUND(#9065,.T.);
#9067=IFCFACE((#9066));
#9068=IFCPOLYLOOP((#8873,#8875,#8864));
#9069=IFCFACEOUTERBOUND(#9068,.T.);
#9070=IFCFACE((#9069));
#9071=IFCPOLYLOOP((#8858,#8849,#8850));
#9072=IFCFACEOUTERBOUND(#9071,.T.);
#9073=IFCFACE((#9072));
#9074=IFCPOLYLOOP((#8871,#8865,#8872));
#9075=IFCFACEOUTERBOUND(#9074,.T.);
#9076=IFCFACE((#9075));
#9077=IFCPOLYLOOP((#8874,#8851,#8867));
#9078=IFCFACEOUTERBOUND(#9077,.T.);
#9079=IFCFACE((#9078));
#9080=IFCPOLYLOOP((#8850,#8851,#8874));
#9081=IFCFACEOUTERBOUND(#9080,.T.);
#9082=IFCFACE((#9081));
#9083=IFCPOLYLOOP((#8860,#8848,#8858));
#9084=IFCFACEOUTERBOUND(#9083,.T.);
#9085=IFCFACE((#9084));
#9086=IFCPOLYLOOP((#8844,#8864,#8875));
#9087=IFCFACEOUTERBOUND(#9086,.T.);
#9088=IFCFACE((#9087));
#9089=IFCPOLYLOOP((#8858,#8848,#8849));
#9090=IFCFACEOUTERBOUND(#9089,.T.);
#9091=IFCFACE((#9090));
#9092=IFCPOLYLOOP((#8867,#8844,#8874));
#9093=IFCFACEOUTERBOUND(#9092,.T.);
#9094=IFCFACE((#9093));
#9095=IFCPOLYLOOP((#8846,#8862,#8845));
#9096=IFCFACEOUTERBOUND(#9095,.T.);
#9097=IFCFACE((#9096));
#9098=IFCPOLYLOOP((#8864,#8870,#8872));
#9099=IFCFACEOUTERBOUND(#9098,.T.);
#9100=IFCFACE((#9099));
#9101=IFCPOLYLOOP((#8868,#8876,#8865));
#9102=IFCFACEOUTERBOUND(#9101,.T.);
#9103=IFCFACE((#9102));
#9104=IFCPOLYLOOP((#8857,#8820,#8859));
#9105=IFCFACEOUTERBOUND(#9104,.T.);
#9106=IFCFACE((#9105));
#9107=IFCPOLYLOOP((#8871,#8829,#8828));
#9108=IFCFACEOUTERBOUND(#9107,.T.);
#9109=IFCFACE((#9108));
#9110=IFCPOLYLOOP((#8863,#8875,#8873,#8876));
#9111=IFCFACEOUTERBOUND(#9110,.T.);
#9112=IFCFACE((#9111));
#9113=IFCPOLYLOOP((#8855,#8870,#8864));
#9114=IFCFACEOUTERBOUND(#9113,.T.);
#9115=IFCFACE((#9114));
#9116=IFCPOLYLOOP((#8860,#8847,#8848));
#9117=IFCFACEOUTERBOUND(#9116,.T.);
#9118=IFCFACE((#9117));
#9119=IFCPOLYLOOP((#8856,#8841,#8870));
#9120=IFCFACEOUTERBOUND(#9119,.T.);
#9121=IFCFACE((#9120));
#9122=IFCPOLYLOOP((#8847,#8862,#8846));
#9123=IFCFACEOUTERBOUND(#9122,.T.);
#9124=IFCFACE((#9123));
#9125=IFCPOLYLOOP((#8867,#8854,#8864));
#9126=IFCFACEOUTERBOUND(#9125,.T.);
#9127=IFCFACE((#9126));
#9128=IFCPOLYLOOP((#8861,#8859,#8819));
#9129=IFCFACEOUTERBOUND(#9128,.T.);
#9130=IFCFACE((#9129));
#9131=IFCPOLYLOOP((#8854,#8855,#8864));
#9132=IFCFACEOUTERBOUND(#9131,.T.);
#9133=IFCFACE((#9132));
#9134=IFCPOLYLOOP((#8860,#8862,#8847));
#9135=IFCFACEOUTERBOUND(#9134,.T.);
#9136=IFCFACE((#9135));
#9137=IFCPOLYLOOP((#8853,#8867,#8852));
#9138=IFCFACEOUTERBOUND(#9137,.T.);
#9139=IFCFACE((#9138));
#9140=IFCPOLYLOOP((#8851,#8852,#8867));
#9141=IFCFACEOUTERBOUND(#9140,.T.);
#9142=IFCFACE((#9141));
#9143=IFCPOLYLOOP((#8827,#8826,#8868));
#9144=IFCFACEOUTERBOUND(#9143,.T.);
#9145=IFCFACE((#9144));
#9146=IFCPOLYLOOP((#8842,#8872,#8870));
#9147=IFCFACEOUTERBOUND(#9146,.T.);
#9148=IFCFACE((#9147));
#9149=IFCPOLYLOOP((#8828,#8827,#8871));
#9150=IFCFACEOUTERBOUND(#9149,.T.);
#9151=IFCFACE((#9150));
#9152=IFCPOLYLOOP((#8876,#8868,#8843));
#9153=IFCFACEOUTERBOUND(#9152,.T.);
#9154=IFCFACE((#9153));
#9155=IFCPOLYLOOP((#8842,#8829,#8871));
#9156=IFCFACEOUTERBOUND(#9155,.T.);
#9157=IFCFACE((#9156));
#9158=IFCPOLYLOOP((#8892,#8843,#8866,#8857));
#9159=IFCFACEOUTERBOUND(#9158,.T.);
#9160=IFCFACE((#9159));
#9161=IFCPOLYLOOP((#8888,#8893,#8895));
#9162=IFCFACEOUTERBOUND(#9161,.T.);
#9163=IFCFACE((#9162));
#9164=IFCPOLYLOOP((#8842,#8841,#8894));
#9165=IFCFACEOUTERBOUND(#9164,.T.);
#9166=IFCFACE((#9165));
#9167=IFCPOLYLOOP((#8891,#8832,#8831));
#9168=IFCFACEOUTERBOUND(#9167,.T.);
#9169=IFCFACE((#9168));
#9170=IFCPOLYLOOP((#8888,#8891,#8893));
#9171=IFCFACEOUTERBOUND(#9170,.T.);
#9172=IFCFACE((#9171));
#9173=IFCPOLYLOOP((#8878,#8889,#8894));
#9174=IFCFACEOUTERBOUND(#9173,.T.);
#9175=IFCFACE((#9174));
#9176=IFCPOLYLOOP((#8831,#8893,#8891));
#9177=IFCFACEOUTERBOUND(#9176,.T.);
#9178=IFCFACE((#9177));
#9179=IFCPOLYLOOP((#8896,#8888,#8895));
#9180=IFCFACEOUTERBOUND(#9179,.T.);
#9181=IFCFACE((#9180));
#9182=IFCPOLYLOOP((#8830,#8893,#8831));
#9183=IFCFACEOUTERBOUND(#9182,.T.);
#9184=IFCFACE((#9183));
#9185=IFCPOLYLOOP((#8842,#8894,#8895));
#9186=IFCFACEOUTERBOUND(#9185,.T.);
#9187=IFCFACE((#9186));
#9188=IFCPOLYLOOP((#8896,#8895,#8889));
#9189=IFCFACEOUTERBOUND(#9188,.T.);
#9190=IFCFACE((#9189));
#9191=IFCPOLYLOOP((#8894,#8841,#8877));
#9192=IFCFACEOUTERBOUND(#9191,.T.);
#9193=IFCFACE((#9192));
#9194=IFCPOLYLOOP((#8861,#8817,#8840));
#9195=IFCFACEOUTERBOUND(#9194,.T.);
#9196=IFCFACE((#9195));
#9197=IFCPOLYLOOP((#8844,#8889,#8890));
#9198=IFCFACEOUTERBOUND(#9197,.T.);
#9199=IFCFACE((#9198));
#9200=IFCPOLYLOOP((#8874,#8844,#8890));
#9201=IFCFACEOUTERBOUND(#9200,.T.);
#9202=IFCFACE((#9201));
#9203=IFCPOLYLOOP((#8838,#8857,#8859));
#9204=IFCFACEOUTERBOUND(#9203,.T.);
#9205=IFCFACE((#9204));
#9206=IFCPOLYLOOP((#8835,#8892,#8836));
#9207=IFCFACEOUTERBOUND(#9206,.T.);
#9208=IFCFACE((#9207));
#9209=IFCPOLYLOOP((#8889,#8844,#8875));
#9210=IFCFACEOUTERBOUND(#9209,.T.);
#9211=IFCFACE((#9210));
#9212=IFCPOLYLOOP((#8857,#8838,#8837));
#9213=IFCFACEOUTERBOUND(#9212,.T.);
#9214=IFCFACE((#9213));
#9215=IFCPOLYLOOP((#8837,#8836,#8857));
#9216=IFCFACEOUTERBOUND(#9215,.T.);
#9217=IFCFACE((#9216));
#9218=IFCPOLYLOOP((#8891,#8876,#8843));
#9219=IFCFACEOUTERBOUND(#9218,.T.);
#9220=IFCFACE((#9219));
#9221=IFCPOLYLOOP((#8882,#8883,#8874));
#9222=IFCFACEOUTERBOUND(#9221,.T.);
#9223=IFCFACE((#9222));
#9224=IFCPOLYLOOP((#8836,#8892,#8857));
#9225=IFCFACEOUTERBOUND(#9224,.T.);
#9226=IFCFACE((#9225));
#9227=IFCPOLYLOOP((#8895,#8894,#8889));
#9228=IFCFACEOUTERBOUND(#9227,.T.);
#9229=IFCFACE((#9228));
#9230=IFCPOLYLOOP((#8842,#8895,#8893));
#9231=IFCFACEOUTERBOUND(#9230,.T.);
#9232=IFCFACE((#9231));
#9233=IFCPOLYLOOP((#8878,#8894,#8877));
#9234=IFCFACEOUTERBOUND(#9233,.T.);
#9235=IFCFACE((#9234));
#9236=IFCPOLYLOOP((#8889,#8878,#8879));
#9237=IFCFACEOUTERBOUND(#9236,.T.);
#9238=IFCFACE((#9237));
#9239=IFCPOLYLOOP((#8858,#8885,#8860));
#9240=IFCFACEOUTERBOUND(#9239,.T.);
#9241=IFCFACE((#9240));
#9242=IFCPOLYLOOP((#8875,#8896,#8889));
#9243=IFCFACEOUTERBOUND(#9242,.T.);
#9244=IFCFACE((#9243));
#9245=IFCPOLYLOOP((#8830,#8829,#8893));
#9246=IFCFACEOUTERBOUND(#9245,.T.);
#9247=IFCFACE((#9246));
#9248=IFCPOLYLOOP((#8859,#8839,#8838));
#9249=IFCFACEOUTERBOUND(#9248,.T.);
#9250=IFCFACE((#9249));
#9251=IFCPOLYLOOP((#8881,#8890,#8880));
#9252=IFCFACEOUTERBOUND(#9251,.T.);
#9253=IFCFACE((#9252));
#9254=IFCPOLYLOOP((#8859,#8861,#8839));
#9255=IFCFACEOUTERBOUND(#9254,.T.);
#9256=IFCFACE((#9255));
#9257=IFCPOLYLOOP((#8862,#8860,#8886));
#9258=IFCFACEOUTERBOUND(#9257,.T.);
#9259=IFCFACE((#9258));
#9260=IFCPOLYLOOP((#8890,#8879,#8880));
#9261=IFCFACEOUTERBOUND(#9260,.T.);
#9262=IFCFACE((#9261));
#9263=IFCPOLYLOOP((#8839,#8861,#8840));
#9264=IFCFACEOUTERBOUND(#9263,.T.);
#9265=IFCFACE((#9264));
#9266=IFCPOLYLOOP((#8881,#8882,#8890));
#9267=IFCFACEOUTERBOUND(#9266,.T.);
#9268=IFCFACE((#9267));
#9269=IFCPOLYLOOP((#8896,#8876,#8888));
#9270=IFCFACEOUTERBOUND(#9269,.T.);
#9271=IFCFACE((#9270));
#9272=IFCPOLYLOOP((#8863,#8876,#8896,#8875));
#9273=IFCFACEOUTERBOUND(#9272,.T.);
#9274=IFCFACE((#9273));
#9275=IFCPOLYLOOP((#8884,#8885,#8858));
#9276=IFCFACEOUTERBOUND(#9275,.T.);
#9277=IFCFACE((#9276));
#9278=IFCPOLYLOOP((#8858,#8883,#8884));
#9279=IFCFACEOUTERBOUND(#9278,.T.);
#9280=IFCFACE((#9279));
#9281=IFCPOLYLOOP((#8833,#8892,#8834));
#9282=IFCFACEOUTERBOUND(#9281,.T.);
#9283=IFCFACE((#9282));
#9284=IFCPOLYLOOP((#8874,#8883,#8858));
#9285=IFCFACEOUTERBOUND(#9284,.T.);
#9286=IFCFACE((#9285));
#9287=IFCPOLYLOOP((#8886,#8887,#8862));
#9288=IFCFACEOUTERBOUND(#9287,.T.);
#9289=IFCFACE((#9288));
#9290=IFCPOLYLOOP((#8891,#8888,#8876));
#9291=IFCFACEOUTERBOUND(#9290,.T.);
#9292=IFCFACE((#9291));
#9293=IFCPOLYLOOP((#8882,#8874,#8890));
#9294=IFCFACEOUTERBOUND(#9293,.T.);
#9295=IFCFACE((#9294));
#9296=IFCPOLYLOOP((#8892,#8835,#8834));
#9297=IFCFACEOUTERBOUND(#9296,.T.);
#9298=IFCFACE((#9297));
#9299=IFCPOLYLOOP((#8879,#8890,#8889));
#9300=IFCFACEOUTERBOUND(#9299,.T.);
#9301=IFCFACE((#9300));
#9302=IFCPOLYLOOP((#8886,#8860,#8885));
#9303=IFCFACEOUTERBOUND(#9302,.T.);
#9304=IFCFACE((#9303));
#9305=IFCPOLYLOOP((#8887,#8845,#8862));
#9306=IFCFACEOUTERBOUND(#9305,.T.);
#9307=IFCFACE((#9306));
#9308=IFCPOLYLOOP((#8843,#8892,#8891));
#9309=IFCFACEOUTERBOUND(#9308,.T.);
#9310=IFCFACE((#9309));
#9311=IFCPOLYLOOP((#8833,#8832,#8891));
#9312=IFCFACEOUTERBOUND(#9311,.T.);
#9313=IFCFACE((#9312));
#9314=IFCPOLYLOOP((#8829,#8842,#8893));
#9315=IFCFACEOUTERBOUND(#9314,.T.);
#9316=IFCFACE((#9315));
#9317=IFCPOLYLOOP((#8833,#8891,#8892));
#9318=IFCFACEOUTERBOUND(#9317,.T.);
#9319=IFCFACE((#9318));
#9320=IFCPOLYLOOP((#8918,#8919,#8920,#8897,#8898,#8899,#8900,#8901,#8902,#8903,#8904,#8905,#8906,#8907,#8908,#8909,#8910,#8911,#8912,#8913,#8914,#8915,#8916,#8917));
#9321=IFCFACEOUTERBOUND(#9320,.T.);
#9322=IFCFACE((#9321));
#9323=IFCPOLYLOOP((#8920,#8846,#8845,#8897));
#9324=IFCFACEOUTERBOUND(#9323,.T.);
#9325=IFCFACE((#9324));
#9326=IFCPOLYLOOP((#8919,#8847,#8846,#8920));
#9327=IFCFACEOUTERBOUND(#9326,.T.);
#9328=IFCFACE((#9327));
#9329=IFCPOLYLOOP((#8917,#8849,#8848,#8918));
#9330=IFCFACEOUTERBOUND(#9329,.T.);
#9331=IFCFACE((#9330));
#9332=IFCPOLYLOOP((#8918,#8848,#8847,#8919));
#9333=IFCFACEOUTERBOUND(#9332,.T.);
#9334=IFCFACE((#9333));
#9335=IFCPOLYLOOP((#8916,#8850,#8849,#8917));
#9336=IFCFACEOUTERBOUND(#9335,.T.);
#9337=IFCFACE((#9336));
#9338=IFCPOLYLOOP((#8850,#8916,#8915,#8851));
#9339=IFCFACEOUTERBOUND(#9338,.T.);
#9340=IFCFACE((#9339));
#9341=IFCPOLYLOOP((#8913,#8912,#8854,#8853));
#9342=IFCFACEOUTERBOUND(#9341,.T.);
#9343=IFCFACE((#9342));
#9344=IFCPOLYLOOP((#8914,#8913,#8853,#8852));
#9345=IFCFACEOUTERBOUND(#9344,.T.);
#9346=IFCFACE((#9345));
#9347=IFCPOLYLOOP((#8910,#8909,#8841,#8856));
#9348=IFCFACEOUTERBOUND(#9347,.T.);
#9349=IFCFACE((#9348));
#9350=IFCPOLYLOOP((#8911,#8910,#8856,#8855));
#9351=IFCFACEOUTERBOUND(#9350,.T.);
#9352=IFCFACE((#9351));
#9353=IFCPOLYLOOP((#8912,#8911,#8855,#8854));
#9354=IFCFACEOUTERBOUND(#9353,.T.);
#9355=IFCFACE((#9354));
#9356=IFCPOLYLOOP((#8852,#8851,#8915,#8914));
#9357=IFCFACEOUTERBOUND(#9356,.T.);
#9358=IFCFACE((#9357));
#9359=IFCPOLYLOOP((#8841,#8909,#8908,#8877));
#9360=IFCFACEOUTERBOUND(#9359,.T.);
#9361=IFCFACE((#9360));
#9362=IFCPOLYLOOP((#8907,#8878,#8877,#8908));
#9363=IFCFACEOUTERBOUND(#9362,.T.);
#9364=IFCFACE((#9363));
#9365=IFCPOLYLOOP((#8905,#8904,#8881,#8880));
#9366=IFCFACEOUTERBOUND(#9365,.T.);
#9367=IFCFACE((#9366));
#9368=IFCPOLYLOOP((#8906,#8905,#8880,#8879));
#9369=IFCFACEOUTERBOUND(#9368,.T.);
#9370=IFCFACE((#9369));
#9371=IFCPOLYLOOP((#8878,#8907,#8906,#8879));
#9372=IFCFACEOUTERBOUND(#9371,.T.);
#9373=IFCFACE((#9372));
#9374=IFCPOLYLOOP((#8881,#8904,#8903,#8882));
#9375=IFCFACEOUTERBOUND(#9374,.T.);
#9376=IFCFACE((#9375));
#9377=IFCPOLYLOOP((#8901,#8900,#8885,#8884));
#9378=IFCFACEOUTERBOUND(#9377,.T.);
#9379=IFCFACE((#9378));
#9380=IFCPOLYLOOP((#8902,#8901,#8884,#8883));
#9381=IFCFACEOUTERBOUND(#9380,.T.);
#9382=IFCFACE((#9381));
#9383=IFCPOLYLOOP((#8898,#8897,#8845,#8887));
#9384=IFCFACEOUTERBOUND(#9383,.T.);
#9385=IFCFACE((#9384));
#9386=IFCPOLYLOOP((#8899,#8898,#8887,#8886));
#9387=IFCFACEOUTERBOUND(#9386,.T.);
#9388=IFCFACE((#9387));
#9389=IFCPOLYLOOP((#8900,#8899,#8886,#8885));
#9390=IFCFACEOUTERBOUND(#9389,.T.);
#9391=IFCFACE((#9390));
#9392=IFCPOLYLOOP((#8902,#8883,#8882,#8903));
#9393=IFCFACEOUTERBOUND(#9392,.T.);
#9394=IFCFACE((#9393));
#9395=IFCCARTESIANPOINT((757.49062500002,184.699999999999,1000.));
#9396=IFCCARTESIANPOINT((756.468399788692,184.699999999999,1007.76457135308));
#9397=IFCCARTESIANPOINT((753.471387113553,184.699999999999,1015.));
#9398=IFCCARTESIANPOINT((748.703828435616,184.699999999999,1021.2132034356));
#9399=IFCCARTESIANPOINT((742.49062500002,184.699999999999,1025.98076211353));
#9400=IFCCARTESIANPOINT((735.255196353095,184.699999999999,1028.97777478867));
#9401=IFCCARTESIANPOINT((727.49062500002,184.699999999999,1030.));
#9402=IFCCARTESIANPOINT((719.726053646944,184.699999999999,1028.97777478867));
#9403=IFCCARTESIANPOINT((712.49062500002,184.699999999999,1025.98076211353));
#9404=IFCCARTESIANPOINT((706.277421564423,184.699999999999,1021.2132034356));
#9405=IFCCARTESIANPOINT((701.509862886487,184.699999999999,1015.));
#9406=IFCCARTESIANPOINT((698.512850211348,184.699999999999,1007.76457135308));
#9407=IFCCARTESIANPOINT((697.49062500002,184.699999999999,1000.));
#9408=IFCCARTESIANPOINT((698.512850211348,184.699999999999,992.235428646925));
#9409=IFCCARTESIANPOINT((701.509862886487,184.699999999999,985.));
#9410=IFCCARTESIANPOINT((706.277421564423,184.699999999999,978.786796564404));
#9411=IFCCARTESIANPOINT((712.49062500002,184.699999999999,974.019237886467));
#9412=IFCCARTESIANPOINT((719.726053646944,184.699999999999,971.022225211328));
#9413=IFCCARTESIANPOINT((727.49062500002,184.699999999999,970.));
#9414=IFCCARTESIANPOINT((735.255196353095,184.699999999999,971.022225211328));
#9415=IFCCARTESIANPOINT((742.49062500002,184.699999999999,974.019237886467));
#9416=IFCCARTESIANPOINT((748.703828435616,184.699999999999,978.786796564404));
#9417=IFCCARTESIANPOINT((753.471387113553,184.699999999999,985.));
#9418=IFCCARTESIANPOINT((756.468399788692,184.699999999999,992.235428646925));
#9419=IFCCARTESIANPOINT((757.49062500002,192.699999999999,1000.));
#9420=IFCCARTESIANPOINT((756.468399788692,192.699999999999,992.235428646925));
#9421=IFCCARTESIANPOINT((753.471387113553,192.699999999999,985.));
#9422=IFCCARTESIANPOINT((748.703828435616,192.699999999999,978.786796564404));
#9423=IFCCARTESIANPOINT((742.49062500002,192.699999999999,974.019237886467));
#9424=IFCCARTESIANPOINT((735.255196353095,192.699999999999,971.022225211328));
#9425=IFCCARTESIANPOINT((727.49062500002,192.699999999999,970.));
#9426=IFCCARTESIANPOINT((719.726053646944,192.699999999999,971.022225211328));
#9427=IFCCARTESIANPOINT((712.49062500002,192.699999999999,974.019237886467));
#9428=IFCCARTESIANPOINT((706.277421564423,192.699999999999,978.786796564404));
#9429=IFCCARTESIANPOINT((701.509862886487,192.699999999999,985.));
#9430=IFCCARTESIANPOINT((698.512850211348,192.699999999999,992.235428646925));
#9431=IFCCARTESIANPOINT((697.49062500002,192.699999999999,1000.));
#9432=IFCCARTESIANPOINT((698.512850211348,192.699999999999,1007.76457135308));
#9433=IFCCARTESIANPOINT((701.509862886487,192.699999999999,1015.));
#9434=IFCCARTESIANPOINT((706.277421564423,192.699999999999,1021.2132034356));
#9435=IFCCARTESIANPOINT((712.49062500002,192.699999999999,1025.98076211353));
#9436=IFCCARTESIANPOINT((719.726053646944,192.699999999999,1028.97777478867));
#9437=IFCCARTESIANPOINT((727.49062500002,192.699999999999,1030.));
#9438=IFCCARTESIANPOINT((735.255196353095,192.699999999999,1028.97777478867));
#9439=IFCCARTESIANPOINT((742.49062500002,192.699999999999,1025.98076211353));
#9440=IFCCARTESIANPOINT((748.703828435616,192.699999999999,1021.2132034356));
#9441=IFCCARTESIANPOINT((753.471387113553,192.699999999999,1015.));
#9442=IFCCARTESIANPOINT((756.468399788692,192.699999999999,1007.76457135308));
#9443=IFCPOLYLOOP((#9402,#9403,#9404,#9405,#9406,#9407,#9408,#9409,#9410,#9411,#9412,#9413,#9414,#9415,#9416,#9417,#9418,#9395,#9396,#9397,#9398,#9399,#9400,#9401));
#9444=IFCFACEOUTERBOUND(#9443,.T.);
#9445=IFCFACE((#9444));
#9446=IFCPOLYLOOP((#9426,#9427,#9428,#9429,#9430,#9431,#9432,#9433,#9434,#9435,#9436,#9437,#9438,#9439,#9440,#9441,#9442,#9419,#9420,#9421,#9422,#9423,#9424,#9425));
#9447=IFCFACEOUTERBOUND(#9446,.T.);
#9448=IFCFACE((#9447));
#9449=IFCPOLYLOOP((#9442,#9396,#9395,#9419));
#9450=IFCFACEOUTERBOUND(#9449,.T.);
#9451=IFCFACE((#9450));
#9452=IFCPOLYLOOP((#9441,#9397,#9396,#9442));
#9453=IFCFACEOUTERBOUND(#9452,.T.);
#9454=IFCFACE((#9453));
#9455=IFCPOLYLOOP((#9399,#9398,#9440,#9439));
#9456=IFCFACEOUTERBOUND(#9455,.T.);
#9457=IFCFACE((#9456));
#9458=IFCPOLYLOOP((#9441,#9440,#9398,#9397));
#9459=IFCFACEOUTERBOUND(#9458,.T.);
#9460=IFCFACE((#9459));
#9461=IFCPOLYLOOP((#9400,#9399,#9439,#9438));
#9462=IFCFACEOUTERBOUND(#9461,.T.);
#9463=IFCFACE((#9462));
#9464=IFCPOLYLOOP((#9401,#9400,#9438,#9437));
#9465=IFCFACEOUTERBOUND(#9464,.T.);
#9466=IFCFACE((#9465));
#9467=IFCPOLYLOOP((#9436,#9402,#9401,#9437));
#9468=IFCFACEOUTERBOUND(#9467,.T.);
#9469=IFCFACE((#9468));
#9470=IFCPOLYLOOP((#9435,#9403,#9402,#9436));
#9471=IFCFACEOUTERBOUND(#9470,.T.);
#9472=IFCFACE((#9471));
#9473=IFCPOLYLOOP((#9405,#9404,#9434,#9433));
#9474=IFCFACEOUTERBOUND(#9473,.T.);
#9475=IFCFACE((#9474));
#9476=IFCPOLYLOOP((#9435,#9434,#9404,#9403));
#9477=IFCFACEOUTERBOUND(#9476,.T.);
#9478=IFCFACE((#9477));
#9479=IFCPOLYLOOP((#9406,#9405,#9433,#9432));
#9480=IFCFACEOUTERBOUND(#9479,.T.);
#9481=IFCFACE((#9480));
#9482=IFCPOLYLOOP((#9407,#9406,#9432,#9431));
#9483=IFCFACEOUTERBOUND(#9482,.T.);
#9484=IFCFACE((#9483));
#9485=IFCPOLYLOOP((#9430,#9408,#9407,#9431));
#9486=IFCFACEOUTERBOUND(#9485,.T.);
#9487=IFCFACE((#9486));
#9488=IFCPOLYLOOP((#9429,#9409,#9408,#9430));
#9489=IFCFACEOUTERBOUND(#9488,.T.);
#9490=IFCFACE((#9489));
#9491=IFCPOLYLOOP((#9411,#9410,#9428,#9427));
#9492=IFCFACEOUTERBOUND(#9491,.T.);
#9493=IFCFACE((#9492));
#9494=IFCPOLYLOOP((#9429,#9428,#9410,#9409));
#9495=IFCFACEOUTERBOUND(#9494,.T.);
#9496=IFCFACE((#9495));
#9497=IFCPOLYLOOP((#9412,#9411,#9427,#9426));
#9498=IFCFACEOUTERBOUND(#9497,.T.);
#9499=IFCFACE((#9498));
#9500=IFCPOLYLOOP((#9413,#9412,#9426,#9425));
#9501=IFCFACEOUTERBOUND(#9500,.T.);
#9502=IFCFACE((#9501));
#9503=IFCPOLYLOOP((#9424,#9414,#9413,#9425));
#9504=IFCFACEOUTERBOUND(#9503,.T.);
#9505=IFCFACE((#9504));
#9506=IFCPOLYLOOP((#9423,#9415,#9414,#9424));
#9507=IFCFACEOUTERBOUND(#9506,.T.);
#9508=IFCFACE((#9507));
#9509=IFCPOLYLOOP((#9417,#9416,#9422,#9421));
#9510=IFCFACEOUTERBOUND(#9509,.T.);
#9511=IFCFACE((#9510));
#9512=IFCPOLYLOOP((#9423,#9422,#9416,#9415));
#9513=IFCFACEOUTERBOUND(#9512,.T.);
#9514=IFCFACE((#9513));
#9515=IFCPOLYLOOP((#9418,#9417,#9421,#9420));
#9516=IFCFACEOUTERBOUND(#9515,.T.);
#9517=IFCFACE((#9516));
#9518=IFCPOLYLOOP((#9395,#9418,#9420,#9419));
#9519=IFCFACEOUTERBOUND(#9518,.T.);
#9520=IFCFACE((#9519));
#9521=IFCCARTESIANPOINT((734.99062500002,245.699999999998,1000.));
#9522=IFCCARTESIANPOINT((734.649883262911,245.699999999998,1002.58819045103));
#9523=IFCCARTESIANPOINT((733.650879037864,245.699999999998,1005.));
#9524=IFCCARTESIANPOINT((732.061692811885,245.699999999998,1007.07106781187));
#9525=IFCCARTESIANPOINT((729.99062500002,245.699999999998,1008.66025403784));
#9526=IFCCARTESIANPOINT((727.578815451045,245.699999999998,1009.65925826289));
#9527=IFCCARTESIANPOINT((724.99062500002,245.699999999998,1010.));
#9528=IFCCARTESIANPOINT((722.402434548994,245.699999999998,1009.65925826289));
#9529=IFCCARTESIANPOINT((719.99062500002,245.699999999998,1008.66025403784));
#9530=IFCCARTESIANPOINT((717.919557188154,245.699999999998,1007.07106781187));
#9531=IFCCARTESIANPOINT((716.330370962175,245.699999999998,1005.));
#9532=IFCCARTESIANPOINT((715.331366737129,245.699999999998,1002.58819045103));
#9533=IFCCARTESIANPOINT((714.99062500002,245.699999999998,1000.));
#9534=IFCCARTESIANPOINT((715.331366737129,245.699999999998,997.411809548974));
#9535=IFCCARTESIANPOINT((716.330370962175,245.699999999998,995.));
#9536=IFCCARTESIANPOINT((717.919557188154,245.699999999998,992.928932188134));
#9537=IFCCARTESIANPOINT((719.99062500002,245.699999999998,991.339745962155));
#9538=IFCCARTESIANPOINT((722.402434548995,245.699999999998,990.340741737109));
#9539=IFCCARTESIANPOINT((724.99062500002,245.699999999998,990.));
#9540=IFCCARTESIANPOINT((727.578815451045,245.699999999998,990.340741737109));
#9541=IFCCARTESIANPOINT((729.99062500002,245.699999999998,991.339745962156));
#9542=IFCCARTESIANPOINT((732.061692811885,245.699999999998,992.928932188135));
#9543=IFCCARTESIANPOINT((733.650879037864,245.699999999998,995.));
#9544=IFCCARTESIANPOINT((734.649883262911,245.699999999998,997.411809548975));
#9545=IFCCARTESIANPOINT((714.99062500002,275.699999999998,1000.));
#9546=IFCCARTESIANPOINT((715.331366737129,275.699999999998,997.411809548974));
#9547=IFCCARTESIANPOINT((716.330370962175,275.699999999998,995.));
#9548=IFCCARTESIANPOINT((717.919557188154,275.699999999998,992.928932188134));
#9549=IFCCARTESIANPOINT((719.99062500002,275.699999999998,991.339745962155));
#9550=IFCCARTESIANPOINT((722.402434548995,275.699999999998,990.340741737109));
#9551=IFCCARTESIANPOINT((724.99062500002,275.699999999998,990.));
#9552=IFCCARTESIANPOINT((727.578815451045,275.699999999998,990.340741737109));
#9553=IFCCARTESIANPOINT((729.99062500002,275.699999999998,991.339745962156));
#9554=IFCCARTESIANPOINT((732.061692811885,275.699999999998,992.928932188135));
#9555=IFCCARTESIANPOINT((733.650879037864,275.699999999998,995.));
#9556=IFCCARTESIANPOINT((734.649883262911,275.699999999998,997.411809548975));
#9557=IFCCARTESIANPOINT((734.99062500002,275.699999999998,1000.));
#9558=IFCCARTESIANPOINT((734.64988326291,275.699999999998,1002.58819045103));
#9559=IFCCARTESIANPOINT((733.650879037864,275.699999999998,1005.));
#9560=IFCCARTESIANPOINT((732.061692811885,275.699999999998,1007.07106781187));
#9561=IFCCARTESIANPOINT((729.99062500002,275.699999999998,1008.66025403784));
#9562=IFCCARTESIANPOINT((727.578815451045,275.699999999998,1009.65925826289));
#9563=IFCCARTESIANPOINT((724.99062500002,275.699999999998,1010.));
#9564=IFCCARTESIANPOINT((722.402434548994,275.699999999998,1009.65925826289));
#9565=IFCCARTESIANPOINT((719.99062500002,275.699999999998,1008.66025403784));
#9566=IFCCARTESIANPOINT((717.919557188154,275.699999999998,1007.07106781187));
#9567=IFCCARTESIANPOINT((716.330370962175,275.699999999998,1005.));
#9568=IFCCARTESIANPOINT((715.331366737129,275.699999999998,1002.58819045103));
#9569=IFCCARTESIANPOINT((709.990625000013,280.700000000005,1000.));
#9570=IFCCARTESIANPOINT((709.990625000013,281.040741737114,997.411809548974));
#9571=IFCCARTESIANPOINT((709.990625000013,282.039745962161,995.));
#9572=IFCCARTESIANPOINT((709.990625000013,283.62893218814,992.928932188134));
#9573=IFCCARTESIANPOINT((709.990625000013,285.700000000005,991.339745962155));
#9574=IFCCARTESIANPOINT((709.990625000013,288.11180954898,990.340741737109));
#9575=IFCCARTESIANPOINT((709.990625000013,290.700000000005,990.));
#9576=IFCCARTESIANPOINT((709.990625000013,293.28819045103,990.340741737109));
#9577=IFCCARTESIANPOINT((709.990625000013,295.700000000005,991.339745962155));
#9578=IFCCARTESIANPOINT((709.990625000013,297.771067811871,992.928932188134));
#9579=IFCCARTESIANPOINT((709.990625000013,299.360254037849,995.));
#9580=IFCCARTESIANPOINT((709.990625000013,300.359258262896,997.411809548975));
#9581=IFCCARTESIANPOINT((709.990625000013,300.700000000005,1000.));
#9582=IFCCARTESIANPOINT((722.490625000016,297.350635094615,1000.));
#9583=IFCCARTESIANPOINT((731.64126009463,288.200000000001,1000.));
#9584=IFCCARTESIANPOINT((713.52615890595,279.235533905936,1000.));
#9585=IFCCARTESIANPOINT((716.356822781358,298.994182445637,1000.));
#9586=IFCCARTESIANPOINT((733.284807456535,282.066197740724,1000.));
#9587=IFCCARTESIANPOINT((713.173723890685,299.847091222821,1000.));
#9588=IFCCARTESIANPOINT((734.137716228278,278.883098870361,1000.));
#9589=IFCCARTESIANPOINT((711.582174445349,300.273545611413,1000.));
#9590=IFCCARTESIANPOINT((734.564170614149,277.291549435179,1000.));
#9591=IFCCARTESIANPOINT((727.065942547323,292.775317547308,1000.));
#9592=IFCCARTESIANPOINT((719.528296895154,289.452915046697,990.151922655303));
#9593=IFCCARTESIANPOINT((723.743539411885,285.23767116981,990.151922490436));
#9594=IFCCARTESIANPOINT((732.463033775583,285.133098870363,1000.));
#9595=IFCCARTESIANPOINT((717.001242809246,294.370376318295,991.307206842549));
#9596=IFCCARTESIANPOINT((726.025711713699,282.283875587112,990.276218677195));
#9597=IFCCARTESIANPOINT((730.018962740416,281.660135520632,991.923303103072));
#9598=IFCCARTESIANPOINT((714.009082537887,283.076369365481,992.487405404095));
#9599=IFCCARTESIANPOINT((717.366994658077,279.718457615121,992.487405145908));
#9600=IFCCARTESIANPOINT((718.491907932886,284.201282594615,990.453520847801));
#9601=IFCCARTESIANPOINT((724.911134638691,290.371761869535,991.94476265457));
#9602=IFCCARTESIANPOINT((719.423723890687,298.172408770126,1000.));
#9603=IFCCARTESIANPOINT((724.77828377367,295.062976320962,1000.));
#9604=IFCCARTESIANPOINT((729.353601320976,290.487658773655,1000.));
#9605=IFCCARTESIANPOINT((709.990625000013,300.359258262896,1002.58819045103));
#9606=IFCCARTESIANPOINT((709.990625000013,299.360254037849,1005.));
#9607=IFCCARTESIANPOINT((709.990625000013,297.77106781187,1007.07106781187));
#9608=IFCCARTESIANPOINT((709.990625000013,295.700000000005,1008.66025403784));
#9609=IFCCARTESIANPOINT((709.990625000013,293.28819045103,1009.65925826289));
#9610=IFCCARTESIANPOINT((709.990625000013,290.700000000005,1010.));
#9611=IFCCARTESIANPOINT((709.990625000013,288.11180954898,1009.65925826289));
#9612=IFCCARTESIANPOINT((709.990625000013,285.700000000005,1008.66025403784));
#9613=IFCCARTESIANPOINT((709.990625000013,283.628932188139,1007.07106781187));
#9614=IFCCARTESIANPOINT((709.990625000013,282.03974596216,1005.));
#9615=IFCCARTESIANPOINT((709.990625000013,281.040741737114,1002.58819045102));
#9616=IFCCARTESIANPOINT((723.743539411997,285.23767116993,1009.84807750954));
#9617=IFCCARTESIANPOINT((719.528296895613,289.452915046807,1009.84807734463));
#9618=IFCCARTESIANPOINT((717.00124280933,294.37037631833,1008.69279315741));
#9619=IFCCARTESIANPOINT((726.02571171372,282.283875587141,1009.7237813228));
#9620=IFCCARTESIANPOINT((730.018962740422,281.660135520652,1008.07669689692));
#9621=IFCCARTESIANPOINT((717.366994658146,279.718457615162,1007.51259485416));
#9622=IFCCARTESIANPOINT((714.009082537878,283.076369365476,1007.5125945959));
#9623=IFCCARTESIANPOINT((718.491907933277,284.201282594955,1009.54647915236));
#9624=IFCCARTESIANPOINT((724.662387262935,290.62050930575,1008.05523731716));
#9625=IFCCARTESIANPOINT((604.990625000005,300.700000000005,1000.));
#9626=IFCCARTESIANPOINT((604.990625000005,300.359258262896,997.411809548974));
#9627=IFCCARTESIANPOINT((604.990625000005,299.360254037849,995.));
#9628=IFCCARTESIANPOINT((604.990625000005,297.771067811871,992.928932188134));
#9629=IFCCARTESIANPOINT((604.990625000005,295.700000000005,991.339745962155));
#9630=IFCCARTESIANPOINT((604.990625000005,293.28819045103,990.340741737109));
#9631=IFCCARTESIANPOINT((604.990625000005,290.700000000005,990.));
#9632=IFCCARTESIANPOINT((604.990625000005,288.11180954898,990.340741737109));
#9633=IFCCARTESIANPOINT((604.990625000005,285.700000000005,991.339745962155));
#9634=IFCCARTESIANPOINT((604.990625000005,283.628932188139,992.928932188134));
#9635=IFCCARTESIANPOINT((604.990625000005,282.03974596216,995.));
#9636=IFCCARTESIANPOINT((604.990625000005,281.040741737114,997.411809548974));
#9637=IFCCARTESIANPOINT((604.990625000005,280.700000000005,1000.));
#9638=IFCCARTESIANPOINT((604.990625000005,281.040741737114,1002.58819045102));
#9639=IFCCARTESIANPOINT((604.990625000005,282.03974596216,1005.));
#9640=IFCCARTESIANPOINT((604.990625000005,283.628932188139,1007.07106781187));
#9641=IFCCARTESIANPOINT((604.990625000005,285.700000000005,1008.66025403784));
#9642=IFCCARTESIANPOINT((604.990625000005,288.11180954898,1009.65925826289));
#9643=IFCCARTESIANPOINT((604.990625000005,290.700000000005,1010.));
#9644=IFCCARTESIANPOINT((604.990625000005,293.28819045103,1009.65925826289));
#9645=IFCCARTESIANPOINT((604.990625000005,295.700000000005,1008.66025403784));
#9646=IFCCARTESIANPOINT((604.990625000005,297.77106781187,1007.07106781187));
#9647=IFCCARTESIANPOINT((604.990625000005,299.360254037849,1005.));
#9648=IFCCARTESIANPOINT((604.990625000005,300.359258262896,1002.58819045102));
#9649=IFCPOLYLOOP((#9542,#9543,#9544,#9521,#9522,#9523,#9524,#9525,#9526,#9527,#9528,#9529,#9530,#9531,#9532,#9533,#9534,#9535,#9536,#9537,#9538,#9539,#9540,#9541));
#9650=IFCFACEOUTERBOUND(#9649,.T.);
#9651=IFCFACE((#9650));
#9652=IFCPOLYLOOP((#9557,#9521,#9544,#9556));
#9653=IFCFACEOUTERBOUND(#9652,.T.);
#9654=IFCFACE((#9653));
#9655=IFCPOLYLOOP((#9556,#9544,#9543,#9555));
#9656=IFCFACEOUTERBOUND(#9655,.T.);
#9657=IFCFACE((#9656));
#9658=IFCPOLYLOOP((#9553,#9554,#9542,#9541));
#9659=IFCFACEOUTERBOUND(#9658,.T.);
#9660=IFCFACE((#9659));
#9661=IFCPOLYLOOP((#9543,#9542,#9554,#9555));
#9662=IFCFACEOUTERBOUND(#9661,.T.);
#9663=IFCFACE((#9662));
#9664=IFCPOLYLOOP((#9552,#9553,#9541,#9540));
#9665=IFCFACEOUTERBOUND(#9664,.T.);
#9666=IFCFACE((#9665));
#9667=IFCPOLYLOOP((#9539,#9551,#9552,#9540));
#9668=IFCFACEOUTERBOUND(#9667,.T.);
#9669=IFCFACE((#9668));
#9670=IFCPOLYLOOP((#9550,#9538,#9537,#9549));
#9671=IFCFACEOUTERBOUND(#9670,.T.);
#9672=IFCFACE((#9671));
#9673=IFCPOLYLOOP((#9549,#9537,#9536,#9548));
#9674=IFCFACEOUTERBOUND(#9673,.T.);
#9675=IFCFACE((#9674));
#9676=IFCPOLYLOOP((#9546,#9547,#9535,#9534));
#9677=IFCFACEOUTERBOUND(#9676,.T.);
#9678=IFCFACE((#9677));
#9679=IFCPOLYLOOP((#9536,#9535,#9547,#9548));
#9680=IFCFACEOUTERBOUND(#9679,.T.);
#9681=IFCFACE((#9680));
#9682=IFCPOLYLOOP((#9545,#9546,#9534,#9533));
#9683=IFCFACEOUTERBOUND(#9682,.T.);
#9684=IFCFACE((#9683));
#9685=IFCPOLYLOOP((#9550,#9551,#9539,#9538));
#9686=IFCFACEOUTERBOUND(#9685,.T.);
#9687=IFCFACE((#9686));
#9688=IFCPOLYLOOP((#9545,#9533,#9532,#9568));
#9689=IFCFACEOUTERBOUND(#9688,.T.);
#9690=IFCFACE((#9689));
#9691=IFCPOLYLOOP((#9568,#9532,#9531,#9567));
#9692=IFCFACEOUTERBOUND(#9691,.T.);
#9693=IFCFACE((#9692));
#9694=IFCPOLYLOOP((#9565,#9566,#9530,#9529));
#9695=IFCFACEOUTERBOUND(#9694,.T.);
#9696=IFCFACE((#9695));
#9697=IFCPOLYLOOP((#9531,#9530,#9566,#9567));
#9698=IFCFACEOUTERBOUND(#9697,.T.);
#9699=IFCFACE((#9698));
#9700=IFCPOLYLOOP((#9564,#9565,#9529,#9528));
#9701=IFCFACEOUTERBOUND(#9700,.T.);
#9702=IFCFACE((#9701));
#9703=IFCPOLYLOOP((#9527,#9563,#9564,#9528));
#9704=IFCFACEOUTERBOUND(#9703,.T.);
#9705=IFCFACE((#9704));
#9706=IFCPOLYLOOP((#9562,#9526,#9525,#9561));
#9707=IFCFACEOUTERBOUND(#9706,.T.);
#9708=IFCFACE((#9707));
#9709=IFCPOLYLOOP((#9561,#9525,#9524,#9560));
#9710=IFCFACEOUTERBOUND(#9709,.T.);
#9711=IFCFACE((#9710));
#9712=IFCPOLYLOOP((#9558,#9559,#9523,#9522));
#9713=IFCFACEOUTERBOUND(#9712,.T.);
#9714=IFCFACE((#9713));
#9715=IFCPOLYLOOP((#9524,#9523,#9559,#9560));
#9716=IFCFACEOUTERBOUND(#9715,.T.);
#9717=IFCFACE((#9716));
#9718=IFCPOLYLOOP((#9557,#9558,#9522,#9521));
#9719=IFCFACEOUTERBOUND(#9718,.T.);
#9720=IFCFACE((#9719));
#9721=IFCPOLYLOOP((#9562,#9563,#9527,#9526));
#9722=IFCFACEOUTERBOUND(#9721,.T.);
#9723=IFCFACE((#9722));
#9724=IFCPOLYLOOP((#9555,#9590,#9556));
#9725=IFCFACEOUTERBOUND(#9724,.T.);
#9726=IFCFACE((#9725));
#9727=IFCPOLYLOOP((#9586,#9552,#9597));
#9728=IFCFACEOUTERBOUND(#9727,.T.);
#9729=IFCFACE((#9728));
#9730=IFCPOLYLOOP((#9599,#9593,#9596));
#9731=IFCFACEOUTERBOUND(#9730,.T.);
#9732=IFCFACE((#9731));
#9733=IFCPOLYLOOP((#9597,#9583,#9594,#9586));
#9734=IFCFACEOUTERBOUND(#9733,.T.);
#9735=IFCFACE((#9734));
#9736=IFCPOLYLOOP((#9554,#9553,#9586));
#9737=IFCFACEOUTERBOUND(#9736,.T.);
#9738=IFCFACE((#9737));
#9739=IFCPOLYLOOP((#9554,#9588,#9555));
#9740=IFCFACEOUTERBOUND(#9739,.T.);
#9741=IFCFACE((#9740));
#9742=IFCPOLYLOOP((#9552,#9586,#9553));
#9743=IFCFACEOUTERBOUND(#9742,.T.);
#9744=IFCFACE((#9743));
#9745=IFCPOLYLOOP((#9597,#9596,#9583));
#9746=IFCFACEOUTERBOUND(#9745,.T.);
#9747=IFCFACE((#9746));
#9748=IFCPOLYLOOP((#9550,#9549,#9597));
#9749=IFCFACEOUTERBOUND(#9748,.T.);
#9750=IFCFACE((#9749));
#9751=IFCPOLYLOOP((#9600,#9592,#9601));
#9752=IFCFACEOUTERBOUND(#9751,.T.);
#9753=IFCFACE((#9752));
#9754=IFCPOLYLOOP((#9592,#9595,#9582));
#9755=IFCFACEOUTERBOUND(#9754,.T.);
#9756=IFCFACE((#9755));
#9757=IFCPOLYLOOP((#9552,#9551,#9597));
#9758=IFCFACEOUTERBOUND(#9757,.T.);
#9759=IFCFACE((#9758));
#9760=IFCPOLYLOOP((#9551,#9550,#9597));
#9761=IFCFACEOUTERBOUND(#9760,.T.);
#9762=IFCFACE((#9761));
#9763=IFCPOLYLOOP((#9598,#9584,#9569));
#9764=IFCFACEOUTERBOUND(#9763,.T.);
#9765=IFCFACE((#9764));
#9766=IFCPOLYLOOP((#9596,#9597,#9549));
#9767=IFCFACEOUTERBOUND(#9766,.T.);
#9768=IFCFACE((#9767));
#9769=IFCPOLYLOOP((#9571,#9598,#9570));
#9770=IFCFACEOUTERBOUND(#9769,.T.);
#9771=IFCFACE((#9770));
#9772=IFCPOLYLOOP((#9576,#9585,#9602));
#9773=IFCFACEOUTERBOUND(#9772,.T.);
#9774=IFCFACE((#9773));
#9775=IFCPOLYLOOP((#9580,#9589,#9579));
#9776=IFCFACEOUTERBOUND(#9775,.T.);
#9777=IFCFACE((#9776));
#9778=IFCPOLYLOOP((#9547,#9599,#9596));
#9779=IFCFACEOUTERBOUND(#9778,.T.);
#9780=IFCFACE((#9779));
#9781=IFCPOLYLOOP((#9549,#9548,#9596));
#9782=IFCFACEOUTERBOUND(#9781,.T.);
#9783=IFCFACE((#9782));
#9784=IFCPOLYLOOP((#9600,#9601,#9593));
#9785=IFCFACEOUTERBOUND(#9784,.T.);
#9786=IFCFACE((#9785));
#9787=IFCPOLYLOOP((#9573,#9595,#9572));
#9788=IFCFACEOUTERBOUND(#9787,.T.);
#9789=IFCFACE((#9788));
#9790=IFCPOLYLOOP((#9600,#9599,#9584));
#9791=IFCFACEOUTERBOUND(#9790,.T.);
#9792=IFCFACE((#9791));
#9793=IFCPOLYLOOP((#9601,#9604,#9593));
#9794=IFCFACEOUTERBOUND(#9793,.T.);
#9795=IFCFACE((#9794));
#9796=IFCPOLYLOOP((#9592,#9603,#9601));
#9797=IFCFACEOUTERBOUND(#9796,.T.);
#9798=IFCFACE((#9797));
#9799=IFCPOLYLOOP((#9576,#9577,#9585));
#9800=IFCFACEOUTERBOUND(#9799,.T.);
#9801=IFCFACE((#9800));
#9802=IFCPOLYLOOP((#9600,#9593,#9599));
#9803=IFCFACEOUTERBOUND(#9802,.T.);
#9804=IFCFACE((#9803));
#9805=IFCPOLYLOOP((#9595,#9575,#9602));
#9806=IFCFACEOUTERBOUND(#9805,.T.);
#9807=IFCFACE((#9806));
#9808=IFCPOLYLOOP((#9602,#9575,#9576));
#9809=IFCFACEOUTERBOUND(#9808,.T.);
#9810=IFCFACE((#9809));
#9811=IFCPOLYLOOP((#9585,#9578,#9587));
#9812=IFCFACEOUTERBOUND(#9811,.T.);
#9813=IFCFACE((#9812));
#9814=IFCPOLYLOOP((#9603,#9592,#9582));
#9815=IFCFACEOUTERBOUND(#9814,.T.);
#9816=IFCFACE((#9815));
#9817=IFCPOLYLOOP((#9577,#9578,#9585));
#9818=IFCFACEOUTERBOUND(#9817,.T.);
#9819=IFCFACE((#9818));
#9820=IFCPOLYLOOP((#9602,#9582,#9595));
#9821=IFCFACEOUTERBOUND(#9820,.T.);
#9822=IFCFACE((#9821));
#9823=IFCPOLYLOOP((#9581,#9589,#9580));
#9824=IFCFACEOUTERBOUND(#9823,.T.);
#9825=IFCFACE((#9824));
#9826=IFCPOLYLOOP((#9600,#9598,#9592));
#9827=IFCFACEOUTERBOUND(#9826,.T.);
#9828=IFCFACE((#9827));
#9829=IFCPOLYLOOP((#9593,#9604,#9596));
#9830=IFCFACEOUTERBOUND(#9829,.T.);
#9831=IFCFACE((#9830));
#9832=IFCPOLYLOOP((#9578,#9579,#9587));
#9833=IFCFACEOUTERBOUND(#9832,.T.);
#9834=IFCFACE((#9833));
#9835=IFCPOLYLOOP((#9546,#9545,#9599));
#9836=IFCFACEOUTERBOUND(#9835,.T.);
#9837=IFCFACE((#9836));
#9838=IFCPOLYLOOP((#9601,#9603,#9591,#9604));
#9839=IFCFACEOUTERBOUND(#9838,.T.);
#9840=IFCFACE((#9839));
#9841=IFCPOLYLOOP((#9592,#9598,#9571));
#9842=IFCFACEOUTERBOUND(#9841,.T.);
#9843=IFCFACE((#9842));
#9844=IFCPOLYLOOP((#9588,#9554,#9586));
#9845=IFCFACEOUTERBOUND(#9844,.T.);
#9846=IFCFACE((#9845));
#9847=IFCPOLYLOOP((#9598,#9569,#9570));
#9848=IFCFACEOUTERBOUND(#9847,.T.);
#9849=IFCFACE((#9848));
#9850=IFCPOLYLOOP((#9590,#9557,#9556));
#9851=IFCFACEOUTERBOUND(#9850,.T.);
#9852=IFCFACE((#9851));
#9853=IFCPOLYLOOP((#9592,#9572,#9595));
#9854=IFCFACEOUTERBOUND(#9853,.T.);
#9855=IFCFACE((#9854));
#9856=IFCPOLYLOOP((#9579,#9589,#9587));
#9857=IFCFACEOUTERBOUND(#9856,.T.);
#9858=IFCFACE((#9857));
#9859=IFCPOLYLOOP((#9592,#9571,#9572));
#9860=IFCFACEOUTERBOUND(#9859,.T.);
#9861=IFCFACE((#9860));
#9862=IFCPOLYLOOP((#9555,#9588,#9590));
#9863=IFCFACEOUTERBOUND(#9862,.T.);
#9864=IFCFACE((#9863));
#9865=IFCPOLYLOOP((#9574,#9595,#9573));
#9866=IFCFACEOUTERBOUND(#9865,.T.);
#9867=IFCFACE((#9866));
#9868=IFCPOLYLOOP((#9595,#9574,#9575));
#9869=IFCFACEOUTERBOUND(#9868,.T.);
#9870=IFCFACE((#9869));
#9871=IFCPOLYLOOP((#9596,#9548,#9547));
#9872=IFCFACEOUTERBOUND(#9871,.T.);
#9873=IFCFACE((#9872));
#9874=IFCPOLYLOOP((#9598,#9600,#9584));
#9875=IFCFACEOUTERBOUND(#9874,.T.);
#9876=IFCFACE((#9875));
#9877=IFCPOLYLOOP((#9599,#9547,#9546));
#9878=IFCFACEOUTERBOUND(#9877,.T.);
#9879=IFCFACE((#9878));
#9880=IFCPOLYLOOP((#9583,#9596,#9604));
#9881=IFCFACEOUTERBOUND(#9880,.T.);
#9882=IFCFACE((#9881));
#9883=IFCPOLYLOOP((#9599,#9545,#9584));
#9884=IFCFACEOUTERBOUND(#9883,.T.);
#9885=IFCFACE((#9884));
#9886=IFCPOLYLOOP((#9586,#9594,#9583,#9620));
#9887=IFCFACEOUTERBOUND(#9886,.T.);
#9888=IFCFACE((#9887));
#9889=IFCPOLYLOOP((#9623,#9621,#9616));
#9890=IFCFACEOUTERBOUND(#9889,.T.);
#9891=IFCFACE((#9890));
#9892=IFCPOLYLOOP((#9622,#9569,#9584));
#9893=IFCFACEOUTERBOUND(#9892,.T.);
#9894=IFCFACE((#9893));
#9895=IFCPOLYLOOP((#9567,#9566,#9619));
#9896=IFCFACEOUTERBOUND(#9895,.T.);
#9897=IFCFACE((#9896));
#9898=IFCPOLYLOOP((#9621,#9619,#9616));
#9899=IFCFACEOUTERBOUND(#9898,.T.);
#9900=IFCFACE((#9899));
#9901=IFCPOLYLOOP((#9622,#9617,#9614));
#9902=IFCFACEOUTERBOUND(#9901,.T.);
#9903=IFCFACE((#9902));
#9904=IFCPOLYLOOP((#9619,#9621,#9567));
#9905=IFCFACEOUTERBOUND(#9904,.T.);
#9906=IFCFACE((#9905));
#9907=IFCPOLYLOOP((#9623,#9616,#9624));
#9908=IFCFACEOUTERBOUND(#9907,.T.);
#9909=IFCFACE((#9908));
#9910=IFCPOLYLOOP((#9567,#9621,#9568));
#9911=IFCFACEOUTERBOUND(#9910,.T.);
#9912=IFCFACE((#9911));
#9913=IFCPOLYLOOP((#9623,#9622,#9584));
#9914=IFCFACEOUTERBOUND(#9913,.T.);
#9915=IFCFACE((#9914));
#9916=IFCPOLYLOOP((#9617,#9623,#9624));
#9917=IFCFACEOUTERBOUND(#9916,.T.);
#9918=IFCFACE((#9917));
#9919=IFCPOLYLOOP((#9615,#9569,#9622));
#9920=IFCFACEOUTERBOUND(#9919,.T.);
#9921=IFCFACE((#9920));
#9922=IFCPOLYLOOP((#9558,#9557,#9590));
#9923=IFCFACEOUTERBOUND(#9922,.T.);
#9924=IFCFACE((#9923));
#9925=IFCPOLYLOOP((#9618,#9617,#9582));
#9926=IFCFACEOUTERBOUND(#9925,.T.);
#9927=IFCFACE((#9926));
#9928=IFCPOLYLOOP((#9618,#9582,#9602));
#9929=IFCFACEOUTERBOUND(#9928,.T.);
#9930=IFCFACE((#9929));
#9931=IFCPOLYLOOP((#9588,#9586,#9560));
#9932=IFCFACEOUTERBOUND(#9931,.T.);
#9933=IFCFACE((#9932));
#9934=IFCPOLYLOOP((#9562,#9620,#9563));
#9935=IFCFACEOUTERBOUND(#9934,.T.);
#9936=IFCFACE((#9935));
#9937=IFCPOLYLOOP((#9603,#9582,#9617));
#9938=IFCFACEOUTERBOUND(#9937,.T.);
#9939=IFCFACE((#9938));
#9940=IFCPOLYLOOP((#9561,#9560,#9586));
#9941=IFCFACEOUTERBOUND(#9940,.T.);
#9942=IFCFACE((#9941));
#9943=IFCPOLYLOOP((#9586,#9562,#9561));
#9944=IFCFACEOUTERBOUND(#9943,.T.);
#9945=IFCFACE((#9944));
#9946=IFCPOLYLOOP((#9583,#9604,#9619));
#9947=IFCFACEOUTERBOUND(#9946,.T.);
#9948=IFCFACE((#9947));
#9949=IFCPOLYLOOP((#9602,#9609,#9610));
#9950=IFCFACEOUTERBOUND(#9949,.T.);
#9951=IFCFACE((#9950));
#9952=IFCPOLYLOOP((#9586,#9620,#9562));
#9953=IFCFACEOUTERBOUND(#9952,.T.);
#9954=IFCFACE((#9953));
#9955=IFCPOLYLOOP((#9617,#9622,#9623));
#9956=IFCFACEOUTERBOUND(#9955,.T.);
#9957=IFCFACE((#9956));
#9958=IFCPOLYLOOP((#9621,#9623,#9584));
#9959=IFCFACEOUTERBOUND(#9958,.T.);
#9960=IFCFACE((#9959));
#9961=IFCPOLYLOOP((#9615,#9622,#9614));
#9962=IFCFACEOUTERBOUND(#9961,.T.);
#9963=IFCFACE((#9962));
#9964=IFCPOLYLOOP((#9613,#9614,#9617));
#9965=IFCFACEOUTERBOUND(#9964,.T.);
#9966=IFCFACE((#9965));
#9967=IFCPOLYLOOP((#9560,#9559,#9588));
#9968=IFCFACEOUTERBOUND(#9967,.T.);
#9969=IFCFACE((#9968));
#9970=IFCPOLYLOOP((#9617,#9624,#9603));
#9971=IFCFACEOUTERBOUND(#9970,.T.);
#9972=IFCFACE((#9971));
#9973=IFCPOLYLOOP((#9621,#9545,#9568));
#9974=IFCFACEOUTERBOUND(#9973,.T.);
#9975=IFCFACE((#9974));
#9976=IFCPOLYLOOP((#9587,#9607,#9585));
#9977=IFCFACEOUTERBOUND(#9976,.T.);
#9978=IFCFACE((#9977));
#9979=IFCPOLYLOOP((#9612,#9618,#9611));
#9980=IFCFACEOUTERBOUND(#9979,.T.);
#9981=IFCFACE((#9980));
#9982=IFCPOLYLOOP((#9606,#9587,#9589));
#9983=IFCFACEOUTERBOUND(#9982,.T.);
#9984=IFCFACE((#9983));
#9985=IFCPOLYLOOP((#9559,#9590,#9588));
#9986=IFCFACEOUTERBOUND(#9985,.T.);
#9987=IFCFACE((#9986));
#9988=IFCPOLYLOOP((#9612,#9613,#9618));
#9989=IFCFACEOUTERBOUND(#9988,.T.);
#9990=IFCFACE((#9989));
#9991=IFCPOLYLOOP((#9589,#9581,#9605));
#9992=IFCFACEOUTERBOUND(#9991,.T.);
#9993=IFCFACE((#9992));
#9994=IFCPOLYLOOP((#9618,#9610,#9611));
#9995=IFCFACEOUTERBOUND(#9994,.T.);
#9996=IFCFACE((#9995));
#9997=IFCPOLYLOOP((#9616,#9604,#9624));
#9998=IFCFACEOUTERBOUND(#9997,.T.);
#9999=IFCFACE((#9998));
#10000=IFCPOLYLOOP((#9624,#9604,#9591,#9603));
#10001=IFCFACEOUTERBOUND(#10000,.T.);
#10002=IFCFACE((#10001));
#10003=IFCPOLYLOOP((#9585,#9607,#9608));
#10004=IFCFACEOUTERBOUND(#10003,.T.);
#10005=IFCFACE((#10004));
#10006=IFCPOLYLOOP((#9608,#9609,#9585));
#10007=IFCFACEOUTERBOUND(#10006,.T.);
#10008=IFCFACE((#10007));
#10009=IFCPOLYLOOP((#9564,#9620,#9565));
#10010=IFCFACEOUTERBOUND(#10009,.T.);
#10011=IFCFACE((#10010));
#10012=IFCPOLYLOOP((#9585,#9609,#9602));
#10013=IFCFACEOUTERBOUND(#10012,.T.);
#10014=IFCFACE((#10013));
#10015=IFCPOLYLOOP((#9589,#9605,#9606));
#10016=IFCFACEOUTERBOUND(#10015,.T.);
#10017=IFCFACE((#10016));
#10018=IFCPOLYLOOP((#9604,#9616,#9619));
#10019=IFCFACEOUTERBOUND(#10018,.T.);
#10020=IFCFACE((#10019));
#10021=IFCPOLYLOOP((#9618,#9602,#9610));
#10022=IFCFACEOUTERBOUND(#10021,.T.);
#10023=IFCFACE((#10022));
#10024=IFCPOLYLOOP((#9564,#9563,#9620));
#10025=IFCFACEOUTERBOUND(#10024,.T.);
#10026=IFCFACE((#10025));
#10027=IFCPOLYLOOP((#9617,#9618,#9613));
#10028=IFCFACEOUTERBOUND(#10027,.T.);
#10029=IFCFACE((#10028));
#10030=IFCPOLYLOOP((#9607,#9587,#9606));
#10031=IFCFACEOUTERBOUND(#10030,.T.);
#10032=IFCFACE((#10031));
#10033=IFCPOLYLOOP((#9558,#9590,#9559));
#10034=IFCFACEOUTERBOUND(#10033,.T.);
#10035=IFCFACE((#10034));
#10036=IFCPOLYLOOP((#9619,#9620,#9583));
#10037=IFCFACEOUTERBOUND(#10036,.T.);
#10038=IFCFACE((#10037));
#10039=IFCPOLYLOOP((#9619,#9566,#9565));
#10040=IFCFACEOUTERBOUND(#10039,.T.);
#10041=IFCFACE((#10040));
#10042=IFCPOLYLOOP((#9621,#9584,#9545));
#10043=IFCFACEOUTERBOUND(#10042,.T.);
#10044=IFCFACE((#10043));
#10045=IFCPOLYLOOP((#9620,#9619,#9565));
#10046=IFCFACEOUTERBOUND(#10045,.T.);
#10047=IFCFACE((#10046));
#10048=IFCPOLYLOOP((#9630,#9631,#9632,#9633,#9634,#9635,#9636,#9637,#9638,#9639,#9640,#9641,#9642,#9643,#9644,#9645,#9646,#9647,#9648,#9625,#9626,#9627,#9628,#9629));
#10049=IFCFACEOUTERBOUND(#10048,.T.);
#10050=IFCFACE((#10049));
#10051=IFCPOLYLOOP((#9625,#9581,#9580,#9626));
#10052=IFCFACEOUTERBOUND(#10051,.T.);
#10053=IFCFACE((#10052));
#10054=IFCPOLYLOOP((#9626,#9580,#9579,#9627));
#10055=IFCFACEOUTERBOUND(#10054,.T.);
#10056=IFCFACE((#10055));
#10057=IFCPOLYLOOP((#9628,#9578,#9577,#9629));
#10058=IFCFACEOUTERBOUND(#10057,.T.);
#10059=IFCFACE((#10058));
#10060=IFCPOLYLOOP((#9627,#9579,#9578,#9628));
#10061=IFCFACEOUTERBOUND(#10060,.T.);
#10062=IFCFACE((#10061));
#10063=IFCPOLYLOOP((#9629,#9577,#9576,#9630));
#10064=IFCFACEOUTERBOUND(#10063,.T.);
#10065=IFCFACE((#10064));
#10066=IFCPOLYLOOP((#9575,#9631,#9630,#9576));
#10067=IFCFACEOUTERBOUND(#10066,.T.);
#10068=IFCFACE((#10067));
#10069=IFCPOLYLOOP((#9573,#9572,#9634,#9633));
#10070=IFCFACEOUTERBOUND(#10069,.T.);
#10071=IFCFACE((#10070));
#10072=IFCPOLYLOOP((#9574,#9573,#9633,#9632));
#10073=IFCFACEOUTERBOUND(#10072,.T.);
#10074=IFCFACE((#10073));
#10075=IFCPOLYLOOP((#9570,#9569,#9637,#9636));
#10076=IFCFACEOUTERBOUND(#10075,.T.);
#10077=IFCFACE((#10076));
#10078=IFCPOLYLOOP((#9571,#9570,#9636,#9635));
#10079=IFCFACEOUTERBOUND(#10078,.T.);
#10080=IFCFACE((#10079));
#10081=IFCPOLYLOOP((#9572,#9571,#9635,#9634));
#10082=IFCFACEOUTERBOUND(#10081,.T.);
#10083=IFCFACE((#10082));
#10084=IFCPOLYLOOP((#9632,#9631,#9575,#9574));
#10085=IFCFACEOUTERBOUND(#10084,.T.);
#10086=IFCFACE((#10085));
#10087=IFCPOLYLOOP((#9638,#9637,#9569,#9615));
#10088=IFCFACEOUTERBOUND(#10087,.T.);
#10089=IFCFACE((#10088));
#10090=IFCPOLYLOOP((#9638,#9615,#9614,#9639));
#10091=IFCFACEOUTERBOUND(#10090,.T.);
#10092=IFCFACE((#10091));
#10093=IFCPOLYLOOP((#9612,#9611,#9642,#9641));
#10094=IFCFACEOUTERBOUND(#10093,.T.);
#10095=IFCFACE((#10094));
#10096=IFCPOLYLOOP((#9613,#9612,#9641,#9640));
#10097=IFCFACEOUTERBOUND(#10096,.T.);
#10098=IFCFACE((#10097));
#10099=IFCPOLYLOOP((#9640,#9639,#9614,#9613));
#10100=IFCFACEOUTERBOUND(#10099,.T.);
#10101=IFCFACE((#10100));
#10102=IFCPOLYLOOP((#9610,#9643,#9642,#9611));
#10103=IFCFACEOUTERBOUND(#10102,.T.);
#10104=IFCFACE((#10103));
#10105=IFCPOLYLOOP((#9607,#9646,#9645,#9608));
#10106=IFCFACEOUTERBOUND(#10105,.T.);
#10107=IFCFACE((#10106));
#10108=IFCPOLYLOOP((#9608,#9645,#9644,#9609));
#10109=IFCFACEOUTERBOUND(#10108,.T.);
#10110=IFCFACE((#10109));
#10111=IFCPOLYLOOP((#9581,#9625,#9648,#9605));
#10112=IFCFACEOUTERBOUND(#10111,.T.);
#10113=IFCFACE((#10112));
#10114=IFCPOLYLOOP((#9606,#9605,#9648,#9647));
#10115=IFCFACEOUTERBOUND(#10114,.T.);
#10116=IFCFACE((#10115));
#10117=IFCPOLYLOOP((#9607,#9606,#9647,#9646));
#10118=IFCFACEOUTERBOUND(#10117,.T.);
#10119=IFCFACE((#10118));
#10120=IFCPOLYLOOP((#9610,#9609,#9644,#9643));
#10121=IFCFACEOUTERBOUND(#10120,.T.);
#10122=IFCFACE((#10121));
#10123=IFCCARTESIANPOINT((757.49062500002,245.699999999998,1000.));
#10124=IFCCARTESIANPOINT((756.468399788692,245.699999999998,992.235428646925));
#10125=IFCCARTESIANPOINT((753.471387113553,245.699999999998,985.));
#10126=IFCCARTESIANPOINT((748.703828435616,245.699999999998,978.786796564404));
#10127=IFCCARTESIANPOINT((742.49062500002,245.699999999998,974.019237886467));
#10128=IFCCARTESIANPOINT((735.255196353095,245.699999999998,971.022225211328));
#10129=IFCCARTESIANPOINT((727.490625000019,245.699999999998,970.));
#10130=IFCCARTESIANPOINT((719.726053646944,245.699999999998,971.022225211328));
#10131=IFCCARTESIANPOINT((712.49062500002,245.699999999998,974.019237886467));
#10132=IFCCARTESIANPOINT((706.277421564423,245.699999999998,978.786796564404));
#10133=IFCCARTESIANPOINT((701.509862886487,245.699999999998,985.));
#10134=IFCCARTESIANPOINT((698.512850211348,245.699999999998,992.235428646925));
#10135=IFCCARTESIANPOINT((697.49062500002,245.699999999998,1000.));
#10136=IFCCARTESIANPOINT((698.512850211348,245.699999999998,1007.76457135308));
#10137=IFCCARTESIANPOINT((701.509862886487,245.699999999998,1015.));
#10138=IFCCARTESIANPOINT((706.277421564423,245.699999999998,1021.2132034356));
#10139=IFCCARTESIANPOINT((712.49062500002,245.699999999998,1025.98076211353));
#10140=IFCCARTESIANPOINT((719.726053646944,245.699999999998,1028.97777478867));
#10141=IFCCARTESIANPOINT((727.49062500002,245.699999999998,1030.));
#10142=IFCCARTESIANPOINT((735.255196353095,245.699999999998,1028.97777478867));
#10143=IFCCARTESIANPOINT((742.49062500002,245.699999999998,1025.98076211353));
#10144=IFCCARTESIANPOINT((748.703828435616,245.699999999998,1021.2132034356));
#10145=IFCCARTESIANPOINT((753.471387113553,245.699999999998,1015.));
#10146=IFCCARTESIANPOINT((756.468399788692,245.699999999998,1007.76457135308));
#10147=IFCCARTESIANPOINT((757.49062500002,237.699999999998,1000.));
#10148=IFCCARTESIANPOINT((756.468399788692,237.699999999998,1007.76457135308));
#10149=IFCCARTESIANPOINT((753.471387113553,237.699999999998,1015.));
#10150=IFCCARTESIANPOINT((748.703828435616,237.699999999998,1021.2132034356));
#10151=IFCCARTESIANPOINT((742.49062500002,237.699999999998,1025.98076211353));
#10152=IFCCARTESIANPOINT((735.255196353095,237.699999999998,1028.97777478867));
#10153=IFCCARTESIANPOINT((727.49062500002,237.699999999998,1030.));
#10154=IFCCARTESIANPOINT((719.726053646944,237.699999999998,1028.97777478867));
#10155=IFCCARTESIANPOINT((712.49062500002,237.699999999998,1025.98076211353));
#10156=IFCCARTESIANPOINT((706.277421564423,237.699999999998,1021.2132034356));
#10157=IFCCARTESIANPOINT((701.509862886487,237.699999999998,1015.));
#10158=IFCCARTESIANPOINT((698.512850211348,237.699999999998,1007.76457135308));
#10159=IFCCARTESIANPOINT((697.49062500002,237.699999999998,1000.));
#10160=IFCCARTESIANPOINT((698.512850211348,237.699999999998,992.235428646925));
#10161=IFCCARTESIANPOINT((701.509862886487,237.699999999998,985.));
#10162=IFCCARTESIANPOINT((706.277421564423,237.699999999998,978.786796564404));
#10163=IFCCARTESIANPOINT((712.49062500002,237.699999999998,974.019237886467));
#10164=IFCCARTESIANPOINT((719.726053646944,237.699999999998,971.022225211328));
#10165=IFCCARTESIANPOINT((727.490625000019,237.699999999998,970.));
#10166=IFCCARTESIANPOINT((735.255196353095,237.699999999998,971.022225211328));
#10167=IFCCARTESIANPOINT((742.49062500002,237.699999999998,974.019237886467));
#10168=IFCCARTESIANPOINT((748.703828435616,237.699999999998,978.786796564404));
#10169=IFCCARTESIANPOINT((753.471387113553,237.699999999998,985.));
#10170=IFCCARTESIANPOINT((756.468399788692,237.699999999998,992.235428646925));
#10171=IFCPOLYLOOP((#10138,#10139,#10140,#10141,#10142,#10143,#10144,#10145,#10146,#10123,#10124,#10125,#10126,#10127,#10128,#10129,#10130,#10131,#10132,#10133,#10134,#10135,#10136,#10137));
#10172=IFCFACEOUTERBOUND(#10171,.T.);
#10173=IFCFACE((#10172));
#10174=IFCPOLYLOOP((#10165,#10166,#10167,#10168,#10169,#10170,#10147,#10148,#10149,#10150,#10151,#10152,#10153,#10154,#10155,#10156,#10157,#10158,#10159,#10160,#10161,#10162,#10163,#10164));
#10175=IFCFACEOUTERBOUND(#10174,.T.);
#10176=IFCFACE((#10175));
#10177=IFCPOLYLOOP((#10147,#10123,#10146,#10148));
#10178=IFCFACEOUTERBOUND(#10177,.T.);
#10179=IFCFACE((#10178));
#10180=IFCPOLYLOOP((#10148,#10146,#10145,#10149));
#10181=IFCFACEOUTERBOUND(#10180,.T.);
#10182=IFCFACE((#10181));
#10183=IFCPOLYLOOP((#10151,#10150,#10144,#10143));
#10184=IFCFACEOUTERBOUND(#10183,.T.);
#10185=IFCFACE((#10184));
#10186=IFCPOLYLOOP((#10144,#10150,#10149,#10145));
#10187=IFCFACEOUTERBOUND(#10186,.T.);
#10188=IFCFACE((#10187));
#10189=IFCPOLYLOOP((#10152,#10151,#10143,#10142));
#10190=IFCFACEOUTERBOUND(#10189,.T.);
#10191=IFCFACE((#10190));
#10192=IFCPOLYLOOP((#10152,#10142,#10141,#10153));
#10193=IFCFACEOUTERBOUND(#10192,.T.);
#10194=IFCFACE((#10193));
#10195=IFCPOLYLOOP((#10153,#10141,#10140,#10154));
#10196=IFCFACEOUTERBOUND(#10195,.T.);
#10197=IFCFACE((#10196));
#10198=IFCPOLYLOOP((#10154,#10140,#10139,#10155));
#10199=IFCFACEOUTERBOUND(#10198,.T.);
#10200=IFCFACE((#10199));
#10201=IFCPOLYLOOP((#10157,#10156,#10138,#10137));
#10202=IFCFACEOUTERBOUND(#10201,.T.);
#10203=IFCFACE((#10202));
#10204=IFCPOLYLOOP((#10138,#10156,#10155,#10139));
#10205=IFCFACEOUTERBOUND(#10204,.T.);
#10206=IFCFACE((#10205));
#10207=IFCPOLYLOOP((#10158,#10157,#10137,#10136));
#10208=IFCFACEOUTERBOUND(#10207,.T.);
#10209=IFCFACE((#10208));
#10210=IFCPOLYLOOP((#10158,#10136,#10135,#10159));
#10211=IFCFACEOUTERBOUND(#10210,.T.);
#10212=IFCFACE((#10211));
#10213=IFCPOLYLOOP((#10159,#10135,#10134,#10160));
#10214=IFCFACEOUTERBOUND(#10213,.T.);
#10215=IFCFACE((#10214));
#10216=IFCPOLYLOOP((#10160,#10134,#10133,#10161));
#10217=IFCFACEOUTERBOUND(#10216,.T.);
#10218=IFCFACE((#10217));
#10219=IFCPOLYLOOP((#10163,#10162,#10132,#10131));
#10220=IFCFACEOUTERBOUND(#10219,.T.);
#10221=IFCFACE((#10220));
#10222=IFCPOLYLOOP((#10132,#10162,#10161,#10133));
#10223=IFCFACEOUTERBOUND(#10222,.T.);
#10224=IFCFACE((#10223));
#10225=IFCPOLYLOOP((#10164,#10163,#10131,#10130));
#10226=IFCFACEOUTERBOUND(#10225,.T.);
#10227=IFCFACE((#10226));
#10228=IFCPOLYLOOP((#10164,#10130,#10129,#10165));
#10229=IFCFACEOUTERBOUND(#10228,.T.);
#10230=IFCFACE((#10229));
#10231=IFCPOLYLOOP((#10165,#10129,#10128,#10166));
#10232=IFCFACEOUTERBOUND(#10231,.T.);
#10233=IFCFACE((#10232));
#10234=IFCPOLYLOOP((#10166,#10128,#10127,#10167));
#10235=IFCFACEOUTERBOUND(#10234,.T.);
#10236=IFCFACE((#10235));
#10237=IFCPOLYLOOP((#10169,#10168,#10126,#10125));
#10238=IFCFACEOUTERBOUND(#10237,.T.);
#10239=IFCFACE((#10238));
#10240=IFCPOLYLOOP((#10126,#10168,#10167,#10127));
#10241=IFCFACEOUTERBOUND(#10240,.T.);
#10242=IFCFACE((#10241));
#10243=IFCPOLYLOOP((#10170,#10169,#10125,#10124));
#10244=IFCFACEOUTERBOUND(#10243,.T.);
#10245=IFCFACE((#10244));
#10246=IFCPOLYLOOP((#10170,#10124,#10123,#10147));
#10247=IFCFACEOUTERBOUND(#10246,.T.);
#10248=IFCFACE((#10247));
#10249=IFCCARTESIANPOINT((800.,192.699999999998,2000.));
#10250=IFCCARTESIANPOINT((50.,192.699999999998,2000.));
#10251=IFCCARTESIANPOINT((50.,192.699999999998,0.));
#10252=IFCCARTESIANPOINT((800.,192.699999999998,0.));
#10253=IFCCARTESIANPOINT((647.600000000014,192.699999999998,1847.6));
#10254=IFCCARTESIANPOINT((647.600000000014,192.699999999998,1212.6));
#10255=IFCCARTESIANPOINT((520.600000000014,192.699999999998,1212.6));
#10256=IFCCARTESIANPOINT((520.600000000014,192.699999999998,1847.6));
#10257=IFCPOLYLOOP((#10249,#10250,#10251,#10252));
#10258=IFCFACEOUTERBOUND(#10257,.T.);
#10259=IFCPOLYLOOP((#10253,#10254,#10255,#10256));
#10260=IFCFACEBOUND(#10259,.T.);
#10261=IFCFACE((#10258,#10260));
#10262=IFCCARTESIANPOINT((800.,237.699999999998,2000.));
#10263=IFCCARTESIANPOINT((800.,237.699999999998,0.));
#10264=IFCCARTESIANPOINT((50.,237.699999999998,0.));
#10265=IFCCARTESIANPOINT((50.,237.699999999998,2000.));
#10266=IFCCARTESIANPOINT((647.600000000014,237.699999999998,1847.6));
#10267=IFCCARTESIANPOINT((520.600000000014,237.699999999998,1847.6));
#10268=IFCCARTESIANPOINT((520.600000000014,237.699999999998,1212.6));
#10269=IFCCARTESIANPOINT((647.600000000014,237.699999999998,1212.6));
#10270=IFCPOLYLOOP((#10262,#10263,#10264,#10265));
#10271=IFCFACEOUTERBOUND(#10270,.T.);
#10272=IFCPOLYLOOP((#10266,#10267,#10268,#10269));
#10273=IFCFACEBOUND(#10272,.T.);
#10274=IFCFACE((#10271,#10273));
#10275=IFCPOLYLOOP((#10252,#10263,#10262,#10249));
#10276=IFCFACEOUTERBOUND(#10275,.T.);
#10277=IFCFACE((#10276));
#10278=IFCPOLYLOOP((#10251,#10264,#10263,#10252));
#10279=IFCFACEOUTERBOUND(#10278,.T.);
#10280=IFCFACE((#10279));
#10281=IFCPOLYLOOP((#10250,#10265,#10264,#10251));
#10282=IFCFACEOUTERBOUND(#10281,.T.);
#10283=IFCFACE((#10282));
#10284=IFCPOLYLOOP((#10249,#10262,#10265,#10250));
#10285=IFCFACEOUTERBOUND(#10284,.T.);
#10286=IFCFACE((#10285));
#10287=IFCPOLYLOOP((#10256,#10267,#10266,#10253));
#10288=IFCFACEOUTERBOUND(#10287,.T.);
#10289=IFCFACE((#10288));
#10290=IFCPOLYLOOP((#10255,#10268,#10267,#10256));
#10291=IFCFACEOUTERBOUND(#10290,.T.);
#10292=IFCFACE((#10291));
#10293=IFCPOLYLOOP((#10254,#10269,#10268,#10255));
#10294=IFCFACEOUTERBOUND(#10293,.T.);
#10295=IFCFACE((#10294));
#10296=IFCPOLYLOOP((#10253,#10266,#10269,#10254));
#10297=IFCFACEOUTERBOUND(#10296,.T.);
#10298=IFCFACE((#10297));
#10299=IFCCARTESIANPOINT((50.,187.937499999998,0.));
#10300=IFCCARTESIANPOINT((65.8750000000053,187.937499999998,0.));
#10301=IFCCARTESIANPOINT((65.8750000000053,136.912499999998,0.));
#10302=IFCCARTESIANPOINT((50.,136.912499999998,0.));
#10303=IFCCARTESIANPOINT((50.,87.6999999999981,0.));
#10304=IFCCARTESIANPOINT((0.,87.6999999999981,0.));
#10305=IFCCARTESIANPOINT((0.,237.699999999999,0.));
#10306=IFCCARTESIANPOINT((50.,237.699999999999,0.));
#10307=IFCPOLYLOOP((#10299,#10300,#10301,#10302,#10303,#10304,#10305,#10306));
#10308=IFCFACEOUTERBOUND(#10307,.T.);
#10309=IFCFACE((#10308));
#10310=IFCCARTESIANPOINT((50.,237.699999999999,2000.));
#10311=IFCCARTESIANPOINT((50.,187.937499999998,2000.));
#10312=IFCPOLYLOOP((#10306,#10310,#10311,#10299));
#10313=IFCFACEOUTERBOUND(#10312,.T.);
#10314=IFCFACE((#10313));
#10315=IFCCARTESIANPOINT((0.,237.699999999999,2100.));
#10316=IFCCARTESIANPOINT((850.,237.699999999999,2100.));
#10317=IFCCARTESIANPOINT((850.,237.699999999999,0.));
#10318=IFCCARTESIANPOINT((800.,237.699999999999,0.));
#10319=IFCCARTESIANPOINT((800.,237.699999999999,2000.));
#10320=IFCPOLYLOOP((#10305,#10315,#10316,#10317,#10318,#10319,#10310,#10306));
#10321=IFCFACEOUTERBOUND(#10320,.T.);
#10322=IFCFACE((#10321));
#10323=IFCCARTESIANPOINT((0.,87.6999999999991,2100.));
#10324=IFCPOLYLOOP((#10304,#10323,#10315,#10305));
#10325=IFCFACEOUTERBOUND(#10324,.T.);
#10326=IFCFACE((#10325));
#10327=IFCCARTESIANPOINT((50.,87.6999999999981,2000.));
#10328=IFCCARTESIANPOINT((800.,87.6999999999981,2000.));
#10329=IFCCARTESIANPOINT((800.,87.6999999999981,0.));
#10330=IFCCARTESIANPOINT((850.,87.6999999999981,0.));
#10331=IFCCARTESIANPOINT((850.,87.6999999999981,2100.));
#10332=IFCPOLYLOOP((#10303,#10327,#10328,#10329,#10330,#10331,#10323,#10304));
#10333=IFCFACEOUTERBOUND(#10332,.T.);
#10334=IFCFACE((#10333));
#10335=IFCCARTESIANPOINT((50.,136.912499999998,2000.));
#10336=IFCPOLYLOOP((#10302,#10335,#10327,#10303));
#10337=IFCFACEOUTERBOUND(#10336,.T.);
#10338=IFCFACE((#10337));
#10339=IFCCARTESIANPOINT((65.8750000000053,136.912499999998,1984.125));
#10340=IFCCARTESIANPOINT((784.125000000006,136.912499999998,1984.125));
#10341=IFCCARTESIANPOINT((784.125000000006,136.912499999998,0.));
#10342=IFCCARTESIANPOINT((800.,136.912499999998,0.));
#10343=IFCCARTESIANPOINT((800.,136.912499999998,2000.));
#10344=IFCPOLYLOOP((#10301,#10339,#10340,#10341,#10342,#10343,#10335,#10302));
#10345=IFCFACEOUTERBOUND(#10344,.T.);
#10346=IFCFACE((#10345));
#10347=IFCCARTESIANPOINT((65.8750000000053,187.937499999998,1984.125));
#10348=IFCPOLYLOOP((#10300,#10347,#10339,#10301));
#10349=IFCFACEOUTERBOUND(#10348,.T.);
#10350=IFCFACE((#10349));
#10351=IFCCARTESIANPOINT((800.,187.937499999998,2000.));
#10352=IFCCARTESIANPOINT((800.,187.937499999998,0.));
#10353=IFCCARTESIANPOINT((784.125000000006,187.937499999998,0.));
#10354=IFCCARTESIANPOINT((784.125000000006,187.937499999998,1984.125));
#10355=IFCPOLYLOOP((#10299,#10311,#10351,#10352,#10353,#10354,#10347,#10300));
#10356=IFCFACEOUTERBOUND(#10355,.T.);
#10357=IFCFACE((#10356));
#10358=IFCPOLYLOOP((#10310,#10319,#10351,#10311));
#10359=IFCFACEOUTERBOUND(#10358,.T.);
#10360=IFCFACE((#10359));
#10361=IFCPOLYLOOP((#10327,#10335,#10343,#10328));
#10362=IFCFACEOUTERBOUND(#10361,.T.);
#10363=IFCFACE((#10362));
#10364=IFCPOLYLOOP((#10339,#10347,#10354,#10340));
#10365=IFCFACEOUTERBOUND(#10364,.T.);
#10366=IFCFACE((#10365));
#10367=IFCPOLYLOOP((#10317,#10330,#10329,#10342,#10341,#10353,#10352,#10318));
#10368=IFCFACEOUTERBOUND(#10367,.T.);
#10369=IFCFACE((#10368));
#10370=IFCPOLYLOOP((#10318,#10352,#10351,#10319));
#10371=IFCFACEOUTERBOUND(#10370,.T.);
#10372=IFCFACE((#10371));
#10373=IFCPOLYLOOP((#10316,#10331,#10330,#10317));
#10374=IFCFACEOUTERBOUND(#10373,.T.);
#10375=IFCFACE((#10374));
#10376=IFCPOLYLOOP((#10328,#10343,#10342,#10329));
#10377=IFCFACEOUTERBOUND(#10376,.T.);
#10378=IFCFACE((#10377));
#10379=IFCPOLYLOOP((#10340,#10354,#10353,#10341));
#10380=IFCFACEOUTERBOUND(#10379,.T.);
#10381=IFCFACE((#10380));
#10382=IFCPOLYLOOP((#10323,#10331,#10316,#10315));
#10383=IFCFACEOUTERBOUND(#10382,.T.);
#10384=IFCFACE((#10383));
#10385=IFCCARTESIANPOINT((647.600000000015,212.699999999998,1847.6));
#10386=IFCCARTESIANPOINT((520.600000000015,212.699999999998,1847.6));
#10387=IFCCARTESIANPOINT((520.600000000015,212.699999999998,1212.6));
#10388=IFCCARTESIANPOINT((647.600000000015,212.699999999998,1212.6));
#10389=IFCPOLYLOOP((#10385,#10386,#10387,#10388));
#10390=IFCFACEOUTERBOUND(#10389,.T.);
#10391=IFCFACE((#10390));
#10392=IFCCARTESIANPOINT((647.600000000015,217.699999999998,1847.6));
#10393=IFCCARTESIANPOINT((647.600000000015,217.699999999998,1212.6));
#10394=IFCCARTESIANPOINT((520.600000000015,217.699999999998,1212.6));
#10395=IFCCARTESIANPOINT((520.600000000015,217.699999999998,1847.6));
#10396=IFCPOLYLOOP((#10392,#10393,#10394,#10395));
#10397=IFCFACEOUTERBOUND(#10396,.T.);
#10398=IFCFACE((#10397));
#10399=IFCPOLYLOOP((#10388,#10393,#10392,#10385));
#10400=IFCFACEOUTERBOUND(#10399,.T.);
#10401=IFCFACE((#10400));
#10402=IFCPOLYLOOP((#10387,#10394,#10393,#10388));
#10403=IFCFACEOUTERBOUND(#10402,.T.);
#10404=IFCFACE((#10403));
#10405=IFCPOLYLOOP((#10386,#10395,#10394,#10387));
#10406=IFCFACEOUTERBOUND(#10405,.T.);
#10407=IFCFACE((#10406));
#10408=IFCPOLYLOOP((#10385,#10392,#10395,#10386));
#10409=IFCFACEOUTERBOUND(#10408,.T.);
#10410=IFCFACE((#10409));
#10411=IFCCARTESIANPOINT((647.600000000014,217.699999999998,1847.6));
#10412=IFCCARTESIANPOINT((647.600000000014,217.699999999998,1212.6));
#10413=IFCCARTESIANPOINT((647.600000000014,237.699999999998,1212.6));
#10414=IFCCARTESIANPOINT((647.600000000014,237.699999999998,1847.6));
#10415=IFCCARTESIANPOINT((635.600000000014,238.699999999998,1835.6));
#10416=IFCCARTESIANPOINT((635.600000000014,238.699999999998,1224.6));
#10417=IFCCARTESIANPOINT((635.600000000014,217.699999999998,1224.6));
#10418=IFCCARTESIANPOINT((635.600000000014,217.699999999998,1835.6));
#10419=IFCCARTESIANPOINT((640.600000000014,243.699999999998,1840.6));
#10420=IFCCARTESIANPOINT((640.600000000014,243.699999999998,1219.6));
#10421=IFCCARTESIANPOINT((637.064466094081,242.235533905931,1223.13553390593));
#10422=IFCCARTESIANPOINT((637.064466094081,242.235533905931,1837.06446609407));
#10423=IFCCARTESIANPOINT((640.600000000014,243.699999999998,1528.29245726357));
#10424=IFCCARTESIANPOINT((640.600000000014,243.699999999998,1684.44622863178));
#10425=IFCCARTESIANPOINT((640.600000000014,243.699999999998,1375.75377136822));
#10426=IFCCARTESIANPOINT((635.600000000014,238.699999999998,1530.10000180454));
#10427=IFCCARTESIANPOINT((635.600000000014,238.699999999998,1682.84999909773));
#10428=IFCCARTESIANPOINT((635.600000000014,238.699999999998,1377.35000090227));
#10429=IFCCARTESIANPOINT((640.600000000014,243.699999999998,1297.67687818325));
#10430=IFCCARTESIANPOINT((635.600000000014,238.699999999998,1300.97499864659));
#10431=IFCCARTESIANPOINT((635.600000000014,238.699999999998,1263.63844164625));
#10432=IFCCARTESIANPOINT((640.600000000014,243.699999999998,1762.52312181675));
#10433=IFCCARTESIANPOINT((635.600000000014,238.699999999998,1759.22499774432));
#10434=IFCCARTESIANPOINT((635.600000000014,238.699999999998,1721.03749842103));
#10435=IFCCARTESIANPOINT((640.600000000014,243.699999999998,1801.56156840924));
#10436=IFCCARTESIANPOINT((635.600000000014,238.699999999998,1606.47500045113));
#10437=IFCCARTESIANPOINT((640.600000000014,243.699999999998,1606.36933544681));
#10438=IFCCARTESIANPOINT((640.600000000014,243.699999999998,1645.4077820393));
#10439=IFCCARTESIANPOINT((640.600000000014,243.699999999998,1452.02310681503));
#10440=IFCCARTESIANPOINT((635.600000000014,238.699999999998,1453.72500315795));
#10441=IFCCARTESIANPOINT((635.600000000014,238.699999999998,1415.53750022557));
#10442=IFCCARTESIANPOINT((640.600000000014,243.699999999998,1258.63843159076));
#10443=IFCCARTESIANPOINT((635.600000000014,238.699999999998,1797.4125006767));
#10444=IFCCARTESIANPOINT((640.600000000014,243.699999999998,1723.48467522427));
#10445=IFCCARTESIANPOINT((640.600000000014,243.699999999998,1413.88843909162));
#10446=IFCCARTESIANPOINT((637.118365573891,242.288623931652,1432.95577583171));
#10447=IFCCARTESIANPOINT((637.028646236383,242.199347409873,1402.43539415686));
#10448=IFCCARTESIANPOINT((637.093817913328,242.264644046043,1462.53272088307));
#10449=IFCCARTESIANPOINT((635.600000000014,238.699999999998,1491.91250248124));
#10450=IFCCARTESIANPOINT((640.600000000014,243.699999999998,1490.15778954016));
#10451=IFCCARTESIANPOINT((636.966071079955,242.134320981496,1282.30672077618));
#10452=IFCCARTESIANPOINT((640.600000000014,243.699999999998,1336.71532477573));
#10453=IFCCARTESIANPOINT((637.150089420523,242.319132077378,1313.75377518662));
#10454=IFCCARTESIANPOINT((635.600000000014,238.699999999998,1339.16250157897));
#10455=IFCCARTESIANPOINT((636.993921849373,242.163553142577,1253.12313253535));
#10456=IFCCARTESIANPOINT((637.012916516855,242.183221509585,1701.94374511843));
#10457=IFCCARTESIANPOINT((637.099234861588,242.269964067825,1671.45874093531));
#10458=IFCCARTESIANPOINT((635.600000000014,238.699999999998,1644.66249977443));
#10459=IFCCARTESIANPOINT((637.068065433895,242.239129585172,1625.56874585576));
#10460=IFCCARTESIANPOINT((637.025106214936,242.195730885723,1731.3567869533));
#10461=IFCCARTESIANPOINT((637.062434548492,242.233501192328,1595.60657122841));
#10462=IFCCARTESIANPOINT((640.600000000014,243.699999999998,1567.33088885433));
#10463=IFCCARTESIANPOINT((635.600000000014,238.699999999998,1568.28750112784));
#10464=IFCCARTESIANPOINT((637.032941496579,242.20372567891,1549.19374661624));
#10465=IFCCARTESIANPOINT((637.033917869124,242.204719423254,1519.65089302769));
#10466=IFCCARTESIANPOINT((637.012916478273,242.183221469853,1358.25624852339));
#10467=IFCCARTESIANPOINT((636.963647969791,242.131755223246,1778.31874474968));
#10468=IFCCARTESIANPOINT((637.006205228981,242.176296757137,1807.44988031386));
#10469=IFCCARTESIANPOINT((637.062771821533,242.233838821077,1490.49203059577));
#10470=IFCCARTESIANPOINT((655.600000000014,241.699999999998,1855.6));
#10471=IFCCARTESIANPOINT((655.600000000014,241.699999999998,1204.6));
#10472=IFCCARTESIANPOINT((655.014213562387,243.114213562371,1205.18578643763));
#10473=IFCCARTESIANPOINT((653.600000000014,243.699999999998,1206.6));
#10474=IFCCARTESIANPOINT((653.600000000014,243.699999999998,1853.6));
#10475=IFCCARTESIANPOINT((655.014213562387,243.114213562371,1855.01421356237));
#10476=IFCCARTESIANPOINT((655.600000000014,241.699999999998,1530.09999802966));
#10477=IFCCARTESIANPOINT((655.600000000014,241.699999999998,1692.8499970445));
#10478=IFCCARTESIANPOINT((655.600000000014,241.699999999998,1367.34999901483));
#10479=IFCCARTESIANPOINT((653.600000000014,243.699999999998,1530.1));
#10480=IFCCARTESIANPOINT((653.600000000014,243.699999999998,1691.84999819723));
#10481=IFCCARTESIANPOINT((653.600000000014,243.699999999998,1368.35000180277));
#10482=IFCCARTESIANPOINT((653.600000000014,243.699999999998,1287.47500090138));
#10483=IFCCARTESIANPOINT((655.600000000014,241.699999999998,1285.97499950742));
#10484=IFCCARTESIANPOINT((655.600000000014,241.699999999998,1326.66249926112));
#10485=IFCCARTESIANPOINT((653.600000000014,243.699999999998,1327.91249954931));
#10486=IFCCARTESIANPOINT((653.600000000014,243.699999999998,1772.72499909862));
#10487=IFCCARTESIANPOINT((655.600000000014,241.699999999998,1774.22499655191));
#10488=IFCCARTESIANPOINT((655.600000000014,241.699999999998,1806.21983613671));
#10489=IFCCARTESIANPOINT((653.600000000014,243.699999999998,1813.16249774654));
#10490=IFCCARTESIANPOINT((653.600000000014,243.699999999998,1449.22499909862));
#10491=IFCCARTESIANPOINT((655.600000000014,241.699999999998,1448.72499852225));
#10492=IFCCARTESIANPOINT((655.600000000014,241.699999999998,1489.41249827596));
#10493=IFCCARTESIANPOINT((653.600000000014,243.699999999998,1489.66250135207));
#10494=IFCCARTESIANPOINT((653.600000000014,243.699999999998,1610.97500090138));
#10495=IFCCARTESIANPOINT((655.600000000014,241.699999999998,1611.47499753708));
#10496=IFCCARTESIANPOINT((655.600000000014,241.699999999998,1652.16249729079));
#10497=IFCCARTESIANPOINT((653.600000000014,243.699999999998,1651.41249954931));
#10498=IFCCARTESIANPOINT((653.600000000014,243.699999999998,1247.03750225346));
#10499=IFCCARTESIANPOINT((655.600000000014,241.699999999998,1245.28749975371));
#10500=IFCCARTESIANPOINT((655.600000000014,241.699999999998,1265.6312516009));
#10501=IFCCARTESIANPOINT((655.600000000014,241.699999999998,1830.90991609802));
#10502=IFCCARTESIANPOINT((653.600000000014,243.699999999998,1833.38124887327));
#10503=IFCCARTESIANPOINT((655.600000000014,241.699999999998,1229.29007996131));
#10504=IFCCARTESIANPOINT((653.600000000014,243.699999999998,1226.81875112673));
#10505=IFCCARTESIANPOINT((653.600000000014,243.699999999998,1732.28750045069));
#10506=IFCCARTESIANPOINT((655.600000000014,241.699999999998,1733.5374967982));
#10507=IFCCARTESIANPOINT((655.600000000014,241.699999999998,1753.88124864539));
#10508=IFCCARTESIANPOINT((653.600000000014,243.699999999998,1408.78750045069));
#10509=IFCCARTESIANPOINT((655.600000000014,241.699999999998,1408.03749876854));
#10510=IFCCARTESIANPOINT((655.600000000014,241.699999999998,1428.38125061573));
#10511=IFCCARTESIANPOINT((655.600000000014,241.699999999998,1570.78749778337));
#10512=IFCCARTESIANPOINT((653.600000000014,243.699999999998,1570.53749864792));
#10513=IFCCARTESIANPOINT((653.600000000014,243.699999999998,1550.3187475212));
#10514=IFCCARTESIANPOINT((655.600000000014,241.699999999998,1843.25496001934));
#10515=IFCCARTESIANPOINT((655.600000000014,241.699999999998,1216.94503998065));
#10516=IFCCARTESIANPOINT((653.600000000014,243.699999999998,1841.2549628109));
#10517=IFCCARTESIANPOINT((655.057420854364,243.069643914782,1837.31810488398));
#10518=IFCCARTESIANPOINT((653.600000000014,243.699999999998,1823.27187330991));
#10519=IFCCARTESIANPOINT((655.600000000014,241.699999999998,1818.56487611736));
#10520=IFCCARTESIANPOINT((654.956574291668,243.169593886493,1818.2171864679));
#10521=IFCCARTESIANPOINT((653.600000000014,243.699999999998,1218.94504079464));
#10522=IFCCARTESIANPOINT((655.057420895851,243.069643870636,1222.88189465084));
#10523=IFCCARTESIANPOINT((654.932581996454,243.191383660484,1237.15690850574));
#10524=IFCCARTESIANPOINT((653.600000000014,243.699999999998,1792.94374661981));
#10525=IFCCARTESIANPOINT((654.891203822872,243.227348253618,1805.86126949405));
#10526=IFCCARTESIANPOINT((655.600000000014,241.699999999998,1790.22241634431));
#10527=IFCCARTESIANPOINT((655.600000000014,241.699999999998,1469.06874642877));
#10528=IFCCARTESIANPOINT((653.600000000014,243.699999999998,1469.44375022535));
#10529=IFCCARTESIANPOINT((653.600000000014,243.699999999998,1509.8812524788));
#10530=IFCCARTESIANPOINT((655.600000000014,241.699999999998,1509.75625012315));
#10531=IFCCARTESIANPOINT((655.600000000014,241.699999999998,1591.13124963056));
#10532=IFCCARTESIANPOINT((653.600000000014,243.699999999998,1590.75624977465));
#10533=IFCCARTESIANPOINT((653.600000000014,243.699999999998,1348.13125067604));
#10534=IFCCARTESIANPOINT((655.600000000014,241.699999999998,1347.00625110831));
#10535=IFCCARTESIANPOINT((655.600000000014,241.699999999998,1672.50624913798));
#10536=IFCCARTESIANPOINT((653.600000000014,243.699999999998,1671.6312470705));
#10537=IFCCARTESIANPOINT((653.600000000014,243.699999999998,1631.19375202811));
#10538=IFCCARTESIANPOINT((655.600000000014,241.699999999998,1631.8187454436));
#10539=IFCCARTESIANPOINT((653.600000000014,243.699999999998,1712.06874932396));
#10540=IFCCARTESIANPOINT((655.600000000014,241.699999999998,1713.19374495101));
#10541=IFCCARTESIANPOINT((655.600000000014,241.699999999998,1387.69374692135));
#10542=IFCCARTESIANPOINT((653.600000000014,243.699999999998,1388.5687529295));
#10543=IFCCARTESIANPOINT((653.600000000014,243.699999999998,1307.69374842258));
#10544=IFCCARTESIANPOINT((655.600000000014,241.699999999998,1306.31874741393));
#10545=IFCCARTESIANPOINT((654.954685672565,243.171335015753,1782.22370806504));
#10546=IFCCARTESIANPOINT((653.600000000014,243.699999999998,1803.05312218318));
#10547=IFCCARTESIANPOINT((655.032531563831,243.095655157502,1770.70997003952));
#10548=IFCCARTESIANPOINT((653.600000000014,243.699999999998,1752.50625157742));
#10549=IFCCARTESIANPOINT((653.600000000014,243.699999999998,1762.61562714078));
#10550=IFCCARTESIANPOINT((654.987267301778,243.140655903903,1757.56093511259));
#10551=IFCCARTESIANPOINT((655.004108447711,243.124246982479,1742.90246696652));
#10552=IFCCARTESIANPOINT((655.600000000014,241.699999999998,1764.05312259865));
#10553=IFCCARTESIANPOINT((655.038898946141,243.089089566165,1793.64173459094));
#10554=IFCCARTESIANPOINT((655.03293923932,243.095236587985,1248.58562736391));
#10555=IFCCARTESIANPOINT((653.600000000014,243.699999999998,1267.25625338019));
#10556=IFCCARTESIANPOINT((653.600000000014,243.699999999998,1257.14687781682));
#10557=IFCCARTESIANPOINT((654.983237246324,243.144525776999,1262.20156216493));
#10558=IFCCARTESIANPOINT((655.00045486841,243.127839683431,1276.78016407635));
#10559=IFCCARTESIANPOINT((655.600000000014,241.699999999998,1255.45937764764));
#10560=IFCCARTESIANPOINT((653.600000000014,243.699999999998,1429.00624797189));
#10561=IFCCARTESIANPOINT((654.986732085738,243.141171094082,1418.89687383174));
#10562=IFCCARTESIANPOINT((655.600000000014,241.699999999998,1550.44374593618));
#10563=IFCCARTESIANPOINT((653.600000000014,243.699999999998,1236.92812669009));
#10564=IFCCARTESIANPOINT((655.036095600004,243.091987581728,1458.89687352437));
#10565=IFCCARTESIANPOINT((655.030760613562,243.097470596011,1479.24062340585));
#10566=IFCCARTESIANPOINT((655.014213623951,243.114213500807,1519.99062330435));
#10567=IFCCARTESIANPOINT((655.008619440891,243.119785642545,1499.77187340845));
#10568=IFCCARTESIANPOINT((655.036095605727,243.091987575824,1601.30312271701));
#10569=IFCCARTESIANPOINT((655.003073336969,243.125266715783,1580.64687300152));
#10570=IFCCARTESIANPOINT((654.970854496288,243.156282235709,1358.24062415337));
#10571=IFCCARTESIANPOINT((654.965668826745,243.161146349853,1338.02187426105));
#10572=IFCCARTESIANPOINT((655.056551635113,243.070568252326,1682.6781223323));
#10573=IFCCARTESIANPOINT((654.981386969397,243.146295281335,1661.52187264491));
#10574=IFCCARTESIANPOINT((654.992128799956,243.135958705662,1621.08437281234));
#10575=IFCCARTESIANPOINT((655.046498963375,243.081173685309,1641.99062250873));
#10576=IFCCARTESIANPOINT((654.970854531606,243.156282202462,1701.95937252657));
#10577=IFCCARTESIANPOINT((655.066259330115,243.060177774001,1723.36562223443));
#10578=IFCCARTESIANPOINT((655.05655162033,243.070568268036,1377.52187400312));
#10579=IFCCARTESIANPOINT((655.051568761526,243.075844515415,1397.8656238829));
#10580=IFCCARTESIANPOINT((654.960537903892,243.165925172751,1317.8031243689));
#10581=IFCCARTESIANPOINT((654.955462495005,243.170619401704,1297.58437447689));
#10582=IFCCARTESIANPOINT((653.600000000014,243.699999999998,1782.83437105645));
#10583=IFCCARTESIANPOINT((655.600000000014,241.699999999998,1743.70937469213));
#10584=IFCCARTESIANPOINT((653.600000000014,243.699999999998,1742.39687601406));
#10585=IFCCARTESIANPOINT((655.600000000014,241.699999999998,1275.80312555416));
#10586=IFCCARTESIANPOINT((653.600000000014,243.699999999998,1277.36562894355));
#10587=IFCCARTESIANPOINT((655.041341470387,243.08655499919,1438.55312364345));
#10588=IFCCARTESIANPOINT((653.600000000014,243.699999999998,1418.89687240852));
#10589=IFCCARTESIANPOINT((655.600000000014,241.699999999998,1418.20937666247));
#10590=IFCCARTESIANPOINT((655.014213639186,243.114213485573,1540.2093732016));
#10591=IFCCARTESIANPOINT((655.025335776905,243.103003180007,1560.61562294024));
#10592=IFCCARTESIANPOINT((655.600000000014,241.699999999998,1458.89687247551));
#10593=IFCCARTESIANPOINT((653.600000000014,243.699999999998,1459.33437466198));
#10594=IFCCARTESIANPOINT((655.600000000014,241.699999999998,1479.24062038203));
#10595=IFCCARTESIANPOINT((653.600000000014,243.699999999998,1479.55312578871));
#10596=IFCCARTESIANPOINT((654.916947796314,243.205207129207,1469.0656911756));
#10597=IFCCARTESIANPOINT((653.600000000014,243.699999999998,1519.99062804217));
#10598=IFCCARTESIANPOINT((655.600000000014,241.699999999998,1519.9281240764));
#10599=IFCCARTESIANPOINT((653.600000000014,243.699999999998,1499.77187691544));
#10600=IFCCARTESIANPOINT((654.925142716278,243.197997590628,1489.49616130456));
#10601=IFCCARTESIANPOINT((655.600000000014,241.699999999998,1499.58437616989));
#10602=IFCCARTESIANPOINT((655.111354177538,243.009888754847,1509.87835132957));
#10603=IFCCARTESIANPOINT((655.600000000014,241.699999999998,1601.30312358382));
#10604=IFCCARTESIANPOINT((653.600000000014,243.699999999998,1600.86562533802));
#10605=IFCCARTESIANPOINT((653.600000000014,243.699999999998,1580.64687421129));
#10606=IFCCARTESIANPOINT((655.600000000014,241.699999999998,1580.9593756773));
#10607=IFCCARTESIANPOINT((655.093346609098,243.030381864403,1590.9626392375));
#10608=IFCCARTESIANPOINT((653.600000000014,243.699999999998,1358.2406262394));
#10609=IFCCARTESIANPOINT((655.600000000014,241.699999999998,1357.17812506157));
#10610=IFCCARTESIANPOINT((653.600000000014,243.699999999998,1338.02187511267));
#10611=IFCCARTESIANPOINT((655.600000000014,241.699999999998,1336.83437715505));
#10612=IFCCARTESIANPOINT((655.112025037866,243.009114313154,1348.12755367426));
#10613=IFCCARTESIANPOINT((655.600000000014,241.699999999998,1682.67812309124));
#10614=IFCCARTESIANPOINT((653.600000000014,243.699999999998,1681.74062263387));
#10615=IFCCARTESIANPOINT((653.600000000014,243.699999999998,1661.52187150714));
#10616=IFCCARTESIANPOINT((655.600000000014,241.699999999998,1662.33437518472));
#10617=IFCCARTESIANPOINT((655.071321943483,243.054699870326,1672.08083648372));
#10618=IFCCARTESIANPOINT((653.600000000014,243.699999999998,1621.08437646475));
#10619=IFCCARTESIANPOINT((655.600000000014,241.699999999998,1621.64687149034));
#10620=IFCCARTESIANPOINT((655.600000000014,241.699999999998,1641.99061939686));
#10621=IFCCARTESIANPOINT((653.600000000014,243.699999999998,1641.30312759148));
#10622=IFCCARTESIANPOINT((654.943045045347,243.181968287853,1631.55728871439));
#10623=IFCCARTESIANPOINT((653.600000000014,243.699999999998,1701.9593737606));
#10624=IFCCARTESIANPOINT((655.600000000014,241.699999999998,1703.02187099776));
#10625=IFCCARTESIANPOINT((655.600000000014,241.699999999998,1723.36561890427));
#10626=IFCCARTESIANPOINT((653.600000000014,243.699999999998,1722.17812488733));
#10627=IFCCARTESIANPOINT((654.966952380688,243.159945611646,1712.6859062579));
#10628=IFCCARTESIANPOINT((655.600000000014,241.699999999998,1377.52187296809));
#10629=IFCCARTESIANPOINT((653.600000000014,243.699999999998,1378.45937736613));
#10630=IFCCARTESIANPOINT((655.600000000014,241.699999999998,1397.86562087461));
#10631=IFCCARTESIANPOINT((655.076898064874,243.048618591748,1408.3996873334));
#10632=IFCCARTESIANPOINT((653.600000000014,243.699999999998,1398.67812849286));
#10633=IFCCARTESIANPOINT((654.916495651683,243.205602603323,1387.69029936019));
#10634=IFCCARTESIANPOINT((653.600000000014,243.699999999998,1317.80312398594));
#10635=IFCCARTESIANPOINT((655.600000000014,241.699999999998,1316.49062136719));
#10636=IFCCARTESIANPOINT((655.112595079847,243.008455625712,1327.90871557876));
#10637=IFCCARTESIANPOINT((653.600000000014,243.699999999998,1297.58437285921));
#10638=IFCCARTESIANPOINT((654.935803619463,243.188498804253,1287.1735638581));
#10639=IFCCARTESIANPOINT((655.600000000014,241.699999999998,1296.14687346068));
#10640=IFCCARTESIANPOINT((655.113271135434,243.007673686628,1307.68988027199));
#10641=IFCCARTESIANPOINT((655.600000000014,241.699999999998,1438.55312456899));
#10642=IFCCARTESIANPOINT((655.108057198087,243.013683176163,1448.72692659089));
#10643=IFCCARTESIANPOINT((653.600000000014,243.699999999998,1439.11562353525));
#10644=IFCCARTESIANPOINT((653.600000000014,243.699999999998,1540.20937195783));
#10645=IFCCARTESIANPOINT((654.909681391676,243.211533874027,1530.09999826374));
#10646=IFCCARTESIANPOINT((655.600000000014,241.699999999998,1540.27187198292));
#10647=IFCCARTESIANPOINT((655.600000000014,241.699999999998,1560.61561988944));
#10648=IFCCARTESIANPOINT((653.600000000014,243.699999999998,1560.42812308456));
#10649=IFCCARTESIANPOINT((654.919182050171,243.203249386675,1550.41791043874));
#10650=IFCCARTESIANPOINT((655.600000000014,237.699999999998,1855.6));
#10651=IFCCARTESIANPOINT((655.600000000014,237.699999999998,1204.6));
#10652=IFCCARTESIANPOINT((520.600000000014,217.699999999998,1212.6));
#10653=IFCCARTESIANPOINT((520.600000000014,237.699999999998,1212.6));
#10654=IFCCARTESIANPOINT((532.600000000014,238.699999999998,1224.6));
#10655=IFCCARTESIANPOINT((532.600000000014,217.699999999998,1224.6));
#10656=IFCCARTESIANPOINT((527.600000000014,243.699999999998,1219.6));
#10657=IFCCARTESIANPOINT((531.135533905947,242.235533905931,1223.13553390593));
#10658=IFCCARTESIANPOINT((571.638443961349,238.699999999998,1224.6));
#10659=IFCCARTESIANPOINT((584.100000577053,243.699999999998,1219.6));
#10660=IFCCARTESIANPOINT((596.561556760779,238.699999999998,1224.6));
#10661=IFCCARTESIANPOINT((584.099997594441,242.094798205236,1223.27087798023));
#10662=IFCCARTESIANPOINT((601.561556295553,243.699999999998,1219.6));
#10663=IFCCARTESIANPOINT((566.638444858554,243.699999999998,1219.6));
#10664=IFCCARTESIANPOINT((610.697978620053,241.693385868691,1223.60495206477));
#10665=IFCCARTESIANPOINT((557.502018213756,241.693385813362,1223.60495210612));
#10666=IFCCARTESIANPOINT((512.600000000014,241.699999999998,1204.6));
#10667=IFCCARTESIANPOINT((513.185786437641,243.114213562371,1205.18578643763));
#10668=IFCCARTESIANPOINT((514.600000000014,243.699999999998,1206.6));
#10669=IFCCARTESIANPOINT((563.98015894563,243.699999999998,1206.6));
#10670=IFCCARTESIANPOINT((584.100000507223,241.699999999998,1204.6));
#10671=IFCCARTESIANPOINT((606.219841833787,241.699999999998,1204.6));
#10672=IFCCARTESIANPOINT((548.350000253619,241.699999999998,1204.6));
#10673=IFCCARTESIANPOINT((608.790078872211,243.699999999998,1206.6));
#10674=IFCCARTESIANPOINT((586.38511830831,243.699999999998,1206.6));
#10675=IFCCARTESIANPOINT((539.290080073433,243.699999999998,1206.6));
#10676=IFCCARTESIANPOINT((630.909920409692,241.699999999998,1204.6));
#10677=IFCCARTESIANPOINT((631.195039436113,243.699999999998,1206.6));
#10678=IFCCARTESIANPOINT((619.992559154162,243.699999999998,1206.6));
#10679=IFCCARTESIANPOINT((537.290079590337,241.699999999998,1204.6));
#10680=IFCCARTESIANPOINT((526.945040036724,243.699999999998,1206.6));
#10681=IFCCARTESIANPOINT((643.254960712062,241.699999999998,1204.6));
#10682=IFCCARTESIANPOINT((618.564881121739,241.699999999998,1204.6));
#10683=IFCCARTESIANPOINT((524.945040302385,241.699999999998,1204.6));
#10684=IFCCARTESIANPOINT((641.254959963305,243.699999999998,1206.6));
#10685=IFCCARTESIANPOINT((636.224999556964,243.107641960747,1205.17924523216));
#10686=IFCCARTESIANPOINT((542.820039414385,243.073367787469,1205.14608771917));
#10687=IFCCARTESIANPOINT((566.224999873212,241.699999999998,1204.6));
#10688=IFCCARTESIANPOINT((575.182638026359,243.699999999998,1206.6));
#10689=IFCCARTESIANPOINT((556.461438904341,243.093471178011,1205.16534391715));
#10690=IFCCARTESIANPOINT((614.391318658601,243.144891382796,1205.2171446598));
#10691=IFCCARTESIANPOINT((569.581398070084,243.158197937345,1205.23118343979));
#10692=IFCCARTESIANPOINT((601.735066271629,243.178582909589,1205.25322883181));
#10693=IFCCARTESIANPOINT((551.635118908921,243.699999999998,1206.6));
#10694=IFCCARTESIANPOINT((625.277354201292,242.940489781938,1205.03118353499));
#10695=IFCCARTESIANPOINT((595.159921170505,241.699999999998,1204.6));
#10696=IFCCARTESIANPOINT((589.629959399743,243.06894722944,1205.14192473342));
#10697=IFCCARTESIANPOINT((597.587598590261,243.699999999998,1206.6));
#10698=IFCCARTESIANPOINT((524.499901664557,243.127004307935,1205.19869392882));
#10699=IFCCARTESIANPOINT((512.600000000014,237.699999999998,1204.6));
#10700=IFCCARTESIANPOINT((520.600000000014,217.699999999998,1847.6));
#10701=IFCCARTESIANPOINT((520.600000000014,237.699999999998,1847.6));
#10702=IFCCARTESIANPOINT((532.600000000014,238.699999999998,1835.6));
#10703=IFCCARTESIANPOINT((532.600000000014,217.699999999998,1835.6));
#10704=IFCCARTESIANPOINT((527.600000000014,243.699999999998,1840.6));
#10705=IFCCARTESIANPOINT((531.135533905947,242.235533905931,1837.06446609407));
#10706=IFCCARTESIANPOINT((527.600000000014,243.699999999998,1531.90755036829));
#10707=IFCCARTESIANPOINT((527.600000000014,243.699999999998,1375.75378268501));
#10708=IFCCARTESIANPOINT((527.600000000014,243.699999999998,1684.44623231672));
#10709=IFCCARTESIANPOINT((532.600000000014,238.699999999998,1530.1));
#10710=IFCCARTESIANPOINT((532.600000000014,238.699999999998,1377.35));
#10711=IFCCARTESIANPOINT((532.600000000014,238.699999999998,1682.85));
#10712=IFCCARTESIANPOINT((527.600000000014,243.699999999998,1762.52311615836));
#10713=IFCCARTESIANPOINT((532.600000000014,238.699999999998,1759.22499819546));
#10714=IFCCARTESIANPOINT((532.600000000014,238.699999999998,1796.56155858434));
#10715=IFCCARTESIANPOINT((527.600000000014,243.699999999998,1297.67688384164));
#10716=IFCCARTESIANPOINT((532.600000000014,238.699999999998,1300.97500180454));
#10717=IFCCARTESIANPOINT((532.600000000014,238.699999999998,1339.16250090227));
#10718=IFCCARTESIANPOINT((527.600000000014,243.699999999998,1258.63843441996));
#10719=IFCCARTESIANPOINT((532.600000000014,238.699999999998,1453.72499819546));
#10720=IFCCARTESIANPOINT((527.600000000014,243.699999999998,1453.83066652665));
#10721=IFCCARTESIANPOINT((527.600000000014,243.699999999998,1414.79223210669));
#10722=IFCCARTESIANPOINT((527.600000000014,243.699999999998,1608.1768913425));
#10723=IFCCARTESIANPOINT((532.600000000014,238.699999999998,1606.47500180454));
#10724=IFCCARTESIANPOINT((532.600000000014,238.699999999998,1644.66250090227));
#10725=IFCCARTESIANPOINT((527.600000000014,243.699999999998,1801.56155057832));
#10726=IFCCARTESIANPOINT((532.600000000014,238.699999999998,1262.78749909773));
#10727=IFCCARTESIANPOINT((527.600000000014,243.699999999998,1336.71533326333));
#10728=IFCCARTESIANPOINT((527.600000000014,243.699999999998,1646.31156182961));
#10729=IFCCARTESIANPOINT((531.081634426137,242.288623931652,1627.24422416829));
#10730=IFCCARTESIANPOINT((531.171353763645,242.199347409873,1657.76460584313));
#10731=IFCCARTESIANPOINT((531.1061820867,242.264644046042,1597.66727911693));
#10732=IFCCARTESIANPOINT((532.600000000014,238.699999999998,1568.28749909773));
#10733=IFCCARTESIANPOINT((527.600000000014,243.699999999998,1570.0422208554));
#10734=IFCCARTESIANPOINT((531.233928920073,242.134320981496,1777.89327922382));
#10735=IFCCARTESIANPOINT((527.600000000014,243.699999999998,1723.4846817384));
#10736=IFCCARTESIANPOINT((531.049910579505,242.319132077377,1746.44622481338));
#10737=IFCCARTESIANPOINT((532.600000000014,238.699999999998,1721.03749909773));
#10738=IFCCARTESIANPOINT((531.206078150656,242.163553142577,1807.07686746465));
#10739=IFCCARTESIANPOINT((531.187083483173,242.183221509585,1358.25625488157));
#10740=IFCCARTESIANPOINT((531.100765138441,242.269964067825,1388.74125906469));
#10741=IFCCARTESIANPOINT((532.600000000014,238.699999999998,1415.53749909773));
#10742=IFCCARTESIANPOINT((531.131934566133,242.239129585172,1434.63125414424));
#10743=IFCCARTESIANPOINT((531.174893785092,242.195730885722,1328.8432130467));
#10744=IFCCARTESIANPOINT((531.137565451537,242.233501192327,1464.59342877158));
#10745=IFCCARTESIANPOINT((527.600000000014,243.699999999998,1492.86910094661));
#10746=IFCCARTESIANPOINT((532.600000000014,238.699999999998,1491.91250090227));
#10747=IFCCARTESIANPOINT((531.16705850345,242.20372567891,1511.00625338375));
#10748=IFCCARTESIANPOINT((531.166082130904,242.204719423254,1540.54910697231));
#10749=IFCCARTESIANPOINT((531.187083521755,242.183221469852,1701.94375147661));
#10750=IFCCARTESIANPOINT((531.236352030238,242.131755223246,1281.88125525031));
#10751=IFCCARTESIANPOINT((531.193794771048,242.176296757137,1252.75011968614));
#10752=IFCCARTESIANPOINT((531.137228178495,242.233838821076,1569.70796940423));
#10753=IFCCARTESIANPOINT((512.600000000014,241.699999999998,1855.6));
#10754=IFCCARTESIANPOINT((513.185786437641,243.114213562371,1855.01421356237));
#10755=IFCCARTESIANPOINT((514.600000000014,243.699999999998,1853.6));
#10756=IFCCARTESIANPOINT((512.600000000014,241.699999999998,1530.10000197034));
#10757=IFCCARTESIANPOINT((512.600000000014,241.699999999998,1367.3500029555));
#10758=IFCCARTESIANPOINT((512.600000000014,241.699999999998,1692.85000098517));
#10759=IFCCARTESIANPOINT((514.600000000014,243.699999999998,1530.09999819723));
#10760=IFCCARTESIANPOINT((514.600000000014,243.699999999998,1368.34999729585));
#10761=IFCCARTESIANPOINT((514.600000000014,243.699999999998,1691.84999909862));
#10762=IFCCARTESIANPOINT((514.600000000014,243.699999999998,1772.72499954931));
#10763=IFCCARTESIANPOINT((512.600000000014,241.699999999998,1774.22500049258));
#10764=IFCCARTESIANPOINT((512.600000000014,241.699999999998,1733.53750073888));
#10765=IFCCARTESIANPOINT((514.600000000014,243.699999999998,1732.28749932396));
#10766=IFCCARTESIANPOINT((514.600000000014,243.699999999998,1287.47499684516));
#10767=IFCCARTESIANPOINT((512.600000000014,241.699999999998,1285.97500344809));
#10768=IFCCARTESIANPOINT((512.600000000014,241.699999999998,1253.98015992262));
#10769=IFCCARTESIANPOINT((514.600000000014,243.699999999998,1247.03750022535));
#10770=IFCCARTESIANPOINT((514.600000000014,243.699999999998,1610.97499864793));
#10771=IFCCARTESIANPOINT((512.600000000014,241.699999999998,1611.47500147775));
#10772=IFCCARTESIANPOINT((512.600000000014,241.699999999998,1570.78750172404));
#10773=IFCCARTESIANPOINT((514.600000000014,243.699999999998,1570.53749842258));
#10774=IFCCARTESIANPOINT((514.600000000014,243.699999999998,1449.22499774654));
#10775=IFCCARTESIANPOINT((512.600000000014,241.699999999998,1448.72500246292));
#10776=IFCCARTESIANPOINT((512.600000000014,241.699999999998,1408.03750270921));
#10777=IFCCARTESIANPOINT((514.600000000014,243.699999999998,1408.7874975212));
#10778=IFCCARTESIANPOINT((514.600000000014,243.699999999998,1813.16249977465));
#10779=IFCCARTESIANPOINT((512.600000000014,241.699999999998,1814.91250024629));
#10780=IFCCARTESIANPOINT((512.600000000014,241.699999999998,1794.5687483991));
#10781=IFCCARTESIANPOINT((512.600000000014,241.699999999998,1229.29007996131));
#10782=IFCCARTESIANPOINT((514.600000000014,243.699999999998,1226.81875191544));
#10783=IFCCARTESIANPOINT((512.600000000014,241.699999999998,1830.90992003869));
#10784=IFCCARTESIANPOINT((514.600000000014,243.699999999998,1833.38125169009));
#10785=IFCCARTESIANPOINT((514.600000000014,243.699999999998,1327.91249707051));
#10786=IFCCARTESIANPOINT((512.600000000014,241.699999999998,1326.6625032018));
#10787=IFCCARTESIANPOINT((512.600000000014,241.699999999998,1306.31875135461));
#10788=IFCCARTESIANPOINT((514.600000000014,243.699999999998,1651.41249887327));
#10789=IFCCARTESIANPOINT((512.600000000014,241.699999999998,1652.16250123146));
#10790=IFCCARTESIANPOINT((512.600000000014,241.699999999998,1631.81874938427));
#10791=IFCCARTESIANPOINT((512.600000000014,241.699999999998,1489.41250221663));
#10792=IFCCARTESIANPOINT((514.600000000014,243.699999999998,1489.66249797189));
#10793=IFCCARTESIANPOINT((514.600000000014,243.699999999998,1509.88124988733));
#10794=IFCCARTESIANPOINT((512.600000000014,241.699999999998,1216.94503998065));
#10795=IFCCARTESIANPOINT((512.600000000014,241.699999999998,1843.25496001934));
#10796=IFCCARTESIANPOINT((514.600000000014,243.699999999998,1218.94504188293));
#10797=IFCCARTESIANPOINT((513.142579145664,243.069643914782,1222.88189511602));
#10798=IFCCARTESIANPOINT((514.600000000014,243.699999999998,1236.92812607039));
#10799=IFCCARTESIANPOINT((512.600000000014,241.699999999998,1241.63511994196));
#10800=IFCCARTESIANPOINT((513.243425708361,243.169593886493,1241.9828135321));
#10801=IFCCARTESIANPOINT((514.600000000014,243.699999999998,1841.2549617226));
#10802=IFCCARTESIANPOINT((513.142579104177,243.069643870636,1837.31810534916));
#10803=IFCCARTESIANPOINT((513.267418003575,243.191383660484,1823.04309149426));
#10804=IFCCARTESIANPOINT((514.600000000014,243.699999999998,1267.25624853525));
#10805=IFCCARTESIANPOINT((513.308796177156,243.227348253618,1254.33873050595));
#10806=IFCCARTESIANPOINT((512.600000000014,241.699999999998,1269.97757971502));
#10807=IFCCARTESIANPOINT((512.600000000014,241.699999999998,1591.13125357123));
#10808=IFCCARTESIANPOINT((514.600000000014,243.699999999998,1590.75625033802));
#10809=IFCCARTESIANPOINT((514.600000000014,243.699999999998,1550.31874650714));
#10810=IFCCARTESIANPOINT((512.600000000014,241.699999999998,1550.44374987685));
#10811=IFCCARTESIANPOINT((512.600000000014,241.699999999998,1469.06875036944));
#10812=IFCCARTESIANPOINT((514.600000000014,243.699999999998,1469.44374605645));
#10813=IFCCARTESIANPOINT((514.600000000014,243.699999999998,1712.06874740852));
#10814=IFCCARTESIANPOINT((512.600000000014,241.699999999998,1713.19374889169));
#10815=IFCCARTESIANPOINT((512.600000000014,241.699999999998,1387.69375086202));
#10816=IFCCARTESIANPOINT((514.600000000014,243.699999999998,1388.56874560576));
#10817=IFCCARTESIANPOINT((514.600000000014,243.699999999998,1429.00624943664));
#10818=IFCCARTESIANPOINT((512.600000000014,241.699999999998,1428.3812545564));
#10819=IFCCARTESIANPOINT((514.600000000014,243.699999999998,1348.13124898594));
#10820=IFCCARTESIANPOINT((512.600000000014,241.699999999998,1347.00625504899));
#10821=IFCCARTESIANPOINT((512.600000000014,241.699999999998,1672.50625307865));
#10822=IFCCARTESIANPOINT((514.600000000014,243.699999999998,1671.63125078871));
#10823=IFCCARTESIANPOINT((514.600000000014,243.699999999998,1752.5062512394));
#10824=IFCCARTESIANPOINT((512.600000000014,241.699999999998,1753.88125258606));
#10825=IFCCARTESIANPOINT((513.245314327464,243.171335015753,1277.97629193496));
#10826=IFCCARTESIANPOINT((514.600000000014,243.699999999998,1257.1468743803));
#10827=IFCCARTESIANPOINT((513.167468436198,243.095655157502,1289.49002996048));
#10828=IFCCARTESIANPOINT((514.600000000014,243.699999999998,1307.69374515507));
#10829=IFCCARTESIANPOINT((514.600000000014,243.699999999998,1297.58437100011));
#10830=IFCCARTESIANPOINT((513.212732698251,243.140655903903,1302.63906488741));
#10831=IFCCARTESIANPOINT((513.195891552317,243.124246982479,1317.29753303348));
#10832=IFCCARTESIANPOINT((512.600000000014,241.699999999998,1296.14687740135));
#10833=IFCCARTESIANPOINT((513.161101053887,243.089089566165,1266.55826540906));
#10834=IFCCARTESIANPOINT((513.167060760709,243.095236587985,1811.61437263609));
#10835=IFCCARTESIANPOINT((514.600000000014,243.699999999998,1792.94374785921));
#10836=IFCCARTESIANPOINT((514.600000000014,243.699999999998,1803.0531256197));
#10837=IFCCARTESIANPOINT((513.216762753704,243.144525776999,1797.99843783507));
#10838=IFCCARTESIANPOINT((513.199545131618,243.12783968343,1783.41983592365));
#10839=IFCCARTESIANPOINT((512.600000000014,241.699999999998,1804.74062235236));
#10840=IFCCARTESIANPOINT((514.600000000014,243.699999999998,1631.19374695783));
#10841=IFCCARTESIANPOINT((513.21326791429,243.141171094082,1641.30312616826));
#10842=IFCCARTESIANPOINT((512.600000000014,241.699999999998,1509.75625406382));
#10843=IFCCARTESIANPOINT((514.600000000014,243.699999999998,1823.27187392961));
#10844=IFCCARTESIANPOINT((513.163904400025,243.091987581728,1601.30312647563));
#10845=IFCCARTESIANPOINT((513.169239386466,243.09747059601,1580.95937659415));
#10846=IFCCARTESIANPOINT((513.185786376077,243.114213500807,1540.20937669565));
#10847=IFCCARTESIANPOINT((513.191380559137,243.119785642545,1560.42812659155));
#10848=IFCCARTESIANPOINT((513.163904394302,243.091987575824,1458.89687728299));
#10849=IFCCARTESIANPOINT((513.196926663059,243.125266715783,1479.55312699848));
#10850=IFCCARTESIANPOINT((513.229145503741,243.156282235708,1701.95937584663));
#10851=IFCCARTESIANPOINT((513.234331173283,243.161146349853,1722.17812573895));
#10852=IFCCARTESIANPOINT((513.143448364915,243.070568252326,1377.5218776677));
#10853=IFCCARTESIANPOINT((513.218613030631,243.146295281335,1398.67812735509));
#10854=IFCCARTESIANPOINT((513.207871200072,243.135958705661,1439.11562718766));
#10855=IFCCARTESIANPOINT((513.153501036653,243.081173685309,1418.20937749126));
#10856=IFCCARTESIANPOINT((513.229145468422,243.156282202462,1358.24062747343));
#10857=IFCCARTESIANPOINT((513.133740669913,243.060177774001,1336.83437776557));
#10858=IFCCARTESIANPOINT((513.143448379698,243.070568268036,1682.67812599688));
#10859=IFCCARTESIANPOINT((513.148431238503,243.075844515415,1662.3343761171));
#10860=IFCCARTESIANPOINT((513.239462096136,243.165925172751,1742.3968756311));
#10861=IFCCARTESIANPOINT((513.244537505023,243.170619401703,1762.61562552311));
#10862=IFCCARTESIANPOINT((514.600000000014,243.699999999998,1277.36562269021));
#10863=IFCCARTESIANPOINT((512.600000000014,241.699999999998,1316.49062530787));
#10864=IFCCARTESIANPOINT((514.600000000014,243.699999999998,1317.80312291555));
#10865=IFCCARTESIANPOINT((512.600000000014,241.699999999998,1784.39687444584));
#10866=IFCCARTESIANPOINT((514.600000000014,243.699999999998,1782.83437370426));
#10867=IFCCARTESIANPOINT((513.158658529642,243.08655499919,1621.64687635655));
#10868=IFCCARTESIANPOINT((514.600000000014,243.699999999998,1641.30312471832));
#10869=IFCCARTESIANPOINT((512.600000000014,241.699999999998,1641.99062333753));
#10870=IFCCARTESIANPOINT((513.185786360843,243.114213485572,1519.9906267984));
#10871=IFCCARTESIANPOINT((513.174664223124,243.103003180007,1499.58437705976));
#10872=IFCCARTESIANPOINT((512.600000000014,241.699999999998,1601.30312752449));
#10873=IFCCARTESIANPOINT((514.600000000014,243.699999999998,1600.86562449297));
#10874=IFCCARTESIANPOINT((512.600000000014,241.699999999998,1580.95937961797));
#10875=IFCCARTESIANPOINT((514.600000000014,243.699999999998,1580.64687257753));
#10876=IFCCARTESIANPOINT((513.283052203714,243.205207129206,1591.1343088244));
#10877=IFCCARTESIANPOINT((514.600000000014,243.699999999998,1540.20937235219));
#10878=IFCCARTESIANPOINT((512.600000000014,241.699999999998,1540.27187592359));
#10879=IFCCARTESIANPOINT((514.600000000014,243.699999999998,1560.42812426763));
#10880=IFCCARTESIANPOINT((513.27485728375,243.197997590628,1570.70383869544));
#10881=IFCCARTESIANPOINT((512.600000000014,241.699999999998,1560.61562383011));
#10882=IFCCARTESIANPOINT((513.08864582249,243.009888754847,1550.32164867043));
#10883=IFCCARTESIANPOINT((512.600000000014,241.699999999998,1458.89687641618));
#10884=IFCCARTESIANPOINT((514.600000000014,243.699999999998,1459.3343719015));
#10885=IFCCARTESIANPOINT((514.600000000014,243.699999999998,1479.55312381693));
#10886=IFCCARTESIANPOINT((512.600000000014,241.699999999998,1479.2406243227));
#10887=IFCCARTESIANPOINT((513.10665339093,243.030381864403,1469.2373607625));
#10888=IFCCARTESIANPOINT((514.600000000014,243.699999999998,1701.95937325357));
#10889=IFCCARTESIANPOINT((512.600000000014,241.699999999998,1703.02187493843));
#10890=IFCCARTESIANPOINT((514.600000000014,243.699999999998,1722.17812516901));
#10891=IFCCARTESIANPOINT((512.600000000014,241.699999999998,1723.36562284494));
#10892=IFCCARTESIANPOINT((513.087974962162,243.009114313153,1712.07244632574));
#10893=IFCCARTESIANPOINT((512.600000000014,241.699999999998,1377.52187690876));
#10894=IFCCARTESIANPOINT((514.600000000014,243.699999999998,1378.4593714508));
#10895=IFCCARTESIANPOINT((514.600000000014,243.699999999998,1398.67812336624));
#10896=IFCCARTESIANPOINT((512.600000000014,241.699999999998,1397.86562481528));
#10897=IFCCARTESIANPOINT((513.128678056545,243.054699870326,1388.11916351628));
#10898=IFCCARTESIANPOINT((514.600000000014,243.699999999998,1439.11562359159));
#10899=IFCCARTESIANPOINT((512.600000000014,241.699999999998,1438.55312850966));
#10900=IFCCARTESIANPOINT((512.600000000014,241.699999999998,1418.20938060314));
#10901=IFCCARTESIANPOINT((514.600000000014,243.699999999998,1418.89687167615));
#10902=IFCCARTESIANPOINT((513.256954954681,243.181968287852,1428.64271128561));
#10903=IFCCARTESIANPOINT((514.600000000014,243.699999999998,1358.2406231409));
#10904=IFCCARTESIANPOINT((512.600000000014,241.699999999998,1357.17812900224));
#10905=IFCCARTESIANPOINT((512.600000000014,241.699999999998,1336.83438109573));
#10906=IFCCARTESIANPOINT((514.600000000014,243.699999999998,1338.02187122546));
#10907=IFCCARTESIANPOINT((513.23304761934,243.159945611646,1347.5140937421));
#10908=IFCCARTESIANPOINT((512.600000000014,241.699999999998,1682.67812703191));
#10909=IFCCARTESIANPOINT((514.600000000014,243.699999999998,1681.74062494366));
#10910=IFCCARTESIANPOINT((512.600000000014,241.699999999998,1662.33437912539));
#10911=IFCCARTESIANPOINT((513.123101935155,243.048618591748,1651.8003126666));
#10912=IFCCARTESIANPOINT((514.600000000014,243.699999999998,1661.52187302822));
#10913=IFCCARTESIANPOINT((513.283504348346,243.205602603322,1672.50970063981));
#10914=IFCCARTESIANPOINT((514.600000000014,243.699999999998,1742.39687347892));
#10915=IFCCARTESIANPOINT((512.600000000014,241.699999999998,1743.70937863281));
#10916=IFCCARTESIANPOINT((513.087404920181,243.008455625712,1732.29128442124));
#10917=IFCCARTESIANPOINT((514.600000000014,243.699999999998,1762.61562539435));
#10918=IFCCARTESIANPOINT((513.264196380566,243.188498804253,1773.02643614189));
#10919=IFCCARTESIANPOINT((512.600000000014,241.699999999998,1764.05312653932));
#10920=IFCCARTESIANPOINT((513.086728864595,243.007673686628,1752.51011972801));
#10921=IFCCARTESIANPOINT((512.600000000014,241.699999999998,1621.64687543101));
#10922=IFCCARTESIANPOINT((513.091942801941,243.013683176163,1611.4730734091));
#10923=IFCCARTESIANPOINT((514.600000000014,243.699999999998,1621.08437280288));
#10924=IFCCARTESIANPOINT((514.600000000014,243.699999999998,1519.99062404228));
#10925=IFCCARTESIANPOINT((513.290318608353,243.211533874026,1530.10000173626));
#10926=IFCCARTESIANPOINT((512.600000000014,241.699999999998,1519.92812801708));
#10927=IFCCARTESIANPOINT((512.600000000014,241.699999999998,1499.58438011056));
#10928=IFCCARTESIANPOINT((514.600000000014,243.699999999998,1499.77187212684));
#10929=IFCCARTESIANPOINT((513.280817949858,243.203249386675,1509.78208956126));
#10930=IFCCARTESIANPOINT((512.600000000014,237.699999999998,1855.6));
#10931=IFCCARTESIANPOINT((596.561556038679,238.699999999998,1835.6));
#10932=IFCCARTESIANPOINT((584.100000577053,243.699999999998,1840.6));
#10933=IFCCARTESIANPOINT((571.638443961349,238.699999999998,1835.6));
#10934=IFCCARTESIANPOINT((584.100002405587,242.094798205236,1836.92912201977));
#10935=IFCCARTESIANPOINT((566.638444858554,243.699999999998,1840.6));
#10936=IFCCARTESIANPOINT((601.561556295553,243.699999999998,1840.6));
#10937=IFCCARTESIANPOINT((557.502021379976,241.693385868691,1836.59504793523));
#10938=IFCCARTESIANPOINT((610.697981786273,241.693385813362,1836.59504789387));
#10939=IFCCARTESIANPOINT((604.219841054398,243.699999999998,1853.6));
#10940=IFCCARTESIANPOINT((584.100000507223,241.699999999998,1855.6));
#10941=IFCCARTESIANPOINT((561.980159735386,241.699999999998,1855.6));
#10942=IFCCARTESIANPOINT((619.850000253619,241.699999999998,1855.6));
#10943=IFCCARTESIANPOINT((559.409921127817,243.699999999998,1853.6));
#10944=IFCCARTESIANPOINT((581.814881691718,243.699999999998,1853.6));
#10945=IFCCARTESIANPOINT((628.909919926595,243.699999999998,1853.6));
#10946=IFCCARTESIANPOINT((537.2900798677,241.699999999998,1855.6));
#10947=IFCCARTESIANPOINT((537.004960563916,243.699999999998,1853.6));
#10948=IFCCARTESIANPOINT((548.207440845866,243.699999999998,1853.6));
#10949=IFCCARTESIANPOINT((630.909921146746,241.699999999998,1855.6));
#10950=IFCCARTESIANPOINT((641.254959963305,243.699999999998,1853.6));
#10951=IFCCARTESIANPOINT((524.945040441066,241.699999999998,1855.6));
#10952=IFCCARTESIANPOINT((549.635119294334,241.699999999998,1855.6));
#10953=IFCCARTESIANPOINT((643.25496057338,241.699999999998,1855.6));
#10954=IFCCARTESIANPOINT((526.945040036724,243.699999999998,1853.6));
#10955=IFCCARTESIANPOINT((531.975000443064,243.107641960747,1855.02075476784));
#10956=IFCCARTESIANPOINT((625.379960585644,243.073367787469,1855.05391228083));
#10957=IFCCARTESIANPOINT((601.974999873212,241.699999999998,1855.6));
#10958=IFCCARTESIANPOINT((593.017361973669,243.699999999998,1853.6));
#10959=IFCCARTESIANPOINT((611.738561095687,243.093471178011,1855.03465608285));
#10960=IFCCARTESIANPOINT((553.808681341428,243.144891382796,1854.9828553402));
#10961=IFCCARTESIANPOINT((598.618601929945,243.158197937345,1854.96881656021));
#10962=IFCCARTESIANPOINT((566.464933728399,243.178582909589,1854.94677116819));
#10963=IFCCARTESIANPOINT((616.564881091108,243.699999999998,1853.6));
#10964=IFCCARTESIANPOINT((542.922645798737,242.940489781938,1855.16881646501));
#10965=IFCCARTESIANPOINT((573.040080628514,241.699999999998,1855.6));
#10966=IFCCARTESIANPOINT((578.570040600285,243.06894722944,1855.05807526658));
#10967=IFCCARTESIANPOINT((570.612401409768,243.699999999998,1853.6));
#10968=IFCCARTESIANPOINT((643.700098335472,243.127004307935,1855.00130607118));
#10969=IFCPOLYLOOP((#10413,#10414,#10411,#10412));
#10970=IFCFACEOUTERBOUND(#10969,.T.);
#10971=IFCFACE((#10970));
#10972=IFCPOLYLOOP((#10417,#10418,#10415,#10443,#10433,#10434,#10427,#10458,#10436,#10463,#10426,#10449,#10440,#10441,#10428,#10454,#10430,#10431,#10416));
#10973=IFCFACEOUTERBOUND(#10972,.T.);
#10974=IFCFACE((#10973));
#10975=IFCPOLYLOOP((#10429,#10442,#10451));
#10976=IFCFACEOUTERBOUND(#10975,.T.);
#10977=IFCFACE((#10976));
#10978=IFCPOLYLOOP((#10456,#10460,#10444));
#10979=IFCFACEOUTERBOUND(#10978,.T.);
#10980=IFCFACE((#10979));
#10981=IFCPOLYLOOP((#10468,#10467,#10443));
#10982=IFCFACEOUTERBOUND(#10981,.T.);
#10983=IFCFACE((#10982));
#10984=IFCPOLYLOOP((#10451,#10453,#10429));
#10985=IFCFACEOUTERBOUND(#10984,.T.);
#10986=IFCFACE((#10985));
#10987=IFCPOLYLOOP((#10433,#10443,#10467));
#10988=IFCFACEOUTERBOUND(#10987,.T.);
#10989=IFCFACE((#10988));
#10990=IFCPOLYLOOP((#10447,#10446,#10445));
#10991=IFCFACEOUTERBOUND(#10990,.T.);
#10992=IFCFACE((#10991));
#10993=IFCPOLYLOOP((#10456,#10427,#10434));
#10994=IFCFACEOUTERBOUND(#10993,.T.);
#10995=IFCFACE((#10994));
#10996=IFCPOLYLOOP((#10459,#10438,#10437));
#10997=IFCFACEOUTERBOUND(#10996,.T.);
#10998=IFCFACE((#10997));
#10999=IFCPOLYLOOP((#10469,#10450,#10448));
#11000=IFCFACEOUTERBOUND(#10999,.T.);
#11001=IFCFACE((#11000));
#11002=IFCPOLYLOOP((#10461,#10464,#10463));
#11003=IFCFACEOUTERBOUND(#11002,.T.);
#11004=IFCFACE((#11003));
#11005=IFCPOLYLOOP((#10452,#10453,#10466));
#11006=IFCFACEOUTERBOUND(#11005,.T.);
#11007=IFCFACE((#11006));
#11008=IFCPOLYLOOP((#10421,#10416,#10455));
#11009=IFCFACEOUTERBOUND(#11008,.T.);
#11010=IFCFACE((#11009));
#11011=IFCPOLYLOOP((#10455,#10451,#10442));
#11012=IFCFACEOUTERBOUND(#11011,.T.);
#11013=IFCFACE((#11012));
#11014=IFCPOLYLOOP((#10435,#10467,#10468));
#11015=IFCFACEOUTERBOUND(#11014,.T.);
#11016=IFCFACE((#11015));
#11017=IFCPOLYLOOP((#10461,#10459,#10437));
#11018=IFCFACEOUTERBOUND(#11017,.T.);
#11019=IFCFACE((#11018));
#11020=IFCPOLYLOOP((#10456,#10434,#10460));
#11021=IFCFACEOUTERBOUND(#11020,.T.);
#11022=IFCFACE((#11021));
#11023=IFCPOLYLOOP((#10468,#10443,#10415));
#11024=IFCFACEOUTERBOUND(#11023,.T.);
#11025=IFCFACE((#11024));
#11026=IFCPOLYLOOP((#10468,#10422,#10419));
#11027=IFCFACEOUTERBOUND(#11026,.T.);
#11028=IFCFACE((#11027));
#11029=IFCPOLYLOOP((#10456,#10424,#10457));
#11030=IFCFACEOUTERBOUND(#11029,.T.);
#11031=IFCFACE((#11030));
#11032=IFCPOLYLOOP((#10458,#10457,#10459));
#11033=IFCFACEOUTERBOUND(#11032,.T.);
#11034=IFCFACE((#11033));
#11035=IFCPOLYLOOP((#10447,#10445,#10425));
#11036=IFCFACEOUTERBOUND(#11035,.T.);
#11037=IFCFACE((#11036));
#11038=IFCPOLYLOOP((#10448,#10446,#10440));
#11039=IFCFACEOUTERBOUND(#11038,.T.);
#11040=IFCFACE((#11039));
#11041=IFCPOLYLOOP((#10446,#10441,#10440));
#11042=IFCFACEOUTERBOUND(#11041,.T.);
#11043=IFCFACE((#11042));
#11044=IFCPOLYLOOP((#10455,#10442,#10420));
#11045=IFCFACEOUTERBOUND(#11044,.T.);
#11046=IFCFACE((#11045));
#11047=IFCPOLYLOOP((#10431,#10430,#10451));
#11048=IFCFACEOUTERBOUND(#11047,.T.);
#11049=IFCFACE((#11048));
#11050=IFCPOLYLOOP((#10448,#10439,#10446));
#11051=IFCFACEOUTERBOUND(#11050,.T.);
#11052=IFCFACE((#11051));
#11053=IFCPOLYLOOP((#10467,#10432,#10460));
#11054=IFCFACEOUTERBOUND(#11053,.T.);
#11055=IFCFACE((#11054));
#11056=IFCPOLYLOOP((#10445,#10446,#10439));
#11057=IFCFACEOUTERBOUND(#11056,.T.);
#11058=IFCFACE((#11057));
#11059=IFCPOLYLOOP((#10441,#10446,#10447));
#11060=IFCFACEOUTERBOUND(#11059,.T.);
#11061=IFCFACE((#11060));
#11062=IFCPOLYLOOP((#10447,#10428,#10441));
#11063=IFCFACEOUTERBOUND(#11062,.T.);
#11064=IFCFACE((#11063));
#11065=IFCPOLYLOOP((#10466,#10428,#10447));
#11066=IFCFACEOUTERBOUND(#11065,.T.);
#11067=IFCFACE((#11066));
#11068=IFCPOLYLOOP((#10465,#10423,#10450));
#11069=IFCFACEOUTERBOUND(#11068,.T.);
#11070=IFCFACE((#11069));
#11071=IFCPOLYLOOP((#10450,#10439,#10448));
#11072=IFCFACEOUTERBOUND(#11071,.T.);
#11073=IFCFACE((#11072));
#11074=IFCPOLYLOOP((#10465,#10464,#10423));
#11075=IFCFACEOUTERBOUND(#11074,.T.);
#11076=IFCFACE((#11075));
#11077=IFCPOLYLOOP((#10448,#10440,#10449));
#11078=IFCFACEOUTERBOUND(#11077,.T.);
#11079=IFCFACE((#11078));
#11080=IFCPOLYLOOP((#10455,#10431,#10451));
#11081=IFCFACEOUTERBOUND(#11080,.T.);
#11082=IFCFACE((#11081));
#11083=IFCPOLYLOOP((#10431,#10455,#10416));
#11084=IFCFACEOUTERBOUND(#11083,.T.);
#11085=IFCFACE((#11084));
#11086=IFCPOLYLOOP((#10430,#10453,#10451));
#11087=IFCFACEOUTERBOUND(#11086,.T.);
#11088=IFCFACE((#11087));
#11089=IFCPOLYLOOP((#10453,#10452,#10429));
#11090=IFCFACEOUTERBOUND(#11089,.T.);
#11091=IFCFACE((#11090));
#11092=IFCPOLYLOOP((#10466,#10454,#10428));
#11093=IFCFACEOUTERBOUND(#11092,.T.);
#11094=IFCFACE((#11093));
#11095=IFCPOLYLOOP((#10452,#10466,#10425));
#11096=IFCFACEOUTERBOUND(#11095,.T.);
#11097=IFCFACE((#11096));
#11098=IFCPOLYLOOP((#10453,#10430,#10454));
#11099=IFCFACEOUTERBOUND(#11098,.T.);
#11100=IFCFACE((#11099));
#11101=IFCPOLYLOOP((#10421,#10455,#10420));
#11102=IFCFACEOUTERBOUND(#11101,.T.);
#11103=IFCFACE((#11102));
#11104=IFCPOLYLOOP((#10427,#10456,#10457));
#11105=IFCFACEOUTERBOUND(#11104,.T.);
#11106=IFCFACE((#11105));
#11107=IFCPOLYLOOP((#10424,#10456,#10444));
#11108=IFCFACEOUTERBOUND(#11107,.T.);
#11109=IFCFACE((#11108));
#11110=IFCPOLYLOOP((#10461,#10436,#10459));
#11111=IFCFACEOUTERBOUND(#11110,.T.);
#11112=IFCFACE((#11111));
#11113=IFCPOLYLOOP((#10457,#10424,#10438));
#11114=IFCFACEOUTERBOUND(#11113,.T.);
#11115=IFCFACE((#11114));
#11116=IFCPOLYLOOP((#10458,#10427,#10457));
#11117=IFCFACEOUTERBOUND(#11116,.T.);
#11118=IFCFACE((#11117));
#11119=IFCPOLYLOOP((#10436,#10458,#10459));
#11120=IFCFACEOUTERBOUND(#11119,.T.);
#11121=IFCFACE((#11120));
#11122=IFCPOLYLOOP((#10438,#10459,#10457));
#11123=IFCFACEOUTERBOUND(#11122,.T.);
#11124=IFCFACE((#11123));
#11125=IFCPOLYLOOP((#10444,#10460,#10432));
#11126=IFCFACEOUTERBOUND(#11125,.T.);
#11127=IFCFACE((#11126));
#11128=IFCPOLYLOOP((#10460,#10434,#10433));
#11129=IFCFACEOUTERBOUND(#11128,.T.);
#11130=IFCFACE((#11129));
#11131=IFCPOLYLOOP((#10426,#10463,#10464));
#11132=IFCFACEOUTERBOUND(#11131,.T.);
#11133=IFCFACE((#11132));
#11134=IFCPOLYLOOP((#10463,#10436,#10461));
#11135=IFCFACEOUTERBOUND(#11134,.T.);
#11136=IFCFACE((#11135));
#11137=IFCPOLYLOOP((#10462,#10423,#10464));
#11138=IFCFACEOUTERBOUND(#11137,.T.);
#11139=IFCFACE((#11138));
#11140=IFCPOLYLOOP((#10461,#10437,#10462));
#11141=IFCFACEOUTERBOUND(#11140,.T.);
#11142=IFCFACE((#11141));
#11143=IFCPOLYLOOP((#10465,#10426,#10464));
#11144=IFCFACEOUTERBOUND(#11143,.T.);
#11145=IFCFACE((#11144));
#11146=IFCPOLYLOOP((#10462,#10464,#10461));
#11147=IFCFACEOUTERBOUND(#11146,.T.);
#11148=IFCFACE((#11147));
#11149=IFCPOLYLOOP((#10465,#10449,#10426));
#11150=IFCFACEOUTERBOUND(#11149,.T.);
#11151=IFCFACE((#11150));
#11152=IFCPOLYLOOP((#10469,#10449,#10465));
#11153=IFCFACEOUTERBOUND(#11152,.T.);
#11154=IFCFACE((#11153));
#11155=IFCPOLYLOOP((#10453,#10454,#10466));
#11156=IFCFACEOUTERBOUND(#11155,.T.);
#11157=IFCFACE((#11156));
#11158=IFCPOLYLOOP((#10425,#10466,#10447));
#11159=IFCFACEOUTERBOUND(#11158,.T.);
#11160=IFCFACE((#11159));
#11161=IFCPOLYLOOP((#10433,#10467,#10460));
#11162=IFCFACEOUTERBOUND(#11161,.T.);
#11163=IFCFACE((#11162));
#11164=IFCPOLYLOOP((#10432,#10467,#10435));
#11165=IFCFACEOUTERBOUND(#11164,.T.);
#11166=IFCFACE((#11165));
#11167=IFCPOLYLOOP((#10435,#10468,#10419));
#11168=IFCFACEOUTERBOUND(#11167,.T.);
#11169=IFCFACE((#11168));
#11170=IFCPOLYLOOP((#10422,#10468,#10415));
#11171=IFCFACEOUTERBOUND(#11170,.T.);
#11172=IFCFACE((#11171));
#11173=IFCPOLYLOOP((#10450,#10469,#10465));
#11174=IFCFACEOUTERBOUND(#11173,.T.);
#11175=IFCFACE((#11174));
#11176=IFCPOLYLOOP((#10469,#10448,#10449));
#11177=IFCFACEOUTERBOUND(#11176,.T.);
#11178=IFCFACE((#11177));
#11179=IFCPOLYLOOP((#10523,#10522,#10504));
#11180=IFCFACEOUTERBOUND(#11179,.T.);
#11181=IFCFACE((#11180));
#11182=IFCPOLYLOOP((#10601,#10492,#10567));
#11183=IFCFACEOUTERBOUND(#11182,.T.);
#11184=IFCFACE((#11183));
#11185=IFCPOLYLOOP((#10571,#10611,#10636));
#11186=IFCFACEOUTERBOUND(#11185,.T.);
#11187=IFCFACE((#11186));
#11188=IFCPOLYLOOP((#10641,#10510,#10587));
#11189=IFCFACEOUTERBOUND(#11188,.T.);
#11190=IFCFACE((#11189));
#11191=IFCPOLYLOOP((#10553,#10545,#10524));
#11192=IFCFACEOUTERBOUND(#11191,.T.);
#11193=IFCFACE((#11192));
#11194=IFCPOLYLOOP((#10525,#10489,#10520));
#11195=IFCFACEOUTERBOUND(#11194,.T.);
#11196=IFCFACE((#11195));
#11197=IFCPOLYLOOP((#10615,#10536,#10573,#10497));
#11198=IFCFACEOUTERBOUND(#11197,.T.);
#11199=IFCFACE((#11198));
#11200=IFCPOLYLOOP((#10556,#10557,#10554));
#11201=IFCFACEOUTERBOUND(#11200,.T.);
#11202=IFCFACE((#11201));
#11203=IFCPOLYLOOP((#10518,#10502,#10516,#10517));
#11204=IFCFACEOUTERBOUND(#11203,.T.);
#11205=IFCFACE((#11204));
#11206=IFCPOLYLOOP((#10513,#10648,#10649,#10644));
#11207=IFCFACEOUTERBOUND(#11206,.T.);
#11208=IFCFACE((#11207));
#11209=IFCPOLYLOOP((#10581,#10639,#10638));
#11210=IFCFACEOUTERBOUND(#11209,.T.);
#11211=IFCFACE((#11210));
#11212=IFCPOLYLOOP((#10555,#10557,#10556));
#11213=IFCFACEOUTERBOUND(#11212,.T.);
#11214=IFCFACE((#11213));
#11215=IFCPOLYLOOP((#10580,#10635,#10640));
#11216=IFCFACEOUTERBOUND(#11215,.T.);
#11217=IFCFACE((#11216));
#11218=IFCPOLYLOOP((#10570,#10609,#10612));
#11219=IFCFACEOUTERBOUND(#11218,.T.);
#11220=IFCFACE((#11219));
#11221=IFCPOLYLOOP((#10545,#10487,#10547));
#11222=IFCFACEOUTERBOUND(#11221,.T.);
#11223=IFCFACE((#11222));
#11224=IFCPOLYLOOP((#10540,#10627,#10577));
#11225=IFCFACEOUTERBOUND(#11224,.T.);
#11226=IFCFACE((#11225));
#11227=IFCPOLYLOOP((#10518,#10520,#10489));
#11228=IFCFACEOUTERBOUND(#11227,.T.);
#11229=IFCFACE((#11228));
#11230=IFCPOLYLOOP((#10472,#10473,#10521));
#11231=IFCFACEOUTERBOUND(#11230,.T.);
#11232=IFCFACE((#11231));
#11233=IFCPOLYLOOP((#10516,#10474,#10475));
#11234=IFCFACEOUTERBOUND(#11233,.T.);
#11235=IFCFACE((#11234));
#11236=IFCPOLYLOOP((#10564,#10593,#10596));
#11237=IFCFACEOUTERBOUND(#11236,.T.);
#11238=IFCFACE((#11237));
#11239=IFCPOLYLOOP((#10579,#10632,#10631));
#11240=IFCFACEOUTERBOUND(#11239,.T.);
#11241=IFCFACE((#11240));
#11242=IFCPOLYLOOP((#10565,#10595,#10600));
#11243=IFCFACEOUTERBOUND(#11242,.T.);
#11244=IFCFACE((#11243));
#11245=IFCPOLYLOOP((#10566,#10598,#10602));
#11246=IFCFACEOUTERBOUND(#11245,.T.);
#11247=IFCFACE((#11246));
#11248=IFCPOLYLOOP((#10590,#10644,#10649));
#11249=IFCFACEOUTERBOUND(#11248,.T.);
#11250=IFCFACE((#11249));
#11251=IFCPOLYLOOP((#10538,#10622,#10575));
#11252=IFCFACEOUTERBOUND(#11251,.T.);
#11253=IFCFACE((#11252));
#11254=IFCPOLYLOOP((#10620,#10538,#10575,#10496));
#11255=IFCFACEOUTERBOUND(#11254,.T.);
#11256=IFCFACE((#11255));
#11257=IFCPOLYLOOP((#10536,#10617,#10573));
#11258=IFCFACEOUTERBOUND(#11257,.T.);
#11259=IFCFACE((#11258));
#11260=IFCPOLYLOOP((#10475,#10514,#10517));
#11261=IFCFACEOUTERBOUND(#11260,.T.);
#11262=IFCFACE((#11261));
#11263=IFCPOLYLOOP((#10504,#10522,#10521));
#11264=IFCFACEOUTERBOUND(#11263,.T.);
#11265=IFCFACE((#11264));
#11266=IFCPOLYLOOP((#10498,#10554,#10523));
#11267=IFCFACEOUTERBOUND(#11266,.T.);
#11268=IFCFACE((#11267));
#11269=IFCPOLYLOOP((#10520,#10517,#10501));
#11270=IFCFACEOUTERBOUND(#11269,.T.);
#11271=IFCFACE((#11270));
#11272=IFCPOLYLOOP((#10523,#10554,#10499));
#11273=IFCFACEOUTERBOUND(#11272,.T.);
#11274=IFCFACE((#11273));
#11275=IFCPOLYLOOP((#10521,#10522,#10472));
#11276=IFCFACEOUTERBOUND(#11275,.T.);
#11277=IFCFACE((#11276));
#11278=IFCPOLYLOOP((#10507,#10551,#10550));
#11279=IFCFACEOUTERBOUND(#11278,.T.);
#11280=IFCFACE((#11279));
#11281=IFCPOLYLOOP((#10625,#10540,#10577,#10506));
#11282=IFCFACEOUTERBOUND(#11281,.T.);
#11283=IFCFACE((#11282));
#11284=IFCPOLYLOOP((#10548,#10549,#10550));
#11285=IFCFACEOUTERBOUND(#11284,.T.);
#11286=IFCFACE((#11285));
#11287=IFCPOLYLOOP((#10587,#10643,#10642));
#11288=IFCFACEOUTERBOUND(#11287,.T.);
#11289=IFCFACE((#11288));
#11290=IFCPOLYLOOP((#10578,#10629,#10633));
#11291=IFCFACEOUTERBOUND(#11290,.T.);
#11292=IFCFACE((#11291));
#11293=IFCPOLYLOOP((#10561,#10589,#10631));
#11294=IFCFACEOUTERBOUND(#11293,.T.);
#11295=IFCFACE((#11294));
#11296=IFCPOLYLOOP((#10532,#10607,#10569));
#11297=IFCFACEOUTERBOUND(#11296,.T.);
#11298=IFCFACE((#11297));
#11299=IFCPOLYLOOP((#10605,#10532,#10569,#10512));
#11300=IFCFACEOUTERBOUND(#11299,.T.);
#11301=IFCFACE((#11300));
#11302=IFCPOLYLOOP((#10645,#10597,#10479,#10644));
#11303=IFCFACEOUTERBOUND(#11302,.T.);
#11304=IFCFACE((#11303));
#11305=IFCPOLYLOOP((#10475,#10470,#10514));
#11306=IFCFACEOUTERBOUND(#11305,.T.);
#11307=IFCFACE((#11306));
#11308=IFCPOLYLOOP((#10515,#10471,#10472));
#11309=IFCFACEOUTERBOUND(#11308,.T.);
#11310=IFCFACE((#11309));
#11311=IFCPOLYLOOP((#10475,#10517,#10516));
#11312=IFCFACEOUTERBOUND(#11311,.T.);
#11313=IFCFACE((#11312));
#11314=IFCPOLYLOOP((#10517,#10514,#10501));
#11315=IFCFACEOUTERBOUND(#11314,.T.);
#11316=IFCFACE((#11315));
#11317=IFCPOLYLOOP((#10519,#10488,#10520,#10501));
#11318=IFCFACEOUTERBOUND(#11317,.T.);
#11319=IFCFACE((#11318));
#11320=IFCPOLYLOOP((#10518,#10517,#10520));
#11321=IFCFACEOUTERBOUND(#11320,.T.);
#11322=IFCFACE((#11321));
#11323=IFCPOLYLOOP((#10564,#10592,#10642));
#11324=IFCFACEOUTERBOUND(#11323,.T.);
#11325=IFCFACE((#11324));
#11326=IFCPOLYLOOP((#10515,#10472,#10522));
#11327=IFCFACEOUTERBOUND(#11326,.T.);
#11328=IFCFACE((#11327));
#11329=IFCPOLYLOOP((#10522,#10503,#10515));
#11330=IFCFACEOUTERBOUND(#11329,.T.);
#11331=IFCFACE((#11330));
#11332=IFCPOLYLOOP((#10503,#10522,#10523));
#11333=IFCFACEOUTERBOUND(#11332,.T.);
#11334=IFCFACE((#11333));
#11335=IFCPOLYLOOP((#10503,#10523,#10499));
#11336=IFCFACEOUTERBOUND(#11335,.T.);
#11337=IFCFACE((#11336));
#11338=IFCPOLYLOOP((#10563,#10498,#10523,#10504));
#11339=IFCFACEOUTERBOUND(#11338,.T.);
#11340=IFCFACE((#11339));
#11341=IFCPOLYLOOP((#10488,#10525,#10520));
#11342=IFCFACEOUTERBOUND(#11341,.T.);
#11343=IFCFACE((#11342));
#11344=IFCPOLYLOOP((#10546,#10489,#10525));
#11345=IFCFACEOUTERBOUND(#11344,.T.);
#11346=IFCFACE((#11345));
#11347=IFCPOLYLOOP((#10547,#10486,#10545));
#11348=IFCFACEOUTERBOUND(#11347,.T.);
#11349=IFCFACE((#11348));
#11350=IFCPOLYLOOP((#10526,#10487,#10545));
#11351=IFCFACEOUTERBOUND(#11350,.T.);
#11352=IFCFACE((#11351));
#11353=IFCPOLYLOOP((#10488,#10553,#10525));
#11354=IFCFACEOUTERBOUND(#11353,.T.);
#11355=IFCFACE((#11354));
#11356=IFCPOLYLOOP((#10594,#10527,#10565,#10492));
#11357=IFCFACEOUTERBOUND(#11356,.T.);
#11358=IFCFACE((#11357));
#11359=IFCPOLYLOOP((#10566,#10597,#10645));
#11360=IFCFACEOUTERBOUND(#11359,.T.);
#11361=IFCFACE((#11360));
#11362=IFCPOLYLOOP((#10599,#10529,#10567));
#11363=IFCFACEOUTERBOUND(#11362,.T.);
#11364=IFCFACE((#11363));
#11365=IFCPOLYLOOP((#10531,#10606,#10607,#10603));
#11366=IFCFACEOUTERBOUND(#11365,.T.);
#11367=IFCFACE((#11366));
#11368=IFCPOLYLOOP((#10568,#10603,#10607));
#11369=IFCFACEOUTERBOUND(#11368,.T.);
#11370=IFCFACE((#11369));
#11371=IFCPOLYLOOP((#10608,#10481,#10570,#10533));
#11372=IFCFACEOUTERBOUND(#11371,.T.);
#11373=IFCFACE((#11372));
#11374=IFCPOLYLOOP((#10610,#10533,#10571,#10485));
#11375=IFCFACEOUTERBOUND(#11374,.T.);
#11376=IFCFACE((#11375));
#11377=IFCPOLYLOOP((#10617,#10572,#10535));
#11378=IFCFACEOUTERBOUND(#11377,.T.);
#11379=IFCFACE((#11378));
#11380=IFCPOLYLOOP((#10613,#10535,#10572,#10477));
#11381=IFCFACEOUTERBOUND(#11380,.T.);
#11382=IFCFACE((#11381));
#11383=IFCPOLYLOOP((#10537,#10621,#10622,#10618));
#11384=IFCFACEOUTERBOUND(#11383,.T.);
#11385=IFCFACE((#11384));
#11386=IFCPOLYLOOP((#10574,#10618,#10622));
#11387=IFCFACEOUTERBOUND(#11386,.T.);
#11388=IFCFACE((#11387));
#11389=IFCPOLYLOOP((#10627,#10576,#10539));
#11390=IFCFACEOUTERBOUND(#11389,.T.);
#11391=IFCFACE((#11390));
#11392=IFCPOLYLOOP((#10623,#10539,#10576,#10480));
#11393=IFCFACEOUTERBOUND(#11392,.T.);
#11394=IFCFACE((#11393));
#11395=IFCPOLYLOOP((#10628,#10478,#10578,#10541));
#11396=IFCFACEOUTERBOUND(#11395,.T.);
#11397=IFCFACE((#11396));
#11398=IFCPOLYLOOP((#10630,#10541,#10579,#10509));
#11399=IFCFACEOUTERBOUND(#11398,.T.);
#11400=IFCFACE((#11399));
#11401=IFCPOLYLOOP((#10634,#10485,#10580,#10543));
#11402=IFCFACEOUTERBOUND(#11401,.T.);
#11403=IFCFACE((#11402));
#11404=IFCPOLYLOOP((#10637,#10543,#10581,#10482));
#11405=IFCFACEOUTERBOUND(#11404,.T.);
#11406=IFCFACE((#11405));
#11407=IFCPOLYLOOP((#10526,#10545,#10553));
#11408=IFCFACEOUTERBOUND(#11407,.T.);
#11409=IFCFACE((#11408));
#11410=IFCPOLYLOOP((#10582,#10524,#10545,#10486));
#11411=IFCFACEOUTERBOUND(#11410,.T.);
#11412=IFCFACE((#11411));
#11413=IFCPOLYLOOP((#10583,#10506,#10551,#10507));
#11414=IFCFACEOUTERBOUND(#11413,.T.);
#11415=IFCFACE((#11414));
#11416=IFCPOLYLOOP((#10524,#10546,#10553));
#11417=IFCFACEOUTERBOUND(#11416,.T.);
#11418=IFCFACE((#11417));
#11419=IFCPOLYLOOP((#10547,#10552,#10550));
#11420=IFCFACEOUTERBOUND(#11419,.T.);
#11421=IFCFACE((#11420));
#11422=IFCPOLYLOOP((#10550,#10549,#10547));
#11423=IFCFACEOUTERBOUND(#11422,.T.);
#11424=IFCFACE((#11423));
#11425=IFCPOLYLOOP((#10549,#10486,#10547));
#11426=IFCFACEOUTERBOUND(#11425,.T.);
#11427=IFCFACE((#11426));
#11428=IFCPOLYLOOP((#10551,#10548,#10550));
#11429=IFCFACEOUTERBOUND(#11428,.T.);
#11430=IFCFACE((#11429));
#11431=IFCPOLYLOOP((#10526,#10553,#10488));
#11432=IFCFACEOUTERBOUND(#11431,.T.);
#11433=IFCFACE((#11432));
#11434=IFCPOLYLOOP((#10584,#10548,#10551,#10505));
#11435=IFCFACEOUTERBOUND(#11434,.T.);
#11436=IFCFACE((#11435));
#11437=IFCPOLYLOOP((#10505,#10551,#10577));
#11438=IFCFACEOUTERBOUND(#11437,.T.);
#11439=IFCFACE((#11438));
#11440=IFCPOLYLOOP((#10507,#10550,#10552));
#11441=IFCFACEOUTERBOUND(#11440,.T.);
#11442=IFCFACE((#11441));
#11443=IFCPOLYLOOP((#10547,#10487,#10552));
#11444=IFCFACEOUTERBOUND(#11443,.T.);
#11445=IFCFACE((#11444));
#11446=IFCPOLYLOOP((#10525,#10553,#10546));
#11447=IFCFACEOUTERBOUND(#11446,.T.);
#11448=IFCFACE((#11447));
#11449=IFCPOLYLOOP((#10500,#10559,#10557));
#11450=IFCFACEOUTERBOUND(#11449,.T.);
#11451=IFCFACE((#11450));
#11452=IFCPOLYLOOP((#10557,#10558,#10500));
#11453=IFCFACEOUTERBOUND(#11452,.T.);
#11454=IFCFACE((#11453));
#11455=IFCPOLYLOOP((#10555,#10558,#10557));
#11456=IFCFACEOUTERBOUND(#11455,.T.);
#11457=IFCFACE((#11456));
#11458=IFCPOLYLOOP((#10554,#10557,#10559));
#11459=IFCFACEOUTERBOUND(#11458,.T.);
#11460=IFCFACE((#11459));
#11461=IFCPOLYLOOP((#10554,#10498,#10556));
#11462=IFCFACEOUTERBOUND(#11461,.T.);
#11463=IFCFACE((#11462));
#11464=IFCPOLYLOOP((#10585,#10500,#10558,#10483));
#11465=IFCFACEOUTERBOUND(#11464,.T.);
#11466=IFCFACE((#11465));
#11467=IFCPOLYLOOP((#10544,#10640,#10635));
#11468=IFCFACEOUTERBOUND(#11467,.T.);
#11469=IFCFACE((#11468));
#11470=IFCPOLYLOOP((#10558,#10586,#10638));
#11471=IFCFACEOUTERBOUND(#11470,.T.);
#11472=IFCFACE((#11471));
#11473=IFCPOLYLOOP((#10559,#10499,#10554));
#11474=IFCFACEOUTERBOUND(#11473,.T.);
#11475=IFCFACE((#11474));
#11476=IFCPOLYLOOP((#10542,#10633,#10629));
#11477=IFCFACEOUTERBOUND(#11476,.T.);
#11478=IFCFACE((#11477));
#11479=IFCPOLYLOOP((#10588,#10560,#10561,#10508));
#11480=IFCFACEOUTERBOUND(#11479,.T.);
#11481=IFCFACE((#11480));
#11482=IFCPOLYLOOP((#10510,#10561,#10587));
#11483=IFCFACEOUTERBOUND(#11482,.T.);
#11484=IFCFACE((#11483));
#11485=IFCPOLYLOOP((#10596,#10565,#10527));
#11486=IFCFACEOUTERBOUND(#11485,.T.);
#11487=IFCFACE((#11486));
#11488=IFCPOLYLOOP((#10647,#10562,#10591,#10511));
#11489=IFCFACEOUTERBOUND(#11488,.T.);
#11490=IFCFACE((#11489));
#11491=IFCPOLYLOOP((#10566,#10645,#10476));
#11492=IFCFACEOUTERBOUND(#11491,.T.);
#11493=IFCFACE((#11492));
#11494=IFCPOLYLOOP((#10530,#10601,#10602,#10598));
#11495=IFCFACEOUTERBOUND(#11494,.T.);
#11496=IFCFACE((#11495));
#11497=IFCPOLYLOOP((#10596,#10595,#10565));
#11498=IFCFACEOUTERBOUND(#11497,.T.);
#11499=IFCFACE((#11498));
#11500=IFCPOLYLOOP((#10602,#10567,#10529));
#11501=IFCFACEOUTERBOUND(#11500,.T.);
#11502=IFCFACE((#11501));
#11503=IFCPOLYLOOP((#10590,#10476,#10645));
#11504=IFCFACEOUTERBOUND(#11503,.T.);
#11505=IFCFACE((#11504));
#11506=IFCPOLYLOOP((#10567,#10600,#10599));
#11507=IFCFACEOUTERBOUND(#11506,.T.);
#11508=IFCFACE((#11507));
#11509=IFCPOLYLOOP((#10602,#10601,#10567));
#11510=IFCFACEOUTERBOUND(#11509,.T.);
#11511=IFCFACE((#11510));
#11512=IFCPOLYLOOP((#10495,#10568,#10574));
#11513=IFCFACEOUTERBOUND(#11512,.T.);
#11514=IFCFACE((#11513));
#11515=IFCPOLYLOOP((#10604,#10494,#10568,#10532));
#11516=IFCFACEOUTERBOUND(#11515,.T.);
#11517=IFCFACE((#11516));
#11518=IFCPOLYLOOP((#10512,#10569,#10591));
#11519=IFCFACEOUTERBOUND(#11518,.T.);
#11520=IFCFACE((#11519));
#11521=IFCPOLYLOOP((#10606,#10511,#10569));
#11522=IFCFACEOUTERBOUND(#11521,.T.);
#11523=IFCFACE((#11522));
#11524=IFCPOLYLOOP((#10612,#10571,#10533));
#11525=IFCFACEOUTERBOUND(#11524,.T.);
#11526=IFCFACE((#11525));
#11527=IFCPOLYLOOP((#10478,#10570,#10578));
#11528=IFCFACEOUTERBOUND(#11527,.T.);
#11529=IFCFACE((#11528));
#11530=IFCPOLYLOOP((#10636,#10580,#10485));
#11531=IFCFACEOUTERBOUND(#11530,.T.);
#11532=IFCFACE((#11531));
#11533=IFCPOLYLOOP((#10534,#10571,#10612));
#11534=IFCFACEOUTERBOUND(#11533,.T.);
#11535=IFCFACE((#11534));
#11536=IFCPOLYLOOP((#10477,#10572,#10576));
#11537=IFCFACEOUTERBOUND(#11536,.T.);
#11538=IFCFACE((#11537));
#11539=IFCPOLYLOOP((#10614,#10480,#10572));
#11540=IFCFACEOUTERBOUND(#11539,.T.);
#11541=IFCFACE((#11540));
#11542=IFCPOLYLOOP((#10497,#10573,#10575));
#11543=IFCFACEOUTERBOUND(#11542,.T.);
#11544=IFCFACE((#11543));
#11545=IFCPOLYLOOP((#10616,#10496,#10573));
#11546=IFCFACEOUTERBOUND(#11545,.T.);
#11547=IFCFACE((#11546));
#11548=IFCPOLYLOOP((#10494,#10574,#10568));
#11549=IFCFACEOUTERBOUND(#11548,.T.);
#11550=IFCFACE((#11549));
#11551=IFCPOLYLOOP((#10619,#10495,#10574));
#11552=IFCFACEOUTERBOUND(#11551,.T.);
#11553=IFCFACE((#11552));
#11554=IFCPOLYLOOP((#10496,#10575,#10573));
#11555=IFCFACEOUTERBOUND(#11554,.T.);
#11556=IFCFACE((#11555));
#11557=IFCPOLYLOOP((#10621,#10497,#10575));
#11558=IFCFACEOUTERBOUND(#11557,.T.);
#11559=IFCFACE((#11558));
#11560=IFCPOLYLOOP((#10480,#10576,#10572));
#11561=IFCFACEOUTERBOUND(#11560,.T.);
#11562=IFCFACE((#11561));
#11563=IFCPOLYLOOP((#10624,#10477,#10576));
#11564=IFCFACEOUTERBOUND(#11563,.T.);
#11565=IFCFACE((#11564));
#11566=IFCPOLYLOOP((#10506,#10577,#10551));
#11567=IFCFACEOUTERBOUND(#11566,.T.);
#11568=IFCFACE((#11567));
#11569=IFCPOLYLOOP((#10626,#10505,#10577));
#11570=IFCFACEOUTERBOUND(#11569,.T.);
#11571=IFCFACE((#11570));
#11572=IFCPOLYLOOP((#10633,#10579,#10541));
#11573=IFCFACEOUTERBOUND(#11572,.T.);
#11574=IFCFACE((#11573));
#11575=IFCPOLYLOOP((#10481,#10578,#10570));
#11576=IFCFACEOUTERBOUND(#11575,.T.);
#11577=IFCFACE((#11576));
#11578=IFCPOLYLOOP((#10631,#10509,#10579));
#11579=IFCFACEOUTERBOUND(#11578,.T.);
#11580=IFCFACE((#11579));
#11581=IFCPOLYLOOP((#10542,#10579,#10633));
#11582=IFCFACEOUTERBOUND(#11581,.T.);
#11583=IFCFACE((#11582));
#11584=IFCPOLYLOOP((#10640,#10581,#10543));
#11585=IFCFACEOUTERBOUND(#11584,.T.);
#11586=IFCFACE((#11585));
#11587=IFCPOLYLOOP((#10484,#10580,#10636));
#11588=IFCFACEOUTERBOUND(#11587,.T.);
#11589=IFCFACE((#11588));
#11590=IFCPOLYLOOP((#10638,#10482,#10581));
#11591=IFCFACEOUTERBOUND(#11590,.T.);
#11592=IFCFACE((#11591));
#11593=IFCPOLYLOOP((#10544,#10581,#10640));
#11594=IFCFACEOUTERBOUND(#11593,.T.);
#11595=IFCFACE((#11594));
#11596=IFCPOLYLOOP((#10587,#10642,#10641));
#11597=IFCFACEOUTERBOUND(#11596,.T.);
#11598=IFCFACE((#11597));
#11599=IFCPOLYLOOP((#10558,#10555,#10586));
#11600=IFCFACEOUTERBOUND(#11599,.T.);
#11601=IFCFACE((#11600));
#11602=IFCPOLYLOOP((#10560,#10587,#10561));
#11603=IFCFACEOUTERBOUND(#11602,.T.);
#11604=IFCFACE((#11603));
#11605=IFCPOLYLOOP((#10646,#10476,#10590,#10562));
#11606=IFCFACEOUTERBOUND(#11605,.T.);
#11607=IFCFACE((#11606));
#11608=IFCPOLYLOOP((#10561,#10510,#10589));
#11609=IFCFACEOUTERBOUND(#11608,.T.);
#11610=IFCFACE((#11609));
#11611=IFCPOLYLOOP((#10591,#10562,#10649));
#11612=IFCFACEOUTERBOUND(#11611,.T.);
#11613=IFCFACE((#11612));
#11614=IFCPOLYLOOP((#10511,#10591,#10569));
#11615=IFCFACEOUTERBOUND(#11614,.T.);
#11616=IFCFACE((#11615));
#11617=IFCPOLYLOOP((#10648,#10512,#10591));
#11618=IFCFACEOUTERBOUND(#11617,.T.);
#11619=IFCFACE((#11618));
#11620=IFCPOLYLOOP((#10528,#10595,#10596,#10593));
#11621=IFCFACEOUTERBOUND(#11620,.T.);
#11622=IFCFACE((#11621));
#11623=IFCPOLYLOOP((#10592,#10564,#10527));
#11624=IFCFACEOUTERBOUND(#11623,.T.);
#11625=IFCFACE((#11624));
#11626=IFCPOLYLOOP((#10564,#10490,#10593));
#11627=IFCFACEOUTERBOUND(#11626,.T.);
#11628=IFCFACE((#11627));
#11629=IFCPOLYLOOP((#10564,#10596,#10527));
#11630=IFCFACEOUTERBOUND(#11629,.T.);
#11631=IFCFACE((#11630));
#11632=IFCPOLYLOOP((#10493,#10599,#10600,#10595));
#11633=IFCFACEOUTERBOUND(#11632,.T.);
#11634=IFCFACE((#11633));
#11635=IFCPOLYLOOP((#10566,#10529,#10597));
#11636=IFCFACEOUTERBOUND(#11635,.T.);
#11637=IFCFACE((#11636));
#11638=IFCPOLYLOOP((#10566,#10476,#10598));
#11639=IFCFACEOUTERBOUND(#11638,.T.);
#11640=IFCFACE((#11639));
#11641=IFCPOLYLOOP((#10565,#10600,#10492));
#11642=IFCFACEOUTERBOUND(#11641,.T.);
#11643=IFCFACE((#11642));
#11644=IFCPOLYLOOP((#10600,#10567,#10492));
#11645=IFCFACEOUTERBOUND(#11644,.T.);
#11646=IFCFACE((#11645));
#11647=IFCPOLYLOOP((#10566,#10602,#10529));
#11648=IFCFACEOUTERBOUND(#11647,.T.);
#11649=IFCFACE((#11648));
#11650=IFCPOLYLOOP((#10568,#10607,#10532));
#11651=IFCFACEOUTERBOUND(#11650,.T.);
#11652=IFCFACE((#11651));
#11653=IFCPOLYLOOP((#10603,#10568,#10495));
#11654=IFCFACEOUTERBOUND(#11653,.T.);
#11655=IFCFACE((#11654));
#11656=IFCPOLYLOOP((#10569,#10607,#10606));
#11657=IFCFACEOUTERBOUND(#11656,.T.);
#11658=IFCFACE((#11657));
#11659=IFCPOLYLOOP((#10534,#10612,#10609));
#11660=IFCFACEOUTERBOUND(#11659,.T.);
#11661=IFCFACE((#11660));
#11662=IFCPOLYLOOP((#10570,#10478,#10609));
#11663=IFCFACEOUTERBOUND(#11662,.T.);
#11664=IFCFACE((#11663));
#11665=IFCPOLYLOOP((#10571,#10534,#10611));
#11666=IFCFACEOUTERBOUND(#11665,.T.);
#11667=IFCFACE((#11666));
#11668=IFCPOLYLOOP((#10570,#10612,#10533));
#11669=IFCFACEOUTERBOUND(#11668,.T.);
#11670=IFCFACE((#11669));
#11671=IFCPOLYLOOP((#10614,#10572,#10617));
#11672=IFCFACEOUTERBOUND(#11671,.T.);
#11673=IFCFACE((#11672));
#11674=IFCPOLYLOOP((#10536,#10614,#10617));
#11675=IFCFACEOUTERBOUND(#11674,.T.);
#11676=IFCFACE((#11675));
#11677=IFCPOLYLOOP((#10535,#10616,#10617));
#11678=IFCFACEOUTERBOUND(#11677,.T.);
#11679=IFCFACE((#11678));
#11680=IFCPOLYLOOP((#10573,#10617,#10616));
#11681=IFCFACEOUTERBOUND(#11680,.T.);
#11682=IFCFACE((#11681));
#11683=IFCPOLYLOOP((#10619,#10574,#10622));
#11684=IFCFACEOUTERBOUND(#11683,.T.);
#11685=IFCFACE((#11684));
#11686=IFCPOLYLOOP((#10618,#10574,#10494));
#11687=IFCFACEOUTERBOUND(#11686,.T.);
#11688=IFCFACE((#11687));
#11689=IFCPOLYLOOP((#10538,#10619,#10622));
#11690=IFCFACEOUTERBOUND(#11689,.T.);
#11691=IFCFACE((#11690));
#11692=IFCPOLYLOOP((#10575,#10622,#10621));
#11693=IFCFACEOUTERBOUND(#11692,.T.);
#11694=IFCFACE((#11693));
#11695=IFCPOLYLOOP((#10624,#10576,#10627));
#11696=IFCFACEOUTERBOUND(#11695,.T.);
#11697=IFCFACE((#11696));
#11698=IFCPOLYLOOP((#10540,#10624,#10627));
#11699=IFCFACEOUTERBOUND(#11698,.T.);
#11700=IFCFACE((#11699));
#11701=IFCPOLYLOOP((#10539,#10626,#10627));
#11702=IFCFACEOUTERBOUND(#11701,.T.);
#11703=IFCFACE((#11702));
#11704=IFCPOLYLOOP((#10577,#10627,#10626));
#11705=IFCFACEOUTERBOUND(#11704,.T.);
#11706=IFCFACE((#11705));
#11707=IFCPOLYLOOP((#10509,#10631,#10589));
#11708=IFCFACEOUTERBOUND(#11707,.T.);
#11709=IFCFACE((#11708));
#11710=IFCPOLYLOOP((#10578,#10481,#10629));
#11711=IFCFACEOUTERBOUND(#11710,.T.);
#11712=IFCFACE((#11711));
#11713=IFCPOLYLOOP((#10561,#10631,#10508));
#11714=IFCFACEOUTERBOUND(#11713,.T.);
#11715=IFCFACE((#11714));
#11716=IFCPOLYLOOP((#10508,#10631,#10632));
#11717=IFCFACEOUTERBOUND(#11716,.T.);
#11718=IFCFACE((#11717));
#11719=IFCPOLYLOOP((#10579,#10542,#10632));
#11720=IFCFACEOUTERBOUND(#11719,.T.);
#11721=IFCFACE((#11720));
#11722=IFCPOLYLOOP((#10578,#10633,#10541));
#11723=IFCFACEOUTERBOUND(#11722,.T.);
#11724=IFCFACE((#11723));
#11725=IFCPOLYLOOP((#10484,#10636,#10611));
#11726=IFCFACEOUTERBOUND(#11725,.T.);
#11727=IFCFACE((#11726));
#11728=IFCPOLYLOOP((#10580,#10484,#10635));
#11729=IFCFACEOUTERBOUND(#11728,.T.);
#11730=IFCFACE((#11729));
#11731=IFCPOLYLOOP((#10571,#10636,#10485));
#11732=IFCFACEOUTERBOUND(#11731,.T.);
#11733=IFCFACE((#11732));
#11734=IFCPOLYLOOP((#10482,#10638,#10586));
#11735=IFCFACEOUTERBOUND(#11734,.T.);
#11736=IFCFACE((#11735));
#11737=IFCPOLYLOOP((#10558,#10638,#10483));
#11738=IFCFACEOUTERBOUND(#11737,.T.);
#11739=IFCFACE((#11738));
#11740=IFCPOLYLOOP((#10483,#10638,#10639));
#11741=IFCFACEOUTERBOUND(#11740,.T.);
#11742=IFCFACE((#11741));
#11743=IFCPOLYLOOP((#10581,#10544,#10639));
#11744=IFCFACEOUTERBOUND(#11743,.T.);
#11745=IFCFACE((#11744));
#11746=IFCPOLYLOOP((#10580,#10640,#10543));
#11747=IFCFACEOUTERBOUND(#11746,.T.);
#11748=IFCFACE((#11747));
#11749=IFCPOLYLOOP((#10491,#10641,#10642,#10592));
#11750=IFCFACEOUTERBOUND(#11749,.T.);
#11751=IFCFACE((#11750));
#11752=IFCPOLYLOOP((#10564,#10642,#10490));
#11753=IFCFACEOUTERBOUND(#11752,.T.);
#11754=IFCFACE((#11753));
#11755=IFCPOLYLOOP((#10490,#10642,#10643));
#11756=IFCFACEOUTERBOUND(#11755,.T.);
#11757=IFCFACE((#11756));
#11758=IFCPOLYLOOP((#10587,#10560,#10643));
#11759=IFCFACEOUTERBOUND(#11758,.T.);
#11760=IFCFACE((#11759));
#11761=IFCPOLYLOOP((#10590,#10645,#10644));
#11762=IFCFACEOUTERBOUND(#11761,.T.);
#11763=IFCFACE((#11762));
#11764=IFCPOLYLOOP((#10590,#10649,#10562));
#11765=IFCFACEOUTERBOUND(#11764,.T.);
#11766=IFCFACE((#11765));
#11767=IFCPOLYLOOP((#10591,#10649,#10648));
#11768=IFCFACEOUTERBOUND(#11767,.T.);
#11769=IFCFACE((#11768));
#11770=IFCPOLYLOOP((#10651,#10471,#10515,#10503,#10499,#10559,#10500,#10585,#10483,#10639,#10544,#10635,#10484,#10611,#10534,#10609,#10478,#10628,#10541,#10630,#10509,#10589,#10510,#10641,#10491,#10592,#10527,#10594,#10492,#10601,#10530,#10598,#10476,#10646,#10562,#10647,#10511,#10606,#10531,#10603,#10495,#10619,#10538,#10620,#10496,#10616,#10535,#10613,#10477,#10624,#10540,#10625,#10506,#10583,#10507,#10552,#10487,#10526,#10488,#10519,#10501,#10514,#10470,#10650));
#11771=IFCFACEOUTERBOUND(#11770,.T.);
#11772=IFCFACE((#11771));
#11773=IFCPOLYLOOP((#10652,#10653,#10413,#10412));
#11774=IFCFACEOUTERBOUND(#11773,.T.);
#11775=IFCFACE((#11774));
#11776=IFCPOLYLOOP((#10655,#10417,#10416,#10660,#10658,#10654));
#11777=IFCFACEOUTERBOUND(#11776,.T.);
#11778=IFCFACE((#11777));
#11779=IFCPOLYLOOP((#10659,#10663,#10661,#10662));
#11780=IFCFACEOUTERBOUND(#11779,.T.);
#11781=IFCFACE((#11780));
#11782=IFCPOLYLOOP((#10664,#10421,#10662));
#11783=IFCFACEOUTERBOUND(#11782,.T.);
#11784=IFCFACE((#11783));
#11785=IFCPOLYLOOP((#10665,#10657,#10654));
#11786=IFCFACEOUTERBOUND(#11785,.T.);
#11787=IFCFACE((#11786));
#11788=IFCPOLYLOOP((#10665,#10658,#10661));
#11789=IFCFACEOUTERBOUND(#11788,.T.);
#11790=IFCFACE((#11789));
#11791=IFCPOLYLOOP((#10664,#10660,#10416));
#11792=IFCFACEOUTERBOUND(#11791,.T.);
#11793=IFCFACE((#11792));
#11794=IFCPOLYLOOP((#10658,#10660,#10661));
#11795=IFCFACEOUTERBOUND(#11794,.T.);
#11796=IFCFACE((#11795));
#11797=IFCPOLYLOOP((#10665,#10661,#10663));
#11798=IFCFACEOUTERBOUND(#11797,.T.);
#11799=IFCFACE((#11798));
#11800=IFCPOLYLOOP((#10661,#10664,#10662));
#11801=IFCFACEOUTERBOUND(#11800,.T.);
#11802=IFCFACE((#11801));
#11803=IFCPOLYLOOP((#10661,#10660,#10664));
#11804=IFCFACEOUTERBOUND(#11803,.T.);
#11805=IFCFACE((#11804));
#11806=IFCPOLYLOOP((#10421,#10420,#10662));
#11807=IFCFACEOUTERBOUND(#11806,.T.);
#11808=IFCFACE((#11807));
#11809=IFCPOLYLOOP((#10663,#10656,#10657));
#11810=IFCFACEOUTERBOUND(#11809,.T.);
#11811=IFCFACE((#11810));
#11812=IFCPOLYLOOP((#10421,#10664,#10416));
#11813=IFCFACEOUTERBOUND(#11812,.T.);
#11814=IFCFACE((#11813));
#11815=IFCPOLYLOOP((#10658,#10665,#10654));
#11816=IFCFACEOUTERBOUND(#11815,.T.);
#11817=IFCFACE((#11816));
#11818=IFCPOLYLOOP((#10657,#10665,#10663));
#11819=IFCFACEOUTERBOUND(#11818,.T.);
#11820=IFCFACE((#11819));
#11821=IFCPOLYLOOP((#10685,#10681,#10676));
#11822=IFCFACEOUTERBOUND(#11821,.T.);
#11823=IFCFACE((#11822));
#11824=IFCPOLYLOOP((#10692,#10696,#10697));
#11825=IFCFACEOUTERBOUND(#11824,.T.);
#11826=IFCFACE((#11825));
#11827=IFCPOLYLOOP((#10679,#10698,#10686));
#11828=IFCFACEOUTERBOUND(#11827,.T.);
#11829=IFCFACE((#11828));
#11830=IFCPOLYLOOP((#10690,#10671,#10692));
#11831=IFCFACEOUTERBOUND(#11830,.T.);
#11832=IFCFACE((#11831));
#11833=IFCPOLYLOOP((#10679,#10686,#10672));
#11834=IFCFACEOUTERBOUND(#11833,.T.);
#11835=IFCFACE((#11834));
#11836=IFCPOLYLOOP((#10686,#10693,#10689));
#11837=IFCFACEOUTERBOUND(#11836,.T.);
#11838=IFCFACE((#11837));
#11839=IFCPOLYLOOP((#10698,#10683,#10667));
#11840=IFCFACEOUTERBOUND(#11839,.T.);
#11841=IFCFACE((#11840));
#11842=IFCPOLYLOOP((#10671,#10690,#10682));
#11843=IFCFACEOUTERBOUND(#11842,.T.);
#11844=IFCFACE((#11843));
#11845=IFCPOLYLOOP((#10678,#10690,#10673));
#11846=IFCFACEOUTERBOUND(#11845,.T.);
#11847=IFCFACE((#11846));
#11848=IFCPOLYLOOP((#10691,#10696,#10670));
#11849=IFCFACEOUTERBOUND(#11848,.T.);
#11850=IFCFACE((#11849));
#11851=IFCPOLYLOOP((#10672,#10686,#10689));
#11852=IFCFACEOUTERBOUND(#11851,.T.);
#11853=IFCFACE((#11852));
#11854=IFCPOLYLOOP((#10694,#10685,#10676));
#11855=IFCFACEOUTERBOUND(#11854,.T.);
#11856=IFCFACE((#11855));
#11857=IFCPOLYLOOP((#10694,#10678,#10677));
#11858=IFCFACEOUTERBOUND(#11857,.T.);
#11859=IFCFACE((#11858));
#11860=IFCPOLYLOOP((#10694,#10690,#10678));
#11861=IFCFACEOUTERBOUND(#11860,.T.);
#11862=IFCFACE((#11861));
#11863=IFCPOLYLOOP((#10698,#10667,#10668));
#11864=IFCFACEOUTERBOUND(#11863,.T.);
#11865=IFCFACE((#11864));
#11866=IFCPOLYLOOP((#10684,#10473,#10472));
#11867=IFCFACEOUTERBOUND(#11866,.T.);
#11868=IFCFACE((#11867));
#11869=IFCPOLYLOOP((#10684,#10685,#10677));
#11870=IFCFACEOUTERBOUND(#11869,.T.);
#11871=IFCFACE((#11870));
#11872=IFCPOLYLOOP((#10472,#10471,#10681));
#11873=IFCFACEOUTERBOUND(#11872,.T.);
#11874=IFCFACE((#11873));
#11875=IFCPOLYLOOP((#10683,#10666,#10667));
#11876=IFCFACEOUTERBOUND(#11875,.T.);
#11877=IFCFACE((#11876));
#11878=IFCPOLYLOOP((#10698,#10675,#10686));
#11879=IFCFACEOUTERBOUND(#11878,.T.);
#11880=IFCFACE((#11879));
#11881=IFCPOLYLOOP((#10472,#10685,#10684));
#11882=IFCFACEOUTERBOUND(#11881,.T.);
#11883=IFCFACE((#11882));
#11884=IFCPOLYLOOP((#10681,#10685,#10472));
#11885=IFCFACEOUTERBOUND(#11884,.T.);
#11886=IFCFACE((#11885));
#11887=IFCPOLYLOOP((#10693,#10686,#10675));
#11888=IFCFACEOUTERBOUND(#11887,.T.);
#11889=IFCFACE((#11888));
#11890=IFCPOLYLOOP((#10680,#10675,#10698,#10668));
#11891=IFCFACEOUTERBOUND(#11890,.T.);
#11892=IFCFACE((#11891));
#11893=IFCPOLYLOOP((#10689,#10687,#10672));
#11894=IFCFACEOUTERBOUND(#11893,.T.);
#11895=IFCFACE((#11894));
#11896=IFCPOLYLOOP((#10696,#10691,#10688));
#11897=IFCFACEOUTERBOUND(#11896,.T.);
#11898=IFCFACE((#11897));
#11899=IFCPOLYLOOP((#10688,#10691,#10669));
#11900=IFCFACEOUTERBOUND(#11899,.T.);
#11901=IFCFACE((#11900));
#11902=IFCPOLYLOOP((#10687,#10689,#10691));
#11903=IFCFACEOUTERBOUND(#11902,.T.);
#11904=IFCFACE((#11903));
#11905=IFCPOLYLOOP((#10692,#10673,#10690));
#11906=IFCFACEOUTERBOUND(#11905,.T.);
#11907=IFCFACE((#11906));
#11908=IFCPOLYLOOP((#10694,#10676,#10682));
#11909=IFCFACEOUTERBOUND(#11908,.T.);
#11910=IFCFACE((#11909));
#11911=IFCPOLYLOOP((#10669,#10691,#10689));
#11912=IFCFACEOUTERBOUND(#11911,.T.);
#11913=IFCFACE((#11912));
#11914=IFCPOLYLOOP((#10687,#10691,#10670));
#11915=IFCFACEOUTERBOUND(#11914,.T.);
#11916=IFCFACE((#11915));
#11917=IFCPOLYLOOP((#10674,#10697,#10696,#10688));
#11918=IFCFACEOUTERBOUND(#11917,.T.);
#11919=IFCFACE((#11918));
#11920=IFCPOLYLOOP((#10695,#10696,#10692));
#11921=IFCFACEOUTERBOUND(#11920,.T.);
#11922=IFCFACE((#11921));
#11923=IFCPOLYLOOP((#10693,#10669,#10689));
#11924=IFCFACEOUTERBOUND(#11923,.T.);
#11925=IFCFACE((#11924));
#11926=IFCPOLYLOOP((#10677,#10685,#10694));
#11927=IFCFACEOUTERBOUND(#11926,.T.);
#11928=IFCFACE((#11927));
#11929=IFCPOLYLOOP((#10690,#10694,#10682));
#11930=IFCFACEOUTERBOUND(#11929,.T.);
#11931=IFCFACE((#11930));
#11932=IFCPOLYLOOP((#10670,#10696,#10695));
#11933=IFCFACEOUTERBOUND(#11932,.T.);
#11934=IFCFACE((#11933));
#11935=IFCPOLYLOOP((#10692,#10671,#10695));
#11936=IFCFACEOUTERBOUND(#11935,.T.);
#11937=IFCFACE((#11936));
#11938=IFCPOLYLOOP((#10697,#10673,#10692));
#11939=IFCFACEOUTERBOUND(#11938,.T.);
#11940=IFCFACE((#11939));
#11941=IFCPOLYLOOP((#10679,#10683,#10698));
#11942=IFCFACEOUTERBOUND(#11941,.T.);
#11943=IFCFACE((#11942));
#11944=IFCPOLYLOOP((#10699,#10666,#10683,#10679,#10672,#10687,#10670,#10695,#10671,#10682,#10676,#10681,#10471,#10651));
#11945=IFCFACEOUTERBOUND(#11944,.T.);
#11946=IFCFACE((#11945));
#11947=IFCPOLYLOOP((#10700,#10701,#10653,#10652));
#11948=IFCFACEOUTERBOUND(#11947,.T.);
#11949=IFCFACE((#11948));
#11950=IFCPOLYLOOP((#10703,#10655,#10654,#10726,#10716,#10717,#10710,#10741,#10719,#10746,#10709,#10732,#10723,#10724,#10711,#10737,#10713,#10714,#10702));
#11951=IFCFACEOUTERBOUND(#11950,.T.);
#11952=IFCFACE((#11951));
#11953=IFCPOLYLOOP((#10712,#10725,#10734));
#11954=IFCFACEOUTERBOUND(#11953,.T.);
#11955=IFCFACE((#11954));
#11956=IFCPOLYLOOP((#10739,#10743,#10727));
#11957=IFCFACEOUTERBOUND(#11956,.T.);
#11958=IFCFACE((#11957));
#11959=IFCPOLYLOOP((#10751,#10750,#10726));
#11960=IFCFACEOUTERBOUND(#11959,.T.);
#11961=IFCFACE((#11960));
#11962=IFCPOLYLOOP((#10734,#10736,#10712));
#11963=IFCFACEOUTERBOUND(#11962,.T.);
#11964=IFCFACE((#11963));
#11965=IFCPOLYLOOP((#10716,#10726,#10750));
#11966=IFCFACEOUTERBOUND(#11965,.T.);
#11967=IFCFACE((#11966));
#11968=IFCPOLYLOOP((#10730,#10729,#10728));
#11969=IFCFACEOUTERBOUND(#11968,.T.);
#11970=IFCFACE((#11969));
#11971=IFCPOLYLOOP((#10739,#10710,#10717));
#11972=IFCFACEOUTERBOUND(#11971,.T.);
#11973=IFCFACE((#11972));
#11974=IFCPOLYLOOP((#10742,#10721,#10720));
#11975=IFCFACEOUTERBOUND(#11974,.T.);
#11976=IFCFACE((#11975));
#11977=IFCPOLYLOOP((#10752,#10733,#10731));
#11978=IFCFACEOUTERBOUND(#11977,.T.);
#11979=IFCFACE((#11978));
#11980=IFCPOLYLOOP((#10744,#10747,#10746));
#11981=IFCFACEOUTERBOUND(#11980,.T.);
#11982=IFCFACE((#11981));
#11983=IFCPOLYLOOP((#10735,#10736,#10749));
#11984=IFCFACEOUTERBOUND(#11983,.T.);
#11985=IFCFACE((#11984));
#11986=IFCPOLYLOOP((#10705,#10702,#10738));
#11987=IFCFACEOUTERBOUND(#11986,.T.);
#11988=IFCFACE((#11987));
#11989=IFCPOLYLOOP((#10738,#10734,#10725));
#11990=IFCFACEOUTERBOUND(#11989,.T.);
#11991=IFCFACE((#11990));
#11992=IFCPOLYLOOP((#10718,#10750,#10751));
#11993=IFCFACEOUTERBOUND(#11992,.T.);
#11994=IFCFACE((#11993));
#11995=IFCPOLYLOOP((#10744,#10742,#10720));
#11996=IFCFACEOUTERBOUND(#11995,.T.);
#11997=IFCFACE((#11996));
#11998=IFCPOLYLOOP((#10739,#10717,#10743));
#11999=IFCFACEOUTERBOUND(#11998,.T.);
#12000=IFCFACE((#11999));
#12001=IFCPOLYLOOP((#10751,#10726,#10654));
#12002=IFCFACEOUTERBOUND(#12001,.T.);
#12003=IFCFACE((#12002));
#12004=IFCPOLYLOOP((#10751,#10657,#10656));
#12005=IFCFACEOUTERBOUND(#12004,.T.);
#12006=IFCFACE((#12005));
#12007=IFCPOLYLOOP((#10739,#10707,#10740));
#12008=IFCFACEOUTERBOUND(#12007,.T.);
#12009=IFCFACE((#12008));
#12010=IFCPOLYLOOP((#10741,#10740,#10742));
#12011=IFCFACEOUTERBOUND(#12010,.T.);
#12012=IFCFACE((#12011));
#12013=IFCPOLYLOOP((#10730,#10728,#10708));
#12014=IFCFACEOUTERBOUND(#12013,.T.);
#12015=IFCFACE((#12014));
#12016=IFCPOLYLOOP((#10731,#10729,#10723));
#12017=IFCFACEOUTERBOUND(#12016,.T.);
#12018=IFCFACE((#12017));
#12019=IFCPOLYLOOP((#10729,#10724,#10723));
#12020=IFCFACEOUTERBOUND(#12019,.T.);
#12021=IFCFACE((#12020));
#12022=IFCPOLYLOOP((#10738,#10725,#10704));
#12023=IFCFACEOUTERBOUND(#12022,.T.);
#12024=IFCFACE((#12023));
#12025=IFCPOLYLOOP((#10714,#10713,#10734));
#12026=IFCFACEOUTERBOUND(#12025,.T.);
#12027=IFCFACE((#12026));
#12028=IFCPOLYLOOP((#10731,#10722,#10729));
#12029=IFCFACEOUTERBOUND(#12028,.T.);
#12030=IFCFACE((#12029));
#12031=IFCPOLYLOOP((#10750,#10715,#10743));
#12032=IFCFACEOUTERBOUND(#12031,.T.);
#12033=IFCFACE((#12032));
#12034=IFCPOLYLOOP((#10728,#10729,#10722));
#12035=IFCFACEOUTERBOUND(#12034,.T.);
#12036=IFCFACE((#12035));
#12037=IFCPOLYLOOP((#10724,#10729,#10730));
#12038=IFCFACEOUTERBOUND(#12037,.T.);
#12039=IFCFACE((#12038));
#12040=IFCPOLYLOOP((#10730,#10711,#10724));
#12041=IFCFACEOUTERBOUND(#12040,.T.);
#12042=IFCFACE((#12041));
#12043=IFCPOLYLOOP((#10749,#10711,#10730));
#12044=IFCFACEOUTERBOUND(#12043,.T.);
#12045=IFCFACE((#12044));
#12046=IFCPOLYLOOP((#10748,#10706,#10733));
#12047=IFCFACEOUTERBOUND(#12046,.T.);
#12048=IFCFACE((#12047));
#12049=IFCPOLYLOOP((#10733,#10722,#10731));
#12050=IFCFACEOUTERBOUND(#12049,.T.);
#12051=IFCFACE((#12050));
#12052=IFCPOLYLOOP((#10748,#10747,#10706));
#12053=IFCFACEOUTERBOUND(#12052,.T.);
#12054=IFCFACE((#12053));
#12055=IFCPOLYLOOP((#10731,#10723,#10732));
#12056=IFCFACEOUTERBOUND(#12055,.T.);
#12057=IFCFACE((#12056));
#12058=IFCPOLYLOOP((#10738,#10714,#10734));
#12059=IFCFACEOUTERBOUND(#12058,.T.);
#12060=IFCFACE((#12059));
#12061=IFCPOLYLOOP((#10714,#10738,#10702));
#12062=IFCFACEOUTERBOUND(#12061,.T.);
#12063=IFCFACE((#12062));
#12064=IFCPOLYLOOP((#10713,#10736,#10734));
#12065=IFCFACEOUTERBOUND(#12064,.T.);
#12066=IFCFACE((#12065));
#12067=IFCPOLYLOOP((#10736,#10735,#10712));
#12068=IFCFACEOUTERBOUND(#12067,.T.);
#12069=IFCFACE((#12068));
#12070=IFCPOLYLOOP((#10749,#10737,#10711));
#12071=IFCFACEOUTERBOUND(#12070,.T.);
#12072=IFCFACE((#12071));
#12073=IFCPOLYLOOP((#10735,#10749,#10708));
#12074=IFCFACEOUTERBOUND(#12073,.T.);
#12075=IFCFACE((#12074));
#12076=IFCPOLYLOOP((#10736,#10713,#10737));
#12077=IFCFACEOUTERBOUND(#12076,.T.);
#12078=IFCFACE((#12077));
#12079=IFCPOLYLOOP((#10705,#10738,#10704));
#12080=IFCFACEOUTERBOUND(#12079,.T.);
#12081=IFCFACE((#12080));
#12082=IFCPOLYLOOP((#10710,#10739,#10740));
#12083=IFCFACEOUTERBOUND(#12082,.T.);
#12084=IFCFACE((#12083));
#12085=IFCPOLYLOOP((#10707,#10739,#10727));
#12086=IFCFACEOUTERBOUND(#12085,.T.);
#12087=IFCFACE((#12086));
#12088=IFCPOLYLOOP((#10744,#10719,#10742));
#12089=IFCFACEOUTERBOUND(#12088,.T.);
#12090=IFCFACE((#12089));
#12091=IFCPOLYLOOP((#10740,#10707,#10721));
#12092=IFCFACEOUTERBOUND(#12091,.T.);
#12093=IFCFACE((#12092));
#12094=IFCPOLYLOOP((#10741,#10710,#10740));
#12095=IFCFACEOUTERBOUND(#12094,.T.);
#12096=IFCFACE((#12095));
#12097=IFCPOLYLOOP((#10719,#10741,#10742));
#12098=IFCFACEOUTERBOUND(#12097,.T.);
#12099=IFCFACE((#12098));
#12100=IFCPOLYLOOP((#10721,#10742,#10740));
#12101=IFCFACEOUTERBOUND(#12100,.T.);
#12102=IFCFACE((#12101));
#12103=IFCPOLYLOOP((#10727,#10743,#10715));
#12104=IFCFACEOUTERBOUND(#12103,.T.);
#12105=IFCFACE((#12104));
#12106=IFCPOLYLOOP((#10743,#10717,#10716));
#12107=IFCFACEOUTERBOUND(#12106,.T.);
#12108=IFCFACE((#12107));
#12109=IFCPOLYLOOP((#10709,#10746,#10747));
#12110=IFCFACEOUTERBOUND(#12109,.T.);
#12111=IFCFACE((#12110));
#12112=IFCPOLYLOOP((#10746,#10719,#10744));
#12113=IFCFACEOUTERBOUND(#12112,.T.);
#12114=IFCFACE((#12113));
#12115=IFCPOLYLOOP((#10745,#10706,#10747));
#12116=IFCFACEOUTERBOUND(#12115,.T.);
#12117=IFCFACE((#12116));
#12118=IFCPOLYLOOP((#10744,#10720,#10745));
#12119=IFCFACEOUTERBOUND(#12118,.T.);
#12120=IFCFACE((#12119));
#12121=IFCPOLYLOOP((#10748,#10709,#10747));
#12122=IFCFACEOUTERBOUND(#12121,.T.);
#12123=IFCFACE((#12122));
#12124=IFCPOLYLOOP((#10745,#10747,#10744));
#12125=IFCFACEOUTERBOUND(#12124,.T.);
#12126=IFCFACE((#12125));
#12127=IFCPOLYLOOP((#10748,#10732,#10709));
#12128=IFCFACEOUTERBOUND(#12127,.T.);
#12129=IFCFACE((#12128));
#12130=IFCPOLYLOOP((#10752,#10732,#10748));
#12131=IFCFACEOUTERBOUND(#12130,.T.);
#12132=IFCFACE((#12131));
#12133=IFCPOLYLOOP((#10736,#10737,#10749));
#12134=IFCFACEOUTERBOUND(#12133,.T.);
#12135=IFCFACE((#12134));
#12136=IFCPOLYLOOP((#10708,#10749,#10730));
#12137=IFCFACEOUTERBOUND(#12136,.T.);
#12138=IFCFACE((#12137));
#12139=IFCPOLYLOOP((#10716,#10750,#10743));
#12140=IFCFACEOUTERBOUND(#12139,.T.);
#12141=IFCFACE((#12140));
#12142=IFCPOLYLOOP((#10715,#10750,#10718));
#12143=IFCFACEOUTERBOUND(#12142,.T.);
#12144=IFCFACE((#12143));
#12145=IFCPOLYLOOP((#10718,#10751,#10656));
#12146=IFCFACEOUTERBOUND(#12145,.T.);
#12147=IFCFACE((#12146));
#12148=IFCPOLYLOOP((#10657,#10751,#10654));
#12149=IFCFACEOUTERBOUND(#12148,.T.);
#12150=IFCFACE((#12149));
#12151=IFCPOLYLOOP((#10733,#10752,#10748));
#12152=IFCFACEOUTERBOUND(#12151,.T.);
#12153=IFCFACE((#12152));
#12154=IFCPOLYLOOP((#10752,#10731,#10732));
#12155=IFCFACEOUTERBOUND(#12154,.T.);
#12156=IFCFACE((#12155));
#12157=IFCPOLYLOOP((#10803,#10802,#10784));
#12158=IFCFACEOUTERBOUND(#12157,.T.);
#12159=IFCFACE((#12158));
#12160=IFCPOLYLOOP((#10881,#10772,#10847));
#12161=IFCFACEOUTERBOUND(#12160,.T.);
#12162=IFCFACE((#12161));
#12163=IFCPOLYLOOP((#10851,#10891,#10916));
#12164=IFCFACEOUTERBOUND(#12163,.T.);
#12165=IFCFACE((#12164));
#12166=IFCPOLYLOOP((#10921,#10790,#10867));
#12167=IFCFACEOUTERBOUND(#12166,.T.);
#12168=IFCFACE((#12167));
#12169=IFCPOLYLOOP((#10833,#10825,#10804));
#12170=IFCFACEOUTERBOUND(#12169,.T.);
#12171=IFCFACE((#12170));
#12172=IFCPOLYLOOP((#10805,#10769,#10800));
#12173=IFCFACEOUTERBOUND(#12172,.T.);
#12174=IFCFACE((#12173));
#12175=IFCPOLYLOOP((#10895,#10816,#10853,#10777));
#12176=IFCFACEOUTERBOUND(#12175,.T.);
#12177=IFCFACE((#12176));
#12178=IFCPOLYLOOP((#10836,#10837,#10834));
#12179=IFCFACEOUTERBOUND(#12178,.T.);
#12180=IFCFACE((#12179));
#12181=IFCPOLYLOOP((#10798,#10782,#10796,#10797));
#12182=IFCFACEOUTERBOUND(#12181,.T.);
#12183=IFCFACE((#12182));
#12184=IFCPOLYLOOP((#10793,#10928,#10929,#10924));
#12185=IFCFACEOUTERBOUND(#12184,.T.);
#12186=IFCFACE((#12185));
#12187=IFCPOLYLOOP((#10861,#10919,#10918));
#12188=IFCFACEOUTERBOUND(#12187,.T.);
#12189=IFCFACE((#12188));
#12190=IFCPOLYLOOP((#10835,#10837,#10836));
#12191=IFCFACEOUTERBOUND(#12190,.T.);
#12192=IFCFACE((#12191));
#12193=IFCPOLYLOOP((#10860,#10915,#10920));
#12194=IFCFACEOUTERBOUND(#12193,.T.);
#12195=IFCFACE((#12194));
#12196=IFCPOLYLOOP((#10850,#10889,#10892));
#12197=IFCFACEOUTERBOUND(#12196,.T.);
#12198=IFCFACE((#12197));
#12199=IFCPOLYLOOP((#10825,#10767,#10827));
#12200=IFCFACEOUTERBOUND(#12199,.T.);
#12201=IFCFACE((#12200));
#12202=IFCPOLYLOOP((#10820,#10907,#10857));
#12203=IFCFACEOUTERBOUND(#12202,.T.);
#12204=IFCFACE((#12203));
#12205=IFCPOLYLOOP((#10798,#10800,#10769));
#12206=IFCFACEOUTERBOUND(#12205,.T.);
#12207=IFCFACE((#12206));
#12208=IFCPOLYLOOP((#10754,#10755,#10801));
#12209=IFCFACEOUTERBOUND(#12208,.T.);
#12210=IFCFACE((#12209));
#12211=IFCPOLYLOOP((#10796,#10668,#10667));
#12212=IFCFACEOUTERBOUND(#12211,.T.);
#12213=IFCFACE((#12212));
#12214=IFCPOLYLOOP((#10844,#10873,#10876));
#12215=IFCFACEOUTERBOUND(#12214,.T.);
#12216=IFCFACE((#12215));
#12217=IFCPOLYLOOP((#10859,#10912,#10911));
#12218=IFCFACEOUTERBOUND(#12217,.T.);
#12219=IFCFACE((#12218));
#12220=IFCPOLYLOOP((#10845,#10875,#10880));
#12221=IFCFACEOUTERBOUND(#12220,.T.);
#12222=IFCFACE((#12221));
#12223=IFCPOLYLOOP((#10846,#10878,#10882));
#12224=IFCFACEOUTERBOUND(#12223,.T.);
#12225=IFCFACE((#12224));
#12226=IFCPOLYLOOP((#10870,#10924,#10929));
#12227=IFCFACEOUTERBOUND(#12226,.T.);
#12228=IFCFACE((#12227));
#12229=IFCPOLYLOOP((#10818,#10902,#10855));
#12230=IFCFACEOUTERBOUND(#12229,.T.);
#12231=IFCFACE((#12230));
#12232=IFCPOLYLOOP((#10900,#10818,#10855,#10776));
#12233=IFCFACEOUTERBOUND(#12232,.T.);
#12234=IFCFACE((#12233));
#12235=IFCPOLYLOOP((#10816,#10897,#10853));
#12236=IFCFACEOUTERBOUND(#12235,.T.);
#12237=IFCFACE((#12236));
#12238=IFCPOLYLOOP((#10667,#10794,#10797));
#12239=IFCFACEOUTERBOUND(#12238,.T.);
#12240=IFCFACE((#12239));
#12241=IFCPOLYLOOP((#10784,#10802,#10801));
#12242=IFCFACEOUTERBOUND(#12241,.T.);
#12243=IFCFACE((#12242));
#12244=IFCPOLYLOOP((#10778,#10834,#10803));
#12245=IFCFACEOUTERBOUND(#12244,.T.);
#12246=IFCFACE((#12245));
#12247=IFCPOLYLOOP((#10800,#10797,#10781));
#12248=IFCFACEOUTERBOUND(#12247,.T.);
#12249=IFCFACE((#12248));
#12250=IFCPOLYLOOP((#10803,#10834,#10779));
#12251=IFCFACEOUTERBOUND(#12250,.T.);
#12252=IFCFACE((#12251));
#12253=IFCPOLYLOOP((#10801,#10802,#10754));
#12254=IFCFACEOUTERBOUND(#12253,.T.);
#12255=IFCFACE((#12254));
#12256=IFCPOLYLOOP((#10787,#10831,#10830));
#12257=IFCFACEOUTERBOUND(#12256,.T.);
#12258=IFCFACE((#12257));
#12259=IFCPOLYLOOP((#10905,#10820,#10857,#10786));
#12260=IFCFACEOUTERBOUND(#12259,.T.);
#12261=IFCFACE((#12260));
#12262=IFCPOLYLOOP((#10828,#10829,#10830));
#12263=IFCFACEOUTERBOUND(#12262,.T.);
#12264=IFCFACE((#12263));
#12265=IFCPOLYLOOP((#10867,#10923,#10922));
#12266=IFCFACEOUTERBOUND(#12265,.T.);
#12267=IFCFACE((#12266));
#12268=IFCPOLYLOOP((#10858,#10909,#10913));
#12269=IFCFACEOUTERBOUND(#12268,.T.);
#12270=IFCFACE((#12269));
#12271=IFCPOLYLOOP((#10841,#10869,#10911));
#12272=IFCFACEOUTERBOUND(#12271,.T.);
#12273=IFCFACE((#12272));
#12274=IFCPOLYLOOP((#10812,#10887,#10849));
#12275=IFCFACEOUTERBOUND(#12274,.T.);
#12276=IFCFACE((#12275));
#12277=IFCPOLYLOOP((#10885,#10812,#10849,#10792));
#12278=IFCFACEOUTERBOUND(#12277,.T.);
#12279=IFCFACE((#12278));
#12280=IFCPOLYLOOP((#10925,#10877,#10759,#10924));
#12281=IFCFACEOUTERBOUND(#12280,.T.);
#12282=IFCFACE((#12281));
#12283=IFCPOLYLOOP((#10667,#10666,#10794));
#12284=IFCFACEOUTERBOUND(#12283,.T.);
#12285=IFCFACE((#12284));
#12286=IFCPOLYLOOP((#10795,#10753,#10754));
#12287=IFCFACEOUTERBOUND(#12286,.T.);
#12288=IFCFACE((#12287));
#12289=IFCPOLYLOOP((#10667,#10797,#10796));
#12290=IFCFACEOUTERBOUND(#12289,.T.);
#12291=IFCFACE((#12290));
#12292=IFCPOLYLOOP((#10797,#10794,#10781));
#12293=IFCFACEOUTERBOUND(#12292,.T.);
#12294=IFCFACE((#12293));
#12295=IFCPOLYLOOP((#10799,#10768,#10800,#10781));
#12296=IFCFACEOUTERBOUND(#12295,.T.);
#12297=IFCFACE((#12296));
#12298=IFCPOLYLOOP((#10798,#10797,#10800));
#12299=IFCFACEOUTERBOUND(#12298,.T.);
#12300=IFCFACE((#12299));
#12301=IFCPOLYLOOP((#10844,#10872,#10922));
#12302=IFCFACEOUTERBOUND(#12301,.T.);
#12303=IFCFACE((#12302));
#12304=IFCPOLYLOOP((#10795,#10754,#10802));
#12305=IFCFACEOUTERBOUND(#12304,.T.);
#12306=IFCFACE((#12305));
#12307=IFCPOLYLOOP((#10802,#10783,#10795));
#12308=IFCFACEOUTERBOUND(#12307,.T.);
#12309=IFCFACE((#12308));
#12310=IFCPOLYLOOP((#10783,#10802,#10803));
#12311=IFCFACEOUTERBOUND(#12310,.T.);
#12312=IFCFACE((#12311));
#12313=IFCPOLYLOOP((#10783,#10803,#10779));
#12314=IFCFACEOUTERBOUND(#12313,.T.);
#12315=IFCFACE((#12314));
#12316=IFCPOLYLOOP((#10843,#10778,#10803,#10784));
#12317=IFCFACEOUTERBOUND(#12316,.T.);
#12318=IFCFACE((#12317));
#12319=IFCPOLYLOOP((#10768,#10805,#10800));
#12320=IFCFACEOUTERBOUND(#12319,.T.);
#12321=IFCFACE((#12320));
#12322=IFCPOLYLOOP((#10826,#10769,#10805));
#12323=IFCFACEOUTERBOUND(#12322,.T.);
#12324=IFCFACE((#12323));
#12325=IFCPOLYLOOP((#10827,#10766,#10825));
#12326=IFCFACEOUTERBOUND(#12325,.T.);
#12327=IFCFACE((#12326));
#12328=IFCPOLYLOOP((#10806,#10767,#10825));
#12329=IFCFACEOUTERBOUND(#12328,.T.);
#12330=IFCFACE((#12329));
#12331=IFCPOLYLOOP((#10768,#10833,#10805));
#12332=IFCFACEOUTERBOUND(#12331,.T.);
#12333=IFCFACE((#12332));
#12334=IFCPOLYLOOP((#10874,#10807,#10845,#10772));
#12335=IFCFACEOUTERBOUND(#12334,.T.);
#12336=IFCFACE((#12335));
#12337=IFCPOLYLOOP((#10846,#10877,#10925));
#12338=IFCFACEOUTERBOUND(#12337,.T.);
#12339=IFCFACE((#12338));
#12340=IFCPOLYLOOP((#10879,#10809,#10847));
#12341=IFCFACEOUTERBOUND(#12340,.T.);
#12342=IFCFACE((#12341));
#12343=IFCPOLYLOOP((#10811,#10886,#10887,#10883));
#12344=IFCFACEOUTERBOUND(#12343,.T.);
#12345=IFCFACE((#12344));
#12346=IFCPOLYLOOP((#10848,#10883,#10887));
#12347=IFCFACEOUTERBOUND(#12346,.T.);
#12348=IFCFACE((#12347));
#12349=IFCPOLYLOOP((#10888,#10761,#10850,#10813));
#12350=IFCFACEOUTERBOUND(#12349,.T.);
#12351=IFCFACE((#12350));
#12352=IFCPOLYLOOP((#10890,#10813,#10851,#10765));
#12353=IFCFACEOUTERBOUND(#12352,.T.);
#12354=IFCFACE((#12353));
#12355=IFCPOLYLOOP((#10897,#10852,#10815));
#12356=IFCFACEOUTERBOUND(#12355,.T.);
#12357=IFCFACE((#12356));
#12358=IFCPOLYLOOP((#10893,#10815,#10852,#10757));
#12359=IFCFACEOUTERBOUND(#12358,.T.);
#12360=IFCFACE((#12359));
#12361=IFCPOLYLOOP((#10817,#10901,#10902,#10898));
#12362=IFCFACEOUTERBOUND(#12361,.T.);
#12363=IFCFACE((#12362));
#12364=IFCPOLYLOOP((#10854,#10898,#10902));
#12365=IFCFACEOUTERBOUND(#12364,.T.);
#12366=IFCFACE((#12365));
#12367=IFCPOLYLOOP((#10907,#10856,#10819));
#12368=IFCFACEOUTERBOUND(#12367,.T.);
#12369=IFCFACE((#12368));
#12370=IFCPOLYLOOP((#10903,#10819,#10856,#10760));
#12371=IFCFACEOUTERBOUND(#12370,.T.);
#12372=IFCFACE((#12371));
#12373=IFCPOLYLOOP((#10908,#10758,#10858,#10821));
#12374=IFCFACEOUTERBOUND(#12373,.T.);
#12375=IFCFACE((#12374));
#12376=IFCPOLYLOOP((#10910,#10821,#10859,#10789));
#12377=IFCFACEOUTERBOUND(#12376,.T.);
#12378=IFCFACE((#12377));
#12379=IFCPOLYLOOP((#10914,#10765,#10860,#10823));
#12380=IFCFACEOUTERBOUND(#12379,.T.);
#12381=IFCFACE((#12380));
#12382=IFCPOLYLOOP((#10917,#10823,#10861,#10762));
#12383=IFCFACEOUTERBOUND(#12382,.T.);
#12384=IFCFACE((#12383));
#12385=IFCPOLYLOOP((#10806,#10825,#10833));
#12386=IFCFACEOUTERBOUND(#12385,.T.);
#12387=IFCFACE((#12386));
#12388=IFCPOLYLOOP((#10862,#10804,#10825,#10766));
#12389=IFCFACEOUTERBOUND(#12388,.T.);
#12390=IFCFACE((#12389));
#12391=IFCPOLYLOOP((#10863,#10786,#10831,#10787));
#12392=IFCFACEOUTERBOUND(#12391,.T.);
#12393=IFCFACE((#12392));
#12394=IFCPOLYLOOP((#10804,#10826,#10833));
#12395=IFCFACEOUTERBOUND(#12394,.T.);
#12396=IFCFACE((#12395));
#12397=IFCPOLYLOOP((#10827,#10832,#10830));
#12398=IFCFACEOUTERBOUND(#12397,.T.);
#12399=IFCFACE((#12398));
#12400=IFCPOLYLOOP((#10830,#10829,#10827));
#12401=IFCFACEOUTERBOUND(#12400,.T.);
#12402=IFCFACE((#12401));
#12403=IFCPOLYLOOP((#10829,#10766,#10827));
#12404=IFCFACEOUTERBOUND(#12403,.T.);
#12405=IFCFACE((#12404));
#12406=IFCPOLYLOOP((#10831,#10828,#10830));
#12407=IFCFACEOUTERBOUND(#12406,.T.);
#12408=IFCFACE((#12407));
#12409=IFCPOLYLOOP((#10806,#10833,#10768));
#12410=IFCFACEOUTERBOUND(#12409,.T.);
#12411=IFCFACE((#12410));
#12412=IFCPOLYLOOP((#10864,#10828,#10831,#10785));
#12413=IFCFACEOUTERBOUND(#12412,.T.);
#12414=IFCFACE((#12413));
#12415=IFCPOLYLOOP((#10785,#10831,#10857));
#12416=IFCFACEOUTERBOUND(#12415,.T.);
#12417=IFCFACE((#12416));
#12418=IFCPOLYLOOP((#10787,#10830,#10832));
#12419=IFCFACEOUTERBOUND(#12418,.T.);
#12420=IFCFACE((#12419));
#12421=IFCPOLYLOOP((#10827,#10767,#10832));
#12422=IFCFACEOUTERBOUND(#12421,.T.);
#12423=IFCFACE((#12422));
#12424=IFCPOLYLOOP((#10805,#10833,#10826));
#12425=IFCFACEOUTERBOUND(#12424,.T.);
#12426=IFCFACE((#12425));
#12427=IFCPOLYLOOP((#10780,#10839,#10837));
#12428=IFCFACEOUTERBOUND(#12427,.T.);
#12429=IFCFACE((#12428));
#12430=IFCPOLYLOOP((#10837,#10838,#10780));
#12431=IFCFACEOUTERBOUND(#12430,.T.);
#12432=IFCFACE((#12431));
#12433=IFCPOLYLOOP((#10835,#10838,#10837));
#12434=IFCFACEOUTERBOUND(#12433,.T.);
#12435=IFCFACE((#12434));
#12436=IFCPOLYLOOP((#10834,#10837,#10839));
#12437=IFCFACEOUTERBOUND(#12436,.T.);
#12438=IFCFACE((#12437));
#12439=IFCPOLYLOOP((#10834,#10778,#10836));
#12440=IFCFACEOUTERBOUND(#12439,.T.);
#12441=IFCFACE((#12440));
#12442=IFCPOLYLOOP((#10865,#10780,#10838,#10763));
#12443=IFCFACEOUTERBOUND(#12442,.T.);
#12444=IFCFACE((#12443));
#12445=IFCPOLYLOOP((#10824,#10920,#10915));
#12446=IFCFACEOUTERBOUND(#12445,.T.);
#12447=IFCFACE((#12446));
#12448=IFCPOLYLOOP((#10838,#10866,#10918));
#12449=IFCFACEOUTERBOUND(#12448,.T.);
#12450=IFCFACE((#12449));
#12451=IFCPOLYLOOP((#10839,#10779,#10834));
#12452=IFCFACEOUTERBOUND(#12451,.T.);
#12453=IFCFACE((#12452));
#12454=IFCPOLYLOOP((#10822,#10913,#10909));
#12455=IFCFACEOUTERBOUND(#12454,.T.);
#12456=IFCFACE((#12455));
#12457=IFCPOLYLOOP((#10868,#10840,#10841,#10788));
#12458=IFCFACEOUTERBOUND(#12457,.T.);
#12459=IFCFACE((#12458));
#12460=IFCPOLYLOOP((#10790,#10841,#10867));
#12461=IFCFACEOUTERBOUND(#12460,.T.);
#12462=IFCFACE((#12461));
#12463=IFCPOLYLOOP((#10876,#10845,#10807));
#12464=IFCFACEOUTERBOUND(#12463,.T.);
#12465=IFCFACE((#12464));
#12466=IFCPOLYLOOP((#10927,#10842,#10871,#10791));
#12467=IFCFACEOUTERBOUND(#12466,.T.);
#12468=IFCFACE((#12467));
#12469=IFCPOLYLOOP((#10846,#10925,#10756));
#12470=IFCFACEOUTERBOUND(#12469,.T.);
#12471=IFCFACE((#12470));
#12472=IFCPOLYLOOP((#10810,#10881,#10882,#10878));
#12473=IFCFACEOUTERBOUND(#12472,.T.);
#12474=IFCFACE((#12473));
#12475=IFCPOLYLOOP((#10876,#10875,#10845));
#12476=IFCFACEOUTERBOUND(#12475,.T.);
#12477=IFCFACE((#12476));
#12478=IFCPOLYLOOP((#10882,#10847,#10809));
#12479=IFCFACEOUTERBOUND(#12478,.T.);
#12480=IFCFACE((#12479));
#12481=IFCPOLYLOOP((#10870,#10756,#10925));
#12482=IFCFACEOUTERBOUND(#12481,.T.);
#12483=IFCFACE((#12482));
#12484=IFCPOLYLOOP((#10847,#10880,#10879));
#12485=IFCFACEOUTERBOUND(#12484,.T.);
#12486=IFCFACE((#12485));
#12487=IFCPOLYLOOP((#10882,#10881,#10847));
#12488=IFCFACEOUTERBOUND(#12487,.T.);
#12489=IFCFACE((#12488));
#12490=IFCPOLYLOOP((#10775,#10848,#10854));
#12491=IFCFACEOUTERBOUND(#12490,.T.);
#12492=IFCFACE((#12491));
#12493=IFCPOLYLOOP((#10884,#10774,#10848,#10812));
#12494=IFCFACEOUTERBOUND(#12493,.T.);
#12495=IFCFACE((#12494));
#12496=IFCPOLYLOOP((#10792,#10849,#10871));
#12497=IFCFACEOUTERBOUND(#12496,.T.);
#12498=IFCFACE((#12497));
#12499=IFCPOLYLOOP((#10886,#10791,#10849));
#12500=IFCFACEOUTERBOUND(#12499,.T.);
#12501=IFCFACE((#12500));
#12502=IFCPOLYLOOP((#10892,#10851,#10813));
#12503=IFCFACEOUTERBOUND(#12502,.T.);
#12504=IFCFACE((#12503));
#12505=IFCPOLYLOOP((#10758,#10850,#10858));
#12506=IFCFACEOUTERBOUND(#12505,.T.);
#12507=IFCFACE((#12506));
#12508=IFCPOLYLOOP((#10916,#10860,#10765));
#12509=IFCFACEOUTERBOUND(#12508,.T.);
#12510=IFCFACE((#12509));
#12511=IFCPOLYLOOP((#10814,#10851,#10892));
#12512=IFCFACEOUTERBOUND(#12511,.T.);
#12513=IFCFACE((#12512));
#12514=IFCPOLYLOOP((#10757,#10852,#10856));
#12515=IFCFACEOUTERBOUND(#12514,.T.);
#12516=IFCFACE((#12515));
#12517=IFCPOLYLOOP((#10894,#10760,#10852));
#12518=IFCFACEOUTERBOUND(#12517,.T.);
#12519=IFCFACE((#12518));
#12520=IFCPOLYLOOP((#10777,#10853,#10855));
#12521=IFCFACEOUTERBOUND(#12520,.T.);
#12522=IFCFACE((#12521));
#12523=IFCPOLYLOOP((#10896,#10776,#10853));
#12524=IFCFACEOUTERBOUND(#12523,.T.);
#12525=IFCFACE((#12524));
#12526=IFCPOLYLOOP((#10774,#10854,#10848));
#12527=IFCFACEOUTERBOUND(#12526,.T.);
#12528=IFCFACE((#12527));
#12529=IFCPOLYLOOP((#10899,#10775,#10854));
#12530=IFCFACEOUTERBOUND(#12529,.T.);
#12531=IFCFACE((#12530));
#12532=IFCPOLYLOOP((#10776,#10855,#10853));
#12533=IFCFACEOUTERBOUND(#12532,.T.);
#12534=IFCFACE((#12533));
#12535=IFCPOLYLOOP((#10901,#10777,#10855));
#12536=IFCFACEOUTERBOUND(#12535,.T.);
#12537=IFCFACE((#12536));
#12538=IFCPOLYLOOP((#10760,#10856,#10852));
#12539=IFCFACEOUTERBOUND(#12538,.T.);
#12540=IFCFACE((#12539));
#12541=IFCPOLYLOOP((#10904,#10757,#10856));
#12542=IFCFACEOUTERBOUND(#12541,.T.);
#12543=IFCFACE((#12542));
#12544=IFCPOLYLOOP((#10786,#10857,#10831));
#12545=IFCFACEOUTERBOUND(#12544,.T.);
#12546=IFCFACE((#12545));
#12547=IFCPOLYLOOP((#10906,#10785,#10857));
#12548=IFCFACEOUTERBOUND(#12547,.T.);
#12549=IFCFACE((#12548));
#12550=IFCPOLYLOOP((#10913,#10859,#10821));
#12551=IFCFACEOUTERBOUND(#12550,.T.);
#12552=IFCFACE((#12551));
#12553=IFCPOLYLOOP((#10761,#10858,#10850));
#12554=IFCFACEOUTERBOUND(#12553,.T.);
#12555=IFCFACE((#12554));
#12556=IFCPOLYLOOP((#10911,#10789,#10859));
#12557=IFCFACEOUTERBOUND(#12556,.T.);
#12558=IFCFACE((#12557));
#12559=IFCPOLYLOOP((#10822,#10859,#10913));
#12560=IFCFACEOUTERBOUND(#12559,.T.);
#12561=IFCFACE((#12560));
#12562=IFCPOLYLOOP((#10920,#10861,#10823));
#12563=IFCFACEOUTERBOUND(#12562,.T.);
#12564=IFCFACE((#12563));
#12565=IFCPOLYLOOP((#10764,#10860,#10916));
#12566=IFCFACEOUTERBOUND(#12565,.T.);
#12567=IFCFACE((#12566));
#12568=IFCPOLYLOOP((#10918,#10762,#10861));
#12569=IFCFACEOUTERBOUND(#12568,.T.);
#12570=IFCFACE((#12569));
#12571=IFCPOLYLOOP((#10824,#10861,#10920));
#12572=IFCFACEOUTERBOUND(#12571,.T.);
#12573=IFCFACE((#12572));
#12574=IFCPOLYLOOP((#10867,#10922,#10921));
#12575=IFCFACEOUTERBOUND(#12574,.T.);
#12576=IFCFACE((#12575));
#12577=IFCPOLYLOOP((#10838,#10835,#10866));
#12578=IFCFACEOUTERBOUND(#12577,.T.);
#12579=IFCFACE((#12578));
#12580=IFCPOLYLOOP((#10840,#10867,#10841));
#12581=IFCFACEOUTERBOUND(#12580,.T.);
#12582=IFCFACE((#12581));
#12583=IFCPOLYLOOP((#10926,#10756,#10870,#10842));
#12584=IFCFACEOUTERBOUND(#12583,.T.);
#12585=IFCFACE((#12584));
#12586=IFCPOLYLOOP((#10841,#10790,#10869));
#12587=IFCFACEOUTERBOUND(#12586,.T.);
#12588=IFCFACE((#12587));
#12589=IFCPOLYLOOP((#10871,#10842,#10929));
#12590=IFCFACEOUTERBOUND(#12589,.T.);
#12591=IFCFACE((#12590));
#12592=IFCPOLYLOOP((#10791,#10871,#10849));
#12593=IFCFACEOUTERBOUND(#12592,.T.);
#12594=IFCFACE((#12593));
#12595=IFCPOLYLOOP((#10928,#10792,#10871));
#12596=IFCFACEOUTERBOUND(#12595,.T.);
#12597=IFCFACE((#12596));
#12598=IFCPOLYLOOP((#10808,#10875,#10876,#10873));
#12599=IFCFACEOUTERBOUND(#12598,.T.);
#12600=IFCFACE((#12599));
#12601=IFCPOLYLOOP((#10872,#10844,#10807));
#12602=IFCFACEOUTERBOUND(#12601,.T.);
#12603=IFCFACE((#12602));
#12604=IFCPOLYLOOP((#10844,#10770,#10873));
#12605=IFCFACEOUTERBOUND(#12604,.T.);
#12606=IFCFACE((#12605));
#12607=IFCPOLYLOOP((#10844,#10876,#10807));
#12608=IFCFACEOUTERBOUND(#12607,.T.);
#12609=IFCFACE((#12608));
#12610=IFCPOLYLOOP((#10773,#10879,#10880,#10875));
#12611=IFCFACEOUTERBOUND(#12610,.T.);
#12612=IFCFACE((#12611));
#12613=IFCPOLYLOOP((#10877,#10846,#10809));
#12614=IFCFACEOUTERBOUND(#12613,.T.);
#12615=IFCFACE((#12614));
#12616=IFCPOLYLOOP((#10846,#10756,#10878));
#12617=IFCFACEOUTERBOUND(#12616,.T.);
#12618=IFCFACE((#12617));
#12619=IFCPOLYLOOP((#10845,#10880,#10772));
#12620=IFCFACEOUTERBOUND(#12619,.T.);
#12621=IFCFACE((#12620));
#12622=IFCPOLYLOOP((#10880,#10847,#10772));
#12623=IFCFACEOUTERBOUND(#12622,.T.);
#12624=IFCFACE((#12623));
#12625=IFCPOLYLOOP((#10846,#10882,#10809));
#12626=IFCFACEOUTERBOUND(#12625,.T.);
#12627=IFCFACE((#12626));
#12628=IFCPOLYLOOP((#10848,#10887,#10812));
#12629=IFCFACEOUTERBOUND(#12628,.T.);
#12630=IFCFACE((#12629));
#12631=IFCPOLYLOOP((#10883,#10848,#10775));
#12632=IFCFACEOUTERBOUND(#12631,.T.);
#12633=IFCFACE((#12632));
#12634=IFCPOLYLOOP((#10849,#10887,#10886));
#12635=IFCFACEOUTERBOUND(#12634,.T.);
#12636=IFCFACE((#12635));
#12637=IFCPOLYLOOP((#10814,#10892,#10889));
#12638=IFCFACEOUTERBOUND(#12637,.T.);
#12639=IFCFACE((#12638));
#12640=IFCPOLYLOOP((#10850,#10758,#10889));
#12641=IFCFACEOUTERBOUND(#12640,.T.);
#12642=IFCFACE((#12641));
#12643=IFCPOLYLOOP((#10851,#10814,#10891));
#12644=IFCFACEOUTERBOUND(#12643,.T.);
#12645=IFCFACE((#12644));
#12646=IFCPOLYLOOP((#10850,#10892,#10813));
#12647=IFCFACEOUTERBOUND(#12646,.T.);
#12648=IFCFACE((#12647));
#12649=IFCPOLYLOOP((#10894,#10852,#10897));
#12650=IFCFACEOUTERBOUND(#12649,.T.);
#12651=IFCFACE((#12650));
#12652=IFCPOLYLOOP((#10816,#10894,#10897));
#12653=IFCFACEOUTERBOUND(#12652,.T.);
#12654=IFCFACE((#12653));
#12655=IFCPOLYLOOP((#10815,#10896,#10897));
#12656=IFCFACEOUTERBOUND(#12655,.T.);
#12657=IFCFACE((#12656));
#12658=IFCPOLYLOOP((#10853,#10897,#10896));
#12659=IFCFACEOUTERBOUND(#12658,.T.);
#12660=IFCFACE((#12659));
#12661=IFCPOLYLOOP((#10899,#10854,#10902));
#12662=IFCFACEOUTERBOUND(#12661,.T.);
#12663=IFCFACE((#12662));
#12664=IFCPOLYLOOP((#10898,#10854,#10774));
#12665=IFCFACEOUTERBOUND(#12664,.T.);
#12666=IFCFACE((#12665));
#12667=IFCPOLYLOOP((#10818,#10899,#10902));
#12668=IFCFACEOUTERBOUND(#12667,.T.);
#12669=IFCFACE((#12668));
#12670=IFCPOLYLOOP((#10855,#10902,#10901));
#12671=IFCFACEOUTERBOUND(#12670,.T.);
#12672=IFCFACE((#12671));
#12673=IFCPOLYLOOP((#10904,#10856,#10907));
#12674=IFCFACEOUTERBOUND(#12673,.T.);
#12675=IFCFACE((#12674));
#12676=IFCPOLYLOOP((#10820,#10904,#10907));
#12677=IFCFACEOUTERBOUND(#12676,.T.);
#12678=IFCFACE((#12677));
#12679=IFCPOLYLOOP((#10819,#10906,#10907));
#12680=IFCFACEOUTERBOUND(#12679,.T.);
#12681=IFCFACE((#12680));
#12682=IFCPOLYLOOP((#10857,#10907,#10906));
#12683=IFCFACEOUTERBOUND(#12682,.T.);
#12684=IFCFACE((#12683));
#12685=IFCPOLYLOOP((#10789,#10911,#10869));
#12686=IFCFACEOUTERBOUND(#12685,.T.);
#12687=IFCFACE((#12686));
#12688=IFCPOLYLOOP((#10858,#10761,#10909));
#12689=IFCFACEOUTERBOUND(#12688,.T.);
#12690=IFCFACE((#12689));
#12691=IFCPOLYLOOP((#10841,#10911,#10788));
#12692=IFCFACEOUTERBOUND(#12691,.T.);
#12693=IFCFACE((#12692));
#12694=IFCPOLYLOOP((#10788,#10911,#10912));
#12695=IFCFACEOUTERBOUND(#12694,.T.);
#12696=IFCFACE((#12695));
#12697=IFCPOLYLOOP((#10859,#10822,#10912));
#12698=IFCFACEOUTERBOUND(#12697,.T.);
#12699=IFCFACE((#12698));
#12700=IFCPOLYLOOP((#10858,#10913,#10821));
#12701=IFCFACEOUTERBOUND(#12700,.T.);
#12702=IFCFACE((#12701));
#12703=IFCPOLYLOOP((#10764,#10916,#10891));
#12704=IFCFACEOUTERBOUND(#12703,.T.);
#12705=IFCFACE((#12704));
#12706=IFCPOLYLOOP((#10860,#10764,#10915));
#12707=IFCFACEOUTERBOUND(#12706,.T.);
#12708=IFCFACE((#12707));
#12709=IFCPOLYLOOP((#10851,#10916,#10765));
#12710=IFCFACEOUTERBOUND(#12709,.T.);
#12711=IFCFACE((#12710));
#12712=IFCPOLYLOOP((#10762,#10918,#10866));
#12713=IFCFACEOUTERBOUND(#12712,.T.);
#12714=IFCFACE((#12713));
#12715=IFCPOLYLOOP((#10838,#10918,#10763));
#12716=IFCFACEOUTERBOUND(#12715,.T.);
#12717=IFCFACE((#12716));
#12718=IFCPOLYLOOP((#10763,#10918,#10919));
#12719=IFCFACEOUTERBOUND(#12718,.T.);
#12720=IFCFACE((#12719));
#12721=IFCPOLYLOOP((#10861,#10824,#10919));
#12722=IFCFACEOUTERBOUND(#12721,.T.);
#12723=IFCFACE((#12722));
#12724=IFCPOLYLOOP((#10860,#10920,#10823));
#12725=IFCFACEOUTERBOUND(#12724,.T.);
#12726=IFCFACE((#12725));
#12727=IFCPOLYLOOP((#10771,#10921,#10922,#10872));
#12728=IFCFACEOUTERBOUND(#12727,.T.);
#12729=IFCFACE((#12728));
#12730=IFCPOLYLOOP((#10844,#10922,#10770));
#12731=IFCFACEOUTERBOUND(#12730,.T.);
#12732=IFCFACE((#12731));
#12733=IFCPOLYLOOP((#10770,#10922,#10923));
#12734=IFCFACEOUTERBOUND(#12733,.T.);
#12735=IFCFACE((#12734));
#12736=IFCPOLYLOOP((#10867,#10840,#10923));
#12737=IFCFACEOUTERBOUND(#12736,.T.);
#12738=IFCFACE((#12737));
#12739=IFCPOLYLOOP((#10870,#10925,#10924));
#12740=IFCFACEOUTERBOUND(#12739,.T.);
#12741=IFCFACE((#12740));
#12742=IFCPOLYLOOP((#10870,#10929,#10842));
#12743=IFCFACEOUTERBOUND(#12742,.T.);
#12744=IFCFACE((#12743));
#12745=IFCPOLYLOOP((#10871,#10929,#10928));
#12746=IFCFACEOUTERBOUND(#12745,.T.);
#12747=IFCFACE((#12746));
#12748=IFCPOLYLOOP((#10930,#10753,#10795,#10783,#10779,#10839,#10780,#10865,#10763,#10919,#10824,#10915,#10764,#10891,#10814,#10889,#10758,#10908,#10821,#10910,#10789,#10869,#10790,#10921,#10771,#10872,#10807,#10874,#10772,#10881,#10810,#10878,#10756,#10926,#10842,#10927,#10791,#10886,#10811,#10883,#10775,#10899,#10818,#10900,#10776,#10896,#10815,#10893,#10757,#10904,#10820,#10905,#10786,#10863,#10787,#10832,#10767,#10806,#10768,#10799,#10781,#10794,#10666,#10699));
#12749=IFCFACEOUTERBOUND(#12748,.T.);
#12750=IFCFACE((#12749));
#12751=IFCPOLYLOOP((#10699,#10701,#10930));
#12752=IFCFACEOUTERBOUND(#12751,.T.);
#12753=IFCFACE((#12752));
#12754=IFCPOLYLOOP((#10701,#10699,#10653));
#12755=IFCFACEOUTERBOUND(#12754,.T.);
#12756=IFCFACE((#12755));
#12757=IFCPOLYLOOP((#10413,#10653,#10699));
#12758=IFCFACEOUTERBOUND(#12757,.T.);
#12759=IFCFACE((#12758));
#12760=IFCPOLYLOOP((#10699,#10651,#10413));
#12761=IFCFACEOUTERBOUND(#12760,.T.);
#12762=IFCFACE((#12761));
#12763=IFCPOLYLOOP((#10414,#10413,#10651));
#12764=IFCFACEOUTERBOUND(#12763,.T.);
#12765=IFCFACE((#12764));
#12766=IFCPOLYLOOP((#10651,#10650,#10414));
#12767=IFCFACEOUTERBOUND(#12766,.T.);
#12768=IFCFACE((#12767));
#12769=IFCPOLYLOOP((#10930,#10414,#10650));
#12770=IFCFACEOUTERBOUND(#12769,.T.);
#12771=IFCFACE((#12770));
#12772=IFCPOLYLOOP((#10414,#10930,#10701));
#12773=IFCFACEOUTERBOUND(#12772,.T.);
#12774=IFCFACE((#12773));
#12775=IFCPOLYLOOP((#10411,#10414,#10701,#10700));
#12776=IFCFACEOUTERBOUND(#12775,.T.);
#12777=IFCFACE((#12776));
#12778=IFCPOLYLOOP((#10652,#10703,#10700));
#12779=IFCFACEOUTERBOUND(#12778,.T.);
#12780=IFCFACE((#12779));
#12781=IFCPOLYLOOP((#10703,#10652,#10655));
#12782=IFCFACEOUTERBOUND(#12781,.T.);
#12783=IFCFACE((#12782));
#12784=IFCPOLYLOOP((#10417,#10655,#10652));
#12785=IFCFACEOUTERBOUND(#12784,.T.);
#12786=IFCFACE((#12785));
#12787=IFCPOLYLOOP((#10652,#10412,#10417));
#12788=IFCFACEOUTERBOUND(#12787,.T.);
#12789=IFCFACE((#12788));
#12790=IFCPOLYLOOP((#10418,#10417,#10412));
#12791=IFCFACEOUTERBOUND(#12790,.T.);
#12792=IFCFACE((#12791));
#12793=IFCPOLYLOOP((#10412,#10411,#10418));
#12794=IFCFACEOUTERBOUND(#12793,.T.);
#12795=IFCFACE((#12794));
#12796=IFCPOLYLOOP((#10700,#10418,#10411));
#12797=IFCFACEOUTERBOUND(#12796,.T.);
#12798=IFCFACE((#12797));
#12799=IFCPOLYLOOP((#10418,#10700,#10703));
#12800=IFCFACEOUTERBOUND(#12799,.T.);
#12801=IFCFACE((#12800));
#12802=IFCPOLYLOOP((#10703,#10702,#10933,#10931,#10415,#10418));
#12803=IFCFACEOUTERBOUND(#12802,.T.);
#12804=IFCFACE((#12803));
#12805=IFCPOLYLOOP((#10932,#10936,#10934,#10935));
#12806=IFCFACEOUTERBOUND(#12805,.T.);
#12807=IFCFACE((#12806));
#12808=IFCPOLYLOOP((#10937,#10705,#10935));
#12809=IFCFACEOUTERBOUND(#12808,.T.);
#12810=IFCFACE((#12809));
#12811=IFCPOLYLOOP((#10938,#10422,#10415));
#12812=IFCFACEOUTERBOUND(#12811,.T.);
#12813=IFCFACE((#12812));
#12814=IFCPOLYLOOP((#10938,#10931,#10934));
#12815=IFCFACEOUTERBOUND(#12814,.T.);
#12816=IFCFACE((#12815));
#12817=IFCPOLYLOOP((#10937,#10933,#10702));
#12818=IFCFACEOUTERBOUND(#12817,.T.);
#12819=IFCFACE((#12818));
#12820=IFCPOLYLOOP((#10931,#10933,#10934));
#12821=IFCFACEOUTERBOUND(#12820,.T.);
#12822=IFCFACE((#12821));
#12823=IFCPOLYLOOP((#10938,#10934,#10936));
#12824=IFCFACEOUTERBOUND(#12823,.T.);
#12825=IFCFACE((#12824));
#12826=IFCPOLYLOOP((#10934,#10937,#10935));
#12827=IFCFACEOUTERBOUND(#12826,.T.);
#12828=IFCFACE((#12827));
#12829=IFCPOLYLOOP((#10934,#10933,#10937));
#12830=IFCFACEOUTERBOUND(#12829,.T.);
#12831=IFCFACE((#12830));
#12832=IFCPOLYLOOP((#10705,#10704,#10935));
#12833=IFCFACEOUTERBOUND(#12832,.T.);
#12834=IFCFACE((#12833));
#12835=IFCPOLYLOOP((#10936,#10419,#10422));
#12836=IFCFACEOUTERBOUND(#12835,.T.);
#12837=IFCFACE((#12836));
#12838=IFCPOLYLOOP((#10705,#10937,#10702));
#12839=IFCFACEOUTERBOUND(#12838,.T.);
#12840=IFCFACE((#12839));
#12841=IFCPOLYLOOP((#10931,#10938,#10415));
#12842=IFCFACEOUTERBOUND(#12841,.T.);
#12843=IFCFACE((#12842));
#12844=IFCPOLYLOOP((#10422,#10938,#10936));
#12845=IFCFACEOUTERBOUND(#12844,.T.);
#12846=IFCFACE((#12845));
#12847=IFCPOLYLOOP((#10656,#10668,#10796));
#12848=IFCFACEOUTERBOUND(#12847,.T.);
#12849=IFCFACE((#12848));
#12850=IFCPOLYLOOP((#10668,#10656,#10663));
#12851=IFCFACEOUTERBOUND(#12850,.T.);
#12852=IFCFACE((#12851));
#12853=IFCPOLYLOOP((#10755,#10419,#10936));
#12854=IFCFACEOUTERBOUND(#12853,.T.);
#12855=IFCFACE((#12854));
#12856=IFCPOLYLOOP((#10755,#10704,#10725));
#12857=IFCFACEOUTERBOUND(#12856,.T.);
#12858=IFCFACE((#12857));
#12859=IFCPOLYLOOP((#10420,#10474,#10516));
#12860=IFCFACEOUTERBOUND(#12859,.T.);
#12861=IFCFACE((#12860));
#12862=IFCPOLYLOOP((#10420,#10473,#10684));
#12863=IFCFACEOUTERBOUND(#12862,.T.);
#12864=IFCFACE((#12863));
#12865=IFCPOLYLOOP((#10419,#10755,#10954));
#12866=IFCFACEOUTERBOUND(#12865,.T.);
#12867=IFCFACE((#12866));
#12868=IFCPOLYLOOP((#10474,#10420,#10442));
#12869=IFCFACEOUTERBOUND(#12868,.T.);
#12870=IFCFACE((#12869));
#12871=IFCPOLYLOOP((#10656,#10796,#10782));
#12872=IFCFACEOUTERBOUND(#12871,.T.);
#12873=IFCFACE((#12872));
#12874=IFCPOLYLOOP((#10656,#10782,#10798));
#12875=IFCFACEOUTERBOUND(#12874,.T.);
#12876=IFCFACE((#12875));
#12877=IFCPOLYLOOP((#10656,#10798,#10769));
#12878=IFCFACEOUTERBOUND(#12877,.T.);
#12879=IFCFACE((#12878));
#12880=IFCPOLYLOOP((#10656,#10769,#10826));
#12881=IFCFACEOUTERBOUND(#12880,.T.);
#12882=IFCFACE((#12881));
#12883=IFCPOLYLOOP((#10656,#10826,#10804));
#12884=IFCFACEOUTERBOUND(#12883,.T.);
#12885=IFCFACE((#12884));
#12886=IFCPOLYLOOP((#10656,#10804,#10862));
#12887=IFCFACEOUTERBOUND(#12886,.T.);
#12888=IFCFACE((#12887));
#12889=IFCPOLYLOOP((#10656,#10862,#10766));
#12890=IFCFACEOUTERBOUND(#12889,.T.);
#12891=IFCFACE((#12890));
#12892=IFCPOLYLOOP((#10656,#10766,#10829));
#12893=IFCFACEOUTERBOUND(#12892,.T.);
#12894=IFCFACE((#12893));
#12895=IFCPOLYLOOP((#10656,#10829,#10828));
#12896=IFCFACEOUTERBOUND(#12895,.T.);
#12897=IFCFACE((#12896));
#12898=IFCPOLYLOOP((#10656,#10828,#10864));
#12899=IFCFACEOUTERBOUND(#12898,.T.);
#12900=IFCFACE((#12899));
#12901=IFCPOLYLOOP((#10656,#10864,#10785));
#12902=IFCFACEOUTERBOUND(#12901,.T.);
#12903=IFCFACE((#12902));
#12904=IFCPOLYLOOP((#10656,#10785,#10906));
#12905=IFCFACEOUTERBOUND(#12904,.T.);
#12906=IFCFACE((#12905));
#12907=IFCPOLYLOOP((#10656,#10906,#10819));
#12908=IFCFACEOUTERBOUND(#12907,.T.);
#12909=IFCFACE((#12908));
#12910=IFCPOLYLOOP((#10656,#10819,#10903));
#12911=IFCFACEOUTERBOUND(#12910,.T.);
#12912=IFCFACE((#12911));
#12913=IFCPOLYLOOP((#10656,#10903,#10760));
#12914=IFCFACEOUTERBOUND(#12913,.T.);
#12915=IFCFACE((#12914));
#12916=IFCPOLYLOOP((#10656,#10760,#10894));
#12917=IFCFACEOUTERBOUND(#12916,.T.);
#12918=IFCFACE((#12917));
#12919=IFCPOLYLOOP((#10656,#10894,#10816));
#12920=IFCFACEOUTERBOUND(#12919,.T.);
#12921=IFCFACE((#12920));
#12922=IFCPOLYLOOP((#10656,#10816,#10895));
#12923=IFCFACEOUTERBOUND(#12922,.T.);
#12924=IFCFACE((#12923));
#12925=IFCPOLYLOOP((#10656,#10895,#10777));
#12926=IFCFACEOUTERBOUND(#12925,.T.);
#12927=IFCFACE((#12926));
#12928=IFCPOLYLOOP((#10656,#10777,#10901));
#12929=IFCFACEOUTERBOUND(#12928,.T.);
#12930=IFCFACE((#12929));
#12931=IFCPOLYLOOP((#10656,#10901,#10817));
#12932=IFCFACEOUTERBOUND(#12931,.T.);
#12933=IFCFACE((#12932));
#12934=IFCPOLYLOOP((#10656,#10817,#10898));
#12935=IFCFACEOUTERBOUND(#12934,.T.);
#12936=IFCFACE((#12935));
#12937=IFCPOLYLOOP((#10656,#10898,#10774));
#12938=IFCFACEOUTERBOUND(#12937,.T.);
#12939=IFCFACE((#12938));
#12940=IFCPOLYLOOP((#10656,#10774,#10884));
#12941=IFCFACEOUTERBOUND(#12940,.T.);
#12942=IFCFACE((#12941));
#12943=IFCPOLYLOOP((#10656,#10884,#10812));
#12944=IFCFACEOUTERBOUND(#12943,.T.);
#12945=IFCFACE((#12944));
#12946=IFCPOLYLOOP((#10656,#10812,#10885));
#12947=IFCFACEOUTERBOUND(#12946,.T.);
#12948=IFCFACE((#12947));
#12949=IFCPOLYLOOP((#10656,#10885,#10792));
#12950=IFCFACEOUTERBOUND(#12949,.T.);
#12951=IFCFACE((#12950));
#12952=IFCPOLYLOOP((#10656,#10792,#10928));
#12953=IFCFACEOUTERBOUND(#12952,.T.);
#12954=IFCFACE((#12953));
#12955=IFCPOLYLOOP((#10656,#10928,#10793));
#12956=IFCFACEOUTERBOUND(#12955,.T.);
#12957=IFCFACE((#12956));
#12958=IFCPOLYLOOP((#10656,#10793,#10924));
#12959=IFCFACEOUTERBOUND(#12958,.T.);
#12960=IFCFACE((#12959));
#12961=IFCPOLYLOOP((#10656,#10924,#10759));
#12962=IFCFACEOUTERBOUND(#12961,.T.);
#12963=IFCFACE((#12962));
#12964=IFCPOLYLOOP((#10656,#10759,#10877));
#12965=IFCFACEOUTERBOUND(#12964,.T.);
#12966=IFCFACE((#12965));
#12967=IFCPOLYLOOP((#10656,#10877,#10809));
#12968=IFCFACEOUTERBOUND(#12967,.T.);
#12969=IFCFACE((#12968));
#12970=IFCPOLYLOOP((#10656,#10809,#10879));
#12971=IFCFACEOUTERBOUND(#12970,.T.);
#12972=IFCFACE((#12971));
#12973=IFCPOLYLOOP((#10656,#10879,#10773));
#12974=IFCFACEOUTERBOUND(#12973,.T.);
#12975=IFCFACE((#12974));
#12976=IFCPOLYLOOP((#10656,#10773,#10875));
#12977=IFCFACEOUTERBOUND(#12976,.T.);
#12978=IFCFACE((#12977));
#12979=IFCPOLYLOOP((#10656,#10875,#10808));
#12980=IFCFACEOUTERBOUND(#12979,.T.);
#12981=IFCFACE((#12980));
#12982=IFCPOLYLOOP((#10656,#10808,#10873));
#12983=IFCFACEOUTERBOUND(#12982,.T.);
#12984=IFCFACE((#12983));
#12985=IFCPOLYLOOP((#10656,#10873,#10770));
#12986=IFCFACEOUTERBOUND(#12985,.T.);
#12987=IFCFACE((#12986));
#12988=IFCPOLYLOOP((#10656,#10770,#10923));
#12989=IFCFACEOUTERBOUND(#12988,.T.);
#12990=IFCFACE((#12989));
#12991=IFCPOLYLOOP((#10656,#10923,#10840));
#12992=IFCFACEOUTERBOUND(#12991,.T.);
#12993=IFCFACE((#12992));
#12994=IFCPOLYLOOP((#10656,#10840,#10868));
#12995=IFCFACEOUTERBOUND(#12994,.T.);
#12996=IFCFACE((#12995));
#12997=IFCPOLYLOOP((#10656,#10868,#10788));
#12998=IFCFACEOUTERBOUND(#12997,.T.);
#12999=IFCFACE((#12998));
#13000=IFCPOLYLOOP((#10656,#10788,#10912));
#13001=IFCFACEOUTERBOUND(#13000,.T.);
#13002=IFCFACE((#13001));
#13003=IFCPOLYLOOP((#10656,#10912,#10822));
#13004=IFCFACEOUTERBOUND(#13003,.T.);
#13005=IFCFACE((#13004));
#13006=IFCPOLYLOOP((#10656,#10822,#10909));
#13007=IFCFACEOUTERBOUND(#13006,.T.);
#13008=IFCFACE((#13007));
#13009=IFCPOLYLOOP((#10656,#10909,#10761));
#13010=IFCFACEOUTERBOUND(#13009,.T.);
#13011=IFCFACE((#13010));
#13012=IFCPOLYLOOP((#10656,#10761,#10888));
#13013=IFCFACEOUTERBOUND(#13012,.T.);
#13014=IFCFACE((#13013));
#13015=IFCPOLYLOOP((#10656,#10888,#10813));
#13016=IFCFACEOUTERBOUND(#13015,.T.);
#13017=IFCFACE((#13016));
#13018=IFCPOLYLOOP((#10656,#10813,#10890));
#13019=IFCFACEOUTERBOUND(#13018,.T.);
#13020=IFCFACE((#13019));
#13021=IFCPOLYLOOP((#10656,#10890,#10765));
#13022=IFCFACEOUTERBOUND(#13021,.T.);
#13023=IFCFACE((#13022));
#13024=IFCPOLYLOOP((#10656,#10765,#10914));
#13025=IFCFACEOUTERBOUND(#13024,.T.);
#13026=IFCFACE((#13025));
#13027=IFCPOLYLOOP((#10656,#10914,#10823));
#13028=IFCFACEOUTERBOUND(#13027,.T.);
#13029=IFCFACE((#13028));
#13030=IFCPOLYLOOP((#10656,#10823,#10917));
#13031=IFCFACEOUTERBOUND(#13030,.T.);
#13032=IFCFACE((#13031));
#13033=IFCPOLYLOOP((#10656,#10917,#10762));
#13034=IFCFACEOUTERBOUND(#13033,.T.);
#13035=IFCFACE((#13034));
#13036=IFCPOLYLOOP((#10656,#10762,#10866));
#13037=IFCFACEOUTERBOUND(#13036,.T.);
#13038=IFCFACE((#13037));
#13039=IFCPOLYLOOP((#10656,#10866,#10835));
#13040=IFCFACEOUTERBOUND(#13039,.T.);
#13041=IFCFACE((#13040));
#13042=IFCPOLYLOOP((#10656,#10835,#10836));
#13043=IFCFACEOUTERBOUND(#13042,.T.);
#13044=IFCFACE((#13043));
#13045=IFCPOLYLOOP((#10656,#10836,#10778));
#13046=IFCFACEOUTERBOUND(#13045,.T.);
#13047=IFCFACE((#13046));
#13048=IFCPOLYLOOP((#10656,#10778,#10843));
#13049=IFCFACEOUTERBOUND(#13048,.T.);
#13050=IFCFACE((#13049));
#13051=IFCPOLYLOOP((#10656,#10843,#10784));
#13052=IFCFACEOUTERBOUND(#13051,.T.);
#13053=IFCFACE((#13052));
#13054=IFCPOLYLOOP((#10656,#10784,#10801));
#13055=IFCFACEOUTERBOUND(#13054,.T.);
#13056=IFCFACE((#13055));
#13057=IFCPOLYLOOP((#10656,#10801,#10755));
#13058=IFCFACEOUTERBOUND(#13057,.T.);
#13059=IFCFACE((#13058));
#13060=IFCPOLYLOOP((#10668,#10663,#10659));
#13061=IFCFACEOUTERBOUND(#13060,.T.);
#13062=IFCFACE((#13061));
#13063=IFCPOLYLOOP((#10668,#10659,#10662));
#13064=IFCFACEOUTERBOUND(#13063,.T.);
#13065=IFCFACE((#13064));
#13066=IFCPOLYLOOP((#10668,#10662,#10420));
#13067=IFCFACEOUTERBOUND(#13066,.T.);
#13068=IFCFACE((#13067));
#13069=IFCPOLYLOOP((#10755,#10936,#10932));
#13070=IFCFACEOUTERBOUND(#13069,.T.);
#13071=IFCFACE((#13070));
#13072=IFCPOLYLOOP((#10755,#10932,#10935));
#13073=IFCFACEOUTERBOUND(#13072,.T.);
#13074=IFCFACE((#13073));
#13075=IFCPOLYLOOP((#10755,#10935,#10704));
#13076=IFCFACEOUTERBOUND(#13075,.T.);
#13077=IFCFACE((#13076));
#13078=IFCPOLYLOOP((#10755,#10725,#10712));
#13079=IFCFACEOUTERBOUND(#13078,.T.);
#13080=IFCFACE((#13079));
#13081=IFCPOLYLOOP((#10755,#10712,#10735));
#13082=IFCFACEOUTERBOUND(#13081,.T.);
#13083=IFCFACE((#13082));
#13084=IFCPOLYLOOP((#10755,#10735,#10708));
#13085=IFCFACEOUTERBOUND(#13084,.T.);
#13086=IFCFACE((#13085));
#13087=IFCPOLYLOOP((#10755,#10708,#10728));
#13088=IFCFACEOUTERBOUND(#13087,.T.);
#13089=IFCFACE((#13088));
#13090=IFCPOLYLOOP((#10755,#10728,#10722));
#13091=IFCFACEOUTERBOUND(#13090,.T.);
#13092=IFCFACE((#13091));
#13093=IFCPOLYLOOP((#10755,#10722,#10733));
#13094=IFCFACEOUTERBOUND(#13093,.T.);
#13095=IFCFACE((#13094));
#13096=IFCPOLYLOOP((#10755,#10733,#10706));
#13097=IFCFACEOUTERBOUND(#13096,.T.);
#13098=IFCFACE((#13097));
#13099=IFCPOLYLOOP((#10755,#10706,#10745));
#13100=IFCFACEOUTERBOUND(#13099,.T.);
#13101=IFCFACE((#13100));
#13102=IFCPOLYLOOP((#10755,#10745,#10720));
#13103=IFCFACEOUTERBOUND(#13102,.T.);
#13104=IFCFACE((#13103));
#13105=IFCPOLYLOOP((#10755,#10720,#10721));
#13106=IFCFACEOUTERBOUND(#13105,.T.);
#13107=IFCFACE((#13106));
#13108=IFCPOLYLOOP((#10755,#10721,#10707));
#13109=IFCFACEOUTERBOUND(#13108,.T.);
#13110=IFCFACE((#13109));
#13111=IFCPOLYLOOP((#10755,#10707,#10727));
#13112=IFCFACEOUTERBOUND(#13111,.T.);
#13113=IFCFACE((#13112));
#13114=IFCPOLYLOOP((#10755,#10727,#10715));
#13115=IFCFACEOUTERBOUND(#13114,.T.);
#13116=IFCFACE((#13115));
#13117=IFCPOLYLOOP((#10755,#10715,#10718));
#13118=IFCFACEOUTERBOUND(#13117,.T.);
#13119=IFCFACE((#13118));
#13120=IFCPOLYLOOP((#10755,#10718,#10656));
#13121=IFCFACEOUTERBOUND(#13120,.T.);
#13122=IFCFACE((#13121));
#13123=IFCPOLYLOOP((#10420,#10516,#10502));
#13124=IFCFACEOUTERBOUND(#13123,.T.);
#13125=IFCFACE((#13124));
#13126=IFCPOLYLOOP((#10420,#10502,#10518));
#13127=IFCFACEOUTERBOUND(#13126,.T.);
#13128=IFCFACE((#13127));
#13129=IFCPOLYLOOP((#10420,#10518,#10489));
#13130=IFCFACEOUTERBOUND(#13129,.T.);
#13131=IFCFACE((#13130));
#13132=IFCPOLYLOOP((#10420,#10489,#10546));
#13133=IFCFACEOUTERBOUND(#13132,.T.);
#13134=IFCFACE((#13133));
#13135=IFCPOLYLOOP((#10420,#10546,#10524));
#13136=IFCFACEOUTERBOUND(#13135,.T.);
#13137=IFCFACE((#13136));
#13138=IFCPOLYLOOP((#10420,#10524,#10582));
#13139=IFCFACEOUTERBOUND(#13138,.T.);
#13140=IFCFACE((#13139));
#13141=IFCPOLYLOOP((#10420,#10582,#10486));
#13142=IFCFACEOUTERBOUND(#13141,.T.);
#13143=IFCFACE((#13142));
#13144=IFCPOLYLOOP((#10420,#10486,#10549));
#13145=IFCFACEOUTERBOUND(#13144,.T.);
#13146=IFCFACE((#13145));
#13147=IFCPOLYLOOP((#10420,#10549,#10548));
#13148=IFCFACEOUTERBOUND(#13147,.T.);
#13149=IFCFACE((#13148));
#13150=IFCPOLYLOOP((#10420,#10548,#10584));
#13151=IFCFACEOUTERBOUND(#13150,.T.);
#13152=IFCFACE((#13151));
#13153=IFCPOLYLOOP((#10420,#10584,#10505));
#13154=IFCFACEOUTERBOUND(#13153,.T.);
#13155=IFCFACE((#13154));
#13156=IFCPOLYLOOP((#10420,#10505,#10626));
#13157=IFCFACEOUTERBOUND(#13156,.T.);
#13158=IFCFACE((#13157));
#13159=IFCPOLYLOOP((#10420,#10626,#10539));
#13160=IFCFACEOUTERBOUND(#13159,.T.);
#13161=IFCFACE((#13160));
#13162=IFCPOLYLOOP((#10420,#10539,#10623));
#13163=IFCFACEOUTERBOUND(#13162,.T.);
#13164=IFCFACE((#13163));
#13165=IFCPOLYLOOP((#10420,#10623,#10480));
#13166=IFCFACEOUTERBOUND(#13165,.T.);
#13167=IFCFACE((#13166));
#13168=IFCPOLYLOOP((#10420,#10480,#10614));
#13169=IFCFACEOUTERBOUND(#13168,.T.);
#13170=IFCFACE((#13169));
#13171=IFCPOLYLOOP((#10420,#10614,#10536));
#13172=IFCFACEOUTERBOUND(#13171,.T.);
#13173=IFCFACE((#13172));
#13174=IFCPOLYLOOP((#10420,#10536,#10615));
#13175=IFCFACEOUTERBOUND(#13174,.T.);
#13176=IFCFACE((#13175));
#13177=IFCPOLYLOOP((#10420,#10615,#10497));
#13178=IFCFACEOUTERBOUND(#13177,.T.);
#13179=IFCFACE((#13178));
#13180=IFCPOLYLOOP((#10420,#10497,#10621));
#13181=IFCFACEOUTERBOUND(#13180,.T.);
#13182=IFCFACE((#13181));
#13183=IFCPOLYLOOP((#10420,#10621,#10537));
#13184=IFCFACEOUTERBOUND(#13183,.T.);
#13185=IFCFACE((#13184));
#13186=IFCPOLYLOOP((#10420,#10537,#10618));
#13187=IFCFACEOUTERBOUND(#13186,.T.);
#13188=IFCFACE((#13187));
#13189=IFCPOLYLOOP((#10420,#10618,#10494));
#13190=IFCFACEOUTERBOUND(#13189,.T.);
#13191=IFCFACE((#13190));
#13192=IFCPOLYLOOP((#10420,#10494,#10604));
#13193=IFCFACEOUTERBOUND(#13192,.T.);
#13194=IFCFACE((#13193));
#13195=IFCPOLYLOOP((#10420,#10604,#10532));
#13196=IFCFACEOUTERBOUND(#13195,.T.);
#13197=IFCFACE((#13196));
#13198=IFCPOLYLOOP((#10420,#10532,#10605));
#13199=IFCFACEOUTERBOUND(#13198,.T.);
#13200=IFCFACE((#13199));
#13201=IFCPOLYLOOP((#10420,#10605,#10512));
#13202=IFCFACEOUTERBOUND(#13201,.T.);
#13203=IFCFACE((#13202));
#13204=IFCPOLYLOOP((#10420,#10512,#10648));
#13205=IFCFACEOUTERBOUND(#13204,.T.);
#13206=IFCFACE((#13205));
#13207=IFCPOLYLOOP((#10420,#10648,#10513));
#13208=IFCFACEOUTERBOUND(#13207,.T.);
#13209=IFCFACE((#13208));
#13210=IFCPOLYLOOP((#10420,#10513,#10644));
#13211=IFCFACEOUTERBOUND(#13210,.T.);
#13212=IFCFACE((#13211));
#13213=IFCPOLYLOOP((#10420,#10644,#10479));
#13214=IFCFACEOUTERBOUND(#13213,.T.);
#13215=IFCFACE((#13214));
#13216=IFCPOLYLOOP((#10420,#10479,#10597));
#13217=IFCFACEOUTERBOUND(#13216,.T.);
#13218=IFCFACE((#13217));
#13219=IFCPOLYLOOP((#10420,#10597,#10529));
#13220=IFCFACEOUTERBOUND(#13219,.T.);
#13221=IFCFACE((#13220));
#13222=IFCPOLYLOOP((#10420,#10529,#10599));
#13223=IFCFACEOUTERBOUND(#13222,.T.);
#13224=IFCFACE((#13223));
#13225=IFCPOLYLOOP((#10420,#10599,#10493));
#13226=IFCFACEOUTERBOUND(#13225,.T.);
#13227=IFCFACE((#13226));
#13228=IFCPOLYLOOP((#10420,#10493,#10595));
#13229=IFCFACEOUTERBOUND(#13228,.T.);
#13230=IFCFACE((#13229));
#13231=IFCPOLYLOOP((#10420,#10595,#10528));
#13232=IFCFACEOUTERBOUND(#13231,.T.);
#13233=IFCFACE((#13232));
#13234=IFCPOLYLOOP((#10420,#10528,#10593));
#13235=IFCFACEOUTERBOUND(#13234,.T.);
#13236=IFCFACE((#13235));
#13237=IFCPOLYLOOP((#10420,#10593,#10490));
#13238=IFCFACEOUTERBOUND(#13237,.T.);
#13239=IFCFACE((#13238));
#13240=IFCPOLYLOOP((#10420,#10490,#10643));
#13241=IFCFACEOUTERBOUND(#13240,.T.);
#13242=IFCFACE((#13241));
#13243=IFCPOLYLOOP((#10420,#10643,#10560));
#13244=IFCFACEOUTERBOUND(#13243,.T.);
#13245=IFCFACE((#13244));
#13246=IFCPOLYLOOP((#10420,#10560,#10588));
#13247=IFCFACEOUTERBOUND(#13246,.T.);
#13248=IFCFACE((#13247));
#13249=IFCPOLYLOOP((#10420,#10588,#10508));
#13250=IFCFACEOUTERBOUND(#13249,.T.);
#13251=IFCFACE((#13250));
#13252=IFCPOLYLOOP((#10420,#10508,#10632));
#13253=IFCFACEOUTERBOUND(#13252,.T.);
#13254=IFCFACE((#13253));
#13255=IFCPOLYLOOP((#10420,#10632,#10542));
#13256=IFCFACEOUTERBOUND(#13255,.T.);
#13257=IFCFACE((#13256));
#13258=IFCPOLYLOOP((#10420,#10542,#10629));
#13259=IFCFACEOUTERBOUND(#13258,.T.);
#13260=IFCFACE((#13259));
#13261=IFCPOLYLOOP((#10420,#10629,#10481));
#13262=IFCFACEOUTERBOUND(#13261,.T.);
#13263=IFCFACE((#13262));
#13264=IFCPOLYLOOP((#10420,#10481,#10608));
#13265=IFCFACEOUTERBOUND(#13264,.T.);
#13266=IFCFACE((#13265));
#13267=IFCPOLYLOOP((#10420,#10608,#10533));
#13268=IFCFACEOUTERBOUND(#13267,.T.);
#13269=IFCFACE((#13268));
#13270=IFCPOLYLOOP((#10420,#10533,#10610));
#13271=IFCFACEOUTERBOUND(#13270,.T.);
#13272=IFCFACE((#13271));
#13273=IFCPOLYLOOP((#10420,#10610,#10485));
#13274=IFCFACEOUTERBOUND(#13273,.T.);
#13275=IFCFACE((#13274));
#13276=IFCPOLYLOOP((#10420,#10485,#10634));
#13277=IFCFACEOUTERBOUND(#13276,.T.);
#13278=IFCFACE((#13277));
#13279=IFCPOLYLOOP((#10420,#10634,#10543));
#13280=IFCFACEOUTERBOUND(#13279,.T.);
#13281=IFCFACE((#13280));
#13282=IFCPOLYLOOP((#10420,#10543,#10637));
#13283=IFCFACEOUTERBOUND(#13282,.T.);
#13284=IFCFACE((#13283));
#13285=IFCPOLYLOOP((#10420,#10637,#10482));
#13286=IFCFACEOUTERBOUND(#13285,.T.);
#13287=IFCFACE((#13286));
#13288=IFCPOLYLOOP((#10420,#10482,#10586));
#13289=IFCFACEOUTERBOUND(#13288,.T.);
#13290=IFCFACE((#13289));
#13291=IFCPOLYLOOP((#10420,#10586,#10555));
#13292=IFCFACEOUTERBOUND(#13291,.T.);
#13293=IFCFACE((#13292));
#13294=IFCPOLYLOOP((#10420,#10555,#10556));
#13295=IFCFACEOUTERBOUND(#13294,.T.);
#13296=IFCFACE((#13295));
#13297=IFCPOLYLOOP((#10420,#10556,#10498));
#13298=IFCFACEOUTERBOUND(#13297,.T.);
#13299=IFCFACE((#13298));
#13300=IFCPOLYLOOP((#10420,#10498,#10563));
#13301=IFCFACEOUTERBOUND(#13300,.T.);
#13302=IFCFACE((#13301));
#13303=IFCPOLYLOOP((#10420,#10563,#10504));
#13304=IFCFACEOUTERBOUND(#13303,.T.);
#13305=IFCFACE((#13304));
#13306=IFCPOLYLOOP((#10420,#10504,#10521));
#13307=IFCFACEOUTERBOUND(#13306,.T.);
#13308=IFCFACE((#13307));
#13309=IFCPOLYLOOP((#10420,#10521,#10473));
#13310=IFCFACEOUTERBOUND(#13309,.T.);
#13311=IFCFACE((#13310));
#13312=IFCPOLYLOOP((#10420,#10684,#10677));
#13313=IFCFACEOUTERBOUND(#13312,.T.);
#13314=IFCFACE((#13313));
#13315=IFCPOLYLOOP((#10420,#10677,#10678));
#13316=IFCFACEOUTERBOUND(#13315,.T.);
#13317=IFCFACE((#13316));
#13318=IFCPOLYLOOP((#10420,#10678,#10673));
#13319=IFCFACEOUTERBOUND(#13318,.T.);
#13320=IFCFACE((#13319));
#13321=IFCPOLYLOOP((#10420,#10673,#10697));
#13322=IFCFACEOUTERBOUND(#13321,.T.);
#13323=IFCFACE((#13322));
#13324=IFCPOLYLOOP((#10420,#10697,#10674));
#13325=IFCFACEOUTERBOUND(#13324,.T.);
#13326=IFCFACE((#13325));
#13327=IFCPOLYLOOP((#10420,#10674,#10688));
#13328=IFCFACEOUTERBOUND(#13327,.T.);
#13329=IFCFACE((#13328));
#13330=IFCPOLYLOOP((#10420,#10688,#10669));
#13331=IFCFACEOUTERBOUND(#13330,.T.);
#13332=IFCFACE((#13331));
#13333=IFCPOLYLOOP((#10420,#10669,#10693));
#13334=IFCFACEOUTERBOUND(#13333,.T.);
#13335=IFCFACE((#13334));
#13336=IFCPOLYLOOP((#10420,#10693,#10675));
#13337=IFCFACEOUTERBOUND(#13336,.T.);
#13338=IFCFACE((#13337));
#13339=IFCPOLYLOOP((#10420,#10675,#10680));
#13340=IFCFACEOUTERBOUND(#13339,.T.);
#13341=IFCFACE((#13340));
#13342=IFCPOLYLOOP((#10420,#10680,#10668));
#13343=IFCFACEOUTERBOUND(#13342,.T.);
#13344=IFCFACE((#13343));
#13345=IFCPOLYLOOP((#10419,#10954,#10947));
#13346=IFCFACEOUTERBOUND(#13345,.T.);
#13347=IFCFACE((#13346));
#13348=IFCPOLYLOOP((#10419,#10947,#10948));
#13349=IFCFACEOUTERBOUND(#13348,.T.);
#13350=IFCFACE((#13349));
#13351=IFCPOLYLOOP((#10419,#10948,#10943));
#13352=IFCFACEOUTERBOUND(#13351,.T.);
#13353=IFCFACE((#13352));
#13354=IFCPOLYLOOP((#10419,#10943,#10967));
#13355=IFCFACEOUTERBOUND(#13354,.T.);
#13356=IFCFACE((#13355));
#13357=IFCPOLYLOOP((#10419,#10967,#10944));
#13358=IFCFACEOUTERBOUND(#13357,.T.);
#13359=IFCFACE((#13358));
#13360=IFCPOLYLOOP((#10419,#10944,#10958));
#13361=IFCFACEOUTERBOUND(#13360,.T.);
#13362=IFCFACE((#13361));
#13363=IFCPOLYLOOP((#10419,#10958,#10939));
#13364=IFCFACEOUTERBOUND(#13363,.T.);
#13365=IFCFACE((#13364));
#13366=IFCPOLYLOOP((#10419,#10939,#10963));
#13367=IFCFACEOUTERBOUND(#13366,.T.);
#13368=IFCFACE((#13367));
#13369=IFCPOLYLOOP((#10419,#10963,#10945));
#13370=IFCFACEOUTERBOUND(#13369,.T.);
#13371=IFCFACE((#13370));
#13372=IFCPOLYLOOP((#10419,#10945,#10950));
#13373=IFCFACEOUTERBOUND(#13372,.T.);
#13374=IFCFACE((#13373));
#13375=IFCPOLYLOOP((#10419,#10950,#10474));
#13376=IFCFACEOUTERBOUND(#13375,.T.);
#13377=IFCFACE((#13376));
#13378=IFCPOLYLOOP((#10474,#10442,#10429));
#13379=IFCFACEOUTERBOUND(#13378,.T.);
#13380=IFCFACE((#13379));
#13381=IFCPOLYLOOP((#10474,#10429,#10452));
#13382=IFCFACEOUTERBOUND(#13381,.T.);
#13383=IFCFACE((#13382));
#13384=IFCPOLYLOOP((#10474,#10452,#10425));
#13385=IFCFACEOUTERBOUND(#13384,.T.);
#13386=IFCFACE((#13385));
#13387=IFCPOLYLOOP((#10474,#10425,#10445));
#13388=IFCFACEOUTERBOUND(#13387,.T.);
#13389=IFCFACE((#13388));
#13390=IFCPOLYLOOP((#10474,#10445,#10439));
#13391=IFCFACEOUTERBOUND(#13390,.T.);
#13392=IFCFACE((#13391));
#13393=IFCPOLYLOOP((#10474,#10439,#10450));
#13394=IFCFACEOUTERBOUND(#13393,.T.);
#13395=IFCFACE((#13394));
#13396=IFCPOLYLOOP((#10474,#10450,#10423));
#13397=IFCFACEOUTERBOUND(#13396,.T.);
#13398=IFCFACE((#13397));
#13399=IFCPOLYLOOP((#10474,#10423,#10462));
#13400=IFCFACEOUTERBOUND(#13399,.T.);
#13401=IFCFACE((#13400));
#13402=IFCPOLYLOOP((#10474,#10462,#10437));
#13403=IFCFACEOUTERBOUND(#13402,.T.);
#13404=IFCFACE((#13403));
#13405=IFCPOLYLOOP((#10474,#10437,#10438));
#13406=IFCFACEOUTERBOUND(#13405,.T.);
#13407=IFCFACE((#13406));
#13408=IFCPOLYLOOP((#10474,#10438,#10424));
#13409=IFCFACEOUTERBOUND(#13408,.T.);
#13410=IFCFACE((#13409));
#13411=IFCPOLYLOOP((#10474,#10424,#10444));
#13412=IFCFACEOUTERBOUND(#13411,.T.);
#13413=IFCFACE((#13412));
#13414=IFCPOLYLOOP((#10474,#10444,#10432));
#13415=IFCFACEOUTERBOUND(#13414,.T.);
#13416=IFCFACE((#13415));
#13417=IFCPOLYLOOP((#10474,#10432,#10435));
#13418=IFCFACEOUTERBOUND(#13417,.T.);
#13419=IFCFACE((#13418));
#13420=IFCPOLYLOOP((#10474,#10435,#10419));
#13421=IFCFACEOUTERBOUND(#13420,.T.);
#13422=IFCFACE((#13421));
#13423=IFCPOLYLOOP((#10955,#10951,#10946));
#13424=IFCFACEOUTERBOUND(#13423,.T.);
#13425=IFCFACE((#13424));
#13426=IFCPOLYLOOP((#10962,#10966,#10967));
#13427=IFCFACEOUTERBOUND(#13426,.T.);
#13428=IFCFACE((#13427));
#13429=IFCPOLYLOOP((#10949,#10968,#10956));
#13430=IFCFACEOUTERBOUND(#13429,.T.);
#13431=IFCFACE((#13430));
#13432=IFCPOLYLOOP((#10960,#10941,#10962));
#13433=IFCFACEOUTERBOUND(#13432,.T.);
#13434=IFCFACE((#13433));
#13435=IFCPOLYLOOP((#10949,#10956,#10942));
#13436=IFCFACEOUTERBOUND(#13435,.T.);
#13437=IFCFACE((#13436));
#13438=IFCPOLYLOOP((#10956,#10963,#10959));
#13439=IFCFACEOUTERBOUND(#13438,.T.);
#13440=IFCFACE((#13439));
#13441=IFCPOLYLOOP((#10968,#10953,#10475));
#13442=IFCFACEOUTERBOUND(#13441,.T.);
#13443=IFCFACE((#13442));
#13444=IFCPOLYLOOP((#10941,#10960,#10952));
#13445=IFCFACEOUTERBOUND(#13444,.T.);
#13446=IFCFACE((#13445));
#13447=IFCPOLYLOOP((#10948,#10960,#10943));
#13448=IFCFACEOUTERBOUND(#13447,.T.);
#13449=IFCFACE((#13448));
#13450=IFCPOLYLOOP((#10961,#10966,#10940));
#13451=IFCFACEOUTERBOUND(#13450,.T.);
#13452=IFCFACE((#13451));
#13453=IFCPOLYLOOP((#10942,#10956,#10959));
#13454=IFCFACEOUTERBOUND(#13453,.T.);
#13455=IFCFACE((#13454));
#13456=IFCPOLYLOOP((#10964,#10955,#10946));
#13457=IFCFACEOUTERBOUND(#13456,.T.);
#13458=IFCFACE((#13457));
#13459=IFCPOLYLOOP((#10964,#10948,#10947));
#13460=IFCFACEOUTERBOUND(#13459,.T.);
#13461=IFCFACE((#13460));
#13462=IFCPOLYLOOP((#10964,#10960,#10948));
#13463=IFCFACEOUTERBOUND(#13462,.T.);
#13464=IFCFACE((#13463));
#13465=IFCPOLYLOOP((#10968,#10475,#10474));
#13466=IFCFACEOUTERBOUND(#13465,.T.);
#13467=IFCFACE((#13466));
#13468=IFCPOLYLOOP((#10954,#10755,#10754));
#13469=IFCFACEOUTERBOUND(#13468,.T.);
#13470=IFCFACE((#13469));
#13471=IFCPOLYLOOP((#10954,#10955,#10947));
#13472=IFCFACEOUTERBOUND(#13471,.T.);
#13473=IFCFACE((#13472));
#13474=IFCPOLYLOOP((#10754,#10753,#10951));
#13475=IFCFACEOUTERBOUND(#13474,.T.);
#13476=IFCFACE((#13475));
#13477=IFCPOLYLOOP((#10953,#10470,#10475));
#13478=IFCFACEOUTERBOUND(#13477,.T.);
#13479=IFCFACE((#13478));
#13480=IFCPOLYLOOP((#10968,#10945,#10956));
#13481=IFCFACEOUTERBOUND(#13480,.T.);
#13482=IFCFACE((#13481));
#13483=IFCPOLYLOOP((#10754,#10955,#10954));
#13484=IFCFACEOUTERBOUND(#13483,.T.);
#13485=IFCFACE((#13484));
#13486=IFCPOLYLOOP((#10951,#10955,#10754));
#13487=IFCFACEOUTERBOUND(#13486,.T.);
#13488=IFCFACE((#13487));
#13489=IFCPOLYLOOP((#10963,#10956,#10945));
#13490=IFCFACEOUTERBOUND(#13489,.T.);
#13491=IFCFACE((#13490));
#13492=IFCPOLYLOOP((#10950,#10945,#10968,#10474));
#13493=IFCFACEOUTERBOUND(#13492,.T.);
#13494=IFCFACE((#13493));
#13495=IFCPOLYLOOP((#10959,#10957,#10942));
#13496=IFCFACEOUTERBOUND(#13495,.T.);
#13497=IFCFACE((#13496));
#13498=IFCPOLYLOOP((#10966,#10961,#10958));
#13499=IFCFACEOUTERBOUND(#13498,.T.);
#13500=IFCFACE((#13499));
#13501=IFCPOLYLOOP((#10958,#10961,#10939));
#13502=IFCFACEOUTERBOUND(#13501,.T.);
#13503=IFCFACE((#13502));
#13504=IFCPOLYLOOP((#10957,#10959,#10961));
#13505=IFCFACEOUTERBOUND(#13504,.T.);
#13506=IFCFACE((#13505));
#13507=IFCPOLYLOOP((#10962,#10943,#10960));
#13508=IFCFACEOUTERBOUND(#13507,.T.);
#13509=IFCFACE((#13508));
#13510=IFCPOLYLOOP((#10964,#10946,#10952));
#13511=IFCFACEOUTERBOUND(#13510,.T.);
#13512=IFCFACE((#13511));
#13513=IFCPOLYLOOP((#10939,#10961,#10959));
#13514=IFCFACEOUTERBOUND(#13513,.T.);
#13515=IFCFACE((#13514));
#13516=IFCPOLYLOOP((#10957,#10961,#10940));
#13517=IFCFACEOUTERBOUND(#13516,.T.);
#13518=IFCFACE((#13517));
#13519=IFCPOLYLOOP((#10944,#10967,#10966,#10958));
#13520=IFCFACEOUTERBOUND(#13519,.T.);
#13521=IFCFACE((#13520));
#13522=IFCPOLYLOOP((#10965,#10966,#10962));
#13523=IFCFACEOUTERBOUND(#13522,.T.);
#13524=IFCFACE((#13523));
#13525=IFCPOLYLOOP((#10963,#10939,#10959));
#13526=IFCFACEOUTERBOUND(#13525,.T.);
#13527=IFCFACE((#13526));
#13528=IFCPOLYLOOP((#10947,#10955,#10964));
#13529=IFCFACEOUTERBOUND(#13528,.T.);
#13530=IFCFACE((#13529));
#13531=IFCPOLYLOOP((#10960,#10964,#10952));
#13532=IFCFACEOUTERBOUND(#13531,.T.);
#13533=IFCFACE((#13532));
#13534=IFCPOLYLOOP((#10940,#10966,#10965));
#13535=IFCFACEOUTERBOUND(#13534,.T.);
#13536=IFCFACE((#13535));
#13537=IFCPOLYLOOP((#10962,#10941,#10965));
#13538=IFCFACEOUTERBOUND(#13537,.T.);
#13539=IFCFACE((#13538));
#13540=IFCPOLYLOOP((#10967,#10943,#10962));
#13541=IFCFACEOUTERBOUND(#13540,.T.);
#13542=IFCFACE((#13541));
#13543=IFCPOLYLOOP((#10949,#10953,#10968));
#13544=IFCFACEOUTERBOUND(#13543,.T.);
#13545=IFCFACE((#13544));
#13546=IFCPOLYLOOP((#10930,#10650,#10470,#10953,#10949,#10942,#10957,#10940,#10965,#10941,#10952,#10946,#10951,#10753));
#13547=IFCFACEOUTERBOUND(#13546,.T.);
#13548=IFCFACE((#13547));
#13549=IFCCARTESIANPOINT((647.600000000015,212.699999999999,1212.6));
#13550=IFCCARTESIANPOINT((647.600000000015,212.699999999999,1847.6));
#13551=IFCCARTESIANPOINT((647.600000000015,192.699999999999,1847.6));
#13552=IFCCARTESIANPOINT((647.600000000015,192.699999999999,1212.6));
#13553=IFCCARTESIANPOINT((635.600000000015,191.699999999998,1224.6));
#13554=IFCCARTESIANPOINT((635.600000000015,191.699999999998,1835.6));
#13555=IFCCARTESIANPOINT((635.600000000014,212.699999999998,1835.6));
#13556=IFCCARTESIANPOINT((635.600000000014,212.699999999998,1224.6));
#13557=IFCCARTESIANPOINT((640.600000000015,186.699999999999,1219.6));
#13558=IFCCARTESIANPOINT((640.600000000015,186.699999999998,1840.6));
#13559=IFCCARTESIANPOINT((637.064466094082,188.164466094066,1837.06446609407));
#13560=IFCCARTESIANPOINT((637.064466094082,188.164466094066,1223.13553390593));
#13561=IFCCARTESIANPOINT((640.600000000015,186.699999999999,1531.90755080495));
#13562=IFCCARTESIANPOINT((640.600000000015,186.699999999999,1375.75377540247));
#13563=IFCCARTESIANPOINT((640.600000000015,186.699999999998,1684.44623959925));
#13564=IFCCARTESIANPOINT((635.600000000015,191.699999999998,1530.09999819546));
#13565=IFCCARTESIANPOINT((635.600000000015,191.699999999998,1377.34999729319));
#13566=IFCCARTESIANPOINT((635.600000000015,191.699999999998,1682.84999909773));
#13567=IFCCARTESIANPOINT((640.600000000015,186.699999999998,1762.52312730049));
#13568=IFCCARTESIANPOINT((635.600000000015,191.699999999998,1759.22499954886));
#13569=IFCCARTESIANPOINT((635.600000000015,191.699999999998,1796.56155566704));
#13570=IFCCARTESIANPOINT((640.600000000015,186.699999999999,1297.67688770124));
#13571=IFCCARTESIANPOINT((635.600000000015,191.699999999998,1300.97500045114));
#13572=IFCCARTESIANPOINT((635.600000000015,191.699999999998,1339.16249887216));
#13573=IFCCARTESIANPOINT((640.600000000015,186.699999999999,1258.63844385062));
#13574=IFCCARTESIANPOINT((635.600000000015,191.699999999998,1453.72499774432));
#13575=IFCCARTESIANPOINT((640.600000000015,186.699999999999,1453.83066310371));
#13576=IFCCARTESIANPOINT((640.600000000015,186.699999999999,1414.79221925309));
#13577=IFCCARTESIANPOINT((640.600000000015,186.699999999999,1608.1768952021));
#13578=IFCCARTESIANPOINT((635.600000000015,191.699999999998,1606.47499864659));
#13579=IFCCARTESIANPOINT((635.600000000015,191.699999999998,1644.66249706762));
#13580=IFCCARTESIANPOINT((640.600000000015,186.699999999998,1801.56155614938));
#13581=IFCCARTESIANPOINT((635.600000000015,191.699999999998,1262.78749842103));
#13582=IFCCARTESIANPOINT((640.600000000015,186.699999999999,1336.71533155186));
#13583=IFCCARTESIANPOINT((640.600000000015,186.699999999998,1646.31157490154));
#13584=IFCCARTESIANPOINT((637.118365573892,188.111376068345,1627.24422416829));
#13585=IFCCARTESIANPOINT((637.028646236383,188.200652590124,1657.76460584313));
#13586=IFCCARTESIANPOINT((637.093817913328,188.135355953954,1597.66727911693));
#13587=IFCCARTESIANPOINT((635.600000000015,191.699999999998,1568.28750022557));
#13588=IFCCARTESIANPOINT((640.600000000015,186.699999999998,1570.04221550266));
#13589=IFCCARTESIANPOINT((636.966071079955,188.2656790185,1777.89327922382));
#13590=IFCCARTESIANPOINT((640.600000000015,186.699999999998,1723.48468344987));
#13591=IFCCARTESIANPOINT((637.150089420524,188.080867922619,1746.44622481338));
#13592=IFCCARTESIANPOINT((635.600000000015,191.699999999998,1721.03750112784));
#13593=IFCCARTESIANPOINT((636.993921849373,188.23644685742,1807.07686746465));
#13594=IFCCARTESIANPOINT((637.012916516856,188.216778490411,1358.25625488157));
#13595=IFCCARTESIANPOINT((637.099234861588,188.130035932171,1388.74125906469));
#13596=IFCCARTESIANPOINT((635.600000000015,191.699999999998,1415.5374993233));
#13597=IFCCARTESIANPOINT((637.068065433896,188.160870414824,1434.63125414424));
#13598=IFCCARTESIANPOINT((637.025106214936,188.204269114274,1328.8432130467));
#13599=IFCCARTESIANPOINT((637.062434548492,188.166498807669,1464.59342877158));
#13600=IFCCARTESIANPOINT((640.600000000015,186.699999999999,1492.86910695433));
#13601=IFCCARTESIANPOINT((635.600000000015,191.699999999998,1491.91249616535));
#13602=IFCCARTESIANPOINT((637.032941496579,188.196274321086,1511.00625338375));
#13603=IFCCARTESIANPOINT((637.033917869124,188.195280576743,1540.54910697231));
#13604=IFCCARTESIANPOINT((637.012916478274,188.216778530144,1701.94375147661));
#13605=IFCCARTESIANPOINT((636.963647969791,188.26824477675,1281.88125525031));
#13606=IFCCARTESIANPOINT((637.006205228981,188.22370324286,1252.75011968614));
#13607=IFCCARTESIANPOINT((637.062771821534,188.16616117892,1569.70796940423));
#13608=IFCCARTESIANPOINT((655.600000000015,188.699999999999,1204.6));
#13609=IFCCARTESIANPOINT((655.600000000015,188.699999999999,1855.6));
#13610=IFCCARTESIANPOINT((655.014213562388,187.285786437626,1855.01421356237));
#13611=IFCCARTESIANPOINT((653.600000000015,186.699999999999,1853.6));
#13612=IFCCARTESIANPOINT((653.600000000015,186.699999999999,1206.6));
#13613=IFCCARTESIANPOINT((655.014213562388,187.285786437626,1205.18578643763));
#13614=IFCCARTESIANPOINT((655.600000000015,188.699999999999,1530.1));
#13615=IFCCARTESIANPOINT((655.600000000015,188.699999999999,1367.34999802966));
#13616=IFCCARTESIANPOINT((655.600000000015,188.699999999999,1692.85000197034));
#13617=IFCCARTESIANPOINT((653.600000000015,186.699999999999,1530.09999819723));
#13618=IFCCARTESIANPOINT((653.600000000015,186.699999999999,1368.34999909862));
#13619=IFCCARTESIANPOINT((653.600000000015,186.699999999999,1691.85000090138));
#13620=IFCCARTESIANPOINT((653.600000000015,186.699999999999,1772.72499864792));
#13621=IFCCARTESIANPOINT((655.600000000015,188.699999999999,1774.22499901483));
#13622=IFCCARTESIANPOINT((655.600000000015,188.699999999999,1733.53750049258));
#13623=IFCCARTESIANPOINT((653.600000000015,186.699999999999,1732.28749977465));
#13624=IFCCARTESIANPOINT((653.600000000015,186.699999999999,1287.47499774654));
#13625=IFCCARTESIANPOINT((655.600000000015,188.699999999999,1285.97500098517));
#13626=IFCCARTESIANPOINT((655.600000000015,188.699999999999,1253.98015926997));
#13627=IFCCARTESIANPOINT((653.600000000015,186.699999999999,1247.03749887327));
#13628=IFCCARTESIANPOINT((653.600000000015,186.699999999999,1610.97499954931));
#13629=IFCCARTESIANPOINT((655.600000000015,188.699999999999,1611.47500098517));
#13630=IFCCARTESIANPOINT((655.600000000015,188.699999999999,1570.78749852225));
#13631=IFCCARTESIANPOINT((653.600000000015,186.699999999999,1570.53750067604));
#13632=IFCCARTESIANPOINT((653.600000000015,186.699999999999,1449.22500045069));
#13633=IFCCARTESIANPOINT((655.600000000015,188.699999999999,1448.72499901483));
#13634=IFCCARTESIANPOINT((655.600000000015,188.699999999999,1408.03749655191));
#13635=IFCCARTESIANPOINT((653.600000000015,186.699999999999,1408.78749797189));
#13636=IFCCARTESIANPOINT((653.600000000015,186.699999999999,1813.16250112673));
#13637=IFCCARTESIANPOINT((655.600000000015,188.699999999999,1814.91249753708));
#13638=IFCCARTESIANPOINT((655.600000000015,188.699999999999,1794.56874827596));
#13639=IFCCARTESIANPOINT((655.600000000015,188.699999999999,1229.29007766465));
#13640=IFCCARTESIANPOINT((653.600000000015,186.699999999999,1226.8187512394));
#13641=IFCCARTESIANPOINT((655.600000000015,188.699999999999,1830.90991839468));
#13642=IFCCARTESIANPOINT((653.600000000015,186.699999999999,1833.38125236613));
#13643=IFCCARTESIANPOINT((653.600000000015,186.699999999999,1327.91250022535));
#13644=IFCCARTESIANPOINT((655.600000000015,188.699999999999,1326.66249950742));
#13645=IFCCARTESIANPOINT((655.600000000015,188.699999999999,1306.31875024629));
#13646=IFCCARTESIANPOINT((653.600000000015,186.699999999999,1651.41249842258));
#13647=IFCCARTESIANPOINT((655.600000000015,188.699999999999,1652.16250344809));
#13648=IFCCARTESIANPOINT((655.600000000015,188.699999999999,1631.81875418696));
#13649=IFCCARTESIANPOINT((655.600000000015,188.699999999999,1489.41250147775));
#13650=IFCCARTESIANPOINT((653.600000000015,186.699999999999,1489.66249932396));
#13651=IFCCARTESIANPOINT((653.600000000015,186.699999999999,1509.88124695783));
#13652=IFCCARTESIANPOINT((655.600000000015,188.699999999999,1216.94504080266));
#13653=IFCCARTESIANPOINT((655.600000000015,188.699999999999,1843.25495919734));
#13654=IFCCARTESIANPOINT((653.600000000015,186.699999999999,1218.94504086343));
#13655=IFCCARTESIANPOINT((655.057420854365,187.330356085215,1222.88189511602));
#13656=IFCCARTESIANPOINT((653.600000000015,186.699999999999,1236.9281268591));
#13657=IFCCARTESIANPOINT((655.600000000015,188.699999999999,1241.63511846731));
#13658=IFCCARTESIANPOINT((654.956574291668,187.230406113503,1241.9828135321));
#13659=IFCCARTESIANPOINT((653.600000000015,186.699999999999,1841.2549627421));
#13660=IFCCARTESIANPOINT((655.057420895852,187.33035612936,1837.31810534916));
#13661=IFCCARTESIANPOINT((654.932581996454,187.208616339512,1823.04309149426));
#13662=IFCCARTESIANPOINT((653.600000000015,186.699999999999,1267.25624650714));
#13663=IFCCARTESIANPOINT((654.891203822873,187.172651746379,1254.33873050595));
#13664=IFCCARTESIANPOINT((655.600000000015,188.699999999999,1269.97758012757));
#13665=IFCCARTESIANPOINT((655.600000000015,188.699999999999,1591.13124778337));
#13666=IFCCARTESIANPOINT((653.600000000015,186.699999999999,1590.75625191544));
#13667=IFCCARTESIANPOINT((653.600000000015,186.699999999999,1550.31874943664));
#13668=IFCCARTESIANPOINT((655.600000000015,188.699999999999,1550.44374926112));
#13669=IFCCARTESIANPOINT((655.600000000015,188.699999999999,1469.06875221663));
#13670=IFCCARTESIANPOINT((653.600000000015,186.699999999999,1469.44375169009));
#13671=IFCCARTESIANPOINT((653.600000000015,186.699999999999,1712.06875214079));
#13672=IFCCARTESIANPOINT((655.600000000015,188.699999999999,1713.19375123146));
#13673=IFCCARTESIANPOINT((655.600000000015,188.699999999999,1387.69374729079));
#13674=IFCCARTESIANPOINT((653.600000000015,186.699999999999,1388.56874673249));
#13675=IFCCARTESIANPOINT((653.600000000015,186.699999999999,1429.00624921129));
#13676=IFCCARTESIANPOINT((655.600000000015,188.699999999999,1428.38124581304));
#13677=IFCCARTESIANPOINT((653.600000000015,186.699999999999,1348.13125146475));
#13678=IFCCARTESIANPOINT((655.600000000015,188.699999999999,1347.00624876854));
#13679=IFCCARTESIANPOINT((655.600000000015,188.699999999999,1672.50625270921));
#13680=IFCCARTESIANPOINT((653.600000000015,186.699999999999,1671.63124966198));
#13681=IFCCARTESIANPOINT((653.600000000015,186.699999999999,1752.50624740852));
#13682=IFCCARTESIANPOINT((655.600000000015,188.699999999999,1753.88124975371));
#13683=IFCCARTESIANPOINT((654.954685672565,187.228664984244,1277.97629193496));
#13684=IFCCARTESIANPOINT((653.600000000015,186.699999999999,1257.14687088744));
#13685=IFCCARTESIANPOINT((655.032531563831,187.304344842494,1289.49002996048));
#13686=IFCCARTESIANPOINT((653.600000000015,186.699999999999,1307.69374898594));
#13687=IFCCARTESIANPOINT((653.600000000015,186.699999999999,1297.58437336624));
#13688=IFCCARTESIANPOINT((654.987267301778,187.259344096093,1302.63906488741));
#13689=IFCCARTESIANPOINT((655.004108447712,187.275753017518,1317.29753303348));
#13690=IFCCARTESIANPOINT((655.600000000015,188.699999999999,1296.14687561573));
#13691=IFCCARTESIANPOINT((655.038898946142,187.310910433831,1266.55826540906));
#13692=IFCCARTESIANPOINT((655.03293923932,187.304763412011,1811.61437263609));
#13693=IFCCARTESIANPOINT((653.600000000015,186.699999999999,1792.94374988733));
#13694=IFCCARTESIANPOINT((653.600000000015,186.699999999999,1803.05312550703));
#13695=IFCCARTESIANPOINT((654.983237246325,187.255474222998,1797.99843783507));
#13696=IFCCARTESIANPOINT((655.000454868411,187.272160316566,1783.41983592365));
#13697=IFCCARTESIANPOINT((655.600000000015,188.699999999999,1804.74062290652));
#13698=IFCCARTESIANPOINT((653.600000000015,186.699999999999,1631.19374718318));
#13699=IFCCARTESIANPOINT((654.986732085739,187.258828905915,1641.30312616826));
#13700=IFCCARTESIANPOINT((655.600000000015,188.699999999999,1509.75625073888));
#13701=IFCCARTESIANPOINT((653.600000000015,186.699999999999,1823.27187674643));
#13702=IFCCARTESIANPOINT((655.036095600005,187.308012418269,1601.30312647563));
#13703=IFCCARTESIANPOINT((655.030760613563,187.302529403986,1580.95937659415));
#13704=IFCCARTESIANPOINT((655.014213623952,187.28578649919,1540.20937669565));
#13705=IFCCARTESIANPOINT((655.008619440892,187.280214357451,1560.42812659155));
#13706=IFCCARTESIANPOINT((655.036095605727,187.308012424173,1458.89687728299));
#13707=IFCCARTESIANPOINT((655.00307333697,187.274733284213,1479.55312699848));
#13708=IFCCARTESIANPOINT((654.970854496288,187.243717764288,1701.95937584663));
#13709=IFCCARTESIANPOINT((654.965668826746,187.238853650143,1722.17812573895));
#13710=IFCCARTESIANPOINT((655.056551635114,187.32943174767,1377.5218776677));
#13711=IFCCARTESIANPOINT((654.981386969398,187.253704718661,1398.67812735509));
#13712=IFCCARTESIANPOINT((654.992128799957,187.264041294335,1439.11562718766));
#13713=IFCCARTESIANPOINT((655.046498963376,187.318826314688,1418.20937749126));
#13714=IFCCARTESIANPOINT((654.970854531607,187.243717797535,1358.24062747343));
#13715=IFCCARTESIANPOINT((655.066259330116,187.339822225996,1336.83437776557));
#13716=IFCCARTESIANPOINT((655.056551620331,187.32943173196,1682.67812599688));
#13717=IFCCARTESIANPOINT((655.051568761526,187.324155484581,1662.3343761171));
#13718=IFCCARTESIANPOINT((654.960537903893,187.234074827246,1742.3968756311));
#13719=IFCCARTESIANPOINT((654.955462495006,187.229380598293,1762.61562552311));
#13720=IFCCARTESIANPOINT((653.600000000015,186.699999999999,1277.36562212684));
#13721=IFCCARTESIANPOINT((655.600000000015,188.699999999999,1316.49062487685));
#13722=IFCCARTESIANPOINT((653.600000000015,186.699999999999,1317.80312460564));
#13723=IFCCARTESIANPOINT((655.600000000015,188.699999999999,1784.39687364539));
#13724=IFCCARTESIANPOINT((653.600000000015,186.699999999999,1782.83437426763));
#13725=IFCCARTESIANPOINT((655.041341470387,187.313445000807,1621.64687635655));
#13726=IFCCARTESIANPOINT((653.600000000015,186.699999999999,1641.30312280288));
#13727=IFCCARTESIANPOINT((655.600000000015,188.699999999999,1641.99062881753));
#13728=IFCCARTESIANPOINT((655.014213639186,187.285786514424,1519.9906267984));
#13729=IFCCARTESIANPOINT((655.025335776905,187.29699681999,1499.58437705976));
#13730=IFCCARTESIANPOINT((655.600000000015,188.699999999999,1601.30312241393));
#13731=IFCCARTESIANPOINT((653.600000000015,186.699999999999,1600.86562753514));
#13732=IFCCARTESIANPOINT((655.600000000015,188.699999999999,1580.95937315281));
#13733=IFCCARTESIANPOINT((653.600000000015,186.699999999999,1580.64687629574));
#13734=IFCCARTESIANPOINT((654.916947796315,187.19479287079,1591.1343088244));
#13735=IFCCARTESIANPOINT((653.600000000015,186.699999999999,1540.20937381693));
#13736=IFCCARTESIANPOINT((655.600000000015,188.699999999999,1540.27187463056));
#13737=IFCCARTESIANPOINT((653.600000000015,186.699999999999,1560.42812505634));
#13738=IFCCARTESIANPOINT((654.925142716279,187.202002409369,1570.70383869544));
#13739=IFCCARTESIANPOINT((655.600000000015,188.699999999999,1560.61562389169));
#13740=IFCCARTESIANPOINT((655.111354177539,187.390111245149,1550.32164867043));
#13741=IFCCARTESIANPOINT((655.600000000015,188.699999999999,1458.89687758607));
#13742=IFCCARTESIANPOINT((653.600000000015,186.699999999999,1459.33437607039));
#13743=IFCCARTESIANPOINT((653.600000000015,186.699999999999,1479.55312730979));
#13744=IFCCARTESIANPOINT((655.600000000015,188.699999999999,1479.24062684719));
#13745=IFCCARTESIANPOINT((655.093346609099,187.369618135594,1469.2373607625));
#13746=IFCCARTESIANPOINT((653.600000000015,186.699999999999,1701.95937652108));
#13747=IFCCARTESIANPOINT((655.600000000015,188.699999999999,1703.0218766009));
#13748=IFCCARTESIANPOINT((653.600000000015,186.699999999999,1722.17812776049));
#13749=IFCCARTESIANPOINT((655.600000000015,188.699999999999,1723.36562586202));
#13750=IFCCARTESIANPOINT((655.112025037867,187.390885686843,1712.07244632574));
#13751=IFCCARTESIANPOINT((655.600000000015,188.699999999999,1377.52187266023));
#13752=IFCCARTESIANPOINT((653.600000000015,186.699999999999,1378.45937111278));
#13753=IFCCARTESIANPOINT((653.600000000015,186.699999999999,1398.67812235219));
#13754=IFCCARTESIANPOINT((655.600000000015,188.699999999999,1397.86562192135));
#13755=IFCCARTESIANPOINT((655.071321943484,187.345300129671,1388.11916351628));
#13756=IFCCARTESIANPOINT((653.600000000015,186.699999999999,1439.11562483099));
#13757=IFCCARTESIANPOINT((655.600000000015,188.699999999999,1438.5531204436));
#13758=IFCCARTESIANPOINT((655.600000000015,188.699999999999,1418.20937118247));
#13759=IFCCARTESIANPOINT((653.600000000015,186.699999999999,1418.89687359159));
#13760=IFCCARTESIANPOINT((654.943045045348,187.218031712144,1428.64271128561));
#13761=IFCCARTESIANPOINT((653.600000000015,186.699999999999,1358.24062708445));
#13762=IFCCARTESIANPOINT((655.600000000015,188.699999999999,1357.1781233991));
#13763=IFCCARTESIANPOINT((655.600000000015,188.699999999999,1336.83437413798));
#13764=IFCCARTESIANPOINT((653.600000000015,186.699999999999,1338.02187584505));
#13765=IFCCARTESIANPOINT((654.966952380689,187.240054388351,1347.5140937421));
#13766=IFCCARTESIANPOINT((655.600000000015,188.699999999999,1682.67812733977));
#13767=IFCCARTESIANPOINT((653.600000000015,186.699999999999,1681.74062528168));
#13768=IFCCARTESIANPOINT((655.600000000015,188.699999999999,1662.33437807865));
#13769=IFCCARTESIANPOINT((655.076898064874,187.351381408248,1651.8003126666));
#13770=IFCCARTESIANPOINT((653.600000000015,186.699999999999,1661.52187404228));
#13771=IFCCARTESIANPOINT((654.916495651683,187.194397396674,1672.50970063981));
#13772=IFCCARTESIANPOINT((653.600000000015,186.699999999999,1742.39687178882));
#13773=IFCCARTESIANPOINT((655.600000000015,188.699999999999,1743.70937512315));
#13774=IFCCARTESIANPOINT((655.112595079848,187.391544374284,1732.29128442124));
#13775=IFCCARTESIANPOINT((653.600000000015,186.699999999999,1762.61562302822));
#13776=IFCCARTESIANPOINT((654.935803619463,187.211501195744,1773.0264361419));
#13777=IFCCARTESIANPOINT((655.600000000015,188.699999999999,1764.05312438427));
#13778=IFCCARTESIANPOINT((655.113271135434,187.392326313368,1752.51011972801));
#13779=IFCCARTESIANPOINT((655.600000000015,188.699999999999,1621.6468795564));
#13780=IFCCARTESIANPOINT((655.108057198088,187.386316823833,1611.4730734091));
#13781=IFCCARTESIANPOINT((653.600000000015,186.699999999999,1621.08437156348));
#13782=IFCCARTESIANPOINT((653.600000000015,186.699999999999,1519.99062257753));
#13783=IFCCARTESIANPOINT((654.909681391676,187.18846612597,1530.10000173626));
#13784=IFCCARTESIANPOINT((655.600000000015,188.699999999999,1519.92812536944));
#13785=IFCCARTESIANPOINT((655.600000000015,188.699999999999,1499.58437610831));
#13786=IFCCARTESIANPOINT((653.600000000015,186.699999999999,1499.77187133813));
#13787=IFCCARTESIANPOINT((654.919182050171,187.196750613322,1509.78208956126));
#13788=IFCCARTESIANPOINT((655.600000000015,192.699999999999,1204.6));
#13789=IFCCARTESIANPOINT((655.600000000015,192.699999999999,1855.6));
#13790=IFCCARTESIANPOINT((520.600000000015,212.699999999998,1847.6));
#13791=IFCCARTESIANPOINT((520.600000000015,192.699999999998,1847.6));
#13792=IFCCARTESIANPOINT((532.600000000015,191.699999999998,1835.6));
#13793=IFCCARTESIANPOINT((532.600000000015,212.699999999998,1835.6));
#13794=IFCCARTESIANPOINT((527.600000000015,186.699999999998,1840.6));
#13795=IFCCARTESIANPOINT((531.135533905947,188.164466094065,1837.06446609407));
#13796=IFCCARTESIANPOINT((571.63844323925,191.699999999998,1835.6));
#13797=IFCCARTESIANPOINT((584.099999422976,186.699999999998,1840.6));
#13798=IFCCARTESIANPOINT((596.561556038679,191.699999999998,1835.6));
#13799=IFCCARTESIANPOINT((584.099997594442,188.30520179476,1836.92912201977));
#13800=IFCCARTESIANPOINT((601.561555141475,186.699999999998,1840.6));
#13801=IFCCARTESIANPOINT((566.638443704476,186.699999999998,1840.6));
#13802=IFCCARTESIANPOINT((610.697978620053,188.706614131305,1836.59504793523));
#13803=IFCCARTESIANPOINT((557.502018213756,188.706614186634,1836.59504789387));
#13804=IFCCARTESIANPOINT((512.600000000015,188.699999999998,1855.6));
#13805=IFCCARTESIANPOINT((513.185786437642,187.285786437625,1855.01421356237));
#13806=IFCCARTESIANPOINT((514.600000000015,186.699999999998,1853.6));
#13807=IFCCARTESIANPOINT((563.980158945631,186.699999999998,1853.6));
#13808=IFCCARTESIANPOINT((584.100000000015,188.699999999998,1855.6));
#13809=IFCCARTESIANPOINT((606.219841410561,188.699999999998,1855.6));
#13810=IFCCARTESIANPOINT((548.350000000015,188.699999999998,1855.6));
#13811=IFCCARTESIANPOINT((608.790080073433,186.699999999998,1853.6));
#13812=IFCCARTESIANPOINT((586.385119509532,186.699999999998,1853.6));
#13813=IFCCARTESIANPOINT((539.290078872212,186.699999999998,1853.6));
#13814=IFCCARTESIANPOINT((630.909920198079,188.699999999999,1855.6));
#13815=IFCCARTESIANPOINT((631.195040637335,186.699999999999,1853.6));
#13816=IFCCARTESIANPOINT((619.992560355384,186.699999999999,1853.6));
#13817=IFCCARTESIANPOINT((537.29007980195,188.699999999998,1855.6));
#13818=IFCCARTESIANPOINT((526.945040036724,186.699999999998,1853.6));
#13819=IFCCARTESIANPOINT((643.254960099047,188.699999999999,1855.6));
#13820=IFCCARTESIANPOINT((618.564881311529,188.699999999998,1855.6));
#13821=IFCCARTESIANPOINT((524.945039900982,188.699999999998,1855.6));
#13822=IFCCARTESIANPOINT((641.254961164527,186.699999999999,1853.6));
#13823=IFCCARTESIANPOINT((636.224999556965,187.292358039249,1855.02075476784));
#13824=IFCCARTESIANPOINT((542.820039414385,187.326632212527,1855.05391228083));
#13825=IFCCARTESIANPOINT((566.225000507224,188.699999999998,1855.6));
#13826=IFCCARTESIANPOINT((575.182639227581,186.699999999998,1853.6));
#13827=IFCCARTESIANPOINT((556.461438904342,187.306528821985,1855.03465608285));
#13828=IFCCARTESIANPOINT((614.391318658601,187.2551086172,1854.9828553402));
#13829=IFCCARTESIANPOINT((569.581398070084,187.241802062651,1854.96881656021));
#13830=IFCCARTESIANPOINT((601.73506627163,187.221417090408,1854.94677116819));
#13831=IFCCARTESIANPOINT((551.635118908921,186.699999999998,1853.6));
#13832=IFCCARTESIANPOINT((625.277354201292,187.459510218058,1855.16881646501));
#13833=IFCCARTESIANPOINT((595.159921212497,188.699999999998,1855.6));
#13834=IFCCARTESIANPOINT((589.629959399744,187.331052770557,1855.05807526658));
#13835=IFCCARTESIANPOINT((597.587599791483,186.699999999998,1853.6));
#13836=IFCCARTESIANPOINT((524.499901664557,187.272995692061,1855.00130607118));
#13837=IFCCARTESIANPOINT((512.600000000015,192.699999999998,1855.6));
#13838=IFCCARTESIANPOINT((520.600000000015,212.699999999998,1212.6));
#13839=IFCCARTESIANPOINT((520.600000000014,192.699999999998,1212.6));
#13840=IFCCARTESIANPOINT((532.600000000015,191.699999999998,1224.6));
#13841=IFCCARTESIANPOINT((532.600000000015,212.699999999998,1224.6));
#13842=IFCCARTESIANPOINT((527.600000000015,186.699999999998,1219.6));
#13843=IFCCARTESIANPOINT((531.135533905947,188.164466094065,1223.13553390593));
#13844=IFCCARTESIANPOINT((527.600000000015,186.699999999998,1528.29245621559));
#13845=IFCCARTESIANPOINT((527.600000000015,186.699999999998,1684.4462281078));
#13846=IFCCARTESIANPOINT((527.600000000015,186.699999999998,1375.7537718922));
#13847=IFCCARTESIANPOINT((532.600000000015,191.699999999998,1530.1));
#13848=IFCCARTESIANPOINT((532.600000000015,191.699999999998,1682.85));
#13849=IFCCARTESIANPOINT((532.600000000015,191.699999999998,1377.35));
#13850=IFCCARTESIANPOINT((527.600000000015,186.699999999998,1297.67687844523));
#13851=IFCCARTESIANPOINT((532.600000000015,191.699999999998,1300.975));
#13852=IFCCARTESIANPOINT((532.600000000015,191.699999999998,1263.63844410236));
#13853=IFCCARTESIANPOINT((527.600000000015,186.699999999998,1762.52312155476));
#13854=IFCCARTESIANPOINT((532.600000000015,191.699999999998,1759.225));
#13855=IFCCARTESIANPOINT((532.600000000015,191.699999999998,1721.03750180454));
#13856=IFCCARTESIANPOINT((527.600000000015,186.699999999998,1801.56156077738));
#13857=IFCCARTESIANPOINT((532.600000000015,191.699999999998,1606.475));
#13858=IFCCARTESIANPOINT((527.600000000015,186.699999999998,1606.36933466083));
#13859=IFCCARTESIANPOINT((527.600000000015,186.699999999998,1645.40777388345));
#13860=IFCCARTESIANPOINT((527.600000000015,186.699999999998,1452.02310655303));
#13861=IFCCARTESIANPOINT((532.600000000015,191.699999999998,1453.725));
#13862=IFCCARTESIANPOINT((532.600000000015,191.699999999998,1415.53750180454));
#13863=IFCCARTESIANPOINT((527.600000000015,186.699999999998,1258.63843922262));
#13864=IFCCARTESIANPOINT((532.600000000015,191.699999999998,1797.41249819546));
#13865=IFCCARTESIANPOINT((527.600000000015,186.699999999998,1723.48468233215));
#13866=IFCCARTESIANPOINT((527.600000000015,186.699999999998,1413.88843172175));
#13867=IFCCARTESIANPOINT((531.081634426137,188.111376068344,1432.95577583171));
#13868=IFCCARTESIANPOINT((531.171353763646,188.200652590123,1402.43539415687));
#13869=IFCCARTESIANPOINT((531.106182086701,188.135355953954,1462.53272088307));
#13870=IFCCARTESIANPOINT((532.600000000015,191.699999999998,1491.91249819546));
#13871=IFCCARTESIANPOINT((527.600000000015,186.699999999998,1490.15778138431));
#13872=IFCCARTESIANPOINT((531.233928920074,188.2656790185,1282.30672077618));
#13873=IFCCARTESIANPOINT((527.600000000015,186.699999999998,1336.71531766785));
#13874=IFCCARTESIANPOINT((531.049910579506,188.080867922619,1313.75377518662));
#13875=IFCCARTESIANPOINT((532.600000000015,191.699999999998,1339.16249819546));
#13876=IFCCARTESIANPOINT((531.206078150656,188.236446857419,1253.12313253535));
#13877=IFCCARTESIANPOINT((531.187083483173,188.216778490411,1701.94374511843));
#13878=IFCCARTESIANPOINT((531.100765138441,188.130035932171,1671.45874093531));
#13879=IFCCARTESIANPOINT((532.600000000015,191.699999999998,1644.66249819546));
#13880=IFCCARTESIANPOINT((531.131934566133,188.160870414824,1625.56874585576));
#13881=IFCCARTESIANPOINT((531.174893785093,188.204269114273,1731.3567869533));
#13882=IFCCARTESIANPOINT((531.137565451537,188.166498807668,1595.60657122841));
#13883=IFCCARTESIANPOINT((527.600000000015,186.699999999998,1567.33089543821));
#13884=IFCCARTESIANPOINT((532.600000000015,191.699999999998,1568.28750180454));
#13885=IFCCARTESIANPOINT((531.16705850345,188.196274321086,1549.19374661624));
#13886=IFCCARTESIANPOINT((531.166082130905,188.195280576742,1519.65089302769));
#13887=IFCCARTESIANPOINT((531.187083521755,188.216778530144,1358.25624852339));
#13888=IFCCARTESIANPOINT((531.236352030238,188.26824477675,1778.31874474968));
#13889=IFCCARTESIANPOINT((531.193794771048,188.223703242859,1807.44988031386));
#13890=IFCCARTESIANPOINT((531.137228178495,188.16616117892,1490.49203059577));
#13891=IFCCARTESIANPOINT((512.600000000015,188.699999999998,1204.6));
#13892=IFCCARTESIANPOINT((513.185786437641,187.285786437625,1205.18578643763));
#13893=IFCCARTESIANPOINT((514.600000000015,186.699999999998,1206.6));
#13894=IFCCARTESIANPOINT((512.600000000015,188.699999999998,1530.1));
#13895=IFCCARTESIANPOINT((512.600000000015,188.699999999998,1692.85));
#13896=IFCCARTESIANPOINT((512.600000000015,188.699999999998,1367.35));
#13897=IFCCARTESIANPOINT((514.600000000015,186.699999999998,1530.1));
#13898=IFCCARTESIANPOINT((514.600000000015,186.699999999998,1691.85000180277));
#13899=IFCCARTESIANPOINT((514.600000000015,186.699999999998,1368.34999819723));
#13900=IFCCARTESIANPOINT((514.600000000015,186.699999999998,1287.47499909862));
#13901=IFCCARTESIANPOINT((512.600000000015,188.699999999998,1285.97500197034));
#13902=IFCCARTESIANPOINT((512.600000000015,188.699999999998,1326.66249901483));
#13903=IFCCARTESIANPOINT((514.600000000015,186.699999999998,1327.91249864793));
#13904=IFCCARTESIANPOINT((514.600000000015,186.699999999998,1772.72500090138));
#13905=IFCCARTESIANPOINT((512.600000000015,188.699999999998,1774.22499802966));
#13906=IFCCARTESIANPOINT((512.600000000015,188.699999999998,1806.21983858283));
#13907=IFCCARTESIANPOINT((514.600000000015,186.699999999998,1813.16250045069));
#13908=IFCCARTESIANPOINT((514.600000000015,186.699999999998,1449.22499729585));
#13909=IFCCARTESIANPOINT((512.600000000015,188.699999999998,1448.72499802966));
#13910=IFCCARTESIANPOINT((512.600000000015,188.699999999998,1489.41249901483));
#13911=IFCCARTESIANPOINT((514.600000000015,186.699999999998,1489.66249684516));
#13912=IFCCARTESIANPOINT((514.600000000015,186.699999999998,1610.97500270415));
#13913=IFCCARTESIANPOINT((512.600000000015,188.699999999998,1611.47500197034));
#13914=IFCCARTESIANPOINT((512.600000000015,188.699999999998,1652.16249901483));
#13915=IFCCARTESIANPOINT((514.600000000015,186.699999999998,1651.41250225346));
#13916=IFCCARTESIANPOINT((514.600000000015,186.699999999998,1247.03749954931));
#13917=IFCCARTESIANPOINT((512.600000000015,188.699999999998,1245.28750098517));
#13918=IFCCARTESIANPOINT((512.600000000015,188.699999999998,1265.63125344809));
#13919=IFCCARTESIANPOINT((512.600000000015,188.699999999998,1830.90991929141));
#13920=IFCCARTESIANPOINT((514.600000000015,186.699999999998,1833.38125022534));
#13921=IFCCARTESIANPOINT((512.600000000015,188.699999999998,1229.29008070859));
#13922=IFCCARTESIANPOINT((514.600000000015,186.699999999998,1226.81874977465));
#13923=IFCCARTESIANPOINT((514.600000000015,186.699999999998,1732.28750135207));
#13924=IFCCARTESIANPOINT((512.600000000015,188.699999999998,1733.53750098517));
#13925=IFCCARTESIANPOINT((512.600000000015,188.699999999998,1753.88124950742));
#13926=IFCCARTESIANPOINT((514.600000000015,186.699999999998,1408.78749774654));
#13927=IFCCARTESIANPOINT((512.600000000015,188.699999999998,1408.03750098517));
#13928=IFCCARTESIANPOINT((512.600000000015,188.699999999998,1428.38124950742));
#13929=IFCCARTESIANPOINT((512.600000000015,188.699999999998,1570.78750098517));
#13930=IFCCARTESIANPOINT((514.600000000015,186.699999999998,1570.53750315484));
#13931=IFCCARTESIANPOINT((514.600000000015,186.699999999998,1550.31874977465));
#13932=IFCCARTESIANPOINT((512.600000000015,188.699999999998,1843.25495964571));
#13933=IFCCARTESIANPOINT((512.600000000015,188.699999999998,1216.94504035429));
#13934=IFCCARTESIANPOINT((514.600000000015,186.699999999998,1841.25495862682));
#13935=IFCCARTESIANPOINT((513.142579145664,187.330356085214,1837.31810488398));
#13936=IFCCARTESIANPOINT((514.600000000015,186.699999999998,1823.27187353525));
#13937=IFCCARTESIANPOINT((512.600000000015,188.699999999998,1818.56487893712));
#13938=IFCCARTESIANPOINT((513.243425708361,187.230406113503,1818.2171864679));
#13939=IFCCARTESIANPOINT((514.600000000015,186.699999999998,1218.94504137318));
#13940=IFCCARTESIANPOINT((513.142579104177,187.33035612936,1222.88189465084));
#13941=IFCCARTESIANPOINT((513.267418003575,187.208616339512,1237.15690850574));
#13942=IFCCARTESIANPOINT((514.600000000015,186.699999999998,1792.94375067604));
#13943=IFCCARTESIANPOINT((513.308796177156,187.172651746378,1805.86126949405));
#13944=IFCCARTESIANPOINT((512.600000000015,188.699999999998,1790.22241830625));
#13945=IFCCARTESIANPOINT((512.600000000015,188.699999999998,1469.06874655191));
#13946=IFCCARTESIANPOINT((514.600000000015,186.699999999998,1469.4437470705));
#13947=IFCCARTESIANPOINT((514.600000000015,186.699999999998,1509.88125022535));
#13948=IFCCARTESIANPOINT((512.600000000015,188.699999999998,1509.75625147775));
#13949=IFCCARTESIANPOINT((512.600000000015,188.699999999998,1591.13125344809));
#13950=IFCCARTESIANPOINT((514.600000000015,186.699999999998,1590.7562529295));
#13951=IFCCARTESIANPOINT((514.600000000015,186.699999999998,1348.13124842258));
#13952=IFCCARTESIANPOINT((512.600000000015,188.699999999998,1347.00624753708));
#13953=IFCCARTESIANPOINT((512.600000000015,188.699999999998,1672.50624753708));
#13954=IFCCARTESIANPOINT((514.600000000015,186.699999999998,1671.63125202811));
#13955=IFCCARTESIANPOINT((514.600000000015,186.699999999998,1631.1937524788));
#13956=IFCCARTESIANPOINT((512.600000000015,188.699999999998,1631.81875049258));
#13957=IFCCARTESIANPOINT((514.600000000015,186.699999999998,1712.06875157742));
#13958=IFCCARTESIANPOINT((512.600000000015,188.699999999998,1713.19375246292));
#13959=IFCCARTESIANPOINT((512.600000000015,188.699999999998,1387.69375246292));
#13960=IFCCARTESIANPOINT((514.600000000015,186.699999999998,1388.56874797189));
#13961=IFCCARTESIANPOINT((514.600000000015,186.699999999998,1307.69374887327));
#13962=IFCCARTESIANPOINT((512.600000000015,188.699999999998,1306.31875049258));
#13963=IFCCARTESIANPOINT((513.245314327464,187.228664984243,1782.22370806504));
#13964=IFCCARTESIANPOINT((514.600000000015,186.699999999998,1803.05312736613));
#13965=IFCCARTESIANPOINT((513.167468436198,187.304344842494,1770.70997003952));
#13966=IFCCARTESIANPOINT((514.600000000015,186.699999999998,1752.50625112673));
#13967=IFCCARTESIANPOINT((514.600000000015,186.699999999998,1762.61562781682));
#13968=IFCCARTESIANPOINT((513.212732698251,187.259344096093,1757.56093511259));
#13969=IFCCARTESIANPOINT((513.195891552318,187.275753017517,1742.90246696652));
#13970=IFCCARTESIANPOINT((512.600000000015,188.699999999998,1764.05312376854));
#13971=IFCCARTESIANPOINT((513.161101053888,187.310910433831,1793.64173459094));
#13972=IFCCARTESIANPOINT((513.167060760709,187.304763412011,1248.58562736391));
#13973=IFCCARTESIANPOINT((514.600000000015,186.699999999998,1267.25624932396));
#13974=IFCCARTESIANPOINT((514.600000000015,186.699999999998,1257.14687263387));
#13975=IFCCARTESIANPOINT((513.216762753704,187.255474222997,1262.20156216493));
#13976=IFCCARTESIANPOINT((513.199545131618,187.272160316566,1276.78016407635));
#13977=IFCCARTESIANPOINT((512.600000000015,188.699999999998,1255.45937918696));
#13978=IFCCARTESIANPOINT((514.600000000015,186.699999999998,1429.0062475212));
#13979=IFCCARTESIANPOINT((513.21326791429,187.258828905914,1418.89687383174));
#13980=IFCCARTESIANPOINT((512.600000000015,188.699999999998,1550.44374852225));
#13981=IFCCARTESIANPOINT((514.600000000015,186.699999999998,1236.92812646475));
#13982=IFCCARTESIANPOINT((513.163904400025,187.308012418268,1458.89687352437));
#13983=IFCCARTESIANPOINT((513.169239386467,187.302529403986,1479.24062340585));
#13984=IFCCARTESIANPOINT((513.185786376077,187.285786499189,1519.99062330435));
#13985=IFCCARTESIANPOINT((513.191380559138,187.280214357451,1499.77187340845));
#13986=IFCCARTESIANPOINT((513.163904394302,187.308012424172,1601.30312271701));
#13987=IFCCARTESIANPOINT((513.196926663059,187.274733284213,1580.64687300152));
#13988=IFCCARTESIANPOINT((513.229145503741,187.243717764288,1358.24062415337));
#13989=IFCCARTESIANPOINT((513.234331173284,187.238853650143,1338.02187426105));
#13990=IFCCARTESIANPOINT((513.143448364916,187.32943174767,1682.6781223323));
#13991=IFCCARTESIANPOINT((513.218613030631,187.253704718661,1661.52187264491));
#13992=IFCCARTESIANPOINT((513.207871200072,187.264041294335,1621.08437281234));
#13993=IFCCARTESIANPOINT((513.153501036654,187.318826314687,1641.99062250873));
#13994=IFCCARTESIANPOINT((513.229145468422,187.243717797534,1701.95937252657));
#13995=IFCCARTESIANPOINT((513.133740669914,187.339822225995,1723.36562223443));
#13996=IFCCARTESIANPOINT((513.143448379698,187.32943173196,1377.52187400312));
#13997=IFCCARTESIANPOINT((513.148431238503,187.324155484581,1397.8656238829));
#13998=IFCCARTESIANPOINT((513.239462096136,187.234074827245,1317.8031243689));
#13999=IFCCARTESIANPOINT((513.244537505024,187.229380598293,1297.58437447689));
#14000=IFCCARTESIANPOINT((514.600000000015,186.699999999998,1782.83437398594));
#14001=IFCCARTESIANPOINT((512.600000000015,188.699999999998,1743.70937524629));
#14002=IFCCARTESIANPOINT((514.600000000015,186.699999999998,1742.39687443663));
#14003=IFCCARTESIANPOINT((512.600000000015,188.699999999998,1275.80312770921));
#14004=IFCCARTESIANPOINT((514.600000000015,186.699999999998,1277.36562601406));
#14005=IFCCARTESIANPOINT((513.158658529642,187.313445000806,1438.55312364345));
#14006=IFCCARTESIANPOINT((514.600000000015,186.699999999998,1418.8968708311));
#14007=IFCCARTESIANPOINT((512.600000000015,188.699999999998,1418.20937524629));
#14008=IFCCARTESIANPOINT((513.185786360843,187.285786514423,1540.2093732016));
#14009=IFCCARTESIANPOINT((513.174664223124,187.296996819989,1560.61562294024));
#14010=IFCCARTESIANPOINT((512.600000000015,188.699999999998,1458.89687229079));
#14011=IFCCARTESIANPOINT((514.600000000015,186.699999999998,1459.33437038041));
#14012=IFCCARTESIANPOINT((512.600000000015,188.699999999998,1479.24062081304));
#14013=IFCCARTESIANPOINT((514.600000000015,186.699999999998,1479.5531237606));
#14014=IFCCARTESIANPOINT((513.283052203714,187.19479287079,1469.0656911756));
#14015=IFCCARTESIANPOINT((514.600000000015,186.699999999998,1519.99062330991));
#14016=IFCCARTESIANPOINT((512.600000000015,188.699999999998,1519.92812573888));
#14017=IFCCARTESIANPOINT((514.600000000015,186.699999999998,1499.77187353525));
#14018=IFCCARTESIANPOINT((513.274857283751,187.202002409368,1489.49616130456));
#14019=IFCCARTESIANPOINT((512.600000000015,188.699999999998,1499.58437721663));
#14020=IFCCARTESIANPOINT((513.088645822491,187.390111245149,1509.87835132957));
#14021=IFCCARTESIANPOINT((512.600000000015,188.699999999998,1601.30312770921));
#14022=IFCCARTESIANPOINT((514.600000000015,186.699999999998,1600.86562961959));
#14023=IFCCARTESIANPOINT((514.600000000015,186.699999999998,1580.6468762394));
#14024=IFCCARTESIANPOINT((512.600000000015,188.699999999998,1580.95937918696));
#14025=IFCCARTESIANPOINT((513.106653390931,187.369618135593,1590.9626392375));
#14026=IFCCARTESIANPOINT((514.600000000015,186.699999999998,1358.24062511267));
#14027=IFCCARTESIANPOINT((512.600000000015,188.699999999998,1357.1781217982));
#14028=IFCCARTESIANPOINT((514.600000000015,186.699999999998,1338.02187173249));
#14029=IFCCARTESIANPOINT((512.600000000015,188.699999999998,1336.83437327596));
#14030=IFCCARTESIANPOINT((513.087974962163,187.390885686842,1348.12755367426));
#14031=IFCCARTESIANPOINT((512.600000000015,188.699999999998,1682.6781217982));
#14032=IFCCARTESIANPOINT((514.600000000015,186.699999999998,1681.74062871821));
#14033=IFCCARTESIANPOINT((514.600000000015,186.699999999998,1661.52187533802));
#14034=IFCCARTESIANPOINT((512.600000000015,188.699999999998,1662.33437327596));
#14035=IFCCARTESIANPOINT((513.128678056546,187.34530012967,1672.08083648372));
#14036=IFCCARTESIANPOINT((514.600000000015,186.699999999998,1621.08437578871));
#14037=IFCCARTESIANPOINT((512.600000000015,188.699999999998,1621.64687623146));
#14038=IFCCARTESIANPOINT((512.600000000015,188.699999999998,1641.99062475371));
#14039=IFCCARTESIANPOINT((514.600000000015,186.699999999998,1641.3031291689));
#14040=IFCCARTESIANPOINT((513.256954954682,187.218031712144,1631.55728871439));
#14041=IFCCARTESIANPOINT((514.600000000015,186.699999999998,1701.95937488733));
#14042=IFCCARTESIANPOINT((512.600000000015,188.699999999998,1703.0218782018));
#14043=IFCCARTESIANPOINT((512.600000000015,188.699999999998,1723.36562672404));
#14044=IFCCARTESIANPOINT((514.600000000015,186.699999999998,1722.17812826751));
#14045=IFCCARTESIANPOINT((513.233047619341,187.24005438835,1712.6859062579));
#14046=IFCCARTESIANPOINT((512.600000000015,188.699999999998,1377.5218782018));
#14047=IFCCARTESIANPOINT((514.600000000015,186.699999999998,1378.45937128179));
#14048=IFCCARTESIANPOINT((512.600000000015,188.699999999998,1397.86562672404));
#14049=IFCCARTESIANPOINT((513.123101935155,187.351381408248,1408.3996873334));
#14050=IFCCARTESIANPOINT((514.600000000015,186.699999999998,1398.67812466198));
#14051=IFCCARTESIANPOINT((513.283504348346,187.194397396673,1387.69029936019));
#14052=IFCCARTESIANPOINT((514.600000000015,186.699999999998,1317.80312556336));
#14053=IFCCARTESIANPOINT((512.600000000015,188.699999999998,1316.49062475371));
#14054=IFCCARTESIANPOINT((513.087404920181,187.391544374284,1327.90871557876));
#14055=IFCCARTESIANPOINT((514.600000000015,186.699999999998,1297.58437218318));
#14056=IFCCARTESIANPOINT((513.264196380566,187.211501195743,1287.1735638581));
#14057=IFCCARTESIANPOINT((512.600000000015,188.699999999998,1296.14687623146));
#14058=IFCCARTESIANPOINT((513.086728864595,187.392326313368,1307.68988027199));
#14059=IFCCARTESIANPOINT((512.600000000015,188.699999999998,1438.55312376854));
#14060=IFCCARTESIANPOINT((513.091942801942,187.386316823833,1448.72692659089));
#14061=IFCCARTESIANPOINT((514.600000000015,186.699999999998,1439.11562421129));
#14062=IFCCARTESIANPOINT((514.600000000015,186.699999999998,1540.20937669009));
#14063=IFCCARTESIANPOINT((513.290318608353,187.18846612597,1530.09999826374));
#14064=IFCCARTESIANPOINT((512.600000000015,188.699999999998,1540.27187426112));
#14065=IFCCARTESIANPOINT((512.600000000015,188.699999999998,1560.61562278337));
#14066=IFCCARTESIANPOINT((514.600000000015,186.699999999998,1560.42812646475));
#14067=IFCCARTESIANPOINT((513.280817949858,187.196750613321,1550.41791043874));
#14068=IFCCARTESIANPOINT((512.600000000015,192.699999999998,1204.6));
#14069=IFCCARTESIANPOINT((596.561556137637,191.699999999998,1224.6));
#14070=IFCCARTESIANPOINT((584.100000577054,186.699999999998,1219.6));
#14071=IFCCARTESIANPOINT((571.638443862392,191.699999999998,1224.6));
#14072=IFCCARTESIANPOINT((584.100002405588,188.30520179476,1223.27087798023));
#14073=IFCCARTESIANPOINT((566.638445258426,186.699999999998,1219.6));
#14074=IFCCARTESIANPOINT((601.561555895682,186.699999999998,1219.6));
#14075=IFCCARTESIANPOINT((557.502021379976,188.706614131305,1223.60495206477));
#14076=IFCCARTESIANPOINT((610.697981786273,188.706614186635,1223.60495210612));
#14077=IFCCARTESIANPOINT((604.219839853177,186.699999999998,1206.6));
#14078=IFCCARTESIANPOINT((584.100000000015,188.699999999998,1204.6));
#14079=IFCCARTESIANPOINT((561.980159603886,188.699999999998,1204.6));
#14080=IFCCARTESIANPOINT((619.850000000015,188.699999999998,1204.6));
#14081=IFCCARTESIANPOINT((559.409919926596,186.699999999998,1206.6));
#14082=IFCCARTESIANPOINT((581.814879289276,186.699999999998,1206.6));
#14083=IFCCARTESIANPOINT((628.909919926596,186.699999999999,1206.6));
#14084=IFCCARTESIANPOINT((537.29007980195,188.699999999998,1204.6));
#14085=IFCCARTESIANPOINT((537.004960563916,186.699999999998,1206.6));
#14086=IFCCARTESIANPOINT((548.207440845867,186.699999999998,1206.6));
#14087=IFCCARTESIANPOINT((630.909920198079,188.699999999999,1204.6));
#14088=IFCCARTESIANPOINT((641.254959963306,186.699999999999,1206.6));
#14089=IFCCARTESIANPOINT((524.945039900982,188.699999999998,1204.6));
#14090=IFCCARTESIANPOINT((549.635119702918,188.699999999998,1204.6));
#14091=IFCCARTESIANPOINT((643.254960099047,188.699999999999,1204.6));
#14092=IFCCARTESIANPOINT((526.945038835502,186.699999999998,1206.6));
#14093=IFCCARTESIANPOINT((531.975000443064,187.292358039249,1205.17924523216));
#14094=IFCCARTESIANPOINT((625.379960585644,187.326632212528,1205.14608771917));
#14095=IFCCARTESIANPOINT((601.974999492806,188.699999999998,1204.6));
#14096=IFCCARTESIANPOINT((593.017359571227,186.699999999998,1206.6));
#14097=IFCCARTESIANPOINT((611.738561095687,187.306528821985,1205.16534391715));
#14098=IFCCARTESIANPOINT((553.808681341428,187.2551086172,1205.2171446598));
#14099=IFCCARTESIANPOINT((598.618601929945,187.241802062651,1205.23118343979));
#14100=IFCCARTESIANPOINT((566.464933728399,187.221417090407,1205.25322883181));
#14101=IFCCARTESIANPOINT((616.564879889887,186.699999999999,1206.6));
#14102=IFCCARTESIANPOINT((542.922645798737,187.459510218058,1205.03118353499));
#14103=IFCCARTESIANPOINT((573.04007980195,188.699999999998,1204.6));
#14104=IFCCARTESIANPOINT((578.570040600286,187.331052770557,1205.14192473342));
#14105=IFCCARTESIANPOINT((570.612399007325,186.699999999998,1206.6));
#14106=IFCCARTESIANPOINT((643.700098335472,187.272995692061,1205.19869392882));
#14107=IFCPOLYLOOP((#13550,#13551,#13552,#13549));
#14108=IFCFACEOUTERBOUND(#14107,.T.);
#14109=IFCFACE((#14108));
#14110=IFCPOLYLOOP((#13556,#13553,#13581,#13571,#13572,#13565,#13596,#13574,#13601,#13564,#13587,#13578,#13579,#13566,#13592,#13568,#13569,#13554,#13555));
#14111=IFCFACEOUTERBOUND(#14110,.T.);
#14112=IFCFACE((#14111));
#14113=IFCPOLYLOOP((#13567,#13580,#13589));
#14114=IFCFACEOUTERBOUND(#14113,.T.);
#14115=IFCFACE((#14114));
#14116=IFCPOLYLOOP((#13594,#13598,#13582));
#14117=IFCFACEOUTERBOUND(#14116,.T.);
#14118=IFCFACE((#14117));
#14119=IFCPOLYLOOP((#13606,#13605,#13581));
#14120=IFCFACEOUTERBOUND(#14119,.T.);
#14121=IFCFACE((#14120));
#14122=IFCPOLYLOOP((#13589,#13591,#13567));
#14123=IFCFACEOUTERBOUND(#14122,.T.);
#14124=IFCFACE((#14123));
#14125=IFCPOLYLOOP((#13571,#13581,#13605));
#14126=IFCFACEOUTERBOUND(#14125,.T.);
#14127=IFCFACE((#14126));
#14128=IFCPOLYLOOP((#13585,#13584,#13583));
#14129=IFCFACEOUTERBOUND(#14128,.T.);
#14130=IFCFACE((#14129));
#14131=IFCPOLYLOOP((#13594,#13565,#13572));
#14132=IFCFACEOUTERBOUND(#14131,.T.);
#14133=IFCFACE((#14132));
#14134=IFCPOLYLOOP((#13597,#13576,#13575));
#14135=IFCFACEOUTERBOUND(#14134,.T.);
#14136=IFCFACE((#14135));
#14137=IFCPOLYLOOP((#13607,#13588,#13586));
#14138=IFCFACEOUTERBOUND(#14137,.T.);
#14139=IFCFACE((#14138));
#14140=IFCPOLYLOOP((#13599,#13602,#13601));
#14141=IFCFACEOUTERBOUND(#14140,.T.);
#14142=IFCFACE((#14141));
#14143=IFCPOLYLOOP((#13590,#13591,#13604));
#14144=IFCFACEOUTERBOUND(#14143,.T.);
#14145=IFCFACE((#14144));
#14146=IFCPOLYLOOP((#13559,#13554,#13593));
#14147=IFCFACEOUTERBOUND(#14146,.T.);
#14148=IFCFACE((#14147));
#14149=IFCPOLYLOOP((#13593,#13589,#13580));
#14150=IFCFACEOUTERBOUND(#14149,.T.);
#14151=IFCFACE((#14150));
#14152=IFCPOLYLOOP((#13573,#13605,#13606));
#14153=IFCFACEOUTERBOUND(#14152,.T.);
#14154=IFCFACE((#14153));
#14155=IFCPOLYLOOP((#13599,#13597,#13575));
#14156=IFCFACEOUTERBOUND(#14155,.T.);
#14157=IFCFACE((#14156));
#14158=IFCPOLYLOOP((#13594,#13572,#13598));
#14159=IFCFACEOUTERBOUND(#14158,.T.);
#14160=IFCFACE((#14159));
#14161=IFCPOLYLOOP((#13606,#13581,#13553));
#14162=IFCFACEOUTERBOUND(#14161,.T.);
#14163=IFCFACE((#14162));
#14164=IFCPOLYLOOP((#13606,#13560,#13557));
#14165=IFCFACEOUTERBOUND(#14164,.T.);
#14166=IFCFACE((#14165));
#14167=IFCPOLYLOOP((#13594,#13562,#13595));
#14168=IFCFACEOUTERBOUND(#14167,.T.);
#14169=IFCFACE((#14168));
#14170=IFCPOLYLOOP((#13596,#13595,#13597));
#14171=IFCFACEOUTERBOUND(#14170,.T.);
#14172=IFCFACE((#14171));
#14173=IFCPOLYLOOP((#13585,#13583,#13563));
#14174=IFCFACEOUTERBOUND(#14173,.T.);
#14175=IFCFACE((#14174));
#14176=IFCPOLYLOOP((#13586,#13584,#13578));
#14177=IFCFACEOUTERBOUND(#14176,.T.);
#14178=IFCFACE((#14177));
#14179=IFCPOLYLOOP((#13584,#13579,#13578));
#14180=IFCFACEOUTERBOUND(#14179,.T.);
#14181=IFCFACE((#14180));
#14182=IFCPOLYLOOP((#13593,#13580,#13558));
#14183=IFCFACEOUTERBOUND(#14182,.T.);
#14184=IFCFACE((#14183));
#14185=IFCPOLYLOOP((#13569,#13568,#13589));
#14186=IFCFACEOUTERBOUND(#14185,.T.);
#14187=IFCFACE((#14186));
#14188=IFCPOLYLOOP((#13586,#13577,#13584));
#14189=IFCFACEOUTERBOUND(#14188,.T.);
#14190=IFCFACE((#14189));
#14191=IFCPOLYLOOP((#13605,#13570,#13598));
#14192=IFCFACEOUTERBOUND(#14191,.T.);
#14193=IFCFACE((#14192));
#14194=IFCPOLYLOOP((#13583,#13584,#13577));
#14195=IFCFACEOUTERBOUND(#14194,.T.);
#14196=IFCFACE((#14195));
#14197=IFCPOLYLOOP((#13579,#13584,#13585));
#14198=IFCFACEOUTERBOUND(#14197,.T.);
#14199=IFCFACE((#14198));
#14200=IFCPOLYLOOP((#13585,#13566,#13579));
#14201=IFCFACEOUTERBOUND(#14200,.T.);
#14202=IFCFACE((#14201));
#14203=IFCPOLYLOOP((#13604,#13566,#13585));
#14204=IFCFACEOUTERBOUND(#14203,.T.);
#14205=IFCFACE((#14204));
#14206=IFCPOLYLOOP((#13603,#13561,#13588));
#14207=IFCFACEOUTERBOUND(#14206,.T.);
#14208=IFCFACE((#14207));
#14209=IFCPOLYLOOP((#13588,#13577,#13586));
#14210=IFCFACEOUTERBOUND(#14209,.T.);
#14211=IFCFACE((#14210));
#14212=IFCPOLYLOOP((#13603,#13602,#13561));
#14213=IFCFACEOUTERBOUND(#14212,.T.);
#14214=IFCFACE((#14213));
#14215=IFCPOLYLOOP((#13586,#13578,#13587));
#14216=IFCFACEOUTERBOUND(#14215,.T.);
#14217=IFCFACE((#14216));
#14218=IFCPOLYLOOP((#13593,#13569,#13589));
#14219=IFCFACEOUTERBOUND(#14218,.T.);
#14220=IFCFACE((#14219));
#14221=IFCPOLYLOOP((#13569,#13593,#13554));
#14222=IFCFACEOUTERBOUND(#14221,.T.);
#14223=IFCFACE((#14222));
#14224=IFCPOLYLOOP((#13568,#13591,#13589));
#14225=IFCFACEOUTERBOUND(#14224,.T.);
#14226=IFCFACE((#14225));
#14227=IFCPOLYLOOP((#13591,#13590,#13567));
#14228=IFCFACEOUTERBOUND(#14227,.T.);
#14229=IFCFACE((#14228));
#14230=IFCPOLYLOOP((#13604,#13592,#13566));
#14231=IFCFACEOUTERBOUND(#14230,.T.);
#14232=IFCFACE((#14231));
#14233=IFCPOLYLOOP((#13590,#13604,#13563));
#14234=IFCFACEOUTERBOUND(#14233,.T.);
#14235=IFCFACE((#14234));
#14236=IFCPOLYLOOP((#13591,#13568,#13592));
#14237=IFCFACEOUTERBOUND(#14236,.T.);
#14238=IFCFACE((#14237));
#14239=IFCPOLYLOOP((#13559,#13593,#13558));
#14240=IFCFACEOUTERBOUND(#14239,.T.);
#14241=IFCFACE((#14240));
#14242=IFCPOLYLOOP((#13565,#13594,#13595));
#14243=IFCFACEOUTERBOUND(#14242,.T.);
#14244=IFCFACE((#14243));
#14245=IFCPOLYLOOP((#13562,#13594,#13582));
#14246=IFCFACEOUTERBOUND(#14245,.T.);
#14247=IFCFACE((#14246));
#14248=IFCPOLYLOOP((#13599,#13574,#13597));
#14249=IFCFACEOUTERBOUND(#14248,.T.);
#14250=IFCFACE((#14249));
#14251=IFCPOLYLOOP((#13595,#13562,#13576));
#14252=IFCFACEOUTERBOUND(#14251,.T.);
#14253=IFCFACE((#14252));
#14254=IFCPOLYLOOP((#13596,#13565,#13595));
#14255=IFCFACEOUTERBOUND(#14254,.T.);
#14256=IFCFACE((#14255));
#14257=IFCPOLYLOOP((#13574,#13596,#13597));
#14258=IFCFACEOUTERBOUND(#14257,.T.);
#14259=IFCFACE((#14258));
#14260=IFCPOLYLOOP((#13576,#13597,#13595));
#14261=IFCFACEOUTERBOUND(#14260,.T.);
#14262=IFCFACE((#14261));
#14263=IFCPOLYLOOP((#13582,#13598,#13570));
#14264=IFCFACEOUTERBOUND(#14263,.T.);
#14265=IFCFACE((#14264));
#14266=IFCPOLYLOOP((#13598,#13572,#13571));
#14267=IFCFACEOUTERBOUND(#14266,.T.);
#14268=IFCFACE((#14267));
#14269=IFCPOLYLOOP((#13564,#13601,#13602));
#14270=IFCFACEOUTERBOUND(#14269,.T.);
#14271=IFCFACE((#14270));
#14272=IFCPOLYLOOP((#13601,#13574,#13599));
#14273=IFCFACEOUTERBOUND(#14272,.T.);
#14274=IFCFACE((#14273));
#14275=IFCPOLYLOOP((#13600,#13561,#13602));
#14276=IFCFACEOUTERBOUND(#14275,.T.);
#14277=IFCFACE((#14276));
#14278=IFCPOLYLOOP((#13599,#13575,#13600));
#14279=IFCFACEOUTERBOUND(#14278,.T.);
#14280=IFCFACE((#14279));
#14281=IFCPOLYLOOP((#13603,#13564,#13602));
#14282=IFCFACEOUTERBOUND(#14281,.T.);
#14283=IFCFACE((#14282));
#14284=IFCPOLYLOOP((#13600,#13602,#13599));
#14285=IFCFACEOUTERBOUND(#14284,.T.);
#14286=IFCFACE((#14285));
#14287=IFCPOLYLOOP((#13603,#13587,#13564));
#14288=IFCFACEOUTERBOUND(#14287,.T.);
#14289=IFCFACE((#14288));
#14290=IFCPOLYLOOP((#13607,#13587,#13603));
#14291=IFCFACEOUTERBOUND(#14290,.T.);
#14292=IFCFACE((#14291));
#14293=IFCPOLYLOOP((#13591,#13592,#13604));
#14294=IFCFACEOUTERBOUND(#14293,.T.);
#14295=IFCFACE((#14294));
#14296=IFCPOLYLOOP((#13563,#13604,#13585));
#14297=IFCFACEOUTERBOUND(#14296,.T.);
#14298=IFCFACE((#14297));
#14299=IFCPOLYLOOP((#13571,#13605,#13598));
#14300=IFCFACEOUTERBOUND(#14299,.T.);
#14301=IFCFACE((#14300));
#14302=IFCPOLYLOOP((#13570,#13605,#13573));
#14303=IFCFACEOUTERBOUND(#14302,.T.);
#14304=IFCFACE((#14303));
#14305=IFCPOLYLOOP((#13573,#13606,#13557));
#14306=IFCFACEOUTERBOUND(#14305,.T.);
#14307=IFCFACE((#14306));
#14308=IFCPOLYLOOP((#13560,#13606,#13553));
#14309=IFCFACEOUTERBOUND(#14308,.T.);
#14310=IFCFACE((#14309));
#14311=IFCPOLYLOOP((#13588,#13607,#13603));
#14312=IFCFACEOUTERBOUND(#14311,.T.);
#14313=IFCFACE((#14312));
#14314=IFCPOLYLOOP((#13607,#13586,#13587));
#14315=IFCFACEOUTERBOUND(#14314,.T.);
#14316=IFCFACE((#14315));
#14317=IFCPOLYLOOP((#13661,#13660,#13642));
#14318=IFCFACEOUTERBOUND(#14317,.T.);
#14319=IFCFACE((#14318));
#14320=IFCPOLYLOOP((#13739,#13630,#13705));
#14321=IFCFACEOUTERBOUND(#14320,.T.);
#14322=IFCFACE((#14321));
#14323=IFCPOLYLOOP((#13709,#13749,#13774));
#14324=IFCFACEOUTERBOUND(#14323,.T.);
#14325=IFCFACE((#14324));
#14326=IFCPOLYLOOP((#13779,#13648,#13725));
#14327=IFCFACEOUTERBOUND(#14326,.T.);
#14328=IFCFACE((#14327));
#14329=IFCPOLYLOOP((#13691,#13683,#13662));
#14330=IFCFACEOUTERBOUND(#14329,.T.);
#14331=IFCFACE((#14330));
#14332=IFCPOLYLOOP((#13663,#13627,#13658));
#14333=IFCFACEOUTERBOUND(#14332,.T.);
#14334=IFCFACE((#14333));
#14335=IFCPOLYLOOP((#13753,#13674,#13711,#13635));
#14336=IFCFACEOUTERBOUND(#14335,.T.);
#14337=IFCFACE((#14336));
#14338=IFCPOLYLOOP((#13694,#13695,#13692));
#14339=IFCFACEOUTERBOUND(#14338,.T.);
#14340=IFCFACE((#14339));
#14341=IFCPOLYLOOP((#13656,#13640,#13654,#13655));
#14342=IFCFACEOUTERBOUND(#14341,.T.);
#14343=IFCFACE((#14342));
#14344=IFCPOLYLOOP((#13651,#13786,#13787,#13782));
#14345=IFCFACEOUTERBOUND(#14344,.T.);
#14346=IFCFACE((#14345));
#14347=IFCPOLYLOOP((#13719,#13777,#13776));
#14348=IFCFACEOUTERBOUND(#14347,.T.);
#14349=IFCFACE((#14348));
#14350=IFCPOLYLOOP((#13693,#13695,#13694));
#14351=IFCFACEOUTERBOUND(#14350,.T.);
#14352=IFCFACE((#14351));
#14353=IFCPOLYLOOP((#13718,#13773,#13778));
#14354=IFCFACEOUTERBOUND(#14353,.T.);
#14355=IFCFACE((#14354));
#14356=IFCPOLYLOOP((#13708,#13747,#13750));
#14357=IFCFACEOUTERBOUND(#14356,.T.);
#14358=IFCFACE((#14357));
#14359=IFCPOLYLOOP((#13683,#13625,#13685));
#14360=IFCFACEOUTERBOUND(#14359,.T.);
#14361=IFCFACE((#14360));
#14362=IFCPOLYLOOP((#13678,#13765,#13715));
#14363=IFCFACEOUTERBOUND(#14362,.T.);
#14364=IFCFACE((#14363));
#14365=IFCPOLYLOOP((#13656,#13658,#13627));
#14366=IFCFACEOUTERBOUND(#14365,.T.);
#14367=IFCFACE((#14366));
#14368=IFCPOLYLOOP((#13610,#13611,#13659));
#14369=IFCFACEOUTERBOUND(#14368,.T.);
#14370=IFCFACE((#14369));
#14371=IFCPOLYLOOP((#13654,#13612,#13613));
#14372=IFCFACEOUTERBOUND(#14371,.T.);
#14373=IFCFACE((#14372));
#14374=IFCPOLYLOOP((#13702,#13731,#13734));
#14375=IFCFACEOUTERBOUND(#14374,.T.);
#14376=IFCFACE((#14375));
#14377=IFCPOLYLOOP((#13717,#13770,#13769));
#14378=IFCFACEOUTERBOUND(#14377,.T.);
#14379=IFCFACE((#14378));
#14380=IFCPOLYLOOP((#13703,#13733,#13738));
#14381=IFCFACEOUTERBOUND(#14380,.T.);
#14382=IFCFACE((#14381));
#14383=IFCPOLYLOOP((#13704,#13736,#13740));
#14384=IFCFACEOUTERBOUND(#14383,.T.);
#14385=IFCFACE((#14384));
#14386=IFCPOLYLOOP((#13728,#13782,#13787));
#14387=IFCFACEOUTERBOUND(#14386,.T.);
#14388=IFCFACE((#14387));
#14389=IFCPOLYLOOP((#13676,#13760,#13713));
#14390=IFCFACEOUTERBOUND(#14389,.T.);
#14391=IFCFACE((#14390));
#14392=IFCPOLYLOOP((#13758,#13676,#13713,#13634));
#14393=IFCFACEOUTERBOUND(#14392,.T.);
#14394=IFCFACE((#14393));
#14395=IFCPOLYLOOP((#13674,#13755,#13711));
#14396=IFCFACEOUTERBOUND(#14395,.T.);
#14397=IFCFACE((#14396));
#14398=IFCPOLYLOOP((#13613,#13652,#13655));
#14399=IFCFACEOUTERBOUND(#14398,.T.);
#14400=IFCFACE((#14399));
#14401=IFCPOLYLOOP((#13642,#13660,#13659));
#14402=IFCFACEOUTERBOUND(#14401,.T.);
#14403=IFCFACE((#14402));
#14404=IFCPOLYLOOP((#13636,#13692,#13661));
#14405=IFCFACEOUTERBOUND(#14404,.T.);
#14406=IFCFACE((#14405));
#14407=IFCPOLYLOOP((#13658,#13655,#13639));
#14408=IFCFACEOUTERBOUND(#14407,.T.);
#14409=IFCFACE((#14408));
#14410=IFCPOLYLOOP((#13661,#13692,#13637));
#14411=IFCFACEOUTERBOUND(#14410,.T.);
#14412=IFCFACE((#14411));
#14413=IFCPOLYLOOP((#13659,#13660,#13610));
#14414=IFCFACEOUTERBOUND(#14413,.T.);
#14415=IFCFACE((#14414));
#14416=IFCPOLYLOOP((#13645,#13689,#13688));
#14417=IFCFACEOUTERBOUND(#14416,.T.);
#14418=IFCFACE((#14417));
#14419=IFCPOLYLOOP((#13763,#13678,#13715,#13644));
#14420=IFCFACEOUTERBOUND(#14419,.T.);
#14421=IFCFACE((#14420));
#14422=IFCPOLYLOOP((#13686,#13687,#13688));
#14423=IFCFACEOUTERBOUND(#14422,.T.);
#14424=IFCFACE((#14423));
#14425=IFCPOLYLOOP((#13725,#13781,#13780));
#14426=IFCFACEOUTERBOUND(#14425,.T.);
#14427=IFCFACE((#14426));
#14428=IFCPOLYLOOP((#13716,#13767,#13771));
#14429=IFCFACEOUTERBOUND(#14428,.T.);
#14430=IFCFACE((#14429));
#14431=IFCPOLYLOOP((#13699,#13727,#13769));
#14432=IFCFACEOUTERBOUND(#14431,.T.);
#14433=IFCFACE((#14432));
#14434=IFCPOLYLOOP((#13670,#13745,#13707));
#14435=IFCFACEOUTERBOUND(#14434,.T.);
#14436=IFCFACE((#14435));
#14437=IFCPOLYLOOP((#13743,#13670,#13707,#13650));
#14438=IFCFACEOUTERBOUND(#14437,.T.);
#14439=IFCFACE((#14438));
#14440=IFCPOLYLOOP((#13783,#13735,#13617,#13782));
#14441=IFCFACEOUTERBOUND(#14440,.T.);
#14442=IFCFACE((#14441));
#14443=IFCPOLYLOOP((#13613,#13608,#13652));
#14444=IFCFACEOUTERBOUND(#14443,.T.);
#14445=IFCFACE((#14444));
#14446=IFCPOLYLOOP((#13653,#13609,#13610));
#14447=IFCFACEOUTERBOUND(#14446,.T.);
#14448=IFCFACE((#14447));
#14449=IFCPOLYLOOP((#13613,#13655,#13654));
#14450=IFCFACEOUTERBOUND(#14449,.T.);
#14451=IFCFACE((#14450));
#14452=IFCPOLYLOOP((#13655,#13652,#13639));
#14453=IFCFACEOUTERBOUND(#14452,.T.);
#14454=IFCFACE((#14453));
#14455=IFCPOLYLOOP((#13657,#13626,#13658,#13639));
#14456=IFCFACEOUTERBOUND(#14455,.T.);
#14457=IFCFACE((#14456));
#14458=IFCPOLYLOOP((#13656,#13655,#13658));
#14459=IFCFACEOUTERBOUND(#14458,.T.);
#14460=IFCFACE((#14459));
#14461=IFCPOLYLOOP((#13702,#13730,#13780));
#14462=IFCFACEOUTERBOUND(#14461,.T.);
#14463=IFCFACE((#14462));
#14464=IFCPOLYLOOP((#13653,#13610,#13660));
#14465=IFCFACEOUTERBOUND(#14464,.T.);
#14466=IFCFACE((#14465));
#14467=IFCPOLYLOOP((#13660,#13641,#13653));
#14468=IFCFACEOUTERBOUND(#14467,.T.);
#14469=IFCFACE((#14468));
#14470=IFCPOLYLOOP((#13641,#13660,#13661));
#14471=IFCFACEOUTERBOUND(#14470,.T.);
#14472=IFCFACE((#14471));
#14473=IFCPOLYLOOP((#13641,#13661,#13637));
#14474=IFCFACEOUTERBOUND(#14473,.T.);
#14475=IFCFACE((#14474));
#14476=IFCPOLYLOOP((#13701,#13636,#13661,#13642));
#14477=IFCFACEOUTERBOUND(#14476,.T.);
#14478=IFCFACE((#14477));
#14479=IFCPOLYLOOP((#13626,#13663,#13658));
#14480=IFCFACEOUTERBOUND(#14479,.T.);
#14481=IFCFACE((#14480));
#14482=IFCPOLYLOOP((#13684,#13627,#13663));
#14483=IFCFACEOUTERBOUND(#14482,.T.);
#14484=IFCFACE((#14483));
#14485=IFCPOLYLOOP((#13685,#13624,#13683));
#14486=IFCFACEOUTERBOUND(#14485,.T.);
#14487=IFCFACE((#14486));
#14488=IFCPOLYLOOP((#13664,#13625,#13683));
#14489=IFCFACEOUTERBOUND(#14488,.T.);
#14490=IFCFACE((#14489));
#14491=IFCPOLYLOOP((#13626,#13691,#13663));
#14492=IFCFACEOUTERBOUND(#14491,.T.);
#14493=IFCFACE((#14492));
#14494=IFCPOLYLOOP((#13732,#13665,#13703,#13630));
#14495=IFCFACEOUTERBOUND(#14494,.T.);
#14496=IFCFACE((#14495));
#14497=IFCPOLYLOOP((#13704,#13735,#13783));
#14498=IFCFACEOUTERBOUND(#14497,.T.);
#14499=IFCFACE((#14498));
#14500=IFCPOLYLOOP((#13737,#13667,#13705));
#14501=IFCFACEOUTERBOUND(#14500,.T.);
#14502=IFCFACE((#14501));
#14503=IFCPOLYLOOP((#13669,#13744,#13745,#13741));
#14504=IFCFACEOUTERBOUND(#14503,.T.);
#14505=IFCFACE((#14504));
#14506=IFCPOLYLOOP((#13706,#13741,#13745));
#14507=IFCFACEOUTERBOUND(#14506,.T.);
#14508=IFCFACE((#14507));
#14509=IFCPOLYLOOP((#13746,#13619,#13708,#13671));
#14510=IFCFACEOUTERBOUND(#14509,.T.);
#14511=IFCFACE((#14510));
#14512=IFCPOLYLOOP((#13748,#13671,#13709,#13623));
#14513=IFCFACEOUTERBOUND(#14512,.T.);
#14514=IFCFACE((#14513));
#14515=IFCPOLYLOOP((#13755,#13710,#13673));
#14516=IFCFACEOUTERBOUND(#14515,.T.);
#14517=IFCFACE((#14516));
#14518=IFCPOLYLOOP((#13751,#13673,#13710,#13615));
#14519=IFCFACEOUTERBOUND(#14518,.T.);
#14520=IFCFACE((#14519));
#14521=IFCPOLYLOOP((#13675,#13759,#13760,#13756));
#14522=IFCFACEOUTERBOUND(#14521,.T.);
#14523=IFCFACE((#14522));
#14524=IFCPOLYLOOP((#13712,#13756,#13760));
#14525=IFCFACEOUTERBOUND(#14524,.T.);
#14526=IFCFACE((#14525));
#14527=IFCPOLYLOOP((#13765,#13714,#13677));
#14528=IFCFACEOUTERBOUND(#14527,.T.);
#14529=IFCFACE((#14528));
#14530=IFCPOLYLOOP((#13761,#13677,#13714,#13618));
#14531=IFCFACEOUTERBOUND(#14530,.T.);
#14532=IFCFACE((#14531));
#14533=IFCPOLYLOOP((#13766,#13616,#13716,#13679));
#14534=IFCFACEOUTERBOUND(#14533,.T.);
#14535=IFCFACE((#14534));
#14536=IFCPOLYLOOP((#13768,#13679,#13717,#13647));
#14537=IFCFACEOUTERBOUND(#14536,.T.);
#14538=IFCFACE((#14537));
#14539=IFCPOLYLOOP((#13772,#13623,#13718,#13681));
#14540=IFCFACEOUTERBOUND(#14539,.T.);
#14541=IFCFACE((#14540));
#14542=IFCPOLYLOOP((#13775,#13681,#13719,#13620));
#14543=IFCFACEOUTERBOUND(#14542,.T.);
#14544=IFCFACE((#14543));
#14545=IFCPOLYLOOP((#13664,#13683,#13691));
#14546=IFCFACEOUTERBOUND(#14545,.T.);
#14547=IFCFACE((#14546));
#14548=IFCPOLYLOOP((#13720,#13662,#13683,#13624));
#14549=IFCFACEOUTERBOUND(#14548,.T.);
#14550=IFCFACE((#14549));
#14551=IFCPOLYLOOP((#13721,#13644,#13689,#13645));
#14552=IFCFACEOUTERBOUND(#14551,.T.);
#14553=IFCFACE((#14552));
#14554=IFCPOLYLOOP((#13662,#13684,#13691));
#14555=IFCFACEOUTERBOUND(#14554,.T.);
#14556=IFCFACE((#14555));
#14557=IFCPOLYLOOP((#13685,#13690,#13688));
#14558=IFCFACEOUTERBOUND(#14557,.T.);
#14559=IFCFACE((#14558));
#14560=IFCPOLYLOOP((#13688,#13687,#13685));
#14561=IFCFACEOUTERBOUND(#14560,.T.);
#14562=IFCFACE((#14561));
#14563=IFCPOLYLOOP((#13687,#13624,#13685));
#14564=IFCFACEOUTERBOUND(#14563,.T.);
#14565=IFCFACE((#14564));
#14566=IFCPOLYLOOP((#13689,#13686,#13688));
#14567=IFCFACEOUTERBOUND(#14566,.T.);
#14568=IFCFACE((#14567));
#14569=IFCPOLYLOOP((#13664,#13691,#13626));
#14570=IFCFACEOUTERBOUND(#14569,.T.);
#14571=IFCFACE((#14570));
#14572=IFCPOLYLOOP((#13722,#13686,#13689,#13643));
#14573=IFCFACEOUTERBOUND(#14572,.T.);
#14574=IFCFACE((#14573));
#14575=IFCPOLYLOOP((#13643,#13689,#13715));
#14576=IFCFACEOUTERBOUND(#14575,.T.);
#14577=IFCFACE((#14576));
#14578=IFCPOLYLOOP((#13645,#13688,#13690));
#14579=IFCFACEOUTERBOUND(#14578,.T.);
#14580=IFCFACE((#14579));
#14581=IFCPOLYLOOP((#13685,#13625,#13690));
#14582=IFCFACEOUTERBOUND(#14581,.T.);
#14583=IFCFACE((#14582));
#14584=IFCPOLYLOOP((#13663,#13691,#13684));
#14585=IFCFACEOUTERBOUND(#14584,.T.);
#14586=IFCFACE((#14585));
#14587=IFCPOLYLOOP((#13638,#13697,#13695));
#14588=IFCFACEOUTERBOUND(#14587,.T.);
#14589=IFCFACE((#14588));
#14590=IFCPOLYLOOP((#13695,#13696,#13638));
#14591=IFCFACEOUTERBOUND(#14590,.T.);
#14592=IFCFACE((#14591));
#14593=IFCPOLYLOOP((#13693,#13696,#13695));
#14594=IFCFACEOUTERBOUND(#14593,.T.);
#14595=IFCFACE((#14594));
#14596=IFCPOLYLOOP((#13692,#13695,#13697));
#14597=IFCFACEOUTERBOUND(#14596,.T.);
#14598=IFCFACE((#14597));
#14599=IFCPOLYLOOP((#13692,#13636,#13694));
#14600=IFCFACEOUTERBOUND(#14599,.T.);
#14601=IFCFACE((#14600));
#14602=IFCPOLYLOOP((#13723,#13638,#13696,#13621));
#14603=IFCFACEOUTERBOUND(#14602,.T.);
#14604=IFCFACE((#14603));
#14605=IFCPOLYLOOP((#13682,#13778,#13773));
#14606=IFCFACEOUTERBOUND(#14605,.T.);
#14607=IFCFACE((#14606));
#14608=IFCPOLYLOOP((#13696,#13724,#13776));
#14609=IFCFACEOUTERBOUND(#14608,.T.);
#14610=IFCFACE((#14609));
#14611=IFCPOLYLOOP((#13697,#13637,#13692));
#14612=IFCFACEOUTERBOUND(#14611,.T.);
#14613=IFCFACE((#14612));
#14614=IFCPOLYLOOP((#13680,#13771,#13767));
#14615=IFCFACEOUTERBOUND(#14614,.T.);
#14616=IFCFACE((#14615));
#14617=IFCPOLYLOOP((#13726,#13698,#13699,#13646));
#14618=IFCFACEOUTERBOUND(#14617,.T.);
#14619=IFCFACE((#14618));
#14620=IFCPOLYLOOP((#13648,#13699,#13725));
#14621=IFCFACEOUTERBOUND(#14620,.T.);
#14622=IFCFACE((#14621));
#14623=IFCPOLYLOOP((#13734,#13703,#13665));
#14624=IFCFACEOUTERBOUND(#14623,.T.);
#14625=IFCFACE((#14624));
#14626=IFCPOLYLOOP((#13785,#13700,#13729,#13649));
#14627=IFCFACEOUTERBOUND(#14626,.T.);
#14628=IFCFACE((#14627));
#14629=IFCPOLYLOOP((#13704,#13783,#13614));
#14630=IFCFACEOUTERBOUND(#14629,.T.);
#14631=IFCFACE((#14630));
#14632=IFCPOLYLOOP((#13668,#13739,#13740,#13736));
#14633=IFCFACEOUTERBOUND(#14632,.T.);
#14634=IFCFACE((#14633));
#14635=IFCPOLYLOOP((#13734,#13733,#13703));
#14636=IFCFACEOUTERBOUND(#14635,.T.);
#14637=IFCFACE((#14636));
#14638=IFCPOLYLOOP((#13740,#13705,#13667));
#14639=IFCFACEOUTERBOUND(#14638,.T.);
#14640=IFCFACE((#14639));
#14641=IFCPOLYLOOP((#13728,#13614,#13783));
#14642=IFCFACEOUTERBOUND(#14641,.T.);
#14643=IFCFACE((#14642));
#14644=IFCPOLYLOOP((#13705,#13738,#13737));
#14645=IFCFACEOUTERBOUND(#14644,.T.);
#14646=IFCFACE((#14645));
#14647=IFCPOLYLOOP((#13740,#13739,#13705));
#14648=IFCFACEOUTERBOUND(#14647,.T.);
#14649=IFCFACE((#14648));
#14650=IFCPOLYLOOP((#13633,#13706,#13712));
#14651=IFCFACEOUTERBOUND(#14650,.T.);
#14652=IFCFACE((#14651));
#14653=IFCPOLYLOOP((#13742,#13632,#13706,#13670));
#14654=IFCFACEOUTERBOUND(#14653,.T.);
#14655=IFCFACE((#14654));
#14656=IFCPOLYLOOP((#13650,#13707,#13729));
#14657=IFCFACEOUTERBOUND(#14656,.T.);
#14658=IFCFACE((#14657));
#14659=IFCPOLYLOOP((#13744,#13649,#13707));
#14660=IFCFACEOUTERBOUND(#14659,.T.);
#14661=IFCFACE((#14660));
#14662=IFCPOLYLOOP((#13750,#13709,#13671));
#14663=IFCFACEOUTERBOUND(#14662,.T.);
#14664=IFCFACE((#14663));
#14665=IFCPOLYLOOP((#13616,#13708,#13716));
#14666=IFCFACEOUTERBOUND(#14665,.T.);
#14667=IFCFACE((#14666));
#14668=IFCPOLYLOOP((#13774,#13718,#13623));
#14669=IFCFACEOUTERBOUND(#14668,.T.);
#14670=IFCFACE((#14669));
#14671=IFCPOLYLOOP((#13672,#13709,#13750));
#14672=IFCFACEOUTERBOUND(#14671,.T.);
#14673=IFCFACE((#14672));
#14674=IFCPOLYLOOP((#13615,#13710,#13714));
#14675=IFCFACEOUTERBOUND(#14674,.T.);
#14676=IFCFACE((#14675));
#14677=IFCPOLYLOOP((#13752,#13618,#13710));
#14678=IFCFACEOUTERBOUND(#14677,.T.);
#14679=IFCFACE((#14678));
#14680=IFCPOLYLOOP((#13635,#13711,#13713));
#14681=IFCFACEOUTERBOUND(#14680,.T.);
#14682=IFCFACE((#14681));
#14683=IFCPOLYLOOP((#13754,#13634,#13711));
#14684=IFCFACEOUTERBOUND(#14683,.T.);
#14685=IFCFACE((#14684));
#14686=IFCPOLYLOOP((#13632,#13712,#13706));
#14687=IFCFACEOUTERBOUND(#14686,.T.);
#14688=IFCFACE((#14687));
#14689=IFCPOLYLOOP((#13757,#13633,#13712));
#14690=IFCFACEOUTERBOUND(#14689,.T.);
#14691=IFCFACE((#14690));
#14692=IFCPOLYLOOP((#13634,#13713,#13711));
#14693=IFCFACEOUTERBOUND(#14692,.T.);
#14694=IFCFACE((#14693));
#14695=IFCPOLYLOOP((#13759,#13635,#13713));
#14696=IFCFACEOUTERBOUND(#14695,.T.);
#14697=IFCFACE((#14696));
#14698=IFCPOLYLOOP((#13618,#13714,#13710));
#14699=IFCFACEOUTERBOUND(#14698,.T.);
#14700=IFCFACE((#14699));
#14701=IFCPOLYLOOP((#13762,#13615,#13714));
#14702=IFCFACEOUTERBOUND(#14701,.T.);
#14703=IFCFACE((#14702));
#14704=IFCPOLYLOOP((#13644,#13715,#13689));
#14705=IFCFACEOUTERBOUND(#14704,.T.);
#14706=IFCFACE((#14705));
#14707=IFCPOLYLOOP((#13764,#13643,#13715));
#14708=IFCFACEOUTERBOUND(#14707,.T.);
#14709=IFCFACE((#14708));
#14710=IFCPOLYLOOP((#13771,#13717,#13679));
#14711=IFCFACEOUTERBOUND(#14710,.T.);
#14712=IFCFACE((#14711));
#14713=IFCPOLYLOOP((#13619,#13716,#13708));
#14714=IFCFACEOUTERBOUND(#14713,.T.);
#14715=IFCFACE((#14714));
#14716=IFCPOLYLOOP((#13769,#13647,#13717));
#14717=IFCFACEOUTERBOUND(#14716,.T.);
#14718=IFCFACE((#14717));
#14719=IFCPOLYLOOP((#13680,#13717,#13771));
#14720=IFCFACEOUTERBOUND(#14719,.T.);
#14721=IFCFACE((#14720));
#14722=IFCPOLYLOOP((#13778,#13719,#13681));
#14723=IFCFACEOUTERBOUND(#14722,.T.);
#14724=IFCFACE((#14723));
#14725=IFCPOLYLOOP((#13622,#13718,#13774));
#14726=IFCFACEOUTERBOUND(#14725,.T.);
#14727=IFCFACE((#14726));
#14728=IFCPOLYLOOP((#13776,#13620,#13719));
#14729=IFCFACEOUTERBOUND(#14728,.T.);
#14730=IFCFACE((#14729));
#14731=IFCPOLYLOOP((#13682,#13719,#13778));
#14732=IFCFACEOUTERBOUND(#14731,.T.);
#14733=IFCFACE((#14732));
#14734=IFCPOLYLOOP((#13725,#13780,#13779));
#14735=IFCFACEOUTERBOUND(#14734,.T.);
#14736=IFCFACE((#14735));
#14737=IFCPOLYLOOP((#13696,#13693,#13724));
#14738=IFCFACEOUTERBOUND(#14737,.T.);
#14739=IFCFACE((#14738));
#14740=IFCPOLYLOOP((#13698,#13725,#13699));
#14741=IFCFACEOUTERBOUND(#14740,.T.);
#14742=IFCFACE((#14741));
#14743=IFCPOLYLOOP((#13784,#13614,#13728,#13700));
#14744=IFCFACEOUTERBOUND(#14743,.T.);
#14745=IFCFACE((#14744));
#14746=IFCPOLYLOOP((#13699,#13648,#13727));
#14747=IFCFACEOUTERBOUND(#14746,.T.);
#14748=IFCFACE((#14747));
#14749=IFCPOLYLOOP((#13729,#13700,#13787));
#14750=IFCFACEOUTERBOUND(#14749,.T.);
#14751=IFCFACE((#14750));
#14752=IFCPOLYLOOP((#13649,#13729,#13707));
#14753=IFCFACEOUTERBOUND(#14752,.T.);
#14754=IFCFACE((#14753));
#14755=IFCPOLYLOOP((#13786,#13650,#13729));
#14756=IFCFACEOUTERBOUND(#14755,.T.);
#14757=IFCFACE((#14756));
#14758=IFCPOLYLOOP((#13666,#13733,#13734,#13731));
#14759=IFCFACEOUTERBOUND(#14758,.T.);
#14760=IFCFACE((#14759));
#14761=IFCPOLYLOOP((#13730,#13702,#13665));
#14762=IFCFACEOUTERBOUND(#14761,.T.);
#14763=IFCFACE((#14762));
#14764=IFCPOLYLOOP((#13702,#13628,#13731));
#14765=IFCFACEOUTERBOUND(#14764,.T.);
#14766=IFCFACE((#14765));
#14767=IFCPOLYLOOP((#13702,#13734,#13665));
#14768=IFCFACEOUTERBOUND(#14767,.T.);
#14769=IFCFACE((#14768));
#14770=IFCPOLYLOOP((#13631,#13737,#13738,#13733));
#14771=IFCFACEOUTERBOUND(#14770,.T.);
#14772=IFCFACE((#14771));
#14773=IFCPOLYLOOP((#13735,#13704,#13667));
#14774=IFCFACEOUTERBOUND(#14773,.T.);
#14775=IFCFACE((#14774));
#14776=IFCPOLYLOOP((#13704,#13614,#13736));
#14777=IFCFACEOUTERBOUND(#14776,.T.);
#14778=IFCFACE((#14777));
#14779=IFCPOLYLOOP((#13703,#13738,#13630));
#14780=IFCFACEOUTERBOUND(#14779,.T.);
#14781=IFCFACE((#14780));
#14782=IFCPOLYLOOP((#13738,#13705,#13630));
#14783=IFCFACEOUTERBOUND(#14782,.T.);
#14784=IFCFACE((#14783));
#14785=IFCPOLYLOOP((#13704,#13740,#13667));
#14786=IFCFACEOUTERBOUND(#14785,.T.);
#14787=IFCFACE((#14786));
#14788=IFCPOLYLOOP((#13706,#13745,#13670));
#14789=IFCFACEOUTERBOUND(#14788,.T.);
#14790=IFCFACE((#14789));
#14791=IFCPOLYLOOP((#13741,#13706,#13633));
#14792=IFCFACEOUTERBOUND(#14791,.T.);
#14793=IFCFACE((#14792));
#14794=IFCPOLYLOOP((#13707,#13745,#13744));
#14795=IFCFACEOUTERBOUND(#14794,.T.);
#14796=IFCFACE((#14795));
#14797=IFCPOLYLOOP((#13672,#13750,#13747));
#14798=IFCFACEOUTERBOUND(#14797,.T.);
#14799=IFCFACE((#14798));
#14800=IFCPOLYLOOP((#13708,#13616,#13747));
#14801=IFCFACEOUTERBOUND(#14800,.T.);
#14802=IFCFACE((#14801));
#14803=IFCPOLYLOOP((#13709,#13672,#13749));
#14804=IFCFACEOUTERBOUND(#14803,.T.);
#14805=IFCFACE((#14804));
#14806=IFCPOLYLOOP((#13708,#13750,#13671));
#14807=IFCFACEOUTERBOUND(#14806,.T.);
#14808=IFCFACE((#14807));
#14809=IFCPOLYLOOP((#13752,#13710,#13755));
#14810=IFCFACEOUTERBOUND(#14809,.T.);
#14811=IFCFACE((#14810));
#14812=IFCPOLYLOOP((#13674,#13752,#13755));
#14813=IFCFACEOUTERBOUND(#14812,.T.);
#14814=IFCFACE((#14813));
#14815=IFCPOLYLOOP((#13673,#13754,#13755));
#14816=IFCFACEOUTERBOUND(#14815,.T.);
#14817=IFCFACE((#14816));
#14818=IFCPOLYLOOP((#13711,#13755,#13754));
#14819=IFCFACEOUTERBOUND(#14818,.T.);
#14820=IFCFACE((#14819));
#14821=IFCPOLYLOOP((#13757,#13712,#13760));
#14822=IFCFACEOUTERBOUND(#14821,.T.);
#14823=IFCFACE((#14822));
#14824=IFCPOLYLOOP((#13756,#13712,#13632));
#14825=IFCFACEOUTERBOUND(#14824,.T.);
#14826=IFCFACE((#14825));
#14827=IFCPOLYLOOP((#13676,#13757,#13760));
#14828=IFCFACEOUTERBOUND(#14827,.T.);
#14829=IFCFACE((#14828));
#14830=IFCPOLYLOOP((#13713,#13760,#13759));
#14831=IFCFACEOUTERBOUND(#14830,.T.);
#14832=IFCFACE((#14831));
#14833=IFCPOLYLOOP((#13762,#13714,#13765));
#14834=IFCFACEOUTERBOUND(#14833,.T.);
#14835=IFCFACE((#14834));
#14836=IFCPOLYLOOP((#13678,#13762,#13765));
#14837=IFCFACEOUTERBOUND(#14836,.T.);
#14838=IFCFACE((#14837));
#14839=IFCPOLYLOOP((#13677,#13764,#13765));
#14840=IFCFACEOUTERBOUND(#14839,.T.);
#14841=IFCFACE((#14840));
#14842=IFCPOLYLOOP((#13715,#13765,#13764));
#14843=IFCFACEOUTERBOUND(#14842,.T.);
#14844=IFCFACE((#14843));
#14845=IFCPOLYLOOP((#13647,#13769,#13727));
#14846=IFCFACEOUTERBOUND(#14845,.T.);
#14847=IFCFACE((#14846));
#14848=IFCPOLYLOOP((#13716,#13619,#13767));
#14849=IFCFACEOUTERBOUND(#14848,.T.);
#14850=IFCFACE((#14849));
#14851=IFCPOLYLOOP((#13699,#13769,#13646));
#14852=IFCFACEOUTERBOUND(#14851,.T.);
#14853=IFCFACE((#14852));
#14854=IFCPOLYLOOP((#13646,#13769,#13770));
#14855=IFCFACEOUTERBOUND(#14854,.T.);
#14856=IFCFACE((#14855));
#14857=IFCPOLYLOOP((#13717,#13680,#13770));
#14858=IFCFACEOUTERBOUND(#14857,.T.);
#14859=IFCFACE((#14858));
#14860=IFCPOLYLOOP((#13716,#13771,#13679));
#14861=IFCFACEOUTERBOUND(#14860,.T.);
#14862=IFCFACE((#14861));
#14863=IFCPOLYLOOP((#13622,#13774,#13749));
#14864=IFCFACEOUTERBOUND(#14863,.T.);
#14865=IFCFACE((#14864));
#14866=IFCPOLYLOOP((#13718,#13622,#13773));
#14867=IFCFACEOUTERBOUND(#14866,.T.);
#14868=IFCFACE((#14867));
#14869=IFCPOLYLOOP((#13709,#13774,#13623));
#14870=IFCFACEOUTERBOUND(#14869,.T.);
#14871=IFCFACE((#14870));
#14872=IFCPOLYLOOP((#13620,#13776,#13724));
#14873=IFCFACEOUTERBOUND(#14872,.T.);
#14874=IFCFACE((#14873));
#14875=IFCPOLYLOOP((#13696,#13776,#13621));
#14876=IFCFACEOUTERBOUND(#14875,.T.);
#14877=IFCFACE((#14876));
#14878=IFCPOLYLOOP((#13621,#13776,#13777));
#14879=IFCFACEOUTERBOUND(#14878,.T.);
#14880=IFCFACE((#14879));
#14881=IFCPOLYLOOP((#13719,#13682,#13777));
#14882=IFCFACEOUTERBOUND(#14881,.T.);
#14883=IFCFACE((#14882));
#14884=IFCPOLYLOOP((#13718,#13778,#13681));
#14885=IFCFACEOUTERBOUND(#14884,.T.);
#14886=IFCFACE((#14885));
#14887=IFCPOLYLOOP((#13629,#13779,#13780,#13730));
#14888=IFCFACEOUTERBOUND(#14887,.T.);
#14889=IFCFACE((#14888));
#14890=IFCPOLYLOOP((#13702,#13780,#13628));
#14891=IFCFACEOUTERBOUND(#14890,.T.);
#14892=IFCFACE((#14891));
#14893=IFCPOLYLOOP((#13628,#13780,#13781));
#14894=IFCFACEOUTERBOUND(#14893,.T.);
#14895=IFCFACE((#14894));
#14896=IFCPOLYLOOP((#13725,#13698,#13781));
#14897=IFCFACEOUTERBOUND(#14896,.T.);
#14898=IFCFACE((#14897));
#14899=IFCPOLYLOOP((#13728,#13783,#13782));
#14900=IFCFACEOUTERBOUND(#14899,.T.);
#14901=IFCFACE((#14900));
#14902=IFCPOLYLOOP((#13728,#13787,#13700));
#14903=IFCFACEOUTERBOUND(#14902,.T.);
#14904=IFCFACE((#14903));
#14905=IFCPOLYLOOP((#13729,#13787,#13786));
#14906=IFCFACEOUTERBOUND(#14905,.T.);
#14907=IFCFACE((#14906));
#14908=IFCPOLYLOOP((#13788,#13789,#13609,#13653,#13641,#13637,#13697,#13638,#13723,#13621,#13777,#13682,#13773,#13622,#13749,#13672,#13747,#13616,#13766,#13679,#13768,#13647,#13727,#13648,#13779,#13629,#13730,#13665,#13732,#13630,#13739,#13668,#13736,#13614,#13784,#13700,#13785,#13649,#13744,#13669,#13741,#13633,#13757,#13676,#13758,#13634,#13754,#13673,#13751,#13615,#13762,#13678,#13763,#13644,#13721,#13645,#13690,#13625,#13664,#13626,#13657,#13639,#13652,#13608));
#14909=IFCFACEOUTERBOUND(#14908,.T.);
#14910=IFCFACE((#14909));
#14911=IFCPOLYLOOP((#13790,#13791,#13551,#13550));
#14912=IFCFACEOUTERBOUND(#14911,.T.);
#14913=IFCFACE((#14912));
#14914=IFCPOLYLOOP((#13793,#13555,#13554,#13798,#13796,#13792));
#14915=IFCFACEOUTERBOUND(#14914,.T.);
#14916=IFCFACE((#14915));
#14917=IFCPOLYLOOP((#13797,#13801,#13799,#13800));
#14918=IFCFACEOUTERBOUND(#14917,.T.);
#14919=IFCFACE((#14918));
#14920=IFCPOLYLOOP((#13802,#13559,#13800));
#14921=IFCFACEOUTERBOUND(#14920,.T.);
#14922=IFCFACE((#14921));
#14923=IFCPOLYLOOP((#13803,#13795,#13792));
#14924=IFCFACEOUTERBOUND(#14923,.T.);
#14925=IFCFACE((#14924));
#14926=IFCPOLYLOOP((#13803,#13796,#13799));
#14927=IFCFACEOUTERBOUND(#14926,.T.);
#14928=IFCFACE((#14927));
#14929=IFCPOLYLOOP((#13802,#13798,#13554));
#14930=IFCFACEOUTERBOUND(#14929,.T.);
#14931=IFCFACE((#14930));
#14932=IFCPOLYLOOP((#13796,#13798,#13799));
#14933=IFCFACEOUTERBOUND(#14932,.T.);
#14934=IFCFACE((#14933));
#14935=IFCPOLYLOOP((#13803,#13799,#13801));
#14936=IFCFACEOUTERBOUND(#14935,.T.);
#14937=IFCFACE((#14936));
#14938=IFCPOLYLOOP((#13799,#13802,#13800));
#14939=IFCFACEOUTERBOUND(#14938,.T.);
#14940=IFCFACE((#14939));
#14941=IFCPOLYLOOP((#13799,#13798,#13802));
#14942=IFCFACEOUTERBOUND(#14941,.T.);
#14943=IFCFACE((#14942));
#14944=IFCPOLYLOOP((#13559,#13558,#13800));
#14945=IFCFACEOUTERBOUND(#14944,.T.);
#14946=IFCFACE((#14945));
#14947=IFCPOLYLOOP((#13801,#13794,#13795));
#14948=IFCFACEOUTERBOUND(#14947,.T.);
#14949=IFCFACE((#14948));
#14950=IFCPOLYLOOP((#13559,#13802,#13554));
#14951=IFCFACEOUTERBOUND(#14950,.T.);
#14952=IFCFACE((#14951));
#14953=IFCPOLYLOOP((#13796,#13803,#13792));
#14954=IFCFACEOUTERBOUND(#14953,.T.);
#14955=IFCFACE((#14954));
#14956=IFCPOLYLOOP((#13795,#13803,#13801));
#14957=IFCFACEOUTERBOUND(#14956,.T.);
#14958=IFCFACE((#14957));
#14959=IFCPOLYLOOP((#13823,#13819,#13814));
#14960=IFCFACEOUTERBOUND(#14959,.T.);
#14961=IFCFACE((#14960));
#14962=IFCPOLYLOOP((#13830,#13834,#13835));
#14963=IFCFACEOUTERBOUND(#14962,.T.);
#14964=IFCFACE((#14963));
#14965=IFCPOLYLOOP((#13817,#13836,#13824));
#14966=IFCFACEOUTERBOUND(#14965,.T.);
#14967=IFCFACE((#14966));
#14968=IFCPOLYLOOP((#13828,#13809,#13830));
#14969=IFCFACEOUTERBOUND(#14968,.T.);
#14970=IFCFACE((#14969));
#14971=IFCPOLYLOOP((#13817,#13824,#13810));
#14972=IFCFACEOUTERBOUND(#14971,.T.);
#14973=IFCFACE((#14972));
#14974=IFCPOLYLOOP((#13824,#13831,#13827));
#14975=IFCFACEOUTERBOUND(#14974,.T.);
#14976=IFCFACE((#14975));
#14977=IFCPOLYLOOP((#13836,#13821,#13805));
#14978=IFCFACEOUTERBOUND(#14977,.T.);
#14979=IFCFACE((#14978));
#14980=IFCPOLYLOOP((#13809,#13828,#13820));
#14981=IFCFACEOUTERBOUND(#14980,.T.);
#14982=IFCFACE((#14981));
#14983=IFCPOLYLOOP((#13816,#13828,#13811));
#14984=IFCFACEOUTERBOUND(#14983,.T.);
#14985=IFCFACE((#14984));
#14986=IFCPOLYLOOP((#13829,#13834,#13808));
#14987=IFCFACEOUTERBOUND(#14986,.T.);
#14988=IFCFACE((#14987));
#14989=IFCPOLYLOOP((#13810,#13824,#13827));
#14990=IFCFACEOUTERBOUND(#14989,.T.);
#14991=IFCFACE((#14990));
#14992=IFCPOLYLOOP((#13832,#13823,#13814));
#14993=IFCFACEOUTERBOUND(#14992,.T.);
#14994=IFCFACE((#14993));
#14995=IFCPOLYLOOP((#13832,#13816,#13815));
#14996=IFCFACEOUTERBOUND(#14995,.T.);
#14997=IFCFACE((#14996));
#14998=IFCPOLYLOOP((#13832,#13828,#13816));
#14999=IFCFACEOUTERBOUND(#14998,.T.);
#15000=IFCFACE((#14999));
#15001=IFCPOLYLOOP((#13836,#13805,#13806));
#15002=IFCFACEOUTERBOUND(#15001,.T.);
#15003=IFCFACE((#15002));
#15004=IFCPOLYLOOP((#13822,#13611,#13610));
#15005=IFCFACEOUTERBOUND(#15004,.T.);
#15006=IFCFACE((#15005));
#15007=IFCPOLYLOOP((#13822,#13823,#13815));
#15008=IFCFACEOUTERBOUND(#15007,.T.);
#15009=IFCFACE((#15008));
#15010=IFCPOLYLOOP((#13610,#13609,#13819));
#15011=IFCFACEOUTERBOUND(#15010,.T.);
#15012=IFCFACE((#15011));
#15013=IFCPOLYLOOP((#13821,#13804,#13805));
#15014=IFCFACEOUTERBOUND(#15013,.T.);
#15015=IFCFACE((#15014));
#15016=IFCPOLYLOOP((#13836,#13813,#13824));
#15017=IFCFACEOUTERBOUND(#15016,.T.);
#15018=IFCFACE((#15017));
#15019=IFCPOLYLOOP((#13610,#13823,#13822));
#15020=IFCFACEOUTERBOUND(#15019,.T.);
#15021=IFCFACE((#15020));
#15022=IFCPOLYLOOP((#13819,#13823,#13610));
#15023=IFCFACEOUTERBOUND(#15022,.T.);
#15024=IFCFACE((#15023));
#15025=IFCPOLYLOOP((#13831,#13824,#13813));
#15026=IFCFACEOUTERBOUND(#15025,.T.);
#15027=IFCFACE((#15026));
#15028=IFCPOLYLOOP((#13818,#13813,#13836,#13806));
#15029=IFCFACEOUTERBOUND(#15028,.T.);
#15030=IFCFACE((#15029));
#15031=IFCPOLYLOOP((#13827,#13825,#13810));
#15032=IFCFACEOUTERBOUND(#15031,.T.);
#15033=IFCFACE((#15032));
#15034=IFCPOLYLOOP((#13834,#13829,#13826));
#15035=IFCFACEOUTERBOUND(#15034,.T.);
#15036=IFCFACE((#15035));
#15037=IFCPOLYLOOP((#13826,#13829,#13807));
#15038=IFCFACEOUTERBOUND(#15037,.T.);
#15039=IFCFACE((#15038));
#15040=IFCPOLYLOOP((#13825,#13827,#13829));
#15041=IFCFACEOUTERBOUND(#15040,.T.);
#15042=IFCFACE((#15041));
#15043=IFCPOLYLOOP((#13830,#13811,#13828));
#15044=IFCFACEOUTERBOUND(#15043,.T.);
#15045=IFCFACE((#15044));
#15046=IFCPOLYLOOP((#13832,#13814,#13820));
#15047=IFCFACEOUTERBOUND(#15046,.T.);
#15048=IFCFACE((#15047));
#15049=IFCPOLYLOOP((#13807,#13829,#13827));
#15050=IFCFACEOUTERBOUND(#15049,.T.);
#15051=IFCFACE((#15050));
#15052=IFCPOLYLOOP((#13825,#13829,#13808));
#15053=IFCFACEOUTERBOUND(#15052,.T.);
#15054=IFCFACE((#15053));
#15055=IFCPOLYLOOP((#13812,#13835,#13834,#13826));
#15056=IFCFACEOUTERBOUND(#15055,.T.);
#15057=IFCFACE((#15056));
#15058=IFCPOLYLOOP((#13833,#13834,#13830));
#15059=IFCFACEOUTERBOUND(#15058,.T.);
#15060=IFCFACE((#15059));
#15061=IFCPOLYLOOP((#13831,#13807,#13827));
#15062=IFCFACEOUTERBOUND(#15061,.T.);
#15063=IFCFACE((#15062));
#15064=IFCPOLYLOOP((#13815,#13823,#13832));
#15065=IFCFACEOUTERBOUND(#15064,.T.);
#15066=IFCFACE((#15065));
#15067=IFCPOLYLOOP((#13828,#13832,#13820));
#15068=IFCFACEOUTERBOUND(#15067,.T.);
#15069=IFCFACE((#15068));
#15070=IFCPOLYLOOP((#13808,#13834,#13833));
#15071=IFCFACEOUTERBOUND(#15070,.T.);
#15072=IFCFACE((#15071));
#15073=IFCPOLYLOOP((#13830,#13809,#13833));
#15074=IFCFACEOUTERBOUND(#15073,.T.);
#15075=IFCFACE((#15074));
#15076=IFCPOLYLOOP((#13835,#13811,#13830));
#15077=IFCFACEOUTERBOUND(#15076,.T.);
#15078=IFCFACE((#15077));
#15079=IFCPOLYLOOP((#13817,#13821,#13836));
#15080=IFCFACEOUTERBOUND(#15079,.T.);
#15081=IFCFACE((#15080));
#15082=IFCPOLYLOOP((#13837,#13804,#13821,#13817,#13810,#13825,#13808,#13833,#13809,#13820,#13814,#13819,#13609,#13789));
#15083=IFCFACEOUTERBOUND(#15082,.T.);
#15084=IFCFACE((#15083));
#15085=IFCPOLYLOOP((#13838,#13839,#13791,#13790));
#15086=IFCFACEOUTERBOUND(#15085,.T.);
#15087=IFCFACE((#15086));
#15088=IFCPOLYLOOP((#13793,#13792,#13864,#13854,#13855,#13848,#13879,#13857,#13884,#13847,#13870,#13861,#13862,#13849,#13875,#13851,#13852,#13840,#13841));
#15089=IFCFACEOUTERBOUND(#15088,.T.);
#15090=IFCFACE((#15089));
#15091=IFCPOLYLOOP((#13850,#13863,#13872));
#15092=IFCFACEOUTERBOUND(#15091,.T.);
#15093=IFCFACE((#15092));
#15094=IFCPOLYLOOP((#13877,#13881,#13865));
#15095=IFCFACEOUTERBOUND(#15094,.T.);
#15096=IFCFACE((#15095));
#15097=IFCPOLYLOOP((#13889,#13888,#13864));
#15098=IFCFACEOUTERBOUND(#15097,.T.);
#15099=IFCFACE((#15098));
#15100=IFCPOLYLOOP((#13872,#13874,#13850));
#15101=IFCFACEOUTERBOUND(#15100,.T.);
#15102=IFCFACE((#15101));
#15103=IFCPOLYLOOP((#13854,#13864,#13888));
#15104=IFCFACEOUTERBOUND(#15103,.T.);
#15105=IFCFACE((#15104));
#15106=IFCPOLYLOOP((#13868,#13867,#13866));
#15107=IFCFACEOUTERBOUND(#15106,.T.);
#15108=IFCFACE((#15107));
#15109=IFCPOLYLOOP((#13877,#13848,#13855));
#15110=IFCFACEOUTERBOUND(#15109,.T.);
#15111=IFCFACE((#15110));
#15112=IFCPOLYLOOP((#13880,#13859,#13858));
#15113=IFCFACEOUTERBOUND(#15112,.T.);
#15114=IFCFACE((#15113));
#15115=IFCPOLYLOOP((#13890,#13871,#13869));
#15116=IFCFACEOUTERBOUND(#15115,.T.);
#15117=IFCFACE((#15116));
#15118=IFCPOLYLOOP((#13882,#13885,#13884));
#15119=IFCFACEOUTERBOUND(#15118,.T.);
#15120=IFCFACE((#15119));
#15121=IFCPOLYLOOP((#13873,#13874,#13887));
#15122=IFCFACEOUTERBOUND(#15121,.T.);
#15123=IFCFACE((#15122));
#15124=IFCPOLYLOOP((#13843,#13840,#13876));
#15125=IFCFACEOUTERBOUND(#15124,.T.);
#15126=IFCFACE((#15125));
#15127=IFCPOLYLOOP((#13876,#13872,#13863));
#15128=IFCFACEOUTERBOUND(#15127,.T.);
#15129=IFCFACE((#15128));
#15130=IFCPOLYLOOP((#13856,#13888,#13889));
#15131=IFCFACEOUTERBOUND(#15130,.T.);
#15132=IFCFACE((#15131));
#15133=IFCPOLYLOOP((#13882,#13880,#13858));
#15134=IFCFACEOUTERBOUND(#15133,.T.);
#15135=IFCFACE((#15134));
#15136=IFCPOLYLOOP((#13877,#13855,#13881));
#15137=IFCFACEOUTERBOUND(#15136,.T.);
#15138=IFCFACE((#15137));
#15139=IFCPOLYLOOP((#13889,#13864,#13792));
#15140=IFCFACEOUTERBOUND(#15139,.T.);
#15141=IFCFACE((#15140));
#15142=IFCPOLYLOOP((#13889,#13795,#13794));
#15143=IFCFACEOUTERBOUND(#15142,.T.);
#15144=IFCFACE((#15143));
#15145=IFCPOLYLOOP((#13877,#13845,#13878));
#15146=IFCFACEOUTERBOUND(#15145,.T.);
#15147=IFCFACE((#15146));
#15148=IFCPOLYLOOP((#13879,#13878,#13880));
#15149=IFCFACEOUTERBOUND(#15148,.T.);
#15150=IFCFACE((#15149));
#15151=IFCPOLYLOOP((#13868,#13866,#13846));
#15152=IFCFACEOUTERBOUND(#15151,.T.);
#15153=IFCFACE((#15152));
#15154=IFCPOLYLOOP((#13869,#13867,#13861));
#15155=IFCFACEOUTERBOUND(#15154,.T.);
#15156=IFCFACE((#15155));
#15157=IFCPOLYLOOP((#13867,#13862,#13861));
#15158=IFCFACEOUTERBOUND(#15157,.T.);
#15159=IFCFACE((#15158));
#15160=IFCPOLYLOOP((#13876,#13863,#13842));
#15161=IFCFACEOUTERBOUND(#15160,.T.);
#15162=IFCFACE((#15161));
#15163=IFCPOLYLOOP((#13852,#13851,#13872));
#15164=IFCFACEOUTERBOUND(#15163,.T.);
#15165=IFCFACE((#15164));
#15166=IFCPOLYLOOP((#13869,#13860,#13867));
#15167=IFCFACEOUTERBOUND(#15166,.T.);
#15168=IFCFACE((#15167));
#15169=IFCPOLYLOOP((#13888,#13853,#13881));
#15170=IFCFACEOUTERBOUND(#15169,.T.);
#15171=IFCFACE((#15170));
#15172=IFCPOLYLOOP((#13866,#13867,#13860));
#15173=IFCFACEOUTERBOUND(#15172,.T.);
#15174=IFCFACE((#15173));
#15175=IFCPOLYLOOP((#13862,#13867,#13868));
#15176=IFCFACEOUTERBOUND(#15175,.T.);
#15177=IFCFACE((#15176));
#15178=IFCPOLYLOOP((#13868,#13849,#13862));
#15179=IFCFACEOUTERBOUND(#15178,.T.);
#15180=IFCFACE((#15179));
#15181=IFCPOLYLOOP((#13887,#13849,#13868));
#15182=IFCFACEOUTERBOUND(#15181,.T.);
#15183=IFCFACE((#15182));
#15184=IFCPOLYLOOP((#13886,#13844,#13871));
#15185=IFCFACEOUTERBOUND(#15184,.T.);
#15186=IFCFACE((#15185));
#15187=IFCPOLYLOOP((#13871,#13860,#13869));
#15188=IFCFACEOUTERBOUND(#15187,.T.);
#15189=IFCFACE((#15188));
#15190=IFCPOLYLOOP((#13886,#13885,#13844));
#15191=IFCFACEOUTERBOUND(#15190,.T.);
#15192=IFCFACE((#15191));
#15193=IFCPOLYLOOP((#13869,#13861,#13870));
#15194=IFCFACEOUTERBOUND(#15193,.T.);
#15195=IFCFACE((#15194));
#15196=IFCPOLYLOOP((#13876,#13852,#13872));
#15197=IFCFACEOUTERBOUND(#15196,.T.);
#15198=IFCFACE((#15197));
#15199=IFCPOLYLOOP((#13852,#13876,#13840));
#15200=IFCFACEOUTERBOUND(#15199,.T.);
#15201=IFCFACE((#15200));
#15202=IFCPOLYLOOP((#13851,#13874,#13872));
#15203=IFCFACEOUTERBOUND(#15202,.T.);
#15204=IFCFACE((#15203));
#15205=IFCPOLYLOOP((#13874,#13873,#13850));
#15206=IFCFACEOUTERBOUND(#15205,.T.);
#15207=IFCFACE((#15206));
#15208=IFCPOLYLOOP((#13887,#13875,#13849));
#15209=IFCFACEOUTERBOUND(#15208,.T.);
#15210=IFCFACE((#15209));
#15211=IFCPOLYLOOP((#13873,#13887,#13846));
#15212=IFCFACEOUTERBOUND(#15211,.T.);
#15213=IFCFACE((#15212));
#15214=IFCPOLYLOOP((#13874,#13851,#13875));
#15215=IFCFACEOUTERBOUND(#15214,.T.);
#15216=IFCFACE((#15215));
#15217=IFCPOLYLOOP((#13843,#13876,#13842));
#15218=IFCFACEOUTERBOUND(#15217,.T.);
#15219=IFCFACE((#15218));
#15220=IFCPOLYLOOP((#13848,#13877,#13878));
#15221=IFCFACEOUTERBOUND(#15220,.T.);
#15222=IFCFACE((#15221));
#15223=IFCPOLYLOOP((#13845,#13877,#13865));
#15224=IFCFACEOUTERBOUND(#15223,.T.);
#15225=IFCFACE((#15224));
#15226=IFCPOLYLOOP((#13882,#13857,#13880));
#15227=IFCFACEOUTERBOUND(#15226,.T.);
#15228=IFCFACE((#15227));
#15229=IFCPOLYLOOP((#13878,#13845,#13859));
#15230=IFCFACEOUTERBOUND(#15229,.T.);
#15231=IFCFACE((#15230));
#15232=IFCPOLYLOOP((#13879,#13848,#13878));
#15233=IFCFACEOUTERBOUND(#15232,.T.);
#15234=IFCFACE((#15233));
#15235=IFCPOLYLOOP((#13857,#13879,#13880));
#15236=IFCFACEOUTERBOUND(#15235,.T.);
#15237=IFCFACE((#15236));
#15238=IFCPOLYLOOP((#13859,#13880,#13878));
#15239=IFCFACEOUTERBOUND(#15238,.T.);
#15240=IFCFACE((#15239));
#15241=IFCPOLYLOOP((#13865,#13881,#13853));
#15242=IFCFACEOUTERBOUND(#15241,.T.);
#15243=IFCFACE((#15242));
#15244=IFCPOLYLOOP((#13881,#13855,#13854));
#15245=IFCFACEOUTERBOUND(#15244,.T.);
#15246=IFCFACE((#15245));
#15247=IFCPOLYLOOP((#13847,#13884,#13885));
#15248=IFCFACEOUTERBOUND(#15247,.T.);
#15249=IFCFACE((#15248));
#15250=IFCPOLYLOOP((#13884,#13857,#13882));
#15251=IFCFACEOUTERBOUND(#15250,.T.);
#15252=IFCFACE((#15251));
#15253=IFCPOLYLOOP((#13883,#13844,#13885));
#15254=IFCFACEOUTERBOUND(#15253,.T.);
#15255=IFCFACE((#15254));
#15256=IFCPOLYLOOP((#13882,#13858,#13883));
#15257=IFCFACEOUTERBOUND(#15256,.T.);
#15258=IFCFACE((#15257));
#15259=IFCPOLYLOOP((#13886,#13847,#13885));
#15260=IFCFACEOUTERBOUND(#15259,.T.);
#15261=IFCFACE((#15260));
#15262=IFCPOLYLOOP((#13883,#13885,#13882));
#15263=IFCFACEOUTERBOUND(#15262,.T.);
#15264=IFCFACE((#15263));
#15265=IFCPOLYLOOP((#13886,#13870,#13847));
#15266=IFCFACEOUTERBOUND(#15265,.T.);
#15267=IFCFACE((#15266));
#15268=IFCPOLYLOOP((#13890,#13870,#13886));
#15269=IFCFACEOUTERBOUND(#15268,.T.);
#15270=IFCFACE((#15269));
#15271=IFCPOLYLOOP((#13874,#13875,#13887));
#15272=IFCFACEOUTERBOUND(#15271,.T.);
#15273=IFCFACE((#15272));
#15274=IFCPOLYLOOP((#13846,#13887,#13868));
#15275=IFCFACEOUTERBOUND(#15274,.T.);
#15276=IFCFACE((#15275));
#15277=IFCPOLYLOOP((#13854,#13888,#13881));
#15278=IFCFACEOUTERBOUND(#15277,.T.);
#15279=IFCFACE((#15278));
#15280=IFCPOLYLOOP((#13853,#13888,#13856));
#15281=IFCFACEOUTERBOUND(#15280,.T.);
#15282=IFCFACE((#15281));
#15283=IFCPOLYLOOP((#13856,#13889,#13794));
#15284=IFCFACEOUTERBOUND(#15283,.T.);
#15285=IFCFACE((#15284));
#15286=IFCPOLYLOOP((#13795,#13889,#13792));
#15287=IFCFACEOUTERBOUND(#15286,.T.);
#15288=IFCFACE((#15287));
#15289=IFCPOLYLOOP((#13871,#13890,#13886));
#15290=IFCFACEOUTERBOUND(#15289,.T.);
#15291=IFCFACE((#15290));
#15292=IFCPOLYLOOP((#13890,#13869,#13870));
#15293=IFCFACEOUTERBOUND(#15292,.T.);
#15294=IFCFACE((#15293));
#15295=IFCPOLYLOOP((#13941,#13940,#13922));
#15296=IFCFACEOUTERBOUND(#15295,.T.);
#15297=IFCFACE((#15296));
#15298=IFCPOLYLOOP((#14019,#13910,#13985));
#15299=IFCFACEOUTERBOUND(#15298,.T.);
#15300=IFCFACE((#15299));
#15301=IFCPOLYLOOP((#13989,#14029,#14054));
#15302=IFCFACEOUTERBOUND(#15301,.T.);
#15303=IFCFACE((#15302));
#15304=IFCPOLYLOOP((#14059,#13928,#14005));
#15305=IFCFACEOUTERBOUND(#15304,.T.);
#15306=IFCFACE((#15305));
#15307=IFCPOLYLOOP((#13971,#13963,#13942));
#15308=IFCFACEOUTERBOUND(#15307,.T.);
#15309=IFCFACE((#15308));
#15310=IFCPOLYLOOP((#13943,#13907,#13938));
#15311=IFCFACEOUTERBOUND(#15310,.T.);
#15312=IFCFACE((#15311));
#15313=IFCPOLYLOOP((#14033,#13954,#13991,#13915));
#15314=IFCFACEOUTERBOUND(#15313,.T.);
#15315=IFCFACE((#15314));
#15316=IFCPOLYLOOP((#13974,#13975,#13972));
#15317=IFCFACEOUTERBOUND(#15316,.T.);
#15318=IFCFACE((#15317));
#15319=IFCPOLYLOOP((#13936,#13920,#13934,#13935));
#15320=IFCFACEOUTERBOUND(#15319,.T.);
#15321=IFCFACE((#15320));
#15322=IFCPOLYLOOP((#13931,#14066,#14067,#14062));
#15323=IFCFACEOUTERBOUND(#15322,.T.);
#15324=IFCFACE((#15323));
#15325=IFCPOLYLOOP((#13999,#14057,#14056));
#15326=IFCFACEOUTERBOUND(#15325,.T.);
#15327=IFCFACE((#15326));
#15328=IFCPOLYLOOP((#13973,#13975,#13974));
#15329=IFCFACEOUTERBOUND(#15328,.T.);
#15330=IFCFACE((#15329));
#15331=IFCPOLYLOOP((#13998,#14053,#14058));
#15332=IFCFACEOUTERBOUND(#15331,.T.);
#15333=IFCFACE((#15332));
#15334=IFCPOLYLOOP((#13988,#14027,#14030));
#15335=IFCFACEOUTERBOUND(#15334,.T.);
#15336=IFCFACE((#15335));
#15337=IFCPOLYLOOP((#13963,#13905,#13965));
#15338=IFCFACEOUTERBOUND(#15337,.T.);
#15339=IFCFACE((#15338));
#15340=IFCPOLYLOOP((#13958,#14045,#13995));
#15341=IFCFACEOUTERBOUND(#15340,.T.);
#15342=IFCFACE((#15341));
#15343=IFCPOLYLOOP((#13936,#13938,#13907));
#15344=IFCFACEOUTERBOUND(#15343,.T.);
#15345=IFCFACE((#15344));
#15346=IFCPOLYLOOP((#13892,#13893,#13939));
#15347=IFCFACEOUTERBOUND(#15346,.T.);
#15348=IFCFACE((#15347));
#15349=IFCPOLYLOOP((#13934,#13806,#13805));
#15350=IFCFACEOUTERBOUND(#15349,.T.);
#15351=IFCFACE((#15350));
#15352=IFCPOLYLOOP((#13982,#14011,#14014));
#15353=IFCFACEOUTERBOUND(#15352,.T.);
#15354=IFCFACE((#15353));
#15355=IFCPOLYLOOP((#13997,#14050,#14049));
#15356=IFCFACEOUTERBOUND(#15355,.T.);
#15357=IFCFACE((#15356));
#15358=IFCPOLYLOOP((#13983,#14013,#14018));
#15359=IFCFACEOUTERBOUND(#15358,.T.);
#15360=IFCFACE((#15359));
#15361=IFCPOLYLOOP((#13984,#14016,#14020));
#15362=IFCFACEOUTERBOUND(#15361,.T.);
#15363=IFCFACE((#15362));
#15364=IFCPOLYLOOP((#14008,#14062,#14067));
#15365=IFCFACEOUTERBOUND(#15364,.T.);
#15366=IFCFACE((#15365));
#15367=IFCPOLYLOOP((#13956,#14040,#13993));
#15368=IFCFACEOUTERBOUND(#15367,.T.);
#15369=IFCFACE((#15368));
#15370=IFCPOLYLOOP((#14038,#13956,#13993,#13914));
#15371=IFCFACEOUTERBOUND(#15370,.T.);
#15372=IFCFACE((#15371));
#15373=IFCPOLYLOOP((#13954,#14035,#13991));
#15374=IFCFACEOUTERBOUND(#15373,.T.);
#15375=IFCFACE((#15374));
#15376=IFCPOLYLOOP((#13805,#13932,#13935));
#15377=IFCFACEOUTERBOUND(#15376,.T.);
#15378=IFCFACE((#15377));
#15379=IFCPOLYLOOP((#13922,#13940,#13939));
#15380=IFCFACEOUTERBOUND(#15379,.T.);
#15381=IFCFACE((#15380));
#15382=IFCPOLYLOOP((#13916,#13972,#13941));
#15383=IFCFACEOUTERBOUND(#15382,.T.);
#15384=IFCFACE((#15383));
#15385=IFCPOLYLOOP((#13938,#13935,#13919));
#15386=IFCFACEOUTERBOUND(#15385,.T.);
#15387=IFCFACE((#15386));
#15388=IFCPOLYLOOP((#13941,#13972,#13917));
#15389=IFCFACEOUTERBOUND(#15388,.T.);
#15390=IFCFACE((#15389));
#15391=IFCPOLYLOOP((#13939,#13940,#13892));
#15392=IFCFACEOUTERBOUND(#15391,.T.);
#15393=IFCFACE((#15392));
#15394=IFCPOLYLOOP((#13925,#13969,#13968));
#15395=IFCFACEOUTERBOUND(#15394,.T.);
#15396=IFCFACE((#15395));
#15397=IFCPOLYLOOP((#14043,#13958,#13995,#13924));
#15398=IFCFACEOUTERBOUND(#15397,.T.);
#15399=IFCFACE((#15398));
#15400=IFCPOLYLOOP((#13966,#13967,#13968));
#15401=IFCFACEOUTERBOUND(#15400,.T.);
#15402=IFCFACE((#15401));
#15403=IFCPOLYLOOP((#14005,#14061,#14060));
#15404=IFCFACEOUTERBOUND(#15403,.T.);
#15405=IFCFACE((#15404));
#15406=IFCPOLYLOOP((#13996,#14047,#14051));
#15407=IFCFACEOUTERBOUND(#15406,.T.);
#15408=IFCFACE((#15407));
#15409=IFCPOLYLOOP((#13979,#14007,#14049));
#15410=IFCFACEOUTERBOUND(#15409,.T.);
#15411=IFCFACE((#15410));
#15412=IFCPOLYLOOP((#13950,#14025,#13987));
#15413=IFCFACEOUTERBOUND(#15412,.T.);
#15414=IFCFACE((#15413));
#15415=IFCPOLYLOOP((#14023,#13950,#13987,#13930));
#15416=IFCFACEOUTERBOUND(#15415,.T.);
#15417=IFCFACE((#15416));
#15418=IFCPOLYLOOP((#14063,#14015,#13897,#14062));
#15419=IFCFACEOUTERBOUND(#15418,.T.);
#15420=IFCFACE((#15419));
#15421=IFCPOLYLOOP((#13805,#13804,#13932));
#15422=IFCFACEOUTERBOUND(#15421,.T.);
#15423=IFCFACE((#15422));
#15424=IFCPOLYLOOP((#13933,#13891,#13892));
#15425=IFCFACEOUTERBOUND(#15424,.T.);
#15426=IFCFACE((#15425));
#15427=IFCPOLYLOOP((#13805,#13935,#13934));
#15428=IFCFACEOUTERBOUND(#15427,.T.);
#15429=IFCFACE((#15428));
#15430=IFCPOLYLOOP((#13935,#13932,#13919));
#15431=IFCFACEOUTERBOUND(#15430,.T.);
#15432=IFCFACE((#15431));
#15433=IFCPOLYLOOP((#13937,#13906,#13938,#13919));
#15434=IFCFACEOUTERBOUND(#15433,.T.);
#15435=IFCFACE((#15434));
#15436=IFCPOLYLOOP((#13936,#13935,#13938));
#15437=IFCFACEOUTERBOUND(#15436,.T.);
#15438=IFCFACE((#15437));
#15439=IFCPOLYLOOP((#13982,#14010,#14060));
#15440=IFCFACEOUTERBOUND(#15439,.T.);
#15441=IFCFACE((#15440));
#15442=IFCPOLYLOOP((#13933,#13892,#13940));
#15443=IFCFACEOUTERBOUND(#15442,.T.);
#15444=IFCFACE((#15443));
#15445=IFCPOLYLOOP((#13940,#13921,#13933));
#15446=IFCFACEOUTERBOUND(#15445,.T.);
#15447=IFCFACE((#15446));
#15448=IFCPOLYLOOP((#13921,#13940,#13941));
#15449=IFCFACEOUTERBOUND(#15448,.T.);
#15450=IFCFACE((#15449));
#15451=IFCPOLYLOOP((#13921,#13941,#13917));
#15452=IFCFACEOUTERBOUND(#15451,.T.);
#15453=IFCFACE((#15452));
#15454=IFCPOLYLOOP((#13981,#13916,#13941,#13922));
#15455=IFCFACEOUTERBOUND(#15454,.T.);
#15456=IFCFACE((#15455));
#15457=IFCPOLYLOOP((#13906,#13943,#13938));
#15458=IFCFACEOUTERBOUND(#15457,.T.);
#15459=IFCFACE((#15458));
#15460=IFCPOLYLOOP((#13964,#13907,#13943));
#15461=IFCFACEOUTERBOUND(#15460,.T.);
#15462=IFCFACE((#15461));
#15463=IFCPOLYLOOP((#13965,#13904,#13963));
#15464=IFCFACEOUTERBOUND(#15463,.T.);
#15465=IFCFACE((#15464));
#15466=IFCPOLYLOOP((#13944,#13905,#13963));
#15467=IFCFACEOUTERBOUND(#15466,.T.);
#15468=IFCFACE((#15467));
#15469=IFCPOLYLOOP((#13906,#13971,#13943));
#15470=IFCFACEOUTERBOUND(#15469,.T.);
#15471=IFCFACE((#15470));
#15472=IFCPOLYLOOP((#14012,#13945,#13983,#13910));
#15473=IFCFACEOUTERBOUND(#15472,.T.);
#15474=IFCFACE((#15473));
#15475=IFCPOLYLOOP((#13984,#14015,#14063));
#15476=IFCFACEOUTERBOUND(#15475,.T.);
#15477=IFCFACE((#15476));
#15478=IFCPOLYLOOP((#14017,#13947,#13985));
#15479=IFCFACEOUTERBOUND(#15478,.T.);
#15480=IFCFACE((#15479));
#15481=IFCPOLYLOOP((#13949,#14024,#14025,#14021));
#15482=IFCFACEOUTERBOUND(#15481,.T.);
#15483=IFCFACE((#15482));
#15484=IFCPOLYLOOP((#13986,#14021,#14025));
#15485=IFCFACEOUTERBOUND(#15484,.T.);
#15486=IFCFACE((#15485));
#15487=IFCPOLYLOOP((#14026,#13899,#13988,#13951));
#15488=IFCFACEOUTERBOUND(#15487,.T.);
#15489=IFCFACE((#15488));
#15490=IFCPOLYLOOP((#14028,#13951,#13989,#13903));
#15491=IFCFACEOUTERBOUND(#15490,.T.);
#15492=IFCFACE((#15491));
#15493=IFCPOLYLOOP((#14035,#13990,#13953));
#15494=IFCFACEOUTERBOUND(#15493,.T.);
#15495=IFCFACE((#15494));
#15496=IFCPOLYLOOP((#14031,#13953,#13990,#13895));
#15497=IFCFACEOUTERBOUND(#15496,.T.);
#15498=IFCFACE((#15497));
#15499=IFCPOLYLOOP((#13955,#14039,#14040,#14036));
#15500=IFCFACEOUTERBOUND(#15499,.T.);
#15501=IFCFACE((#15500));
#15502=IFCPOLYLOOP((#13992,#14036,#14040));
#15503=IFCFACEOUTERBOUND(#15502,.T.);
#15504=IFCFACE((#15503));
#15505=IFCPOLYLOOP((#14045,#13994,#13957));
#15506=IFCFACEOUTERBOUND(#15505,.T.);
#15507=IFCFACE((#15506));
#15508=IFCPOLYLOOP((#14041,#13957,#13994,#13898));
#15509=IFCFACEOUTERBOUND(#15508,.T.);
#15510=IFCFACE((#15509));
#15511=IFCPOLYLOOP((#14046,#13896,#13996,#13959));
#15512=IFCFACEOUTERBOUND(#15511,.T.);
#15513=IFCFACE((#15512));
#15514=IFCPOLYLOOP((#14048,#13959,#13997,#13927));
#15515=IFCFACEOUTERBOUND(#15514,.T.);
#15516=IFCFACE((#15515));
#15517=IFCPOLYLOOP((#14052,#13903,#13998,#13961));
#15518=IFCFACEOUTERBOUND(#15517,.T.);
#15519=IFCFACE((#15518));
#15520=IFCPOLYLOOP((#14055,#13961,#13999,#13900));
#15521=IFCFACEOUTERBOUND(#15520,.T.);
#15522=IFCFACE((#15521));
#15523=IFCPOLYLOOP((#13944,#13963,#13971));
#15524=IFCFACEOUTERBOUND(#15523,.T.);
#15525=IFCFACE((#15524));
#15526=IFCPOLYLOOP((#14000,#13942,#13963,#13904));
#15527=IFCFACEOUTERBOUND(#15526,.T.);
#15528=IFCFACE((#15527));
#15529=IFCPOLYLOOP((#14001,#13924,#13969,#13925));
#15530=IFCFACEOUTERBOUND(#15529,.T.);
#15531=IFCFACE((#15530));
#15532=IFCPOLYLOOP((#13942,#13964,#13971));
#15533=IFCFACEOUTERBOUND(#15532,.T.);
#15534=IFCFACE((#15533));
#15535=IFCPOLYLOOP((#13965,#13970,#13968));
#15536=IFCFACEOUTERBOUND(#15535,.T.);
#15537=IFCFACE((#15536));
#15538=IFCPOLYLOOP((#13968,#13967,#13965));
#15539=IFCFACEOUTERBOUND(#15538,.T.);
#15540=IFCFACE((#15539));
#15541=IFCPOLYLOOP((#13967,#13904,#13965));
#15542=IFCFACEOUTERBOUND(#15541,.T.);
#15543=IFCFACE((#15542));
#15544=IFCPOLYLOOP((#13969,#13966,#13968));
#15545=IFCFACEOUTERBOUND(#15544,.T.);
#15546=IFCFACE((#15545));
#15547=IFCPOLYLOOP((#13944,#13971,#13906));
#15548=IFCFACEOUTERBOUND(#15547,.T.);
#15549=IFCFACE((#15548));
#15550=IFCPOLYLOOP((#14002,#13966,#13969,#13923));
#15551=IFCFACEOUTERBOUND(#15550,.T.);
#15552=IFCFACE((#15551));
#15553=IFCPOLYLOOP((#13923,#13969,#13995));
#15554=IFCFACEOUTERBOUND(#15553,.T.);
#15555=IFCFACE((#15554));
#15556=IFCPOLYLOOP((#13925,#13968,#13970));
#15557=IFCFACEOUTERBOUND(#15556,.T.);
#15558=IFCFACE((#15557));
#15559=IFCPOLYLOOP((#13965,#13905,#13970));
#15560=IFCFACEOUTERBOUND(#15559,.T.);
#15561=IFCFACE((#15560));
#15562=IFCPOLYLOOP((#13943,#13971,#13964));
#15563=IFCFACEOUTERBOUND(#15562,.T.);
#15564=IFCFACE((#15563));
#15565=IFCPOLYLOOP((#13918,#13977,#13975));
#15566=IFCFACEOUTERBOUND(#15565,.T.);
#15567=IFCFACE((#15566));
#15568=IFCPOLYLOOP((#13975,#13976,#13918));
#15569=IFCFACEOUTERBOUND(#15568,.T.);
#15570=IFCFACE((#15569));
#15571=IFCPOLYLOOP((#13973,#13976,#13975));
#15572=IFCFACEOUTERBOUND(#15571,.T.);
#15573=IFCFACE((#15572));
#15574=IFCPOLYLOOP((#13972,#13975,#13977));
#15575=IFCFACEOUTERBOUND(#15574,.T.);
#15576=IFCFACE((#15575));
#15577=IFCPOLYLOOP((#13972,#13916,#13974));
#15578=IFCFACEOUTERBOUND(#15577,.T.);
#15579=IFCFACE((#15578));
#15580=IFCPOLYLOOP((#14003,#13918,#13976,#13901));
#15581=IFCFACEOUTERBOUND(#15580,.T.);
#15582=IFCFACE((#15581));
#15583=IFCPOLYLOOP((#13962,#14058,#14053));
#15584=IFCFACEOUTERBOUND(#15583,.T.);
#15585=IFCFACE((#15584));
#15586=IFCPOLYLOOP((#13976,#14004,#14056));
#15587=IFCFACEOUTERBOUND(#15586,.T.);
#15588=IFCFACE((#15587));
#15589=IFCPOLYLOOP((#13977,#13917,#13972));
#15590=IFCFACEOUTERBOUND(#15589,.T.);
#15591=IFCFACE((#15590));
#15592=IFCPOLYLOOP((#13960,#14051,#14047));
#15593=IFCFACEOUTERBOUND(#15592,.T.);
#15594=IFCFACE((#15593));
#15595=IFCPOLYLOOP((#14006,#13978,#13979,#13926));
#15596=IFCFACEOUTERBOUND(#15595,.T.);
#15597=IFCFACE((#15596));
#15598=IFCPOLYLOOP((#13928,#13979,#14005));
#15599=IFCFACEOUTERBOUND(#15598,.T.);
#15600=IFCFACE((#15599));
#15601=IFCPOLYLOOP((#14014,#13983,#13945));
#15602=IFCFACEOUTERBOUND(#15601,.T.);
#15603=IFCFACE((#15602));
#15604=IFCPOLYLOOP((#14065,#13980,#14009,#13929));
#15605=IFCFACEOUTERBOUND(#15604,.T.);
#15606=IFCFACE((#15605));
#15607=IFCPOLYLOOP((#13984,#14063,#13894));
#15608=IFCFACEOUTERBOUND(#15607,.T.);
#15609=IFCFACE((#15608));
#15610=IFCPOLYLOOP((#13948,#14019,#14020,#14016));
#15611=IFCFACEOUTERBOUND(#15610,.T.);
#15612=IFCFACE((#15611));
#15613=IFCPOLYLOOP((#14014,#14013,#13983));
#15614=IFCFACEOUTERBOUND(#15613,.T.);
#15615=IFCFACE((#15614));
#15616=IFCPOLYLOOP((#14020,#13985,#13947));
#15617=IFCFACEOUTERBOUND(#15616,.T.);
#15618=IFCFACE((#15617));
#15619=IFCPOLYLOOP((#14008,#13894,#14063));
#15620=IFCFACEOUTERBOUND(#15619,.T.);
#15621=IFCFACE((#15620));
#15622=IFCPOLYLOOP((#13985,#14018,#14017));
#15623=IFCFACEOUTERBOUND(#15622,.T.);
#15624=IFCFACE((#15623));
#15625=IFCPOLYLOOP((#14020,#14019,#13985));
#15626=IFCFACEOUTERBOUND(#15625,.T.);
#15627=IFCFACE((#15626));
#15628=IFCPOLYLOOP((#13913,#13986,#13992));
#15629=IFCFACEOUTERBOUND(#15628,.T.);
#15630=IFCFACE((#15629));
#15631=IFCPOLYLOOP((#14022,#13912,#13986,#13950));
#15632=IFCFACEOUTERBOUND(#15631,.T.);
#15633=IFCFACE((#15632));
#15634=IFCPOLYLOOP((#13930,#13987,#14009));
#15635=IFCFACEOUTERBOUND(#15634,.T.);
#15636=IFCFACE((#15635));
#15637=IFCPOLYLOOP((#14024,#13929,#13987));
#15638=IFCFACEOUTERBOUND(#15637,.T.);
#15639=IFCFACE((#15638));
#15640=IFCPOLYLOOP((#14030,#13989,#13951));
#15641=IFCFACEOUTERBOUND(#15640,.T.);
#15642=IFCFACE((#15641));
#15643=IFCPOLYLOOP((#13896,#13988,#13996));
#15644=IFCFACEOUTERBOUND(#15643,.T.);
#15645=IFCFACE((#15644));
#15646=IFCPOLYLOOP((#14054,#13998,#13903));
#15647=IFCFACEOUTERBOUND(#15646,.T.);
#15648=IFCFACE((#15647));
#15649=IFCPOLYLOOP((#13952,#13989,#14030));
#15650=IFCFACEOUTERBOUND(#15649,.T.);
#15651=IFCFACE((#15650));
#15652=IFCPOLYLOOP((#13895,#13990,#13994));
#15653=IFCFACEOUTERBOUND(#15652,.T.);
#15654=IFCFACE((#15653));
#15655=IFCPOLYLOOP((#14032,#13898,#13990));
#15656=IFCFACEOUTERBOUND(#15655,.T.);
#15657=IFCFACE((#15656));
#15658=IFCPOLYLOOP((#13915,#13991,#13993));
#15659=IFCFACEOUTERBOUND(#15658,.T.);
#15660=IFCFACE((#15659));
#15661=IFCPOLYLOOP((#14034,#13914,#13991));
#15662=IFCFACEOUTERBOUND(#15661,.T.);
#15663=IFCFACE((#15662));
#15664=IFCPOLYLOOP((#13912,#13992,#13986));
#15665=IFCFACEOUTERBOUND(#15664,.T.);
#15666=IFCFACE((#15665));
#15667=IFCPOLYLOOP((#14037,#13913,#13992));
#15668=IFCFACEOUTERBOUND(#15667,.T.);
#15669=IFCFACE((#15668));
#15670=IFCPOLYLOOP((#13914,#13993,#13991));
#15671=IFCFACEOUTERBOUND(#15670,.T.);
#15672=IFCFACE((#15671));
#15673=IFCPOLYLOOP((#14039,#13915,#13993));
#15674=IFCFACEOUTERBOUND(#15673,.T.);
#15675=IFCFACE((#15674));
#15676=IFCPOLYLOOP((#13898,#13994,#13990));
#15677=IFCFACEOUTERBOUND(#15676,.T.);
#15678=IFCFACE((#15677));
#15679=IFCPOLYLOOP((#14042,#13895,#13994));
#15680=IFCFACEOUTERBOUND(#15679,.T.);
#15681=IFCFACE((#15680));
#15682=IFCPOLYLOOP((#13924,#13995,#13969));
#15683=IFCFACEOUTERBOUND(#15682,.T.);
#15684=IFCFACE((#15683));
#15685=IFCPOLYLOOP((#14044,#13923,#13995));
#15686=IFCFACEOUTERBOUND(#15685,.T.);
#15687=IFCFACE((#15686));
#15688=IFCPOLYLOOP((#14051,#13997,#13959));
#15689=IFCFACEOUTERBOUND(#15688,.T.);
#15690=IFCFACE((#15689));
#15691=IFCPOLYLOOP((#13899,#13996,#13988));
#15692=IFCFACEOUTERBOUND(#15691,.T.);
#15693=IFCFACE((#15692));
#15694=IFCPOLYLOOP((#14049,#13927,#13997));
#15695=IFCFACEOUTERBOUND(#15694,.T.);
#15696=IFCFACE((#15695));
#15697=IFCPOLYLOOP((#13960,#13997,#14051));
#15698=IFCFACEOUTERBOUND(#15697,.T.);
#15699=IFCFACE((#15698));
#15700=IFCPOLYLOOP((#14058,#13999,#13961));
#15701=IFCFACEOUTERBOUND(#15700,.T.);
#15702=IFCFACE((#15701));
#15703=IFCPOLYLOOP((#13902,#13998,#14054));
#15704=IFCFACEOUTERBOUND(#15703,.T.);
#15705=IFCFACE((#15704));
#15706=IFCPOLYLOOP((#14056,#13900,#13999));
#15707=IFCFACEOUTERBOUND(#15706,.T.);
#15708=IFCFACE((#15707));
#15709=IFCPOLYLOOP((#13962,#13999,#14058));
#15710=IFCFACEOUTERBOUND(#15709,.T.);
#15711=IFCFACE((#15710));
#15712=IFCPOLYLOOP((#14005,#14060,#14059));
#15713=IFCFACEOUTERBOUND(#15712,.T.);
#15714=IFCFACE((#15713));
#15715=IFCPOLYLOOP((#13976,#13973,#14004));
#15716=IFCFACEOUTERBOUND(#15715,.T.);
#15717=IFCFACE((#15716));
#15718=IFCPOLYLOOP((#13978,#14005,#13979));
#15719=IFCFACEOUTERBOUND(#15718,.T.);
#15720=IFCFACE((#15719));
#15721=IFCPOLYLOOP((#14064,#13894,#14008,#13980));
#15722=IFCFACEOUTERBOUND(#15721,.T.);
#15723=IFCFACE((#15722));
#15724=IFCPOLYLOOP((#13979,#13928,#14007));
#15725=IFCFACEOUTERBOUND(#15724,.T.);
#15726=IFCFACE((#15725));
#15727=IFCPOLYLOOP((#14009,#13980,#14067));
#15728=IFCFACEOUTERBOUND(#15727,.T.);
#15729=IFCFACE((#15728));
#15730=IFCPOLYLOOP((#13929,#14009,#13987));
#15731=IFCFACEOUTERBOUND(#15730,.T.);
#15732=IFCFACE((#15731));
#15733=IFCPOLYLOOP((#14066,#13930,#14009));
#15734=IFCFACEOUTERBOUND(#15733,.T.);
#15735=IFCFACE((#15734));
#15736=IFCPOLYLOOP((#13946,#14013,#14014,#14011));
#15737=IFCFACEOUTERBOUND(#15736,.T.);
#15738=IFCFACE((#15737));
#15739=IFCPOLYLOOP((#14010,#13982,#13945));
#15740=IFCFACEOUTERBOUND(#15739,.T.);
#15741=IFCFACE((#15740));
#15742=IFCPOLYLOOP((#13982,#13908,#14011));
#15743=IFCFACEOUTERBOUND(#15742,.T.);
#15744=IFCFACE((#15743));
#15745=IFCPOLYLOOP((#13982,#14014,#13945));
#15746=IFCFACEOUTERBOUND(#15745,.T.);
#15747=IFCFACE((#15746));
#15748=IFCPOLYLOOP((#13911,#14017,#14018,#14013));
#15749=IFCFACEOUTERBOUND(#15748,.T.);
#15750=IFCFACE((#15749));
#15751=IFCPOLYLOOP((#13984,#13947,#14015));
#15752=IFCFACEOUTERBOUND(#15751,.T.);
#15753=IFCFACE((#15752));
#15754=IFCPOLYLOOP((#13984,#13894,#14016));
#15755=IFCFACEOUTERBOUND(#15754,.T.);
#15756=IFCFACE((#15755));
#15757=IFCPOLYLOOP((#13983,#14018,#13910));
#15758=IFCFACEOUTERBOUND(#15757,.T.);
#15759=IFCFACE((#15758));
#15760=IFCPOLYLOOP((#14018,#13985,#13910));
#15761=IFCFACEOUTERBOUND(#15760,.T.);
#15762=IFCFACE((#15761));
#15763=IFCPOLYLOOP((#13984,#14020,#13947));
#15764=IFCFACEOUTERBOUND(#15763,.T.);
#15765=IFCFACE((#15764));
#15766=IFCPOLYLOOP((#13986,#14025,#13950));
#15767=IFCFACEOUTERBOUND(#15766,.T.);
#15768=IFCFACE((#15767));
#15769=IFCPOLYLOOP((#14021,#13986,#13913));
#15770=IFCFACEOUTERBOUND(#15769,.T.);
#15771=IFCFACE((#15770));
#15772=IFCPOLYLOOP((#13987,#14025,#14024));
#15773=IFCFACEOUTERBOUND(#15772,.T.);
#15774=IFCFACE((#15773));
#15775=IFCPOLYLOOP((#13952,#14030,#14027));
#15776=IFCFACEOUTERBOUND(#15775,.T.);
#15777=IFCFACE((#15776));
#15778=IFCPOLYLOOP((#13988,#13896,#14027));
#15779=IFCFACEOUTERBOUND(#15778,.T.);
#15780=IFCFACE((#15779));
#15781=IFCPOLYLOOP((#13989,#13952,#14029));
#15782=IFCFACEOUTERBOUND(#15781,.T.);
#15783=IFCFACE((#15782));
#15784=IFCPOLYLOOP((#13988,#14030,#13951));
#15785=IFCFACEOUTERBOUND(#15784,.T.);
#15786=IFCFACE((#15785));
#15787=IFCPOLYLOOP((#14032,#13990,#14035));
#15788=IFCFACEOUTERBOUND(#15787,.T.);
#15789=IFCFACE((#15788));
#15790=IFCPOLYLOOP((#13954,#14032,#14035));
#15791=IFCFACEOUTERBOUND(#15790,.T.);
#15792=IFCFACE((#15791));
#15793=IFCPOLYLOOP((#13953,#14034,#14035));
#15794=IFCFACEOUTERBOUND(#15793,.T.);
#15795=IFCFACE((#15794));
#15796=IFCPOLYLOOP((#13991,#14035,#14034));
#15797=IFCFACEOUTERBOUND(#15796,.T.);
#15798=IFCFACE((#15797));
#15799=IFCPOLYLOOP((#14037,#13992,#14040));
#15800=IFCFACEOUTERBOUND(#15799,.T.);
#15801=IFCFACE((#15800));
#15802=IFCPOLYLOOP((#14036,#13992,#13912));
#15803=IFCFACEOUTERBOUND(#15802,.T.);
#15804=IFCFACE((#15803));
#15805=IFCPOLYLOOP((#13956,#14037,#14040));
#15806=IFCFACEOUTERBOUND(#15805,.T.);
#15807=IFCFACE((#15806));
#15808=IFCPOLYLOOP((#13993,#14040,#14039));
#15809=IFCFACEOUTERBOUND(#15808,.T.);
#15810=IFCFACE((#15809));
#15811=IFCPOLYLOOP((#14042,#13994,#14045));
#15812=IFCFACEOUTERBOUND(#15811,.T.);
#15813=IFCFACE((#15812));
#15814=IFCPOLYLOOP((#13958,#14042,#14045));
#15815=IFCFACEOUTERBOUND(#15814,.T.);
#15816=IFCFACE((#15815));
#15817=IFCPOLYLOOP((#13957,#14044,#14045));
#15818=IFCFACEOUTERBOUND(#15817,.T.);
#15819=IFCFACE((#15818));
#15820=IFCPOLYLOOP((#13995,#14045,#14044));
#15821=IFCFACEOUTERBOUND(#15820,.T.);
#15822=IFCFACE((#15821));
#15823=IFCPOLYLOOP((#13927,#14049,#14007));
#15824=IFCFACEOUTERBOUND(#15823,.T.);
#15825=IFCFACE((#15824));
#15826=IFCPOLYLOOP((#13996,#13899,#14047));
#15827=IFCFACEOUTERBOUND(#15826,.T.);
#15828=IFCFACE((#15827));
#15829=IFCPOLYLOOP((#13979,#14049,#13926));
#15830=IFCFACEOUTERBOUND(#15829,.T.);
#15831=IFCFACE((#15830));
#15832=IFCPOLYLOOP((#13926,#14049,#14050));
#15833=IFCFACEOUTERBOUND(#15832,.T.);
#15834=IFCFACE((#15833));
#15835=IFCPOLYLOOP((#13997,#13960,#14050));
#15836=IFCFACEOUTERBOUND(#15835,.T.);
#15837=IFCFACE((#15836));
#15838=IFCPOLYLOOP((#13996,#14051,#13959));
#15839=IFCFACEOUTERBOUND(#15838,.T.);
#15840=IFCFACE((#15839));
#15841=IFCPOLYLOOP((#13902,#14054,#14029));
#15842=IFCFACEOUTERBOUND(#15841,.T.);
#15843=IFCFACE((#15842));
#15844=IFCPOLYLOOP((#13998,#13902,#14053));
#15845=IFCFACEOUTERBOUND(#15844,.T.);
#15846=IFCFACE((#15845));
#15847=IFCPOLYLOOP((#13989,#14054,#13903));
#15848=IFCFACEOUTERBOUND(#15847,.T.);
#15849=IFCFACE((#15848));
#15850=IFCPOLYLOOP((#13900,#14056,#14004));
#15851=IFCFACEOUTERBOUND(#15850,.T.);
#15852=IFCFACE((#15851));
#15853=IFCPOLYLOOP((#13976,#14056,#13901));
#15854=IFCFACEOUTERBOUND(#15853,.T.);
#15855=IFCFACE((#15854));
#15856=IFCPOLYLOOP((#13901,#14056,#14057));
#15857=IFCFACEOUTERBOUND(#15856,.T.);
#15858=IFCFACE((#15857));
#15859=IFCPOLYLOOP((#13999,#13962,#14057));
#15860=IFCFACEOUTERBOUND(#15859,.T.);
#15861=IFCFACE((#15860));
#15862=IFCPOLYLOOP((#13998,#14058,#13961));
#15863=IFCFACEOUTERBOUND(#15862,.T.);
#15864=IFCFACE((#15863));
#15865=IFCPOLYLOOP((#13909,#14059,#14060,#14010));
#15866=IFCFACEOUTERBOUND(#15865,.T.);
#15867=IFCFACE((#15866));
#15868=IFCPOLYLOOP((#13982,#14060,#13908));
#15869=IFCFACEOUTERBOUND(#15868,.T.);
#15870=IFCFACE((#15869));
#15871=IFCPOLYLOOP((#13908,#14060,#14061));
#15872=IFCFACEOUTERBOUND(#15871,.T.);
#15873=IFCFACE((#15872));
#15874=IFCPOLYLOOP((#14005,#13978,#14061));
#15875=IFCFACEOUTERBOUND(#15874,.T.);
#15876=IFCFACE((#15875));
#15877=IFCPOLYLOOP((#14008,#14063,#14062));
#15878=IFCFACEOUTERBOUND(#15877,.T.);
#15879=IFCFACE((#15878));
#15880=IFCPOLYLOOP((#14008,#14067,#13980));
#15881=IFCFACEOUTERBOUND(#15880,.T.);
#15882=IFCFACE((#15881));
#15883=IFCPOLYLOOP((#14009,#14067,#14066));
#15884=IFCFACEOUTERBOUND(#15883,.T.);
#15885=IFCFACE((#15884));
#15886=IFCPOLYLOOP((#13837,#14068,#13891,#13933,#13921,#13917,#13977,#13918,#14003,#13901,#14057,#13962,#14053,#13902,#14029,#13952,#14027,#13896,#14046,#13959,#14048,#13927,#14007,#13928,#14059,#13909,#14010,#13945,#14012,#13910,#14019,#13948,#14016,#13894,#14064,#13980,#14065,#13929,#14024,#13949,#14021,#13913,#14037,#13956,#14038,#13914,#14034,#13953,#14031,#13895,#14042,#13958,#14043,#13924,#14001,#13925,#13970,#13905,#13944,#13906,#13937,#13919,#13932,#13804));
#15887=IFCFACEOUTERBOUND(#15886,.T.);
#15888=IFCFACE((#15887));
#15889=IFCPOLYLOOP((#13837,#13839,#14068));
#15890=IFCFACEOUTERBOUND(#15889,.T.);
#15891=IFCFACE((#15890));
#15892=IFCPOLYLOOP((#13839,#13837,#13791));
#15893=IFCFACEOUTERBOUND(#15892,.T.);
#15894=IFCFACE((#15893));
#15895=IFCPOLYLOOP((#13551,#13791,#13837));
#15896=IFCFACEOUTERBOUND(#15895,.T.);
#15897=IFCFACE((#15896));
#15898=IFCPOLYLOOP((#13837,#13789,#13551));
#15899=IFCFACEOUTERBOUND(#15898,.T.);
#15900=IFCFACE((#15899));
#15901=IFCPOLYLOOP((#13552,#13551,#13789));
#15902=IFCFACEOUTERBOUND(#15901,.T.);
#15903=IFCFACE((#15902));
#15904=IFCPOLYLOOP((#13789,#13788,#13552));
#15905=IFCFACEOUTERBOUND(#15904,.T.);
#15906=IFCFACE((#15905));
#15907=IFCPOLYLOOP((#14068,#13552,#13788));
#15908=IFCFACEOUTERBOUND(#15907,.T.);
#15909=IFCFACE((#15908));
#15910=IFCPOLYLOOP((#13552,#14068,#13839));
#15911=IFCFACEOUTERBOUND(#15910,.T.);
#15912=IFCFACE((#15911));
#15913=IFCPOLYLOOP((#13549,#13552,#13839,#13838));
#15914=IFCFACEOUTERBOUND(#15913,.T.);
#15915=IFCFACE((#15914));
#15916=IFCPOLYLOOP((#13790,#13841,#13838));
#15917=IFCFACEOUTERBOUND(#15916,.T.);
#15918=IFCFACE((#15917));
#15919=IFCPOLYLOOP((#13841,#13790,#13793));
#15920=IFCFACEOUTERBOUND(#15919,.T.);
#15921=IFCFACE((#15920));
#15922=IFCPOLYLOOP((#13555,#13793,#13790));
#15923=IFCFACEOUTERBOUND(#15922,.T.);
#15924=IFCFACE((#15923));
#15925=IFCPOLYLOOP((#13790,#13550,#13555));
#15926=IFCFACEOUTERBOUND(#15925,.T.);
#15927=IFCFACE((#15926));
#15928=IFCPOLYLOOP((#13556,#13555,#13550));
#15929=IFCFACEOUTERBOUND(#15928,.T.);
#15930=IFCFACE((#15929));
#15931=IFCPOLYLOOP((#13550,#13549,#13556));
#15932=IFCFACEOUTERBOUND(#15931,.T.);
#15933=IFCFACE((#15932));
#15934=IFCPOLYLOOP((#13838,#13556,#13549));
#15935=IFCFACEOUTERBOUND(#15934,.T.);
#15936=IFCFACE((#15935));
#15937=IFCPOLYLOOP((#13556,#13838,#13841));
#15938=IFCFACEOUTERBOUND(#15937,.T.);
#15939=IFCFACE((#15938));
#15940=IFCPOLYLOOP((#13841,#13840,#14071,#14069,#13553,#13556));
#15941=IFCFACEOUTERBOUND(#15940,.T.);
#15942=IFCFACE((#15941));
#15943=IFCPOLYLOOP((#14070,#14074,#14072,#14073));
#15944=IFCFACEOUTERBOUND(#15943,.T.);
#15945=IFCFACE((#15944));
#15946=IFCPOLYLOOP((#14075,#13843,#14073));
#15947=IFCFACEOUTERBOUND(#15946,.T.);
#15948=IFCFACE((#15947));
#15949=IFCPOLYLOOP((#14076,#13560,#13553));
#15950=IFCFACEOUTERBOUND(#15949,.T.);
#15951=IFCFACE((#15950));
#15952=IFCPOLYLOOP((#14076,#14069,#14072));
#15953=IFCFACEOUTERBOUND(#15952,.T.);
#15954=IFCFACE((#15953));
#15955=IFCPOLYLOOP((#14075,#14071,#13840));
#15956=IFCFACEOUTERBOUND(#15955,.T.);
#15957=IFCFACE((#15956));
#15958=IFCPOLYLOOP((#14069,#14071,#14072));
#15959=IFCFACEOUTERBOUND(#15958,.T.);
#15960=IFCFACE((#15959));
#15961=IFCPOLYLOOP((#14076,#14072,#14074));
#15962=IFCFACEOUTERBOUND(#15961,.T.);
#15963=IFCFACE((#15962));
#15964=IFCPOLYLOOP((#14072,#14075,#14073));
#15965=IFCFACEOUTERBOUND(#15964,.T.);
#15966=IFCFACE((#15965));
#15967=IFCPOLYLOOP((#14072,#14071,#14075));
#15968=IFCFACEOUTERBOUND(#15967,.T.);
#15969=IFCFACE((#15968));
#15970=IFCPOLYLOOP((#13843,#13842,#14073));
#15971=IFCFACEOUTERBOUND(#15970,.T.);
#15972=IFCFACE((#15971));
#15973=IFCPOLYLOOP((#14074,#13557,#13560));
#15974=IFCFACEOUTERBOUND(#15973,.T.);
#15975=IFCFACE((#15974));
#15976=IFCPOLYLOOP((#13843,#14075,#13840));
#15977=IFCFACEOUTERBOUND(#15976,.T.);
#15978=IFCFACE((#15977));
#15979=IFCPOLYLOOP((#14069,#14076,#13553));
#15980=IFCFACEOUTERBOUND(#15979,.T.);
#15981=IFCFACE((#15980));
#15982=IFCPOLYLOOP((#13560,#14076,#14074));
#15983=IFCFACEOUTERBOUND(#15982,.T.);
#15984=IFCFACE((#15983));
#15985=IFCPOLYLOOP((#13794,#13806,#13934));
#15986=IFCFACEOUTERBOUND(#15985,.T.);
#15987=IFCFACE((#15986));
#15988=IFCPOLYLOOP((#13806,#13794,#13801));
#15989=IFCFACEOUTERBOUND(#15988,.T.);
#15990=IFCFACE((#15989));
#15991=IFCPOLYLOOP((#13893,#13557,#14074));
#15992=IFCFACEOUTERBOUND(#15991,.T.);
#15993=IFCFACE((#15992));
#15994=IFCPOLYLOOP((#13893,#13842,#13863));
#15995=IFCFACEOUTERBOUND(#15994,.T.);
#15996=IFCFACE((#15995));
#15997=IFCPOLYLOOP((#13558,#13612,#13654));
#15998=IFCFACEOUTERBOUND(#15997,.T.);
#15999=IFCFACE((#15998));
#16000=IFCPOLYLOOP((#13558,#13611,#13822));
#16001=IFCFACEOUTERBOUND(#16000,.T.);
#16002=IFCFACE((#16001));
#16003=IFCPOLYLOOP((#13557,#13893,#14092));
#16004=IFCFACEOUTERBOUND(#16003,.T.);
#16005=IFCFACE((#16004));
#16006=IFCPOLYLOOP((#13612,#13558,#13580));
#16007=IFCFACEOUTERBOUND(#16006,.T.);
#16008=IFCFACE((#16007));
#16009=IFCPOLYLOOP((#13794,#13934,#13920));
#16010=IFCFACEOUTERBOUND(#16009,.T.);
#16011=IFCFACE((#16010));
#16012=IFCPOLYLOOP((#13794,#13920,#13936));
#16013=IFCFACEOUTERBOUND(#16012,.T.);
#16014=IFCFACE((#16013));
#16015=IFCPOLYLOOP((#13794,#13936,#13907));
#16016=IFCFACEOUTERBOUND(#16015,.T.);
#16017=IFCFACE((#16016));
#16018=IFCPOLYLOOP((#13794,#13907,#13964));
#16019=IFCFACEOUTERBOUND(#16018,.T.);
#16020=IFCFACE((#16019));
#16021=IFCPOLYLOOP((#13794,#13964,#13942));
#16022=IFCFACEOUTERBOUND(#16021,.T.);
#16023=IFCFACE((#16022));
#16024=IFCPOLYLOOP((#13794,#13942,#14000));
#16025=IFCFACEOUTERBOUND(#16024,.T.);
#16026=IFCFACE((#16025));
#16027=IFCPOLYLOOP((#13794,#14000,#13904));
#16028=IFCFACEOUTERBOUND(#16027,.T.);
#16029=IFCFACE((#16028));
#16030=IFCPOLYLOOP((#13794,#13904,#13967));
#16031=IFCFACEOUTERBOUND(#16030,.T.);
#16032=IFCFACE((#16031));
#16033=IFCPOLYLOOP((#13794,#13967,#13966));
#16034=IFCFACEOUTERBOUND(#16033,.T.);
#16035=IFCFACE((#16034));
#16036=IFCPOLYLOOP((#13794,#13966,#14002));
#16037=IFCFACEOUTERBOUND(#16036,.T.);
#16038=IFCFACE((#16037));
#16039=IFCPOLYLOOP((#13794,#14002,#13923));
#16040=IFCFACEOUTERBOUND(#16039,.T.);
#16041=IFCFACE((#16040));
#16042=IFCPOLYLOOP((#13794,#13923,#14044));
#16043=IFCFACEOUTERBOUND(#16042,.T.);
#16044=IFCFACE((#16043));
#16045=IFCPOLYLOOP((#13794,#14044,#13957));
#16046=IFCFACEOUTERBOUND(#16045,.T.);
#16047=IFCFACE((#16046));
#16048=IFCPOLYLOOP((#13794,#13957,#14041));
#16049=IFCFACEOUTERBOUND(#16048,.T.);
#16050=IFCFACE((#16049));
#16051=IFCPOLYLOOP((#13794,#14041,#13898));
#16052=IFCFACEOUTERBOUND(#16051,.T.);
#16053=IFCFACE((#16052));
#16054=IFCPOLYLOOP((#13794,#13898,#14032));
#16055=IFCFACEOUTERBOUND(#16054,.T.);
#16056=IFCFACE((#16055));
#16057=IFCPOLYLOOP((#13794,#14032,#13954));
#16058=IFCFACEOUTERBOUND(#16057,.T.);
#16059=IFCFACE((#16058));
#16060=IFCPOLYLOOP((#13794,#13954,#14033));
#16061=IFCFACEOUTERBOUND(#16060,.T.);
#16062=IFCFACE((#16061));
#16063=IFCPOLYLOOP((#13794,#14033,#13915));
#16064=IFCFACEOUTERBOUND(#16063,.T.);
#16065=IFCFACE((#16064));
#16066=IFCPOLYLOOP((#13794,#13915,#14039));
#16067=IFCFACEOUTERBOUND(#16066,.T.);
#16068=IFCFACE((#16067));
#16069=IFCPOLYLOOP((#13794,#14039,#13955));
#16070=IFCFACEOUTERBOUND(#16069,.T.);
#16071=IFCFACE((#16070));
#16072=IFCPOLYLOOP((#13794,#13955,#14036));
#16073=IFCFACEOUTERBOUND(#16072,.T.);
#16074=IFCFACE((#16073));
#16075=IFCPOLYLOOP((#13794,#14036,#13912));
#16076=IFCFACEOUTERBOUND(#16075,.T.);
#16077=IFCFACE((#16076));
#16078=IFCPOLYLOOP((#13794,#13912,#14022));
#16079=IFCFACEOUTERBOUND(#16078,.T.);
#16080=IFCFACE((#16079));
#16081=IFCPOLYLOOP((#13794,#14022,#13950));
#16082=IFCFACEOUTERBOUND(#16081,.T.);
#16083=IFCFACE((#16082));
#16084=IFCPOLYLOOP((#13794,#13950,#14023));
#16085=IFCFACEOUTERBOUND(#16084,.T.);
#16086=IFCFACE((#16085));
#16087=IFCPOLYLOOP((#13794,#14023,#13930));
#16088=IFCFACEOUTERBOUND(#16087,.T.);
#16089=IFCFACE((#16088));
#16090=IFCPOLYLOOP((#13794,#13930,#14066));
#16091=IFCFACEOUTERBOUND(#16090,.T.);
#16092=IFCFACE((#16091));
#16093=IFCPOLYLOOP((#13794,#14066,#13931));
#16094=IFCFACEOUTERBOUND(#16093,.T.);
#16095=IFCFACE((#16094));
#16096=IFCPOLYLOOP((#13794,#13931,#14062));
#16097=IFCFACEOUTERBOUND(#16096,.T.);
#16098=IFCFACE((#16097));
#16099=IFCPOLYLOOP((#13794,#14062,#13897));
#16100=IFCFACEOUTERBOUND(#16099,.T.);
#16101=IFCFACE((#16100));
#16102=IFCPOLYLOOP((#13794,#13897,#14015));
#16103=IFCFACEOUTERBOUND(#16102,.T.);
#16104=IFCFACE((#16103));
#16105=IFCPOLYLOOP((#13794,#14015,#13947));
#16106=IFCFACEOUTERBOUND(#16105,.T.);
#16107=IFCFACE((#16106));
#16108=IFCPOLYLOOP((#13794,#13947,#14017));
#16109=IFCFACEOUTERBOUND(#16108,.T.);
#16110=IFCFACE((#16109));
#16111=IFCPOLYLOOP((#13794,#14017,#13911));
#16112=IFCFACEOUTERBOUND(#16111,.T.);
#16113=IFCFACE((#16112));
#16114=IFCPOLYLOOP((#13794,#13911,#14013));
#16115=IFCFACEOUTERBOUND(#16114,.T.);
#16116=IFCFACE((#16115));
#16117=IFCPOLYLOOP((#13794,#14013,#13946));
#16118=IFCFACEOUTERBOUND(#16117,.T.);
#16119=IFCFACE((#16118));
#16120=IFCPOLYLOOP((#13794,#13946,#14011));
#16121=IFCFACEOUTERBOUND(#16120,.T.);
#16122=IFCFACE((#16121));
#16123=IFCPOLYLOOP((#13794,#14011,#13908));
#16124=IFCFACEOUTERBOUND(#16123,.T.);
#16125=IFCFACE((#16124));
#16126=IFCPOLYLOOP((#13794,#13908,#14061));
#16127=IFCFACEOUTERBOUND(#16126,.T.);
#16128=IFCFACE((#16127));
#16129=IFCPOLYLOOP((#13794,#14061,#13978));
#16130=IFCFACEOUTERBOUND(#16129,.T.);
#16131=IFCFACE((#16130));
#16132=IFCPOLYLOOP((#13794,#13978,#14006));
#16133=IFCFACEOUTERBOUND(#16132,.T.);
#16134=IFCFACE((#16133));
#16135=IFCPOLYLOOP((#13794,#14006,#13926));
#16136=IFCFACEOUTERBOUND(#16135,.T.);
#16137=IFCFACE((#16136));
#16138=IFCPOLYLOOP((#13794,#13926,#14050));
#16139=IFCFACEOUTERBOUND(#16138,.T.);
#16140=IFCFACE((#16139));
#16141=IFCPOLYLOOP((#13794,#14050,#13960));
#16142=IFCFACEOUTERBOUND(#16141,.T.);
#16143=IFCFACE((#16142));
#16144=IFCPOLYLOOP((#13794,#13960,#14047));
#16145=IFCFACEOUTERBOUND(#16144,.T.);
#16146=IFCFACE((#16145));
#16147=IFCPOLYLOOP((#13794,#14047,#13899));
#16148=IFCFACEOUTERBOUND(#16147,.T.);
#16149=IFCFACE((#16148));
#16150=IFCPOLYLOOP((#13794,#13899,#14026));
#16151=IFCFACEOUTERBOUND(#16150,.T.);
#16152=IFCFACE((#16151));
#16153=IFCPOLYLOOP((#13794,#14026,#13951));
#16154=IFCFACEOUTERBOUND(#16153,.T.);
#16155=IFCFACE((#16154));
#16156=IFCPOLYLOOP((#13794,#13951,#14028));
#16157=IFCFACEOUTERBOUND(#16156,.T.);
#16158=IFCFACE((#16157));
#16159=IFCPOLYLOOP((#13794,#14028,#13903));
#16160=IFCFACEOUTERBOUND(#16159,.T.);
#16161=IFCFACE((#16160));
#16162=IFCPOLYLOOP((#13794,#13903,#14052));
#16163=IFCFACEOUTERBOUND(#16162,.T.);
#16164=IFCFACE((#16163));
#16165=IFCPOLYLOOP((#13794,#14052,#13961));
#16166=IFCFACEOUTERBOUND(#16165,.T.);
#16167=IFCFACE((#16166));
#16168=IFCPOLYLOOP((#13794,#13961,#14055));
#16169=IFCFACEOUTERBOUND(#16168,.T.);
#16170=IFCFACE((#16169));
#16171=IFCPOLYLOOP((#13794,#14055,#13900));
#16172=IFCFACEOUTERBOUND(#16171,.T.);
#16173=IFCFACE((#16172));
#16174=IFCPOLYLOOP((#13794,#13900,#14004));
#16175=IFCFACEOUTERBOUND(#16174,.T.);
#16176=IFCFACE((#16175));
#16177=IFCPOLYLOOP((#13794,#14004,#13973));
#16178=IFCFACEOUTERBOUND(#16177,.T.);
#16179=IFCFACE((#16178));
#16180=IFCPOLYLOOP((#13794,#13973,#13974));
#16181=IFCFACEOUTERBOUND(#16180,.T.);
#16182=IFCFACE((#16181));
#16183=IFCPOLYLOOP((#13794,#13974,#13916));
#16184=IFCFACEOUTERBOUND(#16183,.T.);
#16185=IFCFACE((#16184));
#16186=IFCPOLYLOOP((#13794,#13916,#13981));
#16187=IFCFACEOUTERBOUND(#16186,.T.);
#16188=IFCFACE((#16187));
#16189=IFCPOLYLOOP((#13794,#13981,#13922));
#16190=IFCFACEOUTERBOUND(#16189,.T.);
#16191=IFCFACE((#16190));
#16192=IFCPOLYLOOP((#13794,#13922,#13939));
#16193=IFCFACEOUTERBOUND(#16192,.T.);
#16194=IFCFACE((#16193));
#16195=IFCPOLYLOOP((#13794,#13939,#13893));
#16196=IFCFACEOUTERBOUND(#16195,.T.);
#16197=IFCFACE((#16196));
#16198=IFCPOLYLOOP((#13806,#13801,#13797));
#16199=IFCFACEOUTERBOUND(#16198,.T.);
#16200=IFCFACE((#16199));
#16201=IFCPOLYLOOP((#13806,#13797,#13800));
#16202=IFCFACEOUTERBOUND(#16201,.T.);
#16203=IFCFACE((#16202));
#16204=IFCPOLYLOOP((#13806,#13800,#13558));
#16205=IFCFACEOUTERBOUND(#16204,.T.);
#16206=IFCFACE((#16205));
#16207=IFCPOLYLOOP((#13893,#14074,#14070));
#16208=IFCFACEOUTERBOUND(#16207,.T.);
#16209=IFCFACE((#16208));
#16210=IFCPOLYLOOP((#13893,#14070,#14073));
#16211=IFCFACEOUTERBOUND(#16210,.T.);
#16212=IFCFACE((#16211));
#16213=IFCPOLYLOOP((#13893,#14073,#13842));
#16214=IFCFACEOUTERBOUND(#16213,.T.);
#16215=IFCFACE((#16214));
#16216=IFCPOLYLOOP((#13893,#13863,#13850));
#16217=IFCFACEOUTERBOUND(#16216,.T.);
#16218=IFCFACE((#16217));
#16219=IFCPOLYLOOP((#13893,#13850,#13873));
#16220=IFCFACEOUTERBOUND(#16219,.T.);
#16221=IFCFACE((#16220));
#16222=IFCPOLYLOOP((#13893,#13873,#13846));
#16223=IFCFACEOUTERBOUND(#16222,.T.);
#16224=IFCFACE((#16223));
#16225=IFCPOLYLOOP((#13893,#13846,#13866));
#16226=IFCFACEOUTERBOUND(#16225,.T.);
#16227=IFCFACE((#16226));
#16228=IFCPOLYLOOP((#13893,#13866,#13860));
#16229=IFCFACEOUTERBOUND(#16228,.T.);
#16230=IFCFACE((#16229));
#16231=IFCPOLYLOOP((#13893,#13860,#13871));
#16232=IFCFACEOUTERBOUND(#16231,.T.);
#16233=IFCFACE((#16232));
#16234=IFCPOLYLOOP((#13893,#13871,#13844));
#16235=IFCFACEOUTERBOUND(#16234,.T.);
#16236=IFCFACE((#16235));
#16237=IFCPOLYLOOP((#13893,#13844,#13883));
#16238=IFCFACEOUTERBOUND(#16237,.T.);
#16239=IFCFACE((#16238));
#16240=IFCPOLYLOOP((#13893,#13883,#13858));
#16241=IFCFACEOUTERBOUND(#16240,.T.);
#16242=IFCFACE((#16241));
#16243=IFCPOLYLOOP((#13893,#13858,#13859));
#16244=IFCFACEOUTERBOUND(#16243,.T.);
#16245=IFCFACE((#16244));
#16246=IFCPOLYLOOP((#13893,#13859,#13845));
#16247=IFCFACEOUTERBOUND(#16246,.T.);
#16248=IFCFACE((#16247));
#16249=IFCPOLYLOOP((#13893,#13845,#13865));
#16250=IFCFACEOUTERBOUND(#16249,.T.);
#16251=IFCFACE((#16250));
#16252=IFCPOLYLOOP((#13893,#13865,#13853));
#16253=IFCFACEOUTERBOUND(#16252,.T.);
#16254=IFCFACE((#16253));
#16255=IFCPOLYLOOP((#13893,#13853,#13856));
#16256=IFCFACEOUTERBOUND(#16255,.T.);
#16257=IFCFACE((#16256));
#16258=IFCPOLYLOOP((#13893,#13856,#13794));
#16259=IFCFACEOUTERBOUND(#16258,.T.);
#16260=IFCFACE((#16259));
#16261=IFCPOLYLOOP((#13558,#13654,#13640));
#16262=IFCFACEOUTERBOUND(#16261,.T.);
#16263=IFCFACE((#16262));
#16264=IFCPOLYLOOP((#13558,#13640,#13656));
#16265=IFCFACEOUTERBOUND(#16264,.T.);
#16266=IFCFACE((#16265));
#16267=IFCPOLYLOOP((#13558,#13656,#13627));
#16268=IFCFACEOUTERBOUND(#16267,.T.);
#16269=IFCFACE((#16268));
#16270=IFCPOLYLOOP((#13558,#13627,#13684));
#16271=IFCFACEOUTERBOUND(#16270,.T.);
#16272=IFCFACE((#16271));
#16273=IFCPOLYLOOP((#13558,#13684,#13662));
#16274=IFCFACEOUTERBOUND(#16273,.T.);
#16275=IFCFACE((#16274));
#16276=IFCPOLYLOOP((#13558,#13662,#13720));
#16277=IFCFACEOUTERBOUND(#16276,.T.);
#16278=IFCFACE((#16277));
#16279=IFCPOLYLOOP((#13558,#13720,#13624));
#16280=IFCFACEOUTERBOUND(#16279,.T.);
#16281=IFCFACE((#16280));
#16282=IFCPOLYLOOP((#13558,#13624,#13687));
#16283=IFCFACEOUTERBOUND(#16282,.T.);
#16284=IFCFACE((#16283));
#16285=IFCPOLYLOOP((#13558,#13687,#13686));
#16286=IFCFACEOUTERBOUND(#16285,.T.);
#16287=IFCFACE((#16286));
#16288=IFCPOLYLOOP((#13558,#13686,#13722));
#16289=IFCFACEOUTERBOUND(#16288,.T.);
#16290=IFCFACE((#16289));
#16291=IFCPOLYLOOP((#13558,#13722,#13643));
#16292=IFCFACEOUTERBOUND(#16291,.T.);
#16293=IFCFACE((#16292));
#16294=IFCPOLYLOOP((#13558,#13643,#13764));
#16295=IFCFACEOUTERBOUND(#16294,.T.);
#16296=IFCFACE((#16295));
#16297=IFCPOLYLOOP((#13558,#13764,#13677));
#16298=IFCFACEOUTERBOUND(#16297,.T.);
#16299=IFCFACE((#16298));
#16300=IFCPOLYLOOP((#13558,#13677,#13761));
#16301=IFCFACEOUTERBOUND(#16300,.T.);
#16302=IFCFACE((#16301));
#16303=IFCPOLYLOOP((#13558,#13761,#13618));
#16304=IFCFACEOUTERBOUND(#16303,.T.);
#16305=IFCFACE((#16304));
#16306=IFCPOLYLOOP((#13558,#13618,#13752));
#16307=IFCFACEOUTERBOUND(#16306,.T.);
#16308=IFCFACE((#16307));
#16309=IFCPOLYLOOP((#13558,#13752,#13674));
#16310=IFCFACEOUTERBOUND(#16309,.T.);
#16311=IFCFACE((#16310));
#16312=IFCPOLYLOOP((#13558,#13674,#13753));
#16313=IFCFACEOUTERBOUND(#16312,.T.);
#16314=IFCFACE((#16313));
#16315=IFCPOLYLOOP((#13558,#13753,#13635));
#16316=IFCFACEOUTERBOUND(#16315,.T.);
#16317=IFCFACE((#16316));
#16318=IFCPOLYLOOP((#13558,#13635,#13759));
#16319=IFCFACEOUTERBOUND(#16318,.T.);
#16320=IFCFACE((#16319));
#16321=IFCPOLYLOOP((#13558,#13759,#13675));
#16322=IFCFACEOUTERBOUND(#16321,.T.);
#16323=IFCFACE((#16322));
#16324=IFCPOLYLOOP((#13558,#13675,#13756));
#16325=IFCFACEOUTERBOUND(#16324,.T.);
#16326=IFCFACE((#16325));
#16327=IFCPOLYLOOP((#13558,#13756,#13632));
#16328=IFCFACEOUTERBOUND(#16327,.T.);
#16329=IFCFACE((#16328));
#16330=IFCPOLYLOOP((#13558,#13632,#13742));
#16331=IFCFACEOUTERBOUND(#16330,.T.);
#16332=IFCFACE((#16331));
#16333=IFCPOLYLOOP((#13558,#13742,#13670));
#16334=IFCFACEOUTERBOUND(#16333,.T.);
#16335=IFCFACE((#16334));
#16336=IFCPOLYLOOP((#13558,#13670,#13743));
#16337=IFCFACEOUTERBOUND(#16336,.T.);
#16338=IFCFACE((#16337));
#16339=IFCPOLYLOOP((#13558,#13743,#13650));
#16340=IFCFACEOUTERBOUND(#16339,.T.);
#16341=IFCFACE((#16340));
#16342=IFCPOLYLOOP((#13558,#13650,#13786));
#16343=IFCFACEOUTERBOUND(#16342,.T.);
#16344=IFCFACE((#16343));
#16345=IFCPOLYLOOP((#13558,#13786,#13651));
#16346=IFCFACEOUTERBOUND(#16345,.T.);
#16347=IFCFACE((#16346));
#16348=IFCPOLYLOOP((#13558,#13651,#13782));
#16349=IFCFACEOUTERBOUND(#16348,.T.);
#16350=IFCFACE((#16349));
#16351=IFCPOLYLOOP((#13558,#13782,#13617));
#16352=IFCFACEOUTERBOUND(#16351,.T.);
#16353=IFCFACE((#16352));
#16354=IFCPOLYLOOP((#13558,#13617,#13735));
#16355=IFCFACEOUTERBOUND(#16354,.T.);
#16356=IFCFACE((#16355));
#16357=IFCPOLYLOOP((#13558,#13735,#13667));
#16358=IFCFACEOUTERBOUND(#16357,.T.);
#16359=IFCFACE((#16358));
#16360=IFCPOLYLOOP((#13558,#13667,#13737));
#16361=IFCFACEOUTERBOUND(#16360,.T.);
#16362=IFCFACE((#16361));
#16363=IFCPOLYLOOP((#13558,#13737,#13631));
#16364=IFCFACEOUTERBOUND(#16363,.T.);
#16365=IFCFACE((#16364));
#16366=IFCPOLYLOOP((#13558,#13631,#13733));
#16367=IFCFACEOUTERBOUND(#16366,.T.);
#16368=IFCFACE((#16367));
#16369=IFCPOLYLOOP((#13558,#13733,#13666));
#16370=IFCFACEOUTERBOUND(#16369,.T.);
#16371=IFCFACE((#16370));
#16372=IFCPOLYLOOP((#13558,#13666,#13731));
#16373=IFCFACEOUTERBOUND(#16372,.T.);
#16374=IFCFACE((#16373));
#16375=IFCPOLYLOOP((#13558,#13731,#13628));
#16376=IFCFACEOUTERBOUND(#16375,.T.);
#16377=IFCFACE((#16376));
#16378=IFCPOLYLOOP((#13558,#13628,#13781));
#16379=IFCFACEOUTERBOUND(#16378,.T.);
#16380=IFCFACE((#16379));
#16381=IFCPOLYLOOP((#13558,#13781,#13698));
#16382=IFCFACEOUTERBOUND(#16381,.T.);
#16383=IFCFACE((#16382));
#16384=IFCPOLYLOOP((#13558,#13698,#13726));
#16385=IFCFACEOUTERBOUND(#16384,.T.);
#16386=IFCFACE((#16385));
#16387=IFCPOLYLOOP((#13558,#13726,#13646));
#16388=IFCFACEOUTERBOUND(#16387,.T.);
#16389=IFCFACE((#16388));
#16390=IFCPOLYLOOP((#13558,#13646,#13770));
#16391=IFCFACEOUTERBOUND(#16390,.T.);
#16392=IFCFACE((#16391));
#16393=IFCPOLYLOOP((#13558,#13770,#13680));
#16394=IFCFACEOUTERBOUND(#16393,.T.);
#16395=IFCFACE((#16394));
#16396=IFCPOLYLOOP((#13558,#13680,#13767));
#16397=IFCFACEOUTERBOUND(#16396,.T.);
#16398=IFCFACE((#16397));
#16399=IFCPOLYLOOP((#13558,#13767,#13619));
#16400=IFCFACEOUTERBOUND(#16399,.T.);
#16401=IFCFACE((#16400));
#16402=IFCPOLYLOOP((#13558,#13619,#13746));
#16403=IFCFACEOUTERBOUND(#16402,.T.);
#16404=IFCFACE((#16403));
#16405=IFCPOLYLOOP((#13558,#13746,#13671));
#16406=IFCFACEOUTERBOUND(#16405,.T.);
#16407=IFCFACE((#16406));
#16408=IFCPOLYLOOP((#13558,#13671,#13748));
#16409=IFCFACEOUTERBOUND(#16408,.T.);
#16410=IFCFACE((#16409));
#16411=IFCPOLYLOOP((#13558,#13748,#13623));
#16412=IFCFACEOUTERBOUND(#16411,.T.);
#16413=IFCFACE((#16412));
#16414=IFCPOLYLOOP((#13558,#13623,#13772));
#16415=IFCFACEOUTERBOUND(#16414,.T.);
#16416=IFCFACE((#16415));
#16417=IFCPOLYLOOP((#13558,#13772,#13681));
#16418=IFCFACEOUTERBOUND(#16417,.T.);
#16419=IFCFACE((#16418));
#16420=IFCPOLYLOOP((#13558,#13681,#13775));
#16421=IFCFACEOUTERBOUND(#16420,.T.);
#16422=IFCFACE((#16421));
#16423=IFCPOLYLOOP((#13558,#13775,#13620));
#16424=IFCFACEOUTERBOUND(#16423,.T.);
#16425=IFCFACE((#16424));
#16426=IFCPOLYLOOP((#13558,#13620,#13724));
#16427=IFCFACEOUTERBOUND(#16426,.T.);
#16428=IFCFACE((#16427));
#16429=IFCPOLYLOOP((#13558,#13724,#13693));
#16430=IFCFACEOUTERBOUND(#16429,.T.);
#16431=IFCFACE((#16430));
#16432=IFCPOLYLOOP((#13558,#13693,#13694));
#16433=IFCFACEOUTERBOUND(#16432,.T.);
#16434=IFCFACE((#16433));
#16435=IFCPOLYLOOP((#13558,#13694,#13636));
#16436=IFCFACEOUTERBOUND(#16435,.T.);
#16437=IFCFACE((#16436));
#16438=IFCPOLYLOOP((#13558,#13636,#13701));
#16439=IFCFACEOUTERBOUND(#16438,.T.);
#16440=IFCFACE((#16439));
#16441=IFCPOLYLOOP((#13558,#13701,#13642));
#16442=IFCFACEOUTERBOUND(#16441,.T.);
#16443=IFCFACE((#16442));
#16444=IFCPOLYLOOP((#13558,#13642,#13659));
#16445=IFCFACEOUTERBOUND(#16444,.T.);
#16446=IFCFACE((#16445));
#16447=IFCPOLYLOOP((#13558,#13659,#13611));
#16448=IFCFACEOUTERBOUND(#16447,.T.);
#16449=IFCFACE((#16448));
#16450=IFCPOLYLOOP((#13558,#13822,#13815));
#16451=IFCFACEOUTERBOUND(#16450,.T.);
#16452=IFCFACE((#16451));
#16453=IFCPOLYLOOP((#13558,#13815,#13816));
#16454=IFCFACEOUTERBOUND(#16453,.T.);
#16455=IFCFACE((#16454));
#16456=IFCPOLYLOOP((#13558,#13816,#13811));
#16457=IFCFACEOUTERBOUND(#16456,.T.);
#16458=IFCFACE((#16457));
#16459=IFCPOLYLOOP((#13558,#13811,#13835));
#16460=IFCFACEOUTERBOUND(#16459,.T.);
#16461=IFCFACE((#16460));
#16462=IFCPOLYLOOP((#13558,#13835,#13812));
#16463=IFCFACEOUTERBOUND(#16462,.T.);
#16464=IFCFACE((#16463));
#16465=IFCPOLYLOOP((#13558,#13812,#13826));
#16466=IFCFACEOUTERBOUND(#16465,.T.);
#16467=IFCFACE((#16466));
#16468=IFCPOLYLOOP((#13558,#13826,#13807));
#16469=IFCFACEOUTERBOUND(#16468,.T.);
#16470=IFCFACE((#16469));
#16471=IFCPOLYLOOP((#13558,#13807,#13831));
#16472=IFCFACEOUTERBOUND(#16471,.T.);
#16473=IFCFACE((#16472));
#16474=IFCPOLYLOOP((#13558,#13831,#13813));
#16475=IFCFACEOUTERBOUND(#16474,.T.);
#16476=IFCFACE((#16475));
#16477=IFCPOLYLOOP((#13558,#13813,#13818));
#16478=IFCFACEOUTERBOUND(#16477,.T.);
#16479=IFCFACE((#16478));
#16480=IFCPOLYLOOP((#13558,#13818,#13806));
#16481=IFCFACEOUTERBOUND(#16480,.T.);
#16482=IFCFACE((#16481));
#16483=IFCPOLYLOOP((#13557,#14092,#14085));
#16484=IFCFACEOUTERBOUND(#16483,.T.);
#16485=IFCFACE((#16484));
#16486=IFCPOLYLOOP((#13557,#14085,#14086));
#16487=IFCFACEOUTERBOUND(#16486,.T.);
#16488=IFCFACE((#16487));
#16489=IFCPOLYLOOP((#13557,#14086,#14081));
#16490=IFCFACEOUTERBOUND(#16489,.T.);
#16491=IFCFACE((#16490));
#16492=IFCPOLYLOOP((#13557,#14081,#14105));
#16493=IFCFACEOUTERBOUND(#16492,.T.);
#16494=IFCFACE((#16493));
#16495=IFCPOLYLOOP((#13557,#14105,#14082));
#16496=IFCFACEOUTERBOUND(#16495,.T.);
#16497=IFCFACE((#16496));
#16498=IFCPOLYLOOP((#13557,#14082,#14096));
#16499=IFCFACEOUTERBOUND(#16498,.T.);
#16500=IFCFACE((#16499));
#16501=IFCPOLYLOOP((#13557,#14096,#14077));
#16502=IFCFACEOUTERBOUND(#16501,.T.);
#16503=IFCFACE((#16502));
#16504=IFCPOLYLOOP((#13557,#14077,#14101));
#16505=IFCFACEOUTERBOUND(#16504,.T.);
#16506=IFCFACE((#16505));
#16507=IFCPOLYLOOP((#13557,#14101,#14083));
#16508=IFCFACEOUTERBOUND(#16507,.T.);
#16509=IFCFACE((#16508));
#16510=IFCPOLYLOOP((#13557,#14083,#14088));
#16511=IFCFACEOUTERBOUND(#16510,.T.);
#16512=IFCFACE((#16511));
#16513=IFCPOLYLOOP((#13557,#14088,#13612));
#16514=IFCFACEOUTERBOUND(#16513,.T.);
#16515=IFCFACE((#16514));
#16516=IFCPOLYLOOP((#13612,#13580,#13567));
#16517=IFCFACEOUTERBOUND(#16516,.T.);
#16518=IFCFACE((#16517));
#16519=IFCPOLYLOOP((#13612,#13567,#13590));
#16520=IFCFACEOUTERBOUND(#16519,.T.);
#16521=IFCFACE((#16520));
#16522=IFCPOLYLOOP((#13612,#13590,#13563));
#16523=IFCFACEOUTERBOUND(#16522,.T.);
#16524=IFCFACE((#16523));
#16525=IFCPOLYLOOP((#13612,#13563,#13583));
#16526=IFCFACEOUTERBOUND(#16525,.T.);
#16527=IFCFACE((#16526));
#16528=IFCPOLYLOOP((#13612,#13583,#13577));
#16529=IFCFACEOUTERBOUND(#16528,.T.);
#16530=IFCFACE((#16529));
#16531=IFCPOLYLOOP((#13612,#13577,#13588));
#16532=IFCFACEOUTERBOUND(#16531,.T.);
#16533=IFCFACE((#16532));
#16534=IFCPOLYLOOP((#13612,#13588,#13561));
#16535=IFCFACEOUTERBOUND(#16534,.T.);
#16536=IFCFACE((#16535));
#16537=IFCPOLYLOOP((#13612,#13561,#13600));
#16538=IFCFACEOUTERBOUND(#16537,.T.);
#16539=IFCFACE((#16538));
#16540=IFCPOLYLOOP((#13612,#13600,#13575));
#16541=IFCFACEOUTERBOUND(#16540,.T.);
#16542=IFCFACE((#16541));
#16543=IFCPOLYLOOP((#13612,#13575,#13576));
#16544=IFCFACEOUTERBOUND(#16543,.T.);
#16545=IFCFACE((#16544));
#16546=IFCPOLYLOOP((#13612,#13576,#13562));
#16547=IFCFACEOUTERBOUND(#16546,.T.);
#16548=IFCFACE((#16547));
#16549=IFCPOLYLOOP((#13612,#13562,#13582));
#16550=IFCFACEOUTERBOUND(#16549,.T.);
#16551=IFCFACE((#16550));
#16552=IFCPOLYLOOP((#13612,#13582,#13570));
#16553=IFCFACEOUTERBOUND(#16552,.T.);
#16554=IFCFACE((#16553));
#16555=IFCPOLYLOOP((#13612,#13570,#13573));
#16556=IFCFACEOUTERBOUND(#16555,.T.);
#16557=IFCFACE((#16556));
#16558=IFCPOLYLOOP((#13612,#13573,#13557));
#16559=IFCFACEOUTERBOUND(#16558,.T.);
#16560=IFCFACE((#16559));
#16561=IFCPOLYLOOP((#14093,#14089,#14084));
#16562=IFCFACEOUTERBOUND(#16561,.T.);
#16563=IFCFACE((#16562));
#16564=IFCPOLYLOOP((#14100,#14104,#14105));
#16565=IFCFACEOUTERBOUND(#16564,.T.);
#16566=IFCFACE((#16565));
#16567=IFCPOLYLOOP((#14087,#14106,#14094));
#16568=IFCFACEOUTERBOUND(#16567,.T.);
#16569=IFCFACE((#16568));
#16570=IFCPOLYLOOP((#14098,#14079,#14100));
#16571=IFCFACEOUTERBOUND(#16570,.T.);
#16572=IFCFACE((#16571));
#16573=IFCPOLYLOOP((#14087,#14094,#14080));
#16574=IFCFACEOUTERBOUND(#16573,.T.);
#16575=IFCFACE((#16574));
#16576=IFCPOLYLOOP((#14094,#14101,#14097));
#16577=IFCFACEOUTERBOUND(#16576,.T.);
#16578=IFCFACE((#16577));
#16579=IFCPOLYLOOP((#14106,#14091,#13613));
#16580=IFCFACEOUTERBOUND(#16579,.T.);
#16581=IFCFACE((#16580));
#16582=IFCPOLYLOOP((#14079,#14098,#14090));
#16583=IFCFACEOUTERBOUND(#16582,.T.);
#16584=IFCFACE((#16583));
#16585=IFCPOLYLOOP((#14086,#14098,#14081));
#16586=IFCFACEOUTERBOUND(#16585,.T.);
#16587=IFCFACE((#16586));
#16588=IFCPOLYLOOP((#14099,#14104,#14078));
#16589=IFCFACEOUTERBOUND(#16588,.T.);
#16590=IFCFACE((#16589));
#16591=IFCPOLYLOOP((#14080,#14094,#14097));
#16592=IFCFACEOUTERBOUND(#16591,.T.);
#16593=IFCFACE((#16592));
#16594=IFCPOLYLOOP((#14102,#14093,#14084));
#16595=IFCFACEOUTERBOUND(#16594,.T.);
#16596=IFCFACE((#16595));
#16597=IFCPOLYLOOP((#14102,#14086,#14085));
#16598=IFCFACEOUTERBOUND(#16597,.T.);
#16599=IFCFACE((#16598));
#16600=IFCPOLYLOOP((#14102,#14098,#14086));
#16601=IFCFACEOUTERBOUND(#16600,.T.);
#16602=IFCFACE((#16601));
#16603=IFCPOLYLOOP((#14106,#13613,#13612));
#16604=IFCFACEOUTERBOUND(#16603,.T.);
#16605=IFCFACE((#16604));
#16606=IFCPOLYLOOP((#14092,#13893,#13892));
#16607=IFCFACEOUTERBOUND(#16606,.T.);
#16608=IFCFACE((#16607));
#16609=IFCPOLYLOOP((#14092,#14093,#14085));
#16610=IFCFACEOUTERBOUND(#16609,.T.);
#16611=IFCFACE((#16610));
#16612=IFCPOLYLOOP((#13892,#13891,#14089));
#16613=IFCFACEOUTERBOUND(#16612,.T.);
#16614=IFCFACE((#16613));
#16615=IFCPOLYLOOP((#14091,#13608,#13613));
#16616=IFCFACEOUTERBOUND(#16615,.T.);
#16617=IFCFACE((#16616));
#16618=IFCPOLYLOOP((#14106,#14083,#14094));
#16619=IFCFACEOUTERBOUND(#16618,.T.);
#16620=IFCFACE((#16619));
#16621=IFCPOLYLOOP((#13892,#14093,#14092));
#16622=IFCFACEOUTERBOUND(#16621,.T.);
#16623=IFCFACE((#16622));
#16624=IFCPOLYLOOP((#14089,#14093,#13892));
#16625=IFCFACEOUTERBOUND(#16624,.T.);
#16626=IFCFACE((#16625));
#16627=IFCPOLYLOOP((#14101,#14094,#14083));
#16628=IFCFACEOUTERBOUND(#16627,.T.);
#16629=IFCFACE((#16628));
#16630=IFCPOLYLOOP((#14088,#14083,#14106,#13612));
#16631=IFCFACEOUTERBOUND(#16630,.T.);
#16632=IFCFACE((#16631));
#16633=IFCPOLYLOOP((#14097,#14095,#14080));
#16634=IFCFACEOUTERBOUND(#16633,.T.);
#16635=IFCFACE((#16634));
#16636=IFCPOLYLOOP((#14104,#14099,#14096));
#16637=IFCFACEOUTERBOUND(#16636,.T.);
#16638=IFCFACE((#16637));
#16639=IFCPOLYLOOP((#14096,#14099,#14077));
#16640=IFCFACEOUTERBOUND(#16639,.T.);
#16641=IFCFACE((#16640));
#16642=IFCPOLYLOOP((#14095,#14097,#14099));
#16643=IFCFACEOUTERBOUND(#16642,.T.);
#16644=IFCFACE((#16643));
#16645=IFCPOLYLOOP((#14100,#14081,#14098));
#16646=IFCFACEOUTERBOUND(#16645,.T.);
#16647=IFCFACE((#16646));
#16648=IFCPOLYLOOP((#14102,#14084,#14090));
#16649=IFCFACEOUTERBOUND(#16648,.T.);
#16650=IFCFACE((#16649));
#16651=IFCPOLYLOOP((#14077,#14099,#14097));
#16652=IFCFACEOUTERBOUND(#16651,.T.);
#16653=IFCFACE((#16652));
#16654=IFCPOLYLOOP((#14095,#14099,#14078));
#16655=IFCFACEOUTERBOUND(#16654,.T.);
#16656=IFCFACE((#16655));
#16657=IFCPOLYLOOP((#14082,#14105,#14104,#14096));
#16658=IFCFACEOUTERBOUND(#16657,.T.);
#16659=IFCFACE((#16658));
#16660=IFCPOLYLOOP((#14103,#14104,#14100));
#16661=IFCFACEOUTERBOUND(#16660,.T.);
#16662=IFCFACE((#16661));
#16663=IFCPOLYLOOP((#14101,#14077,#14097));
#16664=IFCFACEOUTERBOUND(#16663,.T.);
#16665=IFCFACE((#16664));
#16666=IFCPOLYLOOP((#14085,#14093,#14102));
#16667=IFCFACEOUTERBOUND(#16666,.T.);
#16668=IFCFACE((#16667));
#16669=IFCPOLYLOOP((#14098,#14102,#14090));
#16670=IFCFACEOUTERBOUND(#16669,.T.);
#16671=IFCFACE((#16670));
#16672=IFCPOLYLOOP((#14078,#14104,#14103));
#16673=IFCFACEOUTERBOUND(#16672,.T.);
#16674=IFCFACE((#16673));
#16675=IFCPOLYLOOP((#14100,#14079,#14103));
#16676=IFCFACEOUTERBOUND(#16675,.T.);
#16677=IFCFACE((#16676));
#16678=IFCPOLYLOOP((#14105,#14081,#14100));
#16679=IFCFACEOUTERBOUND(#16678,.T.);
#16680=IFCFACE((#16679));
#16681=IFCPOLYLOOP((#14087,#14091,#14106));
#16682=IFCFACEOUTERBOUND(#16681,.T.);
#16683=IFCFACE((#16682));
#16684=IFCPOLYLOOP((#13788,#13608,#14091,#14087,#14080,#14095,#14078,#14103,#14079,#14090,#14084,#14089,#13891,#14068));
#16685=IFCFACEOUTERBOUND(#16684,.T.);
#16686=IFCFACE((#16685));
#16687=IFCCLOSEDSHELL((#8923,#8926,#8929,#8932,#8935,#8938,#8941,#8944,#8947,#8950,#8953,#8956,#8959,#8962,#8965,#8968,#8971,#8974,#8977,#8980,#8983,#8986,#8989,#8992,#8995,#8998,#9001,#9004,#9007,#9010,#9013,#9016,#9019,#9022,#9025,#9028,#9031,#9034,#9037,#9040,#9043,#9046,#9049,#9052,#9055,#9058,#9061,#9064,#9067,#9070,#9073,#9076,#9079,#9082,#9085,#9088,#9091,#9094,#9097,#9100,#9103,#9106,#9109,#9112,#9115,#9118,#9121,#9124,#9127,#9130,#9133,#9136,#9139,#9142,#9145,#9148,#9151,#9154,#9157,#9160,#9163,#9166,#9169,#9172,#9175,#9178,#9181,#9184,#9187,#9190,#9193,#9196,#9199,#9202,#9205,#9208,#9211,#9214,#9217,#9220,#9223,#9226,#9229,#9232,#9235,#9238,#9241,#9244,#9247,#9250,#9253,#9256,#9259,#9262,#9265,#9268,#9271,#9274,#9277,#9280,#9283,#9286,#9289,#9292,#9295,#9298,#9301,#9304,#9307,#9310,#9313,#9316,#9319,#9322,#9325,#9328,#9331,#9334,#9337,#9340,#9343,#9346,#9349,#9352,#9355,#9358,#9361,#9364,#9367,#9370,#9373,#9376,#9379,#9382,#9385,#9388,#9391,#9394));
#16688=IFCFACETEDBREP(#16687);
#16689=IFCSTYLEDITEM(#16688,(#8548),$);
#16690=IFCCLOSEDSHELL((#9445,#9448,#9451,#9454,#9457,#9460,#9463,#9466,#9469,#9472,#9475,#9478,#9481,#9484,#9487,#9490,#9493,#9496,#9499,#9502,#9505,#9508,#9511,#9514,#9517,#9520));
#16691=IFCFACETEDBREP(#16690);
#16692=IFCSTYLEDITEM(#16691,(#8548),$);
#16693=IFCCLOSEDSHELL((#9651,#9654,#9657,#9660,#9663,#9666,#9669,#9672,#9675,#9678,#9681,#9684,#9687,#9690,#9693,#9696,#9699,#9702,#9705,#9708,#9711,#9714,#9717,#9720,#9723,#9726,#9729,#9732,#9735,#9738,#9741,#9744,#9747,#9750,#9753,#9756,#9759,#9762,#9765,#9768,#9771,#9774,#9777,#9780,#9783,#9786,#9789,#9792,#9795,#9798,#9801,#9804,#9807,#9810,#9813,#9816,#9819,#9822,#9825,#9828,#9831,#9834,#9837,#9840,#9843,#9846,#9849,#9852,#9855,#9858,#9861,#9864,#9867,#9870,#9873,#9876,#9879,#9882,#9885,#9888,#9891,#9894,#9897,#9900,#9903,#9906,#9909,#9912,#9915,#9918,#9921,#9924,#9927,#9930,#9933,#9936,#9939,#9942,#9945,#9948,#9951,#9954,#9957,#9960,#9963,#9966,#9969,#9972,#9975,#9978,#9981,#9984,#9987,#9990,#9993,#9996,#9999,#10002,#10005,#10008,#10011,#10014,#10017,#10020,#10023,#10026,#10029,#10032,#10035,#10038,#10041,#10044,#10047,#10050,#10053,#10056,#10059,#10062,#10065,#10068,#10071,#10074,#10077,#10080,#10083,#10086,#10089,#10092,#10095,#10098,#10101,#10104,#10107,#10110,#10113,#10116,#10119,#10122));
#16694=IFCFACETEDBREP(#16693);
#16695=IFCSTYLEDITEM(#16694,(#8548),$);
#16696=IFCCLOSEDSHELL((#10173,#10176,#10179,#10182,#10185,#10188,#10191,#10194,#10197,#10200,#10203,#10206,#10209,#10212,#10215,#10218,#10221,#10224,#10227,#10230,#10233,#10236,#10239,#10242,#10245,#10248));
#16697=IFCFACETEDBREP(#16696);
#16698=IFCSTYLEDITEM(#16697,(#8548),$);
#16699=IFCCLOSEDSHELL((#10261,#10274,#10277,#10280,#10283,#10286,#10289,#10292,#10295,#10298));
#16700=IFCFACETEDBREP(#16699);
#16701=IFCSTYLEDITEM(#16700,(#8563),$);
#16702=IFCCLOSEDSHELL((#10309,#10314,#10322,#10326,#10334,#10338,#10346,#10350,#10357,#10360,#10363,#10366,#10369,#10372,#10375,#10378,#10381,#10384));
#16703=IFCFACETEDBREP(#16702);
#16704=IFCSTYLEDITEM(#16703,(#8569),$);
#16705=IFCCLOSEDSHELL((#10391,#10398,#10401,#10404,#10407,#10410));
#16706=IFCFACETEDBREP(#16705);
#16707=IFCSTYLEDITEM(#16706,(#8575),$);
#16708=IFCCLOSEDSHELL((#10971,#10974,#10977,#10980,#10983,#10986,#10989,#10992,#10995,#10998,#11001,#11004,#11007,#11010,#11013,#11016,#11019,#11022,#11025,#11028,#11031,#11034,#11037,#11040,#11043,#11046,#11049,#11052,#11055,#11058,#11061,#11064,#11067,#11070,#11073,#11076,#11079,#11082,#11085,#11088,#11091,#11094,#11097,#11100,#11103,#11106,#11109,#11112,#11115,#11118,#11121,#11124,#11127,#11130,#11133,#11136,#11139,#11142,#11145,#11148,#11151,#11154,#11157,#11160,#11163,#11166,#11169,#11172,#11175,#11178,#11181,#11184,#11187,#11190,#11193,#11196,#11199,#11202,#11205,#11208,#11211,#11214,#11217,#11220,#11223,#11226,#11229,#11232,#11235,#11238,#11241,#11244,#11247,#11250,#11253,#11256,#11259,#11262,#11265,#11268,#11271,#11274,#11277,#11280,#11283,#11286,#11289,#11292,#11295,#11298,#11301,#11304,#11307,#11310,#11313,#11316,#11319,#11322,#11325,#11328,#11331,#11334,#11337,#11340,#11343,#11346,#11349,#11352,#11355,#11358,#11361,#11364,#11367,#11370,#11373,#11376,#11379,#11382,#11385,#11388,#11391,#11394,#11397,#11400,#11403,#11406,#11409,#11412,#11415,#11418,#11421,#11424,#11427,#11430,#11433,#11436,#11439,#11442,#11445,#11448,#11451,#11454,#11457,#11460,#11463,#11466,#11469,#11472,#11475,#11478,#11481,#11484,#11487,#11490,#11493,#11496,#11499,#11502,#11505,#11508,#11511,#11514,#11517,#11520,#11523,#11526,#11529,#11532,#11535,#11538,#11541,#11544,#11547,#11550,#11553,#11556,#11559,#11562,#11565,#11568,#11571,#11574,#11577,#11580,#11583,#11586,#11589,#11592,#11595,#11598,#11601,#11604,#11607,#11610,#11613,#11616,#11619,#11622,#11625,#11628,#11631,#11634,#11637,#11640,#11643,#11646,#11649,#11652,#11655,#11658,#11661,#11664,#11667,#11670,#11673,#11676,#11679,#11682,#11685,#11688,#11691,#11694,#11697,#11700,#11703,#11706,#11709,#11712,#11715,#11718,#11721,#11724,#11727,#11730,#11733,#11736,#11739,#11742,#11745,#11748,#11751,#11754,#11757,#11760,#11763,#11766,#11769,#11772,#11775,#11778,#11781,#11784,#11787,#11790,#11793,#11796,#11799,#11802,#11805,#11808,#11811,#11814,#11817,#11820,#11823,#11826,#11829,#11832,#11835,#11838,#11841,#11844,#11847,#11850,#11853,#11856,#11859,#11862,#11865,#11868,#11871,#11874,#11877,#11880,#11883,#11886,#11889,#11892,#11895,#11898,#11901,#11904,#11907,#11910,#11913,#11916,#11919,#11922,#11925,#11928,#11931,#11934,#11937,#11940,#11943,#11946,#11949,#11952,#11955,#11958,#11961,#11964,#11967,#11970,#11973,#11976,#11979,#11982,#11985,#11988,#11991,#11994,#11997,#12000,#12003,#12006,#12009,#12012,#12015,#12018,#12021,#12024,#12027,#12030,#12033,#12036,#12039,#12042,#12045,#12048,#12051,#12054,#12057,#12060,#12063,#12066,#12069,#12072,#12075,#12078,#12081,#12084,#12087,#12090,#12093,#12096,#12099,#12102,#12105,#12108,#12111,#12114,#12117,#12120,#12123,#12126,#12129,#12132,#12135,#12138,#12141,#12144,#12147,#12150,#12153,#12156,#12159,#12162,#12165,#12168,#12171,#12174,#12177,#12180,#12183,#12186,#12189,#12192,#12195,#12198,#12201,#12204,#12207,#12210,#12213,#12216,#12219,#12222,#12225,#12228,#12231,#12234,#12237,#12240,#12243,#12246,#12249,#12252,#12255,#12258,#12261,#12264,#12267,#12270,#12273,#12276,#12279,#12282,#12285,#12288,#12291,#12294,#12297,#12300,#12303,#12306,#12309,#12312,#12315,#12318,#12321,#12324,#12327,#12330,#12333,#12336,#12339,#12342,#12345,#12348,#12351,#12354,#12357,#12360,#12363,#12366,#12369,#12372,#12375,#12378,#12381,#12384,#12387,#12390,#12393,#12396,#12399,#12402,#12405,#12408,#12411,#12414,#12417,#12420,#12423,#12426,#12429,#12432,#12435,#12438,#12441,#12444,#12447,#12450,#12453,#12456,#12459,#12462,#12465,#12468,#12471,#12474,#12477,#12480,#12483,#12486,#12489,#12492,#12495,#12498,#12501,#12504,#12507,#12510,#12513,#12516,#12519,#12522,#12525,#12528,#12531,#12534,#12537,#12540,#12543,#12546,#12549,#12552,#12555,#12558,#12561,#12564,#12567,#12570,#12573,#12576,#12579,#12582,#12585,#12588,#12591,#12594,#12597,#12600,#12603,#12606,#12609,#12612,#12615,#12618,#12621,#12624,#12627,#12630,#12633,#12636,#12639,#12642,#12645,#12648,#12651,#12654,#12657,#12660,#12663,#12666,#12669,#12672,#12675,#12678,#12681,#12684,#12687,#12690,#12693,#12696,#12699,#12702,#12705,#12708,#12711,#12714,#12717,#12720,#12723,#12726,#12729,#12732,#12735,#12738,#12741,#12744,#12747,#12750,#12753,#12756,#12759,#12762,#12765,#12768,#12771,#12774,#12777,#12780,#12783,#12786,#12789,#12792,#12795,#12798,#12801,#12804,#12807,#12810,#12813,#12816,#12819,#12822,#12825,#12828,#12831,#12834,#12837,#12840,#12843,#12846,#12849,#12852,#12855,#12858,#12861,#12864,#12867,#12870,#12873,#12876,#12879,#12882,#12885,#12888,#12891,#12894,#12897,#12900,#12903,#12906,#12909,#12912,#12915,#12918,#12921,#12924,#12927,#12930,#12933,#12936,#12939,#12942,#12945,#12948,#12951,#12954,#12957,#12960,#12963,#12966,#12969,#12972,#12975,#12978,#12981,#12984,#12987,#12990,#12993,#12996,#12999,#13002,#13005,#13008,#13011,#13014,#13017,#13020,#13023,#13026,#13029,#13032,#13035,#13038,#13041,#13044,#13047,#13050,#13053,#13056,#13059,#13062,#13065,#13068,#13071,#13074,#13077,#13080,#13083,#13086,#13089,#13092,#13095,#13098,#13101,#13104,#13107,#13110,#13113,#13116,#13119,#13122,#13125,#13128,#13131,#13134,#13137,#13140,#13143,#13146,#13149,#13152,#13155,#13158,#13161,#13164,#13167,#13170,#13173,#13176,#13179,#13182,#13185,#13188,#13191,#13194,#13197,#13200,#13203,#13206,#13209,#13212,#13215,#13218,#13221,#13224,#13227,#13230,#13233,#13236,#13239,#13242,#13245,#13248,#13251,#13254,#13257,#13260,#13263,#13266,#13269,#13272,#13275,#13278,#13281,#13284,#13287,#13290,#13293,#13296,#13299,#13302,#13305,#13308,#13311,#13314,#13317,#13320,#13323,#13326,#13329,#13332,#13335,#13338,#13341,#13344,#13347,#13350,#13353,#13356,#13359,#13362,#13365,#13368,#13371,#13374,#13377,#13380,#13383,#13386,#13389,#13392,#13395,#13398,#13401,#13404,#13407,#13410,#13413,#13416,#13419,#13422,#13425,#13428,#13431,#13434,#13437,#13440,#13443,#13446,#13449,#13452,#13455,#13458,#13461,#13464,#13467,#13470,#13473,#13476,#13479,#13482,#13485,#13488,#13491,#13494,#13497,#13500,#13503,#13506,#13509,#13512,#13515,#13518,#13521,#13524,#13527,#13530,#13533,#13536,#13539,#13542,#13545,#13548));
#16709=IFCFACETEDBREP(#16708);
#16710=IFCSTYLEDITEM(#16709,(#8569),$);
#16711=IFCCLOSEDSHELL((#14109,#14112,#14115,#14118,#14121,#14124,#14127,#14130,#14133,#14136,#14139,#14142,#14145,#14148,#14151,#14154,#14157,#14160,#14163,#14166,#14169,#14172,#14175,#14178,#14181,#14184,#14187,#14190,#14193,#14196,#14199,#14202,#14205,#14208,#14211,#14214,#14217,#14220,#14223,#14226,#14229,#14232,#14235,#14238,#14241,#14244,#14247,#14250,#14253,#14256,#14259,#14262,#14265,#14268,#14271,#14274,#14277,#14280,#14283,#14286,#14289,#14292,#14295,#14298,#14301,#14304,#14307,#14310,#14313,#14316,#14319,#14322,#14325,#14328,#14331,#14334,#14337,#14340,#14343,#14346,#14349,#14352,#14355,#14358,#14361,#14364,#14367,#14370,#14373,#14376,#14379,#14382,#14385,#14388,#14391,#14394,#14397,#14400,#14403,#14406,#14409,#14412,#14415,#14418,#14421,#14424,#14427,#14430,#14433,#14436,#14439,#14442,#14445,#14448,#14451,#14454,#14457,#14460,#14463,#14466,#14469,#14472,#14475,#14478,#14481,#14484,#14487,#14490,#14493,#14496,#14499,#14502,#14505,#14508,#14511,#14514,#14517,#14520,#14523,#14526,#14529,#14532,#14535,#14538,#14541,#14544,#14547,#14550,#14553,#14556,#14559,#14562,#14565,#14568,#14571,#14574,#14577,#14580,#14583,#14586,#14589,#14592,#14595,#14598,#14601,#14604,#14607,#14610,#14613,#14616,#14619,#14622,#14625,#14628,#14631,#14634,#14637,#14640,#14643,#14646,#14649,#14652,#14655,#14658,#14661,#14664,#14667,#14670,#14673,#14676,#14679,#14682,#14685,#14688,#14691,#14694,#14697,#14700,#14703,#14706,#14709,#14712,#14715,#14718,#14721,#14724,#14727,#14730,#14733,#14736,#14739,#14742,#14745,#14748,#14751,#14754,#14757,#14760,#14763,#14766,#14769,#14772,#14775,#14778,#14781,#14784,#14787,#14790,#14793,#14796,#14799,#14802,#14805,#14808,#14811,#14814,#14817,#14820,#14823,#14826,#14829,#14832,#14835,#14838,#14841,#14844,#14847,#14850,#14853,#14856,#14859,#14862,#14865,#14868,#14871,#14874,#14877,#14880,#14883,#14886,#14889,#14892,#14895,#14898,#14901,#14904,#14907,#14910,#14913,#14916,#14919,#14922,#14925,#14928,#14931,#14934,#14937,#14940,#14943,#14946,#14949,#14952,#14955,#14958,#14961,#14964,#14967,#14970,#14973,#14976,#14979,#14982,#14985,#14988,#14991,#14994,#14997,#15000,#15003,#15006,#15009,#15012,#15015,#15018,#15021,#15024,#15027,#15030,#15033,#15036,#15039,#15042,#15045,#15048,#15051,#15054,#15057,#15060,#15063,#15066,#15069,#15072,#15075,#15078,#15081,#15084,#15087,#15090,#15093,#15096,#15099,#15102,#15105,#15108,#15111,#15114,#15117,#15120,#15123,#15126,#15129,#15132,#15135,#15138,#15141,#15144,#15147,#15150,#15153,#15156,#15159,#15162,#15165,#15168,#15171,#15174,#15177,#15180,#15183,#15186,#15189,#15192,#15195,#15198,#15201,#15204,#15207,#15210,#15213,#15216,#15219,#15222,#15225,#15228,#15231,#15234,#15237,#15240,#15243,#15246,#15249,#15252,#15255,#15258,#15261,#15264,#15267,#15270,#15273,#15276,#15279,#15282,#15285,#15288,#15291,#15294,#15297,#15300,#15303,#15306,#15309,#15312,#15315,#15318,#15321,#15324,#15327,#15330,#15333,#15336,#15339,#15342,#15345,#15348,#15351,#15354,#15357,#15360,#15363,#15366,#15369,#15372,#15375,#15378,#15381,#15384,#15387,#15390,#15393,#15396,#15399,#15402,#15405,#15408,#15411,#15414,#15417,#15420,#15423,#15426,#15429,#15432,#15435,#15438,#15441,#15444,#15447,#15450,#15453,#15456,#15459,#15462,#15465,#15468,#15471,#15474,#15477,#15480,#15483,#15486,#15489,#15492,#15495,#15498,#15501,#15504,#15507,#15510,#15513,#15516,#15519,#15522,#15525,#15528,#15531,#15534,#15537,#15540,#15543,#15546,#15549,#15552,#15555,#15558,#15561,#15564,#15567,#15570,#15573,#15576,#15579,#15582,#15585,#15588,#15591,#15594,#15597,#15600,#15603,#15606,#15609,#15612,#15615,#15618,#15621,#15624,#15627,#15630,#15633,#15636,#15639,#15642,#15645,#15648,#15651,#15654,#15657,#15660,#15663,#15666,#15669,#15672,#15675,#15678,#15681,#15684,#15687,#15690,#15693,#15696,#15699,#15702,#15705,#15708,#15711,#15714,#15717,#15720,#15723,#15726,#15729,#15732,#15735,#15738,#15741,#15744,#15747,#15750,#15753,#15756,#15759,#15762,#15765,#15768,#15771,#15774,#15777,#15780,#15783,#15786,#15789,#15792,#15795,#15798,#15801,#15804,#15807,#15810,#15813,#15816,#15819,#15822,#15825,#15828,#15831,#15834,#15837,#15840,#15843,#15846,#15849,#15852,#15855,#15858,#15861,#15864,#15867,#15870,#15873,#15876,#15879,#15882,#15885,#15888,#15891,#15894,#15897,#15900,#15903,#15906,#15909,#15912,#15915,#15918,#15921,#15924,#15927,#15930,#15933,#15936,#15939,#15942,#15945,#15948,#15951,#15954,#15957,#15960,#15963,#15966,#15969,#15972,#15975,#15978,#15981,#15984,#15987,#15990,#15993,#15996,#15999,#16002,#16005,#16008,#16011,#16014,#16017,#16020,#16023,#16026,#16029,#16032,#16035,#16038,#16041,#16044,#16047,#16050,#16053,#16056,#16059,#16062,#16065,#16068,#16071,#16074,#16077,#16080,#16083,#16086,#16089,#16092,#16095,#16098,#16101,#16104,#16107,#16110,#16113,#16116,#16119,#16122,#16125,#16128,#16131,#16134,#16137,#16140,#16143,#16146,#16149,#16152,#16155,#16158,#16161,#16164,#16167,#16170,#16173,#16176,#16179,#16182,#16185,#16188,#16191,#16194,#16197,#16200,#16203,#16206,#16209,#16212,#16215,#16218,#16221,#16224,#16227,#16230,#16233,#16236,#16239,#16242,#16245,#16248,#16251,#16254,#16257,#16260,#16263,#16266,#16269,#16272,#16275,#16278,#16281,#16284,#16287,#16290,#16293,#16296,#16299,#16302,#16305,#16308,#16311,#16314,#16317,#16320,#16323,#16326,#16329,#16332,#16335,#16338,#16341,#16344,#16347,#16350,#16353,#16356,#16359,#16362,#16365,#16368,#16371,#16374,#16377,#16380,#16383,#16386,#16389,#16392,#16395,#16398,#16401,#16404,#16407,#16410,#16413,#16416,#16419,#16422,#16425,#16428,#16431,#16434,#16437,#16440,#16443,#16446,#16449,#16452,#16455,#16458,#16461,#16464,#16467,#16470,#16473,#16476,#16479,#16482,#16485,#16488,#16491,#16494,#16497,#16500,#16503,#16506,#16509,#16512,#16515,#16518,#16521,#16524,#16527,#16530,#16533,#16536,#16539,#16542,#16545,#16548,#16551,#16554,#16557,#16560,#16563,#16566,#16569,#16572,#16575,#16578,#16581,#16584,#16587,#16590,#16593,#16596,#16599,#16602,#16605,#16608,#16611,#16614,#16617,#16620,#16623,#16626,#16629,#16632,#16635,#16638,#16641,#16644,#16647,#16650,#16653,#16656,#16659,#16662,#16665,#16668,#16671,#16674,#16677,#16680,#16683,#16686));
#16712=IFCFACETEDBREP(#16711);
#16713=IFCSTYLEDITEM(#16712,(#8569),$);
#16714=IFCSHAPEREPRESENTATION(#24,'Body','Brep',(#16688,#16691,#16694,#16697,#16700,#16703,#16706,#16709,#16712));
#16715=IFCAXIS2PLACEMENT3D(#3,$,$);
#16716=IFCREPRESENTATIONMAP(#16715,#16714);
#16717=IFCDOORLININGPROPERTIES('1k$xn8F5n4Fh7djrObibd$',#18,'M_Door-Passage-Single-Vision_Lite:750 x 2000mm:1630670',$,$,$,$,$,$,$,$,$,$,$,$,$,$);
#16718=IFCDOORPANELPROPERTIES('1k$xn8F5n4Fh7djrKbibd$',#18,'M_Door-Passage-Single-Vision_Lite:750 x 2000mm:1630670:1',$,$,.SWINGING.,$,.NOTDEFINED.,$);
#16719=IFCDOORTYPE('0AASApKCwOCNx_uD0YUsD0',#18,'M_Door-Passage-Single-Vision_Lite:750 x 2000mm',$,$,(#16717,#16718),(#16716),'1457080',$,.DOOR.,.SINGLE_SWING_LEFT.,.F.,$);
#16720=IFCMATERIALCONSTITUENT('Hardware',$,#8589,$,'Metal');
#16721=IFCSHAPEREPRESENTATION(#24,'Body','Brep',(#16688,#16691,#16694,#16697));
#16722=IFCSHAPEASPECT((#16721),'Hardware',$,.U.,#16716);
#16723=IFCMATERIALCONSTITUENT('Panel',$,#8593,$,'Wood');
#16724=IFCSHAPEREPRESENTATION(#24,'Body','Brep',(#16700));
#16725=IFCSHAPEASPECT((#16724),'Panel',$,.U.,#16716);
#16726=IFCMATERIALCONSTITUENT('Frame/Mullion',$,#8614,$,'Paint');
#16727=IFCSHAPEREPRESENTATION(#24,'Body','Brep',(#16703));
#16728=IFCSHAPEASPECT((#16727),'Frame/Mullion',$,.U.,#16716);
#16729=IFCMATERIALCONSTITUENT('Glass',$,#8618,$,'Glass');
#16730=IFCSHAPEREPRESENTATION(#24,'Body','Brep',(#16706));
#16731=IFCSHAPEASPECT((#16730),'Glass',$,.U.,#16716);
#16732=IFCMATERIALCONSTITUENT('Metal - Paint Finish - Grey',$,#8614,$,'Paint');
#16733=IFCSHAPEREPRESENTATION(#24,'Body','Brep',(#16709,#16712));
#16734=IFCSHAPEASPECT((#16733),'Metal - Paint Finish - Grey',$,.U.,#16716);
#16735=IFCMATERIALCONSTITUENTSET($,$,(#16720,#16723,#16726,#16729,#16732));
#16736=IFCMAPPEDITEM(#16716,#8638);
#16737=IFCSHAPEREPRESENTATION(#24,'Body','MappedRepresentation',(#16736));
#16738=IFCPRODUCTDEFINITIONSHAPE($,$,(#16737));
#16739=IFCCARTESIANPOINT((18600.,9962.69999999995,0.));
#16740=IFCAXIS2PLACEMENT3D(#16739,#9,#6);
#16742=IFCDOOR('1k$xn8F5n4Fh7djrSbibd$',#18,'M_Door-Passage-Single-Vision_Lite:750 x 2000mm:1630670',$,'M_Door-Passage-Single-Vision_Lite:750 x 2000mm',#17169,#16738,'1630670',2100.,850.,.DOOR.,.SINGLE_SWING_LEFT.,$);
#16743=IFCMATERIALCONSTITUENT('Aluminum',$,#8589,$,'Metal');
#16744=IFCMATERIALCONSTITUENT('Wood - Birch',$,#8593,$,'Wood');
#16745=IFCMATERIALCONSTITUENT('Metal - Paint Finish - Grey',$,#8614,$,'Paint');
#16746=IFCMATERIALCONSTITUENT('Glass',$,#8618,$,'Glass');
#16747=IFCMATERIALCONSTITUENTSET($,$,(#16743,#16744,#16745,#16746));
#16748=IFCPROPERTYSET('3UlxBAGLJDEVY9lWWq8uRy',#18,'Pset_DoorCommon',$,(#332,#8651));
#16749=IFCPROPERTYSET('0oJqS8IQZ6_s8eW_gNBAXx',#18,'Pset_EnvironmentalImpactIndicators',$,(#8651));
#16750=IFCRELDEFINESBYPROPERTIES('1BA74edTJzRmutzTsok$uf',#18,$,$,(#16742),#16748);
#16751=IFCRELDEFINESBYPROPERTIES('2p_jnsa_5W0w$oUJeHh8Ay',#18,$,$,(#16742),#16749);
#16752=IFCCARTESIANPOINT((25875.,3200.,0.));
#16753=IFCAXIS2PLACEMENT3D(#16752,#9,#7);
#16754=IFCLOCALPLACEMENT(#34,#16753);
#16755=IFCCARTESIANPOINT((6500.,0.));
#16756=IFCPOLYLINE((#4,#16755));
#16757=IFCSHAPEREPRESENTATION(#23,'Axis','Curve2D',(#16756));
#16758=IFCCARTESIANPOINT((3249.99999999999,7.88702436693711E-13));
#16759=IFCAXIS2PLACEMENT2D(#16758,#12);
#16760=IFCRECTANGLEPROFILEDEF(.AREA.,$,#16759,6499.99999999999,250.000000000004);
#16761=IFCAXIS2PLACEMENT3D(#3,$,$);
#16762=IFCEXTRUDEDAREASOLID(#16760,#16761,#9,3000.);
#16763=IFCSTYLEDITEM(#16762,(#316),$);
#16764=IFCSHAPEREPRESENTATION(#24,'Body','SweptSolid',(#16762));
#16765=IFCPRODUCTDEFINITIONSHAPE($,$,(#16757,#16764));
#16766=IFCWALL('2j_RMNfs51MwVoqZ2B5vya',#18,'Basic Wall:Generic - 250mm:1631196',$,'Basic Wall:Generic - 250mm',#16754,#16765,'1631196',.NOTDEFINED.);
#16767=IFCPROPERTYSET('1ayj6vwJN99Df69PMu$Ly6',#18,'Pset_EnvironmentalImpactIndicators',$,(#328));
#16768=IFCPROPERTYSINGLEVALUE('Reference',$,IFCLABEL('Generic - 250mm'),$);
#16769=IFCPROPERTYSET('0WKcM89_LjMmPeBN5dzMh7',#18,'Pset_ReinforcementBarPitchOfWall',$,(#16768));
#16770=IFCPROPERTYSET('0OAoKkYdPBkc5lU64v_9tp',#18,'Pset_WallCommon',$,(#328,#332,#333,#334));
#16771=IFCRELDEFINESBYPROPERTIES('3C1wPmRRp6Yf1FmUPmVD$K',#18,$,$,(#16766),#16767);
#16772=IFCRELDEFINESBYPROPERTIES('1c_A6kLGLGuQDHKmExWdMr',#18,$,$,(#16766),#16769);
#16773=IFCRELDEFINESBYPROPERTIES('15wivblUiZT5_ArCTwQDMr',#18,$,$,(#16766),#16770);
#16774=IFCCARTESIANPOINT((32375.,2950.,0.));
#16775=IFCAXIS2PLACEMENT3D(#16774,#9,#7);
#16776=IFCLOCALPLACEMENT(#34,#16775);
#16777=IFCCARTESIANPOINT((10500.,-0.));
#16778=IFCPOLYLINE((#4,#16777));
#16779=IFCSHAPEREPRESENTATION(#23,'Axis','Curve2D',(#16778));
#16780=IFCCARTESIANPOINT((5249.99999999999,-3.97903932025656E-13));
#16781=IFCAXIS2PLACEMENT2D(#16780,#12);
#16782=IFCRECTANGLEPROFILEDEF(.AREA.,$,#16781,10500.,250.000000000004);
#16783=IFCAXIS2PLACEMENT3D(#3,$,$);
#16784=IFCEXTRUDEDAREASOLID(#16782,#16783,#9,3000.);
#16785=IFCSTYLEDITEM(#16784,(#316),$);
#16786=IFCSHAPEREPRESENTATION(#24,'Body','SweptSolid',(#16784));
#16787=IFCPRODUCTDEFINITIONSHAPE($,$,(#16779,#16786));
#16788=IFCWALL('2j_RMNfs51MwVoqZ2B5vyN',#18,'Basic Wall:Generic - 250mm:1631215',$,'Basic Wall:Generic - 250mm',#16776,#16787,'1631215',.NOTDEFINED.);
#16789=IFCPROPERTYSET('10x8WXFYdHriJnbYwI2QyB',#18,'Pset_EnvironmentalImpactIndicators',$,(#328));
#16790=IFCPROPERTYSINGLEVALUE('Reference',$,IFCLABEL('Generic - 250mm'),$);
#16791=IFCPROPERTYSET('398xdv7Nh8LbQesSDjuSd4',#18,'Pset_ReinforcementBarPitchOfWall',$,(#16790));
#16792=IFCPROPERTYSET('3D7Rx5osIm5DRUx6aI20L$',#18,'Pset_WallCommon',$,(#328,#332,#333,#334));
#16793=IFCRELDEFINESBYPROPERTIES('3rFy4o_6IxFH9rvUDihhU5',#18,$,$,(#16788),#16789);
#16794=IFCRELDEFINESBYPROPERTIES('3bxLvo5OtLyinP5D1xjmmY',#18,$,$,(#16788),#16791);
#16795=IFCRELDEFINESBYPROPERTIES('0lMKWa6izlHddgoqT3ukch',#18,$,$,(#16788),#16792);
#16796=IFCMAPPEDITEM(#16716,#8638);
#16797=IFCSHAPEREPRESENTATION(#24,'Body','MappedRepresentation',(#16796));
#16798=IFCPRODUCTDEFINITIONSHAPE($,$,(#16797));
#16799=IFCCARTESIANPOINT((25100.,9962.69999999995,0.));
#16800=IFCAXIS2PLACEMENT3D(#16799,#9,#6);
#16802=IFCDOOR('2j_RMNfs51MwVoqZ2B5vWa',#18,'M_Door-Passage-Single-Vision_Lite:750 x 2000mm:1631452',$,'M_Door-Passage-Single-Vision_Lite:750 x 2000mm',#17185,#16798,'1631452',2100.,850.000000000002,.DOOR.,.SINGLE_SWING_LEFT.,$);
#16803=IFCMATERIALCONSTITUENT('Aluminum',$,#8589,$,'Metal');
#16804=IFCMATERIALCONSTITUENT('Wood - Birch',$,#8593,$,'Wood');
#16805=IFCMATERIALCONSTITUENT('Metal - Paint Finish - Grey',$,#8614,$,'Paint');
#16806=IFCMATERIALCONSTITUENT('Glass',$,#8618,$,'Glass');
#16807=IFCMATERIALCONSTITUENTSET($,$,(#16803,#16804,#16805,#16806));
#16808=IFCPROPERTYSET('3sWi53liF2wXozKnclC71Q',#18,'Pset_DoorCommon',$,(#332,#8651));
#16809=IFCPROPERTYSET('3GneBxAo74wtM1zRBXQP2_',#18,'Pset_EnvironmentalImpactIndicators',$,(#8651));
#16810=IFCRELDEFINESBYPROPERTIES('03rP$ULSdqOFjEOKF1GPko',#18,$,$,(#16802),#16808);
#16811=IFCRELDEFINESBYPROPERTIES('1aVBNuv6Jq7bKY$a5Oion_',#18,$,$,(#16802),#16809);
#16812=IFCMAPPEDITEM(#16716,#8638);
#16813=IFCSHAPEREPRESENTATION(#24,'Body','MappedRepresentation',(#16812));
#16814=IFCPRODUCTDEFINITIONSHAPE($,$,(#16813));
#16815=IFCCARTESIANPOINT((31850.,9962.69999999995,0.));
#16816=IFCAXIS2PLACEMENT3D(#16815,#9,#6);
#16818=IFCDOOR('2j_RMNfs51MwVoqZ2B5vWS',#18,'M_Door-Passage-Single-Vision_Lite:750 x 2000mm:1631460',$,'M_Door-Passage-Single-Vision_Lite:750 x 2000mm',#17201,#16814,'1631460',2100.,850.000000000002,.DOOR.,.SINGLE_SWING_LEFT.,$);
#16819=IFCMATERIALCONSTITUENT('Aluminum',$,#8589,$,'Metal');
#16820=IFCMATERIALCONSTITUENT('Wood - Birch',$,#8593,$,'Wood');
#16821=IFCMATERIALCONSTITUENT('Metal - Paint Finish - Grey',$,#8614,$,'Paint');
#16822=IFCMATERIALCONSTITUENT('Glass',$,#8618,$,'Glass');
#16823=IFCMATERIALCONSTITUENTSET($,$,(#16819,#16820,#16821,#16822));
#16824=IFCPROPERTYSET('2N$ac6sW0jpb5gMWLESoec',#18,'Pset_DoorCommon',$,(#332,#8651));
#16825=IFCPROPERTYSET('1dN1huKn1MA_jlVHtKJu$s',#18,'Pset_EnvironmentalImpactIndicators',$,(#8651));
#16826=IFCRELDEFINESBYPROPERTIES('2V$d7Q9x_JV0CIZfYnSF1$',#18,$,$,(#16818),#16824);
#16827=IFCRELDEFINESBYPROPERTIES('3ZpQvRoMmJ4d5vl0_uYRu2',#18,$,$,(#16818),#16825);
#16828=IFCMAPPEDITEM(#16716,#8638);
#16829=IFCSHAPEREPRESENTATION(#24,'Body','MappedRepresentation',(#16828));
#16830=IFCPRODUCTDEFINITIONSHAPE($,$,(#16829));
#16831=IFCCARTESIANPOINT((-12.6999999999746,12125.,0.));
#16832=IFCAXIS2PLACEMENT3D(#16831,#9,#8);
#16834=IFCDOOR('3DCQecOarD3gY_rbNy_4QN',#18,'M_Door-Passage-Single-Vision_Lite:750 x 2000mm:1631545',$,'M_Door-Passage-Single-Vision_Lite:750 x 2000mm',#17324,#16830,'1631545',2100.,850.,.DOOR.,.SINGLE_SWING_LEFT.,$);
#16835=IFCMATERIALCONSTITUENT('Aluminum',$,#8589,$,'Metal');
#16836=IFCMATERIALCONSTITUENT('Wood - Birch',$,#8593,$,'Wood');
#16837=IFCMATERIALCONSTITUENT('Metal - Paint Finish - Grey',$,#8614,$,'Paint');
#16838=IFCMATERIALCONSTITUENT('Glass',$,#8618,$,'Glass');
#16839=IFCMATERIALCONSTITUENTSET($,$,(#16835,#16836,#16837,#16838));
#16840=IFCPROPERTYSET('0SAay6BqkcJu3z36fKkqhd',#18,'Pset_DoorCommon',$,(#332,#8651));
#16841=IFCPROPERTYSET('2RBkMfV1tRuxwfhfOVgNM8',#18,'Pset_EnvironmentalImpactIndicators',$,(#8651));
#16842=IFCRELDEFINESBYPROPERTIES('2pinsz5G504aootH05rGgC',#18,$,$,(#16834),#16840);
#16843=IFCRELDEFINESBYPROPERTIES('3bbridwcv3CxpasYRvs10z',#18,$,$,(#16834),#16841);
#16844=IFCMAPPEDITEM(#16716,#8638);
#16845=IFCSHAPEREPRESENTATION(#24,'Body','MappedRepresentation',(#16844));
#16846=IFCPRODUCTDEFINITIONSHAPE($,$,(#16845));
#16847=IFCCARTESIANPOINT((32512.7,11275.,0.));
#16848=IFCAXIS2PLACEMENT3D(#16847,#9,#7);
#16850=IFCDOOR('3DCQecOarD3gY_rbNy_4O1',#18,'M_Door-Passage-Single-Vision_Lite:750 x 2000mm:1631663',$,'M_Door-Passage-Single-Vision_Lite:750 x 2000mm',#17340,#16846,'1631663',2100.,850.,.DOOR.,.SINGLE_SWING_LEFT.,$);
#16851=IFCMATERIALCONSTITUENT('Aluminum',$,#8589,$,'Metal');
#16852=IFCMATERIALCONSTITUENT('Wood - Birch',$,#8593,$,'Wood');
#16853=IFCMATERIALCONSTITUENT('Metal - Paint Finish - Grey',$,#8614,$,'Paint');
#16854=IFCMATERIALCONSTITUENT('Glass',$,#8618,$,'Glass');
#16855=IFCMATERIALCONSTITUENTSET($,$,(#16851,#16852,#16853,#16854));
#16856=IFCPROPERTYSET('0FENYof_jR2NAqIfk_D5Uq',#18,'Pset_DoorCommon',$,(#332,#8651));
#16857=IFCPROPERTYSET('1tBnw91QTldDfRdLW87Prh',#18,'Pset_EnvironmentalImpactIndicators',$,(#8651));
#16858=IFCRELDEFINESBYPROPERTIES('3CNWatTW9UfqM3SQdeB_cA',#18,$,$,(#16850),#16856);
#16859=IFCRELDEFINESBYPROPERTIES('1kuAOdxr4b3zexK9_E$Uzl',#18,$,$,(#16850),#16857);
#16860=IFCMAPPEDITEM(#8585,#8638);
#16861=IFCSHAPEREPRESENTATION(#24,'Body','MappedRepresentation',(#16860));
#16862=IFCPRODUCTDEFINITIONSHAPE($,$,(#16861));
#16863=IFCCARTESIANPOINT((6825.,17350.,0.));
#16864=IFCAXIS2PLACEMENT3D(#16863,$,$);
#16866=IFCDOOR('3DCQecOarD3gY_rbNy_4j5',#18,'M_Door-Passage-Single-Vision_Lite:750 x 2000mm:1632491',$,'M_Door-Passage-Single-Vision_Lite:750 x 2000mm',#17308,#16862,'1632491',2100.,850.000000000001,.DOOR.,.SINGLE_SWING_RIGHT.,$);
#16867=IFCMATERIALCONSTITUENT('Aluminum',$,#8589,$,'Metal');
#16868=IFCMATERIALCONSTITUENT('Wood - Birch',$,#8593,$,'Wood');
#16869=IFCMATERIALCONSTITUENT('Metal - Paint Finish - Grey',$,#8614,$,'Paint');
#16870=IFCMATERIALCONSTITUENT('Glass',$,#8618,$,'Glass');
#16871=IFCMATERIALCONSTITUENTSET($,$,(#16867,#16868,#16869,#16870));
#16872=IFCPROPERTYSET('3fnFZ2lZQPOwpH8mq2rGm0',#18,'Pset_DoorCommon',$,(#332,#8651));
#16873=IFCPROPERTYSET('2a7_FQk4IUb7mISyPYxAkF',#18,'Pset_EnvironmentalImpactIndicators',$,(#8651));
#16874=IFCRELDEFINESBYPROPERTIES('3yjlmDsakyQIZm$r5IFtzt',#18,$,$,(#16866),#16872);
#16875=IFCRELDEFINESBYPROPERTIES('3ItqmUCQVgamGadGJwr1A8',#18,$,$,(#16866),#16873);
#16876=IFCCARTESIANPOINT((36672.3651262056,13700.,0.));
#16877=IFCAXIS2PLACEMENT3D(#16876,#9,#7);
#16878=IFCLOCALPLACEMENT(#34,#16877);
#16879=IFCCARTESIANPOINT((8000.,0.));
#16880=IFCPOLYLINE((#4,#16879));
#16881=IFCSHAPEREPRESENTATION(#23,'Axis','Curve2D',(#16880));
#16882=IFCCARTESIANPOINT((3999.99999999999,0.));
#16883=IFCAXIS2PLACEMENT2D(#16882,#12);
#16884=IFCRECTANGLEPROFILEDEF(.AREA.,$,#16883,7999.99999999999,250.000000000004);
#16885=IFCAXIS2PLACEMENT3D(#3,$,$);
#16886=IFCEXTRUDEDAREASOLID(#16884,#16885,#9,3000.);
#16887=IFCSTYLEDITEM(#16886,(#316),$);
#16888=IFCSHAPEREPRESENTATION(#24,'Body','SweptSolid',(#16886));
#16889=IFCPRODUCTDEFINITIONSHAPE($,$,(#16881,#16888));
#16890=IFCWALL('3DCQecOarD3gY_rbNy_4dL',#18,'Basic Wall:Generic - 250mm:1632891',$,'Basic Wall:Generic - 250mm',#16878,#16889,'1632891',.NOTDEFINED.);
#16891=IFCPROPERTYSET('0J9s2mUM6ywJAgVCHVh_Jl',#18,'Pset_EnvironmentalImpactIndicators',$,(#328));
#16892=IFCPROPERTYSINGLEVALUE('Reference',$,IFCLABEL('Generic - 250mm'),$);
#16893=IFCPROPERTYSET('1V2SMUkMR5YfwCYPCqyB5W',#18,'Pset_ReinforcementBarPitchOfWall',$,(#16892));
#16894=IFCPROPERTYSET('3mbiPiTc9C2EpD0EjZB6Lc',#18,'Pset_WallCommon',$,(#328,#332,#333,#334));
#16895=IFCRELDEFINESBYPROPERTIES('0jYKLzhAdpgMYZJJ5JPCSc',#18,$,$,(#16890),#16891);
#16896=IFCRELDEFINESBYPROPERTIES('24kUJUyNmcEpTpfh417txZ',#18,$,$,(#16890),#16893);
#16897=IFCRELDEFINESBYPROPERTIES('0AjdQF1PCpWB2zNpXbJfSG',#18,$,$,(#16890),#16894);
#16898=IFCCARTESIANPOINT((22925.,21700.,0.));
#16899=IFCAXIS2PLACEMENT3D(#16898,#9,#8);
#16900=IFCLOCALPLACEMENT(#34,#16899);
#16901=IFCCARTESIANPOINT((8000.,0.));
#16902=IFCPOLYLINE((#4,#16901));
#16903=IFCSHAPEREPRESENTATION(#23,'Axis','Curve2D',(#16902));
#16904=IFCCARTESIANPOINT((4000.,0.));
#16905=IFCAXIS2PLACEMENT2D(#16904,#12);
#16906=IFCRECTANGLEPROFILEDEF(.AREA.,$,#16905,7999.99999999999,250.000000000004);
#16907=IFCAXIS2PLACEMENT3D(#3,$,$);
#16908=IFCEXTRUDEDAREASOLID(#16906,#16907,#9,3000.);
#16909=IFCSTYLEDITEM(#16908,(#316),$);
#16910=IFCSHAPEREPRESENTATION(#24,'Body','SweptSolid',(#16908));
#16911=IFCPRODUCTDEFINITIONSHAPE($,$,(#16903,#16910));
#16912=IFCWALL('3DCQecOarD3gY_rbNy_4b3',#18,'Basic Wall:Generic - 250mm:1633005',$,'Basic Wall:Generic - 250mm',#16900,#16911,'1633005',.NOTDEFINED.);
#16913=IFCPROPERTYSET('1yGGHHTT7Rz8xObelJedEe',#18,'Pset_EnvironmentalImpactIndicators',$,(#328));
#16914=IFCPROPERTYSINGLEVALUE('Reference',$,IFCLABEL('Generic - 250mm'),$);
#16915=IFCPROPERTYSET('3h7k9K4pFiDyYs_oRvlm$r',#18,'Pset_ReinforcementBarPitchOfWall',$,(#16914));
#16916=IFCPROPERTYSET('2F_YYNJXO4TzZdpj6Wx_ks',#18,'Pset_WallCommon',$,(#328,#332,#333,#334));
#16917=IFCRELDEFINESBYPROPERTIES('3TxHrk2GAkQ6TP6BHwleHP',#18,$,$,(#16912),#16913);
#16918=IFCRELDEFINESBYPROPERTIES('29oI0Q7xzL$CDdU3ZaCeOn',#18,$,$,(#16912),#16915);
#16919=IFCRELDEFINESBYPROPERTIES('0f2eLtjemumVo0iYDd6qry',#18,$,$,(#16912),#16916);
#16920=IFCCARTESIANPOINT((30275.,21700.,0.));
#16921=IFCAXIS2PLACEMENT3D(#16920,#9,#8);
#16922=IFCLOCALPLACEMENT(#34,#16921);
#16923=IFCCARTESIANPOINT((8000.,0.));
#16924=IFCPOLYLINE((#4,#16923));
#16925=IFCSHAPEREPRESENTATION(#23,'Axis','Curve2D',(#16924));
#16926=IFCCARTESIANPOINT((4000.,0.));
#16927=IFCAXIS2PLACEMENT2D(#16926,#12);
#16928=IFCRECTANGLEPROFILEDEF(.AREA.,$,#16927,7999.99999999999,250.000000000004);
#16929=IFCAXIS2PLACEMENT3D(#3,$,$);
#16930=IFCEXTRUDEDAREASOLID(#16928,#16929,#9,3000.);
#16931=IFCSTYLEDITEM(#16930,(#316),$);
#16932=IFCSHAPEREPRESENTATION(#24,'Body','SweptSolid',(#16930));
#16933=IFCPRODUCTDEFINITIONSHAPE($,$,(#16925,#16932));
#16934=IFCWALL('3DCQecOarD3gY_rbNy_4ZL',#18,'Basic Wall:Generic - 250mm:1633147',$,'Basic Wall:Generic - 250mm',#16922,#16933,'1633147',.NOTDEFINED.);
#16935=IFCPROPERTYSET('3b45NVY$m24LuuOpInu5OB',#18,'Pset_EnvironmentalImpactIndicators',$,(#328));
#16936=IFCPROPERTYSINGLEVALUE('Reference',$,IFCLABEL('Generic - 250mm'),$);
#16937=IFCPROPERTYSET('37ER6HG5Ea7ivWBPKh7_a5',#18,'Pset_ReinforcementBarPitchOfWall',$,(#16936));
#16938=IFCPROPERTYSET('3W3SNAHhYfqEeJMIGnE5lG',#18,'Pset_WallCommon',$,(#328,#332,#333,#334));
#16939=IFCRELDEFINESBYPROPERTIES('1LkPiotYB$QvKT2S7KuSLf',#18,$,$,(#16934),#16935);
#16940=IFCRELDEFINESBYPROPERTIES('1k$FhfHMu5EgZK_bNfVf2V',#18,$,$,(#16934),#16937);
#16941=IFCRELDEFINESBYPROPERTIES('10M8ug0RVx8uIYKm_X2K9P',#18,$,$,(#16934),#16938);
#16942=IFCCARTESIANPOINT((13975.,13700.,0.));
#16943=IFCAXIS2PLACEMENT3D(#16942,#9,#7);
#16944=IFCLOCALPLACEMENT(#34,#16943);
#16945=IFCCARTESIANPOINT((8000.,0.));
#16946=IFCPOLYLINE((#4,#16945));
#16947=IFCSHAPEREPRESENTATION(#23,'Axis','Curve2D',(#16946));
#16948=IFCCARTESIANPOINT((4000.,0.));
#16949=IFCAXIS2PLACEMENT2D(#16948,#12);
#16950=IFCRECTANGLEPROFILEDEF(.AREA.,$,#16949,8000.,249.999999999999);
#16951=IFCAXIS2PLACEMENT3D(#3,$,$);
#16952=IFCEXTRUDEDAREASOLID(#16950,#16951,#9,3000.);
#16953=IFCSTYLEDITEM(#16952,(#316),$);
#16954=IFCSHAPEREPRESENTATION(#24,'Body','SweptSolid',(#16952));
#16955=IFCPRODUCTDEFINITIONSHAPE($,$,(#16947,#16954));
#16956=IFCWALL('3DCQecOarD3gY_rbNy_4Xy',#18,'Basic Wall:Generic - 250mm:1633234',$,'Basic Wall:Generic - 250mm',#16944,#16955,'1633234',.NOTDEFINED.);
#16957=IFCPROPERTYSET('1TjNeyI3x_GZSAaidBEhsZ',#18,'Pset_EnvironmentalImpactIndicators',$,(#328));
#16958=IFCPROPERTYSINGLEVALUE('Reference',$,IFCLABEL('Generic - 250mm'),$);
#16959=IFCPROPERTYSET('23H6y9LKgANDM44z2MT7h3',#18,'Pset_ReinforcementBarPitchOfWall',$,(#16958));
#16960=IFCPROPERTYSET('2HJZmabsCkuqFiUNrNsotD',#18,'Pset_WallCommon',$,(#328,#332,#333,#334));
#16961=IFCRELDEFINESBYPROPERTIES('0UU1S4yFxtZEkjeVVekUm8',#18,$,$,(#16956),#16957);
#16962=IFCRELDEFINESBYPROPERTIES('2EPP4Qe_gtxWYB6OmG7EOb',#18,$,$,(#16956),#16959);
#16963=IFCRELDEFINESBYPROPERTIES('2LygoRjR$tPcOdB9jsVR91',#18,$,$,(#16956),#16960);
#16964=IFCMAPPEDITEM(#8585,#8638);
#16965=IFCSHAPEREPRESENTATION(#24,'Body','MappedRepresentation',(#16964));
#16966=IFCPRODUCTDEFINITIONSHAPE($,$,(#16965));
#16967=IFCCARTESIANPOINT((12600.,13450.,0.));
#16968=IFCAXIS2PLACEMENT3D(#16967,$,$);
#16970=IFCDOOR('3DCQecOarD3gY_rbNy_4y5',#18,'M_Door-Passage-Single-Vision_Lite:750 x 2000mm:1633451',$,'M_Door-Passage-Single-Vision_Lite:750 x 2000mm',#17246,#16966,'1633451',2100.,850.,.DOOR.,.SINGLE_SWING_RIGHT.,$);
#16971=IFCMATERIALCONSTITUENT('Aluminum',$,#8589,$,'Metal');
#16972=IFCMATERIALCONSTITUENT('Wood - Birch',$,#8593,$,'Wood');
#16973=IFCMATERIALCONSTITUENT('Metal - Paint Finish - Grey',$,#8614,$,'Paint');
#16974=IFCMATERIALCONSTITUENT('Glass',$,#8618,$,'Glass');
#16975=IFCMATERIALCONSTITUENTSET($,$,(#16971,#16972,#16973,#16974));
#16976=IFCPROPERTYSET('3NA_rIKj9V4uubz_v_qA$o',#18,'Pset_DoorCommon',$,(#332,#8651));
#16977=IFCPROPERTYSET('1F3tQUNHTcrkqjaGCE8mUs',#18,'Pset_EnvironmentalImpactIndicators',$,(#8651));
#16978=IFCRELDEFINESBYPROPERTIES('1ZLxRp5NzHIuQb2VjzZOz1',#18,$,$,(#16970),#16976);
#16979=IFCRELDEFINESBYPROPERTIES('2Y6gjPBlFeV3WA72NXA8i0',#18,$,$,(#16970),#16977);
#16980=IFCMAPPEDITEM(#16716,#8638);
#16981=IFCSHAPEREPRESENTATION(#24,'Body','MappedRepresentation',(#16980));
#16982=IFCPRODUCTDEFINITIONSHAPE($,$,(#16981));
#16983=IFCCARTESIANPOINT((30990.475,13437.2999999999,0.));
#16984=IFCAXIS2PLACEMENT3D(#16983,$,$);
#16986=IFCDOOR('3DCQecOarD3gY_rbNy_4up',#18,'M_Door-Passage-Single-Vision_Lite:750 x 2000mm:1633693',$,'M_Door-Passage-Single-Vision_Lite:750 x 2000mm',#17262,#16982,'1633693',2100.,850.000000000002,.DOOR.,.SINGLE_SWING_LEFT.,$);
#16987=IFCMATERIALCONSTITUENT('Aluminum',$,#8589,$,'Metal');
#16988=IFCMATERIALCONSTITUENT('Wood - Birch',$,#8593,$,'Wood');
#16989=IFCMATERIALCONSTITUENT('Metal - Paint Finish - Grey',$,#8614,$,'Paint');
#16990=IFCMATERIALCONSTITUENT('Glass',$,#8618,$,'Glass');
#16991=IFCMATERIALCONSTITUENTSET($,$,(#16987,#16988,#16989,#16990));
#16992=IFCPROPERTYSET('0nAZdoBSPBrqzb1fCuLcYE',#18,'Pset_DoorCommon',$,(#332,#8651));
#16993=IFCPROPERTYSET('1QSZjMeO6xE6_sNKVlRArX',#18,'Pset_EnvironmentalImpactIndicators',$,(#8651));
#16994=IFCRELDEFINESBYPROPERTIES('28KoCw20PYY7WgLF$jDQY8',#18,$,$,(#16986),#16992);
#16995=IFCRELDEFINESBYPROPERTIES('2LxWOK5TsoKXFiHAxIkhKP',#18,$,$,(#16986),#16993);
#16996=IFCMAPPEDITEM(#16716,#8638);
#16997=IFCSHAPEREPRESENTATION(#24,'Body','MappedRepresentation',(#16996));
#16998=IFCPRODUCTDEFINITIONSHAPE($,$,(#16997));
#16999=IFCCARTESIANPOINT((24250.,13437.2999999999,0.));
#17000=IFCAXIS2PLACEMENT3D(#16999,$,$);
#17002=IFCDOOR('3DCQecOarD3gY_rbNy_4vF',#18,'M_Door-Passage-Single-Vision_Lite:750 x 2000mm:1633761',$,'M_Door-Passage-Single-Vision_Lite:750 x 2000mm',#17278,#16998,'1633761',2100.,850.000000000002,.DOOR.,.SINGLE_SWING_LEFT.,$);
#17003=IFCMATERIALCONSTITUENT('Aluminum',$,#8589,$,'Metal');
#17004=IFCMATERIALCONSTITUENT('Wood - Birch',$,#8593,$,'Wood');
#17005=IFCMATERIALCONSTITUENT('Metal - Paint Finish - Grey',$,#8614,$,'Paint');
#17006=IFCMATERIALCONSTITUENT('Glass',$,#8618,$,'Glass');
#17007=IFCMATERIALCONSTITUENTSET($,$,(#17003,#17004,#17005,#17006));
#17008=IFCPROPERTYSET('2YQxE4y29tuAwp2$Acz$Ba',#18,'Pset_DoorCommon',$,(#332,#8651));
#17009=IFCPROPERTYSET('1246hJoJ8yHF3jF9KPmWhD',#18,'Pset_EnvironmentalImpactIndicators',$,(#8651));
#17010=IFCRELDEFINESBYPROPERTIES('3FyZuGz8tuyBHhxeohkii7',#18,$,$,(#17002),#17008);
#17011=IFCRELDEFINESBYPROPERTIES('1txxBXAfwKrDk_MoAAenhE',#18,$,$,(#17002),#17009);
#17012=IFCMAPPEDITEM(#8585,#8638);
#17013=IFCSHAPEREPRESENTATION(#24,'Body','MappedRepresentation',(#17012));
#17014=IFCPRODUCTDEFINITIONSHAPE($,$,(#17013));
#17015=IFCCARTESIANPOINT((4441.13857315694,14849.2926162619,0.));
#17016=IFCAXIS2PLACEMENT3D(#17015,$,$);
#17018=IFCDOOR('3DCQecOarD3gY_rbNy_4op',#18,'M_Door-Passage-Single-Vision_Lite:750 x 2000mm:1634077',$,'M_Door-Passage-Single-Vision_Lite:750 x 2000mm',#17216,#17014,'1634077',2100.,850.000000000001,.DOOR.,.SINGLE_SWING_RIGHT.,$);
#17019=IFCMATERIALCONSTITUENT('Aluminum',$,#8589,$,'Metal');
#17020=IFCMATERIALCONSTITUENT('Wood - Birch',$,#8593,$,'Wood');
#17021=IFCMATERIALCONSTITUENT('Metal - Paint Finish - Grey',$,#8614,$,'Paint');
#17022=IFCMATERIALCONSTITUENT('Glass',$,#8618,$,'Glass');
#17023=IFCMATERIALCONSTITUENTSET($,$,(#17019,#17020,#17021,#17022));
#17024=IFCPROPERTYSET('1TfIHbVdUpnzThj151prvR',#18,'Pset_DoorCommon',$,(#332,#8651));
#17025=IFCPROPERTYSET('3fJPv2AovK0NB687PRUK6o',#18,'Pset_EnvironmentalImpactIndicators',$,(#8651));
#17026=IFCRELDEFINESBYPROPERTIES('19S$88d3KqJ8Np5E0SNpB4',#18,$,$,(#17018),#17024);
#17027=IFCRELDEFINESBYPROPERTIES('3w2srDTdnC6WD09$7LXPXV',#18,$,$,(#17018),#17025);
#17028=IFCPROPERTYSINGLEVALUE('Reference',$,IFCIDENTIFIER('8mm Head'),$);
#17029=IFCPROPERTYSINGLEVALUE('AboveGround',$,IFCLOGICAL(.U.),$);
#17030=IFCPROPERTYSET('16L50AfyZF4hYq5TGET4H4',#18,'Pset_BuildingStoreyCommon',$,(#17028,#17029));
#17031=IFCPROPERTYSET('2J7ac_h5ujdwWuzVwBIIta',#18,'Pset_SpaceCommon',$,(#45,#17028));
#17032=IFCRELDEFINESBYPROPERTIES('2VdfSfkgzGoZi_3SgzE8$0',#18,$,$,(#35),#17030);
#17033=IFCRELDEFINESBYPROPERTIES('3$YdOpA8iaPobC8MDiWxoI',#18,$,$,(#35),#17031);
#17034=IFCRELCONTAINEDINSPATIALSTRUCTURE('2JF4e6axWHqu3u0C5FZlmi',#18,$,$,(#320,#356,#378,#400,#422,#444,#466,#488,#510,#532,#554,#576,#598,#620,#642,#8645,#8663,#8687,#8709,#8731,#8745,#8769,#8783,#16742,#16766,#16788,#16802,#16818,#16834,#16850,#16866,#16890,#16912,#16934,#16956,#16970,#16986,#17002,#17018),#35);
#17035=IFCPROPERTYSET('1n34enW33Z_3Qq2Pm1kjQZ',#18,'Pset_BuildingStoreyCommon',$,(#17028,#17029));
#17036=IFCPROPERTYSET('0qNc4$IaPwTvoqOd7IlIE4',#18,'Pset_SpaceCommon',$,(#45,#17028));
#17037=IFCRELDEFINESBYPROPERTIES('36oM8gyLQ5_Z6XoGK5uP1E',#18,$,$,(#39),#17035);
#17038=IFCRELDEFINESBYPROPERTIES('0jA6Vdz$3CfPvu_I1iTL6J',#18,$,$,(#39),#17036);
#17039=IFCRELAGGREGATES('2KFB6YYWgXBmucZ8cm7uCP',#18,$,$,#27,(#42));
#17040=IFCRELAGGREGATES('16_hfJTeCqU7LcG8m10BTS',#18,$,$,#42,(#32));
#17041=IFCRELAGGREGATES('2JF4e6axWHqu3u0C9FZlmi',#18,$,$,#35,(#102,#119,#136,#153,#174,#207,#228,#245,#262,#279,#296));
#17042=IFCRELAGGREGATES('1yhDISh1T5aQqAoygxGIhP',#18,$,$,#32,(#35,#39));
#17043=IFCPROPERTYSINGLEVALUE('NumberOfStoreys',$,IFCCOUNTMEASURE(1),$);
#17044=IFCPROPERTYSINGLEVALUE('IsLandmarked',$,IFCLOGICAL(.U.),$);
#17045=IFCPROPERTYSET('01y_GmllCupEYuBgfGbhkd',#18,'Pset_BuildingCommon',$,(#43,#17043,#17044));
#17046=IFCPROPERTYSET('1rUR7OGyIAkZT62xvibLnd',#18,'Pset_BuildingElementProxyCommon',$,(#43,#45));
#17047=IFCPROPERTYSET('2kFDjjfIaTsBi7MLK$i$Me',#18,'Pset_BuildingStoreyCommon',$,(#43,#17029));
#17048=IFCPROPERTYSET('1TYvb3FgH88mtl04iE5P1T',#18,'Pset_BuildingSystemCommon',$,(#43));
#17049=IFCPROPERTYSET('2W94HCj5xfigmNGtkBMklk',#18,'Pset_SpaceCommon',$,(#43,#45));
#17050=IFCRELDEFINESBYPROPERTIES('0vDjba2fshDEh0_KufwWht',#18,$,$,(#32),#17045);
#17051=IFCRELDEFINESBYPROPERTIES('1V6UQfELB4oPy3GPEaJMPw',#18,$,$,(#32),#17046);
#17052=IFCRELDEFINESBYPROPERTIES('0Vpd75HttOMIhzXutBGgCt',#18,$,$,(#32),#17047);
#17053=IFCRELDEFINESBYPROPERTIES('22VMRBFW9n6_S81yWIP225',#18,$,$,(#32),#17048);
#17054=IFCRELDEFINESBYPROPERTIES('2w3bzVlKnfBVjA3_BjG2II',#18,$,$,(#32),#17049);
#17055=IFCRELASSOCIATESMATERIAL('2BEJO6T4IYhNFqvJPXPkOz',#18,$,$,(#8588),#8637);
#17056=IFCRELASSOCIATESMATERIAL('3NV4fTaf7mR21dpBaaIeOs',#18,$,$,(#8645),#8650);
#17057=IFCRELASSOCIATESMATERIAL('14ENiDQKr0sRIH9iMMkgoz',#18,$,$,(#8663),#8668);
#17058=IFCRELASSOCIATESMATERIAL('13rXMlJzY_Rn3AAYL2bAZq',#18,$,$,(#8745),#8750);
#17059=IFCRELASSOCIATESMATERIAL('3WwxPq4y678maGUmupFcAU',#18,$,$,(#8783),#8788);
#17060=IFCRELASSOCIATESMATERIAL('0HPnGOEYxupQfQe$YcNjoT',#18,$,$,(#16719),#16735);
#17061=IFCRELASSOCIATESMATERIAL('3Ik0EefWEnmWSxMAGIG_oI',#18,$,$,(#16742),#16747);
#17062=IFCRELASSOCIATESMATERIAL('1fsm$SwBTvVhw0f8Yvo4FS',#18,$,$,(#16802),#16807);
#17063=IFCRELASSOCIATESMATERIAL('3dZe6lb8oY_gkpU2TgfkV3',#18,$,$,(#16818),#16823);
#17064=IFCRELASSOCIATESMATERIAL('3QjOAyxhWfk7O_ptwYrLDg',#18,$,$,(#16834),#16839);
#17065=IFCRELASSOCIATESMATERIAL('1vHc5Rd2XX5XykP83SNdOM',#18,$,$,(#16850),#16855);
#17066=IFCRELASSOCIATESMATERIAL('36KFtKt$8EzEWiUw$uBX1C',#18,$,$,(#16866),#16871);
#17067=IFCRELASSOCIATESMATERIAL('2lgzmvJjCWRWEW7WHbOrkS',#18,$,$,(#16970),#16975);
#17068=IFCRELASSOCIATESMATERIAL('0JLGoTzc_Au74_nVEGhv$m',#18,$,$,(#16986),#16991);
#17069=IFCRELASSOCIATESMATERIAL('0Gunhehhu78VT0IRckStE5',#18,$,$,(#17002),#17007);
#17070=IFCRELASSOCIATESMATERIAL('0W1_Y194TXg9ZCQPovnzEo',#18,$,$,(#17018),#17023);
#17071=IFCRELASSOCIATESMATERIAL('35Jc9rp56bT4f1YefkleNI',#18,$,$,(#320,#327,#356,#378,#400,#422,#444,#466,#488,#510,#532,#554,#576,#598,#620,#642,#8687,#8709,#8731,#8769,#16766,#16788,#16890,#16912,#16934,#16956),#326);
#17072=IFCRELDEFINESBYTYPE('3aGoFE8OS2FDAHerGX5lFH',#18,$,$,(#102),#103);
#17073=IFCRELDEFINESBYTYPE('3t4v0NKzUqYPKsOaGbarvG',#18,$,$,(#119),#120);
#17074=IFCRELDEFINESBYTYPE('2skK9fSpV1uSaiZY3R4XcQ',#18,$,$,(#136),#137);
#17075=IFCRELDEFINESBYTYPE('04$BU$xUFfAuvg_O3jA5WG',#18,$,$,(#153),#154);
#17076=IFCRELDEFINESBYTYPE('0R8Lt3$Fc3VeRfH0hR9J$s',#18,$,$,(#174),#175);
#17077=IFCRELDEFINESBYTYPE('1X7PYaQYHn8RjtHV4QSB5T',#18,$,$,(#207),#208);
#17078=IFCRELDEFINESBYTYPE('2Zk$fVA0ctj9y81qj8PaYt',#18,$,$,(#228),#229);
#17079=IFCRELDEFINESBYTYPE('0Xp0Bt9U0XLEyx8ie3TRpn',#18,$,$,(#245),#246);
#17080=IFCRELDEFINESBYTYPE('09BFlXjMQeXo2TkvPwpVrt',#18,$,$,(#262),#263);
#17081=IFCRELDEFINESBYTYPE('3JP$_xT_A5M0dQ5ZlgyM6o',#18,$,$,(#279),#280);
#17082=IFCRELDEFINESBYTYPE('0iOYAfGhe7cEFiWTWt7$50',#18,$,$,(#296),#297);
#17083=IFCRELDEFINESBYTYPE('26Z8ZzoQG8deVlhzFZRxEJ',#18,$,$,(#320,#356,#378,#400,#422,#444,#466,#488,#510,#532,#554,#576,#598,#620,#642,#8687,#8709,#8731,#8769,#16766,#16788,#16890,#16912,#16934,#16956),#327);
#17084=IFCRELDEFINESBYTYPE('2d0Qziuc1$R$FW3WhevZRL',#18,$,$,(#8645,#8663,#8745,#8783,#16866,#16970,#17018),#8588);
#17085=IFCRELDEFINESBYTYPE('26q5dNaB_HIK_FXpaSDlUK',#18,$,$,(#16742,#16802,#16818,#16834,#16850,#16986,#17002),#16719);
#17086=IFCRELCONNECTSPATHELEMENTS('3PjAZDY1RxLnt3V8JFs215',#18,'1k$xn8F5n4Fh7djrSbid8u|1k$xn8F5n4Fh7djrSbic$W','Structural',$,#320,#8769,(),(),.ATEND.,.ATSTART.);
#17087=IFCRELCONNECTSPATHELEMENTS('1iYP8fXkpm3hjVsNjRPCtJ',#18,'1k$xn8F5n4Fh7djrSbid8u|1k$xn8F5n4Fh7djrSbid9S','Structural',$,#320,#356,(),(),.ATSTART.,.ATEND.);
#17088=IFCRELCONNECTSPATHELEMENTS('1xiHsmTTjBuLM3yHk0JWla',#18,'1k$xn8F5n4Fh7djrSbid9S|1k$xn8F5n4Fh7djrSbidBi','Structural',$,#356,#378,(),(),.ATSTART.,.ATEND.);
#17089=IFCRELCONNECTSPATHELEMENTS('0Dm3fFFSaAgn_eGpAsxxfA',#18,'1k$xn8F5n4Fh7djrSbidBi|1k$xn8F5n4Fh7djrSbic$W','Structural',$,#378,#8769,(),(),.ATSTART.,.ATEND.);
#17090=IFCRELCONNECTSPATHELEMENTS('3rrwZrFvQfvv7n4lvg82e3',#18,'1k$xn8F5n4Fh7djrSbidBi|1k$xn8F5n4Fh7djrSbidD6','Structural',$,#378,#400,(),(),.ATSTART.,.ATPATH.);
#17091=IFCRELCONNECTSPATHELEMENTS('3LAo5a3O14eFNa8$PsdYUa',#18,'1k$xn8F5n4Fh7djrSbid8u|1k$xn8F5n4Fh7djrSbidD6','Structural',$,#320,#400,(),(),.ATEND.,.ATPATH.);
#17092=IFCRELCONNECTSPATHELEMENTS('3t2kzgadMGlf9rn4ZnC$ip',#18,'1k$xn8F5n4Fh7djrSbidFf|1k$xn8F5n4Fh7djrSbidJi','Structural',$,#422,#488,(),(),.ATEND.,.ATSTART.);
#17093=IFCRELCONNECTSPATHELEMENTS('3j9HAUcws9oXC5AiNzwBO5',#18,'1k$xn8F5n4Fh7djrSbidFf|1k$xn8F5n4Fh7djrSbidGQ','Structural',$,#422,#444,(),(),.ATSTART.,.ATEND.);
#17094=IFCRELCONNECTSPATHELEMENTS('0DdK8Fk8iD0WmAR1YtRqws',#18,'1k$xn8F5n4Fh7djrSbidGQ|2j_RMNfs51MwVoqZ2B5vyN','Structural',$,#444,#16788,(),(),.ATSTART.,.ATEND.);
#17095=IFCRELCONNECTSPATHELEMENTS('3v9A$LmO_nsGqacXHgi0z3',#18,'1k$xn8F5n4Fh7djrSbidGQ|1k$xn8F5n4Fh7djrSbidIa','Structural',$,#444,#466,(),(),.ATSTART.,.ATPATH.);
#17096=IFCRELCONNECTSPATHELEMENTS('1aRAJmIxlT0jsKysWzXpiE',#18,'1k$xn8F5n4Fh7djrSbidIa|1k$xn8F5n4Fh7djrSbidJi','Structural',$,#466,#488,(),(),.ATPATH.,.ATEND.);
#17097=IFCRELCONNECTSPATHELEMENTS('1PaEpW3idlqGypYxritq_b',#18,'1k$xn8F5n4Fh7djrSbidJi|2j_RMNfs51MwVoqZ2B5vyN','Structural',$,#488,#16788,(),(),.ATPATH.,.ATSTART.);
#17098=IFCRELCONNECTSPATHELEMENTS('1HDAH6fbOjJjKXOpqAROhg',#18,'1k$xn8F5n4Fh7djrSbidLb|1k$xn8F5n4Fh7djrSbidP1','Structural',$,#510,#576,(),(),.ATEND.,.ATSTART.);
#17099=IFCRELCONNECTSPATHELEMENTS('35ayPgxx2ZWX4aRtlOl54a',#18,'1k$xn8F5n4Fh7djrSbidLb|1k$xn8F5n4Fh7djrSbidMM','Structural',$,#510,#532,(),(),.ATSTART.,.ATEND.);
#17100=IFCRELCONNECTSPATHELEMENTS('3UI_OnuyUt1rwkkOKXZ396',#18,'1k$xn8F5n4Fh7djrSbidMM|1k$xn8F5n4Fh7djrSbidOR','Structural',$,#532,#554,(),(),.ATSTART.,.ATEND.);
#17101=IFCRELCONNECTSPATHELEMENTS('3jTATQvOeSTFY2XPfq8E9z',#18,'1k$xn8F5n4Fh7djrSbidOR|1k$xn8F5n4Fh7djrSbidP1','Structural',$,#554,#576,(),(),.ATSTART.,.ATEND.);
#17102=IFCRELCONNECTSPATHELEMENTS('0nbr_2q3AwgYhvbJc_93T9',#18,'1k$xn8F5n4Fh7djrSbidQA|1k$xn8F5n4Fh7djrSbidUN','Structural',$,#598,#642,(),(),.ATEND.,.ATSTART.);
#17103=IFCRELCONNECTSPATHELEMENTS('02k0eJ0kfjAdVD$I0fynUH',#18,'1k$xn8F5n4Fh7djrSbidQA|1k$xn8F5n4Fh7djrSbidRF','Structural',$,#598,#620,(),(),.ATSTART.,.ATEND.);
#17104=IFCRELCONNECTSPATHELEMENTS('0UsrAiNQJKMZAJRgJc_6vD',#18,'1k$xn8F5n4Fh7djrSbidRF|3DCQecOarD3gY_rbNy_4dL','Structural',$,#620,#16890,(),(),.ATSTART.,.ATEND.);
#17105=IFCRELCONNECTSPATHELEMENTS('3B3GPOVcZIURKdm_qYTIwv',#18,'1k$xn8F5n4Fh7djrSbidUN|3DCQecOarD3gY_rbNy_4dL','Structural',$,#642,#16890,(),(),.ATEND.,.ATSTART.);
#17106=IFCRELCONNECTSPATHELEMENTS('0QAL7VwlJ3XwtzVAM5s06H',#18,'1k$xn8F5n4Fh7djrSbidFf|1k$xn8F5n4Fh7djrSbicj9','Structural',$,#422,#8687,(),(),.ATSTART.,.ATPATH.);
#17107=IFCRELCONNECTSPATHELEMENTS('37PI1OMDPZsN634vr2Th3M',#18,'1k$xn8F5n4Fh7djrSbid9S|1k$xn8F5n4Fh7djrSbicj9','Structural',$,#356,#8687,(),(),.ATEND.,.ATPATH.);
#17108=IFCRELCONNECTSPATHELEMENTS('1rA1Q5Ahv4rWxmBwUhSzVV',#18,'1k$xn8F5n4Fh7djrSbidOR|1k$xn8F5n4Fh7djrSbicnR','Structural',$,#554,#8709,(),(),.ATSTART.,.ATPATH.);
#17109=IFCRELCONNECTSPATHELEMENTS('0qe_nLr$Mjr6YMNePMESO0',#18,'1k$xn8F5n4Fh7djrSbidQA|1k$xn8F5n4Fh7djrSbicnR','Structural',$,#598,#8709,(),(),.ATEND.,.ATPATH.);
#17110=IFCRELCONNECTSPATHELEMENTS('3r_Za0eftbvWt5Z_jfuQ_7',#18,'1k$xn8F5n4Fh7djrSbidBi|1k$xn8F5n4Fh7djrSbicpZ','Structural',$,#378,#8731,(),(),.ATSTART.,.ATPATH.);
#17111=IFCRELCONNECTSPATHELEMENTS('2OKYCehrsiI_wNCmn5_APq',#18,'1k$xn8F5n4Fh7djrSbidMM|1k$xn8F5n4Fh7djrSbicpZ','Structural',$,#532,#8731,(),(),.ATEND.,.ATPATH.);
#17112=IFCRELCONNECTSPATHELEMENTS('2gBWUfQnY8Jk5zmNU1bn0k',#18,'1k$xn8F5n4Fh7djrSbidGQ|2j_RMNfs51MwVoqZ2B5vya','Structural',$,#444,#16766,(),(),.ATSTART.,.ATPATH.);
#17113=IFCRELCONNECTSPATHELEMENTS('3$V27BdzHGOFjkQRBUZisJ',#18,'1k$xn8F5n4Fh7djrSbidJi|2j_RMNfs51MwVoqZ2B5vya','Structural',$,#488,#16766,(),(),.ATEND.,.ATPATH.);
#17114=IFCRELCONNECTSPATHELEMENTS('0W_wGFwLrKU3cMFJKRDzwM',#18,'1k$xn8F5n4Fh7djrSbidRF|2j_RMNfs51MwVoqZ2B5vyN','Structural',$,#620,#16788,(),(),.ATEND.,.ATPATH.);
#17115=IFCRELCONNECTSPATHELEMENTS('3MQw_qh$IOWqsXAzqB$8hl',#18,'1k$xn8F5n4Fh7djrSbidUN|3DCQecOarD3gY_rbNy_4b3','Structural',$,#642,#16912,(),(),.ATSTART.,.ATPATH.);
#17116=IFCRELCONNECTSPATHELEMENTS('0dhzHyEuRbSHxcZuYAvlBR',#18,'1k$xn8F5n4Fh7djrSbidRF|3DCQecOarD3gY_rbNy_4b3','Structural',$,#620,#16912,(),(),.ATEND.,.ATPATH.);
#17117=IFCRELCONNECTSPATHELEMENTS('1RJHfF2m_ZTxBlNkUPGNdL',#18,'1k$xn8F5n4Fh7djrSbidUN|3DCQecOarD3gY_rbNy_4ZL','Structural',$,#642,#16934,(),(),.ATSTART.,.ATPATH.);
#17118=IFCRELCONNECTSPATHELEMENTS('1CdtXlU5HxCyT2RBk9_zVw',#18,'1k$xn8F5n4Fh7djrSbidRF|3DCQecOarD3gY_rbNy_4ZL','Structural',$,#620,#16934,(),(),.ATEND.,.ATPATH.);
#17119=IFCRELCONNECTSPATHELEMENTS('3jNndy9gUw5wwyPuAJSVXM',#18,'1k$xn8F5n4Fh7djrSbidRF|3DCQecOarD3gY_rbNy_4Xy','Structural',$,#620,#16956,(),(),.ATSTART.,.ATPATH.);
#17120=IFCRELCONNECTSPATHELEMENTS('2J5OrxpQ6PspwuP8_Ju9kK',#18,'1k$xn8F5n4Fh7djrSbidUN|3DCQecOarD3gY_rbNy_4Xy','Structural',$,#642,#16956,(),(),.ATEND.,.ATPATH.);
#17121=IFCPRESENTATIONLAYERASSIGNMENT('A-AREA-____-OTLN',$,(#100,#117,#134,#151,#172,#205,#226,#243,#260,#277,#294),$);
#17122=IFCPRESENTATIONLAYERASSIGNMENT('A-WALL-____-OTLN',$,(#308,#318,#347,#354,#369,#376,#391,#398,#413,#420,#435,#442,#457,#464,#479,#486,#501,#508,#523,#530,#545,#552,#567,#574,#589,#596,#611,#618,#633,#640,#8678,#8685,#8700,#8707,#8722,#8729,#8760,#8767,#16757,#16764,#16779,#16786,#16881,#16888,#16903,#16910,#16925,#16932,#16947,#16954),$);
#17123=IFCPRESENTATIONLAYERASSIGNMENT('A-DOOR-____-OTLN',$,(#8583,#8623,#8626,#8629,#8632,#8635,#8640,#8658,#8740,#8778,#16714,#16721,#16724,#16727,#16730,#16733,#16737,#16797,#16813,#16829,#16845,#16861,#16965,#16981,#16997,#17013),$);
#17124=IFCCARTESIANPOINT((1050.,425.));
#17125=IFCAXIS2PLACEMENT2D(#17124,#11);
#17126=IFCRECTANGLEPROFILEDEF(.AREA.,$,#17125,2100.,850.);
#17127=IFCAXIS2PLACEMENT3D(#3,#7,#9);
#17128=IFCEXTRUDEDAREASOLID(#17126,#17127,#9,250.);
#17129=IFCSHAPEREPRESENTATION(#24,'Body','SweptSolid',(#17128));
#17130=IFCPRODUCTDEFINITIONSHAPE($,$,(#17129));
#17131=IFCCARTESIANPOINT((700.,-125.,0.));
#17132=IFCAXIS2PLACEMENT3D(#17131,$,$);
#17133=IFCLOCALPLACEMENT(#366,#17132);
#17134=IFCOPENINGELEMENT('1TEDlF4x8Ez8tY_8yzFGfL',#18,'M_Door-Passage-Single-Vision_Lite:750 x 2000mm:1626609:1',$,$,#17133,#17130,'1626609',.OPENING.);
#17135=IFCRELVOIDSELEMENT('1k$xn8F5n4Fh7djqCbicd0',#18,$,$,#378,#17134);
#17136=IFCRELFILLSELEMENT('06Kn8FIFjf0J8AXxDeIC0z',#18,$,$,#17134,#8663);
#17137=IFCAXIS2PLACEMENT3D(#3,$,$);
#17138=IFCLOCALPLACEMENT(#17133,#17137);
#17139=IFCCARTESIANPOINT((1050.,425.));
#17140=IFCAXIS2PLACEMENT2D(#17139,#11);
#17141=IFCRECTANGLEPROFILEDEF(.AREA.,$,#17140,2100.,850.);
#17142=IFCAXIS2PLACEMENT3D(#3,#8,#9);
#17143=IFCEXTRUDEDAREASOLID(#17141,#17142,#9,250.);
#17144=IFCSHAPEREPRESENTATION(#24,'Body','SweptSolid',(#17143));
#17145=IFCPRODUCTDEFINITIONSHAPE($,$,(#17144));
#17146=IFCCARTESIANPOINT((1450.,125.,0.));
#17147=IFCAXIS2PLACEMENT3D(#17146,$,$);
#17148=IFCLOCALPLACEMENT(#388,#17147);
#17149=IFCOPENINGELEMENT('32MDiY1cWLkllRrVteJTHX',#18,'M_Door-Passage-Single-Vision_Lite:750 x 2000mm:1629091:1',$,$,#17148,#17145,'1629091',.OPENING.);
#17150=IFCRELVOIDSELEMENT('1k$xn8F5n4Fh7djqCbicEI',#18,$,$,#400,#17149);
#17151=IFCRELFILLSELEMENT('2KAchz7oeLP6tXyloburu8',#18,$,$,#17149,#8783);
#17152=IFCAXIS2PLACEMENT3D(#3,#9,#6);
#17153=IFCLOCALPLACEMENT(#17148,#17152);
#17154=IFCCARTESIANPOINT((1050.,424.999999999999));
#17155=IFCAXIS2PLACEMENT2D(#17154,#11);
#17156=IFCRECTANGLEPROFILEDEF(.AREA.,$,#17155,2100.,850.);
#17157=IFCAXIS2PLACEMENT3D(#3,#7,#9);
#17158=IFCEXTRUDEDAREASOLID(#17156,#17157,#9,250.);
#17159=IFCSHAPEREPRESENTATION(#24,'Body','SweptSolid',(#17158));
#17160=IFCPRODUCTDEFINITIONSHAPE($,$,(#17159));
#17161=IFCCARTESIANPOINT((13650.,-125.,0.));
#17162=IFCAXIS2PLACEMENT3D(#17161,$,$);
#17163=IFCLOCALPLACEMENT(#476,#17162);
#17164=IFCOPENINGELEMENT('3HecpbrQPimI3DAaovev19',#18,'M_Door-Passage-Single-Vision_Lite:750 x 2000mm:1630670:1',$,$,#17163,#17160,'1630670',.OPENING.);
#17165=IFCRELVOIDSELEMENT('1k$xn8F5n4Fh7djqCbibd$',#18,$,$,#488,#17164);
#17166=IFCRELFILLSELEMENT('1nhPL5roWt7xY6iD8ae0mH',#18,$,$,#17164,#16742);
#17167=IFCCARTESIANPOINT((0.,-12.6999999999462,0.));
#17168=IFCAXIS2PLACEMENT3D(#17167,$,$);
#17169=IFCLOCALPLACEMENT(#17163,#17168);
#17170=IFCCARTESIANPOINT((1050.,425.000000000002));
#17171=IFCAXIS2PLACEMENT2D(#17170,#11);
#17172=IFCRECTANGLEPROFILEDEF(.AREA.,$,#17171,2100.,850.);
#17173=IFCAXIS2PLACEMENT3D(#3,#7,#9);
#17174=IFCEXTRUDEDAREASOLID(#17172,#17173,#9,250.);
#17175=IFCSHAPEREPRESENTATION(#24,'Body','SweptSolid',(#17174));
#17176=IFCPRODUCTDEFINITIONSHAPE($,$,(#17175));
#17177=IFCCARTESIANPOINT((7150.,-125.,0.));
#17178=IFCAXIS2PLACEMENT3D(#17177,$,$);
#17179=IFCLOCALPLACEMENT(#476,#17178);
#17180=IFCOPENINGELEMENT('2mZNWy1vfviJafFtJXc2yw',#18,'M_Door-Passage-Single-Vision_Lite:750 x 2000mm:1631452:1',$,$,#17179,#17176,'1631452',.OPENING.);
#17181=IFCRELVOIDSELEMENT('2j_RMNfs51MwVoqYIB5vWa',#18,$,$,#488,#17180);
#17182=IFCRELFILLSELEMENT('29roZ82lMffOhjFX$t7ofb',#18,$,$,#17180,#16802);
#17183=IFCCARTESIANPOINT((0.,-12.6999999999462,0.));
#17184=IFCAXIS2PLACEMENT3D(#17183,$,$);
#17185=IFCLOCALPLACEMENT(#17179,#17184);
#17186=IFCCARTESIANPOINT((1050.,425.000000000002));
#17187=IFCAXIS2PLACEMENT2D(#17186,#11);
#17188=IFCRECTANGLEPROFILEDEF(.AREA.,$,#17187,2100.,850.);
#17189=IFCAXIS2PLACEMENT3D(#3,#7,#9);
#17190=IFCEXTRUDEDAREASOLID(#17188,#17189,#9,250.);
#17191=IFCSHAPEREPRESENTATION(#24,'Body','SweptSolid',(#17190));
#17192=IFCPRODUCTDEFINITIONSHAPE($,$,(#17191));
#17193=IFCCARTESIANPOINT((400.,-125.,0.));
#17194=IFCAXIS2PLACEMENT3D(#17193,$,$);
#17195=IFCLOCALPLACEMENT(#476,#17194);
#17196=IFCOPENINGELEMENT('2LLAg5S6BLaCRplPblViih',#18,'M_Door-Passage-Single-Vision_Lite:750 x 2000mm:1631460:1',$,$,#17195,#17192,'1631460',.OPENING.);
#17197=IFCRELVOIDSELEMENT('2j_RMNfs51MwVoqYIB5vWS',#18,$,$,#488,#17196);
#17198=IFCRELFILLSELEMENT('2H4RjbskVnndEj5UBfKswh',#18,$,$,#17196,#16818);
#17199=IFCCARTESIANPOINT((0.,-12.6999999999462,0.));
#17200=IFCAXIS2PLACEMENT3D(#17199,$,$);
#17201=IFCLOCALPLACEMENT(#17195,#17200);
#17202=IFCCARTESIANPOINT((1050.,425.));
#17203=IFCAXIS2PLACEMENT2D(#17202,#11);
#17204=IFCRECTANGLEPROFILEDEF(.AREA.,$,#17203,2100.,850.);
#17205=IFCAXIS2PLACEMENT3D(#3,#7,#9);
#17206=IFCEXTRUDEDAREASOLID(#17204,#17205,#9,250.);
#17207=IFCSHAPEREPRESENTATION(#24,'Body','SweptSolid',(#17206));
#17208=IFCPRODUCTDEFINITIONSHAPE($,$,(#17207));
#17209=IFCCARTESIANPOINT((6228.4289321452,-125.,0.));
#17210=IFCAXIS2PLACEMENT3D(#17209,$,$);
#17211=IFCLOCALPLACEMENT(#520,#17210);
#17212=IFCOPENINGELEMENT('0c82w1gGmwzsmXiRQlxIn7',#18,'M_Door-Passage-Single-Vision_Lite:750 x 2000mm:1634077:1',$,$,#17211,#17208,'1634077',.OPENING.);
#17213=IFCRELVOIDSELEMENT('3DCQecOarD3gY_ra7y_4op',#18,$,$,#532,#17212);
#17214=IFCRELFILLSELEMENT('1j1wMy0IeuSFc76dYCWMdp',#18,$,$,#17212,#17018);
#17215=IFCAXIS2PLACEMENT3D(#3,$,$);
#17216=IFCLOCALPLACEMENT(#17211,#17215);
#17217=IFCCARTESIANPOINT((1050.,425.));
#17218=IFCAXIS2PLACEMENT2D(#17217,#11);
#17219=IFCRECTANGLEPROFILEDEF(.AREA.,$,#17218,2100.,850.);
#17220=IFCAXIS2PLACEMENT3D(#3,#7,#9);
#17221=IFCEXTRUDEDAREASOLID(#17219,#17220,#9,250.);
#17222=IFCSHAPEREPRESENTATION(#24,'Body','SweptSolid',(#17221));
#17223=IFCPRODUCTDEFINITIONSHAPE($,$,(#17222));
#17224=IFCCARTESIANPOINT((9000.,-125.,0.));
#17225=IFCAXIS2PLACEMENT3D(#17224,$,$);
#17226=IFCLOCALPLACEMENT(#608,#17225);
#17227=IFCOPENINGELEMENT('1izzfImeovC5IIVBsG31vR',#18,'M_Door-Passage-Single-Vision_Lite:750 x 2000mm:1626427:1',$,$,#17226,#17223,'1626427',.OPENING.);
#17228=IFCRELVOIDSELEMENT('1k$xn8F5n4Fh7djqCbicaA',#18,$,$,#620,#17227);
#17229=IFCRELFILLSELEMENT('0OHF8lENxICMG4aJ6K0ehF',#18,$,$,#17227,#8645);
#17230=IFCAXIS2PLACEMENT3D(#3,$,$);
#17231=IFCLOCALPLACEMENT(#17226,#17230);
#17232=IFCCARTESIANPOINT((1050.,425.));
#17233=IFCAXIS2PLACEMENT2D(#17232,#11);
#17234=IFCRECTANGLEPROFILEDEF(.AREA.,$,#17233,2100.,850.);
#17235=IFCAXIS2PLACEMENT3D(#3,#7,#9);
#17236=IFCEXTRUDEDAREASOLID(#17234,#17235,#9,250.);
#17237=IFCSHAPEREPRESENTATION(#24,'Body','SweptSolid',(#17236));
#17238=IFCPRODUCTDEFINITIONSHAPE($,$,(#17237));
#17239=IFCCARTESIANPOINT((3850.,-125.,0.));
#17240=IFCAXIS2PLACEMENT3D(#17239,$,$);
#17241=IFCLOCALPLACEMENT(#608,#17240);
#17242=IFCOPENINGELEMENT('1aYYUglURpkUozoqqRr61H',#18,'M_Door-Passage-Single-Vision_Lite:750 x 2000mm:1633451:1',$,$,#17241,#17238,'1633451',.OPENING.);
#17243=IFCRELVOIDSELEMENT('3DCQecOarD3gY_ra7y_4y5',#18,$,$,#620,#17242);
#17244=IFCRELFILLSELEMENT('1bc49YXng5vI8kuFDZUeJg',#18,$,$,#17242,#16970);
#17245=IFCAXIS2PLACEMENT3D(#3,$,$);
#17246=IFCLOCALPLACEMENT(#17241,#17245);
#17247=IFCCARTESIANPOINT((1050.,425.000000000002));
#17248=IFCAXIS2PLACEMENT2D(#17247,#11);
#17249=IFCRECTANGLEPROFILEDEF(.AREA.,$,#17248,2100.,850.);
#17250=IFCAXIS2PLACEMENT3D(#3,#7,#9);
#17251=IFCEXTRUDEDAREASOLID(#17249,#17250,#9,250.);
#17252=IFCSHAPEREPRESENTATION(#24,'Body','SweptSolid',(#17251));
#17253=IFCPRODUCTDEFINITIONSHAPE($,$,(#17252));
#17254=IFCCARTESIANPOINT((22240.475,-125.,0.));
#17255=IFCAXIS2PLACEMENT3D(#17254,$,$);
#17256=IFCLOCALPLACEMENT(#608,#17255);
#17257=IFCOPENINGELEMENT('2vcK_7g6VSwlgSDrStdPoV',#18,'M_Door-Passage-Single-Vision_Lite:750 x 2000mm:1633693:1',$,$,#17256,#17253,'1633693',.OPENING.);
#17258=IFCRELVOIDSELEMENT('3DCQecOarD3gY_ra7y_4up',#18,$,$,#620,#17257);
#17259=IFCRELFILLSELEMENT('0ni8aGPZ4oef4$YP$mNdDq',#18,$,$,#17257,#16986);
#17260=IFCCARTESIANPOINT((0.,-12.7000000000698,0.));
#17261=IFCAXIS2PLACEMENT3D(#17260,$,$);
#17262=IFCLOCALPLACEMENT(#17256,#17261);
#17263=IFCCARTESIANPOINT((1050.,425.000000000002));
#17264=IFCAXIS2PLACEMENT2D(#17263,#11);
#17265=IFCRECTANGLEPROFILEDEF(.AREA.,$,#17264,2100.,850.);
#17266=IFCAXIS2PLACEMENT3D(#3,#7,#9);
#17267=IFCEXTRUDEDAREASOLID(#17265,#17266,#9,250.);
#17268=IFCSHAPEREPRESENTATION(#24,'Body','SweptSolid',(#17267));
#17269=IFCPRODUCTDEFINITIONSHAPE($,$,(#17268));
#17270=IFCCARTESIANPOINT((15500.,-125.,0.));
#17271=IFCAXIS2PLACEMENT3D(#17270,$,$);
#17272=IFCLOCALPLACEMENT(#608,#17271);
#17273=IFCOPENINGELEMENT('08zYgEkiG$0XEfOh4fJtT9',#18,'M_Door-Passage-Single-Vision_Lite:750 x 2000mm:1633761:1',$,$,#17272,#17269,'1633761',.OPENING.);
#17274=IFCRELVOIDSELEMENT('3DCQecOarD3gY_ra7y_4vF',#18,$,$,#620,#17273);
#17275=IFCRELFILLSELEMENT('2ky$CkcdtQrpDikcpGkcoB',#18,$,$,#17273,#17002);
#17276=IFCCARTESIANPOINT((0.,-12.7000000000626,0.));
#17277=IFCAXIS2PLACEMENT3D(#17276,$,$);
#17278=IFCLOCALPLACEMENT(#17272,#17277);
#17279=IFCCARTESIANPOINT((1050.,425.));
#17280=IFCAXIS2PLACEMENT2D(#17279,#11);
#17281=IFCRECTANGLEPROFILEDEF(.AREA.,$,#17280,2100.,850.);
#17282=IFCAXIS2PLACEMENT3D(#3,#8,#9);
#17283=IFCEXTRUDEDAREASOLID(#17281,#17282,#9,250.);
#17284=IFCSHAPEREPRESENTATION(#24,'Body','SweptSolid',(#17283));
#17285=IFCPRODUCTDEFINITIONSHAPE($,$,(#17284));
#17286=IFCCARTESIANPOINT((3784.52499999998,125.,0.));
#17287=IFCAXIS2PLACEMENT3D(#17286,$,$);
#17288=IFCLOCALPLACEMENT(#8675,#17287);
#17289=IFCOPENINGELEMENT('24TUK3J$DWa4iCYkJZqT_4',#18,'M_Door-Passage-Single-Vision_Lite:750 x 2000mm:1627530:1',$,$,#17288,#17285,'1627530',.OPENING.);
#17290=IFCRELVOIDSELEMENT('1k$xn8F5n4Fh7djqCbicsx',#18,$,$,#8687,#17289);
#17291=IFCRELFILLSELEMENT('1sjW9roH3MkFng4El$ep$Q',#18,$,$,#17289,#8745);
#17292=IFCAXIS2PLACEMENT3D(#3,#9,#6);
#17293=IFCLOCALPLACEMENT(#17288,#17292);
#17294=IFCCARTESIANPOINT((1050.,425.));
#17295=IFCAXIS2PLACEMENT2D(#17294,#11);
#17296=IFCRECTANGLEPROFILEDEF(.AREA.,$,#17295,2100.,850.);
#17297=IFCAXIS2PLACEMENT3D(#3,#7,#9);
#17298=IFCEXTRUDEDAREASOLID(#17296,#17297,#9,250.);
#17299=IFCSHAPEREPRESENTATION(#24,'Body','SweptSolid',(#17298));
#17300=IFCPRODUCTDEFINITIONSHAPE($,$,(#17299));
#17301=IFCCARTESIANPOINT((862.290358988286,-125.,0.));
#17302=IFCAXIS2PLACEMENT3D(#17301,$,$);
#17303=IFCLOCALPLACEMENT(#8697,#17302);
#17304=IFCOPENINGELEMENT('1_QmvPt1VnrQdlxmP1gvyP',#18,'M_Door-Passage-Single-Vision_Lite:750 x 2000mm:1632491:1',$,$,#17303,#17300,'1632491',.OPENING.);
#17305=IFCRELVOIDSELEMENT('3DCQecOarD3gY_ra7y_4j5',#18,$,$,#8709,#17304);
#17306=IFCRELFILLSELEMENT('3H4fOQa$TsYaTZehz6uP_P',#18,$,$,#17304,#16866);
#17307=IFCAXIS2PLACEMENT3D(#3,$,$);
#17308=IFCLOCALPLACEMENT(#17303,#17307);
#17309=IFCCARTESIANPOINT((1050.,425.000000000001));
#17310=IFCAXIS2PLACEMENT2D(#17309,#11);
#17311=IFCRECTANGLEPROFILEDEF(.AREA.,$,#17310,2100.,850.);
#17312=IFCAXIS2PLACEMENT3D(#3,#8,#9);
#17313=IFCEXTRUDEDAREASOLID(#17311,#17312,#9,250.);
#17314=IFCSHAPEREPRESENTATION(#24,'Body','SweptSolid',(#17313));
#17315=IFCPRODUCTDEFINITIONSHAPE($,$,(#17314));
#17316=IFCCARTESIANPOINT((5625.,125.,0.));
#17317=IFCAXIS2PLACEMENT3D(#17316,$,$);
#17318=IFCLOCALPLACEMENT(#8719,#17317);
#17319=IFCOPENINGELEMENT('3u4hcWQd1ptzsyNYF78qUF',#18,'M_Door-Passage-Single-Vision_Lite:750 x 2000mm:1631545:1',$,$,#17318,#17315,'1631545',.OPENING.);
#17320=IFCRELVOIDSELEMENT('3DCQecOarD3gY_ra7y_4QN',#18,$,$,#8731,#17319);
#17321=IFCRELFILLSELEMENT('1dCdGRGGytN7EdIOVZW_OH',#18,$,$,#17319,#16834);
#17322=IFCCARTESIANPOINT((0.,12.6999999999746,0.));
#17323=IFCAXIS2PLACEMENT3D(#17322,#9,#6);
#17324=IFCLOCALPLACEMENT(#17318,#17323);
#17325=IFCCARTESIANPOINT((1050.,424.999999999999));
#17326=IFCAXIS2PLACEMENT2D(#17325,#11);
#17327=IFCRECTANGLEPROFILEDEF(.AREA.,$,#17326,2100.,850.);
#17328=IFCAXIS2PLACEMENT3D(#3,#7,#9);
#17329=IFCEXTRUDEDAREASOLID(#17327,#17328,#9,250.);
#17330=IFCSHAPEREPRESENTATION(#24,'Body','SweptSolid',(#17329));
#17331=IFCPRODUCTDEFINITIONSHAPE($,$,(#17330));
#17332=IFCCARTESIANPOINT((8325.,-125.,0.));
#17333=IFCAXIS2PLACEMENT3D(#17332,$,$);
#17334=IFCLOCALPLACEMENT(#16776,#17333);
#17335=IFCOPENINGELEMENT('2FldrEOdrakOQJPeVeQ5_k',#18,'M_Door-Passage-Single-Vision_Lite:750 x 2000mm:1631663:1',$,$,#17334,#17331,'1631663',.OPENING.);
#17336=IFCRELVOIDSELEMENT('3DCQecOarD3gY_ra7y_4O1',#18,$,$,#16788,#17335);
#17337=IFCRELFILLSELEMENT('3M_0nYQnrfccBVB8rR49k7',#18,$,$,#17335,#16850);
#17338=IFCCARTESIANPOINT((0.,-12.7000000000226,0.));
#17339=IFCAXIS2PLACEMENT3D(#17338,$,$);
#17340=IFCLOCALPLACEMENT(#17334,#17339);
#17341=IFCRELASSOCIATESCLASSIFICATION('06JFu85hLx00eQVROyIaPw',#18,'Exterior Walls','Exterior Walls:B2010',(#320,#356,#378,#400,#422,#444,#466,#488,#510,#532,#554,#576,#598,#620,#642,#8687,#8709,#8731,#8769,#16766,#16788,#16890,#16912,#16934,#16956),#339);
#17342=IFCRELASSOCIATESCLASSIFICATION('0i$Wd6dXCUYiRdfWvw4LHP',#18,'Glazed Doors & Entrances','Glazed Doors & Entrances:B2030100',(#8645,#8663,#8745,#8783,#16742,#16802,#16818,#16834,#16850,#16866,#16970,#16986,#17002,#17018),#8656);
#17343=IFCUNITASSIGNMENT((#19,#98,#99));
ENDSEC;
END-ISO-10303-21;
