ISO-10303-21;
HEADER;
FILE_DESCRIPTION(('ViewDefinition [CoordinationView]','RevitIdentifiers [ContentGUID: cbb0ae2e-6350-4225-8ca4-af668662c38d, VersionGUID: 1e488e69-c8b6-42bd-80fd-3aa5e608a247, NumberOfSaves: 15]','CoordinateReference [CoordinateBase: Shared Coordinates]'),'2;1');
FILE_NAME('01_0xx_pilot_test.ifc','2026-01-05T12:00:38+01:00',(''),(''),'ODA SDAI 24.6','Autodesk Revit 24.3.30.11 (ENU) - IFC 24.3.30.11','');
FILE_SCHEMA(('IFC4X3'));
ENDSEC;
DATA;
#1=IFCORGANIZATION($,'Autodesk Revit 2024 (ENU)',$,$,$);
#2=IFCAPPLICATION(#1,'2024','Autodesk Revit 2024 (ENU)','Revit');
#3=IFCCARTESIANPOINT((0.,0.,0.));
#4=IFCCARTESIANPOINT((0.,0.));
#5=IFCDIRECTION((1.,0.,0.));
#6=IFCDIRECTION((-1.,0.,0.));
#7=IFCDIRECTION((0.,1.,0.));
#8=IFCDIRECTION((0.,-1.,0.));
#9=IFCDIRECTION((0.,0.,1.));
#10=IFCDIRECTION((0.,0.,-1.));
#11=IFCDIRECTION((1.,0.));
#12=IFCDIRECTION((-1.,0.));
#13=IFCDIRECTION((0.,1.));
#14=IFCDIRECTION((0.,-1.));
#15=IFCPERSON($,'','h.helming',$,$,$,$,$);
#16=IFCORGANIZATION($,'Organization Name','Organization Description',$,$);
#17=IFCPERSONANDORGANIZATION(#15,#16,$);
#18=IFCOWNERHISTORY(#17,#2,$,.NOCHANGE.,$,$,$,1765962071);
#19=IFCSIUNIT(*,.LENGTHUNIT.,.MILLI.,.METRE.);
#20=IFCAXIS2PLACEMENT3D(#3,$,$);
#21=IFCDIRECTION((6.12303176911189E-17,1.));
#22=IFCGEOMETRICREPRESENTATIONCONTEXT($,'Model',3,0.01,#20,#21);
#23=IFCGEOMETRICREPRESENTATIONSUBCONTEXT('Axis','Model',*,*,*,*,#22,$,.GRAPH_VIEW.,$);
#24=IFCGEOMETRICREPRESENTATIONSUBCONTEXT('Body','Model',*,*,*,*,#22,$,.MODEL_VIEW.,$);
#25=IFCGEOMETRICREPRESENTATIONSUBCONTEXT('Box','Model',*,*,*,*,#22,$,.MODEL_VIEW.,$);
#26=IFCGEOMETRICREPRESENTATIONSUBCONTEXT('FootPrint','Model',*,*,*,*,#22,$,.MODEL_VIEW.,$);
#27=IFCPROJECT('3BiAukOr129OoahsPvdJnz',#18,'Project Number',$,$,'Project Name','Project Status',(#22),#3150);
#28=IFCCLASSIFICATION('CSI (Construction Specifications Institute)','1998',$,'Uniformat','UniFormat Classification','https://www.csiresources.org/standards/uniformat',$);
#29=IFCAXIS2PLACEMENT3D(#3,$,$);
#30=IFCLOCALPLACEMENT(#41,#29);
#31=IFCPOSTALADDRESS($,$,$,$,('Enter address hereAddress Line 2'),$,'','Boston','','MA');
#32=IFCBUILDING('3BiAukOr129OoahsPvdJny',#18,'Building Name',$,$,#30,$,'Building Name',.ELEMENT.,$,$,#31);
#33=IFCAXIS2PLACEMENT3D(#3,$,$);
#34=IFCLOCALPLACEMENT(#30,#33);
#35=IFCBUILDINGSTOREY('2JF4e6axWHqu3u0C1FZlmi',#18,'L1',$,'Level:8mm Head',#34,$,'L1',.ELEMENT.,0.);
#36=IFCCARTESIANPOINT((0.,0.,3600.));
#37=IFCAXIS2PLACEMENT3D(#36,$,$);
#38=IFCLOCALPLACEMENT(#30,#37);
#39=IFCBUILDINGSTOREY('1ZGO8hrFCHqw0v0026FpFv',#18,'L2',$,'Level:8mm Head',#38,$,'L2',.ELEMENT.,3600.);
#40=IFCAXIS2PLACEMENT3D(#3,$,$);
#41=IFCLOCALPLACEMENT($,#40);
#42=IFCSITE('3BiAukOr129OoahsPvdJn$',#18,'Default',$,$,#41,$,$,.ELEMENT.,(42,21,31,401672),(-71,-3,-24,-345703),0.,$,$);
#43=IFCPROPERTYSINGLEVALUE('Reference',$,IFCIDENTIFIER('Project Information'),$);
#44=IFCPROPERTYSET('2mFJcO6I01h0OYRLOICO3c',#18,'Pset_SiteCommon',$,(#43));
#45=IFCPROPERTYSINGLEVALUE('IsExternal',$,IFCBOOLEAN(.F.),$);
#46=IFCPROPERTYSET('0O$B2PbAODr9jYnpcaZGJT',#18,'Pset_SpaceCommon',$,(#43,#45));
#47=IFCRELDEFINESBYPROPERTIES('2fDrcjst0HFayqQ3dY1cGQ',#18,$,$,(#42),#44);
#48=IFCRELDEFINESBYPROPERTIES('1lYkP70lXSGXnZeJnLC8MY',#18,$,$,(#42),#46);
#49=IFCAXIS2PLACEMENT3D(#3,$,$);
#50=IFCLOCALPLACEMENT(#34,#49);
#51=IFCCARTESIANPOINT((0.,-25.,0.));
#52=IFCCARTESIANPOINT((0.,10000.,0.));
#53=IFCCARTESIANPOINT((10000.,10000.,0.));
#54=IFCCARTESIANPOINT((10000.,-25.,0.));
#55=IFCCARTESIANPOINT((7350.,2650.,0.));
#56=IFCCARTESIANPOINT((7350.,2350.,0.));
#57=IFCCARTESIANPOINT((7650.,2350.,0.));
#58=IFCCARTESIANPOINT((7650.,2650.,0.));
#59=IFCCARTESIANPOINT((2350.,2650.,0.));
#60=IFCCARTESIANPOINT((2350.,2350.,0.));
#61=IFCCARTESIANPOINT((2650.,2350.,0.));
#62=IFCCARTESIANPOINT((2650.,2650.,0.));
#63=IFCCARTESIANPOINT((7350.,7650.,0.));
#64=IFCCARTESIANPOINT((7350.,7350.,0.));
#65=IFCCARTESIANPOINT((7650.,7350.,0.));
#66=IFCCARTESIANPOINT((7650.,7650.,0.));
#67=IFCCARTESIANPOINT((2350.,7650.,0.));
#68=IFCCARTESIANPOINT((2350.,7350.,0.));
#69=IFCCARTESIANPOINT((2650.,7350.,0.));
#70=IFCCARTESIANPOINT((2650.,7650.,0.));
#71=IFCPOLYLOOP((#51,#52,#53,#54));
#72=IFCFACEOUTERBOUND(#71,.T.);
#73=IFCPOLYLOOP((#55,#56,#57,#58));
#74=IFCFACEBOUND(#73,.T.);
#75=IFCPOLYLOOP((#59,#60,#61,#62));
#76=IFCFACEBOUND(#75,.T.);
#77=IFCPOLYLOOP((#63,#64,#65,#66));
#78=IFCFACEBOUND(#77,.T.);
#79=IFCPOLYLOOP((#67,#68,#69,#70));
#80=IFCFACEBOUND(#79,.T.);
#81=IFCFACE((#72,#74,#76,#78,#80));
#82=IFCCARTESIANPOINT((0.,-25.,3800.));
#83=IFCCARTESIANPOINT((0.,10000.,3800.));
#84=IFCPOLYLOOP((#52,#51,#82,#83));
#85=IFCFACEOUTERBOUND(#84,.T.);
#86=IFCFACE((#85));
#87=IFCCARTESIANPOINT((10000.,-25.,3800.));
#88=IFCPOLYLOOP((#51,#54,#87,#82));
#89=IFCFACEOUTERBOUND(#88,.T.);
#90=IFCFACE((#89));
#91=IFCCARTESIANPOINT((10000.,10000.,3800.));
#92=IFCPOLYLOOP((#54,#53,#91,#87));
#93=IFCFACEOUTERBOUND(#92,.T.);
#94=IFCFACE((#93));
#95=IFCPOLYLOOP((#53,#52,#83,#91));
#96=IFCFACEOUTERBOUND(#95,.T.);
#97=IFCFACE((#96));
#98=IFCCARTESIANPOINT((7350.,2650.,3300.));
#99=IFCCARTESIANPOINT((7350.,2650.,3800.));
#100=IFCCARTESIANPOINT((7350.,2350.,3800.));
#101=IFCCARTESIANPOINT((7350.,2350.,3300.));
#102=IFCPOLYLOOP((#56,#55,#98,#99,#100,#101));
#103=IFCFACEOUTERBOUND(#102,.T.);
#104=IFCFACE((#103));
#105=IFCCARTESIANPOINT((7650.,2650.,3300.));
#106=IFCCARTESIANPOINT((7650.,2650.,3800.));
#107=IFCPOLYLOOP((#55,#58,#105,#106,#99,#98));
#108=IFCFACEOUTERBOUND(#107,.T.);
#109=IFCFACE((#108));
#110=IFCCARTESIANPOINT((7650.,2350.,3300.));
#111=IFCCARTESIANPOINT((7650.,2350.,3800.));
#112=IFCPOLYLOOP((#58,#57,#110,#111,#106,#105));
#113=IFCFACEOUTERBOUND(#112,.T.);
#114=IFCFACE((#113));
#115=IFCPOLYLOOP((#57,#56,#101,#100,#111,#110));
#116=IFCFACEOUTERBOUND(#115,.T.);
#117=IFCFACE((#116));
#118=IFCCARTESIANPOINT((2350.,2650.,3300.));
#119=IFCCARTESIANPOINT((2350.,2650.,3800.));
#120=IFCCARTESIANPOINT((2350.,2350.,3800.));
#121=IFCCARTESIANPOINT((2350.,2350.,3300.));
#122=IFCPOLYLOOP((#60,#59,#118,#119,#120,#121));
#123=IFCFACEOUTERBOUND(#122,.T.);
#124=IFCFACE((#123));
#125=IFCCARTESIANPOINT((2650.,2650.,3300.));
#126=IFCCARTESIANPOINT((2650.,2650.,3800.));
#127=IFCPOLYLOOP((#59,#62,#125,#126,#119,#118));
#128=IFCFACEOUTERBOUND(#127,.T.);
#129=IFCFACE((#128));
#130=IFCCARTESIANPOINT((2650.,2350.,3300.));
#131=IFCCARTESIANPOINT((2650.,2350.,3800.));
#132=IFCPOLYLOOP((#62,#61,#130,#131,#126,#125));
#133=IFCFACEOUTERBOUND(#132,.T.);
#134=IFCFACE((#133));
#135=IFCPOLYLOOP((#61,#60,#121,#120,#131,#130));
#136=IFCFACEOUTERBOUND(#135,.T.);
#137=IFCFACE((#136));
#138=IFCCARTESIANPOINT((7350.,7650.,3300.));
#139=IFCCARTESIANPOINT((7350.,7650.,3800.));
#140=IFCCARTESIANPOINT((7350.,7350.,3800.));
#141=IFCCARTESIANPOINT((7350.,7350.,3300.));
#142=IFCPOLYLOOP((#64,#63,#138,#139,#140,#141));
#143=IFCFACEOUTERBOUND(#142,.T.);
#144=IFCFACE((#143));
#145=IFCCARTESIANPOINT((7650.,7650.,3300.));
#146=IFCCARTESIANPOINT((7650.,7650.,3800.));
#147=IFCPOLYLOOP((#63,#66,#145,#146,#139,#138));
#148=IFCFACEOUTERBOUND(#147,.T.);
#149=IFCFACE((#148));
#150=IFCCARTESIANPOINT((7650.,7350.,3300.));
#151=IFCCARTESIANPOINT((7650.,7350.,3800.));
#152=IFCPOLYLOOP((#66,#65,#150,#151,#146,#145));
#153=IFCFACEOUTERBOUND(#152,.T.);
#154=IFCFACE((#153));
#155=IFCPOLYLOOP((#65,#64,#141,#140,#151,#150));
#156=IFCFACEOUTERBOUND(#155,.T.);
#157=IFCFACE((#156));
#158=IFCCARTESIANPOINT((2350.,7650.,3300.));
#159=IFCCARTESIANPOINT((2350.,7650.,3800.));
#160=IFCCARTESIANPOINT((2350.,7350.,3800.));
#161=IFCCARTESIANPOINT((2350.,7350.,3300.));
#162=IFCPOLYLOOP((#68,#67,#158,#159,#160,#161));
#163=IFCFACEOUTERBOUND(#162,.T.);
#164=IFCFACE((#163));
#165=IFCCARTESIANPOINT((2650.,7650.,3300.));
#166=IFCCARTESIANPOINT((2650.,7650.,3800.));
#167=IFCPOLYLOOP((#67,#70,#165,#166,#159,#158));
#168=IFCFACEOUTERBOUND(#167,.T.);
#169=IFCFACE((#168));
#170=IFCCARTESIANPOINT((2650.,7350.,3300.));
#171=IFCCARTESIANPOINT((2650.,7350.,3800.));
#172=IFCPOLYLOOP((#70,#69,#170,#171,#166,#165));
#173=IFCFACEOUTERBOUND(#172,.T.);
#174=IFCFACE((#173));
#175=IFCPOLYLOOP((#69,#68,#161,#160,#171,#170));
#176=IFCFACEOUTERBOUND(#175,.T.);
#177=IFCFACE((#176));
#178=IFCPOLYLOOP((#83,#82,#87,#91));
#179=IFCFACEOUTERBOUND(#178,.T.);
#180=IFCPOLYLOOP((#100,#99,#106,#111));
#181=IFCFACEBOUND(#180,.T.);
#182=IFCPOLYLOOP((#120,#119,#126,#131));
#183=IFCFACEBOUND(#182,.T.);
#184=IFCPOLYLOOP((#140,#139,#146,#151));
#185=IFCFACEBOUND(#184,.T.);
#186=IFCPOLYLOOP((#160,#159,#166,#171));
#187=IFCFACEBOUND(#186,.T.);
#188=IFCFACE((#179,#181,#183,#185,#187));
#189=IFCCLOSEDSHELL((#81,#86,#90,#94,#97,#104,#109,#114,#117,#124,#129,#134,#137,#144,#149,#154,#157,#164,#169,#174,#177,#188));
#190=IFCFACETEDBREP(#189);
#191=IFCSHAPEREPRESENTATION(#24,'Body','Brep',(#190));
#192=IFCPRODUCTDEFINITIONSHAPE($,$,(#191));
#193=IFCSIUNIT(*,.AREAUNIT.,$,.SQUARE_METRE.);
#194=IFCSPACE('2UsXAbj6n0fwEWqdkVuHuP',#18,'274',$,$,#50,#192,'pilotroom',.ELEMENT.,.NOTDEFINED.,$);
#195=IFCSPACETYPE('2UsXAbj6n0fwEWsdkVuHuP',#18,'pilotroom 274:1597117',$,$,$,$,'1597117',$,.NOTDEFINED.,$);
#196=IFCPROPERTYSINGLEVALUE('Reference',$,IFCIDENTIFIER('pilotroom 274'),$);
#197=IFCPROPERTYSET('0q$246Tqpc3WG69JO8ncUt',#18,'Pset_SpaceCommon',$,(#45,#196));
#198=IFCPROPERTYSET('3M8z2f_Z_jQZrCco$P$2Q2',#18,'Pset_SpaceHeaterTypeCommon',$,(#196));
#199=IFCRELDEFINESBYPROPERTIES('3HZ_EHjFD$x_nxYM2caVO6',#18,$,$,(#194),#197);
#200=IFCRELDEFINESBYPROPERTIES('2Mx9eisDt504TSC1ikC0_n',#18,$,$,(#194),#198);
#201=IFCAXIS2PLACEMENT3D(#3,$,$);
#202=IFCLOCALPLACEMENT(#34,#201);
#203=IFCCARTESIANPOINT((-9.09494701772928E-13,0.));
#204=IFCAXIS2PLACEMENT2D(#203,#11);
#205=IFCRECTANGLEPROFILEDEF(.AREA.,$,#204,8300.,10000.);
#206=IFCCARTESIANPOINT((24200.,10850.,0.));
#207=IFCAXIS2PLACEMENT3D(#206,#9,#8);
#208=IFCEXTRUDEDAREASOLID(#205,#207,#9,3048.);
#209=IFCSIUNIT(*,.PLANEANGLEUNIT.,$,.RADIAN.);
#210=IFCDIMENSIONALEXPONENTS(0,0,0,0,0,0,0);
#211=IFCMEASUREWITHUNIT(IFCPLANEANGLEMEASURE(0.0174532925199433),#209);
#212=IFCCONVERSIONBASEDUNIT(#210,.PLANEANGLEUNIT.,'DEGREE',#211);
#213=IFCSHAPEREPRESENTATION(#24,'Body','SweptSolid',(#208));
#214=IFCPRODUCTDEFINITIONSHAPE($,$,(#213));
#215=IFCSPACE('2UsXAbj6n0fwEWqdkVuHvh',#18,'131',$,$,#202,#214,'pilotroom',.ELEMENT.,.NOTDEFINED.,$);
#216=IFCSPACETYPE('2UsXAbj6n0fwEWsdkVuHvh',#18,'pilotroom 131:1597135',$,$,$,$,'1597135',$,.NOTDEFINED.,$);
#217=IFCPROPERTYSINGLEVALUE('Reference',$,IFCIDENTIFIER('pilotroom 131'),$);
#218=IFCPROPERTYSET('1yt6Rr56hNOvMcHW5vbfdN',#18,'Pset_SpaceCommon',$,(#45,#217));
#219=IFCPROPERTYSET('0SqmHzdYdGjDiiAx33vpeX',#18,'Pset_SpaceHeaterTypeCommon',$,(#217));
#220=IFCRELDEFINESBYPROPERTIES('1QBjdcvTa3D5bhrjVz0y$3',#18,$,$,(#215),#218);
#221=IFCRELDEFINESBYPROPERTIES('0wlVKKTrYg$HVo8K1WSsCI',#18,$,$,(#215),#219);
#222=IFCAXIS2PLACEMENT3D(#3,$,$);
#223=IFCLOCALPLACEMENT(#34,#222);
#224=IFCCARTESIANPOINT((-2.27373675443232E-12,-9.09494701772928E-13));
#225=IFCAXIS2PLACEMENT2D(#224,#11);
#226=IFCRECTANGLEPROFILEDEF(.AREA.,$,#225,10000.,15000.);
#227=IFCCARTESIANPOINT((43900.,7500.,0.));
#228=IFCAXIS2PLACEMENT3D(#227,$,$);
#229=IFCEXTRUDEDAREASOLID(#226,#228,#9,3048.);
#230=IFCSHAPEREPRESENTATION(#24,'Body','SweptSolid',(#229));
#231=IFCPRODUCTDEFINITIONSHAPE($,$,(#230));
#232=IFCSPACE('2UsXAbj6n0fwEWqdkVuHyo',#18,'232',$,$,#223,#231,'pilotroom',.ELEMENT.,.NOTDEFINED.,$);
#233=IFCSPACETYPE('2UsXAbj6n0fwEWsdkVuHyo',#18,'pilotroom 232:1597334',$,$,$,$,'1597334',$,.NOTDEFINED.,$);
#234=IFCPROPERTYSINGLEVALUE('Reference',$,IFCIDENTIFIER('pilotroom 232'),$);
#235=IFCPROPERTYSET('0bl$K9Wng4Vf3fp_ZIXgIR',#18,'Pset_SpaceCommon',$,(#45,#234));
#236=IFCPROPERTYSET('0PLYue$cCO$xPSFYjD6tzd',#18,'Pset_SpaceHeaterTypeCommon',$,(#234));
#237=IFCRELDEFINESBYPROPERTIES('36ZoItsQmWC8eh4aIxTtIE',#18,$,$,(#232),#235);
#238=IFCRELDEFINESBYPROPERTIES('3z09kzxiEgSxwB1fkmjvT8',#18,$,$,(#232),#236);
#239=IFCCARTESIANPOINT((-100.,10200.,0.));
#240=IFCAXIS2PLACEMENT3D(#239,#9,#8);
#241=IFCLOCALPLACEMENT(#34,#240);
#242=IFCCARTESIANPOINT((10375.,0.));
#243=IFCPOLYLINE((#4,#242));
#244=IFCSHAPEREPRESENTATION(#23,'Axis','Curve2D',(#243));
#245=IFCCARTESIANPOINT((5187.5,0.));
#246=IFCAXIS2PLACEMENT2D(#245,#12);
#247=IFCRECTANGLEPROFILEDEF(.AREA.,$,#246,10375.,200.);
#248=IFCAXIS2PLACEMENT3D(#3,$,$);
#249=IFCEXTRUDEDAREASOLID(#247,#248,#9,3300.);
#250=IFCCOLOURRGB($,0.752941176470588,0.752941176470588,0.752941176470588);
#251=IFCSURFACESTYLERENDERING(#250,0.,$,$,$,$,IFCNORMALISEDRATIOMEASURE(0.5),IFCSPECULAREXPONENT(10.),.NOTDEFINED.);
#252=IFCSURFACESTYLE('Default Wall',.BOTH.,(#251));
#253=IFCSTYLEDITEM(#249,(#252),$);
#254=IFCSHAPEREPRESENTATION(#24,'Body','SweptSolid',(#249));
#255=IFCPRODUCTDEFINITIONSHAPE($,$,(#244,#254));
#256=IFCWALL('2UsXAbj6n0fwEWqdkVuHup',#18,'Basic Wall:Generic - 200mm:1597079',$,'Basic Wall:Generic - 200mm',#241,#255,'1597079',.NOTDEFINED.);
#257=IFCMATERIAL('Default Wall',$,'Miscellaneous');
#258=IFCSTYLEDITEM($,(#252),$);
#259=IFCSTYLEDREPRESENTATION(#22,'Style','Material',(#258));
#260=IFCMATERIALDEFINITIONREPRESENTATION($,$,(#259),#257);
#261=IFCMATERIALLAYER(#257,200.,$,'Layer',$,'Miscellaneous',$);
#262=IFCMATERIALLAYERSET((#261),'Basic Wall:Generic - 200mm',$);
#263=IFCWALLTYPE('1xZrMVYp52mhf4uMzw11Hk',#18,'Basic Wall:Generic - 200mm',$,$,(#277),$,'441451',$,.STANDARD.);
#264=IFCPROPERTYSINGLEVALUE('Reference',$,IFCIDENTIFIER('Generic - 200mm'),$);
#265=IFCPROPERTYSET('2QbajavwBVDeNL5_sJZQhu',#18,'Pset_EnvironmentalImpactIndicators',$,(#264));
#266=IFCPROPERTYSINGLEVALUE('Reference',$,IFCLABEL('Generic - 200mm'),$);
#267=IFCPROPERTYSET('12F5aPaWISvaOhmFNTV4M7',#18,'Pset_ReinforcementBarPitchOfWall',$,(#266));
#268=IFCPROPERTYSINGLEVALUE('IsExternal',$,IFCBOOLEAN(.T.),$);
#269=IFCPROPERTYSINGLEVALUE('LoadBearing',$,IFCBOOLEAN(.F.),$);
#270=IFCPROPERTYSINGLEVALUE('ExtendToStructure',$,IFCBOOLEAN(.F.),$);
#271=IFCPROPERTYSET('3GeCl8_H8toO1hmfPbhttH',#18,'Pset_WallCommon',$,(#264,#268,#269,#270));
#272=IFCRELDEFINESBYPROPERTIES('2CLPX7Kq_NJETPNBq3TxCG',#18,$,$,(#256),#265);
#273=IFCRELDEFINESBYPROPERTIES('2ntLMCiYA$jdxwmNOLtZ5u',#18,$,$,(#256),#267);
#274=IFCRELDEFINESBYPROPERTIES('03XCXjpjcqJ6Sp7PPl5wPr',#18,$,$,(#256),#271);
#275=IFCCLASSIFICATIONREFERENCE('https://www.csiresources.org/standards/uniformat','B2010','Exterior Walls',#28,'',$);
#276=IFCPROPERTYSINGLEVALUE('Description',$,IFCTEXT('Generic Wall (Material By Category), 200mm thick'),$);
#277=IFCPROPERTYSET('2L7lvTstnIeeydfwzfZZLR',#18,'Pset_ReinforcementBarPitchOfWall',$,(#276));
#278=IFCCARTESIANPOINT((10200.,10100.,0.));
#279=IFCAXIS2PLACEMENT3D(#278,#9,#6);
#280=IFCLOCALPLACEMENT(#34,#279);
#281=IFCCARTESIANPOINT((10200.,0.));
#282=IFCPOLYLINE((#4,#281));
#283=IFCSHAPEREPRESENTATION(#23,'Axis','Curve2D',(#282));
#284=IFCCARTESIANPOINT((5100.,0.));
#285=IFCAXIS2PLACEMENT2D(#284,#12);
#286=IFCRECTANGLEPROFILEDEF(.AREA.,$,#285,10200.,199.999999999998);
#287=IFCAXIS2PLACEMENT3D(#3,$,$);
#288=IFCEXTRUDEDAREASOLID(#286,#287,#9,3300.);
#289=IFCSTYLEDITEM(#288,(#252),$);
#290=IFCSHAPEREPRESENTATION(#24,'Body','SweptSolid',(#288));
#291=IFCPRODUCTDEFINITIONSHAPE($,$,(#283,#290));
#292=IFCWALL('2UsXAbj6n0fwEWqdkVuHuy',#18,'Basic Wall:Generic - 200mm:1597080',$,'Basic Wall:Generic - 200mm',#280,#291,'1597080',.NOTDEFINED.);
#293=IFCPROPERTYSET('2_Ri8kdNxunJD$v0iKoeHi',#18,'Pset_EnvironmentalImpactIndicators',$,(#264));
#294=IFCPROPERTYSINGLEVALUE('Reference',$,IFCLABEL('Generic - 200mm'),$);
#295=IFCPROPERTYSET('2DHXWWO9kRa7kgvWoVHvcS',#18,'Pset_ReinforcementBarPitchOfWall',$,(#294));
#296=IFCPROPERTYSET('2ovQ14XOjp3E_$5R7PsglC',#18,'Pset_WallCommon',$,(#264,#268,#269,#270));
#297=IFCRELDEFINESBYPROPERTIES('2GW9cH7iSSZt5XO3EgVQHY',#18,$,$,(#292),#293);
#298=IFCRELDEFINESBYPROPERTIES('0cw3KjpvbdJ02bhgJSRRMa',#18,$,$,(#292),#295);
#299=IFCRELDEFINESBYPROPERTIES('0K5gyt9c_sHwG9NjeD_QsJ',#18,$,$,(#292),#296);
#300=IFCCARTESIANPOINT((10100.,-175.,0.));
#301=IFCAXIS2PLACEMENT3D(#300,#9,#7);
#302=IFCLOCALPLACEMENT(#34,#301);
#303=IFCCARTESIANPOINT((10175.,0.));
#304=IFCPOLYLINE((#4,#303));
#305=IFCSHAPEREPRESENTATION(#23,'Axis','Curve2D',(#304));
#306=IFCCARTESIANPOINT((5087.5,0.));
#307=IFCAXIS2PLACEMENT2D(#306,#12);
#308=IFCRECTANGLEPROFILEDEF(.AREA.,$,#307,10175.,199.999999999998);
#309=IFCAXIS2PLACEMENT3D(#3,$,$);
#310=IFCEXTRUDEDAREASOLID(#308,#309,#9,3300.);
#311=IFCSTYLEDITEM(#310,(#252),$);
#312=IFCSHAPEREPRESENTATION(#24,'Body','SweptSolid',(#310));
#313=IFCPRODUCTDEFINITIONSHAPE($,$,(#305,#312));
#314=IFCWALL('2UsXAbj6n0fwEWqdkVuHuz',#18,'Basic Wall:Generic - 200mm:1597081',$,'Basic Wall:Generic - 200mm',#302,#313,'1597081',.NOTDEFINED.);
#315=IFCPROPERTYSET('1lzVQ3MG6mlGpjBCamSg$J',#18,'Pset_EnvironmentalImpactIndicators',$,(#264));
#316=IFCPROPERTYSINGLEVALUE('Reference',$,IFCLABEL('Generic - 200mm'),$);
#317=IFCPROPERTYSET('29T50WYdkySTqxFy_AuVB_',#18,'Pset_ReinforcementBarPitchOfWall',$,(#316));
#318=IFCPROPERTYSET('3P6QalEuRdPtpGkSvj7YNe',#18,'Pset_WallCommon',$,(#264,#268,#269,#270));
#319=IFCRELDEFINESBYPROPERTIES('38czDHIUDSlpbx2bTmbAPG',#18,$,$,(#314),#315);
#320=IFCRELDEFINESBYPROPERTIES('1VmSi4O_1YNcDniBaxYJwU',#18,$,$,(#314),#317);
#321=IFCRELDEFINESBYPROPERTIES('0QA1ozS1aLA1ls$HgvDdPp',#18,$,$,(#314),#318);
#322=IFCCARTESIANPOINT((19000.,-100.,0.));
#323=IFCAXIS2PLACEMENT3D(#322,$,$);
#324=IFCLOCALPLACEMENT(#34,#323);
#325=IFCCARTESIANPOINT((10200.,0.));
#326=IFCPOLYLINE((#4,#325));
#327=IFCSHAPEREPRESENTATION(#23,'Axis','Curve2D',(#326));
#328=IFCCARTESIANPOINT((5100.,0.));
#329=IFCAXIS2PLACEMENT2D(#328,#12);
#330=IFCRECTANGLEPROFILEDEF(.AREA.,$,#329,10200.,200.);
#331=IFCAXIS2PLACEMENT3D(#3,$,$);
#332=IFCEXTRUDEDAREASOLID(#330,#331,#9,3600.);
#333=IFCSTYLEDITEM(#332,(#252),$);
#334=IFCSHAPEREPRESENTATION(#24,'Body','SweptSolid',(#332));
#335=IFCPRODUCTDEFINITIONSHAPE($,$,(#327,#334));
#336=IFCWALL('2UsXAbj6n0fwEWqdkVuHvl',#18,'Basic Wall:Generic - 200mm:1597131',$,'Basic Wall:Generic - 200mm',#324,#335,'1597131',.NOTDEFINED.);
#337=IFCPROPERTYSET('3p2H7G3Zrfi$AjgRmxxTvl',#18,'Pset_EnvironmentalImpactIndicators',$,(#264));
#338=IFCPROPERTYSINGLEVALUE('Reference',$,IFCLABEL('Generic - 200mm'),$);
#339=IFCPROPERTYSET('3G4nV1pB2V6gbEbBg8Q5v3',#18,'Pset_ReinforcementBarPitchOfWall',$,(#338));
#340=IFCPROPERTYSET('0QinnYRe0RSfRaOVXHAL1k',#18,'Pset_WallCommon',$,(#264,#268,#269,#270));
#341=IFCRELDEFINESBYPROPERTIES('1La2H80nfx2Dt4dJW6EQs8',#18,$,$,(#336),#337);
#342=IFCRELDEFINESBYPROPERTIES('2Px0iAPH27mzbhmwrVqAWw',#18,$,$,(#336),#339);
#343=IFCRELDEFINESBYPROPERTIES('3if3qri$uB1k7LN3Dt5pxv',#18,$,$,(#336),#340);
#344=IFCCARTESIANPOINT((19100.,15200.,0.));
#345=IFCAXIS2PLACEMENT3D(#344,#9,#8);
#346=IFCLOCALPLACEMENT(#34,#345);
#347=IFCCARTESIANPOINT((15200.,0.));
#348=IFCPOLYLINE((#4,#347));
#349=IFCSHAPEREPRESENTATION(#23,'Axis','Curve2D',(#348));
#350=IFCCARTESIANPOINT((7600.,0.));
#351=IFCAXIS2PLACEMENT2D(#350,#12);
#352=IFCRECTANGLEPROFILEDEF(.AREA.,$,#351,15200.,199.999999999998);
#353=IFCAXIS2PLACEMENT3D(#3,$,$);
#354=IFCEXTRUDEDAREASOLID(#352,#353,#9,3600.);
#355=IFCSTYLEDITEM(#354,(#252),$);
#356=IFCSHAPEREPRESENTATION(#24,'Body','SweptSolid',(#354));
#357=IFCPRODUCTDEFINITIONSHAPE($,$,(#349,#356));
#358=IFCWALL('2UsXAbj6n0fwEWqdkVuHve',#18,'Basic Wall:Generic - 200mm:1597132',$,'Basic Wall:Generic - 200mm',#346,#357,'1597132',.NOTDEFINED.);
#359=IFCPROPERTYSET('3txtZlakSYbwBd5eNFBaMC',#18,'Pset_EnvironmentalImpactIndicators',$,(#264));
#360=IFCPROPERTYSINGLEVALUE('Reference',$,IFCLABEL('Generic - 200mm'),$);
#361=IFCPROPERTYSET('3X2Cml8kk38l5zCxTDm3zv',#18,'Pset_ReinforcementBarPitchOfWall',$,(#360));
#362=IFCPROPERTYSET('3z4w37_mKnmI89kAcQgogt',#18,'Pset_WallCommon',$,(#264,#268,#269,#270));
#363=IFCRELDEFINESBYPROPERTIES('23A41Z$Km$jsyIO6Rbm_og',#18,$,$,(#358),#359);
#364=IFCRELDEFINESBYPROPERTIES('3r4rUydMiAWlZgCptbCtGs',#18,$,$,(#358),#361);
#365=IFCRELDEFINESBYPROPERTIES('2MFgybgfnor$iPW8vpt5yn',#18,$,$,(#358),#362);
#366=IFCCARTESIANPOINT((29400.,15100.,0.));
#367=IFCAXIS2PLACEMENT3D(#366,#9,#6);
#368=IFCLOCALPLACEMENT(#34,#367);
#369=IFCCARTESIANPOINT((10200.,0.));
#370=IFCPOLYLINE((#4,#369));
#371=IFCSHAPEREPRESENTATION(#23,'Axis','Curve2D',(#370));
#372=IFCCARTESIANPOINT((5100.,0.));
#373=IFCAXIS2PLACEMENT2D(#372,#12);
#374=IFCRECTANGLEPROFILEDEF(.AREA.,$,#373,10200.,200.000000000002);
#375=IFCAXIS2PLACEMENT3D(#3,$,$);
#376=IFCEXTRUDEDAREASOLID(#374,#375,#9,3600.);
#377=IFCSTYLEDITEM(#376,(#252),$);
#378=IFCSHAPEREPRESENTATION(#24,'Body','SweptSolid',(#376));
#379=IFCPRODUCTDEFINITIONSHAPE($,$,(#371,#378));
#380=IFCWALL('2UsXAbj6n0fwEWqdkVuHvf',#18,'Basic Wall:Generic - 200mm:1597133',$,'Basic Wall:Generic - 200mm',#368,#379,'1597133',.NOTDEFINED.);
#381=IFCPROPERTYSET('1EXx5diSubbaJeH0ER$JSF',#18,'Pset_EnvironmentalImpactIndicators',$,(#264));
#382=IFCPROPERTYSINGLEVALUE('Reference',$,IFCLABEL('Generic - 200mm'),$);
#383=IFCPROPERTYSET('0hJysVE12FtaALPKpZTIeh',#18,'Pset_ReinforcementBarPitchOfWall',$,(#382));
#384=IFCPROPERTYSET('28C1rd0Dr9YLG9INOObS0M',#18,'Pset_WallCommon',$,(#264,#268,#269,#270));
#385=IFCRELDEFINESBYPROPERTIES('1QMbrUq2lPdR$tRZR466Z8',#18,$,$,(#380),#381);
#386=IFCRELDEFINESBYPROPERTIES('3THbmAtU2n21MfpT0RT9fa',#18,$,$,(#380),#383);
#387=IFCRELDEFINESBYPROPERTIES('0v$LJpEfhSdR1Ow7tPUiSV',#18,$,$,(#380),#384);
#388=IFCCARTESIANPOINT((29300.,-200.,0.));
#389=IFCAXIS2PLACEMENT3D(#388,#9,#7);
#390=IFCLOCALPLACEMENT(#34,#389);
#391=IFCCARTESIANPOINT((15200.,0.));
#392=IFCPOLYLINE((#4,#391));
#393=IFCSHAPEREPRESENTATION(#23,'Axis','Curve2D',(#392));
#394=IFCCARTESIANPOINT((7600.,-2.16715534406831E-12));
#395=IFCAXIS2PLACEMENT2D(#394,#12);
#396=IFCRECTANGLEPROFILEDEF(.AREA.,$,#395,15200.,200.000000000002);
#397=IFCAXIS2PLACEMENT3D(#3,$,$);
#398=IFCEXTRUDEDAREASOLID(#396,#397,#9,3600.);
#399=IFCSTYLEDITEM(#398,(#252),$);
#400=IFCSHAPEREPRESENTATION(#24,'Body','SweptSolid',(#398));
#401=IFCPRODUCTDEFINITIONSHAPE($,$,(#393,#400));
#402=IFCWALL('2UsXAbj6n0fwEWqdkVuHvg',#18,'Basic Wall:Generic - 200mm:1597134',$,'Basic Wall:Generic - 200mm',#390,#401,'1597134',.NOTDEFINED.);
#403=IFCPROPERTYSET('2AXYKWJ_rRmiJILy7gqc25',#18,'Pset_EnvironmentalImpactIndicators',$,(#264));
#404=IFCPROPERTYSINGLEVALUE('Reference',$,IFCLABEL('Generic - 200mm'),$);
#405=IFCPROPERTYSET('3ps6KXDCaKbs4UiX4N6VF8',#18,'Pset_ReinforcementBarPitchOfWall',$,(#404));
#406=IFCPROPERTYSET('1eT$pgxDvzZZ_mMJZV0EAP',#18,'Pset_WallCommon',$,(#264,#268,#269,#270));
#407=IFCRELDEFINESBYPROPERTIES('39J0DuxqvRdANzfA3u4YXc',#18,$,$,(#402),#403);
#408=IFCRELDEFINESBYPROPERTIES('0NuQul3zEtGX$0EU4cZ5Rf',#18,$,$,(#402),#405);
#409=IFCRELDEFINESBYPROPERTIES('1ohiL$gUzbsA9f3ojgHICC',#18,$,$,(#402),#406);
#410=IFCCARTESIANPOINT((38700.,-100.,0.));
#411=IFCAXIS2PLACEMENT3D(#410,$,$);
#412=IFCLOCALPLACEMENT(#34,#411);
#413=IFCCARTESIANPOINT((10200.,0.));
#414=IFCPOLYLINE((#4,#413));
#415=IFCSHAPEREPRESENTATION(#23,'Axis','Curve2D',(#414));
#416=IFCCARTESIANPOINT((5100.,0.));
#417=IFCAXIS2PLACEMENT2D(#416,#12);
#418=IFCRECTANGLEPROFILEDEF(.AREA.,$,#417,10200.,200.);
#419=IFCAXIS2PLACEMENT3D(#3,$,$);
#420=IFCEXTRUDEDAREASOLID(#418,#419,#9,3600.);
#421=IFCSTYLEDITEM(#420,(#252),$);
#422=IFCSHAPEREPRESENTATION(#24,'Body','SweptSolid',(#420));
#423=IFCPRODUCTDEFINITIONSHAPE($,$,(#415,#422));
#424=IFCWALL('2UsXAbj6n0fwEWqdkVuHys',#18,'Basic Wall:Generic - 200mm:1597330',$,'Basic Wall:Generic - 200mm',#412,#423,'1597330',.NOTDEFINED.);
#425=IFCPROPERTYSET('09RW7BxlKGRhlkSnJGh5cC',#18,'Pset_EnvironmentalImpactIndicators',$,(#264));
#426=IFCPROPERTYSINGLEVALUE('Reference',$,IFCLABEL('Generic - 200mm'),$);
#427=IFCPROPERTYSET('2jdnWCXbnaE$riQ2tOAcnd',#18,'Pset_ReinforcementBarPitchOfWall',$,(#426));
#428=IFCPROPERTYSET('0vKf0a7mOIYXmTMf7qkOw0',#18,'Pset_WallCommon',$,(#264,#268,#269,#270));
#429=IFCRELDEFINESBYPROPERTIES('3YQVjVyN5mCN7oqJhY3en_',#18,$,$,(#424),#425);
#430=IFCRELDEFINESBYPROPERTIES('1cDs3a6rKY$LTuMG0DY9EB',#18,$,$,(#424),#427);
#431=IFCRELDEFINESBYPROPERTIES('2NeCW3EidNQfnfx_Fu3W0r',#18,$,$,(#424),#428);
#432=IFCCARTESIANPOINT((38800.,15200.,0.));
#433=IFCAXIS2PLACEMENT3D(#432,#9,#8);
#434=IFCLOCALPLACEMENT(#34,#433);
#435=IFCCARTESIANPOINT((15200.,0.));
#436=IFCPOLYLINE((#4,#435));
#437=IFCSHAPEREPRESENTATION(#23,'Axis','Curve2D',(#436));
#438=IFCCARTESIANPOINT((7600.,0.));
#439=IFCAXIS2PLACEMENT2D(#438,#12);
#440=IFCRECTANGLEPROFILEDEF(.AREA.,$,#439,15200.,199.999999999998);
#441=IFCAXIS2PLACEMENT3D(#3,$,$);
#442=IFCEXTRUDEDAREASOLID(#440,#441,#9,3600.);
#443=IFCSTYLEDITEM(#442,(#252),$);
#444=IFCSHAPEREPRESENTATION(#24,'Body','SweptSolid',(#442));
#445=IFCPRODUCTDEFINITIONSHAPE($,$,(#437,#444));
#446=IFCWALL('2UsXAbj6n0fwEWqdkVuHyt',#18,'Basic Wall:Generic - 200mm:1597331',$,'Basic Wall:Generic - 200mm',#434,#445,'1597331',.NOTDEFINED.);
#447=IFCPROPERTYSET('0OSiEfLDJ5sDRbZ2912XaG',#18,'Pset_EnvironmentalImpactIndicators',$,(#264));
#448=IFCPROPERTYSINGLEVALUE('Reference',$,IFCLABEL('Generic - 200mm'),$);
#449=IFCPROPERTYSET('1VqAPpa6pNAia1xFwTZWpV',#18,'Pset_ReinforcementBarPitchOfWall',$,(#448));
#450=IFCPROPERTYSET('2zlxC$IpXjPAEUtI5R5Vz3',#18,'Pset_WallCommon',$,(#264,#268,#269,#270));
#451=IFCRELDEFINESBYPROPERTIES('322H5fJWOUBumQD5SFskI7',#18,$,$,(#446),#447);
#452=IFCRELDEFINESBYPROPERTIES('3EA1R9SGARBzPIwxIIlLhm',#18,$,$,(#446),#449);
#453=IFCRELDEFINESBYPROPERTIES('3NuImDdsDJK9gea5NB6wau',#18,$,$,(#446),#450);
#454=IFCCARTESIANPOINT((49100.,15100.,0.));
#455=IFCAXIS2PLACEMENT3D(#454,#9,#6);
#456=IFCLOCALPLACEMENT(#34,#455);
#457=IFCCARTESIANPOINT((10200.,0.));
#458=IFCPOLYLINE((#4,#457));
#459=IFCSHAPEREPRESENTATION(#23,'Axis','Curve2D',(#458));
#460=IFCCARTESIANPOINT((5100.,0.));
#461=IFCAXIS2PLACEMENT2D(#460,#12);
#462=IFCRECTANGLEPROFILEDEF(.AREA.,$,#461,10200.,200.000000000002);
#463=IFCAXIS2PLACEMENT3D(#3,$,$);
#464=IFCEXTRUDEDAREASOLID(#462,#463,#9,3600.);
#465=IFCSTYLEDITEM(#464,(#252),$);
#466=IFCSHAPEREPRESENTATION(#24,'Body','SweptSolid',(#464));
#467=IFCPRODUCTDEFINITIONSHAPE($,$,(#459,#466));
#468=IFCWALL('2UsXAbj6n0fwEWqdkVuHym',#18,'Basic Wall:Generic - 200mm:1597332',$,'Basic Wall:Generic - 200mm',#456,#467,'1597332',.NOTDEFINED.);
#469=IFCPROPERTYSET('2JcE1s8X4MQ6cPKhPLaANJ',#18,'Pset_EnvironmentalImpactIndicators',$,(#264));
#470=IFCPROPERTYSINGLEVALUE('Reference',$,IFCLABEL('Generic - 200mm'),$);
#471=IFCPROPERTYSET('0YllqOCUQCB9gG3olR8YPk',#18,'Pset_ReinforcementBarPitchOfWall',$,(#470));
#472=IFCPROPERTYSET('32NBXoutxU$gEwhe73X7dN',#18,'Pset_WallCommon',$,(#264,#268,#269,#270));
#473=IFCRELDEFINESBYPROPERTIES('3u$RAVhLwkM1pvFMziBT6A',#18,$,$,(#468),#469);
#474=IFCRELDEFINESBYPROPERTIES('0uKzu0sqGhnmXmUx3NXG_2',#18,$,$,(#468),#471);
#475=IFCRELDEFINESBYPROPERTIES('09547LISdfa_5nHRDJxz8Y',#18,$,$,(#468),#472);
#476=IFCCARTESIANPOINT((49000.,-200.,0.));
#477=IFCAXIS2PLACEMENT3D(#476,#9,#7);
#478=IFCLOCALPLACEMENT(#34,#477);
#479=IFCCARTESIANPOINT((15200.,0.));
#480=IFCPOLYLINE((#4,#479));
#481=IFCSHAPEREPRESENTATION(#23,'Axis','Curve2D',(#480));
#482=IFCCARTESIANPOINT((7600.,0.));
#483=IFCAXIS2PLACEMENT2D(#482,#12);
#484=IFCRECTANGLEPROFILEDEF(.AREA.,$,#483,15200.,200.000000000007);
#485=IFCAXIS2PLACEMENT3D(#3,$,$);
#486=IFCEXTRUDEDAREASOLID(#484,#485,#9,3600.);
#487=IFCSTYLEDITEM(#486,(#252),$);
#488=IFCSHAPEREPRESENTATION(#24,'Body','SweptSolid',(#486));
#489=IFCPRODUCTDEFINITIONSHAPE($,$,(#481,#488));
#490=IFCWALL('2UsXAbj6n0fwEWqdkVuHyn',#18,'Basic Wall:Generic - 200mm:1597333',$,'Basic Wall:Generic - 200mm',#478,#489,'1597333',.NOTDEFINED.);
#491=IFCPROPERTYSET('0tOY3DgFtxUntqM4ufze$1',#18,'Pset_EnvironmentalImpactIndicators',$,(#264));
#492=IFCPROPERTYSINGLEVALUE('Reference',$,IFCLABEL('Generic - 200mm'),$);
#493=IFCPROPERTYSET('3z50KpYqITc8HSUlpfJhKj',#18,'Pset_ReinforcementBarPitchOfWall',$,(#492));
#494=IFCPROPERTYSET('3JxrzDlY9kR9jlwRkFRp7F',#18,'Pset_WallCommon',$,(#264,#268,#269,#270));
#495=IFCRELDEFINESBYPROPERTIES('3F_TTAyjbAcImS27Sax5Ej',#18,$,$,(#490),#491);
#496=IFCRELDEFINESBYPROPERTIES('2jxpHAgirDGIQ4Dy$cz731',#18,$,$,(#490),#493);
#497=IFCRELDEFINESBYPROPERTIES('1nPWxl1peCAaotU5pBFqD5',#18,$,$,(#490),#494);
#498=IFCAXIS2PLACEMENT3D(#3,$,$);
#499=IFCLOCALPLACEMENT(#34,#498);
#500=IFCCARTESIANPOINT((0.,0.));
#501=IFCAXIS2PLACEMENT2D(#500,#11);
#502=IFCRECTANGLEPROFILEDEF(.AREA.,$,#501,10375.,10400.);
#503=IFCCARTESIANPOINT((5000.,5012.5,0.));
#504=IFCAXIS2PLACEMENT3D(#503,#10,#7);
#505=IFCEXTRUDEDAREASOLID(#502,#504,#9,300.);
#506=IFCCOLOURRGB($,0.501960784313725,0.501960784313725,0.501960784313725);
#507=IFCSURFACESTYLERENDERING(#506,0.,$,$,$,$,IFCNORMALISEDRATIOMEASURE(0.5),IFCSPECULAREXPONENT(10.),.NOTDEFINED.);
#508=IFCSURFACESTYLE('Default Floor',.BOTH.,(#507));
#509=IFCSTYLEDITEM(#505,(#508),$);
#510=IFCSHAPEREPRESENTATION(#24,'Body','SweptSolid',(#505));
#511=IFCPRODUCTDEFINITIONSHAPE($,$,(#510));
#512=IFCSLAB('35us3eQxb9WeuHdxm2wKYO',#18,'Floor:Generic 300mm:1597466',$,'Floor:Generic 300mm',#499,#511,'1597466',.FLOOR.);
#513=IFCSLABTYPE('2G9mo_Rg17ee$DE9j_ga52',#18,'Floor:Generic 300mm',$,$,(#532),$,'1439244',$,.FLOOR.);
#514=IFCMATERIAL('Default Floor',$,'Miscellaneous');
#515=IFCSTYLEDITEM($,(#508),$);
#516=IFCSTYLEDREPRESENTATION(#22,'Style','Material',(#515));
#517=IFCMATERIALDEFINITIONREPRESENTATION($,$,(#516),#514);
#518=IFCMATERIALLAYER(#514,300.,$,'Layer',$,'Miscellaneous',$);
#519=IFCMATERIALLAYERSET((#518),'Floor:Generic 300mm',$);
#520=IFCMATERIALLAYERSETUSAGE(#519,.AXIS3.,.POSITIVE.,0.,$);
#521=IFCPROPERTYSINGLEVALUE('Reference',$,IFCIDENTIFIER('Generic 300mm'),$);
#522=IFCPROPERTYSET('3NQDhBlJVQ9ElCM_9h37ZL',#18,'Pset_EnvironmentalImpactIndicators',$,(#521));
#523=IFCPROPERTYSINGLEVALUE('Reference',$,IFCLABEL('Generic 300mm'),$);
#524=IFCPROPERTYSET('3EMA8SP9DysDmqKHMUK8Ki',#18,'Pset_ReinforcementBarPitchOfSlab',$,(#523));
#525=IFCPROPERTYSINGLEVALUE('PitchAngle',$,IFCPLANEANGLEMEASURE(0.),$);
#526=IFCPROPERTYSINGLEVALUE('LoadBearing',$,IFCBOOLEAN(.T.),$);
#527=IFCPROPERTYSET('00UV_Q1lT2tEHL_duVSd3P',#18,'Pset_SlabCommon',$,(#45,#521,#525,#526));
#528=IFCRELDEFINESBYPROPERTIES('17gnxC4mDE_e8GfeLiOZ2j',#18,$,$,(#512),#522);
#529=IFCRELDEFINESBYPROPERTIES('1aQhlhMohHdexxsgxnpybt',#18,$,$,(#512),#524);
#530=IFCRELDEFINESBYPROPERTIES('0eRX4f$ar_ucV40te9SqCg',#18,$,$,(#512),#527);
#531=IFCPROPERTYSINGLEVALUE('Description',$,IFCTEXT('Generic Floor (Material By Category), 300mm thick'),$);
#532=IFCPROPERTYSET('0ch2Rz4MMxlBDWQKk_uOQt',#18,'Pset_ReinforcementBarPitchOfSlab',$,(#531));
#533=IFCCARTESIANPOINT((0.,-100.,0.));
#534=IFCAXIS2PLACEMENT3D(#533,$,$);
#535=IFCLOCALPLACEMENT(#34,#534);
#536=IFCCARTESIANPOINT((10000.,0.));
#537=IFCPOLYLINE((#4,#536));
#538=IFCSHAPEREPRESENTATION(#23,'Axis','Curve2D',(#537));
#539=IFCCARTESIANPOINT((5000.,0.));
#540=IFCAXIS2PLACEMENT2D(#539,#12);
#541=IFCRECTANGLEPROFILEDEF(.AREA.,$,#540,10000.,150.);
#542=IFCAXIS2PLACEMENT3D(#3,$,$);
#543=IFCEXTRUDEDAREASOLID(#541,#542,#9,3300.);
#544=IFCSTYLEDITEM(#543,(#252),$);
#545=IFCSHAPEREPRESENTATION(#24,'Body','SweptSolid',(#543));
#546=IFCPRODUCTDEFINITIONSHAPE($,$,(#538,#545));
#547=IFCWALL('22hyxvAPr65PFt9WZfHSc5',#18,'Basic Wall:Generic - 150mm:1597908',$,'Basic Wall:Generic - 150mm',#535,#546,'1597908',.NOTDEFINED.);
#548=IFCMATERIALLAYER(#257,150.,$,'Layer',$,'Miscellaneous',$);
#549=IFCMATERIALLAYERSET((#548),'Basic Wall:Generic - 150mm',$);
#550=IFCWALLTYPE('1xZrMVYp52mhf4uMzw11HW',#18,'Basic Wall:Generic - 150mm',$,$,(#560),$,'441445',$,.STANDARD.);
#551=IFCPROPERTYSINGLEVALUE('Reference',$,IFCIDENTIFIER('Generic - 150mm'),$);
#552=IFCPROPERTYSET('1SgQUvPeH7sn8y0zZZD$yj',#18,'Pset_EnvironmentalImpactIndicators',$,(#551));
#553=IFCPROPERTYSINGLEVALUE('Reference',$,IFCLABEL('Generic - 150mm'),$);
#554=IFCPROPERTYSET('2C9vDhJaEm4dhw$rNLwcnb',#18,'Pset_ReinforcementBarPitchOfWall',$,(#553));
#555=IFCPROPERTYSET('2i_0Huuy0omn4kTk7ic$Y5',#18,'Pset_WallCommon',$,(#268,#269,#270,#551));
#556=IFCRELDEFINESBYPROPERTIES('20mCq2X27HZ3lY0pf_0piT',#18,$,$,(#547),#552);
#557=IFCRELDEFINESBYPROPERTIES('2Uf60fWjXtCZ4Vz6WXJ8QC',#18,$,$,(#547),#554);
#558=IFCRELDEFINESBYPROPERTIES('2asSp7MZFLYduexyrbUo_t',#18,$,$,(#547),#555);
#559=IFCPROPERTYSINGLEVALUE('Description',$,IFCTEXT('Generic Wall (Material By Category), 150mm thick'),$);
#560=IFCPROPERTYSET('1Bp8hL2mI6HKJyQkfqcPdS',#18,'Pset_ReinforcementBarPitchOfWall',$,(#559));
#561=IFCAXIS2PLACEMENT3D(#3,$,$);
#563=IFCCARTESIANPOINT((0.,0.));
#564=IFCAXIS2PLACEMENT2D(#563,#11);
#565=IFCRECTANGLEPROFILEDEF(.AREA.,'300 x 300 mm',#564,300.,300.);
#566=IFCCARTESIANPOINT((2500.,7500.,0.));
#567=IFCAXIS2PLACEMENT3D(#566,$,$);
#568=IFCEXTRUDEDAREASOLID(#565,#567,#9,3300.);
#569=IFCCOLOURRGB($,0.,0.,0.);
#570=IFCSURFACESTYLERENDERING(#569,0.,$,$,$,$,IFCNORMALISEDRATIOMEASURE(0.5),IFCSPECULAREXPONENT(64.),.NOTDEFINED.);
#571=IFCSURFACESTYLE('Concrete, Cast-in-Place gray',.BOTH.,(#570));
#572=IFCSTYLEDITEM(#568,(#571),$);
#573=IFCSHAPEREPRESENTATION(#24,'Body','SweptSolid',(#568));
#574=IFCAXIS2PLACEMENT3D(#3,$,$);
#575=IFCREPRESENTATIONMAP(#574,#573);
#576=IFCCOLUMNTYPE('22hyxvAPr65PFtBWZfHSrj',#18,'M_Concrete-Rectangular-Column:300 x 300 mm',$,$,(#601),(#575),'1599231',$,.COLUMN.);
#577=IFCMATERIAL('Concrete, Cast-in-Place gray',$,'Concrete');
#578=IFCCOLOURRGB($,1.,1.,1.);
#579=IFCFILLAREASTYLE('<Solid fill>',(#578),$);
#580=IFCSTYLEDITEM($,(#571,#579),$);
#581=IFCSTYLEDREPRESENTATION(#22,'Style','Material and Cut Pattern',(#580));
#582=IFCMATERIALDEFINITIONREPRESENTATION($,$,(#581),#577);
#583=IFCMATERIALPROFILE('300 x 300 mm',$,#577,#565,$,$);
#584=IFCMATERIALPROFILESET('300 x 300 mm',$,(#583),$);
#585=IFCCARTESIANTRANSFORMATIONOPERATOR3D($,$,#3,1.,$);
#586=IFCMAPPEDITEM(#575,#585);
#587=IFCSHAPEREPRESENTATION(#24,'Body','MappedRepresentation',(#586));
#588=IFCPRODUCTDEFINITIONSHAPE($,$,(#587));
#589=IFCAXIS2PLACEMENT3D(#3,$,$);
#590=IFCLOCALPLACEMENT(#34,#589);
#591=IFCCOLUMN('22hyxvAPr65PFt9WZfHSrj',#18,'M_Concrete-Rectangular-Column:300 x 300 mm:1598780',$,'M_Concrete-Rectangular-Column:300 x 300 mm',#590,#588,'1598780',.COLUMN.);
#592=IFCMATERIALPROFILESETUSAGE(#584,$,$);
#593=IFCPROPERTYSINGLEVALUE('Reference',$,IFCIDENTIFIER('300 x 300 mm'),$);
#594=IFCPROPERTYSET('3MGFTTIhR1bwwLNj7n9TOh',#18,'Pset_ColumnCommon',$,(#45,#526,#593));
#595=IFCPROPERTYSET('0h3qHeY$jU9zaMwrvoIVsW',#18,'Pset_EnvironmentalImpactIndicators',$,(#593));
#596=IFCPROPERTYSINGLEVALUE('Reference',$,IFCLABEL('300 x 300 mm'),$);
#597=IFCPROPERTYSET('3e4gRaypSqyP7dklkbr36c',#18,'Pset_ReinforcementBarPitchOfColumn',$,(#596));
#598=IFCRELDEFINESBYPROPERTIES('1Ro5PGMgv86zmryP6rAcyY',#18,$,$,(#591),#594);
#599=IFCRELDEFINESBYPROPERTIES('0iR1wl6C_Wg9NT9yIYnc3t',#18,$,$,(#591),#595);
#600=IFCRELDEFINESBYPROPERTIES('33ZfJuUhN$XJnWOotN2O02',#18,$,$,(#591),#597);
#601=IFCPROPERTYSET('04ufYYQQHLZk_KvFVDrKxp',#18,'Pset_ColumnCommon',$,(#526));
#602=IFCAXIS2PLACEMENT3D(#3,$,$);
#604=IFCCARTESIANPOINT((0.,0.));
#605=IFCAXIS2PLACEMENT2D(#604,#11);
#606=IFCRECTANGLEPROFILEDEF(.AREA.,'300 x 300 mm',#605,300.,300.);
#607=IFCCARTESIANPOINT((7500.,7500.,0.));
#608=IFCAXIS2PLACEMENT3D(#607,$,$);
#609=IFCEXTRUDEDAREASOLID(#606,#608,#9,3300.);
#610=IFCSTYLEDITEM(#609,(#571),$);
#611=IFCSHAPEREPRESENTATION(#24,'Body','SweptSolid',(#609));
#612=IFCAXIS2PLACEMENT3D(#3,$,$);
#613=IFCREPRESENTATIONMAP(#612,#611);
#614=IFCCOLUMNTYPE('22hyxvAPr65PFtBWZfHS2T',#18,'M_Concrete-Rectangular-Column:300 x 300 mm',$,$,(#628),(#613),'1599231',$,.COLUMN.);
#615=IFCMAPPEDITEM(#613,#585);
#616=IFCSHAPEREPRESENTATION(#24,'Body','MappedRepresentation',(#615));
#617=IFCPRODUCTDEFINITIONSHAPE($,$,(#616));
#618=IFCAXIS2PLACEMENT3D(#3,$,$);
#619=IFCLOCALPLACEMENT(#34,#618);
#620=IFCCOLUMN('22hyxvAPr65PFt9WZfHS2T',#18,'M_Concrete-Rectangular-Column:300 x 300 mm:1599692',$,'M_Concrete-Rectangular-Column:300 x 300 mm',#619,#617,'1599692',.COLUMN.);
#621=IFCPROPERTYSET('0B7d2uR8ka0$Khg1Qj0N2o',#18,'Pset_ColumnCommon',$,(#45,#526,#593));
#622=IFCPROPERTYSET('12p52d4khSFo3IiLgO4wMa',#18,'Pset_EnvironmentalImpactIndicators',$,(#593));
#623=IFCPROPERTYSINGLEVALUE('Reference',$,IFCLABEL('300 x 300 mm'),$);
#624=IFCPROPERTYSET('3Ivn1XEKx1QZPfxKkIP7Bo',#18,'Pset_ReinforcementBarPitchOfColumn',$,(#623));
#625=IFCRELDEFINESBYPROPERTIES('2SKgGgPpP9qijhcYLmeB10',#18,$,$,(#620),#621);
#626=IFCRELDEFINESBYPROPERTIES('16OGcgwQW6AeRGWNweIN3O',#18,$,$,(#620),#622);
#627=IFCRELDEFINESBYPROPERTIES('2YFo2MCOhrttJmRe6HP3ii',#18,$,$,(#620),#624);
#628=IFCPROPERTYSET('1h3Fllgw6xM7q$jjdudk17',#18,'Pset_ColumnCommon',$,(#526));
#629=IFCAXIS2PLACEMENT3D(#3,$,$);
#631=IFCCARTESIANPOINT((0.,0.));
#632=IFCAXIS2PLACEMENT2D(#631,#11);
#633=IFCRECTANGLEPROFILEDEF(.AREA.,'300 x 300 mm',#632,300.,300.);
#634=IFCCARTESIANPOINT((2500.,2500.,0.));
#635=IFCAXIS2PLACEMENT3D(#634,$,$);
#636=IFCEXTRUDEDAREASOLID(#633,#635,#9,3300.);
#637=IFCSTYLEDITEM(#636,(#571),$);
#638=IFCSHAPEREPRESENTATION(#24,'Body','SweptSolid',(#636));
#639=IFCAXIS2PLACEMENT3D(#3,$,$);
#640=IFCREPRESENTATIONMAP(#639,#638);
#641=IFCCOLUMNTYPE('22hyxvAPr65PFtBWZfHS2x',#18,'M_Concrete-Rectangular-Column:300 x 300 mm',$,$,(#655),(#640),'1599231',$,.COLUMN.);
#642=IFCMAPPEDITEM(#640,#585);
#643=IFCSHAPEREPRESENTATION(#24,'Body','MappedRepresentation',(#642));
#644=IFCPRODUCTDEFINITIONSHAPE($,$,(#643));
#645=IFCAXIS2PLACEMENT3D(#3,$,$);
#646=IFCLOCALPLACEMENT(#34,#645);
#647=IFCCOLUMN('22hyxvAPr65PFt9WZfHS2x',#18,'M_Concrete-Rectangular-Column:300 x 300 mm:1599722',$,'M_Concrete-Rectangular-Column:300 x 300 mm',#646,#644,'1599722',.COLUMN.);
#648=IFCPROPERTYSET('0ur8vI6FjvhJkRN5yP_dAs',#18,'Pset_ColumnCommon',$,(#45,#526,#593));
#649=IFCPROPERTYSET('1GCMzgc_CYTBagQdo7I_yB',#18,'Pset_EnvironmentalImpactIndicators',$,(#593));
#650=IFCPROPERTYSINGLEVALUE('Reference',$,IFCLABEL('300 x 300 mm'),$);
#651=IFCPROPERTYSET('20hS0r$MG_sGq1thXUQ5yL',#18,'Pset_ReinforcementBarPitchOfColumn',$,(#650));
#652=IFCRELDEFINESBYPROPERTIES('3ZOsqUQl5rZbd7eUX5OoO3',#18,$,$,(#647),#648);
#653=IFCRELDEFINESBYPROPERTIES('0c0_Q6UtlrIDj0NDp2haA9',#18,$,$,(#647),#649);
#654=IFCRELDEFINESBYPROPERTIES('1AdbHJPUNRmr0aGSirlbId',#18,$,$,(#647),#651);
#655=IFCPROPERTYSET('0Gi$8O3BUTOdQmLbbc6UXj',#18,'Pset_ColumnCommon',$,(#526));
#656=IFCAXIS2PLACEMENT3D(#3,$,$);
#658=IFCCARTESIANPOINT((0.,0.));
#659=IFCAXIS2PLACEMENT2D(#658,#11);
#660=IFCRECTANGLEPROFILEDEF(.AREA.,'300 x 300 mm',#659,300.,300.);
#661=IFCCARTESIANPOINT((7500.,2500.,0.));
#662=IFCAXIS2PLACEMENT3D(#661,$,$);
#663=IFCEXTRUDEDAREASOLID(#660,#662,#9,3300.);
#664=IFCSTYLEDITEM(#663,(#571),$);
#665=IFCSHAPEREPRESENTATION(#24,'Body','SweptSolid',(#663));
#666=IFCAXIS2PLACEMENT3D(#3,$,$);
#667=IFCREPRESENTATIONMAP(#666,#665);
#668=IFCCOLUMNTYPE('22hyxvAPr65PFtBWZfHS2w',#18,'M_Concrete-Rectangular-Column:300 x 300 mm',$,$,(#682),(#667),'1599231',$,.COLUMN.);
#669=IFCMAPPEDITEM(#667,#585);
#670=IFCSHAPEREPRESENTATION(#24,'Body','MappedRepresentation',(#669));
#671=IFCPRODUCTDEFINITIONSHAPE($,$,(#670));
#672=IFCAXIS2PLACEMENT3D(#3,$,$);
#673=IFCLOCALPLACEMENT(#34,#672);
#674=IFCCOLUMN('22hyxvAPr65PFt9WZfHS2w',#18,'M_Concrete-Rectangular-Column:300 x 300 mm:1599723',$,'M_Concrete-Rectangular-Column:300 x 300 mm',#673,#671,'1599723',.COLUMN.);
#675=IFCPROPERTYSET('280MjKTJ95uC7mBkE8k7vf',#18,'Pset_ColumnCommon',$,(#45,#526,#593));
#676=IFCPROPERTYSET('1nBsV9H0D_lOM5WvEZhT6Y',#18,'Pset_EnvironmentalImpactIndicators',$,(#593));
#677=IFCPROPERTYSINGLEVALUE('Reference',$,IFCLABEL('300 x 300 mm'),$);
#678=IFCPROPERTYSET('3HpVwaAbSBdxFG6DzQ$JmB',#18,'Pset_ReinforcementBarPitchOfColumn',$,(#677));
#679=IFCRELDEFINESBYPROPERTIES('2N_iHJlEHxLjkaeQs3P1NY',#18,$,$,(#674),#675);
#680=IFCRELDEFINESBYPROPERTIES('00piVOoCRKUZBODWIuaexj',#18,$,$,(#674),#676);
#681=IFCRELDEFINESBYPROPERTIES('1WZttxYEnuakoGEBEcCX71',#18,$,$,(#674),#678);
#682=IFCPROPERTYSET('1ebCcbK_XgcXBJKtSyIkgj',#18,'Pset_ColumnCommon',$,(#526));
#683=IFCCARTESIANPOINT((10100.,20300.,0.));
#684=IFCAXIS2PLACEMENT3D(#683,#9,#6);
#685=IFCLOCALPLACEMENT(#34,#684);
#686=IFCCARTESIANPOINT((10200.,0.));
#687=IFCPOLYLINE((#4,#686));
#688=IFCSHAPEREPRESENTATION(#23,'Axis','Curve2D',(#687));
#689=IFCCARTESIANPOINT((5100.,-2.16715534406831E-12));
#690=IFCAXIS2PLACEMENT2D(#689,#11);
#691=IFCRECTANGLEPROFILEDEF(.AREA.,$,#690,10200.,200.000000000002);
#692=IFCAXIS2PLACEMENT3D(#3,$,$);
#693=IFCEXTRUDEDAREASOLID(#691,#692,#9,3600.);
#694=IFCSTYLEDITEM(#693,(#252),$);
#695=IFCSHAPEREPRESENTATION(#24,'Body','SweptSolid',(#693));
#696=IFCPRODUCTDEFINITIONSHAPE($,$,(#688,#695));
#697=IFCWALL('22hyxvAPr65PFt9WZfHSIX',#18,'Basic Wall:Generic - 200mm:1600752',$,'Basic Wall:Generic - 200mm',#685,#696,'1600752',.NOTDEFINED.);
#698=IFCAXIS2PLACEMENT3D(#707,$,$);
#700=IFCCARTESIANPOINT((0.,0.));
#701=IFCAXIS2PLACEMENT2D(#700,#11);
#702=IFCRECTANGLEPROFILEDEF(.AREA.,$,#701,2500.,1000.);
#703=IFCCARTESIANPOINT((-500.,-200.,1250.));
#704=IFCAXIS2PLACEMENT3D(#703,#7,#10);
#705=IFCEXTRUDEDAREASOLID(#702,#704,#9,199.999999999998);
#706=IFCSHAPEREPRESENTATION(#24,'Body','SweptSolid',(#705));
#707=IFCCARTESIANPOINT((5600.,100.,0.));
#708=IFCPRODUCTDEFINITIONSHAPE($,$,(#706));
#709=IFCCARTESIANPOINT((5600.,100.,0.));
#710=IFCAXIS2PLACEMENT3D(#709,$,$);
#711=IFCLOCALPLACEMENT(#685,#710);
#712=IFCOPENINGELEMENT('2v_dq1kqXwgUORGuwQrNAz',#18,'Basic Wall:Generic - 200mm:1600752',$,$,#711,#708,'1600753',.OPENING.);
#713=IFCRELVOIDSELEMENT('1UapN6EdKKm243LPFgKFjv',#18,$,$,#697,#712);
#714=IFCPROPERTYSET('13LPogKBDzvcsVqz5o8vpt',#18,'Pset_EnvironmentalImpactIndicators',$,(#264));
#715=IFCPROPERTYSINGLEVALUE('Reference',$,IFCLABEL('Generic - 200mm'),$);
#716=IFCPROPERTYSET('066P$CD_3j8z0BNLErhI09',#18,'Pset_ReinforcementBarPitchOfWall',$,(#715));
#717=IFCPROPERTYSET('10Frf7GEDQULgEm0RGPj6a',#18,'Pset_WallCommon',$,(#264,#268,#269,#270));
#718=IFCPROPERTYSET('2R0ehzc144us_02Rvpm9Zs',#18,'Pset_EnvironmentalImpactIndicators',$,(#264));
#719=IFCPROPERTYSET('2ly_nolDKC80nHqar2Z59O',#18,'Pset_OpeningElementCommon',$,(#264));
#720=IFCRELDEFINESBYPROPERTIES('1Z23TZto2mcYiGzpE7QnQH',#18,$,$,(#697),#714);
#721=IFCRELDEFINESBYPROPERTIES('1f7hwnKwMxfv2xDu1UmPWr',#18,$,$,(#697),#716);
#722=IFCRELDEFINESBYPROPERTIES('0mt25shj5qcwpW2a9rxhYj',#18,$,$,(#697),#717);
#723=IFCRELDEFINESBYPROPERTIES('3r4ZgEHc2k2QIG4FQ7nDyF',#18,$,$,(#712),#718);
#724=IFCRELDEFINESBYPROPERTIES('1DW73TbkLq0GLGSQ$cvaFs',#18,$,$,(#712),#719);
#725=IFCCARTESIANPOINT((10100.,17800.,0.));
#726=IFCAXIS2PLACEMENT3D(#725,#9,#6);
#727=IFCLOCALPLACEMENT(#34,#726);
#728=IFCCARTESIANPOINT((10200.,0.));
#729=IFCPOLYLINE((#4,#728));
#730=IFCSHAPEREPRESENTATION(#23,'Axis','Curve2D',(#729));
#731=IFCCARTESIANPOINT((5100.,0.));
#732=IFCAXIS2PLACEMENT2D(#731,#12);
#733=IFCRECTANGLEPROFILEDEF(.AREA.,$,#732,10200.,199.999999999998);
#734=IFCAXIS2PLACEMENT3D(#3,$,$);
#735=IFCEXTRUDEDAREASOLID(#733,#734,#9,3600.);
#736=IFCSTYLEDITEM(#735,(#252),$);
#737=IFCSHAPEREPRESENTATION(#24,'Body','SweptSolid',(#735));
#738=IFCPRODUCTDEFINITIONSHAPE($,$,(#730,#737));
#739=IFCWALL('22hyxvAPr65PFt9WZfHSKC',#18,'Basic Wall:Generic - 200mm:1600861',$,'Basic Wall:Generic - 200mm',#727,#738,'1600861',.NOTDEFINED.);
#740=IFCPROPERTYSET('2$pMrmxKaxlQyZjcbSx7JH',#18,'Pset_EnvironmentalImpactIndicators',$,(#264));
#741=IFCPROPERTYSINGLEVALUE('Reference',$,IFCLABEL('Generic - 200mm'),$);
#742=IFCPROPERTYSET('0AYaAmfot4LLNDaCvddgSI',#18,'Pset_ReinforcementBarPitchOfWall',$,(#741));
#743=IFCPROPERTYSET('0Vo$bJwieGf$eb2K2zs$Qw',#18,'Pset_WallCommon',$,(#264,#268,#269,#270));
#744=IFCRELDEFINESBYPROPERTIES('1cPJYbsoUUIAeICKrSsVy8',#18,$,$,(#739),#740);
#745=IFCRELDEFINESBYPROPERTIES('1ckhNnfAL_y1ynilY8tUWx',#18,$,$,(#739),#742);
#746=IFCRELDEFINESBYPROPERTIES('0$kzsSF2jnYBhbQACkjG4X',#18,$,$,(#739),#743);
#747=IFCAXIS2PLACEMENT3D(#3,$,$);
#749=IFCCARTESIANPOINT((0.,0.));
#750=IFCAXIS2PLACEMENT2D(#749,#11);
#751=IFCRECTANGLEPROFILEDEF(.AREA.,'300 x 450mm',#750,200.,200.);
#752=IFCAXIS2PLACEMENT3D(#3,#9,#6);
#753=IFCEXTRUDEDAREASOLID(#751,#752,#9,3600.);
#754=IFCSTYLEDITEM(#753,(#571),$);
#755=IFCSHAPEREPRESENTATION(#24,'Body','SweptSolid',(#753));
#756=IFCAXIS2PLACEMENT3D(#3,$,$);
#757=IFCREPRESENTATIONMAP(#756,#755);
#758=IFCCOLUMNTYPE('11kJIqz$n2Jf_DfJV1SDWT',#18,'M_Concrete-Rectangular-Column:300 x 450mm',$,$,(#777),(#757),'1537404',$,.COLUMN.);
#759=IFCMATERIALPROFILE('300 x 450mm',$,#577,#751,$,$);
#760=IFCMATERIALPROFILESET('300 x 450mm',$,(#759),$);
#761=IFCMAPPEDITEM(#757,#585);
#762=IFCSHAPEREPRESENTATION(#24,'Body','MappedRepresentation',(#761));
#763=IFCPRODUCTDEFINITIONSHAPE($,$,(#762));
#764=IFCCARTESIANPOINT((-20000.,-5000.,0.));
#765=IFCAXIS2PLACEMENT3D(#764,#9,#8);
#766=IFCLOCALPLACEMENT(#34,#765);
#767=IFCCOLUMN('22hyxvAPr65PFt9WZfHSMr',#18,'M_Concrete-Rectangular-Column:300 x 450mm:1600996',$,'M_Concrete-Rectangular-Column:300 x 450mm',#766,#763,'1600996',.COLUMN.);
#768=IFCMATERIALPROFILESETUSAGE(#760,$,$);
#769=IFCPROPERTYSINGLEVALUE('Reference',$,IFCIDENTIFIER('300 x 450mm'),$);
#770=IFCPROPERTYSET('32mP4nkF6VJVhYdI4DpOjy',#18,'Pset_ColumnCommon',$,(#45,#526,#769));
#771=IFCPROPERTYSET('3afXw2gCeTFWJSlcSBtfnJ',#18,'Pset_EnvironmentalImpactIndicators',$,(#769));
#772=IFCPROPERTYSINGLEVALUE('Reference',$,IFCLABEL('300 x 450mm'),$);
#773=IFCPROPERTYSET('0$de7356kKRpFPUOktYXH7',#18,'Pset_ReinforcementBarPitchOfColumn',$,(#772));
#774=IFCRELDEFINESBYPROPERTIES('0$g4xVDGTvxxVn8v_MO0y2',#18,$,$,(#767),#770);
#775=IFCRELDEFINESBYPROPERTIES('1$fJ7Sh1sh1ATtfYiEw77M',#18,$,$,(#767),#771);
#776=IFCRELDEFINESBYPROPERTIES('2PwGkWPqMQZkkv899ZUysc',#18,$,$,(#767),#773);
#777=IFCPROPERTYSET('1So2B83Mr7UmNosPHw$3Bq',#18,'Pset_ColumnCommon',$,(#526));
#778=IFCMAPPEDITEM(#757,#585);
#779=IFCSHAPEREPRESENTATION(#24,'Body','MappedRepresentation',(#778));
#780=IFCPRODUCTDEFINITIONSHAPE($,$,(#779));
#781=IFCCARTESIANPOINT((-18000.,-5000.,0.));
#782=IFCAXIS2PLACEMENT3D(#781,#9,#8);
#783=IFCLOCALPLACEMENT(#34,#782);
#784=IFCCOLUMN('22hyxvAPr65PFt9WZfHSMq',#18,'M_Concrete-Rectangular-Column:300 x 450mm:1600997',$,'M_Concrete-Rectangular-Column:300 x 450mm',#783,#780,'1600997',.COLUMN.);
#785=IFCPROPERTYSET('1qf1qtdYjZw1wA_dnwCpIi',#18,'Pset_ColumnCommon',$,(#45,#526,#769));
#786=IFCPROPERTYSET('1GewMjEvOYTLjbyykqJlQ5',#18,'Pset_EnvironmentalImpactIndicators',$,(#769));
#787=IFCPROPERTYSINGLEVALUE('Reference',$,IFCLABEL('300 x 450mm'),$);
#788=IFCPROPERTYSET('3Us5tkfvd37P1Awic5WXdR',#18,'Pset_ReinforcementBarPitchOfColumn',$,(#787));
#789=IFCRELDEFINESBYPROPERTIES('3fahrAJQVfnS51Dg4m2mpl',#18,$,$,(#784),#785);
#790=IFCRELDEFINESBYPROPERTIES('3zTLzv83rNfh9z8A_xT6e7',#18,$,$,(#784),#786);
#791=IFCRELDEFINESBYPROPERTIES('3tTldoVgoRaIgwktW0JTx0',#18,$,$,(#784),#788);
#792=IFCMAPPEDITEM(#757,#585);
#793=IFCSHAPEREPRESENTATION(#24,'Body','MappedRepresentation',(#792));
#794=IFCPRODUCTDEFINITIONSHAPE($,$,(#793));
#795=IFCCARTESIANPOINT((-16000.,-5000.,0.));
#796=IFCAXIS2PLACEMENT3D(#795,#9,#8);
#797=IFCLOCALPLACEMENT(#34,#796);
#798=IFCCOLUMN('22hyxvAPr65PFt9WZfHSMt',#18,'M_Concrete-Rectangular-Column:300 x 450mm:1600998',$,'M_Concrete-Rectangular-Column:300 x 450mm',#797,#794,'1600998',.COLUMN.);
#799=IFCPROPERTYSET('2hGU_4FqskahISoTALk$L6',#18,'Pset_ColumnCommon',$,(#45,#526,#769));
#800=IFCPROPERTYSET('1O0MkCWRpixIT9vFwyxF2L',#18,'Pset_EnvironmentalImpactIndicators',$,(#769));
#801=IFCPROPERTYSINGLEVALUE('Reference',$,IFCLABEL('300 x 450mm'),$);
#802=IFCPROPERTYSET('03eavurmF3u7gTgqb48SqO',#18,'Pset_ReinforcementBarPitchOfColumn',$,(#801));
#803=IFCRELDEFINESBYPROPERTIES('3bQj1wQN9Z1uYSlumBdU0A',#18,$,$,(#798),#799);
#804=IFCRELDEFINESBYPROPERTIES('2MxHX3SVWPacOGUMQoWq3H',#18,$,$,(#798),#800);
#805=IFCRELDEFINESBYPROPERTIES('23EKcocRNtdJJTI9Mzilgx',#18,$,$,(#798),#802);
#806=IFCMAPPEDITEM(#757,#585);
#807=IFCSHAPEREPRESENTATION(#24,'Body','MappedRepresentation',(#806));
#808=IFCPRODUCTDEFINITIONSHAPE($,$,(#807));
#809=IFCCARTESIANPOINT((-14000.,-5000.,0.));
#810=IFCAXIS2PLACEMENT3D(#809,#9,#8);
#811=IFCLOCALPLACEMENT(#34,#810);
#812=IFCCOLUMN('22hyxvAPr65PFt9WZfHSMs',#18,'M_Concrete-Rectangular-Column:300 x 450mm:1600999',$,'M_Concrete-Rectangular-Column:300 x 450mm',#811,#808,'1600999',.COLUMN.);
#813=IFCPROPERTYSET('1lbEpnen8yWLAnYPKJgXdO',#18,'Pset_ColumnCommon',$,(#45,#526,#769));
#814=IFCPROPERTYSET('0p_lUUxE$s6xJu6s6_TFvD',#18,'Pset_EnvironmentalImpactIndicators',$,(#769));
#815=IFCPROPERTYSINGLEVALUE('Reference',$,IFCLABEL('300 x 450mm'),$);
#816=IFCPROPERTYSET('0pB3yKTm3OjOcnM5WqqWgS',#18,'Pset_ReinforcementBarPitchOfColumn',$,(#815));
#817=IFCRELDEFINESBYPROPERTIES('0uts4ZgQElKripMCcJy2XP',#18,$,$,(#812),#813);
#818=IFCRELDEFINESBYPROPERTIES('2m2v53WDSGOehKZ1thx2Wc',#18,$,$,(#812),#814);
#819=IFCRELDEFINESBYPROPERTIES('2qhPsMSkVJvFDzojvxYvm5',#18,$,$,(#812),#816);
#820=IFCMAPPEDITEM(#757,#585);
#821=IFCSHAPEREPRESENTATION(#24,'Body','MappedRepresentation',(#820));
#822=IFCPRODUCTDEFINITIONSHAPE($,$,(#821));
#823=IFCCARTESIANPOINT((-12000.,-5000.,0.));
#824=IFCAXIS2PLACEMENT3D(#823,#9,#8);
#825=IFCLOCALPLACEMENT(#34,#824);
#826=IFCCOLUMN('22hyxvAPr65PFt9WZfHSMv',#18,'M_Concrete-Rectangular-Column:300 x 450mm:1601000',$,'M_Concrete-Rectangular-Column:300 x 450mm',#825,#822,'1601000',.COLUMN.);
#827=IFCPROPERTYSET('2VGwDip$xra2ZHpI40wpYM',#18,'Pset_ColumnCommon',$,(#45,#526,#769));
#828=IFCPROPERTYSET('0mjx4Z9ZWyQ3vr8YW$sZ4p',#18,'Pset_EnvironmentalImpactIndicators',$,(#769));
#829=IFCPROPERTYSINGLEVALUE('Reference',$,IFCLABEL('300 x 450mm'),$);
#830=IFCPROPERTYSET('1i1Hult2YwPpPigf7ldXro',#18,'Pset_ReinforcementBarPitchOfColumn',$,(#829));
#831=IFCRELDEFINESBYPROPERTIES('1_8V4WPY1q9OkgcT$2sFFX',#18,$,$,(#826),#827);
#832=IFCRELDEFINESBYPROPERTIES('2Et7BaqyQi923U$ii8h_0m',#18,$,$,(#826),#828);
#833=IFCRELDEFINESBYPROPERTIES('1$AGylm4wwwSJuUJwsCPRk',#18,$,$,(#826),#830);
#834=IFCMAPPEDITEM(#757,#585);
#835=IFCSHAPEREPRESENTATION(#24,'Body','MappedRepresentation',(#834));
#836=IFCPRODUCTDEFINITIONSHAPE($,$,(#835));
#837=IFCCARTESIANPOINT((-10000.,-5000.,0.));
#838=IFCAXIS2PLACEMENT3D(#837,#9,#8);
#839=IFCLOCALPLACEMENT(#34,#838);
#840=IFCCOLUMN('22hyxvAPr65PFt9WZfHSMu',#18,'M_Concrete-Rectangular-Column:300 x 450mm:1601001',$,'M_Concrete-Rectangular-Column:300 x 450mm',#839,#836,'1601001',.COLUMN.);
#841=IFCPROPERTYSET('30PFexa3TGCRi_l9T1AK_5',#18,'Pset_ColumnCommon',$,(#45,#526,#769));
#842=IFCPROPERTYSET('0h7_$vinqe$4NVqliAweqY',#18,'Pset_EnvironmentalImpactIndicators',$,(#769));
#843=IFCPROPERTYSINGLEVALUE('Reference',$,IFCLABEL('300 x 450mm'),$);
#844=IFCPROPERTYSET('0_sk$l2U803_2nghXOezt_',#18,'Pset_ReinforcementBarPitchOfColumn',$,(#843));
#845=IFCRELDEFINESBYPROPERTIES('2VFuH8fWFDb8aucTGQwLw3',#18,$,$,(#840),#841);
#846=IFCRELDEFINESBYPROPERTIES('1lgMwGvjfCyWhxdTCqTj$O',#18,$,$,(#840),#842);
#847=IFCRELDEFINESBYPROPERTIES('2vFEhyFn7fGnkKMRjLSZPq',#18,$,$,(#840),#844);
#848=IFCCARTESIANPOINT((7500.,13995.2,0.));
#849=IFCAXIS2PLACEMENT3D(#848,#9,#6);
#850=IFCLOCALPLACEMENT(#34,#849);
#851=IFCCARTESIANPOINT((5000.,0.));
#852=IFCPOLYLINE((#4,#851));
#853=IFCSHAPEREPRESENTATION(#23,'Axis','Curve2D',(#852));
#854=IFCCARTESIANPOINT((2500.,0.));
#855=IFCAXIS2PLACEMENT2D(#854,#12);
#856=IFCRECTANGLEPROFILEDEF(.AREA.,$,#855,5000.,199.999999999998);
#857=IFCAXIS2PLACEMENT3D(#3,$,$);
#858=IFCEXTRUDEDAREASOLID(#856,#857,#9,3600.);
#859=IFCSTYLEDITEM(#858,(#252),$);
#860=IFCSHAPEREPRESENTATION(#24,'Body','SweptSolid',(#858));
#861=IFCPRODUCTDEFINITIONSHAPE($,$,(#853,#860));
#862=IFCWALL('22hyxvAPr65PFt9WZfHSP3',#18,'Basic Wall:Generic - 200mm:1601042',$,'Basic Wall:Generic - 200mm',#850,#861,'1601042',.NOTDEFINED.);
#863=IFCPROPERTYSET('2KsZ9IQ4VnLnCLA_AMf8_D',#18,'Pset_EnvironmentalImpactIndicators',$,(#264));
#864=IFCPROPERTYSINGLEVALUE('Reference',$,IFCLABEL('Generic - 200mm'),$);
#865=IFCPROPERTYSET('1W8_USSeagQBlCTfO09HUz',#18,'Pset_ReinforcementBarPitchOfWall',$,(#864));
#866=IFCPROPERTYSET('0SX0jjsCvXblV_ZIt$AICv',#18,'Pset_WallCommon',$,(#264,#268,#269,#270));
#867=IFCRELDEFINESBYPROPERTIES('3yB6lalsnehJw2qVq0G60T',#18,$,$,(#862),#863);
#868=IFCRELDEFINESBYPROPERTIES('2iN0YyZUgTofNSuzl6oyh2',#18,$,$,(#862),#865);
#869=IFCRELDEFINESBYPROPERTIES('2ZceEf84s3yEaYxF96vGmN',#18,$,$,(#862),#866);
#870=IFCCARTESIANPOINT((600.,104.749999999978,1500.));
#871=IFCCARTESIANPOINT((600.,219.049999999994,1500.));
#872=IFCCARTESIANPOINT((0.,219.049999999996,1500.));
#873=IFCCARTESIANPOINT((0.,104.74999999998,1500.));
#874=IFCPOLYLOOP((#870,#871,#872,#873));
#875=IFCFACEOUTERBOUND(#874,.T.);
#876=IFCFACE((#875));
#877=IFCCARTESIANPOINT((0.,219.049999999996,0.));
#878=IFCCARTESIANPOINT((0.,104.74999999998,0.));
#879=IFCPOLYLOOP((#873,#872,#877,#878));
#880=IFCFACEOUTERBOUND(#879,.T.);
#881=IFCFACE((#880));
#882=IFCCARTESIANPOINT((600.,219.049999999994,0.));
#883=IFCCARTESIANPOINT((600.,104.749999999978,0.));
#884=IFCPOLYLOOP((#878,#877,#882,#883));
#885=IFCFACEOUTERBOUND(#884,.T.);
#886=IFCFACE((#885));
#887=IFCCARTESIANPOINT((568.250000000064,104.749999999978,1468.25000000007));
#888=IFCCARTESIANPOINT((568.250000000064,104.749999999978,31.7499999999354));
#889=IFCCARTESIANPOINT((31.7499999999352,104.74999999998,31.7499999999354));
#890=IFCCARTESIANPOINT((31.7499999999352,104.74999999998,1468.25000000007));
#891=IFCPOLYLOOP((#873,#878,#883,#870));
#892=IFCFACEOUTERBOUND(#891,.T.);
#893=IFCPOLYLOOP((#887,#888,#889,#890));
#894=IFCFACEBOUND(#893,.T.);
#895=IFCFACE((#892,#894));
#896=IFCPOLYLOOP((#883,#882,#871,#870));
#897=IFCFACEOUTERBOUND(#896,.T.);
#898=IFCFACE((#897));
#899=IFCCARTESIANPOINT((12.6999999999989,219.049999999996,1487.30000000001));
#900=IFCCARTESIANPOINT((12.6999999999989,219.049999999996,12.6999999999986));
#901=IFCCARTESIANPOINT((587.300000000002,219.049999999994,12.6999999999987));
#902=IFCCARTESIANPOINT((587.300000000002,219.049999999994,1487.30000000001));
#903=IFCPOLYLOOP((#871,#882,#877,#872));
#904=IFCFACEOUTERBOUND(#903,.T.);
#905=IFCPOLYLOOP((#899,#900,#901,#902));
#906=IFCFACEBOUND(#905,.T.);
#907=IFCFACE((#904,#906));
#908=IFCCARTESIANPOINT((568.250000000065,168.249999999996,1468.25000000007));
#909=IFCCARTESIANPOINT((31.7499999999356,168.249999999998,1468.25000000007));
#910=IFCPOLYLOOP((#908,#887,#890,#909));
#911=IFCFACEOUTERBOUND(#910,.T.);
#912=IFCFACE((#911));
#913=IFCCARTESIANPOINT((587.300000000001,168.249999999996,1487.30000000001));
#914=IFCCARTESIANPOINT((12.6999999999992,168.249999999998,1487.30000000001));
#915=IFCPOLYLOOP((#902,#913,#914,#899));
#916=IFCFACEOUTERBOUND(#915,.T.);
#917=IFCFACE((#916));
#918=IFCCARTESIANPOINT((31.7499999999357,168.249999999998,31.7499999999357));
#919=IFCPOLYLOOP((#909,#890,#889,#918));
#920=IFCFACEOUTERBOUND(#919,.T.);
#921=IFCFACE((#920));
#922=IFCCARTESIANPOINT((12.699999999999,168.249999999998,12.699999999999));
#923=IFCPOLYLOOP((#899,#914,#922,#900));
#924=IFCFACEOUTERBOUND(#923,.T.);
#925=IFCFACE((#924));
#926=IFCCARTESIANPOINT((568.250000000064,168.249999999996,31.7499999999357));
#927=IFCPOLYLOOP((#918,#889,#888,#926));
#928=IFCFACEOUTERBOUND(#927,.T.);
#929=IFCFACE((#928));
#930=IFCCARTESIANPOINT((587.300000000001,168.249999999996,12.699999999999));
#931=IFCPOLYLOOP((#900,#922,#930,#901));
#932=IFCFACEOUTERBOUND(#931,.T.);
#933=IFCFACE((#932));
#934=IFCPOLYLOOP((#926,#888,#887,#908));
#935=IFCFACEOUTERBOUND(#934,.T.);
#936=IFCFACE((#935));
#937=IFCPOLYLOOP((#909,#918,#926,#908));
#938=IFCFACEBOUND(#937,.T.);
#939=IFCPOLYLOOP((#913,#930,#922,#914));
#940=IFCFACEOUTERBOUND(#939,.T.);
#941=IFCFACE((#938,#940));
#942=IFCPOLYLOOP((#901,#930,#913,#902));
#943=IFCFACEOUTERBOUND(#942,.T.);
#944=IFCFACE((#943));
#945=IFCCARTESIANPOINT((0.,0.,1500.));
#946=IFCCARTESIANPOINT((600.,0.,0.));
#947=IFCCARTESIANPOINT((600.,0.,1500.));
#948=IFCCARTESIANPOINT((587.29999999993,0.,1487.30000000005));
#949=IFCCARTESIANPOINT((587.29999999993,0.,12.7000000000069));
#950=IFCCARTESIANPOINT((12.6999999999097,0.,12.7000000000071));
#951=IFCCARTESIANPOINT((12.6999999999097,0.,1487.30000000005));
#952=IFCPOLYLOOP((#945,#3,#946,#947));
#953=IFCFACEOUTERBOUND(#952,.T.);
#954=IFCPOLYLOOP((#948,#949,#950,#951));
#955=IFCFACEBOUND(#954,.T.);
#956=IFCFACE((#953,#955));
#957=IFCCARTESIANPOINT((0.,104.75,1500.));
#958=IFCCARTESIANPOINT((600.,104.75,1500.));
#959=IFCCARTESIANPOINT((600.,104.75,0.));
#960=IFCCARTESIANPOINT((0.,104.75,0.));
#961=IFCCARTESIANPOINT((587.29999999993,104.75,1487.30000000005));
#962=IFCCARTESIANPOINT((12.6999999999097,104.75,1487.30000000005));
#963=IFCCARTESIANPOINT((12.6999999999097,104.75,12.7000000000071));
#964=IFCCARTESIANPOINT((587.29999999993,104.75,12.7000000000069));
#965=IFCPOLYLOOP((#957,#958,#959,#960));
#966=IFCFACEOUTERBOUND(#965,.T.);
#967=IFCPOLYLOOP((#961,#962,#963,#964));
#968=IFCFACEBOUND(#967,.T.);
#969=IFCFACE((#966,#968));
#970=IFCPOLYLOOP((#3,#945,#957,#960));
#971=IFCFACEOUTERBOUND(#970,.T.);
#972=IFCFACE((#971));
#973=IFCPOLYLOOP((#946,#3,#960,#959));
#974=IFCFACEOUTERBOUND(#973,.T.);
#975=IFCFACE((#974));
#976=IFCPOLYLOOP((#947,#946,#959,#958));
#977=IFCFACEOUTERBOUND(#976,.T.);
#978=IFCFACE((#977));
#979=IFCPOLYLOOP((#945,#947,#958,#957));
#980=IFCFACEOUTERBOUND(#979,.T.);
#981=IFCFACE((#980));
#982=IFCPOLYLOOP((#949,#948,#961,#964));
#983=IFCFACEOUTERBOUND(#982,.T.);
#984=IFCFACE((#983));
#985=IFCPOLYLOOP((#950,#949,#964,#963));
#986=IFCFACEOUTERBOUND(#985,.T.);
#987=IFCFACE((#986));
#988=IFCPOLYLOOP((#951,#950,#963,#962));
#989=IFCFACEOUTERBOUND(#988,.T.);
#990=IFCFACE((#989));
#991=IFCPOLYLOOP((#948,#951,#962,#961));
#992=IFCFACEOUTERBOUND(#991,.T.);
#993=IFCFACE((#992));
#994=IFCCARTESIANPOINT((561.899999999934,168.249999999996,38.1000000000032));
#995=IFCCARTESIANPOINT((561.899999999934,212.699999999996,38.1000000000031));
#996=IFCCARTESIANPOINT((38.0999999999055,212.699999999998,38.1000000000031));
#997=IFCCARTESIANPOINT((38.0999999999053,168.249999999998,38.1000000000032));
#998=IFCPOLYLOOP((#994,#995,#996,#997));
#999=IFCFACEOUTERBOUND(#998,.T.);
#1000=IFCFACE((#999));
#1001=IFCCARTESIANPOINT((587.299999999931,212.699999999996,12.7000000000066));
#1002=IFCCARTESIANPOINT((587.29999999993,168.249999999996,12.7000000000066));
#1003=IFCCARTESIANPOINT((12.6999999999088,168.249999999998,12.7000000000066));
#1004=IFCCARTESIANPOINT((12.699999999909,212.699999999997,12.7000000000066));
#1005=IFCPOLYLOOP((#1001,#1002,#1003,#1004));
#1006=IFCFACEOUTERBOUND(#1005,.T.);
#1007=IFCFACE((#1006));
#1008=IFCCARTESIANPOINT((38.0999999999055,212.699999999998,1461.90000000006));
#1009=IFCCARTESIANPOINT((38.0999999999053,168.249999999998,1461.90000000006));
#1010=IFCPOLYLOOP((#997,#996,#1008,#1009));
#1011=IFCFACEOUTERBOUND(#1010,.T.);
#1012=IFCFACE((#1011));
#1013=IFCCARTESIANPOINT((12.6999999999089,168.249999999998,1487.30000000005));
#1014=IFCCARTESIANPOINT((12.699999999909,212.699999999997,1487.30000000005));
#1015=IFCPOLYLOOP((#1004,#1003,#1013,#1014));
#1016=IFCFACEOUTERBOUND(#1015,.T.);
#1017=IFCFACE((#1016));
#1018=IFCCARTESIANPOINT((561.899999999934,212.699999999996,1461.90000000006));
#1019=IFCCARTESIANPOINT((561.899999999934,168.249999999996,1461.90000000006));
#1020=IFCPOLYLOOP((#1009,#1008,#1018,#1019));
#1021=IFCFACEOUTERBOUND(#1020,.T.);
#1022=IFCFACE((#1021));
#1023=IFCCARTESIANPOINT((587.299999999931,168.249999999996,1487.30000000005));
#1024=IFCCARTESIANPOINT((587.29999999993,212.699999999996,1487.30000000005));
#1025=IFCPOLYLOOP((#1014,#1013,#1023,#1024));
#1026=IFCFACEOUTERBOUND(#1025,.T.);
#1027=IFCFACE((#1026));
#1028=IFCPOLYLOOP((#1019,#1018,#995,#994));
#1029=IFCFACEOUTERBOUND(#1028,.T.);
#1030=IFCFACE((#1029));
#1031=IFCPOLYLOOP((#997,#1009,#1019,#994));
#1032=IFCFACEBOUND(#1031,.T.);
#1033=IFCPOLYLOOP((#1002,#1023,#1013,#1003));
#1034=IFCFACEOUTERBOUND(#1033,.T.);
#1035=IFCFACE((#1032,#1034));
#1036=IFCPOLYLOOP((#1024,#1023,#1002,#1001));
#1037=IFCFACEOUTERBOUND(#1036,.T.);
#1038=IFCFACE((#1037));
#1039=IFCPOLYLOOP((#1004,#1014,#1024,#1001));
#1040=IFCFACEOUTERBOUND(#1039,.T.);
#1041=IFCPOLYLOOP((#995,#1018,#1008,#996));
#1042=IFCFACEBOUND(#1041,.T.);
#1043=IFCFACE((#1040,#1042));
#1044=IFCCARTESIANPOINT((561.899999999934,200.,1461.90000000005));
#1045=IFCCARTESIANPOINT((38.0999999999053,200.,1461.90000000005));
#1046=IFCCARTESIANPOINT((38.0999999999053,193.650000000109,1461.90000000005));
#1047=IFCCARTESIANPOINT((561.899999999934,193.650000000109,1461.90000000005));
#1048=IFCPOLYLOOP((#1044,#1045,#1046,#1047));
#1049=IFCFACEOUTERBOUND(#1048,.T.);
#1050=IFCFACE((#1049));
#1051=IFCCARTESIANPOINT((561.899999999934,200.,38.0999999999961));
#1052=IFCCARTESIANPOINT((38.0999999999053,200.,38.0999999999962));
#1053=IFCPOLYLOOP((#1045,#1044,#1051,#1052));
#1054=IFCFACEOUTERBOUND(#1053,.T.);
#1055=IFCFACE((#1054));
#1056=IFCCARTESIANPOINT((38.0999999999053,193.650000000109,38.0999999999962));
#1057=IFCPOLYLOOP((#1046,#1045,#1052,#1056));
#1058=IFCFACEOUTERBOUND(#1057,.T.);
#1059=IFCFACE((#1058));
#1060=IFCCARTESIANPOINT((561.899999999934,193.650000000109,38.0999999999962));
#1061=IFCPOLYLOOP((#1047,#1046,#1056,#1060));
#1062=IFCFACEOUTERBOUND(#1061,.T.);
#1063=IFCFACE((#1062));
#1064=IFCPOLYLOOP((#1044,#1047,#1060,#1051));
#1065=IFCFACEOUTERBOUND(#1064,.T.);
#1066=IFCFACE((#1065));
#1067=IFCPOLYLOOP((#1051,#1060,#1056,#1052));
#1068=IFCFACEOUTERBOUND(#1067,.T.);
#1069=IFCFACE((#1068));
#1070=IFCCARTESIANPOINT((38.0999999999054,180.949999999997,38.0999999999961));
#1071=IFCCARTESIANPOINT((38.0999999999055,187.300000000092,38.0999999999961));
#1072=IFCCARTESIANPOINT((561.899999999934,187.300000000092,38.0999999999961));
#1073=IFCCARTESIANPOINT((561.899999999934,180.949999999997,38.0999999999961));
#1074=IFCPOLYLOOP((#1070,#1071,#1072,#1073));
#1075=IFCFACEOUTERBOUND(#1074,.T.);
#1076=IFCFACE((#1075));
#1077=IFCCARTESIANPOINT((561.899999999934,180.949999999997,1461.90000000005));
#1078=IFCCARTESIANPOINT((38.0999999999054,180.949999999997,1461.90000000005));
#1079=IFCPOLYLOOP((#1077,#1078,#1070,#1073));
#1080=IFCFACEOUTERBOUND(#1079,.T.);
#1081=IFCFACE((#1080));
#1082=IFCCARTESIANPOINT((561.899999999934,187.300000000092,1461.90000000005));
#1083=IFCPOLYLOOP((#1082,#1077,#1073,#1072));
#1084=IFCFACEOUTERBOUND(#1083,.T.);
#1085=IFCFACE((#1084));
#1086=IFCCARTESIANPOINT((38.0999999999055,187.300000000092,1461.90000000005));
#1087=IFCPOLYLOOP((#1086,#1082,#1072,#1071));
#1088=IFCFACEOUTERBOUND(#1087,.T.);
#1089=IFCFACE((#1088));
#1090=IFCPOLYLOOP((#1078,#1086,#1071,#1070));
#1091=IFCFACEOUTERBOUND(#1090,.T.);
#1092=IFCFACE((#1091));
#1093=IFCPOLYLOOP((#1078,#1077,#1082,#1086));
#1094=IFCFACEOUTERBOUND(#1093,.T.);
#1095=IFCFACE((#1094));
#1096=IFCCLOSEDSHELL((#876,#881,#886,#895,#898,#907,#912,#917,#921,#925,#929,#933,#936,#941,#944));
#1097=IFCFACETEDBREP(#1096);
#1098=IFCCOLOURRGB($,0.67843137254902,0.517647058823529,0.376470588235294);
#1099=IFCSURFACESTYLERENDERING(#1098,0.,$,$,$,$,IFCNORMALISEDRATIOMEASURE(0.5),IFCSPECULAREXPONENT(128.),.NOTDEFINED.);
#1100=IFCSURFACESTYLE('Wood - Stained',.BOTH.,(#1099));
#1101=IFCSTYLEDITEM(#1097,(#1100),$);
#1102=IFCCLOSEDSHELL((#956,#969,#972,#975,#978,#981,#984,#987,#990,#993));
#1103=IFCFACETEDBREP(#1102);
#1104=IFCSTYLEDITEM(#1103,(#1100),$);
#1105=IFCCLOSEDSHELL((#1000,#1007,#1012,#1017,#1022,#1027,#1030,#1035,#1038,#1043));
#1106=IFCFACETEDBREP(#1105);
#1107=IFCSTYLEDITEM(#1106,(#1100),$);
#1108=IFCCLOSEDSHELL((#1050,#1055,#1059,#1063,#1066,#1069));
#1109=IFCFACETEDBREP(#1108);
#1110=IFCCOLOURRGB($,0.96078431372549,0.96078431372549,0.952941176470588);
#1111=IFCSURFACESTYLERENDERING(#1110,1.,$,$,$,$,IFCNORMALISEDRATIOMEASURE(0.5),IFCSPECULAREXPONENT(64.),.NOTDEFINED.);
#1112=IFCSURFACESTYLE('Glass',.BOTH.,(#1111));
#1113=IFCSTYLEDITEM(#1109,(#1112),$);
#1114=IFCCLOSEDSHELL((#1076,#1081,#1085,#1089,#1092,#1095));
#1115=IFCFACETEDBREP(#1114);
#1116=IFCSTYLEDITEM(#1115,(#1112),$);
#1117=IFCSHAPEREPRESENTATION(#24,'Body','Brep',(#1097,#1103,#1106,#1109,#1115));
#1118=IFCAXIS2PLACEMENT3D(#3,$,$);
#1119=IFCREPRESENTATIONMAP(#1118,#1117);
#1120=IFCWINDOWLININGPROPERTIES('11kJIqz$n2Jf_DfJR1SDbS',#18,'M_Window-Fixed:600 x 1500mm:1601211',$,$,$,$,$,$,$,$,$,$,$,$,$);
#1121=IFCWINDOWTYPE('1rH_U2KFfREyB3OUpidX__',#18,'M_Window-Fixed:600 x 1500mm',$,$,(#1120,#1172),(#1119),'1524693',$,.WINDOW.,.NOTDEFINED.,.F.,$);
#1122=IFCMATERIAL('Wood - Stained',$,'Wood');
#1123=IFCCOLOURRGB($,0.,0.,0.);
#1124=IFCCURVESTYLEFONTPATTERN(211.582,1904.238);
#1125=IFCCURVESTYLEFONT('Wood 1:1',(#1124));
#1126=IFCCURVESTYLE('Wood 1:1',#1125,$,#1123,$);
#1127=IFCCARTESIANPOINT((1387.97788244437,1337.19829007417));
#1128=IFCFILLAREASTYLEHATCHING(#1126,IFCPOSITIVELENGTHMEASURE(84.6328),$,#1127,216.8699);
#1129=IFCCURVESTYLEFONTPATTERN(473.11183,473.11183);
#1130=IFCCURVESTYLEFONT('Wood 1:2',(#1129));
#1131=IFCCURVESTYLE('Wood 1:2',#1130,$,#1123,$);
#1132=IFCCARTESIANPOINT((-84.6326858105563,42.3159162143842));
#1133=IFCFILLAREASTYLEHATCHING(#1131,IFCPOSITIVELENGTHMEASURE(189.244859),$,#1132,206.5651);
#1134=IFCCURVESTYLEFONTPATTERN(267.632688,1070.529482);
#1135=IFCCURVESTYLEFONT('Wood 1:3',(#1134));
#1136=IFCCURVESTYLE('Wood 1:3',#1135,$,#1123,$);
#1137=IFCCARTESIANPOINT((-465.480602461083,-211.581226117823));
#1138=IFCFILLAREASTYLEHATCHING(#1136,IFCPOSITIVELENGTHMEASURE(133.8162932),$,#1137,198.4349);
#1139=IFCFILLAREASTYLE('Wood 1',(#1128,#1133,#1138),$);
#1140=IFCSTYLEDITEM($,(#1100,#1139),$);
#1141=IFCSTYLEDREPRESENTATION(#22,'Style','Material and Cut Pattern',(#1140));
#1142=IFCMATERIALDEFINITIONREPRESENTATION($,$,(#1141),#1122);
#1143=IFCMATERIAL('Glass',$,'Glass');
#1144=IFCSTYLEDITEM($,(#1112),$);
#1145=IFCSTYLEDREPRESENTATION(#22,'Style','Material',(#1144));
#1146=IFCMATERIALDEFINITIONREPRESENTATION($,$,(#1145),#1143);
#1147=IFCMATERIALCONSTITUENT('Frame/Mullion',$,#1122,$,'Wood');
#1148=IFCSHAPEREPRESENTATION(#24,'Body','Brep',(#1097,#1103,#1106));
#1149=IFCSHAPEASPECT((#1148),'Frame/Mullion',$,.U.,#1119);
#1150=IFCMATERIALCONSTITUENT('Glass',$,#1143,$,'Glass');
#1151=IFCSHAPEREPRESENTATION(#24,'Body','Brep',(#1109,#1115));
#1152=IFCSHAPEASPECT((#1151),'Glass',$,.U.,#1119);
#1153=IFCMATERIALCONSTITUENTSET($,$,(#1147,#1150));
#1154=IFCMAPPEDITEM(#1119,#585);
#1155=IFCSHAPEREPRESENTATION(#24,'Body','MappedRepresentation',(#1154));
#1156=IFCPRODUCTDEFINITIONSHAPE($,$,(#1155));
#1157=IFCCARTESIANPOINT((29200.,11100.,900.));
#1158=IFCAXIS2PLACEMENT3D(#1157,#9,#8);
#1160=IFCWINDOW('11kJIqz$n2Jf_DfJV1SDbS',#18,'M_Window-Fixed:600 x 1500mm:1601211',$,'M_Window-Fixed:600 x 1500mm',#3130,#1156,'1601211',1500.,600.,.WINDOW.,.NOTDEFINED.,$);
#1161=IFCMATERIALCONSTITUENT('Wood - Stained',$,#1122,$,'Wood');
#1162=IFCMATERIALCONSTITUENT('Glass',$,#1143,$,'Glass');
#1163=IFCMATERIALCONSTITUENTSET($,$,(#1161,#1162));
#1164=IFCPROPERTYSINGLEVALUE('Reference',$,IFCIDENTIFIER('600 x 1500mm'),$);
#1165=IFCPROPERTYSET('2yGilPbZjj7ngbc8EuPxhv',#18,'Pset_EnvironmentalImpactIndicators',$,(#1164));
#1166=IFCPROPERTYSINGLEVALUE('FireRating',$,IFCLABEL('0.5h'),$);
#1167=IFCPROPERTYSET('0wF6RnXJJqi9DfakTd$3ES',#18,'Pset_WindowCommon',$,(#268,#1164,#1166));
#1168=IFCRELDEFINESBYPROPERTIES('2W82QEpGDVwwBrzjH$dmLd',#18,$,$,(#1160),#1165);
#1169=IFCRELDEFINESBYPROPERTIES('3NDY2bHx2CpPsx8x3Dnjl1',#18,$,$,(#1160),#1167);
#1170=IFCCLASSIFICATIONREFERENCE('https://www.csiresources.org/standards/uniformat','B2020100','Windows',#28,'',$);
#1171=IFCPROPERTYSINGLEVALUE('FireRating',$,IFCLABEL('0.5h'),$);
#1172=IFCPROPERTYSET('0R3WyVkM6KSIXwposN7a9F',#18,'Pset_WindowCommon',$,(#1171));
#1173=IFCAXIS2PLACEMENT3D(#3,$,$);
#1175=IFCCARTESIANPOINT((6.3500000000213,-6.3500000000303));
#1176=IFCCARTESIANPOINT((711.899999999887,-6.3500000000303));
#1177=IFCCARTESIANPOINT((711.899999999887,6.34999999996798));
#1178=IFCCARTESIANPOINT((6.35000000003104,6.34999999996797));
#1179=IFCCARTESIANPOINT((6.35000000003091,261.900000000015));
#1180=IFCCARTESIANPOINT((-6.34999999996431,261.900000000015));
#1181=IFCCARTESIANPOINT((-6.34999999996431,6.3499999999767));
#1182=IFCCARTESIANPOINT((-711.899999999999,6.34999999997668));
#1183=IFCCARTESIANPOINT((-711.899999999999,-6.35000000001263));
#1184=IFCCARTESIANPOINT((-6.34999999997541,-6.35000000001263));
#1185=IFCCARTESIANPOINT((-6.34999999997541,-261.899999999917));
#1186=IFCCARTESIANPOINT((6.3500000000213,-261.899999999917));
#1187=IFCPOLYLINE((#1175,#1176,#1177,#1178,#1179,#1180,#1181,#1182,#1183,#1184,#1185,#1186,#1175));
#1188=IFCARBITRARYCLOSEDPROFILEDEF(.AREA.,'M_Muntin Pattern_2x2',#1187);
#1189=IFCCARTESIANPOINT((0.,-22.2249999999994,711.899999999893));
#1190=IFCAXIS2PLACEMENT3D(#1189,#7,#9);
#1191=IFCEXTRUDEDAREASOLID(#1188,#1190,#9,12.699999999996);
#1192=IFCCARTESIANPOINT((6.35000000000993,-6.35000000002395));
#1193=IFCCARTESIANPOINT((711.899999999987,-6.35000000002395));
#1194=IFCCARTESIANPOINT((711.899999999987,6.34999999997425));
#1195=IFCCARTESIANPOINT((6.35000000001223,6.34999999997425));
#1196=IFCCARTESIANPOINT((6.35000000001209,261.900000000009));
#1197=IFCCARTESIANPOINT((-6.34999999998719,261.900000000009));
#1198=IFCCARTESIANPOINT((-6.34999999998719,6.34999999998274));
#1199=IFCCARTESIANPOINT((-711.900000000032,6.34999999998274));
#1200=IFCCARTESIANPOINT((-711.900000000032,-6.35000000001891));
#1201=IFCCARTESIANPOINT((-6.34999999999057,-6.35000000001891));
#1202=IFCCARTESIANPOINT((-6.34999999999057,-261.899999999923));
#1203=IFCCARTESIANPOINT((6.35000000000993,-261.899999999923));
#1204=IFCPOLYLINE((#1192,#1193,#1194,#1195,#1196,#1197,#1198,#1199,#1200,#1201,#1202,#1203,#1192));
#1205=IFCARBITRARYCLOSEDPROFILEDEF(.AREA.,'M_Muntin Pattern_2x2',#1204);
#1206=IFCCARTESIANPOINT((0.,9.52500000002024,711.90000000003));
#1207=IFCAXIS2PLACEMENT3D(#1206,#7,#9);
#1208=IFCEXTRUDEDAREASOLID(#1205,#1207,#9,12.6999999999961);
#1209=IFCCOLOURRGB($,0.96078431372549,0.96078431372549,0.952941176470588);
#1210=IFCSURFACESTYLERENDERING(#1209,0.,$,$,$,$,IFCNORMALISEDRATIOMEASURE(0.5),IFCSPECULAREXPONENT(128.),.NOTDEFINED.);
#1211=IFCSURFACESTYLE('Clad - White',.BOTH.,(#1210));
#1212=IFCSTYLEDITEM(#1191,(#1211),$);
#1213=IFCSTYLEDITEM(#1208,(#1100),$);
#1214=IFCSHAPEREPRESENTATION(#24,'Body','SweptSolid',(#1191,#1208));
#1215=IFCAXIS2PLACEMENT3D(#3,$,$);
#1216=IFCREPRESENTATIONMAP(#1215,#1214);
#1217=IFCBUILDINGELEMENTPROXYTYPE('11kJIqz$n2Jf_DfJV1SDaG',#18,'M_Muntin Pattern_2x2:M_Muntin Pattern_2x2',$,$,$,(#1216),'1514602',$,.NOTDEFINED.);
#1218=IFCMATERIAL('Clad - White',$,'Wood');
#1219=IFCCOLOURRGB($,0.,0.,0.);
#1220=IFCDRAUGHTINGPREDEFINEDCURVEFONT('continuous');
#1221=IFCCURVESTYLE($,#1220,$,#1219,$);
#1222=IFCFILLAREASTYLEHATCHING(#1221,IFCPOSITIVELENGTHMEASURE(230.),$,#4,45.);
#1223=IFCFILLAREASTYLE('Wood - Finish',(#1222),$);
#1224=IFCSTYLEDITEM($,(#1211,#1223),$);
#1225=IFCSTYLEDREPRESENTATION(#22,'Style','Material and Cut Pattern',(#1224));
#1226=IFCMATERIALDEFINITIONREPRESENTATION($,$,(#1225),#1218);
#1227=IFCMATERIALCONSTITUENT('Clad - White',$,#1218,$,'Wood');
#1228=IFCSHAPEREPRESENTATION(#24,'Body','SweptSolid',(#1191));
#1229=IFCSHAPEASPECT((#1228),'Clad - White',$,.U.,#1216);
#1230=IFCMATERIALCONSTITUENT('Wood - Stained',$,#1122,$,'Wood');
#1231=IFCSHAPEREPRESENTATION(#24,'Body','SweptSolid',(#1208));
#1232=IFCSHAPEASPECT((#1231),'Wood - Stained',$,.U.,#1216);
#1233=IFCMATERIALCONSTITUENTSET($,$,(#1227,#1230));
#1234=IFCMAPPEDITEM(#1216,#585);
#1235=IFCSHAPEREPRESENTATION(#24,'Body','MappedRepresentation',(#1234));
#1236=IFCPRODUCTDEFINITIONSHAPE($,$,(#1235));
#1237=IFCCARTESIANPOINT((29390.475,10800.,938.100000000037));
#1238=IFCAXIS2PLACEMENT3D(#1237,#9,#7);
#1239=IFCLOCALPLACEMENT(#34,#1238);
#1240=IFCBUILDINGELEMENTPROXY('11kJIqz$n2Jf_DfJV1SDbP',#18,'M_Muntin Pattern_2x2:M_Muntin Pattern_2x2:1601214',$,'M_Muntin Pattern_2x2:M_Muntin Pattern_2x2',#1239,#1236,'1601214',.NOTDEFINED.);
#1241=IFCMATERIALCONSTITUENT('Clad - White',$,#1218,$,'Wood');
#1242=IFCMATERIALCONSTITUENT('Wood - Stained',$,#1122,$,'Wood');
#1243=IFCMATERIALCONSTITUENTSET($,$,(#1241,#1242));
#1244=IFCPROPERTYSINGLEVALUE('Reference',$,IFCIDENTIFIER('M_Muntin Pattern_2x2'),$);
#1245=IFCPROPERTYSET('1A5eI2vlk_uMFXHgaHkPJg',#18,'Pset_BuildingElementProxyCommon',$,(#45,#1244));
#1246=IFCPROPERTYSET('1lpxTaV6QPPia3nYxZIpN$',#18,'Pset_EnvironmentalImpactIndicators',$,(#1244));
#1247=IFCRELDEFINESBYPROPERTIES('1aQjdP9mntZsTXuDfOog8l',#18,$,$,(#1240),#1245);
#1248=IFCRELDEFINESBYPROPERTIES('1jFLTcvevu0VHMpemKQ$Fq',#18,$,$,(#1240),#1246);
#1249=IFCAXIS2PLACEMENT3D(#3,$,$);
#1251=IFCCARTESIANPOINT((-2.8421709430404E-14,1.36779476633819E-13));
#1252=IFCAXIS2PLACEMENT2D(#1251,#11);
#1253=IFCRECTANGLEPROFILEDEF(.AREA.,'with Sill',#1252,719.999999999999,60.0000000000002);
#1254=IFCCARTESIANPOINT((0.,-1550.43237088473,0.));
#1255=IFCAXIS2PLACEMENT3D(#1254,#9,#6);
#1256=IFCEXTRUDEDAREASOLID(#1253,#1255,#9,19.05);
#1257=IFCCARTESIANPOINT((-19.0499999999924,-15.2395991020629));
#1258=IFCCARTESIANPOINT((0.,-15.2395991020629));
#1259=IFCCARTESIANPOINT((0.,-5.67196998677784));
#1260=IFCCARTESIANPOINT((19.0499999999711,-5.67196998677784));
#1261=IFCCARTESIANPOINT((19.0499999999711,14.7604008979359));
#1262=IFCCARTESIANPOINT((0.,14.7604008979359));
#1263=IFCCARTESIANPOINT((-19.0499999999924,12.3023363818102));
#1264=IFCPOLYLINE((#1257,#1258,#1259,#1260,#1261,#1262,#1263,#1257));
#1265=IFCARBITRARYCLOSEDPROFILEDEF(.AREA.,'with Sill',#1264);
#1266=IFCCARTESIANPOINT((-372.699999999993,-1514.76040089794,19.049999999973));
#1267=IFCAXIS2PLACEMENT3D(#1266,#5,#10);
#1268=IFCEXTRUDEDAREASOLID(#1265,#1267,#9,745.400000000006);
#1269=IFCCARTESIANPOINT((-795.,-360.));
#1270=IFCCARTESIANPOINT((765.,-360.));
#1271=IFCCARTESIANPOINT((765.,-300.));
#1272=IFCCARTESIANPOINT((-735.,-300.));
#1273=IFCCARTESIANPOINT((-735.,300.));
#1274=IFCCARTESIANPOINT((765.,300.));
#1275=IFCCARTESIANPOINT((765.,360.));
#1276=IFCCARTESIANPOINT((-795.,360.));
#1277=IFCPOLYLINE((#1269,#1270,#1271,#1272,#1273,#1274,#1275,#1276,#1269));
#1278=IFCARBITRARYCLOSEDPROFILEDEF(.AREA.,'with Sill',#1277);
#1279=IFCCARTESIANPOINT((0.,-735.,0.));
#1280=IFCAXIS2PLACEMENT3D(#1279,#9,#8);
#1281=IFCEXTRUDEDAREASOLID(#1278,#1280,#9,19.05);
#1282=IFCSTYLEDITEM(#1256,(#1211),$);
#1283=IFCSTYLEDITEM(#1268,(#1211),$);
#1284=IFCSTYLEDITEM(#1281,(#1211),$);
#1285=IFCSHAPEREPRESENTATION(#24,'Body','SweptSolid',(#1256,#1268,#1281));
#1286=IFCAXIS2PLACEMENT3D(#3,$,$);
#1287=IFCREPRESENTATIONMAP(#1286,#1285);
#1288=IFCBUILDINGELEMENTPROXYTYPE('11kJIqz$n2Jf_DfJV1SDaV',#18,'M_Trim-Window-Exterior-Flat:with Sill',$,$,$,(#1287),'1514612',$,.NOTDEFINED.);
#1289=IFCMAPPEDITEM(#1287,#585);
#1290=IFCSHAPEREPRESENTATION(#24,'Body','MappedRepresentation',(#1289));
#1291=IFCPRODUCTDEFINITIONSHAPE($,$,(#1290));
#1292=IFCCARTESIANPOINT((29400.,10800.,2400.));
#1293=IFCAXIS2PLACEMENT3D(#1292,#5,#7);
#1294=IFCLOCALPLACEMENT(#34,#1293);
#1295=IFCBUILDINGELEMENTPROXY('11kJIqz$n2Jf_DfJV1SDbO',#18,'M_Trim-Window-Exterior-Flat:with Sill:1601215',$,'M_Trim-Window-Exterior-Flat:with Sill',#1294,#1291,'1601215',.NOTDEFINED.);
#1296=IFCPROPERTYSINGLEVALUE('Reference',$,IFCIDENTIFIER('with Sill'),$);
#1297=IFCPROPERTYSET('2vZKuGXRX6PvPpXIKiZA0q',#18,'Pset_BuildingElementProxyCommon',$,(#45,#1296));
#1298=IFCPROPERTYSET('0Nsro8wjmd7y6hx1F_$_uV',#18,'Pset_EnvironmentalImpactIndicators',$,(#1296));
#1299=IFCRELDEFINESBYPROPERTIES('2xBN42LwZ30RWD2KfIwDpc',#18,$,$,(#1295),#1297);
#1300=IFCRELDEFINESBYPROPERTIES('1oL13UnAmZ_kXUg7lTVZgU',#18,$,$,(#1295),#1298);
#1301=IFCAXIS2PLACEMENT3D(#3,$,$);
#1303=IFCCARTESIANPOINT((-347.299999999999,-797.299999999994));
#1304=IFCCARTESIANPOINT((347.299999999999,-797.299999999994));
#1305=IFCCARTESIANPOINT((347.299999999999,797.299999999994));
#1306=IFCCARTESIANPOINT((-347.299999999999,797.299999999994));
#1307=IFCPOLYLINE((#1303,#1304,#1305,#1306,#1303));
#1308=IFCCARTESIANPOINT((-287.300000000002,-737.299999999992));
#1309=IFCCARTESIANPOINT((-287.300000000002,737.299999999992));
#1310=IFCCARTESIANPOINT((287.299999999998,737.299999999992));
#1311=IFCCARTESIANPOINT((287.299999999998,-737.299999999992));
#1312=IFCPOLYLINE((#1308,#1309,#1310,#1311,#1308));
#1313=IFCARBITRARYPROFILEDEFWITHVOIDS(.AREA.,'Picture Frame',#1307,(#1312));
#1314=IFCCARTESIANPOINT((0.,-750.,0.));
#1315=IFCAXIS2PLACEMENT3D(#1314,#9,#6);
#1316=IFCEXTRUDEDAREASOLID(#1313,#1315,#9,30.);
#1317=IFCSTYLEDITEM(#1316,(#1100),$);
#1318=IFCSHAPEREPRESENTATION(#24,'Body','SweptSolid',(#1316));
#1319=IFCAXIS2PLACEMENT3D(#3,$,$);
#1320=IFCREPRESENTATIONMAP(#1319,#1318);
#1321=IFCBUILDINGELEMENTPROXYTYPE('11kJIqz$n2Jf_DfJV1SDaU',#18,'M_Trim-Window-Interior-Flat:Picture Frame',$,$,$,(#1320),'1514622',$,.NOTDEFINED.);
#1322=IFCMAPPEDITEM(#1320,#585);
#1323=IFCSHAPEREPRESENTATION(#24,'Body','MappedRepresentation',(#1322));
#1324=IFCPRODUCTDEFINITIONSHAPE($,$,(#1323));
#1325=IFCCARTESIANPOINT((29200.,10800.,2400.));
#1326=IFCAXIS2PLACEMENT3D(#1325,#6,#8);
#1328=IFCCARTESIANPOINT((29200.,10800.,2400.));
#1329=IFCAXIS2PLACEMENT3D(#1328,#6,#8);
#1330=IFCLOCALPLACEMENT(#202,#1329);
#1331=IFCBUILDINGELEMENTPROXY('11kJIqz$n2Jf_DfJV1SDad',#18,'M_Trim-Window-Interior-Flat:Picture Frame:1601216',$,'M_Trim-Window-Interior-Flat:Picture Frame',#1330,#1324,'1601216',.NOTDEFINED.);
#1332=IFCPROPERTYSINGLEVALUE('Reference',$,IFCIDENTIFIER('Picture Frame'),$);
#1333=IFCPROPERTYSET('0QWF0ZtZnCen$xoj56KIoG',#18,'Pset_BuildingElementProxyCommon',$,(#45,#1332));
#1334=IFCPROPERTYSET('0QBr5utRBIFf9JJ3X5iGRu',#18,'Pset_EnvironmentalImpactIndicators',$,(#1332));
#1335=IFCRELDEFINESBYPROPERTIES('3ayj6Ra4ysczA$cwlPbHia',#18,$,$,(#1331),#1333);
#1336=IFCRELDEFINESBYPROPERTIES('1uO1dyZbUkVgUuBw0ZExY9',#18,$,$,(#1331),#1334);
#1337=IFCCARTESIANPOINT((29200.,6600.,0.));
#1338=IFCAXIS2PLACEMENT3D(#1337,#9,#6);
#1339=IFCLOCALPLACEMENT(#34,#1338);
#1340=IFCCARTESIANPOINT((10000.,0.));
#1341=IFCPOLYLINE((#4,#1340));
#1342=IFCSHAPEREPRESENTATION(#23,'Axis','Curve2D',(#1341));
#1343=IFCCARTESIANPOINT((5000.,0.));
#1344=IFCAXIS2PLACEMENT2D(#1343,#11);
#1345=IFCRECTANGLEPROFILEDEF(.AREA.,$,#1344,10000.,200.);
#1346=IFCAXIS2PLACEMENT3D(#3,$,$);
#1347=IFCEXTRUDEDAREASOLID(#1345,#1346,#9,3600.);
#1348=IFCSTYLEDITEM(#1347,(#252),$);
#1349=IFCSHAPEREPRESENTATION(#24,'Body','SweptSolid',(#1347));
#1350=IFCPRODUCTDEFINITIONSHAPE($,$,(#1342,#1349));
#1351=IFCWALL('11kJIqz$n2Jf_DfJV1SDYu',#18,'Basic Wall:Generic - 200mm:1601375',$,'Basic Wall:Generic - 200mm',#1339,#1350,'1601375',.NOTDEFINED.);
#1352=IFCPROPERTYSET('0NgvdsmIMDMZmFFeoAt5bv',#18,'Pset_EnvironmentalImpactIndicators',$,(#264));
#1353=IFCPROPERTYSINGLEVALUE('Reference',$,IFCLABEL('Generic - 200mm'),$);
#1354=IFCPROPERTYSET('3GJ_YI9qWBjQoVRBusH7xq',#18,'Pset_ReinforcementBarPitchOfWall',$,(#1353));
#1355=IFCPROPERTYSET('2TQWTaydQmqgc1FuRGxD92',#18,'Pset_WallCommon',$,(#264,#268,#269,#270));
#1356=IFCRELDEFINESBYPROPERTIES('2OJ3xR1ymxpX2VeCVND95g',#18,$,$,(#1351),#1352);
#1357=IFCRELDEFINESBYPROPERTIES('2IWC7I61zdl2ifrQf$$ifY',#18,$,$,(#1351),#1354);
#1358=IFCRELDEFINESBYPROPERTIES('2H4WFIAm6nU4feHJp$QqnG',#18,$,$,(#1351),#1355);
#1359=IFCCARTESIANPOINT((115.009374999985,122.,1000.));
#1360=IFCCARTESIANPOINT((115.350116737095,122.,1002.58819045103));
#1361=IFCCARTESIANPOINT((116.349120962141,122.,1005.));
#1362=IFCCARTESIANPOINT((117.93830718812,122.,1007.07106781187));
#1363=IFCCARTESIANPOINT((120.009374999986,122.,1008.66025403784));
#1364=IFCCARTESIANPOINT((122.42118454896,122.,1009.65925826289));
#1365=IFCCARTESIANPOINT((125.009374999986,122.,1010.));
#1366=IFCCARTESIANPOINT((127.597565451011,122.,1009.65925826289));
#1367=IFCCARTESIANPOINT((130.009374999986,122.,1008.66025403784));
#1368=IFCCARTESIANPOINT((132.080442811851,122.,1007.07106781187));
#1369=IFCCARTESIANPOINT((133.66962903783,122.,1005.));
#1370=IFCCARTESIANPOINT((134.668633262876,122.,1002.58819045103));
#1371=IFCCARTESIANPOINT((135.009374999986,122.,1000.));
#1372=IFCCARTESIANPOINT((134.668633262876,122.,997.411809548974));
#1373=IFCCARTESIANPOINT((133.66962903783,122.,995.));
#1374=IFCCARTESIANPOINT((132.080442811851,122.,992.928932188134));
#1375=IFCCARTESIANPOINT((130.009374999985,122.,991.339745962155));
#1376=IFCCARTESIANPOINT((127.597565451011,122.,990.340741737109));
#1377=IFCCARTESIANPOINT((125.009374999985,122.,990.));
#1378=IFCCARTESIANPOINT((122.42118454896,122.,990.340741737109));
#1379=IFCCARTESIANPOINT((120.009374999985,122.,991.339745962156));
#1380=IFCCARTESIANPOINT((117.93830718812,122.,992.928932188135));
#1381=IFCCARTESIANPOINT((116.349120962141,122.,995.));
#1382=IFCCARTESIANPOINT((115.350116737095,122.,997.411809548975));
#1383=IFCCARTESIANPOINT((135.009374999986,92.,1000.));
#1384=IFCCARTESIANPOINT((134.668633262876,92.,997.411809548974));
#1385=IFCCARTESIANPOINT((133.66962903783,92.,995.));
#1386=IFCCARTESIANPOINT((132.080442811851,92.,992.928932188134));
#1387=IFCCARTESIANPOINT((130.009374999985,92.,991.339745962155));
#1388=IFCCARTESIANPOINT((127.597565451011,92.,990.340741737109));
#1389=IFCCARTESIANPOINT((125.009374999985,92.,990.));
#1390=IFCCARTESIANPOINT((122.42118454896,92.,990.340741737109));
#1391=IFCCARTESIANPOINT((120.009374999985,92.,991.339745962156));
#1392=IFCCARTESIANPOINT((117.93830718812,92.,992.928932188135));
#1393=IFCCARTESIANPOINT((116.349120962141,92.,995.));
#1394=IFCCARTESIANPOINT((115.350116737095,92.,997.411809548975));
#1395=IFCCARTESIANPOINT((115.009374999985,92.,1000.));
#1396=IFCCARTESIANPOINT((115.350116737095,92.,1002.58819045103));
#1397=IFCCARTESIANPOINT((116.349120962141,92.,1005.));
#1398=IFCCARTESIANPOINT((117.93830718812,92.,1007.07106781187));
#1399=IFCCARTESIANPOINT((120.009374999986,92.,1008.66025403784));
#1400=IFCCARTESIANPOINT((122.42118454896,92.,1009.65925826289));
#1401=IFCCARTESIANPOINT((125.009374999986,92.,1010.));
#1402=IFCCARTESIANPOINT((127.597565451011,92.,1009.65925826289));
#1403=IFCCARTESIANPOINT((130.009374999986,92.,1008.66025403784));
#1404=IFCCARTESIANPOINT((132.080442811851,92.,1007.07106781187));
#1405=IFCCARTESIANPOINT((133.66962903783,92.,1005.));
#1406=IFCCARTESIANPOINT((134.668633262876,92.,1002.58819045103));
#1407=IFCCARTESIANPOINT((140.009374999993,87.,1000.));
#1408=IFCCARTESIANPOINT((140.009374999993,86.6592582628897,997.411809548974));
#1409=IFCCARTESIANPOINT((140.009374999993,85.6602540378433,995.));
#1410=IFCCARTESIANPOINT((140.009374999993,84.0710678118644,992.928932188134));
#1411=IFCCARTESIANPOINT((140.009374999993,82.,991.339745962155));
#1412=IFCCARTESIANPOINT((140.009374999993,79.588190451024,990.340741737109));
#1413=IFCCARTESIANPOINT((140.009374999993,77.,990.));
#1414=IFCCARTESIANPOINT((140.009374999993,74.4118095489736,990.340741737109));
#1415=IFCCARTESIANPOINT((140.009374999993,72.,991.339745962155));
#1416=IFCCARTESIANPOINT((140.009374999993,69.9289321881333,992.928932188134));
#1417=IFCCARTESIANPOINT((140.009374999993,68.3397459621544,995.));
#1418=IFCCARTESIANPOINT((140.009374999993,67.3407417371081,997.411809548975));
#1419=IFCCARTESIANPOINT((140.009374999993,67.,1000.));
#1420=IFCCARTESIANPOINT((127.509374999989,70.3493649053888,1000.));
#1421=IFCCARTESIANPOINT((118.358739905375,79.5000000000024,1000.));
#1422=IFCCARTESIANPOINT((136.473841094055,88.4644660940683,1000.));
#1423=IFCCARTESIANPOINT((133.643177218647,68.7058175543672,1000.));
#1424=IFCCARTESIANPOINT((116.71519254347,85.6338022592798,1000.));
#1425=IFCCARTESIANPOINT((136.82627610932,67.852908777183,1000.));
#1426=IFCCARTESIANPOINT((115.862283771728,88.8169011296429,1000.));
#1427=IFCCARTESIANPOINT((138.417825554656,67.4264543885909,1000.));
#1428=IFCCARTESIANPOINT((115.435829385857,90.4084505648245,1000.));
#1429=IFCCARTESIANPOINT((122.934057452682,74.9246824526956,1000.));
#1430=IFCCARTESIANPOINT((130.471703104851,78.2470849533066,990.151922655303));
#1431=IFCCARTESIANPOINT((126.25646058812,82.4623288301937,990.151922490436));
#1432=IFCCARTESIANPOINT((117.536966224423,82.5669011296411,1000.));
#1433=IFCCARTESIANPOINT((132.998757190759,73.3296236817093,991.307206842549));
#1434=IFCCARTESIANPOINT((123.974288286306,85.4161244128922,990.276218677195));
#1435=IFCCARTESIANPOINT((119.981037259589,86.0398644793722,991.923303103072));
#1436=IFCCARTESIANPOINT((135.990917462118,84.6236306345224,992.487405404095));
#1437=IFCCARTESIANPOINT((132.633005341928,87.981542384883,992.487405145908));
#1438=IFCCARTESIANPOINT((131.50809206712,83.4987174053894,990.453520847801));
#1439=IFCCARTESIANPOINT((125.088865361315,77.3282381304693,991.94476265457));
#1440=IFCCARTESIANPOINT((130.576276109318,69.527591229878,1000.));
#1441=IFCCARTESIANPOINT((125.221716226336,72.6370236790422,1000.));
#1442=IFCCARTESIANPOINT((120.646398679029,77.212341226349,1000.));
#1443=IFCCARTESIANPOINT((140.009374999993,67.3407417371081,1002.58819045103));
#1444=IFCCARTESIANPOINT((140.009374999993,68.3397459621545,1005.));
#1445=IFCCARTESIANPOINT((140.009374999993,69.9289321881334,1007.07106781187));
#1446=IFCCARTESIANPOINT((140.009374999993,72.,1008.66025403784));
#1447=IFCCARTESIANPOINT((140.009374999993,74.4118095489737,1009.65925826289));
#1448=IFCCARTESIANPOINT((140.009374999993,77.,1010.));
#1449=IFCCARTESIANPOINT((140.009374999993,79.5881904510242,1009.65925826289));
#1450=IFCCARTESIANPOINT((140.009374999993,82.,1008.66025403784));
#1451=IFCCARTESIANPOINT((140.009374999993,84.0710678118645,1007.07106781187));
#1452=IFCCARTESIANPOINT((140.009374999993,85.6602540378434,1005.));
#1453=IFCCARTESIANPOINT((140.009374999993,86.6592582628897,1002.58819045102));
#1454=IFCCARTESIANPOINT((126.256460588008,82.4623288300743,1009.84807750954));
#1455=IFCCARTESIANPOINT((130.471703104392,78.2470849531965,1009.84807734463));
#1456=IFCCARTESIANPOINT((132.998757190675,73.3296236816736,1008.69279315741));
#1457=IFCCARTESIANPOINT((123.974288286286,85.4161244128632,1009.7237813228));
#1458=IFCCARTESIANPOINT((119.981037259583,86.0398644793515,1008.07669689692));
#1459=IFCCARTESIANPOINT((132.63300534186,87.9815423848418,1007.51259485416));
#1460=IFCCARTESIANPOINT((135.990917462128,84.6236306345283,1007.5125945959));
#1461=IFCCARTESIANPOINT((131.508092066728,83.4987174050488,1009.54647915236));
#1462=IFCCARTESIANPOINT((125.33761273707,77.0794906942541,1008.05523731716));
#1463=IFCCARTESIANPOINT((245.009375,67.,1000.));
#1464=IFCCARTESIANPOINT((245.009375,67.3407417371082,997.411809548974));
#1465=IFCCARTESIANPOINT((245.009375,68.3397459621545,995.));
#1466=IFCCARTESIANPOINT((245.009375,69.9289321881334,992.928932188134));
#1467=IFCCARTESIANPOINT((245.009375,72.,991.339745962155));
#1468=IFCCARTESIANPOINT((245.009375,74.4118095489736,990.340741737109));
#1469=IFCCARTESIANPOINT((245.009375,77.,990.));
#1470=IFCCARTESIANPOINT((245.009375,79.5881904510241,990.340741737109));
#1471=IFCCARTESIANPOINT((245.009375,82.,991.339745962155));
#1472=IFCCARTESIANPOINT((245.009375,84.0710678118645,992.928932188134));
#1473=IFCCARTESIANPOINT((245.009375,85.6602540378434,995.));
#1474=IFCCARTESIANPOINT((245.009375,86.6592582628897,997.411809548974));
#1475=IFCCARTESIANPOINT((245.009375,87.,1000.));
#1476=IFCCARTESIANPOINT((245.009375,86.6592582628898,1002.58819045102));
#1477=IFCCARTESIANPOINT((245.009375,85.6602540378435,1005.));
#1478=IFCCARTESIANPOINT((245.009375,84.0710678118646,1007.07106781187));
#1479=IFCCARTESIANPOINT((245.009375,82.,1008.66025403784));
#1480=IFCCARTESIANPOINT((245.009375,79.5881904510242,1009.65925826289));
#1481=IFCCARTESIANPOINT((245.009375,77.,1010.));
#1482=IFCCARTESIANPOINT((245.009375,74.4118095489738,1009.65925826289));
#1483=IFCCARTESIANPOINT((245.009375,72.,1008.66025403784));
#1484=IFCCARTESIANPOINT((245.009375,69.9289321881335,1007.07106781187));
#1485=IFCCARTESIANPOINT((245.009375,68.3397459621545,1005.));
#1486=IFCCARTESIANPOINT((245.009375,67.3407417371082,1002.58819045102));
#1487=IFCPOLYLOOP((#1380,#1381,#1382,#1359,#1360,#1361,#1362,#1363,#1364,#1365,#1366,#1367,#1368,#1369,#1370,#1371,#1372,#1373,#1374,#1375,#1376,#1377,#1378,#1379));
#1488=IFCFACEOUTERBOUND(#1487,.T.);
#1489=IFCFACE((#1488));
#1490=IFCPOLYLOOP((#1395,#1359,#1382,#1394));
#1491=IFCFACEOUTERBOUND(#1490,.T.);
#1492=IFCFACE((#1491));
#1493=IFCPOLYLOOP((#1394,#1382,#1381,#1393));
#1494=IFCFACEOUTERBOUND(#1493,.T.);
#1495=IFCFACE((#1494));
#1496=IFCPOLYLOOP((#1391,#1392,#1380,#1379));
#1497=IFCFACEOUTERBOUND(#1496,.T.);
#1498=IFCFACE((#1497));
#1499=IFCPOLYLOOP((#1381,#1380,#1392,#1393));
#1500=IFCFACEOUTERBOUND(#1499,.T.);
#1501=IFCFACE((#1500));
#1502=IFCPOLYLOOP((#1390,#1391,#1379,#1378));
#1503=IFCFACEOUTERBOUND(#1502,.T.);
#1504=IFCFACE((#1503));
#1505=IFCPOLYLOOP((#1377,#1389,#1390,#1378));
#1506=IFCFACEOUTERBOUND(#1505,.T.);
#1507=IFCFACE((#1506));
#1508=IFCPOLYLOOP((#1388,#1376,#1375,#1387));
#1509=IFCFACEOUTERBOUND(#1508,.T.);
#1510=IFCFACE((#1509));
#1511=IFCPOLYLOOP((#1387,#1375,#1374,#1386));
#1512=IFCFACEOUTERBOUND(#1511,.T.);
#1513=IFCFACE((#1512));
#1514=IFCPOLYLOOP((#1384,#1385,#1373,#1372));
#1515=IFCFACEOUTERBOUND(#1514,.T.);
#1516=IFCFACE((#1515));
#1517=IFCPOLYLOOP((#1374,#1373,#1385,#1386));
#1518=IFCFACEOUTERBOUND(#1517,.T.);
#1519=IFCFACE((#1518));
#1520=IFCPOLYLOOP((#1383,#1384,#1372,#1371));
#1521=IFCFACEOUTERBOUND(#1520,.T.);
#1522=IFCFACE((#1521));
#1523=IFCPOLYLOOP((#1388,#1389,#1377,#1376));
#1524=IFCFACEOUTERBOUND(#1523,.T.);
#1525=IFCFACE((#1524));
#1526=IFCPOLYLOOP((#1383,#1371,#1370,#1406));
#1527=IFCFACEOUTERBOUND(#1526,.T.);
#1528=IFCFACE((#1527));
#1529=IFCPOLYLOOP((#1406,#1370,#1369,#1405));
#1530=IFCFACEOUTERBOUND(#1529,.T.);
#1531=IFCFACE((#1530));
#1532=IFCPOLYLOOP((#1403,#1404,#1368,#1367));
#1533=IFCFACEOUTERBOUND(#1532,.T.);
#1534=IFCFACE((#1533));
#1535=IFCPOLYLOOP((#1369,#1368,#1404,#1405));
#1536=IFCFACEOUTERBOUND(#1535,.T.);
#1537=IFCFACE((#1536));
#1538=IFCPOLYLOOP((#1402,#1403,#1367,#1366));
#1539=IFCFACEOUTERBOUND(#1538,.T.);
#1540=IFCFACE((#1539));
#1541=IFCPOLYLOOP((#1365,#1401,#1402,#1366));
#1542=IFCFACEOUTERBOUND(#1541,.T.);
#1543=IFCFACE((#1542));
#1544=IFCPOLYLOOP((#1400,#1364,#1363,#1399));
#1545=IFCFACEOUTERBOUND(#1544,.T.);
#1546=IFCFACE((#1545));
#1547=IFCPOLYLOOP((#1399,#1363,#1362,#1398));
#1548=IFCFACEOUTERBOUND(#1547,.T.);
#1549=IFCFACE((#1548));
#1550=IFCPOLYLOOP((#1396,#1397,#1361,#1360));
#1551=IFCFACEOUTERBOUND(#1550,.T.);
#1552=IFCFACE((#1551));
#1553=IFCPOLYLOOP((#1362,#1361,#1397,#1398));
#1554=IFCFACEOUTERBOUND(#1553,.T.);
#1555=IFCFACE((#1554));
#1556=IFCPOLYLOOP((#1395,#1396,#1360,#1359));
#1557=IFCFACEOUTERBOUND(#1556,.T.);
#1558=IFCFACE((#1557));
#1559=IFCPOLYLOOP((#1400,#1401,#1365,#1364));
#1560=IFCFACEOUTERBOUND(#1559,.T.);
#1561=IFCFACE((#1560));
#1562=IFCPOLYLOOP((#1393,#1428,#1394));
#1563=IFCFACEOUTERBOUND(#1562,.T.);
#1564=IFCFACE((#1563));
#1565=IFCPOLYLOOP((#1424,#1390,#1435));
#1566=IFCFACEOUTERBOUND(#1565,.T.);
#1567=IFCFACE((#1566));
#1568=IFCPOLYLOOP((#1437,#1431,#1434));
#1569=IFCFACEOUTERBOUND(#1568,.T.);
#1570=IFCFACE((#1569));
#1571=IFCPOLYLOOP((#1435,#1421,#1432,#1424));
#1572=IFCFACEOUTERBOUND(#1571,.T.);
#1573=IFCFACE((#1572));
#1574=IFCPOLYLOOP((#1392,#1391,#1424));
#1575=IFCFACEOUTERBOUND(#1574,.T.);
#1576=IFCFACE((#1575));
#1577=IFCPOLYLOOP((#1392,#1426,#1393));
#1578=IFCFACEOUTERBOUND(#1577,.T.);
#1579=IFCFACE((#1578));
#1580=IFCPOLYLOOP((#1390,#1424,#1391));
#1581=IFCFACEOUTERBOUND(#1580,.T.);
#1582=IFCFACE((#1581));
#1583=IFCPOLYLOOP((#1435,#1434,#1421));
#1584=IFCFACEOUTERBOUND(#1583,.T.);
#1585=IFCFACE((#1584));
#1586=IFCPOLYLOOP((#1388,#1387,#1435));
#1587=IFCFACEOUTERBOUND(#1586,.T.);
#1588=IFCFACE((#1587));
#1589=IFCPOLYLOOP((#1438,#1430,#1439));
#1590=IFCFACEOUTERBOUND(#1589,.T.);
#1591=IFCFACE((#1590));
#1592=IFCPOLYLOOP((#1430,#1433,#1420));
#1593=IFCFACEOUTERBOUND(#1592,.T.);
#1594=IFCFACE((#1593));
#1595=IFCPOLYLOOP((#1390,#1389,#1435));
#1596=IFCFACEOUTERBOUND(#1595,.T.);
#1597=IFCFACE((#1596));
#1598=IFCPOLYLOOP((#1389,#1388,#1435));
#1599=IFCFACEOUTERBOUND(#1598,.T.);
#1600=IFCFACE((#1599));
#1601=IFCPOLYLOOP((#1436,#1422,#1407));
#1602=IFCFACEOUTERBOUND(#1601,.T.);
#1603=IFCFACE((#1602));
#1604=IFCPOLYLOOP((#1434,#1435,#1387));
#1605=IFCFACEOUTERBOUND(#1604,.T.);
#1606=IFCFACE((#1605));
#1607=IFCPOLYLOOP((#1409,#1436,#1408));
#1608=IFCFACEOUTERBOUND(#1607,.T.);
#1609=IFCFACE((#1608));
#1610=IFCPOLYLOOP((#1414,#1423,#1440));
#1611=IFCFACEOUTERBOUND(#1610,.T.);
#1612=IFCFACE((#1611));
#1613=IFCPOLYLOOP((#1418,#1427,#1417));
#1614=IFCFACEOUTERBOUND(#1613,.T.);
#1615=IFCFACE((#1614));
#1616=IFCPOLYLOOP((#1385,#1437,#1434));
#1617=IFCFACEOUTERBOUND(#1616,.T.);
#1618=IFCFACE((#1617));
#1619=IFCPOLYLOOP((#1387,#1386,#1434));
#1620=IFCFACEOUTERBOUND(#1619,.T.);
#1621=IFCFACE((#1620));
#1622=IFCPOLYLOOP((#1438,#1439,#1431));
#1623=IFCFACEOUTERBOUND(#1622,.T.);
#1624=IFCFACE((#1623));
#1625=IFCPOLYLOOP((#1411,#1433,#1410));
#1626=IFCFACEOUTERBOUND(#1625,.T.);
#1627=IFCFACE((#1626));
#1628=IFCPOLYLOOP((#1438,#1437,#1422));
#1629=IFCFACEOUTERBOUND(#1628,.T.);
#1630=IFCFACE((#1629));
#1631=IFCPOLYLOOP((#1439,#1442,#1431));
#1632=IFCFACEOUTERBOUND(#1631,.T.);
#1633=IFCFACE((#1632));
#1634=IFCPOLYLOOP((#1430,#1441,#1439));
#1635=IFCFACEOUTERBOUND(#1634,.T.);
#1636=IFCFACE((#1635));
#1637=IFCPOLYLOOP((#1414,#1415,#1423));
#1638=IFCFACEOUTERBOUND(#1637,.T.);
#1639=IFCFACE((#1638));
#1640=IFCPOLYLOOP((#1438,#1431,#1437));
#1641=IFCFACEOUTERBOUND(#1640,.T.);
#1642=IFCFACE((#1641));
#1643=IFCPOLYLOOP((#1433,#1413,#1440));
#1644=IFCFACEOUTERBOUND(#1643,.T.);
#1645=IFCFACE((#1644));
#1646=IFCPOLYLOOP((#1440,#1413,#1414));
#1647=IFCFACEOUTERBOUND(#1646,.T.);
#1648=IFCFACE((#1647));
#1649=IFCPOLYLOOP((#1423,#1416,#1425));
#1650=IFCFACEOUTERBOUND(#1649,.T.);
#1651=IFCFACE((#1650));
#1652=IFCPOLYLOOP((#1441,#1430,#1420));
#1653=IFCFACEOUTERBOUND(#1652,.T.);
#1654=IFCFACE((#1653));
#1655=IFCPOLYLOOP((#1415,#1416,#1423));
#1656=IFCFACEOUTERBOUND(#1655,.T.);
#1657=IFCFACE((#1656));
#1658=IFCPOLYLOOP((#1440,#1420,#1433));
#1659=IFCFACEOUTERBOUND(#1658,.T.);
#1660=IFCFACE((#1659));
#1661=IFCPOLYLOOP((#1419,#1427,#1418));
#1662=IFCFACEOUTERBOUND(#1661,.T.);
#1663=IFCFACE((#1662));
#1664=IFCPOLYLOOP((#1438,#1436,#1430));
#1665=IFCFACEOUTERBOUND(#1664,.T.);
#1666=IFCFACE((#1665));
#1667=IFCPOLYLOOP((#1431,#1442,#1434));
#1668=IFCFACEOUTERBOUND(#1667,.T.);
#1669=IFCFACE((#1668));
#1670=IFCPOLYLOOP((#1416,#1417,#1425));
#1671=IFCFACEOUTERBOUND(#1670,.T.);
#1672=IFCFACE((#1671));
#1673=IFCPOLYLOOP((#1384,#1383,#1437));
#1674=IFCFACEOUTERBOUND(#1673,.T.);
#1675=IFCFACE((#1674));
#1676=IFCPOLYLOOP((#1439,#1441,#1429,#1442));
#1677=IFCFACEOUTERBOUND(#1676,.T.);
#1678=IFCFACE((#1677));
#1679=IFCPOLYLOOP((#1430,#1436,#1409));
#1680=IFCFACEOUTERBOUND(#1679,.T.);
#1681=IFCFACE((#1680));
#1682=IFCPOLYLOOP((#1426,#1392,#1424));
#1683=IFCFACEOUTERBOUND(#1682,.T.);
#1684=IFCFACE((#1683));
#1685=IFCPOLYLOOP((#1436,#1407,#1408));
#1686=IFCFACEOUTERBOUND(#1685,.T.);
#1687=IFCFACE((#1686));
#1688=IFCPOLYLOOP((#1428,#1395,#1394));
#1689=IFCFACEOUTERBOUND(#1688,.T.);
#1690=IFCFACE((#1689));
#1691=IFCPOLYLOOP((#1430,#1410,#1433));
#1692=IFCFACEOUTERBOUND(#1691,.T.);
#1693=IFCFACE((#1692));
#1694=IFCPOLYLOOP((#1417,#1427,#1425));
#1695=IFCFACEOUTERBOUND(#1694,.T.);
#1696=IFCFACE((#1695));
#1697=IFCPOLYLOOP((#1430,#1409,#1410));
#1698=IFCFACEOUTERBOUND(#1697,.T.);
#1699=IFCFACE((#1698));
#1700=IFCPOLYLOOP((#1393,#1426,#1428));
#1701=IFCFACEOUTERBOUND(#1700,.T.);
#1702=IFCFACE((#1701));
#1703=IFCPOLYLOOP((#1412,#1433,#1411));
#1704=IFCFACEOUTERBOUND(#1703,.T.);
#1705=IFCFACE((#1704));
#1706=IFCPOLYLOOP((#1433,#1412,#1413));
#1707=IFCFACEOUTERBOUND(#1706,.T.);
#1708=IFCFACE((#1707));
#1709=IFCPOLYLOOP((#1434,#1386,#1385));
#1710=IFCFACEOUTERBOUND(#1709,.T.);
#1711=IFCFACE((#1710));
#1712=IFCPOLYLOOP((#1436,#1438,#1422));
#1713=IFCFACEOUTERBOUND(#1712,.T.);
#1714=IFCFACE((#1713));
#1715=IFCPOLYLOOP((#1437,#1385,#1384));
#1716=IFCFACEOUTERBOUND(#1715,.T.);
#1717=IFCFACE((#1716));
#1718=IFCPOLYLOOP((#1421,#1434,#1442));
#1719=IFCFACEOUTERBOUND(#1718,.T.);
#1720=IFCFACE((#1719));
#1721=IFCPOLYLOOP((#1437,#1383,#1422));
#1722=IFCFACEOUTERBOUND(#1721,.T.);
#1723=IFCFACE((#1722));
#1724=IFCPOLYLOOP((#1424,#1432,#1421,#1458));
#1725=IFCFACEOUTERBOUND(#1724,.T.);
#1726=IFCFACE((#1725));
#1727=IFCPOLYLOOP((#1461,#1459,#1454));
#1728=IFCFACEOUTERBOUND(#1727,.T.);
#1729=IFCFACE((#1728));
#1730=IFCPOLYLOOP((#1460,#1407,#1422));
#1731=IFCFACEOUTERBOUND(#1730,.T.);
#1732=IFCFACE((#1731));
#1733=IFCPOLYLOOP((#1405,#1404,#1457));
#1734=IFCFACEOUTERBOUND(#1733,.T.);
#1735=IFCFACE((#1734));
#1736=IFCPOLYLOOP((#1459,#1457,#1454));
#1737=IFCFACEOUTERBOUND(#1736,.T.);
#1738=IFCFACE((#1737));
#1739=IFCPOLYLOOP((#1460,#1455,#1452));
#1740=IFCFACEOUTERBOUND(#1739,.T.);
#1741=IFCFACE((#1740));
#1742=IFCPOLYLOOP((#1457,#1459,#1405));
#1743=IFCFACEOUTERBOUND(#1742,.T.);
#1744=IFCFACE((#1743));
#1745=IFCPOLYLOOP((#1461,#1454,#1462));
#1746=IFCFACEOUTERBOUND(#1745,.T.);
#1747=IFCFACE((#1746));
#1748=IFCPOLYLOOP((#1405,#1459,#1406));
#1749=IFCFACEOUTERBOUND(#1748,.T.);
#1750=IFCFACE((#1749));
#1751=IFCPOLYLOOP((#1461,#1460,#1422));
#1752=IFCFACEOUTERBOUND(#1751,.T.);
#1753=IFCFACE((#1752));
#1754=IFCPOLYLOOP((#1455,#1461,#1462));
#1755=IFCFACEOUTERBOUND(#1754,.T.);
#1756=IFCFACE((#1755));
#1757=IFCPOLYLOOP((#1453,#1407,#1460));
#1758=IFCFACEOUTERBOUND(#1757,.T.);
#1759=IFCFACE((#1758));
#1760=IFCPOLYLOOP((#1396,#1395,#1428));
#1761=IFCFACEOUTERBOUND(#1760,.T.);
#1762=IFCFACE((#1761));
#1763=IFCPOLYLOOP((#1456,#1455,#1420));
#1764=IFCFACEOUTERBOUND(#1763,.T.);
#1765=IFCFACE((#1764));
#1766=IFCPOLYLOOP((#1456,#1420,#1440));
#1767=IFCFACEOUTERBOUND(#1766,.T.);
#1768=IFCFACE((#1767));
#1769=IFCPOLYLOOP((#1426,#1424,#1398));
#1770=IFCFACEOUTERBOUND(#1769,.T.);
#1771=IFCFACE((#1770));
#1772=IFCPOLYLOOP((#1400,#1458,#1401));
#1773=IFCFACEOUTERBOUND(#1772,.T.);
#1774=IFCFACE((#1773));
#1775=IFCPOLYLOOP((#1441,#1420,#1455));
#1776=IFCFACEOUTERBOUND(#1775,.T.);
#1777=IFCFACE((#1776));
#1778=IFCPOLYLOOP((#1399,#1398,#1424));
#1779=IFCFACEOUTERBOUND(#1778,.T.);
#1780=IFCFACE((#1779));
#1781=IFCPOLYLOOP((#1424,#1400,#1399));
#1782=IFCFACEOUTERBOUND(#1781,.T.);
#1783=IFCFACE((#1782));
#1784=IFCPOLYLOOP((#1421,#1442,#1457));
#1785=IFCFACEOUTERBOUND(#1784,.T.);
#1786=IFCFACE((#1785));
#1787=IFCPOLYLOOP((#1440,#1447,#1448));
#1788=IFCFACEOUTERBOUND(#1787,.T.);
#1789=IFCFACE((#1788));
#1790=IFCPOLYLOOP((#1424,#1458,#1400));
#1791=IFCFACEOUTERBOUND(#1790,.T.);
#1792=IFCFACE((#1791));
#1793=IFCPOLYLOOP((#1455,#1460,#1461));
#1794=IFCFACEOUTERBOUND(#1793,.T.);
#1795=IFCFACE((#1794));
#1796=IFCPOLYLOOP((#1459,#1461,#1422));
#1797=IFCFACEOUTERBOUND(#1796,.T.);
#1798=IFCFACE((#1797));
#1799=IFCPOLYLOOP((#1453,#1460,#1452));
#1800=IFCFACEOUTERBOUND(#1799,.T.);
#1801=IFCFACE((#1800));
#1802=IFCPOLYLOOP((#1451,#1452,#1455));
#1803=IFCFACEOUTERBOUND(#1802,.T.);
#1804=IFCFACE((#1803));
#1805=IFCPOLYLOOP((#1398,#1397,#1426));
#1806=IFCFACEOUTERBOUND(#1805,.T.);
#1807=IFCFACE((#1806));
#1808=IFCPOLYLOOP((#1455,#1462,#1441));
#1809=IFCFACEOUTERBOUND(#1808,.T.);
#1810=IFCFACE((#1809));
#1811=IFCPOLYLOOP((#1459,#1383,#1406));
#1812=IFCFACEOUTERBOUND(#1811,.T.);
#1813=IFCFACE((#1812));
#1814=IFCPOLYLOOP((#1425,#1445,#1423));
#1815=IFCFACEOUTERBOUND(#1814,.T.);
#1816=IFCFACE((#1815));
#1817=IFCPOLYLOOP((#1450,#1456,#1449));
#1818=IFCFACEOUTERBOUND(#1817,.T.);
#1819=IFCFACE((#1818));
#1820=IFCPOLYLOOP((#1444,#1425,#1427));
#1821=IFCFACEOUTERBOUND(#1820,.T.);
#1822=IFCFACE((#1821));
#1823=IFCPOLYLOOP((#1397,#1428,#1426));
#1824=IFCFACEOUTERBOUND(#1823,.T.);
#1825=IFCFACE((#1824));
#1826=IFCPOLYLOOP((#1450,#1451,#1456));
#1827=IFCFACEOUTERBOUND(#1826,.T.);
#1828=IFCFACE((#1827));
#1829=IFCPOLYLOOP((#1427,#1419,#1443));
#1830=IFCFACEOUTERBOUND(#1829,.T.);
#1831=IFCFACE((#1830));
#1832=IFCPOLYLOOP((#1456,#1448,#1449));
#1833=IFCFACEOUTERBOUND(#1832,.T.);
#1834=IFCFACE((#1833));
#1835=IFCPOLYLOOP((#1454,#1442,#1462));
#1836=IFCFACEOUTERBOUND(#1835,.T.);
#1837=IFCFACE((#1836));
#1838=IFCPOLYLOOP((#1462,#1442,#1429,#1441));
#1839=IFCFACEOUTERBOUND(#1838,.T.);
#1840=IFCFACE((#1839));
#1841=IFCPOLYLOOP((#1423,#1445,#1446));
#1842=IFCFACEOUTERBOUND(#1841,.T.);
#1843=IFCFACE((#1842));
#1844=IFCPOLYLOOP((#1446,#1447,#1423));
#1845=IFCFACEOUTERBOUND(#1844,.T.);
#1846=IFCFACE((#1845));
#1847=IFCPOLYLOOP((#1402,#1458,#1403));
#1848=IFCFACEOUTERBOUND(#1847,.T.);
#1849=IFCFACE((#1848));
#1850=IFCPOLYLOOP((#1423,#1447,#1440));
#1851=IFCFACEOUTERBOUND(#1850,.T.);
#1852=IFCFACE((#1851));
#1853=IFCPOLYLOOP((#1427,#1443,#1444));
#1854=IFCFACEOUTERBOUND(#1853,.T.);
#1855=IFCFACE((#1854));
#1856=IFCPOLYLOOP((#1442,#1454,#1457));
#1857=IFCFACEOUTERBOUND(#1856,.T.);
#1858=IFCFACE((#1857));
#1859=IFCPOLYLOOP((#1456,#1440,#1448));
#1860=IFCFACEOUTERBOUND(#1859,.T.);
#1861=IFCFACE((#1860));
#1862=IFCPOLYLOOP((#1402,#1401,#1458));
#1863=IFCFACEOUTERBOUND(#1862,.T.);
#1864=IFCFACE((#1863));
#1865=IFCPOLYLOOP((#1455,#1456,#1451));
#1866=IFCFACEOUTERBOUND(#1865,.T.);
#1867=IFCFACE((#1866));
#1868=IFCPOLYLOOP((#1445,#1425,#1444));
#1869=IFCFACEOUTERBOUND(#1868,.T.);
#1870=IFCFACE((#1869));
#1871=IFCPOLYLOOP((#1396,#1428,#1397));
#1872=IFCFACEOUTERBOUND(#1871,.T.);
#1873=IFCFACE((#1872));
#1874=IFCPOLYLOOP((#1457,#1458,#1421));
#1875=IFCFACEOUTERBOUND(#1874,.T.);
#1876=IFCFACE((#1875));
#1877=IFCPOLYLOOP((#1457,#1404,#1403));
#1878=IFCFACEOUTERBOUND(#1877,.T.);
#1879=IFCFACE((#1878));
#1880=IFCPOLYLOOP((#1459,#1422,#1383));
#1881=IFCFACEOUTERBOUND(#1880,.T.);
#1882=IFCFACE((#1881));
#1883=IFCPOLYLOOP((#1458,#1457,#1403));
#1884=IFCFACEOUTERBOUND(#1883,.T.);
#1885=IFCFACE((#1884));
#1886=IFCPOLYLOOP((#1468,#1469,#1470,#1471,#1472,#1473,#1474,#1475,#1476,#1477,#1478,#1479,#1480,#1481,#1482,#1483,#1484,#1485,#1486,#1463,#1464,#1465,#1466,#1467));
#1887=IFCFACEOUTERBOUND(#1886,.T.);
#1888=IFCFACE((#1887));
#1889=IFCPOLYLOOP((#1463,#1419,#1418,#1464));
#1890=IFCFACEOUTERBOUND(#1889,.T.);
#1891=IFCFACE((#1890));
#1892=IFCPOLYLOOP((#1464,#1418,#1417,#1465));
#1893=IFCFACEOUTERBOUND(#1892,.T.);
#1894=IFCFACE((#1893));
#1895=IFCPOLYLOOP((#1466,#1416,#1415,#1467));
#1896=IFCFACEOUTERBOUND(#1895,.T.);
#1897=IFCFACE((#1896));
#1898=IFCPOLYLOOP((#1465,#1417,#1416,#1466));
#1899=IFCFACEOUTERBOUND(#1898,.T.);
#1900=IFCFACE((#1899));
#1901=IFCPOLYLOOP((#1467,#1415,#1414,#1468));
#1902=IFCFACEOUTERBOUND(#1901,.T.);
#1903=IFCFACE((#1902));
#1904=IFCPOLYLOOP((#1413,#1469,#1468,#1414));
#1905=IFCFACEOUTERBOUND(#1904,.T.);
#1906=IFCFACE((#1905));
#1907=IFCPOLYLOOP((#1411,#1410,#1472,#1471));
#1908=IFCFACEOUTERBOUND(#1907,.T.);
#1909=IFCFACE((#1908));
#1910=IFCPOLYLOOP((#1412,#1411,#1471,#1470));
#1911=IFCFACEOUTERBOUND(#1910,.T.);
#1912=IFCFACE((#1911));
#1913=IFCPOLYLOOP((#1408,#1407,#1475,#1474));
#1914=IFCFACEOUTERBOUND(#1913,.T.);
#1915=IFCFACE((#1914));
#1916=IFCPOLYLOOP((#1409,#1408,#1474,#1473));
#1917=IFCFACEOUTERBOUND(#1916,.T.);
#1918=IFCFACE((#1917));
#1919=IFCPOLYLOOP((#1410,#1409,#1473,#1472));
#1920=IFCFACEOUTERBOUND(#1919,.T.);
#1921=IFCFACE((#1920));
#1922=IFCPOLYLOOP((#1470,#1469,#1413,#1412));
#1923=IFCFACEOUTERBOUND(#1922,.T.);
#1924=IFCFACE((#1923));
#1925=IFCPOLYLOOP((#1476,#1475,#1407,#1453));
#1926=IFCFACEOUTERBOUND(#1925,.T.);
#1927=IFCFACE((#1926));
#1928=IFCPOLYLOOP((#1476,#1453,#1452,#1477));
#1929=IFCFACEOUTERBOUND(#1928,.T.);
#1930=IFCFACE((#1929));
#1931=IFCPOLYLOOP((#1450,#1449,#1480,#1479));
#1932=IFCFACEOUTERBOUND(#1931,.T.);
#1933=IFCFACE((#1932));
#1934=IFCPOLYLOOP((#1451,#1450,#1479,#1478));
#1935=IFCFACEOUTERBOUND(#1934,.T.);
#1936=IFCFACE((#1935));
#1937=IFCPOLYLOOP((#1478,#1477,#1452,#1451));
#1938=IFCFACEOUTERBOUND(#1937,.T.);
#1939=IFCFACE((#1938));
#1940=IFCPOLYLOOP((#1448,#1481,#1480,#1449));
#1941=IFCFACEOUTERBOUND(#1940,.T.);
#1942=IFCFACE((#1941));
#1943=IFCPOLYLOOP((#1445,#1484,#1483,#1446));
#1944=IFCFACEOUTERBOUND(#1943,.T.);
#1945=IFCFACE((#1944));
#1946=IFCPOLYLOOP((#1446,#1483,#1482,#1447));
#1947=IFCFACEOUTERBOUND(#1946,.T.);
#1948=IFCFACE((#1947));
#1949=IFCPOLYLOOP((#1419,#1463,#1486,#1443));
#1950=IFCFACEOUTERBOUND(#1949,.T.);
#1951=IFCFACE((#1950));
#1952=IFCPOLYLOOP((#1444,#1443,#1486,#1485));
#1953=IFCFACEOUTERBOUND(#1952,.T.);
#1954=IFCFACE((#1953));
#1955=IFCPOLYLOOP((#1445,#1444,#1485,#1484));
#1956=IFCFACEOUTERBOUND(#1955,.T.);
#1957=IFCFACE((#1956));
#1958=IFCPOLYLOOP((#1448,#1447,#1482,#1481));
#1959=IFCFACEOUTERBOUND(#1958,.T.);
#1960=IFCFACE((#1959));
#1961=IFCCARTESIANPOINT((92.5093749999857,122.,1000.));
#1962=IFCCARTESIANPOINT((93.5316002113136,122.,992.235428646925));
#1963=IFCCARTESIANPOINT((96.5286128864525,122.,985.));
#1964=IFCCARTESIANPOINT((101.296171564389,122.,978.786796564404));
#1965=IFCCARTESIANPOINT((107.509374999986,122.,974.019237886467));
#1966=IFCCARTESIANPOINT((114.74480364691,122.,971.022225211328));
#1967=IFCCARTESIANPOINT((122.509374999986,122.,970.));
#1968=IFCCARTESIANPOINT((130.273946353061,122.,971.022225211328));
#1969=IFCCARTESIANPOINT((137.509374999986,122.,974.019237886467));
#1970=IFCCARTESIANPOINT((143.722578435582,122.,978.786796564404));
#1971=IFCCARTESIANPOINT((148.490137113519,122.,985.));
#1972=IFCCARTESIANPOINT((151.487149788658,122.,992.235428646925));
#1973=IFCCARTESIANPOINT((152.509374999986,122.,1000.));
#1974=IFCCARTESIANPOINT((151.487149788658,122.,1007.76457135308));
#1975=IFCCARTESIANPOINT((148.490137113519,122.,1015.));
#1976=IFCCARTESIANPOINT((143.722578435582,122.,1021.2132034356));
#1977=IFCCARTESIANPOINT((137.509374999986,122.,1025.98076211353));
#1978=IFCCARTESIANPOINT((130.273946353061,122.,1028.97777478867));
#1979=IFCCARTESIANPOINT((122.509374999986,122.,1030.));
#1980=IFCCARTESIANPOINT((114.74480364691,122.,1028.97777478867));
#1981=IFCCARTESIANPOINT((107.509374999986,122.,1025.98076211353));
#1982=IFCCARTESIANPOINT((101.296171564389,122.,1021.2132034356));
#1983=IFCCARTESIANPOINT((96.5286128864524,122.,1015.));
#1984=IFCCARTESIANPOINT((93.5316002113136,122.,1007.76457135308));
#1985=IFCCARTESIANPOINT((92.5093749999857,130.,1000.));
#1986=IFCCARTESIANPOINT((93.5316002113136,130.,1007.76457135308));
#1987=IFCCARTESIANPOINT((96.5286128864524,130.,1015.));
#1988=IFCCARTESIANPOINT((101.296171564389,130.,1021.2132034356));
#1989=IFCCARTESIANPOINT((107.509374999986,130.,1025.98076211353));
#1990=IFCCARTESIANPOINT((114.74480364691,130.,1028.97777478867));
#1991=IFCCARTESIANPOINT((122.509374999986,130.,1030.));
#1992=IFCCARTESIANPOINT((130.273946353061,130.,1028.97777478867));
#1993=IFCCARTESIANPOINT((137.509374999986,130.,1025.98076211353));
#1994=IFCCARTESIANPOINT((143.722578435582,130.,1021.2132034356));
#1995=IFCCARTESIANPOINT((148.490137113519,130.,1015.));
#1996=IFCCARTESIANPOINT((151.487149788658,130.,1007.76457135308));
#1997=IFCCARTESIANPOINT((152.509374999986,130.,1000.));
#1998=IFCCARTESIANPOINT((151.487149788658,130.,992.235428646925));
#1999=IFCCARTESIANPOINT((148.490137113519,130.,985.));
#2000=IFCCARTESIANPOINT((143.722578435582,130.,978.786796564404));
#2001=IFCCARTESIANPOINT((137.509374999986,130.,974.019237886467));
#2002=IFCCARTESIANPOINT((130.273946353061,130.,971.022225211328));
#2003=IFCCARTESIANPOINT((122.509374999986,130.,970.));
#2004=IFCCARTESIANPOINT((114.74480364691,130.,971.022225211328));
#2005=IFCCARTESIANPOINT((107.509374999986,130.,974.019237886467));
#2006=IFCCARTESIANPOINT((101.296171564389,130.,978.786796564404));
#2007=IFCCARTESIANPOINT((96.5286128864525,130.,985.));
#2008=IFCCARTESIANPOINT((93.5316002113136,130.,992.235428646925));
#2009=IFCPOLYLOOP((#1976,#1977,#1978,#1979,#1980,#1981,#1982,#1983,#1984,#1961,#1962,#1963,#1964,#1965,#1966,#1967,#1968,#1969,#1970,#1971,#1972,#1973,#1974,#1975));
#2010=IFCFACEOUTERBOUND(#2009,.T.);
#2011=IFCFACE((#2010));
#2012=IFCPOLYLOOP((#2003,#2004,#2005,#2006,#2007,#2008,#1985,#1986,#1987,#1988,#1989,#1990,#1991,#1992,#1993,#1994,#1995,#1996,#1997,#1998,#1999,#2000,#2001,#2002));
#2013=IFCFACEOUTERBOUND(#2012,.T.);
#2014=IFCFACE((#2013));
#2015=IFCPOLYLOOP((#1985,#1961,#1984,#1986));
#2016=IFCFACEOUTERBOUND(#2015,.T.);
#2017=IFCFACE((#2016));
#2018=IFCPOLYLOOP((#1986,#1984,#1983,#1987));
#2019=IFCFACEOUTERBOUND(#2018,.T.);
#2020=IFCFACE((#2019));
#2021=IFCPOLYLOOP((#1989,#1988,#1982,#1981));
#2022=IFCFACEOUTERBOUND(#2021,.T.);
#2023=IFCFACE((#2022));
#2024=IFCPOLYLOOP((#1982,#1988,#1987,#1983));
#2025=IFCFACEOUTERBOUND(#2024,.T.);
#2026=IFCFACE((#2025));
#2027=IFCPOLYLOOP((#1990,#1989,#1981,#1980));
#2028=IFCFACEOUTERBOUND(#2027,.T.);
#2029=IFCFACE((#2028));
#2030=IFCPOLYLOOP((#1990,#1980,#1979,#1991));
#2031=IFCFACEOUTERBOUND(#2030,.T.);
#2032=IFCFACE((#2031));
#2033=IFCPOLYLOOP((#1991,#1979,#1978,#1992));
#2034=IFCFACEOUTERBOUND(#2033,.T.);
#2035=IFCFACE((#2034));
#2036=IFCPOLYLOOP((#1992,#1978,#1977,#1993));
#2037=IFCFACEOUTERBOUND(#2036,.T.);
#2038=IFCFACE((#2037));
#2039=IFCPOLYLOOP((#1995,#1994,#1976,#1975));
#2040=IFCFACEOUTERBOUND(#2039,.T.);
#2041=IFCFACE((#2040));
#2042=IFCPOLYLOOP((#1976,#1994,#1993,#1977));
#2043=IFCFACEOUTERBOUND(#2042,.T.);
#2044=IFCFACE((#2043));
#2045=IFCPOLYLOOP((#1996,#1995,#1975,#1974));
#2046=IFCFACEOUTERBOUND(#2045,.T.);
#2047=IFCFACE((#2046));
#2048=IFCPOLYLOOP((#1996,#1974,#1973,#1997));
#2049=IFCFACEOUTERBOUND(#2048,.T.);
#2050=IFCFACE((#2049));
#2051=IFCPOLYLOOP((#1997,#1973,#1972,#1998));
#2052=IFCFACEOUTERBOUND(#2051,.T.);
#2053=IFCFACE((#2052));
#2054=IFCPOLYLOOP((#1998,#1972,#1971,#1999));
#2055=IFCFACEOUTERBOUND(#2054,.T.);
#2056=IFCFACE((#2055));
#2057=IFCPOLYLOOP((#2001,#2000,#1970,#1969));
#2058=IFCFACEOUTERBOUND(#2057,.T.);
#2059=IFCFACE((#2058));
#2060=IFCPOLYLOOP((#1970,#2000,#1999,#1971));
#2061=IFCFACEOUTERBOUND(#2060,.T.);
#2062=IFCFACE((#2061));
#2063=IFCPOLYLOOP((#2002,#2001,#1969,#1968));
#2064=IFCFACEOUTERBOUND(#2063,.T.);
#2065=IFCFACE((#2064));
#2066=IFCPOLYLOOP((#2002,#1968,#1967,#2003));
#2067=IFCFACEOUTERBOUND(#2066,.T.);
#2068=IFCFACE((#2067));
#2069=IFCPOLYLOOP((#2003,#1967,#1966,#2004));
#2070=IFCFACEOUTERBOUND(#2069,.T.);
#2071=IFCFACE((#2070));
#2072=IFCPOLYLOOP((#2004,#1966,#1965,#2005));
#2073=IFCFACEOUTERBOUND(#2072,.T.);
#2074=IFCFACE((#2073));
#2075=IFCPOLYLOOP((#2007,#2006,#1964,#1963));
#2076=IFCFACEOUTERBOUND(#2075,.T.);
#2077=IFCFACE((#2076));
#2078=IFCPOLYLOOP((#1964,#2006,#2005,#1965));
#2079=IFCFACEOUTERBOUND(#2078,.T.);
#2080=IFCFACE((#2079));
#2081=IFCPOLYLOOP((#2008,#2007,#1963,#1962));
#2082=IFCFACEOUTERBOUND(#2081,.T.);
#2083=IFCFACE((#2082));
#2084=IFCPOLYLOOP((#2008,#1962,#1961,#1985));
#2085=IFCFACEOUTERBOUND(#2084,.T.);
#2086=IFCFACE((#2085));
#2087=IFCCARTESIANPOINT((115.009374999985,183.,1000.));
#2088=IFCCARTESIANPOINT((115.350116737095,183.,997.411809548975));
#2089=IFCCARTESIANPOINT((116.349120962141,183.,995.));
#2090=IFCCARTESIANPOINT((117.93830718812,183.,992.928932188135));
#2091=IFCCARTESIANPOINT((120.009374999985,183.,991.339745962156));
#2092=IFCCARTESIANPOINT((122.42118454896,183.,990.340741737109));
#2093=IFCCARTESIANPOINT((125.009374999985,183.,990.));
#2094=IFCCARTESIANPOINT((127.597565451011,183.,990.340741737109));
#2095=IFCCARTESIANPOINT((130.009374999986,183.,991.339745962155));
#2096=IFCCARTESIANPOINT((132.080442811851,183.,992.928932188134));
#2097=IFCCARTESIANPOINT((133.66962903783,183.,995.));
#2098=IFCCARTESIANPOINT((134.668633262876,183.,997.411809548974));
#2099=IFCCARTESIANPOINT((135.009374999986,183.,1000.));
#2100=IFCCARTESIANPOINT((134.668633262876,183.,1002.58819045103));
#2101=IFCCARTESIANPOINT((133.66962903783,183.,1005.));
#2102=IFCCARTESIANPOINT((132.080442811851,183.,1007.07106781187));
#2103=IFCCARTESIANPOINT((130.009374999986,183.,1008.66025403784));
#2104=IFCCARTESIANPOINT((127.597565451011,183.,1009.65925826289));
#2105=IFCCARTESIANPOINT((125.009374999986,183.,1010.));
#2106=IFCCARTESIANPOINT((122.42118454896,183.,1009.65925826289));
#2107=IFCCARTESIANPOINT((120.009374999986,183.,1008.66025403784));
#2108=IFCCARTESIANPOINT((117.93830718812,183.,1007.07106781187));
#2109=IFCCARTESIANPOINT((116.349120962141,183.,1005.));
#2110=IFCCARTESIANPOINT((115.350116737095,183.,1002.58819045103));
#2111=IFCCARTESIANPOINT((115.009374999985,213.,1000.));
#2112=IFCCARTESIANPOINT((115.350116737095,213.,997.411809548975));
#2113=IFCCARTESIANPOINT((116.349120962141,213.,995.));
#2114=IFCCARTESIANPOINT((117.93830718812,213.,992.928932188135));
#2115=IFCCARTESIANPOINT((120.009374999985,213.,991.339745962156));
#2116=IFCCARTESIANPOINT((122.42118454896,213.,990.340741737109));
#2117=IFCCARTESIANPOINT((125.009374999985,213.,990.));
#2118=IFCCARTESIANPOINT((127.597565451011,213.,990.340741737109));
#2119=IFCCARTESIANPOINT((130.009374999986,213.,991.339745962155));
#2120=IFCCARTESIANPOINT((132.080442811851,213.,992.928932188134));
#2121=IFCCARTESIANPOINT((133.66962903783,213.,995.));
#2122=IFCCARTESIANPOINT((134.668633262876,213.,997.411809548974));
#2123=IFCCARTESIANPOINT((135.009374999986,213.,1000.));
#2124=IFCCARTESIANPOINT((134.668633262876,213.,1002.58819045103));
#2125=IFCCARTESIANPOINT((133.66962903783,213.,1005.));
#2126=IFCCARTESIANPOINT((132.080442811851,213.,1007.07106781187));
#2127=IFCCARTESIANPOINT((130.009374999986,213.,1008.66025403784));
#2128=IFCCARTESIANPOINT((127.597565451011,213.,1009.65925826289));
#2129=IFCCARTESIANPOINT((125.009374999986,213.,1010.));
#2130=IFCCARTESIANPOINT((122.42118454896,213.,1009.65925826289));
#2131=IFCCARTESIANPOINT((120.009374999986,213.,1008.66025403784));
#2132=IFCCARTESIANPOINT((117.93830718812,213.,1007.07106781187));
#2133=IFCCARTESIANPOINT((116.349120962141,213.,1005.));
#2134=IFCCARTESIANPOINT((115.350116737095,213.,1002.58819045103));
#2135=IFCCARTESIANPOINT((140.009374999993,218.,1000.));
#2136=IFCCARTESIANPOINT((136.473841094055,216.535533905942,1000.));
#2137=IFCCARTESIANPOINT((118.358739905375,225.500000000008,1000.));
#2138=IFCCARTESIANPOINT((127.509374999989,234.650635094622,1000.));
#2139=IFCCARTESIANPOINT((140.009374999993,238.,1000.));
#2140=IFCCARTESIANPOINT((140.009374999993,237.659258262902,997.411809548975));
#2141=IFCCARTESIANPOINT((140.009374999993,236.660254037856,995.));
#2142=IFCCARTESIANPOINT((140.009374999993,235.071067811877,992.928932188134));
#2143=IFCCARTESIANPOINT((140.009374999993,233.,991.339745962155));
#2144=IFCCARTESIANPOINT((140.009374999993,230.588190451037,990.340741737109));
#2145=IFCCARTESIANPOINT((140.009374999993,228.,990.));
#2146=IFCCARTESIANPOINT((140.009374999993,225.411809548986,990.340741737109));
#2147=IFCCARTESIANPOINT((140.009374999993,223.,991.339745962155));
#2148=IFCCARTESIANPOINT((140.009374999993,220.928932188146,992.928932188134));
#2149=IFCCARTESIANPOINT((140.009374999993,219.339745962167,995.));
#2150=IFCCARTESIANPOINT((140.009374999993,218.340741737121,997.411809548974));
#2151=IFCCARTESIANPOINT((116.71519254347,219.366197740731,1000.));
#2152=IFCCARTESIANPOINT((133.643177218647,236.294182445643,1000.));
#2153=IFCCARTESIANPOINT((115.862283771728,216.183098870367,1000.));
#2154=IFCCARTESIANPOINT((136.82627610932,237.147091222827,1000.));
#2155=IFCCARTESIANPOINT((115.435829385857,214.591549435186,1000.));
#2156=IFCCARTESIANPOINT((138.417825554656,237.573545611419,1000.));
#2157=IFCCARTESIANPOINT((122.934057452682,230.075317547315,1000.));
#2158=IFCCARTESIANPOINT((130.471703104851,226.752915046704,990.151922655303));
#2159=IFCCARTESIANPOINT((126.25646058812,222.537671169817,990.151922490436));
#2160=IFCCARTESIANPOINT((117.536966224423,222.433098870369,1000.));
#2161=IFCCARTESIANPOINT((132.998757190759,231.670376318301,991.307206842549));
#2162=IFCCARTESIANPOINT((123.974288286306,219.583875587118,990.276218677195));
#2163=IFCCARTESIANPOINT((119.981037259589,218.960135520638,991.923303103072));
#2164=IFCCARTESIANPOINT((135.990917462118,220.376369365488,992.487405404095));
#2165=IFCCARTESIANPOINT((132.633005341928,217.018457615127,992.487405145908));
#2166=IFCCARTESIANPOINT((131.50809206712,221.501282594621,990.453520847801));
#2167=IFCCARTESIANPOINT((125.088865361315,227.671761869541,991.94476265457));
#2168=IFCCARTESIANPOINT((130.576276109318,235.472408770132,1000.));
#2169=IFCCARTESIANPOINT((125.221716226336,232.362976320968,1000.));
#2170=IFCCARTESIANPOINT((120.646398679029,227.787658773661,1000.));
#2171=IFCCARTESIANPOINT((140.009374999993,218.340741737121,1002.58819045102));
#2172=IFCCARTESIANPOINT((140.009374999993,219.339745962167,1005.));
#2173=IFCCARTESIANPOINT((140.009374999993,220.928932188146,1007.07106781187));
#2174=IFCCARTESIANPOINT((140.009374999993,223.,1008.66025403784));
#2175=IFCCARTESIANPOINT((140.009374999993,225.411809548986,1009.65925826289));
#2176=IFCCARTESIANPOINT((140.009374999993,228.,1010.));
#2177=IFCCARTESIANPOINT((140.009374999993,230.588190451037,1009.65925826289));
#2178=IFCCARTESIANPOINT((140.009374999993,233.,1008.66025403784));
#2179=IFCCARTESIANPOINT((140.009374999993,235.071067811877,1007.07106781187));
#2180=IFCCARTESIANPOINT((140.009374999993,236.660254037856,1005.));
#2181=IFCCARTESIANPOINT((140.009374999993,237.659258262902,1002.58819045103));
#2182=IFCCARTESIANPOINT((126.256460588008,222.537671169936,1009.84807750954));
#2183=IFCCARTESIANPOINT((130.471703104392,226.752915046814,1009.84807734463));
#2184=IFCCARTESIANPOINT((132.998757190675,231.670376318337,1008.69279315741));
#2185=IFCCARTESIANPOINT((123.974288286286,219.583875587147,1009.7237813228));
#2186=IFCCARTESIANPOINT((119.981037259583,218.960135520659,1008.07669689692));
#2187=IFCCARTESIANPOINT((132.63300534186,217.018457615169,1007.51259485416));
#2188=IFCCARTESIANPOINT((135.990917462128,220.376369365482,1007.5125945959));
#2189=IFCCARTESIANPOINT((131.508092066728,221.501282594962,1009.54647915236));
#2190=IFCCARTESIANPOINT((125.33761273707,227.920509305756,1008.05523731716));
#2191=IFCCARTESIANPOINT((245.009375,238.,1000.));
#2192=IFCCARTESIANPOINT((245.009375,237.659258262902,1002.58819045102));
#2193=IFCCARTESIANPOINT((245.009375,236.660254037856,1005.));
#2194=IFCCARTESIANPOINT((245.009375,235.071067811877,1007.07106781187));
#2195=IFCCARTESIANPOINT((245.009375,233.,1008.66025403784));
#2196=IFCCARTESIANPOINT((245.009375,230.588190451037,1009.65925826289));
#2197=IFCCARTESIANPOINT((245.009375,228.,1010.));
#2198=IFCCARTESIANPOINT((245.009375,225.411809548986,1009.65925826289));
#2199=IFCCARTESIANPOINT((245.009375,223.,1008.66025403784));
#2200=IFCCARTESIANPOINT((245.009375,220.928932188146,1007.07106781187));
#2201=IFCCARTESIANPOINT((245.009375,219.339745962167,1005.));
#2202=IFCCARTESIANPOINT((245.009375,218.340741737121,1002.58819045102));
#2203=IFCCARTESIANPOINT((245.009375,218.,1000.));
#2204=IFCCARTESIANPOINT((245.009375,218.340741737121,997.411809548974));
#2205=IFCCARTESIANPOINT((245.009375,219.339745962167,995.));
#2206=IFCCARTESIANPOINT((245.009375,220.928932188146,992.928932188134));
#2207=IFCCARTESIANPOINT((245.009375,223.,991.339745962155));
#2208=IFCCARTESIANPOINT((245.009375,225.411809548986,990.340741737109));
#2209=IFCCARTESIANPOINT((245.009375,228.,990.));
#2210=IFCCARTESIANPOINT((245.009375,230.588190451037,990.340741737109));
#2211=IFCCARTESIANPOINT((245.009375,233.,991.339745962155));
#2212=IFCCARTESIANPOINT((245.009375,235.071067811877,992.928932188134));
#2213=IFCCARTESIANPOINT((245.009375,236.660254037856,995.));
#2214=IFCCARTESIANPOINT((245.009375,237.659258262902,997.411809548974));
#2215=IFCPOLYLOOP((#2092,#2093,#2094,#2095,#2096,#2097,#2098,#2099,#2100,#2101,#2102,#2103,#2104,#2105,#2106,#2107,#2108,#2109,#2110,#2087,#2088,#2089,#2090,#2091));
#2216=IFCFACEOUTERBOUND(#2215,.T.);
#2217=IFCFACE((#2216));
#2218=IFCPOLYLOOP((#2112,#2088,#2087,#2111));
#2219=IFCFACEOUTERBOUND(#2218,.T.);
#2220=IFCFACE((#2219));
#2221=IFCPOLYLOOP((#2113,#2089,#2088,#2112));
#2222=IFCFACEOUTERBOUND(#2221,.T.);
#2223=IFCFACE((#2222));
#2224=IFCPOLYLOOP((#2090,#2114,#2115,#2091));
#2225=IFCFACEOUTERBOUND(#2224,.T.);
#2226=IFCFACE((#2225));
#2227=IFCPOLYLOOP((#2113,#2114,#2090,#2089));
#2228=IFCFACEOUTERBOUND(#2227,.T.);
#2229=IFCFACE((#2228));
#2230=IFCPOLYLOOP((#2091,#2115,#2116,#2092));
#2231=IFCFACEOUTERBOUND(#2230,.T.);
#2232=IFCFACE((#2231));
#2233=IFCPOLYLOOP((#2092,#2116,#2117,#2093));
#2234=IFCFACEOUTERBOUND(#2233,.T.);
#2235=IFCFACE((#2234));
#2236=IFCPOLYLOOP((#2119,#2095,#2094,#2118));
#2237=IFCFACEOUTERBOUND(#2236,.T.);
#2238=IFCFACE((#2237));
#2239=IFCPOLYLOOP((#2120,#2096,#2095,#2119));
#2240=IFCFACEOUTERBOUND(#2239,.T.);
#2241=IFCFACE((#2240));
#2242=IFCPOLYLOOP((#2097,#2121,#2122,#2098));
#2243=IFCFACEOUTERBOUND(#2242,.T.);
#2244=IFCFACE((#2243));
#2245=IFCPOLYLOOP((#2120,#2121,#2097,#2096));
#2246=IFCFACEOUTERBOUND(#2245,.T.);
#2247=IFCFACE((#2246));
#2248=IFCPOLYLOOP((#2098,#2122,#2123,#2099));
#2249=IFCFACEOUTERBOUND(#2248,.T.);
#2250=IFCFACE((#2249));
#2251=IFCPOLYLOOP((#2094,#2093,#2117,#2118));
#2252=IFCFACEOUTERBOUND(#2251,.T.);
#2253=IFCFACE((#2252));
#2254=IFCPOLYLOOP((#2124,#2100,#2099,#2123));
#2255=IFCFACEOUTERBOUND(#2254,.T.);
#2256=IFCFACE((#2255));
#2257=IFCPOLYLOOP((#2125,#2101,#2100,#2124));
#2258=IFCFACEOUTERBOUND(#2257,.T.);
#2259=IFCFACE((#2258));
#2260=IFCPOLYLOOP((#2102,#2126,#2127,#2103));
#2261=IFCFACEOUTERBOUND(#2260,.T.);
#2262=IFCFACE((#2261));
#2263=IFCPOLYLOOP((#2125,#2126,#2102,#2101));
#2264=IFCFACEOUTERBOUND(#2263,.T.);
#2265=IFCFACE((#2264));
#2266=IFCPOLYLOOP((#2103,#2127,#2128,#2104));
#2267=IFCFACEOUTERBOUND(#2266,.T.);
#2268=IFCFACE((#2267));
#2269=IFCPOLYLOOP((#2104,#2128,#2129,#2105));
#2270=IFCFACEOUTERBOUND(#2269,.T.);
#2271=IFCFACE((#2270));
#2272=IFCPOLYLOOP((#2131,#2107,#2106,#2130));
#2273=IFCFACEOUTERBOUND(#2272,.T.);
#2274=IFCFACE((#2273));
#2275=IFCPOLYLOOP((#2132,#2108,#2107,#2131));
#2276=IFCFACEOUTERBOUND(#2275,.T.);
#2277=IFCFACE((#2276));
#2278=IFCPOLYLOOP((#2109,#2133,#2134,#2110));
#2279=IFCFACEOUTERBOUND(#2278,.T.);
#2280=IFCFACE((#2279));
#2281=IFCPOLYLOOP((#2132,#2133,#2109,#2108));
#2282=IFCFACEOUTERBOUND(#2281,.T.);
#2283=IFCFACE((#2282));
#2284=IFCPOLYLOOP((#2110,#2134,#2111,#2087));
#2285=IFCFACEOUTERBOUND(#2284,.T.);
#2286=IFCFACE((#2285));
#2287=IFCPOLYLOOP((#2106,#2105,#2129,#2130));
#2288=IFCFACEOUTERBOUND(#2287,.T.);
#2289=IFCFACE((#2288));
#2290=IFCPOLYLOOP((#2112,#2155,#2113));
#2291=IFCFACEOUTERBOUND(#2290,.T.);
#2292=IFCFACE((#2291));
#2293=IFCPOLYLOOP((#2163,#2116,#2151));
#2294=IFCFACEOUTERBOUND(#2293,.T.);
#2295=IFCFACE((#2294));
#2296=IFCPOLYLOOP((#2162,#2159,#2165));
#2297=IFCFACEOUTERBOUND(#2296,.T.);
#2298=IFCFACE((#2297));
#2299=IFCPOLYLOOP((#2151,#2160,#2137,#2163));
#2300=IFCFACEOUTERBOUND(#2299,.T.);
#2301=IFCFACE((#2300));
#2302=IFCPOLYLOOP((#2151,#2115,#2114));
#2303=IFCFACEOUTERBOUND(#2302,.T.);
#2304=IFCFACE((#2303));
#2305=IFCPOLYLOOP((#2113,#2153,#2114));
#2306=IFCFACEOUTERBOUND(#2305,.T.);
#2307=IFCFACE((#2306));
#2308=IFCPOLYLOOP((#2115,#2151,#2116));
#2309=IFCFACEOUTERBOUND(#2308,.T.);
#2310=IFCFACE((#2309));
#2311=IFCPOLYLOOP((#2137,#2162,#2163));
#2312=IFCFACEOUTERBOUND(#2311,.T.);
#2313=IFCFACE((#2312));
#2314=IFCPOLYLOOP((#2163,#2119,#2118));
#2315=IFCFACEOUTERBOUND(#2314,.T.);
#2316=IFCFACE((#2315));
#2317=IFCPOLYLOOP((#2167,#2158,#2166));
#2318=IFCFACEOUTERBOUND(#2317,.T.);
#2319=IFCFACE((#2318));
#2320=IFCPOLYLOOP((#2138,#2161,#2158));
#2321=IFCFACEOUTERBOUND(#2320,.T.);
#2322=IFCFACE((#2321));
#2323=IFCPOLYLOOP((#2163,#2117,#2116));
#2324=IFCFACEOUTERBOUND(#2323,.T.);
#2325=IFCFACE((#2324));
#2326=IFCPOLYLOOP((#2163,#2118,#2117));
#2327=IFCFACEOUTERBOUND(#2326,.T.);
#2328=IFCFACE((#2327));
#2329=IFCPOLYLOOP((#2135,#2136,#2164));
#2330=IFCFACEOUTERBOUND(#2329,.T.);
#2331=IFCFACE((#2330));
#2332=IFCPOLYLOOP((#2119,#2163,#2162));
#2333=IFCFACEOUTERBOUND(#2332,.T.);
#2334=IFCFACE((#2333));
#2335=IFCPOLYLOOP((#2150,#2164,#2149));
#2336=IFCFACEOUTERBOUND(#2335,.T.);
#2337=IFCFACE((#2336));
#2338=IFCPOLYLOOP((#2168,#2152,#2144));
#2339=IFCFACEOUTERBOUND(#2338,.T.);
#2340=IFCFACE((#2339));
#2341=IFCPOLYLOOP((#2112,#2111,#2155));
#2342=IFCFACEOUTERBOUND(#2341,.T.);
#2343=IFCFACE((#2342));
#2344=IFCPOLYLOOP((#2162,#2165,#2121));
#2345=IFCFACEOUTERBOUND(#2344,.T.);
#2346=IFCFACE((#2345));
#2347=IFCPOLYLOOP((#2162,#2120,#2119));
#2348=IFCFACEOUTERBOUND(#2347,.T.);
#2349=IFCFACE((#2348));
#2350=IFCPOLYLOOP((#2159,#2167,#2166));
#2351=IFCFACEOUTERBOUND(#2350,.T.);
#2352=IFCFACE((#2351));
#2353=IFCPOLYLOOP((#2148,#2161,#2147));
#2354=IFCFACEOUTERBOUND(#2353,.T.);
#2355=IFCFACE((#2354));
#2356=IFCPOLYLOOP((#2136,#2165,#2166));
#2357=IFCFACEOUTERBOUND(#2356,.T.);
#2358=IFCFACE((#2357));
#2359=IFCPOLYLOOP((#2159,#2170,#2167));
#2360=IFCFACEOUTERBOUND(#2359,.T.);
#2361=IFCFACE((#2360));
#2362=IFCPOLYLOOP((#2167,#2169,#2158));
#2363=IFCFACEOUTERBOUND(#2362,.T.);
#2364=IFCFACE((#2363));
#2365=IFCPOLYLOOP((#2152,#2143,#2144));
#2366=IFCFACEOUTERBOUND(#2365,.T.);
#2367=IFCFACE((#2366));
#2368=IFCPOLYLOOP((#2165,#2159,#2166));
#2369=IFCFACEOUTERBOUND(#2368,.T.);
#2370=IFCFACE((#2369));
#2371=IFCPOLYLOOP((#2168,#2145,#2161));
#2372=IFCFACEOUTERBOUND(#2371,.T.);
#2373=IFCFACE((#2372));
#2374=IFCPOLYLOOP((#2144,#2145,#2168));
#2375=IFCFACEOUTERBOUND(#2374,.T.);
#2376=IFCFACE((#2375));
#2377=IFCPOLYLOOP((#2154,#2142,#2152));
#2378=IFCFACEOUTERBOUND(#2377,.T.);
#2379=IFCFACE((#2378));
#2380=IFCPOLYLOOP((#2138,#2158,#2169));
#2381=IFCFACEOUTERBOUND(#2380,.T.);
#2382=IFCFACE((#2381));
#2383=IFCPOLYLOOP((#2152,#2142,#2143));
#2384=IFCFACEOUTERBOUND(#2383,.T.);
#2385=IFCFACE((#2384));
#2386=IFCPOLYLOOP((#2161,#2138,#2168));
#2387=IFCFACEOUTERBOUND(#2386,.T.);
#2388=IFCFACE((#2387));
#2389=IFCPOLYLOOP((#2140,#2156,#2139));
#2390=IFCFACEOUTERBOUND(#2389,.T.);
#2391=IFCFACE((#2390));
#2392=IFCPOLYLOOP((#2158,#2164,#2166));
#2393=IFCFACEOUTERBOUND(#2392,.T.);
#2394=IFCFACE((#2393));
#2395=IFCPOLYLOOP((#2162,#2170,#2159));
#2396=IFCFACEOUTERBOUND(#2395,.T.);
#2397=IFCFACE((#2396));
#2398=IFCPOLYLOOP((#2151,#2114,#2153));
#2399=IFCFACEOUTERBOUND(#2398,.T.);
#2400=IFCFACE((#2399));
#2401=IFCPOLYLOOP((#2165,#2123,#2122));
#2402=IFCFACEOUTERBOUND(#2401,.T.);
#2403=IFCFACE((#2402));
#2404=IFCPOLYLOOP((#2157,#2169,#2167,#2170));
#2405=IFCFACEOUTERBOUND(#2404,.T.);
#2406=IFCFACE((#2405));
#2407=IFCPOLYLOOP((#2149,#2164,#2158));
#2408=IFCFACEOUTERBOUND(#2407,.T.);
#2409=IFCFACE((#2408));
#2410=IFCPOLYLOOP((#2154,#2141,#2142));
#2411=IFCFACEOUTERBOUND(#2410,.T.);
#2412=IFCFACE((#2411));
#2413=IFCPOLYLOOP((#2150,#2135,#2164));
#2414=IFCFACEOUTERBOUND(#2413,.T.);
#2415=IFCFACE((#2414));
#2416=IFCPOLYLOOP((#2141,#2156,#2140));
#2417=IFCFACEOUTERBOUND(#2416,.T.);
#2418=IFCFACE((#2417));
#2419=IFCPOLYLOOP((#2161,#2148,#2158));
#2420=IFCFACEOUTERBOUND(#2419,.T.);
#2421=IFCFACE((#2420));
#2422=IFCPOLYLOOP((#2155,#2153,#2113));
#2423=IFCFACEOUTERBOUND(#2422,.T.);
#2424=IFCFACE((#2423));
#2425=IFCPOLYLOOP((#2148,#2149,#2158));
#2426=IFCFACEOUTERBOUND(#2425,.T.);
#2427=IFCFACE((#2426));
#2428=IFCPOLYLOOP((#2154,#2156,#2141));
#2429=IFCFACEOUTERBOUND(#2428,.T.);
#2430=IFCFACE((#2429));
#2431=IFCPOLYLOOP((#2147,#2161,#2146));
#2432=IFCFACEOUTERBOUND(#2431,.T.);
#2433=IFCFACE((#2432));
#2434=IFCPOLYLOOP((#2145,#2146,#2161));
#2435=IFCFACEOUTERBOUND(#2434,.T.);
#2436=IFCFACE((#2435));
#2437=IFCPOLYLOOP((#2121,#2120,#2162));
#2438=IFCFACEOUTERBOUND(#2437,.T.);
#2439=IFCFACE((#2438));
#2440=IFCPOLYLOOP((#2136,#2166,#2164));
#2441=IFCFACEOUTERBOUND(#2440,.T.);
#2442=IFCFACE((#2441));
#2443=IFCPOLYLOOP((#2122,#2121,#2165));
#2444=IFCFACEOUTERBOUND(#2443,.T.);
#2445=IFCFACE((#2444));
#2446=IFCPOLYLOOP((#2170,#2162,#2137));
#2447=IFCFACEOUTERBOUND(#2446,.T.);
#2448=IFCFACE((#2447));
#2449=IFCPOLYLOOP((#2136,#2123,#2165));
#2450=IFCFACEOUTERBOUND(#2449,.T.);
#2451=IFCFACE((#2450));
#2452=IFCPOLYLOOP((#2186,#2137,#2160,#2151));
#2453=IFCFACEOUTERBOUND(#2452,.T.);
#2454=IFCFACE((#2453));
#2455=IFCPOLYLOOP((#2182,#2187,#2189));
#2456=IFCFACEOUTERBOUND(#2455,.T.);
#2457=IFCFACE((#2456));
#2458=IFCPOLYLOOP((#2136,#2135,#2188));
#2459=IFCFACEOUTERBOUND(#2458,.T.);
#2460=IFCFACE((#2459));
#2461=IFCPOLYLOOP((#2185,#2126,#2125));
#2462=IFCFACEOUTERBOUND(#2461,.T.);
#2463=IFCFACE((#2462));
#2464=IFCPOLYLOOP((#2182,#2185,#2187));
#2465=IFCFACEOUTERBOUND(#2464,.T.);
#2466=IFCFACE((#2465));
#2467=IFCPOLYLOOP((#2172,#2183,#2188));
#2468=IFCFACEOUTERBOUND(#2467,.T.);
#2469=IFCFACE((#2468));
#2470=IFCPOLYLOOP((#2125,#2187,#2185));
#2471=IFCFACEOUTERBOUND(#2470,.T.);
#2472=IFCFACE((#2471));
#2473=IFCPOLYLOOP((#2190,#2182,#2189));
#2474=IFCFACEOUTERBOUND(#2473,.T.);
#2475=IFCFACE((#2474));
#2476=IFCPOLYLOOP((#2124,#2187,#2125));
#2477=IFCFACEOUTERBOUND(#2476,.T.);
#2478=IFCFACE((#2477));
#2479=IFCPOLYLOOP((#2136,#2188,#2189));
#2480=IFCFACEOUTERBOUND(#2479,.T.);
#2481=IFCFACE((#2480));
#2482=IFCPOLYLOOP((#2190,#2189,#2183));
#2483=IFCFACEOUTERBOUND(#2482,.T.);
#2484=IFCFACE((#2483));
#2485=IFCPOLYLOOP((#2188,#2135,#2171));
#2486=IFCFACEOUTERBOUND(#2485,.T.);
#2487=IFCFACE((#2486));
#2488=IFCPOLYLOOP((#2155,#2111,#2134));
#2489=IFCFACEOUTERBOUND(#2488,.T.);
#2490=IFCFACE((#2489));
#2491=IFCPOLYLOOP((#2138,#2183,#2184));
#2492=IFCFACEOUTERBOUND(#2491,.T.);
#2493=IFCFACE((#2492));
#2494=IFCPOLYLOOP((#2168,#2138,#2184));
#2495=IFCFACEOUTERBOUND(#2494,.T.);
#2496=IFCFACE((#2495));
#2497=IFCPOLYLOOP((#2132,#2151,#2153));
#2498=IFCFACEOUTERBOUND(#2497,.T.);
#2499=IFCFACE((#2498));
#2500=IFCPOLYLOOP((#2129,#2186,#2130));
#2501=IFCFACEOUTERBOUND(#2500,.T.);
#2502=IFCFACE((#2501));
#2503=IFCPOLYLOOP((#2183,#2138,#2169));
#2504=IFCFACEOUTERBOUND(#2503,.T.);
#2505=IFCFACE((#2504));
#2506=IFCPOLYLOOP((#2151,#2132,#2131));
#2507=IFCFACEOUTERBOUND(#2506,.T.);
#2508=IFCFACE((#2507));
#2509=IFCPOLYLOOP((#2131,#2130,#2151));
#2510=IFCFACEOUTERBOUND(#2509,.T.);
#2511=IFCFACE((#2510));
#2512=IFCPOLYLOOP((#2185,#2170,#2137));
#2513=IFCFACEOUTERBOUND(#2512,.T.);
#2514=IFCFACE((#2513));
#2515=IFCPOLYLOOP((#2176,#2177,#2168));
#2516=IFCFACEOUTERBOUND(#2515,.T.);
#2517=IFCFACE((#2516));
#2518=IFCPOLYLOOP((#2130,#2186,#2151));
#2519=IFCFACEOUTERBOUND(#2518,.T.);
#2520=IFCFACE((#2519));
#2521=IFCPOLYLOOP((#2189,#2188,#2183));
#2522=IFCFACEOUTERBOUND(#2521,.T.);
#2523=IFCFACE((#2522));
#2524=IFCPOLYLOOP((#2136,#2189,#2187));
#2525=IFCFACEOUTERBOUND(#2524,.T.);
#2526=IFCFACE((#2525));
#2527=IFCPOLYLOOP((#2172,#2188,#2171));
#2528=IFCFACEOUTERBOUND(#2527,.T.);
#2529=IFCFACE((#2528));
#2530=IFCPOLYLOOP((#2183,#2172,#2173));
#2531=IFCFACEOUTERBOUND(#2530,.T.);
#2532=IFCFACE((#2531));
#2533=IFCPOLYLOOP((#2152,#2179,#2154));
#2534=IFCFACEOUTERBOUND(#2533,.T.);
#2535=IFCFACE((#2534));
#2536=IFCPOLYLOOP((#2169,#2190,#2183));
#2537=IFCFACEOUTERBOUND(#2536,.T.);
#2538=IFCFACE((#2537));
#2539=IFCPOLYLOOP((#2124,#2123,#2187));
#2540=IFCFACEOUTERBOUND(#2539,.T.);
#2541=IFCFACE((#2540));
#2542=IFCPOLYLOOP((#2153,#2133,#2132));
#2543=IFCFACEOUTERBOUND(#2542,.T.);
#2544=IFCFACE((#2543));
#2545=IFCPOLYLOOP((#2175,#2184,#2174));
#2546=IFCFACEOUTERBOUND(#2545,.T.);
#2547=IFCFACE((#2546));
#2548=IFCPOLYLOOP((#2153,#2155,#2133));
#2549=IFCFACEOUTERBOUND(#2548,.T.);
#2550=IFCFACE((#2549));
#2551=IFCPOLYLOOP((#2156,#2154,#2180));
#2552=IFCFACEOUTERBOUND(#2551,.T.);
#2553=IFCFACE((#2552));
#2554=IFCPOLYLOOP((#2184,#2173,#2174));
#2555=IFCFACEOUTERBOUND(#2554,.T.);
#2556=IFCFACE((#2555));
#2557=IFCPOLYLOOP((#2133,#2155,#2134));
#2558=IFCFACEOUTERBOUND(#2557,.T.);
#2559=IFCFACE((#2558));
#2560=IFCPOLYLOOP((#2175,#2176,#2184));
#2561=IFCFACEOUTERBOUND(#2560,.T.);
#2562=IFCFACE((#2561));
#2563=IFCPOLYLOOP((#2190,#2170,#2182));
#2564=IFCFACEOUTERBOUND(#2563,.T.);
#2565=IFCFACE((#2564));
#2566=IFCPOLYLOOP((#2157,#2170,#2190,#2169));
#2567=IFCFACEOUTERBOUND(#2566,.T.);
#2568=IFCFACE((#2567));
#2569=IFCPOLYLOOP((#2178,#2179,#2152));
#2570=IFCFACEOUTERBOUND(#2569,.T.);
#2571=IFCFACE((#2570));
#2572=IFCPOLYLOOP((#2152,#2177,#2178));
#2573=IFCFACEOUTERBOUND(#2572,.T.);
#2574=IFCFACE((#2573));
#2575=IFCPOLYLOOP((#2127,#2186,#2128));
#2576=IFCFACEOUTERBOUND(#2575,.T.);
#2577=IFCFACE((#2576));
#2578=IFCPOLYLOOP((#2168,#2177,#2152));
#2579=IFCFACEOUTERBOUND(#2578,.T.);
#2580=IFCFACE((#2579));
#2581=IFCPOLYLOOP((#2180,#2181,#2156));
#2582=IFCFACEOUTERBOUND(#2581,.T.);
#2583=IFCFACE((#2582));
#2584=IFCPOLYLOOP((#2185,#2182,#2170));
#2585=IFCFACEOUTERBOUND(#2584,.T.);
#2586=IFCFACE((#2585));
#2587=IFCPOLYLOOP((#2176,#2168,#2184));
#2588=IFCFACEOUTERBOUND(#2587,.T.);
#2589=IFCFACE((#2588));
#2590=IFCPOLYLOOP((#2186,#2129,#2128));
#2591=IFCFACEOUTERBOUND(#2590,.T.);
#2592=IFCFACE((#2591));
#2593=IFCPOLYLOOP((#2173,#2184,#2183));
#2594=IFCFACEOUTERBOUND(#2593,.T.);
#2595=IFCFACE((#2594));
#2596=IFCPOLYLOOP((#2180,#2154,#2179));
#2597=IFCFACEOUTERBOUND(#2596,.T.);
#2598=IFCFACE((#2597));
#2599=IFCPOLYLOOP((#2181,#2139,#2156));
#2600=IFCFACEOUTERBOUND(#2599,.T.);
#2601=IFCFACE((#2600));
#2602=IFCPOLYLOOP((#2137,#2186,#2185));
#2603=IFCFACEOUTERBOUND(#2602,.T.);
#2604=IFCFACE((#2603));
#2605=IFCPOLYLOOP((#2127,#2126,#2185));
#2606=IFCFACEOUTERBOUND(#2605,.T.);
#2607=IFCFACE((#2606));
#2608=IFCPOLYLOOP((#2123,#2136,#2187));
#2609=IFCFACEOUTERBOUND(#2608,.T.);
#2610=IFCFACE((#2609));
#2611=IFCPOLYLOOP((#2127,#2185,#2186));
#2612=IFCFACEOUTERBOUND(#2611,.T.);
#2613=IFCFACE((#2612));
#2614=IFCPOLYLOOP((#2212,#2213,#2214,#2191,#2192,#2193,#2194,#2195,#2196,#2197,#2198,#2199,#2200,#2201,#2202,#2203,#2204,#2205,#2206,#2207,#2208,#2209,#2210,#2211));
#2615=IFCFACEOUTERBOUND(#2614,.T.);
#2616=IFCFACE((#2615));
#2617=IFCPOLYLOOP((#2214,#2140,#2139,#2191));
#2618=IFCFACEOUTERBOUND(#2617,.T.);
#2619=IFCFACE((#2618));
#2620=IFCPOLYLOOP((#2213,#2141,#2140,#2214));
#2621=IFCFACEOUTERBOUND(#2620,.T.);
#2622=IFCFACE((#2621));
#2623=IFCPOLYLOOP((#2211,#2143,#2142,#2212));
#2624=IFCFACEOUTERBOUND(#2623,.T.);
#2625=IFCFACE((#2624));
#2626=IFCPOLYLOOP((#2212,#2142,#2141,#2213));
#2627=IFCFACEOUTERBOUND(#2626,.T.);
#2628=IFCFACE((#2627));
#2629=IFCPOLYLOOP((#2210,#2144,#2143,#2211));
#2630=IFCFACEOUTERBOUND(#2629,.T.);
#2631=IFCFACE((#2630));
#2632=IFCPOLYLOOP((#2144,#2210,#2209,#2145));
#2633=IFCFACEOUTERBOUND(#2632,.T.);
#2634=IFCFACE((#2633));
#2635=IFCPOLYLOOP((#2207,#2206,#2148,#2147));
#2636=IFCFACEOUTERBOUND(#2635,.T.);
#2637=IFCFACE((#2636));
#2638=IFCPOLYLOOP((#2208,#2207,#2147,#2146));
#2639=IFCFACEOUTERBOUND(#2638,.T.);
#2640=IFCFACE((#2639));
#2641=IFCPOLYLOOP((#2204,#2203,#2135,#2150));
#2642=IFCFACEOUTERBOUND(#2641,.T.);
#2643=IFCFACE((#2642));
#2644=IFCPOLYLOOP((#2205,#2204,#2150,#2149));
#2645=IFCFACEOUTERBOUND(#2644,.T.);
#2646=IFCFACE((#2645));
#2647=IFCPOLYLOOP((#2206,#2205,#2149,#2148));
#2648=IFCFACEOUTERBOUND(#2647,.T.);
#2649=IFCFACE((#2648));
#2650=IFCPOLYLOOP((#2146,#2145,#2209,#2208));
#2651=IFCFACEOUTERBOUND(#2650,.T.);
#2652=IFCFACE((#2651));
#2653=IFCPOLYLOOP((#2135,#2203,#2202,#2171));
#2654=IFCFACEOUTERBOUND(#2653,.T.);
#2655=IFCFACE((#2654));
#2656=IFCPOLYLOOP((#2201,#2172,#2171,#2202));
#2657=IFCFACEOUTERBOUND(#2656,.T.);
#2658=IFCFACE((#2657));
#2659=IFCPOLYLOOP((#2199,#2198,#2175,#2174));
#2660=IFCFACEOUTERBOUND(#2659,.T.);
#2661=IFCFACE((#2660));
#2662=IFCPOLYLOOP((#2200,#2199,#2174,#2173));
#2663=IFCFACEOUTERBOUND(#2662,.T.);
#2664=IFCFACE((#2663));
#2665=IFCPOLYLOOP((#2172,#2201,#2200,#2173));
#2666=IFCFACEOUTERBOUND(#2665,.T.);
#2667=IFCFACE((#2666));
#2668=IFCPOLYLOOP((#2175,#2198,#2197,#2176));
#2669=IFCFACEOUTERBOUND(#2668,.T.);
#2670=IFCFACE((#2669));
#2671=IFCPOLYLOOP((#2195,#2194,#2179,#2178));
#2672=IFCFACEOUTERBOUND(#2671,.T.);
#2673=IFCFACE((#2672));
#2674=IFCPOLYLOOP((#2196,#2195,#2178,#2177));
#2675=IFCFACEOUTERBOUND(#2674,.T.);
#2676=IFCFACE((#2675));
#2677=IFCPOLYLOOP((#2192,#2191,#2139,#2181));
#2678=IFCFACEOUTERBOUND(#2677,.T.);
#2679=IFCFACE((#2678));
#2680=IFCPOLYLOOP((#2193,#2192,#2181,#2180));
#2681=IFCFACEOUTERBOUND(#2680,.T.);
#2682=IFCFACE((#2681));
#2683=IFCPOLYLOOP((#2194,#2193,#2180,#2179));
#2684=IFCFACEOUTERBOUND(#2683,.T.);
#2685=IFCFACE((#2684));
#2686=IFCPOLYLOOP((#2196,#2177,#2176,#2197));
#2687=IFCFACEOUTERBOUND(#2686,.T.);
#2688=IFCFACE((#2687));
#2689=IFCCARTESIANPOINT((92.5093749999857,183.,1000.));
#2690=IFCCARTESIANPOINT((93.5316002113137,183.,1007.76457135308));
#2691=IFCCARTESIANPOINT((96.5286128864525,183.,1015.));
#2692=IFCCARTESIANPOINT((101.296171564389,183.,1021.2132034356));
#2693=IFCCARTESIANPOINT((107.509374999986,183.,1025.98076211353));
#2694=IFCCARTESIANPOINT((114.74480364691,183.,1028.97777478867));
#2695=IFCCARTESIANPOINT((122.509374999986,183.,1030.));
#2696=IFCCARTESIANPOINT((130.273946353061,183.,1028.97777478867));
#2697=IFCCARTESIANPOINT((137.509374999986,183.,1025.98076211353));
#2698=IFCCARTESIANPOINT((143.722578435582,183.,1021.2132034356));
#2699=IFCCARTESIANPOINT((148.490137113519,183.,1015.));
#2700=IFCCARTESIANPOINT((151.487149788658,183.,1007.76457135308));
#2701=IFCCARTESIANPOINT((152.509374999986,183.,1000.));
#2702=IFCCARTESIANPOINT((151.487149788658,183.,992.235428646925));
#2703=IFCCARTESIANPOINT((148.490137113519,183.,985.));
#2704=IFCCARTESIANPOINT((143.722578435582,183.,978.786796564404));
#2705=IFCCARTESIANPOINT((137.509374999986,183.,974.019237886467));
#2706=IFCCARTESIANPOINT((130.273946353061,183.,971.022225211328));
#2707=IFCCARTESIANPOINT((122.509374999986,183.,970.));
#2708=IFCCARTESIANPOINT((114.74480364691,183.,971.022225211328));
#2709=IFCCARTESIANPOINT((107.509374999986,183.,974.019237886467));
#2710=IFCCARTESIANPOINT((101.296171564389,183.,978.786796564404));
#2711=IFCCARTESIANPOINT((96.5286128864526,183.,985.));
#2712=IFCCARTESIANPOINT((93.5316002113137,183.,992.235428646925));
#2713=IFCCARTESIANPOINT((92.5093749999857,175.,1000.));
#2714=IFCCARTESIANPOINT((93.5316002113137,175.,992.235428646925));
#2715=IFCCARTESIANPOINT((96.5286128864526,175.,985.));
#2716=IFCCARTESIANPOINT((101.296171564389,175.,978.786796564404));
#2717=IFCCARTESIANPOINT((107.509374999986,175.,974.019237886467));
#2718=IFCCARTESIANPOINT((114.74480364691,175.,971.022225211328));
#2719=IFCCARTESIANPOINT((122.509374999986,175.,970.));
#2720=IFCCARTESIANPOINT((130.273946353061,175.,971.022225211328));
#2721=IFCCARTESIANPOINT((137.509374999986,175.,974.019237886467));
#2722=IFCCARTESIANPOINT((143.722578435582,175.,978.786796564404));
#2723=IFCCARTESIANPOINT((148.490137113519,175.,985.));
#2724=IFCCARTESIANPOINT((151.487149788658,175.,992.235428646925));
#2725=IFCCARTESIANPOINT((152.509374999986,175.,1000.));
#2726=IFCCARTESIANPOINT((151.487149788658,175.,1007.76457135308));
#2727=IFCCARTESIANPOINT((148.490137113519,175.,1015.));
#2728=IFCCARTESIANPOINT((143.722578435582,175.,1021.2132034356));
#2729=IFCCARTESIANPOINT((137.509374999986,175.,1025.98076211353));
#2730=IFCCARTESIANPOINT((130.273946353061,175.,1028.97777478867));
#2731=IFCCARTESIANPOINT((122.509374999986,175.,1030.));
#2732=IFCCARTESIANPOINT((114.74480364691,175.,1028.97777478867));
#2733=IFCCARTESIANPOINT((107.509374999986,175.,1025.98076211353));
#2734=IFCCARTESIANPOINT((101.296171564389,175.,1021.2132034356));
#2735=IFCCARTESIANPOINT((96.5286128864525,175.,1015.));
#2736=IFCCARTESIANPOINT((93.5316002113137,175.,1007.76457135308));
#2737=IFCPOLYLOOP((#2696,#2697,#2698,#2699,#2700,#2701,#2702,#2703,#2704,#2705,#2706,#2707,#2708,#2709,#2710,#2711,#2712,#2689,#2690,#2691,#2692,#2693,#2694,#2695));
#2738=IFCFACEOUTERBOUND(#2737,.T.);
#2739=IFCFACE((#2738));
#2740=IFCPOLYLOOP((#2720,#2721,#2722,#2723,#2724,#2725,#2726,#2727,#2728,#2729,#2730,#2731,#2732,#2733,#2734,#2735,#2736,#2713,#2714,#2715,#2716,#2717,#2718,#2719));
#2741=IFCFACEOUTERBOUND(#2740,.T.);
#2742=IFCFACE((#2741));
#2743=IFCPOLYLOOP((#2736,#2690,#2689,#2713));
#2744=IFCFACEOUTERBOUND(#2743,.T.);
#2745=IFCFACE((#2744));
#2746=IFCPOLYLOOP((#2735,#2691,#2690,#2736));
#2747=IFCFACEOUTERBOUND(#2746,.T.);
#2748=IFCFACE((#2747));
#2749=IFCPOLYLOOP((#2693,#2692,#2734,#2733));
#2750=IFCFACEOUTERBOUND(#2749,.T.);
#2751=IFCFACE((#2750));
#2752=IFCPOLYLOOP((#2735,#2734,#2692,#2691));
#2753=IFCFACEOUTERBOUND(#2752,.T.);
#2754=IFCFACE((#2753));
#2755=IFCPOLYLOOP((#2694,#2693,#2733,#2732));
#2756=IFCFACEOUTERBOUND(#2755,.T.);
#2757=IFCFACE((#2756));
#2758=IFCPOLYLOOP((#2695,#2694,#2732,#2731));
#2759=IFCFACEOUTERBOUND(#2758,.T.);
#2760=IFCFACE((#2759));
#2761=IFCPOLYLOOP((#2730,#2696,#2695,#2731));
#2762=IFCFACEOUTERBOUND(#2761,.T.);
#2763=IFCFACE((#2762));
#2764=IFCPOLYLOOP((#2729,#2697,#2696,#2730));
#2765=IFCFACEOUTERBOUND(#2764,.T.);
#2766=IFCFACE((#2765));
#2767=IFCPOLYLOOP((#2699,#2698,#2728,#2727));
#2768=IFCFACEOUTERBOUND(#2767,.T.);
#2769=IFCFACE((#2768));
#2770=IFCPOLYLOOP((#2729,#2728,#2698,#2697));
#2771=IFCFACEOUTERBOUND(#2770,.T.);
#2772=IFCFACE((#2771));
#2773=IFCPOLYLOOP((#2700,#2699,#2727,#2726));
#2774=IFCFACEOUTERBOUND(#2773,.T.);
#2775=IFCFACE((#2774));
#2776=IFCPOLYLOOP((#2701,#2700,#2726,#2725));
#2777=IFCFACEOUTERBOUND(#2776,.T.);
#2778=IFCFACE((#2777));
#2779=IFCPOLYLOOP((#2724,#2702,#2701,#2725));
#2780=IFCFACEOUTERBOUND(#2779,.T.);
#2781=IFCFACE((#2780));
#2782=IFCPOLYLOOP((#2723,#2703,#2702,#2724));
#2783=IFCFACEOUTERBOUND(#2782,.T.);
#2784=IFCFACE((#2783));
#2785=IFCPOLYLOOP((#2705,#2704,#2722,#2721));
#2786=IFCFACEOUTERBOUND(#2785,.T.);
#2787=IFCFACE((#2786));
#2788=IFCPOLYLOOP((#2723,#2722,#2704,#2703));
#2789=IFCFACEOUTERBOUND(#2788,.T.);
#2790=IFCFACE((#2789));
#2791=IFCPOLYLOOP((#2706,#2705,#2721,#2720));
#2792=IFCFACEOUTERBOUND(#2791,.T.);
#2793=IFCFACE((#2792));
#2794=IFCPOLYLOOP((#2707,#2706,#2720,#2719));
#2795=IFCFACEOUTERBOUND(#2794,.T.);
#2796=IFCFACE((#2795));
#2797=IFCPOLYLOOP((#2718,#2708,#2707,#2719));
#2798=IFCFACEOUTERBOUND(#2797,.T.);
#2799=IFCFACE((#2798));
#2800=IFCPOLYLOOP((#2717,#2709,#2708,#2718));
#2801=IFCFACEOUTERBOUND(#2800,.T.);
#2802=IFCFACE((#2801));
#2803=IFCPOLYLOOP((#2711,#2710,#2716,#2715));
#2804=IFCFACEOUTERBOUND(#2803,.T.);
#2805=IFCFACE((#2804));
#2806=IFCPOLYLOOP((#2717,#2716,#2710,#2709));
#2807=IFCFACEOUTERBOUND(#2806,.T.);
#2808=IFCFACE((#2807));
#2809=IFCPOLYLOOP((#2712,#2711,#2715,#2714));
#2810=IFCFACEOUTERBOUND(#2809,.T.);
#2811=IFCFACE((#2810));
#2812=IFCPOLYLOOP((#2689,#2712,#2714,#2713));
#2813=IFCFACEOUTERBOUND(#2812,.T.);
#2814=IFCFACE((#2813));
#2815=IFCCARTESIANPOINT((50.,130.,2100.));
#2816=IFCCARTESIANPOINT((50.,130.,0.));
#2817=IFCCARTESIANPOINT((800.,130.,0.));
#2818=IFCCARTESIANPOINT((800.,130.,2100.));
#2819=IFCPOLYLOOP((#2815,#2816,#2817,#2818));
#2820=IFCFACEOUTERBOUND(#2819,.T.);
#2821=IFCFACE((#2820));
#2822=IFCCARTESIANPOINT((50.,175.,2100.));
#2823=IFCCARTESIANPOINT((800.,175.,2100.));
#2824=IFCCARTESIANPOINT((800.,175.,0.));
#2825=IFCCARTESIANPOINT((50.,175.,0.));
#2826=IFCPOLYLOOP((#2822,#2823,#2824,#2825));
#2827=IFCFACEOUTERBOUND(#2826,.T.);
#2828=IFCFACE((#2827));
#2829=IFCPOLYLOOP((#2816,#2815,#2822,#2825));
#2830=IFCFACEOUTERBOUND(#2829,.T.);
#2831=IFCFACE((#2830));
#2832=IFCPOLYLOOP((#2817,#2816,#2825,#2824));
#2833=IFCFACEOUTERBOUND(#2832,.T.);
#2834=IFCFACE((#2833));
#2835=IFCPOLYLOOP((#2818,#2817,#2824,#2823));
#2836=IFCFACEOUTERBOUND(#2835,.T.);
#2837=IFCFACE((#2836));
#2838=IFCPOLYLOOP((#2815,#2818,#2823,#2822));
#2839=IFCFACEOUTERBOUND(#2838,.T.);
#2840=IFCFACE((#2839));
#2841=IFCCARTESIANPOINT((800.,125.237500000005,0.));
#2842=IFCCARTESIANPOINT((800.,175.,0.));
#2843=IFCCARTESIANPOINT((850.,175.,0.));
#2844=IFCCARTESIANPOINT((850.,25.,0.));
#2845=IFCCARTESIANPOINT((800.,25.,0.));
#2846=IFCCARTESIANPOINT((800.,74.2125000000046,0.));
#2847=IFCCARTESIANPOINT((784.125,74.2125000000046,0.));
#2848=IFCCARTESIANPOINT((784.125,125.237500000005,0.));
#2849=IFCPOLYLOOP((#2841,#2842,#2843,#2844,#2845,#2846,#2847,#2848));
#2850=IFCFACEOUTERBOUND(#2849,.T.);
#2851=IFCFACE((#2850));
#2852=IFCCARTESIANPOINT((800.,125.237500000005,2100.));
#2853=IFCCARTESIANPOINT((800.,175.,2100.));
#2854=IFCPOLYLOOP((#2842,#2841,#2852,#2853));
#2855=IFCFACEOUTERBOUND(#2854,.T.);
#2856=IFCFACE((#2855));
#2857=IFCCARTESIANPOINT((50.,175.,2100.));
#2858=IFCCARTESIANPOINT((50.,175.,0.));
#2859=IFCCARTESIANPOINT((0.,175.,0.));
#2860=IFCCARTESIANPOINT((0.,175.,2200.));
#2861=IFCCARTESIANPOINT((850.,175.,2200.));
#2862=IFCPOLYLOOP((#2843,#2842,#2853,#2857,#2858,#2859,#2860,#2861));
#2863=IFCFACEOUTERBOUND(#2862,.T.);
#2864=IFCFACE((#2863));
#2865=IFCCARTESIANPOINT((850.,25.,2200.));
#2866=IFCPOLYLOOP((#2844,#2843,#2861,#2865));
#2867=IFCFACEOUTERBOUND(#2866,.T.);
#2868=IFCFACE((#2867));
#2869=IFCCARTESIANPOINT((0.,25.,2200.));
#2870=IFCCARTESIANPOINT((0.,25.,0.));
#2871=IFCCARTESIANPOINT((50.,25.,0.));
#2872=IFCCARTESIANPOINT((50.,25.,2100.));
#2873=IFCCARTESIANPOINT((800.,25.,2100.));
#2874=IFCPOLYLOOP((#2845,#2844,#2865,#2869,#2870,#2871,#2872,#2873));
#2875=IFCFACEOUTERBOUND(#2874,.T.);
#2876=IFCFACE((#2875));
#2877=IFCCARTESIANPOINT((800.,74.2125000000046,2100.));
#2878=IFCPOLYLOOP((#2846,#2845,#2873,#2877));
#2879=IFCFACEOUTERBOUND(#2878,.T.);
#2880=IFCFACE((#2879));
#2881=IFCCARTESIANPOINT((50.,74.2125000000046,2100.));
#2882=IFCCARTESIANPOINT((50.,74.2125000000046,0.));
#2883=IFCCARTESIANPOINT((65.8749999999999,74.2125000000046,0.));
#2884=IFCCARTESIANPOINT((65.875,74.2125000000046,2084.125));
#2885=IFCCARTESIANPOINT((784.125,74.2125000000046,2084.125));
#2886=IFCPOLYLOOP((#2847,#2846,#2877,#2881,#2882,#2883,#2884,#2885));
#2887=IFCFACEOUTERBOUND(#2886,.T.);
#2888=IFCFACE((#2887));
#2889=IFCCARTESIANPOINT((784.125,125.237500000005,2084.125));
#2890=IFCPOLYLOOP((#2848,#2847,#2885,#2889));
#2891=IFCFACEOUTERBOUND(#2890,.T.);
#2892=IFCFACE((#2891));
#2893=IFCCARTESIANPOINT((65.8749999999998,125.237500000005,2084.125));
#2894=IFCCARTESIANPOINT((65.8749999999998,125.237500000005,0.));
#2895=IFCCARTESIANPOINT((50.,125.237500000005,0.));
#2896=IFCCARTESIANPOINT((50.,125.237500000005,2100.));
#2897=IFCPOLYLOOP((#2841,#2848,#2889,#2893,#2894,#2895,#2896,#2852));
#2898=IFCFACEOUTERBOUND(#2897,.T.);
#2899=IFCFACE((#2898));
#2900=IFCPOLYLOOP((#2853,#2852,#2896,#2857));
#2901=IFCFACEOUTERBOUND(#2900,.T.);
#2902=IFCFACE((#2901));
#2903=IFCPOLYLOOP((#2873,#2872,#2881,#2877));
#2904=IFCFACEOUTERBOUND(#2903,.T.);
#2905=IFCFACE((#2904));
#2906=IFCPOLYLOOP((#2885,#2884,#2893,#2889));
#2907=IFCFACEOUTERBOUND(#2906,.T.);
#2908=IFCFACE((#2907));
#2909=IFCPOLYLOOP((#2859,#2858,#2895,#2894,#2883,#2882,#2871,#2870));
#2910=IFCFACEOUTERBOUND(#2909,.T.);
#2911=IFCFACE((#2910));
#2912=IFCPOLYLOOP((#2858,#2857,#2896,#2895));
#2913=IFCFACEOUTERBOUND(#2912,.T.);
#2914=IFCFACE((#2913));
#2915=IFCPOLYLOOP((#2860,#2859,#2870,#2869));
#2916=IFCFACEOUTERBOUND(#2915,.T.);
#2917=IFCFACE((#2916));
#2918=IFCPOLYLOOP((#2872,#2871,#2882,#2881));
#2919=IFCFACEOUTERBOUND(#2918,.T.);
#2920=IFCFACE((#2919));
#2921=IFCPOLYLOOP((#2884,#2883,#2894,#2893));
#2922=IFCFACEOUTERBOUND(#2921,.T.);
#2923=IFCFACE((#2922));
#2924=IFCPOLYLOOP((#2865,#2861,#2860,#2869));
#2925=IFCFACEOUTERBOUND(#2924,.T.);
#2926=IFCFACE((#2925));
#2927=IFCCLOSEDSHELL((#1489,#1492,#1495,#1498,#1501,#1504,#1507,#1510,#1513,#1516,#1519,#1522,#1525,#1528,#1531,#1534,#1537,#1540,#1543,#1546,#1549,#1552,#1555,#1558,#1561,#1564,#1567,#1570,#1573,#1576,#1579,#1582,#1585,#1588,#1591,#1594,#1597,#1600,#1603,#1606,#1609,#1612,#1615,#1618,#1621,#1624,#1627,#1630,#1633,#1636,#1639,#1642,#1645,#1648,#1651,#1654,#1657,#1660,#1663,#1666,#1669,#1672,#1675,#1678,#1681,#1684,#1687,#1690,#1693,#1696,#1699,#1702,#1705,#1708,#1711,#1714,#1717,#1720,#1723,#1726,#1729,#1732,#1735,#1738,#1741,#1744,#1747,#1750,#1753,#1756,#1759,#1762,#1765,#1768,#1771,#1774,#1777,#1780,#1783,#1786,#1789,#1792,#1795,#1798,#1801,#1804,#1807,#1810,#1813,#1816,#1819,#1822,#1825,#1828,#1831,#1834,#1837,#1840,#1843,#1846,#1849,#1852,#1855,#1858,#1861,#1864,#1867,#1870,#1873,#1876,#1879,#1882,#1885,#1888,#1891,#1894,#1897,#1900,#1903,#1906,#1909,#1912,#1915,#1918,#1921,#1924,#1927,#1930,#1933,#1936,#1939,#1942,#1945,#1948,#1951,#1954,#1957,#1960));
#2928=IFCFACETEDBREP(#2927);
#2929=IFCCOLOURRGB($,0.956862745098039,0.96078431372549,0.964705882352941);
#2930=IFCSURFACESTYLERENDERING(#2929,0.,$,$,$,$,IFCNORMALISEDRATIOMEASURE(0.5),IFCSPECULAREXPONENT(128.),.NOTDEFINED.);
#2931=IFCSURFACESTYLE('Aluminum',.BOTH.,(#2930));
#2932=IFCSTYLEDITEM(#2928,(#2931),$);
#2933=IFCCLOSEDSHELL((#2011,#2014,#2017,#2020,#2023,#2026,#2029,#2032,#2035,#2038,#2041,#2044,#2047,#2050,#2053,#2056,#2059,#2062,#2065,#2068,#2071,#2074,#2077,#2080,#2083,#2086));
#2934=IFCFACETEDBREP(#2933);
#2935=IFCSTYLEDITEM(#2934,(#2931),$);
#2936=IFCCLOSEDSHELL((#2217,#2220,#2223,#2226,#2229,#2232,#2235,#2238,#2241,#2244,#2247,#2250,#2253,#2256,#2259,#2262,#2265,#2268,#2271,#2274,#2277,#2280,#2283,#2286,#2289,#2292,#2295,#2298,#2301,#2304,#2307,#2310,#2313,#2316,#2319,#2322,#2325,#2328,#2331,#2334,#2337,#2340,#2343,#2346,#2349,#2352,#2355,#2358,#2361,#2364,#2367,#2370,#2373,#2376,#2379,#2382,#2385,#2388,#2391,#2394,#2397,#2400,#2403,#2406,#2409,#2412,#2415,#2418,#2421,#2424,#2427,#2430,#2433,#2436,#2439,#2442,#2445,#2448,#2451,#2454,#2457,#2460,#2463,#2466,#2469,#2472,#2475,#2478,#2481,#2484,#2487,#2490,#2493,#2496,#2499,#2502,#2505,#2508,#2511,#2514,#2517,#2520,#2523,#2526,#2529,#2532,#2535,#2538,#2541,#2544,#2547,#2550,#2553,#2556,#2559,#2562,#2565,#2568,#2571,#2574,#2577,#2580,#2583,#2586,#2589,#2592,#2595,#2598,#2601,#2604,#2607,#2610,#2613,#2616,#2619,#2622,#2625,#2628,#2631,#2634,#2637,#2640,#2643,#2646,#2649,#2652,#2655,#2658,#2661,#2664,#2667,#2670,#2673,#2676,#2679,#2682,#2685,#2688));
#2937=IFCFACETEDBREP(#2936);
#2938=IFCSTYLEDITEM(#2937,(#2931),$);
#2939=IFCCLOSEDSHELL((#2739,#2742,#2745,#2748,#2751,#2754,#2757,#2760,#2763,#2766,#2769,#2772,#2775,#2778,#2781,#2784,#2787,#2790,#2793,#2796,#2799,#2802,#2805,#2808,#2811,#2814));
#2940=IFCFACETEDBREP(#2939);
#2941=IFCSTYLEDITEM(#2940,(#2931),$);
#2942=IFCCLOSEDSHELL((#2821,#2828,#2831,#2834,#2837,#2840));
#2943=IFCFACETEDBREP(#2942);
#2944=IFCCOLOURRGB($,0.67843137254902,0.517647058823529,0.376470588235294);
#2945=IFCSURFACESTYLERENDERING(#2944,0.,$,$,$,$,IFCNORMALISEDRATIOMEASURE(0.5),IFCSPECULAREXPONENT(64.),.NOTDEFINED.);
#2946=IFCSURFACESTYLE('Wood - Birch',.BOTH.,(#2945));
#2947=IFCSTYLEDITEM(#2943,(#2946),$);
#2948=IFCCLOSEDSHELL((#2851,#2856,#2864,#2868,#2876,#2880,#2888,#2892,#2899,#2902,#2905,#2908,#2911,#2914,#2917,#2920,#2923,#2926));
#2949=IFCFACETEDBREP(#2948);
#2950=IFCCOLOURRGB($,0.698039215686274,0.698039215686274,0.698039215686274);
#2951=IFCSURFACESTYLERENDERING(#2950,0.,$,$,$,$,IFCNORMALISEDRATIOMEASURE(0.5),IFCSPECULAREXPONENT(128.),.NOTDEFINED.);
#2952=IFCSURFACESTYLE('Metal - Paint Finish - Grey',.BOTH.,(#2951));
#2953=IFCSTYLEDITEM(#2949,(#2952),$);
#2954=IFCSHAPEREPRESENTATION(#24,'Body','Brep',(#2928,#2934,#2937,#2940,#2943,#2949));
#2955=IFCAXIS2PLACEMENT3D(#3,$,$);
#2956=IFCREPRESENTATIONMAP(#2955,#2954);
#2957=IFCDOORLININGPROPERTIES('11kJIqz$n2Jf_DfJR1SDY7',#18,'M_Door-Passage-Single-Flush:750 x 2100mm:1601376',$,$,$,$,$,$,$,$,$,$,$,$,$,$);
#2958=IFCDOORPANELPROPERTIES('11kJIqz$n2Jf_DfJN1SDY7',#18,'M_Door-Passage-Single-Flush:750 x 2100mm:1601376:1',$,$,.SWINGING.,$,.NOTDEFINED.,$);
#2959=IFCDOORTYPE('3oeLGC8agULOQ6b$vtT6L_',#18,'M_Door-Passage-Single-Flush:750 x 2100mm',$,$,(#2957,#2958),(#2956),'1453967',$,.DOOR.,.SINGLE_SWING_RIGHT.,.F.,$);
#2960=IFCMATERIAL('Aluminum',$,'Metal');
#2961=IFCSTYLEDITEM($,(#2931),$);
#2962=IFCSTYLEDREPRESENTATION(#22,'Style','Material',(#2961));
#2963=IFCMATERIALDEFINITIONREPRESENTATION($,$,(#2962),#2960);
#2964=IFCMATERIAL('Wood - Birch',$,'Wood');
#2965=IFCCOLOURRGB($,0.470588235294118,0.470588235294118,0.470588235294118);
#2966=IFCCURVESTYLEFONTPATTERN(317.5,2857.5);
#2967=IFCCURVESTYLEFONT('Wood 4:1',(#2966));
#2968=IFCCURVESTYLE('Wood 4:1',#2967,$,#2965,$);
#2969=IFCCARTESIANPOINT((2082.79994364401,2006.60007514131));
#2970=IFCFILLAREASTYLEHATCHING(#2968,IFCPOSITIVELENGTHMEASURE(127.),$,#2969,216.8699);
#2971=IFCCURVESTYLEFONTPATTERN(709.95159,709.95159);
#2972=IFCCURVESTYLEFONT('Wood 4:2',(#2971));
#2973=IFCCURVESTYLE('Wood 4:2',#2972,$,#2965,$);
#2974=IFCCARTESIANPOINT((-126.999796601473,63.499290054133));
#2975=IFCFILLAREASTYLEHATCHING(#2973,IFCPOSITIVELENGTHMEASURE(283.98089),$,#2974,206.5651);
#2976=IFCCURVESTYLEFONTPATTERN(401.60956,1606.43697);
#2977=IFCCURVESTYLEFONT('Wood 4:3',(#2976));
#2978=IFCCURVESTYLE('Wood 4:3',#2977,$,#2965,$);
#2979=IFCCARTESIANPOINT((-698.50016062229,-317.498790982069));
#2980=IFCFILLAREASTYLEHATCHING(#2978,IFCPOSITIVELENGTHMEASURE(200.80478),$,#2979,198.4349);
#2981=IFCFILLAREASTYLE('Wood 4',(#2970,#2975,#2980),$);
#2982=IFCSTYLEDITEM($,(#2946,#2981),$);
#2983=IFCSTYLEDREPRESENTATION(#22,'Style','Material and Cut Pattern',(#2982));
#2984=IFCMATERIALDEFINITIONREPRESENTATION($,$,(#2983),#2964);
#2985=IFCMATERIAL('Metal - Paint Finish - Grey',$,'Paint');
#2986=IFCSTYLEDITEM($,(#2952),$);
#2987=IFCSTYLEDREPRESENTATION(#22,'Style','Material',(#2986));
#2988=IFCMATERIALDEFINITIONREPRESENTATION($,$,(#2987),#2985);
#2989=IFCMATERIALCONSTITUENT('Hardware',$,#2960,$,'Metal');
#2990=IFCSHAPEREPRESENTATION(#24,'Body','Brep',(#2928,#2934,#2937,#2940));
#2991=IFCSHAPEASPECT((#2990),'Hardware',$,.U.,#2956);
#2992=IFCMATERIALCONSTITUENT('Panel',$,#2964,$,'Wood');
#2993=IFCSHAPEREPRESENTATION(#24,'Body','Brep',(#2943));
#2994=IFCSHAPEASPECT((#2993),'Panel',$,.U.,#2956);
#2995=IFCMATERIALCONSTITUENT('Frame/Mullion',$,#2985,$,'Paint');
#2996=IFCSHAPEREPRESENTATION(#24,'Body','Brep',(#2949));
#2997=IFCSHAPEASPECT((#2996),'Frame/Mullion',$,.U.,#2956);
#2998=IFCMATERIALCONSTITUENTSET($,$,(#2989,#2992,#2995));
#2999=IFCMAPPEDITEM(#2956,#585);
#3000=IFCSHAPEREPRESENTATION(#24,'Body','MappedRepresentation',(#2999));
#3001=IFCPRODUCTDEFINITIONSHAPE($,$,(#3000));
#3002=IFCCARTESIANPOINT((23875.,6500.,0.));
#3003=IFCAXIS2PLACEMENT3D(#3002,$,$);
#3005=IFCDOOR('11kJIqz$n2Jf_DfJV1SDY7',#18,'M_Door-Passage-Single-Flush:750 x 2100mm:1601376',$,'M_Door-Passage-Single-Flush:750 x 2100mm',#3145,#3001,'1601376',2200.,850.000000000002,.DOOR.,.SINGLE_SWING_RIGHT.,$);
#3006=IFCMATERIALCONSTITUENT('Aluminum',$,#2960,$,'Metal');
#3007=IFCMATERIALCONSTITUENT('Wood - Birch',$,#2964,$,'Wood');
#3008=IFCMATERIALCONSTITUENT('Metal - Paint Finish - Grey',$,#2985,$,'Paint');
#3009=IFCMATERIALCONSTITUENTSET($,$,(#3006,#3007,#3008));
#3010=IFCPROPERTYSINGLEVALUE('Reference',$,IFCIDENTIFIER('750 x 2100mm'),$);
#3011=IFCPROPERTYSET('3Ezy9UnRO9oGx8Ujl3bdd0',#18,'Pset_DoorCommon',$,(#268,#3010));
#3012=IFCPROPERTYSET('2hVqH_x8aysh2UXDN4A0Pp',#18,'Pset_EnvironmentalImpactIndicators',$,(#3010));
#3013=IFCRELDEFINESBYPROPERTIES('3O51g6j5hG3qpEPLUml1iS',#18,$,$,(#3005),#3011);
#3014=IFCRELDEFINESBYPROPERTIES('25gZCHDNb2GbLvCaZgxmOz',#18,$,$,(#3005),#3012);
#3015=IFCCLASSIFICATIONREFERENCE('https://www.csiresources.org/standards/uniformat','B2030200','Solid Exterior Doors',#28,'',$);
#3016=IFCAXIS2PLACEMENT3D(#3,$,$);
#3017=IFCLOCALPLACEMENT(#38,#3016);
#3018=IFCCARTESIANPOINT((-4.54747350886464E-13,-9.09494701772928E-13));
#3019=IFCAXIS2PLACEMENT2D(#3018,#11);
#3020=IFCRECTANGLEPROFILEDEF(.AREA.,$,#3019,10375.,10400.);
#3021=IFCCARTESIANPOINT((5000.,5012.5,500.));
#3022=IFCAXIS2PLACEMENT3D(#3021,#10,#7);
#3023=IFCEXTRUDEDAREASOLID(#3020,#3022,#9,300.);
#3024=IFCSTYLEDITEM(#3023,(#508),$);
#3025=IFCSHAPEREPRESENTATION(#24,'Body','SweptSolid',(#3023));
#3026=IFCPRODUCTDEFINITIONSHAPE($,$,(#3025));
#3027=IFCSLAB('11kJIqz$n2Jf_DfJV1SCVP',#18,'Floor:Generic 300mm:1601598',$,'Floor:Generic 300mm',#3017,#3026,'1601598',.FLOOR.);
#3028=IFCMATERIALLAYERSETUSAGE(#519,.AXIS3.,.POSITIVE.,0.,$);
#3029=IFCPROPERTYSET('2KjL1gC1Q0BA5$twhvx3mh',#18,'Pset_EnvironmentalImpactIndicators',$,(#521));
#3030=IFCPROPERTYSINGLEVALUE('Reference',$,IFCLABEL('Generic 300mm'),$);
#3031=IFCPROPERTYSET('3n9HquV1Ffn8UBAV9_ruz3',#18,'Pset_ReinforcementBarPitchOfSlab',$,(#3030));
#3032=IFCPROPERTYSET('0Ts_cqNetfWcTt4PTUwMG$',#18,'Pset_SlabCommon',$,(#45,#521,#525,#526));
#3033=IFCRELDEFINESBYPROPERTIES('3nfsU7AvU1SK0leocEV76E',#18,$,$,(#3027),#3029);
#3034=IFCRELDEFINESBYPROPERTIES('0JRqT3iTIsHmN7wFBGDgc6',#18,$,$,(#3027),#3031);
#3035=IFCRELDEFINESBYPROPERTIES('2gVcWAHbcEkZRUI9$hudBp',#18,$,$,(#3027),#3032);
#3036=IFCPROPERTYSINGLEVALUE('Reference',$,IFCIDENTIFIER('8mm Head'),$);
#3037=IFCPROPERTYSINGLEVALUE('AboveGround',$,IFCLOGICAL(.U.),$);
#3038=IFCPROPERTYSET('16L50AfyZF4hYq5TGET4H4',#18,'Pset_BuildingStoreyCommon',$,(#3036,#3037));
#3039=IFCPROPERTYSET('2J7ac_h5ujdwWuzVwBIIta',#18,'Pset_SpaceCommon',$,(#45,#3036));
#3040=IFCRELDEFINESBYPROPERTIES('2VdfSfkgzGoZi_3SgzE8$0',#18,$,$,(#35),#3038);
#3041=IFCRELDEFINESBYPROPERTIES('3$YdOpA8iaPobC8MDiWxoI',#18,$,$,(#35),#3039);
#3042=IFCRELCONTAINEDINSPATIALSTRUCTURE('2JF4e6axWHqu3u0C5FZlmi',#18,$,$,(#256,#292,#314,#336,#358,#380,#402,#424,#446,#468,#490,#512,#547,#591,#620,#647,#674,#697,#739,#767,#784,#798,#812,#826,#840,#862,#1160,#1240,#1295,#1351,#3005),#35);
#3043=IFCPROPERTYSET('1n34enW33Z_3Qq2Pm1kjQZ',#18,'Pset_BuildingStoreyCommon',$,(#3036,#3037));
#3044=IFCPROPERTYSET('0qNc4$IaPwTvoqOd7IlIE4',#18,'Pset_SpaceCommon',$,(#45,#3036));
#3045=IFCRELDEFINESBYPROPERTIES('36oM8gyLQ5_Z6XoGK5uP1E',#18,$,$,(#39),#3043);
#3046=IFCRELDEFINESBYPROPERTIES('0jA6Vdz$3CfPvu_I1iTL6J',#18,$,$,(#39),#3044);
#3047=IFCRELCONTAINEDINSPATIALSTRUCTURE('1ZGO8hrFCHqw0v0066FpFv',#18,$,$,(#3027),#39);
#3048=IFCRELAGGREGATES('2KFB6YYWgXBmucZ8cm7uCP',#18,$,$,#27,(#42));
#3049=IFCRELAGGREGATES('16_hfJTeCqU7LcG8m10BTS',#18,$,$,#42,(#32));
#3050=IFCRELAGGREGATES('2JF4e6axWHqu3u0C9FZlmi',#18,$,$,#35,(#194,#215,#232));
#3051=IFCRELAGGREGATES('1yhDISh1T5aQqAoygxGIhP',#18,$,$,#32,(#35,#39));
#3052=IFCPROPERTYSINGLEVALUE('NumberOfStoreys',$,IFCCOUNTMEASURE(2),$);
#3053=IFCPROPERTYSINGLEVALUE('IsLandmarked',$,IFCLOGICAL(.U.),$);
#3054=IFCPROPERTYSET('01y_GmllCupEYuBgfGbhkd',#18,'Pset_BuildingCommon',$,(#43,#3052,#3053));
#3055=IFCPROPERTYSET('1rUR7OGyIAkZT62xvibLnd',#18,'Pset_BuildingElementProxyCommon',$,(#43,#45));
#3056=IFCPROPERTYSET('2kFDjjfIaTsBi7MLK$i$Me',#18,'Pset_BuildingStoreyCommon',$,(#43,#3037));
#3057=IFCPROPERTYSET('1TYvb3FgH88mtl04iE5P1T',#18,'Pset_BuildingSystemCommon',$,(#43));
#3058=IFCPROPERTYSET('2W94HCj5xfigmNGtkBMklk',#18,'Pset_SpaceCommon',$,(#43,#45));
#3059=IFCRELDEFINESBYPROPERTIES('0vDjba2fshDEh0_KufwWht',#18,$,$,(#32),#3054);
#3060=IFCRELDEFINESBYPROPERTIES('1V6UQfELB4oPy3GPEaJMPw',#18,$,$,(#32),#3055);
#3061=IFCRELDEFINESBYPROPERTIES('0Vpd75HttOMIhzXutBGgCt',#18,$,$,(#32),#3056);
#3062=IFCRELDEFINESBYPROPERTIES('22VMRBFW9n6_S81yWIP225',#18,$,$,(#32),#3057);
#3063=IFCRELDEFINESBYPROPERTIES('2w3bzVlKnfBVjA3_BjG2II',#18,$,$,(#32),#3058);
#3064=IFCRELASSOCIATESMATERIAL('18oaFcNF56wj7hmdc06Jq5',#18,$,$,(#512),#520);
#3065=IFCRELASSOCIATESMATERIAL('2D1ho8jM1WJNTSSHOUcRXM',#18,$,$,(#3027),#3028);
#3066=IFCRELASSOCIATESMATERIAL('2EGebWtrF4PJfKY1M1W0$8',#18,$,$,(#1121),#1153);
#3067=IFCRELASSOCIATESMATERIAL('3wjGACDr$qNgCFe3Smixh4',#18,$,$,(#1160),#1163);
#3068=IFCRELASSOCIATESMATERIAL('1p0jg4LTTe0lwujSE9xtza',#18,$,$,(#1217),#1233);
#3069=IFCRELASSOCIATESMATERIAL('0K8uvo63BXutcoBWOONRj6',#18,$,$,(#1240),#1243);
#3070=IFCRELASSOCIATESMATERIAL('1B4p9CCJQvS6uJ7lY4LbQW',#18,$,$,(#2959),#2998);
#3071=IFCRELASSOCIATESMATERIAL('3_kIAsR5RgcrjA2ChocVpO',#18,$,$,(#3005),#3009);
#3072=IFCRELASSOCIATESMATERIAL('22T9r9KB1F3JFgePfxkUGp',#18,$,$,(#256,#263,#292,#314,#336,#358,#380,#402,#424,#446,#468,#490,#697,#739,#862,#1351),#262);
#3073=IFCRELASSOCIATESMATERIAL('0QfjMRWx0N0AraD35Xcprq',#18,$,$,(#513),#519);
#3074=IFCRELASSOCIATESMATERIAL('2nRTclS8rihPohAJE571kt',#18,$,$,(#547,#550),#549);
#3075=IFCRELASSOCIATESMATERIAL('1Mphc1iqXPG9v6O3ObBy61',#18,$,$,(#576,#614,#641,#668),#584);
#3076=IFCRELASSOCIATESMATERIAL('1LbUtHsXT_tA2PgohHsVpm',#18,$,$,(#758),#760);
#3077=IFCRELASSOCIATESMATERIAL('29Bp5OMMJjHNegq23Z6wnS',#18,$,$,(#1321,#1331),#1122);
#3078=IFCRELASSOCIATESMATERIAL('0a20Dxgm9PgIzatkOj_0xF',#18,$,$,(#1288,#1295),#1218);
#3079=IFCRELDEFINESBYTYPE('0XqggEdILJvHMIivCZTzSQ',#18,$,$,(#194),#195);
#3080=IFCRELDEFINESBYTYPE('0ukWVPFSqYCnzszjGNe$27',#18,$,$,(#215),#216);
#3081=IFCRELDEFINESBYTYPE('23qzFSJONUGhaaB0o9cIIE',#18,$,$,(#232),#233);
#3082=IFCRELDEFINESBYTYPE('0MSq_ijuC5q4PUKv4QkOsA',#18,$,$,(#256,#292,#314,#336,#358,#380,#402,#424,#446,#468,#490,#697,#739,#862,#1351),#263);
#3083=IFCRELDEFINESBYTYPE('1bgurferyyrfEx97ISVVLa',#18,$,$,(#512,#3027),#513);
#3084=IFCRELDEFINESBYTYPE('1y2Vu$WNSLd6wmSFUTlBIJ',#18,$,$,(#547),#550);
#3085=IFCRELDEFINESBYTYPE('3Jf_EzfcUCxaa27$97s38c',#18,$,$,(#591),#576);
#3086=IFCRELDEFINESBYTYPE('3f1JJ5bv1fkJI6tBujwCI4',#18,$,$,(#620),#614);
#3087=IFCRELDEFINESBYTYPE('0ORqXhfzqSJAlnsEjbRZ0P',#18,$,$,(#647),#641);
#3088=IFCRELDEFINESBYTYPE('2Q_K22XAmrgXbkV_g7wJW7',#18,$,$,(#674),#668);
#3089=IFCRELDEFINESBYTYPE('2ghqTeFXGLpiSf9spt3$wI',#18,$,$,(#767,#784,#798,#812,#826,#840),#758);
#3090=IFCRELDEFINESBYTYPE('2Syd3CN1K0M5aLimwVnPsJ',#18,$,$,(#1160),#1121);
#3091=IFCRELDEFINESBYTYPE('2y0zNXZDwaWlaRmpe81$EK',#18,$,$,(#1240),#1217);
#3092=IFCRELDEFINESBYTYPE('2TJUw7eIYhPwIYkHS9jdFd',#18,$,$,(#1295),#1288);
#3093=IFCRELDEFINESBYTYPE('1lhUbYICoTa5eCDX2lVwUo',#18,$,$,(#1331),#1321);
#3094=IFCRELDEFINESBYTYPE('3FCnKfWtI7pqEiAEMff_ef',#18,$,$,(#3005),#2959);
#3095=IFCRELCONNECTSPATHELEMENTS('0ZkDXw_n7I_EbZTWXoTdXi',#18,'2UsXAbj6n0fwEWqdkVuHup|2UsXAbj6n0fwEWqdkVuHuy','Structural',$,#256,#292,(),(),.ATEND.,.ATSTART.);
#3096=IFCRELCONNECTSPATHELEMENTS('1p5E$$tYrPBXD0Xmn4lY0z',#18,'2UsXAbj6n0fwEWqdkVuHup|22hyxvAPr65PFt9WZfHSc5','Structural',$,#256,#547,(),(),.ATSTART.,.ATEND.);
#3097=IFCRELCONNECTSPATHELEMENTS('1pP9FZ2$HpHoxEZxSZE93S',#18,'2UsXAbj6n0fwEWqdkVuHuy|2UsXAbj6n0fwEWqdkVuHuz','Structural',$,#292,#314,(),(),.ATEND.,.ATSTART.);
#3098=IFCRELCONNECTSPATHELEMENTS('3p2WPVWaVu3H2aUI6MtMlL',#18,'2UsXAbj6n0fwEWqdkVuHuz|22hyxvAPr65PFt9WZfHSc5','Structural',$,#314,#547,(),(),.ATEND.,.ATSTART.);
#3099=IFCRELCONNECTSPATHELEMENTS('0NMi6kHsw$y4LfeTVwmAaZ',#18,'2UsXAbj6n0fwEWqdkVuHvl|2UsXAbj6n0fwEWqdkVuHve','Structural',$,#336,#358,(),(),.ATEND.,.ATSTART.);
#3100=IFCRELCONNECTSPATHELEMENTS('27LfQ2FurjYZDuVKBDx3Pu',#18,'2UsXAbj6n0fwEWqdkVuHvl|2UsXAbj6n0fwEWqdkVuHvg','Structural',$,#336,#402,(),(),.ATSTART.,.ATEND.);
#3101=IFCRELCONNECTSPATHELEMENTS('0volLQ$5LpSFEDGmAS5aEV',#18,'2UsXAbj6n0fwEWqdkVuHve|2UsXAbj6n0fwEWqdkVuHvf','Structural',$,#358,#380,(),(),.ATEND.,.ATSTART.);
#3102=IFCRELCONNECTSPATHELEMENTS('0YDDBU3pnhrV$cMF991lnd',#18,'2UsXAbj6n0fwEWqdkVuHvf|2UsXAbj6n0fwEWqdkVuHvg','Structural',$,#380,#402,(),(),.ATEND.,.ATSTART.);
#3103=IFCRELCONNECTSPATHELEMENTS('0Ow$U7be_DFaT$p9HAKz7z',#18,'2UsXAbj6n0fwEWqdkVuHys|2UsXAbj6n0fwEWqdkVuHyt','Structural',$,#424,#446,(),(),.ATEND.,.ATSTART.);
#3104=IFCRELCONNECTSPATHELEMENTS('1WY4gcf_JUuC5WWuaMCIRv',#18,'2UsXAbj6n0fwEWqdkVuHys|2UsXAbj6n0fwEWqdkVuHyn','Structural',$,#424,#490,(),(),.ATSTART.,.ATEND.);
#3105=IFCRELCONNECTSPATHELEMENTS('11CHYRL9h6iuK22wljO$lD',#18,'2UsXAbj6n0fwEWqdkVuHyt|2UsXAbj6n0fwEWqdkVuHym','Structural',$,#446,#468,(),(),.ATEND.,.ATSTART.);
#3106=IFCRELCONNECTSPATHELEMENTS('31_Z7vwkashEzZmdLii7EQ',#18,'2UsXAbj6n0fwEWqdkVuHym|2UsXAbj6n0fwEWqdkVuHyn','Structural',$,#468,#490,(),(),.ATEND.,.ATSTART.);
#3107=IFCRELCONNECTSPATHELEMENTS('3ese2PR$xk_7Oa8pult_0w',#18,'2UsXAbj6n0fwEWqdkVuHvg|11kJIqz$n2Jf_DfJV1SDYu','Structural',$,#402,#1351,(),(),.ATSTART.,.ATPATH.);
#3108=IFCRELCONNECTSPATHELEMENTS('36Nb_G4qhc65FQ7qDEj55w',#18,'2UsXAbj6n0fwEWqdkVuHve|11kJIqz$n2Jf_DfJV1SDYu','Structural',$,#358,#1351,(),(),.ATEND.,.ATPATH.);
#3109=IFCPRESENTATIONLAYERASSIGNMENT('A-AREA-____-OTLN',$,(#191,#213,#230),$);
#3110=IFCPRESENTATIONLAYERASSIGNMENT('A-WALL-____-OTLN',$,(#244,#254,#283,#290,#305,#312,#327,#334,#349,#356,#371,#378,#393,#400,#415,#422,#437,#444,#459,#466,#481,#488,#538,#545,#688,#695,#730,#737,#853,#860,#1342,#1349),$);
#3111=IFCPRESENTATIONLAYERASSIGNMENT('A-FLOR-____-OTLN',$,(#510,#3025),$);
#3112=IFCPRESENTATIONLAYERASSIGNMENT('S-COLS-____-OTLN',$,(#573,#587,#611,#616,#638,#643,#665,#670,#755,#762,#779,#793,#807,#821,#835),$);
#3113=IFCPRESENTATIONLAYERASSIGNMENT('A-GLAZ-____-OTLN',$,(#1117,#1148,#1151,#1155),$);
#3114=IFCPRESENTATIONLAYERASSIGNMENT('A-GENM-____-OTLN',$,(#1214,#1228,#1231,#1235,#1285,#1290,#1318,#1323),$);
#3115=IFCPRESENTATIONLAYERASSIGNMENT('A-DOOR-____-OTLN',$,(#2954,#2990,#2993,#2996,#3000),$);
#3116=IFCCARTESIANPOINT((750.000000000002,300.));
#3117=IFCAXIS2PLACEMENT2D(#3116,#12);
#3118=IFCRECTANGLEPROFILEDEF(.AREA.,$,#3117,1500.,600.);
#3119=IFCAXIS2PLACEMENT3D(#3,#8,#9);
#3120=IFCEXTRUDEDAREASOLID(#3118,#3119,#9,200.);
#3121=IFCSHAPEREPRESENTATION(#24,'Body','SweptSolid',(#3120));
#3122=IFCPRODUCTDEFINITIONSHAPE($,$,(#3121));
#3123=IFCCARTESIANPOINT((11300.,100.,900.));
#3124=IFCAXIS2PLACEMENT3D(#3123,$,$);
#3125=IFCLOCALPLACEMENT(#390,#3124);
#3126=IFCOPENINGELEMENT('0APGbZXNKfgPNB$VQQZ0pi',#18,'M_Window-Fixed:600 x 1500mm:1601211:1',$,$,#3125,#3122,'1601211',.OPENING.);
#3127=IFCRELVOIDSELEMENT('11kJIqz$n2Jf_DfIF1SDbS',#18,$,$,#402,#3126);
#3128=IFCRELFILLSELEMENT('0qvKzcDEPVdlhEkKNh0JW4',#18,$,$,#3126,#1160);
#3129=IFCAXIS2PLACEMENT3D(#3,#9,#6);
#3130=IFCLOCALPLACEMENT(#3125,#3129);
#3131=IFCCARTESIANPOINT((1100.,425.));
#3132=IFCAXIS2PLACEMENT2D(#3131,#11);
#3133=IFCRECTANGLEPROFILEDEF(.AREA.,$,#3132,2200.,850.);
#3134=IFCAXIS2PLACEMENT3D(#3,#8,#9);
#3135=IFCEXTRUDEDAREASOLID(#3133,#3134,#9,200.);
#3136=IFCSHAPEREPRESENTATION(#24,'Body','SweptSolid',(#3135));
#3137=IFCPRODUCTDEFINITIONSHAPE($,$,(#3136));
#3138=IFCCARTESIANPOINT((5325.,100.,0.));
#3139=IFCAXIS2PLACEMENT3D(#3138,$,$);
#3140=IFCLOCALPLACEMENT(#1339,#3139);
#3141=IFCOPENINGELEMENT('1U$$kq6emLyOkmIlVkRzzn',#18,'M_Door-Passage-Single-Flush:750 x 2100mm:1601376:1',$,$,#3140,#3137,'1601376',.OPENING.);
#3142=IFCRELVOIDSELEMENT('11kJIqz$n2Jf_DfIF1SDY7',#18,$,$,#1351,#3141);
#3143=IFCRELFILLSELEMENT('1yooKJKPNPqA4iKSxI8$Nm',#18,$,$,#3141,#3005);
#3144=IFCAXIS2PLACEMENT3D(#3,#9,#6);
#3145=IFCLOCALPLACEMENT(#3140,#3144);
#3146=IFCRELCONTAINEDINSPATIALSTRUCTURE('0w8vcze9y43BUg91vqOPTn',#18,$,$,(#1331),#215);
#3147=IFCRELASSOCIATESCLASSIFICATION('3jepPOLs$YAYYEoeHL73XF',#18,'Exterior Walls','Exterior Walls:B2010',(#256,#292,#314,#336,#358,#380,#402,#424,#446,#468,#490,#547,#697,#739,#862,#1351),#275);
#3148=IFCRELASSOCIATESCLASSIFICATION('3yMjzhwCy0eB_B5S5_xijK',#18,'Windows','Windows:B2020100',(#1160),#1170);
#3149=IFCRELASSOCIATESCLASSIFICATION('2FHEBAY$q7FI10o2vwSQn8',#18,'Solid Exterior Doors','Solid Exterior Doors:B2030200',(#3005),#3015);
#3150=IFCUNITASSIGNMENT((#19,#193,#212));
#3151=IFCCARTESIANPOINT((0.,0.,0.));
#3152=IFCDIRECTION((0.,0.,1.));
#3153=IFCDIRECTION((1.,0.,0.));
#3154=IFCAXIS2PLACEMENT3D(#3151,#3152,#3153);
#3155=IFCLOCALPLACEMENT(#368,#3154);
#3156=IFCDOORTYPE('1hWl3dGrn2hvmDfCsj2TeR',#18,'Simple Door Type',$,$,$,$,$,$,.DOOR.,.SINGLE_SWING_LEFT.,.T.,$);
#3157=IFCDOOR('07nzV2iWL4uxhMWUnnArhU',#18,'Door 2x1m',$,$,#3155,$,$,2.,1.,$,$,$);
#3158=IFCRELDEFINESBYTYPE('1sYoagQn9D1AWn9dDkJ5_9',#18,$,$,(#3157),#3156);
#3159=IFCOPENINGELEMENT('2TkhaVyYb1phPz5j_cN0mr',#18,'Door Opening',$,$,#3155,$,$,$);
#3160=IFCRELVOIDSELEMENT('08lbFZv5f3FRtB3MrfY0fr',#18,$,$,#380,#3159);
#3161=IFCRELFILLSELEMENT('3CfjU29PHAZeuyTcU7FflM',#18,$,$,#3159,#3157);
ENDSEC;
END-ISO-10303-21;
