ISO-10303-21;
HEADER;
FILE_DESCRIPTION(('ViewDefinition [CoordinationView]','RevitIdentifiers [ContentGUID: cbb0ae2e-6350-4225-8ca4-af668662c38d, VersionGUID: 42969cce-58ac-4bc3-943a-7896c173178a, NumberOfSaves: 41]','CoordinateReference [CoordinateBase: Shared Coordinates]'),'2;1');
FILE_NAME('02_00_011.ifc','2026-01-19T15:50:47+01:00',(''),(''),'ODA SDAI 24.6','Autodesk Revit 24.3.30.11 (ENU) - IFC 24.3.30.11','');
FILE_SCHEMA(('IFC4X3'));
ENDSEC;
DATA;
#1=IFCORGANIZATION($,'Autodesk Revit 2024 (ENU)',$,$,$);
#2=IFCAPPLICATION(#1,'2024','Autodesk Revit 2024 (ENU)','Revit');
#3=IFCCARTESIANPOINT((0.,0.,0.));
#4=IFCCARTESIANPOINT((0.,0.));
#5=IFCDIRECTION((1.,0.,0.));
#6=IFCDIRECTION((-1.,0.,0.));
#7=IFCDIRECTION((0.,1.,0.));
#8=IFCDIRECTION((0.,-1.,0.));
#9=IFCDIRECTION((0.,0.,1.));
#10=IFCDIRECTION((0.,0.,-1.));
#11=IFCDIRECTION((1.,0.));
#12=IFCDIRECTION((-1.,0.));
#13=IFCDIRECTION((0.,1.));
#14=IFCDIRECTION((0.,-1.));
#15=IFCPERSON($,'','h.helming',$,$,$,$,$);
#16=IFCORGANIZATION($,'Organization Name','Organization Description',$,$);
#17=IFCPERSONANDORGANIZATION(#15,#16,$);
#18=IFCOWNERHISTORY(#17,#2,$,.NOCHANGE.,$,$,$,1768050112);
#19=IFCSIUNIT(*,.LENGTHUNIT.,.MILLI.,.METRE.);
#20=IFCAXIS2PLACEMENT3D(#3,$,$);
#21=IFCDIRECTION((6.12303176911189E-17,1.));
#22=IFCGEOMETRICREPRESENTATIONCONTEXT($,'Model',3,0.01,#20,#21);
#23=IFCGEOMETRICREPRESENTATIONSUBCONTEXT('Axis','Model',*,*,*,*,#22,$,.GRAPH_VIEW.,$);
#24=IFCGEOMETRICREPRESENTATIONSUBCONTEXT('Body','Model',*,*,*,*,#22,$,.MODEL_VIEW.,$);
#25=IFCGEOMETRICREPRESENTATIONSUBCONTEXT('Box','Model',*,*,*,*,#22,$,.MODEL_VIEW.,$);
#26=IFCGEOMETRICREPRESENTATIONSUBCONTEXT('FootPrint','Model',*,*,*,*,#22,$,.MODEL_VIEW.,$);
#27=IFCPROJECT('3BiAukOr129OoahsPvdJnz',#18,'Project Number',$,$,'Project Name','Project Status',(#22),#16754);
#28=IFCCLASSIFICATION('CSI (Construction Specifications Institute)','1998',$,'Uniformat','UniFormat Classification','https://www.csiresources.org/standards/uniformat',$);
#29=IFCAXIS2PLACEMENT3D(#3,$,$);
#30=IFCLOCALPLACEMENT(#45,#29);
#31=IFCPOSTALADDRESS($,$,$,$,('Enter address hereAddress Line 2'),$,'','Boston','','MA');
#32=IFCBUILDING('3BiAukOr129OoahsPvdJny',#18,'Building Name',$,$,#30,$,'Building Name',.ELEMENT.,$,$,#31);
#33=IFCAXIS2PLACEMENT3D(#3,$,$);
#34=IFCLOCALPLACEMENT(#30,#33);
#35=IFCBUILDINGSTOREY('2JF4e6axWHqu3u0C1FZlmi',#18,'L1',$,'Level:8mm Head',#34,$,'L1',.ELEMENT.,0.);
#36=IFCCARTESIANPOINT((0.,0.,3000.));
#37=IFCAXIS2PLACEMENT3D(#36,$,$);
#38=IFCLOCALPLACEMENT(#30,#37);
#39=IFCBUILDINGSTOREY('1ZGO8hrFCHqw0v0026FpFv',#18,'L2',$,'Level:8mm Head',#38,$,'L2',.ELEMENT.,3000.);
#40=IFCCARTESIANPOINT((0.,0.,6000.));
#41=IFCAXIS2PLACEMENT3D(#40,$,$);
#42=IFCLOCALPLACEMENT(#30,#41);
#43=IFCBUILDINGSTOREY('3NX6vfz5v9fPuEx9Our9RW',#18,'L3',$,'Level:8mm Head',#42,$,'L3',.ELEMENT.,6000.);
#44=IFCAXIS2PLACEMENT3D(#3,$,$);
#45=IFCLOCALPLACEMENT($,#44);
#46=IFCSITE('3BiAukOr129OoahsPvdJn$',#18,'Default',$,$,#45,$,$,.ELEMENT.,(42,21,31,401672),(-71,-3,-24,-345703),0.,$,$);
#47=IFCPROPERTYSINGLEVALUE('Reference',$,IFCIDENTIFIER('Project Information'),$);
#48=IFCPROPERTYSET('2mFJcO6I01h0OYRLOICO3c',#18,'Pset_SiteCommon',$,(#47));
#49=IFCPROPERTYSINGLEVALUE('IsExternal',$,IFCBOOLEAN(.F.),$);
#50=IFCPROPERTYSET('0O$B2PbAODr9jYnpcaZGJT',#18,'Pset_SpaceCommon',$,(#47,#49));
#51=IFCRELDEFINESBYPROPERTIES('2fDrcjst0HFayqQ3dY1cGQ',#18,$,$,(#46),#48);
#52=IFCRELDEFINESBYPROPERTIES('1lYkP70lXSGXnZeJnLC8MY',#18,$,$,(#46),#50);
#69=IFCAXIS2PLACEMENT3D(#3,$,$);
#70=IFCLOCALPLACEMENT(#34,#69);
#71=IFCCARTESIANPOINT((6.48014975013211E-12,2.95585778076202E-12));
#72=IFCAXIS2PLACEMENT2D(#71,#11);
#73=IFCRECTANGLEPROFILEDEF(.AREA.,$,#72,2899.99999999996,4049.99999999999);
#74=IFCCARTESIANPOINT((6675.,4250.,0.));
#75=IFCAXIS2PLACEMENT3D(#74,#9,#7);
#76=IFCEXTRUDEDAREASOLID(#73,#75,#9,2700.);
#77=IFCSIUNIT(*,.PLANEANGLEUNIT.,$,.RADIAN.);
#78=IFCDIMENSIONALEXPONENTS(0,0,0,0,0,0,0);
#79=IFCMEASUREWITHUNIT(IFCPLANEANGLEMEASURE(0.0174532925199433),#77);
#80=IFCCONVERSIONBASEDUNIT(#78,.PLANEANGLEUNIT.,'DEGREE',#79);
#81=IFCSIUNIT(*,.AREAUNIT.,$,.SQUARE_METRE.);
#82=IFCSHAPEREPRESENTATION(#24,'Body','SweptSolid',(#76));
#83=IFCPRODUCTDEFINITIONSHAPE($,$,(#82));
#84=IFCSPACE('3LaxXmfID1XOBT9i9ZV$ua',#18,'137',$,$,#70,#83,'pilotroom',.ELEMENT.,.NOTDEFINED.,$);
#85=IFCSPACETYPE('3LaxXmfID1XOBTBi9ZV$ua',#18,'pilotroom 137:1623293',$,$,$,$,'1623293',$,.NOTDEFINED.,$);
#86=IFCPROPERTYSINGLEVALUE('Reference',$,IFCIDENTIFIER('pilotroom 137'),$);
#87=IFCPROPERTYSET('0D7ERqReL7uryy80ZJLoPJ',#18,'Pset_SpaceCommon',$,(#49,#86));
#88=IFCPROPERTYSET('2DWMWdkN5Man0N1mnYj8c_',#18,'Pset_SpaceHeaterTypeCommon',$,(#86));
#89=IFCRELDEFINESBYPROPERTIES('3eRmERejv71EidDBceeK07',#18,$,$,(#84),#87);
#90=IFCRELDEFINESBYPROPERTIES('2z2gfxUZYHos9WkEhjp0OX',#18,$,$,(#84),#88);
#91=IFCCARTESIANPOINT((8800.,0.,0.));
#92=IFCAXIS2PLACEMENT3D(#91,#9,#7);
#93=IFCLOCALPLACEMENT(#34,#92);
#94=IFCCARTESIANPOINT((5900.,-0.));
#95=IFCPOLYLINE((#4,#94));
#96=IFCSHAPEREPRESENTATION(#23,'Axis','Curve2D',(#95));
#97=IFCCARTESIANPOINT((2949.99999999998,-9.2370555648813E-14));
#98=IFCAXIS2PLACEMENT2D(#97,#12);
#99=IFCRECTANGLEPROFILEDEF(.AREA.,$,#98,5899.99999999996,200.);
#100=IFCAXIS2PLACEMENT3D(#3,$,$);
#101=IFCEXTRUDEDAREASOLID(#99,#100,#9,2700.);
#102=IFCCARTESIANPOINT((5900.,-0.));
#103=IFCCARTESIANPOINT((5900.,200.));
#104=IFCCARTESIANPOINT((5700.,200.));
#105=IFCCARTESIANPOINT((2800.,200.));
#106=IFCCARTESIANPOINT((2600.,200.));
#107=IFCCARTESIANPOINT((200.,200.));
#108=IFCCARTESIANPOINT((-0.,200.));
#109=IFCPOLYLINE((#4,#102,#103,#104,#105,#106,#107,#108,#4));
#110=IFCCARTESIANPOINT((0.,-100.,2700.));
#111=IFCAXIS2PLACEMENT3D(#110,#10,#7);
#112=IFCPLANE(#111);
#113=IFCCARTESIANPOINT((0.,-100.,2700.));
#114=IFCAXIS2PLACEMENT3D(#113,$,$);
#115=IFCPOLYGONALBOUNDEDHALFSPACE(#112,.T.,#114,#109);
#116=IFCBOOLEANCLIPPINGRESULT(.DIFFERENCE.,#101,#115);
#117=IFCCOLOURRGB($,0.752941176470588,0.752941176470588,0.752941176470588);
#118=IFCSURFACESTYLERENDERING(#117,0.,$,$,$,$,IFCNORMALISEDRATIOMEASURE(0.5),IFCSPECULAREXPONENT(10.),.NOTDEFINED.);
#119=IFCSURFACESTYLE('Default Wall',.BOTH.,(#118));
#120=IFCSTYLEDITEM(#101,(#119),$);
#121=IFCSHAPEREPRESENTATION(#24,'Body','Clipping',(#116));
#122=IFCPRODUCTDEFINITIONSHAPE($,$,(#96,#121));
#123=IFCWALL('3BWdP87i9Ef9$qXUk0QtZE',#18,'Basic Wall:Generic - 200mm:1611161',$,'Basic Wall:Generic - 200mm',#93,#122,'1611161',.NOTDEFINED.);
#124=IFCMATERIAL('Default Wall',$,'Miscellaneous');
#125=IFCSTYLEDITEM($,(#119),$);
#126=IFCSTYLEDREPRESENTATION(#22,'Style','Material',(#125));
#127=IFCMATERIALDEFINITIONREPRESENTATION($,$,(#126),#124);
#128=IFCMATERIALLAYER(#124,200.,$,'Layer',$,'Miscellaneous',$);
#129=IFCMATERIALLAYERSET((#128),'Basic Wall:Generic - 200mm',$);
#130=IFCWALLTYPE('1xZrMVYp52mhf4uMzw11Hk',#18,'Basic Wall:Generic - 200mm',$,$,(#144),$,'441451',$,.STANDARD.);
#131=IFCPROPERTYSINGLEVALUE('Reference',$,IFCIDENTIFIER('Generic - 200mm'),$);
#132=IFCPROPERTYSET('1735SIrQKwN2CGvfp1jRlu',#18,'Pset_EnvironmentalImpactIndicators',$,(#131));
#133=IFCPROPERTYSINGLEVALUE('Reference',$,IFCLABEL('Generic - 200mm'),$);
#134=IFCPROPERTYSET('2KVYgM5YsNhlsQDf7LOtIF',#18,'Pset_ReinforcementBarPitchOfWall',$,(#133));
#135=IFCPROPERTYSINGLEVALUE('IsExternal',$,IFCBOOLEAN(.T.),$);
#136=IFCPROPERTYSINGLEVALUE('LoadBearing',$,IFCBOOLEAN(.F.),$);
#137=IFCPROPERTYSINGLEVALUE('ExtendToStructure',$,IFCBOOLEAN(.T.),$);
#138=IFCPROPERTYSET('1pxbEQAuhkAUXIWRK_AMfp',#18,'Pset_WallCommon',$,(#131,#135,#136,#137));
#139=IFCRELDEFINESBYPROPERTIES('1cDiolv8m$N5hpboBG8XOl',#18,$,$,(#123),#132);
#140=IFCRELDEFINESBYPROPERTIES('261lE4m108YXaBLRMrKqNx',#18,$,$,(#123),#134);
#141=IFCRELDEFINESBYPROPERTIES('0HjrH_A8mocs7uv4zpa$2O',#18,$,$,(#123),#138);
#142=IFCCLASSIFICATIONREFERENCE('https://www.csiresources.org/standards/uniformat','B2010','Exterior Walls',#28,'',$);
#143=IFCPROPERTYSINGLEVALUE('Description',$,IFCTEXT('Generic Wall (Material By Category), 200mm thick'),$);
#144=IFCPROPERTYSET('2L7lvTstnIeeydfwzfZZLR',#18,'Pset_ReinforcementBarPitchOfWall',$,(#143));
#145=IFCCARTESIANPOINT((4450.,100.,0.));
#146=IFCAXIS2PLACEMENT3D(#145,$,$);
#147=IFCLOCALPLACEMENT(#34,#146);
#148=IFCCARTESIANPOINT((4250.,0.));
#149=IFCPOLYLINE((#4,#148));
#150=IFCSHAPEREPRESENTATION(#23,'Axis','Curve2D',(#149));
#151=IFCCARTESIANPOINT((2124.99999999999,0.));
#152=IFCAXIS2PLACEMENT2D(#151,#12);
#153=IFCRECTANGLEPROFILEDEF(.AREA.,$,#152,4249.99999999998,200.);
#154=IFCAXIS2PLACEMENT3D(#3,$,$);
#155=IFCEXTRUDEDAREASOLID(#153,#154,#9,2700.);
#156=IFCCARTESIANPOINT((4250.,0.));
#157=IFCCARTESIANPOINT((4250.,200.));
#158=IFCCARTESIANPOINT((200.,200.));
#159=IFCCARTESIANPOINT((-0.,200.));
#160=IFCPOLYLINE((#4,#156,#157,#158,#159,#4));
#161=IFCCARTESIANPOINT((0.,-100.,2700.));
#162=IFCAXIS2PLACEMENT3D(#161,#10,#6);
#163=IFCPLANE(#162);
#164=IFCCARTESIANPOINT((0.,-100.,2700.));
#165=IFCAXIS2PLACEMENT3D(#164,$,$);
#166=IFCPOLYGONALBOUNDEDHALFSPACE(#163,.T.,#165,#160);
#167=IFCBOOLEANCLIPPINGRESULT(.DIFFERENCE.,#155,#166);
#168=IFCSTYLEDITEM(#155,(#119),$);
#169=IFCSHAPEREPRESENTATION(#24,'Body','Clipping',(#167));
#170=IFCPRODUCTDEFINITIONSHAPE($,$,(#150,#169));
#171=IFCWALL('3BWdP87i9Ef9$qXUk0QtfL',#18,'Basic Wall:Generic - 200mm:1611522',$,'Basic Wall:Generic - 200mm',#147,#170,'1611522',.NOTDEFINED.);
#172=IFCPROPERTYSET('2NCZln9z90jZ0ziND6iiTC',#18,'Pset_EnvironmentalImpactIndicators',$,(#131));
#173=IFCPROPERTYSINGLEVALUE('Reference',$,IFCLABEL('Generic - 200mm'),$);
#174=IFCPROPERTYSET('2B$8PrvvJraqTtvI1Ih96a',#18,'Pset_ReinforcementBarPitchOfWall',$,(#173));
#175=IFCPROPERTYSET('2NpMF0Ra$X5hs1NFpdGXra',#18,'Pset_WallCommon',$,(#131,#135,#136,#137));
#176=IFCRELDEFINESBYPROPERTIES('3Gr6VdzOV082jOXrfuM9rD',#18,$,$,(#171),#172);
#177=IFCRELDEFINESBYPROPERTIES('1_FohTNIcpSY2fHDq834ml',#18,$,$,(#171),#174);
#178=IFCRELDEFINESBYPROPERTIES('1eD23GFASbtZQf0X0xAR3w',#18,$,$,(#171),#175);
#179=IFCCARTESIANPOINT((100.,5900.,0.));
#180=IFCAXIS2PLACEMENT3D(#179,#9,#8);
#181=IFCLOCALPLACEMENT(#34,#180);
#182=IFCCARTESIANPOINT((5900.,-0.));
#183=IFCPOLYLINE((#4,#182));
#184=IFCSHAPEREPRESENTATION(#23,'Axis','Curve2D',(#183));
#185=IFCCARTESIANPOINT((2949.99999999999,-2.1316282072803E-14));
#186=IFCAXIS2PLACEMENT2D(#185,#12);
#187=IFCRECTANGLEPROFILEDEF(.AREA.,$,#186,5899.99999999999,200.);
#188=IFCAXIS2PLACEMENT3D(#3,$,$);
#189=IFCEXTRUDEDAREASOLID(#187,#188,#9,3000.);
#190=IFCSTYLEDITEM(#189,(#119),$);
#191=IFCSHAPEREPRESENTATION(#24,'Body','SweptSolid',(#189));
#192=IFCPRODUCTDEFINITIONSHAPE($,$,(#184,#191));
#193=IFCWALL('3BWdP87i9Ef9$qXUk0QtIo',#18,'Basic Wall:Generic - 200mm:1612261',$,'Basic Wall:Generic - 200mm',#181,#192,'1612261',.NOTDEFINED.);
#194=IFCPROPERTYSET('1Rnld6Rpmtn8siZk2CfvHf',#18,'Pset_EnvironmentalImpactIndicators',$,(#131));
#195=IFCPROPERTYSINGLEVALUE('Reference',$,IFCLABEL('Generic - 200mm'),$);
#196=IFCPROPERTYSET('0iTrBuc_KdTlme6cn3oGWs',#18,'Pset_ReinforcementBarPitchOfWall',$,(#195));
#197=IFCPROPERTYSINGLEVALUE('ExtendToStructure',$,IFCBOOLEAN(.F.),$);
#198=IFCPROPERTYSET('2sQtwgsL1Df9PJCmL$4RbM',#18,'Pset_WallCommon',$,(#131,#135,#136,#197));
#199=IFCRELDEFINESBYPROPERTIES('0mC7e$Bdq6dfC3X0k$e4Su',#18,$,$,(#193),#194);
#200=IFCRELDEFINESBYPROPERTIES('0uCUXx3RV9X7iPx_e8ApOr',#18,$,$,(#193),#196);
#201=IFCRELDEFINESBYPROPERTIES('0jHV8fv59jA9U2YuTu7vs1',#18,$,$,(#193),#198);
#202=IFCCARTESIANPOINT((8700.,5800.,0.));
#203=IFCAXIS2PLACEMENT3D(#202,#9,#6);
#204=IFCLOCALPLACEMENT(#34,#203);
#205=IFCCARTESIANPOINT((4250.,0.));
#206=IFCPOLYLINE((#4,#205));
#207=IFCSHAPEREPRESENTATION(#23,'Axis','Curve2D',(#206));
#208=IFCCARTESIANPOINT((2125.00000000003,4.19220214098459E-13));
#209=IFCAXIS2PLACEMENT2D(#208,#12);
#210=IFCRECTANGLEPROFILEDEF(.AREA.,$,#209,4250.00000000007,200.);
#211=IFCAXIS2PLACEMENT3D(#3,$,$);
#212=IFCEXTRUDEDAREASOLID(#210,#211,#9,2700.);
#213=IFCCARTESIANPOINT((4250.,0.));
#214=IFCCARTESIANPOINT((4250.,200.));
#215=IFCCARTESIANPOINT((4050.,200.));
#216=IFCCARTESIANPOINT((-0.,200.));
#217=IFCPOLYLINE((#4,#213,#214,#215,#216,#4));
#218=IFCCARTESIANPOINT((0.,-100.,2700.));
#219=IFCAXIS2PLACEMENT3D(#218,#10,#5);
#220=IFCPLANE(#219);
#221=IFCCARTESIANPOINT((0.,-100.,2700.));
#222=IFCAXIS2PLACEMENT3D(#221,$,$);
#223=IFCPOLYGONALBOUNDEDHALFSPACE(#220,.T.,#222,#217);
#224=IFCBOOLEANCLIPPINGRESULT(.DIFFERENCE.,#212,#223);
#225=IFCSTYLEDITEM(#212,(#119),$);
#226=IFCSHAPEREPRESENTATION(#24,'Body','Clipping',(#224));
#227=IFCPRODUCTDEFINITIONSHAPE($,$,(#207,#226));
#228=IFCWALL('3BWdP87i9Ef9$qXUk0QtIn',#18,'Basic Wall:Generic - 200mm:1612262',$,'Basic Wall:Generic - 200mm',#204,#227,'1612262',.NOTDEFINED.);
#229=IFCPROPERTYSET('1XKVunZ6pjd3JGdcnNLiUU',#18,'Pset_EnvironmentalImpactIndicators',$,(#131));
#230=IFCPROPERTYSINGLEVALUE('Reference',$,IFCLABEL('Generic - 200mm'),$);
#231=IFCPROPERTYSET('3D55CqpN1VW5s1MKuGe5$t',#18,'Pset_ReinforcementBarPitchOfWall',$,(#230));
#232=IFCPROPERTYSET('0RwYKLedftHjuT_nJEqX9J',#18,'Pset_WallCommon',$,(#131,#135,#136,#137));
#233=IFCRELDEFINESBYPROPERTIES('0IiMQ1IV7IatyUTYv2L9F4',#18,$,$,(#228),#229);
#234=IFCRELDEFINESBYPROPERTIES('35A5v6FIaoU3yCU6S03qKI',#18,$,$,(#228),#231);
#235=IFCRELDEFINESBYPROPERTIES('0tjyeAL3lLX5QxvBN3fqgp',#18,$,$,(#228),#232);
#236=IFCCARTESIANPOINT((734.99062500002,134.699999999999,1000.));
#237=IFCCARTESIANPOINT((734.649883262911,134.699999999999,997.411809548975));
#238=IFCCARTESIANPOINT((733.650879037864,134.699999999999,995.));
#239=IFCCARTESIANPOINT((732.061692811885,134.699999999999,992.928932188135));
#240=IFCCARTESIANPOINT((729.99062500002,134.699999999999,991.339745962156));
#241=IFCCARTESIANPOINT((727.578815451045,134.699999999999,990.340741737109));
#242=IFCCARTESIANPOINT((724.99062500002,134.699999999999,990.));
#243=IFCCARTESIANPOINT((722.402434548995,134.699999999999,990.340741737109));
#244=IFCCARTESIANPOINT((719.99062500002,134.699999999999,991.339745962155));
#245=IFCCARTESIANPOINT((717.919557188154,134.699999999999,992.928932188134));
#246=IFCCARTESIANPOINT((716.330370962175,134.699999999999,995.));
#247=IFCCARTESIANPOINT((715.331366737129,134.699999999999,997.411809548974));
#248=IFCCARTESIANPOINT((714.99062500002,134.699999999999,1000.));
#249=IFCCARTESIANPOINT((715.331366737129,134.699999999999,1002.58819045103));
#250=IFCCARTESIANPOINT((716.330370962175,134.699999999999,1005.));
#251=IFCCARTESIANPOINT((717.919557188154,134.699999999999,1007.07106781187));
#252=IFCCARTESIANPOINT((719.99062500002,134.699999999999,1008.66025403784));
#253=IFCCARTESIANPOINT((722.402434548995,134.699999999999,1009.65925826289));
#254=IFCCARTESIANPOINT((724.99062500002,134.699999999999,1010.));
#255=IFCCARTESIANPOINT((727.578815451045,134.699999999999,1009.65925826289));
#256=IFCCARTESIANPOINT((729.99062500002,134.699999999999,1008.66025403784));
#257=IFCCARTESIANPOINT((732.061692811885,134.699999999999,1007.07106781187));
#258=IFCCARTESIANPOINT((733.650879037864,134.699999999999,1005.));
#259=IFCCARTESIANPOINT((734.649883262911,134.699999999999,1002.58819045103));
#260=IFCCARTESIANPOINT((734.99062500002,104.7,1000.));
#261=IFCCARTESIANPOINT((734.649883262911,104.7,997.411809548975));
#262=IFCCARTESIANPOINT((733.650879037864,104.7,995.));
#263=IFCCARTESIANPOINT((732.061692811885,104.7,992.928932188135));
#264=IFCCARTESIANPOINT((729.99062500002,104.7,991.339745962156));
#265=IFCCARTESIANPOINT((727.578815451045,104.7,990.340741737109));
#266=IFCCARTESIANPOINT((724.99062500002,104.7,990.));
#267=IFCCARTESIANPOINT((722.402434548995,104.7,990.340741737109));
#268=IFCCARTESIANPOINT((719.99062500002,104.7,991.339745962155));
#269=IFCCARTESIANPOINT((717.919557188154,104.7,992.928932188134));
#270=IFCCARTESIANPOINT((716.330370962175,104.7,995.));
#271=IFCCARTESIANPOINT((715.331366737129,104.7,997.411809548974));
#272=IFCCARTESIANPOINT((714.99062500002,104.7,1000.));
#273=IFCCARTESIANPOINT((715.331366737129,104.7,1002.58819045103));
#274=IFCCARTESIANPOINT((716.330370962175,104.7,1005.));
#275=IFCCARTESIANPOINT((717.919557188154,104.7,1007.07106781187));
#276=IFCCARTESIANPOINT((719.99062500002,104.7,1008.66025403784));
#277=IFCCARTESIANPOINT((722.402434548995,104.7,1009.65925826289));
#278=IFCCARTESIANPOINT((724.99062500002,104.7,1010.));
#279=IFCCARTESIANPOINT((727.578815451045,104.7,1009.65925826289));
#280=IFCCARTESIANPOINT((729.99062500002,104.7,1008.66025403784));
#281=IFCCARTESIANPOINT((732.061692811885,104.7,1007.07106781187));
#282=IFCCARTESIANPOINT((733.650879037864,104.7,1005.));
#283=IFCCARTESIANPOINT((734.649883262911,104.7,1002.58819045103));
#284=IFCCARTESIANPOINT((709.990625000013,99.6999999999925,1000.));
#285=IFCCARTESIANPOINT((713.526158905951,101.164466094062,1000.));
#286=IFCCARTESIANPOINT((731.64126009463,92.1999999999959,1000.));
#287=IFCCARTESIANPOINT((722.490625000016,83.0493649053823,1000.));
#288=IFCCARTESIANPOINT((709.990625000013,79.6999999999923,1000.));
#289=IFCCARTESIANPOINT((709.990625000013,80.0407417371016,997.411809548975));
#290=IFCCARTESIANPOINT((709.990625000013,81.0397459621479,995.));
#291=IFCCARTESIANPOINT((709.990625000013,82.6289321881268,992.928932188134));
#292=IFCCARTESIANPOINT((709.990625000013,84.6999999999923,991.339745962155));
#293=IFCCARTESIANPOINT((709.990625000013,87.1118095489671,990.340741737109));
#294=IFCCARTESIANPOINT((709.990625000013,89.6999999999923,990.));
#295=IFCCARTESIANPOINT((709.990625000013,92.2881904510175,990.340741737109));
#296=IFCCARTESIANPOINT((709.990625000013,94.6999999999924,991.339745962155));
#297=IFCCARTESIANPOINT((709.990625000013,96.7710678118579,992.928932188134));
#298=IFCCARTESIANPOINT((709.990625000013,98.3602540378368,995.));
#299=IFCCARTESIANPOINT((709.990625000013,99.3592582628832,997.411809548974));
#300=IFCCARTESIANPOINT((733.284807456536,98.3338022592733,1000.));
#301=IFCCARTESIANPOINT((716.356822781358,81.4058175543607,1000.));
#302=IFCCARTESIANPOINT((734.137716228278,101.516901129636,1000.));
#303=IFCCARTESIANPOINT((713.173723890686,80.5529087771765,1000.));
#304=IFCCARTESIANPOINT((734.564170614149,103.108450564818,1000.));
#305=IFCCARTESIANPOINT((711.582174445349,80.1264543885844,1000.));
#306=IFCCARTESIANPOINT((727.065942547323,87.6246824526891,1000.));
#307=IFCCARTESIANPOINT((719.528296895154,90.9470849533001,990.151922655303));
#308=IFCCARTESIANPOINT((723.743539411885,95.1623288301872,990.151922490436));
#309=IFCCARTESIANPOINT((732.463033775583,95.2669011296346,1000.));
#310=IFCCARTESIANPOINT((717.001242809246,86.0296236817028,991.307206842549));
#311=IFCCARTESIANPOINT((726.025711713699,98.1161244128858,990.276218677195));
#312=IFCCARTESIANPOINT((730.018962740416,98.7398644793657,991.923303103072));
#313=IFCCARTESIANPOINT((714.009082537887,97.323630634516,992.487405404095));
#314=IFCCARTESIANPOINT((717.366994658077,100.681542384876,992.487405145908));
#315=IFCCARTESIANPOINT((718.491907932886,96.1987174053828,990.453520847801));
#316=IFCCARTESIANPOINT((724.911134638691,90.0282381304627,991.94476265457));
#317=IFCCARTESIANPOINT((719.423723890687,82.2275912298715,1000.));
#318=IFCCARTESIANPOINT((724.77828377367,85.3370236790357,1000.));
#319=IFCCARTESIANPOINT((729.353601320977,89.9123412263425,1000.));
#320=IFCCARTESIANPOINT((709.990625000013,99.3592582628832,1002.58819045102));
#321=IFCCARTESIANPOINT((709.990625000013,98.3602540378369,1005.));
#322=IFCCARTESIANPOINT((709.990625000013,96.771067811858,1007.07106781187));
#323=IFCCARTESIANPOINT((709.990625000013,94.6999999999925,1008.66025403784));
#324=IFCCARTESIANPOINT((709.990625000013,92.2881904510177,1009.65925826289));
#325=IFCCARTESIANPOINT((709.990625000013,89.6999999999925,1010.));
#326=IFCCARTESIANPOINT((709.990625000013,87.1118095489673,1009.65925826289));
#327=IFCCARTESIANPOINT((709.990625000013,84.6999999999924,1008.66025403784));
#328=IFCCARTESIANPOINT((709.990625000013,82.6289321881269,1007.07106781187));
#329=IFCCARTESIANPOINT((709.990625000013,81.039745962148,1005.));
#330=IFCCARTESIANPOINT((709.990625000013,80.0407417371017,1002.58819045103));
#331=IFCCARTESIANPOINT((723.743539411997,95.1623288300678,1009.84807750954));
#332=IFCCARTESIANPOINT((719.528296895613,90.94708495319,1009.84807734463));
#333=IFCCARTESIANPOINT((717.00124280933,86.029623681667,1008.69279315741));
#334=IFCCARTESIANPOINT((726.02571171372,98.1161244128567,1009.7237813228));
#335=IFCCARTESIANPOINT((730.018962740422,98.739864479345,1008.07669689692));
#336=IFCCARTESIANPOINT((717.366994658146,100.681542384835,1007.51259485416));
#337=IFCCARTESIANPOINT((714.009082537878,97.3236306345218,1007.5125945959));
#338=IFCCARTESIANPOINT((718.491907933277,96.1987174050423,1009.54647915236));
#339=IFCCARTESIANPOINT((724.662387262935,89.7794906942476,1008.05523731716));
#340=IFCCARTESIANPOINT((604.990625000005,79.6999999999924,1000.));
#341=IFCCARTESIANPOINT((604.990625000005,80.0407417371017,1002.58819045102));
#342=IFCCARTESIANPOINT((604.990625000005,81.039745962148,1005.));
#343=IFCCARTESIANPOINT((604.990625000005,82.628932188127,1007.07106781187));
#344=IFCCARTESIANPOINT((604.990625000005,84.6999999999925,1008.66025403784));
#345=IFCCARTESIANPOINT((604.990625000005,87.1118095489673,1009.65925826289));
#346=IFCCARTESIANPOINT((604.990625000005,89.6999999999925,1010.));
#347=IFCCARTESIANPOINT((604.990625000005,92.2881904510177,1009.65925826289));
#348=IFCCARTESIANPOINT((604.990625000005,94.6999999999925,1008.66025403784));
#349=IFCCARTESIANPOINT((604.990625000005,96.771067811858,1007.07106781187));
#350=IFCCARTESIANPOINT((604.990625000005,98.360254037837,1005.));
#351=IFCCARTESIANPOINT((604.990625000005,99.3592582628833,1002.58819045102));
#352=IFCCARTESIANPOINT((604.990625000005,99.6999999999926,1000.));
#353=IFCCARTESIANPOINT((604.990625000005,99.3592582628832,997.411809548974));
#354=IFCCARTESIANPOINT((604.990625000005,98.3602540378369,995.));
#355=IFCCARTESIANPOINT((604.990625000005,96.771067811858,992.928932188134));
#356=IFCCARTESIANPOINT((604.990625000005,94.6999999999924,991.339745962155));
#357=IFCCARTESIANPOINT((604.990625000005,92.2881904510176,990.340741737109));
#358=IFCCARTESIANPOINT((604.990625000005,89.6999999999924,990.));
#359=IFCCARTESIANPOINT((604.990625000005,87.1118095489671,990.340741737109));
#360=IFCCARTESIANPOINT((604.990625000005,84.6999999999924,991.339745962155));
#361=IFCCARTESIANPOINT((604.990625000005,82.6289321881269,992.928932188134));
#362=IFCCARTESIANPOINT((604.990625000005,81.0397459621479,995.));
#363=IFCCARTESIANPOINT((604.990625000005,80.0407417371017,997.411809548974));
#364=IFCPOLYLOOP((#241,#242,#243,#244,#245,#246,#247,#248,#249,#250,#251,#252,#253,#254,#255,#256,#257,#258,#259,#236,#237,#238,#239,#240));
#365=IFCFACEOUTERBOUND(#364,.T.);
#366=IFCFACE((#365));
#367=IFCPOLYLOOP((#261,#237,#236,#260));
#368=IFCFACEOUTERBOUND(#367,.T.);
#369=IFCFACE((#368));
#370=IFCPOLYLOOP((#262,#238,#237,#261));
#371=IFCFACEOUTERBOUND(#370,.T.);
#372=IFCFACE((#371));
#373=IFCPOLYLOOP((#239,#263,#264,#240));
#374=IFCFACEOUTERBOUND(#373,.T.);
#375=IFCFACE((#374));
#376=IFCPOLYLOOP((#262,#263,#239,#238));
#377=IFCFACEOUTERBOUND(#376,.T.);
#378=IFCFACE((#377));
#379=IFCPOLYLOOP((#240,#264,#265,#241));
#380=IFCFACEOUTERBOUND(#379,.T.);
#381=IFCFACE((#380));
#382=IFCPOLYLOOP((#241,#265,#266,#242));
#383=IFCFACEOUTERBOUND(#382,.T.);
#384=IFCFACE((#383));
#385=IFCPOLYLOOP((#268,#244,#243,#267));
#386=IFCFACEOUTERBOUND(#385,.T.);
#387=IFCFACE((#386));
#388=IFCPOLYLOOP((#269,#245,#244,#268));
#389=IFCFACEOUTERBOUND(#388,.T.);
#390=IFCFACE((#389));
#391=IFCPOLYLOOP((#246,#270,#271,#247));
#392=IFCFACEOUTERBOUND(#391,.T.);
#393=IFCFACE((#392));
#394=IFCPOLYLOOP((#269,#270,#246,#245));
#395=IFCFACEOUTERBOUND(#394,.T.);
#396=IFCFACE((#395));
#397=IFCPOLYLOOP((#247,#271,#272,#248));
#398=IFCFACEOUTERBOUND(#397,.T.);
#399=IFCFACE((#398));
#400=IFCPOLYLOOP((#243,#242,#266,#267));
#401=IFCFACEOUTERBOUND(#400,.T.);
#402=IFCFACE((#401));
#403=IFCPOLYLOOP((#273,#249,#248,#272));
#404=IFCFACEOUTERBOUND(#403,.T.);
#405=IFCFACE((#404));
#406=IFCPOLYLOOP((#274,#250,#249,#273));
#407=IFCFACEOUTERBOUND(#406,.T.);
#408=IFCFACE((#407));
#409=IFCPOLYLOOP((#251,#275,#276,#252));
#410=IFCFACEOUTERBOUND(#409,.T.);
#411=IFCFACE((#410));
#412=IFCPOLYLOOP((#274,#275,#251,#250));
#413=IFCFACEOUTERBOUND(#412,.T.);
#414=IFCFACE((#413));
#415=IFCPOLYLOOP((#252,#276,#277,#253));
#416=IFCFACEOUTERBOUND(#415,.T.);
#417=IFCFACE((#416));
#418=IFCPOLYLOOP((#253,#277,#278,#254));
#419=IFCFACEOUTERBOUND(#418,.T.);
#420=IFCFACE((#419));
#421=IFCPOLYLOOP((#280,#256,#255,#279));
#422=IFCFACEOUTERBOUND(#421,.T.);
#423=IFCFACE((#422));
#424=IFCPOLYLOOP((#281,#257,#256,#280));
#425=IFCFACEOUTERBOUND(#424,.T.);
#426=IFCFACE((#425));
#427=IFCPOLYLOOP((#258,#282,#283,#259));
#428=IFCFACEOUTERBOUND(#427,.T.);
#429=IFCFACE((#428));
#430=IFCPOLYLOOP((#281,#282,#258,#257));
#431=IFCFACEOUTERBOUND(#430,.T.);
#432=IFCFACE((#431));
#433=IFCPOLYLOOP((#259,#283,#260,#236));
#434=IFCFACEOUTERBOUND(#433,.T.);
#435=IFCFACE((#434));
#436=IFCPOLYLOOP((#255,#254,#278,#279));
#437=IFCFACEOUTERBOUND(#436,.T.);
#438=IFCFACE((#437));
#439=IFCPOLYLOOP((#261,#304,#262));
#440=IFCFACEOUTERBOUND(#439,.T.);
#441=IFCFACE((#440));
#442=IFCPOLYLOOP((#312,#265,#300));
#443=IFCFACEOUTERBOUND(#442,.T.);
#444=IFCFACE((#443));
#445=IFCPOLYLOOP((#311,#308,#314));
#446=IFCFACEOUTERBOUND(#445,.T.);
#447=IFCFACE((#446));
#448=IFCPOLYLOOP((#300,#309,#286,#312));
#449=IFCFACEOUTERBOUND(#448,.T.);
#450=IFCFACE((#449));
#451=IFCPOLYLOOP((#300,#264,#263));
#452=IFCFACEOUTERBOUND(#451,.T.);
#453=IFCFACE((#452));
#454=IFCPOLYLOOP((#262,#302,#263));
#455=IFCFACEOUTERBOUND(#454,.T.);
#456=IFCFACE((#455));
#457=IFCPOLYLOOP((#264,#300,#265));
#458=IFCFACEOUTERBOUND(#457,.T.);
#459=IFCFACE((#458));
#460=IFCPOLYLOOP((#286,#311,#312));
#461=IFCFACEOUTERBOUND(#460,.T.);
#462=IFCFACE((#461));
#463=IFCPOLYLOOP((#312,#268,#267));
#464=IFCFACEOUTERBOUND(#463,.T.);
#465=IFCFACE((#464));
#466=IFCPOLYLOOP((#316,#307,#315));
#467=IFCFACEOUTERBOUND(#466,.T.);
#468=IFCFACE((#467));
#469=IFCPOLYLOOP((#287,#310,#307));
#470=IFCFACEOUTERBOUND(#469,.T.);
#471=IFCFACE((#470));
#472=IFCPOLYLOOP((#312,#266,#265));
#473=IFCFACEOUTERBOUND(#472,.T.);
#474=IFCFACE((#473));
#475=IFCPOLYLOOP((#312,#267,#266));
#476=IFCFACEOUTERBOUND(#475,.T.);
#477=IFCFACE((#476));
#478=IFCPOLYLOOP((#284,#285,#313));
#479=IFCFACEOUTERBOUND(#478,.T.);
#480=IFCFACE((#479));
#481=IFCPOLYLOOP((#268,#312,#311));
#482=IFCFACEOUTERBOUND(#481,.T.);
#483=IFCFACE((#482));
#484=IFCPOLYLOOP((#299,#313,#298));
#485=IFCFACEOUTERBOUND(#484,.T.);
#486=IFCFACE((#485));
#487=IFCPOLYLOOP((#317,#301,#293));
#488=IFCFACEOUTERBOUND(#487,.T.);
#489=IFCFACE((#488));
#490=IFCPOLYLOOP((#261,#260,#304));
#491=IFCFACEOUTERBOUND(#490,.T.);
#492=IFCFACE((#491));
#493=IFCPOLYLOOP((#311,#314,#270));
#494=IFCFACEOUTERBOUND(#493,.T.);
#495=IFCFACE((#494));
#496=IFCPOLYLOOP((#311,#269,#268));
#497=IFCFACEOUTERBOUND(#496,.T.);
#498=IFCFACE((#497));
#499=IFCPOLYLOOP((#308,#316,#315));
#500=IFCFACEOUTERBOUND(#499,.T.);
#501=IFCFACE((#500));
#502=IFCPOLYLOOP((#297,#310,#296));
#503=IFCFACEOUTERBOUND(#502,.T.);
#504=IFCFACE((#503));
#505=IFCPOLYLOOP((#285,#314,#315));
#506=IFCFACEOUTERBOUND(#505,.T.);
#507=IFCFACE((#506));
#508=IFCPOLYLOOP((#308,#319,#316));
#509=IFCFACEOUTERBOUND(#508,.T.);
#510=IFCFACE((#509));
#511=IFCPOLYLOOP((#316,#318,#307));
#512=IFCFACEOUTERBOUND(#511,.T.);
#513=IFCFACE((#512));
#514=IFCPOLYLOOP((#301,#292,#293));
#515=IFCFACEOUTERBOUND(#514,.T.);
#516=IFCFACE((#515));
#517=IFCPOLYLOOP((#314,#308,#315));
#518=IFCFACEOUTERBOUND(#517,.T.);
#519=IFCFACE((#518));
#520=IFCPOLYLOOP((#317,#294,#310));
#521=IFCFACEOUTERBOUND(#520,.T.);
#522=IFCFACE((#521));
#523=IFCPOLYLOOP((#293,#294,#317));
#524=IFCFACEOUTERBOUND(#523,.T.);
#525=IFCFACE((#524));
#526=IFCPOLYLOOP((#303,#291,#301));
#527=IFCFACEOUTERBOUND(#526,.T.);
#528=IFCFACE((#527));
#529=IFCPOLYLOOP((#287,#307,#318));
#530=IFCFACEOUTERBOUND(#529,.T.);
#531=IFCFACE((#530));
#532=IFCPOLYLOOP((#301,#291,#292));
#533=IFCFACEOUTERBOUND(#532,.T.);
#534=IFCFACE((#533));
#535=IFCPOLYLOOP((#310,#287,#317));
#536=IFCFACEOUTERBOUND(#535,.T.);
#537=IFCFACE((#536));
#538=IFCPOLYLOOP((#289,#305,#288));
#539=IFCFACEOUTERBOUND(#538,.T.);
#540=IFCFACE((#539));
#541=IFCPOLYLOOP((#307,#313,#315));
#542=IFCFACEOUTERBOUND(#541,.T.);
#543=IFCFACE((#542));
#544=IFCPOLYLOOP((#311,#319,#308));
#545=IFCFACEOUTERBOUND(#544,.T.);
#546=IFCFACE((#545));
#547=IFCPOLYLOOP((#300,#263,#302));
#548=IFCFACEOUTERBOUND(#547,.T.);
#549=IFCFACE((#548));
#550=IFCPOLYLOOP((#314,#272,#271));
#551=IFCFACEOUTERBOUND(#550,.T.);
#552=IFCFACE((#551));
#553=IFCPOLYLOOP((#306,#318,#316,#319));
#554=IFCFACEOUTERBOUND(#553,.T.);
#555=IFCFACE((#554));
#556=IFCPOLYLOOP((#298,#313,#307));
#557=IFCFACEOUTERBOUND(#556,.T.);
#558=IFCFACE((#557));
#559=IFCPOLYLOOP((#303,#290,#291));
#560=IFCFACEOUTERBOUND(#559,.T.);
#561=IFCFACE((#560));
#562=IFCPOLYLOOP((#299,#284,#313));
#563=IFCFACEOUTERBOUND(#562,.T.);
#564=IFCFACE((#563));
#565=IFCPOLYLOOP((#290,#305,#289));
#566=IFCFACEOUTERBOUND(#565,.T.);
#567=IFCFACE((#566));
#568=IFCPOLYLOOP((#310,#297,#307));
#569=IFCFACEOUTERBOUND(#568,.T.);
#570=IFCFACE((#569));
#571=IFCPOLYLOOP((#304,#302,#262));
#572=IFCFACEOUTERBOUND(#571,.T.);
#573=IFCFACE((#572));
#574=IFCPOLYLOOP((#297,#298,#307));
#575=IFCFACEOUTERBOUND(#574,.T.);
#576=IFCFACE((#575));
#577=IFCPOLYLOOP((#303,#305,#290));
#578=IFCFACEOUTERBOUND(#577,.T.);
#579=IFCFACE((#578));
#580=IFCPOLYLOOP((#296,#310,#295));
#581=IFCFACEOUTERBOUND(#580,.T.);
#582=IFCFACE((#581));
#583=IFCPOLYLOOP((#294,#295,#310));
#584=IFCFACEOUTERBOUND(#583,.T.);
#585=IFCFACE((#584));
#586=IFCPOLYLOOP((#270,#269,#311));
#587=IFCFACEOUTERBOUND(#586,.T.);
#588=IFCFACE((#587));
#589=IFCPOLYLOOP((#285,#315,#313));
#590=IFCFACEOUTERBOUND(#589,.T.);
#591=IFCFACE((#590));
#592=IFCPOLYLOOP((#271,#270,#314));
#593=IFCFACEOUTERBOUND(#592,.T.);
#594=IFCFACE((#593));
#595=IFCPOLYLOOP((#319,#311,#286));
#596=IFCFACEOUTERBOUND(#595,.T.);
#597=IFCFACE((#596));
#598=IFCPOLYLOOP((#285,#272,#314));
#599=IFCFACEOUTERBOUND(#598,.T.);
#600=IFCFACE((#599));
#601=IFCPOLYLOOP((#335,#286,#309,#300));
#602=IFCFACEOUTERBOUND(#601,.T.);
#603=IFCFACE((#602));
#604=IFCPOLYLOOP((#331,#336,#338));
#605=IFCFACEOUTERBOUND(#604,.T.);
#606=IFCFACE((#605));
#607=IFCPOLYLOOP((#285,#284,#337));
#608=IFCFACEOUTERBOUND(#607,.T.);
#609=IFCFACE((#608));
#610=IFCPOLYLOOP((#334,#275,#274));
#611=IFCFACEOUTERBOUND(#610,.T.);
#612=IFCFACE((#611));
#613=IFCPOLYLOOP((#331,#334,#336));
#614=IFCFACEOUTERBOUND(#613,.T.);
#615=IFCFACE((#614));
#616=IFCPOLYLOOP((#321,#332,#337));
#617=IFCFACEOUTERBOUND(#616,.T.);
#618=IFCFACE((#617));
#619=IFCPOLYLOOP((#274,#336,#334));
#620=IFCFACEOUTERBOUND(#619,.T.);
#621=IFCFACE((#620));
#622=IFCPOLYLOOP((#339,#331,#338));
#623=IFCFACEOUTERBOUND(#622,.T.);
#624=IFCFACE((#623));
#625=IFCPOLYLOOP((#273,#336,#274));
#626=IFCFACEOUTERBOUND(#625,.T.);
#627=IFCFACE((#626));
#628=IFCPOLYLOOP((#285,#337,#338));
#629=IFCFACEOUTERBOUND(#628,.T.);
#630=IFCFACE((#629));
#631=IFCPOLYLOOP((#339,#338,#332));
#632=IFCFACEOUTERBOUND(#631,.T.);
#633=IFCFACE((#632));
#634=IFCPOLYLOOP((#337,#284,#320));
#635=IFCFACEOUTERBOUND(#634,.T.);
#636=IFCFACE((#635));
#637=IFCPOLYLOOP((#304,#260,#283));
#638=IFCFACEOUTERBOUND(#637,.T.);
#639=IFCFACE((#638));
#640=IFCPOLYLOOP((#287,#332,#333));
#641=IFCFACEOUTERBOUND(#640,.T.);
#642=IFCFACE((#641));
#643=IFCPOLYLOOP((#317,#287,#333));
#644=IFCFACEOUTERBOUND(#643,.T.);
#645=IFCFACE((#644));
#646=IFCPOLYLOOP((#281,#300,#302));
#647=IFCFACEOUTERBOUND(#646,.T.);
#648=IFCFACE((#647));
#649=IFCPOLYLOOP((#278,#335,#279));
#650=IFCFACEOUTERBOUND(#649,.T.);
#651=IFCFACE((#650));
#652=IFCPOLYLOOP((#332,#287,#318));
#653=IFCFACEOUTERBOUND(#652,.T.);
#654=IFCFACE((#653));
#655=IFCPOLYLOOP((#300,#281,#280));
#656=IFCFACEOUTERBOUND(#655,.T.);
#657=IFCFACE((#656));
#658=IFCPOLYLOOP((#280,#279,#300));
#659=IFCFACEOUTERBOUND(#658,.T.);
#660=IFCFACE((#659));
#661=IFCPOLYLOOP((#334,#319,#286));
#662=IFCFACEOUTERBOUND(#661,.T.);
#663=IFCFACE((#662));
#664=IFCPOLYLOOP((#325,#326,#317));
#665=IFCFACEOUTERBOUND(#664,.T.);
#666=IFCFACE((#665));
#667=IFCPOLYLOOP((#279,#335,#300));
#668=IFCFACEOUTERBOUND(#667,.T.);
#669=IFCFACE((#668));
#670=IFCPOLYLOOP((#338,#337,#332));
#671=IFCFACEOUTERBOUND(#670,.T.);
#672=IFCFACE((#671));
#673=IFCPOLYLOOP((#285,#338,#336));
#674=IFCFACEOUTERBOUND(#673,.T.);
#675=IFCFACE((#674));
#676=IFCPOLYLOOP((#321,#337,#320));
#677=IFCFACEOUTERBOUND(#676,.T.);
#678=IFCFACE((#677));
#679=IFCPOLYLOOP((#332,#321,#322));
#680=IFCFACEOUTERBOUND(#679,.T.);
#681=IFCFACE((#680));
#682=IFCPOLYLOOP((#301,#328,#303));
#683=IFCFACEOUTERBOUND(#682,.T.);
#684=IFCFACE((#683));
#685=IFCPOLYLOOP((#318,#339,#332));
#686=IFCFACEOUTERBOUND(#685,.T.);
#687=IFCFACE((#686));
#688=IFCPOLYLOOP((#273,#272,#336));
#689=IFCFACEOUTERBOUND(#688,.T.);
#690=IFCFACE((#689));
#691=IFCPOLYLOOP((#302,#282,#281));
#692=IFCFACEOUTERBOUND(#691,.T.);
#693=IFCFACE((#692));
#694=IFCPOLYLOOP((#324,#333,#323));
#695=IFCFACEOUTERBOUND(#694,.T.);
#696=IFCFACE((#695));
#697=IFCPOLYLOOP((#302,#304,#282));
#698=IFCFACEOUTERBOUND(#697,.T.);
#699=IFCFACE((#698));
#700=IFCPOLYLOOP((#305,#303,#329));
#701=IFCFACEOUTERBOUND(#700,.T.);
#702=IFCFACE((#701));
#703=IFCPOLYLOOP((#333,#322,#323));
#704=IFCFACEOUTERBOUND(#703,.T.);
#705=IFCFACE((#704));
#706=IFCPOLYLOOP((#282,#304,#283));
#707=IFCFACEOUTERBOUND(#706,.T.);
#708=IFCFACE((#707));
#709=IFCPOLYLOOP((#324,#325,#333));
#710=IFCFACEOUTERBOUND(#709,.T.);
#711=IFCFACE((#710));
#712=IFCPOLYLOOP((#339,#319,#331));
#713=IFCFACEOUTERBOUND(#712,.T.);
#714=IFCFACE((#713));
#715=IFCPOLYLOOP((#306,#319,#339,#318));
#716=IFCFACEOUTERBOUND(#715,.T.);
#717=IFCFACE((#716));
#718=IFCPOLYLOOP((#327,#328,#301));
#719=IFCFACEOUTERBOUND(#718,.T.);
#720=IFCFACE((#719));
#721=IFCPOLYLOOP((#301,#326,#327));
#722=IFCFACEOUTERBOUND(#721,.T.);
#723=IFCFACE((#722));
#724=IFCPOLYLOOP((#276,#335,#277));
#725=IFCFACEOUTERBOUND(#724,.T.);
#726=IFCFACE((#725));
#727=IFCPOLYLOOP((#317,#326,#301));
#728=IFCFACEOUTERBOUND(#727,.T.);
#729=IFCFACE((#728));
#730=IFCPOLYLOOP((#329,#330,#305));
#731=IFCFACEOUTERBOUND(#730,.T.);
#732=IFCFACE((#731));
#733=IFCPOLYLOOP((#334,#331,#319));
#734=IFCFACEOUTERBOUND(#733,.T.);
#735=IFCFACE((#734));
#736=IFCPOLYLOOP((#325,#317,#333));
#737=IFCFACEOUTERBOUND(#736,.T.);
#738=IFCFACE((#737));
#739=IFCPOLYLOOP((#335,#278,#277));
#740=IFCFACEOUTERBOUND(#739,.T.);
#741=IFCFACE((#740));
#742=IFCPOLYLOOP((#322,#333,#332));
#743=IFCFACEOUTERBOUND(#742,.T.);
#744=IFCFACE((#743));
#745=IFCPOLYLOOP((#329,#303,#328));
#746=IFCFACEOUTERBOUND(#745,.T.);
#747=IFCFACE((#746));
#748=IFCPOLYLOOP((#330,#288,#305));
#749=IFCFACEOUTERBOUND(#748,.T.);
#750=IFCFACE((#749));
#751=IFCPOLYLOOP((#286,#335,#334));
#752=IFCFACEOUTERBOUND(#751,.T.);
#753=IFCFACE((#752));
#754=IFCPOLYLOOP((#276,#275,#334));
#755=IFCFACEOUTERBOUND(#754,.T.);
#756=IFCFACE((#755));
#757=IFCPOLYLOOP((#272,#285,#336));
#758=IFCFACEOUTERBOUND(#757,.T.);
#759=IFCFACE((#758));
#760=IFCPOLYLOOP((#276,#334,#335));
#761=IFCFACEOUTERBOUND(#760,.T.);
#762=IFCFACE((#761));
#763=IFCPOLYLOOP((#361,#362,#363,#340,#341,#342,#343,#344,#345,#346,#347,#348,#349,#350,#351,#352,#353,#354,#355,#356,#357,#358,#359,#360));
#764=IFCFACEOUTERBOUND(#763,.T.);
#765=IFCFACE((#764));
#766=IFCPOLYLOOP((#363,#289,#288,#340));
#767=IFCFACEOUTERBOUND(#766,.T.);
#768=IFCFACE((#767));
#769=IFCPOLYLOOP((#362,#290,#289,#363));
#770=IFCFACEOUTERBOUND(#769,.T.);
#771=IFCFACE((#770));
#772=IFCPOLYLOOP((#360,#292,#291,#361));
#773=IFCFACEOUTERBOUND(#772,.T.);
#774=IFCFACE((#773));
#775=IFCPOLYLOOP((#361,#291,#290,#362));
#776=IFCFACEOUTERBOUND(#775,.T.);
#777=IFCFACE((#776));
#778=IFCPOLYLOOP((#359,#293,#292,#360));
#779=IFCFACEOUTERBOUND(#778,.T.);
#780=IFCFACE((#779));
#781=IFCPOLYLOOP((#293,#359,#358,#294));
#782=IFCFACEOUTERBOUND(#781,.T.);
#783=IFCFACE((#782));
#784=IFCPOLYLOOP((#356,#355,#297,#296));
#785=IFCFACEOUTERBOUND(#784,.T.);
#786=IFCFACE((#785));
#787=IFCPOLYLOOP((#357,#356,#296,#295));
#788=IFCFACEOUTERBOUND(#787,.T.);
#789=IFCFACE((#788));
#790=IFCPOLYLOOP((#353,#352,#284,#299));
#791=IFCFACEOUTERBOUND(#790,.T.);
#792=IFCFACE((#791));
#793=IFCPOLYLOOP((#354,#353,#299,#298));
#794=IFCFACEOUTERBOUND(#793,.T.);
#795=IFCFACE((#794));
#796=IFCPOLYLOOP((#355,#354,#298,#297));
#797=IFCFACEOUTERBOUND(#796,.T.);
#798=IFCFACE((#797));
#799=IFCPOLYLOOP((#295,#294,#358,#357));
#800=IFCFACEOUTERBOUND(#799,.T.);
#801=IFCFACE((#800));
#802=IFCPOLYLOOP((#284,#352,#351,#320));
#803=IFCFACEOUTERBOUND(#802,.T.);
#804=IFCFACE((#803));
#805=IFCPOLYLOOP((#350,#321,#320,#351));
#806=IFCFACEOUTERBOUND(#805,.T.);
#807=IFCFACE((#806));
#808=IFCPOLYLOOP((#348,#347,#324,#323));
#809=IFCFACEOUTERBOUND(#808,.T.);
#810=IFCFACE((#809));
#811=IFCPOLYLOOP((#349,#348,#323,#322));
#812=IFCFACEOUTERBOUND(#811,.T.);
#813=IFCFACE((#812));
#814=IFCPOLYLOOP((#321,#350,#349,#322));
#815=IFCFACEOUTERBOUND(#814,.T.);
#816=IFCFACE((#815));
#817=IFCPOLYLOOP((#324,#347,#346,#325));
#818=IFCFACEOUTERBOUND(#817,.T.);
#819=IFCFACE((#818));
#820=IFCPOLYLOOP((#344,#343,#328,#327));
#821=IFCFACEOUTERBOUND(#820,.T.);
#822=IFCFACE((#821));
#823=IFCPOLYLOOP((#345,#344,#327,#326));
#824=IFCFACEOUTERBOUND(#823,.T.);
#825=IFCFACE((#824));
#826=IFCPOLYLOOP((#341,#340,#288,#330));
#827=IFCFACEOUTERBOUND(#826,.T.);
#828=IFCFACE((#827));
#829=IFCPOLYLOOP((#342,#341,#330,#329));
#830=IFCFACEOUTERBOUND(#829,.T.);
#831=IFCFACE((#830));
#832=IFCPOLYLOOP((#343,#342,#329,#328));
#833=IFCFACEOUTERBOUND(#832,.T.);
#834=IFCFACE((#833));
#835=IFCPOLYLOOP((#345,#326,#325,#346));
#836=IFCFACEOUTERBOUND(#835,.T.);
#837=IFCFACE((#836));
#838=IFCCARTESIANPOINT((757.49062500002,134.699999999999,1000.));
#839=IFCCARTESIANPOINT((756.468399788692,134.699999999999,1007.76457135308));
#840=IFCCARTESIANPOINT((753.471387113553,134.699999999999,1015.));
#841=IFCCARTESIANPOINT((748.703828435616,134.699999999999,1021.2132034356));
#842=IFCCARTESIANPOINT((742.49062500002,134.699999999999,1025.98076211353));
#843=IFCCARTESIANPOINT((735.255196353096,134.699999999999,1028.97777478867));
#844=IFCCARTESIANPOINT((727.49062500002,134.699999999999,1030.));
#845=IFCCARTESIANPOINT((719.726053646944,134.699999999999,1028.97777478867));
#846=IFCCARTESIANPOINT((712.49062500002,134.699999999999,1025.98076211353));
#847=IFCCARTESIANPOINT((706.277421564423,134.699999999999,1021.2132034356));
#848=IFCCARTESIANPOINT((701.509862886487,134.699999999999,1015.));
#849=IFCCARTESIANPOINT((698.512850211348,134.699999999999,1007.76457135308));
#850=IFCCARTESIANPOINT((697.49062500002,134.699999999999,1000.));
#851=IFCCARTESIANPOINT((698.512850211348,134.699999999999,992.235428646925));
#852=IFCCARTESIANPOINT((701.509862886487,134.699999999999,985.));
#853=IFCCARTESIANPOINT((706.277421564423,134.699999999999,978.786796564404));
#854=IFCCARTESIANPOINT((712.49062500002,134.699999999999,974.019237886467));
#855=IFCCARTESIANPOINT((719.726053646944,134.699999999999,971.022225211328));
#856=IFCCARTESIANPOINT((727.49062500002,134.699999999999,970.));
#857=IFCCARTESIANPOINT((735.255196353095,134.699999999999,971.022225211328));
#858=IFCCARTESIANPOINT((742.49062500002,134.699999999999,974.019237886467));
#859=IFCCARTESIANPOINT((748.703828435616,134.699999999999,978.786796564404));
#860=IFCCARTESIANPOINT((753.471387113553,134.699999999999,985.));
#861=IFCCARTESIANPOINT((756.468399788692,134.699999999999,992.235428646925));
#862=IFCCARTESIANPOINT((757.49062500002,142.699999999999,1000.));
#863=IFCCARTESIANPOINT((756.468399788692,142.699999999999,992.235428646925));
#864=IFCCARTESIANPOINT((753.471387113553,142.699999999999,985.));
#865=IFCCARTESIANPOINT((748.703828435616,142.699999999999,978.786796564404));
#866=IFCCARTESIANPOINT((742.49062500002,142.699999999999,974.019237886467));
#867=IFCCARTESIANPOINT((735.255196353095,142.699999999999,971.022225211328));
#868=IFCCARTESIANPOINT((727.49062500002,142.699999999999,970.));
#869=IFCCARTESIANPOINT((719.726053646944,142.699999999999,971.022225211328));
#870=IFCCARTESIANPOINT((712.49062500002,142.699999999999,974.019237886467));
#871=IFCCARTESIANPOINT((706.277421564423,142.699999999999,978.786796564404));
#872=IFCCARTESIANPOINT((701.509862886487,142.699999999999,985.));
#873=IFCCARTESIANPOINT((698.512850211348,142.699999999999,992.235428646925));
#874=IFCCARTESIANPOINT((697.49062500002,142.699999999999,1000.));
#875=IFCCARTESIANPOINT((698.512850211348,142.699999999999,1007.76457135308));
#876=IFCCARTESIANPOINT((701.509862886487,142.699999999999,1015.));
#877=IFCCARTESIANPOINT((706.277421564423,142.699999999999,1021.2132034356));
#878=IFCCARTESIANPOINT((712.49062500002,142.699999999999,1025.98076211353));
#879=IFCCARTESIANPOINT((719.726053646944,142.699999999999,1028.97777478867));
#880=IFCCARTESIANPOINT((727.49062500002,142.699999999999,1030.));
#881=IFCCARTESIANPOINT((735.255196353096,142.699999999999,1028.97777478867));
#882=IFCCARTESIANPOINT((742.49062500002,142.699999999999,1025.98076211353));
#883=IFCCARTESIANPOINT((748.703828435616,142.699999999999,1021.2132034356));
#884=IFCCARTESIANPOINT((753.471387113553,142.699999999999,1015.));
#885=IFCCARTESIANPOINT((756.468399788692,142.699999999999,1007.76457135308));
#886=IFCPOLYLOOP((#845,#846,#847,#848,#849,#850,#851,#852,#853,#854,#855,#856,#857,#858,#859,#860,#861,#838,#839,#840,#841,#842,#843,#844));
#887=IFCFACEOUTERBOUND(#886,.T.);
#888=IFCFACE((#887));
#889=IFCPOLYLOOP((#869,#870,#871,#872,#873,#874,#875,#876,#877,#878,#879,#880,#881,#882,#883,#884,#885,#862,#863,#864,#865,#866,#867,#868));
#890=IFCFACEOUTERBOUND(#889,.T.);
#891=IFCFACE((#890));
#892=IFCPOLYLOOP((#885,#839,#838,#862));
#893=IFCFACEOUTERBOUND(#892,.T.);
#894=IFCFACE((#893));
#895=IFCPOLYLOOP((#884,#840,#839,#885));
#896=IFCFACEOUTERBOUND(#895,.T.);
#897=IFCFACE((#896));
#898=IFCPOLYLOOP((#842,#841,#883,#882));
#899=IFCFACEOUTERBOUND(#898,.T.);
#900=IFCFACE((#899));
#901=IFCPOLYLOOP((#884,#883,#841,#840));
#902=IFCFACEOUTERBOUND(#901,.T.);
#903=IFCFACE((#902));
#904=IFCPOLYLOOP((#843,#842,#882,#881));
#905=IFCFACEOUTERBOUND(#904,.T.);
#906=IFCFACE((#905));
#907=IFCPOLYLOOP((#844,#843,#881,#880));
#908=IFCFACEOUTERBOUND(#907,.T.);
#909=IFCFACE((#908));
#910=IFCPOLYLOOP((#879,#845,#844,#880));
#911=IFCFACEOUTERBOUND(#910,.T.);
#912=IFCFACE((#911));
#913=IFCPOLYLOOP((#878,#846,#845,#879));
#914=IFCFACEOUTERBOUND(#913,.T.);
#915=IFCFACE((#914));
#916=IFCPOLYLOOP((#848,#847,#877,#876));
#917=IFCFACEOUTERBOUND(#916,.T.);
#918=IFCFACE((#917));
#919=IFCPOLYLOOP((#878,#877,#847,#846));
#920=IFCFACEOUTERBOUND(#919,.T.);
#921=IFCFACE((#920));
#922=IFCPOLYLOOP((#849,#848,#876,#875));
#923=IFCFACEOUTERBOUND(#922,.T.);
#924=IFCFACE((#923));
#925=IFCPOLYLOOP((#850,#849,#875,#874));
#926=IFCFACEOUTERBOUND(#925,.T.);
#927=IFCFACE((#926));
#928=IFCPOLYLOOP((#873,#851,#850,#874));
#929=IFCFACEOUTERBOUND(#928,.T.);
#930=IFCFACE((#929));
#931=IFCPOLYLOOP((#872,#852,#851,#873));
#932=IFCFACEOUTERBOUND(#931,.T.);
#933=IFCFACE((#932));
#934=IFCPOLYLOOP((#854,#853,#871,#870));
#935=IFCFACEOUTERBOUND(#934,.T.);
#936=IFCFACE((#935));
#937=IFCPOLYLOOP((#872,#871,#853,#852));
#938=IFCFACEOUTERBOUND(#937,.T.);
#939=IFCFACE((#938));
#940=IFCPOLYLOOP((#855,#854,#870,#869));
#941=IFCFACEOUTERBOUND(#940,.T.);
#942=IFCFACE((#941));
#943=IFCPOLYLOOP((#856,#855,#869,#868));
#944=IFCFACEOUTERBOUND(#943,.T.);
#945=IFCFACE((#944));
#946=IFCPOLYLOOP((#867,#857,#856,#868));
#947=IFCFACEOUTERBOUND(#946,.T.);
#948=IFCFACE((#947));
#949=IFCPOLYLOOP((#866,#858,#857,#867));
#950=IFCFACEOUTERBOUND(#949,.T.);
#951=IFCFACE((#950));
#952=IFCPOLYLOOP((#860,#859,#865,#864));
#953=IFCFACEOUTERBOUND(#952,.T.);
#954=IFCFACE((#953));
#955=IFCPOLYLOOP((#866,#865,#859,#858));
#956=IFCFACEOUTERBOUND(#955,.T.);
#957=IFCFACE((#956));
#958=IFCPOLYLOOP((#861,#860,#864,#863));
#959=IFCFACEOUTERBOUND(#958,.T.);
#960=IFCFACE((#959));
#961=IFCPOLYLOOP((#838,#861,#863,#862));
#962=IFCFACEOUTERBOUND(#961,.T.);
#963=IFCFACE((#962));
#964=IFCCARTESIANPOINT((734.99062500002,195.699999999998,1000.));
#965=IFCCARTESIANPOINT((734.649883262911,195.699999999998,1002.58819045103));
#966=IFCCARTESIANPOINT((733.650879037864,195.699999999998,1005.));
#967=IFCCARTESIANPOINT((732.061692811885,195.699999999998,1007.07106781187));
#968=IFCCARTESIANPOINT((729.99062500002,195.699999999998,1008.66025403784));
#969=IFCCARTESIANPOINT((727.578815451045,195.699999999998,1009.65925826289));
#970=IFCCARTESIANPOINT((724.99062500002,195.699999999998,1010.));
#971=IFCCARTESIANPOINT((722.402434548994,195.699999999998,1009.65925826289));
#972=IFCCARTESIANPOINT((719.99062500002,195.699999999998,1008.66025403784));
#973=IFCCARTESIANPOINT((717.919557188154,195.699999999998,1007.07106781187));
#974=IFCCARTESIANPOINT((716.330370962175,195.699999999998,1005.));
#975=IFCCARTESIANPOINT((715.331366737129,195.699999999998,1002.58819045103));
#976=IFCCARTESIANPOINT((714.99062500002,195.699999999998,1000.));
#977=IFCCARTESIANPOINT((715.331366737129,195.699999999998,997.411809548974));
#978=IFCCARTESIANPOINT((716.330370962175,195.699999999998,995.));
#979=IFCCARTESIANPOINT((717.919557188154,195.699999999998,992.928932188134));
#980=IFCCARTESIANPOINT((719.99062500002,195.699999999998,991.339745962155));
#981=IFCCARTESIANPOINT((722.402434548995,195.699999999998,990.340741737109));
#982=IFCCARTESIANPOINT((724.99062500002,195.699999999998,990.));
#983=IFCCARTESIANPOINT((727.578815451045,195.699999999998,990.340741737109));
#984=IFCCARTESIANPOINT((729.99062500002,195.699999999998,991.339745962156));
#985=IFCCARTESIANPOINT((732.061692811885,195.699999999998,992.928932188135));
#986=IFCCARTESIANPOINT((733.650879037864,195.699999999998,995.));
#987=IFCCARTESIANPOINT((734.649883262911,195.699999999998,997.411809548975));
#988=IFCCARTESIANPOINT((714.99062500002,225.699999999998,1000.));
#989=IFCCARTESIANPOINT((715.331366737129,225.699999999998,997.411809548974));
#990=IFCCARTESIANPOINT((716.330370962175,225.699999999998,995.));
#991=IFCCARTESIANPOINT((717.919557188154,225.699999999998,992.928932188134));
#992=IFCCARTESIANPOINT((719.99062500002,225.699999999998,991.339745962155));
#993=IFCCARTESIANPOINT((722.402434548995,225.699999999998,990.340741737109));
#994=IFCCARTESIANPOINT((724.99062500002,225.699999999998,990.));
#995=IFCCARTESIANPOINT((727.578815451045,225.699999999998,990.340741737109));
#996=IFCCARTESIANPOINT((729.99062500002,225.699999999998,991.339745962156));
#997=IFCCARTESIANPOINT((732.061692811885,225.699999999998,992.928932188135));
#998=IFCCARTESIANPOINT((733.650879037864,225.699999999998,995.));
#999=IFCCARTESIANPOINT((734.649883262911,225.699999999998,997.411809548975));
#1000=IFCCARTESIANPOINT((734.99062500002,225.699999999998,1000.));
#1001=IFCCARTESIANPOINT((734.649883262911,225.699999999998,1002.58819045103));
#1002=IFCCARTESIANPOINT((733.650879037864,225.699999999998,1005.));
#1003=IFCCARTESIANPOINT((732.061692811885,225.699999999998,1007.07106781187));
#1004=IFCCARTESIANPOINT((729.99062500002,225.699999999998,1008.66025403784));
#1005=IFCCARTESIANPOINT((727.578815451045,225.699999999998,1009.65925826289));
#1006=IFCCARTESIANPOINT((724.99062500002,225.699999999998,1010.));
#1007=IFCCARTESIANPOINT((722.402434548994,225.699999999998,1009.65925826289));
#1008=IFCCARTESIANPOINT((719.99062500002,225.699999999998,1008.66025403784));
#1009=IFCCARTESIANPOINT((717.919557188154,225.699999999998,1007.07106781187));
#1010=IFCCARTESIANPOINT((716.330370962175,225.699999999998,1005.));
#1011=IFCCARTESIANPOINT((715.331366737129,225.699999999998,1002.58819045103));
#1012=IFCCARTESIANPOINT((709.990625000013,230.700000000005,1000.));
#1013=IFCCARTESIANPOINT((709.990625000013,231.040741737114,997.411809548974));
#1014=IFCCARTESIANPOINT((709.990625000013,232.039745962161,995.));
#1015=IFCCARTESIANPOINT((709.990625000013,233.628932188139,992.928932188134));
#1016=IFCCARTESIANPOINT((709.990625000013,235.700000000005,991.339745962155));
#1017=IFCCARTESIANPOINT((709.990625000013,238.11180954898,990.340741737109));
#1018=IFCCARTESIANPOINT((709.990625000013,240.700000000005,990.));
#1019=IFCCARTESIANPOINT((709.990625000013,243.28819045103,990.340741737109));
#1020=IFCCARTESIANPOINT((709.990625000013,245.700000000005,991.339745962155));
#1021=IFCCARTESIANPOINT((709.990625000013,247.771067811871,992.928932188134));
#1022=IFCCARTESIANPOINT((709.990625000013,249.36025403785,995.));
#1023=IFCCARTESIANPOINT((709.990625000013,250.359258262896,997.411809548975));
#1024=IFCCARTESIANPOINT((709.990625000013,250.700000000005,1000.));
#1025=IFCCARTESIANPOINT((722.490625000016,247.350635094615,1000.));
#1026=IFCCARTESIANPOINT((731.64126009463,238.200000000001,1000.));
#1027=IFCCARTESIANPOINT((713.52615890595,229.235533905936,1000.));
#1028=IFCCARTESIANPOINT((716.356822781358,248.994182445637,1000.));
#1029=IFCCARTESIANPOINT((733.284807456536,232.066197740724,1000.));
#1030=IFCCARTESIANPOINT((713.173723890686,249.847091222821,1000.));
#1031=IFCCARTESIANPOINT((734.137716228278,228.883098870361,1000.));
#1032=IFCCARTESIANPOINT((711.582174445349,250.273545611413,1000.));
#1033=IFCCARTESIANPOINT((734.564170614149,227.291549435179,1000.));
#1034=IFCCARTESIANPOINT((727.065942547323,242.775317547308,1000.));
#1035=IFCCARTESIANPOINT((719.528296895154,239.452915046697,990.151922655303));
#1036=IFCCARTESIANPOINT((723.743539411885,235.23767116981,990.151922490436));
#1037=IFCCARTESIANPOINT((732.463033775583,235.133098870363,1000.));
#1038=IFCCARTESIANPOINT((717.001242809246,244.370376318295,991.307206842549));
#1039=IFCCARTESIANPOINT((726.025711713699,232.283875587112,990.276218677195));
#1040=IFCCARTESIANPOINT((730.018962740416,231.660135520632,991.923303103072));
#1041=IFCCARTESIANPOINT((714.009082537887,233.076369365481,992.487405404095));
#1042=IFCCARTESIANPOINT((717.366994658077,229.718457615121,992.487405145908));
#1043=IFCCARTESIANPOINT((718.491907932886,234.201282594615,990.453520847801));
#1044=IFCCARTESIANPOINT((724.911134638691,240.371761869535,991.94476265457));
#1045=IFCCARTESIANPOINT((719.423723890687,248.172408770126,1000.));
#1046=IFCCARTESIANPOINT((724.77828377367,245.062976320962,1000.));
#1047=IFCCARTESIANPOINT((729.353601320977,240.487658773655,1000.));
#1048=IFCCARTESIANPOINT((709.990625000013,250.359258262896,1002.58819045103));
#1049=IFCCARTESIANPOINT((709.990625000013,249.360254037849,1005.));
#1050=IFCCARTESIANPOINT((709.990625000013,247.77106781187,1007.07106781187));
#1051=IFCCARTESIANPOINT((709.990625000013,245.700000000005,1008.66025403784));
#1052=IFCCARTESIANPOINT((709.990625000013,243.28819045103,1009.65925826289));
#1053=IFCCARTESIANPOINT((709.990625000013,240.700000000005,1010.));
#1054=IFCCARTESIANPOINT((709.990625000013,238.11180954898,1009.65925826289));
#1055=IFCCARTESIANPOINT((709.990625000013,235.700000000005,1008.66025403784));
#1056=IFCCARTESIANPOINT((709.990625000013,233.628932188139,1007.07106781187));
#1057=IFCCARTESIANPOINT((709.990625000013,232.03974596216,1005.));
#1058=IFCCARTESIANPOINT((709.990625000013,231.040741737114,1002.58819045102));
#1059=IFCCARTESIANPOINT((723.743539411997,235.23767116993,1009.84807750954));
#1060=IFCCARTESIANPOINT((719.528296895613,239.452915046807,1009.84807734463));
#1061=IFCCARTESIANPOINT((717.00124280933,244.37037631833,1008.69279315741));
#1062=IFCCARTESIANPOINT((726.02571171372,232.283875587141,1009.7237813228));
#1063=IFCCARTESIANPOINT((730.018962740422,231.660135520652,1008.07669689692));
#1064=IFCCARTESIANPOINT((717.366994658146,229.718457615162,1007.51259485416));
#1065=IFCCARTESIANPOINT((714.009082537878,233.076369365476,1007.5125945959));
#1066=IFCCARTESIANPOINT((718.491907933277,234.201282594955,1009.54647915236));
#1067=IFCCARTESIANPOINT((724.662387262935,240.62050930575,1008.05523731716));
#1068=IFCCARTESIANPOINT((604.990625000005,250.700000000005,1000.));
#1069=IFCCARTESIANPOINT((604.990625000005,250.359258262896,997.411809548974));
#1070=IFCCARTESIANPOINT((604.990625000005,249.360254037849,995.));
#1071=IFCCARTESIANPOINT((604.990625000005,247.77106781187,992.928932188134));
#1072=IFCCARTESIANPOINT((604.990625000005,245.700000000005,991.339745962155));
#1073=IFCCARTESIANPOINT((604.990625000005,243.28819045103,990.340741737109));
#1074=IFCCARTESIANPOINT((604.990625000005,240.700000000005,990.));
#1075=IFCCARTESIANPOINT((604.990625000005,238.11180954898,990.340741737109));
#1076=IFCCARTESIANPOINT((604.990625000005,235.700000000005,991.339745962155));
#1077=IFCCARTESIANPOINT((604.990625000005,233.628932188139,992.928932188134));
#1078=IFCCARTESIANPOINT((604.990625000005,232.03974596216,995.));
#1079=IFCCARTESIANPOINT((604.990625000005,231.040741737114,997.411809548974));
#1080=IFCCARTESIANPOINT((604.990625000005,230.700000000005,1000.));
#1081=IFCCARTESIANPOINT((604.990625000005,231.040741737114,1002.58819045102));
#1082=IFCCARTESIANPOINT((604.990625000005,232.03974596216,1005.));
#1083=IFCCARTESIANPOINT((604.990625000005,233.628932188139,1007.07106781187));
#1084=IFCCARTESIANPOINT((604.990625000005,235.700000000005,1008.66025403784));
#1085=IFCCARTESIANPOINT((604.990625000005,238.11180954898,1009.65925826289));
#1086=IFCCARTESIANPOINT((604.990625000005,240.700000000005,1010.));
#1087=IFCCARTESIANPOINT((604.990625000005,243.28819045103,1009.65925826289));
#1088=IFCCARTESIANPOINT((604.990625000005,245.700000000005,1008.66025403784));
#1089=IFCCARTESIANPOINT((604.990625000005,247.77106781187,1007.07106781187));
#1090=IFCCARTESIANPOINT((604.990625000005,249.360254037849,1005.));
#1091=IFCCARTESIANPOINT((604.990625000005,250.359258262896,1002.58819045102));
#1092=IFCPOLYLOOP((#985,#986,#987,#964,#965,#966,#967,#968,#969,#970,#971,#972,#973,#974,#975,#976,#977,#978,#979,#980,#981,#982,#983,#984));
#1093=IFCFACEOUTERBOUND(#1092,.T.);
#1094=IFCFACE((#1093));
#1095=IFCPOLYLOOP((#1000,#964,#987,#999));
#1096=IFCFACEOUTERBOUND(#1095,.T.);
#1097=IFCFACE((#1096));
#1098=IFCPOLYLOOP((#999,#987,#986,#998));
#1099=IFCFACEOUTERBOUND(#1098,.T.);
#1100=IFCFACE((#1099));
#1101=IFCPOLYLOOP((#996,#997,#985,#984));
#1102=IFCFACEOUTERBOUND(#1101,.T.);
#1103=IFCFACE((#1102));
#1104=IFCPOLYLOOP((#986,#985,#997,#998));
#1105=IFCFACEOUTERBOUND(#1104,.T.);
#1106=IFCFACE((#1105));
#1107=IFCPOLYLOOP((#995,#996,#984,#983));
#1108=IFCFACEOUTERBOUND(#1107,.T.);
#1109=IFCFACE((#1108));
#1110=IFCPOLYLOOP((#982,#994,#995,#983));
#1111=IFCFACEOUTERBOUND(#1110,.T.);
#1112=IFCFACE((#1111));
#1113=IFCPOLYLOOP((#993,#981,#980,#992));
#1114=IFCFACEOUTERBOUND(#1113,.T.);
#1115=IFCFACE((#1114));
#1116=IFCPOLYLOOP((#992,#980,#979,#991));
#1117=IFCFACEOUTERBOUND(#1116,.T.);
#1118=IFCFACE((#1117));
#1119=IFCPOLYLOOP((#989,#990,#978,#977));
#1120=IFCFACEOUTERBOUND(#1119,.T.);
#1121=IFCFACE((#1120));
#1122=IFCPOLYLOOP((#979,#978,#990,#991));
#1123=IFCFACEOUTERBOUND(#1122,.T.);
#1124=IFCFACE((#1123));
#1125=IFCPOLYLOOP((#988,#989,#977,#976));
#1126=IFCFACEOUTERBOUND(#1125,.T.);
#1127=IFCFACE((#1126));
#1128=IFCPOLYLOOP((#993,#994,#982,#981));
#1129=IFCFACEOUTERBOUND(#1128,.T.);
#1130=IFCFACE((#1129));
#1131=IFCPOLYLOOP((#988,#976,#975,#1011));
#1132=IFCFACEOUTERBOUND(#1131,.T.);
#1133=IFCFACE((#1132));
#1134=IFCPOLYLOOP((#1011,#975,#974,#1010));
#1135=IFCFACEOUTERBOUND(#1134,.T.);
#1136=IFCFACE((#1135));
#1137=IFCPOLYLOOP((#1008,#1009,#973,#972));
#1138=IFCFACEOUTERBOUND(#1137,.T.);
#1139=IFCFACE((#1138));
#1140=IFCPOLYLOOP((#974,#973,#1009,#1010));
#1141=IFCFACEOUTERBOUND(#1140,.T.);
#1142=IFCFACE((#1141));
#1143=IFCPOLYLOOP((#1007,#1008,#972,#971));
#1144=IFCFACEOUTERBOUND(#1143,.T.);
#1145=IFCFACE((#1144));
#1146=IFCPOLYLOOP((#970,#1006,#1007,#971));
#1147=IFCFACEOUTERBOUND(#1146,.T.);
#1148=IFCFACE((#1147));
#1149=IFCPOLYLOOP((#1005,#969,#968,#1004));
#1150=IFCFACEOUTERBOUND(#1149,.T.);
#1151=IFCFACE((#1150));
#1152=IFCPOLYLOOP((#1004,#968,#967,#1003));
#1153=IFCFACEOUTERBOUND(#1152,.T.);
#1154=IFCFACE((#1153));
#1155=IFCPOLYLOOP((#1001,#1002,#966,#965));
#1156=IFCFACEOUTERBOUND(#1155,.T.);
#1157=IFCFACE((#1156));
#1158=IFCPOLYLOOP((#967,#966,#1002,#1003));
#1159=IFCFACEOUTERBOUND(#1158,.T.);
#1160=IFCFACE((#1159));
#1161=IFCPOLYLOOP((#1000,#1001,#965,#964));
#1162=IFCFACEOUTERBOUND(#1161,.T.);
#1163=IFCFACE((#1162));
#1164=IFCPOLYLOOP((#1005,#1006,#970,#969));
#1165=IFCFACEOUTERBOUND(#1164,.T.);
#1166=IFCFACE((#1165));
#1167=IFCPOLYLOOP((#998,#1033,#999));
#1168=IFCFACEOUTERBOUND(#1167,.T.);
#1169=IFCFACE((#1168));
#1170=IFCPOLYLOOP((#1029,#995,#1040));
#1171=IFCFACEOUTERBOUND(#1170,.T.);
#1172=IFCFACE((#1171));
#1173=IFCPOLYLOOP((#1042,#1036,#1039));
#1174=IFCFACEOUTERBOUND(#1173,.T.);
#1175=IFCFACE((#1174));
#1176=IFCPOLYLOOP((#1040,#1026,#1037,#1029));
#1177=IFCFACEOUTERBOUND(#1176,.T.);
#1178=IFCFACE((#1177));
#1179=IFCPOLYLOOP((#997,#996,#1029));
#1180=IFCFACEOUTERBOUND(#1179,.T.);
#1181=IFCFACE((#1180));
#1182=IFCPOLYLOOP((#997,#1031,#998));
#1183=IFCFACEOUTERBOUND(#1182,.T.);
#1184=IFCFACE((#1183));
#1185=IFCPOLYLOOP((#995,#1029,#996));
#1186=IFCFACEOUTERBOUND(#1185,.T.);
#1187=IFCFACE((#1186));
#1188=IFCPOLYLOOP((#1040,#1039,#1026));
#1189=IFCFACEOUTERBOUND(#1188,.T.);
#1190=IFCFACE((#1189));
#1191=IFCPOLYLOOP((#993,#992,#1040));
#1192=IFCFACEOUTERBOUND(#1191,.T.);
#1193=IFCFACE((#1192));
#1194=IFCPOLYLOOP((#1043,#1035,#1044));
#1195=IFCFACEOUTERBOUND(#1194,.T.);
#1196=IFCFACE((#1195));
#1197=IFCPOLYLOOP((#1035,#1038,#1025));
#1198=IFCFACEOUTERBOUND(#1197,.T.);
#1199=IFCFACE((#1198));
#1200=IFCPOLYLOOP((#995,#994,#1040));
#1201=IFCFACEOUTERBOUND(#1200,.T.);
#1202=IFCFACE((#1201));
#1203=IFCPOLYLOOP((#994,#993,#1040));
#1204=IFCFACEOUTERBOUND(#1203,.T.);
#1205=IFCFACE((#1204));
#1206=IFCPOLYLOOP((#1041,#1027,#1012));
#1207=IFCFACEOUTERBOUND(#1206,.T.);
#1208=IFCFACE((#1207));
#1209=IFCPOLYLOOP((#1039,#1040,#992));
#1210=IFCFACEOUTERBOUND(#1209,.T.);
#1211=IFCFACE((#1210));
#1212=IFCPOLYLOOP((#1014,#1041,#1013));
#1213=IFCFACEOUTERBOUND(#1212,.T.);
#1214=IFCFACE((#1213));
#1215=IFCPOLYLOOP((#1019,#1028,#1045));
#1216=IFCFACEOUTERBOUND(#1215,.T.);
#1217=IFCFACE((#1216));
#1218=IFCPOLYLOOP((#1023,#1032,#1022));
#1219=IFCFACEOUTERBOUND(#1218,.T.);
#1220=IFCFACE((#1219));
#1221=IFCPOLYLOOP((#990,#1042,#1039));
#1222=IFCFACEOUTERBOUND(#1221,.T.);
#1223=IFCFACE((#1222));
#1224=IFCPOLYLOOP((#992,#991,#1039));
#1225=IFCFACEOUTERBOUND(#1224,.T.);
#1226=IFCFACE((#1225));
#1227=IFCPOLYLOOP((#1043,#1044,#1036));
#1228=IFCFACEOUTERBOUND(#1227,.T.);
#1229=IFCFACE((#1228));
#1230=IFCPOLYLOOP((#1016,#1038,#1015));
#1231=IFCFACEOUTERBOUND(#1230,.T.);
#1232=IFCFACE((#1231));
#1233=IFCPOLYLOOP((#1043,#1042,#1027));
#1234=IFCFACEOUTERBOUND(#1233,.T.);
#1235=IFCFACE((#1234));
#1236=IFCPOLYLOOP((#1044,#1047,#1036));
#1237=IFCFACEOUTERBOUND(#1236,.T.);
#1238=IFCFACE((#1237));
#1239=IFCPOLYLOOP((#1035,#1046,#1044));
#1240=IFCFACEOUTERBOUND(#1239,.T.);
#1241=IFCFACE((#1240));
#1242=IFCPOLYLOOP((#1019,#1020,#1028));
#1243=IFCFACEOUTERBOUND(#1242,.T.);
#1244=IFCFACE((#1243));
#1245=IFCPOLYLOOP((#1043,#1036,#1042));
#1246=IFCFACEOUTERBOUND(#1245,.T.);
#1247=IFCFACE((#1246));
#1248=IFCPOLYLOOP((#1038,#1018,#1045));
#1249=IFCFACEOUTERBOUND(#1248,.T.);
#1250=IFCFACE((#1249));
#1251=IFCPOLYLOOP((#1045,#1018,#1019));
#1252=IFCFACEOUTERBOUND(#1251,.T.);
#1253=IFCFACE((#1252));
#1254=IFCPOLYLOOP((#1028,#1021,#1030));
#1255=IFCFACEOUTERBOUND(#1254,.T.);
#1256=IFCFACE((#1255));
#1257=IFCPOLYLOOP((#1046,#1035,#1025));
#1258=IFCFACEOUTERBOUND(#1257,.T.);
#1259=IFCFACE((#1258));
#1260=IFCPOLYLOOP((#1020,#1021,#1028));
#1261=IFCFACEOUTERBOUND(#1260,.T.);
#1262=IFCFACE((#1261));
#1263=IFCPOLYLOOP((#1045,#1025,#1038));
#1264=IFCFACEOUTERBOUND(#1263,.T.);
#1265=IFCFACE((#1264));
#1266=IFCPOLYLOOP((#1024,#1032,#1023));
#1267=IFCFACEOUTERBOUND(#1266,.T.);
#1268=IFCFACE((#1267));
#1269=IFCPOLYLOOP((#1043,#1041,#1035));
#1270=IFCFACEOUTERBOUND(#1269,.T.);
#1271=IFCFACE((#1270));
#1272=IFCPOLYLOOP((#1036,#1047,#1039));
#1273=IFCFACEOUTERBOUND(#1272,.T.);
#1274=IFCFACE((#1273));
#1275=IFCPOLYLOOP((#1021,#1022,#1030));
#1276=IFCFACEOUTERBOUND(#1275,.T.);
#1277=IFCFACE((#1276));
#1278=IFCPOLYLOOP((#989,#988,#1042));
#1279=IFCFACEOUTERBOUND(#1278,.T.);
#1280=IFCFACE((#1279));
#1281=IFCPOLYLOOP((#1044,#1046,#1034,#1047));
#1282=IFCFACEOUTERBOUND(#1281,.T.);
#1283=IFCFACE((#1282));
#1284=IFCPOLYLOOP((#1035,#1041,#1014));
#1285=IFCFACEOUTERBOUND(#1284,.T.);
#1286=IFCFACE((#1285));
#1287=IFCPOLYLOOP((#1031,#997,#1029));
#1288=IFCFACEOUTERBOUND(#1287,.T.);
#1289=IFCFACE((#1288));
#1290=IFCPOLYLOOP((#1041,#1012,#1013));
#1291=IFCFACEOUTERBOUND(#1290,.T.);
#1292=IFCFACE((#1291));
#1293=IFCPOLYLOOP((#1033,#1000,#999));
#1294=IFCFACEOUTERBOUND(#1293,.T.);
#1295=IFCFACE((#1294));
#1296=IFCPOLYLOOP((#1035,#1015,#1038));
#1297=IFCFACEOUTERBOUND(#1296,.T.);
#1298=IFCFACE((#1297));
#1299=IFCPOLYLOOP((#1022,#1032,#1030));
#1300=IFCFACEOUTERBOUND(#1299,.T.);
#1301=IFCFACE((#1300));
#1302=IFCPOLYLOOP((#1035,#1014,#1015));
#1303=IFCFACEOUTERBOUND(#1302,.T.);
#1304=IFCFACE((#1303));
#1305=IFCPOLYLOOP((#998,#1031,#1033));
#1306=IFCFACEOUTERBOUND(#1305,.T.);
#1307=IFCFACE((#1306));
#1308=IFCPOLYLOOP((#1017,#1038,#1016));
#1309=IFCFACEOUTERBOUND(#1308,.T.);
#1310=IFCFACE((#1309));
#1311=IFCPOLYLOOP((#1038,#1017,#1018));
#1312=IFCFACEOUTERBOUND(#1311,.T.);
#1313=IFCFACE((#1312));
#1314=IFCPOLYLOOP((#1039,#991,#990));
#1315=IFCFACEOUTERBOUND(#1314,.T.);
#1316=IFCFACE((#1315));
#1317=IFCPOLYLOOP((#1041,#1043,#1027));
#1318=IFCFACEOUTERBOUND(#1317,.T.);
#1319=IFCFACE((#1318));
#1320=IFCPOLYLOOP((#1042,#990,#989));
#1321=IFCFACEOUTERBOUND(#1320,.T.);
#1322=IFCFACE((#1321));
#1323=IFCPOLYLOOP((#1026,#1039,#1047));
#1324=IFCFACEOUTERBOUND(#1323,.T.);
#1325=IFCFACE((#1324));
#1326=IFCPOLYLOOP((#1042,#988,#1027));
#1327=IFCFACEOUTERBOUND(#1326,.T.);
#1328=IFCFACE((#1327));
#1329=IFCPOLYLOOP((#1029,#1037,#1026,#1063));
#1330=IFCFACEOUTERBOUND(#1329,.T.);
#1331=IFCFACE((#1330));
#1332=IFCPOLYLOOP((#1066,#1064,#1059));
#1333=IFCFACEOUTERBOUND(#1332,.T.);
#1334=IFCFACE((#1333));
#1335=IFCPOLYLOOP((#1065,#1012,#1027));
#1336=IFCFACEOUTERBOUND(#1335,.T.);
#1337=IFCFACE((#1336));
#1338=IFCPOLYLOOP((#1010,#1009,#1062));
#1339=IFCFACEOUTERBOUND(#1338,.T.);
#1340=IFCFACE((#1339));
#1341=IFCPOLYLOOP((#1064,#1062,#1059));
#1342=IFCFACEOUTERBOUND(#1341,.T.);
#1343=IFCFACE((#1342));
#1344=IFCPOLYLOOP((#1065,#1060,#1057));
#1345=IFCFACEOUTERBOUND(#1344,.T.);
#1346=IFCFACE((#1345));
#1347=IFCPOLYLOOP((#1062,#1064,#1010));
#1348=IFCFACEOUTERBOUND(#1347,.T.);
#1349=IFCFACE((#1348));
#1350=IFCPOLYLOOP((#1066,#1059,#1067));
#1351=IFCFACEOUTERBOUND(#1350,.T.);
#1352=IFCFACE((#1351));
#1353=IFCPOLYLOOP((#1010,#1064,#1011));
#1354=IFCFACEOUTERBOUND(#1353,.T.);
#1355=IFCFACE((#1354));
#1356=IFCPOLYLOOP((#1066,#1065,#1027));
#1357=IFCFACEOUTERBOUND(#1356,.T.);
#1358=IFCFACE((#1357));
#1359=IFCPOLYLOOP((#1060,#1066,#1067));
#1360=IFCFACEOUTERBOUND(#1359,.T.);
#1361=IFCFACE((#1360));
#1362=IFCPOLYLOOP((#1058,#1012,#1065));
#1363=IFCFACEOUTERBOUND(#1362,.T.);
#1364=IFCFACE((#1363));
#1365=IFCPOLYLOOP((#1001,#1000,#1033));
#1366=IFCFACEOUTERBOUND(#1365,.T.);
#1367=IFCFACE((#1366));
#1368=IFCPOLYLOOP((#1061,#1060,#1025));
#1369=IFCFACEOUTERBOUND(#1368,.T.);
#1370=IFCFACE((#1369));
#1371=IFCPOLYLOOP((#1061,#1025,#1045));
#1372=IFCFACEOUTERBOUND(#1371,.T.);
#1373=IFCFACE((#1372));
#1374=IFCPOLYLOOP((#1031,#1029,#1003));
#1375=IFCFACEOUTERBOUND(#1374,.T.);
#1376=IFCFACE((#1375));
#1377=IFCPOLYLOOP((#1005,#1063,#1006));
#1378=IFCFACEOUTERBOUND(#1377,.T.);
#1379=IFCFACE((#1378));
#1380=IFCPOLYLOOP((#1046,#1025,#1060));
#1381=IFCFACEOUTERBOUND(#1380,.T.);
#1382=IFCFACE((#1381));
#1383=IFCPOLYLOOP((#1004,#1003,#1029));
#1384=IFCFACEOUTERBOUND(#1383,.T.);
#1385=IFCFACE((#1384));
#1386=IFCPOLYLOOP((#1029,#1005,#1004));
#1387=IFCFACEOUTERBOUND(#1386,.T.);
#1388=IFCFACE((#1387));
#1389=IFCPOLYLOOP((#1026,#1047,#1062));
#1390=IFCFACEOUTERBOUND(#1389,.T.);
#1391=IFCFACE((#1390));
#1392=IFCPOLYLOOP((#1045,#1052,#1053));
#1393=IFCFACEOUTERBOUND(#1392,.T.);
#1394=IFCFACE((#1393));
#1395=IFCPOLYLOOP((#1029,#1063,#1005));
#1396=IFCFACEOUTERBOUND(#1395,.T.);
#1397=IFCFACE((#1396));
#1398=IFCPOLYLOOP((#1060,#1065,#1066));
#1399=IFCFACEOUTERBOUND(#1398,.T.);
#1400=IFCFACE((#1399));
#1401=IFCPOLYLOOP((#1064,#1066,#1027));
#1402=IFCFACEOUTERBOUND(#1401,.T.);
#1403=IFCFACE((#1402));
#1404=IFCPOLYLOOP((#1058,#1065,#1057));
#1405=IFCFACEOUTERBOUND(#1404,.T.);
#1406=IFCFACE((#1405));
#1407=IFCPOLYLOOP((#1056,#1057,#1060));
#1408=IFCFACEOUTERBOUND(#1407,.T.);
#1409=IFCFACE((#1408));
#1410=IFCPOLYLOOP((#1003,#1002,#1031));
#1411=IFCFACEOUTERBOUND(#1410,.T.);
#1412=IFCFACE((#1411));
#1413=IFCPOLYLOOP((#1060,#1067,#1046));
#1414=IFCFACEOUTERBOUND(#1413,.T.);
#1415=IFCFACE((#1414));
#1416=IFCPOLYLOOP((#1064,#988,#1011));
#1417=IFCFACEOUTERBOUND(#1416,.T.);
#1418=IFCFACE((#1417));
#1419=IFCPOLYLOOP((#1030,#1050,#1028));
#1420=IFCFACEOUTERBOUND(#1419,.T.);
#1421=IFCFACE((#1420));
#1422=IFCPOLYLOOP((#1055,#1061,#1054));
#1423=IFCFACEOUTERBOUND(#1422,.T.);
#1424=IFCFACE((#1423));
#1425=IFCPOLYLOOP((#1049,#1030,#1032));
#1426=IFCFACEOUTERBOUND(#1425,.T.);
#1427=IFCFACE((#1426));
#1428=IFCPOLYLOOP((#1002,#1033,#1031));
#1429=IFCFACEOUTERBOUND(#1428,.T.);
#1430=IFCFACE((#1429));
#1431=IFCPOLYLOOP((#1055,#1056,#1061));
#1432=IFCFACEOUTERBOUND(#1431,.T.);
#1433=IFCFACE((#1432));
#1434=IFCPOLYLOOP((#1032,#1024,#1048));
#1435=IFCFACEOUTERBOUND(#1434,.T.);
#1436=IFCFACE((#1435));
#1437=IFCPOLYLOOP((#1061,#1053,#1054));
#1438=IFCFACEOUTERBOUND(#1437,.T.);
#1439=IFCFACE((#1438));
#1440=IFCPOLYLOOP((#1059,#1047,#1067));
#1441=IFCFACEOUTERBOUND(#1440,.T.);
#1442=IFCFACE((#1441));
#1443=IFCPOLYLOOP((#1067,#1047,#1034,#1046));
#1444=IFCFACEOUTERBOUND(#1443,.T.);
#1445=IFCFACE((#1444));
#1446=IFCPOLYLOOP((#1028,#1050,#1051));
#1447=IFCFACEOUTERBOUND(#1446,.T.);
#1448=IFCFACE((#1447));
#1449=IFCPOLYLOOP((#1051,#1052,#1028));
#1450=IFCFACEOUTERBOUND(#1449,.T.);
#1451=IFCFACE((#1450));
#1452=IFCPOLYLOOP((#1007,#1063,#1008));
#1453=IFCFACEOUTERBOUND(#1452,.T.);
#1454=IFCFACE((#1453));
#1455=IFCPOLYLOOP((#1028,#1052,#1045));
#1456=IFCFACEOUTERBOUND(#1455,.T.);
#1457=IFCFACE((#1456));
#1458=IFCPOLYLOOP((#1032,#1048,#1049));
#1459=IFCFACEOUTERBOUND(#1458,.T.);
#1460=IFCFACE((#1459));
#1461=IFCPOLYLOOP((#1047,#1059,#1062));
#1462=IFCFACEOUTERBOUND(#1461,.T.);
#1463=IFCFACE((#1462));
#1464=IFCPOLYLOOP((#1061,#1045,#1053));
#1465=IFCFACEOUTERBOUND(#1464,.T.);
#1466=IFCFACE((#1465));
#1467=IFCPOLYLOOP((#1007,#1006,#1063));
#1468=IFCFACEOUTERBOUND(#1467,.T.);
#1469=IFCFACE((#1468));
#1470=IFCPOLYLOOP((#1060,#1061,#1056));
#1471=IFCFACEOUTERBOUND(#1470,.T.);
#1472=IFCFACE((#1471));
#1473=IFCPOLYLOOP((#1050,#1030,#1049));
#1474=IFCFACEOUTERBOUND(#1473,.T.);
#1475=IFCFACE((#1474));
#1476=IFCPOLYLOOP((#1001,#1033,#1002));
#1477=IFCFACEOUTERBOUND(#1476,.T.);
#1478=IFCFACE((#1477));
#1479=IFCPOLYLOOP((#1062,#1063,#1026));
#1480=IFCFACEOUTERBOUND(#1479,.T.);
#1481=IFCFACE((#1480));
#1482=IFCPOLYLOOP((#1062,#1009,#1008));
#1483=IFCFACEOUTERBOUND(#1482,.T.);
#1484=IFCFACE((#1483));
#1485=IFCPOLYLOOP((#1064,#1027,#988));
#1486=IFCFACEOUTERBOUND(#1485,.T.);
#1487=IFCFACE((#1486));
#1488=IFCPOLYLOOP((#1063,#1062,#1008));
#1489=IFCFACEOUTERBOUND(#1488,.T.);
#1490=IFCFACE((#1489));
#1491=IFCPOLYLOOP((#1073,#1074,#1075,#1076,#1077,#1078,#1079,#1080,#1081,#1082,#1083,#1084,#1085,#1086,#1087,#1088,#1089,#1090,#1091,#1068,#1069,#1070,#1071,#1072));
#1492=IFCFACEOUTERBOUND(#1491,.T.);
#1493=IFCFACE((#1492));
#1494=IFCPOLYLOOP((#1068,#1024,#1023,#1069));
#1495=IFCFACEOUTERBOUND(#1494,.T.);
#1496=IFCFACE((#1495));
#1497=IFCPOLYLOOP((#1069,#1023,#1022,#1070));
#1498=IFCFACEOUTERBOUND(#1497,.T.);
#1499=IFCFACE((#1498));
#1500=IFCPOLYLOOP((#1071,#1021,#1020,#1072));
#1501=IFCFACEOUTERBOUND(#1500,.T.);
#1502=IFCFACE((#1501));
#1503=IFCPOLYLOOP((#1070,#1022,#1021,#1071));
#1504=IFCFACEOUTERBOUND(#1503,.T.);
#1505=IFCFACE((#1504));
#1506=IFCPOLYLOOP((#1072,#1020,#1019,#1073));
#1507=IFCFACEOUTERBOUND(#1506,.T.);
#1508=IFCFACE((#1507));
#1509=IFCPOLYLOOP((#1018,#1074,#1073,#1019));
#1510=IFCFACEOUTERBOUND(#1509,.T.);
#1511=IFCFACE((#1510));
#1512=IFCPOLYLOOP((#1016,#1015,#1077,#1076));
#1513=IFCFACEOUTERBOUND(#1512,.T.);
#1514=IFCFACE((#1513));
#1515=IFCPOLYLOOP((#1017,#1016,#1076,#1075));
#1516=IFCFACEOUTERBOUND(#1515,.T.);
#1517=IFCFACE((#1516));
#1518=IFCPOLYLOOP((#1013,#1012,#1080,#1079));
#1519=IFCFACEOUTERBOUND(#1518,.T.);
#1520=IFCFACE((#1519));
#1521=IFCPOLYLOOP((#1014,#1013,#1079,#1078));
#1522=IFCFACEOUTERBOUND(#1521,.T.);
#1523=IFCFACE((#1522));
#1524=IFCPOLYLOOP((#1015,#1014,#1078,#1077));
#1525=IFCFACEOUTERBOUND(#1524,.T.);
#1526=IFCFACE((#1525));
#1527=IFCPOLYLOOP((#1075,#1074,#1018,#1017));
#1528=IFCFACEOUTERBOUND(#1527,.T.);
#1529=IFCFACE((#1528));
#1530=IFCPOLYLOOP((#1081,#1080,#1012,#1058));
#1531=IFCFACEOUTERBOUND(#1530,.T.);
#1532=IFCFACE((#1531));
#1533=IFCPOLYLOOP((#1081,#1058,#1057,#1082));
#1534=IFCFACEOUTERBOUND(#1533,.T.);
#1535=IFCFACE((#1534));
#1536=IFCPOLYLOOP((#1055,#1054,#1085,#1084));
#1537=IFCFACEOUTERBOUND(#1536,.T.);
#1538=IFCFACE((#1537));
#1539=IFCPOLYLOOP((#1056,#1055,#1084,#1083));
#1540=IFCFACEOUTERBOUND(#1539,.T.);
#1541=IFCFACE((#1540));
#1542=IFCPOLYLOOP((#1083,#1082,#1057,#1056));
#1543=IFCFACEOUTERBOUND(#1542,.T.);
#1544=IFCFACE((#1543));
#1545=IFCPOLYLOOP((#1053,#1086,#1085,#1054));
#1546=IFCFACEOUTERBOUND(#1545,.T.);
#1547=IFCFACE((#1546));
#1548=IFCPOLYLOOP((#1050,#1089,#1088,#1051));
#1549=IFCFACEOUTERBOUND(#1548,.T.);
#1550=IFCFACE((#1549));
#1551=IFCPOLYLOOP((#1051,#1088,#1087,#1052));
#1552=IFCFACEOUTERBOUND(#1551,.T.);
#1553=IFCFACE((#1552));
#1554=IFCPOLYLOOP((#1024,#1068,#1091,#1048));
#1555=IFCFACEOUTERBOUND(#1554,.T.);
#1556=IFCFACE((#1555));
#1557=IFCPOLYLOOP((#1049,#1048,#1091,#1090));
#1558=IFCFACEOUTERBOUND(#1557,.T.);
#1559=IFCFACE((#1558));
#1560=IFCPOLYLOOP((#1050,#1049,#1090,#1089));
#1561=IFCFACEOUTERBOUND(#1560,.T.);
#1562=IFCFACE((#1561));
#1563=IFCPOLYLOOP((#1053,#1052,#1087,#1086));
#1564=IFCFACEOUTERBOUND(#1563,.T.);
#1565=IFCFACE((#1564));
#1566=IFCCARTESIANPOINT((757.49062500002,195.699999999998,1000.));
#1567=IFCCARTESIANPOINT((756.468399788692,195.699999999998,992.235428646925));
#1568=IFCCARTESIANPOINT((753.471387113553,195.699999999998,985.));
#1569=IFCCARTESIANPOINT((748.703828435616,195.699999999998,978.786796564404));
#1570=IFCCARTESIANPOINT((742.49062500002,195.699999999998,974.019237886467));
#1571=IFCCARTESIANPOINT((735.255196353095,195.699999999998,971.022225211328));
#1572=IFCCARTESIANPOINT((727.49062500002,195.699999999998,970.));
#1573=IFCCARTESIANPOINT((719.726053646944,195.699999999998,971.022225211328));
#1574=IFCCARTESIANPOINT((712.49062500002,195.699999999998,974.019237886467));
#1575=IFCCARTESIANPOINT((706.277421564423,195.699999999998,978.786796564404));
#1576=IFCCARTESIANPOINT((701.509862886487,195.699999999998,985.));
#1577=IFCCARTESIANPOINT((698.512850211348,195.699999999998,992.235428646925));
#1578=IFCCARTESIANPOINT((697.49062500002,195.699999999998,1000.));
#1579=IFCCARTESIANPOINT((698.512850211348,195.699999999998,1007.76457135308));
#1580=IFCCARTESIANPOINT((701.509862886487,195.699999999998,1015.));
#1581=IFCCARTESIANPOINT((706.277421564423,195.699999999998,1021.2132034356));
#1582=IFCCARTESIANPOINT((712.49062500002,195.699999999998,1025.98076211353));
#1583=IFCCARTESIANPOINT((719.726053646944,195.699999999998,1028.97777478867));
#1584=IFCCARTESIANPOINT((727.49062500002,195.699999999998,1030.));
#1585=IFCCARTESIANPOINT((735.255196353095,195.699999999998,1028.97777478867));
#1586=IFCCARTESIANPOINT((742.49062500002,195.699999999998,1025.98076211353));
#1587=IFCCARTESIANPOINT((748.703828435616,195.699999999998,1021.2132034356));
#1588=IFCCARTESIANPOINT((753.471387113553,195.699999999998,1015.));
#1589=IFCCARTESIANPOINT((756.468399788692,195.699999999998,1007.76457135308));
#1590=IFCCARTESIANPOINT((757.49062500002,187.699999999998,1000.));
#1591=IFCCARTESIANPOINT((756.468399788692,187.699999999998,1007.76457135308));
#1592=IFCCARTESIANPOINT((753.471387113553,187.699999999998,1015.));
#1593=IFCCARTESIANPOINT((748.703828435616,187.699999999998,1021.2132034356));
#1594=IFCCARTESIANPOINT((742.49062500002,187.699999999998,1025.98076211353));
#1595=IFCCARTESIANPOINT((735.255196353095,187.699999999998,1028.97777478867));
#1596=IFCCARTESIANPOINT((727.49062500002,187.699999999998,1030.));
#1597=IFCCARTESIANPOINT((719.726053646944,187.699999999998,1028.97777478867));
#1598=IFCCARTESIANPOINT((712.49062500002,187.699999999998,1025.98076211353));
#1599=IFCCARTESIANPOINT((706.277421564423,187.699999999998,1021.2132034356));
#1600=IFCCARTESIANPOINT((701.509862886487,187.699999999998,1015.));
#1601=IFCCARTESIANPOINT((698.512850211348,187.699999999998,1007.76457135308));
#1602=IFCCARTESIANPOINT((697.49062500002,187.699999999998,1000.));
#1603=IFCCARTESIANPOINT((698.512850211348,187.699999999998,992.235428646925));
#1604=IFCCARTESIANPOINT((701.509862886487,187.699999999998,985.));
#1605=IFCCARTESIANPOINT((706.277421564423,187.699999999998,978.786796564404));
#1606=IFCCARTESIANPOINT((712.49062500002,187.699999999998,974.019237886467));
#1607=IFCCARTESIANPOINT((719.726053646944,187.699999999998,971.022225211328));
#1608=IFCCARTESIANPOINT((727.49062500002,187.699999999998,970.));
#1609=IFCCARTESIANPOINT((735.255196353095,187.699999999998,971.022225211328));
#1610=IFCCARTESIANPOINT((742.49062500002,187.699999999998,974.019237886467));
#1611=IFCCARTESIANPOINT((748.703828435616,187.699999999998,978.786796564404));
#1612=IFCCARTESIANPOINT((753.471387113553,187.699999999998,985.));
#1613=IFCCARTESIANPOINT((756.468399788692,187.699999999998,992.235428646925));
#1614=IFCPOLYLOOP((#1581,#1582,#1583,#1584,#1585,#1586,#1587,#1588,#1589,#1566,#1567,#1568,#1569,#1570,#1571,#1572,#1573,#1574,#1575,#1576,#1577,#1578,#1579,#1580));
#1615=IFCFACEOUTERBOUND(#1614,.T.);
#1616=IFCFACE((#1615));
#1617=IFCPOLYLOOP((#1608,#1609,#1610,#1611,#1612,#1613,#1590,#1591,#1592,#1593,#1594,#1595,#1596,#1597,#1598,#1599,#1600,#1601,#1602,#1603,#1604,#1605,#1606,#1607));
#1618=IFCFACEOUTERBOUND(#1617,.T.);
#1619=IFCFACE((#1618));
#1620=IFCPOLYLOOP((#1590,#1566,#1589,#1591));
#1621=IFCFACEOUTERBOUND(#1620,.T.);
#1622=IFCFACE((#1621));
#1623=IFCPOLYLOOP((#1591,#1589,#1588,#1592));
#1624=IFCFACEOUTERBOUND(#1623,.T.);
#1625=IFCFACE((#1624));
#1626=IFCPOLYLOOP((#1594,#1593,#1587,#1586));
#1627=IFCFACEOUTERBOUND(#1626,.T.);
#1628=IFCFACE((#1627));
#1629=IFCPOLYLOOP((#1587,#1593,#1592,#1588));
#1630=IFCFACEOUTERBOUND(#1629,.T.);
#1631=IFCFACE((#1630));
#1632=IFCPOLYLOOP((#1595,#1594,#1586,#1585));
#1633=IFCFACEOUTERBOUND(#1632,.T.);
#1634=IFCFACE((#1633));
#1635=IFCPOLYLOOP((#1595,#1585,#1584,#1596));
#1636=IFCFACEOUTERBOUND(#1635,.T.);
#1637=IFCFACE((#1636));
#1638=IFCPOLYLOOP((#1596,#1584,#1583,#1597));
#1639=IFCFACEOUTERBOUND(#1638,.T.);
#1640=IFCFACE((#1639));
#1641=IFCPOLYLOOP((#1597,#1583,#1582,#1598));
#1642=IFCFACEOUTERBOUND(#1641,.T.);
#1643=IFCFACE((#1642));
#1644=IFCPOLYLOOP((#1600,#1599,#1581,#1580));
#1645=IFCFACEOUTERBOUND(#1644,.T.);
#1646=IFCFACE((#1645));
#1647=IFCPOLYLOOP((#1581,#1599,#1598,#1582));
#1648=IFCFACEOUTERBOUND(#1647,.T.);
#1649=IFCFACE((#1648));
#1650=IFCPOLYLOOP((#1601,#1600,#1580,#1579));
#1651=IFCFACEOUTERBOUND(#1650,.T.);
#1652=IFCFACE((#1651));
#1653=IFCPOLYLOOP((#1601,#1579,#1578,#1602));
#1654=IFCFACEOUTERBOUND(#1653,.T.);
#1655=IFCFACE((#1654));
#1656=IFCPOLYLOOP((#1602,#1578,#1577,#1603));
#1657=IFCFACEOUTERBOUND(#1656,.T.);
#1658=IFCFACE((#1657));
#1659=IFCPOLYLOOP((#1603,#1577,#1576,#1604));
#1660=IFCFACEOUTERBOUND(#1659,.T.);
#1661=IFCFACE((#1660));
#1662=IFCPOLYLOOP((#1606,#1605,#1575,#1574));
#1663=IFCFACEOUTERBOUND(#1662,.T.);
#1664=IFCFACE((#1663));
#1665=IFCPOLYLOOP((#1575,#1605,#1604,#1576));
#1666=IFCFACEOUTERBOUND(#1665,.T.);
#1667=IFCFACE((#1666));
#1668=IFCPOLYLOOP((#1607,#1606,#1574,#1573));
#1669=IFCFACEOUTERBOUND(#1668,.T.);
#1670=IFCFACE((#1669));
#1671=IFCPOLYLOOP((#1607,#1573,#1572,#1608));
#1672=IFCFACEOUTERBOUND(#1671,.T.);
#1673=IFCFACE((#1672));
#1674=IFCPOLYLOOP((#1608,#1572,#1571,#1609));
#1675=IFCFACEOUTERBOUND(#1674,.T.);
#1676=IFCFACE((#1675));
#1677=IFCPOLYLOOP((#1609,#1571,#1570,#1610));
#1678=IFCFACEOUTERBOUND(#1677,.T.);
#1679=IFCFACE((#1678));
#1680=IFCPOLYLOOP((#1612,#1611,#1569,#1568));
#1681=IFCFACEOUTERBOUND(#1680,.T.);
#1682=IFCFACE((#1681));
#1683=IFCPOLYLOOP((#1569,#1611,#1610,#1570));
#1684=IFCFACEOUTERBOUND(#1683,.T.);
#1685=IFCFACE((#1684));
#1686=IFCPOLYLOOP((#1613,#1612,#1568,#1567));
#1687=IFCFACEOUTERBOUND(#1686,.T.);
#1688=IFCFACE((#1687));
#1689=IFCPOLYLOOP((#1613,#1567,#1566,#1590));
#1690=IFCFACEOUTERBOUND(#1689,.T.);
#1691=IFCFACE((#1690));
#1692=IFCCARTESIANPOINT((800.,142.699999999998,2000.));
#1693=IFCCARTESIANPOINT((50.,142.699999999998,2000.));
#1694=IFCCARTESIANPOINT((50.,142.699999999998,0.));
#1695=IFCCARTESIANPOINT((800.,142.699999999998,0.));
#1696=IFCCARTESIANPOINT((647.600000000014,142.699999999998,1847.6));
#1697=IFCCARTESIANPOINT((647.600000000014,142.699999999998,1212.6));
#1698=IFCCARTESIANPOINT((520.600000000014,142.699999999998,1212.6));
#1699=IFCCARTESIANPOINT((520.600000000014,142.699999999998,1847.6));
#1700=IFCPOLYLOOP((#1692,#1693,#1694,#1695));
#1701=IFCFACEOUTERBOUND(#1700,.T.);
#1702=IFCPOLYLOOP((#1696,#1697,#1698,#1699));
#1703=IFCFACEBOUND(#1702,.T.);
#1704=IFCFACE((#1701,#1703));
#1705=IFCCARTESIANPOINT((800.,187.699999999998,2000.));
#1706=IFCCARTESIANPOINT((800.,187.699999999998,0.));
#1707=IFCCARTESIANPOINT((50.,187.699999999998,0.));
#1708=IFCCARTESIANPOINT((50.,187.699999999998,2000.));
#1709=IFCCARTESIANPOINT((647.600000000014,187.699999999998,1847.6));
#1710=IFCCARTESIANPOINT((520.600000000014,187.699999999998,1847.6));
#1711=IFCCARTESIANPOINT((520.600000000014,187.699999999998,1212.6));
#1712=IFCCARTESIANPOINT((647.600000000014,187.699999999998,1212.6));
#1713=IFCPOLYLOOP((#1705,#1706,#1707,#1708));
#1714=IFCFACEOUTERBOUND(#1713,.T.);
#1715=IFCPOLYLOOP((#1709,#1710,#1711,#1712));
#1716=IFCFACEBOUND(#1715,.T.);
#1717=IFCFACE((#1714,#1716));
#1718=IFCPOLYLOOP((#1695,#1706,#1705,#1692));
#1719=IFCFACEOUTERBOUND(#1718,.T.);
#1720=IFCFACE((#1719));
#1721=IFCPOLYLOOP((#1694,#1707,#1706,#1695));
#1722=IFCFACEOUTERBOUND(#1721,.T.);
#1723=IFCFACE((#1722));
#1724=IFCPOLYLOOP((#1693,#1708,#1707,#1694));
#1725=IFCFACEOUTERBOUND(#1724,.T.);
#1726=IFCFACE((#1725));
#1727=IFCPOLYLOOP((#1692,#1705,#1708,#1693));
#1728=IFCFACEOUTERBOUND(#1727,.T.);
#1729=IFCFACE((#1728));
#1730=IFCPOLYLOOP((#1699,#1710,#1709,#1696));
#1731=IFCFACEOUTERBOUND(#1730,.T.);
#1732=IFCFACE((#1731));
#1733=IFCPOLYLOOP((#1698,#1711,#1710,#1699));
#1734=IFCFACEOUTERBOUND(#1733,.T.);
#1735=IFCFACE((#1734));
#1736=IFCPOLYLOOP((#1697,#1712,#1711,#1698));
#1737=IFCFACEOUTERBOUND(#1736,.T.);
#1738=IFCFACE((#1737));
#1739=IFCPOLYLOOP((#1696,#1709,#1712,#1697));
#1740=IFCFACEOUTERBOUND(#1739,.T.);
#1741=IFCFACE((#1740));
#1742=IFCCARTESIANPOINT((50.,137.937499999998,0.));
#1743=IFCCARTESIANPOINT((65.8750000000053,137.937499999998,0.));
#1744=IFCCARTESIANPOINT((65.8750000000053,86.9124999999981,0.));
#1745=IFCCARTESIANPOINT((50.,86.9124999999981,0.));
#1746=IFCCARTESIANPOINT((50.,37.6999999999982,0.));
#1747=IFCCARTESIANPOINT((0.,37.6999999999982,0.));
#1748=IFCCARTESIANPOINT((0.,187.699999999999,0.));
#1749=IFCCARTESIANPOINT((50.,187.699999999999,0.));
#1750=IFCPOLYLOOP((#1742,#1743,#1744,#1745,#1746,#1747,#1748,#1749));
#1751=IFCFACEOUTERBOUND(#1750,.T.);
#1752=IFCFACE((#1751));
#1753=IFCCARTESIANPOINT((50.,187.699999999999,2000.));
#1754=IFCCARTESIANPOINT((50.,137.937499999998,2000.));
#1755=IFCPOLYLOOP((#1749,#1753,#1754,#1742));
#1756=IFCFACEOUTERBOUND(#1755,.T.);
#1757=IFCFACE((#1756));
#1758=IFCCARTESIANPOINT((0.,187.699999999999,2100.));
#1759=IFCCARTESIANPOINT((850.,187.699999999999,2100.));
#1760=IFCCARTESIANPOINT((850.,187.699999999999,0.));
#1761=IFCCARTESIANPOINT((800.,187.699999999999,0.));
#1762=IFCCARTESIANPOINT((800.,187.699999999999,2000.));
#1763=IFCPOLYLOOP((#1748,#1758,#1759,#1760,#1761,#1762,#1753,#1749));
#1764=IFCFACEOUTERBOUND(#1763,.T.);
#1765=IFCFACE((#1764));
#1766=IFCCARTESIANPOINT((0.,37.699999999999,2100.));
#1767=IFCPOLYLOOP((#1747,#1766,#1758,#1748));
#1768=IFCFACEOUTERBOUND(#1767,.T.);
#1769=IFCFACE((#1768));
#1770=IFCCARTESIANPOINT((50.,37.6999999999982,2000.));
#1771=IFCCARTESIANPOINT((800.,37.6999999999982,2000.));
#1772=IFCCARTESIANPOINT((800.,37.6999999999982,0.));
#1773=IFCCARTESIANPOINT((850.,37.6999999999982,0.));
#1774=IFCCARTESIANPOINT((850.,37.6999999999982,2100.));
#1775=IFCPOLYLOOP((#1746,#1770,#1771,#1772,#1773,#1774,#1766,#1747));
#1776=IFCFACEOUTERBOUND(#1775,.T.);
#1777=IFCFACE((#1776));
#1778=IFCCARTESIANPOINT((50.,86.9124999999981,2000.));
#1779=IFCPOLYLOOP((#1745,#1778,#1770,#1746));
#1780=IFCFACEOUTERBOUND(#1779,.T.);
#1781=IFCFACE((#1780));
#1782=IFCCARTESIANPOINT((65.8750000000053,86.9124999999981,1984.125));
#1783=IFCCARTESIANPOINT((784.125000000006,86.9124999999981,1984.125));
#1784=IFCCARTESIANPOINT((784.125000000006,86.9124999999981,0.));
#1785=IFCCARTESIANPOINT((800.,86.9124999999981,0.));
#1786=IFCCARTESIANPOINT((800.,86.9124999999981,2000.));
#1787=IFCPOLYLOOP((#1744,#1782,#1783,#1784,#1785,#1786,#1778,#1745));
#1788=IFCFACEOUTERBOUND(#1787,.T.);
#1789=IFCFACE((#1788));
#1790=IFCCARTESIANPOINT((65.8750000000053,137.937499999998,1984.125));
#1791=IFCPOLYLOOP((#1743,#1790,#1782,#1744));
#1792=IFCFACEOUTERBOUND(#1791,.T.);
#1793=IFCFACE((#1792));
#1794=IFCCARTESIANPOINT((800.,137.937499999998,2000.));
#1795=IFCCARTESIANPOINT((800.,137.937499999998,0.));
#1796=IFCCARTESIANPOINT((784.125000000006,137.937499999998,0.));
#1797=IFCCARTESIANPOINT((784.125000000006,137.937499999998,1984.125));
#1798=IFCPOLYLOOP((#1742,#1754,#1794,#1795,#1796,#1797,#1790,#1743));
#1799=IFCFACEOUTERBOUND(#1798,.T.);
#1800=IFCFACE((#1799));
#1801=IFCPOLYLOOP((#1753,#1762,#1794,#1754));
#1802=IFCFACEOUTERBOUND(#1801,.T.);
#1803=IFCFACE((#1802));
#1804=IFCPOLYLOOP((#1770,#1778,#1786,#1771));
#1805=IFCFACEOUTERBOUND(#1804,.T.);
#1806=IFCFACE((#1805));
#1807=IFCPOLYLOOP((#1782,#1790,#1797,#1783));
#1808=IFCFACEOUTERBOUND(#1807,.T.);
#1809=IFCFACE((#1808));
#1810=IFCPOLYLOOP((#1760,#1773,#1772,#1785,#1784,#1796,#1795,#1761));
#1811=IFCFACEOUTERBOUND(#1810,.T.);
#1812=IFCFACE((#1811));
#1813=IFCPOLYLOOP((#1761,#1795,#1794,#1762));
#1814=IFCFACEOUTERBOUND(#1813,.T.);
#1815=IFCFACE((#1814));
#1816=IFCPOLYLOOP((#1759,#1774,#1773,#1760));
#1817=IFCFACEOUTERBOUND(#1816,.T.);
#1818=IFCFACE((#1817));
#1819=IFCPOLYLOOP((#1771,#1786,#1785,#1772));
#1820=IFCFACEOUTERBOUND(#1819,.T.);
#1821=IFCFACE((#1820));
#1822=IFCPOLYLOOP((#1783,#1797,#1796,#1784));
#1823=IFCFACEOUTERBOUND(#1822,.T.);
#1824=IFCFACE((#1823));
#1825=IFCPOLYLOOP((#1766,#1774,#1759,#1758));
#1826=IFCFACEOUTERBOUND(#1825,.T.);
#1827=IFCFACE((#1826));
#1828=IFCCARTESIANPOINT((647.600000000015,162.699999999998,1847.6));
#1829=IFCCARTESIANPOINT((520.600000000015,162.699999999998,1847.6));
#1830=IFCCARTESIANPOINT((520.600000000015,162.699999999998,1212.6));
#1831=IFCCARTESIANPOINT((647.600000000015,162.699999999998,1212.6));
#1832=IFCPOLYLOOP((#1828,#1829,#1830,#1831));
#1833=IFCFACEOUTERBOUND(#1832,.T.);
#1834=IFCFACE((#1833));
#1835=IFCCARTESIANPOINT((647.600000000015,167.699999999998,1847.6));
#1836=IFCCARTESIANPOINT((647.600000000015,167.699999999998,1212.6));
#1837=IFCCARTESIANPOINT((520.600000000015,167.699999999998,1212.6));
#1838=IFCCARTESIANPOINT((520.600000000015,167.699999999998,1847.6));
#1839=IFCPOLYLOOP((#1835,#1836,#1837,#1838));
#1840=IFCFACEOUTERBOUND(#1839,.T.);
#1841=IFCFACE((#1840));
#1842=IFCPOLYLOOP((#1831,#1836,#1835,#1828));
#1843=IFCFACEOUTERBOUND(#1842,.T.);
#1844=IFCFACE((#1843));
#1845=IFCPOLYLOOP((#1830,#1837,#1836,#1831));
#1846=IFCFACEOUTERBOUND(#1845,.T.);
#1847=IFCFACE((#1846));
#1848=IFCPOLYLOOP((#1829,#1838,#1837,#1830));
#1849=IFCFACEOUTERBOUND(#1848,.T.);
#1850=IFCFACE((#1849));
#1851=IFCPOLYLOOP((#1828,#1835,#1838,#1829));
#1852=IFCFACEOUTERBOUND(#1851,.T.);
#1853=IFCFACE((#1852));
#1854=IFCCARTESIANPOINT((647.600000000014,167.699999999998,1847.6));
#1855=IFCCARTESIANPOINT((647.600000000014,167.699999999998,1212.6));
#1856=IFCCARTESIANPOINT((647.600000000014,187.699999999998,1212.6));
#1857=IFCCARTESIANPOINT((647.600000000014,187.699999999998,1847.6));
#1858=IFCCARTESIANPOINT((635.600000000014,188.699999999998,1835.6));
#1859=IFCCARTESIANPOINT((635.600000000014,188.699999999998,1224.6));
#1860=IFCCARTESIANPOINT((635.600000000014,167.699999999998,1224.6));
#1861=IFCCARTESIANPOINT((635.600000000014,167.699999999998,1835.6));
#1862=IFCCARTESIANPOINT((640.600000000014,193.699999999998,1840.6));
#1863=IFCCARTESIANPOINT((640.600000000014,193.699999999998,1219.6));
#1864=IFCCARTESIANPOINT((637.064466094082,192.235533905931,1223.13553390593));
#1865=IFCCARTESIANPOINT((637.064466094082,192.235533905931,1837.06446609407));
#1866=IFCCARTESIANPOINT((640.600000000014,193.699999999998,1528.29245883552));
#1867=IFCCARTESIANPOINT((640.600000000014,193.699999999998,1684.44622941776));
#1868=IFCCARTESIANPOINT((640.600000000014,193.699999999998,1375.75377058224));
#1869=IFCCARTESIANPOINT((635.600000000014,188.699999999998,1530.09999819546));
#1870=IFCCARTESIANPOINT((635.600000000014,188.699999999998,1682.84999909773));
#1871=IFCCARTESIANPOINT((635.600000000014,188.699999999998,1377.35000090227));
#1872=IFCCARTESIANPOINT((640.600000000014,193.699999999998,1297.67688529112));
#1873=IFCCARTESIANPOINT((635.600000000014,188.699999999998,1300.97500225568));
#1874=IFCCARTESIANPOINT((635.600000000014,188.699999999998,1263.63844164625));
#1875=IFCCARTESIANPOINT((640.600000000014,193.699999999998,1762.52311470888));
#1876=IFCCARTESIANPOINT((635.600000000014,188.699999999998,1759.22500135341));
#1877=IFCCARTESIANPOINT((635.600000000014,188.699999999998,1721.03749842103));
#1878=IFCCARTESIANPOINT((640.600000000014,193.699999999998,1801.56155735444));
#1879=IFCCARTESIANPOINT((635.600000000014,188.699999999998,1606.47499684205));
#1880=IFCCARTESIANPOINT((640.600000000014,193.699999999998,1606.36934412664));
#1881=IFCCARTESIANPOINT((640.600000000014,193.699999999998,1645.4077867722));
#1882=IFCCARTESIANPOINT((640.600000000014,193.699999999998,1452.02311470888));
#1883=IFCCARTESIANPOINT((635.600000000014,188.699999999998,1453.72499954886));
#1884=IFCCARTESIANPOINT((635.600000000014,188.699999999998,1415.53750022557));
#1885=IFCCARTESIANPOINT((640.600000000014,193.699999999998,1258.63844264556));
#1886=IFCCARTESIANPOINT((635.600000000014,188.699999999998,1797.4125006767));
#1887=IFCCARTESIANPOINT((640.600000000014,193.699999999998,1723.48467206332));
#1888=IFCCARTESIANPOINT((640.600000000014,193.699999999998,1413.88845014642));
#1889=IFCCARTESIANPOINT((637.118365573892,192.288623931652,1432.95577583171));
#1890=IFCCARTESIANPOINT((637.028646236383,192.199347409873,1402.43539415687));
#1891=IFCCARTESIANPOINT((637.093817913328,192.264644046042,1462.53272088307));
#1892=IFCCARTESIANPOINT((635.600000000014,188.699999999998,1491.91249887216));
#1893=IFCCARTESIANPOINT((640.600000000014,193.699999999998,1490.15777927135));
#1894=IFCCARTESIANPOINT((636.966071079955,192.134320981496,1282.30672077618));
#1895=IFCCARTESIANPOINT((640.600000000014,193.699999999998,1336.71532793668));
#1896=IFCCARTESIANPOINT((637.150089420523,192.319132077377,1313.75377518662));
#1897=IFCCARTESIANPOINT((635.600000000014,188.699999999998,1339.16250157897));
#1898=IFCCARTESIANPOINT((636.993921849373,192.163553142577,1253.12313253535));
#1899=IFCCARTESIANPOINT((637.012916516856,192.183221509585,1701.94374511843));
#1900=IFCCARTESIANPOINT((637.099234861588,192.269964067825,1671.45874093531));
#1901=IFCCARTESIANPOINT((635.600000000014,188.699999999998,1644.66249977443));
#1902=IFCCARTESIANPOINT((637.068065433896,192.239129585172,1625.56874585576));
#1903=IFCCARTESIANPOINT((637.025106214936,192.195730885723,1731.3567869533));
#1904=IFCCARTESIANPOINT((637.062434548492,192.233501192328,1595.60657122842));
#1905=IFCCARTESIANPOINT((640.600000000014,193.699999999998,1567.33090148108));
#1906=IFCCARTESIANPOINT((635.600000000014,188.699999999998,1568.28749751876));
#1907=IFCCARTESIANPOINT((637.032941496579,192.20372567891,1549.19374661624));
#1908=IFCCARTESIANPOINT((637.033917869124,192.204719423254,1519.65089302769));
#1909=IFCCARTESIANPOINT((637.012916478274,192.183221469853,1358.25624852339));
#1910=IFCCARTESIANPOINT((636.963647969791,192.131755223246,1778.31874474968));
#1911=IFCCARTESIANPOINT((637.006205228981,192.176296757137,1807.44988031386));
#1912=IFCCARTESIANPOINT((637.062771821534,192.233838821076,1490.49203059576));
#1913=IFCCARTESIANPOINT((655.600000000014,191.699999999998,1855.6));
#1914=IFCCARTESIANPOINT((655.600000000014,191.699999999998,1204.6));
#1915=IFCCARTESIANPOINT((655.014213562387,193.114213562371,1205.18578643763));
#1916=IFCCARTESIANPOINT((653.600000000014,193.699999999998,1206.6));
#1917=IFCCARTESIANPOINT((653.600000000014,193.699999999998,1853.6));
#1918=IFCCARTESIANPOINT((655.014213562387,193.114213562371,1855.01421356237));
#1919=IFCCARTESIANPOINT((655.600000000014,191.699999999998,1530.09999802966));
#1920=IFCCARTESIANPOINT((655.600000000014,191.699999999998,1692.8499970445));
#1921=IFCCARTESIANPOINT((655.600000000014,191.699999999998,1367.34999901483));
#1922=IFCCARTESIANPOINT((653.600000000014,193.699999999998,1530.1));
#1923=IFCCARTESIANPOINT((653.600000000014,193.699999999998,1691.84999819723));
#1924=IFCCARTESIANPOINT((653.600000000014,193.699999999998,1368.35000180277));
#1925=IFCCARTESIANPOINT((653.600000000014,193.699999999998,1287.47500090138));
#1926=IFCCARTESIANPOINT((655.600000000014,191.699999999998,1285.97499950742));
#1927=IFCCARTESIANPOINT((655.600000000014,191.699999999998,1326.66249926112));
#1928=IFCCARTESIANPOINT((653.600000000014,193.699999999998,1327.91249954931));
#1929=IFCCARTESIANPOINT((653.600000000014,193.699999999998,1772.72499909862));
#1930=IFCCARTESIANPOINT((655.600000000014,191.699999999998,1774.22499655191));
#1931=IFCCARTESIANPOINT((655.600000000014,191.699999999998,1806.21984401805));
#1932=IFCCARTESIANPOINT((653.600000000014,193.699999999998,1813.16249774654));
#1933=IFCCARTESIANPOINT((653.600000000014,193.699999999998,1449.22499909862));
#1934=IFCCARTESIANPOINT((655.600000000014,191.699999999998,1448.72499852225));
#1935=IFCCARTESIANPOINT((655.600000000014,191.699999999998,1489.41249827596));
#1936=IFCCARTESIANPOINT((653.600000000014,193.699999999998,1489.66250135207));
#1937=IFCCARTESIANPOINT((653.600000000014,193.699999999998,1610.97500090138));
#1938=IFCCARTESIANPOINT((655.600000000014,191.699999999998,1611.47499753708));
#1939=IFCCARTESIANPOINT((655.600000000014,191.699999999998,1652.16249729079));
#1940=IFCCARTESIANPOINT((653.600000000014,193.699999999998,1651.41249954931));
#1941=IFCCARTESIANPOINT((653.600000000014,193.699999999998,1247.03750225346));
#1942=IFCCARTESIANPOINT((655.600000000014,191.699999999998,1245.28749975371));
#1943=IFCCARTESIANPOINT((655.600000000014,191.699999999998,1265.6312516009));
#1944=IFCCARTESIANPOINT((655.600000000014,191.699999999998,1830.90992397936));
#1945=IFCCARTESIANPOINT((653.600000000014,193.699999999998,1833.38124887327));
#1946=IFCCARTESIANPOINT((655.600000000014,191.699999999998,1229.29007996131));
#1947=IFCCARTESIANPOINT((653.600000000014,193.699999999998,1226.81875112673));
#1948=IFCCARTESIANPOINT((653.600000000014,193.699999999998,1732.28750045069));
#1949=IFCCARTESIANPOINT((655.600000000014,191.699999999998,1733.5374967982));
#1950=IFCCARTESIANPOINT((655.600000000014,191.699999999998,1753.88124864539));
#1951=IFCCARTESIANPOINT((653.600000000014,193.699999999998,1408.78750045069));
#1952=IFCCARTESIANPOINT((655.600000000014,191.699999999998,1408.03749876854));
#1953=IFCCARTESIANPOINT((655.600000000014,191.699999999998,1428.38125061573));
#1954=IFCCARTESIANPOINT((655.600000000014,191.699999999998,1570.78749778337));
#1955=IFCCARTESIANPOINT((653.600000000014,193.699999999998,1570.53749864792));
#1956=IFCCARTESIANPOINT((653.600000000014,193.699999999998,1550.3187475212));
#1957=IFCCARTESIANPOINT((655.600000000014,191.699999999998,1843.25496001934));
#1958=IFCCARTESIANPOINT((655.600000000014,191.699999999998,1216.94503998065));
#1959=IFCCARTESIANPOINT((653.600000000014,193.699999999998,1841.2549628109));
#1960=IFCCARTESIANPOINT((655.057420854364,193.069643914782,1837.31810488398));
#1961=IFCCARTESIANPOINT((653.600000000014,193.699999999998,1823.27187330991));
#1962=IFCCARTESIANPOINT((655.600000000014,191.699999999998,1818.56488399871));
#1963=IFCCARTESIANPOINT((654.956574291668,193.169593886493,1818.2171864679));
#1964=IFCCARTESIANPOINT((653.600000000014,193.699999999998,1218.94504079464));
#1965=IFCCARTESIANPOINT((655.057420895851,193.069643870636,1222.88189465084));
#1966=IFCCARTESIANPOINT((654.932581996454,193.191383660484,1237.15690850574));
#1967=IFCCARTESIANPOINT((653.600000000014,193.699999999998,1792.94374661981));
#1968=IFCCARTESIANPOINT((654.891203822872,193.227348253618,1805.86126949405));
#1969=IFCCARTESIANPOINT((655.600000000014,191.699999999998,1790.22242028498));
#1970=IFCCARTESIANPOINT((655.600000000014,191.699999999998,1469.06874642877));
#1971=IFCCARTESIANPOINT((653.600000000014,193.699999999998,1469.44375022535));
#1972=IFCCARTESIANPOINT((653.600000000014,193.699999999998,1509.8812524788));
#1973=IFCCARTESIANPOINT((655.600000000014,191.699999999998,1509.75625012315));
#1974=IFCCARTESIANPOINT((655.600000000014,191.699999999998,1591.13124963056));
#1975=IFCCARTESIANPOINT((653.600000000014,193.699999999998,1590.75624977465));
#1976=IFCCARTESIANPOINT((653.600000000014,193.699999999998,1348.13125067604));
#1977=IFCCARTESIANPOINT((655.600000000014,191.699999999998,1347.00625110831));
#1978=IFCCARTESIANPOINT((655.600000000014,191.699999999998,1672.50624913798));
#1979=IFCCARTESIANPOINT((653.600000000014,193.699999999998,1671.6312470705));
#1980=IFCCARTESIANPOINT((653.600000000014,193.699999999998,1631.19375202811));
#1981=IFCCARTESIANPOINT((655.600000000014,191.699999999998,1631.8187454436));
#1982=IFCCARTESIANPOINT((653.600000000014,193.699999999998,1712.06874932396));
#1983=IFCCARTESIANPOINT((655.600000000014,191.699999999998,1713.19374495101));
#1984=IFCCARTESIANPOINT((655.600000000014,191.699999999998,1387.69374692135));
#1985=IFCCARTESIANPOINT((653.600000000014,193.699999999998,1388.5687529295));
#1986=IFCCARTESIANPOINT((653.600000000014,193.699999999998,1307.69374842258));
#1987=IFCCARTESIANPOINT((655.600000000014,191.699999999998,1306.31874741393));
#1988=IFCCARTESIANPOINT((654.954685672565,193.171335015753,1782.22370806504));
#1989=IFCCARTESIANPOINT((653.600000000014,193.699999999998,1803.05312218318));
#1990=IFCCARTESIANPOINT((655.032531563831,193.095655157502,1770.70997003952));
#1991=IFCCARTESIANPOINT((653.600000000014,193.699999999998,1752.50625157742));
#1992=IFCCARTESIANPOINT((653.600000000014,193.699999999998,1762.61562714078));
#1993=IFCCARTESIANPOINT((654.987267301778,193.140655903903,1757.56093511259));
#1994=IFCCARTESIANPOINT((655.004108447711,193.124246982479,1742.90246696652));
#1995=IFCCARTESIANPOINT((655.600000000014,191.699999999998,1764.05312259865));
#1996=IFCCARTESIANPOINT((655.038898946141,193.089089566165,1793.64173459094));
#1997=IFCCARTESIANPOINT((655.03293923932,193.095236587985,1248.58562736391));
#1998=IFCCARTESIANPOINT((653.600000000014,193.699999999998,1267.25625338019));
#1999=IFCCARTESIANPOINT((653.600000000014,193.699999999998,1257.14687781682));
#2000=IFCCARTESIANPOINT((654.983237246324,193.144525776999,1262.20156216493));
#2001=IFCCARTESIANPOINT((655.00045486841,193.12783968343,1276.78016407635));
#2002=IFCCARTESIANPOINT((655.600000000014,191.699999999998,1255.45937764764));
#2003=IFCCARTESIANPOINT((653.600000000014,193.699999999998,1429.00624797189));
#2004=IFCCARTESIANPOINT((654.986732085738,193.141171094082,1418.89687383174));
#2005=IFCCARTESIANPOINT((655.600000000014,191.699999999998,1550.44374593618));
#2006=IFCCARTESIANPOINT((653.600000000014,193.699999999998,1236.92812669009));
#2007=IFCCARTESIANPOINT((655.036095600004,193.091987581728,1458.89687352437));
#2008=IFCCARTESIANPOINT((655.030760613562,193.09747059601,1479.24062340585));
#2009=IFCCARTESIANPOINT((655.014213623951,193.114213500807,1519.99062330435));
#2010=IFCCARTESIANPOINT((655.008619440891,193.119785642545,1499.77187340845));
#2011=IFCCARTESIANPOINT((655.036095605727,193.091987575824,1601.30312271701));
#2012=IFCCARTESIANPOINT((655.003073336969,193.125266715783,1580.64687300152));
#2013=IFCCARTESIANPOINT((654.970854496288,193.156282235709,1358.24062415337));
#2014=IFCCARTESIANPOINT((654.965668826745,193.161146349853,1338.02187426105));
#2015=IFCCARTESIANPOINT((655.056551635113,193.070568252326,1682.6781223323));
#2016=IFCCARTESIANPOINT((654.981386969397,193.146295281335,1661.52187264491));
#2017=IFCCARTESIANPOINT((654.992128799956,193.135958705662,1621.08437281234));
#2018=IFCCARTESIANPOINT((655.046498963375,193.081173685309,1641.99062250874));
#2019=IFCCARTESIANPOINT((654.970854531606,193.156282202462,1701.95937252657));
#2020=IFCCARTESIANPOINT((655.066259330115,193.060177774001,1723.36562223443));
#2021=IFCCARTESIANPOINT((655.05655162033,193.070568268036,1377.52187400312));
#2022=IFCCARTESIANPOINT((655.051568761526,193.075844515415,1397.8656238829));
#2023=IFCCARTESIANPOINT((654.960537903892,193.165925172751,1317.8031243689));
#2024=IFCCARTESIANPOINT((654.955462495005,193.170619401704,1297.58437447689));
#2025=IFCCARTESIANPOINT((653.600000000014,193.699999999998,1782.83437105645));
#2026=IFCCARTESIANPOINT((655.600000000014,191.699999999998,1743.70937469213));
#2027=IFCCARTESIANPOINT((653.600000000014,193.699999999998,1742.39687601406));
#2028=IFCCARTESIANPOINT((655.600000000014,191.699999999998,1275.80312555416));
#2029=IFCCARTESIANPOINT((653.600000000014,193.699999999998,1277.36562894355));
#2030=IFCCARTESIANPOINT((655.041341470387,193.08655499919,1438.55312364345));
#2031=IFCCARTESIANPOINT((653.600000000014,193.699999999998,1418.89687240852));
#2032=IFCCARTESIANPOINT((655.600000000014,191.699999999998,1418.20937666247));
#2033=IFCCARTESIANPOINT((655.014213639186,193.114213485573,1540.2093732016));
#2034=IFCCARTESIANPOINT((655.025335776905,193.103003180007,1560.61562294024));
#2035=IFCCARTESIANPOINT((655.600000000014,191.699999999998,1458.89687247551));
#2036=IFCCARTESIANPOINT((653.600000000014,193.699999999998,1459.33437466198));
#2037=IFCCARTESIANPOINT((655.600000000014,191.699999999998,1479.24062038203));
#2038=IFCCARTESIANPOINT((653.600000000014,193.699999999998,1479.55312578871));
#2039=IFCCARTESIANPOINT((654.916947796314,193.205207129206,1469.0656911756));
#2040=IFCCARTESIANPOINT((653.600000000014,193.699999999998,1519.99062804217));
#2041=IFCCARTESIANPOINT((655.600000000014,191.699999999998,1519.9281240764));
#2042=IFCCARTESIANPOINT((653.600000000014,193.699999999998,1499.77187691544));
#2043=IFCCARTESIANPOINT((654.925142716278,193.197997590628,1489.49616130456));
#2044=IFCCARTESIANPOINT((655.600000000014,191.699999999998,1499.58437616989));
#2045=IFCCARTESIANPOINT((655.111354177538,193.009888754847,1509.87835132957));
#2046=IFCCARTESIANPOINT((655.600000000014,191.699999999998,1601.30312358382));
#2047=IFCCARTESIANPOINT((653.600000000014,193.699999999998,1600.86562533802));
#2048=IFCCARTESIANPOINT((653.600000000014,193.699999999998,1580.64687421129));
#2049=IFCCARTESIANPOINT((655.600000000014,191.699999999998,1580.9593756773));
#2050=IFCCARTESIANPOINT((655.093346609098,193.030381864403,1590.9626392375));
#2051=IFCCARTESIANPOINT((653.600000000014,193.699999999998,1358.2406262394));
#2052=IFCCARTESIANPOINT((655.600000000014,191.699999999998,1357.17812506157));
#2053=IFCCARTESIANPOINT((653.600000000014,193.699999999998,1338.02187511267));
#2054=IFCCARTESIANPOINT((655.600000000014,191.699999999998,1336.83437715505));
#2055=IFCCARTESIANPOINT((655.112025037866,193.009114313154,1348.12755367426));
#2056=IFCCARTESIANPOINT((655.600000000014,191.699999999998,1682.67812309124));
#2057=IFCCARTESIANPOINT((653.600000000014,193.699999999998,1681.74062263387));
#2058=IFCCARTESIANPOINT((653.600000000014,193.699999999998,1661.52187150714));
#2059=IFCCARTESIANPOINT((655.600000000014,191.699999999998,1662.33437518472));
#2060=IFCCARTESIANPOINT((655.071321943483,193.054699870326,1672.08083648372));
#2061=IFCCARTESIANPOINT((653.600000000014,193.699999999998,1621.08437646475));
#2062=IFCCARTESIANPOINT((655.600000000014,191.699999999998,1621.64687149034));
#2063=IFCCARTESIANPOINT((655.600000000014,191.699999999998,1641.99061939686));
#2064=IFCCARTESIANPOINT((653.600000000014,193.699999999998,1641.30312759148));
#2065=IFCCARTESIANPOINT((654.943045045347,193.181968287852,1631.55728871439));
#2066=IFCCARTESIANPOINT((653.600000000014,193.699999999998,1701.9593737606));
#2067=IFCCARTESIANPOINT((655.600000000014,191.699999999998,1703.02187099776));
#2068=IFCCARTESIANPOINT((655.600000000014,191.699999999998,1723.36561890427));
#2069=IFCCARTESIANPOINT((653.600000000014,193.699999999998,1722.17812488733));
#2070=IFCCARTESIANPOINT((654.966952380688,193.159945611646,1712.6859062579));
#2071=IFCCARTESIANPOINT((655.600000000014,191.699999999998,1377.52187296809));
#2072=IFCCARTESIANPOINT((653.600000000014,193.699999999998,1378.45937736613));
#2073=IFCCARTESIANPOINT((655.600000000014,191.699999999998,1397.86562087461));
#2074=IFCCARTESIANPOINT((655.076898064874,193.048618591748,1408.3996873334));
#2075=IFCCARTESIANPOINT((653.600000000014,193.699999999998,1398.67812849286));
#2076=IFCCARTESIANPOINT((654.916495651683,193.205602603323,1387.69029936019));
#2077=IFCCARTESIANPOINT((653.600000000014,193.699999999998,1317.80312398594));
#2078=IFCCARTESIANPOINT((655.600000000014,191.699999999998,1316.49062136719));
#2079=IFCCARTESIANPOINT((655.112595079847,193.008455625712,1327.90871557876));
#2080=IFCCARTESIANPOINT((653.600000000014,193.699999999998,1297.58437285921));
#2081=IFCCARTESIANPOINT((654.935803619463,193.188498804253,1287.1735638581));
#2082=IFCCARTESIANPOINT((655.600000000014,191.699999999998,1296.14687346068));
#2083=IFCCARTESIANPOINT((655.113271135434,193.007673686628,1307.68988027199));
#2084=IFCCARTESIANPOINT((655.600000000014,191.699999999998,1438.55312456899));
#2085=IFCCARTESIANPOINT((655.108057198087,193.013683176163,1448.72692659089));
#2086=IFCCARTESIANPOINT((653.600000000014,193.699999999998,1439.11562353525));
#2087=IFCCARTESIANPOINT((653.600000000014,193.699999999998,1540.20937195783));
#2088=IFCCARTESIANPOINT((654.909681391676,193.211533874026,1530.09999826374));
#2089=IFCCARTESIANPOINT((655.600000000014,191.699999999998,1540.27187198292));
#2090=IFCCARTESIANPOINT((655.600000000014,191.699999999998,1560.61561988944));
#2091=IFCCARTESIANPOINT((653.600000000014,193.699999999998,1560.42812308456));
#2092=IFCCARTESIANPOINT((654.919182050171,193.203249386675,1550.41791043874));
#2093=IFCCARTESIANPOINT((655.600000000014,187.699999999998,1855.6));
#2094=IFCCARTESIANPOINT((655.600000000014,187.699999999998,1204.6));
#2095=IFCCARTESIANPOINT((520.600000000014,167.699999999998,1212.6));
#2096=IFCCARTESIANPOINT((520.600000000014,187.699999999998,1212.6));
#2097=IFCCARTESIANPOINT((532.600000000014,188.699999999998,1224.6));
#2098=IFCCARTESIANPOINT((532.600000000014,167.699999999998,1224.6));
#2099=IFCCARTESIANPOINT((527.600000000014,193.699999999998,1219.6));
#2100=IFCCARTESIANPOINT((531.135533905947,192.235533905931,1223.13553390593));
#2101=IFCCARTESIANPOINT((571.638443961349,188.699999999998,1224.6));
#2102=IFCCARTESIANPOINT((584.100000577053,193.699999999998,1219.6));
#2103=IFCCARTESIANPOINT((596.561556038679,188.699999999998,1224.6));
#2104=IFCCARTESIANPOINT((584.099997594441,192.094798205236,1223.27087798023));
#2105=IFCCARTESIANPOINT((601.561556295553,193.699999999998,1219.6));
#2106=IFCCARTESIANPOINT((566.638444858554,193.699999999998,1219.6));
#2107=IFCCARTESIANPOINT((610.697978620053,191.693385868691,1223.60495206477));
#2108=IFCCARTESIANPOINT((557.502018213756,191.693385813362,1223.60495210612));
#2109=IFCCARTESIANPOINT((512.600000000014,191.699999999998,1204.6));
#2110=IFCCARTESIANPOINT((513.185786437641,193.114213562371,1205.18578643763));
#2111=IFCCARTESIANPOINT((514.600000000014,193.699999999998,1206.6));
#2112=IFCCARTESIANPOINT((563.98015894563,193.699999999998,1206.6));
#2113=IFCCARTESIANPOINT((584.100000507224,191.699999999998,1204.6));
#2114=IFCCARTESIANPOINT((606.219841833787,191.699999999998,1204.6));
#2115=IFCCARTESIANPOINT((548.350000253619,191.699999999998,1204.6));
#2116=IFCCARTESIANPOINT((608.790078872211,193.699999999998,1206.6));
#2117=IFCCARTESIANPOINT((586.38511830831,193.699999999998,1206.6));
#2118=IFCCARTESIANPOINT((539.290080073433,193.699999999998,1206.6));
#2119=IFCCARTESIANPOINT((630.909920409692,191.699999999998,1204.6));
#2120=IFCCARTESIANPOINT((631.195039436113,193.699999999998,1206.6));
#2121=IFCCARTESIANPOINT((619.992559154162,193.699999999998,1206.6));
#2122=IFCCARTESIANPOINT((537.290079590337,191.699999999998,1204.6));
#2123=IFCCARTESIANPOINT((526.945040036724,193.699999999998,1206.6));
#2124=IFCCARTESIANPOINT((643.254960712062,191.699999999998,1204.6));
#2125=IFCCARTESIANPOINT((618.56488112174,191.699999999998,1204.6));
#2126=IFCCARTESIANPOINT((524.945040302385,191.699999999998,1204.6));
#2127=IFCCARTESIANPOINT((641.254961164526,193.699999999998,1206.6));
#2128=IFCCARTESIANPOINT((636.224999556964,193.107641960747,1205.17924523216));
#2129=IFCCARTESIANPOINT((542.820039414385,193.073367787469,1205.14608771917));
#2130=IFCCARTESIANPOINT((566.224999873212,191.699999999998,1204.6));
#2131=IFCCARTESIANPOINT((575.182638026359,193.699999999998,1206.6));
#2132=IFCCARTESIANPOINT((556.461438904341,193.093471178011,1205.16534391715));
#2133=IFCCARTESIANPOINT((614.391318658601,193.144891382796,1205.2171446598));
#2134=IFCCARTESIANPOINT((569.581398070084,193.158197937345,1205.23118343979));
#2135=IFCCARTESIANPOINT((601.735066271629,193.178582909589,1205.25322883181));
#2136=IFCCARTESIANPOINT((551.635118908921,193.699999999998,1206.6));
#2137=IFCCARTESIANPOINT((625.277354201292,192.940489781938,1205.03118353499));
#2138=IFCCARTESIANPOINT((595.159921170505,191.699999999998,1204.6));
#2139=IFCCARTESIANPOINT((589.629959399743,193.06894722944,1205.14192473342));
#2140=IFCCARTESIANPOINT((597.587598590261,193.699999999998,1206.6));
#2141=IFCCARTESIANPOINT((524.499901664557,193.127004307935,1205.19869392882));
#2142=IFCCARTESIANPOINT((512.600000000014,187.699999999998,1204.6));
#2143=IFCCARTESIANPOINT((520.600000000014,167.699999999998,1847.6));
#2144=IFCCARTESIANPOINT((520.600000000014,187.699999999998,1847.6));
#2145=IFCCARTESIANPOINT((532.600000000014,188.699999999998,1835.6));
#2146=IFCCARTESIANPOINT((532.600000000014,167.699999999998,1835.6));
#2147=IFCCARTESIANPOINT((527.600000000014,193.699999999998,1840.6));
#2148=IFCCARTESIANPOINT((531.135533905947,192.235533905931,1837.06446609407));
#2149=IFCCARTESIANPOINT((527.600000000014,193.699999999998,1531.90754809768));
#2150=IFCCARTESIANPOINT((527.600000000014,193.699999999998,1375.75376654799));
#2151=IFCCARTESIANPOINT((527.600000000014,193.699999999998,1684.44623345201));
#2152=IFCCARTESIANPOINT((532.600000000014,188.699999999998,1530.1));
#2153=IFCCARTESIANPOINT((532.600000000014,188.699999999998,1377.35));
#2154=IFCCARTESIANPOINT((532.600000000014,188.699999999998,1682.85));
#2155=IFCCARTESIANPOINT((527.600000000014,193.699999999998,1762.52310922515));
#2156=IFCCARTESIANPOINT((532.600000000014,188.699999999998,1759.22499819546));
#2157=IFCCARTESIANPOINT((532.600000000014,188.699999999998,1796.56155858434));
#2158=IFCCARTESIANPOINT((527.600000000014,193.699999999998,1297.67687577314));
#2159=IFCCARTESIANPOINT((532.600000000014,188.699999999998,1300.97500180454));
#2160=IFCCARTESIANPOINT((532.600000000014,188.699999999998,1339.16250090227));
#2161=IFCCARTESIANPOINT((527.600000000014,193.699999999998,1258.63844538742));
#2162=IFCCARTESIANPOINT((532.600000000014,188.699999999998,1453.72499819546));
#2163=IFCCARTESIANPOINT((527.600000000014,193.699999999998,1453.83065732283));
#2164=IFCCARTESIANPOINT((527.600000000014,193.699999999998,1414.79221193541));
#2165=IFCCARTESIANPOINT((527.600000000014,193.699999999998,1608.17688327399));
#2166=IFCCARTESIANPOINT((532.600000000014,188.699999999998,1606.47500180454));
#2167=IFCCARTESIANPOINT((532.600000000014,188.699999999998,1644.66250090227));
#2168=IFCCARTESIANPOINT((527.600000000014,193.699999999998,1801.56155461258));
#2169=IFCCARTESIANPOINT((532.600000000014,188.699999999998,1262.78749909773));
#2170=IFCCARTESIANPOINT((527.600000000014,193.699999999998,1336.71532116056));
#2171=IFCCARTESIANPOINT((527.600000000014,193.699999999998,1646.31155086215));
#2172=IFCCARTESIANPOINT((531.081634426137,192.288623931652,1627.24422416829));
#2173=IFCCARTESIANPOINT((531.171353763645,192.199347409873,1657.76460584314));
#2174=IFCCARTESIANPOINT((531.1061820867,192.264644046042,1597.66727911693));
#2175=IFCCARTESIANPOINT((532.600000000014,188.699999999998,1568.28749909773));
#2176=IFCCARTESIANPOINT((527.600000000014,193.699999999998,1570.04221568584));
#2177=IFCCARTESIANPOINT((531.233928920073,192.134320981496,1777.89327922382));
#2178=IFCCARTESIANPOINT((527.600000000014,193.699999999998,1723.48467883944));
#2179=IFCCARTESIANPOINT((531.049910579505,192.319132077377,1746.44622481338));
#2180=IFCCARTESIANPOINT((532.600000000014,188.699999999998,1721.03749909773));
#2181=IFCCARTESIANPOINT((531.206078150655,192.163553142577,1807.07686746465));
#2182=IFCCARTESIANPOINT((531.187083483173,192.183221509585,1358.25625488157));
#2183=IFCCARTESIANPOINT((531.10076513844,192.269964067825,1388.74125906469));
#2184=IFCCARTESIANPOINT((532.600000000014,188.699999999998,1415.53749909773));
#2185=IFCCARTESIANPOINT((531.131934566133,192.239129585172,1434.63125414424));
#2186=IFCCARTESIANPOINT((531.174893785092,192.195730885722,1328.8432130467));
#2187=IFCCARTESIANPOINT((531.137565451537,192.233501192327,1464.59342877159));
#2188=IFCCARTESIANPOINT((527.600000000014,193.699999999998,1492.86910271026));
#2189=IFCCARTESIANPOINT((532.600000000014,188.699999999998,1491.91250090227));
#2190=IFCCARTESIANPOINT((531.16705850345,192.20372567891,1511.00625338376));
#2191=IFCCARTESIANPOINT((531.166082130904,192.204719423253,1540.54910697231));
#2192=IFCCARTESIANPOINT((531.187083521755,192.183221469852,1701.94375147661));
#2193=IFCCARTESIANPOINT((531.236352030238,192.131755223246,1281.88125525031));
#2194=IFCCARTESIANPOINT((531.193794771048,192.176296757137,1252.75011968614));
#2195=IFCCARTESIANPOINT((531.137228178495,192.233838821076,1569.70796940423));
#2196=IFCCARTESIANPOINT((512.600000000014,191.699999999998,1855.6));
#2197=IFCCARTESIANPOINT((513.185786437641,193.114213562371,1855.01421356237));
#2198=IFCCARTESIANPOINT((514.600000000014,193.699999999998,1853.6));
#2199=IFCCARTESIANPOINT((512.600000000014,191.699999999998,1530.1));
#2200=IFCCARTESIANPOINT((512.600000000014,191.699999999998,1367.34999802966));
#2201=IFCCARTESIANPOINT((512.600000000014,191.699999999998,1692.85000197034));
#2202=IFCCARTESIANPOINT((514.600000000014,193.699999999998,1530.09999819723));
#2203=IFCCARTESIANPOINT((514.600000000014,193.699999999998,1368.34999909862));
#2204=IFCCARTESIANPOINT((514.600000000014,193.699999999998,1691.85000090138));
#2205=IFCCARTESIANPOINT((514.600000000014,193.699999999998,1772.72500225346));
#2206=IFCCARTESIANPOINT((512.600000000014,191.699999999998,1774.22500098517));
#2207=IFCCARTESIANPOINT((512.600000000014,191.699999999998,1733.53750147775));
#2208=IFCCARTESIANPOINT((514.600000000014,193.699999999998,1732.28750157742));
#2209=IFCCARTESIANPOINT((514.600000000014,193.699999999998,1287.47500135207));
#2210=IFCCARTESIANPOINT((512.600000000014,191.699999999998,1285.97499901483));
#2211=IFCCARTESIANPOINT((512.600000000014,191.699999999998,1253.98015962371));
#2212=IFCCARTESIANPOINT((514.600000000014,193.699999999998,1247.03750067604));
#2213=IFCCARTESIANPOINT((514.600000000014,193.699999999998,1610.97499954931));
#2214=IFCCARTESIANPOINT((512.600000000014,191.699999999998,1611.4750029555));
#2215=IFCCARTESIANPOINT((512.600000000014,191.699999999998,1570.78749950742));
#2216=IFCCARTESIANPOINT((514.600000000014,193.699999999998,1570.53749887327));
#2217=IFCCARTESIANPOINT((514.600000000014,193.699999999998,1449.22499684516));
#2218=IFCCARTESIANPOINT((512.600000000014,191.699999999998,1448.7249970445));
#2219=IFCCARTESIANPOINT((512.600000000014,191.699999999998,1408.03749753708));
#2220=IFCCARTESIANPOINT((514.600000000014,193.699999999998,1408.78749977465));
#2221=IFCCARTESIANPOINT((514.600000000014,193.699999999998,1813.16249932396));
#2222=IFCCARTESIANPOINT((512.600000000014,191.699999999998,1814.91250049258));
#2223=IFCCARTESIANPOINT((512.600000000014,191.699999999998,1794.56874876854));
#2224=IFCCARTESIANPOINT((512.600000000014,191.699999999998,1229.29007981185));
#2225=IFCCARTESIANPOINT((514.600000000014,193.699999999998,1226.81874853525));
#2226=IFCCARTESIANPOINT((512.600000000014,191.699999999998,1830.90992018815));
#2227=IFCCARTESIANPOINT((514.600000000014,193.699999999998,1833.38124785921));
#2228=IFCCARTESIANPOINT((514.600000000014,193.699999999998,1327.91249842258));
#2229=IFCCARTESIANPOINT((512.600000000014,191.699999999998,1326.66249852225));
#2230=IFCCARTESIANPOINT((512.600000000014,191.699999999998,1306.3187467982));
#2231=IFCCARTESIANPOINT((514.600000000014,193.699999999998,1651.41250022535));
#2232=IFCCARTESIANPOINT((512.600000000014,191.699999999998,1652.16250246292));
#2233=IFCCARTESIANPOINT((512.600000000014,191.699999999998,1631.81875073888));
#2234=IFCCARTESIANPOINT((512.600000000014,191.699999999998,1489.41250049258));
#2235=IFCCARTESIANPOINT((514.600000000014,193.699999999998,1489.6624975212));
#2236=IFCCARTESIANPOINT((514.600000000014,193.699999999998,1509.88124966198));
#2237=IFCCARTESIANPOINT((512.600000000014,191.699999999998,1216.94503990593));
#2238=IFCCARTESIANPOINT((512.600000000014,191.699999999998,1843.25496009407));
#2239=IFCCARTESIANPOINT((514.600000000014,193.699999999998,1218.94503841499));
#2240=IFCCARTESIANPOINT((513.142579145664,193.069643914782,1222.88189511602));
#2241=IFCCARTESIANPOINT((514.600000000014,193.699999999998,1236.92812640841));
#2242=IFCCARTESIANPOINT((512.600000000014,191.699999999998,1241.63511971778));
#2243=IFCCARTESIANPOINT((513.243425708361,193.169593886493,1241.9828135321));
#2244=IFCCARTESIANPOINT((514.600000000014,193.699999999998,1841.25495797947));
#2245=IFCCARTESIANPOINT((513.142579104177,193.069643870636,1837.31810534916));
#2246=IFCCARTESIANPOINT((513.267418003575,193.191383660484,1823.04309149426));
#2247=IFCCARTESIANPOINT((514.600000000014,193.699999999998,1267.25625281682));
#2248=IFCCARTESIANPOINT((513.308796177156,193.227348253618,1254.33873050595));
#2249=IFCCARTESIANPOINT((512.600000000014,191.699999999998,1269.97757931927));
#2250=IFCCARTESIANPOINT((512.600000000014,191.699999999998,1591.13125123146));
#2251=IFCCARTESIANPOINT((514.600000000014,193.699999999998,1590.75625101406));
#2252=IFCCARTESIANPOINT((514.600000000014,193.699999999998,1550.31874673249));
#2253=IFCCARTESIANPOINT((512.600000000014,191.699999999998,1550.44375172404));
#2254=IFCCARTESIANPOINT((512.600000000014,191.699999999998,1469.06874876854));
#2255=IFCCARTESIANPOINT((514.600000000014,193.699999999998,1469.44374538041));
#2256=IFCCARTESIANPOINT((514.600000000014,193.699999999998,1712.06874943664));
#2257=IFCCARTESIANPOINT((512.600000000014,191.699999999998,1713.19374975371));
#2258=IFCCARTESIANPOINT((512.600000000014,191.699999999998,1387.69374581304));
#2259=IFCCARTESIANPOINT((514.600000000014,193.699999999998,1388.5687512394));
#2260=IFCCARTESIANPOINT((514.600000000014,193.699999999998,1429.00624830991));
#2261=IFCCARTESIANPOINT((512.600000000014,191.699999999998,1428.38124926112));
#2262=IFCCARTESIANPOINT((514.600000000014,193.699999999998,1348.13124695783));
#2263=IFCCARTESIANPOINT((512.600000000014,191.699999999998,1347.00625024629));
#2264=IFCCARTESIANPOINT((512.600000000014,191.699999999998,1672.50625418696));
#2265=IFCCARTESIANPOINT((514.600000000014,193.699999999998,1671.63125236613));
#2266=IFCCARTESIANPOINT((514.600000000014,193.699999999998,1752.5062537182));
#2267=IFCCARTESIANPOINT((512.600000000014,191.699999999998,1753.88125320179));
#2268=IFCCARTESIANPOINT((513.245314327464,193.171335015752,1277.97629193496));
#2269=IFCCARTESIANPOINT((514.600000000014,193.699999999998,1257.14687494366));
#2270=IFCCARTESIANPOINT((513.167468436198,193.095655157502,1289.49002996048));
#2271=IFCCARTESIANPOINT((514.600000000014,193.699999999998,1307.69374988733));
#2272=IFCCARTESIANPOINT((514.600000000014,193.699999999998,1297.5843756197));
#2273=IFCCARTESIANPOINT((513.212732698251,193.140655903903,1302.63906488741));
#2274=IFCCARTESIANPOINT((513.195891552317,193.124246982479,1317.29753303348));
#2275=IFCCARTESIANPOINT((512.600000000014,191.699999999998,1296.14687290652));
#2276=IFCCARTESIANPOINT((513.161101053887,193.089089566165,1266.55826540906));
#2277=IFCCARTESIANPOINT((513.167060760709,193.095236587985,1811.61437263609));
#2278=IFCCARTESIANPOINT((514.600000000014,193.699999999998,1792.94375078871));
#2279=IFCCARTESIANPOINT((514.600000000014,193.699999999998,1803.05312505634));
#2280=IFCCARTESIANPOINT((513.216762753704,193.144525776999,1797.99843783507));
#2281=IFCCARTESIANPOINT((513.199545131618,193.12783968343,1783.41983592365));
#2282=IFCCARTESIANPOINT((512.600000000014,191.699999999998,1804.74062266023));
#2283=IFCCARTESIANPOINT((514.600000000014,193.699999999998,1631.19374808456));
#2284=IFCCARTESIANPOINT((513.21326791429,193.141171094082,1641.30312616826));
#2285=IFCCARTESIANPOINT((512.600000000014,191.699999999998,1509.75624827596));
#2286=IFCCARTESIANPOINT((514.600000000014,193.699999999998,1823.27187359159));
#2287=IFCCARTESIANPOINT((513.163904400025,193.091987581728,1601.30312647563));
#2288=IFCCARTESIANPOINT((513.169239386466,193.09747059601,1580.95937659415));
#2289=IFCCARTESIANPOINT((513.185786376077,193.114213500807,1540.20937669565));
#2290=IFCCARTESIANPOINT((513.191380559137,193.119785642545,1560.42812659155));
#2291=IFCCARTESIANPOINT((513.163904394302,193.091987575824,1458.89687728299));
#2292=IFCCARTESIANPOINT((513.196926663059,193.125266715783,1479.55312699848));
#2293=IFCCARTESIANPOINT((513.229145503741,193.156282235708,1701.95937584663));
#2294=IFCCARTESIANPOINT((513.234331173283,193.161146349853,1722.17812573895));
#2295=IFCCARTESIANPOINT((513.143448364915,193.070568252326,1377.5218776677));
#2296=IFCCARTESIANPOINT((513.218613030631,193.146295281335,1398.67812735509));
#2297=IFCCARTESIANPOINT((513.207871200072,193.135958705661,1439.11562718766));
#2298=IFCCARTESIANPOINT((513.153501036653,193.081173685309,1418.20937749126));
#2299=IFCCARTESIANPOINT((513.229145468422,193.156282202462,1358.24062747343));
#2300=IFCCARTESIANPOINT((513.133740669913,193.060177774001,1336.83437776557));
#2301=IFCCARTESIANPOINT((513.143448379698,193.070568268036,1682.67812599688));
#2302=IFCCARTESIANPOINT((513.148431238503,193.075844515415,1662.3343761171));
#2303=IFCCARTESIANPOINT((513.239462096136,193.165925172751,1742.3968756311));
#2304=IFCCARTESIANPOINT((513.244537505023,193.170619401703,1762.61562552311));
#2305=IFCCARTESIANPOINT((514.600000000014,193.699999999998,1277.36562708445));
#2306=IFCCARTESIANPOINT((512.600000000014,191.699999999998,1316.49062068989));
#2307=IFCCARTESIANPOINT((514.600000000014,193.699999999998,1317.80312415495));
#2308=IFCCARTESIANPOINT((512.600000000014,191.699999999998,1784.39687487685));
#2309=IFCCARTESIANPOINT((514.600000000014,193.699999999998,1782.83437652108));
#2310=IFCCARTESIANPOINT((513.158658529642,193.086554999189,1621.64687635655));
#2311=IFCCARTESIANPOINT((514.600000000014,193.699999999998,1641.30312595772));
#2312=IFCCARTESIANPOINT((512.600000000014,191.699999999998,1641.99062463056));
#2313=IFCCARTESIANPOINT((513.185786360843,193.114213485572,1519.9906267984));
#2314=IFCCARTESIANPOINT((513.174664223124,193.103003180007,1499.58437705976));
#2315=IFCCARTESIANPOINT((512.600000000014,191.699999999998,1601.30312906382));
#2316=IFCCARTESIANPOINT((514.600000000014,193.699999999998,1600.86562528168));
#2317=IFCCARTESIANPOINT((512.600000000014,191.699999999998,1580.9593733991));
#2318=IFCCARTESIANPOINT((514.600000000014,193.699999999998,1580.6468731409));
#2319=IFCCARTESIANPOINT((513.283052203714,193.205207129206,1591.1343088244));
#2320=IFCCARTESIANPOINT((514.600000000014,193.699999999998,1540.20937246486));
#2321=IFCCARTESIANPOINT((512.600000000014,191.699999999998,1540.27187783236));
#2322=IFCCARTESIANPOINT((514.600000000014,193.699999999998,1560.42812460564));
#2323=IFCCARTESIANPOINT((513.27485728375,193.197997590628,1570.70383869544));
#2324=IFCCARTESIANPOINT((512.600000000014,191.699999999998,1560.61562561573));
#2325=IFCCARTESIANPOINT((513.08864582249,193.009888754847,1550.32164867043));
#2326=IFCCARTESIANPOINT((512.600000000014,191.699999999998,1458.89687093618));
#2327=IFCCARTESIANPOINT((514.600000000014,193.699999999998,1459.33437111279));
#2328=IFCCARTESIANPOINT((514.600000000014,193.699999999998,1479.55312325357));
#2329=IFCCARTESIANPOINT((512.600000000014,191.699999999998,1479.2406266009));
#2330=IFCCARTESIANPOINT((513.10665339093,193.030381864403,1469.2373607625));
#2331=IFCCARTESIANPOINT((514.600000000014,193.699999999998,1701.95937516901));
#2332=IFCCARTESIANPOINT((512.600000000014,191.699999999998,1703.02187586202));
#2333=IFCCARTESIANPOINT((514.600000000014,193.699999999998,1722.17812730979));
#2334=IFCCARTESIANPOINT((512.600000000014,191.699999999998,1723.36562364539));
#2335=IFCCARTESIANPOINT((513.087974962162,193.009114313153,1712.07244632574));
#2336=IFCCARTESIANPOINT((512.600000000014,191.699999999998,1377.52187192135));
#2337=IFCCARTESIANPOINT((514.600000000014,193.699999999998,1378.45937336624));
#2338=IFCCARTESIANPOINT((514.600000000014,193.699999999998,1398.67812550703));
#2339=IFCCARTESIANPOINT((512.600000000014,191.699999999998,1397.86561970472));
#2340=IFCCARTESIANPOINT((513.128678056545,193.054699870326,1388.11916351628));
#2341=IFCCARTESIANPOINT((514.600000000014,193.699999999998,1439.11562257753));
#2342=IFCCARTESIANPOINT((512.600000000014,191.699999999998,1438.55312315281));
#2343=IFCCARTESIANPOINT((512.600000000014,191.699999999998,1418.20937536944));
#2344=IFCCARTESIANPOINT((514.600000000014,193.699999999998,1418.89687404228));
#2345=IFCCARTESIANPOINT((513.256954954681,193.181968287852,1428.64271128561));
#2346=IFCCARTESIANPOINT((514.600000000014,193.699999999998,1358.24062483099));
#2347=IFCCARTESIANPOINT((512.600000000014,191.699999999998,1357.17812413798));
#2348=IFCCARTESIANPOINT((512.600000000014,191.699999999998,1336.83437635461));
#2349=IFCCARTESIANPOINT((514.600000000014,193.699999999998,1338.02187269021));
#2350=IFCCARTESIANPOINT((513.23304761934,193.159945611646,1347.5140937421));
#2351=IFCCARTESIANPOINT((512.600000000014,191.699999999998,1682.67812807865));
#2352=IFCCARTESIANPOINT((514.600000000014,193.699999999998,1681.74062663376));
#2353=IFCCARTESIANPOINT((512.600000000014,191.699999999998,1662.33438029528));
#2354=IFCCARTESIANPOINT((513.123101935155,193.048618591748,1651.8003126666));
#2355=IFCCARTESIANPOINT((514.600000000014,193.699999999998,1661.52187449297));
#2356=IFCCARTESIANPOINT((513.283504348346,193.205602603322,1672.50970063981));
#2357=IFCCARTESIANPOINT((514.600000000014,193.699999999998,1742.39687584505));
#2358=IFCCARTESIANPOINT((512.600000000014,191.699999999998,1743.70937931011));
#2359=IFCCARTESIANPOINT((513.087404920181,193.008455625712,1732.29128442124));
#2360=IFCCARTESIANPOINT((514.600000000014,193.699999999998,1762.61562798583));
#2361=IFCCARTESIANPOINT((513.264196380566,193.188498804253,1773.02643614189));
#2362=IFCCARTESIANPOINT((512.600000000014,191.699999999998,1764.05312709348));
#2363=IFCCARTESIANPOINT((513.086728864595,193.007673686628,1752.51011972801));
#2364=IFCCARTESIANPOINT((512.600000000014,191.699999999998,1621.64687684719));
#2365=IFCCARTESIANPOINT((513.091942801941,193.013683176163,1611.4730734091));
#2366=IFCCARTESIANPOINT((514.600000000014,193.699999999998,1621.08437381693));
#2367=IFCCARTESIANPOINT((514.600000000014,193.699999999998,1519.99062392961));
#2368=IFCCARTESIANPOINT((513.290318608353,193.211533874026,1530.10000173626));
#2369=IFCCARTESIANPOINT((512.600000000014,191.699999999998,1519.92812216764));
#2370=IFCCARTESIANPOINT((512.600000000014,191.699999999998,1499.58437438427));
#2371=IFCCARTESIANPOINT((514.600000000014,193.699999999998,1499.77187178882));
#2372=IFCCARTESIANPOINT((513.280817949858,193.203249386675,1509.78208956126));
#2373=IFCCARTESIANPOINT((512.600000000014,187.699999999998,1855.6));
#2374=IFCCARTESIANPOINT((596.561556038679,188.699999999998,1835.6));
#2375=IFCCARTESIANPOINT((584.100000577053,193.699999999998,1840.6));
#2376=IFCCARTESIANPOINT((571.638443961349,188.699999999998,1835.6));
#2377=IFCCARTESIANPOINT((584.100002405587,192.094798205236,1836.92912201977));
#2378=IFCCARTESIANPOINT((566.638444458682,193.699999999998,1840.6));
#2379=IFCCARTESIANPOINT((601.561556695424,193.699999999998,1840.6));
#2380=IFCCARTESIANPOINT((557.502021379975,191.693385868691,1836.59504793523));
#2381=IFCCARTESIANPOINT((610.697981786273,191.693385813362,1836.59504789387));
#2382=IFCCARTESIANPOINT((604.219841054398,193.699999999998,1853.6));
#2383=IFCCARTESIANPOINT((584.100000507223,191.699999999998,1855.6));
#2384=IFCCARTESIANPOINT((561.980159735386,191.699999999998,1855.6));
#2385=IFCCARTESIANPOINT((619.850000253619,191.699999999998,1855.6));
#2386=IFCCARTESIANPOINT((559.409921127817,193.699999999998,1853.6));
#2387=IFCCARTESIANPOINT((581.814881691718,193.699999999998,1853.6));
#2388=IFCCARTESIANPOINT((628.909919926595,193.699999999998,1853.6));
#2389=IFCCARTESIANPOINT((537.2900798677,191.699999999998,1855.6));
#2390=IFCCARTESIANPOINT((537.004960563916,193.699999999998,1853.6));
#2391=IFCCARTESIANPOINT((548.207440845866,193.699999999998,1853.6));
#2392=IFCCARTESIANPOINT((630.909921146746,191.699999999998,1855.6));
#2393=IFCCARTESIANPOINT((641.254959963305,193.699999999998,1853.6));
#2394=IFCCARTESIANPOINT((524.945040441066,191.699999999998,1855.6));
#2395=IFCCARTESIANPOINT((549.635119294334,191.699999999998,1855.6));
#2396=IFCCARTESIANPOINT((643.25496057338,191.699999999998,1855.6));
#2397=IFCCARTESIANPOINT((526.945040036724,193.699999999998,1853.6));
#2398=IFCCARTESIANPOINT((531.975000443064,193.107641960747,1855.02075476784));
#2399=IFCCARTESIANPOINT((625.379960585644,193.073367787469,1855.05391228083));
#2400=IFCCARTESIANPOINT((601.974999873212,191.699999999998,1855.6));
#2401=IFCCARTESIANPOINT((593.017361973669,193.699999999998,1853.6));
#2402=IFCCARTESIANPOINT((611.738561095687,193.093471178011,1855.03465608285));
#2403=IFCCARTESIANPOINT((553.808681341428,193.144891382796,1854.9828553402));
#2404=IFCCARTESIANPOINT((598.618601929945,193.158197937345,1854.96881656021));
#2405=IFCCARTESIANPOINT((566.464933728399,193.178582909589,1854.94677116819));
#2406=IFCCARTESIANPOINT((616.564881091108,193.699999999998,1853.6));
#2407=IFCCARTESIANPOINT((542.922645798737,192.940489781938,1855.16881646501));
#2408=IFCCARTESIANPOINT((573.040080628513,191.699999999998,1855.6));
#2409=IFCCARTESIANPOINT((578.570040600285,193.06894722944,1855.05807526658));
#2410=IFCCARTESIANPOINT((570.612401409768,193.699999999998,1853.6));
#2411=IFCCARTESIANPOINT((643.700098335472,193.127004307935,1855.00130607118));
#2412=IFCPOLYLOOP((#1856,#1857,#1854,#1855));
#2413=IFCFACEOUTERBOUND(#2412,.T.);
#2414=IFCFACE((#2413));
#2415=IFCPOLYLOOP((#1861,#1858,#1886,#1876,#1877,#1870,#1901,#1879,#1906,#1869,#1892,#1883,#1884,#1871,#1897,#1873,#1874,#1859,#1860));
#2416=IFCFACEOUTERBOUND(#2415,.T.);
#2417=IFCFACE((#2416));
#2418=IFCPOLYLOOP((#1872,#1885,#1894));
#2419=IFCFACEOUTERBOUND(#2418,.T.);
#2420=IFCFACE((#2419));
#2421=IFCPOLYLOOP((#1899,#1903,#1887));
#2422=IFCFACEOUTERBOUND(#2421,.T.);
#2423=IFCFACE((#2422));
#2424=IFCPOLYLOOP((#1911,#1910,#1886));
#2425=IFCFACEOUTERBOUND(#2424,.T.);
#2426=IFCFACE((#2425));
#2427=IFCPOLYLOOP((#1894,#1896,#1872));
#2428=IFCFACEOUTERBOUND(#2427,.T.);
#2429=IFCFACE((#2428));
#2430=IFCPOLYLOOP((#1876,#1886,#1910));
#2431=IFCFACEOUTERBOUND(#2430,.T.);
#2432=IFCFACE((#2431));
#2433=IFCPOLYLOOP((#1890,#1889,#1888));
#2434=IFCFACEOUTERBOUND(#2433,.T.);
#2435=IFCFACE((#2434));
#2436=IFCPOLYLOOP((#1899,#1870,#1877));
#2437=IFCFACEOUTERBOUND(#2436,.T.);
#2438=IFCFACE((#2437));
#2439=IFCPOLYLOOP((#1902,#1881,#1880));
#2440=IFCFACEOUTERBOUND(#2439,.T.);
#2441=IFCFACE((#2440));
#2442=IFCPOLYLOOP((#1912,#1893,#1891));
#2443=IFCFACEOUTERBOUND(#2442,.T.);
#2444=IFCFACE((#2443));
#2445=IFCPOLYLOOP((#1904,#1907,#1906));
#2446=IFCFACEOUTERBOUND(#2445,.T.);
#2447=IFCFACE((#2446));
#2448=IFCPOLYLOOP((#1895,#1896,#1909));
#2449=IFCFACEOUTERBOUND(#2448,.T.);
#2450=IFCFACE((#2449));
#2451=IFCPOLYLOOP((#1864,#1859,#1898));
#2452=IFCFACEOUTERBOUND(#2451,.T.);
#2453=IFCFACE((#2452));
#2454=IFCPOLYLOOP((#1898,#1894,#1885));
#2455=IFCFACEOUTERBOUND(#2454,.T.);
#2456=IFCFACE((#2455));
#2457=IFCPOLYLOOP((#1878,#1910,#1911));
#2458=IFCFACEOUTERBOUND(#2457,.T.);
#2459=IFCFACE((#2458));
#2460=IFCPOLYLOOP((#1904,#1902,#1880));
#2461=IFCFACEOUTERBOUND(#2460,.T.);
#2462=IFCFACE((#2461));
#2463=IFCPOLYLOOP((#1899,#1877,#1903));
#2464=IFCFACEOUTERBOUND(#2463,.T.);
#2465=IFCFACE((#2464));
#2466=IFCPOLYLOOP((#1911,#1886,#1858));
#2467=IFCFACEOUTERBOUND(#2466,.T.);
#2468=IFCFACE((#2467));
#2469=IFCPOLYLOOP((#1911,#1865,#1862));
#2470=IFCFACEOUTERBOUND(#2469,.T.);
#2471=IFCFACE((#2470));
#2472=IFCPOLYLOOP((#1899,#1867,#1900));
#2473=IFCFACEOUTERBOUND(#2472,.T.);
#2474=IFCFACE((#2473));
#2475=IFCPOLYLOOP((#1901,#1900,#1902));
#2476=IFCFACEOUTERBOUND(#2475,.T.);
#2477=IFCFACE((#2476));
#2478=IFCPOLYLOOP((#1890,#1888,#1868));
#2479=IFCFACEOUTERBOUND(#2478,.T.);
#2480=IFCFACE((#2479));
#2481=IFCPOLYLOOP((#1891,#1889,#1883));
#2482=IFCFACEOUTERBOUND(#2481,.T.);
#2483=IFCFACE((#2482));
#2484=IFCPOLYLOOP((#1889,#1884,#1883));
#2485=IFCFACEOUTERBOUND(#2484,.T.);
#2486=IFCFACE((#2485));
#2487=IFCPOLYLOOP((#1898,#1885,#1863));
#2488=IFCFACEOUTERBOUND(#2487,.T.);
#2489=IFCFACE((#2488));
#2490=IFCPOLYLOOP((#1874,#1873,#1894));
#2491=IFCFACEOUTERBOUND(#2490,.T.);
#2492=IFCFACE((#2491));
#2493=IFCPOLYLOOP((#1891,#1882,#1889));
#2494=IFCFACEOUTERBOUND(#2493,.T.);
#2495=IFCFACE((#2494));
#2496=IFCPOLYLOOP((#1910,#1875,#1903));
#2497=IFCFACEOUTERBOUND(#2496,.T.);
#2498=IFCFACE((#2497));
#2499=IFCPOLYLOOP((#1888,#1889,#1882));
#2500=IFCFACEOUTERBOUND(#2499,.T.);
#2501=IFCFACE((#2500));
#2502=IFCPOLYLOOP((#1884,#1889,#1890));
#2503=IFCFACEOUTERBOUND(#2502,.T.);
#2504=IFCFACE((#2503));
#2505=IFCPOLYLOOP((#1890,#1871,#1884));
#2506=IFCFACEOUTERBOUND(#2505,.T.);
#2507=IFCFACE((#2506));
#2508=IFCPOLYLOOP((#1909,#1871,#1890));
#2509=IFCFACEOUTERBOUND(#2508,.T.);
#2510=IFCFACE((#2509));
#2511=IFCPOLYLOOP((#1908,#1866,#1893));
#2512=IFCFACEOUTERBOUND(#2511,.T.);
#2513=IFCFACE((#2512));
#2514=IFCPOLYLOOP((#1893,#1882,#1891));
#2515=IFCFACEOUTERBOUND(#2514,.T.);
#2516=IFCFACE((#2515));
#2517=IFCPOLYLOOP((#1908,#1907,#1866));
#2518=IFCFACEOUTERBOUND(#2517,.T.);
#2519=IFCFACE((#2518));
#2520=IFCPOLYLOOP((#1891,#1883,#1892));
#2521=IFCFACEOUTERBOUND(#2520,.T.);
#2522=IFCFACE((#2521));
#2523=IFCPOLYLOOP((#1898,#1874,#1894));
#2524=IFCFACEOUTERBOUND(#2523,.T.);
#2525=IFCFACE((#2524));
#2526=IFCPOLYLOOP((#1874,#1898,#1859));
#2527=IFCFACEOUTERBOUND(#2526,.T.);
#2528=IFCFACE((#2527));
#2529=IFCPOLYLOOP((#1873,#1896,#1894));
#2530=IFCFACEOUTERBOUND(#2529,.T.);
#2531=IFCFACE((#2530));
#2532=IFCPOLYLOOP((#1896,#1895,#1872));
#2533=IFCFACEOUTERBOUND(#2532,.T.);
#2534=IFCFACE((#2533));
#2535=IFCPOLYLOOP((#1909,#1897,#1871));
#2536=IFCFACEOUTERBOUND(#2535,.T.);
#2537=IFCFACE((#2536));
#2538=IFCPOLYLOOP((#1895,#1909,#1868));
#2539=IFCFACEOUTERBOUND(#2538,.T.);
#2540=IFCFACE((#2539));
#2541=IFCPOLYLOOP((#1896,#1873,#1897));
#2542=IFCFACEOUTERBOUND(#2541,.T.);
#2543=IFCFACE((#2542));
#2544=IFCPOLYLOOP((#1864,#1898,#1863));
#2545=IFCFACEOUTERBOUND(#2544,.T.);
#2546=IFCFACE((#2545));
#2547=IFCPOLYLOOP((#1870,#1899,#1900));
#2548=IFCFACEOUTERBOUND(#2547,.T.);
#2549=IFCFACE((#2548));
#2550=IFCPOLYLOOP((#1867,#1899,#1887));
#2551=IFCFACEOUTERBOUND(#2550,.T.);
#2552=IFCFACE((#2551));
#2553=IFCPOLYLOOP((#1904,#1879,#1902));
#2554=IFCFACEOUTERBOUND(#2553,.T.);
#2555=IFCFACE((#2554));
#2556=IFCPOLYLOOP((#1900,#1867,#1881));
#2557=IFCFACEOUTERBOUND(#2556,.T.);
#2558=IFCFACE((#2557));
#2559=IFCPOLYLOOP((#1901,#1870,#1900));
#2560=IFCFACEOUTERBOUND(#2559,.T.);
#2561=IFCFACE((#2560));
#2562=IFCPOLYLOOP((#1879,#1901,#1902));
#2563=IFCFACEOUTERBOUND(#2562,.T.);
#2564=IFCFACE((#2563));
#2565=IFCPOLYLOOP((#1881,#1902,#1900));
#2566=IFCFACEOUTERBOUND(#2565,.T.);
#2567=IFCFACE((#2566));
#2568=IFCPOLYLOOP((#1887,#1903,#1875));
#2569=IFCFACEOUTERBOUND(#2568,.T.);
#2570=IFCFACE((#2569));
#2571=IFCPOLYLOOP((#1903,#1877,#1876));
#2572=IFCFACEOUTERBOUND(#2571,.T.);
#2573=IFCFACE((#2572));
#2574=IFCPOLYLOOP((#1869,#1906,#1907));
#2575=IFCFACEOUTERBOUND(#2574,.T.);
#2576=IFCFACE((#2575));
#2577=IFCPOLYLOOP((#1906,#1879,#1904));
#2578=IFCFACEOUTERBOUND(#2577,.T.);
#2579=IFCFACE((#2578));
#2580=IFCPOLYLOOP((#1905,#1866,#1907));
#2581=IFCFACEOUTERBOUND(#2580,.T.);
#2582=IFCFACE((#2581));
#2583=IFCPOLYLOOP((#1904,#1880,#1905));
#2584=IFCFACEOUTERBOUND(#2583,.T.);
#2585=IFCFACE((#2584));
#2586=IFCPOLYLOOP((#1908,#1869,#1907));
#2587=IFCFACEOUTERBOUND(#2586,.T.);
#2588=IFCFACE((#2587));
#2589=IFCPOLYLOOP((#1905,#1907,#1904));
#2590=IFCFACEOUTERBOUND(#2589,.T.);
#2591=IFCFACE((#2590));
#2592=IFCPOLYLOOP((#1908,#1892,#1869));
#2593=IFCFACEOUTERBOUND(#2592,.T.);
#2594=IFCFACE((#2593));
#2595=IFCPOLYLOOP((#1912,#1892,#1908));
#2596=IFCFACEOUTERBOUND(#2595,.T.);
#2597=IFCFACE((#2596));
#2598=IFCPOLYLOOP((#1896,#1897,#1909));
#2599=IFCFACEOUTERBOUND(#2598,.T.);
#2600=IFCFACE((#2599));
#2601=IFCPOLYLOOP((#1868,#1909,#1890));
#2602=IFCFACEOUTERBOUND(#2601,.T.);
#2603=IFCFACE((#2602));
#2604=IFCPOLYLOOP((#1876,#1910,#1903));
#2605=IFCFACEOUTERBOUND(#2604,.T.);
#2606=IFCFACE((#2605));
#2607=IFCPOLYLOOP((#1875,#1910,#1878));
#2608=IFCFACEOUTERBOUND(#2607,.T.);
#2609=IFCFACE((#2608));
#2610=IFCPOLYLOOP((#1878,#1911,#1862));
#2611=IFCFACEOUTERBOUND(#2610,.T.);
#2612=IFCFACE((#2611));
#2613=IFCPOLYLOOP((#1865,#1911,#1858));
#2614=IFCFACEOUTERBOUND(#2613,.T.);
#2615=IFCFACE((#2614));
#2616=IFCPOLYLOOP((#1893,#1912,#1908));
#2617=IFCFACEOUTERBOUND(#2616,.T.);
#2618=IFCFACE((#2617));
#2619=IFCPOLYLOOP((#1912,#1891,#1892));
#2620=IFCFACEOUTERBOUND(#2619,.T.);
#2621=IFCFACE((#2620));
#2622=IFCPOLYLOOP((#1966,#1965,#1947));
#2623=IFCFACEOUTERBOUND(#2622,.T.);
#2624=IFCFACE((#2623));
#2625=IFCPOLYLOOP((#2044,#1935,#2010));
#2626=IFCFACEOUTERBOUND(#2625,.T.);
#2627=IFCFACE((#2626));
#2628=IFCPOLYLOOP((#2014,#2054,#2079));
#2629=IFCFACEOUTERBOUND(#2628,.T.);
#2630=IFCFACE((#2629));
#2631=IFCPOLYLOOP((#2084,#1953,#2030));
#2632=IFCFACEOUTERBOUND(#2631,.T.);
#2633=IFCFACE((#2632));
#2634=IFCPOLYLOOP((#1996,#1988,#1967));
#2635=IFCFACEOUTERBOUND(#2634,.T.);
#2636=IFCFACE((#2635));
#2637=IFCPOLYLOOP((#1968,#1932,#1963));
#2638=IFCFACEOUTERBOUND(#2637,.T.);
#2639=IFCFACE((#2638));
#2640=IFCPOLYLOOP((#2058,#1979,#2016,#1940));
#2641=IFCFACEOUTERBOUND(#2640,.T.);
#2642=IFCFACE((#2641));
#2643=IFCPOLYLOOP((#1999,#2000,#1997));
#2644=IFCFACEOUTERBOUND(#2643,.T.);
#2645=IFCFACE((#2644));
#2646=IFCPOLYLOOP((#1961,#1945,#1959,#1960));
#2647=IFCFACEOUTERBOUND(#2646,.T.);
#2648=IFCFACE((#2647));
#2649=IFCPOLYLOOP((#1956,#2091,#2092,#2087));
#2650=IFCFACEOUTERBOUND(#2649,.T.);
#2651=IFCFACE((#2650));
#2652=IFCPOLYLOOP((#2024,#2082,#2081));
#2653=IFCFACEOUTERBOUND(#2652,.T.);
#2654=IFCFACE((#2653));
#2655=IFCPOLYLOOP((#1998,#2000,#1999));
#2656=IFCFACEOUTERBOUND(#2655,.T.);
#2657=IFCFACE((#2656));
#2658=IFCPOLYLOOP((#2023,#2078,#2083));
#2659=IFCFACEOUTERBOUND(#2658,.T.);
#2660=IFCFACE((#2659));
#2661=IFCPOLYLOOP((#2013,#2052,#2055));
#2662=IFCFACEOUTERBOUND(#2661,.T.);
#2663=IFCFACE((#2662));
#2664=IFCPOLYLOOP((#1988,#1930,#1990));
#2665=IFCFACEOUTERBOUND(#2664,.T.);
#2666=IFCFACE((#2665));
#2667=IFCPOLYLOOP((#1983,#2070,#2020));
#2668=IFCFACEOUTERBOUND(#2667,.T.);
#2669=IFCFACE((#2668));
#2670=IFCPOLYLOOP((#1961,#1963,#1932));
#2671=IFCFACEOUTERBOUND(#2670,.T.);
#2672=IFCFACE((#2671));
#2673=IFCPOLYLOOP((#1915,#1916,#1964));
#2674=IFCFACEOUTERBOUND(#2673,.T.);
#2675=IFCFACE((#2674));
#2676=IFCPOLYLOOP((#1959,#1917,#1918));
#2677=IFCFACEOUTERBOUND(#2676,.T.);
#2678=IFCFACE((#2677));
#2679=IFCPOLYLOOP((#2007,#2036,#2039));
#2680=IFCFACEOUTERBOUND(#2679,.T.);
#2681=IFCFACE((#2680));
#2682=IFCPOLYLOOP((#2022,#2075,#2074));
#2683=IFCFACEOUTERBOUND(#2682,.T.);
#2684=IFCFACE((#2683));
#2685=IFCPOLYLOOP((#2008,#2038,#2043));
#2686=IFCFACEOUTERBOUND(#2685,.T.);
#2687=IFCFACE((#2686));
#2688=IFCPOLYLOOP((#2009,#2041,#2045));
#2689=IFCFACEOUTERBOUND(#2688,.T.);
#2690=IFCFACE((#2689));
#2691=IFCPOLYLOOP((#2033,#2087,#2092));
#2692=IFCFACEOUTERBOUND(#2691,.T.);
#2693=IFCFACE((#2692));
#2694=IFCPOLYLOOP((#1981,#2065,#2018));
#2695=IFCFACEOUTERBOUND(#2694,.T.);
#2696=IFCFACE((#2695));
#2697=IFCPOLYLOOP((#2063,#1981,#2018,#1939));
#2698=IFCFACEOUTERBOUND(#2697,.T.);
#2699=IFCFACE((#2698));
#2700=IFCPOLYLOOP((#1979,#2060,#2016));
#2701=IFCFACEOUTERBOUND(#2700,.T.);
#2702=IFCFACE((#2701));
#2703=IFCPOLYLOOP((#1918,#1957,#1960));
#2704=IFCFACEOUTERBOUND(#2703,.T.);
#2705=IFCFACE((#2704));
#2706=IFCPOLYLOOP((#1947,#1965,#1964));
#2707=IFCFACEOUTERBOUND(#2706,.T.);
#2708=IFCFACE((#2707));
#2709=IFCPOLYLOOP((#1941,#1997,#1966));
#2710=IFCFACEOUTERBOUND(#2709,.T.);
#2711=IFCFACE((#2710));
#2712=IFCPOLYLOOP((#1963,#1960,#1944));
#2713=IFCFACEOUTERBOUND(#2712,.T.);
#2714=IFCFACE((#2713));
#2715=IFCPOLYLOOP((#1966,#1997,#1942));
#2716=IFCFACEOUTERBOUND(#2715,.T.);
#2717=IFCFACE((#2716));
#2718=IFCPOLYLOOP((#1964,#1965,#1915));
#2719=IFCFACEOUTERBOUND(#2718,.T.);
#2720=IFCFACE((#2719));
#2721=IFCPOLYLOOP((#1950,#1994,#1993));
#2722=IFCFACEOUTERBOUND(#2721,.T.);
#2723=IFCFACE((#2722));
#2724=IFCPOLYLOOP((#2068,#1983,#2020,#1949));
#2725=IFCFACEOUTERBOUND(#2724,.T.);
#2726=IFCFACE((#2725));
#2727=IFCPOLYLOOP((#1991,#1992,#1993));
#2728=IFCFACEOUTERBOUND(#2727,.T.);
#2729=IFCFACE((#2728));
#2730=IFCPOLYLOOP((#2030,#2086,#2085));
#2731=IFCFACEOUTERBOUND(#2730,.T.);
#2732=IFCFACE((#2731));
#2733=IFCPOLYLOOP((#2021,#2072,#2076));
#2734=IFCFACEOUTERBOUND(#2733,.T.);
#2735=IFCFACE((#2734));
#2736=IFCPOLYLOOP((#2004,#2032,#2074));
#2737=IFCFACEOUTERBOUND(#2736,.T.);
#2738=IFCFACE((#2737));
#2739=IFCPOLYLOOP((#1975,#2050,#2012));
#2740=IFCFACEOUTERBOUND(#2739,.T.);
#2741=IFCFACE((#2740));
#2742=IFCPOLYLOOP((#2048,#1975,#2012,#1955));
#2743=IFCFACEOUTERBOUND(#2742,.T.);
#2744=IFCFACE((#2743));
#2745=IFCPOLYLOOP((#2088,#2040,#1922,#2087));
#2746=IFCFACEOUTERBOUND(#2745,.T.);
#2747=IFCFACE((#2746));
#2748=IFCPOLYLOOP((#1918,#1913,#1957));
#2749=IFCFACEOUTERBOUND(#2748,.T.);
#2750=IFCFACE((#2749));
#2751=IFCPOLYLOOP((#1958,#1914,#1915));
#2752=IFCFACEOUTERBOUND(#2751,.T.);
#2753=IFCFACE((#2752));
#2754=IFCPOLYLOOP((#1918,#1960,#1959));
#2755=IFCFACEOUTERBOUND(#2754,.T.);
#2756=IFCFACE((#2755));
#2757=IFCPOLYLOOP((#1960,#1957,#1944));
#2758=IFCFACEOUTERBOUND(#2757,.T.);
#2759=IFCFACE((#2758));
#2760=IFCPOLYLOOP((#1962,#1931,#1963,#1944));
#2761=IFCFACEOUTERBOUND(#2760,.T.);
#2762=IFCFACE((#2761));
#2763=IFCPOLYLOOP((#1961,#1960,#1963));
#2764=IFCFACEOUTERBOUND(#2763,.T.);
#2765=IFCFACE((#2764));
#2766=IFCPOLYLOOP((#2007,#2035,#2085));
#2767=IFCFACEOUTERBOUND(#2766,.T.);
#2768=IFCFACE((#2767));
#2769=IFCPOLYLOOP((#1958,#1915,#1965));
#2770=IFCFACEOUTERBOUND(#2769,.T.);
#2771=IFCFACE((#2770));
#2772=IFCPOLYLOOP((#1965,#1946,#1958));
#2773=IFCFACEOUTERBOUND(#2772,.T.);
#2774=IFCFACE((#2773));
#2775=IFCPOLYLOOP((#1946,#1965,#1966));
#2776=IFCFACEOUTERBOUND(#2775,.T.);
#2777=IFCFACE((#2776));
#2778=IFCPOLYLOOP((#1946,#1966,#1942));
#2779=IFCFACEOUTERBOUND(#2778,.T.);
#2780=IFCFACE((#2779));
#2781=IFCPOLYLOOP((#2006,#1941,#1966,#1947));
#2782=IFCFACEOUTERBOUND(#2781,.T.);
#2783=IFCFACE((#2782));
#2784=IFCPOLYLOOP((#1931,#1968,#1963));
#2785=IFCFACEOUTERBOUND(#2784,.T.);
#2786=IFCFACE((#2785));
#2787=IFCPOLYLOOP((#1989,#1932,#1968));
#2788=IFCFACEOUTERBOUND(#2787,.T.);
#2789=IFCFACE((#2788));
#2790=IFCPOLYLOOP((#1990,#1929,#1988));
#2791=IFCFACEOUTERBOUND(#2790,.T.);
#2792=IFCFACE((#2791));
#2793=IFCPOLYLOOP((#1969,#1930,#1988));
#2794=IFCFACEOUTERBOUND(#2793,.T.);
#2795=IFCFACE((#2794));
#2796=IFCPOLYLOOP((#1931,#1996,#1968));
#2797=IFCFACEOUTERBOUND(#2796,.T.);
#2798=IFCFACE((#2797));
#2799=IFCPOLYLOOP((#2037,#1970,#2008,#1935));
#2800=IFCFACEOUTERBOUND(#2799,.T.);
#2801=IFCFACE((#2800));
#2802=IFCPOLYLOOP((#2009,#2040,#2088));
#2803=IFCFACEOUTERBOUND(#2802,.T.);
#2804=IFCFACE((#2803));
#2805=IFCPOLYLOOP((#2042,#1972,#2010));
#2806=IFCFACEOUTERBOUND(#2805,.T.);
#2807=IFCFACE((#2806));
#2808=IFCPOLYLOOP((#1974,#2049,#2050,#2046));
#2809=IFCFACEOUTERBOUND(#2808,.T.);
#2810=IFCFACE((#2809));
#2811=IFCPOLYLOOP((#2011,#2046,#2050));
#2812=IFCFACEOUTERBOUND(#2811,.T.);
#2813=IFCFACE((#2812));
#2814=IFCPOLYLOOP((#2051,#1924,#2013,#1976));
#2815=IFCFACEOUTERBOUND(#2814,.T.);
#2816=IFCFACE((#2815));
#2817=IFCPOLYLOOP((#2053,#1976,#2014,#1928));
#2818=IFCFACEOUTERBOUND(#2817,.T.);
#2819=IFCFACE((#2818));
#2820=IFCPOLYLOOP((#2060,#2015,#1978));
#2821=IFCFACEOUTERBOUND(#2820,.T.);
#2822=IFCFACE((#2821));
#2823=IFCPOLYLOOP((#2056,#1978,#2015,#1920));
#2824=IFCFACEOUTERBOUND(#2823,.T.);
#2825=IFCFACE((#2824));
#2826=IFCPOLYLOOP((#1980,#2064,#2065,#2061));
#2827=IFCFACEOUTERBOUND(#2826,.T.);
#2828=IFCFACE((#2827));
#2829=IFCPOLYLOOP((#2017,#2061,#2065));
#2830=IFCFACEOUTERBOUND(#2829,.T.);
#2831=IFCFACE((#2830));
#2832=IFCPOLYLOOP((#2070,#2019,#1982));
#2833=IFCFACEOUTERBOUND(#2832,.T.);
#2834=IFCFACE((#2833));
#2835=IFCPOLYLOOP((#2066,#1982,#2019,#1923));
#2836=IFCFACEOUTERBOUND(#2835,.T.);
#2837=IFCFACE((#2836));
#2838=IFCPOLYLOOP((#2071,#1921,#2021,#1984));
#2839=IFCFACEOUTERBOUND(#2838,.T.);
#2840=IFCFACE((#2839));
#2841=IFCPOLYLOOP((#2073,#1984,#2022,#1952));
#2842=IFCFACEOUTERBOUND(#2841,.T.);
#2843=IFCFACE((#2842));
#2844=IFCPOLYLOOP((#2077,#1928,#2023,#1986));
#2845=IFCFACEOUTERBOUND(#2844,.T.);
#2846=IFCFACE((#2845));
#2847=IFCPOLYLOOP((#2080,#1986,#2024,#1925));
#2848=IFCFACEOUTERBOUND(#2847,.T.);
#2849=IFCFACE((#2848));
#2850=IFCPOLYLOOP((#1969,#1988,#1996));
#2851=IFCFACEOUTERBOUND(#2850,.T.);
#2852=IFCFACE((#2851));
#2853=IFCPOLYLOOP((#2025,#1967,#1988,#1929));
#2854=IFCFACEOUTERBOUND(#2853,.T.);
#2855=IFCFACE((#2854));
#2856=IFCPOLYLOOP((#2026,#1949,#1994,#1950));
#2857=IFCFACEOUTERBOUND(#2856,.T.);
#2858=IFCFACE((#2857));
#2859=IFCPOLYLOOP((#1967,#1989,#1996));
#2860=IFCFACEOUTERBOUND(#2859,.T.);
#2861=IFCFACE((#2860));
#2862=IFCPOLYLOOP((#1990,#1995,#1993));
#2863=IFCFACEOUTERBOUND(#2862,.T.);
#2864=IFCFACE((#2863));
#2865=IFCPOLYLOOP((#1993,#1992,#1990));
#2866=IFCFACEOUTERBOUND(#2865,.T.);
#2867=IFCFACE((#2866));
#2868=IFCPOLYLOOP((#1992,#1929,#1990));
#2869=IFCFACEOUTERBOUND(#2868,.T.);
#2870=IFCFACE((#2869));
#2871=IFCPOLYLOOP((#1994,#1991,#1993));
#2872=IFCFACEOUTERBOUND(#2871,.T.);
#2873=IFCFACE((#2872));
#2874=IFCPOLYLOOP((#1969,#1996,#1931));
#2875=IFCFACEOUTERBOUND(#2874,.T.);
#2876=IFCFACE((#2875));
#2877=IFCPOLYLOOP((#2027,#1991,#1994,#1948));
#2878=IFCFACEOUTERBOUND(#2877,.T.);
#2879=IFCFACE((#2878));
#2880=IFCPOLYLOOP((#1948,#1994,#2020));
#2881=IFCFACEOUTERBOUND(#2880,.T.);
#2882=IFCFACE((#2881));
#2883=IFCPOLYLOOP((#1950,#1993,#1995));
#2884=IFCFACEOUTERBOUND(#2883,.T.);
#2885=IFCFACE((#2884));
#2886=IFCPOLYLOOP((#1990,#1930,#1995));
#2887=IFCFACEOUTERBOUND(#2886,.T.);
#2888=IFCFACE((#2887));
#2889=IFCPOLYLOOP((#1968,#1996,#1989));
#2890=IFCFACEOUTERBOUND(#2889,.T.);
#2891=IFCFACE((#2890));
#2892=IFCPOLYLOOP((#1943,#2002,#2000));
#2893=IFCFACEOUTERBOUND(#2892,.T.);
#2894=IFCFACE((#2893));
#2895=IFCPOLYLOOP((#2000,#2001,#1943));
#2896=IFCFACEOUTERBOUND(#2895,.T.);
#2897=IFCFACE((#2896));
#2898=IFCPOLYLOOP((#1998,#2001,#2000));
#2899=IFCFACEOUTERBOUND(#2898,.T.);
#2900=IFCFACE((#2899));
#2901=IFCPOLYLOOP((#1997,#2000,#2002));
#2902=IFCFACEOUTERBOUND(#2901,.T.);
#2903=IFCFACE((#2902));
#2904=IFCPOLYLOOP((#1997,#1941,#1999));
#2905=IFCFACEOUTERBOUND(#2904,.T.);
#2906=IFCFACE((#2905));
#2907=IFCPOLYLOOP((#2028,#1943,#2001,#1926));
#2908=IFCFACEOUTERBOUND(#2907,.T.);
#2909=IFCFACE((#2908));
#2910=IFCPOLYLOOP((#1987,#2083,#2078));
#2911=IFCFACEOUTERBOUND(#2910,.T.);
#2912=IFCFACE((#2911));
#2913=IFCPOLYLOOP((#2001,#2029,#2081));
#2914=IFCFACEOUTERBOUND(#2913,.T.);
#2915=IFCFACE((#2914));
#2916=IFCPOLYLOOP((#2002,#1942,#1997));
#2917=IFCFACEOUTERBOUND(#2916,.T.);
#2918=IFCFACE((#2917));
#2919=IFCPOLYLOOP((#1985,#2076,#2072));
#2920=IFCFACEOUTERBOUND(#2919,.T.);
#2921=IFCFACE((#2920));
#2922=IFCPOLYLOOP((#2031,#2003,#2004,#1951));
#2923=IFCFACEOUTERBOUND(#2922,.T.);
#2924=IFCFACE((#2923));
#2925=IFCPOLYLOOP((#1953,#2004,#2030));
#2926=IFCFACEOUTERBOUND(#2925,.T.);
#2927=IFCFACE((#2926));
#2928=IFCPOLYLOOP((#2039,#2008,#1970));
#2929=IFCFACEOUTERBOUND(#2928,.T.);
#2930=IFCFACE((#2929));
#2931=IFCPOLYLOOP((#2090,#2005,#2034,#1954));
#2932=IFCFACEOUTERBOUND(#2931,.T.);
#2933=IFCFACE((#2932));
#2934=IFCPOLYLOOP((#2009,#2088,#1919));
#2935=IFCFACEOUTERBOUND(#2934,.T.);
#2936=IFCFACE((#2935));
#2937=IFCPOLYLOOP((#1973,#2044,#2045,#2041));
#2938=IFCFACEOUTERBOUND(#2937,.T.);
#2939=IFCFACE((#2938));
#2940=IFCPOLYLOOP((#2039,#2038,#2008));
#2941=IFCFACEOUTERBOUND(#2940,.T.);
#2942=IFCFACE((#2941));
#2943=IFCPOLYLOOP((#2045,#2010,#1972));
#2944=IFCFACEOUTERBOUND(#2943,.T.);
#2945=IFCFACE((#2944));
#2946=IFCPOLYLOOP((#2033,#1919,#2088));
#2947=IFCFACEOUTERBOUND(#2946,.T.);
#2948=IFCFACE((#2947));
#2949=IFCPOLYLOOP((#2010,#2043,#2042));
#2950=IFCFACEOUTERBOUND(#2949,.T.);
#2951=IFCFACE((#2950));
#2952=IFCPOLYLOOP((#2045,#2044,#2010));
#2953=IFCFACEOUTERBOUND(#2952,.T.);
#2954=IFCFACE((#2953));
#2955=IFCPOLYLOOP((#1938,#2011,#2017));
#2956=IFCFACEOUTERBOUND(#2955,.T.);
#2957=IFCFACE((#2956));
#2958=IFCPOLYLOOP((#2047,#1937,#2011,#1975));
#2959=IFCFACEOUTERBOUND(#2958,.T.);
#2960=IFCFACE((#2959));
#2961=IFCPOLYLOOP((#1955,#2012,#2034));
#2962=IFCFACEOUTERBOUND(#2961,.T.);
#2963=IFCFACE((#2962));
#2964=IFCPOLYLOOP((#2049,#1954,#2012));
#2965=IFCFACEOUTERBOUND(#2964,.T.);
#2966=IFCFACE((#2965));
#2967=IFCPOLYLOOP((#2055,#2014,#1976));
#2968=IFCFACEOUTERBOUND(#2967,.T.);
#2969=IFCFACE((#2968));
#2970=IFCPOLYLOOP((#1921,#2013,#2021));
#2971=IFCFACEOUTERBOUND(#2970,.T.);
#2972=IFCFACE((#2971));
#2973=IFCPOLYLOOP((#2079,#2023,#1928));
#2974=IFCFACEOUTERBOUND(#2973,.T.);
#2975=IFCFACE((#2974));
#2976=IFCPOLYLOOP((#1977,#2014,#2055));
#2977=IFCFACEOUTERBOUND(#2976,.T.);
#2978=IFCFACE((#2977));
#2979=IFCPOLYLOOP((#1920,#2015,#2019));
#2980=IFCFACEOUTERBOUND(#2979,.T.);
#2981=IFCFACE((#2980));
#2982=IFCPOLYLOOP((#2057,#1923,#2015));
#2983=IFCFACEOUTERBOUND(#2982,.T.);
#2984=IFCFACE((#2983));
#2985=IFCPOLYLOOP((#1940,#2016,#2018));
#2986=IFCFACEOUTERBOUND(#2985,.T.);
#2987=IFCFACE((#2986));
#2988=IFCPOLYLOOP((#2059,#1939,#2016));
#2989=IFCFACEOUTERBOUND(#2988,.T.);
#2990=IFCFACE((#2989));
#2991=IFCPOLYLOOP((#1937,#2017,#2011));
#2992=IFCFACEOUTERBOUND(#2991,.T.);
#2993=IFCFACE((#2992));
#2994=IFCPOLYLOOP((#2062,#1938,#2017));
#2995=IFCFACEOUTERBOUND(#2994,.T.);
#2996=IFCFACE((#2995));
#2997=IFCPOLYLOOP((#1939,#2018,#2016));
#2998=IFCFACEOUTERBOUND(#2997,.T.);
#2999=IFCFACE((#2998));
#3000=IFCPOLYLOOP((#2064,#1940,#2018));
#3001=IFCFACEOUTERBOUND(#3000,.T.);
#3002=IFCFACE((#3001));
#3003=IFCPOLYLOOP((#1923,#2019,#2015));
#3004=IFCFACEOUTERBOUND(#3003,.T.);
#3005=IFCFACE((#3004));
#3006=IFCPOLYLOOP((#2067,#1920,#2019));
#3007=IFCFACEOUTERBOUND(#3006,.T.);
#3008=IFCFACE((#3007));
#3009=IFCPOLYLOOP((#1949,#2020,#1994));
#3010=IFCFACEOUTERBOUND(#3009,.T.);
#3011=IFCFACE((#3010));
#3012=IFCPOLYLOOP((#2069,#1948,#2020));
#3013=IFCFACEOUTERBOUND(#3012,.T.);
#3014=IFCFACE((#3013));
#3015=IFCPOLYLOOP((#2076,#2022,#1984));
#3016=IFCFACEOUTERBOUND(#3015,.T.);
#3017=IFCFACE((#3016));
#3018=IFCPOLYLOOP((#1924,#2021,#2013));
#3019=IFCFACEOUTERBOUND(#3018,.T.);
#3020=IFCFACE((#3019));
#3021=IFCPOLYLOOP((#2074,#1952,#2022));
#3022=IFCFACEOUTERBOUND(#3021,.T.);
#3023=IFCFACE((#3022));
#3024=IFCPOLYLOOP((#1985,#2022,#2076));
#3025=IFCFACEOUTERBOUND(#3024,.T.);
#3026=IFCFACE((#3025));
#3027=IFCPOLYLOOP((#2083,#2024,#1986));
#3028=IFCFACEOUTERBOUND(#3027,.T.);
#3029=IFCFACE((#3028));
#3030=IFCPOLYLOOP((#1927,#2023,#2079));
#3031=IFCFACEOUTERBOUND(#3030,.T.);
#3032=IFCFACE((#3031));
#3033=IFCPOLYLOOP((#2081,#1925,#2024));
#3034=IFCFACEOUTERBOUND(#3033,.T.);
#3035=IFCFACE((#3034));
#3036=IFCPOLYLOOP((#1987,#2024,#2083));
#3037=IFCFACEOUTERBOUND(#3036,.T.);
#3038=IFCFACE((#3037));
#3039=IFCPOLYLOOP((#2030,#2085,#2084));
#3040=IFCFACEOUTERBOUND(#3039,.T.);
#3041=IFCFACE((#3040));
#3042=IFCPOLYLOOP((#2001,#1998,#2029));
#3043=IFCFACEOUTERBOUND(#3042,.T.);
#3044=IFCFACE((#3043));
#3045=IFCPOLYLOOP((#2003,#2030,#2004));
#3046=IFCFACEOUTERBOUND(#3045,.T.);
#3047=IFCFACE((#3046));
#3048=IFCPOLYLOOP((#2089,#1919,#2033,#2005));
#3049=IFCFACEOUTERBOUND(#3048,.T.);
#3050=IFCFACE((#3049));
#3051=IFCPOLYLOOP((#2004,#1953,#2032));
#3052=IFCFACEOUTERBOUND(#3051,.T.);
#3053=IFCFACE((#3052));
#3054=IFCPOLYLOOP((#2034,#2005,#2092));
#3055=IFCFACEOUTERBOUND(#3054,.T.);
#3056=IFCFACE((#3055));
#3057=IFCPOLYLOOP((#1954,#2034,#2012));
#3058=IFCFACEOUTERBOUND(#3057,.T.);
#3059=IFCFACE((#3058));
#3060=IFCPOLYLOOP((#2091,#1955,#2034));
#3061=IFCFACEOUTERBOUND(#3060,.T.);
#3062=IFCFACE((#3061));
#3063=IFCPOLYLOOP((#1971,#2038,#2039,#2036));
#3064=IFCFACEOUTERBOUND(#3063,.T.);
#3065=IFCFACE((#3064));
#3066=IFCPOLYLOOP((#2035,#2007,#1970));
#3067=IFCFACEOUTERBOUND(#3066,.T.);
#3068=IFCFACE((#3067));
#3069=IFCPOLYLOOP((#2007,#1933,#2036));
#3070=IFCFACEOUTERBOUND(#3069,.T.);
#3071=IFCFACE((#3070));
#3072=IFCPOLYLOOP((#2007,#2039,#1970));
#3073=IFCFACEOUTERBOUND(#3072,.T.);
#3074=IFCFACE((#3073));
#3075=IFCPOLYLOOP((#1936,#2042,#2043,#2038));
#3076=IFCFACEOUTERBOUND(#3075,.T.);
#3077=IFCFACE((#3076));
#3078=IFCPOLYLOOP((#2009,#1972,#2040));
#3079=IFCFACEOUTERBOUND(#3078,.T.);
#3080=IFCFACE((#3079));
#3081=IFCPOLYLOOP((#2009,#1919,#2041));
#3082=IFCFACEOUTERBOUND(#3081,.T.);
#3083=IFCFACE((#3082));
#3084=IFCPOLYLOOP((#2008,#2043,#1935));
#3085=IFCFACEOUTERBOUND(#3084,.T.);
#3086=IFCFACE((#3085));
#3087=IFCPOLYLOOP((#2043,#2010,#1935));
#3088=IFCFACEOUTERBOUND(#3087,.T.);
#3089=IFCFACE((#3088));
#3090=IFCPOLYLOOP((#2009,#2045,#1972));
#3091=IFCFACEOUTERBOUND(#3090,.T.);
#3092=IFCFACE((#3091));
#3093=IFCPOLYLOOP((#2011,#2050,#1975));
#3094=IFCFACEOUTERBOUND(#3093,.T.);
#3095=IFCFACE((#3094));
#3096=IFCPOLYLOOP((#2046,#2011,#1938));
#3097=IFCFACEOUTERBOUND(#3096,.T.);
#3098=IFCFACE((#3097));
#3099=IFCPOLYLOOP((#2012,#2050,#2049));
#3100=IFCFACEOUTERBOUND(#3099,.T.);
#3101=IFCFACE((#3100));
#3102=IFCPOLYLOOP((#1977,#2055,#2052));
#3103=IFCFACEOUTERBOUND(#3102,.T.);
#3104=IFCFACE((#3103));
#3105=IFCPOLYLOOP((#2013,#1921,#2052));
#3106=IFCFACEOUTERBOUND(#3105,.T.);
#3107=IFCFACE((#3106));
#3108=IFCPOLYLOOP((#2014,#1977,#2054));
#3109=IFCFACEOUTERBOUND(#3108,.T.);
#3110=IFCFACE((#3109));
#3111=IFCPOLYLOOP((#2013,#2055,#1976));
#3112=IFCFACEOUTERBOUND(#3111,.T.);
#3113=IFCFACE((#3112));
#3114=IFCPOLYLOOP((#2057,#2015,#2060));
#3115=IFCFACEOUTERBOUND(#3114,.T.);
#3116=IFCFACE((#3115));
#3117=IFCPOLYLOOP((#1979,#2057,#2060));
#3118=IFCFACEOUTERBOUND(#3117,.T.);
#3119=IFCFACE((#3118));
#3120=IFCPOLYLOOP((#1978,#2059,#2060));
#3121=IFCFACEOUTERBOUND(#3120,.T.);
#3122=IFCFACE((#3121));
#3123=IFCPOLYLOOP((#2016,#2060,#2059));
#3124=IFCFACEOUTERBOUND(#3123,.T.);
#3125=IFCFACE((#3124));
#3126=IFCPOLYLOOP((#2062,#2017,#2065));
#3127=IFCFACEOUTERBOUND(#3126,.T.);
#3128=IFCFACE((#3127));
#3129=IFCPOLYLOOP((#2061,#2017,#1937));
#3130=IFCFACEOUTERBOUND(#3129,.T.);
#3131=IFCFACE((#3130));
#3132=IFCPOLYLOOP((#1981,#2062,#2065));
#3133=IFCFACEOUTERBOUND(#3132,.T.);
#3134=IFCFACE((#3133));
#3135=IFCPOLYLOOP((#2018,#2065,#2064));
#3136=IFCFACEOUTERBOUND(#3135,.T.);
#3137=IFCFACE((#3136));
#3138=IFCPOLYLOOP((#2067,#2019,#2070));
#3139=IFCFACEOUTERBOUND(#3138,.T.);
#3140=IFCFACE((#3139));
#3141=IFCPOLYLOOP((#1983,#2067,#2070));
#3142=IFCFACEOUTERBOUND(#3141,.T.);
#3143=IFCFACE((#3142));
#3144=IFCPOLYLOOP((#1982,#2069,#2070));
#3145=IFCFACEOUTERBOUND(#3144,.T.);
#3146=IFCFACE((#3145));
#3147=IFCPOLYLOOP((#2020,#2070,#2069));
#3148=IFCFACEOUTERBOUND(#3147,.T.);
#3149=IFCFACE((#3148));
#3150=IFCPOLYLOOP((#1952,#2074,#2032));
#3151=IFCFACEOUTERBOUND(#3150,.T.);
#3152=IFCFACE((#3151));
#3153=IFCPOLYLOOP((#2021,#1924,#2072));
#3154=IFCFACEOUTERBOUND(#3153,.T.);
#3155=IFCFACE((#3154));
#3156=IFCPOLYLOOP((#2004,#2074,#1951));
#3157=IFCFACEOUTERBOUND(#3156,.T.);
#3158=IFCFACE((#3157));
#3159=IFCPOLYLOOP((#1951,#2074,#2075));
#3160=IFCFACEOUTERBOUND(#3159,.T.);
#3161=IFCFACE((#3160));
#3162=IFCPOLYLOOP((#2022,#1985,#2075));
#3163=IFCFACEOUTERBOUND(#3162,.T.);
#3164=IFCFACE((#3163));
#3165=IFCPOLYLOOP((#2021,#2076,#1984));
#3166=IFCFACEOUTERBOUND(#3165,.T.);
#3167=IFCFACE((#3166));
#3168=IFCPOLYLOOP((#1927,#2079,#2054));
#3169=IFCFACEOUTERBOUND(#3168,.T.);
#3170=IFCFACE((#3169));
#3171=IFCPOLYLOOP((#2023,#1927,#2078));
#3172=IFCFACEOUTERBOUND(#3171,.T.);
#3173=IFCFACE((#3172));
#3174=IFCPOLYLOOP((#2014,#2079,#1928));
#3175=IFCFACEOUTERBOUND(#3174,.T.);
#3176=IFCFACE((#3175));
#3177=IFCPOLYLOOP((#1925,#2081,#2029));
#3178=IFCFACEOUTERBOUND(#3177,.T.);
#3179=IFCFACE((#3178));
#3180=IFCPOLYLOOP((#2001,#2081,#1926));
#3181=IFCFACEOUTERBOUND(#3180,.T.);
#3182=IFCFACE((#3181));
#3183=IFCPOLYLOOP((#1926,#2081,#2082));
#3184=IFCFACEOUTERBOUND(#3183,.T.);
#3185=IFCFACE((#3184));
#3186=IFCPOLYLOOP((#2024,#1987,#2082));
#3187=IFCFACEOUTERBOUND(#3186,.T.);
#3188=IFCFACE((#3187));
#3189=IFCPOLYLOOP((#2023,#2083,#1986));
#3190=IFCFACEOUTERBOUND(#3189,.T.);
#3191=IFCFACE((#3190));
#3192=IFCPOLYLOOP((#1934,#2084,#2085,#2035));
#3193=IFCFACEOUTERBOUND(#3192,.T.);
#3194=IFCFACE((#3193));
#3195=IFCPOLYLOOP((#2007,#2085,#1933));
#3196=IFCFACEOUTERBOUND(#3195,.T.);
#3197=IFCFACE((#3196));
#3198=IFCPOLYLOOP((#1933,#2085,#2086));
#3199=IFCFACEOUTERBOUND(#3198,.T.);
#3200=IFCFACE((#3199));
#3201=IFCPOLYLOOP((#2030,#2003,#2086));
#3202=IFCFACEOUTERBOUND(#3201,.T.);
#3203=IFCFACE((#3202));
#3204=IFCPOLYLOOP((#2033,#2088,#2087));
#3205=IFCFACEOUTERBOUND(#3204,.T.);
#3206=IFCFACE((#3205));
#3207=IFCPOLYLOOP((#2033,#2092,#2005));
#3208=IFCFACEOUTERBOUND(#3207,.T.);
#3209=IFCFACE((#3208));
#3210=IFCPOLYLOOP((#2034,#2092,#2091));
#3211=IFCFACEOUTERBOUND(#3210,.T.);
#3212=IFCFACE((#3211));
#3213=IFCPOLYLOOP((#2094,#1914,#1958,#1946,#1942,#2002,#1943,#2028,#1926,#2082,#1987,#2078,#1927,#2054,#1977,#2052,#1921,#2071,#1984,#2073,#1952,#2032,#1953,#2084,#1934,#2035,#1970,#2037,#1935,#2044,#1973,#2041,#1919,#2089,#2005,#2090,#1954,#2049,#1974,#2046,#1938,#2062,#1981,#2063,#1939,#2059,#1978,#2056,#1920,#2067,#1983,#2068,#1949,#2026,#1950,#1995,#1930,#1969,#1931,#1962,#1944,#1957,#1913,#2093));
#3214=IFCFACEOUTERBOUND(#3213,.T.);
#3215=IFCFACE((#3214));
#3216=IFCPOLYLOOP((#2096,#1856,#1855,#2095));
#3217=IFCFACEOUTERBOUND(#3216,.T.);
#3218=IFCFACE((#3217));
#3219=IFCPOLYLOOP((#2098,#1860,#1859,#2103,#2101,#2097));
#3220=IFCFACEOUTERBOUND(#3219,.T.);
#3221=IFCFACE((#3220));
#3222=IFCPOLYLOOP((#2102,#2106,#2104,#2105));
#3223=IFCFACEOUTERBOUND(#3222,.T.);
#3224=IFCFACE((#3223));
#3225=IFCPOLYLOOP((#2107,#1864,#2105));
#3226=IFCFACEOUTERBOUND(#3225,.T.);
#3227=IFCFACE((#3226));
#3228=IFCPOLYLOOP((#2108,#2100,#2097));
#3229=IFCFACEOUTERBOUND(#3228,.T.);
#3230=IFCFACE((#3229));
#3231=IFCPOLYLOOP((#2108,#2101,#2104));
#3232=IFCFACEOUTERBOUND(#3231,.T.);
#3233=IFCFACE((#3232));
#3234=IFCPOLYLOOP((#2107,#2103,#1859));
#3235=IFCFACEOUTERBOUND(#3234,.T.);
#3236=IFCFACE((#3235));
#3237=IFCPOLYLOOP((#2101,#2103,#2104));
#3238=IFCFACEOUTERBOUND(#3237,.T.);
#3239=IFCFACE((#3238));
#3240=IFCPOLYLOOP((#2108,#2104,#2106));
#3241=IFCFACEOUTERBOUND(#3240,.T.);
#3242=IFCFACE((#3241));
#3243=IFCPOLYLOOP((#2104,#2107,#2105));
#3244=IFCFACEOUTERBOUND(#3243,.T.);
#3245=IFCFACE((#3244));
#3246=IFCPOLYLOOP((#2104,#2103,#2107));
#3247=IFCFACEOUTERBOUND(#3246,.T.);
#3248=IFCFACE((#3247));
#3249=IFCPOLYLOOP((#1864,#1863,#2105));
#3250=IFCFACEOUTERBOUND(#3249,.T.);
#3251=IFCFACE((#3250));
#3252=IFCPOLYLOOP((#2106,#2099,#2100));
#3253=IFCFACEOUTERBOUND(#3252,.T.);
#3254=IFCFACE((#3253));
#3255=IFCPOLYLOOP((#1864,#2107,#1859));
#3256=IFCFACEOUTERBOUND(#3255,.T.);
#3257=IFCFACE((#3256));
#3258=IFCPOLYLOOP((#2101,#2108,#2097));
#3259=IFCFACEOUTERBOUND(#3258,.T.);
#3260=IFCFACE((#3259));
#3261=IFCPOLYLOOP((#2100,#2108,#2106));
#3262=IFCFACEOUTERBOUND(#3261,.T.);
#3263=IFCFACE((#3262));
#3264=IFCPOLYLOOP((#2128,#2124,#2119));
#3265=IFCFACEOUTERBOUND(#3264,.T.);
#3266=IFCFACE((#3265));
#3267=IFCPOLYLOOP((#2135,#2139,#2140));
#3268=IFCFACEOUTERBOUND(#3267,.T.);
#3269=IFCFACE((#3268));
#3270=IFCPOLYLOOP((#2122,#2141,#2129));
#3271=IFCFACEOUTERBOUND(#3270,.T.);
#3272=IFCFACE((#3271));
#3273=IFCPOLYLOOP((#2133,#2114,#2135));
#3274=IFCFACEOUTERBOUND(#3273,.T.);
#3275=IFCFACE((#3274));
#3276=IFCPOLYLOOP((#2122,#2129,#2115));
#3277=IFCFACEOUTERBOUND(#3276,.T.);
#3278=IFCFACE((#3277));
#3279=IFCPOLYLOOP((#2129,#2136,#2132));
#3280=IFCFACEOUTERBOUND(#3279,.T.);
#3281=IFCFACE((#3280));
#3282=IFCPOLYLOOP((#2141,#2126,#2110));
#3283=IFCFACEOUTERBOUND(#3282,.T.);
#3284=IFCFACE((#3283));
#3285=IFCPOLYLOOP((#2114,#2133,#2125));
#3286=IFCFACEOUTERBOUND(#3285,.T.);
#3287=IFCFACE((#3286));
#3288=IFCPOLYLOOP((#2121,#2133,#2116));
#3289=IFCFACEOUTERBOUND(#3288,.T.);
#3290=IFCFACE((#3289));
#3291=IFCPOLYLOOP((#2134,#2139,#2113));
#3292=IFCFACEOUTERBOUND(#3291,.T.);
#3293=IFCFACE((#3292));
#3294=IFCPOLYLOOP((#2115,#2129,#2132));
#3295=IFCFACEOUTERBOUND(#3294,.T.);
#3296=IFCFACE((#3295));
#3297=IFCPOLYLOOP((#2137,#2128,#2119));
#3298=IFCFACEOUTERBOUND(#3297,.T.);
#3299=IFCFACE((#3298));
#3300=IFCPOLYLOOP((#2137,#2121,#2120));
#3301=IFCFACEOUTERBOUND(#3300,.T.);
#3302=IFCFACE((#3301));
#3303=IFCPOLYLOOP((#2137,#2133,#2121));
#3304=IFCFACEOUTERBOUND(#3303,.T.);
#3305=IFCFACE((#3304));
#3306=IFCPOLYLOOP((#2141,#2110,#2111));
#3307=IFCFACEOUTERBOUND(#3306,.T.);
#3308=IFCFACE((#3307));
#3309=IFCPOLYLOOP((#2127,#1916,#1915));
#3310=IFCFACEOUTERBOUND(#3309,.T.);
#3311=IFCFACE((#3310));
#3312=IFCPOLYLOOP((#2127,#2128,#2120));
#3313=IFCFACEOUTERBOUND(#3312,.T.);
#3314=IFCFACE((#3313));
#3315=IFCPOLYLOOP((#1915,#1914,#2124));
#3316=IFCFACEOUTERBOUND(#3315,.T.);
#3317=IFCFACE((#3316));
#3318=IFCPOLYLOOP((#2126,#2109,#2110));
#3319=IFCFACEOUTERBOUND(#3318,.T.);
#3320=IFCFACE((#3319));
#3321=IFCPOLYLOOP((#2141,#2118,#2129));
#3322=IFCFACEOUTERBOUND(#3321,.T.);
#3323=IFCFACE((#3322));
#3324=IFCPOLYLOOP((#1915,#2128,#2127));
#3325=IFCFACEOUTERBOUND(#3324,.T.);
#3326=IFCFACE((#3325));
#3327=IFCPOLYLOOP((#2124,#2128,#1915));
#3328=IFCFACEOUTERBOUND(#3327,.T.);
#3329=IFCFACE((#3328));
#3330=IFCPOLYLOOP((#2136,#2129,#2118));
#3331=IFCFACEOUTERBOUND(#3330,.T.);
#3332=IFCFACE((#3331));
#3333=IFCPOLYLOOP((#2123,#2118,#2141,#2111));
#3334=IFCFACEOUTERBOUND(#3333,.T.);
#3335=IFCFACE((#3334));
#3336=IFCPOLYLOOP((#2132,#2130,#2115));
#3337=IFCFACEOUTERBOUND(#3336,.T.);
#3338=IFCFACE((#3337));
#3339=IFCPOLYLOOP((#2139,#2134,#2131));
#3340=IFCFACEOUTERBOUND(#3339,.T.);
#3341=IFCFACE((#3340));
#3342=IFCPOLYLOOP((#2131,#2134,#2112));
#3343=IFCFACEOUTERBOUND(#3342,.T.);
#3344=IFCFACE((#3343));
#3345=IFCPOLYLOOP((#2130,#2132,#2134));
#3346=IFCFACEOUTERBOUND(#3345,.T.);
#3347=IFCFACE((#3346));
#3348=IFCPOLYLOOP((#2135,#2116,#2133));
#3349=IFCFACEOUTERBOUND(#3348,.T.);
#3350=IFCFACE((#3349));
#3351=IFCPOLYLOOP((#2137,#2119,#2125));
#3352=IFCFACEOUTERBOUND(#3351,.T.);
#3353=IFCFACE((#3352));
#3354=IFCPOLYLOOP((#2112,#2134,#2132));
#3355=IFCFACEOUTERBOUND(#3354,.T.);
#3356=IFCFACE((#3355));
#3357=IFCPOLYLOOP((#2130,#2134,#2113));
#3358=IFCFACEOUTERBOUND(#3357,.T.);
#3359=IFCFACE((#3358));
#3360=IFCPOLYLOOP((#2117,#2140,#2139,#2131));
#3361=IFCFACEOUTERBOUND(#3360,.T.);
#3362=IFCFACE((#3361));
#3363=IFCPOLYLOOP((#2138,#2139,#2135));
#3364=IFCFACEOUTERBOUND(#3363,.T.);
#3365=IFCFACE((#3364));
#3366=IFCPOLYLOOP((#2136,#2112,#2132));
#3367=IFCFACEOUTERBOUND(#3366,.T.);
#3368=IFCFACE((#3367));
#3369=IFCPOLYLOOP((#2120,#2128,#2137));
#3370=IFCFACEOUTERBOUND(#3369,.T.);
#3371=IFCFACE((#3370));
#3372=IFCPOLYLOOP((#2133,#2137,#2125));
#3373=IFCFACEOUTERBOUND(#3372,.T.);
#3374=IFCFACE((#3373));
#3375=IFCPOLYLOOP((#2113,#2139,#2138));
#3376=IFCFACEOUTERBOUND(#3375,.T.);
#3377=IFCFACE((#3376));
#3378=IFCPOLYLOOP((#2135,#2114,#2138));
#3379=IFCFACEOUTERBOUND(#3378,.T.);
#3380=IFCFACE((#3379));
#3381=IFCPOLYLOOP((#2140,#2116,#2135));
#3382=IFCFACEOUTERBOUND(#3381,.T.);
#3383=IFCFACE((#3382));
#3384=IFCPOLYLOOP((#2122,#2126,#2141));
#3385=IFCFACEOUTERBOUND(#3384,.T.);
#3386=IFCFACE((#3385));
#3387=IFCPOLYLOOP((#2142,#2109,#2126,#2122,#2115,#2130,#2113,#2138,#2114,#2125,#2119,#2124,#1914,#2094));
#3388=IFCFACEOUTERBOUND(#3387,.T.);
#3389=IFCFACE((#3388));
#3390=IFCPOLYLOOP((#2143,#2144,#2096,#2095));
#3391=IFCFACEOUTERBOUND(#3390,.T.);
#3392=IFCFACE((#3391));
#3393=IFCPOLYLOOP((#2146,#2098,#2097,#2169,#2159,#2160,#2153,#2184,#2162,#2189,#2152,#2175,#2166,#2167,#2154,#2180,#2156,#2157,#2145));
#3394=IFCFACEOUTERBOUND(#3393,.T.);
#3395=IFCFACE((#3394));
#3396=IFCPOLYLOOP((#2155,#2168,#2177));
#3397=IFCFACEOUTERBOUND(#3396,.T.);
#3398=IFCFACE((#3397));
#3399=IFCPOLYLOOP((#2182,#2186,#2170));
#3400=IFCFACEOUTERBOUND(#3399,.T.);
#3401=IFCFACE((#3400));
#3402=IFCPOLYLOOP((#2194,#2193,#2169));
#3403=IFCFACEOUTERBOUND(#3402,.T.);
#3404=IFCFACE((#3403));
#3405=IFCPOLYLOOP((#2177,#2179,#2155));
#3406=IFCFACEOUTERBOUND(#3405,.T.);
#3407=IFCFACE((#3406));
#3408=IFCPOLYLOOP((#2159,#2169,#2193));
#3409=IFCFACEOUTERBOUND(#3408,.T.);
#3410=IFCFACE((#3409));
#3411=IFCPOLYLOOP((#2173,#2172,#2171));
#3412=IFCFACEOUTERBOUND(#3411,.T.);
#3413=IFCFACE((#3412));
#3414=IFCPOLYLOOP((#2182,#2153,#2160));
#3415=IFCFACEOUTERBOUND(#3414,.T.);
#3416=IFCFACE((#3415));
#3417=IFCPOLYLOOP((#2185,#2164,#2163));
#3418=IFCFACEOUTERBOUND(#3417,.T.);
#3419=IFCFACE((#3418));
#3420=IFCPOLYLOOP((#2195,#2176,#2174));
#3421=IFCFACEOUTERBOUND(#3420,.T.);
#3422=IFCFACE((#3421));
#3423=IFCPOLYLOOP((#2187,#2190,#2189));
#3424=IFCFACEOUTERBOUND(#3423,.T.);
#3425=IFCFACE((#3424));
#3426=IFCPOLYLOOP((#2178,#2179,#2192));
#3427=IFCFACEOUTERBOUND(#3426,.T.);
#3428=IFCFACE((#3427));
#3429=IFCPOLYLOOP((#2148,#2145,#2181));
#3430=IFCFACEOUTERBOUND(#3429,.T.);
#3431=IFCFACE((#3430));
#3432=IFCPOLYLOOP((#2181,#2177,#2168));
#3433=IFCFACEOUTERBOUND(#3432,.T.);
#3434=IFCFACE((#3433));
#3435=IFCPOLYLOOP((#2161,#2193,#2194));
#3436=IFCFACEOUTERBOUND(#3435,.T.);
#3437=IFCFACE((#3436));
#3438=IFCPOLYLOOP((#2187,#2185,#2163));
#3439=IFCFACEOUTERBOUND(#3438,.T.);
#3440=IFCFACE((#3439));
#3441=IFCPOLYLOOP((#2182,#2160,#2186));
#3442=IFCFACEOUTERBOUND(#3441,.T.);
#3443=IFCFACE((#3442));
#3444=IFCPOLYLOOP((#2194,#2169,#2097));
#3445=IFCFACEOUTERBOUND(#3444,.T.);
#3446=IFCFACE((#3445));
#3447=IFCPOLYLOOP((#2194,#2100,#2099));
#3448=IFCFACEOUTERBOUND(#3447,.T.);
#3449=IFCFACE((#3448));
#3450=IFCPOLYLOOP((#2182,#2150,#2183));
#3451=IFCFACEOUTERBOUND(#3450,.T.);
#3452=IFCFACE((#3451));
#3453=IFCPOLYLOOP((#2184,#2183,#2185));
#3454=IFCFACEOUTERBOUND(#3453,.T.);
#3455=IFCFACE((#3454));
#3456=IFCPOLYLOOP((#2173,#2171,#2151));
#3457=IFCFACEOUTERBOUND(#3456,.T.);
#3458=IFCFACE((#3457));
#3459=IFCPOLYLOOP((#2174,#2172,#2166));
#3460=IFCFACEOUTERBOUND(#3459,.T.);
#3461=IFCFACE((#3460));
#3462=IFCPOLYLOOP((#2172,#2167,#2166));
#3463=IFCFACEOUTERBOUND(#3462,.T.);
#3464=IFCFACE((#3463));
#3465=IFCPOLYLOOP((#2181,#2168,#2147));
#3466=IFCFACEOUTERBOUND(#3465,.T.);
#3467=IFCFACE((#3466));
#3468=IFCPOLYLOOP((#2157,#2156,#2177));
#3469=IFCFACEOUTERBOUND(#3468,.T.);
#3470=IFCFACE((#3469));
#3471=IFCPOLYLOOP((#2174,#2165,#2172));
#3472=IFCFACEOUTERBOUND(#3471,.T.);
#3473=IFCFACE((#3472));
#3474=IFCPOLYLOOP((#2193,#2158,#2186));
#3475=IFCFACEOUTERBOUND(#3474,.T.);
#3476=IFCFACE((#3475));
#3477=IFCPOLYLOOP((#2171,#2172,#2165));
#3478=IFCFACEOUTERBOUND(#3477,.T.);
#3479=IFCFACE((#3478));
#3480=IFCPOLYLOOP((#2167,#2172,#2173));
#3481=IFCFACEOUTERBOUND(#3480,.T.);
#3482=IFCFACE((#3481));
#3483=IFCPOLYLOOP((#2173,#2154,#2167));
#3484=IFCFACEOUTERBOUND(#3483,.T.);
#3485=IFCFACE((#3484));
#3486=IFCPOLYLOOP((#2192,#2154,#2173));
#3487=IFCFACEOUTERBOUND(#3486,.T.);
#3488=IFCFACE((#3487));
#3489=IFCPOLYLOOP((#2191,#2149,#2176));
#3490=IFCFACEOUTERBOUND(#3489,.T.);
#3491=IFCFACE((#3490));
#3492=IFCPOLYLOOP((#2176,#2165,#2174));
#3493=IFCFACEOUTERBOUND(#3492,.T.);
#3494=IFCFACE((#3493));
#3495=IFCPOLYLOOP((#2191,#2190,#2149));
#3496=IFCFACEOUTERBOUND(#3495,.T.);
#3497=IFCFACE((#3496));
#3498=IFCPOLYLOOP((#2174,#2166,#2175));
#3499=IFCFACEOUTERBOUND(#3498,.T.);
#3500=IFCFACE((#3499));
#3501=IFCPOLYLOOP((#2181,#2157,#2177));
#3502=IFCFACEOUTERBOUND(#3501,.T.);
#3503=IFCFACE((#3502));
#3504=IFCPOLYLOOP((#2157,#2181,#2145));
#3505=IFCFACEOUTERBOUND(#3504,.T.);
#3506=IFCFACE((#3505));
#3507=IFCPOLYLOOP((#2156,#2179,#2177));
#3508=IFCFACEOUTERBOUND(#3507,.T.);
#3509=IFCFACE((#3508));
#3510=IFCPOLYLOOP((#2179,#2178,#2155));
#3511=IFCFACEOUTERBOUND(#3510,.T.);
#3512=IFCFACE((#3511));
#3513=IFCPOLYLOOP((#2192,#2180,#2154));
#3514=IFCFACEOUTERBOUND(#3513,.T.);
#3515=IFCFACE((#3514));
#3516=IFCPOLYLOOP((#2178,#2192,#2151));
#3517=IFCFACEOUTERBOUND(#3516,.T.);
#3518=IFCFACE((#3517));
#3519=IFCPOLYLOOP((#2179,#2156,#2180));
#3520=IFCFACEOUTERBOUND(#3519,.T.);
#3521=IFCFACE((#3520));
#3522=IFCPOLYLOOP((#2148,#2181,#2147));
#3523=IFCFACEOUTERBOUND(#3522,.T.);
#3524=IFCFACE((#3523));
#3525=IFCPOLYLOOP((#2153,#2182,#2183));
#3526=IFCFACEOUTERBOUND(#3525,.T.);
#3527=IFCFACE((#3526));
#3528=IFCPOLYLOOP((#2150,#2182,#2170));
#3529=IFCFACEOUTERBOUND(#3528,.T.);
#3530=IFCFACE((#3529));
#3531=IFCPOLYLOOP((#2187,#2162,#2185));
#3532=IFCFACEOUTERBOUND(#3531,.T.);
#3533=IFCFACE((#3532));
#3534=IFCPOLYLOOP((#2183,#2150,#2164));
#3535=IFCFACEOUTERBOUND(#3534,.T.);
#3536=IFCFACE((#3535));
#3537=IFCPOLYLOOP((#2184,#2153,#2183));
#3538=IFCFACEOUTERBOUND(#3537,.T.);
#3539=IFCFACE((#3538));
#3540=IFCPOLYLOOP((#2162,#2184,#2185));
#3541=IFCFACEOUTERBOUND(#3540,.T.);
#3542=IFCFACE((#3541));
#3543=IFCPOLYLOOP((#2164,#2185,#2183));
#3544=IFCFACEOUTERBOUND(#3543,.T.);
#3545=IFCFACE((#3544));
#3546=IFCPOLYLOOP((#2170,#2186,#2158));
#3547=IFCFACEOUTERBOUND(#3546,.T.);
#3548=IFCFACE((#3547));
#3549=IFCPOLYLOOP((#2186,#2160,#2159));
#3550=IFCFACEOUTERBOUND(#3549,.T.);
#3551=IFCFACE((#3550));
#3552=IFCPOLYLOOP((#2152,#2189,#2190));
#3553=IFCFACEOUTERBOUND(#3552,.T.);
#3554=IFCFACE((#3553));
#3555=IFCPOLYLOOP((#2189,#2162,#2187));
#3556=IFCFACEOUTERBOUND(#3555,.T.);
#3557=IFCFACE((#3556));
#3558=IFCPOLYLOOP((#2188,#2149,#2190));
#3559=IFCFACEOUTERBOUND(#3558,.T.);
#3560=IFCFACE((#3559));
#3561=IFCPOLYLOOP((#2187,#2163,#2188));
#3562=IFCFACEOUTERBOUND(#3561,.T.);
#3563=IFCFACE((#3562));
#3564=IFCPOLYLOOP((#2191,#2152,#2190));
#3565=IFCFACEOUTERBOUND(#3564,.T.);
#3566=IFCFACE((#3565));
#3567=IFCPOLYLOOP((#2188,#2190,#2187));
#3568=IFCFACEOUTERBOUND(#3567,.T.);
#3569=IFCFACE((#3568));
#3570=IFCPOLYLOOP((#2191,#2175,#2152));
#3571=IFCFACEOUTERBOUND(#3570,.T.);
#3572=IFCFACE((#3571));
#3573=IFCPOLYLOOP((#2195,#2175,#2191));
#3574=IFCFACEOUTERBOUND(#3573,.T.);
#3575=IFCFACE((#3574));
#3576=IFCPOLYLOOP((#2179,#2180,#2192));
#3577=IFCFACEOUTERBOUND(#3576,.T.);
#3578=IFCFACE((#3577));
#3579=IFCPOLYLOOP((#2151,#2192,#2173));
#3580=IFCFACEOUTERBOUND(#3579,.T.);
#3581=IFCFACE((#3580));
#3582=IFCPOLYLOOP((#2159,#2193,#2186));
#3583=IFCFACEOUTERBOUND(#3582,.T.);
#3584=IFCFACE((#3583));
#3585=IFCPOLYLOOP((#2158,#2193,#2161));
#3586=IFCFACEOUTERBOUND(#3585,.T.);
#3587=IFCFACE((#3586));
#3588=IFCPOLYLOOP((#2161,#2194,#2099));
#3589=IFCFACEOUTERBOUND(#3588,.T.);
#3590=IFCFACE((#3589));
#3591=IFCPOLYLOOP((#2100,#2194,#2097));
#3592=IFCFACEOUTERBOUND(#3591,.T.);
#3593=IFCFACE((#3592));
#3594=IFCPOLYLOOP((#2176,#2195,#2191));
#3595=IFCFACEOUTERBOUND(#3594,.T.);
#3596=IFCFACE((#3595));
#3597=IFCPOLYLOOP((#2195,#2174,#2175));
#3598=IFCFACEOUTERBOUND(#3597,.T.);
#3599=IFCFACE((#3598));
#3600=IFCPOLYLOOP((#2246,#2245,#2227));
#3601=IFCFACEOUTERBOUND(#3600,.T.);
#3602=IFCFACE((#3601));
#3603=IFCPOLYLOOP((#2324,#2215,#2290));
#3604=IFCFACEOUTERBOUND(#3603,.T.);
#3605=IFCFACE((#3604));
#3606=IFCPOLYLOOP((#2294,#2334,#2359));
#3607=IFCFACEOUTERBOUND(#3606,.T.);
#3608=IFCFACE((#3607));
#3609=IFCPOLYLOOP((#2364,#2233,#2310));
#3610=IFCFACEOUTERBOUND(#3609,.T.);
#3611=IFCFACE((#3610));
#3612=IFCPOLYLOOP((#2276,#2268,#2247));
#3613=IFCFACEOUTERBOUND(#3612,.T.);
#3614=IFCFACE((#3613));
#3615=IFCPOLYLOOP((#2248,#2212,#2243));
#3616=IFCFACEOUTERBOUND(#3615,.T.);
#3617=IFCFACE((#3616));
#3618=IFCPOLYLOOP((#2338,#2259,#2296,#2220));
#3619=IFCFACEOUTERBOUND(#3618,.T.);
#3620=IFCFACE((#3619));
#3621=IFCPOLYLOOP((#2279,#2280,#2277));
#3622=IFCFACEOUTERBOUND(#3621,.T.);
#3623=IFCFACE((#3622));
#3624=IFCPOLYLOOP((#2241,#2225,#2239,#2240));
#3625=IFCFACEOUTERBOUND(#3624,.T.);
#3626=IFCFACE((#3625));
#3627=IFCPOLYLOOP((#2236,#2371,#2372,#2367));
#3628=IFCFACEOUTERBOUND(#3627,.T.);
#3629=IFCFACE((#3628));
#3630=IFCPOLYLOOP((#2304,#2362,#2361));
#3631=IFCFACEOUTERBOUND(#3630,.T.);
#3632=IFCFACE((#3631));
#3633=IFCPOLYLOOP((#2278,#2280,#2279));
#3634=IFCFACEOUTERBOUND(#3633,.T.);
#3635=IFCFACE((#3634));
#3636=IFCPOLYLOOP((#2303,#2358,#2363));
#3637=IFCFACEOUTERBOUND(#3636,.T.);
#3638=IFCFACE((#3637));
#3639=IFCPOLYLOOP((#2293,#2332,#2335));
#3640=IFCFACEOUTERBOUND(#3639,.T.);
#3641=IFCFACE((#3640));
#3642=IFCPOLYLOOP((#2268,#2210,#2270));
#3643=IFCFACEOUTERBOUND(#3642,.T.);
#3644=IFCFACE((#3643));
#3645=IFCPOLYLOOP((#2263,#2350,#2300));
#3646=IFCFACEOUTERBOUND(#3645,.T.);
#3647=IFCFACE((#3646));
#3648=IFCPOLYLOOP((#2241,#2243,#2212));
#3649=IFCFACEOUTERBOUND(#3648,.T.);
#3650=IFCFACE((#3649));
#3651=IFCPOLYLOOP((#2197,#2198,#2244));
#3652=IFCFACEOUTERBOUND(#3651,.T.);
#3653=IFCFACE((#3652));
#3654=IFCPOLYLOOP((#2239,#2111,#2110));
#3655=IFCFACEOUTERBOUND(#3654,.T.);
#3656=IFCFACE((#3655));
#3657=IFCPOLYLOOP((#2287,#2316,#2319));
#3658=IFCFACEOUTERBOUND(#3657,.T.);
#3659=IFCFACE((#3658));
#3660=IFCPOLYLOOP((#2302,#2355,#2354));
#3661=IFCFACEOUTERBOUND(#3660,.T.);
#3662=IFCFACE((#3661));
#3663=IFCPOLYLOOP((#2288,#2318,#2323));
#3664=IFCFACEOUTERBOUND(#3663,.T.);
#3665=IFCFACE((#3664));
#3666=IFCPOLYLOOP((#2289,#2321,#2325));
#3667=IFCFACEOUTERBOUND(#3666,.T.);
#3668=IFCFACE((#3667));
#3669=IFCPOLYLOOP((#2313,#2367,#2372));
#3670=IFCFACEOUTERBOUND(#3669,.T.);
#3671=IFCFACE((#3670));
#3672=IFCPOLYLOOP((#2261,#2345,#2298));
#3673=IFCFACEOUTERBOUND(#3672,.T.);
#3674=IFCFACE((#3673));
#3675=IFCPOLYLOOP((#2343,#2261,#2298,#2219));
#3676=IFCFACEOUTERBOUND(#3675,.T.);
#3677=IFCFACE((#3676));
#3678=IFCPOLYLOOP((#2259,#2340,#2296));
#3679=IFCFACEOUTERBOUND(#3678,.T.);
#3680=IFCFACE((#3679));
#3681=IFCPOLYLOOP((#2110,#2237,#2240));
#3682=IFCFACEOUTERBOUND(#3681,.T.);
#3683=IFCFACE((#3682));
#3684=IFCPOLYLOOP((#2227,#2245,#2244));
#3685=IFCFACEOUTERBOUND(#3684,.T.);
#3686=IFCFACE((#3685));
#3687=IFCPOLYLOOP((#2221,#2277,#2246));
#3688=IFCFACEOUTERBOUND(#3687,.T.);
#3689=IFCFACE((#3688));
#3690=IFCPOLYLOOP((#2243,#2240,#2224));
#3691=IFCFACEOUTERBOUND(#3690,.T.);
#3692=IFCFACE((#3691));
#3693=IFCPOLYLOOP((#2246,#2277,#2222));
#3694=IFCFACEOUTERBOUND(#3693,.T.);
#3695=IFCFACE((#3694));
#3696=IFCPOLYLOOP((#2244,#2245,#2197));
#3697=IFCFACEOUTERBOUND(#3696,.T.);
#3698=IFCFACE((#3697));
#3699=IFCPOLYLOOP((#2230,#2274,#2273));
#3700=IFCFACEOUTERBOUND(#3699,.T.);
#3701=IFCFACE((#3700));
#3702=IFCPOLYLOOP((#2348,#2263,#2300,#2229));
#3703=IFCFACEOUTERBOUND(#3702,.T.);
#3704=IFCFACE((#3703));
#3705=IFCPOLYLOOP((#2271,#2272,#2273));
#3706=IFCFACEOUTERBOUND(#3705,.T.);
#3707=IFCFACE((#3706));
#3708=IFCPOLYLOOP((#2310,#2366,#2365));
#3709=IFCFACEOUTERBOUND(#3708,.T.);
#3710=IFCFACE((#3709));
#3711=IFCPOLYLOOP((#2301,#2352,#2356));
#3712=IFCFACEOUTERBOUND(#3711,.T.);
#3713=IFCFACE((#3712));
#3714=IFCPOLYLOOP((#2284,#2312,#2354));
#3715=IFCFACEOUTERBOUND(#3714,.T.);
#3716=IFCFACE((#3715));
#3717=IFCPOLYLOOP((#2255,#2330,#2292));
#3718=IFCFACEOUTERBOUND(#3717,.T.);
#3719=IFCFACE((#3718));
#3720=IFCPOLYLOOP((#2328,#2255,#2292,#2235));
#3721=IFCFACEOUTERBOUND(#3720,.T.);
#3722=IFCFACE((#3721));
#3723=IFCPOLYLOOP((#2368,#2320,#2202,#2367));
#3724=IFCFACEOUTERBOUND(#3723,.T.);
#3725=IFCFACE((#3724));
#3726=IFCPOLYLOOP((#2110,#2109,#2237));
#3727=IFCFACEOUTERBOUND(#3726,.T.);
#3728=IFCFACE((#3727));
#3729=IFCPOLYLOOP((#2238,#2196,#2197));
#3730=IFCFACEOUTERBOUND(#3729,.T.);
#3731=IFCFACE((#3730));
#3732=IFCPOLYLOOP((#2110,#2240,#2239));
#3733=IFCFACEOUTERBOUND(#3732,.T.);
#3734=IFCFACE((#3733));
#3735=IFCPOLYLOOP((#2240,#2237,#2224));
#3736=IFCFACEOUTERBOUND(#3735,.T.);
#3737=IFCFACE((#3736));
#3738=IFCPOLYLOOP((#2242,#2211,#2243,#2224));
#3739=IFCFACEOUTERBOUND(#3738,.T.);
#3740=IFCFACE((#3739));
#3741=IFCPOLYLOOP((#2241,#2240,#2243));
#3742=IFCFACEOUTERBOUND(#3741,.T.);
#3743=IFCFACE((#3742));
#3744=IFCPOLYLOOP((#2287,#2315,#2365));
#3745=IFCFACEOUTERBOUND(#3744,.T.);
#3746=IFCFACE((#3745));
#3747=IFCPOLYLOOP((#2238,#2197,#2245));
#3748=IFCFACEOUTERBOUND(#3747,.T.);
#3749=IFCFACE((#3748));
#3750=IFCPOLYLOOP((#2245,#2226,#2238));
#3751=IFCFACEOUTERBOUND(#3750,.T.);
#3752=IFCFACE((#3751));
#3753=IFCPOLYLOOP((#2226,#2245,#2246));
#3754=IFCFACEOUTERBOUND(#3753,.T.);
#3755=IFCFACE((#3754));
#3756=IFCPOLYLOOP((#2226,#2246,#2222));
#3757=IFCFACEOUTERBOUND(#3756,.T.);
#3758=IFCFACE((#3757));
#3759=IFCPOLYLOOP((#2286,#2221,#2246,#2227));
#3760=IFCFACEOUTERBOUND(#3759,.T.);
#3761=IFCFACE((#3760));
#3762=IFCPOLYLOOP((#2211,#2248,#2243));
#3763=IFCFACEOUTERBOUND(#3762,.T.);
#3764=IFCFACE((#3763));
#3765=IFCPOLYLOOP((#2269,#2212,#2248));
#3766=IFCFACEOUTERBOUND(#3765,.T.);
#3767=IFCFACE((#3766));
#3768=IFCPOLYLOOP((#2270,#2209,#2268));
#3769=IFCFACEOUTERBOUND(#3768,.T.);
#3770=IFCFACE((#3769));
#3771=IFCPOLYLOOP((#2249,#2210,#2268));
#3772=IFCFACEOUTERBOUND(#3771,.T.);
#3773=IFCFACE((#3772));
#3774=IFCPOLYLOOP((#2211,#2276,#2248));
#3775=IFCFACEOUTERBOUND(#3774,.T.);
#3776=IFCFACE((#3775));
#3777=IFCPOLYLOOP((#2317,#2250,#2288,#2215));
#3778=IFCFACEOUTERBOUND(#3777,.T.);
#3779=IFCFACE((#3778));
#3780=IFCPOLYLOOP((#2289,#2320,#2368));
#3781=IFCFACEOUTERBOUND(#3780,.T.);
#3782=IFCFACE((#3781));
#3783=IFCPOLYLOOP((#2322,#2252,#2290));
#3784=IFCFACEOUTERBOUND(#3783,.T.);
#3785=IFCFACE((#3784));
#3786=IFCPOLYLOOP((#2254,#2329,#2330,#2326));
#3787=IFCFACEOUTERBOUND(#3786,.T.);
#3788=IFCFACE((#3787));
#3789=IFCPOLYLOOP((#2291,#2326,#2330));
#3790=IFCFACEOUTERBOUND(#3789,.T.);
#3791=IFCFACE((#3790));
#3792=IFCPOLYLOOP((#2331,#2204,#2293,#2256));
#3793=IFCFACEOUTERBOUND(#3792,.T.);
#3794=IFCFACE((#3793));
#3795=IFCPOLYLOOP((#2333,#2256,#2294,#2208));
#3796=IFCFACEOUTERBOUND(#3795,.T.);
#3797=IFCFACE((#3796));
#3798=IFCPOLYLOOP((#2340,#2295,#2258));
#3799=IFCFACEOUTERBOUND(#3798,.T.);
#3800=IFCFACE((#3799));
#3801=IFCPOLYLOOP((#2336,#2258,#2295,#2200));
#3802=IFCFACEOUTERBOUND(#3801,.T.);
#3803=IFCFACE((#3802));
#3804=IFCPOLYLOOP((#2260,#2344,#2345,#2341));
#3805=IFCFACEOUTERBOUND(#3804,.T.);
#3806=IFCFACE((#3805));
#3807=IFCPOLYLOOP((#2297,#2341,#2345));
#3808=IFCFACEOUTERBOUND(#3807,.T.);
#3809=IFCFACE((#3808));
#3810=IFCPOLYLOOP((#2350,#2299,#2262));
#3811=IFCFACEOUTERBOUND(#3810,.T.);
#3812=IFCFACE((#3811));
#3813=IFCPOLYLOOP((#2346,#2262,#2299,#2203));
#3814=IFCFACEOUTERBOUND(#3813,.T.);
#3815=IFCFACE((#3814));
#3816=IFCPOLYLOOP((#2351,#2201,#2301,#2264));
#3817=IFCFACEOUTERBOUND(#3816,.T.);
#3818=IFCFACE((#3817));
#3819=IFCPOLYLOOP((#2353,#2264,#2302,#2232));
#3820=IFCFACEOUTERBOUND(#3819,.T.);
#3821=IFCFACE((#3820));
#3822=IFCPOLYLOOP((#2357,#2208,#2303,#2266));
#3823=IFCFACEOUTERBOUND(#3822,.T.);
#3824=IFCFACE((#3823));
#3825=IFCPOLYLOOP((#2360,#2266,#2304,#2205));
#3826=IFCFACEOUTERBOUND(#3825,.T.);
#3827=IFCFACE((#3826));
#3828=IFCPOLYLOOP((#2249,#2268,#2276));
#3829=IFCFACEOUTERBOUND(#3828,.T.);
#3830=IFCFACE((#3829));
#3831=IFCPOLYLOOP((#2305,#2247,#2268,#2209));
#3832=IFCFACEOUTERBOUND(#3831,.T.);
#3833=IFCFACE((#3832));
#3834=IFCPOLYLOOP((#2306,#2229,#2274,#2230));
#3835=IFCFACEOUTERBOUND(#3834,.T.);
#3836=IFCFACE((#3835));
#3837=IFCPOLYLOOP((#2247,#2269,#2276));
#3838=IFCFACEOUTERBOUND(#3837,.T.);
#3839=IFCFACE((#3838));
#3840=IFCPOLYLOOP((#2270,#2275,#2273));
#3841=IFCFACEOUTERBOUND(#3840,.T.);
#3842=IFCFACE((#3841));
#3843=IFCPOLYLOOP((#2273,#2272,#2270));
#3844=IFCFACEOUTERBOUND(#3843,.T.);
#3845=IFCFACE((#3844));
#3846=IFCPOLYLOOP((#2272,#2209,#2270));
#3847=IFCFACEOUTERBOUND(#3846,.T.);
#3848=IFCFACE((#3847));
#3849=IFCPOLYLOOP((#2274,#2271,#2273));
#3850=IFCFACEOUTERBOUND(#3849,.T.);
#3851=IFCFACE((#3850));
#3852=IFCPOLYLOOP((#2249,#2276,#2211));
#3853=IFCFACEOUTERBOUND(#3852,.T.);
#3854=IFCFACE((#3853));
#3855=IFCPOLYLOOP((#2307,#2271,#2274,#2228));
#3856=IFCFACEOUTERBOUND(#3855,.T.);
#3857=IFCFACE((#3856));
#3858=IFCPOLYLOOP((#2228,#2274,#2300));
#3859=IFCFACEOUTERBOUND(#3858,.T.);
#3860=IFCFACE((#3859));
#3861=IFCPOLYLOOP((#2230,#2273,#2275));
#3862=IFCFACEOUTERBOUND(#3861,.T.);
#3863=IFCFACE((#3862));
#3864=IFCPOLYLOOP((#2270,#2210,#2275));
#3865=IFCFACEOUTERBOUND(#3864,.T.);
#3866=IFCFACE((#3865));
#3867=IFCPOLYLOOP((#2248,#2276,#2269));
#3868=IFCFACEOUTERBOUND(#3867,.T.);
#3869=IFCFACE((#3868));
#3870=IFCPOLYLOOP((#2223,#2282,#2280));
#3871=IFCFACEOUTERBOUND(#3870,.T.);
#3872=IFCFACE((#3871));
#3873=IFCPOLYLOOP((#2280,#2281,#2223));
#3874=IFCFACEOUTERBOUND(#3873,.T.);
#3875=IFCFACE((#3874));
#3876=IFCPOLYLOOP((#2278,#2281,#2280));
#3877=IFCFACEOUTERBOUND(#3876,.T.);
#3878=IFCFACE((#3877));
#3879=IFCPOLYLOOP((#2277,#2280,#2282));
#3880=IFCFACEOUTERBOUND(#3879,.T.);
#3881=IFCFACE((#3880));
#3882=IFCPOLYLOOP((#2277,#2221,#2279));
#3883=IFCFACEOUTERBOUND(#3882,.T.);
#3884=IFCFACE((#3883));
#3885=IFCPOLYLOOP((#2308,#2223,#2281,#2206));
#3886=IFCFACEOUTERBOUND(#3885,.T.);
#3887=IFCFACE((#3886));
#3888=IFCPOLYLOOP((#2267,#2363,#2358));
#3889=IFCFACEOUTERBOUND(#3888,.T.);
#3890=IFCFACE((#3889));
#3891=IFCPOLYLOOP((#2281,#2309,#2361));
#3892=IFCFACEOUTERBOUND(#3891,.T.);
#3893=IFCFACE((#3892));
#3894=IFCPOLYLOOP((#2282,#2222,#2277));
#3895=IFCFACEOUTERBOUND(#3894,.T.);
#3896=IFCFACE((#3895));
#3897=IFCPOLYLOOP((#2265,#2356,#2352));
#3898=IFCFACEOUTERBOUND(#3897,.T.);
#3899=IFCFACE((#3898));
#3900=IFCPOLYLOOP((#2311,#2283,#2284,#2231));
#3901=IFCFACEOUTERBOUND(#3900,.T.);
#3902=IFCFACE((#3901));
#3903=IFCPOLYLOOP((#2233,#2284,#2310));
#3904=IFCFACEOUTERBOUND(#3903,.T.);
#3905=IFCFACE((#3904));
#3906=IFCPOLYLOOP((#2319,#2288,#2250));
#3907=IFCFACEOUTERBOUND(#3906,.T.);
#3908=IFCFACE((#3907));
#3909=IFCPOLYLOOP((#2370,#2285,#2314,#2234));
#3910=IFCFACEOUTERBOUND(#3909,.T.);
#3911=IFCFACE((#3910));
#3912=IFCPOLYLOOP((#2289,#2368,#2199));
#3913=IFCFACEOUTERBOUND(#3912,.T.);
#3914=IFCFACE((#3913));
#3915=IFCPOLYLOOP((#2253,#2324,#2325,#2321));
#3916=IFCFACEOUTERBOUND(#3915,.T.);
#3917=IFCFACE((#3916));
#3918=IFCPOLYLOOP((#2319,#2318,#2288));
#3919=IFCFACEOUTERBOUND(#3918,.T.);
#3920=IFCFACE((#3919));
#3921=IFCPOLYLOOP((#2325,#2290,#2252));
#3922=IFCFACEOUTERBOUND(#3921,.T.);
#3923=IFCFACE((#3922));
#3924=IFCPOLYLOOP((#2313,#2199,#2368));
#3925=IFCFACEOUTERBOUND(#3924,.T.);
#3926=IFCFACE((#3925));
#3927=IFCPOLYLOOP((#2290,#2323,#2322));
#3928=IFCFACEOUTERBOUND(#3927,.T.);
#3929=IFCFACE((#3928));
#3930=IFCPOLYLOOP((#2325,#2324,#2290));
#3931=IFCFACEOUTERBOUND(#3930,.T.);
#3932=IFCFACE((#3931));
#3933=IFCPOLYLOOP((#2218,#2291,#2297));
#3934=IFCFACEOUTERBOUND(#3933,.T.);
#3935=IFCFACE((#3934));
#3936=IFCPOLYLOOP((#2327,#2217,#2291,#2255));
#3937=IFCFACEOUTERBOUND(#3936,.T.);
#3938=IFCFACE((#3937));
#3939=IFCPOLYLOOP((#2235,#2292,#2314));
#3940=IFCFACEOUTERBOUND(#3939,.T.);
#3941=IFCFACE((#3940));
#3942=IFCPOLYLOOP((#2329,#2234,#2292));
#3943=IFCFACEOUTERBOUND(#3942,.T.);
#3944=IFCFACE((#3943));
#3945=IFCPOLYLOOP((#2335,#2294,#2256));
#3946=IFCFACEOUTERBOUND(#3945,.T.);
#3947=IFCFACE((#3946));
#3948=IFCPOLYLOOP((#2201,#2293,#2301));
#3949=IFCFACEOUTERBOUND(#3948,.T.);
#3950=IFCFACE((#3949));
#3951=IFCPOLYLOOP((#2359,#2303,#2208));
#3952=IFCFACEOUTERBOUND(#3951,.T.);
#3953=IFCFACE((#3952));
#3954=IFCPOLYLOOP((#2257,#2294,#2335));
#3955=IFCFACEOUTERBOUND(#3954,.T.);
#3956=IFCFACE((#3955));
#3957=IFCPOLYLOOP((#2200,#2295,#2299));
#3958=IFCFACEOUTERBOUND(#3957,.T.);
#3959=IFCFACE((#3958));
#3960=IFCPOLYLOOP((#2337,#2203,#2295));
#3961=IFCFACEOUTERBOUND(#3960,.T.);
#3962=IFCFACE((#3961));
#3963=IFCPOLYLOOP((#2220,#2296,#2298));
#3964=IFCFACEOUTERBOUND(#3963,.T.);
#3965=IFCFACE((#3964));
#3966=IFCPOLYLOOP((#2339,#2219,#2296));
#3967=IFCFACEOUTERBOUND(#3966,.T.);
#3968=IFCFACE((#3967));
#3969=IFCPOLYLOOP((#2217,#2297,#2291));
#3970=IFCFACEOUTERBOUND(#3969,.T.);
#3971=IFCFACE((#3970));
#3972=IFCPOLYLOOP((#2342,#2218,#2297));
#3973=IFCFACEOUTERBOUND(#3972,.T.);
#3974=IFCFACE((#3973));
#3975=IFCPOLYLOOP((#2219,#2298,#2296));
#3976=IFCFACEOUTERBOUND(#3975,.T.);
#3977=IFCFACE((#3976));
#3978=IFCPOLYLOOP((#2344,#2220,#2298));
#3979=IFCFACEOUTERBOUND(#3978,.T.);
#3980=IFCFACE((#3979));
#3981=IFCPOLYLOOP((#2203,#2299,#2295));
#3982=IFCFACEOUTERBOUND(#3981,.T.);
#3983=IFCFACE((#3982));
#3984=IFCPOLYLOOP((#2347,#2200,#2299));
#3985=IFCFACEOUTERBOUND(#3984,.T.);
#3986=IFCFACE((#3985));
#3987=IFCPOLYLOOP((#2229,#2300,#2274));
#3988=IFCFACEOUTERBOUND(#3987,.T.);
#3989=IFCFACE((#3988));
#3990=IFCPOLYLOOP((#2349,#2228,#2300));
#3991=IFCFACEOUTERBOUND(#3990,.T.);
#3992=IFCFACE((#3991));
#3993=IFCPOLYLOOP((#2356,#2302,#2264));
#3994=IFCFACEOUTERBOUND(#3993,.T.);
#3995=IFCFACE((#3994));
#3996=IFCPOLYLOOP((#2204,#2301,#2293));
#3997=IFCFACEOUTERBOUND(#3996,.T.);
#3998=IFCFACE((#3997));
#3999=IFCPOLYLOOP((#2354,#2232,#2302));
#4000=IFCFACEOUTERBOUND(#3999,.T.);
#4001=IFCFACE((#4000));
#4002=IFCPOLYLOOP((#2265,#2302,#2356));
#4003=IFCFACEOUTERBOUND(#4002,.T.);
#4004=IFCFACE((#4003));
#4005=IFCPOLYLOOP((#2363,#2304,#2266));
#4006=IFCFACEOUTERBOUND(#4005,.T.);
#4007=IFCFACE((#4006));
#4008=IFCPOLYLOOP((#2207,#2303,#2359));
#4009=IFCFACEOUTERBOUND(#4008,.T.);
#4010=IFCFACE((#4009));
#4011=IFCPOLYLOOP((#2361,#2205,#2304));
#4012=IFCFACEOUTERBOUND(#4011,.T.);
#4013=IFCFACE((#4012));
#4014=IFCPOLYLOOP((#2267,#2304,#2363));
#4015=IFCFACEOUTERBOUND(#4014,.T.);
#4016=IFCFACE((#4015));
#4017=IFCPOLYLOOP((#2310,#2365,#2364));
#4018=IFCFACEOUTERBOUND(#4017,.T.);
#4019=IFCFACE((#4018));
#4020=IFCPOLYLOOP((#2281,#2278,#2309));
#4021=IFCFACEOUTERBOUND(#4020,.T.);
#4022=IFCFACE((#4021));
#4023=IFCPOLYLOOP((#2283,#2310,#2284));
#4024=IFCFACEOUTERBOUND(#4023,.T.);
#4025=IFCFACE((#4024));
#4026=IFCPOLYLOOP((#2369,#2199,#2313,#2285));
#4027=IFCFACEOUTERBOUND(#4026,.T.);
#4028=IFCFACE((#4027));
#4029=IFCPOLYLOOP((#2284,#2233,#2312));
#4030=IFCFACEOUTERBOUND(#4029,.T.);
#4031=IFCFACE((#4030));
#4032=IFCPOLYLOOP((#2314,#2285,#2372));
#4033=IFCFACEOUTERBOUND(#4032,.T.);
#4034=IFCFACE((#4033));
#4035=IFCPOLYLOOP((#2234,#2314,#2292));
#4036=IFCFACEOUTERBOUND(#4035,.T.);
#4037=IFCFACE((#4036));
#4038=IFCPOLYLOOP((#2371,#2235,#2314));
#4039=IFCFACEOUTERBOUND(#4038,.T.);
#4040=IFCFACE((#4039));
#4041=IFCPOLYLOOP((#2251,#2318,#2319,#2316));
#4042=IFCFACEOUTERBOUND(#4041,.T.);
#4043=IFCFACE((#4042));
#4044=IFCPOLYLOOP((#2315,#2287,#2250));
#4045=IFCFACEOUTERBOUND(#4044,.T.);
#4046=IFCFACE((#4045));
#4047=IFCPOLYLOOP((#2287,#2213,#2316));
#4048=IFCFACEOUTERBOUND(#4047,.T.);
#4049=IFCFACE((#4048));
#4050=IFCPOLYLOOP((#2287,#2319,#2250));
#4051=IFCFACEOUTERBOUND(#4050,.T.);
#4052=IFCFACE((#4051));
#4053=IFCPOLYLOOP((#2216,#2322,#2323,#2318));
#4054=IFCFACEOUTERBOUND(#4053,.T.);
#4055=IFCFACE((#4054));
#4056=IFCPOLYLOOP((#2320,#2289,#2252));
#4057=IFCFACEOUTERBOUND(#4056,.T.);
#4058=IFCFACE((#4057));
#4059=IFCPOLYLOOP((#2289,#2199,#2321));
#4060=IFCFACEOUTERBOUND(#4059,.T.);
#4061=IFCFACE((#4060));
#4062=IFCPOLYLOOP((#2288,#2323,#2215));
#4063=IFCFACEOUTERBOUND(#4062,.T.);
#4064=IFCFACE((#4063));
#4065=IFCPOLYLOOP((#2323,#2290,#2215));
#4066=IFCFACEOUTERBOUND(#4065,.T.);
#4067=IFCFACE((#4066));
#4068=IFCPOLYLOOP((#2289,#2325,#2252));
#4069=IFCFACEOUTERBOUND(#4068,.T.);
#4070=IFCFACE((#4069));
#4071=IFCPOLYLOOP((#2291,#2330,#2255));
#4072=IFCFACEOUTERBOUND(#4071,.T.);
#4073=IFCFACE((#4072));
#4074=IFCPOLYLOOP((#2326,#2291,#2218));
#4075=IFCFACEOUTERBOUND(#4074,.T.);
#4076=IFCFACE((#4075));
#4077=IFCPOLYLOOP((#2292,#2330,#2329));
#4078=IFCFACEOUTERBOUND(#4077,.T.);
#4079=IFCFACE((#4078));
#4080=IFCPOLYLOOP((#2257,#2335,#2332));
#4081=IFCFACEOUTERBOUND(#4080,.T.);
#4082=IFCFACE((#4081));
#4083=IFCPOLYLOOP((#2293,#2201,#2332));
#4084=IFCFACEOUTERBOUND(#4083,.T.);
#4085=IFCFACE((#4084));
#4086=IFCPOLYLOOP((#2294,#2257,#2334));
#4087=IFCFACEOUTERBOUND(#4086,.T.);
#4088=IFCFACE((#4087));
#4089=IFCPOLYLOOP((#2293,#2335,#2256));
#4090=IFCFACEOUTERBOUND(#4089,.T.);
#4091=IFCFACE((#4090));
#4092=IFCPOLYLOOP((#2337,#2295,#2340));
#4093=IFCFACEOUTERBOUND(#4092,.T.);
#4094=IFCFACE((#4093));
#4095=IFCPOLYLOOP((#2259,#2337,#2340));
#4096=IFCFACEOUTERBOUND(#4095,.T.);
#4097=IFCFACE((#4096));
#4098=IFCPOLYLOOP((#2258,#2339,#2340));
#4099=IFCFACEOUTERBOUND(#4098,.T.);
#4100=IFCFACE((#4099));
#4101=IFCPOLYLOOP((#2296,#2340,#2339));
#4102=IFCFACEOUTERBOUND(#4101,.T.);
#4103=IFCFACE((#4102));
#4104=IFCPOLYLOOP((#2342,#2297,#2345));
#4105=IFCFACEOUTERBOUND(#4104,.T.);
#4106=IFCFACE((#4105));
#4107=IFCPOLYLOOP((#2341,#2297,#2217));
#4108=IFCFACEOUTERBOUND(#4107,.T.);
#4109=IFCFACE((#4108));
#4110=IFCPOLYLOOP((#2261,#2342,#2345));
#4111=IFCFACEOUTERBOUND(#4110,.T.);
#4112=IFCFACE((#4111));
#4113=IFCPOLYLOOP((#2298,#2345,#2344));
#4114=IFCFACEOUTERBOUND(#4113,.T.);
#4115=IFCFACE((#4114));
#4116=IFCPOLYLOOP((#2347,#2299,#2350));
#4117=IFCFACEOUTERBOUND(#4116,.T.);
#4118=IFCFACE((#4117));
#4119=IFCPOLYLOOP((#2263,#2347,#2350));
#4120=IFCFACEOUTERBOUND(#4119,.T.);
#4121=IFCFACE((#4120));
#4122=IFCPOLYLOOP((#2262,#2349,#2350));
#4123=IFCFACEOUTERBOUND(#4122,.T.);
#4124=IFCFACE((#4123));
#4125=IFCPOLYLOOP((#2300,#2350,#2349));
#4126=IFCFACEOUTERBOUND(#4125,.T.);
#4127=IFCFACE((#4126));
#4128=IFCPOLYLOOP((#2232,#2354,#2312));
#4129=IFCFACEOUTERBOUND(#4128,.T.);
#4130=IFCFACE((#4129));
#4131=IFCPOLYLOOP((#2301,#2204,#2352));
#4132=IFCFACEOUTERBOUND(#4131,.T.);
#4133=IFCFACE((#4132));
#4134=IFCPOLYLOOP((#2284,#2354,#2231));
#4135=IFCFACEOUTERBOUND(#4134,.T.);
#4136=IFCFACE((#4135));
#4137=IFCPOLYLOOP((#2231,#2354,#2355));
#4138=IFCFACEOUTERBOUND(#4137,.T.);
#4139=IFCFACE((#4138));
#4140=IFCPOLYLOOP((#2302,#2265,#2355));
#4141=IFCFACEOUTERBOUND(#4140,.T.);
#4142=IFCFACE((#4141));
#4143=IFCPOLYLOOP((#2301,#2356,#2264));
#4144=IFCFACEOUTERBOUND(#4143,.T.);
#4145=IFCFACE((#4144));
#4146=IFCPOLYLOOP((#2207,#2359,#2334));
#4147=IFCFACEOUTERBOUND(#4146,.T.);
#4148=IFCFACE((#4147));
#4149=IFCPOLYLOOP((#2303,#2207,#2358));
#4150=IFCFACEOUTERBOUND(#4149,.T.);
#4151=IFCFACE((#4150));
#4152=IFCPOLYLOOP((#2294,#2359,#2208));
#4153=IFCFACEOUTERBOUND(#4152,.T.);
#4154=IFCFACE((#4153));
#4155=IFCPOLYLOOP((#2205,#2361,#2309));
#4156=IFCFACEOUTERBOUND(#4155,.T.);
#4157=IFCFACE((#4156));
#4158=IFCPOLYLOOP((#2281,#2361,#2206));
#4159=IFCFACEOUTERBOUND(#4158,.T.);
#4160=IFCFACE((#4159));
#4161=IFCPOLYLOOP((#2206,#2361,#2362));
#4162=IFCFACEOUTERBOUND(#4161,.T.);
#4163=IFCFACE((#4162));
#4164=IFCPOLYLOOP((#2304,#2267,#2362));
#4165=IFCFACEOUTERBOUND(#4164,.T.);
#4166=IFCFACE((#4165));
#4167=IFCPOLYLOOP((#2303,#2363,#2266));
#4168=IFCFACEOUTERBOUND(#4167,.T.);
#4169=IFCFACE((#4168));
#4170=IFCPOLYLOOP((#2214,#2364,#2365,#2315));
#4171=IFCFACEOUTERBOUND(#4170,.T.);
#4172=IFCFACE((#4171));
#4173=IFCPOLYLOOP((#2287,#2365,#2213));
#4174=IFCFACEOUTERBOUND(#4173,.T.);
#4175=IFCFACE((#4174));
#4176=IFCPOLYLOOP((#2213,#2365,#2366));
#4177=IFCFACEOUTERBOUND(#4176,.T.);
#4178=IFCFACE((#4177));
#4179=IFCPOLYLOOP((#2310,#2283,#2366));
#4180=IFCFACEOUTERBOUND(#4179,.T.);
#4181=IFCFACE((#4180));
#4182=IFCPOLYLOOP((#2313,#2368,#2367));
#4183=IFCFACEOUTERBOUND(#4182,.T.);
#4184=IFCFACE((#4183));
#4185=IFCPOLYLOOP((#2313,#2372,#2285));
#4186=IFCFACEOUTERBOUND(#4185,.T.);
#4187=IFCFACE((#4186));
#4188=IFCPOLYLOOP((#2314,#2372,#2371));
#4189=IFCFACEOUTERBOUND(#4188,.T.);
#4190=IFCFACE((#4189));
#4191=IFCPOLYLOOP((#2142,#2373,#2196,#2238,#2226,#2222,#2282,#2223,#2308,#2206,#2362,#2267,#2358,#2207,#2334,#2257,#2332,#2201,#2351,#2264,#2353,#2232,#2312,#2233,#2364,#2214,#2315,#2250,#2317,#2215,#2324,#2253,#2321,#2199,#2369,#2285,#2370,#2234,#2329,#2254,#2326,#2218,#2342,#2261,#2343,#2219,#2339,#2258,#2336,#2200,#2347,#2263,#2348,#2229,#2306,#2230,#2275,#2210,#2249,#2211,#2242,#2224,#2237,#2109));
#4192=IFCFACEOUTERBOUND(#4191,.T.);
#4193=IFCFACE((#4192));
#4194=IFCPOLYLOOP((#2142,#2144,#2373));
#4195=IFCFACEOUTERBOUND(#4194,.T.);
#4196=IFCFACE((#4195));
#4197=IFCPOLYLOOP((#2144,#2142,#2096));
#4198=IFCFACEOUTERBOUND(#4197,.T.);
#4199=IFCFACE((#4198));
#4200=IFCPOLYLOOP((#1856,#2096,#2142));
#4201=IFCFACEOUTERBOUND(#4200,.T.);
#4202=IFCFACE((#4201));
#4203=IFCPOLYLOOP((#2142,#2094,#1856));
#4204=IFCFACEOUTERBOUND(#4203,.T.);
#4205=IFCFACE((#4204));
#4206=IFCPOLYLOOP((#1857,#1856,#2094));
#4207=IFCFACEOUTERBOUND(#4206,.T.);
#4208=IFCFACE((#4207));
#4209=IFCPOLYLOOP((#2094,#2093,#1857));
#4210=IFCFACEOUTERBOUND(#4209,.T.);
#4211=IFCFACE((#4210));
#4212=IFCPOLYLOOP((#2373,#1857,#2093));
#4213=IFCFACEOUTERBOUND(#4212,.T.);
#4214=IFCFACE((#4213));
#4215=IFCPOLYLOOP((#1857,#2373,#2144));
#4216=IFCFACEOUTERBOUND(#4215,.T.);
#4217=IFCFACE((#4216));
#4218=IFCPOLYLOOP((#1854,#1857,#2144,#2143));
#4219=IFCFACEOUTERBOUND(#4218,.T.);
#4220=IFCFACE((#4219));
#4221=IFCPOLYLOOP((#2095,#2146,#2143));
#4222=IFCFACEOUTERBOUND(#4221,.T.);
#4223=IFCFACE((#4222));
#4224=IFCPOLYLOOP((#2146,#2095,#2098));
#4225=IFCFACEOUTERBOUND(#4224,.T.);
#4226=IFCFACE((#4225));
#4227=IFCPOLYLOOP((#1860,#2098,#2095));
#4228=IFCFACEOUTERBOUND(#4227,.T.);
#4229=IFCFACE((#4228));
#4230=IFCPOLYLOOP((#2095,#1855,#1860));
#4231=IFCFACEOUTERBOUND(#4230,.T.);
#4232=IFCFACE((#4231));
#4233=IFCPOLYLOOP((#1861,#1860,#1855));
#4234=IFCFACEOUTERBOUND(#4233,.T.);
#4235=IFCFACE((#4234));
#4236=IFCPOLYLOOP((#1855,#1854,#1861));
#4237=IFCFACEOUTERBOUND(#4236,.T.);
#4238=IFCFACE((#4237));
#4239=IFCPOLYLOOP((#2143,#1861,#1854));
#4240=IFCFACEOUTERBOUND(#4239,.T.);
#4241=IFCFACE((#4240));
#4242=IFCPOLYLOOP((#1861,#2143,#2146));
#4243=IFCFACEOUTERBOUND(#4242,.T.);
#4244=IFCFACE((#4243));
#4245=IFCPOLYLOOP((#2146,#2145,#2376,#2374,#1858,#1861));
#4246=IFCFACEOUTERBOUND(#4245,.T.);
#4247=IFCFACE((#4246));
#4248=IFCPOLYLOOP((#2375,#2379,#2377,#2378));
#4249=IFCFACEOUTERBOUND(#4248,.T.);
#4250=IFCFACE((#4249));
#4251=IFCPOLYLOOP((#2380,#2148,#2378));
#4252=IFCFACEOUTERBOUND(#4251,.T.);
#4253=IFCFACE((#4252));
#4254=IFCPOLYLOOP((#2381,#1865,#1858));
#4255=IFCFACEOUTERBOUND(#4254,.T.);
#4256=IFCFACE((#4255));
#4257=IFCPOLYLOOP((#2381,#2374,#2377));
#4258=IFCFACEOUTERBOUND(#4257,.T.);
#4259=IFCFACE((#4258));
#4260=IFCPOLYLOOP((#2380,#2376,#2145));
#4261=IFCFACEOUTERBOUND(#4260,.T.);
#4262=IFCFACE((#4261));
#4263=IFCPOLYLOOP((#2374,#2376,#2377));
#4264=IFCFACEOUTERBOUND(#4263,.T.);
#4265=IFCFACE((#4264));
#4266=IFCPOLYLOOP((#2381,#2377,#2379));
#4267=IFCFACEOUTERBOUND(#4266,.T.);
#4268=IFCFACE((#4267));
#4269=IFCPOLYLOOP((#2377,#2380,#2378));
#4270=IFCFACEOUTERBOUND(#4269,.T.);
#4271=IFCFACE((#4270));
#4272=IFCPOLYLOOP((#2377,#2376,#2380));
#4273=IFCFACEOUTERBOUND(#4272,.T.);
#4274=IFCFACE((#4273));
#4275=IFCPOLYLOOP((#2148,#2147,#2378));
#4276=IFCFACEOUTERBOUND(#4275,.T.);
#4277=IFCFACE((#4276));
#4278=IFCPOLYLOOP((#2379,#1862,#1865));
#4279=IFCFACEOUTERBOUND(#4278,.T.);
#4280=IFCFACE((#4279));
#4281=IFCPOLYLOOP((#2148,#2380,#2145));
#4282=IFCFACEOUTERBOUND(#4281,.T.);
#4283=IFCFACE((#4282));
#4284=IFCPOLYLOOP((#2374,#2381,#1858));
#4285=IFCFACEOUTERBOUND(#4284,.T.);
#4286=IFCFACE((#4285));
#4287=IFCPOLYLOOP((#1865,#2381,#2379));
#4288=IFCFACEOUTERBOUND(#4287,.T.);
#4289=IFCFACE((#4288));
#4290=IFCPOLYLOOP((#2099,#2111,#2239));
#4291=IFCFACEOUTERBOUND(#4290,.T.);
#4292=IFCFACE((#4291));
#4293=IFCPOLYLOOP((#2111,#2099,#2106));
#4294=IFCFACEOUTERBOUND(#4293,.T.);
#4295=IFCFACE((#4294));
#4296=IFCPOLYLOOP((#2198,#1862,#2379));
#4297=IFCFACEOUTERBOUND(#4296,.T.);
#4298=IFCFACE((#4297));
#4299=IFCPOLYLOOP((#2198,#2147,#2168));
#4300=IFCFACEOUTERBOUND(#4299,.T.);
#4301=IFCFACE((#4300));
#4302=IFCPOLYLOOP((#1863,#1917,#1959));
#4303=IFCFACEOUTERBOUND(#4302,.T.);
#4304=IFCFACE((#4303));
#4305=IFCPOLYLOOP((#1863,#1916,#2127));
#4306=IFCFACEOUTERBOUND(#4305,.T.);
#4307=IFCFACE((#4306));
#4308=IFCPOLYLOOP((#1862,#2198,#2397));
#4309=IFCFACEOUTERBOUND(#4308,.T.);
#4310=IFCFACE((#4309));
#4311=IFCPOLYLOOP((#1917,#1863,#1885));
#4312=IFCFACEOUTERBOUND(#4311,.T.);
#4313=IFCFACE((#4312));
#4314=IFCPOLYLOOP((#2099,#2239,#2225));
#4315=IFCFACEOUTERBOUND(#4314,.T.);
#4316=IFCFACE((#4315));
#4317=IFCPOLYLOOP((#2099,#2225,#2241));
#4318=IFCFACEOUTERBOUND(#4317,.T.);
#4319=IFCFACE((#4318));
#4320=IFCPOLYLOOP((#2099,#2241,#2212));
#4321=IFCFACEOUTERBOUND(#4320,.T.);
#4322=IFCFACE((#4321));
#4323=IFCPOLYLOOP((#2099,#2212,#2269));
#4324=IFCFACEOUTERBOUND(#4323,.T.);
#4325=IFCFACE((#4324));
#4326=IFCPOLYLOOP((#2099,#2269,#2247));
#4327=IFCFACEOUTERBOUND(#4326,.T.);
#4328=IFCFACE((#4327));
#4329=IFCPOLYLOOP((#2099,#2247,#2305));
#4330=IFCFACEOUTERBOUND(#4329,.T.);
#4331=IFCFACE((#4330));
#4332=IFCPOLYLOOP((#2099,#2305,#2209));
#4333=IFCFACEOUTERBOUND(#4332,.T.);
#4334=IFCFACE((#4333));
#4335=IFCPOLYLOOP((#2099,#2209,#2272));
#4336=IFCFACEOUTERBOUND(#4335,.T.);
#4337=IFCFACE((#4336));
#4338=IFCPOLYLOOP((#2099,#2272,#2271));
#4339=IFCFACEOUTERBOUND(#4338,.T.);
#4340=IFCFACE((#4339));
#4341=IFCPOLYLOOP((#2099,#2271,#2307));
#4342=IFCFACEOUTERBOUND(#4341,.T.);
#4343=IFCFACE((#4342));
#4344=IFCPOLYLOOP((#2099,#2307,#2228));
#4345=IFCFACEOUTERBOUND(#4344,.T.);
#4346=IFCFACE((#4345));
#4347=IFCPOLYLOOP((#2099,#2228,#2349));
#4348=IFCFACEOUTERBOUND(#4347,.T.);
#4349=IFCFACE((#4348));
#4350=IFCPOLYLOOP((#2099,#2349,#2262));
#4351=IFCFACEOUTERBOUND(#4350,.T.);
#4352=IFCFACE((#4351));
#4353=IFCPOLYLOOP((#2099,#2262,#2346));
#4354=IFCFACEOUTERBOUND(#4353,.T.);
#4355=IFCFACE((#4354));
#4356=IFCPOLYLOOP((#2099,#2346,#2203));
#4357=IFCFACEOUTERBOUND(#4356,.T.);
#4358=IFCFACE((#4357));
#4359=IFCPOLYLOOP((#2099,#2203,#2337));
#4360=IFCFACEOUTERBOUND(#4359,.T.);
#4361=IFCFACE((#4360));
#4362=IFCPOLYLOOP((#2099,#2337,#2259));
#4363=IFCFACEOUTERBOUND(#4362,.T.);
#4364=IFCFACE((#4363));
#4365=IFCPOLYLOOP((#2099,#2259,#2338));
#4366=IFCFACEOUTERBOUND(#4365,.T.);
#4367=IFCFACE((#4366));
#4368=IFCPOLYLOOP((#2099,#2338,#2220));
#4369=IFCFACEOUTERBOUND(#4368,.T.);
#4370=IFCFACE((#4369));
#4371=IFCPOLYLOOP((#2099,#2220,#2344));
#4372=IFCFACEOUTERBOUND(#4371,.T.);
#4373=IFCFACE((#4372));
#4374=IFCPOLYLOOP((#2099,#2344,#2260));
#4375=IFCFACEOUTERBOUND(#4374,.T.);
#4376=IFCFACE((#4375));
#4377=IFCPOLYLOOP((#2099,#2260,#2341));
#4378=IFCFACEOUTERBOUND(#4377,.T.);
#4379=IFCFACE((#4378));
#4380=IFCPOLYLOOP((#2099,#2341,#2217));
#4381=IFCFACEOUTERBOUND(#4380,.T.);
#4382=IFCFACE((#4381));
#4383=IFCPOLYLOOP((#2099,#2217,#2327));
#4384=IFCFACEOUTERBOUND(#4383,.T.);
#4385=IFCFACE((#4384));
#4386=IFCPOLYLOOP((#2099,#2327,#2255));
#4387=IFCFACEOUTERBOUND(#4386,.T.);
#4388=IFCFACE((#4387));
#4389=IFCPOLYLOOP((#2099,#2255,#2328));
#4390=IFCFACEOUTERBOUND(#4389,.T.);
#4391=IFCFACE((#4390));
#4392=IFCPOLYLOOP((#2099,#2328,#2235));
#4393=IFCFACEOUTERBOUND(#4392,.T.);
#4394=IFCFACE((#4393));
#4395=IFCPOLYLOOP((#2099,#2235,#2371));
#4396=IFCFACEOUTERBOUND(#4395,.T.);
#4397=IFCFACE((#4396));
#4398=IFCPOLYLOOP((#2099,#2371,#2236));
#4399=IFCFACEOUTERBOUND(#4398,.T.);
#4400=IFCFACE((#4399));
#4401=IFCPOLYLOOP((#2099,#2236,#2367));
#4402=IFCFACEOUTERBOUND(#4401,.T.);
#4403=IFCFACE((#4402));
#4404=IFCPOLYLOOP((#2099,#2367,#2202));
#4405=IFCFACEOUTERBOUND(#4404,.T.);
#4406=IFCFACE((#4405));
#4407=IFCPOLYLOOP((#2099,#2202,#2320));
#4408=IFCFACEOUTERBOUND(#4407,.T.);
#4409=IFCFACE((#4408));
#4410=IFCPOLYLOOP((#2099,#2320,#2252));
#4411=IFCFACEOUTERBOUND(#4410,.T.);
#4412=IFCFACE((#4411));
#4413=IFCPOLYLOOP((#2099,#2252,#2322));
#4414=IFCFACEOUTERBOUND(#4413,.T.);
#4415=IFCFACE((#4414));
#4416=IFCPOLYLOOP((#2099,#2322,#2216));
#4417=IFCFACEOUTERBOUND(#4416,.T.);
#4418=IFCFACE((#4417));
#4419=IFCPOLYLOOP((#2099,#2216,#2318));
#4420=IFCFACEOUTERBOUND(#4419,.T.);
#4421=IFCFACE((#4420));
#4422=IFCPOLYLOOP((#2099,#2318,#2251));
#4423=IFCFACEOUTERBOUND(#4422,.T.);
#4424=IFCFACE((#4423));
#4425=IFCPOLYLOOP((#2099,#2251,#2316));
#4426=IFCFACEOUTERBOUND(#4425,.T.);
#4427=IFCFACE((#4426));
#4428=IFCPOLYLOOP((#2099,#2316,#2213));
#4429=IFCFACEOUTERBOUND(#4428,.T.);
#4430=IFCFACE((#4429));
#4431=IFCPOLYLOOP((#2099,#2213,#2366));
#4432=IFCFACEOUTERBOUND(#4431,.T.);
#4433=IFCFACE((#4432));
#4434=IFCPOLYLOOP((#2099,#2366,#2283));
#4435=IFCFACEOUTERBOUND(#4434,.T.);
#4436=IFCFACE((#4435));
#4437=IFCPOLYLOOP((#2099,#2283,#2311));
#4438=IFCFACEOUTERBOUND(#4437,.T.);
#4439=IFCFACE((#4438));
#4440=IFCPOLYLOOP((#2099,#2311,#2231));
#4441=IFCFACEOUTERBOUND(#4440,.T.);
#4442=IFCFACE((#4441));
#4443=IFCPOLYLOOP((#2099,#2231,#2355));
#4444=IFCFACEOUTERBOUND(#4443,.T.);
#4445=IFCFACE((#4444));
#4446=IFCPOLYLOOP((#2099,#2355,#2265));
#4447=IFCFACEOUTERBOUND(#4446,.T.);
#4448=IFCFACE((#4447));
#4449=IFCPOLYLOOP((#2099,#2265,#2352));
#4450=IFCFACEOUTERBOUND(#4449,.T.);
#4451=IFCFACE((#4450));
#4452=IFCPOLYLOOP((#2099,#2352,#2204));
#4453=IFCFACEOUTERBOUND(#4452,.T.);
#4454=IFCFACE((#4453));
#4455=IFCPOLYLOOP((#2099,#2204,#2331));
#4456=IFCFACEOUTERBOUND(#4455,.T.);
#4457=IFCFACE((#4456));
#4458=IFCPOLYLOOP((#2099,#2331,#2256));
#4459=IFCFACEOUTERBOUND(#4458,.T.);
#4460=IFCFACE((#4459));
#4461=IFCPOLYLOOP((#2099,#2256,#2333));
#4462=IFCFACEOUTERBOUND(#4461,.T.);
#4463=IFCFACE((#4462));
#4464=IFCPOLYLOOP((#2099,#2333,#2208));
#4465=IFCFACEOUTERBOUND(#4464,.T.);
#4466=IFCFACE((#4465));
#4467=IFCPOLYLOOP((#2099,#2208,#2357));
#4468=IFCFACEOUTERBOUND(#4467,.T.);
#4469=IFCFACE((#4468));
#4470=IFCPOLYLOOP((#2099,#2357,#2266));
#4471=IFCFACEOUTERBOUND(#4470,.T.);
#4472=IFCFACE((#4471));
#4473=IFCPOLYLOOP((#2099,#2266,#2360));
#4474=IFCFACEOUTERBOUND(#4473,.T.);
#4475=IFCFACE((#4474));
#4476=IFCPOLYLOOP((#2099,#2360,#2205));
#4477=IFCFACEOUTERBOUND(#4476,.T.);
#4478=IFCFACE((#4477));
#4479=IFCPOLYLOOP((#2099,#2205,#2309));
#4480=IFCFACEOUTERBOUND(#4479,.T.);
#4481=IFCFACE((#4480));
#4482=IFCPOLYLOOP((#2099,#2309,#2278));
#4483=IFCFACEOUTERBOUND(#4482,.T.);
#4484=IFCFACE((#4483));
#4485=IFCPOLYLOOP((#2099,#2278,#2279));
#4486=IFCFACEOUTERBOUND(#4485,.T.);
#4487=IFCFACE((#4486));
#4488=IFCPOLYLOOP((#2099,#2279,#2221));
#4489=IFCFACEOUTERBOUND(#4488,.T.);
#4490=IFCFACE((#4489));
#4491=IFCPOLYLOOP((#2099,#2221,#2286));
#4492=IFCFACEOUTERBOUND(#4491,.T.);
#4493=IFCFACE((#4492));
#4494=IFCPOLYLOOP((#2099,#2286,#2227));
#4495=IFCFACEOUTERBOUND(#4494,.T.);
#4496=IFCFACE((#4495));
#4497=IFCPOLYLOOP((#2099,#2227,#2244));
#4498=IFCFACEOUTERBOUND(#4497,.T.);
#4499=IFCFACE((#4498));
#4500=IFCPOLYLOOP((#2099,#2244,#2198));
#4501=IFCFACEOUTERBOUND(#4500,.T.);
#4502=IFCFACE((#4501));
#4503=IFCPOLYLOOP((#2111,#2106,#2102));
#4504=IFCFACEOUTERBOUND(#4503,.T.);
#4505=IFCFACE((#4504));
#4506=IFCPOLYLOOP((#2111,#2102,#2105));
#4507=IFCFACEOUTERBOUND(#4506,.T.);
#4508=IFCFACE((#4507));
#4509=IFCPOLYLOOP((#2111,#2105,#1863));
#4510=IFCFACEOUTERBOUND(#4509,.T.);
#4511=IFCFACE((#4510));
#4512=IFCPOLYLOOP((#2198,#2379,#2375));
#4513=IFCFACEOUTERBOUND(#4512,.T.);
#4514=IFCFACE((#4513));
#4515=IFCPOLYLOOP((#2198,#2375,#2378));
#4516=IFCFACEOUTERBOUND(#4515,.T.);
#4517=IFCFACE((#4516));
#4518=IFCPOLYLOOP((#2198,#2378,#2147));
#4519=IFCFACEOUTERBOUND(#4518,.T.);
#4520=IFCFACE((#4519));
#4521=IFCPOLYLOOP((#2198,#2168,#2155));
#4522=IFCFACEOUTERBOUND(#4521,.T.);
#4523=IFCFACE((#4522));
#4524=IFCPOLYLOOP((#2198,#2155,#2178));
#4525=IFCFACEOUTERBOUND(#4524,.T.);
#4526=IFCFACE((#4525));
#4527=IFCPOLYLOOP((#2198,#2178,#2151));
#4528=IFCFACEOUTERBOUND(#4527,.T.);
#4529=IFCFACE((#4528));
#4530=IFCPOLYLOOP((#2198,#2151,#2171));
#4531=IFCFACEOUTERBOUND(#4530,.T.);
#4532=IFCFACE((#4531));
#4533=IFCPOLYLOOP((#2198,#2171,#2165));
#4534=IFCFACEOUTERBOUND(#4533,.T.);
#4535=IFCFACE((#4534));
#4536=IFCPOLYLOOP((#2198,#2165,#2176));
#4537=IFCFACEOUTERBOUND(#4536,.T.);
#4538=IFCFACE((#4537));
#4539=IFCPOLYLOOP((#2198,#2176,#2149));
#4540=IFCFACEOUTERBOUND(#4539,.T.);
#4541=IFCFACE((#4540));
#4542=IFCPOLYLOOP((#2198,#2149,#2188));
#4543=IFCFACEOUTERBOUND(#4542,.T.);
#4544=IFCFACE((#4543));
#4545=IFCPOLYLOOP((#2198,#2188,#2163));
#4546=IFCFACEOUTERBOUND(#4545,.T.);
#4547=IFCFACE((#4546));
#4548=IFCPOLYLOOP((#2198,#2163,#2164));
#4549=IFCFACEOUTERBOUND(#4548,.T.);
#4550=IFCFACE((#4549));
#4551=IFCPOLYLOOP((#2198,#2164,#2150));
#4552=IFCFACEOUTERBOUND(#4551,.T.);
#4553=IFCFACE((#4552));
#4554=IFCPOLYLOOP((#2198,#2150,#2170));
#4555=IFCFACEOUTERBOUND(#4554,.T.);
#4556=IFCFACE((#4555));
#4557=IFCPOLYLOOP((#2198,#2170,#2158));
#4558=IFCFACEOUTERBOUND(#4557,.T.);
#4559=IFCFACE((#4558));
#4560=IFCPOLYLOOP((#2198,#2158,#2161));
#4561=IFCFACEOUTERBOUND(#4560,.T.);
#4562=IFCFACE((#4561));
#4563=IFCPOLYLOOP((#2198,#2161,#2099));
#4564=IFCFACEOUTERBOUND(#4563,.T.);
#4565=IFCFACE((#4564));
#4566=IFCPOLYLOOP((#1863,#1959,#1945));
#4567=IFCFACEOUTERBOUND(#4566,.T.);
#4568=IFCFACE((#4567));
#4569=IFCPOLYLOOP((#1863,#1945,#1961));
#4570=IFCFACEOUTERBOUND(#4569,.T.);
#4571=IFCFACE((#4570));
#4572=IFCPOLYLOOP((#1863,#1961,#1932));
#4573=IFCFACEOUTERBOUND(#4572,.T.);
#4574=IFCFACE((#4573));
#4575=IFCPOLYLOOP((#1863,#1932,#1989));
#4576=IFCFACEOUTERBOUND(#4575,.T.);
#4577=IFCFACE((#4576));
#4578=IFCPOLYLOOP((#1863,#1989,#1967));
#4579=IFCFACEOUTERBOUND(#4578,.T.);
#4580=IFCFACE((#4579));
#4581=IFCPOLYLOOP((#1863,#1967,#2025));
#4582=IFCFACEOUTERBOUND(#4581,.T.);
#4583=IFCFACE((#4582));
#4584=IFCPOLYLOOP((#1863,#2025,#1929));
#4585=IFCFACEOUTERBOUND(#4584,.T.);
#4586=IFCFACE((#4585));
#4587=IFCPOLYLOOP((#1863,#1929,#1992));
#4588=IFCFACEOUTERBOUND(#4587,.T.);
#4589=IFCFACE((#4588));
#4590=IFCPOLYLOOP((#1863,#1992,#1991));
#4591=IFCFACEOUTERBOUND(#4590,.T.);
#4592=IFCFACE((#4591));
#4593=IFCPOLYLOOP((#1863,#1991,#2027));
#4594=IFCFACEOUTERBOUND(#4593,.T.);
#4595=IFCFACE((#4594));
#4596=IFCPOLYLOOP((#1863,#2027,#1948));
#4597=IFCFACEOUTERBOUND(#4596,.T.);
#4598=IFCFACE((#4597));
#4599=IFCPOLYLOOP((#1863,#1948,#2069));
#4600=IFCFACEOUTERBOUND(#4599,.T.);
#4601=IFCFACE((#4600));
#4602=IFCPOLYLOOP((#1863,#2069,#1982));
#4603=IFCFACEOUTERBOUND(#4602,.T.);
#4604=IFCFACE((#4603));
#4605=IFCPOLYLOOP((#1863,#1982,#2066));
#4606=IFCFACEOUTERBOUND(#4605,.T.);
#4607=IFCFACE((#4606));
#4608=IFCPOLYLOOP((#1863,#2066,#1923));
#4609=IFCFACEOUTERBOUND(#4608,.T.);
#4610=IFCFACE((#4609));
#4611=IFCPOLYLOOP((#1863,#1923,#2057));
#4612=IFCFACEOUTERBOUND(#4611,.T.);
#4613=IFCFACE((#4612));
#4614=IFCPOLYLOOP((#1863,#2057,#1979));
#4615=IFCFACEOUTERBOUND(#4614,.T.);
#4616=IFCFACE((#4615));
#4617=IFCPOLYLOOP((#1863,#1979,#2058));
#4618=IFCFACEOUTERBOUND(#4617,.T.);
#4619=IFCFACE((#4618));
#4620=IFCPOLYLOOP((#1863,#2058,#1940));
#4621=IFCFACEOUTERBOUND(#4620,.T.);
#4622=IFCFACE((#4621));
#4623=IFCPOLYLOOP((#1863,#1940,#2064));
#4624=IFCFACEOUTERBOUND(#4623,.T.);
#4625=IFCFACE((#4624));
#4626=IFCPOLYLOOP((#1863,#2064,#1980));
#4627=IFCFACEOUTERBOUND(#4626,.T.);
#4628=IFCFACE((#4627));
#4629=IFCPOLYLOOP((#1863,#1980,#2061));
#4630=IFCFACEOUTERBOUND(#4629,.T.);
#4631=IFCFACE((#4630));
#4632=IFCPOLYLOOP((#1863,#2061,#1937));
#4633=IFCFACEOUTERBOUND(#4632,.T.);
#4634=IFCFACE((#4633));
#4635=IFCPOLYLOOP((#1863,#1937,#2047));
#4636=IFCFACEOUTERBOUND(#4635,.T.);
#4637=IFCFACE((#4636));
#4638=IFCPOLYLOOP((#1863,#2047,#1975));
#4639=IFCFACEOUTERBOUND(#4638,.T.);
#4640=IFCFACE((#4639));
#4641=IFCPOLYLOOP((#1863,#1975,#2048));
#4642=IFCFACEOUTERBOUND(#4641,.T.);
#4643=IFCFACE((#4642));
#4644=IFCPOLYLOOP((#1863,#2048,#1955));
#4645=IFCFACEOUTERBOUND(#4644,.T.);
#4646=IFCFACE((#4645));
#4647=IFCPOLYLOOP((#1863,#1955,#2091));
#4648=IFCFACEOUTERBOUND(#4647,.T.);
#4649=IFCFACE((#4648));
#4650=IFCPOLYLOOP((#1863,#2091,#1956));
#4651=IFCFACEOUTERBOUND(#4650,.T.);
#4652=IFCFACE((#4651));
#4653=IFCPOLYLOOP((#1863,#1956,#2087));
#4654=IFCFACEOUTERBOUND(#4653,.T.);
#4655=IFCFACE((#4654));
#4656=IFCPOLYLOOP((#1863,#2087,#1922));
#4657=IFCFACEOUTERBOUND(#4656,.T.);
#4658=IFCFACE((#4657));
#4659=IFCPOLYLOOP((#1863,#1922,#2040));
#4660=IFCFACEOUTERBOUND(#4659,.T.);
#4661=IFCFACE((#4660));
#4662=IFCPOLYLOOP((#1863,#2040,#1972));
#4663=IFCFACEOUTERBOUND(#4662,.T.);
#4664=IFCFACE((#4663));
#4665=IFCPOLYLOOP((#1863,#1972,#2042));
#4666=IFCFACEOUTERBOUND(#4665,.T.);
#4667=IFCFACE((#4666));
#4668=IFCPOLYLOOP((#1863,#2042,#1936));
#4669=IFCFACEOUTERBOUND(#4668,.T.);
#4670=IFCFACE((#4669));
#4671=IFCPOLYLOOP((#1863,#1936,#2038));
#4672=IFCFACEOUTERBOUND(#4671,.T.);
#4673=IFCFACE((#4672));
#4674=IFCPOLYLOOP((#1863,#2038,#1971));
#4675=IFCFACEOUTERBOUND(#4674,.T.);
#4676=IFCFACE((#4675));
#4677=IFCPOLYLOOP((#1863,#1971,#2036));
#4678=IFCFACEOUTERBOUND(#4677,.T.);
#4679=IFCFACE((#4678));
#4680=IFCPOLYLOOP((#1863,#2036,#1933));
#4681=IFCFACEOUTERBOUND(#4680,.T.);
#4682=IFCFACE((#4681));
#4683=IFCPOLYLOOP((#1863,#1933,#2086));
#4684=IFCFACEOUTERBOUND(#4683,.T.);
#4685=IFCFACE((#4684));
#4686=IFCPOLYLOOP((#1863,#2086,#2003));
#4687=IFCFACEOUTERBOUND(#4686,.T.);
#4688=IFCFACE((#4687));
#4689=IFCPOLYLOOP((#1863,#2003,#2031));
#4690=IFCFACEOUTERBOUND(#4689,.T.);
#4691=IFCFACE((#4690));
#4692=IFCPOLYLOOP((#1863,#2031,#1951));
#4693=IFCFACEOUTERBOUND(#4692,.T.);
#4694=IFCFACE((#4693));
#4695=IFCPOLYLOOP((#1863,#1951,#2075));
#4696=IFCFACEOUTERBOUND(#4695,.T.);
#4697=IFCFACE((#4696));
#4698=IFCPOLYLOOP((#1863,#2075,#1985));
#4699=IFCFACEOUTERBOUND(#4698,.T.);
#4700=IFCFACE((#4699));
#4701=IFCPOLYLOOP((#1863,#1985,#2072));
#4702=IFCFACEOUTERBOUND(#4701,.T.);
#4703=IFCFACE((#4702));
#4704=IFCPOLYLOOP((#1863,#2072,#1924));
#4705=IFCFACEOUTERBOUND(#4704,.T.);
#4706=IFCFACE((#4705));
#4707=IFCPOLYLOOP((#1863,#1924,#2051));
#4708=IFCFACEOUTERBOUND(#4707,.T.);
#4709=IFCFACE((#4708));
#4710=IFCPOLYLOOP((#1863,#2051,#1976));
#4711=IFCFACEOUTERBOUND(#4710,.T.);
#4712=IFCFACE((#4711));
#4713=IFCPOLYLOOP((#1863,#1976,#2053));
#4714=IFCFACEOUTERBOUND(#4713,.T.);
#4715=IFCFACE((#4714));
#4716=IFCPOLYLOOP((#1863,#2053,#1928));
#4717=IFCFACEOUTERBOUND(#4716,.T.);
#4718=IFCFACE((#4717));
#4719=IFCPOLYLOOP((#1863,#1928,#2077));
#4720=IFCFACEOUTERBOUND(#4719,.T.);
#4721=IFCFACE((#4720));
#4722=IFCPOLYLOOP((#1863,#2077,#1986));
#4723=IFCFACEOUTERBOUND(#4722,.T.);
#4724=IFCFACE((#4723));
#4725=IFCPOLYLOOP((#1863,#1986,#2080));
#4726=IFCFACEOUTERBOUND(#4725,.T.);
#4727=IFCFACE((#4726));
#4728=IFCPOLYLOOP((#1863,#2080,#1925));
#4729=IFCFACEOUTERBOUND(#4728,.T.);
#4730=IFCFACE((#4729));
#4731=IFCPOLYLOOP((#1863,#1925,#2029));
#4732=IFCFACEOUTERBOUND(#4731,.T.);
#4733=IFCFACE((#4732));
#4734=IFCPOLYLOOP((#1863,#2029,#1998));
#4735=IFCFACEOUTERBOUND(#4734,.T.);
#4736=IFCFACE((#4735));
#4737=IFCPOLYLOOP((#1863,#1998,#1999));
#4738=IFCFACEOUTERBOUND(#4737,.T.);
#4739=IFCFACE((#4738));
#4740=IFCPOLYLOOP((#1863,#1999,#1941));
#4741=IFCFACEOUTERBOUND(#4740,.T.);
#4742=IFCFACE((#4741));
#4743=IFCPOLYLOOP((#1863,#1941,#2006));
#4744=IFCFACEOUTERBOUND(#4743,.T.);
#4745=IFCFACE((#4744));
#4746=IFCPOLYLOOP((#1863,#2006,#1947));
#4747=IFCFACEOUTERBOUND(#4746,.T.);
#4748=IFCFACE((#4747));
#4749=IFCPOLYLOOP((#1863,#1947,#1964));
#4750=IFCFACEOUTERBOUND(#4749,.T.);
#4751=IFCFACE((#4750));
#4752=IFCPOLYLOOP((#1863,#1964,#1916));
#4753=IFCFACEOUTERBOUND(#4752,.T.);
#4754=IFCFACE((#4753));
#4755=IFCPOLYLOOP((#1863,#2127,#2120));
#4756=IFCFACEOUTERBOUND(#4755,.T.);
#4757=IFCFACE((#4756));
#4758=IFCPOLYLOOP((#1863,#2120,#2121));
#4759=IFCFACEOUTERBOUND(#4758,.T.);
#4760=IFCFACE((#4759));
#4761=IFCPOLYLOOP((#1863,#2121,#2116));
#4762=IFCFACEOUTERBOUND(#4761,.T.);
#4763=IFCFACE((#4762));
#4764=IFCPOLYLOOP((#1863,#2116,#2140));
#4765=IFCFACEOUTERBOUND(#4764,.T.);
#4766=IFCFACE((#4765));
#4767=IFCPOLYLOOP((#1863,#2140,#2117));
#4768=IFCFACEOUTERBOUND(#4767,.T.);
#4769=IFCFACE((#4768));
#4770=IFCPOLYLOOP((#1863,#2117,#2131));
#4771=IFCFACEOUTERBOUND(#4770,.T.);
#4772=IFCFACE((#4771));
#4773=IFCPOLYLOOP((#1863,#2131,#2112));
#4774=IFCFACEOUTERBOUND(#4773,.T.);
#4775=IFCFACE((#4774));
#4776=IFCPOLYLOOP((#1863,#2112,#2136));
#4777=IFCFACEOUTERBOUND(#4776,.T.);
#4778=IFCFACE((#4777));
#4779=IFCPOLYLOOP((#1863,#2136,#2118));
#4780=IFCFACEOUTERBOUND(#4779,.T.);
#4781=IFCFACE((#4780));
#4782=IFCPOLYLOOP((#1863,#2118,#2123));
#4783=IFCFACEOUTERBOUND(#4782,.T.);
#4784=IFCFACE((#4783));
#4785=IFCPOLYLOOP((#1863,#2123,#2111));
#4786=IFCFACEOUTERBOUND(#4785,.T.);
#4787=IFCFACE((#4786));
#4788=IFCPOLYLOOP((#1862,#2397,#2390));
#4789=IFCFACEOUTERBOUND(#4788,.T.);
#4790=IFCFACE((#4789));
#4791=IFCPOLYLOOP((#1862,#2390,#2391));
#4792=IFCFACEOUTERBOUND(#4791,.T.);
#4793=IFCFACE((#4792));
#4794=IFCPOLYLOOP((#1862,#2391,#2386));
#4795=IFCFACEOUTERBOUND(#4794,.T.);
#4796=IFCFACE((#4795));
#4797=IFCPOLYLOOP((#1862,#2386,#2410));
#4798=IFCFACEOUTERBOUND(#4797,.T.);
#4799=IFCFACE((#4798));
#4800=IFCPOLYLOOP((#1862,#2410,#2387));
#4801=IFCFACEOUTERBOUND(#4800,.T.);
#4802=IFCFACE((#4801));
#4803=IFCPOLYLOOP((#1862,#2387,#2401));
#4804=IFCFACEOUTERBOUND(#4803,.T.);
#4805=IFCFACE((#4804));
#4806=IFCPOLYLOOP((#1862,#2401,#2382));
#4807=IFCFACEOUTERBOUND(#4806,.T.);
#4808=IFCFACE((#4807));
#4809=IFCPOLYLOOP((#1862,#2382,#2406));
#4810=IFCFACEOUTERBOUND(#4809,.T.);
#4811=IFCFACE((#4810));
#4812=IFCPOLYLOOP((#1862,#2406,#2388));
#4813=IFCFACEOUTERBOUND(#4812,.T.);
#4814=IFCFACE((#4813));
#4815=IFCPOLYLOOP((#1862,#2388,#2393));
#4816=IFCFACEOUTERBOUND(#4815,.T.);
#4817=IFCFACE((#4816));
#4818=IFCPOLYLOOP((#1862,#2393,#1917));
#4819=IFCFACEOUTERBOUND(#4818,.T.);
#4820=IFCFACE((#4819));
#4821=IFCPOLYLOOP((#1917,#1885,#1872));
#4822=IFCFACEOUTERBOUND(#4821,.T.);
#4823=IFCFACE((#4822));
#4824=IFCPOLYLOOP((#1917,#1872,#1895));
#4825=IFCFACEOUTERBOUND(#4824,.T.);
#4826=IFCFACE((#4825));
#4827=IFCPOLYLOOP((#1917,#1895,#1868));
#4828=IFCFACEOUTERBOUND(#4827,.T.);
#4829=IFCFACE((#4828));
#4830=IFCPOLYLOOP((#1917,#1868,#1888));
#4831=IFCFACEOUTERBOUND(#4830,.T.);
#4832=IFCFACE((#4831));
#4833=IFCPOLYLOOP((#1917,#1888,#1882));
#4834=IFCFACEOUTERBOUND(#4833,.T.);
#4835=IFCFACE((#4834));
#4836=IFCPOLYLOOP((#1917,#1882,#1893));
#4837=IFCFACEOUTERBOUND(#4836,.T.);
#4838=IFCFACE((#4837));
#4839=IFCPOLYLOOP((#1917,#1893,#1866));
#4840=IFCFACEOUTERBOUND(#4839,.T.);
#4841=IFCFACE((#4840));
#4842=IFCPOLYLOOP((#1917,#1866,#1905));
#4843=IFCFACEOUTERBOUND(#4842,.T.);
#4844=IFCFACE((#4843));
#4845=IFCPOLYLOOP((#1917,#1905,#1880));
#4846=IFCFACEOUTERBOUND(#4845,.T.);
#4847=IFCFACE((#4846));
#4848=IFCPOLYLOOP((#1917,#1880,#1881));
#4849=IFCFACEOUTERBOUND(#4848,.T.);
#4850=IFCFACE((#4849));
#4851=IFCPOLYLOOP((#1917,#1881,#1867));
#4852=IFCFACEOUTERBOUND(#4851,.T.);
#4853=IFCFACE((#4852));
#4854=IFCPOLYLOOP((#1917,#1867,#1887));
#4855=IFCFACEOUTERBOUND(#4854,.T.);
#4856=IFCFACE((#4855));
#4857=IFCPOLYLOOP((#1917,#1887,#1875));
#4858=IFCFACEOUTERBOUND(#4857,.T.);
#4859=IFCFACE((#4858));
#4860=IFCPOLYLOOP((#1917,#1875,#1878));
#4861=IFCFACEOUTERBOUND(#4860,.T.);
#4862=IFCFACE((#4861));
#4863=IFCPOLYLOOP((#1917,#1878,#1862));
#4864=IFCFACEOUTERBOUND(#4863,.T.);
#4865=IFCFACE((#4864));
#4866=IFCPOLYLOOP((#2398,#2394,#2389));
#4867=IFCFACEOUTERBOUND(#4866,.T.);
#4868=IFCFACE((#4867));
#4869=IFCPOLYLOOP((#2405,#2409,#2410));
#4870=IFCFACEOUTERBOUND(#4869,.T.);
#4871=IFCFACE((#4870));
#4872=IFCPOLYLOOP((#2392,#2411,#2399));
#4873=IFCFACEOUTERBOUND(#4872,.T.);
#4874=IFCFACE((#4873));
#4875=IFCPOLYLOOP((#2403,#2384,#2405));
#4876=IFCFACEOUTERBOUND(#4875,.T.);
#4877=IFCFACE((#4876));
#4878=IFCPOLYLOOP((#2392,#2399,#2385));
#4879=IFCFACEOUTERBOUND(#4878,.T.);
#4880=IFCFACE((#4879));
#4881=IFCPOLYLOOP((#2399,#2406,#2402));
#4882=IFCFACEOUTERBOUND(#4881,.T.);
#4883=IFCFACE((#4882));
#4884=IFCPOLYLOOP((#2411,#2396,#1918));
#4885=IFCFACEOUTERBOUND(#4884,.T.);
#4886=IFCFACE((#4885));
#4887=IFCPOLYLOOP((#2384,#2403,#2395));
#4888=IFCFACEOUTERBOUND(#4887,.T.);
#4889=IFCFACE((#4888));
#4890=IFCPOLYLOOP((#2391,#2403,#2386));
#4891=IFCFACEOUTERBOUND(#4890,.T.);
#4892=IFCFACE((#4891));
#4893=IFCPOLYLOOP((#2404,#2409,#2383));
#4894=IFCFACEOUTERBOUND(#4893,.T.);
#4895=IFCFACE((#4894));
#4896=IFCPOLYLOOP((#2385,#2399,#2402));
#4897=IFCFACEOUTERBOUND(#4896,.T.);
#4898=IFCFACE((#4897));
#4899=IFCPOLYLOOP((#2407,#2398,#2389));
#4900=IFCFACEOUTERBOUND(#4899,.T.);
#4901=IFCFACE((#4900));
#4902=IFCPOLYLOOP((#2407,#2391,#2390));
#4903=IFCFACEOUTERBOUND(#4902,.T.);
#4904=IFCFACE((#4903));
#4905=IFCPOLYLOOP((#2407,#2403,#2391));
#4906=IFCFACEOUTERBOUND(#4905,.T.);
#4907=IFCFACE((#4906));
#4908=IFCPOLYLOOP((#2411,#1918,#1917));
#4909=IFCFACEOUTERBOUND(#4908,.T.);
#4910=IFCFACE((#4909));
#4911=IFCPOLYLOOP((#2397,#2198,#2197));
#4912=IFCFACEOUTERBOUND(#4911,.T.);
#4913=IFCFACE((#4912));
#4914=IFCPOLYLOOP((#2397,#2398,#2390));
#4915=IFCFACEOUTERBOUND(#4914,.T.);
#4916=IFCFACE((#4915));
#4917=IFCPOLYLOOP((#2197,#2196,#2394));
#4918=IFCFACEOUTERBOUND(#4917,.T.);
#4919=IFCFACE((#4918));
#4920=IFCPOLYLOOP((#2396,#1913,#1918));
#4921=IFCFACEOUTERBOUND(#4920,.T.);
#4922=IFCFACE((#4921));
#4923=IFCPOLYLOOP((#2411,#2388,#2399));
#4924=IFCFACEOUTERBOUND(#4923,.T.);
#4925=IFCFACE((#4924));
#4926=IFCPOLYLOOP((#2197,#2398,#2397));
#4927=IFCFACEOUTERBOUND(#4926,.T.);
#4928=IFCFACE((#4927));
#4929=IFCPOLYLOOP((#2394,#2398,#2197));
#4930=IFCFACEOUTERBOUND(#4929,.T.);
#4931=IFCFACE((#4930));
#4932=IFCPOLYLOOP((#2406,#2399,#2388));
#4933=IFCFACEOUTERBOUND(#4932,.T.);
#4934=IFCFACE((#4933));
#4935=IFCPOLYLOOP((#2393,#2388,#2411,#1917));
#4936=IFCFACEOUTERBOUND(#4935,.T.);
#4937=IFCFACE((#4936));
#4938=IFCPOLYLOOP((#2402,#2400,#2385));
#4939=IFCFACEOUTERBOUND(#4938,.T.);
#4940=IFCFACE((#4939));
#4941=IFCPOLYLOOP((#2409,#2404,#2401));
#4942=IFCFACEOUTERBOUND(#4941,.T.);
#4943=IFCFACE((#4942));
#4944=IFCPOLYLOOP((#2401,#2404,#2382));
#4945=IFCFACEOUTERBOUND(#4944,.T.);
#4946=IFCFACE((#4945));
#4947=IFCPOLYLOOP((#2400,#2402,#2404));
#4948=IFCFACEOUTERBOUND(#4947,.T.);
#4949=IFCFACE((#4948));
#4950=IFCPOLYLOOP((#2405,#2386,#2403));
#4951=IFCFACEOUTERBOUND(#4950,.T.);
#4952=IFCFACE((#4951));
#4953=IFCPOLYLOOP((#2407,#2389,#2395));
#4954=IFCFACEOUTERBOUND(#4953,.T.);
#4955=IFCFACE((#4954));
#4956=IFCPOLYLOOP((#2382,#2404,#2402));
#4957=IFCFACEOUTERBOUND(#4956,.T.);
#4958=IFCFACE((#4957));
#4959=IFCPOLYLOOP((#2400,#2404,#2383));
#4960=IFCFACEOUTERBOUND(#4959,.T.);
#4961=IFCFACE((#4960));
#4962=IFCPOLYLOOP((#2387,#2410,#2409,#2401));
#4963=IFCFACEOUTERBOUND(#4962,.T.);
#4964=IFCFACE((#4963));
#4965=IFCPOLYLOOP((#2408,#2409,#2405));
#4966=IFCFACEOUTERBOUND(#4965,.T.);
#4967=IFCFACE((#4966));
#4968=IFCPOLYLOOP((#2406,#2382,#2402));
#4969=IFCFACEOUTERBOUND(#4968,.T.);
#4970=IFCFACE((#4969));
#4971=IFCPOLYLOOP((#2390,#2398,#2407));
#4972=IFCFACEOUTERBOUND(#4971,.T.);
#4973=IFCFACE((#4972));
#4974=IFCPOLYLOOP((#2403,#2407,#2395));
#4975=IFCFACEOUTERBOUND(#4974,.T.);
#4976=IFCFACE((#4975));
#4977=IFCPOLYLOOP((#2383,#2409,#2408));
#4978=IFCFACEOUTERBOUND(#4977,.T.);
#4979=IFCFACE((#4978));
#4980=IFCPOLYLOOP((#2405,#2384,#2408));
#4981=IFCFACEOUTERBOUND(#4980,.T.);
#4982=IFCFACE((#4981));
#4983=IFCPOLYLOOP((#2410,#2386,#2405));
#4984=IFCFACEOUTERBOUND(#4983,.T.);
#4985=IFCFACE((#4984));
#4986=IFCPOLYLOOP((#2392,#2396,#2411));
#4987=IFCFACEOUTERBOUND(#4986,.T.);
#4988=IFCFACE((#4987));
#4989=IFCPOLYLOOP((#2093,#1913,#2396,#2392,#2385,#2400,#2383,#2408,#2384,#2395,#2389,#2394,#2196,#2373));
#4990=IFCFACEOUTERBOUND(#4989,.T.);
#4991=IFCFACE((#4990));
#4992=IFCCARTESIANPOINT((647.600000000015,162.699999999999,1212.6));
#4993=IFCCARTESIANPOINT((647.600000000014,162.699999999999,1847.6));
#4994=IFCCARTESIANPOINT((647.600000000015,142.699999999999,1847.6));
#4995=IFCCARTESIANPOINT((647.600000000015,142.699999999999,1212.6));
#4996=IFCCARTESIANPOINT((635.600000000015,141.699999999999,1224.6));
#4997=IFCCARTESIANPOINT((635.600000000015,141.699999999999,1835.6));
#4998=IFCCARTESIANPOINT((635.600000000015,162.699999999999,1835.6));
#4999=IFCCARTESIANPOINT((635.600000000015,162.699999999999,1224.6));
#5000=IFCCARTESIANPOINT((640.600000000015,136.699999999999,1219.6));
#5001=IFCCARTESIANPOINT((640.600000000015,136.699999999999,1840.6));
#5002=IFCCARTESIANPOINT((637.064466094082,138.164466094066,1837.06446609407));
#5003=IFCCARTESIANPOINT((637.064466094082,138.164466094066,1223.13553390593));
#5004=IFCCARTESIANPOINT((640.600000000015,136.699999999999,1531.90755141627));
#5005=IFCCARTESIANPOINT((640.600000000015,136.699999999999,1375.753783209));
#5006=IFCCARTESIANPOINT((640.600000000015,136.699999999999,1684.44623179273));
#5007=IFCCARTESIANPOINT((635.600000000015,141.699999999999,1530.09999819546));
#5008=IFCCARTESIANPOINT((635.600000000015,141.699999999999,1377.34999729319));
#5009=IFCCARTESIANPOINT((635.600000000015,141.699999999999,1682.84999909773));
#5010=IFCCARTESIANPOINT((640.600000000015,136.699999999999,1762.52311589637));
#5011=IFCCARTESIANPOINT((635.600000000015,141.699999999999,1759.22499954886));
#5012=IFCCARTESIANPOINT((635.600000000015,141.699999999999,1796.56155743137));
#5013=IFCCARTESIANPOINT((640.600000000015,136.699999999999,1297.67689910537));
#5014=IFCCARTESIANPOINT((635.600000000015,141.699999999999,1300.97499684205));
#5015=IFCCARTESIANPOINT((635.600000000015,141.699999999999,1339.16249706762));
#5016=IFCCARTESIANPOINT((640.600000000015,136.699999999999,1258.63845705355));
#5017=IFCCARTESIANPOINT((635.600000000015,141.699999999999,1453.72499774432));
#5018=IFCCARTESIANPOINT((640.600000000015,136.699999999999,1453.83066731263));
#5019=IFCCARTESIANPOINT((640.600000000015,136.699999999999,1414.79222526082));
#5020=IFCCARTESIANPOINT((640.600000000015,136.699999999999,1608.1768916045));
#5021=IFCCARTESIANPOINT((635.600000000015,141.699999999999,1606.47499864659));
#5022=IFCCARTESIANPOINT((635.600000000015,141.699999999999,1644.66249887216));
#5023=IFCCARTESIANPOINT((640.600000000015,136.699999999999,1801.56155794818));
#5024=IFCCARTESIANPOINT((635.600000000015,141.699999999999,1262.78750022557));
#5025=IFCCARTESIANPOINT((640.600000000015,136.699999999999,1336.71534115718));
#5026=IFCCARTESIANPOINT((640.600000000015,136.699999999999,1646.31155419775));
#5027=IFCCARTESIANPOINT((637.118365573892,138.111376068345,1627.24422416829));
#5028=IFCCARTESIANPOINT((637.028646236384,138.200652590124,1657.76460584313));
#5029=IFCCARTESIANPOINT((637.093817913329,138.135355953954,1597.66727911693));
#5030=IFCCARTESIANPOINT((635.600000000015,141.699999999999,1568.28749842103));
#5031=IFCCARTESIANPOINT((640.600000000015,136.699999999999,1570.04222901125));
#5032=IFCCARTESIANPOINT((636.966071079956,138.265679018501,1777.89327922382));
#5033=IFCCARTESIANPOINT((640.600000000015,136.699999999999,1723.48467384455));
#5034=IFCCARTESIANPOINT((637.150089420524,138.080867922619,1746.44622481338));
#5035=IFCCARTESIANPOINT((635.600000000015,141.699999999999,1721.0374993233));
#5036=IFCCARTESIANPOINT((636.993921849374,138.23644685742,1807.07686746465));
#5037=IFCCARTESIANPOINT((637.012916516856,138.216778490412,1358.25625488157));
#5038=IFCCARTESIANPOINT((637.099234861588,138.130035932171,1388.74125906469));
#5039=IFCCARTESIANPOINT((635.600000000015,141.699999999999,1415.53749751876));
#5040=IFCCARTESIANPOINT((637.068065433896,138.160870414824,1434.63125414424));
#5041=IFCCARTESIANPOINT((637.025106214937,138.204269114274,1328.8432130467));
#5042=IFCCARTESIANPOINT((637.062434548492,138.166498807669,1464.59342877158));
#5043=IFCCARTESIANPOINT((640.600000000015,136.699999999999,1492.86910936445));
#5044=IFCCARTESIANPOINT((635.600000000015,141.699999999999,1491.91249796989));
#5045=IFCCARTESIANPOINT((637.032941496579,138.196274321086,1511.00625338376));
#5046=IFCCARTESIANPOINT((637.033917869125,138.195280576743,1540.54910697231));
#5047=IFCCARTESIANPOINT((637.012916478274,138.216778530144,1701.94375147661));
#5048=IFCCARTESIANPOINT((636.963647969792,138.268244776751,1281.88125525031));
#5049=IFCCARTESIANPOINT((637.006205228982,138.22370324286,1252.75011968614));
#5050=IFCCARTESIANPOINT((637.062771821534,138.16616117892,1569.70796940423));
#5051=IFCCARTESIANPOINT((655.600000000015,138.699999999999,1204.6));
#5052=IFCCARTESIANPOINT((655.600000000015,138.699999999999,1855.6));
#5053=IFCCARTESIANPOINT((655.014213562388,137.285786437626,1855.01421356237));
#5054=IFCCARTESIANPOINT((653.600000000015,136.699999999999,1853.6));
#5055=IFCCARTESIANPOINT((653.600000000015,136.699999999999,1206.6));
#5056=IFCCARTESIANPOINT((655.014213562388,137.285786437626,1205.18578643763));
#5057=IFCCARTESIANPOINT((655.600000000015,138.699999999999,1530.1));
#5058=IFCCARTESIANPOINT((655.600000000015,138.699999999999,1367.35));
#5059=IFCCARTESIANPOINT((655.600000000015,138.699999999999,1692.85));
#5060=IFCCARTESIANPOINT((653.600000000015,136.699999999999,1530.10000180277));
#5061=IFCCARTESIANPOINT((653.600000000015,136.699999999999,1368.35000090138));
#5062=IFCCARTESIANPOINT((653.600000000015,136.699999999999,1691.85000270415));
#5063=IFCCARTESIANPOINT((653.600000000015,136.699999999999,1772.72500315484));
#5064=IFCCARTESIANPOINT((655.600000000015,138.699999999999,1774.22500197034));
#5065=IFCCARTESIANPOINT((655.600000000015,138.699999999999,1733.53749901483));
#5066=IFCCARTESIANPOINT((653.600000000015,136.699999999999,1732.28750292949));
#5067=IFCCARTESIANPOINT((653.600000000015,136.699999999999,1287.47500045069));
#5068=IFCCARTESIANPOINT((655.600000000015,138.699999999999,1285.97499802966));
#5069=IFCCARTESIANPOINT((655.600000000015,138.699999999999,1253.98015508521));
#5070=IFCCARTESIANPOINT((653.600000000015,136.699999999999,1247.03750022535));
#5071=IFCCARTESIANPOINT((653.600000000015,136.699999999999,1610.97500225346));
#5072=IFCCARTESIANPOINT((655.600000000015,138.699999999999,1611.47499802966));
#5073=IFCCARTESIANPOINT((655.600000000015,138.699999999999,1570.78749901483));
#5074=IFCCARTESIANPOINT((653.600000000015,136.699999999999,1570.53750202811));
#5075=IFCCARTESIANPOINT((653.600000000015,136.699999999999,1449.22500135207));
#5076=IFCCARTESIANPOINT((655.600000000015,138.699999999999,1448.72500197034));
#5077=IFCCARTESIANPOINT((655.600000000015,138.699999999999,1408.03749901483));
#5078=IFCCARTESIANPOINT((653.600000000015,136.699999999999,1408.78750112673));
#5079=IFCCARTESIANPOINT((653.600000000015,136.699999999999,1813.16249977465));
#5080=IFCCARTESIANPOINT((655.600000000015,138.699999999999,1814.91250098517));
#5081=IFCCARTESIANPOINT((655.600000000015,138.699999999999,1794.56874950742));
#5082=IFCCARTESIANPOINT((655.600000000015,138.699999999999,1229.29007951294));
#5083=IFCCARTESIANPOINT((653.600000000015,136.699999999999,1226.81874830991));
#5084=IFCCARTESIANPOINT((655.600000000015,138.699999999999,1830.90992048706));
#5085=IFCCARTESIANPOINT((653.600000000015,136.699999999999,1833.38124808456));
#5086=IFCCARTESIANPOINT((653.600000000015,136.699999999999,1327.91250067604));
#5087=IFCCARTESIANPOINT((655.600000000015,138.699999999999,1326.66250098517));
#5088=IFCCARTESIANPOINT((655.600000000015,138.699999999999,1306.31874950742));
#5089=IFCCARTESIANPOINT((653.600000000015,136.699999999999,1651.4125024788));
#5090=IFCCARTESIANPOINT((655.600000000015,138.699999999999,1652.16250098517));
#5091=IFCCARTESIANPOINT((655.600000000015,138.699999999999,1631.81874950742));
#5092=IFCCARTESIANPOINT((655.600000000015,138.699999999999,1489.41250098517));
#5093=IFCCARTESIANPOINT((653.600000000015,136.699999999999,1489.66250157742));
#5094=IFCCARTESIANPOINT((653.600000000015,136.699999999999,1509.88125349286));
#5095=IFCCARTESIANPOINT((655.600000000015,138.699999999999,1216.94503975647));
#5096=IFCCARTESIANPOINT((655.600000000015,138.699999999999,1843.25496024353));
#5097=IFCCARTESIANPOINT((653.600000000015,136.699999999999,1218.9450382774));
#5098=IFCCARTESIANPOINT((655.057420854365,137.330356085215,1222.88189511602));
#5099=IFCCARTESIANPOINT((653.600000000015,136.699999999999,1236.92812607039));
#5100=IFCCARTESIANPOINT((655.600000000015,138.699999999999,1241.63511532874));
#5101=IFCCARTESIANPOINT((654.956574291669,137.230406113503,1241.9828135321));
#5102=IFCCARTESIANPOINT((653.600000000015,136.699999999999,1841.25495811707));
#5103=IFCCARTESIANPOINT((655.057420895852,137.33035612936,1837.31810534916));
#5104=IFCCARTESIANPOINT((654.932581996454,137.208616339512,1823.04309149426));
#5105=IFCCARTESIANPOINT((653.600000000015,136.699999999999,1267.25625214078));
#5106=IFCCARTESIANPOINT((654.891203822873,137.172651746379,1254.33873050595));
#5107=IFCCARTESIANPOINT((655.600000000015,138.699999999999,1269.9775745871));
#5108=IFCCARTESIANPOINT((655.600000000015,138.699999999999,1591.13125049258));
#5109=IFCCARTESIANPOINT((653.600000000015,136.699999999999,1590.75625394355));
#5110=IFCCARTESIANPOINT((653.600000000015,136.699999999999,1550.31875011267));
#5111=IFCCARTESIANPOINT((655.600000000015,138.699999999999,1550.44374753708));
#5112=IFCCARTESIANPOINT((655.600000000015,138.699999999999,1469.06874950742));
#5113=IFCCARTESIANPOINT((653.600000000015,136.699999999999,1469.44374966198));
#5114=IFCCARTESIANPOINT((653.600000000015,136.699999999999,1712.06875101406));
#5115=IFCCARTESIANPOINT((655.600000000015,138.699999999999,1713.19375147775));
#5116=IFCCARTESIANPOINT((655.600000000015,138.699999999999,1387.69375147775));
#5117=IFCCARTESIANPOINT((653.600000000015,136.699999999999,1388.56874921129));
#5118=IFCCARTESIANPOINT((653.600000000015,136.699999999999,1429.00625304217));
#5119=IFCCARTESIANPOINT((655.600000000015,138.699999999999,1428.38125049258));
#5120=IFCCARTESIANPOINT((653.600000000015,136.699999999999,1348.13125259148));
#5121=IFCCARTESIANPOINT((655.600000000015,138.699999999999,1347.00624852225));
#5122=IFCCARTESIANPOINT((655.600000000015,138.699999999999,1672.50624852225));
#5123=IFCCARTESIANPOINT((653.600000000015,136.699999999999,1671.63125439424));
#5124=IFCCARTESIANPOINT((653.600000000015,136.699999999999,1752.50625484493));
#5125=IFCCARTESIANPOINT((655.600000000015,138.699999999999,1753.88125049258));
#5126=IFCCARTESIANPOINT((654.954685672566,137.228664984244,1277.97629193496));
#5127=IFCCARTESIANPOINT((653.600000000015,136.699999999999,1257.1468743803));
#5128=IFCCARTESIANPOINT((655.032531563832,137.304344842494,1289.49002996048));
#5129=IFCCARTESIANPOINT((653.600000000015,136.699999999999,1307.6937487606));
#5130=IFCCARTESIANPOINT((653.600000000015,136.699999999999,1297.58437460565));
#5131=IFCCARTESIANPOINT((654.987267301779,137.259344096093,1302.63906488741));
#5132=IFCCARTESIANPOINT((655.004108447712,137.275753017518,1317.29753303348));
#5133=IFCCARTESIANPOINT((655.600000000015,138.699999999999,1296.1468717982));
#5134=IFCCARTESIANPOINT((655.038898946142,137.310910433831,1266.55826540906));
#5135=IFCCARTESIANPOINT((655.032939239321,137.304763412012,1811.61437263609));
#5136=IFCCARTESIANPOINT((653.600000000015,136.699999999999,1792.94375146475));
#5137=IFCCARTESIANPOINT((653.600000000015,136.699999999999,1803.0531256197));
#5138=IFCCARTESIANPOINT((654.983237246325,137.255474222998,1797.99843783507));
#5139=IFCCARTESIANPOINT((655.000454868411,137.272160316566,1783.41983592365));
#5140=IFCCARTESIANPOINT((655.600000000015,138.699999999999,1804.74062327596));
#5141=IFCCARTESIANPOINT((653.600000000015,136.699999999999,1631.19375056336));
#5142=IFCCARTESIANPOINT((654.986732085739,137.258828905915,1641.30312616826));
#5143=IFCCARTESIANPOINT((655.600000000015,138.699999999999,1509.75625246292));
#5144=IFCCARTESIANPOINT((653.600000000015,136.699999999999,1823.27187392961));
#5145=IFCCARTESIANPOINT((655.036095600005,137.308012418269,1601.30312647563));
#5146=IFCCARTESIANPOINT((655.030760613563,137.302529403986,1580.95937659415));
#5147=IFCCARTESIANPOINT((655.014213623952,137.28578649919,1540.20937669565));
#5148=IFCCARTESIANPOINT((655.008619440892,137.280214357451,1560.42812659155));
#5149=IFCCARTESIANPOINT((655.036095605727,137.308012424173,1458.89687728299));
#5150=IFCCARTESIANPOINT((655.00307333697,137.274733284213,1479.55312699848));
#5151=IFCCARTESIANPOINT((654.970854496289,137.243717764288,1701.95937584663));
#5152=IFCCARTESIANPOINT((654.965668826746,137.238853650144,1722.17812573895));
#5153=IFCCARTESIANPOINT((655.056551635114,137.32943174767,1377.5218776677));
#5154=IFCCARTESIANPOINT((654.981386969398,137.253704718661,1398.67812735509));
#5155=IFCCARTESIANPOINT((654.992128799957,137.264041294335,1439.11562718766));
#5156=IFCCARTESIANPOINT((655.046498963376,137.318826314688,1418.20937749126));
#5157=IFCCARTESIANPOINT((654.970854531607,137.243717797535,1358.24062747343));
#5158=IFCCARTESIANPOINT((655.066259330116,137.339822225996,1336.83437776557));
#5159=IFCCARTESIANPOINT((655.056551620331,137.32943173196,1682.67812599688));
#5160=IFCCARTESIANPOINT((655.051568761526,137.324155484581,1662.3343761171));
#5161=IFCCARTESIANPOINT((654.960537903893,137.234074827246,1742.3968756311));
#5162=IFCCARTESIANPOINT((654.955462495006,137.229380598293,1762.61562552311));
#5163=IFCCARTESIANPOINT((653.600000000015,136.699999999999,1277.36562629574));
#5164=IFCCARTESIANPOINT((655.600000000015,138.699999999999,1316.49062721663));
#5165=IFCCARTESIANPOINT((653.600000000015,136.699999999999,1317.80312652108));
#5166=IFCCARTESIANPOINT((655.600000000015,138.699999999999,1784.39687573888));
#5167=IFCCARTESIANPOINT((653.600000000015,136.699999999999,1782.83437730979));
#5168=IFCCARTESIANPOINT((655.041341470388,137.313445000807,1621.64687635655));
#5169=IFCCARTESIANPOINT((653.600000000015,136.699999999999,1641.30312832385));
#5170=IFCCARTESIANPOINT((655.600000000015,138.699999999999,1641.99062721663));
#5171=IFCCARTESIANPOINT((655.014213639186,137.285786514424,1519.9906267984));
#5172=IFCCARTESIANPOINT((655.025335776906,137.29699681999,1499.58437705976));
#5173=IFCCARTESIANPOINT((655.600000000015,138.699999999999,1601.30312426112));
#5174=IFCCARTESIANPOINT((653.600000000015,136.699999999999,1600.8656280985));
#5175=IFCCARTESIANPOINT((655.600000000015,138.699999999999,1580.95937672404));
#5176=IFCCARTESIANPOINT((653.600000000015,136.699999999999,1580.64687618306));
#5177=IFCCARTESIANPOINT((654.916947796315,137.19479287079,1591.1343088244));
#5178=IFCCARTESIANPOINT((653.600000000015,136.699999999999,1540.20937595772));
#5179=IFCCARTESIANPOINT((655.600000000015,138.699999999999,1540.27187376854));
#5180=IFCCARTESIANPOINT((653.600000000015,136.699999999999,1560.42812787316));
#5181=IFCCARTESIANPOINT((654.925142716279,137.202002409369,1570.70383869544));
#5182=IFCCARTESIANPOINT((655.600000000015,138.699999999999,1560.61562130562));
#5183=IFCCARTESIANPOINT((655.111354177539,137.390111245149,1550.32164867043));
#5184=IFCCARTESIANPOINT((655.600000000015,138.699999999999,1458.89687573888));
#5185=IFCCARTESIANPOINT((653.600000000015,136.699999999999,1459.33437550703));
#5186=IFCCARTESIANPOINT((653.600000000015,136.699999999999,1479.55312742247));
#5187=IFCCARTESIANPOINT((655.600000000015,138.699999999999,1479.24062327596));
#5188=IFCCARTESIANPOINT((655.093346609099,137.369618135594,1469.2373607625));
#5189=IFCCARTESIANPOINT((653.600000000015,136.699999999999,1701.9593768591));
#5190=IFCCARTESIANPOINT((655.600000000015,138.699999999999,1703.02187770921));
#5191=IFCCARTESIANPOINT((653.600000000015,136.699999999999,1722.17812877454));
#5192=IFCCARTESIANPOINT((655.600000000015,138.699999999999,1723.36562524629));
#5193=IFCCARTESIANPOINT((655.112025037867,137.390885686843,1712.07244632574));
#5194=IFCCARTESIANPOINT((655.600000000015,138.699999999999,1377.52187770921));
#5195=IFCCARTESIANPOINT((653.600000000015,136.699999999999,1378.45937505634));
#5196=IFCCARTESIANPOINT((653.600000000015,136.699999999999,1398.67812697178));
#5197=IFCCARTESIANPOINT((655.600000000015,138.699999999999,1397.86562524629));
#5198=IFCCARTESIANPOINT((655.071321943484,137.345300129671,1388.11916351628));
#5199=IFCCARTESIANPOINT((653.600000000015,136.699999999999,1439.11562719712));
#5200=IFCCARTESIANPOINT((655.600000000015,138.699999999999,1438.5531282018));
#5201=IFCCARTESIANPOINT((655.600000000015,138.699999999999,1418.20937278337));
#5202=IFCCARTESIANPOINT((653.600000000015,136.699999999999,1418.89687528168));
#5203=IFCCARTESIANPOINT((654.943045045348,137.218031712144,1428.64271128561));
#5204=IFCCARTESIANPOINT((653.600000000015,136.699999999999,1358.24062674643));
#5205=IFCCARTESIANPOINT((655.600000000015,138.699999999999,1357.17812229079));
#5206=IFCCARTESIANPOINT((655.600000000015,138.699999999999,1336.83437475371));
#5207=IFCCARTESIANPOINT((653.600000000015,136.699999999999,1338.02187483099));
#5208=IFCCARTESIANPOINT((654.966952380689,137.240054388351,1347.5140937421));
#5209=IFCCARTESIANPOINT((655.600000000015,138.699999999999,1682.67812229079));
#5210=IFCCARTESIANPOINT((653.600000000015,136.699999999999,1681.74062854919));
#5211=IFCCARTESIANPOINT((655.600000000015,138.699999999999,1662.33437475371));
#5212=IFCCARTESIANPOINT((655.076898064874,137.351381408248,1651.8003126666));
#5213=IFCCARTESIANPOINT((653.600000000015,136.699999999999,1661.52187663376));
#5214=IFCCARTESIANPOINT((654.916495651683,137.194397396674,1672.50970063981));
#5215=IFCCARTESIANPOINT((653.600000000015,136.699999999999,1742.39687708445));
#5216=IFCCARTESIANPOINT((655.600000000015,138.699999999999,1743.70937278337));
#5217=IFCCARTESIANPOINT((655.112595079848,137.391544374284,1732.29128442124));
#5218=IFCCARTESIANPOINT((653.600000000015,136.699999999999,1762.61562899989));
#5219=IFCCARTESIANPOINT((654.935803619464,137.211501195744,1773.0264361419));
#5220=IFCCARTESIANPOINT((655.600000000015,138.699999999999,1764.05312820179));
#5221=IFCCARTESIANPOINT((655.113271135435,137.392326313368,1752.51011972801));
#5222=IFCCARTESIANPOINT((655.600000000015,138.699999999999,1621.6468717982));
#5223=IFCCARTESIANPOINT((655.108057198088,137.386316823833,1611.4730734091));
#5224=IFCCARTESIANPOINT((653.600000000015,136.699999999999,1621.08437640841));
#5225=IFCCARTESIANPOINT((653.600000000015,136.699999999999,1519.99062764781));
#5226=IFCCARTESIANPOINT((654.909681391676,137.18846612597,1530.10000173626));
#5227=IFCCARTESIANPOINT((655.600000000015,138.699999999999,1519.92812623146));
#5228=IFCCARTESIANPOINT((655.600000000015,138.699999999999,1499.58437869438));
#5229=IFCCARTESIANPOINT((653.600000000015,136.699999999999,1499.77187573237));
#5230=IFCCARTESIANPOINT((654.919182050171,137.196750613322,1509.78208956126));
#5231=IFCCARTESIANPOINT((655.600000000015,142.699999999999,1204.6));
#5232=IFCCARTESIANPOINT((655.600000000015,142.699999999999,1855.6));
#5233=IFCCARTESIANPOINT((520.600000000015,162.699999999998,1847.6));
#5234=IFCCARTESIANPOINT((520.600000000015,142.699999999998,1847.6));
#5235=IFCCARTESIANPOINT((532.600000000015,141.699999999998,1835.6));
#5236=IFCCARTESIANPOINT((532.600000000015,162.699999999998,1835.6));
#5237=IFCCARTESIANPOINT((527.600000000015,136.699999999998,1840.6));
#5238=IFCCARTESIANPOINT((531.135533905948,138.164466094066,1837.06446609407));
#5239=IFCCARTESIANPOINT((571.63844396135,141.699999999998,1835.6));
#5240=IFCCARTESIANPOINT((584.099999422976,136.699999999998,1840.6));
#5241=IFCCARTESIANPOINT((596.56155676078,141.699999999998,1835.6));
#5242=IFCCARTESIANPOINT((584.099997594442,138.30520179476,1836.92912201977));
#5243=IFCCARTESIANPOINT((601.561556295553,136.699999999998,1840.6));
#5244=IFCCARTESIANPOINT((566.638443704476,136.699999999998,1840.6));
#5245=IFCCARTESIANPOINT((610.697978620053,138.706614131305,1836.59504793523));
#5246=IFCCARTESIANPOINT((557.502018213757,138.706614186635,1836.59504789387));
#5247=IFCCARTESIANPOINT((512.600000000015,138.699999999998,1855.6));
#5248=IFCCARTESIANPOINT((513.185786437642,137.285786437625,1855.01421356237));
#5249=IFCCARTESIANPOINT((514.600000000015,136.699999999998,1853.6));
#5250=IFCCARTESIANPOINT((563.980158945631,136.699999999998,1853.6));
#5251=IFCCARTESIANPOINT((584.100000507224,138.699999999998,1855.6));
#5252=IFCCARTESIANPOINT((606.219840746438,138.699999999999,1855.6));
#5253=IFCCARTESIANPOINT((548.34999974641,138.699999999998,1855.6));
#5254=IFCCARTESIANPOINT((608.790078872212,136.699999999999,1853.6));
#5255=IFCCARTESIANPOINT((586.385118308311,136.699999999999,1853.6));
#5256=IFCCARTESIANPOINT((539.290080073434,136.699999999998,1853.6));
#5257=IFCCARTESIANPOINT((630.909920373227,138.699999999999,1855.6));
#5258=IFCCARTESIANPOINT((631.195039436113,136.699999999999,1853.6));
#5259=IFCCARTESIANPOINT((619.992559154163,136.699999999999,1853.6));
#5260=IFCCARTESIANPOINT((537.290079626803,138.699999999998,1855.6));
#5261=IFCCARTESIANPOINT((526.945040036724,136.699999999998,1853.6));
#5262=IFCCARTESIANPOINT((643.254960186621,138.699999999999,1855.6));
#5263=IFCCARTESIANPOINT((618.564880559832,138.699999999999,1855.6));
#5264=IFCCARTESIANPOINT((524.945039813409,138.699999999998,1855.6));
#5265=IFCCARTESIANPOINT((641.254959963306,136.699999999999,1853.6));
#5266=IFCCARTESIANPOINT((636.224999556965,137.292358039249,1855.02075476784));
#5267=IFCCARTESIANPOINT((542.820039414385,137.326632212528,1855.05391228083));
#5268=IFCCARTESIANPOINT((566.225000126817,138.699999999998,1855.6));
#5269=IFCCARTESIANPOINT((575.18263802636,136.699999999998,1853.6));
#5270=IFCCARTESIANPOINT((556.461438904342,137.306528821985,1855.03465608285));
#5271=IFCCARTESIANPOINT((614.391318658601,137.2551086172,1854.9828553402));
#5272=IFCCARTESIANPOINT((569.581398070084,137.241802062651,1854.96881656021));
#5273=IFCCARTESIANPOINT((601.73506627163,137.221417090408,1854.94677116819));
#5274=IFCCARTESIANPOINT((551.635118908921,136.699999999998,1853.6));
#5275=IFCCARTESIANPOINT((625.277354201292,137.459510218058,1855.16881646501));
#5276=IFCCARTESIANPOINT((595.159920626831,138.699999999999,1855.6));
#5277=IFCCARTESIANPOINT((589.629959399744,137.331052770557,1855.05807526658));
#5278=IFCCARTESIANPOINT((597.587598590261,136.699999999999,1853.6));
#5279=IFCCARTESIANPOINT((524.499901664557,137.272995692061,1855.00130607118));
#5280=IFCCARTESIANPOINT((512.600000000015,142.699999999998,1855.6));
#5281=IFCCARTESIANPOINT((520.600000000015,162.699999999998,1212.6));
#5282=IFCCARTESIANPOINT((520.600000000014,142.699999999998,1212.6));
#5283=IFCCARTESIANPOINT((532.600000000015,141.699999999998,1224.6));
#5284=IFCCARTESIANPOINT((532.600000000015,162.699999999998,1224.6));
#5285=IFCCARTESIANPOINT((527.600000000015,136.699999999998,1219.6));
#5286=IFCCARTESIANPOINT((531.135533905948,138.164466094065,1223.13553390593));
#5287=IFCCARTESIANPOINT((527.600000000015,136.699999999998,1528.29245700157));
#5288=IFCCARTESIANPOINT((527.600000000015,136.699999999998,1684.44623600165));
#5289=IFCCARTESIANPOINT((527.600000000015,136.699999999998,1375.75376399835));
#5290=IFCCARTESIANPOINT((532.600000000015,141.699999999998,1530.09999819546));
#5291=IFCCARTESIANPOINT((532.600000000015,141.699999999998,1682.84999909773));
#5292=IFCCARTESIANPOINT((532.600000000015,141.699999999998,1377.34999729319));
#5293=IFCCARTESIANPOINT((527.600000000015,136.699999999998,1297.67688950004));
#5294=IFCCARTESIANPOINT((532.600000000015,141.699999999998,1300.97499684205));
#5295=IFCCARTESIANPOINT((532.600000000015,141.699999999998,1263.63844256863));
#5296=IFCCARTESIANPOINT((527.600000000015,136.699999999998,1762.52311049996));
#5297=IFCCARTESIANPOINT((532.600000000015,141.699999999998,1759.22499954886));
#5298=IFCCARTESIANPOINT((532.600000000015,141.699999999998,1721.0374993233));
#5299=IFCCARTESIANPOINT((527.600000000015,136.699999999998,1801.56156275084));
#5300=IFCCARTESIANPOINT((532.600000000015,141.699999999998,1606.47499864659));
#5301=IFCCARTESIANPOINT((527.600000000015,136.699999999998,1606.36934650161));
#5302=IFCCARTESIANPOINT((527.600000000015,136.699999999998,1645.40778375077));
#5303=IFCCARTESIANPOINT((527.600000000015,136.699999999998,1452.02311049996));
#5304=IFCCARTESIANPOINT((532.600000000015,141.699999999998,1453.72499774432));
#5305=IFCCARTESIANPOINT((532.600000000015,141.699999999998,1415.53749751876));
#5306=IFCCARTESIANPOINT((527.600000000015,136.699999999998,1258.63843724916));
#5307=IFCCARTESIANPOINT((532.600000000015,141.699999999998,1797.41249977443));
#5308=IFCCARTESIANPOINT((527.600000000015,136.699999999998,1723.48467325081));
#5309=IFCCARTESIANPOINT((527.600000000015,136.699999999998,1413.88843724916));
#5310=IFCCARTESIANPOINT((531.081634426137,138.111376068345,1432.95577583171));
#5311=IFCCARTESIANPOINT((531.171353763646,138.200652590124,1402.43539415686));
#5312=IFCCARTESIANPOINT((531.106182086701,138.135355953954,1462.53272088307));
#5313=IFCCARTESIANPOINT((532.600000000015,141.699999999998,1491.91249796989));
#5314=IFCCARTESIANPOINT((527.600000000015,136.699999999998,1490.15778375077));
#5315=IFCCARTESIANPOINT((531.233928920074,138.2656790185,1282.30672077618));
#5316=IFCCARTESIANPOINT((527.600000000015,136.699999999998,1336.71532674919));
#5317=IFCCARTESIANPOINT((531.049910579506,138.080867922619,1313.75377518662));
#5318=IFCCARTESIANPOINT((532.600000000015,141.699999999998,1339.16249706762));
#5319=IFCCARTESIANPOINT((531.206078150656,138.236446857419,1253.12313253535));
#5320=IFCCARTESIANPOINT((531.187083483174,138.216778490411,1701.94374511843));
#5321=IFCCARTESIANPOINT((531.100765138441,138.130035932171,1671.45874093531));
#5322=IFCCARTESIANPOINT((532.600000000015,141.699999999998,1644.66249887216));
#5323=IFCCARTESIANPOINT((531.131934566134,138.160870414824,1625.56874585576));
#5324=IFCCARTESIANPOINT((531.174893785093,138.204269114274,1731.3567869533));
#5325=IFCCARTESIANPOINT((531.137565451537,138.166498807669,1595.60657122841));
#5326=IFCCARTESIANPOINT((527.600000000015,136.699999999998,1567.33090925246));
#5327=IFCCARTESIANPOINT((532.600000000015,141.699999999998,1568.28749842103));
#5328=IFCCARTESIANPOINT((531.16705850345,138.196274321086,1549.19374661624));
#5329=IFCCARTESIANPOINT((531.166082130905,138.195280576743,1519.65089302769));
#5330=IFCCARTESIANPOINT((531.187083521756,138.216778530144,1358.25624852339));
#5331=IFCCARTESIANPOINT((531.236352030238,138.26824477675,1778.31874474968));
#5332=IFCCARTESIANPOINT((531.193794771048,138.223703242859,1807.44988031386));
#5333=IFCCARTESIANPOINT((531.137228178496,138.16616117892,1490.49203059577));
#5334=IFCCARTESIANPOINT((512.600000000015,138.699999999998,1204.6));
#5335=IFCCARTESIANPOINT((513.185786437642,137.285786437625,1205.18578643763));
#5336=IFCCARTESIANPOINT((514.600000000015,136.699999999998,1206.6));
#5337=IFCCARTESIANPOINT((512.600000000015,138.699999999998,1530.1));
#5338=IFCCARTESIANPOINT((512.600000000015,138.699999999998,1692.85));
#5339=IFCCARTESIANPOINT((512.600000000015,138.699999999998,1367.35));
#5340=IFCCARTESIANPOINT((514.600000000015,136.699999999998,1530.1));
#5341=IFCCARTESIANPOINT((514.600000000015,136.699999999998,1691.84999819723));
#5342=IFCCARTESIANPOINT((514.600000000015,136.699999999998,1368.35000180277));
#5343=IFCCARTESIANPOINT((514.600000000015,136.699999999998,1287.47500270415));
#5344=IFCCARTESIANPOINT((512.600000000015,138.699999999998,1285.97500197034));
#5345=IFCCARTESIANPOINT((512.600000000015,138.699999999998,1326.66250098517));
#5346=IFCCARTESIANPOINT((514.600000000015,136.699999999998,1327.91250225346));
#5347=IFCCARTESIANPOINT((514.600000000015,136.699999999998,1772.72499729585));
#5348=IFCCARTESIANPOINT((512.600000000015,138.699999999998,1774.22499802966));
#5349=IFCCARTESIANPOINT((512.600000000015,138.699999999998,1806.21984491479));
#5350=IFCCARTESIANPOINT((514.600000000015,136.699999999998,1813.16249684516));
#5351=IFCCARTESIANPOINT((514.600000000015,136.699999999998,1449.22500090138));
#5352=IFCCARTESIANPOINT((512.600000000015,138.699999999998,1448.72499802966));
#5353=IFCCARTESIANPOINT((512.600000000015,138.699999999998,1489.41250098517));
#5354=IFCCARTESIANPOINT((514.600000000015,136.699999999998,1489.66250045069));
#5355=IFCCARTESIANPOINT((514.600000000015,136.699999999998,1610.97499909862));
#5356=IFCCARTESIANPOINT((512.600000000015,138.699999999998,1611.47500197034));
#5357=IFCCARTESIANPOINT((512.600000000015,138.699999999998,1652.16250098517));
#5358=IFCCARTESIANPOINT((514.600000000015,136.699999999998,1651.41249864792));
#5359=IFCCARTESIANPOINT((514.600000000015,136.699999999998,1247.03750315484));
#5360=IFCCARTESIANPOINT((512.600000000015,138.699999999998,1245.28749901483));
#5361=IFCCARTESIANPOINT((512.600000000015,138.699999999998,1265.63125049258));
#5362=IFCCARTESIANPOINT((512.600000000015,138.699999999998,1830.90992442773));
#5363=IFCCARTESIANPOINT((514.600000000015,136.699999999998,1833.38125022534));
#5364=IFCCARTESIANPOINT((512.600000000015,138.699999999998,1229.29007951294));
#5365=IFCCARTESIANPOINT((514.600000000015,136.699999999998,1226.81874977465));
#5366=IFCCARTESIANPOINT((514.600000000015,136.699999999998,1732.28749774654));
#5367=IFCCARTESIANPOINT((512.600000000015,138.699999999998,1733.53749901483));
#5368=IFCCARTESIANPOINT((512.600000000015,138.699999999998,1753.88125049258));
#5369=IFCCARTESIANPOINT((514.600000000015,136.699999999998,1408.78750135207));
#5370=IFCCARTESIANPOINT((512.600000000015,138.699999999998,1408.03749901483));
#5371=IFCCARTESIANPOINT((512.600000000015,138.699999999998,1428.38125049258));
#5372=IFCCARTESIANPOINT((512.600000000015,138.699999999998,1570.78749901483));
#5373=IFCCARTESIANPOINT((514.600000000015,136.699999999998,1570.53749954931));
#5374=IFCCARTESIANPOINT((514.600000000015,136.699999999998,1550.31874977465));
#5375=IFCCARTESIANPOINT((512.600000000015,138.699999999998,1843.25496024353));
#5376=IFCCARTESIANPOINT((512.600000000015,138.699999999998,1216.94503975647));
#5377=IFCCARTESIANPOINT((514.600000000015,136.699999999998,1841.25496223235));
#5378=IFCCARTESIANPOINT((513.142579145665,137.330356085214,1837.31810488398));
#5379=IFCCARTESIANPOINT((514.600000000015,136.699999999998,1823.27187353525));
#5380=IFCCARTESIANPOINT((512.600000000015,138.699999999998,1818.56488467126));
#5381=IFCCARTESIANPOINT((513.243425708361,137.230406113503,1818.2171864679));
#5382=IFCCARTESIANPOINT((514.600000000015,136.699999999998,1218.94503776765));
#5383=IFCCARTESIANPOINT((513.142579104178,137.33035612936,1222.88189465084));
#5384=IFCCARTESIANPOINT((513.267418003575,137.208616339512,1237.15690850574));
#5385=IFCCARTESIANPOINT((514.600000000015,136.699999999998,1792.9437470705));
#5386=IFCCARTESIANPOINT((513.308796177157,137.172651746378,1805.86126949405));
#5387=IFCCARTESIANPOINT((512.600000000015,138.699999999998,1790.22242147223));
#5388=IFCCARTESIANPOINT((512.600000000015,138.699999999998,1469.06874950742));
#5389=IFCCARTESIANPOINT((514.600000000015,136.699999999998,1469.44375067604));
#5390=IFCCARTESIANPOINT((514.600000000015,136.699999999998,1509.88125022535));
#5391=IFCCARTESIANPOINT((512.600000000015,138.699999999998,1509.75624852225));
#5392=IFCCARTESIANPOINT((512.600000000015,138.699999999998,1591.13125049258));
#5393=IFCCARTESIANPOINT((514.600000000015,136.699999999998,1590.75624932396));
#5394=IFCCARTESIANPOINT((514.600000000015,136.699999999998,1348.13125202811));
#5395=IFCCARTESIANPOINT((512.600000000015,138.699999999998,1347.00625246292));
#5396=IFCCARTESIANPOINT((512.600000000015,138.699999999998,1672.50625246292));
#5397=IFCCARTESIANPOINT((514.600000000015,136.699999999998,1671.63124842258));
#5398=IFCCARTESIANPOINT((514.600000000015,136.699999999998,1631.19374887327));
#5399=IFCCARTESIANPOINT((512.600000000015,138.699999999998,1631.81874950742));
#5400=IFCCARTESIANPOINT((514.600000000015,136.699999999998,1712.06874797189));
#5401=IFCCARTESIANPOINT((512.600000000015,138.699999999998,1713.19374753708));
#5402=IFCCARTESIANPOINT((512.600000000015,138.699999999998,1387.69374753708));
#5403=IFCCARTESIANPOINT((514.600000000015,136.699999999998,1388.56875157742));
#5404=IFCCARTESIANPOINT((514.600000000015,136.699999999998,1307.6937524788));
#5405=IFCCARTESIANPOINT((512.600000000015,138.699999999998,1306.31874950742));
#5406=IFCCARTESIANPOINT((513.245314327464,137.228664984244,1782.22370806504));
#5407=IFCCARTESIANPOINT((514.600000000015,136.699999999998,1803.0531237606));
#5408=IFCCARTESIANPOINT((513.167468436198,137.304344842494,1770.70997003952));
#5409=IFCCARTESIANPOINT((514.600000000015,136.699999999998,1752.5062475212));
#5410=IFCCARTESIANPOINT((514.600000000015,136.699999999998,1762.61562421129));
#5411=IFCCARTESIANPOINT((513.212732698251,137.259344096093,1757.56093511259));
#5412=IFCCARTESIANPOINT((513.195891552318,137.275753017517,1742.90246696652));
#5413=IFCCARTESIANPOINT((512.600000000015,138.699999999998,1764.05312426112));
#5414=IFCCARTESIANPOINT((513.161101053888,137.310910433831,1793.64173459094));
#5415=IFCCARTESIANPOINT((513.167060760709,137.304763412011,1248.5856273639));
#5416=IFCCARTESIANPOINT((514.600000000015,136.699999999998,1267.2562529295));
#5417=IFCCARTESIANPOINT((514.600000000015,136.699999999998,1257.1468762394));
#5418=IFCCARTESIANPOINT((513.216762753705,137.255474222997,1262.20156216493));
#5419=IFCCARTESIANPOINT((513.199545131618,137.272160316566,1276.78016407635));
#5420=IFCCARTESIANPOINT((512.600000000015,138.699999999998,1255.45937278337));
#5421=IFCCARTESIANPOINT((514.600000000015,136.699999999998,1429.00625112673));
#5422=IFCCARTESIANPOINT((513.213267914291,137.258828905914,1418.89687383174));
#5423=IFCCARTESIANPOINT((512.600000000015,138.699999999998,1550.44375147775));
#5424=IFCCARTESIANPOINT((514.600000000015,136.699999999998,1236.92812646475));
#5425=IFCCARTESIANPOINT((513.163904400025,137.308012418269,1458.89687352437));
#5426=IFCCARTESIANPOINT((513.169239386467,137.302529403986,1479.24062340585));
#5427=IFCCARTESIANPOINT((513.185786376078,137.285786499189,1519.99062330435));
#5428=IFCCARTESIANPOINT((513.191380559138,137.280214357451,1499.77187340845));
#5429=IFCCARTESIANPOINT((513.163904394302,137.308012424172,1601.30312271701));
#5430=IFCCARTESIANPOINT((513.19692666306,137.274733284213,1580.64687300152));
#5431=IFCCARTESIANPOINT((513.229145503741,137.243717764288,1358.24062415337));
#5432=IFCCARTESIANPOINT((513.234331173284,137.238853650143,1338.02187426105));
#5433=IFCCARTESIANPOINT((513.143448364916,137.32943174767,1682.6781223323));
#5434=IFCCARTESIANPOINT((513.218613030632,137.253704718661,1661.52187264491));
#5435=IFCCARTESIANPOINT((513.207871200072,137.264041294335,1621.08437281234));
#5436=IFCCARTESIANPOINT((513.153501036654,137.318826314687,1641.99062250874));
#5437=IFCCARTESIANPOINT((513.229145468423,137.243717797534,1701.95937252657));
#5438=IFCCARTESIANPOINT((513.133740669914,137.339822225995,1723.36562223443));
#5439=IFCCARTESIANPOINT((513.143448379698,137.32943173196,1377.52187400312));
#5440=IFCCARTESIANPOINT((513.148431238503,137.324155484581,1397.8656238829));
#5441=IFCCARTESIANPOINT((513.239462096136,137.234074827246,1317.8031243689));
#5442=IFCCARTESIANPOINT((513.244537505024,137.229380598293,1297.58437447689));
#5443=IFCCARTESIANPOINT((514.600000000015,136.699999999998,1782.83437038041));
#5444=IFCCARTESIANPOINT((512.600000000015,138.699999999998,1743.70937672404));
#5445=IFCCARTESIANPOINT((514.600000000015,136.699999999998,1742.3968708311));
#5446=IFCCARTESIANPOINT((512.600000000015,138.699999999998,1275.8031282018));
#5447=IFCCARTESIANPOINT((514.600000000015,136.699999999998,1277.36562961959));
#5448=IFCCARTESIANPOINT((513.158658529642,137.313445000807,1438.55312364345));
#5449=IFCCARTESIANPOINT((514.600000000015,136.699999999998,1418.89687443664));
#5450=IFCCARTESIANPOINT((512.600000000015,138.699999999998,1418.20937672404));
#5451=IFCCARTESIANPOINT((513.185786360843,137.285786514424,1540.2093732016));
#5452=IFCCARTESIANPOINT((513.174664223124,137.296996819989,1560.61562294024));
#5453=IFCCARTESIANPOINT((512.600000000015,138.699999999998,1458.8968717982));
#5454=IFCCARTESIANPOINT((514.600000000015,136.699999999998,1459.33437398594));
#5455=IFCCARTESIANPOINT((512.600000000015,138.699999999998,1479.24062721663));
#5456=IFCCARTESIANPOINT((514.600000000015,136.699999999998,1479.55312736613));
#5457=IFCCARTESIANPOINT((513.283052203715,137.19479287079,1469.0656911756));
#5458=IFCCARTESIANPOINT((514.600000000015,136.699999999998,1519.99062691544));
#5459=IFCCARTESIANPOINT((512.600000000015,138.699999999998,1519.92812229079));
#5460=IFCCARTESIANPOINT((514.600000000015,136.699999999998,1499.77187353525));
#5461=IFCCARTESIANPOINT((513.274857283751,137.202002409368,1489.49616130456));
#5462=IFCCARTESIANPOINT((512.600000000015,138.699999999998,1499.58437475371));
#5463=IFCCARTESIANPOINT((513.088645822491,137.390111245149,1509.87835132957));
#5464=IFCCARTESIANPOINT((512.600000000015,138.699999999998,1601.3031282018));
#5465=IFCCARTESIANPOINT((514.600000000015,136.699999999998,1600.86562601406));
#5466=IFCCARTESIANPOINT((514.600000000015,136.699999999998,1580.64687263387));
#5467=IFCCARTESIANPOINT((512.600000000015,138.699999999998,1580.95937278337));
#5468=IFCCARTESIANPOINT((513.106653390931,137.369618135593,1590.9626392375));
#5469=IFCCARTESIANPOINT((514.600000000015,136.699999999998,1358.24062871821));
#5470=IFCCARTESIANPOINT((512.600000000015,138.699999999998,1357.17812623146));
#5471=IFCCARTESIANPOINT((514.600000000015,136.699999999998,1338.02187533802));
#5472=IFCCARTESIANPOINT((512.600000000015,138.699999999998,1336.83437869438));
#5473=IFCCARTESIANPOINT((513.087974962163,137.390885686843,1348.12755367426));
#5474=IFCCARTESIANPOINT((512.600000000015,138.699999999998,1682.67812623146));
#5475=IFCCARTESIANPOINT((514.600000000015,136.699999999998,1681.74062511267));
#5476=IFCCARTESIANPOINT((514.600000000015,136.699999999998,1661.52187173249));
#5477=IFCCARTESIANPOINT((512.600000000015,138.699999999998,1662.33437869438));
#5478=IFCCARTESIANPOINT((513.128678056546,137.34530012967,1672.08083648372));
#5479=IFCCARTESIANPOINT((514.600000000015,136.699999999998,1621.08437218318));
#5480=IFCCARTESIANPOINT((512.600000000015,138.699999999998,1621.64687573888));
#5481=IFCCARTESIANPOINT((512.600000000015,138.699999999998,1641.99062327596));
#5482=IFCCARTESIANPOINT((514.600000000015,136.699999999998,1641.30312556336));
#5483=IFCCARTESIANPOINT((513.256954954682,137.218031712144,1631.55728871439));
#5484=IFCCARTESIANPOINT((514.600000000015,136.699999999998,1701.95937128179));
#5485=IFCCARTESIANPOINT((512.600000000015,138.699999999998,1703.02187376854));
#5486=IFCCARTESIANPOINT((512.600000000015,138.699999999998,1723.36562130562));
#5487=IFCCARTESIANPOINT((514.600000000015,136.699999999998,1722.17812466198));
#5488=IFCCARTESIANPOINT((513.233047619341,137.24005438835,1712.6859062579));
#5489=IFCCARTESIANPOINT((512.600000000015,138.699999999998,1377.52187376854));
#5490=IFCCARTESIANPOINT((514.600000000015,136.699999999998,1378.45937488733));
#5491=IFCCARTESIANPOINT((512.600000000015,138.699999999998,1397.86562130562));
#5492=IFCCARTESIANPOINT((513.123101935155,137.351381408248,1408.3996873334));
#5493=IFCCARTESIANPOINT((514.600000000015,136.699999999998,1398.67812826751));
#5494=IFCCARTESIANPOINT((513.283504348346,137.194397396674,1387.69029936019));
#5495=IFCCARTESIANPOINT((514.600000000015,136.699999999998,1317.8031291689));
#5496=IFCCARTESIANPOINT((512.600000000015,138.699999999998,1316.49062327596));
#5497=IFCCARTESIANPOINT((513.087404920181,137.391544374284,1327.90871557876));
#5498=IFCCARTESIANPOINT((514.600000000015,136.699999999998,1297.58437578871));
#5499=IFCCARTESIANPOINT((513.264196380566,137.211501195744,1287.1735638581));
#5500=IFCCARTESIANPOINT((512.600000000015,138.699999999998,1296.14687573888));
#5501=IFCCARTESIANPOINT((513.086728864595,137.392326313368,1307.68988027199));
#5502=IFCCARTESIANPOINT((512.600000000015,138.699999999998,1438.55312426112));
#5503=IFCCARTESIANPOINT((513.091942801942,137.386316823833,1448.72692659089));
#5504=IFCCARTESIANPOINT((514.600000000015,136.699999999998,1439.11562781682));
#5505=IFCCARTESIANPOINT((514.600000000015,136.699999999998,1540.20937308456));
#5506=IFCCARTESIANPOINT((513.290318608353,137.18846612597,1530.09999826374));
#5507=IFCCARTESIANPOINT((512.600000000015,138.699999999998,1540.27187770921));
#5508=IFCCARTESIANPOINT((512.600000000015,138.699999999998,1560.61562524629));
#5509=IFCCARTESIANPOINT((514.600000000015,136.699999999998,1560.42812646475));
#5510=IFCCARTESIANPOINT((513.280817949858,137.196750613321,1550.41791043874));
#5511=IFCCARTESIANPOINT((512.600000000015,142.699999999998,1204.6));
#5512=IFCCARTESIANPOINT((596.561556038679,141.699999999998,1224.6));
#5513=IFCCARTESIANPOINT((584.100000577054,136.699999999998,1219.6));
#5514=IFCCARTESIANPOINT((571.63844396135,141.699999999998,1224.6));
#5515=IFCCARTESIANPOINT((584.100002405588,138.30520179476,1223.27087798023));
#5516=IFCCARTESIANPOINT((566.638444858554,136.699999999998,1219.6));
#5517=IFCCARTESIANPOINT((601.561556295553,136.699999999998,1219.6));
#5518=IFCCARTESIANPOINT((557.502021379976,138.706614131305,1223.60495206477));
#5519=IFCCARTESIANPOINT((610.697981786273,138.706614186635,1223.60495210612));
#5520=IFCCARTESIANPOINT((604.219841054399,136.699999999999,1206.6));
#5521=IFCCARTESIANPOINT((584.100000000015,138.699999999998,1204.6));
#5522=IFCCARTESIANPOINT((561.980159290057,138.699999999998,1204.6));
#5523=IFCCARTESIANPOINT((619.850000507224,138.699999999999,1204.6));
#5524=IFCCARTESIANPOINT((559.409921127818,136.699999999998,1206.6));
#5525=IFCCARTESIANPOINT((581.814881691719,136.699999999999,1206.6));
#5526=IFCCARTESIANPOINT((628.909919926596,136.699999999999,1206.6));
#5527=IFCCARTESIANPOINT((537.290080152245,138.699999999998,1204.6));
#5528=IFCCARTESIANPOINT((537.004960563916,136.699999999998,1206.6));
#5529=IFCCARTESIANPOINT((548.207440845867,136.699999999998,1206.6));
#5530=IFCCARTESIANPOINT((630.909919847785,138.699999999999,1204.6));
#5531=IFCCARTESIANPOINT((641.254959963305,136.699999999999,1206.6));
#5532=IFCCARTESIANPOINT((524.94504007613,138.699999999998,1204.6));
#5533=IFCCARTESIANPOINT((549.635119213942,138.699999999998,1204.6));
#5534=IFCCARTESIANPOINT((643.2549599239,138.699999999999,1204.6));
#5535=IFCCARTESIANPOINT((526.945040036724,136.699999999998,1206.6));
#5536=IFCCARTESIANPOINT((531.975000443065,137.292358039249,1205.17924523216));
#5537=IFCCARTESIANPOINT((625.379960585644,137.326632212528,1205.14608771917));
#5538=IFCCARTESIANPOINT((601.975000760828,138.699999999999,1204.6));
#5539=IFCCARTESIANPOINT((593.01736197367,136.699999999999,1206.6));
#5540=IFCCARTESIANPOINT((611.738561095688,137.306528821986,1205.16534391715));
#5541=IFCCARTESIANPOINT((553.808681341428,137.2551086172,1205.2171446598));
#5542=IFCCARTESIANPOINT((598.618601929945,137.241802062651,1205.23118343979));
#5543=IFCCARTESIANPOINT((566.4649337284,137.221417090408,1205.25322883181));
#5544=IFCCARTESIANPOINT((616.564881091108,136.699999999999,1206.6));
#5545=IFCCARTESIANPOINT((542.922645798737,137.459510218058,1205.03118353499));
#5546=IFCCARTESIANPOINT((573.040079645036,138.699999999998,1204.6));
#5547=IFCCARTESIANPOINT((578.570040600286,137.331052770557,1205.14192473342));
#5548=IFCCARTESIANPOINT((570.612401409768,136.699999999998,1206.6));
#5549=IFCCARTESIANPOINT((643.700098335472,137.272995692061,1205.19869392882));
#5550=IFCPOLYLOOP((#4994,#4995,#4992,#4993));
#5551=IFCFACEOUTERBOUND(#5550,.T.);
#5552=IFCFACE((#5551));
#5553=IFCPOLYLOOP((#4999,#4996,#5024,#5014,#5015,#5008,#5039,#5017,#5044,#5007,#5030,#5021,#5022,#5009,#5035,#5011,#5012,#4997,#4998));
#5554=IFCFACEOUTERBOUND(#5553,.T.);
#5555=IFCFACE((#5554));
#5556=IFCPOLYLOOP((#5010,#5023,#5032));
#5557=IFCFACEOUTERBOUND(#5556,.T.);
#5558=IFCFACE((#5557));
#5559=IFCPOLYLOOP((#5037,#5041,#5025));
#5560=IFCFACEOUTERBOUND(#5559,.T.);
#5561=IFCFACE((#5560));
#5562=IFCPOLYLOOP((#5049,#5048,#5024));
#5563=IFCFACEOUTERBOUND(#5562,.T.);
#5564=IFCFACE((#5563));
#5565=IFCPOLYLOOP((#5032,#5034,#5010));
#5566=IFCFACEOUTERBOUND(#5565,.T.);
#5567=IFCFACE((#5566));
#5568=IFCPOLYLOOP((#5014,#5024,#5048));
#5569=IFCFACEOUTERBOUND(#5568,.T.);
#5570=IFCFACE((#5569));
#5571=IFCPOLYLOOP((#5028,#5027,#5026));
#5572=IFCFACEOUTERBOUND(#5571,.T.);
#5573=IFCFACE((#5572));
#5574=IFCPOLYLOOP((#5037,#5008,#5015));
#5575=IFCFACEOUTERBOUND(#5574,.T.);
#5576=IFCFACE((#5575));
#5577=IFCPOLYLOOP((#5040,#5019,#5018));
#5578=IFCFACEOUTERBOUND(#5577,.T.);
#5579=IFCFACE((#5578));
#5580=IFCPOLYLOOP((#5050,#5031,#5029));
#5581=IFCFACEOUTERBOUND(#5580,.T.);
#5582=IFCFACE((#5581));
#5583=IFCPOLYLOOP((#5042,#5045,#5044));
#5584=IFCFACEOUTERBOUND(#5583,.T.);
#5585=IFCFACE((#5584));
#5586=IFCPOLYLOOP((#5033,#5034,#5047));
#5587=IFCFACEOUTERBOUND(#5586,.T.);
#5588=IFCFACE((#5587));
#5589=IFCPOLYLOOP((#5002,#4997,#5036));
#5590=IFCFACEOUTERBOUND(#5589,.T.);
#5591=IFCFACE((#5590));
#5592=IFCPOLYLOOP((#5036,#5032,#5023));
#5593=IFCFACEOUTERBOUND(#5592,.T.);
#5594=IFCFACE((#5593));
#5595=IFCPOLYLOOP((#5016,#5048,#5049));
#5596=IFCFACEOUTERBOUND(#5595,.T.);
#5597=IFCFACE((#5596));
#5598=IFCPOLYLOOP((#5042,#5040,#5018));
#5599=IFCFACEOUTERBOUND(#5598,.T.);
#5600=IFCFACE((#5599));
#5601=IFCPOLYLOOP((#5037,#5015,#5041));
#5602=IFCFACEOUTERBOUND(#5601,.T.);
#5603=IFCFACE((#5602));
#5604=IFCPOLYLOOP((#5049,#5024,#4996));
#5605=IFCFACEOUTERBOUND(#5604,.T.);
#5606=IFCFACE((#5605));
#5607=IFCPOLYLOOP((#5049,#5003,#5000));
#5608=IFCFACEOUTERBOUND(#5607,.T.);
#5609=IFCFACE((#5608));
#5610=IFCPOLYLOOP((#5037,#5005,#5038));
#5611=IFCFACEOUTERBOUND(#5610,.T.);
#5612=IFCFACE((#5611));
#5613=IFCPOLYLOOP((#5039,#5038,#5040));
#5614=IFCFACEOUTERBOUND(#5613,.T.);
#5615=IFCFACE((#5614));
#5616=IFCPOLYLOOP((#5028,#5026,#5006));
#5617=IFCFACEOUTERBOUND(#5616,.T.);
#5618=IFCFACE((#5617));
#5619=IFCPOLYLOOP((#5029,#5027,#5021));
#5620=IFCFACEOUTERBOUND(#5619,.T.);
#5621=IFCFACE((#5620));
#5622=IFCPOLYLOOP((#5027,#5022,#5021));
#5623=IFCFACEOUTERBOUND(#5622,.T.);
#5624=IFCFACE((#5623));
#5625=IFCPOLYLOOP((#5036,#5023,#5001));
#5626=IFCFACEOUTERBOUND(#5625,.T.);
#5627=IFCFACE((#5626));
#5628=IFCPOLYLOOP((#5012,#5011,#5032));
#5629=IFCFACEOUTERBOUND(#5628,.T.);
#5630=IFCFACE((#5629));
#5631=IFCPOLYLOOP((#5029,#5020,#5027));
#5632=IFCFACEOUTERBOUND(#5631,.T.);
#5633=IFCFACE((#5632));
#5634=IFCPOLYLOOP((#5048,#5013,#5041));
#5635=IFCFACEOUTERBOUND(#5634,.T.);
#5636=IFCFACE((#5635));
#5637=IFCPOLYLOOP((#5026,#5027,#5020));
#5638=IFCFACEOUTERBOUND(#5637,.T.);
#5639=IFCFACE((#5638));
#5640=IFCPOLYLOOP((#5022,#5027,#5028));
#5641=IFCFACEOUTERBOUND(#5640,.T.);
#5642=IFCFACE((#5641));
#5643=IFCPOLYLOOP((#5028,#5009,#5022));
#5644=IFCFACEOUTERBOUND(#5643,.T.);
#5645=IFCFACE((#5644));
#5646=IFCPOLYLOOP((#5047,#5009,#5028));
#5647=IFCFACEOUTERBOUND(#5646,.T.);
#5648=IFCFACE((#5647));
#5649=IFCPOLYLOOP((#5046,#5004,#5031));
#5650=IFCFACEOUTERBOUND(#5649,.T.);
#5651=IFCFACE((#5650));
#5652=IFCPOLYLOOP((#5031,#5020,#5029));
#5653=IFCFACEOUTERBOUND(#5652,.T.);
#5654=IFCFACE((#5653));
#5655=IFCPOLYLOOP((#5046,#5045,#5004));
#5656=IFCFACEOUTERBOUND(#5655,.T.);
#5657=IFCFACE((#5656));
#5658=IFCPOLYLOOP((#5029,#5021,#5030));
#5659=IFCFACEOUTERBOUND(#5658,.T.);
#5660=IFCFACE((#5659));
#5661=IFCPOLYLOOP((#5036,#5012,#5032));
#5662=IFCFACEOUTERBOUND(#5661,.T.);
#5663=IFCFACE((#5662));
#5664=IFCPOLYLOOP((#5012,#5036,#4997));
#5665=IFCFACEOUTERBOUND(#5664,.T.);
#5666=IFCFACE((#5665));
#5667=IFCPOLYLOOP((#5011,#5034,#5032));
#5668=IFCFACEOUTERBOUND(#5667,.T.);
#5669=IFCFACE((#5668));
#5670=IFCPOLYLOOP((#5034,#5033,#5010));
#5671=IFCFACEOUTERBOUND(#5670,.T.);
#5672=IFCFACE((#5671));
#5673=IFCPOLYLOOP((#5047,#5035,#5009));
#5674=IFCFACEOUTERBOUND(#5673,.T.);
#5675=IFCFACE((#5674));
#5676=IFCPOLYLOOP((#5033,#5047,#5006));
#5677=IFCFACEOUTERBOUND(#5676,.T.);
#5678=IFCFACE((#5677));
#5679=IFCPOLYLOOP((#5034,#5011,#5035));
#5680=IFCFACEOUTERBOUND(#5679,.T.);
#5681=IFCFACE((#5680));
#5682=IFCPOLYLOOP((#5002,#5036,#5001));
#5683=IFCFACEOUTERBOUND(#5682,.T.);
#5684=IFCFACE((#5683));
#5685=IFCPOLYLOOP((#5008,#5037,#5038));
#5686=IFCFACEOUTERBOUND(#5685,.T.);
#5687=IFCFACE((#5686));
#5688=IFCPOLYLOOP((#5005,#5037,#5025));
#5689=IFCFACEOUTERBOUND(#5688,.T.);
#5690=IFCFACE((#5689));
#5691=IFCPOLYLOOP((#5042,#5017,#5040));
#5692=IFCFACEOUTERBOUND(#5691,.T.);
#5693=IFCFACE((#5692));
#5694=IFCPOLYLOOP((#5038,#5005,#5019));
#5695=IFCFACEOUTERBOUND(#5694,.T.);
#5696=IFCFACE((#5695));
#5697=IFCPOLYLOOP((#5039,#5008,#5038));
#5698=IFCFACEOUTERBOUND(#5697,.T.);
#5699=IFCFACE((#5698));
#5700=IFCPOLYLOOP((#5017,#5039,#5040));
#5701=IFCFACEOUTERBOUND(#5700,.T.);
#5702=IFCFACE((#5701));
#5703=IFCPOLYLOOP((#5019,#5040,#5038));
#5704=IFCFACEOUTERBOUND(#5703,.T.);
#5705=IFCFACE((#5704));
#5706=IFCPOLYLOOP((#5025,#5041,#5013));
#5707=IFCFACEOUTERBOUND(#5706,.T.);
#5708=IFCFACE((#5707));
#5709=IFCPOLYLOOP((#5041,#5015,#5014));
#5710=IFCFACEOUTERBOUND(#5709,.T.);
#5711=IFCFACE((#5710));
#5712=IFCPOLYLOOP((#5007,#5044,#5045));
#5713=IFCFACEOUTERBOUND(#5712,.T.);
#5714=IFCFACE((#5713));
#5715=IFCPOLYLOOP((#5044,#5017,#5042));
#5716=IFCFACEOUTERBOUND(#5715,.T.);
#5717=IFCFACE((#5716));
#5718=IFCPOLYLOOP((#5043,#5004,#5045));
#5719=IFCFACEOUTERBOUND(#5718,.T.);
#5720=IFCFACE((#5719));
#5721=IFCPOLYLOOP((#5042,#5018,#5043));
#5722=IFCFACEOUTERBOUND(#5721,.T.);
#5723=IFCFACE((#5722));
#5724=IFCPOLYLOOP((#5046,#5007,#5045));
#5725=IFCFACEOUTERBOUND(#5724,.T.);
#5726=IFCFACE((#5725));
#5727=IFCPOLYLOOP((#5043,#5045,#5042));
#5728=IFCFACEOUTERBOUND(#5727,.T.);
#5729=IFCFACE((#5728));
#5730=IFCPOLYLOOP((#5046,#5030,#5007));
#5731=IFCFACEOUTERBOUND(#5730,.T.);
#5732=IFCFACE((#5731));
#5733=IFCPOLYLOOP((#5050,#5030,#5046));
#5734=IFCFACEOUTERBOUND(#5733,.T.);
#5735=IFCFACE((#5734));
#5736=IFCPOLYLOOP((#5034,#5035,#5047));
#5737=IFCFACEOUTERBOUND(#5736,.T.);
#5738=IFCFACE((#5737));
#5739=IFCPOLYLOOP((#5006,#5047,#5028));
#5740=IFCFACEOUTERBOUND(#5739,.T.);
#5741=IFCFACE((#5740));
#5742=IFCPOLYLOOP((#5014,#5048,#5041));
#5743=IFCFACEOUTERBOUND(#5742,.T.);
#5744=IFCFACE((#5743));
#5745=IFCPOLYLOOP((#5013,#5048,#5016));
#5746=IFCFACEOUTERBOUND(#5745,.T.);
#5747=IFCFACE((#5746));
#5748=IFCPOLYLOOP((#5016,#5049,#5000));
#5749=IFCFACEOUTERBOUND(#5748,.T.);
#5750=IFCFACE((#5749));
#5751=IFCPOLYLOOP((#5003,#5049,#4996));
#5752=IFCFACEOUTERBOUND(#5751,.T.);
#5753=IFCFACE((#5752));
#5754=IFCPOLYLOOP((#5031,#5050,#5046));
#5755=IFCFACEOUTERBOUND(#5754,.T.);
#5756=IFCFACE((#5755));
#5757=IFCPOLYLOOP((#5050,#5029,#5030));
#5758=IFCFACEOUTERBOUND(#5757,.T.);
#5759=IFCFACE((#5758));
#5760=IFCPOLYLOOP((#5104,#5103,#5085));
#5761=IFCFACEOUTERBOUND(#5760,.T.);
#5762=IFCFACE((#5761));
#5763=IFCPOLYLOOP((#5182,#5073,#5148));
#5764=IFCFACEOUTERBOUND(#5763,.T.);
#5765=IFCFACE((#5764));
#5766=IFCPOLYLOOP((#5152,#5192,#5217));
#5767=IFCFACEOUTERBOUND(#5766,.T.);
#5768=IFCFACE((#5767));
#5769=IFCPOLYLOOP((#5222,#5091,#5168));
#5770=IFCFACEOUTERBOUND(#5769,.T.);
#5771=IFCFACE((#5770));
#5772=IFCPOLYLOOP((#5134,#5126,#5105));
#5773=IFCFACEOUTERBOUND(#5772,.T.);
#5774=IFCFACE((#5773));
#5775=IFCPOLYLOOP((#5106,#5070,#5101));
#5776=IFCFACEOUTERBOUND(#5775,.T.);
#5777=IFCFACE((#5776));
#5778=IFCPOLYLOOP((#5196,#5117,#5154,#5078));
#5779=IFCFACEOUTERBOUND(#5778,.T.);
#5780=IFCFACE((#5779));
#5781=IFCPOLYLOOP((#5137,#5138,#5135));
#5782=IFCFACEOUTERBOUND(#5781,.T.);
#5783=IFCFACE((#5782));
#5784=IFCPOLYLOOP((#5099,#5083,#5097,#5098));
#5785=IFCFACEOUTERBOUND(#5784,.T.);
#5786=IFCFACE((#5785));
#5787=IFCPOLYLOOP((#5094,#5229,#5230,#5225));
#5788=IFCFACEOUTERBOUND(#5787,.T.);
#5789=IFCFACE((#5788));
#5790=IFCPOLYLOOP((#5162,#5220,#5219));
#5791=IFCFACEOUTERBOUND(#5790,.T.);
#5792=IFCFACE((#5791));
#5793=IFCPOLYLOOP((#5136,#5138,#5137));
#5794=IFCFACEOUTERBOUND(#5793,.T.);
#5795=IFCFACE((#5794));
#5796=IFCPOLYLOOP((#5161,#5216,#5221));
#5797=IFCFACEOUTERBOUND(#5796,.T.);
#5798=IFCFACE((#5797));
#5799=IFCPOLYLOOP((#5151,#5190,#5193));
#5800=IFCFACEOUTERBOUND(#5799,.T.);
#5801=IFCFACE((#5800));
#5802=IFCPOLYLOOP((#5126,#5068,#5128));
#5803=IFCFACEOUTERBOUND(#5802,.T.);
#5804=IFCFACE((#5803));
#5805=IFCPOLYLOOP((#5121,#5208,#5158));
#5806=IFCFACEOUTERBOUND(#5805,.T.);
#5807=IFCFACE((#5806));
#5808=IFCPOLYLOOP((#5099,#5101,#5070));
#5809=IFCFACEOUTERBOUND(#5808,.T.);
#5810=IFCFACE((#5809));
#5811=IFCPOLYLOOP((#5053,#5054,#5102));
#5812=IFCFACEOUTERBOUND(#5811,.T.);
#5813=IFCFACE((#5812));
#5814=IFCPOLYLOOP((#5097,#5055,#5056));
#5815=IFCFACEOUTERBOUND(#5814,.T.);
#5816=IFCFACE((#5815));
#5817=IFCPOLYLOOP((#5145,#5174,#5177));
#5818=IFCFACEOUTERBOUND(#5817,.T.);
#5819=IFCFACE((#5818));
#5820=IFCPOLYLOOP((#5160,#5213,#5212));
#5821=IFCFACEOUTERBOUND(#5820,.T.);
#5822=IFCFACE((#5821));
#5823=IFCPOLYLOOP((#5146,#5176,#5181));
#5824=IFCFACEOUTERBOUND(#5823,.T.);
#5825=IFCFACE((#5824));
#5826=IFCPOLYLOOP((#5147,#5179,#5183));
#5827=IFCFACEOUTERBOUND(#5826,.T.);
#5828=IFCFACE((#5827));
#5829=IFCPOLYLOOP((#5171,#5225,#5230));
#5830=IFCFACEOUTERBOUND(#5829,.T.);
#5831=IFCFACE((#5830));
#5832=IFCPOLYLOOP((#5119,#5203,#5156));
#5833=IFCFACEOUTERBOUND(#5832,.T.);
#5834=IFCFACE((#5833));
#5835=IFCPOLYLOOP((#5201,#5119,#5156,#5077));
#5836=IFCFACEOUTERBOUND(#5835,.T.);
#5837=IFCFACE((#5836));
#5838=IFCPOLYLOOP((#5117,#5198,#5154));
#5839=IFCFACEOUTERBOUND(#5838,.T.);
#5840=IFCFACE((#5839));
#5841=IFCPOLYLOOP((#5056,#5095,#5098));
#5842=IFCFACEOUTERBOUND(#5841,.T.);
#5843=IFCFACE((#5842));
#5844=IFCPOLYLOOP((#5085,#5103,#5102));
#5845=IFCFACEOUTERBOUND(#5844,.T.);
#5846=IFCFACE((#5845));
#5847=IFCPOLYLOOP((#5079,#5135,#5104));
#5848=IFCFACEOUTERBOUND(#5847,.T.);
#5849=IFCFACE((#5848));
#5850=IFCPOLYLOOP((#5101,#5098,#5082));
#5851=IFCFACEOUTERBOUND(#5850,.T.);
#5852=IFCFACE((#5851));
#5853=IFCPOLYLOOP((#5104,#5135,#5080));
#5854=IFCFACEOUTERBOUND(#5853,.T.);
#5855=IFCFACE((#5854));
#5856=IFCPOLYLOOP((#5102,#5103,#5053));
#5857=IFCFACEOUTERBOUND(#5856,.T.);
#5858=IFCFACE((#5857));
#5859=IFCPOLYLOOP((#5088,#5132,#5131));
#5860=IFCFACEOUTERBOUND(#5859,.T.);
#5861=IFCFACE((#5860));
#5862=IFCPOLYLOOP((#5206,#5121,#5158,#5087));
#5863=IFCFACEOUTERBOUND(#5862,.T.);
#5864=IFCFACE((#5863));
#5865=IFCPOLYLOOP((#5129,#5130,#5131));
#5866=IFCFACEOUTERBOUND(#5865,.T.);
#5867=IFCFACE((#5866));
#5868=IFCPOLYLOOP((#5168,#5224,#5223));
#5869=IFCFACEOUTERBOUND(#5868,.T.);
#5870=IFCFACE((#5869));
#5871=IFCPOLYLOOP((#5159,#5210,#5214));
#5872=IFCFACEOUTERBOUND(#5871,.T.);
#5873=IFCFACE((#5872));
#5874=IFCPOLYLOOP((#5142,#5170,#5212));
#5875=IFCFACEOUTERBOUND(#5874,.T.);
#5876=IFCFACE((#5875));
#5877=IFCPOLYLOOP((#5113,#5188,#5150));
#5878=IFCFACEOUTERBOUND(#5877,.T.);
#5879=IFCFACE((#5878));
#5880=IFCPOLYLOOP((#5186,#5113,#5150,#5093));
#5881=IFCFACEOUTERBOUND(#5880,.T.);
#5882=IFCFACE((#5881));
#5883=IFCPOLYLOOP((#5226,#5178,#5060,#5225));
#5884=IFCFACEOUTERBOUND(#5883,.T.);
#5885=IFCFACE((#5884));
#5886=IFCPOLYLOOP((#5056,#5051,#5095));
#5887=IFCFACEOUTERBOUND(#5886,.T.);
#5888=IFCFACE((#5887));
#5889=IFCPOLYLOOP((#5096,#5052,#5053));
#5890=IFCFACEOUTERBOUND(#5889,.T.);
#5891=IFCFACE((#5890));
#5892=IFCPOLYLOOP((#5056,#5098,#5097));
#5893=IFCFACEOUTERBOUND(#5892,.T.);
#5894=IFCFACE((#5893));
#5895=IFCPOLYLOOP((#5098,#5095,#5082));
#5896=IFCFACEOUTERBOUND(#5895,.T.);
#5897=IFCFACE((#5896));
#5898=IFCPOLYLOOP((#5100,#5069,#5101,#5082));
#5899=IFCFACEOUTERBOUND(#5898,.T.);
#5900=IFCFACE((#5899));
#5901=IFCPOLYLOOP((#5099,#5098,#5101));
#5902=IFCFACEOUTERBOUND(#5901,.T.);
#5903=IFCFACE((#5902));
#5904=IFCPOLYLOOP((#5145,#5173,#5223));
#5905=IFCFACEOUTERBOUND(#5904,.T.);
#5906=IFCFACE((#5905));
#5907=IFCPOLYLOOP((#5096,#5053,#5103));
#5908=IFCFACEOUTERBOUND(#5907,.T.);
#5909=IFCFACE((#5908));
#5910=IFCPOLYLOOP((#5103,#5084,#5096));
#5911=IFCFACEOUTERBOUND(#5910,.T.);
#5912=IFCFACE((#5911));
#5913=IFCPOLYLOOP((#5084,#5103,#5104));
#5914=IFCFACEOUTERBOUND(#5913,.T.);
#5915=IFCFACE((#5914));
#5916=IFCPOLYLOOP((#5084,#5104,#5080));
#5917=IFCFACEOUTERBOUND(#5916,.T.);
#5918=IFCFACE((#5917));
#5919=IFCPOLYLOOP((#5144,#5079,#5104,#5085));
#5920=IFCFACEOUTERBOUND(#5919,.T.);
#5921=IFCFACE((#5920));
#5922=IFCPOLYLOOP((#5069,#5106,#5101));
#5923=IFCFACEOUTERBOUND(#5922,.T.);
#5924=IFCFACE((#5923));
#5925=IFCPOLYLOOP((#5127,#5070,#5106));
#5926=IFCFACEOUTERBOUND(#5925,.T.);
#5927=IFCFACE((#5926));
#5928=IFCPOLYLOOP((#5128,#5067,#5126));
#5929=IFCFACEOUTERBOUND(#5928,.T.);
#5930=IFCFACE((#5929));
#5931=IFCPOLYLOOP((#5107,#5068,#5126));
#5932=IFCFACEOUTERBOUND(#5931,.T.);
#5933=IFCFACE((#5932));
#5934=IFCPOLYLOOP((#5069,#5134,#5106));
#5935=IFCFACEOUTERBOUND(#5934,.T.);
#5936=IFCFACE((#5935));
#5937=IFCPOLYLOOP((#5175,#5108,#5146,#5073));
#5938=IFCFACEOUTERBOUND(#5937,.T.);
#5939=IFCFACE((#5938));
#5940=IFCPOLYLOOP((#5147,#5178,#5226));
#5941=IFCFACEOUTERBOUND(#5940,.T.);
#5942=IFCFACE((#5941));
#5943=IFCPOLYLOOP((#5180,#5110,#5148));
#5944=IFCFACEOUTERBOUND(#5943,.T.);
#5945=IFCFACE((#5944));
#5946=IFCPOLYLOOP((#5112,#5187,#5188,#5184));
#5947=IFCFACEOUTERBOUND(#5946,.T.);
#5948=IFCFACE((#5947));
#5949=IFCPOLYLOOP((#5149,#5184,#5188));
#5950=IFCFACEOUTERBOUND(#5949,.T.);
#5951=IFCFACE((#5950));
#5952=IFCPOLYLOOP((#5189,#5062,#5151,#5114));
#5953=IFCFACEOUTERBOUND(#5952,.T.);
#5954=IFCFACE((#5953));
#5955=IFCPOLYLOOP((#5191,#5114,#5152,#5066));
#5956=IFCFACEOUTERBOUND(#5955,.T.);
#5957=IFCFACE((#5956));
#5958=IFCPOLYLOOP((#5198,#5153,#5116));
#5959=IFCFACEOUTERBOUND(#5958,.T.);
#5960=IFCFACE((#5959));
#5961=IFCPOLYLOOP((#5194,#5116,#5153,#5058));
#5962=IFCFACEOUTERBOUND(#5961,.T.);
#5963=IFCFACE((#5962));
#5964=IFCPOLYLOOP((#5118,#5202,#5203,#5199));
#5965=IFCFACEOUTERBOUND(#5964,.T.);
#5966=IFCFACE((#5965));
#5967=IFCPOLYLOOP((#5155,#5199,#5203));
#5968=IFCFACEOUTERBOUND(#5967,.T.);
#5969=IFCFACE((#5968));
#5970=IFCPOLYLOOP((#5208,#5157,#5120));
#5971=IFCFACEOUTERBOUND(#5970,.T.);
#5972=IFCFACE((#5971));
#5973=IFCPOLYLOOP((#5204,#5120,#5157,#5061));
#5974=IFCFACEOUTERBOUND(#5973,.T.);
#5975=IFCFACE((#5974));
#5976=IFCPOLYLOOP((#5209,#5059,#5159,#5122));
#5977=IFCFACEOUTERBOUND(#5976,.T.);
#5978=IFCFACE((#5977));
#5979=IFCPOLYLOOP((#5211,#5122,#5160,#5090));
#5980=IFCFACEOUTERBOUND(#5979,.T.);
#5981=IFCFACE((#5980));
#5982=IFCPOLYLOOP((#5215,#5066,#5161,#5124));
#5983=IFCFACEOUTERBOUND(#5982,.T.);
#5984=IFCFACE((#5983));
#5985=IFCPOLYLOOP((#5218,#5124,#5162,#5063));
#5986=IFCFACEOUTERBOUND(#5985,.T.);
#5987=IFCFACE((#5986));
#5988=IFCPOLYLOOP((#5107,#5126,#5134));
#5989=IFCFACEOUTERBOUND(#5988,.T.);
#5990=IFCFACE((#5989));
#5991=IFCPOLYLOOP((#5163,#5105,#5126,#5067));
#5992=IFCFACEOUTERBOUND(#5991,.T.);
#5993=IFCFACE((#5992));
#5994=IFCPOLYLOOP((#5164,#5087,#5132,#5088));
#5995=IFCFACEOUTERBOUND(#5994,.T.);
#5996=IFCFACE((#5995));
#5997=IFCPOLYLOOP((#5105,#5127,#5134));
#5998=IFCFACEOUTERBOUND(#5997,.T.);
#5999=IFCFACE((#5998));
#6000=IFCPOLYLOOP((#5128,#5133,#5131));
#6001=IFCFACEOUTERBOUND(#6000,.T.);
#6002=IFCFACE((#6001));
#6003=IFCPOLYLOOP((#5131,#5130,#5128));
#6004=IFCFACEOUTERBOUND(#6003,.T.);
#6005=IFCFACE((#6004));
#6006=IFCPOLYLOOP((#5130,#5067,#5128));
#6007=IFCFACEOUTERBOUND(#6006,.T.);
#6008=IFCFACE((#6007));
#6009=IFCPOLYLOOP((#5132,#5129,#5131));
#6010=IFCFACEOUTERBOUND(#6009,.T.);
#6011=IFCFACE((#6010));
#6012=IFCPOLYLOOP((#5107,#5134,#5069));
#6013=IFCFACEOUTERBOUND(#6012,.T.);
#6014=IFCFACE((#6013));
#6015=IFCPOLYLOOP((#5165,#5129,#5132,#5086));
#6016=IFCFACEOUTERBOUND(#6015,.T.);
#6017=IFCFACE((#6016));
#6018=IFCPOLYLOOP((#5086,#5132,#5158));
#6019=IFCFACEOUTERBOUND(#6018,.T.);
#6020=IFCFACE((#6019));
#6021=IFCPOLYLOOP((#5088,#5131,#5133));
#6022=IFCFACEOUTERBOUND(#6021,.T.);
#6023=IFCFACE((#6022));
#6024=IFCPOLYLOOP((#5128,#5068,#5133));
#6025=IFCFACEOUTERBOUND(#6024,.T.);
#6026=IFCFACE((#6025));
#6027=IFCPOLYLOOP((#5106,#5134,#5127));
#6028=IFCFACEOUTERBOUND(#6027,.T.);
#6029=IFCFACE((#6028));
#6030=IFCPOLYLOOP((#5081,#5140,#5138));
#6031=IFCFACEOUTERBOUND(#6030,.T.);
#6032=IFCFACE((#6031));
#6033=IFCPOLYLOOP((#5138,#5139,#5081));
#6034=IFCFACEOUTERBOUND(#6033,.T.);
#6035=IFCFACE((#6034));
#6036=IFCPOLYLOOP((#5136,#5139,#5138));
#6037=IFCFACEOUTERBOUND(#6036,.T.);
#6038=IFCFACE((#6037));
#6039=IFCPOLYLOOP((#5135,#5138,#5140));
#6040=IFCFACEOUTERBOUND(#6039,.T.);
#6041=IFCFACE((#6040));
#6042=IFCPOLYLOOP((#5135,#5079,#5137));
#6043=IFCFACEOUTERBOUND(#6042,.T.);
#6044=IFCFACE((#6043));
#6045=IFCPOLYLOOP((#5166,#5081,#5139,#5064));
#6046=IFCFACEOUTERBOUND(#6045,.T.);
#6047=IFCFACE((#6046));
#6048=IFCPOLYLOOP((#5125,#5221,#5216));
#6049=IFCFACEOUTERBOUND(#6048,.T.);
#6050=IFCFACE((#6049));
#6051=IFCPOLYLOOP((#5139,#5167,#5219));
#6052=IFCFACEOUTERBOUND(#6051,.T.);
#6053=IFCFACE((#6052));
#6054=IFCPOLYLOOP((#5140,#5080,#5135));
#6055=IFCFACEOUTERBOUND(#6054,.T.);
#6056=IFCFACE((#6055));
#6057=IFCPOLYLOOP((#5123,#5214,#5210));
#6058=IFCFACEOUTERBOUND(#6057,.T.);
#6059=IFCFACE((#6058));
#6060=IFCPOLYLOOP((#5169,#5141,#5142,#5089));
#6061=IFCFACEOUTERBOUND(#6060,.T.);
#6062=IFCFACE((#6061));
#6063=IFCPOLYLOOP((#5091,#5142,#5168));
#6064=IFCFACEOUTERBOUND(#6063,.T.);
#6065=IFCFACE((#6064));
#6066=IFCPOLYLOOP((#5177,#5146,#5108));
#6067=IFCFACEOUTERBOUND(#6066,.T.);
#6068=IFCFACE((#6067));
#6069=IFCPOLYLOOP((#5228,#5143,#5172,#5092));
#6070=IFCFACEOUTERBOUND(#6069,.T.);
#6071=IFCFACE((#6070));
#6072=IFCPOLYLOOP((#5147,#5226,#5057));
#6073=IFCFACEOUTERBOUND(#6072,.T.);
#6074=IFCFACE((#6073));
#6075=IFCPOLYLOOP((#5111,#5182,#5183,#5179));
#6076=IFCFACEOUTERBOUND(#6075,.T.);
#6077=IFCFACE((#6076));
#6078=IFCPOLYLOOP((#5177,#5176,#5146));
#6079=IFCFACEOUTERBOUND(#6078,.T.);
#6080=IFCFACE((#6079));
#6081=IFCPOLYLOOP((#5183,#5148,#5110));
#6082=IFCFACEOUTERBOUND(#6081,.T.);
#6083=IFCFACE((#6082));
#6084=IFCPOLYLOOP((#5171,#5057,#5226));
#6085=IFCFACEOUTERBOUND(#6084,.T.);
#6086=IFCFACE((#6085));
#6087=IFCPOLYLOOP((#5148,#5181,#5180));
#6088=IFCFACEOUTERBOUND(#6087,.T.);
#6089=IFCFACE((#6088));
#6090=IFCPOLYLOOP((#5183,#5182,#5148));
#6091=IFCFACEOUTERBOUND(#6090,.T.);
#6092=IFCFACE((#6091));
#6093=IFCPOLYLOOP((#5076,#5149,#5155));
#6094=IFCFACEOUTERBOUND(#6093,.T.);
#6095=IFCFACE((#6094));
#6096=IFCPOLYLOOP((#5185,#5075,#5149,#5113));
#6097=IFCFACEOUTERBOUND(#6096,.T.);
#6098=IFCFACE((#6097));
#6099=IFCPOLYLOOP((#5093,#5150,#5172));
#6100=IFCFACEOUTERBOUND(#6099,.T.);
#6101=IFCFACE((#6100));
#6102=IFCPOLYLOOP((#5187,#5092,#5150));
#6103=IFCFACEOUTERBOUND(#6102,.T.);
#6104=IFCFACE((#6103));
#6105=IFCPOLYLOOP((#5193,#5152,#5114));
#6106=IFCFACEOUTERBOUND(#6105,.T.);
#6107=IFCFACE((#6106));
#6108=IFCPOLYLOOP((#5059,#5151,#5159));
#6109=IFCFACEOUTERBOUND(#6108,.T.);
#6110=IFCFACE((#6109));
#6111=IFCPOLYLOOP((#5217,#5161,#5066));
#6112=IFCFACEOUTERBOUND(#6111,.T.);
#6113=IFCFACE((#6112));
#6114=IFCPOLYLOOP((#5115,#5152,#5193));
#6115=IFCFACEOUTERBOUND(#6114,.T.);
#6116=IFCFACE((#6115));
#6117=IFCPOLYLOOP((#5058,#5153,#5157));
#6118=IFCFACEOUTERBOUND(#6117,.T.);
#6119=IFCFACE((#6118));
#6120=IFCPOLYLOOP((#5195,#5061,#5153));
#6121=IFCFACEOUTERBOUND(#6120,.T.);
#6122=IFCFACE((#6121));
#6123=IFCPOLYLOOP((#5078,#5154,#5156));
#6124=IFCFACEOUTERBOUND(#6123,.T.);
#6125=IFCFACE((#6124));
#6126=IFCPOLYLOOP((#5197,#5077,#5154));
#6127=IFCFACEOUTERBOUND(#6126,.T.);
#6128=IFCFACE((#6127));
#6129=IFCPOLYLOOP((#5075,#5155,#5149));
#6130=IFCFACEOUTERBOUND(#6129,.T.);
#6131=IFCFACE((#6130));
#6132=IFCPOLYLOOP((#5200,#5076,#5155));
#6133=IFCFACEOUTERBOUND(#6132,.T.);
#6134=IFCFACE((#6133));
#6135=IFCPOLYLOOP((#5077,#5156,#5154));
#6136=IFCFACEOUTERBOUND(#6135,.T.);
#6137=IFCFACE((#6136));
#6138=IFCPOLYLOOP((#5202,#5078,#5156));
#6139=IFCFACEOUTERBOUND(#6138,.T.);
#6140=IFCFACE((#6139));
#6141=IFCPOLYLOOP((#5061,#5157,#5153));
#6142=IFCFACEOUTERBOUND(#6141,.T.);
#6143=IFCFACE((#6142));
#6144=IFCPOLYLOOP((#5205,#5058,#5157));
#6145=IFCFACEOUTERBOUND(#6144,.T.);
#6146=IFCFACE((#6145));
#6147=IFCPOLYLOOP((#5087,#5158,#5132));
#6148=IFCFACEOUTERBOUND(#6147,.T.);
#6149=IFCFACE((#6148));
#6150=IFCPOLYLOOP((#5207,#5086,#5158));
#6151=IFCFACEOUTERBOUND(#6150,.T.);
#6152=IFCFACE((#6151));
#6153=IFCPOLYLOOP((#5214,#5160,#5122));
#6154=IFCFACEOUTERBOUND(#6153,.T.);
#6155=IFCFACE((#6154));
#6156=IFCPOLYLOOP((#5062,#5159,#5151));
#6157=IFCFACEOUTERBOUND(#6156,.T.);
#6158=IFCFACE((#6157));
#6159=IFCPOLYLOOP((#5212,#5090,#5160));
#6160=IFCFACEOUTERBOUND(#6159,.T.);
#6161=IFCFACE((#6160));
#6162=IFCPOLYLOOP((#5123,#5160,#5214));
#6163=IFCFACEOUTERBOUND(#6162,.T.);
#6164=IFCFACE((#6163));
#6165=IFCPOLYLOOP((#5221,#5162,#5124));
#6166=IFCFACEOUTERBOUND(#6165,.T.);
#6167=IFCFACE((#6166));
#6168=IFCPOLYLOOP((#5065,#5161,#5217));
#6169=IFCFACEOUTERBOUND(#6168,.T.);
#6170=IFCFACE((#6169));
#6171=IFCPOLYLOOP((#5219,#5063,#5162));
#6172=IFCFACEOUTERBOUND(#6171,.T.);
#6173=IFCFACE((#6172));
#6174=IFCPOLYLOOP((#5125,#5162,#5221));
#6175=IFCFACEOUTERBOUND(#6174,.T.);
#6176=IFCFACE((#6175));
#6177=IFCPOLYLOOP((#5168,#5223,#5222));
#6178=IFCFACEOUTERBOUND(#6177,.T.);
#6179=IFCFACE((#6178));
#6180=IFCPOLYLOOP((#5139,#5136,#5167));
#6181=IFCFACEOUTERBOUND(#6180,.T.);
#6182=IFCFACE((#6181));
#6183=IFCPOLYLOOP((#5141,#5168,#5142));
#6184=IFCFACEOUTERBOUND(#6183,.T.);
#6185=IFCFACE((#6184));
#6186=IFCPOLYLOOP((#5227,#5057,#5171,#5143));
#6187=IFCFACEOUTERBOUND(#6186,.T.);
#6188=IFCFACE((#6187));
#6189=IFCPOLYLOOP((#5142,#5091,#5170));
#6190=IFCFACEOUTERBOUND(#6189,.T.);
#6191=IFCFACE((#6190));
#6192=IFCPOLYLOOP((#5172,#5143,#5230));
#6193=IFCFACEOUTERBOUND(#6192,.T.);
#6194=IFCFACE((#6193));
#6195=IFCPOLYLOOP((#5092,#5172,#5150));
#6196=IFCFACEOUTERBOUND(#6195,.T.);
#6197=IFCFACE((#6196));
#6198=IFCPOLYLOOP((#5229,#5093,#5172));
#6199=IFCFACEOUTERBOUND(#6198,.T.);
#6200=IFCFACE((#6199));
#6201=IFCPOLYLOOP((#5109,#5176,#5177,#5174));
#6202=IFCFACEOUTERBOUND(#6201,.T.);
#6203=IFCFACE((#6202));
#6204=IFCPOLYLOOP((#5173,#5145,#5108));
#6205=IFCFACEOUTERBOUND(#6204,.T.);
#6206=IFCFACE((#6205));
#6207=IFCPOLYLOOP((#5145,#5071,#5174));
#6208=IFCFACEOUTERBOUND(#6207,.T.);
#6209=IFCFACE((#6208));
#6210=IFCPOLYLOOP((#5145,#5177,#5108));
#6211=IFCFACEOUTERBOUND(#6210,.T.);
#6212=IFCFACE((#6211));
#6213=IFCPOLYLOOP((#5074,#5180,#5181,#5176));
#6214=IFCFACEOUTERBOUND(#6213,.T.);
#6215=IFCFACE((#6214));
#6216=IFCPOLYLOOP((#5178,#5147,#5110));
#6217=IFCFACEOUTERBOUND(#6216,.T.);
#6218=IFCFACE((#6217));
#6219=IFCPOLYLOOP((#5147,#5057,#5179));
#6220=IFCFACEOUTERBOUND(#6219,.T.);
#6221=IFCFACE((#6220));
#6222=IFCPOLYLOOP((#5146,#5181,#5073));
#6223=IFCFACEOUTERBOUND(#6222,.T.);
#6224=IFCFACE((#6223));
#6225=IFCPOLYLOOP((#5181,#5148,#5073));
#6226=IFCFACEOUTERBOUND(#6225,.T.);
#6227=IFCFACE((#6226));
#6228=IFCPOLYLOOP((#5147,#5183,#5110));
#6229=IFCFACEOUTERBOUND(#6228,.T.);
#6230=IFCFACE((#6229));
#6231=IFCPOLYLOOP((#5149,#5188,#5113));
#6232=IFCFACEOUTERBOUND(#6231,.T.);
#6233=IFCFACE((#6232));
#6234=IFCPOLYLOOP((#5184,#5149,#5076));
#6235=IFCFACEOUTERBOUND(#6234,.T.);
#6236=IFCFACE((#6235));
#6237=IFCPOLYLOOP((#5150,#5188,#5187));
#6238=IFCFACEOUTERBOUND(#6237,.T.);
#6239=IFCFACE((#6238));
#6240=IFCPOLYLOOP((#5115,#5193,#5190));
#6241=IFCFACEOUTERBOUND(#6240,.T.);
#6242=IFCFACE((#6241));
#6243=IFCPOLYLOOP((#5151,#5059,#5190));
#6244=IFCFACEOUTERBOUND(#6243,.T.);
#6245=IFCFACE((#6244));
#6246=IFCPOLYLOOP((#5152,#5115,#5192));
#6247=IFCFACEOUTERBOUND(#6246,.T.);
#6248=IFCFACE((#6247));
#6249=IFCPOLYLOOP((#5151,#5193,#5114));
#6250=IFCFACEOUTERBOUND(#6249,.T.);
#6251=IFCFACE((#6250));
#6252=IFCPOLYLOOP((#5195,#5153,#5198));
#6253=IFCFACEOUTERBOUND(#6252,.T.);
#6254=IFCFACE((#6253));
#6255=IFCPOLYLOOP((#5117,#5195,#5198));
#6256=IFCFACEOUTERBOUND(#6255,.T.);
#6257=IFCFACE((#6256));
#6258=IFCPOLYLOOP((#5116,#5197,#5198));
#6259=IFCFACEOUTERBOUND(#6258,.T.);
#6260=IFCFACE((#6259));
#6261=IFCPOLYLOOP((#5154,#5198,#5197));
#6262=IFCFACEOUTERBOUND(#6261,.T.);
#6263=IFCFACE((#6262));
#6264=IFCPOLYLOOP((#5200,#5155,#5203));
#6265=IFCFACEOUTERBOUND(#6264,.T.);
#6266=IFCFACE((#6265));
#6267=IFCPOLYLOOP((#5199,#5155,#5075));
#6268=IFCFACEOUTERBOUND(#6267,.T.);
#6269=IFCFACE((#6268));
#6270=IFCPOLYLOOP((#5119,#5200,#5203));
#6271=IFCFACEOUTERBOUND(#6270,.T.);
#6272=IFCFACE((#6271));
#6273=IFCPOLYLOOP((#5156,#5203,#5202));
#6274=IFCFACEOUTERBOUND(#6273,.T.);
#6275=IFCFACE((#6274));
#6276=IFCPOLYLOOP((#5205,#5157,#5208));
#6277=IFCFACEOUTERBOUND(#6276,.T.);
#6278=IFCFACE((#6277));
#6279=IFCPOLYLOOP((#5121,#5205,#5208));
#6280=IFCFACEOUTERBOUND(#6279,.T.);
#6281=IFCFACE((#6280));
#6282=IFCPOLYLOOP((#5120,#5207,#5208));
#6283=IFCFACEOUTERBOUND(#6282,.T.);
#6284=IFCFACE((#6283));
#6285=IFCPOLYLOOP((#5158,#5208,#5207));
#6286=IFCFACEOUTERBOUND(#6285,.T.);
#6287=IFCFACE((#6286));
#6288=IFCPOLYLOOP((#5090,#5212,#5170));
#6289=IFCFACEOUTERBOUND(#6288,.T.);
#6290=IFCFACE((#6289));
#6291=IFCPOLYLOOP((#5159,#5062,#5210));
#6292=IFCFACEOUTERBOUND(#6291,.T.);
#6293=IFCFACE((#6292));
#6294=IFCPOLYLOOP((#5142,#5212,#5089));
#6295=IFCFACEOUTERBOUND(#6294,.T.);
#6296=IFCFACE((#6295));
#6297=IFCPOLYLOOP((#5089,#5212,#5213));
#6298=IFCFACEOUTERBOUND(#6297,.T.);
#6299=IFCFACE((#6298));
#6300=IFCPOLYLOOP((#5160,#5123,#5213));
#6301=IFCFACEOUTERBOUND(#6300,.T.);
#6302=IFCFACE((#6301));
#6303=IFCPOLYLOOP((#5159,#5214,#5122));
#6304=IFCFACEOUTERBOUND(#6303,.T.);
#6305=IFCFACE((#6304));
#6306=IFCPOLYLOOP((#5065,#5217,#5192));
#6307=IFCFACEOUTERBOUND(#6306,.T.);
#6308=IFCFACE((#6307));
#6309=IFCPOLYLOOP((#5161,#5065,#5216));
#6310=IFCFACEOUTERBOUND(#6309,.T.);
#6311=IFCFACE((#6310));
#6312=IFCPOLYLOOP((#5152,#5217,#5066));
#6313=IFCFACEOUTERBOUND(#6312,.T.);
#6314=IFCFACE((#6313));
#6315=IFCPOLYLOOP((#5063,#5219,#5167));
#6316=IFCFACEOUTERBOUND(#6315,.T.);
#6317=IFCFACE((#6316));
#6318=IFCPOLYLOOP((#5139,#5219,#5064));
#6319=IFCFACEOUTERBOUND(#6318,.T.);
#6320=IFCFACE((#6319));
#6321=IFCPOLYLOOP((#5064,#5219,#5220));
#6322=IFCFACEOUTERBOUND(#6321,.T.);
#6323=IFCFACE((#6322));
#6324=IFCPOLYLOOP((#5162,#5125,#5220));
#6325=IFCFACEOUTERBOUND(#6324,.T.);
#6326=IFCFACE((#6325));
#6327=IFCPOLYLOOP((#5161,#5221,#5124));
#6328=IFCFACEOUTERBOUND(#6327,.T.);
#6329=IFCFACE((#6328));
#6330=IFCPOLYLOOP((#5072,#5222,#5223,#5173));
#6331=IFCFACEOUTERBOUND(#6330,.T.);
#6332=IFCFACE((#6331));
#6333=IFCPOLYLOOP((#5145,#5223,#5071));
#6334=IFCFACEOUTERBOUND(#6333,.T.);
#6335=IFCFACE((#6334));
#6336=IFCPOLYLOOP((#5071,#5223,#5224));
#6337=IFCFACEOUTERBOUND(#6336,.T.);
#6338=IFCFACE((#6337));
#6339=IFCPOLYLOOP((#5168,#5141,#5224));
#6340=IFCFACEOUTERBOUND(#6339,.T.);
#6341=IFCFACE((#6340));
#6342=IFCPOLYLOOP((#5171,#5226,#5225));
#6343=IFCFACEOUTERBOUND(#6342,.T.);
#6344=IFCFACE((#6343));
#6345=IFCPOLYLOOP((#5171,#5230,#5143));
#6346=IFCFACEOUTERBOUND(#6345,.T.);
#6347=IFCFACE((#6346));
#6348=IFCPOLYLOOP((#5172,#5230,#5229));
#6349=IFCFACEOUTERBOUND(#6348,.T.);
#6350=IFCFACE((#6349));
#6351=IFCPOLYLOOP((#5232,#5052,#5096,#5084,#5080,#5140,#5081,#5166,#5064,#5220,#5125,#5216,#5065,#5192,#5115,#5190,#5059,#5209,#5122,#5211,#5090,#5170,#5091,#5222,#5072,#5173,#5108,#5175,#5073,#5182,#5111,#5179,#5057,#5227,#5143,#5228,#5092,#5187,#5112,#5184,#5076,#5200,#5119,#5201,#5077,#5197,#5116,#5194,#5058,#5205,#5121,#5206,#5087,#5164,#5088,#5133,#5068,#5107,#5069,#5100,#5082,#5095,#5051,#5231));
#6352=IFCFACEOUTERBOUND(#6351,.T.);
#6353=IFCFACE((#6352));
#6354=IFCPOLYLOOP((#5234,#4994,#4993,#5233));
#6355=IFCFACEOUTERBOUND(#6354,.T.);
#6356=IFCFACE((#6355));
#6357=IFCPOLYLOOP((#4998,#4997,#5241,#5239,#5235,#5236));
#6358=IFCFACEOUTERBOUND(#6357,.T.);
#6359=IFCFACE((#6358));
#6360=IFCPOLYLOOP((#5240,#5244,#5242,#5243));
#6361=IFCFACEOUTERBOUND(#6360,.T.);
#6362=IFCFACE((#6361));
#6363=IFCPOLYLOOP((#5245,#5002,#5243));
#6364=IFCFACEOUTERBOUND(#6363,.T.);
#6365=IFCFACE((#6364));
#6366=IFCPOLYLOOP((#5246,#5238,#5235));
#6367=IFCFACEOUTERBOUND(#6366,.T.);
#6368=IFCFACE((#6367));
#6369=IFCPOLYLOOP((#5246,#5239,#5242));
#6370=IFCFACEOUTERBOUND(#6369,.T.);
#6371=IFCFACE((#6370));
#6372=IFCPOLYLOOP((#5245,#5241,#4997));
#6373=IFCFACEOUTERBOUND(#6372,.T.);
#6374=IFCFACE((#6373));
#6375=IFCPOLYLOOP((#5239,#5241,#5242));
#6376=IFCFACEOUTERBOUND(#6375,.T.);
#6377=IFCFACE((#6376));
#6378=IFCPOLYLOOP((#5246,#5242,#5244));
#6379=IFCFACEOUTERBOUND(#6378,.T.);
#6380=IFCFACE((#6379));
#6381=IFCPOLYLOOP((#5242,#5245,#5243));
#6382=IFCFACEOUTERBOUND(#6381,.T.);
#6383=IFCFACE((#6382));
#6384=IFCPOLYLOOP((#5242,#5241,#5245));
#6385=IFCFACEOUTERBOUND(#6384,.T.);
#6386=IFCFACE((#6385));
#6387=IFCPOLYLOOP((#5002,#5001,#5243));
#6388=IFCFACEOUTERBOUND(#6387,.T.);
#6389=IFCFACE((#6388));
#6390=IFCPOLYLOOP((#5244,#5237,#5238));
#6391=IFCFACEOUTERBOUND(#6390,.T.);
#6392=IFCFACE((#6391));
#6393=IFCPOLYLOOP((#5002,#5245,#4997));
#6394=IFCFACEOUTERBOUND(#6393,.T.);
#6395=IFCFACE((#6394));
#6396=IFCPOLYLOOP((#5239,#5246,#5235));
#6397=IFCFACEOUTERBOUND(#6396,.T.);
#6398=IFCFACE((#6397));
#6399=IFCPOLYLOOP((#5238,#5246,#5244));
#6400=IFCFACEOUTERBOUND(#6399,.T.);
#6401=IFCFACE((#6400));
#6402=IFCPOLYLOOP((#5266,#5262,#5257));
#6403=IFCFACEOUTERBOUND(#6402,.T.);
#6404=IFCFACE((#6403));
#6405=IFCPOLYLOOP((#5273,#5277,#5278));
#6406=IFCFACEOUTERBOUND(#6405,.T.);
#6407=IFCFACE((#6406));
#6408=IFCPOLYLOOP((#5260,#5279,#5267));
#6409=IFCFACEOUTERBOUND(#6408,.T.);
#6410=IFCFACE((#6409));
#6411=IFCPOLYLOOP((#5271,#5252,#5273));
#6412=IFCFACEOUTERBOUND(#6411,.T.);
#6413=IFCFACE((#6412));
#6414=IFCPOLYLOOP((#5260,#5267,#5253));
#6415=IFCFACEOUTERBOUND(#6414,.T.);
#6416=IFCFACE((#6415));
#6417=IFCPOLYLOOP((#5267,#5274,#5270));
#6418=IFCFACEOUTERBOUND(#6417,.T.);
#6419=IFCFACE((#6418));
#6420=IFCPOLYLOOP((#5279,#5264,#5248));
#6421=IFCFACEOUTERBOUND(#6420,.T.);
#6422=IFCFACE((#6421));
#6423=IFCPOLYLOOP((#5252,#5271,#5263));
#6424=IFCFACEOUTERBOUND(#6423,.T.);
#6425=IFCFACE((#6424));
#6426=IFCPOLYLOOP((#5259,#5271,#5254));
#6427=IFCFACEOUTERBOUND(#6426,.T.);
#6428=IFCFACE((#6427));
#6429=IFCPOLYLOOP((#5272,#5277,#5251));
#6430=IFCFACEOUTERBOUND(#6429,.T.);
#6431=IFCFACE((#6430));
#6432=IFCPOLYLOOP((#5253,#5267,#5270));
#6433=IFCFACEOUTERBOUND(#6432,.T.);
#6434=IFCFACE((#6433));
#6435=IFCPOLYLOOP((#5275,#5266,#5257));
#6436=IFCFACEOUTERBOUND(#6435,.T.);
#6437=IFCFACE((#6436));
#6438=IFCPOLYLOOP((#5275,#5259,#5258));
#6439=IFCFACEOUTERBOUND(#6438,.T.);
#6440=IFCFACE((#6439));
#6441=IFCPOLYLOOP((#5275,#5271,#5259));
#6442=IFCFACEOUTERBOUND(#6441,.T.);
#6443=IFCFACE((#6442));
#6444=IFCPOLYLOOP((#5279,#5248,#5249));
#6445=IFCFACEOUTERBOUND(#6444,.T.);
#6446=IFCFACE((#6445));
#6447=IFCPOLYLOOP((#5265,#5054,#5053));
#6448=IFCFACEOUTERBOUND(#6447,.T.);
#6449=IFCFACE((#6448));
#6450=IFCPOLYLOOP((#5265,#5266,#5258));
#6451=IFCFACEOUTERBOUND(#6450,.T.);
#6452=IFCFACE((#6451));
#6453=IFCPOLYLOOP((#5053,#5052,#5262));
#6454=IFCFACEOUTERBOUND(#6453,.T.);
#6455=IFCFACE((#6454));
#6456=IFCPOLYLOOP((#5264,#5247,#5248));
#6457=IFCFACEOUTERBOUND(#6456,.T.);
#6458=IFCFACE((#6457));
#6459=IFCPOLYLOOP((#5279,#5256,#5267));
#6460=IFCFACEOUTERBOUND(#6459,.T.);
#6461=IFCFACE((#6460));
#6462=IFCPOLYLOOP((#5053,#5266,#5265));
#6463=IFCFACEOUTERBOUND(#6462,.T.);
#6464=IFCFACE((#6463));
#6465=IFCPOLYLOOP((#5262,#5266,#5053));
#6466=IFCFACEOUTERBOUND(#6465,.T.);
#6467=IFCFACE((#6466));
#6468=IFCPOLYLOOP((#5274,#5267,#5256));
#6469=IFCFACEOUTERBOUND(#6468,.T.);
#6470=IFCFACE((#6469));
#6471=IFCPOLYLOOP((#5261,#5256,#5279,#5249));
#6472=IFCFACEOUTERBOUND(#6471,.T.);
#6473=IFCFACE((#6472));
#6474=IFCPOLYLOOP((#5270,#5268,#5253));
#6475=IFCFACEOUTERBOUND(#6474,.T.);
#6476=IFCFACE((#6475));
#6477=IFCPOLYLOOP((#5277,#5272,#5269));
#6478=IFCFACEOUTERBOUND(#6477,.T.);
#6479=IFCFACE((#6478));
#6480=IFCPOLYLOOP((#5269,#5272,#5250));
#6481=IFCFACEOUTERBOUND(#6480,.T.);
#6482=IFCFACE((#6481));
#6483=IFCPOLYLOOP((#5268,#5270,#5272));
#6484=IFCFACEOUTERBOUND(#6483,.T.);
#6485=IFCFACE((#6484));
#6486=IFCPOLYLOOP((#5273,#5254,#5271));
#6487=IFCFACEOUTERBOUND(#6486,.T.);
#6488=IFCFACE((#6487));
#6489=IFCPOLYLOOP((#5275,#5257,#5263));
#6490=IFCFACEOUTERBOUND(#6489,.T.);
#6491=IFCFACE((#6490));
#6492=IFCPOLYLOOP((#5250,#5272,#5270));
#6493=IFCFACEOUTERBOUND(#6492,.T.);
#6494=IFCFACE((#6493));
#6495=IFCPOLYLOOP((#5268,#5272,#5251));
#6496=IFCFACEOUTERBOUND(#6495,.T.);
#6497=IFCFACE((#6496));
#6498=IFCPOLYLOOP((#5255,#5278,#5277,#5269));
#6499=IFCFACEOUTERBOUND(#6498,.T.);
#6500=IFCFACE((#6499));
#6501=IFCPOLYLOOP((#5276,#5277,#5273));
#6502=IFCFACEOUTERBOUND(#6501,.T.);
#6503=IFCFACE((#6502));
#6504=IFCPOLYLOOP((#5274,#5250,#5270));
#6505=IFCFACEOUTERBOUND(#6504,.T.);
#6506=IFCFACE((#6505));
#6507=IFCPOLYLOOP((#5258,#5266,#5275));
#6508=IFCFACEOUTERBOUND(#6507,.T.);
#6509=IFCFACE((#6508));
#6510=IFCPOLYLOOP((#5271,#5275,#5263));
#6511=IFCFACEOUTERBOUND(#6510,.T.);
#6512=IFCFACE((#6511));
#6513=IFCPOLYLOOP((#5251,#5277,#5276));
#6514=IFCFACEOUTERBOUND(#6513,.T.);
#6515=IFCFACE((#6514));
#6516=IFCPOLYLOOP((#5273,#5252,#5276));
#6517=IFCFACEOUTERBOUND(#6516,.T.);
#6518=IFCFACE((#6517));
#6519=IFCPOLYLOOP((#5278,#5254,#5273));
#6520=IFCFACEOUTERBOUND(#6519,.T.);
#6521=IFCFACE((#6520));
#6522=IFCPOLYLOOP((#5260,#5264,#5279));
#6523=IFCFACEOUTERBOUND(#6522,.T.);
#6524=IFCFACE((#6523));
#6525=IFCPOLYLOOP((#5280,#5247,#5264,#5260,#5253,#5268,#5251,#5276,#5252,#5263,#5257,#5262,#5052,#5232));
#6526=IFCFACEOUTERBOUND(#6525,.T.);
#6527=IFCFACE((#6526));
#6528=IFCPOLYLOOP((#5282,#5234,#5233,#5281));
#6529=IFCFACEOUTERBOUND(#6528,.T.);
#6530=IFCFACE((#6529));
#6531=IFCPOLYLOOP((#5236,#5235,#5307,#5297,#5298,#5291,#5322,#5300,#5327,#5290,#5313,#5304,#5305,#5292,#5318,#5294,#5295,#5283,#5284));
#6532=IFCFACEOUTERBOUND(#6531,.T.);
#6533=IFCFACE((#6532));
#6534=IFCPOLYLOOP((#5293,#5306,#5315));
#6535=IFCFACEOUTERBOUND(#6534,.T.);
#6536=IFCFACE((#6535));
#6537=IFCPOLYLOOP((#5320,#5324,#5308));
#6538=IFCFACEOUTERBOUND(#6537,.T.);
#6539=IFCFACE((#6538));
#6540=IFCPOLYLOOP((#5332,#5331,#5307));
#6541=IFCFACEOUTERBOUND(#6540,.T.);
#6542=IFCFACE((#6541));
#6543=IFCPOLYLOOP((#5315,#5317,#5293));
#6544=IFCFACEOUTERBOUND(#6543,.T.);
#6545=IFCFACE((#6544));
#6546=IFCPOLYLOOP((#5297,#5307,#5331));
#6547=IFCFACEOUTERBOUND(#6546,.T.);
#6548=IFCFACE((#6547));
#6549=IFCPOLYLOOP((#5311,#5310,#5309));
#6550=IFCFACEOUTERBOUND(#6549,.T.);
#6551=IFCFACE((#6550));
#6552=IFCPOLYLOOP((#5320,#5291,#5298));
#6553=IFCFACEOUTERBOUND(#6552,.T.);
#6554=IFCFACE((#6553));
#6555=IFCPOLYLOOP((#5323,#5302,#5301));
#6556=IFCFACEOUTERBOUND(#6555,.T.);
#6557=IFCFACE((#6556));
#6558=IFCPOLYLOOP((#5333,#5314,#5312));
#6559=IFCFACEOUTERBOUND(#6558,.T.);
#6560=IFCFACE((#6559));
#6561=IFCPOLYLOOP((#5325,#5328,#5327));
#6562=IFCFACEOUTERBOUND(#6561,.T.);
#6563=IFCFACE((#6562));
#6564=IFCPOLYLOOP((#5316,#5317,#5330));
#6565=IFCFACEOUTERBOUND(#6564,.T.);
#6566=IFCFACE((#6565));
#6567=IFCPOLYLOOP((#5286,#5283,#5319));
#6568=IFCFACEOUTERBOUND(#6567,.T.);
#6569=IFCFACE((#6568));
#6570=IFCPOLYLOOP((#5319,#5315,#5306));
#6571=IFCFACEOUTERBOUND(#6570,.T.);
#6572=IFCFACE((#6571));
#6573=IFCPOLYLOOP((#5299,#5331,#5332));
#6574=IFCFACEOUTERBOUND(#6573,.T.);
#6575=IFCFACE((#6574));
#6576=IFCPOLYLOOP((#5325,#5323,#5301));
#6577=IFCFACEOUTERBOUND(#6576,.T.);
#6578=IFCFACE((#6577));
#6579=IFCPOLYLOOP((#5320,#5298,#5324));
#6580=IFCFACEOUTERBOUND(#6579,.T.);
#6581=IFCFACE((#6580));
#6582=IFCPOLYLOOP((#5332,#5307,#5235));
#6583=IFCFACEOUTERBOUND(#6582,.T.);
#6584=IFCFACE((#6583));
#6585=IFCPOLYLOOP((#5332,#5238,#5237));
#6586=IFCFACEOUTERBOUND(#6585,.T.);
#6587=IFCFACE((#6586));
#6588=IFCPOLYLOOP((#5320,#5288,#5321));
#6589=IFCFACEOUTERBOUND(#6588,.T.);
#6590=IFCFACE((#6589));
#6591=IFCPOLYLOOP((#5322,#5321,#5323));
#6592=IFCFACEOUTERBOUND(#6591,.T.);
#6593=IFCFACE((#6592));
#6594=IFCPOLYLOOP((#5311,#5309,#5289));
#6595=IFCFACEOUTERBOUND(#6594,.T.);
#6596=IFCFACE((#6595));
#6597=IFCPOLYLOOP((#5312,#5310,#5304));
#6598=IFCFACEOUTERBOUND(#6597,.T.);
#6599=IFCFACE((#6598));
#6600=IFCPOLYLOOP((#5310,#5305,#5304));
#6601=IFCFACEOUTERBOUND(#6600,.T.);
#6602=IFCFACE((#6601));
#6603=IFCPOLYLOOP((#5319,#5306,#5285));
#6604=IFCFACEOUTERBOUND(#6603,.T.);
#6605=IFCFACE((#6604));
#6606=IFCPOLYLOOP((#5295,#5294,#5315));
#6607=IFCFACEOUTERBOUND(#6606,.T.);
#6608=IFCFACE((#6607));
#6609=IFCPOLYLOOP((#5312,#5303,#5310));
#6610=IFCFACEOUTERBOUND(#6609,.T.);
#6611=IFCFACE((#6610));
#6612=IFCPOLYLOOP((#5331,#5296,#5324));
#6613=IFCFACEOUTERBOUND(#6612,.T.);
#6614=IFCFACE((#6613));
#6615=IFCPOLYLOOP((#5309,#5310,#5303));
#6616=IFCFACEOUTERBOUND(#6615,.T.);
#6617=IFCFACE((#6616));
#6618=IFCPOLYLOOP((#5305,#5310,#5311));
#6619=IFCFACEOUTERBOUND(#6618,.T.);
#6620=IFCFACE((#6619));
#6621=IFCPOLYLOOP((#5311,#5292,#5305));
#6622=IFCFACEOUTERBOUND(#6621,.T.);
#6623=IFCFACE((#6622));
#6624=IFCPOLYLOOP((#5330,#5292,#5311));
#6625=IFCFACEOUTERBOUND(#6624,.T.);
#6626=IFCFACE((#6625));
#6627=IFCPOLYLOOP((#5329,#5287,#5314));
#6628=IFCFACEOUTERBOUND(#6627,.T.);
#6629=IFCFACE((#6628));
#6630=IFCPOLYLOOP((#5314,#5303,#5312));
#6631=IFCFACEOUTERBOUND(#6630,.T.);
#6632=IFCFACE((#6631));
#6633=IFCPOLYLOOP((#5329,#5328,#5287));
#6634=IFCFACEOUTERBOUND(#6633,.T.);
#6635=IFCFACE((#6634));
#6636=IFCPOLYLOOP((#5312,#5304,#5313));
#6637=IFCFACEOUTERBOUND(#6636,.T.);
#6638=IFCFACE((#6637));
#6639=IFCPOLYLOOP((#5319,#5295,#5315));
#6640=IFCFACEOUTERBOUND(#6639,.T.);
#6641=IFCFACE((#6640));
#6642=IFCPOLYLOOP((#5295,#5319,#5283));
#6643=IFCFACEOUTERBOUND(#6642,.T.);
#6644=IFCFACE((#6643));
#6645=IFCPOLYLOOP((#5294,#5317,#5315));
#6646=IFCFACEOUTERBOUND(#6645,.T.);
#6647=IFCFACE((#6646));
#6648=IFCPOLYLOOP((#5317,#5316,#5293));
#6649=IFCFACEOUTERBOUND(#6648,.T.);
#6650=IFCFACE((#6649));
#6651=IFCPOLYLOOP((#5330,#5318,#5292));
#6652=IFCFACEOUTERBOUND(#6651,.T.);
#6653=IFCFACE((#6652));
#6654=IFCPOLYLOOP((#5316,#5330,#5289));
#6655=IFCFACEOUTERBOUND(#6654,.T.);
#6656=IFCFACE((#6655));
#6657=IFCPOLYLOOP((#5317,#5294,#5318));
#6658=IFCFACEOUTERBOUND(#6657,.T.);
#6659=IFCFACE((#6658));
#6660=IFCPOLYLOOP((#5286,#5319,#5285));
#6661=IFCFACEOUTERBOUND(#6660,.T.);
#6662=IFCFACE((#6661));
#6663=IFCPOLYLOOP((#5291,#5320,#5321));
#6664=IFCFACEOUTERBOUND(#6663,.T.);
#6665=IFCFACE((#6664));
#6666=IFCPOLYLOOP((#5288,#5320,#5308));
#6667=IFCFACEOUTERBOUND(#6666,.T.);
#6668=IFCFACE((#6667));
#6669=IFCPOLYLOOP((#5325,#5300,#5323));
#6670=IFCFACEOUTERBOUND(#6669,.T.);
#6671=IFCFACE((#6670));
#6672=IFCPOLYLOOP((#5321,#5288,#5302));
#6673=IFCFACEOUTERBOUND(#6672,.T.);
#6674=IFCFACE((#6673));
#6675=IFCPOLYLOOP((#5322,#5291,#5321));
#6676=IFCFACEOUTERBOUND(#6675,.T.);
#6677=IFCFACE((#6676));
#6678=IFCPOLYLOOP((#5300,#5322,#5323));
#6679=IFCFACEOUTERBOUND(#6678,.T.);
#6680=IFCFACE((#6679));
#6681=IFCPOLYLOOP((#5302,#5323,#5321));
#6682=IFCFACEOUTERBOUND(#6681,.T.);
#6683=IFCFACE((#6682));
#6684=IFCPOLYLOOP((#5308,#5324,#5296));
#6685=IFCFACEOUTERBOUND(#6684,.T.);
#6686=IFCFACE((#6685));
#6687=IFCPOLYLOOP((#5324,#5298,#5297));
#6688=IFCFACEOUTERBOUND(#6687,.T.);
#6689=IFCFACE((#6688));
#6690=IFCPOLYLOOP((#5290,#5327,#5328));
#6691=IFCFACEOUTERBOUND(#6690,.T.);
#6692=IFCFACE((#6691));
#6693=IFCPOLYLOOP((#5327,#5300,#5325));
#6694=IFCFACEOUTERBOUND(#6693,.T.);
#6695=IFCFACE((#6694));
#6696=IFCPOLYLOOP((#5326,#5287,#5328));
#6697=IFCFACEOUTERBOUND(#6696,.T.);
#6698=IFCFACE((#6697));
#6699=IFCPOLYLOOP((#5325,#5301,#5326));
#6700=IFCFACEOUTERBOUND(#6699,.T.);
#6701=IFCFACE((#6700));
#6702=IFCPOLYLOOP((#5329,#5290,#5328));
#6703=IFCFACEOUTERBOUND(#6702,.T.);
#6704=IFCFACE((#6703));
#6705=IFCPOLYLOOP((#5326,#5328,#5325));
#6706=IFCFACEOUTERBOUND(#6705,.T.);
#6707=IFCFACE((#6706));
#6708=IFCPOLYLOOP((#5329,#5313,#5290));
#6709=IFCFACEOUTERBOUND(#6708,.T.);
#6710=IFCFACE((#6709));
#6711=IFCPOLYLOOP((#5333,#5313,#5329));
#6712=IFCFACEOUTERBOUND(#6711,.T.);
#6713=IFCFACE((#6712));
#6714=IFCPOLYLOOP((#5317,#5318,#5330));
#6715=IFCFACEOUTERBOUND(#6714,.T.);
#6716=IFCFACE((#6715));
#6717=IFCPOLYLOOP((#5289,#5330,#5311));
#6718=IFCFACEOUTERBOUND(#6717,.T.);
#6719=IFCFACE((#6718));
#6720=IFCPOLYLOOP((#5297,#5331,#5324));
#6721=IFCFACEOUTERBOUND(#6720,.T.);
#6722=IFCFACE((#6721));
#6723=IFCPOLYLOOP((#5296,#5331,#5299));
#6724=IFCFACEOUTERBOUND(#6723,.T.);
#6725=IFCFACE((#6724));
#6726=IFCPOLYLOOP((#5299,#5332,#5237));
#6727=IFCFACEOUTERBOUND(#6726,.T.);
#6728=IFCFACE((#6727));
#6729=IFCPOLYLOOP((#5238,#5332,#5235));
#6730=IFCFACEOUTERBOUND(#6729,.T.);
#6731=IFCFACE((#6730));
#6732=IFCPOLYLOOP((#5314,#5333,#5329));
#6733=IFCFACEOUTERBOUND(#6732,.T.);
#6734=IFCFACE((#6733));
#6735=IFCPOLYLOOP((#5333,#5312,#5313));
#6736=IFCFACEOUTERBOUND(#6735,.T.);
#6737=IFCFACE((#6736));
#6738=IFCPOLYLOOP((#5384,#5383,#5365));
#6739=IFCFACEOUTERBOUND(#6738,.T.);
#6740=IFCFACE((#6739));
#6741=IFCPOLYLOOP((#5462,#5353,#5428));
#6742=IFCFACEOUTERBOUND(#6741,.T.);
#6743=IFCFACE((#6742));
#6744=IFCPOLYLOOP((#5432,#5472,#5497));
#6745=IFCFACEOUTERBOUND(#6744,.T.);
#6746=IFCFACE((#6745));
#6747=IFCPOLYLOOP((#5502,#5371,#5448));
#6748=IFCFACEOUTERBOUND(#6747,.T.);
#6749=IFCFACE((#6748));
#6750=IFCPOLYLOOP((#5414,#5406,#5385));
#6751=IFCFACEOUTERBOUND(#6750,.T.);
#6752=IFCFACE((#6751));
#6753=IFCPOLYLOOP((#5386,#5350,#5381));
#6754=IFCFACEOUTERBOUND(#6753,.T.);
#6755=IFCFACE((#6754));
#6756=IFCPOLYLOOP((#5476,#5397,#5434,#5358));
#6757=IFCFACEOUTERBOUND(#6756,.T.);
#6758=IFCFACE((#6757));
#6759=IFCPOLYLOOP((#5417,#5418,#5415));
#6760=IFCFACEOUTERBOUND(#6759,.T.);
#6761=IFCFACE((#6760));
#6762=IFCPOLYLOOP((#5379,#5363,#5377,#5378));
#6763=IFCFACEOUTERBOUND(#6762,.T.);
#6764=IFCFACE((#6763));
#6765=IFCPOLYLOOP((#5374,#5509,#5510,#5505));
#6766=IFCFACEOUTERBOUND(#6765,.T.);
#6767=IFCFACE((#6766));
#6768=IFCPOLYLOOP((#5442,#5500,#5499));
#6769=IFCFACEOUTERBOUND(#6768,.T.);
#6770=IFCFACE((#6769));
#6771=IFCPOLYLOOP((#5416,#5418,#5417));
#6772=IFCFACEOUTERBOUND(#6771,.T.);
#6773=IFCFACE((#6772));
#6774=IFCPOLYLOOP((#5441,#5496,#5501));
#6775=IFCFACEOUTERBOUND(#6774,.T.);
#6776=IFCFACE((#6775));
#6777=IFCPOLYLOOP((#5431,#5470,#5473));
#6778=IFCFACEOUTERBOUND(#6777,.T.);
#6779=IFCFACE((#6778));
#6780=IFCPOLYLOOP((#5406,#5348,#5408));
#6781=IFCFACEOUTERBOUND(#6780,.T.);
#6782=IFCFACE((#6781));
#6783=IFCPOLYLOOP((#5401,#5488,#5438));
#6784=IFCFACEOUTERBOUND(#6783,.T.);
#6785=IFCFACE((#6784));
#6786=IFCPOLYLOOP((#5379,#5381,#5350));
#6787=IFCFACEOUTERBOUND(#6786,.T.);
#6788=IFCFACE((#6787));
#6789=IFCPOLYLOOP((#5335,#5336,#5382));
#6790=IFCFACEOUTERBOUND(#6789,.T.);
#6791=IFCFACE((#6790));
#6792=IFCPOLYLOOP((#5377,#5249,#5248));
#6793=IFCFACEOUTERBOUND(#6792,.T.);
#6794=IFCFACE((#6793));
#6795=IFCPOLYLOOP((#5425,#5454,#5457));
#6796=IFCFACEOUTERBOUND(#6795,.T.);
#6797=IFCFACE((#6796));
#6798=IFCPOLYLOOP((#5440,#5493,#5492));
#6799=IFCFACEOUTERBOUND(#6798,.T.);
#6800=IFCFACE((#6799));
#6801=IFCPOLYLOOP((#5426,#5456,#5461));
#6802=IFCFACEOUTERBOUND(#6801,.T.);
#6803=IFCFACE((#6802));
#6804=IFCPOLYLOOP((#5427,#5459,#5463));
#6805=IFCFACEOUTERBOUND(#6804,.T.);
#6806=IFCFACE((#6805));
#6807=IFCPOLYLOOP((#5451,#5505,#5510));
#6808=IFCFACEOUTERBOUND(#6807,.T.);
#6809=IFCFACE((#6808));
#6810=IFCPOLYLOOP((#5399,#5483,#5436));
#6811=IFCFACEOUTERBOUND(#6810,.T.);
#6812=IFCFACE((#6811));
#6813=IFCPOLYLOOP((#5481,#5399,#5436,#5357));
#6814=IFCFACEOUTERBOUND(#6813,.T.);
#6815=IFCFACE((#6814));
#6816=IFCPOLYLOOP((#5397,#5478,#5434));
#6817=IFCFACEOUTERBOUND(#6816,.T.);
#6818=IFCFACE((#6817));
#6819=IFCPOLYLOOP((#5248,#5375,#5378));
#6820=IFCFACEOUTERBOUND(#6819,.T.);
#6821=IFCFACE((#6820));
#6822=IFCPOLYLOOP((#5365,#5383,#5382));
#6823=IFCFACEOUTERBOUND(#6822,.T.);
#6824=IFCFACE((#6823));
#6825=IFCPOLYLOOP((#5359,#5415,#5384));
#6826=IFCFACEOUTERBOUND(#6825,.T.);
#6827=IFCFACE((#6826));
#6828=IFCPOLYLOOP((#5381,#5378,#5362));
#6829=IFCFACEOUTERBOUND(#6828,.T.);
#6830=IFCFACE((#6829));
#6831=IFCPOLYLOOP((#5384,#5415,#5360));
#6832=IFCFACEOUTERBOUND(#6831,.T.);
#6833=IFCFACE((#6832));
#6834=IFCPOLYLOOP((#5382,#5383,#5335));
#6835=IFCFACEOUTERBOUND(#6834,.T.);
#6836=IFCFACE((#6835));
#6837=IFCPOLYLOOP((#5368,#5412,#5411));
#6838=IFCFACEOUTERBOUND(#6837,.T.);
#6839=IFCFACE((#6838));
#6840=IFCPOLYLOOP((#5486,#5401,#5438,#5367));
#6841=IFCFACEOUTERBOUND(#6840,.T.);
#6842=IFCFACE((#6841));
#6843=IFCPOLYLOOP((#5409,#5410,#5411));
#6844=IFCFACEOUTERBOUND(#6843,.T.);
#6845=IFCFACE((#6844));
#6846=IFCPOLYLOOP((#5448,#5504,#5503));
#6847=IFCFACEOUTERBOUND(#6846,.T.);
#6848=IFCFACE((#6847));
#6849=IFCPOLYLOOP((#5439,#5490,#5494));
#6850=IFCFACEOUTERBOUND(#6849,.T.);
#6851=IFCFACE((#6850));
#6852=IFCPOLYLOOP((#5422,#5450,#5492));
#6853=IFCFACEOUTERBOUND(#6852,.T.);
#6854=IFCFACE((#6853));
#6855=IFCPOLYLOOP((#5393,#5468,#5430));
#6856=IFCFACEOUTERBOUND(#6855,.T.);
#6857=IFCFACE((#6856));
#6858=IFCPOLYLOOP((#5466,#5393,#5430,#5373));
#6859=IFCFACEOUTERBOUND(#6858,.T.);
#6860=IFCFACE((#6859));
#6861=IFCPOLYLOOP((#5506,#5458,#5340,#5505));
#6862=IFCFACEOUTERBOUND(#6861,.T.);
#6863=IFCFACE((#6862));
#6864=IFCPOLYLOOP((#5248,#5247,#5375));
#6865=IFCFACEOUTERBOUND(#6864,.T.);
#6866=IFCFACE((#6865));
#6867=IFCPOLYLOOP((#5376,#5334,#5335));
#6868=IFCFACEOUTERBOUND(#6867,.T.);
#6869=IFCFACE((#6868));
#6870=IFCPOLYLOOP((#5248,#5378,#5377));
#6871=IFCFACEOUTERBOUND(#6870,.T.);
#6872=IFCFACE((#6871));
#6873=IFCPOLYLOOP((#5378,#5375,#5362));
#6874=IFCFACEOUTERBOUND(#6873,.T.);
#6875=IFCFACE((#6874));
#6876=IFCPOLYLOOP((#5380,#5349,#5381,#5362));
#6877=IFCFACEOUTERBOUND(#6876,.T.);
#6878=IFCFACE((#6877));
#6879=IFCPOLYLOOP((#5379,#5378,#5381));
#6880=IFCFACEOUTERBOUND(#6879,.T.);
#6881=IFCFACE((#6880));
#6882=IFCPOLYLOOP((#5425,#5453,#5503));
#6883=IFCFACEOUTERBOUND(#6882,.T.);
#6884=IFCFACE((#6883));
#6885=IFCPOLYLOOP((#5376,#5335,#5383));
#6886=IFCFACEOUTERBOUND(#6885,.T.);
#6887=IFCFACE((#6886));
#6888=IFCPOLYLOOP((#5383,#5364,#5376));
#6889=IFCFACEOUTERBOUND(#6888,.T.);
#6890=IFCFACE((#6889));
#6891=IFCPOLYLOOP((#5364,#5383,#5384));
#6892=IFCFACEOUTERBOUND(#6891,.T.);
#6893=IFCFACE((#6892));
#6894=IFCPOLYLOOP((#5364,#5384,#5360));
#6895=IFCFACEOUTERBOUND(#6894,.T.);
#6896=IFCFACE((#6895));
#6897=IFCPOLYLOOP((#5424,#5359,#5384,#5365));
#6898=IFCFACEOUTERBOUND(#6897,.T.);
#6899=IFCFACE((#6898));
#6900=IFCPOLYLOOP((#5349,#5386,#5381));
#6901=IFCFACEOUTERBOUND(#6900,.T.);
#6902=IFCFACE((#6901));
#6903=IFCPOLYLOOP((#5407,#5350,#5386));
#6904=IFCFACEOUTERBOUND(#6903,.T.);
#6905=IFCFACE((#6904));
#6906=IFCPOLYLOOP((#5408,#5347,#5406));
#6907=IFCFACEOUTERBOUND(#6906,.T.);
#6908=IFCFACE((#6907));
#6909=IFCPOLYLOOP((#5387,#5348,#5406));
#6910=IFCFACEOUTERBOUND(#6909,.T.);
#6911=IFCFACE((#6910));
#6912=IFCPOLYLOOP((#5349,#5414,#5386));
#6913=IFCFACEOUTERBOUND(#6912,.T.);
#6914=IFCFACE((#6913));
#6915=IFCPOLYLOOP((#5455,#5388,#5426,#5353));
#6916=IFCFACEOUTERBOUND(#6915,.T.);
#6917=IFCFACE((#6916));
#6918=IFCPOLYLOOP((#5427,#5458,#5506));
#6919=IFCFACEOUTERBOUND(#6918,.T.);
#6920=IFCFACE((#6919));
#6921=IFCPOLYLOOP((#5460,#5390,#5428));
#6922=IFCFACEOUTERBOUND(#6921,.T.);
#6923=IFCFACE((#6922));
#6924=IFCPOLYLOOP((#5392,#5467,#5468,#5464));
#6925=IFCFACEOUTERBOUND(#6924,.T.);
#6926=IFCFACE((#6925));
#6927=IFCPOLYLOOP((#5429,#5464,#5468));
#6928=IFCFACEOUTERBOUND(#6927,.T.);
#6929=IFCFACE((#6928));
#6930=IFCPOLYLOOP((#5469,#5342,#5431,#5394));
#6931=IFCFACEOUTERBOUND(#6930,.T.);
#6932=IFCFACE((#6931));
#6933=IFCPOLYLOOP((#5471,#5394,#5432,#5346));
#6934=IFCFACEOUTERBOUND(#6933,.T.);
#6935=IFCFACE((#6934));
#6936=IFCPOLYLOOP((#5478,#5433,#5396));
#6937=IFCFACEOUTERBOUND(#6936,.T.);
#6938=IFCFACE((#6937));
#6939=IFCPOLYLOOP((#5474,#5396,#5433,#5338));
#6940=IFCFACEOUTERBOUND(#6939,.T.);
#6941=IFCFACE((#6940));
#6942=IFCPOLYLOOP((#5398,#5482,#5483,#5479));
#6943=IFCFACEOUTERBOUND(#6942,.T.);
#6944=IFCFACE((#6943));
#6945=IFCPOLYLOOP((#5435,#5479,#5483));
#6946=IFCFACEOUTERBOUND(#6945,.T.);
#6947=IFCFACE((#6946));
#6948=IFCPOLYLOOP((#5488,#5437,#5400));
#6949=IFCFACEOUTERBOUND(#6948,.T.);
#6950=IFCFACE((#6949));
#6951=IFCPOLYLOOP((#5484,#5400,#5437,#5341));
#6952=IFCFACEOUTERBOUND(#6951,.T.);
#6953=IFCFACE((#6952));
#6954=IFCPOLYLOOP((#5489,#5339,#5439,#5402));
#6955=IFCFACEOUTERBOUND(#6954,.T.);
#6956=IFCFACE((#6955));
#6957=IFCPOLYLOOP((#5491,#5402,#5440,#5370));
#6958=IFCFACEOUTERBOUND(#6957,.T.);
#6959=IFCFACE((#6958));
#6960=IFCPOLYLOOP((#5495,#5346,#5441,#5404));
#6961=IFCFACEOUTERBOUND(#6960,.T.);
#6962=IFCFACE((#6961));
#6963=IFCPOLYLOOP((#5498,#5404,#5442,#5343));
#6964=IFCFACEOUTERBOUND(#6963,.T.);
#6965=IFCFACE((#6964));
#6966=IFCPOLYLOOP((#5387,#5406,#5414));
#6967=IFCFACEOUTERBOUND(#6966,.T.);
#6968=IFCFACE((#6967));
#6969=IFCPOLYLOOP((#5443,#5385,#5406,#5347));
#6970=IFCFACEOUTERBOUND(#6969,.T.);
#6971=IFCFACE((#6970));
#6972=IFCPOLYLOOP((#5444,#5367,#5412,#5368));
#6973=IFCFACEOUTERBOUND(#6972,.T.);
#6974=IFCFACE((#6973));
#6975=IFCPOLYLOOP((#5385,#5407,#5414));
#6976=IFCFACEOUTERBOUND(#6975,.T.);
#6977=IFCFACE((#6976));
#6978=IFCPOLYLOOP((#5408,#5413,#5411));
#6979=IFCFACEOUTERBOUND(#6978,.T.);
#6980=IFCFACE((#6979));
#6981=IFCPOLYLOOP((#5411,#5410,#5408));
#6982=IFCFACEOUTERBOUND(#6981,.T.);
#6983=IFCFACE((#6982));
#6984=IFCPOLYLOOP((#5410,#5347,#5408));
#6985=IFCFACEOUTERBOUND(#6984,.T.);
#6986=IFCFACE((#6985));
#6987=IFCPOLYLOOP((#5412,#5409,#5411));
#6988=IFCFACEOUTERBOUND(#6987,.T.);
#6989=IFCFACE((#6988));
#6990=IFCPOLYLOOP((#5387,#5414,#5349));
#6991=IFCFACEOUTERBOUND(#6990,.T.);
#6992=IFCFACE((#6991));
#6993=IFCPOLYLOOP((#5445,#5409,#5412,#5366));
#6994=IFCFACEOUTERBOUND(#6993,.T.);
#6995=IFCFACE((#6994));
#6996=IFCPOLYLOOP((#5366,#5412,#5438));
#6997=IFCFACEOUTERBOUND(#6996,.T.);
#6998=IFCFACE((#6997));
#6999=IFCPOLYLOOP((#5368,#5411,#5413));
#7000=IFCFACEOUTERBOUND(#6999,.T.);
#7001=IFCFACE((#7000));
#7002=IFCPOLYLOOP((#5408,#5348,#5413));
#7003=IFCFACEOUTERBOUND(#7002,.T.);
#7004=IFCFACE((#7003));
#7005=IFCPOLYLOOP((#5386,#5414,#5407));
#7006=IFCFACEOUTERBOUND(#7005,.T.);
#7007=IFCFACE((#7006));
#7008=IFCPOLYLOOP((#5361,#5420,#5418));
#7009=IFCFACEOUTERBOUND(#7008,.T.);
#7010=IFCFACE((#7009));
#7011=IFCPOLYLOOP((#5418,#5419,#5361));
#7012=IFCFACEOUTERBOUND(#7011,.T.);
#7013=IFCFACE((#7012));
#7014=IFCPOLYLOOP((#5416,#5419,#5418));
#7015=IFCFACEOUTERBOUND(#7014,.T.);
#7016=IFCFACE((#7015));
#7017=IFCPOLYLOOP((#5415,#5418,#5420));
#7018=IFCFACEOUTERBOUND(#7017,.T.);
#7019=IFCFACE((#7018));
#7020=IFCPOLYLOOP((#5415,#5359,#5417));
#7021=IFCFACEOUTERBOUND(#7020,.T.);
#7022=IFCFACE((#7021));
#7023=IFCPOLYLOOP((#5446,#5361,#5419,#5344));
#7024=IFCFACEOUTERBOUND(#7023,.T.);
#7025=IFCFACE((#7024));
#7026=IFCPOLYLOOP((#5405,#5501,#5496));
#7027=IFCFACEOUTERBOUND(#7026,.T.);
#7028=IFCFACE((#7027));
#7029=IFCPOLYLOOP((#5419,#5447,#5499));
#7030=IFCFACEOUTERBOUND(#7029,.T.);
#7031=IFCFACE((#7030));
#7032=IFCPOLYLOOP((#5420,#5360,#5415));
#7033=IFCFACEOUTERBOUND(#7032,.T.);
#7034=IFCFACE((#7033));
#7035=IFCPOLYLOOP((#5403,#5494,#5490));
#7036=IFCFACEOUTERBOUND(#7035,.T.);
#7037=IFCFACE((#7036));
#7038=IFCPOLYLOOP((#5449,#5421,#5422,#5369));
#7039=IFCFACEOUTERBOUND(#7038,.T.);
#7040=IFCFACE((#7039));
#7041=IFCPOLYLOOP((#5371,#5422,#5448));
#7042=IFCFACEOUTERBOUND(#7041,.T.);
#7043=IFCFACE((#7042));
#7044=IFCPOLYLOOP((#5457,#5426,#5388));
#7045=IFCFACEOUTERBOUND(#7044,.T.);
#7046=IFCFACE((#7045));
#7047=IFCPOLYLOOP((#5508,#5423,#5452,#5372));
#7048=IFCFACEOUTERBOUND(#7047,.T.);
#7049=IFCFACE((#7048));
#7050=IFCPOLYLOOP((#5427,#5506,#5337));
#7051=IFCFACEOUTERBOUND(#7050,.T.);
#7052=IFCFACE((#7051));
#7053=IFCPOLYLOOP((#5391,#5462,#5463,#5459));
#7054=IFCFACEOUTERBOUND(#7053,.T.);
#7055=IFCFACE((#7054));
#7056=IFCPOLYLOOP((#5457,#5456,#5426));
#7057=IFCFACEOUTERBOUND(#7056,.T.);
#7058=IFCFACE((#7057));
#7059=IFCPOLYLOOP((#5463,#5428,#5390));
#7060=IFCFACEOUTERBOUND(#7059,.T.);
#7061=IFCFACE((#7060));
#7062=IFCPOLYLOOP((#5451,#5337,#5506));
#7063=IFCFACEOUTERBOUND(#7062,.T.);
#7064=IFCFACE((#7063));
#7065=IFCPOLYLOOP((#5428,#5461,#5460));
#7066=IFCFACEOUTERBOUND(#7065,.T.);
#7067=IFCFACE((#7066));
#7068=IFCPOLYLOOP((#5463,#5462,#5428));
#7069=IFCFACEOUTERBOUND(#7068,.T.);
#7070=IFCFACE((#7069));
#7071=IFCPOLYLOOP((#5356,#5429,#5435));
#7072=IFCFACEOUTERBOUND(#7071,.T.);
#7073=IFCFACE((#7072));
#7074=IFCPOLYLOOP((#5465,#5355,#5429,#5393));
#7075=IFCFACEOUTERBOUND(#7074,.T.);
#7076=IFCFACE((#7075));
#7077=IFCPOLYLOOP((#5373,#5430,#5452));
#7078=IFCFACEOUTERBOUND(#7077,.T.);
#7079=IFCFACE((#7078));
#7080=IFCPOLYLOOP((#5467,#5372,#5430));
#7081=IFCFACEOUTERBOUND(#7080,.T.);
#7082=IFCFACE((#7081));
#7083=IFCPOLYLOOP((#5473,#5432,#5394));
#7084=IFCFACEOUTERBOUND(#7083,.T.);
#7085=IFCFACE((#7084));
#7086=IFCPOLYLOOP((#5339,#5431,#5439));
#7087=IFCFACEOUTERBOUND(#7086,.T.);
#7088=IFCFACE((#7087));
#7089=IFCPOLYLOOP((#5497,#5441,#5346));
#7090=IFCFACEOUTERBOUND(#7089,.T.);
#7091=IFCFACE((#7090));
#7092=IFCPOLYLOOP((#5395,#5432,#5473));
#7093=IFCFACEOUTERBOUND(#7092,.T.);
#7094=IFCFACE((#7093));
#7095=IFCPOLYLOOP((#5338,#5433,#5437));
#7096=IFCFACEOUTERBOUND(#7095,.T.);
#7097=IFCFACE((#7096));
#7098=IFCPOLYLOOP((#5475,#5341,#5433));
#7099=IFCFACEOUTERBOUND(#7098,.T.);
#7100=IFCFACE((#7099));
#7101=IFCPOLYLOOP((#5358,#5434,#5436));
#7102=IFCFACEOUTERBOUND(#7101,.T.);
#7103=IFCFACE((#7102));
#7104=IFCPOLYLOOP((#5477,#5357,#5434));
#7105=IFCFACEOUTERBOUND(#7104,.T.);
#7106=IFCFACE((#7105));
#7107=IFCPOLYLOOP((#5355,#5435,#5429));
#7108=IFCFACEOUTERBOUND(#7107,.T.);
#7109=IFCFACE((#7108));
#7110=IFCPOLYLOOP((#5480,#5356,#5435));
#7111=IFCFACEOUTERBOUND(#7110,.T.);
#7112=IFCFACE((#7111));
#7113=IFCPOLYLOOP((#5357,#5436,#5434));
#7114=IFCFACEOUTERBOUND(#7113,.T.);
#7115=IFCFACE((#7114));
#7116=IFCPOLYLOOP((#5482,#5358,#5436));
#7117=IFCFACEOUTERBOUND(#7116,.T.);
#7118=IFCFACE((#7117));
#7119=IFCPOLYLOOP((#5341,#5437,#5433));
#7120=IFCFACEOUTERBOUND(#7119,.T.);
#7121=IFCFACE((#7120));
#7122=IFCPOLYLOOP((#5485,#5338,#5437));
#7123=IFCFACEOUTERBOUND(#7122,.T.);
#7124=IFCFACE((#7123));
#7125=IFCPOLYLOOP((#5367,#5438,#5412));
#7126=IFCFACEOUTERBOUND(#7125,.T.);
#7127=IFCFACE((#7126));
#7128=IFCPOLYLOOP((#5487,#5366,#5438));
#7129=IFCFACEOUTERBOUND(#7128,.T.);
#7130=IFCFACE((#7129));
#7131=IFCPOLYLOOP((#5494,#5440,#5402));
#7132=IFCFACEOUTERBOUND(#7131,.T.);
#7133=IFCFACE((#7132));
#7134=IFCPOLYLOOP((#5342,#5439,#5431));
#7135=IFCFACEOUTERBOUND(#7134,.T.);
#7136=IFCFACE((#7135));
#7137=IFCPOLYLOOP((#5492,#5370,#5440));
#7138=IFCFACEOUTERBOUND(#7137,.T.);
#7139=IFCFACE((#7138));
#7140=IFCPOLYLOOP((#5403,#5440,#5494));
#7141=IFCFACEOUTERBOUND(#7140,.T.);
#7142=IFCFACE((#7141));
#7143=IFCPOLYLOOP((#5501,#5442,#5404));
#7144=IFCFACEOUTERBOUND(#7143,.T.);
#7145=IFCFACE((#7144));
#7146=IFCPOLYLOOP((#5345,#5441,#5497));
#7147=IFCFACEOUTERBOUND(#7146,.T.);
#7148=IFCFACE((#7147));
#7149=IFCPOLYLOOP((#5499,#5343,#5442));
#7150=IFCFACEOUTERBOUND(#7149,.T.);
#7151=IFCFACE((#7150));
#7152=IFCPOLYLOOP((#5405,#5442,#5501));
#7153=IFCFACEOUTERBOUND(#7152,.T.);
#7154=IFCFACE((#7153));
#7155=IFCPOLYLOOP((#5448,#5503,#5502));
#7156=IFCFACEOUTERBOUND(#7155,.T.);
#7157=IFCFACE((#7156));
#7158=IFCPOLYLOOP((#5419,#5416,#5447));
#7159=IFCFACEOUTERBOUND(#7158,.T.);
#7160=IFCFACE((#7159));
#7161=IFCPOLYLOOP((#5421,#5448,#5422));
#7162=IFCFACEOUTERBOUND(#7161,.T.);
#7163=IFCFACE((#7162));
#7164=IFCPOLYLOOP((#5507,#5337,#5451,#5423));
#7165=IFCFACEOUTERBOUND(#7164,.T.);
#7166=IFCFACE((#7165));
#7167=IFCPOLYLOOP((#5422,#5371,#5450));
#7168=IFCFACEOUTERBOUND(#7167,.T.);
#7169=IFCFACE((#7168));
#7170=IFCPOLYLOOP((#5452,#5423,#5510));
#7171=IFCFACEOUTERBOUND(#7170,.T.);
#7172=IFCFACE((#7171));
#7173=IFCPOLYLOOP((#5372,#5452,#5430));
#7174=IFCFACEOUTERBOUND(#7173,.T.);
#7175=IFCFACE((#7174));
#7176=IFCPOLYLOOP((#5509,#5373,#5452));
#7177=IFCFACEOUTERBOUND(#7176,.T.);
#7178=IFCFACE((#7177));
#7179=IFCPOLYLOOP((#5389,#5456,#5457,#5454));
#7180=IFCFACEOUTERBOUND(#7179,.T.);
#7181=IFCFACE((#7180));
#7182=IFCPOLYLOOP((#5453,#5425,#5388));
#7183=IFCFACEOUTERBOUND(#7182,.T.);
#7184=IFCFACE((#7183));
#7185=IFCPOLYLOOP((#5425,#5351,#5454));
#7186=IFCFACEOUTERBOUND(#7185,.T.);
#7187=IFCFACE((#7186));
#7188=IFCPOLYLOOP((#5425,#5457,#5388));
#7189=IFCFACEOUTERBOUND(#7188,.T.);
#7190=IFCFACE((#7189));
#7191=IFCPOLYLOOP((#5354,#5460,#5461,#5456));
#7192=IFCFACEOUTERBOUND(#7191,.T.);
#7193=IFCFACE((#7192));
#7194=IFCPOLYLOOP((#5427,#5390,#5458));
#7195=IFCFACEOUTERBOUND(#7194,.T.);
#7196=IFCFACE((#7195));
#7197=IFCPOLYLOOP((#5427,#5337,#5459));
#7198=IFCFACEOUTERBOUND(#7197,.T.);
#7199=IFCFACE((#7198));
#7200=IFCPOLYLOOP((#5426,#5461,#5353));
#7201=IFCFACEOUTERBOUND(#7200,.T.);
#7202=IFCFACE((#7201));
#7203=IFCPOLYLOOP((#5461,#5428,#5353));
#7204=IFCFACEOUTERBOUND(#7203,.T.);
#7205=IFCFACE((#7204));
#7206=IFCPOLYLOOP((#5427,#5463,#5390));
#7207=IFCFACEOUTERBOUND(#7206,.T.);
#7208=IFCFACE((#7207));
#7209=IFCPOLYLOOP((#5429,#5468,#5393));
#7210=IFCFACEOUTERBOUND(#7209,.T.);
#7211=IFCFACE((#7210));
#7212=IFCPOLYLOOP((#5464,#5429,#5356));
#7213=IFCFACEOUTERBOUND(#7212,.T.);
#7214=IFCFACE((#7213));
#7215=IFCPOLYLOOP((#5430,#5468,#5467));
#7216=IFCFACEOUTERBOUND(#7215,.T.);
#7217=IFCFACE((#7216));
#7218=IFCPOLYLOOP((#5395,#5473,#5470));
#7219=IFCFACEOUTERBOUND(#7218,.T.);
#7220=IFCFACE((#7219));
#7221=IFCPOLYLOOP((#5431,#5339,#5470));
#7222=IFCFACEOUTERBOUND(#7221,.T.);
#7223=IFCFACE((#7222));
#7224=IFCPOLYLOOP((#5432,#5395,#5472));
#7225=IFCFACEOUTERBOUND(#7224,.T.);
#7226=IFCFACE((#7225));
#7227=IFCPOLYLOOP((#5431,#5473,#5394));
#7228=IFCFACEOUTERBOUND(#7227,.T.);
#7229=IFCFACE((#7228));
#7230=IFCPOLYLOOP((#5475,#5433,#5478));
#7231=IFCFACEOUTERBOUND(#7230,.T.);
#7232=IFCFACE((#7231));
#7233=IFCPOLYLOOP((#5397,#5475,#5478));
#7234=IFCFACEOUTERBOUND(#7233,.T.);
#7235=IFCFACE((#7234));
#7236=IFCPOLYLOOP((#5396,#5477,#5478));
#7237=IFCFACEOUTERBOUND(#7236,.T.);
#7238=IFCFACE((#7237));
#7239=IFCPOLYLOOP((#5434,#5478,#5477));
#7240=IFCFACEOUTERBOUND(#7239,.T.);
#7241=IFCFACE((#7240));
#7242=IFCPOLYLOOP((#5480,#5435,#5483));
#7243=IFCFACEOUTERBOUND(#7242,.T.);
#7244=IFCFACE((#7243));
#7245=IFCPOLYLOOP((#5479,#5435,#5355));
#7246=IFCFACEOUTERBOUND(#7245,.T.);
#7247=IFCFACE((#7246));
#7248=IFCPOLYLOOP((#5399,#5480,#5483));
#7249=IFCFACEOUTERBOUND(#7248,.T.);
#7250=IFCFACE((#7249));
#7251=IFCPOLYLOOP((#5436,#5483,#5482));
#7252=IFCFACEOUTERBOUND(#7251,.T.);
#7253=IFCFACE((#7252));
#7254=IFCPOLYLOOP((#5485,#5437,#5488));
#7255=IFCFACEOUTERBOUND(#7254,.T.);
#7256=IFCFACE((#7255));
#7257=IFCPOLYLOOP((#5401,#5485,#5488));
#7258=IFCFACEOUTERBOUND(#7257,.T.);
#7259=IFCFACE((#7258));
#7260=IFCPOLYLOOP((#5400,#5487,#5488));
#7261=IFCFACEOUTERBOUND(#7260,.T.);
#7262=IFCFACE((#7261));
#7263=IFCPOLYLOOP((#5438,#5488,#5487));
#7264=IFCFACEOUTERBOUND(#7263,.T.);
#7265=IFCFACE((#7264));
#7266=IFCPOLYLOOP((#5370,#5492,#5450));
#7267=IFCFACEOUTERBOUND(#7266,.T.);
#7268=IFCFACE((#7267));
#7269=IFCPOLYLOOP((#5439,#5342,#5490));
#7270=IFCFACEOUTERBOUND(#7269,.T.);
#7271=IFCFACE((#7270));
#7272=IFCPOLYLOOP((#5422,#5492,#5369));
#7273=IFCFACEOUTERBOUND(#7272,.T.);
#7274=IFCFACE((#7273));
#7275=IFCPOLYLOOP((#5369,#5492,#5493));
#7276=IFCFACEOUTERBOUND(#7275,.T.);
#7277=IFCFACE((#7276));
#7278=IFCPOLYLOOP((#5440,#5403,#5493));
#7279=IFCFACEOUTERBOUND(#7278,.T.);
#7280=IFCFACE((#7279));
#7281=IFCPOLYLOOP((#5439,#5494,#5402));
#7282=IFCFACEOUTERBOUND(#7281,.T.);
#7283=IFCFACE((#7282));
#7284=IFCPOLYLOOP((#5345,#5497,#5472));
#7285=IFCFACEOUTERBOUND(#7284,.T.);
#7286=IFCFACE((#7285));
#7287=IFCPOLYLOOP((#5441,#5345,#5496));
#7288=IFCFACEOUTERBOUND(#7287,.T.);
#7289=IFCFACE((#7288));
#7290=IFCPOLYLOOP((#5432,#5497,#5346));
#7291=IFCFACEOUTERBOUND(#7290,.T.);
#7292=IFCFACE((#7291));
#7293=IFCPOLYLOOP((#5343,#5499,#5447));
#7294=IFCFACEOUTERBOUND(#7293,.T.);
#7295=IFCFACE((#7294));
#7296=IFCPOLYLOOP((#5419,#5499,#5344));
#7297=IFCFACEOUTERBOUND(#7296,.T.);
#7298=IFCFACE((#7297));
#7299=IFCPOLYLOOP((#5344,#5499,#5500));
#7300=IFCFACEOUTERBOUND(#7299,.T.);
#7301=IFCFACE((#7300));
#7302=IFCPOLYLOOP((#5442,#5405,#5500));
#7303=IFCFACEOUTERBOUND(#7302,.T.);
#7304=IFCFACE((#7303));
#7305=IFCPOLYLOOP((#5441,#5501,#5404));
#7306=IFCFACEOUTERBOUND(#7305,.T.);
#7307=IFCFACE((#7306));
#7308=IFCPOLYLOOP((#5352,#5502,#5503,#5453));
#7309=IFCFACEOUTERBOUND(#7308,.T.);
#7310=IFCFACE((#7309));
#7311=IFCPOLYLOOP((#5425,#5503,#5351));
#7312=IFCFACEOUTERBOUND(#7311,.T.);
#7313=IFCFACE((#7312));
#7314=IFCPOLYLOOP((#5351,#5503,#5504));
#7315=IFCFACEOUTERBOUND(#7314,.T.);
#7316=IFCFACE((#7315));
#7317=IFCPOLYLOOP((#5448,#5421,#5504));
#7318=IFCFACEOUTERBOUND(#7317,.T.);
#7319=IFCFACE((#7318));
#7320=IFCPOLYLOOP((#5451,#5506,#5505));
#7321=IFCFACEOUTERBOUND(#7320,.T.);
#7322=IFCFACE((#7321));
#7323=IFCPOLYLOOP((#5451,#5510,#5423));
#7324=IFCFACEOUTERBOUND(#7323,.T.);
#7325=IFCFACE((#7324));
#7326=IFCPOLYLOOP((#5452,#5510,#5509));
#7327=IFCFACEOUTERBOUND(#7326,.T.);
#7328=IFCFACE((#7327));
#7329=IFCPOLYLOOP((#5280,#5511,#5334,#5376,#5364,#5360,#5420,#5361,#5446,#5344,#5500,#5405,#5496,#5345,#5472,#5395,#5470,#5339,#5489,#5402,#5491,#5370,#5450,#5371,#5502,#5352,#5453,#5388,#5455,#5353,#5462,#5391,#5459,#5337,#5507,#5423,#5508,#5372,#5467,#5392,#5464,#5356,#5480,#5399,#5481,#5357,#5477,#5396,#5474,#5338,#5485,#5401,#5486,#5367,#5444,#5368,#5413,#5348,#5387,#5349,#5380,#5362,#5375,#5247));
#7330=IFCFACEOUTERBOUND(#7329,.T.);
#7331=IFCFACE((#7330));
#7332=IFCPOLYLOOP((#5280,#5282,#5511));
#7333=IFCFACEOUTERBOUND(#7332,.T.);
#7334=IFCFACE((#7333));
#7335=IFCPOLYLOOP((#5282,#5280,#5234));
#7336=IFCFACEOUTERBOUND(#7335,.T.);
#7337=IFCFACE((#7336));
#7338=IFCPOLYLOOP((#4994,#5234,#5280));
#7339=IFCFACEOUTERBOUND(#7338,.T.);
#7340=IFCFACE((#7339));
#7341=IFCPOLYLOOP((#5280,#5232,#4994));
#7342=IFCFACEOUTERBOUND(#7341,.T.);
#7343=IFCFACE((#7342));
#7344=IFCPOLYLOOP((#4995,#4994,#5232));
#7345=IFCFACEOUTERBOUND(#7344,.T.);
#7346=IFCFACE((#7345));
#7347=IFCPOLYLOOP((#5232,#5231,#4995));
#7348=IFCFACEOUTERBOUND(#7347,.T.);
#7349=IFCFACE((#7348));
#7350=IFCPOLYLOOP((#5511,#4995,#5231));
#7351=IFCFACEOUTERBOUND(#7350,.T.);
#7352=IFCFACE((#7351));
#7353=IFCPOLYLOOP((#4995,#5511,#5282));
#7354=IFCFACEOUTERBOUND(#7353,.T.);
#7355=IFCFACE((#7354));
#7356=IFCPOLYLOOP((#4992,#4995,#5282,#5281));
#7357=IFCFACEOUTERBOUND(#7356,.T.);
#7358=IFCFACE((#7357));
#7359=IFCPOLYLOOP((#5233,#5284,#5281));
#7360=IFCFACEOUTERBOUND(#7359,.T.);
#7361=IFCFACE((#7360));
#7362=IFCPOLYLOOP((#5284,#5233,#5236));
#7363=IFCFACEOUTERBOUND(#7362,.T.);
#7364=IFCFACE((#7363));
#7365=IFCPOLYLOOP((#4998,#5236,#5233));
#7366=IFCFACEOUTERBOUND(#7365,.T.);
#7367=IFCFACE((#7366));
#7368=IFCPOLYLOOP((#5233,#4993,#4998));
#7369=IFCFACEOUTERBOUND(#7368,.T.);
#7370=IFCFACE((#7369));
#7371=IFCPOLYLOOP((#4999,#4998,#4993));
#7372=IFCFACEOUTERBOUND(#7371,.T.);
#7373=IFCFACE((#7372));
#7374=IFCPOLYLOOP((#4993,#4992,#4999));
#7375=IFCFACEOUTERBOUND(#7374,.T.);
#7376=IFCFACE((#7375));
#7377=IFCPOLYLOOP((#5281,#4999,#4992));
#7378=IFCFACEOUTERBOUND(#7377,.T.);
#7379=IFCFACE((#7378));
#7380=IFCPOLYLOOP((#4999,#5281,#5284));
#7381=IFCFACEOUTERBOUND(#7380,.T.);
#7382=IFCFACE((#7381));
#7383=IFCPOLYLOOP((#4999,#5284,#5283,#5514,#5512,#4996));
#7384=IFCFACEOUTERBOUND(#7383,.T.);
#7385=IFCFACE((#7384));
#7386=IFCPOLYLOOP((#5513,#5517,#5515,#5516));
#7387=IFCFACEOUTERBOUND(#7386,.T.);
#7388=IFCFACE((#7387));
#7389=IFCPOLYLOOP((#5518,#5286,#5516));
#7390=IFCFACEOUTERBOUND(#7389,.T.);
#7391=IFCFACE((#7390));
#7392=IFCPOLYLOOP((#5519,#5003,#4996));
#7393=IFCFACEOUTERBOUND(#7392,.T.);
#7394=IFCFACE((#7393));
#7395=IFCPOLYLOOP((#5519,#5512,#5515));
#7396=IFCFACEOUTERBOUND(#7395,.T.);
#7397=IFCFACE((#7396));
#7398=IFCPOLYLOOP((#5518,#5514,#5283));
#7399=IFCFACEOUTERBOUND(#7398,.T.);
#7400=IFCFACE((#7399));
#7401=IFCPOLYLOOP((#5512,#5514,#5515));
#7402=IFCFACEOUTERBOUND(#7401,.T.);
#7403=IFCFACE((#7402));
#7404=IFCPOLYLOOP((#5519,#5515,#5517));
#7405=IFCFACEOUTERBOUND(#7404,.T.);
#7406=IFCFACE((#7405));
#7407=IFCPOLYLOOP((#5515,#5518,#5516));
#7408=IFCFACEOUTERBOUND(#7407,.T.);
#7409=IFCFACE((#7408));
#7410=IFCPOLYLOOP((#5515,#5514,#5518));
#7411=IFCFACEOUTERBOUND(#7410,.T.);
#7412=IFCFACE((#7411));
#7413=IFCPOLYLOOP((#5286,#5285,#5516));
#7414=IFCFACEOUTERBOUND(#7413,.T.);
#7415=IFCFACE((#7414));
#7416=IFCPOLYLOOP((#5517,#5000,#5003));
#7417=IFCFACEOUTERBOUND(#7416,.T.);
#7418=IFCFACE((#7417));
#7419=IFCPOLYLOOP((#5286,#5518,#5283));
#7420=IFCFACEOUTERBOUND(#7419,.T.);
#7421=IFCFACE((#7420));
#7422=IFCPOLYLOOP((#5512,#5519,#4996));
#7423=IFCFACEOUTERBOUND(#7422,.T.);
#7424=IFCFACE((#7423));
#7425=IFCPOLYLOOP((#5003,#5519,#5517));
#7426=IFCFACEOUTERBOUND(#7425,.T.);
#7427=IFCFACE((#7426));
#7428=IFCPOLYLOOP((#5237,#5249,#5377));
#7429=IFCFACEOUTERBOUND(#7428,.T.);
#7430=IFCFACE((#7429));
#7431=IFCPOLYLOOP((#5249,#5237,#5244));
#7432=IFCFACEOUTERBOUND(#7431,.T.);
#7433=IFCFACE((#7432));
#7434=IFCPOLYLOOP((#5336,#5000,#5517));
#7435=IFCFACEOUTERBOUND(#7434,.T.);
#7436=IFCFACE((#7435));
#7437=IFCPOLYLOOP((#5336,#5285,#5306));
#7438=IFCFACEOUTERBOUND(#7437,.T.);
#7439=IFCFACE((#7438));
#7440=IFCPOLYLOOP((#5001,#5055,#5097));
#7441=IFCFACEOUTERBOUND(#7440,.T.);
#7442=IFCFACE((#7441));
#7443=IFCPOLYLOOP((#5001,#5054,#5265));
#7444=IFCFACEOUTERBOUND(#7443,.T.);
#7445=IFCFACE((#7444));
#7446=IFCPOLYLOOP((#5000,#5336,#5535));
#7447=IFCFACEOUTERBOUND(#7446,.T.);
#7448=IFCFACE((#7447));
#7449=IFCPOLYLOOP((#5055,#5001,#5023));
#7450=IFCFACEOUTERBOUND(#7449,.T.);
#7451=IFCFACE((#7450));
#7452=IFCPOLYLOOP((#5237,#5377,#5363));
#7453=IFCFACEOUTERBOUND(#7452,.T.);
#7454=IFCFACE((#7453));
#7455=IFCPOLYLOOP((#5237,#5363,#5379));
#7456=IFCFACEOUTERBOUND(#7455,.T.);
#7457=IFCFACE((#7456));
#7458=IFCPOLYLOOP((#5237,#5379,#5350));
#7459=IFCFACEOUTERBOUND(#7458,.T.);
#7460=IFCFACE((#7459));
#7461=IFCPOLYLOOP((#5237,#5350,#5407));
#7462=IFCFACEOUTERBOUND(#7461,.T.);
#7463=IFCFACE((#7462));
#7464=IFCPOLYLOOP((#5237,#5407,#5385));
#7465=IFCFACEOUTERBOUND(#7464,.T.);
#7466=IFCFACE((#7465));
#7467=IFCPOLYLOOP((#5237,#5385,#5443));
#7468=IFCFACEOUTERBOUND(#7467,.T.);
#7469=IFCFACE((#7468));
#7470=IFCPOLYLOOP((#5237,#5443,#5347));
#7471=IFCFACEOUTERBOUND(#7470,.T.);
#7472=IFCFACE((#7471));
#7473=IFCPOLYLOOP((#5237,#5347,#5410));
#7474=IFCFACEOUTERBOUND(#7473,.T.);
#7475=IFCFACE((#7474));
#7476=IFCPOLYLOOP((#5237,#5410,#5409));
#7477=IFCFACEOUTERBOUND(#7476,.T.);
#7478=IFCFACE((#7477));
#7479=IFCPOLYLOOP((#5237,#5409,#5445));
#7480=IFCFACEOUTERBOUND(#7479,.T.);
#7481=IFCFACE((#7480));
#7482=IFCPOLYLOOP((#5237,#5445,#5366));
#7483=IFCFACEOUTERBOUND(#7482,.T.);
#7484=IFCFACE((#7483));
#7485=IFCPOLYLOOP((#5237,#5366,#5487));
#7486=IFCFACEOUTERBOUND(#7485,.T.);
#7487=IFCFACE((#7486));
#7488=IFCPOLYLOOP((#5237,#5487,#5400));
#7489=IFCFACEOUTERBOUND(#7488,.T.);
#7490=IFCFACE((#7489));
#7491=IFCPOLYLOOP((#5237,#5400,#5484));
#7492=IFCFACEOUTERBOUND(#7491,.T.);
#7493=IFCFACE((#7492));
#7494=IFCPOLYLOOP((#5237,#5484,#5341));
#7495=IFCFACEOUTERBOUND(#7494,.T.);
#7496=IFCFACE((#7495));
#7497=IFCPOLYLOOP((#5237,#5341,#5475));
#7498=IFCFACEOUTERBOUND(#7497,.T.);
#7499=IFCFACE((#7498));
#7500=IFCPOLYLOOP((#5237,#5475,#5397));
#7501=IFCFACEOUTERBOUND(#7500,.T.);
#7502=IFCFACE((#7501));
#7503=IFCPOLYLOOP((#5237,#5397,#5476));
#7504=IFCFACEOUTERBOUND(#7503,.T.);
#7505=IFCFACE((#7504));
#7506=IFCPOLYLOOP((#5237,#5476,#5358));
#7507=IFCFACEOUTERBOUND(#7506,.T.);
#7508=IFCFACE((#7507));
#7509=IFCPOLYLOOP((#5237,#5358,#5482));
#7510=IFCFACEOUTERBOUND(#7509,.T.);
#7511=IFCFACE((#7510));
#7512=IFCPOLYLOOP((#5237,#5482,#5398));
#7513=IFCFACEOUTERBOUND(#7512,.T.);
#7514=IFCFACE((#7513));
#7515=IFCPOLYLOOP((#5237,#5398,#5479));
#7516=IFCFACEOUTERBOUND(#7515,.T.);
#7517=IFCFACE((#7516));
#7518=IFCPOLYLOOP((#5237,#5479,#5355));
#7519=IFCFACEOUTERBOUND(#7518,.T.);
#7520=IFCFACE((#7519));
#7521=IFCPOLYLOOP((#5237,#5355,#5465));
#7522=IFCFACEOUTERBOUND(#7521,.T.);
#7523=IFCFACE((#7522));
#7524=IFCPOLYLOOP((#5237,#5465,#5393));
#7525=IFCFACEOUTERBOUND(#7524,.T.);
#7526=IFCFACE((#7525));
#7527=IFCPOLYLOOP((#5237,#5393,#5466));
#7528=IFCFACEOUTERBOUND(#7527,.T.);
#7529=IFCFACE((#7528));
#7530=IFCPOLYLOOP((#5237,#5466,#5373));
#7531=IFCFACEOUTERBOUND(#7530,.T.);
#7532=IFCFACE((#7531));
#7533=IFCPOLYLOOP((#5237,#5373,#5509));
#7534=IFCFACEOUTERBOUND(#7533,.T.);
#7535=IFCFACE((#7534));
#7536=IFCPOLYLOOP((#5237,#5509,#5374));
#7537=IFCFACEOUTERBOUND(#7536,.T.);
#7538=IFCFACE((#7537));
#7539=IFCPOLYLOOP((#5237,#5374,#5505));
#7540=IFCFACEOUTERBOUND(#7539,.T.);
#7541=IFCFACE((#7540));
#7542=IFCPOLYLOOP((#5237,#5505,#5340));
#7543=IFCFACEOUTERBOUND(#7542,.T.);
#7544=IFCFACE((#7543));
#7545=IFCPOLYLOOP((#5237,#5340,#5458));
#7546=IFCFACEOUTERBOUND(#7545,.T.);
#7547=IFCFACE((#7546));
#7548=IFCPOLYLOOP((#5237,#5458,#5390));
#7549=IFCFACEOUTERBOUND(#7548,.T.);
#7550=IFCFACE((#7549));
#7551=IFCPOLYLOOP((#5237,#5390,#5460));
#7552=IFCFACEOUTERBOUND(#7551,.T.);
#7553=IFCFACE((#7552));
#7554=IFCPOLYLOOP((#5237,#5460,#5354));
#7555=IFCFACEOUTERBOUND(#7554,.T.);
#7556=IFCFACE((#7555));
#7557=IFCPOLYLOOP((#5237,#5354,#5456));
#7558=IFCFACEOUTERBOUND(#7557,.T.);
#7559=IFCFACE((#7558));
#7560=IFCPOLYLOOP((#5237,#5456,#5389));
#7561=IFCFACEOUTERBOUND(#7560,.T.);
#7562=IFCFACE((#7561));
#7563=IFCPOLYLOOP((#5237,#5389,#5454));
#7564=IFCFACEOUTERBOUND(#7563,.T.);
#7565=IFCFACE((#7564));
#7566=IFCPOLYLOOP((#5237,#5454,#5351));
#7567=IFCFACEOUTERBOUND(#7566,.T.);
#7568=IFCFACE((#7567));
#7569=IFCPOLYLOOP((#5237,#5351,#5504));
#7570=IFCFACEOUTERBOUND(#7569,.T.);
#7571=IFCFACE((#7570));
#7572=IFCPOLYLOOP((#5237,#5504,#5421));
#7573=IFCFACEOUTERBOUND(#7572,.T.);
#7574=IFCFACE((#7573));
#7575=IFCPOLYLOOP((#5237,#5421,#5449));
#7576=IFCFACEOUTERBOUND(#7575,.T.);
#7577=IFCFACE((#7576));
#7578=IFCPOLYLOOP((#5237,#5449,#5369));
#7579=IFCFACEOUTERBOUND(#7578,.T.);
#7580=IFCFACE((#7579));
#7581=IFCPOLYLOOP((#5237,#5369,#5493));
#7582=IFCFACEOUTERBOUND(#7581,.T.);
#7583=IFCFACE((#7582));
#7584=IFCPOLYLOOP((#5237,#5493,#5403));
#7585=IFCFACEOUTERBOUND(#7584,.T.);
#7586=IFCFACE((#7585));
#7587=IFCPOLYLOOP((#5237,#5403,#5490));
#7588=IFCFACEOUTERBOUND(#7587,.T.);
#7589=IFCFACE((#7588));
#7590=IFCPOLYLOOP((#5237,#5490,#5342));
#7591=IFCFACEOUTERBOUND(#7590,.T.);
#7592=IFCFACE((#7591));
#7593=IFCPOLYLOOP((#5237,#5342,#5469));
#7594=IFCFACEOUTERBOUND(#7593,.T.);
#7595=IFCFACE((#7594));
#7596=IFCPOLYLOOP((#5237,#5469,#5394));
#7597=IFCFACEOUTERBOUND(#7596,.T.);
#7598=IFCFACE((#7597));
#7599=IFCPOLYLOOP((#5237,#5394,#5471));
#7600=IFCFACEOUTERBOUND(#7599,.T.);
#7601=IFCFACE((#7600));
#7602=IFCPOLYLOOP((#5237,#5471,#5346));
#7603=IFCFACEOUTERBOUND(#7602,.T.);
#7604=IFCFACE((#7603));
#7605=IFCPOLYLOOP((#5237,#5346,#5495));
#7606=IFCFACEOUTERBOUND(#7605,.T.);
#7607=IFCFACE((#7606));
#7608=IFCPOLYLOOP((#5237,#5495,#5404));
#7609=IFCFACEOUTERBOUND(#7608,.T.);
#7610=IFCFACE((#7609));
#7611=IFCPOLYLOOP((#5237,#5404,#5498));
#7612=IFCFACEOUTERBOUND(#7611,.T.);
#7613=IFCFACE((#7612));
#7614=IFCPOLYLOOP((#5237,#5498,#5343));
#7615=IFCFACEOUTERBOUND(#7614,.T.);
#7616=IFCFACE((#7615));
#7617=IFCPOLYLOOP((#5237,#5343,#5447));
#7618=IFCFACEOUTERBOUND(#7617,.T.);
#7619=IFCFACE((#7618));
#7620=IFCPOLYLOOP((#5237,#5447,#5416));
#7621=IFCFACEOUTERBOUND(#7620,.T.);
#7622=IFCFACE((#7621));
#7623=IFCPOLYLOOP((#5237,#5416,#5417));
#7624=IFCFACEOUTERBOUND(#7623,.T.);
#7625=IFCFACE((#7624));
#7626=IFCPOLYLOOP((#5237,#5417,#5359));
#7627=IFCFACEOUTERBOUND(#7626,.T.);
#7628=IFCFACE((#7627));
#7629=IFCPOLYLOOP((#5237,#5359,#5424));
#7630=IFCFACEOUTERBOUND(#7629,.T.);
#7631=IFCFACE((#7630));
#7632=IFCPOLYLOOP((#5237,#5424,#5365));
#7633=IFCFACEOUTERBOUND(#7632,.T.);
#7634=IFCFACE((#7633));
#7635=IFCPOLYLOOP((#5237,#5365,#5382));
#7636=IFCFACEOUTERBOUND(#7635,.T.);
#7637=IFCFACE((#7636));
#7638=IFCPOLYLOOP((#5237,#5382,#5336));
#7639=IFCFACEOUTERBOUND(#7638,.T.);
#7640=IFCFACE((#7639));
#7641=IFCPOLYLOOP((#5249,#5244,#5240));
#7642=IFCFACEOUTERBOUND(#7641,.T.);
#7643=IFCFACE((#7642));
#7644=IFCPOLYLOOP((#5249,#5240,#5243));
#7645=IFCFACEOUTERBOUND(#7644,.T.);
#7646=IFCFACE((#7645));
#7647=IFCPOLYLOOP((#5249,#5243,#5001));
#7648=IFCFACEOUTERBOUND(#7647,.T.);
#7649=IFCFACE((#7648));
#7650=IFCPOLYLOOP((#5336,#5517,#5513));
#7651=IFCFACEOUTERBOUND(#7650,.T.);
#7652=IFCFACE((#7651));
#7653=IFCPOLYLOOP((#5336,#5513,#5516));
#7654=IFCFACEOUTERBOUND(#7653,.T.);
#7655=IFCFACE((#7654));
#7656=IFCPOLYLOOP((#5336,#5516,#5285));
#7657=IFCFACEOUTERBOUND(#7656,.T.);
#7658=IFCFACE((#7657));
#7659=IFCPOLYLOOP((#5336,#5306,#5293));
#7660=IFCFACEOUTERBOUND(#7659,.T.);
#7661=IFCFACE((#7660));
#7662=IFCPOLYLOOP((#5336,#5293,#5316));
#7663=IFCFACEOUTERBOUND(#7662,.T.);
#7664=IFCFACE((#7663));
#7665=IFCPOLYLOOP((#5336,#5316,#5289));
#7666=IFCFACEOUTERBOUND(#7665,.T.);
#7667=IFCFACE((#7666));
#7668=IFCPOLYLOOP((#5336,#5289,#5309));
#7669=IFCFACEOUTERBOUND(#7668,.T.);
#7670=IFCFACE((#7669));
#7671=IFCPOLYLOOP((#5336,#5309,#5303));
#7672=IFCFACEOUTERBOUND(#7671,.T.);
#7673=IFCFACE((#7672));
#7674=IFCPOLYLOOP((#5336,#5303,#5314));
#7675=IFCFACEOUTERBOUND(#7674,.T.);
#7676=IFCFACE((#7675));
#7677=IFCPOLYLOOP((#5336,#5314,#5287));
#7678=IFCFACEOUTERBOUND(#7677,.T.);
#7679=IFCFACE((#7678));
#7680=IFCPOLYLOOP((#5336,#5287,#5326));
#7681=IFCFACEOUTERBOUND(#7680,.T.);
#7682=IFCFACE((#7681));
#7683=IFCPOLYLOOP((#5336,#5326,#5301));
#7684=IFCFACEOUTERBOUND(#7683,.T.);
#7685=IFCFACE((#7684));
#7686=IFCPOLYLOOP((#5336,#5301,#5302));
#7687=IFCFACEOUTERBOUND(#7686,.T.);
#7688=IFCFACE((#7687));
#7689=IFCPOLYLOOP((#5336,#5302,#5288));
#7690=IFCFACEOUTERBOUND(#7689,.T.);
#7691=IFCFACE((#7690));
#7692=IFCPOLYLOOP((#5336,#5288,#5308));
#7693=IFCFACEOUTERBOUND(#7692,.T.);
#7694=IFCFACE((#7693));
#7695=IFCPOLYLOOP((#5336,#5308,#5296));
#7696=IFCFACEOUTERBOUND(#7695,.T.);
#7697=IFCFACE((#7696));
#7698=IFCPOLYLOOP((#5336,#5296,#5299));
#7699=IFCFACEOUTERBOUND(#7698,.T.);
#7700=IFCFACE((#7699));
#7701=IFCPOLYLOOP((#5336,#5299,#5237));
#7702=IFCFACEOUTERBOUND(#7701,.T.);
#7703=IFCFACE((#7702));
#7704=IFCPOLYLOOP((#5001,#5097,#5083));
#7705=IFCFACEOUTERBOUND(#7704,.T.);
#7706=IFCFACE((#7705));
#7707=IFCPOLYLOOP((#5001,#5083,#5099));
#7708=IFCFACEOUTERBOUND(#7707,.T.);
#7709=IFCFACE((#7708));
#7710=IFCPOLYLOOP((#5001,#5099,#5070));
#7711=IFCFACEOUTERBOUND(#7710,.T.);
#7712=IFCFACE((#7711));
#7713=IFCPOLYLOOP((#5001,#5070,#5127));
#7714=IFCFACEOUTERBOUND(#7713,.T.);
#7715=IFCFACE((#7714));
#7716=IFCPOLYLOOP((#5001,#5127,#5105));
#7717=IFCFACEOUTERBOUND(#7716,.T.);
#7718=IFCFACE((#7717));
#7719=IFCPOLYLOOP((#5001,#5105,#5163));
#7720=IFCFACEOUTERBOUND(#7719,.T.);
#7721=IFCFACE((#7720));
#7722=IFCPOLYLOOP((#5001,#5163,#5067));
#7723=IFCFACEOUTERBOUND(#7722,.T.);
#7724=IFCFACE((#7723));
#7725=IFCPOLYLOOP((#5001,#5067,#5130));
#7726=IFCFACEOUTERBOUND(#7725,.T.);
#7727=IFCFACE((#7726));
#7728=IFCPOLYLOOP((#5001,#5130,#5129));
#7729=IFCFACEOUTERBOUND(#7728,.T.);
#7730=IFCFACE((#7729));
#7731=IFCPOLYLOOP((#5001,#5129,#5165));
#7732=IFCFACEOUTERBOUND(#7731,.T.);
#7733=IFCFACE((#7732));
#7734=IFCPOLYLOOP((#5001,#5165,#5086));
#7735=IFCFACEOUTERBOUND(#7734,.T.);
#7736=IFCFACE((#7735));
#7737=IFCPOLYLOOP((#5001,#5086,#5207));
#7738=IFCFACEOUTERBOUND(#7737,.T.);
#7739=IFCFACE((#7738));
#7740=IFCPOLYLOOP((#5001,#5207,#5120));
#7741=IFCFACEOUTERBOUND(#7740,.T.);
#7742=IFCFACE((#7741));
#7743=IFCPOLYLOOP((#5001,#5120,#5204));
#7744=IFCFACEOUTERBOUND(#7743,.T.);
#7745=IFCFACE((#7744));
#7746=IFCPOLYLOOP((#5001,#5204,#5061));
#7747=IFCFACEOUTERBOUND(#7746,.T.);
#7748=IFCFACE((#7747));
#7749=IFCPOLYLOOP((#5001,#5061,#5195));
#7750=IFCFACEOUTERBOUND(#7749,.T.);
#7751=IFCFACE((#7750));
#7752=IFCPOLYLOOP((#5001,#5195,#5117));
#7753=IFCFACEOUTERBOUND(#7752,.T.);
#7754=IFCFACE((#7753));
#7755=IFCPOLYLOOP((#5001,#5117,#5196));
#7756=IFCFACEOUTERBOUND(#7755,.T.);
#7757=IFCFACE((#7756));
#7758=IFCPOLYLOOP((#5001,#5196,#5078));
#7759=IFCFACEOUTERBOUND(#7758,.T.);
#7760=IFCFACE((#7759));
#7761=IFCPOLYLOOP((#5001,#5078,#5202));
#7762=IFCFACEOUTERBOUND(#7761,.T.);
#7763=IFCFACE((#7762));
#7764=IFCPOLYLOOP((#5001,#5202,#5118));
#7765=IFCFACEOUTERBOUND(#7764,.T.);
#7766=IFCFACE((#7765));
#7767=IFCPOLYLOOP((#5001,#5118,#5199));
#7768=IFCFACEOUTERBOUND(#7767,.T.);
#7769=IFCFACE((#7768));
#7770=IFCPOLYLOOP((#5001,#5199,#5075));
#7771=IFCFACEOUTERBOUND(#7770,.T.);
#7772=IFCFACE((#7771));
#7773=IFCPOLYLOOP((#5001,#5075,#5185));
#7774=IFCFACEOUTERBOUND(#7773,.T.);
#7775=IFCFACE((#7774));
#7776=IFCPOLYLOOP((#5001,#5185,#5113));
#7777=IFCFACEOUTERBOUND(#7776,.T.);
#7778=IFCFACE((#7777));
#7779=IFCPOLYLOOP((#5001,#5113,#5186));
#7780=IFCFACEOUTERBOUND(#7779,.T.);
#7781=IFCFACE((#7780));
#7782=IFCPOLYLOOP((#5001,#5186,#5093));
#7783=IFCFACEOUTERBOUND(#7782,.T.);
#7784=IFCFACE((#7783));
#7785=IFCPOLYLOOP((#5001,#5093,#5229));
#7786=IFCFACEOUTERBOUND(#7785,.T.);
#7787=IFCFACE((#7786));
#7788=IFCPOLYLOOP((#5001,#5229,#5094));
#7789=IFCFACEOUTERBOUND(#7788,.T.);
#7790=IFCFACE((#7789));
#7791=IFCPOLYLOOP((#5001,#5094,#5225));
#7792=IFCFACEOUTERBOUND(#7791,.T.);
#7793=IFCFACE((#7792));
#7794=IFCPOLYLOOP((#5001,#5225,#5060));
#7795=IFCFACEOUTERBOUND(#7794,.T.);
#7796=IFCFACE((#7795));
#7797=IFCPOLYLOOP((#5001,#5060,#5178));
#7798=IFCFACEOUTERBOUND(#7797,.T.);
#7799=IFCFACE((#7798));
#7800=IFCPOLYLOOP((#5001,#5178,#5110));
#7801=IFCFACEOUTERBOUND(#7800,.T.);
#7802=IFCFACE((#7801));
#7803=IFCPOLYLOOP((#5001,#5110,#5180));
#7804=IFCFACEOUTERBOUND(#7803,.T.);
#7805=IFCFACE((#7804));
#7806=IFCPOLYLOOP((#5001,#5180,#5074));
#7807=IFCFACEOUTERBOUND(#7806,.T.);
#7808=IFCFACE((#7807));
#7809=IFCPOLYLOOP((#5001,#5074,#5176));
#7810=IFCFACEOUTERBOUND(#7809,.T.);
#7811=IFCFACE((#7810));
#7812=IFCPOLYLOOP((#5001,#5176,#5109));
#7813=IFCFACEOUTERBOUND(#7812,.T.);
#7814=IFCFACE((#7813));
#7815=IFCPOLYLOOP((#5001,#5109,#5174));
#7816=IFCFACEOUTERBOUND(#7815,.T.);
#7817=IFCFACE((#7816));
#7818=IFCPOLYLOOP((#5001,#5174,#5071));
#7819=IFCFACEOUTERBOUND(#7818,.T.);
#7820=IFCFACE((#7819));
#7821=IFCPOLYLOOP((#5001,#5071,#5224));
#7822=IFCFACEOUTERBOUND(#7821,.T.);
#7823=IFCFACE((#7822));
#7824=IFCPOLYLOOP((#5001,#5224,#5141));
#7825=IFCFACEOUTERBOUND(#7824,.T.);
#7826=IFCFACE((#7825));
#7827=IFCPOLYLOOP((#5001,#5141,#5169));
#7828=IFCFACEOUTERBOUND(#7827,.T.);
#7829=IFCFACE((#7828));
#7830=IFCPOLYLOOP((#5001,#5169,#5089));
#7831=IFCFACEOUTERBOUND(#7830,.T.);
#7832=IFCFACE((#7831));
#7833=IFCPOLYLOOP((#5001,#5089,#5213));
#7834=IFCFACEOUTERBOUND(#7833,.T.);
#7835=IFCFACE((#7834));
#7836=IFCPOLYLOOP((#5001,#5213,#5123));
#7837=IFCFACEOUTERBOUND(#7836,.T.);
#7838=IFCFACE((#7837));
#7839=IFCPOLYLOOP((#5001,#5123,#5210));
#7840=IFCFACEOUTERBOUND(#7839,.T.);
#7841=IFCFACE((#7840));
#7842=IFCPOLYLOOP((#5001,#5210,#5062));
#7843=IFCFACEOUTERBOUND(#7842,.T.);
#7844=IFCFACE((#7843));
#7845=IFCPOLYLOOP((#5001,#5062,#5189));
#7846=IFCFACEOUTERBOUND(#7845,.T.);
#7847=IFCFACE((#7846));
#7848=IFCPOLYLOOP((#5001,#5189,#5114));
#7849=IFCFACEOUTERBOUND(#7848,.T.);
#7850=IFCFACE((#7849));
#7851=IFCPOLYLOOP((#5001,#5114,#5191));
#7852=IFCFACEOUTERBOUND(#7851,.T.);
#7853=IFCFACE((#7852));
#7854=IFCPOLYLOOP((#5001,#5191,#5066));
#7855=IFCFACEOUTERBOUND(#7854,.T.);
#7856=IFCFACE((#7855));
#7857=IFCPOLYLOOP((#5001,#5066,#5215));
#7858=IFCFACEOUTERBOUND(#7857,.T.);
#7859=IFCFACE((#7858));
#7860=IFCPOLYLOOP((#5001,#5215,#5124));
#7861=IFCFACEOUTERBOUND(#7860,.T.);
#7862=IFCFACE((#7861));
#7863=IFCPOLYLOOP((#5001,#5124,#5218));
#7864=IFCFACEOUTERBOUND(#7863,.T.);
#7865=IFCFACE((#7864));
#7866=IFCPOLYLOOP((#5001,#5218,#5063));
#7867=IFCFACEOUTERBOUND(#7866,.T.);
#7868=IFCFACE((#7867));
#7869=IFCPOLYLOOP((#5001,#5063,#5167));
#7870=IFCFACEOUTERBOUND(#7869,.T.);
#7871=IFCFACE((#7870));
#7872=IFCPOLYLOOP((#5001,#5167,#5136));
#7873=IFCFACEOUTERBOUND(#7872,.T.);
#7874=IFCFACE((#7873));
#7875=IFCPOLYLOOP((#5001,#5136,#5137));
#7876=IFCFACEOUTERBOUND(#7875,.T.);
#7877=IFCFACE((#7876));
#7878=IFCPOLYLOOP((#5001,#5137,#5079));
#7879=IFCFACEOUTERBOUND(#7878,.T.);
#7880=IFCFACE((#7879));
#7881=IFCPOLYLOOP((#5001,#5079,#5144));
#7882=IFCFACEOUTERBOUND(#7881,.T.);
#7883=IFCFACE((#7882));
#7884=IFCPOLYLOOP((#5001,#5144,#5085));
#7885=IFCFACEOUTERBOUND(#7884,.T.);
#7886=IFCFACE((#7885));
#7887=IFCPOLYLOOP((#5001,#5085,#5102));
#7888=IFCFACEOUTERBOUND(#7887,.T.);
#7889=IFCFACE((#7888));
#7890=IFCPOLYLOOP((#5001,#5102,#5054));
#7891=IFCFACEOUTERBOUND(#7890,.T.);
#7892=IFCFACE((#7891));
#7893=IFCPOLYLOOP((#5001,#5265,#5258));
#7894=IFCFACEOUTERBOUND(#7893,.T.);
#7895=IFCFACE((#7894));
#7896=IFCPOLYLOOP((#5001,#5258,#5259));
#7897=IFCFACEOUTERBOUND(#7896,.T.);
#7898=IFCFACE((#7897));
#7899=IFCPOLYLOOP((#5001,#5259,#5254));
#7900=IFCFACEOUTERBOUND(#7899,.T.);
#7901=IFCFACE((#7900));
#7902=IFCPOLYLOOP((#5001,#5254,#5278));
#7903=IFCFACEOUTERBOUND(#7902,.T.);
#7904=IFCFACE((#7903));
#7905=IFCPOLYLOOP((#5001,#5278,#5255));
#7906=IFCFACEOUTERBOUND(#7905,.T.);
#7907=IFCFACE((#7906));
#7908=IFCPOLYLOOP((#5001,#5255,#5269));
#7909=IFCFACEOUTERBOUND(#7908,.T.);
#7910=IFCFACE((#7909));
#7911=IFCPOLYLOOP((#5001,#5269,#5250));
#7912=IFCFACEOUTERBOUND(#7911,.T.);
#7913=IFCFACE((#7912));
#7914=IFCPOLYLOOP((#5001,#5250,#5274));
#7915=IFCFACEOUTERBOUND(#7914,.T.);
#7916=IFCFACE((#7915));
#7917=IFCPOLYLOOP((#5001,#5274,#5256));
#7918=IFCFACEOUTERBOUND(#7917,.T.);
#7919=IFCFACE((#7918));
#7920=IFCPOLYLOOP((#5001,#5256,#5261));
#7921=IFCFACEOUTERBOUND(#7920,.T.);
#7922=IFCFACE((#7921));
#7923=IFCPOLYLOOP((#5001,#5261,#5249));
#7924=IFCFACEOUTERBOUND(#7923,.T.);
#7925=IFCFACE((#7924));
#7926=IFCPOLYLOOP((#5000,#5535,#5528));
#7927=IFCFACEOUTERBOUND(#7926,.T.);
#7928=IFCFACE((#7927));
#7929=IFCPOLYLOOP((#5000,#5528,#5529));
#7930=IFCFACEOUTERBOUND(#7929,.T.);
#7931=IFCFACE((#7930));
#7932=IFCPOLYLOOP((#5000,#5529,#5524));
#7933=IFCFACEOUTERBOUND(#7932,.T.);
#7934=IFCFACE((#7933));
#7935=IFCPOLYLOOP((#5000,#5524,#5548));
#7936=IFCFACEOUTERBOUND(#7935,.T.);
#7937=IFCFACE((#7936));
#7938=IFCPOLYLOOP((#5000,#5548,#5525));
#7939=IFCFACEOUTERBOUND(#7938,.T.);
#7940=IFCFACE((#7939));
#7941=IFCPOLYLOOP((#5000,#5525,#5539));
#7942=IFCFACEOUTERBOUND(#7941,.T.);
#7943=IFCFACE((#7942));
#7944=IFCPOLYLOOP((#5000,#5539,#5520));
#7945=IFCFACEOUTERBOUND(#7944,.T.);
#7946=IFCFACE((#7945));
#7947=IFCPOLYLOOP((#5000,#5520,#5544));
#7948=IFCFACEOUTERBOUND(#7947,.T.);
#7949=IFCFACE((#7948));
#7950=IFCPOLYLOOP((#5000,#5544,#5526));
#7951=IFCFACEOUTERBOUND(#7950,.T.);
#7952=IFCFACE((#7951));
#7953=IFCPOLYLOOP((#5000,#5526,#5531));
#7954=IFCFACEOUTERBOUND(#7953,.T.);
#7955=IFCFACE((#7954));
#7956=IFCPOLYLOOP((#5000,#5531,#5055));
#7957=IFCFACEOUTERBOUND(#7956,.T.);
#7958=IFCFACE((#7957));
#7959=IFCPOLYLOOP((#5055,#5023,#5010));
#7960=IFCFACEOUTERBOUND(#7959,.T.);
#7961=IFCFACE((#7960));
#7962=IFCPOLYLOOP((#5055,#5010,#5033));
#7963=IFCFACEOUTERBOUND(#7962,.T.);
#7964=IFCFACE((#7963));
#7965=IFCPOLYLOOP((#5055,#5033,#5006));
#7966=IFCFACEOUTERBOUND(#7965,.T.);
#7967=IFCFACE((#7966));
#7968=IFCPOLYLOOP((#5055,#5006,#5026));
#7969=IFCFACEOUTERBOUND(#7968,.T.);
#7970=IFCFACE((#7969));
#7971=IFCPOLYLOOP((#5055,#5026,#5020));
#7972=IFCFACEOUTERBOUND(#7971,.T.);
#7973=IFCFACE((#7972));
#7974=IFCPOLYLOOP((#5055,#5020,#5031));
#7975=IFCFACEOUTERBOUND(#7974,.T.);
#7976=IFCFACE((#7975));
#7977=IFCPOLYLOOP((#5055,#5031,#5004));
#7978=IFCFACEOUTERBOUND(#7977,.T.);
#7979=IFCFACE((#7978));
#7980=IFCPOLYLOOP((#5055,#5004,#5043));
#7981=IFCFACEOUTERBOUND(#7980,.T.);
#7982=IFCFACE((#7981));
#7983=IFCPOLYLOOP((#5055,#5043,#5018));
#7984=IFCFACEOUTERBOUND(#7983,.T.);
#7985=IFCFACE((#7984));
#7986=IFCPOLYLOOP((#5055,#5018,#5019));
#7987=IFCFACEOUTERBOUND(#7986,.T.);
#7988=IFCFACE((#7987));
#7989=IFCPOLYLOOP((#5055,#5019,#5005));
#7990=IFCFACEOUTERBOUND(#7989,.T.);
#7991=IFCFACE((#7990));
#7992=IFCPOLYLOOP((#5055,#5005,#5025));
#7993=IFCFACEOUTERBOUND(#7992,.T.);
#7994=IFCFACE((#7993));
#7995=IFCPOLYLOOP((#5055,#5025,#5013));
#7996=IFCFACEOUTERBOUND(#7995,.T.);
#7997=IFCFACE((#7996));
#7998=IFCPOLYLOOP((#5055,#5013,#5016));
#7999=IFCFACEOUTERBOUND(#7998,.T.);
#8000=IFCFACE((#7999));
#8001=IFCPOLYLOOP((#5055,#5016,#5000));
#8002=IFCFACEOUTERBOUND(#8001,.T.);
#8003=IFCFACE((#8002));
#8004=IFCPOLYLOOP((#5536,#5532,#5527));
#8005=IFCFACEOUTERBOUND(#8004,.T.);
#8006=IFCFACE((#8005));
#8007=IFCPOLYLOOP((#5543,#5547,#5548));
#8008=IFCFACEOUTERBOUND(#8007,.T.);
#8009=IFCFACE((#8008));
#8010=IFCPOLYLOOP((#5530,#5549,#5537));
#8011=IFCFACEOUTERBOUND(#8010,.T.);
#8012=IFCFACE((#8011));
#8013=IFCPOLYLOOP((#5541,#5522,#5543));
#8014=IFCFACEOUTERBOUND(#8013,.T.);
#8015=IFCFACE((#8014));
#8016=IFCPOLYLOOP((#5530,#5537,#5523));
#8017=IFCFACEOUTERBOUND(#8016,.T.);
#8018=IFCFACE((#8017));
#8019=IFCPOLYLOOP((#5537,#5544,#5540));
#8020=IFCFACEOUTERBOUND(#8019,.T.);
#8021=IFCFACE((#8020));
#8022=IFCPOLYLOOP((#5549,#5534,#5056));
#8023=IFCFACEOUTERBOUND(#8022,.T.);
#8024=IFCFACE((#8023));
#8025=IFCPOLYLOOP((#5522,#5541,#5533));
#8026=IFCFACEOUTERBOUND(#8025,.T.);
#8027=IFCFACE((#8026));
#8028=IFCPOLYLOOP((#5529,#5541,#5524));
#8029=IFCFACEOUTERBOUND(#8028,.T.);
#8030=IFCFACE((#8029));
#8031=IFCPOLYLOOP((#5542,#5547,#5521));
#8032=IFCFACEOUTERBOUND(#8031,.T.);
#8033=IFCFACE((#8032));
#8034=IFCPOLYLOOP((#5523,#5537,#5540));
#8035=IFCFACEOUTERBOUND(#8034,.T.);
#8036=IFCFACE((#8035));
#8037=IFCPOLYLOOP((#5545,#5536,#5527));
#8038=IFCFACEOUTERBOUND(#8037,.T.);
#8039=IFCFACE((#8038));
#8040=IFCPOLYLOOP((#5545,#5529,#5528));
#8041=IFCFACEOUTERBOUND(#8040,.T.);
#8042=IFCFACE((#8041));
#8043=IFCPOLYLOOP((#5545,#5541,#5529));
#8044=IFCFACEOUTERBOUND(#8043,.T.);
#8045=IFCFACE((#8044));
#8046=IFCPOLYLOOP((#5549,#5056,#5055));
#8047=IFCFACEOUTERBOUND(#8046,.T.);
#8048=IFCFACE((#8047));
#8049=IFCPOLYLOOP((#5535,#5336,#5335));
#8050=IFCFACEOUTERBOUND(#8049,.T.);
#8051=IFCFACE((#8050));
#8052=IFCPOLYLOOP((#5535,#5536,#5528));
#8053=IFCFACEOUTERBOUND(#8052,.T.);
#8054=IFCFACE((#8053));
#8055=IFCPOLYLOOP((#5335,#5334,#5532));
#8056=IFCFACEOUTERBOUND(#8055,.T.);
#8057=IFCFACE((#8056));
#8058=IFCPOLYLOOP((#5534,#5051,#5056));
#8059=IFCFACEOUTERBOUND(#8058,.T.);
#8060=IFCFACE((#8059));
#8061=IFCPOLYLOOP((#5549,#5526,#5537));
#8062=IFCFACEOUTERBOUND(#8061,.T.);
#8063=IFCFACE((#8062));
#8064=IFCPOLYLOOP((#5335,#5536,#5535));
#8065=IFCFACEOUTERBOUND(#8064,.T.);
#8066=IFCFACE((#8065));
#8067=IFCPOLYLOOP((#5532,#5536,#5335));
#8068=IFCFACEOUTERBOUND(#8067,.T.);
#8069=IFCFACE((#8068));
#8070=IFCPOLYLOOP((#5544,#5537,#5526));
#8071=IFCFACEOUTERBOUND(#8070,.T.);
#8072=IFCFACE((#8071));
#8073=IFCPOLYLOOP((#5531,#5526,#5549,#5055));
#8074=IFCFACEOUTERBOUND(#8073,.T.);
#8075=IFCFACE((#8074));
#8076=IFCPOLYLOOP((#5540,#5538,#5523));
#8077=IFCFACEOUTERBOUND(#8076,.T.);
#8078=IFCFACE((#8077));
#8079=IFCPOLYLOOP((#5547,#5542,#5539));
#8080=IFCFACEOUTERBOUND(#8079,.T.);
#8081=IFCFACE((#8080));
#8082=IFCPOLYLOOP((#5539,#5542,#5520));
#8083=IFCFACEOUTERBOUND(#8082,.T.);
#8084=IFCFACE((#8083));
#8085=IFCPOLYLOOP((#5538,#5540,#5542));
#8086=IFCFACEOUTERBOUND(#8085,.T.);
#8087=IFCFACE((#8086));
#8088=IFCPOLYLOOP((#5543,#5524,#5541));
#8089=IFCFACEOUTERBOUND(#8088,.T.);
#8090=IFCFACE((#8089));
#8091=IFCPOLYLOOP((#5545,#5527,#5533));
#8092=IFCFACEOUTERBOUND(#8091,.T.);
#8093=IFCFACE((#8092));
#8094=IFCPOLYLOOP((#5520,#5542,#5540));
#8095=IFCFACEOUTERBOUND(#8094,.T.);
#8096=IFCFACE((#8095));
#8097=IFCPOLYLOOP((#5538,#5542,#5521));
#8098=IFCFACEOUTERBOUND(#8097,.T.);
#8099=IFCFACE((#8098));
#8100=IFCPOLYLOOP((#5525,#5548,#5547,#5539));
#8101=IFCFACEOUTERBOUND(#8100,.T.);
#8102=IFCFACE((#8101));
#8103=IFCPOLYLOOP((#5546,#5547,#5543));
#8104=IFCFACEOUTERBOUND(#8103,.T.);
#8105=IFCFACE((#8104));
#8106=IFCPOLYLOOP((#5544,#5520,#5540));
#8107=IFCFACEOUTERBOUND(#8106,.T.);
#8108=IFCFACE((#8107));
#8109=IFCPOLYLOOP((#5528,#5536,#5545));
#8110=IFCFACEOUTERBOUND(#8109,.T.);
#8111=IFCFACE((#8110));
#8112=IFCPOLYLOOP((#5541,#5545,#5533));
#8113=IFCFACEOUTERBOUND(#8112,.T.);
#8114=IFCFACE((#8113));
#8115=IFCPOLYLOOP((#5521,#5547,#5546));
#8116=IFCFACEOUTERBOUND(#8115,.T.);
#8117=IFCFACE((#8116));
#8118=IFCPOLYLOOP((#5543,#5522,#5546));
#8119=IFCFACEOUTERBOUND(#8118,.T.);
#8120=IFCFACE((#8119));
#8121=IFCPOLYLOOP((#5548,#5524,#5543));
#8122=IFCFACEOUTERBOUND(#8121,.T.);
#8123=IFCFACE((#8122));
#8124=IFCPOLYLOOP((#5530,#5534,#5549));
#8125=IFCFACEOUTERBOUND(#8124,.T.);
#8126=IFCFACE((#8125));
#8127=IFCPOLYLOOP((#5511,#5231,#5051,#5534,#5530,#5523,#5538,#5521,#5546,#5522,#5533,#5527,#5532,#5334));
#8128=IFCFACEOUTERBOUND(#8127,.T.);
#8129=IFCFACE((#8128));
#8130=IFCCLOSEDSHELL((#366,#369,#372,#375,#378,#381,#384,#387,#390,#393,#396,#399,#402,#405,#408,#411,#414,#417,#420,#423,#426,#429,#432,#435,#438,#441,#444,#447,#450,#453,#456,#459,#462,#465,#468,#471,#474,#477,#480,#483,#486,#489,#492,#495,#498,#501,#504,#507,#510,#513,#516,#519,#522,#525,#528,#531,#534,#537,#540,#543,#546,#549,#552,#555,#558,#561,#564,#567,#570,#573,#576,#579,#582,#585,#588,#591,#594,#597,#600,#603,#606,#609,#612,#615,#618,#621,#624,#627,#630,#633,#636,#639,#642,#645,#648,#651,#654,#657,#660,#663,#666,#669,#672,#675,#678,#681,#684,#687,#690,#693,#696,#699,#702,#705,#708,#711,#714,#717,#720,#723,#726,#729,#732,#735,#738,#741,#744,#747,#750,#753,#756,#759,#762,#765,#768,#771,#774,#777,#780,#783,#786,#789,#792,#795,#798,#801,#804,#807,#810,#813,#816,#819,#822,#825,#828,#831,#834,#837));
#8131=IFCFACETEDBREP(#8130);
#8132=IFCCOLOURRGB($,0.956862745098039,0.96078431372549,0.964705882352941);
#8133=IFCSURFACESTYLERENDERING(#8132,0.,$,$,$,$,IFCNORMALISEDRATIOMEASURE(0.5),IFCSPECULAREXPONENT(128.),.NOTDEFINED.);
#8134=IFCSURFACESTYLE('Aluminum',.BOTH.,(#8133));
#8135=IFCSTYLEDITEM(#8131,(#8134),$);
#8136=IFCCLOSEDSHELL((#888,#891,#894,#897,#900,#903,#906,#909,#912,#915,#918,#921,#924,#927,#930,#933,#936,#939,#942,#945,#948,#951,#954,#957,#960,#963));
#8137=IFCFACETEDBREP(#8136);
#8138=IFCSTYLEDITEM(#8137,(#8134),$);
#8139=IFCCLOSEDSHELL((#1094,#1097,#1100,#1103,#1106,#1109,#1112,#1115,#1118,#1121,#1124,#1127,#1130,#1133,#1136,#1139,#1142,#1145,#1148,#1151,#1154,#1157,#1160,#1163,#1166,#1169,#1172,#1175,#1178,#1181,#1184,#1187,#1190,#1193,#1196,#1199,#1202,#1205,#1208,#1211,#1214,#1217,#1220,#1223,#1226,#1229,#1232,#1235,#1238,#1241,#1244,#1247,#1250,#1253,#1256,#1259,#1262,#1265,#1268,#1271,#1274,#1277,#1280,#1283,#1286,#1289,#1292,#1295,#1298,#1301,#1304,#1307,#1310,#1313,#1316,#1319,#1322,#1325,#1328,#1331,#1334,#1337,#1340,#1343,#1346,#1349,#1352,#1355,#1358,#1361,#1364,#1367,#1370,#1373,#1376,#1379,#1382,#1385,#1388,#1391,#1394,#1397,#1400,#1403,#1406,#1409,#1412,#1415,#1418,#1421,#1424,#1427,#1430,#1433,#1436,#1439,#1442,#1445,#1448,#1451,#1454,#1457,#1460,#1463,#1466,#1469,#1472,#1475,#1478,#1481,#1484,#1487,#1490,#1493,#1496,#1499,#1502,#1505,#1508,#1511,#1514,#1517,#1520,#1523,#1526,#1529,#1532,#1535,#1538,#1541,#1544,#1547,#1550,#1553,#1556,#1559,#1562,#1565));
#8140=IFCFACETEDBREP(#8139);
#8141=IFCSTYLEDITEM(#8140,(#8134),$);
#8142=IFCCLOSEDSHELL((#1616,#1619,#1622,#1625,#1628,#1631,#1634,#1637,#1640,#1643,#1646,#1649,#1652,#1655,#1658,#1661,#1664,#1667,#1670,#1673,#1676,#1679,#1682,#1685,#1688,#1691));
#8143=IFCFACETEDBREP(#8142);
#8144=IFCSTYLEDITEM(#8143,(#8134),$);
#8145=IFCCLOSEDSHELL((#1704,#1717,#1720,#1723,#1726,#1729,#1732,#1735,#1738,#1741));
#8146=IFCFACETEDBREP(#8145);
#8147=IFCCOLOURRGB($,0.67843137254902,0.517647058823529,0.376470588235294);
#8148=IFCSURFACESTYLERENDERING(#8147,0.,$,$,$,$,IFCNORMALISEDRATIOMEASURE(0.5),IFCSPECULAREXPONENT(64.),.NOTDEFINED.);
#8149=IFCSURFACESTYLE('Wood - Birch',.BOTH.,(#8148));
#8150=IFCSTYLEDITEM(#8146,(#8149),$);
#8151=IFCCLOSEDSHELL((#1752,#1757,#1765,#1769,#1777,#1781,#1789,#1793,#1800,#1803,#1806,#1809,#1812,#1815,#1818,#1821,#1824,#1827));
#8152=IFCFACETEDBREP(#8151);
#8153=IFCCOLOURRGB($,0.698039215686274,0.698039215686274,0.698039215686274);
#8154=IFCSURFACESTYLERENDERING(#8153,0.,$,$,$,$,IFCNORMALISEDRATIOMEASURE(0.5),IFCSPECULAREXPONENT(128.),.NOTDEFINED.);
#8155=IFCSURFACESTYLE('Metal - Paint Finish - Grey',.BOTH.,(#8154));
#8156=IFCSTYLEDITEM(#8152,(#8155),$);
#8157=IFCCLOSEDSHELL((#1834,#1841,#1844,#1847,#1850,#1853));
#8158=IFCFACETEDBREP(#8157);
#8159=IFCCOLOURRGB($,0.96078431372549,0.96078431372549,0.952941176470588);
#8160=IFCSURFACESTYLERENDERING(#8159,1.,$,$,$,$,IFCNORMALISEDRATIOMEASURE(0.5),IFCSPECULAREXPONENT(64.),.NOTDEFINED.);
#8161=IFCSURFACESTYLE('Glass',.BOTH.,(#8160));
#8162=IFCSTYLEDITEM(#8158,(#8161),$);
#8163=IFCCLOSEDSHELL((#2414,#2417,#2420,#2423,#2426,#2429,#2432,#2435,#2438,#2441,#2444,#2447,#2450,#2453,#2456,#2459,#2462,#2465,#2468,#2471,#2474,#2477,#2480,#2483,#2486,#2489,#2492,#2495,#2498,#2501,#2504,#2507,#2510,#2513,#2516,#2519,#2522,#2525,#2528,#2531,#2534,#2537,#2540,#2543,#2546,#2549,#2552,#2555,#2558,#2561,#2564,#2567,#2570,#2573,#2576,#2579,#2582,#2585,#2588,#2591,#2594,#2597,#2600,#2603,#2606,#2609,#2612,#2615,#2618,#2621,#2624,#2627,#2630,#2633,#2636,#2639,#2642,#2645,#2648,#2651,#2654,#2657,#2660,#2663,#2666,#2669,#2672,#2675,#2678,#2681,#2684,#2687,#2690,#2693,#2696,#2699,#2702,#2705,#2708,#2711,#2714,#2717,#2720,#2723,#2726,#2729,#2732,#2735,#2738,#2741,#2744,#2747,#2750,#2753,#2756,#2759,#2762,#2765,#2768,#2771,#2774,#2777,#2780,#2783,#2786,#2789,#2792,#2795,#2798,#2801,#2804,#2807,#2810,#2813,#2816,#2819,#2822,#2825,#2828,#2831,#2834,#2837,#2840,#2843,#2846,#2849,#2852,#2855,#2858,#2861,#2864,#2867,#2870,#2873,#2876,#2879,#2882,#2885,#2888,#2891,#2894,#2897,#2900,#2903,#2906,#2909,#2912,#2915,#2918,#2921,#2924,#2927,#2930,#2933,#2936,#2939,#2942,#2945,#2948,#2951,#2954,#2957,#2960,#2963,#2966,#2969,#2972,#2975,#2978,#2981,#2984,#2987,#2990,#2993,#2996,#2999,#3002,#3005,#3008,#3011,#3014,#3017,#3020,#3023,#3026,#3029,#3032,#3035,#3038,#3041,#3044,#3047,#3050,#3053,#3056,#3059,#3062,#3065,#3068,#3071,#3074,#3077,#3080,#3083,#3086,#3089,#3092,#3095,#3098,#3101,#3104,#3107,#3110,#3113,#3116,#3119,#3122,#3125,#3128,#3131,#3134,#3137,#3140,#3143,#3146,#3149,#3152,#3155,#3158,#3161,#3164,#3167,#3170,#3173,#3176,#3179,#3182,#3185,#3188,#3191,#3194,#3197,#3200,#3203,#3206,#3209,#3212,#3215,#3218,#3221,#3224,#3227,#3230,#3233,#3236,#3239,#3242,#3245,#3248,#3251,#3254,#3257,#3260,#3263,#3266,#3269,#3272,#3275,#3278,#3281,#3284,#3287,#3290,#3293,#3296,#3299,#3302,#3305,#3308,#3311,#3314,#3317,#3320,#3323,#3326,#3329,#3332,#3335,#3338,#3341,#3344,#3347,#3350,#3353,#3356,#3359,#3362,#3365,#3368,#3371,#3374,#3377,#3380,#3383,#3386,#3389,#3392,#3395,#3398,#3401,#3404,#3407,#3410,#3413,#3416,#3419,#3422,#3425,#3428,#3431,#3434,#3437,#3440,#3443,#3446,#3449,#3452,#3455,#3458,#3461,#3464,#3467,#3470,#3473,#3476,#3479,#3482,#3485,#3488,#3491,#3494,#3497,#3500,#3503,#3506,#3509,#3512,#3515,#3518,#3521,#3524,#3527,#3530,#3533,#3536,#3539,#3542,#3545,#3548,#3551,#3554,#3557,#3560,#3563,#3566,#3569,#3572,#3575,#3578,#3581,#3584,#3587,#3590,#3593,#3596,#3599,#3602,#3605,#3608,#3611,#3614,#3617,#3620,#3623,#3626,#3629,#3632,#3635,#3638,#3641,#3644,#3647,#3650,#3653,#3656,#3659,#3662,#3665,#3668,#3671,#3674,#3677,#3680,#3683,#3686,#3689,#3692,#3695,#3698,#3701,#3704,#3707,#3710,#3713,#3716,#3719,#3722,#3725,#3728,#3731,#3734,#3737,#3740,#3743,#3746,#3749,#3752,#3755,#3758,#3761,#3764,#3767,#3770,#3773,#3776,#3779,#3782,#3785,#3788,#3791,#3794,#3797,#3800,#3803,#3806,#3809,#3812,#3815,#3818,#3821,#3824,#3827,#3830,#3833,#3836,#3839,#3842,#3845,#3848,#3851,#3854,#3857,#3860,#3863,#3866,#3869,#3872,#3875,#3878,#3881,#3884,#3887,#3890,#3893,#3896,#3899,#3902,#3905,#3908,#3911,#3914,#3917,#3920,#3923,#3926,#3929,#3932,#3935,#3938,#3941,#3944,#3947,#3950,#3953,#3956,#3959,#3962,#3965,#3968,#3971,#3974,#3977,#3980,#3983,#3986,#3989,#3992,#3995,#3998,#4001,#4004,#4007,#4010,#4013,#4016,#4019,#4022,#4025,#4028,#4031,#4034,#4037,#4040,#4043,#4046,#4049,#4052,#4055,#4058,#4061,#4064,#4067,#4070,#4073,#4076,#4079,#4082,#4085,#4088,#4091,#4094,#4097,#4100,#4103,#4106,#4109,#4112,#4115,#4118,#4121,#4124,#4127,#4130,#4133,#4136,#4139,#4142,#4145,#4148,#4151,#4154,#4157,#4160,#4163,#4166,#4169,#4172,#4175,#4178,#4181,#4184,#4187,#4190,#4193,#4196,#4199,#4202,#4205,#4208,#4211,#4214,#4217,#4220,#4223,#4226,#4229,#4232,#4235,#4238,#4241,#4244,#4247,#4250,#4253,#4256,#4259,#4262,#4265,#4268,#4271,#4274,#4277,#4280,#4283,#4286,#4289,#4292,#4295,#4298,#4301,#4304,#4307,#4310,#4313,#4316,#4319,#4322,#4325,#4328,#4331,#4334,#4337,#4340,#4343,#4346,#4349,#4352,#4355,#4358,#4361,#4364,#4367,#4370,#4373,#4376,#4379,#4382,#4385,#4388,#4391,#4394,#4397,#4400,#4403,#4406,#4409,#4412,#4415,#4418,#4421,#4424,#4427,#4430,#4433,#4436,#4439,#4442,#4445,#4448,#4451,#4454,#4457,#4460,#4463,#4466,#4469,#4472,#4475,#4478,#4481,#4484,#4487,#4490,#4493,#4496,#4499,#4502,#4505,#4508,#4511,#4514,#4517,#4520,#4523,#4526,#4529,#4532,#4535,#4538,#4541,#4544,#4547,#4550,#4553,#4556,#4559,#4562,#4565,#4568,#4571,#4574,#4577,#4580,#4583,#4586,#4589,#4592,#4595,#4598,#4601,#4604,#4607,#4610,#4613,#4616,#4619,#4622,#4625,#4628,#4631,#4634,#4637,#4640,#4643,#4646,#4649,#4652,#4655,#4658,#4661,#4664,#4667,#4670,#4673,#4676,#4679,#4682,#4685,#4688,#4691,#4694,#4697,#4700,#4703,#4706,#4709,#4712,#4715,#4718,#4721,#4724,#4727,#4730,#4733,#4736,#4739,#4742,#4745,#4748,#4751,#4754,#4757,#4760,#4763,#4766,#4769,#4772,#4775,#4778,#4781,#4784,#4787,#4790,#4793,#4796,#4799,#4802,#4805,#4808,#4811,#4814,#4817,#4820,#4823,#4826,#4829,#4832,#4835,#4838,#4841,#4844,#4847,#4850,#4853,#4856,#4859,#4862,#4865,#4868,#4871,#4874,#4877,#4880,#4883,#4886,#4889,#4892,#4895,#4898,#4901,#4904,#4907,#4910,#4913,#4916,#4919,#4922,#4925,#4928,#4931,#4934,#4937,#4940,#4943,#4946,#4949,#4952,#4955,#4958,#4961,#4964,#4967,#4970,#4973,#4976,#4979,#4982,#4985,#4988,#4991));
#8164=IFCFACETEDBREP(#8163);
#8165=IFCSTYLEDITEM(#8164,(#8155),$);
#8166=IFCCLOSEDSHELL((#5552,#5555,#5558,#5561,#5564,#5567,#5570,#5573,#5576,#5579,#5582,#5585,#5588,#5591,#5594,#5597,#5600,#5603,#5606,#5609,#5612,#5615,#5618,#5621,#5624,#5627,#5630,#5633,#5636,#5639,#5642,#5645,#5648,#5651,#5654,#5657,#5660,#5663,#5666,#5669,#5672,#5675,#5678,#5681,#5684,#5687,#5690,#5693,#5696,#5699,#5702,#5705,#5708,#5711,#5714,#5717,#5720,#5723,#5726,#5729,#5732,#5735,#5738,#5741,#5744,#5747,#5750,#5753,#5756,#5759,#5762,#5765,#5768,#5771,#5774,#5777,#5780,#5783,#5786,#5789,#5792,#5795,#5798,#5801,#5804,#5807,#5810,#5813,#5816,#5819,#5822,#5825,#5828,#5831,#5834,#5837,#5840,#5843,#5846,#5849,#5852,#5855,#5858,#5861,#5864,#5867,#5870,#5873,#5876,#5879,#5882,#5885,#5888,#5891,#5894,#5897,#5900,#5903,#5906,#5909,#5912,#5915,#5918,#5921,#5924,#5927,#5930,#5933,#5936,#5939,#5942,#5945,#5948,#5951,#5954,#5957,#5960,#5963,#5966,#5969,#5972,#5975,#5978,#5981,#5984,#5987,#5990,#5993,#5996,#5999,#6002,#6005,#6008,#6011,#6014,#6017,#6020,#6023,#6026,#6029,#6032,#6035,#6038,#6041,#6044,#6047,#6050,#6053,#6056,#6059,#6062,#6065,#6068,#6071,#6074,#6077,#6080,#6083,#6086,#6089,#6092,#6095,#6098,#6101,#6104,#6107,#6110,#6113,#6116,#6119,#6122,#6125,#6128,#6131,#6134,#6137,#6140,#6143,#6146,#6149,#6152,#6155,#6158,#6161,#6164,#6167,#6170,#6173,#6176,#6179,#6182,#6185,#6188,#6191,#6194,#6197,#6200,#6203,#6206,#6209,#6212,#6215,#6218,#6221,#6224,#6227,#6230,#6233,#6236,#6239,#6242,#6245,#6248,#6251,#6254,#6257,#6260,#6263,#6266,#6269,#6272,#6275,#6278,#6281,#6284,#6287,#6290,#6293,#6296,#6299,#6302,#6305,#6308,#6311,#6314,#6317,#6320,#6323,#6326,#6329,#6332,#6335,#6338,#6341,#6344,#6347,#6350,#6353,#6356,#6359,#6362,#6365,#6368,#6371,#6374,#6377,#6380,#6383,#6386,#6389,#6392,#6395,#6398,#6401,#6404,#6407,#6410,#6413,#6416,#6419,#6422,#6425,#6428,#6431,#6434,#6437,#6440,#6443,#6446,#6449,#6452,#6455,#6458,#6461,#6464,#6467,#6470,#6473,#6476,#6479,#6482,#6485,#6488,#6491,#6494,#6497,#6500,#6503,#6506,#6509,#6512,#6515,#6518,#6521,#6524,#6527,#6530,#6533,#6536,#6539,#6542,#6545,#6548,#6551,#6554,#6557,#6560,#6563,#6566,#6569,#6572,#6575,#6578,#6581,#6584,#6587,#6590,#6593,#6596,#6599,#6602,#6605,#6608,#6611,#6614,#6617,#6620,#6623,#6626,#6629,#6632,#6635,#6638,#6641,#6644,#6647,#6650,#6653,#6656,#6659,#6662,#6665,#6668,#6671,#6674,#6677,#6680,#6683,#6686,#6689,#6692,#6695,#6698,#6701,#6704,#6707,#6710,#6713,#6716,#6719,#6722,#6725,#6728,#6731,#6734,#6737,#6740,#6743,#6746,#6749,#6752,#6755,#6758,#6761,#6764,#6767,#6770,#6773,#6776,#6779,#6782,#6785,#6788,#6791,#6794,#6797,#6800,#6803,#6806,#6809,#6812,#6815,#6818,#6821,#6824,#6827,#6830,#6833,#6836,#6839,#6842,#6845,#6848,#6851,#6854,#6857,#6860,#6863,#6866,#6869,#6872,#6875,#6878,#6881,#6884,#6887,#6890,#6893,#6896,#6899,#6902,#6905,#6908,#6911,#6914,#6917,#6920,#6923,#6926,#6929,#6932,#6935,#6938,#6941,#6944,#6947,#6950,#6953,#6956,#6959,#6962,#6965,#6968,#6971,#6974,#6977,#6980,#6983,#6986,#6989,#6992,#6995,#6998,#7001,#7004,#7007,#7010,#7013,#7016,#7019,#7022,#7025,#7028,#7031,#7034,#7037,#7040,#7043,#7046,#7049,#7052,#7055,#7058,#7061,#7064,#7067,#7070,#7073,#7076,#7079,#7082,#7085,#7088,#7091,#7094,#7097,#7100,#7103,#7106,#7109,#7112,#7115,#7118,#7121,#7124,#7127,#7130,#7133,#7136,#7139,#7142,#7145,#7148,#7151,#7154,#7157,#7160,#7163,#7166,#7169,#7172,#7175,#7178,#7181,#7184,#7187,#7190,#7193,#7196,#7199,#7202,#7205,#7208,#7211,#7214,#7217,#7220,#7223,#7226,#7229,#7232,#7235,#7238,#7241,#7244,#7247,#7250,#7253,#7256,#7259,#7262,#7265,#7268,#7271,#7274,#7277,#7280,#7283,#7286,#7289,#7292,#7295,#7298,#7301,#7304,#7307,#7310,#7313,#7316,#7319,#7322,#7325,#7328,#7331,#7334,#7337,#7340,#7343,#7346,#7349,#7352,#7355,#7358,#7361,#7364,#7367,#7370,#7373,#7376,#7379,#7382,#7385,#7388,#7391,#7394,#7397,#7400,#7403,#7406,#7409,#7412,#7415,#7418,#7421,#7424,#7427,#7430,#7433,#7436,#7439,#7442,#7445,#7448,#7451,#7454,#7457,#7460,#7463,#7466,#7469,#7472,#7475,#7478,#7481,#7484,#7487,#7490,#7493,#7496,#7499,#7502,#7505,#7508,#7511,#7514,#7517,#7520,#7523,#7526,#7529,#7532,#7535,#7538,#7541,#7544,#7547,#7550,#7553,#7556,#7559,#7562,#7565,#7568,#7571,#7574,#7577,#7580,#7583,#7586,#7589,#7592,#7595,#7598,#7601,#7604,#7607,#7610,#7613,#7616,#7619,#7622,#7625,#7628,#7631,#7634,#7637,#7640,#7643,#7646,#7649,#7652,#7655,#7658,#7661,#7664,#7667,#7670,#7673,#7676,#7679,#7682,#7685,#7688,#7691,#7694,#7697,#7700,#7703,#7706,#7709,#7712,#7715,#7718,#7721,#7724,#7727,#7730,#7733,#7736,#7739,#7742,#7745,#7748,#7751,#7754,#7757,#7760,#7763,#7766,#7769,#7772,#7775,#7778,#7781,#7784,#7787,#7790,#7793,#7796,#7799,#7802,#7805,#7808,#7811,#7814,#7817,#7820,#7823,#7826,#7829,#7832,#7835,#7838,#7841,#7844,#7847,#7850,#7853,#7856,#7859,#7862,#7865,#7868,#7871,#7874,#7877,#7880,#7883,#7886,#7889,#7892,#7895,#7898,#7901,#7904,#7907,#7910,#7913,#7916,#7919,#7922,#7925,#7928,#7931,#7934,#7937,#7940,#7943,#7946,#7949,#7952,#7955,#7958,#7961,#7964,#7967,#7970,#7973,#7976,#7979,#7982,#7985,#7988,#7991,#7994,#7997,#8000,#8003,#8006,#8009,#8012,#8015,#8018,#8021,#8024,#8027,#8030,#8033,#8036,#8039,#8042,#8045,#8048,#8051,#8054,#8057,#8060,#8063,#8066,#8069,#8072,#8075,#8078,#8081,#8084,#8087,#8090,#8093,#8096,#8099,#8102,#8105,#8108,#8111,#8114,#8117,#8120,#8123,#8126,#8129));
#8167=IFCFACETEDBREP(#8166);
#8168=IFCSTYLEDITEM(#8167,(#8155),$);
#8169=IFCSHAPEREPRESENTATION(#24,'Body','Brep',(#8131,#8137,#8140,#8143,#8146,#8152,#8158,#8164,#8167));
#8170=IFCAXIS2PLACEMENT3D(#3,$,$);
#8171=IFCREPRESENTATIONMAP(#8170,#8169);
#8172=IFCDOORLININGPROPERTIES('2QnDw_VXDDCuQkmhNiHfEj',#18,'M_Door-Passage-Single-Vision_Lite:750 x 2000mm:1622003',$,$,$,$,$,$,$,$,$,$,$,$,$,$);
#8173=IFCDOORPANELPROPERTIES('2QnDw_VXDDCuQkmhRiHfEj',#18,'M_Door-Passage-Single-Vision_Lite:750 x 2000mm:1622003:1',$,$,.SWINGING.,$,.NOTDEFINED.,$);
#8174=IFCDOORTYPE('2nof4LlNqQcKNUdEK6koix',#18,'M_Door-Passage-Single-Vision_Lite:750 x 2000mm',$,$,(#8172,#8173),(#8171),'1457080',$,.DOOR.,.SINGLE_SWING_LEFT.,.F.,$);
#8175=IFCMATERIAL('Aluminum',$,'Metal');
#8176=IFCSTYLEDITEM($,(#8134),$);
#8177=IFCSTYLEDREPRESENTATION(#22,'Style','Material',(#8176));
#8178=IFCMATERIALDEFINITIONREPRESENTATION($,$,(#8177),#8175);
#8179=IFCMATERIAL('Wood - Birch',$,'Wood');
#8180=IFCCOLOURRGB($,0.470588235294118,0.470588235294118,0.470588235294118);
#8181=IFCCURVESTYLEFONTPATTERN(317.5,2857.5);
#8182=IFCCURVESTYLEFONT('Wood 4:1',(#8181));
#8183=IFCCURVESTYLE('Wood 4:1',#8182,$,#8180,$);
#8184=IFCCARTESIANPOINT((2082.79994364401,2006.60007514131));
#8185=IFCFILLAREASTYLEHATCHING(#8183,IFCPOSITIVELENGTHMEASURE(127.),$,#8184,216.8699);
#8186=IFCCURVESTYLEFONTPATTERN(709.95159,709.95159);
#8187=IFCCURVESTYLEFONT('Wood 4:2',(#8186));
#8188=IFCCURVESTYLE('Wood 4:2',#8187,$,#8180,$);
#8189=IFCCARTESIANPOINT((-126.999796601473,63.499290054133));
#8190=IFCFILLAREASTYLEHATCHING(#8188,IFCPOSITIVELENGTHMEASURE(283.98089),$,#8189,206.5651);
#8191=IFCCURVESTYLEFONTPATTERN(401.60956,1606.43697);
#8192=IFCCURVESTYLEFONT('Wood 4:3',(#8191));
#8193=IFCCURVESTYLE('Wood 4:3',#8192,$,#8180,$);
#8194=IFCCARTESIANPOINT((-698.50016062229,-317.498790982069));
#8195=IFCFILLAREASTYLEHATCHING(#8193,IFCPOSITIVELENGTHMEASURE(200.80478),$,#8194,198.4349);
#8196=IFCFILLAREASTYLE('Wood 4',(#8185,#8190,#8195),$);
#8197=IFCSTYLEDITEM($,(#8149,#8196),$);
#8198=IFCSTYLEDREPRESENTATION(#22,'Style','Material and Cut Pattern',(#8197));
#8199=IFCMATERIALDEFINITIONREPRESENTATION($,$,(#8198),#8179);
#8200=IFCMATERIAL('Metal - Paint Finish - Grey',$,'Paint');
#8201=IFCSTYLEDITEM($,(#8155),$);
#8202=IFCSTYLEDREPRESENTATION(#22,'Style','Material',(#8201));
#8203=IFCMATERIALDEFINITIONREPRESENTATION($,$,(#8202),#8200);
#8204=IFCMATERIAL('Glass',$,'Glass');
#8205=IFCSTYLEDITEM($,(#8161),$);
#8206=IFCSTYLEDREPRESENTATION(#22,'Style','Material',(#8205));
#8207=IFCMATERIALDEFINITIONREPRESENTATION($,$,(#8206),#8204);
#8208=IFCMATERIALCONSTITUENT('Hardware',$,#8175,$,'Metal');
#8209=IFCSHAPEREPRESENTATION(#24,'Body','Brep',(#8131,#8137,#8140,#8143));
#8210=IFCSHAPEASPECT((#8209),'Hardware',$,.U.,#8171);
#8211=IFCMATERIALCONSTITUENT('Panel',$,#8179,$,'Wood');
#8212=IFCSHAPEREPRESENTATION(#24,'Body','Brep',(#8146));
#8213=IFCSHAPEASPECT((#8212),'Panel',$,.U.,#8171);
#8214=IFCMATERIALCONSTITUENT('Frame/Mullion',$,#8200,$,'Paint');
#8215=IFCSHAPEREPRESENTATION(#24,'Body','Brep',(#8152));
#8216=IFCSHAPEASPECT((#8215),'Frame/Mullion',$,.U.,#8171);
#8217=IFCMATERIALCONSTITUENT('Glass',$,#8204,$,'Glass');
#8218=IFCSHAPEREPRESENTATION(#24,'Body','Brep',(#8158));
#8219=IFCSHAPEASPECT((#8218),'Glass',$,.U.,#8171);
#8220=IFCMATERIALCONSTITUENT('Metal - Paint Finish - Grey',$,#8200,$,'Paint');
#8221=IFCSHAPEREPRESENTATION(#24,'Body','Brep',(#8164,#8167));
#8222=IFCSHAPEASPECT((#8221),'Metal - Paint Finish - Grey',$,.U.,#8171);
#8223=IFCMATERIALCONSTITUENTSET($,$,(#8208,#8211,#8214,#8217,#8220));
#8224=IFCCARTESIANTRANSFORMATIONOPERATOR3D($,$,#3,1.,$);
#8225=IFCMAPPEDITEM(#8171,#8224);
#8226=IFCSHAPEREPRESENTATION(#24,'Body','MappedRepresentation',(#8225));
#8227=IFCPRODUCTDEFINITIONSHAPE($,$,(#8226));
#8228=IFCCARTESIANPOINT((-12.7000000000118,3375.,0.));
#8229=IFCAXIS2PLACEMENT3D(#8228,#9,#8);
#8231=IFCDOOR('2QnDw_VXDDCuQkmhJiHfEj',#18,'M_Door-Passage-Single-Vision_Lite:750 x 2000mm:1622003',$,'M_Door-Passage-Single-Vision_Lite:750 x 2000mm',#16705,#8227,'1622003',2100.,850.,.DOOR.,.SINGLE_SWING_LEFT.,$);
#8232=IFCMATERIALCONSTITUENT('Aluminum',$,#8175,$,'Metal');
#8233=IFCMATERIALCONSTITUENT('Wood - Birch',$,#8179,$,'Wood');
#8234=IFCMATERIALCONSTITUENT('Metal - Paint Finish - Grey',$,#8200,$,'Paint');
#8235=IFCMATERIALCONSTITUENT('Glass',$,#8204,$,'Glass');
#8236=IFCMATERIALCONSTITUENTSET($,$,(#8232,#8233,#8234,#8235));
#8237=IFCPROPERTYSINGLEVALUE('Reference',$,IFCIDENTIFIER('750 x 2000mm'),$);
#8238=IFCPROPERTYSET('1W8i1R8QHDNKaLwPXjNvC1',#18,'Pset_DoorCommon',$,(#135,#8237));
#8239=IFCPROPERTYSET('0Eaie7$P9meQlAxUjdt_iC',#18,'Pset_EnvironmentalImpactIndicators',$,(#8237));
#8240=IFCRELDEFINESBYPROPERTIES('1PP6gofPjmP$afiYzujJmZ',#18,$,$,(#8231),#8238);
#8241=IFCRELDEFINESBYPROPERTIES('3_fS_Uocw_42scGL8$lEvp',#18,$,$,(#8231),#8239);
#8242=IFCCLASSIFICATIONREFERENCE('https://www.csiresources.org/standards/uniformat','B2030100','Glazed Doors & Entrances',#28,'',$);
#8243=IFCAXIS2PLACEMENT3D(#3,$,$);
#8244=IFCLOCALPLACEMENT(#38,#8243);
#8245=IFCCARTESIANPOINT((0.,0.));
#8246=IFCAXIS2PLACEMENT2D(#8245,#11);
#8247=IFCRECTANGLEPROFILEDEF(.AREA.,$,#8246,5899.99999999986,4449.99999999989);
#8248=IFCCARTESIANPOINT((6675.,2950.,0.));
#8249=IFCAXIS2PLACEMENT3D(#8248,#10,#7);
#8250=IFCEXTRUDEDAREASOLID(#8247,#8249,#9,300.);
#8251=IFCCOLOURRGB($,0.501960784313725,0.501960784313725,0.501960784313725);
#8252=IFCSURFACESTYLERENDERING(#8251,0.,$,$,$,$,IFCNORMALISEDRATIOMEASURE(0.5),IFCSPECULAREXPONENT(10.),.NOTDEFINED.);
#8253=IFCSURFACESTYLE('Default Floor',.BOTH.,(#8252));
#8254=IFCSTYLEDITEM(#8250,(#8253),$);
#8255=IFCSHAPEREPRESENTATION(#24,'Body','SweptSolid',(#8250));
#8256=IFCPRODUCTDEFINITIONSHAPE($,$,(#8255));
#8257=IFCSLAB('2QnDw_VXDDCuQkmhJiHknY',#18,'Floor:Generic 300mm:1622076',$,'Floor:Generic 300mm',#8244,#8256,'1622076',.FLOOR.);
#8258=IFCSLABTYPE('2G9mo_Rg17ee$DE9j_ga52',#18,'Floor:Generic 300mm',$,$,(#8277),$,'1439244',$,.FLOOR.);
#8259=IFCMATERIAL('Default Floor',$,'Miscellaneous');
#8260=IFCSTYLEDITEM($,(#8253),$);
#8261=IFCSTYLEDREPRESENTATION(#22,'Style','Material',(#8260));
#8262=IFCMATERIALDEFINITIONREPRESENTATION($,$,(#8261),#8259);
#8263=IFCMATERIALLAYER(#8259,300.,$,'Layer',$,'Miscellaneous',$);
#8264=IFCMATERIALLAYERSET((#8263),'Floor:Generic 300mm',$);
#8265=IFCMATERIALLAYERSETUSAGE(#8264,.AXIS3.,.POSITIVE.,0.,$);
#8266=IFCPROPERTYSINGLEVALUE('Reference',$,IFCIDENTIFIER('Generic 300mm'),$);
#8267=IFCPROPERTYSET('1SXYHPiwEoXe8gdQ5zely5',#18,'Pset_EnvironmentalImpactIndicators',$,(#8266));
#8268=IFCPROPERTYSINGLEVALUE('Reference',$,IFCLABEL('Generic 300mm'),$);
#8269=IFCPROPERTYSET('0o4KueK4udqB7oce4eGHPm',#18,'Pset_ReinforcementBarPitchOfSlab',$,(#8268));
#8270=IFCPROPERTYSINGLEVALUE('PitchAngle',$,IFCPLANEANGLEMEASURE(0.),$);
#8271=IFCPROPERTYSINGLEVALUE('LoadBearing',$,IFCBOOLEAN(.T.),$);
#8272=IFCPROPERTYSET('2KU8EJSoEK2KsSLSiV2QHj',#18,'Pset_SlabCommon',$,(#49,#8266,#8270,#8271));
#8273=IFCRELDEFINESBYPROPERTIES('0Qy265PN46tAe3Iyz3a4Zs',#18,$,$,(#8257),#8267);
#8274=IFCRELDEFINESBYPROPERTIES('3tdw9ErBxx3yS_0eKek8ob',#18,$,$,(#8257),#8269);
#8275=IFCRELDEFINESBYPROPERTIES('28iK4zL_pmGPVSeYda_g7H',#18,$,$,(#8257),#8272);
#8276=IFCPROPERTYSINGLEVALUE('Description',$,IFCTEXT('Generic Floor (Material By Category), 300mm thick'),$);
#8277=IFCPROPERTYSET('0ch2Rz4MMxlBDWQKk_uOQt',#18,'Pset_ReinforcementBarPitchOfSlab',$,(#8276));
#8278=IFCAXIS2PLACEMENT3D(#3,$,$);
#8279=IFCLOCALPLACEMENT(#34,#8278);
#8280=IFCCARTESIANPOINT((0.,0.));
#8281=IFCAXIS2PLACEMENT2D(#8280,#11);
#8282=IFCRECTANGLEPROFILEDEF(.AREA.,$,#8281,5899.9999999999,8899.99999999995);
#8283=IFCCARTESIANPOINT((4450.,2950.,0.));
#8284=IFCAXIS2PLACEMENT3D(#8283,#10,#7);
#8285=IFCEXTRUDEDAREASOLID(#8282,#8284,#9,300.);
#8286=IFCSTYLEDITEM(#8285,(#8253),$);
#8287=IFCSHAPEREPRESENTATION(#24,'Body','SweptSolid',(#8285));
#8288=IFCPRODUCTDEFINITIONSHAPE($,$,(#8287));
#8289=IFCSLAB('2QnDw_VXDDCuQkmhJiHkpM',#18,'Floor:Generic 300mm:1622152',$,'Floor:Generic 300mm',#8279,#8288,'1622152',.FLOOR.);
#8290=IFCMATERIALLAYERSETUSAGE(#8264,.AXIS3.,.POSITIVE.,0.,$);
#8291=IFCPROPERTYSET('3Hko6Hpr$jxTVokJYi8FJ0',#18,'Pset_EnvironmentalImpactIndicators',$,(#8266));
#8292=IFCPROPERTYSINGLEVALUE('Reference',$,IFCLABEL('Generic 300mm'),$);
#8293=IFCPROPERTYSET('3byMJiFBTqnNr$7aD5$i6X',#18,'Pset_ReinforcementBarPitchOfSlab',$,(#8292));
#8294=IFCPROPERTYSET('16lYorqp9xXYsPOMRUJJ8Y',#18,'Pset_SlabCommon',$,(#49,#8266,#8270,#8271));
#8295=IFCRELDEFINESBYPROPERTIES('3qKQaQpWfbGOTqZyZ3bgnO',#18,$,$,(#8289),#8291);
#8296=IFCRELDEFINESBYPROPERTIES('10CVSlQkJVKa9xIWzJ4Fip',#18,$,$,(#8289),#8293);
#8297=IFCRELDEFINESBYPROPERTIES('3oQutPyRx2cfiAGvZJ1jIB',#18,$,$,(#8289),#8294);
#8298=IFCCARTESIANPOINT((4550.,5700.,0.));
#8299=IFCAXIS2PLACEMENT3D(#8298,#9,#8);
#8300=IFCLOCALPLACEMENT(#34,#8299);
#8301=IFCCARTESIANPOINT((5500.,0.));
#8302=IFCPOLYLINE((#4,#8301));
#8303=IFCSHAPEREPRESENTATION(#23,'Axis','Curve2D',(#8302));
#8304=IFCCARTESIANPOINT((2749.99999999999,0.));
#8305=IFCAXIS2PLACEMENT2D(#8304,#11);
#8306=IFCRECTANGLEPROFILEDEF(.AREA.,$,#8305,5499.99999999999,200.);
#8307=IFCAXIS2PLACEMENT3D(#3,$,$);
#8308=IFCEXTRUDEDAREASOLID(#8306,#8307,#9,2700.);
#8309=IFCCARTESIANPOINT((5500.,0.));
#8310=IFCCARTESIANPOINT((5500.,200.));
#8311=IFCCARTESIANPOINT((3100.,200.));
#8312=IFCCARTESIANPOINT((2900.,200.));
#8313=IFCCARTESIANPOINT((0.,200.));
#8314=IFCPOLYLINE((#4,#8309,#8310,#8311,#8312,#8313,#4));
#8315=IFCCARTESIANPOINT((0.,-100.,2700.));
#8316=IFCAXIS2PLACEMENT3D(#8315,#10,#8);
#8317=IFCPLANE(#8316);
#8318=IFCCARTESIANPOINT((0.,-100.,2700.));
#8319=IFCAXIS2PLACEMENT3D(#8318,$,$);
#8320=IFCPOLYGONALBOUNDEDHALFSPACE(#8317,.T.,#8319,#8314);
#8321=IFCBOOLEANCLIPPINGRESULT(.DIFFERENCE.,#8308,#8320);
#8322=IFCSTYLEDITEM(#8308,(#119),$);
#8323=IFCSHAPEREPRESENTATION(#24,'Body','Clipping',(#8321));
#8324=IFCPRODUCTDEFINITIONSHAPE($,$,(#8303,#8323));
#8325=IFCWALL('3NX6vfz5v9fPuEx9Our9oT',#18,'Basic Wall:Generic - 200mm:1623578',$,'Basic Wall:Generic - 200mm',#8300,#8324,'1623578',.NOTDEFINED.);
#8326=IFCPROPERTYSET('2EFOSj$yXkqJEMoqIRaLyL',#18,'Pset_EnvironmentalImpactIndicators',$,(#131));
#8327=IFCPROPERTYSINGLEVALUE('Reference',$,IFCLABEL('Generic - 200mm'),$);
#8328=IFCPROPERTYSET('1Ms4UmMYm1x3u3azTE2yfF',#18,'Pset_ReinforcementBarPitchOfWall',$,(#8327));
#8329=IFCPROPERTYSET('2bGGcMot22kVLvn7UwVupn',#18,'Pset_WallCommon',$,(#131,#135,#136,#137));
#8330=IFCRELDEFINESBYPROPERTIES('1n9QZ6N$rBJDj1_P4TNEI9',#18,$,$,(#8325),#8326);
#8331=IFCRELDEFINESBYPROPERTIES('1R5IsKYFbUfpqaVI17u0U2',#18,$,$,(#8325),#8328);
#8332=IFCRELDEFINESBYPROPERTIES('3MaeA4NZFLuJjAE6D3t8hm',#18,$,$,(#8325),#8329);
#8333=IFCCARTESIANPOINT((4650.,2700.,0.));
#8334=IFCAXIS2PLACEMENT3D(#8333,$,$);
#8335=IFCLOCALPLACEMENT(#34,#8334);
#8336=IFCCARTESIANPOINT((4050.,0.));
#8337=IFCPOLYLINE((#4,#8336));
#8338=IFCSHAPEREPRESENTATION(#23,'Axis','Curve2D',(#8337));
#8339=IFCCARTESIANPOINT((2025.,0.));
#8340=IFCAXIS2PLACEMENT2D(#8339,#12);
#8341=IFCRECTANGLEPROFILEDEF(.AREA.,$,#8340,4049.99999999999,200.);
#8342=IFCAXIS2PLACEMENT3D(#3,$,$);
#8343=IFCEXTRUDEDAREASOLID(#8341,#8342,#9,2700.);
#8344=IFCCARTESIANPOINT((4050.,0.));
#8345=IFCCARTESIANPOINT((4050.,200.));
#8346=IFCCARTESIANPOINT((-0.,200.));
#8347=IFCPOLYLINE((#4,#8344,#8345,#8346,#4));
#8348=IFCCARTESIANPOINT((0.,-100.,2700.));
#8349=IFCAXIS2PLACEMENT3D(#8348,#10,#6);
#8350=IFCPLANE(#8349);
#8351=IFCCARTESIANPOINT((0.,-100.,2700.));
#8352=IFCAXIS2PLACEMENT3D(#8351,$,$);
#8353=IFCPOLYGONALBOUNDEDHALFSPACE(#8350,.T.,#8352,#8347);
#8354=IFCBOOLEANCLIPPINGRESULT(.DIFFERENCE.,#8343,#8353);
#8355=IFCSTYLEDITEM(#8343,(#119),$);
#8356=IFCSHAPEREPRESENTATION(#24,'Body','Clipping',(#8354));
#8357=IFCPRODUCTDEFINITIONSHAPE($,$,(#8338,#8356));
#8358=IFCWALL('3NX6vfz5v9fPuEx9Our9n2',#18,'Basic Wall:Generic - 200mm:1623749',$,'Basic Wall:Generic - 200mm',#8335,#8357,'1623749',.NOTDEFINED.);
#8359=IFCPROPERTYSET('04Ebc3hehQ7Y87XjyoWSsR',#18,'Pset_EnvironmentalImpactIndicators',$,(#131));
#8360=IFCPROPERTYSINGLEVALUE('Reference',$,IFCLABEL('Generic - 200mm'),$);
#8361=IFCPROPERTYSET('2WXvrhqCQoYuibh5eryNsi',#18,'Pset_ReinforcementBarPitchOfWall',$,(#8360));
#8362=IFCPROPERTYSET('2pv7ri1Xw2DLvmT4tG5dD4',#18,'Pset_WallCommon',$,(#131,#135,#136,#137));
#8363=IFCRELDEFINESBYPROPERTIES('0luhc$h43GQtF20EruiDA5',#18,$,$,(#8358),#8359);
#8364=IFCRELDEFINESBYPROPERTIES('3SROec2LiFk7QDmt7TcC7W',#18,$,$,(#8358),#8361);
#8365=IFCRELDEFINESBYPROPERTIES('3gO1HeaXFysYf9TqVYZqHk',#18,$,$,(#8358),#8362);
#8366=IFCCARTESIANPOINT((115.009374999985,122.,1000.));
#8367=IFCCARTESIANPOINT((115.350116737095,122.,1002.58819045103));
#8368=IFCCARTESIANPOINT((116.349120962141,122.,1005.));
#8369=IFCCARTESIANPOINT((117.93830718812,122.,1007.07106781187));
#8370=IFCCARTESIANPOINT((120.009374999986,122.,1008.66025403784));
#8371=IFCCARTESIANPOINT((122.42118454896,122.,1009.65925826289));
#8372=IFCCARTESIANPOINT((125.009374999986,122.,1010.));
#8373=IFCCARTESIANPOINT((127.597565451011,122.,1009.65925826289));
#8374=IFCCARTESIANPOINT((130.009374999986,122.,1008.66025403784));
#8375=IFCCARTESIANPOINT((132.080442811851,122.,1007.07106781187));
#8376=IFCCARTESIANPOINT((133.66962903783,122.,1005.));
#8377=IFCCARTESIANPOINT((134.668633262876,122.,1002.58819045103));
#8378=IFCCARTESIANPOINT((135.009374999986,122.,1000.));
#8379=IFCCARTESIANPOINT((134.668633262876,122.,997.411809548974));
#8380=IFCCARTESIANPOINT((133.66962903783,122.,995.));
#8381=IFCCARTESIANPOINT((132.080442811851,122.,992.928932188134));
#8382=IFCCARTESIANPOINT((130.009374999986,122.,991.339745962155));
#8383=IFCCARTESIANPOINT((127.597565451011,122.,990.340741737109));
#8384=IFCCARTESIANPOINT((125.009374999985,122.,990.));
#8385=IFCCARTESIANPOINT((122.42118454896,122.,990.340741737109));
#8386=IFCCARTESIANPOINT((120.009374999985,122.,991.339745962156));
#8387=IFCCARTESIANPOINT((117.93830718812,122.,992.928932188135));
#8388=IFCCARTESIANPOINT((116.349120962141,122.,995.));
#8389=IFCCARTESIANPOINT((115.350116737095,122.,997.411809548975));
#8390=IFCCARTESIANPOINT((135.009374999986,92.,1000.));
#8391=IFCCARTESIANPOINT((134.668633262876,92.,997.411809548974));
#8392=IFCCARTESIANPOINT((133.66962903783,92.,995.));
#8393=IFCCARTESIANPOINT((132.080442811851,92.,992.928932188134));
#8394=IFCCARTESIANPOINT((130.009374999986,92.,991.339745962155));
#8395=IFCCARTESIANPOINT((127.597565451011,92.,990.340741737109));
#8396=IFCCARTESIANPOINT((125.009374999985,92.,990.));
#8397=IFCCARTESIANPOINT((122.42118454896,92.,990.340741737109));
#8398=IFCCARTESIANPOINT((120.009374999985,92.,991.339745962156));
#8399=IFCCARTESIANPOINT((117.93830718812,92.,992.928932188135));
#8400=IFCCARTESIANPOINT((116.349120962141,92.,995.));
#8401=IFCCARTESIANPOINT((115.350116737095,92.,997.411809548975));
#8402=IFCCARTESIANPOINT((115.009374999985,92.,1000.));
#8403=IFCCARTESIANPOINT((115.350116737095,92.,1002.58819045103));
#8404=IFCCARTESIANPOINT((116.349120962141,92.,1005.));
#8405=IFCCARTESIANPOINT((117.93830718812,92.,1007.07106781187));
#8406=IFCCARTESIANPOINT((120.009374999986,92.,1008.66025403784));
#8407=IFCCARTESIANPOINT((122.42118454896,92.,1009.65925826289));
#8408=IFCCARTESIANPOINT((125.009374999986,92.,1010.));
#8409=IFCCARTESIANPOINT((127.597565451011,92.,1009.65925826289));
#8410=IFCCARTESIANPOINT((130.009374999986,92.,1008.66025403784));
#8411=IFCCARTESIANPOINT((132.080442811851,92.,1007.07106781187));
#8412=IFCCARTESIANPOINT((133.66962903783,92.,1005.));
#8413=IFCCARTESIANPOINT((134.668633262876,92.,1002.58819045103));
#8414=IFCCARTESIANPOINT((140.009374999993,87.,1000.));
#8415=IFCCARTESIANPOINT((140.009374999993,86.6592582628897,997.411809548974));
#8416=IFCCARTESIANPOINT((140.009374999993,85.6602540378433,995.));
#8417=IFCCARTESIANPOINT((140.009374999993,84.0710678118644,992.928932188134));
#8418=IFCCARTESIANPOINT((140.009374999993,82.,991.339745962155));
#8419=IFCCARTESIANPOINT((140.009374999993,79.588190451024,990.340741737109));
#8420=IFCCARTESIANPOINT((140.009374999993,77.,990.));
#8421=IFCCARTESIANPOINT((140.009374999993,74.4118095489736,990.340741737109));
#8422=IFCCARTESIANPOINT((140.009374999993,72.,991.339745962155));
#8423=IFCCARTESIANPOINT((140.009374999993,69.9289321881333,992.928932188134));
#8424=IFCCARTESIANPOINT((140.009374999993,68.3397459621544,995.));
#8425=IFCCARTESIANPOINT((140.009374999993,67.3407417371081,997.411809548975));
#8426=IFCCARTESIANPOINT((140.009374999993,67.,1000.));
#8427=IFCCARTESIANPOINT((127.509374999989,70.3493649053888,1000.));
#8428=IFCCARTESIANPOINT((118.358739905375,79.5000000000024,1000.));
#8429=IFCCARTESIANPOINT((136.473841094055,88.4644660940683,1000.));
#8430=IFCCARTESIANPOINT((133.643177218647,68.7058175543672,1000.));
#8431=IFCCARTESIANPOINT((116.71519254347,85.6338022592798,1000.));
#8432=IFCCARTESIANPOINT((136.82627610932,67.852908777183,1000.));
#8433=IFCCARTESIANPOINT((115.862283771728,88.8169011296429,1000.));
#8434=IFCCARTESIANPOINT((138.417825554656,67.4264543885909,1000.));
#8435=IFCCARTESIANPOINT((115.435829385857,90.4084505648245,1000.));
#8436=IFCCARTESIANPOINT((122.934057452682,74.9246824526956,1000.));
#8437=IFCCARTESIANPOINT((130.471703104851,78.2470849533066,990.151922655303));
#8438=IFCCARTESIANPOINT((126.25646058812,82.4623288301937,990.151922490436));
#8439=IFCCARTESIANPOINT((117.536966224423,82.5669011296411,1000.));
#8440=IFCCARTESIANPOINT((132.998757190759,73.3296236817093,991.307206842549));
#8441=IFCCARTESIANPOINT((123.974288286306,85.4161244128923,990.276218677195));
#8442=IFCCARTESIANPOINT((119.981037259589,86.0398644793722,991.923303103072));
#8443=IFCCARTESIANPOINT((135.990917462118,84.6236306345224,992.487405404095));
#8444=IFCCARTESIANPOINT((132.633005341928,87.981542384883,992.487405145908));
#8445=IFCCARTESIANPOINT((131.50809206712,83.4987174053894,990.453520847801));
#8446=IFCCARTESIANPOINT((125.088865361315,77.3282381304693,991.94476265457));
#8447=IFCCARTESIANPOINT((130.576276109318,69.527591229878,1000.));
#8448=IFCCARTESIANPOINT((125.221716226336,72.6370236790422,1000.));
#8449=IFCCARTESIANPOINT((120.646398679029,77.212341226349,1000.));
#8450=IFCCARTESIANPOINT((140.009374999993,67.3407417371082,1002.58819045103));
#8451=IFCCARTESIANPOINT((140.009374999993,68.3397459621545,1005.));
#8452=IFCCARTESIANPOINT((140.009374999993,69.9289321881334,1007.07106781187));
#8453=IFCCARTESIANPOINT((140.009374999993,72.,1008.66025403784));
#8454=IFCCARTESIANPOINT((140.009374999993,74.4118095489738,1009.65925826289));
#8455=IFCCARTESIANPOINT((140.009374999993,77.,1010.));
#8456=IFCCARTESIANPOINT((140.009374999993,79.5881904510242,1009.65925826289));
#8457=IFCCARTESIANPOINT((140.009374999993,82.,1008.66025403784));
#8458=IFCCARTESIANPOINT((140.009374999993,84.0710678118645,1007.07106781187));
#8459=IFCCARTESIANPOINT((140.009374999993,85.6602540378434,1005.));
#8460=IFCCARTESIANPOINT((140.009374999993,86.6592582628897,1002.58819045102));
#8461=IFCCARTESIANPOINT((126.256460588008,82.4623288300743,1009.84807750954));
#8462=IFCCARTESIANPOINT((130.471703104392,78.2470849531965,1009.84807734463));
#8463=IFCCARTESIANPOINT((132.998757190675,73.3296236816736,1008.69279315741));
#8464=IFCCARTESIANPOINT((123.974288286286,85.4161244128632,1009.7237813228));
#8465=IFCCARTESIANPOINT((119.981037259583,86.0398644793515,1008.07669689692));
#8466=IFCCARTESIANPOINT((132.63300534186,87.9815423848418,1007.51259485416));
#8467=IFCCARTESIANPOINT((135.990917462128,84.6236306345283,1007.5125945959));
#8468=IFCCARTESIANPOINT((131.508092066728,83.4987174050488,1009.54647915236));
#8469=IFCCARTESIANPOINT((125.33761273707,77.0794906942541,1008.05523731716));
#8470=IFCCARTESIANPOINT((245.009375,67.,1000.));
#8471=IFCCARTESIANPOINT((245.009375,67.3407417371082,997.411809548974));
#8472=IFCCARTESIANPOINT((245.009375,68.3397459621545,995.));
#8473=IFCCARTESIANPOINT((245.009375,69.9289321881334,992.928932188134));
#8474=IFCCARTESIANPOINT((245.009375,72.,991.339745962155));
#8475=IFCCARTESIANPOINT((245.009375,74.4118095489737,990.340741737109));
#8476=IFCCARTESIANPOINT((245.009375,77.,990.));
#8477=IFCCARTESIANPOINT((245.009375,79.5881904510241,990.340741737109));
#8478=IFCCARTESIANPOINT((245.009375,82.,991.339745962155));
#8479=IFCCARTESIANPOINT((245.009375,84.0710678118645,992.928932188134));
#8480=IFCCARTESIANPOINT((245.009375,85.6602540378434,995.));
#8481=IFCCARTESIANPOINT((245.009375,86.6592582628897,997.411809548974));
#8482=IFCCARTESIANPOINT((245.009375,87.,1000.));
#8483=IFCCARTESIANPOINT((245.009375,86.6592582628898,1002.58819045102));
#8484=IFCCARTESIANPOINT((245.009375,85.6602540378435,1005.));
#8485=IFCCARTESIANPOINT((245.009375,84.0710678118646,1007.07106781187));
#8486=IFCCARTESIANPOINT((245.009375,82.,1008.66025403784));
#8487=IFCCARTESIANPOINT((245.009375,79.5881904510242,1009.65925826289));
#8488=IFCCARTESIANPOINT((245.009375,77.,1010.));
#8489=IFCCARTESIANPOINT((245.009375,74.4118095489738,1009.65925826289));
#8490=IFCCARTESIANPOINT((245.009375,72.,1008.66025403784));
#8491=IFCCARTESIANPOINT((245.009375,69.9289321881335,1007.07106781187));
#8492=IFCCARTESIANPOINT((245.009375,68.3397459621545,1005.));
#8493=IFCCARTESIANPOINT((245.009375,67.3407417371082,1002.58819045102));
#8494=IFCPOLYLOOP((#8387,#8388,#8389,#8366,#8367,#8368,#8369,#8370,#8371,#8372,#8373,#8374,#8375,#8376,#8377,#8378,#8379,#8380,#8381,#8382,#8383,#8384,#8385,#8386));
#8495=IFCFACEOUTERBOUND(#8494,.T.);
#8496=IFCFACE((#8495));
#8497=IFCPOLYLOOP((#8402,#8366,#8389,#8401));
#8498=IFCFACEOUTERBOUND(#8497,.T.);
#8499=IFCFACE((#8498));
#8500=IFCPOLYLOOP((#8401,#8389,#8388,#8400));
#8501=IFCFACEOUTERBOUND(#8500,.T.);
#8502=IFCFACE((#8501));
#8503=IFCPOLYLOOP((#8398,#8399,#8387,#8386));
#8504=IFCFACEOUTERBOUND(#8503,.T.);
#8505=IFCFACE((#8504));
#8506=IFCPOLYLOOP((#8388,#8387,#8399,#8400));
#8507=IFCFACEOUTERBOUND(#8506,.T.);
#8508=IFCFACE((#8507));
#8509=IFCPOLYLOOP((#8397,#8398,#8386,#8385));
#8510=IFCFACEOUTERBOUND(#8509,.T.);
#8511=IFCFACE((#8510));
#8512=IFCPOLYLOOP((#8384,#8396,#8397,#8385));
#8513=IFCFACEOUTERBOUND(#8512,.T.);
#8514=IFCFACE((#8513));
#8515=IFCPOLYLOOP((#8395,#8383,#8382,#8394));
#8516=IFCFACEOUTERBOUND(#8515,.T.);
#8517=IFCFACE((#8516));
#8518=IFCPOLYLOOP((#8394,#8382,#8381,#8393));
#8519=IFCFACEOUTERBOUND(#8518,.T.);
#8520=IFCFACE((#8519));
#8521=IFCPOLYLOOP((#8391,#8392,#8380,#8379));
#8522=IFCFACEOUTERBOUND(#8521,.T.);
#8523=IFCFACE((#8522));
#8524=IFCPOLYLOOP((#8381,#8380,#8392,#8393));
#8525=IFCFACEOUTERBOUND(#8524,.T.);
#8526=IFCFACE((#8525));
#8527=IFCPOLYLOOP((#8390,#8391,#8379,#8378));
#8528=IFCFACEOUTERBOUND(#8527,.T.);
#8529=IFCFACE((#8528));
#8530=IFCPOLYLOOP((#8395,#8396,#8384,#8383));
#8531=IFCFACEOUTERBOUND(#8530,.T.);
#8532=IFCFACE((#8531));
#8533=IFCPOLYLOOP((#8390,#8378,#8377,#8413));
#8534=IFCFACEOUTERBOUND(#8533,.T.);
#8535=IFCFACE((#8534));
#8536=IFCPOLYLOOP((#8413,#8377,#8376,#8412));
#8537=IFCFACEOUTERBOUND(#8536,.T.);
#8538=IFCFACE((#8537));
#8539=IFCPOLYLOOP((#8410,#8411,#8375,#8374));
#8540=IFCFACEOUTERBOUND(#8539,.T.);
#8541=IFCFACE((#8540));
#8542=IFCPOLYLOOP((#8376,#8375,#8411,#8412));
#8543=IFCFACEOUTERBOUND(#8542,.T.);
#8544=IFCFACE((#8543));
#8545=IFCPOLYLOOP((#8409,#8410,#8374,#8373));
#8546=IFCFACEOUTERBOUND(#8545,.T.);
#8547=IFCFACE((#8546));
#8548=IFCPOLYLOOP((#8372,#8408,#8409,#8373));
#8549=IFCFACEOUTERBOUND(#8548,.T.);
#8550=IFCFACE((#8549));
#8551=IFCPOLYLOOP((#8407,#8371,#8370,#8406));
#8552=IFCFACEOUTERBOUND(#8551,.T.);
#8553=IFCFACE((#8552));
#8554=IFCPOLYLOOP((#8406,#8370,#8369,#8405));
#8555=IFCFACEOUTERBOUND(#8554,.T.);
#8556=IFCFACE((#8555));
#8557=IFCPOLYLOOP((#8403,#8404,#8368,#8367));
#8558=IFCFACEOUTERBOUND(#8557,.T.);
#8559=IFCFACE((#8558));
#8560=IFCPOLYLOOP((#8369,#8368,#8404,#8405));
#8561=IFCFACEOUTERBOUND(#8560,.T.);
#8562=IFCFACE((#8561));
#8563=IFCPOLYLOOP((#8402,#8403,#8367,#8366));
#8564=IFCFACEOUTERBOUND(#8563,.T.);
#8565=IFCFACE((#8564));
#8566=IFCPOLYLOOP((#8407,#8408,#8372,#8371));
#8567=IFCFACEOUTERBOUND(#8566,.T.);
#8568=IFCFACE((#8567));
#8569=IFCPOLYLOOP((#8400,#8435,#8401));
#8570=IFCFACEOUTERBOUND(#8569,.T.);
#8571=IFCFACE((#8570));
#8572=IFCPOLYLOOP((#8431,#8397,#8442));
#8573=IFCFACEOUTERBOUND(#8572,.T.);
#8574=IFCFACE((#8573));
#8575=IFCPOLYLOOP((#8444,#8438,#8441));
#8576=IFCFACEOUTERBOUND(#8575,.T.);
#8577=IFCFACE((#8576));
#8578=IFCPOLYLOOP((#8442,#8428,#8439,#8431));
#8579=IFCFACEOUTERBOUND(#8578,.T.);
#8580=IFCFACE((#8579));
#8581=IFCPOLYLOOP((#8399,#8398,#8431));
#8582=IFCFACEOUTERBOUND(#8581,.T.);
#8583=IFCFACE((#8582));
#8584=IFCPOLYLOOP((#8399,#8433,#8400));
#8585=IFCFACEOUTERBOUND(#8584,.T.);
#8586=IFCFACE((#8585));
#8587=IFCPOLYLOOP((#8397,#8431,#8398));
#8588=IFCFACEOUTERBOUND(#8587,.T.);
#8589=IFCFACE((#8588));
#8590=IFCPOLYLOOP((#8442,#8441,#8428));
#8591=IFCFACEOUTERBOUND(#8590,.T.);
#8592=IFCFACE((#8591));
#8593=IFCPOLYLOOP((#8395,#8394,#8442));
#8594=IFCFACEOUTERBOUND(#8593,.T.);
#8595=IFCFACE((#8594));
#8596=IFCPOLYLOOP((#8445,#8437,#8446));
#8597=IFCFACEOUTERBOUND(#8596,.T.);
#8598=IFCFACE((#8597));
#8599=IFCPOLYLOOP((#8437,#8440,#8427));
#8600=IFCFACEOUTERBOUND(#8599,.T.);
#8601=IFCFACE((#8600));
#8602=IFCPOLYLOOP((#8397,#8396,#8442));
#8603=IFCFACEOUTERBOUND(#8602,.T.);
#8604=IFCFACE((#8603));
#8605=IFCPOLYLOOP((#8396,#8395,#8442));
#8606=IFCFACEOUTERBOUND(#8605,.T.);
#8607=IFCFACE((#8606));
#8608=IFCPOLYLOOP((#8443,#8429,#8414));
#8609=IFCFACEOUTERBOUND(#8608,.T.);
#8610=IFCFACE((#8609));
#8611=IFCPOLYLOOP((#8441,#8442,#8394));
#8612=IFCFACEOUTERBOUND(#8611,.T.);
#8613=IFCFACE((#8612));
#8614=IFCPOLYLOOP((#8416,#8443,#8415));
#8615=IFCFACEOUTERBOUND(#8614,.T.);
#8616=IFCFACE((#8615));
#8617=IFCPOLYLOOP((#8421,#8430,#8447));
#8618=IFCFACEOUTERBOUND(#8617,.T.);
#8619=IFCFACE((#8618));
#8620=IFCPOLYLOOP((#8425,#8434,#8424));
#8621=IFCFACEOUTERBOUND(#8620,.T.);
#8622=IFCFACE((#8621));
#8623=IFCPOLYLOOP((#8392,#8444,#8441));
#8624=IFCFACEOUTERBOUND(#8623,.T.);
#8625=IFCFACE((#8624));
#8626=IFCPOLYLOOP((#8394,#8393,#8441));
#8627=IFCFACEOUTERBOUND(#8626,.T.);
#8628=IFCFACE((#8627));
#8629=IFCPOLYLOOP((#8445,#8446,#8438));
#8630=IFCFACEOUTERBOUND(#8629,.T.);
#8631=IFCFACE((#8630));
#8632=IFCPOLYLOOP((#8418,#8440,#8417));
#8633=IFCFACEOUTERBOUND(#8632,.T.);
#8634=IFCFACE((#8633));
#8635=IFCPOLYLOOP((#8445,#8444,#8429));
#8636=IFCFACEOUTERBOUND(#8635,.T.);
#8637=IFCFACE((#8636));
#8638=IFCPOLYLOOP((#8446,#8449,#8438));
#8639=IFCFACEOUTERBOUND(#8638,.T.);
#8640=IFCFACE((#8639));
#8641=IFCPOLYLOOP((#8437,#8448,#8446));
#8642=IFCFACEOUTERBOUND(#8641,.T.);
#8643=IFCFACE((#8642));
#8644=IFCPOLYLOOP((#8421,#8422,#8430));
#8645=IFCFACEOUTERBOUND(#8644,.T.);
#8646=IFCFACE((#8645));
#8647=IFCPOLYLOOP((#8445,#8438,#8444));
#8648=IFCFACEOUTERBOUND(#8647,.T.);
#8649=IFCFACE((#8648));
#8650=IFCPOLYLOOP((#8440,#8420,#8447));
#8651=IFCFACEOUTERBOUND(#8650,.T.);
#8652=IFCFACE((#8651));
#8653=IFCPOLYLOOP((#8447,#8420,#8421));
#8654=IFCFACEOUTERBOUND(#8653,.T.);
#8655=IFCFACE((#8654));
#8656=IFCPOLYLOOP((#8430,#8423,#8432));
#8657=IFCFACEOUTERBOUND(#8656,.T.);
#8658=IFCFACE((#8657));
#8659=IFCPOLYLOOP((#8448,#8437,#8427));
#8660=IFCFACEOUTERBOUND(#8659,.T.);
#8661=IFCFACE((#8660));
#8662=IFCPOLYLOOP((#8422,#8423,#8430));
#8663=IFCFACEOUTERBOUND(#8662,.T.);
#8664=IFCFACE((#8663));
#8665=IFCPOLYLOOP((#8447,#8427,#8440));
#8666=IFCFACEOUTERBOUND(#8665,.T.);
#8667=IFCFACE((#8666));
#8668=IFCPOLYLOOP((#8426,#8434,#8425));
#8669=IFCFACEOUTERBOUND(#8668,.T.);
#8670=IFCFACE((#8669));
#8671=IFCPOLYLOOP((#8445,#8443,#8437));
#8672=IFCFACEOUTERBOUND(#8671,.T.);
#8673=IFCFACE((#8672));
#8674=IFCPOLYLOOP((#8438,#8449,#8441));
#8675=IFCFACEOUTERBOUND(#8674,.T.);
#8676=IFCFACE((#8675));
#8677=IFCPOLYLOOP((#8423,#8424,#8432));
#8678=IFCFACEOUTERBOUND(#8677,.T.);
#8679=IFCFACE((#8678));
#8680=IFCPOLYLOOP((#8391,#8390,#8444));
#8681=IFCFACEOUTERBOUND(#8680,.T.);
#8682=IFCFACE((#8681));
#8683=IFCPOLYLOOP((#8446,#8448,#8436,#8449));
#8684=IFCFACEOUTERBOUND(#8683,.T.);
#8685=IFCFACE((#8684));
#8686=IFCPOLYLOOP((#8437,#8443,#8416));
#8687=IFCFACEOUTERBOUND(#8686,.T.);
#8688=IFCFACE((#8687));
#8689=IFCPOLYLOOP((#8433,#8399,#8431));
#8690=IFCFACEOUTERBOUND(#8689,.T.);
#8691=IFCFACE((#8690));
#8692=IFCPOLYLOOP((#8443,#8414,#8415));
#8693=IFCFACEOUTERBOUND(#8692,.T.);
#8694=IFCFACE((#8693));
#8695=IFCPOLYLOOP((#8435,#8402,#8401));
#8696=IFCFACEOUTERBOUND(#8695,.T.);
#8697=IFCFACE((#8696));
#8698=IFCPOLYLOOP((#8437,#8417,#8440));
#8699=IFCFACEOUTERBOUND(#8698,.T.);
#8700=IFCFACE((#8699));
#8701=IFCPOLYLOOP((#8424,#8434,#8432));
#8702=IFCFACEOUTERBOUND(#8701,.T.);
#8703=IFCFACE((#8702));
#8704=IFCPOLYLOOP((#8437,#8416,#8417));
#8705=IFCFACEOUTERBOUND(#8704,.T.);
#8706=IFCFACE((#8705));
#8707=IFCPOLYLOOP((#8400,#8433,#8435));
#8708=IFCFACEOUTERBOUND(#8707,.T.);
#8709=IFCFACE((#8708));
#8710=IFCPOLYLOOP((#8419,#8440,#8418));
#8711=IFCFACEOUTERBOUND(#8710,.T.);
#8712=IFCFACE((#8711));
#8713=IFCPOLYLOOP((#8440,#8419,#8420));
#8714=IFCFACEOUTERBOUND(#8713,.T.);
#8715=IFCFACE((#8714));
#8716=IFCPOLYLOOP((#8441,#8393,#8392));
#8717=IFCFACEOUTERBOUND(#8716,.T.);
#8718=IFCFACE((#8717));
#8719=IFCPOLYLOOP((#8443,#8445,#8429));
#8720=IFCFACEOUTERBOUND(#8719,.T.);
#8721=IFCFACE((#8720));
#8722=IFCPOLYLOOP((#8444,#8392,#8391));
#8723=IFCFACEOUTERBOUND(#8722,.T.);
#8724=IFCFACE((#8723));
#8725=IFCPOLYLOOP((#8428,#8441,#8449));
#8726=IFCFACEOUTERBOUND(#8725,.T.);
#8727=IFCFACE((#8726));
#8728=IFCPOLYLOOP((#8444,#8390,#8429));
#8729=IFCFACEOUTERBOUND(#8728,.T.);
#8730=IFCFACE((#8729));
#8731=IFCPOLYLOOP((#8431,#8439,#8428,#8465));
#8732=IFCFACEOUTERBOUND(#8731,.T.);
#8733=IFCFACE((#8732));
#8734=IFCPOLYLOOP((#8468,#8466,#8461));
#8735=IFCFACEOUTERBOUND(#8734,.T.);
#8736=IFCFACE((#8735));
#8737=IFCPOLYLOOP((#8467,#8414,#8429));
#8738=IFCFACEOUTERBOUND(#8737,.T.);
#8739=IFCFACE((#8738));
#8740=IFCPOLYLOOP((#8412,#8411,#8464));
#8741=IFCFACEOUTERBOUND(#8740,.T.);
#8742=IFCFACE((#8741));
#8743=IFCPOLYLOOP((#8466,#8464,#8461));
#8744=IFCFACEOUTERBOUND(#8743,.T.);
#8745=IFCFACE((#8744));
#8746=IFCPOLYLOOP((#8467,#8462,#8459));
#8747=IFCFACEOUTERBOUND(#8746,.T.);
#8748=IFCFACE((#8747));
#8749=IFCPOLYLOOP((#8464,#8466,#8412));
#8750=IFCFACEOUTERBOUND(#8749,.T.);
#8751=IFCFACE((#8750));
#8752=IFCPOLYLOOP((#8468,#8461,#8469));
#8753=IFCFACEOUTERBOUND(#8752,.T.);
#8754=IFCFACE((#8753));
#8755=IFCPOLYLOOP((#8412,#8466,#8413));
#8756=IFCFACEOUTERBOUND(#8755,.T.);
#8757=IFCFACE((#8756));
#8758=IFCPOLYLOOP((#8468,#8467,#8429));
#8759=IFCFACEOUTERBOUND(#8758,.T.);
#8760=IFCFACE((#8759));
#8761=IFCPOLYLOOP((#8462,#8468,#8469));
#8762=IFCFACEOUTERBOUND(#8761,.T.);
#8763=IFCFACE((#8762));
#8764=IFCPOLYLOOP((#8460,#8414,#8467));
#8765=IFCFACEOUTERBOUND(#8764,.T.);
#8766=IFCFACE((#8765));
#8767=IFCPOLYLOOP((#8403,#8402,#8435));
#8768=IFCFACEOUTERBOUND(#8767,.T.);
#8769=IFCFACE((#8768));
#8770=IFCPOLYLOOP((#8463,#8462,#8427));
#8771=IFCFACEOUTERBOUND(#8770,.T.);
#8772=IFCFACE((#8771));
#8773=IFCPOLYLOOP((#8463,#8427,#8447));
#8774=IFCFACEOUTERBOUND(#8773,.T.);
#8775=IFCFACE((#8774));
#8776=IFCPOLYLOOP((#8433,#8431,#8405));
#8777=IFCFACEOUTERBOUND(#8776,.T.);
#8778=IFCFACE((#8777));
#8779=IFCPOLYLOOP((#8407,#8465,#8408));
#8780=IFCFACEOUTERBOUND(#8779,.T.);
#8781=IFCFACE((#8780));
#8782=IFCPOLYLOOP((#8448,#8427,#8462));
#8783=IFCFACEOUTERBOUND(#8782,.T.);
#8784=IFCFACE((#8783));
#8785=IFCPOLYLOOP((#8406,#8405,#8431));
#8786=IFCFACEOUTERBOUND(#8785,.T.);
#8787=IFCFACE((#8786));
#8788=IFCPOLYLOOP((#8431,#8407,#8406));
#8789=IFCFACEOUTERBOUND(#8788,.T.);
#8790=IFCFACE((#8789));
#8791=IFCPOLYLOOP((#8428,#8449,#8464));
#8792=IFCFACEOUTERBOUND(#8791,.T.);
#8793=IFCFACE((#8792));
#8794=IFCPOLYLOOP((#8447,#8454,#8455));
#8795=IFCFACEOUTERBOUND(#8794,.T.);
#8796=IFCFACE((#8795));
#8797=IFCPOLYLOOP((#8431,#8465,#8407));
#8798=IFCFACEOUTERBOUND(#8797,.T.);
#8799=IFCFACE((#8798));
#8800=IFCPOLYLOOP((#8462,#8467,#8468));
#8801=IFCFACEOUTERBOUND(#8800,.T.);
#8802=IFCFACE((#8801));
#8803=IFCPOLYLOOP((#8466,#8468,#8429));
#8804=IFCFACEOUTERBOUND(#8803,.T.);
#8805=IFCFACE((#8804));
#8806=IFCPOLYLOOP((#8460,#8467,#8459));
#8807=IFCFACEOUTERBOUND(#8806,.T.);
#8808=IFCFACE((#8807));
#8809=IFCPOLYLOOP((#8458,#8459,#8462));
#8810=IFCFACEOUTERBOUND(#8809,.T.);
#8811=IFCFACE((#8810));
#8812=IFCPOLYLOOP((#8405,#8404,#8433));
#8813=IFCFACEOUTERBOUND(#8812,.T.);
#8814=IFCFACE((#8813));
#8815=IFCPOLYLOOP((#8462,#8469,#8448));
#8816=IFCFACEOUTERBOUND(#8815,.T.);
#8817=IFCFACE((#8816));
#8818=IFCPOLYLOOP((#8466,#8390,#8413));
#8819=IFCFACEOUTERBOUND(#8818,.T.);
#8820=IFCFACE((#8819));
#8821=IFCPOLYLOOP((#8432,#8452,#8430));
#8822=IFCFACEOUTERBOUND(#8821,.T.);
#8823=IFCFACE((#8822));
#8824=IFCPOLYLOOP((#8457,#8463,#8456));
#8825=IFCFACEOUTERBOUND(#8824,.T.);
#8826=IFCFACE((#8825));
#8827=IFCPOLYLOOP((#8451,#8432,#8434));
#8828=IFCFACEOUTERBOUND(#8827,.T.);
#8829=IFCFACE((#8828));
#8830=IFCPOLYLOOP((#8404,#8435,#8433));
#8831=IFCFACEOUTERBOUND(#8830,.T.);
#8832=IFCFACE((#8831));
#8833=IFCPOLYLOOP((#8457,#8458,#8463));
#8834=IFCFACEOUTERBOUND(#8833,.T.);
#8835=IFCFACE((#8834));
#8836=IFCPOLYLOOP((#8434,#8426,#8450));
#8837=IFCFACEOUTERBOUND(#8836,.T.);
#8838=IFCFACE((#8837));
#8839=IFCPOLYLOOP((#8463,#8455,#8456));
#8840=IFCFACEOUTERBOUND(#8839,.T.);
#8841=IFCFACE((#8840));
#8842=IFCPOLYLOOP((#8461,#8449,#8469));
#8843=IFCFACEOUTERBOUND(#8842,.T.);
#8844=IFCFACE((#8843));
#8845=IFCPOLYLOOP((#8469,#8449,#8436,#8448));
#8846=IFCFACEOUTERBOUND(#8845,.T.);
#8847=IFCFACE((#8846));
#8848=IFCPOLYLOOP((#8430,#8452,#8453));
#8849=IFCFACEOUTERBOUND(#8848,.T.);
#8850=IFCFACE((#8849));
#8851=IFCPOLYLOOP((#8453,#8454,#8430));
#8852=IFCFACEOUTERBOUND(#8851,.T.);
#8853=IFCFACE((#8852));
#8854=IFCPOLYLOOP((#8409,#8465,#8410));
#8855=IFCFACEOUTERBOUND(#8854,.T.);
#8856=IFCFACE((#8855));
#8857=IFCPOLYLOOP((#8430,#8454,#8447));
#8858=IFCFACEOUTERBOUND(#8857,.T.);
#8859=IFCFACE((#8858));
#8860=IFCPOLYLOOP((#8434,#8450,#8451));
#8861=IFCFACEOUTERBOUND(#8860,.T.);
#8862=IFCFACE((#8861));
#8863=IFCPOLYLOOP((#8449,#8461,#8464));
#8864=IFCFACEOUTERBOUND(#8863,.T.);
#8865=IFCFACE((#8864));
#8866=IFCPOLYLOOP((#8463,#8447,#8455));
#8867=IFCFACEOUTERBOUND(#8866,.T.);
#8868=IFCFACE((#8867));
#8869=IFCPOLYLOOP((#8409,#8408,#8465));
#8870=IFCFACEOUTERBOUND(#8869,.T.);
#8871=IFCFACE((#8870));
#8872=IFCPOLYLOOP((#8462,#8463,#8458));
#8873=IFCFACEOUTERBOUND(#8872,.T.);
#8874=IFCFACE((#8873));
#8875=IFCPOLYLOOP((#8452,#8432,#8451));
#8876=IFCFACEOUTERBOUND(#8875,.T.);
#8877=IFCFACE((#8876));
#8878=IFCPOLYLOOP((#8403,#8435,#8404));
#8879=IFCFACEOUTERBOUND(#8878,.T.);
#8880=IFCFACE((#8879));
#8881=IFCPOLYLOOP((#8464,#8465,#8428));
#8882=IFCFACEOUTERBOUND(#8881,.T.);
#8883=IFCFACE((#8882));
#8884=IFCPOLYLOOP((#8464,#8411,#8410));
#8885=IFCFACEOUTERBOUND(#8884,.T.);
#8886=IFCFACE((#8885));
#8887=IFCPOLYLOOP((#8466,#8429,#8390));
#8888=IFCFACEOUTERBOUND(#8887,.T.);
#8889=IFCFACE((#8888));
#8890=IFCPOLYLOOP((#8465,#8464,#8410));
#8891=IFCFACEOUTERBOUND(#8890,.T.);
#8892=IFCFACE((#8891));
#8893=IFCPOLYLOOP((#8475,#8476,#8477,#8478,#8479,#8480,#8481,#8482,#8483,#8484,#8485,#8486,#8487,#8488,#8489,#8490,#8491,#8492,#8493,#8470,#8471,#8472,#8473,#8474));
#8894=IFCFACEOUTERBOUND(#8893,.T.);
#8895=IFCFACE((#8894));
#8896=IFCPOLYLOOP((#8470,#8426,#8425,#8471));
#8897=IFCFACEOUTERBOUND(#8896,.T.);
#8898=IFCFACE((#8897));
#8899=IFCPOLYLOOP((#8471,#8425,#8424,#8472));
#8900=IFCFACEOUTERBOUND(#8899,.T.);
#8901=IFCFACE((#8900));
#8902=IFCPOLYLOOP((#8473,#8423,#8422,#8474));
#8903=IFCFACEOUTERBOUND(#8902,.T.);
#8904=IFCFACE((#8903));
#8905=IFCPOLYLOOP((#8472,#8424,#8423,#8473));
#8906=IFCFACEOUTERBOUND(#8905,.T.);
#8907=IFCFACE((#8906));
#8908=IFCPOLYLOOP((#8474,#8422,#8421,#8475));
#8909=IFCFACEOUTERBOUND(#8908,.T.);
#8910=IFCFACE((#8909));
#8911=IFCPOLYLOOP((#8420,#8476,#8475,#8421));
#8912=IFCFACEOUTERBOUND(#8911,.T.);
#8913=IFCFACE((#8912));
#8914=IFCPOLYLOOP((#8418,#8417,#8479,#8478));
#8915=IFCFACEOUTERBOUND(#8914,.T.);
#8916=IFCFACE((#8915));
#8917=IFCPOLYLOOP((#8419,#8418,#8478,#8477));
#8918=IFCFACEOUTERBOUND(#8917,.T.);
#8919=IFCFACE((#8918));
#8920=IFCPOLYLOOP((#8415,#8414,#8482,#8481));
#8921=IFCFACEOUTERBOUND(#8920,.T.);
#8922=IFCFACE((#8921));
#8923=IFCPOLYLOOP((#8416,#8415,#8481,#8480));
#8924=IFCFACEOUTERBOUND(#8923,.T.);
#8925=IFCFACE((#8924));
#8926=IFCPOLYLOOP((#8417,#8416,#8480,#8479));
#8927=IFCFACEOUTERBOUND(#8926,.T.);
#8928=IFCFACE((#8927));
#8929=IFCPOLYLOOP((#8477,#8476,#8420,#8419));
#8930=IFCFACEOUTERBOUND(#8929,.T.);
#8931=IFCFACE((#8930));
#8932=IFCPOLYLOOP((#8483,#8482,#8414,#8460));
#8933=IFCFACEOUTERBOUND(#8932,.T.);
#8934=IFCFACE((#8933));
#8935=IFCPOLYLOOP((#8483,#8460,#8459,#8484));
#8936=IFCFACEOUTERBOUND(#8935,.T.);
#8937=IFCFACE((#8936));
#8938=IFCPOLYLOOP((#8457,#8456,#8487,#8486));
#8939=IFCFACEOUTERBOUND(#8938,.T.);
#8940=IFCFACE((#8939));
#8941=IFCPOLYLOOP((#8458,#8457,#8486,#8485));
#8942=IFCFACEOUTERBOUND(#8941,.T.);
#8943=IFCFACE((#8942));
#8944=IFCPOLYLOOP((#8485,#8484,#8459,#8458));
#8945=IFCFACEOUTERBOUND(#8944,.T.);
#8946=IFCFACE((#8945));
#8947=IFCPOLYLOOP((#8455,#8488,#8487,#8456));
#8948=IFCFACEOUTERBOUND(#8947,.T.);
#8949=IFCFACE((#8948));
#8950=IFCPOLYLOOP((#8452,#8491,#8490,#8453));
#8951=IFCFACEOUTERBOUND(#8950,.T.);
#8952=IFCFACE((#8951));
#8953=IFCPOLYLOOP((#8453,#8490,#8489,#8454));
#8954=IFCFACEOUTERBOUND(#8953,.T.);
#8955=IFCFACE((#8954));
#8956=IFCPOLYLOOP((#8426,#8470,#8493,#8450));
#8957=IFCFACEOUTERBOUND(#8956,.T.);
#8958=IFCFACE((#8957));
#8959=IFCPOLYLOOP((#8451,#8450,#8493,#8492));
#8960=IFCFACEOUTERBOUND(#8959,.T.);
#8961=IFCFACE((#8960));
#8962=IFCPOLYLOOP((#8452,#8451,#8492,#8491));
#8963=IFCFACEOUTERBOUND(#8962,.T.);
#8964=IFCFACE((#8963));
#8965=IFCPOLYLOOP((#8455,#8454,#8489,#8488));
#8966=IFCFACEOUTERBOUND(#8965,.T.);
#8967=IFCFACE((#8966));
#8968=IFCCARTESIANPOINT((92.5093749999857,122.,1000.));
#8969=IFCCARTESIANPOINT((93.5316002113137,122.,992.235428646925));
#8970=IFCCARTESIANPOINT((96.5286128864526,122.,985.));
#8971=IFCCARTESIANPOINT((101.296171564389,122.,978.786796564404));
#8972=IFCCARTESIANPOINT((107.509374999986,122.,974.019237886467));
#8973=IFCCARTESIANPOINT((114.74480364691,122.,971.022225211328));
#8974=IFCCARTESIANPOINT((122.509374999986,122.,970.));
#8975=IFCCARTESIANPOINT((130.273946353061,122.,971.022225211328));
#8976=IFCCARTESIANPOINT((137.509374999986,122.,974.019237886467));
#8977=IFCCARTESIANPOINT((143.722578435582,122.,978.786796564404));
#8978=IFCCARTESIANPOINT((148.490137113519,122.,985.));
#8979=IFCCARTESIANPOINT((151.487149788658,122.,992.235428646925));
#8980=IFCCARTESIANPOINT((152.509374999986,122.,1000.));
#8981=IFCCARTESIANPOINT((151.487149788658,122.,1007.76457135308));
#8982=IFCCARTESIANPOINT((148.490137113519,122.,1015.));
#8983=IFCCARTESIANPOINT((143.722578435582,122.,1021.2132034356));
#8984=IFCCARTESIANPOINT((137.509374999986,122.,1025.98076211353));
#8985=IFCCARTESIANPOINT((130.273946353061,122.,1028.97777478867));
#8986=IFCCARTESIANPOINT((122.509374999986,122.,1030.));
#8987=IFCCARTESIANPOINT((114.74480364691,122.,1028.97777478867));
#8988=IFCCARTESIANPOINT((107.509374999986,122.,1025.98076211353));
#8989=IFCCARTESIANPOINT((101.296171564389,122.,1021.2132034356));
#8990=IFCCARTESIANPOINT((96.5286128864525,122.,1015.));
#8991=IFCCARTESIANPOINT((93.5316002113137,122.,1007.76457135308));
#8992=IFCCARTESIANPOINT((92.5093749999857,130.,1000.));
#8993=IFCCARTESIANPOINT((93.5316002113137,130.,1007.76457135308));
#8994=IFCCARTESIANPOINT((96.5286128864525,130.,1015.));
#8995=IFCCARTESIANPOINT((101.296171564389,130.,1021.2132034356));
#8996=IFCCARTESIANPOINT((107.509374999986,130.,1025.98076211353));
#8997=IFCCARTESIANPOINT((114.74480364691,130.,1028.97777478867));
#8998=IFCCARTESIANPOINT((122.509374999986,130.,1030.));
#8999=IFCCARTESIANPOINT((130.273946353061,130.,1028.97777478867));
#9000=IFCCARTESIANPOINT((137.509374999986,130.,1025.98076211353));
#9001=IFCCARTESIANPOINT((143.722578435582,130.,1021.2132034356));
#9002=IFCCARTESIANPOINT((148.490137113519,130.,1015.));
#9003=IFCCARTESIANPOINT((151.487149788658,130.,1007.76457135308));
#9004=IFCCARTESIANPOINT((152.509374999986,130.,1000.));
#9005=IFCCARTESIANPOINT((151.487149788658,130.,992.235428646925));
#9006=IFCCARTESIANPOINT((148.490137113519,130.,985.));
#9007=IFCCARTESIANPOINT((143.722578435582,130.,978.786796564404));
#9008=IFCCARTESIANPOINT((137.509374999986,130.,974.019237886467));
#9009=IFCCARTESIANPOINT((130.273946353061,130.,971.022225211328));
#9010=IFCCARTESIANPOINT((122.509374999986,130.,970.));
#9011=IFCCARTESIANPOINT((114.74480364691,130.,971.022225211328));
#9012=IFCCARTESIANPOINT((107.509374999986,130.,974.019237886467));
#9013=IFCCARTESIANPOINT((101.296171564389,130.,978.786796564404));
#9014=IFCCARTESIANPOINT((96.5286128864526,130.,985.));
#9015=IFCCARTESIANPOINT((93.5316002113137,130.,992.235428646925));
#9016=IFCPOLYLOOP((#8983,#8984,#8985,#8986,#8987,#8988,#8989,#8990,#8991,#8968,#8969,#8970,#8971,#8972,#8973,#8974,#8975,#8976,#8977,#8978,#8979,#8980,#8981,#8982));
#9017=IFCFACEOUTERBOUND(#9016,.T.);
#9018=IFCFACE((#9017));
#9019=IFCPOLYLOOP((#9010,#9011,#9012,#9013,#9014,#9015,#8992,#8993,#8994,#8995,#8996,#8997,#8998,#8999,#9000,#9001,#9002,#9003,#9004,#9005,#9006,#9007,#9008,#9009));
#9020=IFCFACEOUTERBOUND(#9019,.T.);
#9021=IFCFACE((#9020));
#9022=IFCPOLYLOOP((#8992,#8968,#8991,#8993));
#9023=IFCFACEOUTERBOUND(#9022,.T.);
#9024=IFCFACE((#9023));
#9025=IFCPOLYLOOP((#8993,#8991,#8990,#8994));
#9026=IFCFACEOUTERBOUND(#9025,.T.);
#9027=IFCFACE((#9026));
#9028=IFCPOLYLOOP((#8996,#8995,#8989,#8988));
#9029=IFCFACEOUTERBOUND(#9028,.T.);
#9030=IFCFACE((#9029));
#9031=IFCPOLYLOOP((#8989,#8995,#8994,#8990));
#9032=IFCFACEOUTERBOUND(#9031,.T.);
#9033=IFCFACE((#9032));
#9034=IFCPOLYLOOP((#8997,#8996,#8988,#8987));
#9035=IFCFACEOUTERBOUND(#9034,.T.);
#9036=IFCFACE((#9035));
#9037=IFCPOLYLOOP((#8997,#8987,#8986,#8998));
#9038=IFCFACEOUTERBOUND(#9037,.T.);
#9039=IFCFACE((#9038));
#9040=IFCPOLYLOOP((#8998,#8986,#8985,#8999));
#9041=IFCFACEOUTERBOUND(#9040,.T.);
#9042=IFCFACE((#9041));
#9043=IFCPOLYLOOP((#8999,#8985,#8984,#9000));
#9044=IFCFACEOUTERBOUND(#9043,.T.);
#9045=IFCFACE((#9044));
#9046=IFCPOLYLOOP((#9002,#9001,#8983,#8982));
#9047=IFCFACEOUTERBOUND(#9046,.T.);
#9048=IFCFACE((#9047));
#9049=IFCPOLYLOOP((#8983,#9001,#9000,#8984));
#9050=IFCFACEOUTERBOUND(#9049,.T.);
#9051=IFCFACE((#9050));
#9052=IFCPOLYLOOP((#9003,#9002,#8982,#8981));
#9053=IFCFACEOUTERBOUND(#9052,.T.);
#9054=IFCFACE((#9053));
#9055=IFCPOLYLOOP((#9003,#8981,#8980,#9004));
#9056=IFCFACEOUTERBOUND(#9055,.T.);
#9057=IFCFACE((#9056));
#9058=IFCPOLYLOOP((#9004,#8980,#8979,#9005));
#9059=IFCFACEOUTERBOUND(#9058,.T.);
#9060=IFCFACE((#9059));
#9061=IFCPOLYLOOP((#9005,#8979,#8978,#9006));
#9062=IFCFACEOUTERBOUND(#9061,.T.);
#9063=IFCFACE((#9062));
#9064=IFCPOLYLOOP((#9008,#9007,#8977,#8976));
#9065=IFCFACEOUTERBOUND(#9064,.T.);
#9066=IFCFACE((#9065));
#9067=IFCPOLYLOOP((#8977,#9007,#9006,#8978));
#9068=IFCFACEOUTERBOUND(#9067,.T.);
#9069=IFCFACE((#9068));
#9070=IFCPOLYLOOP((#9009,#9008,#8976,#8975));
#9071=IFCFACEOUTERBOUND(#9070,.T.);
#9072=IFCFACE((#9071));
#9073=IFCPOLYLOOP((#9009,#8975,#8974,#9010));
#9074=IFCFACEOUTERBOUND(#9073,.T.);
#9075=IFCFACE((#9074));
#9076=IFCPOLYLOOP((#9010,#8974,#8973,#9011));
#9077=IFCFACEOUTERBOUND(#9076,.T.);
#9078=IFCFACE((#9077));
#9079=IFCPOLYLOOP((#9011,#8973,#8972,#9012));
#9080=IFCFACEOUTERBOUND(#9079,.T.);
#9081=IFCFACE((#9080));
#9082=IFCPOLYLOOP((#9014,#9013,#8971,#8970));
#9083=IFCFACEOUTERBOUND(#9082,.T.);
#9084=IFCFACE((#9083));
#9085=IFCPOLYLOOP((#8971,#9013,#9012,#8972));
#9086=IFCFACEOUTERBOUND(#9085,.T.);
#9087=IFCFACE((#9086));
#9088=IFCPOLYLOOP((#9015,#9014,#8970,#8969));
#9089=IFCFACEOUTERBOUND(#9088,.T.);
#9090=IFCFACE((#9089));
#9091=IFCPOLYLOOP((#9015,#8969,#8968,#8992));
#9092=IFCFACEOUTERBOUND(#9091,.T.);
#9093=IFCFACE((#9092));
#9094=IFCCARTESIANPOINT((115.009374999986,183.,1000.));
#9095=IFCCARTESIANPOINT((115.350116737095,183.,997.411809548975));
#9096=IFCCARTESIANPOINT((116.349120962141,183.,995.));
#9097=IFCCARTESIANPOINT((117.93830718812,183.,992.928932188135));
#9098=IFCCARTESIANPOINT((120.009374999986,183.,991.339745962156));
#9099=IFCCARTESIANPOINT((122.42118454896,183.,990.340741737109));
#9100=IFCCARTESIANPOINT((125.009374999986,183.,990.));
#9101=IFCCARTESIANPOINT((127.597565451011,183.,990.340741737109));
#9102=IFCCARTESIANPOINT((130.009374999986,183.,991.339745962155));
#9103=IFCCARTESIANPOINT((132.080442811851,183.,992.928932188134));
#9104=IFCCARTESIANPOINT((133.66962903783,183.,995.));
#9105=IFCCARTESIANPOINT((134.668633262876,183.,997.411809548974));
#9106=IFCCARTESIANPOINT((135.009374999986,183.,1000.));
#9107=IFCCARTESIANPOINT((134.668633262876,183.,1002.58819045103));
#9108=IFCCARTESIANPOINT((133.66962903783,183.,1005.));
#9109=IFCCARTESIANPOINT((132.080442811851,183.,1007.07106781187));
#9110=IFCCARTESIANPOINT((130.009374999986,183.,1008.66025403784));
#9111=IFCCARTESIANPOINT((127.597565451011,183.,1009.65925826289));
#9112=IFCCARTESIANPOINT((125.009374999986,183.,1010.));
#9113=IFCCARTESIANPOINT((122.421184548961,183.,1009.65925826289));
#9114=IFCCARTESIANPOINT((120.009374999986,183.,1008.66025403784));
#9115=IFCCARTESIANPOINT((117.93830718812,183.,1007.07106781187));
#9116=IFCCARTESIANPOINT((116.349120962141,183.,1005.));
#9117=IFCCARTESIANPOINT((115.350116737095,183.,1002.58819045103));
#9118=IFCCARTESIANPOINT((115.009374999986,213.,1000.));
#9119=IFCCARTESIANPOINT((115.350116737095,213.,997.411809548975));
#9120=IFCCARTESIANPOINT((116.349120962141,213.,995.));
#9121=IFCCARTESIANPOINT((117.93830718812,213.,992.928932188135));
#9122=IFCCARTESIANPOINT((120.009374999986,213.,991.339745962156));
#9123=IFCCARTESIANPOINT((122.42118454896,213.,990.340741737109));
#9124=IFCCARTESIANPOINT((125.009374999986,213.,990.));
#9125=IFCCARTESIANPOINT((127.597565451011,213.,990.340741737109));
#9126=IFCCARTESIANPOINT((130.009374999986,213.,991.339745962155));
#9127=IFCCARTESIANPOINT((132.080442811851,213.,992.928932188134));
#9128=IFCCARTESIANPOINT((133.66962903783,213.,995.));
#9129=IFCCARTESIANPOINT((134.668633262876,213.,997.411809548974));
#9130=IFCCARTESIANPOINT((135.009374999986,213.,1000.));
#9131=IFCCARTESIANPOINT((134.668633262876,213.,1002.58819045103));
#9132=IFCCARTESIANPOINT((133.66962903783,213.,1005.));
#9133=IFCCARTESIANPOINT((132.080442811851,213.,1007.07106781187));
#9134=IFCCARTESIANPOINT((130.009374999986,213.,1008.66025403784));
#9135=IFCCARTESIANPOINT((127.597565451011,213.,1009.65925826289));
#9136=IFCCARTESIANPOINT((125.009374999986,213.,1010.));
#9137=IFCCARTESIANPOINT((122.421184548961,213.,1009.65925826289));
#9138=IFCCARTESIANPOINT((120.009374999986,213.,1008.66025403784));
#9139=IFCCARTESIANPOINT((117.93830718812,213.,1007.07106781187));
#9140=IFCCARTESIANPOINT((116.349120962141,213.,1005.));
#9141=IFCCARTESIANPOINT((115.350116737095,213.,1002.58819045103));
#9142=IFCCARTESIANPOINT((140.009374999993,218.,1000.));
#9143=IFCCARTESIANPOINT((136.473841094055,216.535533905942,1000.));
#9144=IFCCARTESIANPOINT((118.358739905376,225.500000000008,1000.));
#9145=IFCCARTESIANPOINT((127.509374999989,234.650635094622,1000.));
#9146=IFCCARTESIANPOINT((140.009374999993,238.,1000.));
#9147=IFCCARTESIANPOINT((140.009374999993,237.659258262902,997.411809548975));
#9148=IFCCARTESIANPOINT((140.009374999993,236.660254037856,995.));
#9149=IFCCARTESIANPOINT((140.009374999993,235.071067811877,992.928932188134));
#9150=IFCCARTESIANPOINT((140.009374999993,233.,991.339745962155));
#9151=IFCCARTESIANPOINT((140.009374999993,230.588190451037,990.340741737109));
#9152=IFCCARTESIANPOINT((140.009374999993,228.,990.));
#9153=IFCCARTESIANPOINT((140.009374999993,225.411809548986,990.340741737109));
#9154=IFCCARTESIANPOINT((140.009374999993,223.,991.339745962155));
#9155=IFCCARTESIANPOINT((140.009374999993,220.928932188146,992.928932188134));
#9156=IFCCARTESIANPOINT((140.009374999993,219.339745962167,995.));
#9157=IFCCARTESIANPOINT((140.009374999993,218.340741737121,997.411809548974));
#9158=IFCCARTESIANPOINT((116.71519254347,219.366197740731,1000.));
#9159=IFCCARTESIANPOINT((133.643177218647,236.294182445643,1000.));
#9160=IFCCARTESIANPOINT((115.862283771728,216.183098870367,1000.));
#9161=IFCCARTESIANPOINT((136.82627610932,237.147091222827,1000.));
#9162=IFCCARTESIANPOINT((115.435829385857,214.591549435186,1000.));
#9163=IFCCARTESIANPOINT((138.417825554656,237.573545611419,1000.));
#9164=IFCCARTESIANPOINT((122.934057452682,230.075317547315,1000.));
#9165=IFCCARTESIANPOINT((130.471703104851,226.752915046704,990.151922655303));
#9166=IFCCARTESIANPOINT((126.25646058812,222.537671169817,990.151922490436));
#9167=IFCCARTESIANPOINT((117.536966224423,222.433098870369,1000.));
#9168=IFCCARTESIANPOINT((132.998757190759,231.670376318301,991.307206842549));
#9169=IFCCARTESIANPOINT((123.974288286306,219.583875587118,990.276218677195));
#9170=IFCCARTESIANPOINT((119.98103725959,218.960135520638,991.923303103072));
#9171=IFCCARTESIANPOINT((135.990917462118,220.376369365488,992.487405404095));
#9172=IFCCARTESIANPOINT((132.633005341928,217.018457615127,992.487405145908));
#9173=IFCCARTESIANPOINT((131.50809206712,221.501282594621,990.453520847801));
#9174=IFCCARTESIANPOINT((125.088865361315,227.671761869541,991.94476265457));
#9175=IFCCARTESIANPOINT((130.576276109318,235.472408770132,1000.));
#9176=IFCCARTESIANPOINT((125.221716226336,232.362976320968,1000.));
#9177=IFCCARTESIANPOINT((120.646398679029,227.787658773661,1000.));
#9178=IFCCARTESIANPOINT((140.009374999993,218.340741737121,1002.58819045102));
#9179=IFCCARTESIANPOINT((140.009374999993,219.339745962167,1005.));
#9180=IFCCARTESIANPOINT((140.009374999993,220.928932188146,1007.07106781187));
#9181=IFCCARTESIANPOINT((140.009374999993,223.,1008.66025403784));
#9182=IFCCARTESIANPOINT((140.009374999993,225.411809548986,1009.65925826289));
#9183=IFCCARTESIANPOINT((140.009374999993,228.,1010.));
#9184=IFCCARTESIANPOINT((140.009374999993,230.588190451037,1009.65925826289));
#9185=IFCCARTESIANPOINT((140.009374999993,233.,1008.66025403784));
#9186=IFCCARTESIANPOINT((140.009374999993,235.071067811877,1007.07106781187));
#9187=IFCCARTESIANPOINT((140.009374999993,236.660254037856,1005.));
#9188=IFCCARTESIANPOINT((140.009374999993,237.659258262902,1002.58819045103));
#9189=IFCCARTESIANPOINT((126.256460588008,222.537671169936,1009.84807750954));
#9190=IFCCARTESIANPOINT((130.471703104392,226.752915046814,1009.84807734463));
#9191=IFCCARTESIANPOINT((132.998757190675,231.670376318337,1008.69279315741));
#9192=IFCCARTESIANPOINT((123.974288286286,219.583875587147,1009.7237813228));
#9193=IFCCARTESIANPOINT((119.981037259583,218.960135520659,1008.07669689692));
#9194=IFCCARTESIANPOINT((132.63300534186,217.018457615169,1007.51259485416));
#9195=IFCCARTESIANPOINT((135.990917462128,220.376369365482,1007.5125945959));
#9196=IFCCARTESIANPOINT((131.508092066728,221.501282594962,1009.54647915236));
#9197=IFCCARTESIANPOINT((125.337612737071,227.920509305756,1008.05523731716));
#9198=IFCCARTESIANPOINT((245.009375,238.,1000.));
#9199=IFCCARTESIANPOINT((245.009375,237.659258262902,1002.58819045102));
#9200=IFCCARTESIANPOINT((245.009375,236.660254037856,1005.));
#9201=IFCCARTESIANPOINT((245.009375,235.071067811877,1007.07106781187));
#9202=IFCCARTESIANPOINT((245.009375,233.,1008.66025403784));
#9203=IFCCARTESIANPOINT((245.009375,230.588190451037,1009.65925826289));
#9204=IFCCARTESIANPOINT((245.009375,228.,1010.));
#9205=IFCCARTESIANPOINT((245.009375,225.411809548986,1009.65925826289));
#9206=IFCCARTESIANPOINT((245.009375,223.,1008.66025403784));
#9207=IFCCARTESIANPOINT((245.009375,220.928932188146,1007.07106781187));
#9208=IFCCARTESIANPOINT((245.009375,219.339745962167,1005.));
#9209=IFCCARTESIANPOINT((245.009375,218.340741737121,1002.58819045102));
#9210=IFCCARTESIANPOINT((245.009375,218.,1000.));
#9211=IFCCARTESIANPOINT((245.009375,218.340741737121,997.411809548974));
#9212=IFCCARTESIANPOINT((245.009375,219.339745962167,995.));
#9213=IFCCARTESIANPOINT((245.009375,220.928932188146,992.928932188134));
#9214=IFCCARTESIANPOINT((245.009375,223.,991.339745962155));
#9215=IFCCARTESIANPOINT((245.009375,225.411809548986,990.340741737109));
#9216=IFCCARTESIANPOINT((245.009375,228.,990.));
#9217=IFCCARTESIANPOINT((245.009375,230.588190451037,990.340741737109));
#9218=IFCCARTESIANPOINT((245.009375,233.,991.339745962155));
#9219=IFCCARTESIANPOINT((245.009375,235.071067811877,992.928932188134));
#9220=IFCCARTESIANPOINT((245.009375,236.660254037856,995.));
#9221=IFCCARTESIANPOINT((245.009375,237.659258262902,997.411809548974));
#9222=IFCPOLYLOOP((#9099,#9100,#9101,#9102,#9103,#9104,#9105,#9106,#9107,#9108,#9109,#9110,#9111,#9112,#9113,#9114,#9115,#9116,#9117,#9094,#9095,#9096,#9097,#9098));
#9223=IFCFACEOUTERBOUND(#9222,.T.);
#9224=IFCFACE((#9223));
#9225=IFCPOLYLOOP((#9119,#9095,#9094,#9118));
#9226=IFCFACEOUTERBOUND(#9225,.T.);
#9227=IFCFACE((#9226));
#9228=IFCPOLYLOOP((#9120,#9096,#9095,#9119));
#9229=IFCFACEOUTERBOUND(#9228,.T.);
#9230=IFCFACE((#9229));
#9231=IFCPOLYLOOP((#9097,#9121,#9122,#9098));
#9232=IFCFACEOUTERBOUND(#9231,.T.);
#9233=IFCFACE((#9232));
#9234=IFCPOLYLOOP((#9120,#9121,#9097,#9096));
#9235=IFCFACEOUTERBOUND(#9234,.T.);
#9236=IFCFACE((#9235));
#9237=IFCPOLYLOOP((#9098,#9122,#9123,#9099));
#9238=IFCFACEOUTERBOUND(#9237,.T.);
#9239=IFCFACE((#9238));
#9240=IFCPOLYLOOP((#9099,#9123,#9124,#9100));
#9241=IFCFACEOUTERBOUND(#9240,.T.);
#9242=IFCFACE((#9241));
#9243=IFCPOLYLOOP((#9126,#9102,#9101,#9125));
#9244=IFCFACEOUTERBOUND(#9243,.T.);
#9245=IFCFACE((#9244));
#9246=IFCPOLYLOOP((#9127,#9103,#9102,#9126));
#9247=IFCFACEOUTERBOUND(#9246,.T.);
#9248=IFCFACE((#9247));
#9249=IFCPOLYLOOP((#9104,#9128,#9129,#9105));
#9250=IFCFACEOUTERBOUND(#9249,.T.);
#9251=IFCFACE((#9250));
#9252=IFCPOLYLOOP((#9127,#9128,#9104,#9103));
#9253=IFCFACEOUTERBOUND(#9252,.T.);
#9254=IFCFACE((#9253));
#9255=IFCPOLYLOOP((#9105,#9129,#9130,#9106));
#9256=IFCFACEOUTERBOUND(#9255,.T.);
#9257=IFCFACE((#9256));
#9258=IFCPOLYLOOP((#9101,#9100,#9124,#9125));
#9259=IFCFACEOUTERBOUND(#9258,.T.);
#9260=IFCFACE((#9259));
#9261=IFCPOLYLOOP((#9131,#9107,#9106,#9130));
#9262=IFCFACEOUTERBOUND(#9261,.T.);
#9263=IFCFACE((#9262));
#9264=IFCPOLYLOOP((#9132,#9108,#9107,#9131));
#9265=IFCFACEOUTERBOUND(#9264,.T.);
#9266=IFCFACE((#9265));
#9267=IFCPOLYLOOP((#9109,#9133,#9134,#9110));
#9268=IFCFACEOUTERBOUND(#9267,.T.);
#9269=IFCFACE((#9268));
#9270=IFCPOLYLOOP((#9132,#9133,#9109,#9108));
#9271=IFCFACEOUTERBOUND(#9270,.T.);
#9272=IFCFACE((#9271));
#9273=IFCPOLYLOOP((#9110,#9134,#9135,#9111));
#9274=IFCFACEOUTERBOUND(#9273,.T.);
#9275=IFCFACE((#9274));
#9276=IFCPOLYLOOP((#9111,#9135,#9136,#9112));
#9277=IFCFACEOUTERBOUND(#9276,.T.);
#9278=IFCFACE((#9277));
#9279=IFCPOLYLOOP((#9138,#9114,#9113,#9137));
#9280=IFCFACEOUTERBOUND(#9279,.T.);
#9281=IFCFACE((#9280));
#9282=IFCPOLYLOOP((#9139,#9115,#9114,#9138));
#9283=IFCFACEOUTERBOUND(#9282,.T.);
#9284=IFCFACE((#9283));
#9285=IFCPOLYLOOP((#9116,#9140,#9141,#9117));
#9286=IFCFACEOUTERBOUND(#9285,.T.);
#9287=IFCFACE((#9286));
#9288=IFCPOLYLOOP((#9139,#9140,#9116,#9115));
#9289=IFCFACEOUTERBOUND(#9288,.T.);
#9290=IFCFACE((#9289));
#9291=IFCPOLYLOOP((#9117,#9141,#9118,#9094));
#9292=IFCFACEOUTERBOUND(#9291,.T.);
#9293=IFCFACE((#9292));
#9294=IFCPOLYLOOP((#9113,#9112,#9136,#9137));
#9295=IFCFACEOUTERBOUND(#9294,.T.);
#9296=IFCFACE((#9295));
#9297=IFCPOLYLOOP((#9119,#9162,#9120));
#9298=IFCFACEOUTERBOUND(#9297,.T.);
#9299=IFCFACE((#9298));
#9300=IFCPOLYLOOP((#9170,#9123,#9158));
#9301=IFCFACEOUTERBOUND(#9300,.T.);
#9302=IFCFACE((#9301));
#9303=IFCPOLYLOOP((#9169,#9166,#9172));
#9304=IFCFACEOUTERBOUND(#9303,.T.);
#9305=IFCFACE((#9304));
#9306=IFCPOLYLOOP((#9158,#9167,#9144,#9170));
#9307=IFCFACEOUTERBOUND(#9306,.T.);
#9308=IFCFACE((#9307));
#9309=IFCPOLYLOOP((#9158,#9122,#9121));
#9310=IFCFACEOUTERBOUND(#9309,.T.);
#9311=IFCFACE((#9310));
#9312=IFCPOLYLOOP((#9120,#9160,#9121));
#9313=IFCFACEOUTERBOUND(#9312,.T.);
#9314=IFCFACE((#9313));
#9315=IFCPOLYLOOP((#9122,#9158,#9123));
#9316=IFCFACEOUTERBOUND(#9315,.T.);
#9317=IFCFACE((#9316));
#9318=IFCPOLYLOOP((#9144,#9169,#9170));
#9319=IFCFACEOUTERBOUND(#9318,.T.);
#9320=IFCFACE((#9319));
#9321=IFCPOLYLOOP((#9170,#9126,#9125));
#9322=IFCFACEOUTERBOUND(#9321,.T.);
#9323=IFCFACE((#9322));
#9324=IFCPOLYLOOP((#9174,#9165,#9173));
#9325=IFCFACEOUTERBOUND(#9324,.T.);
#9326=IFCFACE((#9325));
#9327=IFCPOLYLOOP((#9145,#9168,#9165));
#9328=IFCFACEOUTERBOUND(#9327,.T.);
#9329=IFCFACE((#9328));
#9330=IFCPOLYLOOP((#9170,#9124,#9123));
#9331=IFCFACEOUTERBOUND(#9330,.T.);
#9332=IFCFACE((#9331));
#9333=IFCPOLYLOOP((#9170,#9125,#9124));
#9334=IFCFACEOUTERBOUND(#9333,.T.);
#9335=IFCFACE((#9334));
#9336=IFCPOLYLOOP((#9142,#9143,#9171));
#9337=IFCFACEOUTERBOUND(#9336,.T.);
#9338=IFCFACE((#9337));
#9339=IFCPOLYLOOP((#9126,#9170,#9169));
#9340=IFCFACEOUTERBOUND(#9339,.T.);
#9341=IFCFACE((#9340));
#9342=IFCPOLYLOOP((#9157,#9171,#9156));
#9343=IFCFACEOUTERBOUND(#9342,.T.);
#9344=IFCFACE((#9343));
#9345=IFCPOLYLOOP((#9175,#9159,#9151));
#9346=IFCFACEOUTERBOUND(#9345,.T.);
#9347=IFCFACE((#9346));
#9348=IFCPOLYLOOP((#9119,#9118,#9162));
#9349=IFCFACEOUTERBOUND(#9348,.T.);
#9350=IFCFACE((#9349));
#9351=IFCPOLYLOOP((#9169,#9172,#9128));
#9352=IFCFACEOUTERBOUND(#9351,.T.);
#9353=IFCFACE((#9352));
#9354=IFCPOLYLOOP((#9169,#9127,#9126));
#9355=IFCFACEOUTERBOUND(#9354,.T.);
#9356=IFCFACE((#9355));
#9357=IFCPOLYLOOP((#9166,#9174,#9173));
#9358=IFCFACEOUTERBOUND(#9357,.T.);
#9359=IFCFACE((#9358));
#9360=IFCPOLYLOOP((#9155,#9168,#9154));
#9361=IFCFACEOUTERBOUND(#9360,.T.);
#9362=IFCFACE((#9361));
#9363=IFCPOLYLOOP((#9143,#9172,#9173));
#9364=IFCFACEOUTERBOUND(#9363,.T.);
#9365=IFCFACE((#9364));
#9366=IFCPOLYLOOP((#9166,#9177,#9174));
#9367=IFCFACEOUTERBOUND(#9366,.T.);
#9368=IFCFACE((#9367));
#9369=IFCPOLYLOOP((#9174,#9176,#9165));
#9370=IFCFACEOUTERBOUND(#9369,.T.);
#9371=IFCFACE((#9370));
#9372=IFCPOLYLOOP((#9159,#9150,#9151));
#9373=IFCFACEOUTERBOUND(#9372,.T.);
#9374=IFCFACE((#9373));
#9375=IFCPOLYLOOP((#9172,#9166,#9173));
#9376=IFCFACEOUTERBOUND(#9375,.T.);
#9377=IFCFACE((#9376));
#9378=IFCPOLYLOOP((#9175,#9152,#9168));
#9379=IFCFACEOUTERBOUND(#9378,.T.);
#9380=IFCFACE((#9379));
#9381=IFCPOLYLOOP((#9151,#9152,#9175));
#9382=IFCFACEOUTERBOUND(#9381,.T.);
#9383=IFCFACE((#9382));
#9384=IFCPOLYLOOP((#9161,#9149,#9159));
#9385=IFCFACEOUTERBOUND(#9384,.T.);
#9386=IFCFACE((#9385));
#9387=IFCPOLYLOOP((#9145,#9165,#9176));
#9388=IFCFACEOUTERBOUND(#9387,.T.);
#9389=IFCFACE((#9388));
#9390=IFCPOLYLOOP((#9159,#9149,#9150));
#9391=IFCFACEOUTERBOUND(#9390,.T.);
#9392=IFCFACE((#9391));
#9393=IFCPOLYLOOP((#9168,#9145,#9175));
#9394=IFCFACEOUTERBOUND(#9393,.T.);
#9395=IFCFACE((#9394));
#9396=IFCPOLYLOOP((#9147,#9163,#9146));
#9397=IFCFACEOUTERBOUND(#9396,.T.);
#9398=IFCFACE((#9397));
#9399=IFCPOLYLOOP((#9165,#9171,#9173));
#9400=IFCFACEOUTERBOUND(#9399,.T.);
#9401=IFCFACE((#9400));
#9402=IFCPOLYLOOP((#9169,#9177,#9166));
#9403=IFCFACEOUTERBOUND(#9402,.T.);
#9404=IFCFACE((#9403));
#9405=IFCPOLYLOOP((#9158,#9121,#9160));
#9406=IFCFACEOUTERBOUND(#9405,.T.);
#9407=IFCFACE((#9406));
#9408=IFCPOLYLOOP((#9172,#9130,#9129));
#9409=IFCFACEOUTERBOUND(#9408,.T.);
#9410=IFCFACE((#9409));
#9411=IFCPOLYLOOP((#9164,#9176,#9174,#9177));
#9412=IFCFACEOUTERBOUND(#9411,.T.);
#9413=IFCFACE((#9412));
#9414=IFCPOLYLOOP((#9156,#9171,#9165));
#9415=IFCFACEOUTERBOUND(#9414,.T.);
#9416=IFCFACE((#9415));
#9417=IFCPOLYLOOP((#9161,#9148,#9149));
#9418=IFCFACEOUTERBOUND(#9417,.T.);
#9419=IFCFACE((#9418));
#9420=IFCPOLYLOOP((#9157,#9142,#9171));
#9421=IFCFACEOUTERBOUND(#9420,.T.);
#9422=IFCFACE((#9421));
#9423=IFCPOLYLOOP((#9148,#9163,#9147));
#9424=IFCFACEOUTERBOUND(#9423,.T.);
#9425=IFCFACE((#9424));
#9426=IFCPOLYLOOP((#9168,#9155,#9165));
#9427=IFCFACEOUTERBOUND(#9426,.T.);
#9428=IFCFACE((#9427));
#9429=IFCPOLYLOOP((#9162,#9160,#9120));
#9430=IFCFACEOUTERBOUND(#9429,.T.);
#9431=IFCFACE((#9430));
#9432=IFCPOLYLOOP((#9155,#9156,#9165));
#9433=IFCFACEOUTERBOUND(#9432,.T.);
#9434=IFCFACE((#9433));
#9435=IFCPOLYLOOP((#9161,#9163,#9148));
#9436=IFCFACEOUTERBOUND(#9435,.T.);
#9437=IFCFACE((#9436));
#9438=IFCPOLYLOOP((#9154,#9168,#9153));
#9439=IFCFACEOUTERBOUND(#9438,.T.);
#9440=IFCFACE((#9439));
#9441=IFCPOLYLOOP((#9152,#9153,#9168));
#9442=IFCFACEOUTERBOUND(#9441,.T.);
#9443=IFCFACE((#9442));
#9444=IFCPOLYLOOP((#9128,#9127,#9169));
#9445=IFCFACEOUTERBOUND(#9444,.T.);
#9446=IFCFACE((#9445));
#9447=IFCPOLYLOOP((#9143,#9173,#9171));
#9448=IFCFACEOUTERBOUND(#9447,.T.);
#9449=IFCFACE((#9448));
#9450=IFCPOLYLOOP((#9129,#9128,#9172));
#9451=IFCFACEOUTERBOUND(#9450,.T.);
#9452=IFCFACE((#9451));
#9453=IFCPOLYLOOP((#9177,#9169,#9144));
#9454=IFCFACEOUTERBOUND(#9453,.T.);
#9455=IFCFACE((#9454));
#9456=IFCPOLYLOOP((#9143,#9130,#9172));
#9457=IFCFACEOUTERBOUND(#9456,.T.);
#9458=IFCFACE((#9457));
#9459=IFCPOLYLOOP((#9193,#9144,#9167,#9158));
#9460=IFCFACEOUTERBOUND(#9459,.T.);
#9461=IFCFACE((#9460));
#9462=IFCPOLYLOOP((#9189,#9194,#9196));
#9463=IFCFACEOUTERBOUND(#9462,.T.);
#9464=IFCFACE((#9463));
#9465=IFCPOLYLOOP((#9143,#9142,#9195));
#9466=IFCFACEOUTERBOUND(#9465,.T.);
#9467=IFCFACE((#9466));
#9468=IFCPOLYLOOP((#9192,#9133,#9132));
#9469=IFCFACEOUTERBOUND(#9468,.T.);
#9470=IFCFACE((#9469));
#9471=IFCPOLYLOOP((#9189,#9192,#9194));
#9472=IFCFACEOUTERBOUND(#9471,.T.);
#9473=IFCFACE((#9472));
#9474=IFCPOLYLOOP((#9179,#9190,#9195));
#9475=IFCFACEOUTERBOUND(#9474,.T.);
#9476=IFCFACE((#9475));
#9477=IFCPOLYLOOP((#9132,#9194,#9192));
#9478=IFCFACEOUTERBOUND(#9477,.T.);
#9479=IFCFACE((#9478));
#9480=IFCPOLYLOOP((#9197,#9189,#9196));
#9481=IFCFACEOUTERBOUND(#9480,.T.);
#9482=IFCFACE((#9481));
#9483=IFCPOLYLOOP((#9131,#9194,#9132));
#9484=IFCFACEOUTERBOUND(#9483,.T.);
#9485=IFCFACE((#9484));
#9486=IFCPOLYLOOP((#9143,#9195,#9196));
#9487=IFCFACEOUTERBOUND(#9486,.T.);
#9488=IFCFACE((#9487));
#9489=IFCPOLYLOOP((#9197,#9196,#9190));
#9490=IFCFACEOUTERBOUND(#9489,.T.);
#9491=IFCFACE((#9490));
#9492=IFCPOLYLOOP((#9195,#9142,#9178));
#9493=IFCFACEOUTERBOUND(#9492,.T.);
#9494=IFCFACE((#9493));
#9495=IFCPOLYLOOP((#9162,#9118,#9141));
#9496=IFCFACEOUTERBOUND(#9495,.T.);
#9497=IFCFACE((#9496));
#9498=IFCPOLYLOOP((#9145,#9190,#9191));
#9499=IFCFACEOUTERBOUND(#9498,.T.);
#9500=IFCFACE((#9499));
#9501=IFCPOLYLOOP((#9175,#9145,#9191));
#9502=IFCFACEOUTERBOUND(#9501,.T.);
#9503=IFCFACE((#9502));
#9504=IFCPOLYLOOP((#9139,#9158,#9160));
#9505=IFCFACEOUTERBOUND(#9504,.T.);
#9506=IFCFACE((#9505));
#9507=IFCPOLYLOOP((#9136,#9193,#9137));
#9508=IFCFACEOUTERBOUND(#9507,.T.);
#9509=IFCFACE((#9508));
#9510=IFCPOLYLOOP((#9190,#9145,#9176));
#9511=IFCFACEOUTERBOUND(#9510,.T.);
#9512=IFCFACE((#9511));
#9513=IFCPOLYLOOP((#9158,#9139,#9138));
#9514=IFCFACEOUTERBOUND(#9513,.T.);
#9515=IFCFACE((#9514));
#9516=IFCPOLYLOOP((#9138,#9137,#9158));
#9517=IFCFACEOUTERBOUND(#9516,.T.);
#9518=IFCFACE((#9517));
#9519=IFCPOLYLOOP((#9192,#9177,#9144));
#9520=IFCFACEOUTERBOUND(#9519,.T.);
#9521=IFCFACE((#9520));
#9522=IFCPOLYLOOP((#9183,#9184,#9175));
#9523=IFCFACEOUTERBOUND(#9522,.T.);
#9524=IFCFACE((#9523));
#9525=IFCPOLYLOOP((#9137,#9193,#9158));
#9526=IFCFACEOUTERBOUND(#9525,.T.);
#9527=IFCFACE((#9526));
#9528=IFCPOLYLOOP((#9196,#9195,#9190));
#9529=IFCFACEOUTERBOUND(#9528,.T.);
#9530=IFCFACE((#9529));
#9531=IFCPOLYLOOP((#9143,#9196,#9194));
#9532=IFCFACEOUTERBOUND(#9531,.T.);
#9533=IFCFACE((#9532));
#9534=IFCPOLYLOOP((#9179,#9195,#9178));
#9535=IFCFACEOUTERBOUND(#9534,.T.);
#9536=IFCFACE((#9535));
#9537=IFCPOLYLOOP((#9190,#9179,#9180));
#9538=IFCFACEOUTERBOUND(#9537,.T.);
#9539=IFCFACE((#9538));
#9540=IFCPOLYLOOP((#9159,#9186,#9161));
#9541=IFCFACEOUTERBOUND(#9540,.T.);
#9542=IFCFACE((#9541));
#9543=IFCPOLYLOOP((#9176,#9197,#9190));
#9544=IFCFACEOUTERBOUND(#9543,.T.);
#9545=IFCFACE((#9544));
#9546=IFCPOLYLOOP((#9131,#9130,#9194));
#9547=IFCFACEOUTERBOUND(#9546,.T.);
#9548=IFCFACE((#9547));
#9549=IFCPOLYLOOP((#9160,#9140,#9139));
#9550=IFCFACEOUTERBOUND(#9549,.T.);
#9551=IFCFACE((#9550));
#9552=IFCPOLYLOOP((#9182,#9191,#9181));
#9553=IFCFACEOUTERBOUND(#9552,.T.);
#9554=IFCFACE((#9553));
#9555=IFCPOLYLOOP((#9160,#9162,#9140));
#9556=IFCFACEOUTERBOUND(#9555,.T.);
#9557=IFCFACE((#9556));
#9558=IFCPOLYLOOP((#9163,#9161,#9187));
#9559=IFCFACEOUTERBOUND(#9558,.T.);
#9560=IFCFACE((#9559));
#9561=IFCPOLYLOOP((#9191,#9180,#9181));
#9562=IFCFACEOUTERBOUND(#9561,.T.);
#9563=IFCFACE((#9562));
#9564=IFCPOLYLOOP((#9140,#9162,#9141));
#9565=IFCFACEOUTERBOUND(#9564,.T.);
#9566=IFCFACE((#9565));
#9567=IFCPOLYLOOP((#9182,#9183,#9191));
#9568=IFCFACEOUTERBOUND(#9567,.T.);
#9569=IFCFACE((#9568));
#9570=IFCPOLYLOOP((#9197,#9177,#9189));
#9571=IFCFACEOUTERBOUND(#9570,.T.);
#9572=IFCFACE((#9571));
#9573=IFCPOLYLOOP((#9164,#9177,#9197,#9176));
#9574=IFCFACEOUTERBOUND(#9573,.T.);
#9575=IFCFACE((#9574));
#9576=IFCPOLYLOOP((#9185,#9186,#9159));
#9577=IFCFACEOUTERBOUND(#9576,.T.);
#9578=IFCFACE((#9577));
#9579=IFCPOLYLOOP((#9159,#9184,#9185));
#9580=IFCFACEOUTERBOUND(#9579,.T.);
#9581=IFCFACE((#9580));
#9582=IFCPOLYLOOP((#9134,#9193,#9135));
#9583=IFCFACEOUTERBOUND(#9582,.T.);
#9584=IFCFACE((#9583));
#9585=IFCPOLYLOOP((#9175,#9184,#9159));
#9586=IFCFACEOUTERBOUND(#9585,.T.);
#9587=IFCFACE((#9586));
#9588=IFCPOLYLOOP((#9187,#9188,#9163));
#9589=IFCFACEOUTERBOUND(#9588,.T.);
#9590=IFCFACE((#9589));
#9591=IFCPOLYLOOP((#9192,#9189,#9177));
#9592=IFCFACEOUTERBOUND(#9591,.T.);
#9593=IFCFACE((#9592));
#9594=IFCPOLYLOOP((#9183,#9175,#9191));
#9595=IFCFACEOUTERBOUND(#9594,.T.);
#9596=IFCFACE((#9595));
#9597=IFCPOLYLOOP((#9193,#9136,#9135));
#9598=IFCFACEOUTERBOUND(#9597,.T.);
#9599=IFCFACE((#9598));
#9600=IFCPOLYLOOP((#9180,#9191,#9190));
#9601=IFCFACEOUTERBOUND(#9600,.T.);
#9602=IFCFACE((#9601));
#9603=IFCPOLYLOOP((#9187,#9161,#9186));
#9604=IFCFACEOUTERBOUND(#9603,.T.);
#9605=IFCFACE((#9604));
#9606=IFCPOLYLOOP((#9188,#9146,#9163));
#9607=IFCFACEOUTERBOUND(#9606,.T.);
#9608=IFCFACE((#9607));
#9609=IFCPOLYLOOP((#9144,#9193,#9192));
#9610=IFCFACEOUTERBOUND(#9609,.T.);
#9611=IFCFACE((#9610));
#9612=IFCPOLYLOOP((#9134,#9133,#9192));
#9613=IFCFACEOUTERBOUND(#9612,.T.);
#9614=IFCFACE((#9613));
#9615=IFCPOLYLOOP((#9130,#9143,#9194));
#9616=IFCFACEOUTERBOUND(#9615,.T.);
#9617=IFCFACE((#9616));
#9618=IFCPOLYLOOP((#9134,#9192,#9193));
#9619=IFCFACEOUTERBOUND(#9618,.T.);
#9620=IFCFACE((#9619));
#9621=IFCPOLYLOOP((#9219,#9220,#9221,#9198,#9199,#9200,#9201,#9202,#9203,#9204,#9205,#9206,#9207,#9208,#9209,#9210,#9211,#9212,#9213,#9214,#9215,#9216,#9217,#9218));
#9622=IFCFACEOUTERBOUND(#9621,.T.);
#9623=IFCFACE((#9622));
#9624=IFCPOLYLOOP((#9221,#9147,#9146,#9198));
#9625=IFCFACEOUTERBOUND(#9624,.T.);
#9626=IFCFACE((#9625));
#9627=IFCPOLYLOOP((#9220,#9148,#9147,#9221));
#9628=IFCFACEOUTERBOUND(#9627,.T.);
#9629=IFCFACE((#9628));
#9630=IFCPOLYLOOP((#9218,#9150,#9149,#9219));
#9631=IFCFACEOUTERBOUND(#9630,.T.);
#9632=IFCFACE((#9631));
#9633=IFCPOLYLOOP((#9219,#9149,#9148,#9220));
#9634=IFCFACEOUTERBOUND(#9633,.T.);
#9635=IFCFACE((#9634));
#9636=IFCPOLYLOOP((#9217,#9151,#9150,#9218));
#9637=IFCFACEOUTERBOUND(#9636,.T.);
#9638=IFCFACE((#9637));
#9639=IFCPOLYLOOP((#9151,#9217,#9216,#9152));
#9640=IFCFACEOUTERBOUND(#9639,.T.);
#9641=IFCFACE((#9640));
#9642=IFCPOLYLOOP((#9214,#9213,#9155,#9154));
#9643=IFCFACEOUTERBOUND(#9642,.T.);
#9644=IFCFACE((#9643));
#9645=IFCPOLYLOOP((#9215,#9214,#9154,#9153));
#9646=IFCFACEOUTERBOUND(#9645,.T.);
#9647=IFCFACE((#9646));
#9648=IFCPOLYLOOP((#9211,#9210,#9142,#9157));
#9649=IFCFACEOUTERBOUND(#9648,.T.);
#9650=IFCFACE((#9649));
#9651=IFCPOLYLOOP((#9212,#9211,#9157,#9156));
#9652=IFCFACEOUTERBOUND(#9651,.T.);
#9653=IFCFACE((#9652));
#9654=IFCPOLYLOOP((#9213,#9212,#9156,#9155));
#9655=IFCFACEOUTERBOUND(#9654,.T.);
#9656=IFCFACE((#9655));
#9657=IFCPOLYLOOP((#9153,#9152,#9216,#9215));
#9658=IFCFACEOUTERBOUND(#9657,.T.);
#9659=IFCFACE((#9658));
#9660=IFCPOLYLOOP((#9142,#9210,#9209,#9178));
#9661=IFCFACEOUTERBOUND(#9660,.T.);
#9662=IFCFACE((#9661));
#9663=IFCPOLYLOOP((#9208,#9179,#9178,#9209));
#9664=IFCFACEOUTERBOUND(#9663,.T.);
#9665=IFCFACE((#9664));
#9666=IFCPOLYLOOP((#9206,#9205,#9182,#9181));
#9667=IFCFACEOUTERBOUND(#9666,.T.);
#9668=IFCFACE((#9667));
#9669=IFCPOLYLOOP((#9207,#9206,#9181,#9180));
#9670=IFCFACEOUTERBOUND(#9669,.T.);
#9671=IFCFACE((#9670));
#9672=IFCPOLYLOOP((#9179,#9208,#9207,#9180));
#9673=IFCFACEOUTERBOUND(#9672,.T.);
#9674=IFCFACE((#9673));
#9675=IFCPOLYLOOP((#9182,#9205,#9204,#9183));
#9676=IFCFACEOUTERBOUND(#9675,.T.);
#9677=IFCFACE((#9676));
#9678=IFCPOLYLOOP((#9202,#9201,#9186,#9185));
#9679=IFCFACEOUTERBOUND(#9678,.T.);
#9680=IFCFACE((#9679));
#9681=IFCPOLYLOOP((#9203,#9202,#9185,#9184));
#9682=IFCFACEOUTERBOUND(#9681,.T.);
#9683=IFCFACE((#9682));
#9684=IFCPOLYLOOP((#9199,#9198,#9146,#9188));
#9685=IFCFACEOUTERBOUND(#9684,.T.);
#9686=IFCFACE((#9685));
#9687=IFCPOLYLOOP((#9200,#9199,#9188,#9187));
#9688=IFCFACEOUTERBOUND(#9687,.T.);
#9689=IFCFACE((#9688));
#9690=IFCPOLYLOOP((#9201,#9200,#9187,#9186));
#9691=IFCFACEOUTERBOUND(#9690,.T.);
#9692=IFCFACE((#9691));
#9693=IFCPOLYLOOP((#9203,#9184,#9183,#9204));
#9694=IFCFACEOUTERBOUND(#9693,.T.);
#9695=IFCFACE((#9694));
#9696=IFCCARTESIANPOINT((92.5093749999858,183.,1000.));
#9697=IFCCARTESIANPOINT((93.5316002113137,183.,1007.76457135308));
#9698=IFCCARTESIANPOINT((96.5286128864525,183.,1015.));
#9699=IFCCARTESIANPOINT((101.296171564389,183.,1021.2132034356));
#9700=IFCCARTESIANPOINT((107.509374999986,183.,1025.98076211353));
#9701=IFCCARTESIANPOINT((114.74480364691,183.,1028.97777478867));
#9702=IFCCARTESIANPOINT((122.509374999986,183.,1030.));
#9703=IFCCARTESIANPOINT((130.273946353061,183.,1028.97777478867));
#9704=IFCCARTESIANPOINT((137.509374999986,183.,1025.98076211353));
#9705=IFCCARTESIANPOINT((143.722578435582,183.,1021.2132034356));
#9706=IFCCARTESIANPOINT((148.490137113519,183.,1015.));
#9707=IFCCARTESIANPOINT((151.487149788658,183.,1007.76457135308));
#9708=IFCCARTESIANPOINT((152.509374999986,183.,1000.));
#9709=IFCCARTESIANPOINT((151.487149788658,183.,992.235428646925));
#9710=IFCCARTESIANPOINT((148.490137113519,183.,985.));
#9711=IFCCARTESIANPOINT((143.722578435582,183.,978.786796564404));
#9712=IFCCARTESIANPOINT((137.509374999986,183.,974.019237886467));
#9713=IFCCARTESIANPOINT((130.273946353061,183.,971.022225211328));
#9714=IFCCARTESIANPOINT((122.509374999986,183.,970.));
#9715=IFCCARTESIANPOINT((114.74480364691,183.,971.022225211328));
#9716=IFCCARTESIANPOINT((107.509374999986,183.,974.019237886467));
#9717=IFCCARTESIANPOINT((101.296171564389,183.,978.786796564404));
#9718=IFCCARTESIANPOINT((96.5286128864527,183.,985.));
#9719=IFCCARTESIANPOINT((93.5316002113137,183.,992.235428646925));
#9720=IFCCARTESIANPOINT((92.5093749999858,175.,1000.));
#9721=IFCCARTESIANPOINT((93.5316002113137,175.,992.235428646925));
#9722=IFCCARTESIANPOINT((96.5286128864527,175.,985.));
#9723=IFCCARTESIANPOINT((101.296171564389,175.,978.786796564404));
#9724=IFCCARTESIANPOINT((107.509374999986,175.,974.019237886467));
#9725=IFCCARTESIANPOINT((114.74480364691,175.,971.022225211328));
#9726=IFCCARTESIANPOINT((122.509374999986,175.,970.));
#9727=IFCCARTESIANPOINT((130.273946353061,175.,971.022225211328));
#9728=IFCCARTESIANPOINT((137.509374999986,175.,974.019237886467));
#9729=IFCCARTESIANPOINT((143.722578435582,175.,978.786796564404));
#9730=IFCCARTESIANPOINT((148.490137113519,175.,985.));
#9731=IFCCARTESIANPOINT((151.487149788658,175.,992.235428646925));
#9732=IFCCARTESIANPOINT((152.509374999986,175.,1000.));
#9733=IFCCARTESIANPOINT((151.487149788658,175.,1007.76457135308));
#9734=IFCCARTESIANPOINT((148.490137113519,175.,1015.));
#9735=IFCCARTESIANPOINT((143.722578435582,175.,1021.2132034356));
#9736=IFCCARTESIANPOINT((137.509374999986,175.,1025.98076211353));
#9737=IFCCARTESIANPOINT((130.273946353061,175.,1028.97777478867));
#9738=IFCCARTESIANPOINT((122.509374999986,175.,1030.));
#9739=IFCCARTESIANPOINT((114.74480364691,175.,1028.97777478867));
#9740=IFCCARTESIANPOINT((107.509374999986,175.,1025.98076211353));
#9741=IFCCARTESIANPOINT((101.296171564389,175.,1021.2132034356));
#9742=IFCCARTESIANPOINT((96.5286128864525,175.,1015.));
#9743=IFCCARTESIANPOINT((93.5316002113137,175.,1007.76457135308));
#9744=IFCPOLYLOOP((#9703,#9704,#9705,#9706,#9707,#9708,#9709,#9710,#9711,#9712,#9713,#9714,#9715,#9716,#9717,#9718,#9719,#9696,#9697,#9698,#9699,#9700,#9701,#9702));
#9745=IFCFACEOUTERBOUND(#9744,.T.);
#9746=IFCFACE((#9745));
#9747=IFCPOLYLOOP((#9727,#9728,#9729,#9730,#9731,#9732,#9733,#9734,#9735,#9736,#9737,#9738,#9739,#9740,#9741,#9742,#9743,#9720,#9721,#9722,#9723,#9724,#9725,#9726));
#9748=IFCFACEOUTERBOUND(#9747,.T.);
#9749=IFCFACE((#9748));
#9750=IFCPOLYLOOP((#9743,#9697,#9696,#9720));
#9751=IFCFACEOUTERBOUND(#9750,.T.);
#9752=IFCFACE((#9751));
#9753=IFCPOLYLOOP((#9742,#9698,#9697,#9743));
#9754=IFCFACEOUTERBOUND(#9753,.T.);
#9755=IFCFACE((#9754));
#9756=IFCPOLYLOOP((#9700,#9699,#9741,#9740));
#9757=IFCFACEOUTERBOUND(#9756,.T.);
#9758=IFCFACE((#9757));
#9759=IFCPOLYLOOP((#9742,#9741,#9699,#9698));
#9760=IFCFACEOUTERBOUND(#9759,.T.);
#9761=IFCFACE((#9760));
#9762=IFCPOLYLOOP((#9701,#9700,#9740,#9739));
#9763=IFCFACEOUTERBOUND(#9762,.T.);
#9764=IFCFACE((#9763));
#9765=IFCPOLYLOOP((#9702,#9701,#9739,#9738));
#9766=IFCFACEOUTERBOUND(#9765,.T.);
#9767=IFCFACE((#9766));
#9768=IFCPOLYLOOP((#9737,#9703,#9702,#9738));
#9769=IFCFACEOUTERBOUND(#9768,.T.);
#9770=IFCFACE((#9769));
#9771=IFCPOLYLOOP((#9736,#9704,#9703,#9737));
#9772=IFCFACEOUTERBOUND(#9771,.T.);
#9773=IFCFACE((#9772));
#9774=IFCPOLYLOOP((#9706,#9705,#9735,#9734));
#9775=IFCFACEOUTERBOUND(#9774,.T.);
#9776=IFCFACE((#9775));
#9777=IFCPOLYLOOP((#9736,#9735,#9705,#9704));
#9778=IFCFACEOUTERBOUND(#9777,.T.);
#9779=IFCFACE((#9778));
#9780=IFCPOLYLOOP((#9707,#9706,#9734,#9733));
#9781=IFCFACEOUTERBOUND(#9780,.T.);
#9782=IFCFACE((#9781));
#9783=IFCPOLYLOOP((#9708,#9707,#9733,#9732));
#9784=IFCFACEOUTERBOUND(#9783,.T.);
#9785=IFCFACE((#9784));
#9786=IFCPOLYLOOP((#9731,#9709,#9708,#9732));
#9787=IFCFACEOUTERBOUND(#9786,.T.);
#9788=IFCFACE((#9787));
#9789=IFCPOLYLOOP((#9730,#9710,#9709,#9731));
#9790=IFCFACEOUTERBOUND(#9789,.T.);
#9791=IFCFACE((#9790));
#9792=IFCPOLYLOOP((#9712,#9711,#9729,#9728));
#9793=IFCFACEOUTERBOUND(#9792,.T.);
#9794=IFCFACE((#9793));
#9795=IFCPOLYLOOP((#9730,#9729,#9711,#9710));
#9796=IFCFACEOUTERBOUND(#9795,.T.);
#9797=IFCFACE((#9796));
#9798=IFCPOLYLOOP((#9713,#9712,#9728,#9727));
#9799=IFCFACEOUTERBOUND(#9798,.T.);
#9800=IFCFACE((#9799));
#9801=IFCPOLYLOOP((#9714,#9713,#9727,#9726));
#9802=IFCFACEOUTERBOUND(#9801,.T.);
#9803=IFCFACE((#9802));
#9804=IFCPOLYLOOP((#9725,#9715,#9714,#9726));
#9805=IFCFACEOUTERBOUND(#9804,.T.);
#9806=IFCFACE((#9805));
#9807=IFCPOLYLOOP((#9724,#9716,#9715,#9725));
#9808=IFCFACEOUTERBOUND(#9807,.T.);
#9809=IFCFACE((#9808));
#9810=IFCPOLYLOOP((#9718,#9717,#9723,#9722));
#9811=IFCFACEOUTERBOUND(#9810,.T.);
#9812=IFCFACE((#9811));
#9813=IFCPOLYLOOP((#9724,#9723,#9717,#9716));
#9814=IFCFACEOUTERBOUND(#9813,.T.);
#9815=IFCFACE((#9814));
#9816=IFCPOLYLOOP((#9719,#9718,#9722,#9721));
#9817=IFCFACEOUTERBOUND(#9816,.T.);
#9818=IFCFACE((#9817));
#9819=IFCPOLYLOOP((#9696,#9719,#9721,#9720));
#9820=IFCFACEOUTERBOUND(#9819,.T.);
#9821=IFCFACE((#9820));
#9822=IFCCARTESIANPOINT((50.,130.,2000.));
#9823=IFCCARTESIANPOINT((50.,130.,0.));
#9824=IFCCARTESIANPOINT((800.,130.,0.));
#9825=IFCCARTESIANPOINT((800.,130.,2000.));
#9826=IFCCARTESIANPOINT((202.399999999992,130.,1847.6));
#9827=IFCCARTESIANPOINT((329.399999999992,130.,1847.6));
#9828=IFCCARTESIANPOINT((329.399999999992,130.,1212.6));
#9829=IFCCARTESIANPOINT((202.399999999992,130.,1212.6));
#9830=IFCPOLYLOOP((#9822,#9823,#9824,#9825));
#9831=IFCFACEOUTERBOUND(#9830,.T.);
#9832=IFCPOLYLOOP((#9826,#9827,#9828,#9829));
#9833=IFCFACEBOUND(#9832,.T.);
#9834=IFCFACE((#9831,#9833));
#9835=IFCCARTESIANPOINT((50.,175.,2000.));
#9836=IFCCARTESIANPOINT((800.,175.,2000.));
#9837=IFCCARTESIANPOINT((800.,175.,0.));
#9838=IFCCARTESIANPOINT((50.,175.,0.));
#9839=IFCCARTESIANPOINT((202.399999999992,175.,1847.6));
#9840=IFCCARTESIANPOINT((202.399999999992,175.,1212.6));
#9841=IFCCARTESIANPOINT((329.399999999992,175.,1212.6));
#9842=IFCCARTESIANPOINT((329.399999999992,175.,1847.6));
#9843=IFCPOLYLOOP((#9835,#9836,#9837,#9838));
#9844=IFCFACEOUTERBOUND(#9843,.T.);
#9845=IFCPOLYLOOP((#9839,#9840,#9841,#9842));
#9846=IFCFACEBOUND(#9845,.T.);
#9847=IFCFACE((#9844,#9846));
#9848=IFCPOLYLOOP((#9823,#9822,#9835,#9838));
#9849=IFCFACEOUTERBOUND(#9848,.T.);
#9850=IFCFACE((#9849));
#9851=IFCPOLYLOOP((#9824,#9823,#9838,#9837));
#9852=IFCFACEOUTERBOUND(#9851,.T.);
#9853=IFCFACE((#9852));
#9854=IFCPOLYLOOP((#9825,#9824,#9837,#9836));
#9855=IFCFACEOUTERBOUND(#9854,.T.);
#9856=IFCFACE((#9855));
#9857=IFCPOLYLOOP((#9822,#9825,#9836,#9835));
#9858=IFCFACEOUTERBOUND(#9857,.T.);
#9859=IFCFACE((#9858));
#9860=IFCPOLYLOOP((#9827,#9826,#9839,#9842));
#9861=IFCFACEOUTERBOUND(#9860,.T.);
#9862=IFCFACE((#9861));
#9863=IFCPOLYLOOP((#9828,#9827,#9842,#9841));
#9864=IFCFACEOUTERBOUND(#9863,.T.);
#9865=IFCFACE((#9864));
#9866=IFCPOLYLOOP((#9829,#9828,#9841,#9840));
#9867=IFCFACEOUTERBOUND(#9866,.T.);
#9868=IFCFACE((#9867));
#9869=IFCPOLYLOOP((#9826,#9829,#9840,#9839));
#9870=IFCFACEOUTERBOUND(#9869,.T.);
#9871=IFCFACE((#9870));
#9872=IFCCARTESIANPOINT((800.,125.237500000005,0.));
#9873=IFCCARTESIANPOINT((800.,175.,0.));
#9874=IFCCARTESIANPOINT((850.,175.,0.));
#9875=IFCCARTESIANPOINT((850.,25.,0.));
#9876=IFCCARTESIANPOINT((800.,25.,0.));
#9877=IFCCARTESIANPOINT((800.,74.2125000000046,0.));
#9878=IFCCARTESIANPOINT((784.125,74.2125000000046,0.));
#9879=IFCCARTESIANPOINT((784.125,125.237500000005,0.));
#9880=IFCPOLYLOOP((#9872,#9873,#9874,#9875,#9876,#9877,#9878,#9879));
#9881=IFCFACEOUTERBOUND(#9880,.T.);
#9882=IFCFACE((#9881));
#9883=IFCCARTESIANPOINT((800.,125.237500000005,2000.));
#9884=IFCCARTESIANPOINT((800.,175.,2000.));
#9885=IFCPOLYLOOP((#9873,#9872,#9883,#9884));
#9886=IFCFACEOUTERBOUND(#9885,.T.);
#9887=IFCFACE((#9886));
#9888=IFCCARTESIANPOINT((50.,175.,2000.));
#9889=IFCCARTESIANPOINT((50.,175.,0.));
#9890=IFCCARTESIANPOINT((0.,175.,0.));
#9891=IFCCARTESIANPOINT((0.,175.,2100.));
#9892=IFCCARTESIANPOINT((850.,175.,2100.));
#9893=IFCPOLYLOOP((#9874,#9873,#9884,#9888,#9889,#9890,#9891,#9892));
#9894=IFCFACEOUTERBOUND(#9893,.T.);
#9895=IFCFACE((#9894));
#9896=IFCCARTESIANPOINT((850.,25.,2100.));
#9897=IFCPOLYLOOP((#9875,#9874,#9892,#9896));
#9898=IFCFACEOUTERBOUND(#9897,.T.);
#9899=IFCFACE((#9898));
#9900=IFCCARTESIANPOINT((0.,25.,2100.));
#9901=IFCCARTESIANPOINT((0.,25.,0.));
#9902=IFCCARTESIANPOINT((50.,25.,0.));
#9903=IFCCARTESIANPOINT((50.,25.,2000.));
#9904=IFCCARTESIANPOINT((800.,25.,2000.));
#9905=IFCPOLYLOOP((#9876,#9875,#9896,#9900,#9901,#9902,#9903,#9904));
#9906=IFCFACEOUTERBOUND(#9905,.T.);
#9907=IFCFACE((#9906));
#9908=IFCCARTESIANPOINT((800.,74.2125000000046,2000.));
#9909=IFCPOLYLOOP((#9877,#9876,#9904,#9908));
#9910=IFCFACEOUTERBOUND(#9909,.T.);
#9911=IFCFACE((#9910));
#9912=IFCCARTESIANPOINT((50.,74.2125000000046,2000.));
#9913=IFCCARTESIANPOINT((50.,74.2125000000046,0.));
#9914=IFCCARTESIANPOINT((65.8749999999999,74.2125000000046,0.));
#9915=IFCCARTESIANPOINT((65.8749999999997,74.2125000000046,1984.125));
#9916=IFCCARTESIANPOINT((784.125,74.2125000000046,1984.125));
#9917=IFCPOLYLOOP((#9878,#9877,#9908,#9912,#9913,#9914,#9915,#9916));
#9918=IFCFACEOUTERBOUND(#9917,.T.);
#9919=IFCFACE((#9918));
#9920=IFCCARTESIANPOINT((784.125,125.237500000005,1984.125));
#9921=IFCPOLYLOOP((#9879,#9878,#9916,#9920));
#9922=IFCFACEOUTERBOUND(#9921,.T.);
#9923=IFCFACE((#9922));
#9924=IFCCARTESIANPOINT((65.8749999999999,125.237500000005,1984.125));
#9925=IFCCARTESIANPOINT((65.8749999999999,125.237500000005,0.));
#9926=IFCCARTESIANPOINT((50.,125.237500000005,0.));
#9927=IFCCARTESIANPOINT((50.,125.237500000005,2000.));
#9928=IFCPOLYLOOP((#9872,#9879,#9920,#9924,#9925,#9926,#9927,#9883));
#9929=IFCFACEOUTERBOUND(#9928,.T.);
#9930=IFCFACE((#9929));
#9931=IFCPOLYLOOP((#9884,#9883,#9927,#9888));
#9932=IFCFACEOUTERBOUND(#9931,.T.);
#9933=IFCFACE((#9932));
#9934=IFCPOLYLOOP((#9904,#9903,#9912,#9908));
#9935=IFCFACEOUTERBOUND(#9934,.T.);
#9936=IFCFACE((#9935));
#9937=IFCPOLYLOOP((#9916,#9915,#9924,#9920));
#9938=IFCFACEOUTERBOUND(#9937,.T.);
#9939=IFCFACE((#9938));
#9940=IFCPOLYLOOP((#9890,#9889,#9926,#9925,#9914,#9913,#9902,#9901));
#9941=IFCFACEOUTERBOUND(#9940,.T.);
#9942=IFCFACE((#9941));
#9943=IFCPOLYLOOP((#9889,#9888,#9927,#9926));
#9944=IFCFACEOUTERBOUND(#9943,.T.);
#9945=IFCFACE((#9944));
#9946=IFCPOLYLOOP((#9891,#9890,#9901,#9900));
#9947=IFCFACEOUTERBOUND(#9946,.T.);
#9948=IFCFACE((#9947));
#9949=IFCPOLYLOOP((#9903,#9902,#9913,#9912));
#9950=IFCFACEOUTERBOUND(#9949,.T.);
#9951=IFCFACE((#9950));
#9952=IFCPOLYLOOP((#9915,#9914,#9925,#9924));
#9953=IFCFACEOUTERBOUND(#9952,.T.);
#9954=IFCFACE((#9953));
#9955=IFCPOLYLOOP((#9896,#9892,#9891,#9900));
#9956=IFCFACEOUTERBOUND(#9955,.T.);
#9957=IFCFACE((#9956));
#9958=IFCCARTESIANPOINT((202.399999999991,150.,1847.6));
#9959=IFCCARTESIANPOINT((202.399999999991,150.,1212.6));
#9960=IFCCARTESIANPOINT((329.399999999991,150.,1212.6));
#9961=IFCCARTESIANPOINT((329.399999999991,150.,1847.6));
#9962=IFCPOLYLOOP((#9958,#9959,#9960,#9961));
#9963=IFCFACEOUTERBOUND(#9962,.T.);
#9964=IFCFACE((#9963));
#9965=IFCCARTESIANPOINT((202.399999999991,155.,1847.6));
#9966=IFCCARTESIANPOINT((329.399999999991,155.,1847.6));
#9967=IFCCARTESIANPOINT((329.399999999991,155.,1212.6));
#9968=IFCCARTESIANPOINT((202.399999999991,155.,1212.6));
#9969=IFCPOLYLOOP((#9965,#9966,#9967,#9968));
#9970=IFCFACEOUTERBOUND(#9969,.T.);
#9971=IFCFACE((#9970));
#9972=IFCPOLYLOOP((#9959,#9958,#9965,#9968));
#9973=IFCFACEOUTERBOUND(#9972,.T.);
#9974=IFCFACE((#9973));
#9975=IFCPOLYLOOP((#9960,#9959,#9968,#9967));
#9976=IFCFACEOUTERBOUND(#9975,.T.);
#9977=IFCFACE((#9976));
#9978=IFCPOLYLOOP((#9961,#9960,#9967,#9966));
#9979=IFCFACEOUTERBOUND(#9978,.T.);
#9980=IFCFACE((#9979));
#9981=IFCPOLYLOOP((#9958,#9961,#9966,#9965));
#9982=IFCFACEOUTERBOUND(#9981,.T.);
#9983=IFCFACE((#9982));
#9984=IFCCARTESIANPOINT((202.399999999991,155.,1847.6));
#9985=IFCCARTESIANPOINT((202.399999999991,175.,1847.6));
#9986=IFCCARTESIANPOINT((202.399999999991,175.,1212.6));
#9987=IFCCARTESIANPOINT((202.399999999991,155.,1212.6));
#9988=IFCCARTESIANPOINT((214.399999999991,176.,1835.6));
#9989=IFCCARTESIANPOINT((214.399999999991,155.,1835.6));
#9990=IFCCARTESIANPOINT((214.399999999991,155.,1224.6));
#9991=IFCCARTESIANPOINT((214.399999999991,176.,1224.6));
#9992=IFCCARTESIANPOINT((209.399999999991,181.,1840.6));
#9993=IFCCARTESIANPOINT((212.935533905924,179.535533905937,1837.06446609407));
#9994=IFCCARTESIANPOINT((212.935533905924,179.535533905937,1223.13553390593));
#9995=IFCCARTESIANPOINT((209.399999999991,181.,1219.6));
#9996=IFCCARTESIANPOINT((209.399999999991,181.,1528.2924545563));
#9997=IFCCARTESIANPOINT((209.399999999991,181.,1684.44623477902));
#9998=IFCCARTESIANPOINT((209.399999999991,181.,1375.75376522098));
#9999=IFCCARTESIANPOINT((214.399999999991,176.,1530.09999819546));
#10000=IFCCARTESIANPOINT((214.399999999991,176.,1682.84999909773));
#10001=IFCCARTESIANPOINT((214.399999999991,176.,1377.35000090227));
#10002=IFCCARTESIANPOINT((209.399999999991,181.,1297.67687510961));
#10003=IFCCARTESIANPOINT((214.399999999991,176.,1300.97500225568));
#10004=IFCCARTESIANPOINT((214.399999999991,176.,1263.63844164625));
#10005=IFCCARTESIANPOINT((209.399999999991,181.,1762.52312489039));
#10006=IFCCARTESIANPOINT((214.399999999991,176.,1759.22500135341));
#10007=IFCCARTESIANPOINT((214.399999999991,176.,1721.03749842103));
#10008=IFCCARTESIANPOINT((209.399999999991,181.,1801.56156994607));
#10009=IFCCARTESIANPOINT((214.399999999991,176.,1606.47499684205));
#10010=IFCCARTESIANPOINT((209.399999999991,181.,1606.36934466766));
#10011=IFCCARTESIANPOINT((209.399999999991,181.,1645.40778972334));
#10012=IFCCARTESIANPOINT((209.399999999991,181.,1452.02310988864));
#10013=IFCCARTESIANPOINT((214.399999999991,176.,1453.72499954886));
#10014=IFCCARTESIANPOINT((214.399999999991,176.,1415.53750022557));
#10015=IFCCARTESIANPOINT((209.399999999991,181.,1258.63843005393));
#10016=IFCCARTESIANPOINT((214.399999999991,176.,1797.4125006767));
#10017=IFCCARTESIANPOINT((209.399999999991,181.,1723.48467983471));
#10018=IFCCARTESIANPOINT((209.399999999991,181.,1413.88844505568));
#10019=IFCCARTESIANPOINT((212.881634426114,179.588623931658,1432.95577583171));
#10020=IFCCARTESIANPOINT((212.971353763622,179.499347409879,1402.43539415687));
#10021=IFCCARTESIANPOINT((212.906182086677,179.564644046049,1462.53272088307));
#10022=IFCCARTESIANPOINT((214.399999999991,176.,1491.91249887216));
#10023=IFCCARTESIANPOINT((209.399999999991,181.,1490.1577747216));
#10024=IFCCARTESIANPOINT((213.03392892005,179.434320981502,1282.30672077618));
#10025=IFCCARTESIANPOINT((209.399999999991,181.,1336.71532016529));
#10026=IFCCARTESIANPOINT((212.849910579482,179.619132077384,1313.75377518662));
#10027=IFCCARTESIANPOINT((214.399999999991,176.,1339.16250157897));
#10028=IFCCARTESIANPOINT((213.006078150633,179.463553142583,1253.12313253535));
#10029=IFCCARTESIANPOINT((212.98708348315,179.483221509592,1701.94374511843));
#10030=IFCCARTESIANPOINT((212.900765138417,179.569964067832,1671.45874093531));
#10031=IFCCARTESIANPOINT((214.399999999991,176.,1644.66249977443));
#10032=IFCCARTESIANPOINT((212.93193456611,179.539129585179,1625.56874585576));
#10033=IFCCARTESIANPOINT((212.974893785069,179.495730885729,1731.3567869533));
#10034=IFCCARTESIANPOINT((212.937565451514,179.533501192334,1595.60657122842));
#10035=IFCCARTESIANPOINT((209.399999999991,181.,1567.33089961198));
#10036=IFCCARTESIANPOINT((214.399999999991,176.,1568.28749751876));
#10037=IFCCARTESIANPOINT((212.967058503427,179.503725678917,1549.19374661624));
#10038=IFCCARTESIANPOINT((212.966082130881,179.50471942326,1519.65089302769));
#10039=IFCCARTESIANPOINT((212.987083521732,179.483221469859,1358.25624852339));
#10040=IFCCARTESIANPOINT((213.036352030215,179.431755223253,1778.31874474968));
#10041=IFCCARTESIANPOINT((212.993794771024,179.476296757143,1807.44988031386));
#10042=IFCCARTESIANPOINT((212.937228178472,179.533838821083,1490.49203059576));
#10043=IFCCARTESIANPOINT((194.399999999991,179.,1855.6));
#10044=IFCCARTESIANPOINT((194.985786437618,180.414213562378,1855.01421356237));
#10045=IFCCARTESIANPOINT((196.399999999991,181.,1853.6));
#10046=IFCCARTESIANPOINT((196.399999999991,181.,1206.6));
#10047=IFCCARTESIANPOINT((194.985786437618,180.414213562378,1205.18578643763));
#10048=IFCCARTESIANPOINT((194.399999999991,179.,1204.6));
#10049=IFCCARTESIANPOINT((194.399999999991,179.,1530.09999802966));
#10050=IFCCARTESIANPOINT((194.399999999991,179.,1692.85000098517));
#10051=IFCCARTESIANPOINT((194.399999999991,179.,1367.34999901483));
#10052=IFCCARTESIANPOINT((196.399999999991,181.,1530.1));
#10053=IFCCARTESIANPOINT((196.399999999991,181.,1691.85));
#10054=IFCCARTESIANPOINT((196.399999999991,181.,1368.35));
#10055=IFCCARTESIANPOINT((196.399999999991,181.,1287.475));
#10056=IFCCARTESIANPOINT((194.399999999991,179.,1285.97499753708));
#10057=IFCCARTESIANPOINT((194.399999999991,179.,1326.66249630562));
#10058=IFCCARTESIANPOINT((196.399999999991,181.,1327.9125));
#10059=IFCCARTESIANPOINT((196.399999999991,181.,1772.725));
#10060=IFCCARTESIANPOINT((194.399999999991,179.,1774.22499852225));
#10061=IFCCARTESIANPOINT((194.399999999991,179.,1806.21983874732));
#10062=IFCCARTESIANPOINT((196.399999999991,181.,1813.1625));
#10063=IFCCARTESIANPOINT((196.399999999991,181.,1449.225));
#10064=IFCCARTESIANPOINT((194.399999999991,179.,1448.72500049258));
#10065=IFCCARTESIANPOINT((194.399999999991,179.,1489.41249926112));
#10066=IFCCARTESIANPOINT((196.399999999991,181.,1489.6625));
#10067=IFCCARTESIANPOINT((196.399999999991,181.,1610.975));
#10068=IFCCARTESIANPOINT((194.399999999991,179.,1611.47499950742));
#10069=IFCCARTESIANPOINT((194.399999999991,179.,1652.16250221663));
#10070=IFCCARTESIANPOINT((196.399999999991,181.,1651.4125));
#10071=IFCCARTESIANPOINT((196.399999999991,181.,1247.0375));
#10072=IFCCARTESIANPOINT((194.399999999991,179.,1245.28749876854));
#10073=IFCCARTESIANPOINT((194.399999999991,179.,1265.63124815281));
#10074=IFCCARTESIANPOINT((194.399999999991,179.,1830.90991740332));
#10075=IFCCARTESIANPOINT((196.399999999991,181.,1833.38125));
#10076=IFCCARTESIANPOINT((194.399999999991,179.,1229.290078656));
#10077=IFCCARTESIANPOINT((196.399999999991,181.,1226.81875));
#10078=IFCCARTESIANPOINT((196.399999999991,181.,1732.2875));
#10079=IFCCARTESIANPOINT((194.399999999991,179.,1733.53749975371));
#10080=IFCCARTESIANPOINT((194.399999999991,179.,1753.88124913798));
#10081=IFCCARTESIANPOINT((196.399999999991,181.,1408.7875));
#10082=IFCCARTESIANPOINT((194.399999999991,179.,1408.03750172404));
#10083=IFCCARTESIANPOINT((194.399999999991,179.,1428.38125110831));
#10084=IFCCARTESIANPOINT((194.399999999991,179.,1570.7874967982));
#10085=IFCCARTESIANPOINT((196.399999999991,181.,1570.5375));
#10086=IFCCARTESIANPOINT((196.399999999991,181.,1550.31875));
#10087=IFCCARTESIANPOINT((194.399999999991,179.,1843.25495673132));
#10088=IFCCARTESIANPOINT((194.399999999991,179.,1216.945039328));
#10089=IFCCARTESIANPOINT((196.399999999991,181.,1841.2549612974));
#10090=IFCCARTESIANPOINT((194.942579145641,180.369643914788,1837.31810488398));
#10091=IFCCARTESIANPOINT((196.399999999991,181.,1823.27187680277));
#10092=IFCCARTESIANPOINT((194.399999999991,179.,1818.56487807532));
#10093=IFCCARTESIANPOINT((195.043425708338,180.4695938865,1818.2171864679));
#10094=IFCCARTESIANPOINT((196.399999999991,181.,1218.94503870259));
#10095=IFCCARTESIANPOINT((194.942579104154,180.369643870643,1222.88189465084));
#10096=IFCCARTESIANPOINT((195.067418003552,180.491383660491,1237.15690850574));
#10097=IFCCARTESIANPOINT((196.399999999991,181.,1792.94375));
#10098=IFCCARTESIANPOINT((195.108796177133,180.527348253625,1805.86126949405));
#10099=IFCCARTESIANPOINT((194.399999999991,179.,1790.22241863478));
#10100=IFCCARTESIANPOINT((194.399999999991,179.,1469.06874987685));
#10101=IFCCARTESIANPOINT((196.399999999991,181.,1469.44375));
#10102=IFCCARTESIANPOINT((196.399999999991,181.,1509.88125));
#10103=IFCCARTESIANPOINT((194.399999999991,179.,1509.75624864539));
#10104=IFCCARTESIANPOINT((194.399999999991,179.,1591.13125012315));
#10105=IFCCARTESIANPOINT((196.399999999991,181.,1590.75625));
#10106=IFCCARTESIANPOINT((196.399999999991,181.,1348.13125));
#10107=IFCCARTESIANPOINT((194.399999999991,179.,1347.00624963056));
#10108=IFCCARTESIANPOINT((194.399999999991,179.,1672.5062516009));
#10109=IFCCARTESIANPOINT((196.399999999991,181.,1671.63125));
#10110=IFCCARTESIANPOINT((196.399999999991,181.,1631.19375));
#10111=IFCCARTESIANPOINT((194.399999999991,179.,1631.81874889169));
#10112=IFCCARTESIANPOINT((196.399999999991,181.,1712.06875));
#10113=IFCCARTESIANPOINT((194.399999999991,179.,1713.19375036944));
#10114=IFCCARTESIANPOINT((194.399999999991,179.,1387.6937483991));
#10115=IFCCARTESIANPOINT((196.399999999991,181.,1388.56875));
#10116=IFCCARTESIANPOINT((196.399999999991,181.,1307.69375));
#10117=IFCCARTESIANPOINT((194.399999999991,179.,1306.31874692135));
#10118=IFCCARTESIANPOINT((195.045314327441,180.471335015759,1782.22370806504));
#10119=IFCCARTESIANPOINT((196.399999999991,181.,1803.05312319723));
#10120=IFCCARTESIANPOINT((194.967468436175,180.395655157509,1770.70997003952));
#10121=IFCCARTESIANPOINT((196.399999999991,181.,1752.50625));
#10122=IFCCARTESIANPOINT((196.399999999991,181.,1762.61562319723));
#10123=IFCCARTESIANPOINT((195.012732698228,180.44065590391,1757.56093511259));
#10124=IFCCARTESIANPOINT((194.995891552295,180.424246982486,1742.90246696652));
#10125=IFCCARTESIANPOINT((194.399999999991,179.,1764.05312185978));
#10126=IFCCARTESIANPOINT((194.961101053865,180.389089566172,1793.64173459094));
#10127=IFCCARTESIANPOINT((194.967060760686,180.395236587992,1248.58562736391));
#10128=IFCCARTESIANPOINT((196.399999999991,181.,1267.25625));
#10129=IFCCARTESIANPOINT((196.399999999991,181.,1257.14687680277));
#10130=IFCCARTESIANPOINT((195.016762753681,180.444525777005,1262.20156216493));
#10131=IFCCARTESIANPOINT((194.999545131595,180.427839683437,1276.78016407635));
#10132=IFCCARTESIANPOINT((194.399999999991,179.,1255.45937543101));
#10133=IFCCARTESIANPOINT((196.399999999991,181.,1429.00625));
#10134=IFCCARTESIANPOINT((195.013267914267,180.441171094088,1418.89687383174));
#10135=IFCCARTESIANPOINT((194.399999999991,179.,1550.44374741393));
#10136=IFCCARTESIANPOINT((196.399999999991,181.,1236.92812319723));
#10137=IFCCARTESIANPOINT((194.963904400001,180.391987581734,1458.89687352437));
#10138=IFCCARTESIANPOINT((194.969239386443,180.397470596017,1479.24062340585));
#10139=IFCCARTESIANPOINT((194.985786376054,180.414213500814,1519.99062330435));
#10140=IFCCARTESIANPOINT((194.991380559114,180.419785642552,1499.77187340845));
#10141=IFCCARTESIANPOINT((194.963904394279,180.39198757583,1601.30312271701));
#10142=IFCCARTESIANPOINT((194.996926663036,180.42526671579,1580.64687300152));
#10143=IFCCARTESIANPOINT((195.029145503718,180.456282235715,1358.24062415337));
#10144=IFCCARTESIANPOINT((195.03433117326,180.46114634986,1338.02187426105));
#10145=IFCCARTESIANPOINT((194.943448364892,180.370568252333,1682.6781223323));
#10146=IFCCARTESIANPOINT((195.018613030608,180.446295281342,1661.52187264491));
#10147=IFCCARTESIANPOINT((195.007871200049,180.435958705668,1621.08437281234));
#10148=IFCCARTESIANPOINT((194.95350103663,180.381173685315,1641.99062250873));
#10149=IFCCARTESIANPOINT((195.029145468399,180.456282202468,1701.95937252657));
#10150=IFCCARTESIANPOINT((194.93374066989,180.360177774008,1723.36562223443));
#10151=IFCCARTESIANPOINT((194.943448379675,180.370568268043,1377.52187400312));
#10152=IFCCARTESIANPOINT((194.94843123848,180.375844515422,1397.8656238829));
#10153=IFCCARTESIANPOINT((195.039462096113,180.465925172757,1317.8031243689));
#10154=IFCCARTESIANPOINT((195.044537505,180.47061940171,1297.58437447689));
#10155=IFCCARTESIANPOINT((196.399999999991,181.,1782.83437680277));
#10156=IFCCARTESIANPOINT((194.399999999991,179.,1743.70937641618));
#10157=IFCCARTESIANPOINT((196.399999999991,181.,1742.39687680277));
#10158=IFCCARTESIANPOINT((194.399999999991,179.,1275.80312087461));
#10159=IFCCARTESIANPOINT((196.399999999991,181.,1277.36562319723));
#10160=IFCCARTESIANPOINT((194.958658529619,180.386554999196,1438.55312364345));
#10161=IFCCARTESIANPOINT((196.399999999991,181.,1418.89687680277));
#10162=IFCCARTESIANPOINT((194.399999999991,179.,1418.20937838652));
#10163=IFCCARTESIANPOINT((194.98578636082,180.414213485579,1540.2093732016));
#10164=IFCCARTESIANPOINT((194.974664223101,180.403003180013,1560.61562294024));
#10165=IFCCARTESIANPOINT((194.399999999991,179.,1458.89687715505));
#10166=IFCCARTESIANPOINT((196.399999999991,181.,1459.33437680277));
#10167=IFCCARTESIANPOINT((194.399999999991,179.,1479.24062259865));
#10168=IFCCARTESIANPOINT((196.399999999991,181.,1479.55312319723));
#10169=IFCCARTESIANPOINT((195.083052203691,180.505207129213,1469.0656911756));
#10170=IFCCARTESIANPOINT((196.399999999991,181.,1519.99062319723));
#10171=IFCCARTESIANPOINT((194.399999999991,179.,1519.92812136719));
#10172=IFCCARTESIANPOINT((196.399999999991,181.,1499.77187680277));
#10173=IFCCARTESIANPOINT((195.074857283727,180.497997590634,1489.49616130456));
#10174=IFCCARTESIANPOINT((194.399999999991,179.,1499.58437592359));
#10175=IFCCARTESIANPOINT((194.888645822467,180.309888754854,1509.87835132957));
#10176=IFCCARTESIANPOINT((194.399999999991,179.,1601.30312678562));
#10177=IFCCARTESIANPOINT((196.399999999991,181.,1600.86562319723));
#10178=IFCCARTESIANPOINT((196.399999999991,181.,1580.64687680277));
#10179=IFCCARTESIANPOINT((194.399999999991,179.,1580.95937346067));
#10180=IFCCARTESIANPOINT((194.906653390907,180.330381864409,1590.9626392375));
#10181=IFCCARTESIANPOINT((196.399999999991,181.,1358.24062319723));
#10182=IFCCARTESIANPOINT((194.399999999991,179.,1357.17812629303));
#10183=IFCCARTESIANPOINT((196.399999999991,181.,1338.02187680277));
#10184=IFCCARTESIANPOINT((194.399999999991,179.,1336.83437296809));
#10185=IFCCARTESIANPOINT((194.88797496214,180.30911431316,1348.12755367426));
#10186=IFCCARTESIANPOINT((194.399999999991,179.,1682.6781243227));
#10187=IFCCARTESIANPOINT((196.399999999991,181.,1681.74062319723));
#10188=IFCCARTESIANPOINT((196.399999999991,181.,1661.52187680277));
#10189=IFCCARTESIANPOINT((194.399999999991,179.,1662.3343788791));
#10190=IFCCARTESIANPOINT((194.928678056522,180.354699870333,1672.08083648372));
#10191=IFCCARTESIANPOINT((196.399999999991,181.,1621.08437680277));
#10192=IFCCARTESIANPOINT((194.399999999991,179.,1621.64687222921));
#10193=IFCCARTESIANPOINT((194.399999999991,179.,1641.99062555416));
#10194=IFCCARTESIANPOINT((196.399999999991,181.,1641.30312319723));
#10195=IFCCARTESIANPOINT((195.056954954658,180.481968287859,1631.55728871439));
#10196=IFCCARTESIANPOINT((196.399999999991,181.,1701.95937680277));
#10197=IFCCARTESIANPOINT((194.399999999991,179.,1703.02187764764));
#10198=IFCCARTESIANPOINT((194.399999999991,179.,1723.36562309124));
#10199=IFCCARTESIANPOINT((196.399999999991,181.,1722.17812319723));
#10200=IFCCARTESIANPOINT((195.033047619317,180.459945611652,1712.6859062579));
#10201=IFCCARTESIANPOINT((194.399999999991,179.,1377.52187173663));
#10202=IFCCARTESIANPOINT((196.399999999991,181.,1378.45937680277));
#10203=IFCCARTESIANPOINT((194.399999999991,179.,1397.86562506157));
#10204=IFCCARTESIANPOINT((194.923101935132,180.348618591755,1408.3996873334));
#10205=IFCCARTESIANPOINT((196.399999999991,181.,1398.67812319723));
#10206=IFCCARTESIANPOINT((195.083504348323,180.505602603329,1387.69029936019));
#10207=IFCCARTESIANPOINT((196.399999999991,181.,1317.80312319723));
#10208=IFCCARTESIANPOINT((194.399999999991,179.,1316.49061964315));
#10209=IFCCARTESIANPOINT((194.887404920158,180.308455625719,1327.90871557876));
#10210=IFCCARTESIANPOINT((196.399999999991,181.,1297.58437680277));
#10211=IFCCARTESIANPOINT((195.064196380543,180.488498804259,1287.1735638581));
#10212=IFCCARTESIANPOINT((194.399999999991,179.,1296.14687419955));
#10213=IFCCARTESIANPOINT((194.886728864572,180.307673686635,1307.68988027199));
#10214=IFCCARTESIANPOINT((194.399999999991,179.,1438.55312383011));
#10215=IFCCARTESIANPOINT((194.891942801918,180.31368317617,1448.72692659089));
#10216=IFCCARTESIANPOINT((196.399999999991,181.,1439.11562319723));
#10217=IFCCARTESIANPOINT((196.399999999991,181.,1540.20937680277));
#10218=IFCCARTESIANPOINT((195.09031860833,180.511533874033,1530.09999826374));
#10219=IFCCARTESIANPOINT((194.399999999991,179.,1540.27187469213));
#10220=IFCCARTESIANPOINT((194.399999999991,179.,1560.61562013573));
#10221=IFCCARTESIANPOINT((196.399999999991,181.,1560.42812319723));
#10222=IFCCARTESIANPOINT((195.080817949835,180.503249386682,1550.41791043874));
#10223=IFCCARTESIANPOINT((194.399999999991,175.,1855.6));
#10224=IFCCARTESIANPOINT((194.399999999991,175.,1204.6));
#10225=IFCCARTESIANPOINT((329.399999999991,175.,1212.6));
#10226=IFCCARTESIANPOINT((329.399999999991,155.,1212.6));
#10227=IFCCARTESIANPOINT((317.399999999991,155.,1224.6));
#10228=IFCCARTESIANPOINT((317.399999999991,176.,1224.6));
#10229=IFCCARTESIANPOINT((318.864466094059,179.535533905937,1223.13553390593));
#10230=IFCCARTESIANPOINT((322.399999999991,181.,1219.6));
#10231=IFCCARTESIANPOINT((278.361556038656,176.,1224.6));
#10232=IFCCARTESIANPOINT((265.899999422952,181.,1219.6));
#10233=IFCCARTESIANPOINT((253.438443239226,176.,1224.6));
#10234=IFCCARTESIANPOINT((265.900002405564,179.394798205243,1223.27087798023));
#10235=IFCCARTESIANPOINT((248.438443704453,181.,1219.6));
#10236=IFCCARTESIANPOINT((283.361555141452,181.,1219.6));
#10237=IFCCARTESIANPOINT((239.302021379953,178.993385868698,1223.60495206477));
#10238=IFCCARTESIANPOINT((292.49798178625,178.993385813368,1223.60495210612));
#10239=IFCCARTESIANPOINT((335.399999999991,181.,1206.6));
#10240=IFCCARTESIANPOINT((336.814213562364,180.414213562377,1205.18578643763));
#10241=IFCCARTESIANPOINT((337.399999999992,179.,1204.6));
#10242=IFCCARTESIANPOINT((286.019841054375,181.,1206.6));
#10243=IFCCARTESIANPOINT((265.899999492782,179.,1204.6));
#10244=IFCCARTESIANPOINT((243.780158917636,179.,1204.6));
#10245=IFCCARTESIANPOINT((301.649999239178,179.,1204.6));
#10246=IFCCARTESIANPOINT((241.209921127794,181.,1206.6));
#10247=IFCCARTESIANPOINT((263.614881691695,181.,1206.6));
#10248=IFCCARTESIANPOINT((310.709919926573,181.,1206.6));
#10249=IFCCARTESIANPOINT((219.090079458813,179.,1204.6));
#10250=IFCCARTESIANPOINT((218.804960563893,181.,1206.6));
#10251=IFCCARTESIANPOINT((230.007440845843,181.,1206.6));
#10252=IFCCARTESIANPOINT((312.709920541169,179.,1204.6));
#10253=IFCCARTESIANPOINT((323.054959963282,181.,1206.6));
#10254=IFCCARTESIANPOINT((206.745039222193,179.,1204.6));
#10255=IFCCARTESIANPOINT((231.435119695434,179.,1204.6));
#10256=IFCCARTESIANPOINT((325.054959763371,179.,1204.6));
#10257=IFCCARTESIANPOINT((208.745038835479,181.,1206.6));
#10258=IFCCARTESIANPOINT((213.775000443041,180.407641960754,1205.17924523216));
#10259=IFCCARTESIANPOINT((307.179960585621,180.373367787475,1205.14608771917));
#10260=IFCCARTESIANPOINT((283.77499936598,179.,1204.6));
#10261=IFCCARTESIANPOINT((274.817361973646,181.,1206.6));
#10262=IFCCARTESIANPOINT((293.538561095664,180.393471178017,1205.16534391715));
#10263=IFCCARTESIANPOINT((235.608681341405,180.444891382803,1205.2171446598));
#10264=IFCCARTESIANPOINT((280.418601929922,180.458197937352,1205.23118343979));
#10265=IFCCARTESIANPOINT((248.264933728376,180.478582909595,1205.25322883181));
#10266=IFCCARTESIANPOINT((298.364881091085,181.,1206.6));
#10267=IFCCARTESIANPOINT((224.722645798713,180.240489781945,1205.03118353499));
#10268=IFCCARTESIANPOINT((254.840079205209,179.,1204.6));
#10269=IFCCARTESIANPOINT((260.370040600262,180.368947229446,1205.14192473342));
#10270=IFCCARTESIANPOINT((252.412401409745,181.,1206.6));
#10271=IFCCARTESIANPOINT((325.500098335449,180.427004307942,1205.19869392882));
#10272=IFCCARTESIANPOINT((337.399999999992,175.,1204.6));
#10273=IFCCARTESIANPOINT((329.399999999992,175.,1847.6));
#10274=IFCCARTESIANPOINT((329.399999999991,155.,1847.6));
#10275=IFCCARTESIANPOINT((317.399999999991,155.,1835.6));
#10276=IFCCARTESIANPOINT((317.399999999991,176.,1835.6));
#10277=IFCCARTESIANPOINT((318.864466094059,179.535533905937,1837.06446609407));
#10278=IFCCARTESIANPOINT((322.399999999991,181.,1840.6));
#10279=IFCCARTESIANPOINT((322.399999999991,181.,1531.90754483238));
#10280=IFCCARTESIANPOINT((322.399999999991,181.,1375.75377241619));
#10281=IFCCARTESIANPOINT((322.399999999991,181.,1684.44622758381));
#10282=IFCCARTESIANPOINT((317.399999999991,176.,1530.09999819546));
#10283=IFCCARTESIANPOINT((317.399999999991,176.,1377.35000090227));
#10284=IFCCARTESIANPOINT((317.399999999991,176.,1682.84999909773));
#10285=IFCCARTESIANPOINT((322.399999999991,181.,1762.52310629103));
#10286=IFCCARTESIANPOINT((317.399999999991,176.,1759.22499774432));
#10287=IFCCARTESIANPOINT((317.399999999991,176.,1796.56155658942));
#10288=IFCCARTESIANPOINT((322.399999999991,181.,1297.67689370897));
#10289=IFCCARTESIANPOINT((317.399999999991,176.,1300.97499864659));
#10290=IFCCARTESIANPOINT((317.399999999991,176.,1339.16249977443));
#10291=IFCCARTESIANPOINT((322.399999999991,181.,1258.63844685448));
#10292=IFCCARTESIANPOINT((317.399999999991,176.,1453.72499954886));
#10293=IFCCARTESIANPOINT((322.399999999991,181.,1453.83065112341));
#10294=IFCCARTESIANPOINT((322.399999999991,181.,1414.79221927067));
#10295=IFCCARTESIANPOINT((322.399999999991,181.,1608.17687870722));
#10296=IFCCARTESIANPOINT((317.399999999991,176.,1606.47500045114));
#10297=IFCCARTESIANPOINT((317.399999999991,176.,1644.66250157897));
#10298=IFCCARTESIANPOINT((322.399999999991,181.,1801.56155314552));
#10299=IFCCARTESIANPOINT((317.399999999991,176.,1262.78749751876));
#10300=IFCCARTESIANPOINT((322.399999999991,181.,1336.71532556171));
#10301=IFCCARTESIANPOINT((322.399999999991,181.,1646.31154564465));
#10302=IFCCARTESIANPOINT((318.918365573868,179.588623931658,1627.24422416829));
#10303=IFCCARTESIANPOINT((318.82864623636,179.499347409879,1657.76460584313));
#10304=IFCCARTESIANPOINT((318.893817913305,179.564644046049,1597.66727911693));
#10305=IFCCARTESIANPOINT((317.399999999991,176.,1568.2874993233));
#10306=IFCCARTESIANPOINT((322.399999999991,181.,1570.0422117698));
#10307=IFCCARTESIANPOINT((318.766071079932,179.434320981502,1777.89327922382));
#10308=IFCCARTESIANPOINT((322.399999999991,181.,1723.48467443829));
#10309=IFCCARTESIANPOINT((318.9500894205,179.619132077384,1746.44622481338));
#10310=IFCCARTESIANPOINT((317.399999999991,176.,1721.03749661648));
#10311=IFCCARTESIANPOINT((318.79392184935,179.463553142583,1807.07686746465));
#10312=IFCCARTESIANPOINT((318.812916516833,179.483221509591,1358.25625488157));
#10313=IFCCARTESIANPOINT((318.899234861565,179.569964067832,1388.74125906469));
#10314=IFCCARTESIANPOINT((317.399999999991,176.,1415.53750203011));
#10315=IFCCARTESIANPOINT((318.868065433872,179.539129585178,1434.63125414424));
#10316=IFCCARTESIANPOINT((318.825106214913,179.495730885729,1328.8432130467));
#10317=IFCCARTESIANPOINT((318.862434548469,179.533501192334,1464.59342877158));
#10318=IFCCARTESIANPOINT((322.399999999991,181.,1492.8690979779));
#10319=IFCCARTESIANPOINT((317.399999999991,176.,1491.91249706762));
#10320=IFCCARTESIANPOINT((318.832941496556,179.503725678916,1511.00625338376));
#10321=IFCCARTESIANPOINT((318.833917869101,179.50471942326,1540.54910697231));
#10322=IFCCARTESIANPOINT((318.812916478251,179.483221469859,1701.94375147661));
#10323=IFCCARTESIANPOINT((318.763647969768,179.431755223252,1281.88125525031));
#10324=IFCCARTESIANPOINT((318.806205228958,179.476296757143,1252.75011968614));
#10325=IFCCARTESIANPOINT((318.86277182151,179.533838821083,1569.70796940423));
#10326=IFCCARTESIANPOINT((335.399999999991,181.,1853.6));
#10327=IFCCARTESIANPOINT((336.814213562364,180.414213562377,1855.01421356237));
#10328=IFCCARTESIANPOINT((337.399999999991,179.,1855.6));
#10329=IFCCARTESIANPOINT((337.399999999991,179.,1530.1));
#10330=IFCCARTESIANPOINT((337.399999999991,179.,1367.35));
#10331=IFCCARTESIANPOINT((337.399999999991,179.,1692.85));
#10332=IFCCARTESIANPOINT((335.399999999991,181.,1530.09999819723));
#10333=IFCCARTESIANPOINT((335.399999999991,181.,1368.34999909862));
#10334=IFCCARTESIANPOINT((335.399999999991,181.,1691.84999729585));
#10335=IFCCARTESIANPOINT((335.399999999991,181.,1772.72500045069));
#10336=IFCCARTESIANPOINT((337.399999999991,179.,1774.225));
#10337=IFCCARTESIANPOINT((337.399999999991,179.,1733.5375));
#10338=IFCCARTESIANPOINT((335.399999999991,181.,1732.28749887327));
#10339=IFCCARTESIANPOINT((335.399999999991,181.,1287.47499954931));
#10340=IFCCARTESIANPOINT((337.399999999991,179.,1285.975));
#10341=IFCCARTESIANPOINT((337.399999999991,179.,1253.98016190533));
#10342=IFCCARTESIANPOINT((335.399999999991,181.,1247.03750157742));
#10343=IFCCARTESIANPOINT((335.399999999991,181.,1610.97499774654));
#10344=IFCCARTESIANPOINT((337.399999999991,179.,1611.475));
#10345=IFCCARTESIANPOINT((337.399999999991,179.,1570.7875));
#10346=IFCCARTESIANPOINT((335.399999999991,181.,1570.53749977465));
#10347=IFCCARTESIANPOINT((335.399999999991,181.,1449.22499864793));
#10348=IFCCARTESIANPOINT((337.399999999991,179.,1448.725));
#10349=IFCCARTESIANPOINT((337.399999999991,179.,1408.0375));
#10350=IFCCARTESIANPOINT((335.399999999991,181.,1408.78750067604));
#10351=IFCCARTESIANPOINT((335.399999999991,181.,1813.16250202811));
#10352=IFCCARTESIANPOINT((337.399999999991,179.,1814.9125));
#10353=IFCCARTESIANPOINT((337.399999999991,179.,1794.56875197034));
#10354=IFCCARTESIANPOINT((337.399999999991,179.,1229.29008095267));
#10355=IFCCARTESIANPOINT((335.399999999991,181.,1226.81875078871));
#10356=IFCCARTESIANPOINT((337.399999999991,179.,1830.909922988));
#10357=IFCCARTESIANPOINT((335.399999999991,181.,1833.38125281682));
#10358=IFCCARTESIANPOINT((335.399999999991,181.,1327.9124975212));
#10359=IFCCARTESIANPOINT((337.399999999991,179.,1326.6625));
#10360=IFCCARTESIANPOINT((337.399999999991,179.,1306.31875197034));
#10361=IFCCARTESIANPOINT((335.399999999991,181.,1651.41249571843));
#10362=IFCCARTESIANPOINT((337.399999999991,179.,1652.1625));
#10363=IFCCARTESIANPOINT((337.399999999991,179.,1631.81875197034));
#10364=IFCCARTESIANPOINT((337.399999999991,179.,1489.4125));
#10365=IFCCARTESIANPOINT((335.399999999991,181.,1489.66249661981));
#10366=IFCCARTESIANPOINT((335.399999999991,181.,1509.88124740852));
#10367=IFCCARTESIANPOINT((337.399999999991,179.,1216.945038506));
#10368=IFCCARTESIANPOINT((337.399999999991,179.,1843.254961494));
#10369=IFCCARTESIANPOINT((335.399999999991,181.,1218.94503899354));
#10370=IFCCARTESIANPOINT((336.857420854341,180.369643914788,1222.88189511602));
#10371=IFCCARTESIANPOINT((335.399999999991,181.,1236.92812618307));
#10372=IFCCARTESIANPOINT((337.399999999991,179.,1241.63512339934));
#10373=IFCCARTESIANPOINT((336.756574291645,180.4695938865,1241.9828135321));
#10374=IFCCARTESIANPOINT((335.399999999991,181.,1841.25496100646));
#10375=IFCCARTESIANPOINT((336.857420895828,180.369643870643,1837.31810534916));
#10376=IFCCARTESIANPOINT((336.732581996431,180.49138366049,1823.04309149426));
#10377=IFCCARTESIANPOINT((335.399999999991,181.,1267.25625236613));
#10378=IFCCARTESIANPOINT((336.691203822849,180.527348253624,1254.33873050595));
#10379=IFCCARTESIANPOINT((337.399999999991,179.,1269.97758095267));
#10380=IFCCARTESIANPOINT((337.399999999991,179.,1591.13124802966));
#10381=IFCCARTESIANPOINT((335.399999999991,181.,1590.75625056336));
#10382=IFCCARTESIANPOINT((335.399999999991,181.,1550.31874898594));
#10383=IFCCARTESIANPOINT((337.399999999991,179.,1550.44375197034));
#10384=IFCCARTESIANPOINT((337.399999999991,179.,1469.06875197034));
#10385=IFCCARTESIANPOINT((335.399999999991,181.,1469.4437458311));
#10386=IFCCARTESIANPOINT((335.399999999991,181.,1712.06874808456));
#10387=IFCCARTESIANPOINT((337.399999999991,179.,1713.19375197034));
#10388=IFCCARTESIANPOINT((337.399999999991,179.,1387.69375197034));
#10389=IFCCARTESIANPOINT((335.399999999991,181.,1388.56874988733));
#10390=IFCCARTESIANPOINT((335.399999999991,181.,1429.00625146475));
#10391=IFCCARTESIANPOINT((337.399999999991,179.,1428.38124802966));
#10392=IFCCARTESIANPOINT((335.399999999991,181.,1348.13124830991));
#10393=IFCCARTESIANPOINT((337.399999999991,179.,1347.00624802966));
#10394=IFCCARTESIANPOINT((337.399999999991,179.,1672.50624802966));
#10395=IFCCARTESIANPOINT((335.399999999991,181.,1671.63124650714));
#10396=IFCCARTESIANPOINT((335.399999999991,181.,1752.50624966198));
#10397=IFCCARTESIANPOINT((337.399999999991,179.,1753.88124802966));
#10398=IFCCARTESIANPOINT((336.754685672542,180.471335015759,1277.97629193496));
#10399=IFCCARTESIANPOINT((335.399999999991,181.,1257.14687697178));
#10400=IFCCARTESIANPOINT((336.832531563808,180.395655157509,1289.49002996048));
#10401=IFCCARTESIANPOINT((335.399999999991,181.,1307.69374673249));
#10402=IFCCARTESIANPOINT((335.399999999991,181.,1297.58437133813));
#10403=IFCCARTESIANPOINT((336.787267301755,180.44065590391,1302.63906488741));
#10404=IFCCARTESIANPOINT((336.804108447688,180.424246982485,1317.29753303348));
#10405=IFCCARTESIANPOINT((337.399999999991,179.,1296.14687598517));
#10406=IFCCARTESIANPOINT((336.838898946118,180.389089566172,1266.55826540906));
#10407=IFCCARTESIANPOINT((336.832939239297,180.395236587991,1811.61437263609));
#10408=IFCCARTESIANPOINT((335.399999999991,181.,1792.9437512394));
#10409=IFCCARTESIANPOINT((335.399999999991,181.,1803.05312663376));
#10410=IFCCARTESIANPOINT((336.783237246301,180.444525777005,1797.99843783507));
#10411=IFCCARTESIANPOINT((336.800454868388,180.427839683437,1783.41983592365));
#10412=IFCCARTESIANPOINT((337.399999999991,179.,1804.7406279555));
#10413=IFCCARTESIANPOINT((335.399999999991,181.,1631.19374492972));
#10414=IFCCARTESIANPOINT((336.786732085715,180.441171094088,1641.30312616826));
#10415=IFCCARTESIANPOINT((337.399999999991,179.,1509.75624802966));
#10416=IFCCARTESIANPOINT((335.399999999991,181.,1823.27187742247));
#10417=IFCCARTESIANPOINT((336.836095599981,180.391987581734,1601.30312647563));
#10418=IFCCARTESIANPOINT((336.830760613539,180.397470596017,1580.95937659415));
#10419=IFCCARTESIANPOINT((336.814213623928,180.414213500813,1540.20937669565));
#10420=IFCCARTESIANPOINT((336.808619440868,180.419785642552,1560.42812659155));
#10421=IFCCARTESIANPOINT((336.836095605704,180.39198757583,1458.89687728299));
#10422=IFCCARTESIANPOINT((336.803073336946,180.42526671579,1479.55312699848));
#10423=IFCCARTESIANPOINT((336.770854496265,180.456282235715,1701.95937584663));
#10424=IFCCARTESIANPOINT((336.765668826722,180.461146349859,1722.17812573895));
#10425=IFCCARTESIANPOINT((336.85655163509,180.370568252333,1377.5218776677));
#10426=IFCCARTESIANPOINT((336.781386969374,180.446295281341,1398.67812735509));
#10427=IFCCARTESIANPOINT((336.792128799933,180.435958705668,1439.11562718766));
#10428=IFCCARTESIANPOINT((336.846498963352,180.381173685315,1418.20937749126));
#10429=IFCCARTESIANPOINT((336.770854531583,180.456282202468,1358.24062747343));
#10430=IFCCARTESIANPOINT((336.866259330092,180.360177774007,1336.83437776557));
#10431=IFCCARTESIANPOINT((336.856551620308,180.370568268043,1682.67812599688));
#10432=IFCCARTESIANPOINT((336.851568761503,180.375844515422,1662.3343761171));
#10433=IFCCARTESIANPOINT((336.760537903869,180.465925172757,1742.3968756311));
#10434=IFCCARTESIANPOINT((336.755462494982,180.47061940171,1762.61562552311));
#10435=IFCCARTESIANPOINT((335.399999999991,181.,1277.36562776048));
#10436=IFCCARTESIANPOINT((337.399999999991,179.,1316.4906279555));
#10437=IFCCARTESIANPOINT((335.399999999991,181.,1317.80312212684));
#10438=IFCCARTESIANPOINT((337.399999999991,179.,1784.39687598517));
#10439=IFCCARTESIANPOINT((335.399999999991,181.,1782.83437584505));
#10440=IFCCARTESIANPOINT((336.841341470364,180.386554999196,1621.64687635655));
#10441=IFCCARTESIANPOINT((335.399999999991,181.,1641.30312032408));
#10442=IFCCARTESIANPOINT((337.399999999991,179.,1641.9906279555));
#10443=IFCCARTESIANPOINT((336.814213639163,180.414213485579,1519.9906267984));
#10444=IFCCARTESIANPOINT((336.825335776882,180.403003180013,1499.58437705976));
#10445=IFCCARTESIANPOINT((337.399999999991,179.,1601.30312401483));
#10446=IFCCARTESIANPOINT((335.399999999991,181.,1600.86562595772));
#10447=IFCCARTESIANPOINT((337.399999999991,179.,1580.9593720445));
#10448=IFCCARTESIANPOINT((335.399999999991,181.,1580.64687516901));
#10449=IFCCARTESIANPOINT((336.716947796291,180.505207129213,1591.1343088244));
#10450=IFCCARTESIANPOINT((335.399999999991,181.,1540.20937359159));
#10451=IFCCARTESIANPOINT((337.399999999991,179.,1540.27187598517));
#10452=IFCCARTESIANPOINT((335.399999999991,181.,1560.4281243803));
#10453=IFCCARTESIANPOINT((336.725142716255,180.497997590634,1570.70383869544));
#10454=IFCCARTESIANPOINT((337.399999999991,179.,1560.6156279555));
#10455=IFCCARTESIANPOINT((336.911354177515,180.309888754854,1550.32164867043));
#10456=IFCCARTESIANPOINT((337.399999999991,179.,1458.89687598517));
#10457=IFCCARTESIANPOINT((335.399999999991,181.,1459.33437043675));
#10458=IFCCARTESIANPOINT((335.399999999991,181.,1479.55312122546));
#10459=IFCCARTESIANPOINT((337.399999999991,179.,1479.2406279555));
#10460=IFCCARTESIANPOINT((336.893346609075,180.330381864409,1469.2373607625));
#10461=IFCCARTESIANPOINT((335.399999999991,181.,1701.95937269021));
#10462=IFCCARTESIANPOINT((337.399999999991,179.,1703.02187598517));
#10463=IFCCARTESIANPOINT((335.399999999991,181.,1722.17812347892));
#10464=IFCCARTESIANPOINT((337.399999999991,179.,1723.3656279555));
#10465=IFCCARTESIANPOINT((336.912025037843,180.30911431316,1712.07244632574));
#10466=IFCCARTESIANPOINT((337.399999999991,179.,1377.52187598517));
#10467=IFCCARTESIANPOINT((335.399999999991,181.,1378.45937449297));
#10468=IFCCARTESIANPOINT((335.399999999991,181.,1398.67812528168));
#10469=IFCCARTESIANPOINT((337.399999999991,179.,1397.8656279555));
#10470=IFCCARTESIANPOINT((336.87132194346,180.354699870332,1388.11916351628));
#10471=IFCCARTESIANPOINT((335.399999999991,181.,1439.1156268591));
#10472=IFCCARTESIANPOINT((337.399999999991,179.,1438.55312401483));
#10473=IFCCARTESIANPOINT((337.399999999991,179.,1418.2093720445));
#10474=IFCCARTESIANPOINT((335.399999999991,181.,1418.89687607039));
#10475=IFCCARTESIANPOINT((336.743045045324,180.481968287859,1428.64271128561));
#10476=IFCCARTESIANPOINT((335.399999999991,181.,1358.24062370426));
#10477=IFCCARTESIANPOINT((337.399999999991,179.,1357.17812401483));
#10478=IFCCARTESIANPOINT((337.399999999991,179.,1336.8343720445));
#10479=IFCCARTESIANPOINT((335.399999999991,181.,1338.02187291555));
#10480=IFCCARTESIANPOINT((336.766952380665,180.459945611652,1347.5140937421));
#10481=IFCCARTESIANPOINT((337.399999999991,179.,1682.67812401483));
#10482=IFCCARTESIANPOINT((335.399999999991,181.,1681.7406219015));
#10483=IFCCARTESIANPOINT((337.399999999991,179.,1662.3343720445));
#10484=IFCCARTESIANPOINT((336.876898064851,180.348618591755,1651.8003126666));
#10485=IFCCARTESIANPOINT((335.399999999991,181.,1661.52187111279));
#10486=IFCCARTESIANPOINT((336.71649565166,180.505602603329,1672.50970063981));
#10487=IFCCARTESIANPOINT((335.399999999991,181.,1742.39687426763));
#10488=IFCCARTESIANPOINT((337.399999999991,179.,1743.7093720445));
#10489=IFCCARTESIANPOINT((336.912595079825,180.308455625719,1732.29128442124));
#10490=IFCCARTESIANPOINT((335.399999999991,181.,1762.61562505634));
#10491=IFCCARTESIANPOINT((336.73580361944,180.488498804259,1773.02643614189));
#10492=IFCCARTESIANPOINT((337.399999999991,179.,1764.05312401483));
#10493=IFCCARTESIANPOINT((336.913271135411,180.307673686635,1752.51011972801));
#10494=IFCCARTESIANPOINT((337.399999999991,179.,1621.64687598517));
#10495=IFCCARTESIANPOINT((336.908057198064,180.31368317617,1611.4730734091));
#10496=IFCCARTESIANPOINT((335.399999999991,181.,1621.08436953537));
#10497=IFCCARTESIANPOINT((335.399999999991,181.,1519.99062280288));
#10498=IFCCARTESIANPOINT((336.709681391653,180.511533874033,1530.10000173626));
#10499=IFCCARTESIANPOINT((337.399999999991,179.,1519.92812401483));
#10500=IFCCARTESIANPOINT((337.399999999991,179.,1499.5843720445));
#10501=IFCCARTESIANPOINT((335.399999999991,181.,1499.77187201417));
#10502=IFCCARTESIANPOINT((336.719182050148,180.503249386681,1509.78208956126));
#10503=IFCCARTESIANPOINT((337.399999999991,175.,1855.6));
#10504=IFCCARTESIANPOINT((253.438444211824,176.,1835.6));
#10505=IFCCARTESIANPOINT((265.899999999992,181.,1840.6));
#10506=IFCCARTESIANPOINT((278.361555788158,176.,1835.6));
#10507=IFCCARTESIANPOINT((265.899997594418,179.394798205243,1836.92912201977));
#10508=IFCCARTESIANPOINT((283.36155589449,181.,1840.6));
#10509=IFCCARTESIANPOINT((248.438444105493,181.,1840.6));
#10510=IFCCARTESIANPOINT((292.49797862003,178.993385868698,1836.59504793523));
#10511=IFCCARTESIANPOINT((239.302018213733,178.993385813368,1836.59504789387));
#10512=IFCCARTESIANPOINT((245.780158945607,181.,1853.6));
#10513=IFCCARTESIANPOINT((265.9000005072,179.,1855.6));
#10514=IFCCARTESIANPOINT((288.019841082347,179.,1855.6));
#10515=IFCCARTESIANPOINT((230.150000760805,179.,1855.6));
#10516=IFCCARTESIANPOINT((290.590078872188,181.,1853.6));
#10517=IFCCARTESIANPOINT((268.185118308287,181.,1853.6));
#10518=IFCCARTESIANPOINT((221.09008007341,181.,1853.6));
#10519=IFCCARTESIANPOINT((312.709920541169,179.,1855.6));
#10520=IFCCARTESIANPOINT((312.99503943609,181.,1853.6));
#10521=IFCCARTESIANPOINT((301.792559154139,181.,1853.6));
#10522=IFCCARTESIANPOINT((219.090079458813,179.,1855.6));
#10523=IFCCARTESIANPOINT((208.745040036701,181.,1853.6));
#10524=IFCCARTESIANPOINT((325.054960777789,179.,1855.6));
#10525=IFCCARTESIANPOINT((300.364880304549,179.,1855.6));
#10526=IFCCARTESIANPOINT((206.745040236611,179.,1855.6));
#10527=IFCCARTESIANPOINT((323.054961164503,181.,1853.6));
#10528=IFCCARTESIANPOINT((318.024999556941,180.407641960754,1855.02075476784));
#10529=IFCCARTESIANPOINT((224.620039414361,180.373367787475,1855.05391228083));
#10530=IFCCARTESIANPOINT((248.025000634002,179.,1855.6));
#10531=IFCCARTESIANPOINT((256.982638026336,181.,1853.6));
#10532=IFCCARTESIANPOINT((238.261438904318,180.393471178017,1855.03465608285));
#10533=IFCCARTESIANPOINT((296.191318658578,180.444891382803,1854.9828553402));
#10534=IFCCARTESIANPOINT((251.381398070061,180.458197937352,1854.96881656021));
#10535=IFCCARTESIANPOINT((283.535066271606,180.478582909595,1854.94677116819));
#10536=IFCCARTESIANPOINT((233.435118908898,181.,1853.6));
#10537=IFCCARTESIANPOINT((307.077354201269,180.240489781945,1855.16881646501));
#10538=IFCCARTESIANPOINT((276.959920794773,179.,1855.6));
#10539=IFCCARTESIANPOINT((271.42995939972,180.368947229446,1855.05807526658));
#10540=IFCCARTESIANPOINT((279.387598590238,181.,1853.6));
#10541=IFCCARTESIANPOINT((206.299901664534,180.427004307942,1855.00130607118));
#10542=IFCPOLYLOOP((#9984,#9985,#9986,#9987));
#10543=IFCFACEOUTERBOUND(#10542,.T.);
#10544=IFCFACE((#10543));
#10545=IFCPOLYLOOP((#9988,#9989,#9990,#9991,#10004,#10003,#10027,#10001,#10014,#10013,#10022,#9999,#10036,#10009,#10031,#10000,#10007,#10006,#10016));
#10546=IFCFACEOUTERBOUND(#10545,.T.);
#10547=IFCFACE((#10546));
#10548=IFCPOLYLOOP((#10024,#10015,#10002));
#10549=IFCFACEOUTERBOUND(#10548,.T.);
#10550=IFCFACE((#10549));
#10551=IFCPOLYLOOP((#10017,#10033,#10029));
#10552=IFCFACEOUTERBOUND(#10551,.T.);
#10553=IFCFACE((#10552));
#10554=IFCPOLYLOOP((#10016,#10040,#10041));
#10555=IFCFACEOUTERBOUND(#10554,.T.);
#10556=IFCFACE((#10555));
#10557=IFCPOLYLOOP((#10002,#10026,#10024));
#10558=IFCFACEOUTERBOUND(#10557,.T.);
#10559=IFCFACE((#10558));
#10560=IFCPOLYLOOP((#10040,#10016,#10006));
#10561=IFCFACEOUTERBOUND(#10560,.T.);
#10562=IFCFACE((#10561));
#10563=IFCPOLYLOOP((#10018,#10019,#10020));
#10564=IFCFACEOUTERBOUND(#10563,.T.);
#10565=IFCFACE((#10564));
#10566=IFCPOLYLOOP((#10007,#10000,#10029));
#10567=IFCFACEOUTERBOUND(#10566,.T.);
#10568=IFCFACE((#10567));
#10569=IFCPOLYLOOP((#10010,#10011,#10032));
#10570=IFCFACEOUTERBOUND(#10569,.T.);
#10571=IFCFACE((#10570));
#10572=IFCPOLYLOOP((#10021,#10023,#10042));
#10573=IFCFACEOUTERBOUND(#10572,.T.);
#10574=IFCFACE((#10573));
#10575=IFCPOLYLOOP((#10036,#10037,#10034));
#10576=IFCFACEOUTERBOUND(#10575,.T.);
#10577=IFCFACE((#10576));
#10578=IFCPOLYLOOP((#10039,#10026,#10025));
#10579=IFCFACEOUTERBOUND(#10578,.T.);
#10580=IFCFACE((#10579));
#10581=IFCPOLYLOOP((#10028,#9991,#9994));
#10582=IFCFACEOUTERBOUND(#10581,.T.);
#10583=IFCFACE((#10582));
#10584=IFCPOLYLOOP((#10015,#10024,#10028));
#10585=IFCFACEOUTERBOUND(#10584,.T.);
#10586=IFCFACE((#10585));
#10587=IFCPOLYLOOP((#10041,#10040,#10008));
#10588=IFCFACEOUTERBOUND(#10587,.T.);
#10589=IFCFACE((#10588));
#10590=IFCPOLYLOOP((#10010,#10032,#10034));
#10591=IFCFACEOUTERBOUND(#10590,.T.);
#10592=IFCFACE((#10591));
#10593=IFCPOLYLOOP((#10033,#10007,#10029));
#10594=IFCFACEOUTERBOUND(#10593,.T.);
#10595=IFCFACE((#10594));
#10596=IFCPOLYLOOP((#9988,#10016,#10041));
#10597=IFCFACEOUTERBOUND(#10596,.T.);
#10598=IFCFACE((#10597));
#10599=IFCPOLYLOOP((#9992,#9993,#10041));
#10600=IFCFACEOUTERBOUND(#10599,.T.);
#10601=IFCFACE((#10600));
#10602=IFCPOLYLOOP((#10030,#9997,#10029));
#10603=IFCFACEOUTERBOUND(#10602,.T.);
#10604=IFCFACE((#10603));
#10605=IFCPOLYLOOP((#10032,#10030,#10031));
#10606=IFCFACEOUTERBOUND(#10605,.T.);
#10607=IFCFACE((#10606));
#10608=IFCPOLYLOOP((#9998,#10018,#10020));
#10609=IFCFACEOUTERBOUND(#10608,.T.);
#10610=IFCFACE((#10609));
#10611=IFCPOLYLOOP((#10013,#10019,#10021));
#10612=IFCFACEOUTERBOUND(#10611,.T.);
#10613=IFCFACE((#10612));
#10614=IFCPOLYLOOP((#10013,#10014,#10019));
#10615=IFCFACEOUTERBOUND(#10614,.T.);
#10616=IFCFACE((#10615));
#10617=IFCPOLYLOOP((#9995,#10015,#10028));
#10618=IFCFACEOUTERBOUND(#10617,.T.);
#10619=IFCFACE((#10618));
#10620=IFCPOLYLOOP((#10024,#10003,#10004));
#10621=IFCFACEOUTERBOUND(#10620,.T.);
#10622=IFCFACE((#10621));
#10623=IFCPOLYLOOP((#10019,#10012,#10021));
#10624=IFCFACEOUTERBOUND(#10623,.T.);
#10625=IFCFACE((#10624));
#10626=IFCPOLYLOOP((#10033,#10005,#10040));
#10627=IFCFACEOUTERBOUND(#10626,.T.);
#10628=IFCFACE((#10627));
#10629=IFCPOLYLOOP((#10012,#10019,#10018));
#10630=IFCFACEOUTERBOUND(#10629,.T.);
#10631=IFCFACE((#10630));
#10632=IFCPOLYLOOP((#10020,#10019,#10014));
#10633=IFCFACEOUTERBOUND(#10632,.T.);
#10634=IFCFACE((#10633));
#10635=IFCPOLYLOOP((#10014,#10001,#10020));
#10636=IFCFACEOUTERBOUND(#10635,.T.);
#10637=IFCFACE((#10636));
#10638=IFCPOLYLOOP((#10020,#10001,#10039));
#10639=IFCFACEOUTERBOUND(#10638,.T.);
#10640=IFCFACE((#10639));
#10641=IFCPOLYLOOP((#10023,#9996,#10038));
#10642=IFCFACEOUTERBOUND(#10641,.T.);
#10643=IFCFACE((#10642));
#10644=IFCPOLYLOOP((#10021,#10012,#10023));
#10645=IFCFACEOUTERBOUND(#10644,.T.);
#10646=IFCFACE((#10645));
#10647=IFCPOLYLOOP((#9996,#10037,#10038));
#10648=IFCFACEOUTERBOUND(#10647,.T.);
#10649=IFCFACE((#10648));
#10650=IFCPOLYLOOP((#10022,#10013,#10021));
#10651=IFCFACEOUTERBOUND(#10650,.T.);
#10652=IFCFACE((#10651));
#10653=IFCPOLYLOOP((#10024,#10004,#10028));
#10654=IFCFACEOUTERBOUND(#10653,.T.);
#10655=IFCFACE((#10654));
#10656=IFCPOLYLOOP((#9991,#10028,#10004));
#10657=IFCFACEOUTERBOUND(#10656,.T.);
#10658=IFCFACE((#10657));
#10659=IFCPOLYLOOP((#10024,#10026,#10003));
#10660=IFCFACEOUTERBOUND(#10659,.T.);
#10661=IFCFACE((#10660));
#10662=IFCPOLYLOOP((#10002,#10025,#10026));
#10663=IFCFACEOUTERBOUND(#10662,.T.);
#10664=IFCFACE((#10663));
#10665=IFCPOLYLOOP((#10001,#10027,#10039));
#10666=IFCFACEOUTERBOUND(#10665,.T.);
#10667=IFCFACE((#10666));
#10668=IFCPOLYLOOP((#9998,#10039,#10025));
#10669=IFCFACEOUTERBOUND(#10668,.T.);
#10670=IFCFACE((#10669));
#10671=IFCPOLYLOOP((#10027,#10003,#10026));
#10672=IFCFACEOUTERBOUND(#10671,.T.);
#10673=IFCFACE((#10672));
#10674=IFCPOLYLOOP((#9995,#10028,#9994));
#10675=IFCFACEOUTERBOUND(#10674,.T.);
#10676=IFCFACE((#10675));
#10677=IFCPOLYLOOP((#10030,#10029,#10000));
#10678=IFCFACEOUTERBOUND(#10677,.T.);
#10679=IFCFACE((#10678));
#10680=IFCPOLYLOOP((#10017,#10029,#9997));
#10681=IFCFACEOUTERBOUND(#10680,.T.);
#10682=IFCFACE((#10681));
#10683=IFCPOLYLOOP((#10032,#10009,#10034));
#10684=IFCFACEOUTERBOUND(#10683,.T.);
#10685=IFCFACE((#10684));
#10686=IFCPOLYLOOP((#10011,#9997,#10030));
#10687=IFCFACEOUTERBOUND(#10686,.T.);
#10688=IFCFACE((#10687));
#10689=IFCPOLYLOOP((#10030,#10000,#10031));
#10690=IFCFACEOUTERBOUND(#10689,.T.);
#10691=IFCFACE((#10690));
#10692=IFCPOLYLOOP((#10032,#10031,#10009));
#10693=IFCFACEOUTERBOUND(#10692,.T.);
#10694=IFCFACE((#10693));
#10695=IFCPOLYLOOP((#10030,#10032,#10011));
#10696=IFCFACEOUTERBOUND(#10695,.T.);
#10697=IFCFACE((#10696));
#10698=IFCPOLYLOOP((#10005,#10033,#10017));
#10699=IFCFACEOUTERBOUND(#10698,.T.);
#10700=IFCFACE((#10699));
#10701=IFCPOLYLOOP((#10006,#10007,#10033));
#10702=IFCFACEOUTERBOUND(#10701,.T.);
#10703=IFCFACE((#10702));
#10704=IFCPOLYLOOP((#10037,#10036,#9999));
#10705=IFCFACEOUTERBOUND(#10704,.T.);
#10706=IFCFACE((#10705));
#10707=IFCPOLYLOOP((#10034,#10009,#10036));
#10708=IFCFACEOUTERBOUND(#10707,.T.);
#10709=IFCFACE((#10708));
#10710=IFCPOLYLOOP((#10037,#9996,#10035));
#10711=IFCFACEOUTERBOUND(#10710,.T.);
#10712=IFCFACE((#10711));
#10713=IFCPOLYLOOP((#10035,#10010,#10034));
#10714=IFCFACEOUTERBOUND(#10713,.T.);
#10715=IFCFACE((#10714));
#10716=IFCPOLYLOOP((#10037,#9999,#10038));
#10717=IFCFACEOUTERBOUND(#10716,.T.);
#10718=IFCFACE((#10717));
#10719=IFCPOLYLOOP((#10034,#10037,#10035));
#10720=IFCFACEOUTERBOUND(#10719,.T.);
#10721=IFCFACE((#10720));
#10722=IFCPOLYLOOP((#9999,#10022,#10038));
#10723=IFCFACEOUTERBOUND(#10722,.T.);
#10724=IFCFACE((#10723));
#10725=IFCPOLYLOOP((#10038,#10022,#10042));
#10726=IFCFACEOUTERBOUND(#10725,.T.);
#10727=IFCFACE((#10726));
#10728=IFCPOLYLOOP((#10039,#10027,#10026));
#10729=IFCFACEOUTERBOUND(#10728,.T.);
#10730=IFCFACE((#10729));
#10731=IFCPOLYLOOP((#10020,#10039,#9998));
#10732=IFCFACEOUTERBOUND(#10731,.T.);
#10733=IFCFACE((#10732));
#10734=IFCPOLYLOOP((#10033,#10040,#10006));
#10735=IFCFACEOUTERBOUND(#10734,.T.);
#10736=IFCFACE((#10735));
#10737=IFCPOLYLOOP((#10008,#10040,#10005));
#10738=IFCFACEOUTERBOUND(#10737,.T.);
#10739=IFCFACE((#10738));
#10740=IFCPOLYLOOP((#9992,#10041,#10008));
#10741=IFCFACEOUTERBOUND(#10740,.T.);
#10742=IFCFACE((#10741));
#10743=IFCPOLYLOOP((#9988,#10041,#9993));
#10744=IFCFACEOUTERBOUND(#10743,.T.);
#10745=IFCFACE((#10744));
#10746=IFCPOLYLOOP((#10038,#10042,#10023));
#10747=IFCFACEOUTERBOUND(#10746,.T.);
#10748=IFCFACE((#10747));
#10749=IFCPOLYLOOP((#10022,#10021,#10042));
#10750=IFCFACEOUTERBOUND(#10749,.T.);
#10751=IFCFACE((#10750));
#10752=IFCPOLYLOOP((#10077,#10095,#10096));
#10753=IFCFACEOUTERBOUND(#10752,.T.);
#10754=IFCFACE((#10753));
#10755=IFCPOLYLOOP((#10140,#10065,#10174));
#10756=IFCFACEOUTERBOUND(#10755,.T.);
#10757=IFCFACE((#10756));
#10758=IFCPOLYLOOP((#10209,#10184,#10144));
#10759=IFCFACEOUTERBOUND(#10758,.T.);
#10760=IFCFACE((#10759));
#10761=IFCPOLYLOOP((#10160,#10083,#10214));
#10762=IFCFACEOUTERBOUND(#10761,.T.);
#10763=IFCFACE((#10762));
#10764=IFCPOLYLOOP((#10097,#10118,#10126));
#10765=IFCFACEOUTERBOUND(#10764,.T.);
#10766=IFCFACE((#10765));
#10767=IFCPOLYLOOP((#10093,#10062,#10098));
#10768=IFCFACEOUTERBOUND(#10767,.T.);
#10769=IFCFACE((#10768));
#10770=IFCPOLYLOOP((#10146,#10109,#10188,#10070));
#10771=IFCFACEOUTERBOUND(#10770,.T.);
#10772=IFCFACE((#10771));
#10773=IFCPOLYLOOP((#10127,#10130,#10129));
#10774=IFCFACEOUTERBOUND(#10773,.T.);
#10775=IFCFACE((#10774));
#10776=IFCPOLYLOOP((#10090,#10089,#10075,#10091));
#10777=IFCFACEOUTERBOUND(#10776,.T.);
#10778=IFCFACE((#10777));
#10779=IFCPOLYLOOP((#10217,#10222,#10221,#10086));
#10780=IFCFACEOUTERBOUND(#10779,.T.);
#10781=IFCFACE((#10780));
#10782=IFCPOLYLOOP((#10211,#10212,#10154));
#10783=IFCFACEOUTERBOUND(#10782,.T.);
#10784=IFCFACE((#10783));
#10785=IFCPOLYLOOP((#10129,#10130,#10128));
#10786=IFCFACEOUTERBOUND(#10785,.T.);
#10787=IFCFACE((#10786));
#10788=IFCPOLYLOOP((#10213,#10208,#10153));
#10789=IFCFACEOUTERBOUND(#10788,.T.);
#10790=IFCFACE((#10789));
#10791=IFCPOLYLOOP((#10185,#10182,#10143));
#10792=IFCFACEOUTERBOUND(#10791,.T.);
#10793=IFCFACE((#10792));
#10794=IFCPOLYLOOP((#10120,#10060,#10118));
#10795=IFCFACEOUTERBOUND(#10794,.T.);
#10796=IFCFACE((#10795));
#10797=IFCPOLYLOOP((#10150,#10200,#10113));
#10798=IFCFACEOUTERBOUND(#10797,.T.);
#10799=IFCFACE((#10798));
#10800=IFCPOLYLOOP((#10062,#10093,#10091));
#10801=IFCFACEOUTERBOUND(#10800,.T.);
#10802=IFCFACE((#10801));
#10803=IFCPOLYLOOP((#10094,#10046,#10047));
#10804=IFCFACEOUTERBOUND(#10803,.T.);
#10805=IFCFACE((#10804));
#10806=IFCPOLYLOOP((#10044,#10045,#10089));
#10807=IFCFACEOUTERBOUND(#10806,.T.);
#10808=IFCFACE((#10807));
#10809=IFCPOLYLOOP((#10169,#10166,#10137));
#10810=IFCFACEOUTERBOUND(#10809,.T.);
#10811=IFCFACE((#10810));
#10812=IFCPOLYLOOP((#10204,#10205,#10152));
#10813=IFCFACEOUTERBOUND(#10812,.T.);
#10814=IFCFACE((#10813));
#10815=IFCPOLYLOOP((#10173,#10168,#10138));
#10816=IFCFACEOUTERBOUND(#10815,.T.);
#10817=IFCFACE((#10816));
#10818=IFCPOLYLOOP((#10175,#10171,#10139));
#10819=IFCFACEOUTERBOUND(#10818,.T.);
#10820=IFCFACE((#10819));
#10821=IFCPOLYLOOP((#10222,#10217,#10163));
#10822=IFCFACEOUTERBOUND(#10821,.T.);
#10823=IFCFACE((#10822));
#10824=IFCPOLYLOOP((#10148,#10195,#10111));
#10825=IFCFACEOUTERBOUND(#10824,.T.);
#10826=IFCFACE((#10825));
#10827=IFCPOLYLOOP((#10148,#10111,#10193,#10069));
#10828=IFCFACEOUTERBOUND(#10827,.T.);
#10829=IFCFACE((#10828));
#10830=IFCPOLYLOOP((#10146,#10190,#10109));
#10831=IFCFACEOUTERBOUND(#10830,.T.);
#10832=IFCFACE((#10831));
#10833=IFCPOLYLOOP((#10090,#10087,#10044));
#10834=IFCFACEOUTERBOUND(#10833,.T.);
#10835=IFCFACE((#10834));
#10836=IFCPOLYLOOP((#10094,#10095,#10077));
#10837=IFCFACEOUTERBOUND(#10836,.T.);
#10838=IFCFACE((#10837));
#10839=IFCPOLYLOOP((#10096,#10127,#10071));
#10840=IFCFACEOUTERBOUND(#10839,.T.);
#10841=IFCFACE((#10840));
#10842=IFCPOLYLOOP((#10074,#10090,#10093));
#10843=IFCFACEOUTERBOUND(#10842,.T.);
#10844=IFCFACE((#10843));
#10845=IFCPOLYLOOP((#10072,#10127,#10096));
#10846=IFCFACEOUTERBOUND(#10845,.T.);
#10847=IFCFACE((#10846));
#10848=IFCPOLYLOOP((#10047,#10095,#10094));
#10849=IFCFACEOUTERBOUND(#10848,.T.);
#10850=IFCFACE((#10849));
#10851=IFCPOLYLOOP((#10123,#10124,#10080));
#10852=IFCFACEOUTERBOUND(#10851,.T.);
#10853=IFCFACE((#10852));
#10854=IFCPOLYLOOP((#10150,#10113,#10198,#10079));
#10855=IFCFACEOUTERBOUND(#10854,.T.);
#10856=IFCFACE((#10855));
#10857=IFCPOLYLOOP((#10123,#10122,#10121));
#10858=IFCFACEOUTERBOUND(#10857,.T.);
#10859=IFCFACE((#10858));
#10860=IFCPOLYLOOP((#10215,#10216,#10160));
#10861=IFCFACEOUTERBOUND(#10860,.T.);
#10862=IFCFACE((#10861));
#10863=IFCPOLYLOOP((#10206,#10202,#10151));
#10864=IFCFACEOUTERBOUND(#10863,.T.);
#10865=IFCFACE((#10864));
#10866=IFCPOLYLOOP((#10204,#10162,#10134));
#10867=IFCFACEOUTERBOUND(#10866,.T.);
#10868=IFCFACE((#10867));
#10869=IFCPOLYLOOP((#10142,#10180,#10105));
#10870=IFCFACEOUTERBOUND(#10869,.T.);
#10871=IFCFACE((#10870));
#10872=IFCPOLYLOOP((#10142,#10105,#10178,#10085));
#10873=IFCFACEOUTERBOUND(#10872,.T.);
#10874=IFCFACE((#10873));
#10875=IFCPOLYLOOP((#10052,#10170,#10218,#10217));
#10876=IFCFACEOUTERBOUND(#10875,.T.);
#10877=IFCFACE((#10876));
#10878=IFCPOLYLOOP((#10087,#10043,#10044));
#10879=IFCFACEOUTERBOUND(#10878,.T.);
#10880=IFCFACE((#10879));
#10881=IFCPOLYLOOP((#10047,#10048,#10088));
#10882=IFCFACEOUTERBOUND(#10881,.T.);
#10883=IFCFACE((#10882));
#10884=IFCPOLYLOOP((#10089,#10090,#10044));
#10885=IFCFACEOUTERBOUND(#10884,.T.);
#10886=IFCFACE((#10885));
#10887=IFCPOLYLOOP((#10074,#10087,#10090));
#10888=IFCFACEOUTERBOUND(#10887,.T.);
#10889=IFCFACE((#10888));
#10890=IFCPOLYLOOP((#10093,#10061,#10092,#10074));
#10891=IFCFACEOUTERBOUND(#10890,.T.);
#10892=IFCFACE((#10891));
#10893=IFCPOLYLOOP((#10093,#10090,#10091));
#10894=IFCFACEOUTERBOUND(#10893,.T.);
#10895=IFCFACE((#10894));
#10896=IFCPOLYLOOP((#10215,#10165,#10137));
#10897=IFCFACEOUTERBOUND(#10896,.T.);
#10898=IFCFACE((#10897));
#10899=IFCPOLYLOOP((#10095,#10047,#10088));
#10900=IFCFACEOUTERBOUND(#10899,.T.);
#10901=IFCFACE((#10900));
#10902=IFCPOLYLOOP((#10088,#10076,#10095));
#10903=IFCFACEOUTERBOUND(#10902,.T.);
#10904=IFCFACE((#10903));
#10905=IFCPOLYLOOP((#10096,#10095,#10076));
#10906=IFCFACEOUTERBOUND(#10905,.T.);
#10907=IFCFACE((#10906));
#10908=IFCPOLYLOOP((#10072,#10096,#10076));
#10909=IFCFACEOUTERBOUND(#10908,.T.);
#10910=IFCFACE((#10909));
#10911=IFCPOLYLOOP((#10096,#10071,#10136,#10077));
#10912=IFCFACEOUTERBOUND(#10911,.T.);
#10913=IFCFACE((#10912));
#10914=IFCPOLYLOOP((#10093,#10098,#10061));
#10915=IFCFACEOUTERBOUND(#10914,.T.);
#10916=IFCFACE((#10915));
#10917=IFCPOLYLOOP((#10098,#10062,#10119));
#10918=IFCFACEOUTERBOUND(#10917,.T.);
#10919=IFCFACE((#10918));
#10920=IFCPOLYLOOP((#10118,#10059,#10120));
#10921=IFCFACEOUTERBOUND(#10920,.T.);
#10922=IFCFACE((#10921));
#10923=IFCPOLYLOOP((#10118,#10060,#10099));
#10924=IFCFACEOUTERBOUND(#10923,.T.);
#10925=IFCFACE((#10924));
#10926=IFCPOLYLOOP((#10098,#10126,#10061));
#10927=IFCFACEOUTERBOUND(#10926,.T.);
#10928=IFCFACE((#10927));
#10929=IFCPOLYLOOP((#10138,#10100,#10167,#10065));
#10930=IFCFACEOUTERBOUND(#10929,.T.);
#10931=IFCFACE((#10930));
#10932=IFCPOLYLOOP((#10218,#10170,#10139));
#10933=IFCFACEOUTERBOUND(#10932,.T.);
#10934=IFCFACE((#10933));
#10935=IFCPOLYLOOP((#10140,#10102,#10172));
#10936=IFCFACEOUTERBOUND(#10935,.T.);
#10937=IFCFACE((#10936));
#10938=IFCPOLYLOOP((#10176,#10180,#10179,#10104));
#10939=IFCFACEOUTERBOUND(#10938,.T.);
#10940=IFCFACE((#10939));
#10941=IFCPOLYLOOP((#10180,#10176,#10141));
#10942=IFCFACEOUTERBOUND(#10941,.T.);
#10943=IFCFACE((#10942));
#10944=IFCPOLYLOOP((#10143,#10054,#10181,#10106));
#10945=IFCFACEOUTERBOUND(#10944,.T.);
#10946=IFCFACE((#10945));
#10947=IFCPOLYLOOP((#10144,#10106,#10183,#10058));
#10948=IFCFACEOUTERBOUND(#10947,.T.);
#10949=IFCFACE((#10948));
#10950=IFCPOLYLOOP((#10108,#10145,#10190));
#10951=IFCFACEOUTERBOUND(#10950,.T.);
#10952=IFCFACE((#10951));
#10953=IFCPOLYLOOP((#10145,#10108,#10186,#10050));
#10954=IFCFACEOUTERBOUND(#10953,.T.);
#10955=IFCFACE((#10954));
#10956=IFCPOLYLOOP((#10191,#10195,#10194,#10110));
#10957=IFCFACEOUTERBOUND(#10956,.T.);
#10958=IFCFACE((#10957));
#10959=IFCPOLYLOOP((#10195,#10191,#10147));
#10960=IFCFACEOUTERBOUND(#10959,.T.);
#10961=IFCFACE((#10960));
#10962=IFCPOLYLOOP((#10112,#10149,#10200));
#10963=IFCFACEOUTERBOUND(#10962,.T.);
#10964=IFCFACE((#10963));
#10965=IFCPOLYLOOP((#10149,#10112,#10196,#10053));
#10966=IFCFACEOUTERBOUND(#10965,.T.);
#10967=IFCFACE((#10966));
#10968=IFCPOLYLOOP((#10151,#10051,#10201,#10114));
#10969=IFCFACEOUTERBOUND(#10968,.T.);
#10970=IFCFACE((#10969));
#10971=IFCPOLYLOOP((#10152,#10114,#10203,#10082));
#10972=IFCFACEOUTERBOUND(#10971,.T.);
#10973=IFCFACE((#10972));
#10974=IFCPOLYLOOP((#10153,#10058,#10207,#10116));
#10975=IFCFACEOUTERBOUND(#10974,.T.);
#10976=IFCFACE((#10975));
#10977=IFCPOLYLOOP((#10154,#10116,#10210,#10055));
#10978=IFCFACEOUTERBOUND(#10977,.T.);
#10979=IFCFACE((#10978));
#10980=IFCPOLYLOOP((#10126,#10118,#10099));
#10981=IFCFACEOUTERBOUND(#10980,.T.);
#10982=IFCFACE((#10981));
#10983=IFCPOLYLOOP((#10118,#10097,#10155,#10059));
#10984=IFCFACEOUTERBOUND(#10983,.T.);
#10985=IFCFACE((#10984));
#10986=IFCPOLYLOOP((#10124,#10079,#10156,#10080));
#10987=IFCFACEOUTERBOUND(#10986,.T.);
#10988=IFCFACE((#10987));
#10989=IFCPOLYLOOP((#10126,#10119,#10097));
#10990=IFCFACEOUTERBOUND(#10989,.T.);
#10991=IFCFACE((#10990));
#10992=IFCPOLYLOOP((#10123,#10125,#10120));
#10993=IFCFACEOUTERBOUND(#10992,.T.);
#10994=IFCFACE((#10993));
#10995=IFCPOLYLOOP((#10120,#10122,#10123));
#10996=IFCFACEOUTERBOUND(#10995,.T.);
#10997=IFCFACE((#10996));
#10998=IFCPOLYLOOP((#10120,#10059,#10122));
#10999=IFCFACEOUTERBOUND(#10998,.T.);
#11000=IFCFACE((#10999));
#11001=IFCPOLYLOOP((#10123,#10121,#10124));
#11002=IFCFACEOUTERBOUND(#11001,.T.);
#11003=IFCFACE((#11002));
#11004=IFCPOLYLOOP((#10061,#10126,#10099));
#11005=IFCFACEOUTERBOUND(#11004,.T.);
#11006=IFCFACE((#11005));
#11007=IFCPOLYLOOP((#10124,#10121,#10157,#10078));
#11008=IFCFACEOUTERBOUND(#11007,.T.);
#11009=IFCFACE((#11008));
#11010=IFCPOLYLOOP((#10150,#10124,#10078));
#11011=IFCFACEOUTERBOUND(#11010,.T.);
#11012=IFCFACE((#11011));
#11013=IFCPOLYLOOP((#10125,#10123,#10080));
#11014=IFCFACEOUTERBOUND(#11013,.T.);
#11015=IFCFACE((#11014));
#11016=IFCPOLYLOOP((#10125,#10060,#10120));
#11017=IFCFACEOUTERBOUND(#11016,.T.);
#11018=IFCFACE((#11017));
#11019=IFCPOLYLOOP((#10119,#10126,#10098));
#11020=IFCFACEOUTERBOUND(#11019,.T.);
#11021=IFCFACE((#11020));
#11022=IFCPOLYLOOP((#10130,#10132,#10073));
#11023=IFCFACEOUTERBOUND(#11022,.T.);
#11024=IFCFACE((#11023));
#11025=IFCPOLYLOOP((#10073,#10131,#10130));
#11026=IFCFACEOUTERBOUND(#11025,.T.);
#11027=IFCFACE((#11026));
#11028=IFCPOLYLOOP((#10130,#10131,#10128));
#11029=IFCFACEOUTERBOUND(#11028,.T.);
#11030=IFCFACE((#11029));
#11031=IFCPOLYLOOP((#10132,#10130,#10127));
#11032=IFCFACEOUTERBOUND(#11031,.T.);
#11033=IFCFACE((#11032));
#11034=IFCPOLYLOOP((#10129,#10071,#10127));
#11035=IFCFACEOUTERBOUND(#11034,.T.);
#11036=IFCFACE((#11035));
#11037=IFCPOLYLOOP((#10131,#10073,#10158,#10056));
#11038=IFCFACEOUTERBOUND(#11037,.T.);
#11039=IFCFACE((#11038));
#11040=IFCPOLYLOOP((#10208,#10213,#10117));
#11041=IFCFACEOUTERBOUND(#11040,.T.);
#11042=IFCFACE((#11041));
#11043=IFCPOLYLOOP((#10211,#10159,#10131));
#11044=IFCFACEOUTERBOUND(#11043,.T.);
#11045=IFCFACE((#11044));
#11046=IFCPOLYLOOP((#10127,#10072,#10132));
#11047=IFCFACEOUTERBOUND(#11046,.T.);
#11048=IFCFACE((#11047));
#11049=IFCPOLYLOOP((#10202,#10206,#10115));
#11050=IFCFACEOUTERBOUND(#11049,.T.);
#11051=IFCFACE((#11050));
#11052=IFCPOLYLOOP((#10134,#10133,#10161,#10081));
#11053=IFCFACEOUTERBOUND(#11052,.T.);
#11054=IFCFACE((#11053));
#11055=IFCPOLYLOOP((#10160,#10134,#10083));
#11056=IFCFACEOUTERBOUND(#11055,.T.);
#11057=IFCFACE((#11056));
#11058=IFCPOLYLOOP((#10100,#10138,#10169));
#11059=IFCFACEOUTERBOUND(#11058,.T.);
#11060=IFCFACE((#11059));
#11061=IFCPOLYLOOP((#10164,#10135,#10220,#10084));
#11062=IFCFACEOUTERBOUND(#11061,.T.);
#11063=IFCFACE((#11062));
#11064=IFCPOLYLOOP((#10049,#10218,#10139));
#11065=IFCFACEOUTERBOUND(#11064,.T.);
#11066=IFCFACE((#11065));
#11067=IFCPOLYLOOP((#10171,#10175,#10174,#10103));
#11068=IFCFACEOUTERBOUND(#11067,.T.);
#11069=IFCFACE((#11068));
#11070=IFCPOLYLOOP((#10138,#10168,#10169));
#11071=IFCFACEOUTERBOUND(#11070,.T.);
#11072=IFCFACE((#11071));
#11073=IFCPOLYLOOP((#10102,#10140,#10175));
#11074=IFCFACEOUTERBOUND(#11073,.T.);
#11075=IFCFACE((#11074));
#11076=IFCPOLYLOOP((#10218,#10049,#10163));
#11077=IFCFACEOUTERBOUND(#11076,.T.);
#11078=IFCFACE((#11077));
#11079=IFCPOLYLOOP((#10172,#10173,#10140));
#11080=IFCFACEOUTERBOUND(#11079,.T.);
#11081=IFCFACE((#11080));
#11082=IFCPOLYLOOP((#10140,#10174,#10175));
#11083=IFCFACEOUTERBOUND(#11082,.T.);
#11084=IFCFACE((#11083));
#11085=IFCPOLYLOOP((#10147,#10141,#10068));
#11086=IFCFACEOUTERBOUND(#11085,.T.);
#11087=IFCFACE((#11086));
#11088=IFCPOLYLOOP((#10141,#10067,#10177,#10105));
#11089=IFCFACEOUTERBOUND(#11088,.T.);
#11090=IFCFACE((#11089));
#11091=IFCPOLYLOOP((#10164,#10142,#10085));
#11092=IFCFACEOUTERBOUND(#11091,.T.);
#11093=IFCFACE((#11092));
#11094=IFCPOLYLOOP((#10142,#10084,#10179));
#11095=IFCFACEOUTERBOUND(#11094,.T.);
#11096=IFCFACE((#11095));
#11097=IFCPOLYLOOP((#10106,#10144,#10185));
#11098=IFCFACEOUTERBOUND(#11097,.T.);
#11099=IFCFACE((#11098));
#11100=IFCPOLYLOOP((#10151,#10143,#10051));
#11101=IFCFACEOUTERBOUND(#11100,.T.);
#11102=IFCFACE((#11101));
#11103=IFCPOLYLOOP((#10058,#10153,#10209));
#11104=IFCFACEOUTERBOUND(#11103,.T.);
#11105=IFCFACE((#11104));
#11106=IFCPOLYLOOP((#10185,#10144,#10107));
#11107=IFCFACEOUTERBOUND(#11106,.T.);
#11108=IFCFACE((#11107));
#11109=IFCPOLYLOOP((#10149,#10145,#10050));
#11110=IFCFACEOUTERBOUND(#11109,.T.);
#11111=IFCFACE((#11110));
#11112=IFCPOLYLOOP((#10145,#10053,#10187));
#11113=IFCFACEOUTERBOUND(#11112,.T.);
#11114=IFCFACE((#11113));
#11115=IFCPOLYLOOP((#10148,#10146,#10070));
#11116=IFCFACEOUTERBOUND(#11115,.T.);
#11117=IFCFACE((#11116));
#11118=IFCPOLYLOOP((#10146,#10069,#10189));
#11119=IFCFACEOUTERBOUND(#11118,.T.);
#11120=IFCFACE((#11119));
#11121=IFCPOLYLOOP((#10141,#10147,#10067));
#11122=IFCFACEOUTERBOUND(#11121,.T.);
#11123=IFCFACE((#11122));
#11124=IFCPOLYLOOP((#10147,#10068,#10192));
#11125=IFCFACEOUTERBOUND(#11124,.T.);
#11126=IFCFACE((#11125));
#11127=IFCPOLYLOOP((#10146,#10148,#10069));
#11128=IFCFACEOUTERBOUND(#11127,.T.);
#11129=IFCFACE((#11128));
#11130=IFCPOLYLOOP((#10148,#10070,#10194));
#11131=IFCFACEOUTERBOUND(#11130,.T.);
#11132=IFCFACE((#11131));
#11133=IFCPOLYLOOP((#10145,#10149,#10053));
#11134=IFCFACEOUTERBOUND(#11133,.T.);
#11135=IFCFACE((#11134));
#11136=IFCPOLYLOOP((#10149,#10050,#10197));
#11137=IFCFACEOUTERBOUND(#11136,.T.);
#11138=IFCFACE((#11137));
#11139=IFCPOLYLOOP((#10124,#10150,#10079));
#11140=IFCFACEOUTERBOUND(#11139,.T.);
#11141=IFCFACE((#11140));
#11142=IFCPOLYLOOP((#10150,#10078,#10199));
#11143=IFCFACEOUTERBOUND(#11142,.T.);
#11144=IFCFACE((#11143));
#11145=IFCPOLYLOOP((#10114,#10152,#10206));
#11146=IFCFACEOUTERBOUND(#11145,.T.);
#11147=IFCFACE((#11146));
#11148=IFCPOLYLOOP((#10143,#10151,#10054));
#11149=IFCFACEOUTERBOUND(#11148,.T.);
#11150=IFCFACE((#11149));
#11151=IFCPOLYLOOP((#10152,#10082,#10204));
#11152=IFCFACEOUTERBOUND(#11151,.T.);
#11153=IFCFACE((#11152));
#11154=IFCPOLYLOOP((#10206,#10152,#10115));
#11155=IFCFACEOUTERBOUND(#11154,.T.);
#11156=IFCFACE((#11155));
#11157=IFCPOLYLOOP((#10116,#10154,#10213));
#11158=IFCFACEOUTERBOUND(#11157,.T.);
#11159=IFCFACE((#11158));
#11160=IFCPOLYLOOP((#10209,#10153,#10057));
#11161=IFCFACEOUTERBOUND(#11160,.T.);
#11162=IFCFACE((#11161));
#11163=IFCPOLYLOOP((#10154,#10055,#10211));
#11164=IFCFACEOUTERBOUND(#11163,.T.);
#11165=IFCFACE((#11164));
#11166=IFCPOLYLOOP((#10213,#10154,#10117));
#11167=IFCFACEOUTERBOUND(#11166,.T.);
#11168=IFCFACE((#11167));
#11169=IFCPOLYLOOP((#10214,#10215,#10160));
#11170=IFCFACEOUTERBOUND(#11169,.T.);
#11171=IFCFACE((#11170));
#11172=IFCPOLYLOOP((#10159,#10128,#10131));
#11173=IFCFACEOUTERBOUND(#11172,.T.);
#11174=IFCFACE((#11173));
#11175=IFCPOLYLOOP((#10134,#10160,#10133));
#11176=IFCFACEOUTERBOUND(#11175,.T.);
#11177=IFCFACE((#11176));
#11178=IFCPOLYLOOP((#10163,#10049,#10219,#10135));
#11179=IFCFACEOUTERBOUND(#11178,.T.);
#11180=IFCFACE((#11179));
#11181=IFCPOLYLOOP((#10162,#10083,#10134));
#11182=IFCFACEOUTERBOUND(#11181,.T.);
#11183=IFCFACE((#11182));
#11184=IFCPOLYLOOP((#10222,#10135,#10164));
#11185=IFCFACEOUTERBOUND(#11184,.T.);
#11186=IFCFACE((#11185));
#11187=IFCPOLYLOOP((#10142,#10164,#10084));
#11188=IFCFACEOUTERBOUND(#11187,.T.);
#11189=IFCFACE((#11188));
#11190=IFCPOLYLOOP((#10164,#10085,#10221));
#11191=IFCFACEOUTERBOUND(#11190,.T.);
#11192=IFCFACE((#11191));
#11193=IFCPOLYLOOP((#10166,#10169,#10168,#10101));
#11194=IFCFACEOUTERBOUND(#11193,.T.);
#11195=IFCFACE((#11194));
#11196=IFCPOLYLOOP((#10100,#10137,#10165));
#11197=IFCFACEOUTERBOUND(#11196,.T.);
#11198=IFCFACE((#11197));
#11199=IFCPOLYLOOP((#10166,#10063,#10137));
#11200=IFCFACEOUTERBOUND(#11199,.T.);
#11201=IFCFACE((#11200));
#11202=IFCPOLYLOOP((#10100,#10169,#10137));
#11203=IFCFACEOUTERBOUND(#11202,.T.);
#11204=IFCFACE((#11203));
#11205=IFCPOLYLOOP((#10168,#10173,#10172,#10066));
#11206=IFCFACEOUTERBOUND(#11205,.T.);
#11207=IFCFACE((#11206));
#11208=IFCPOLYLOOP((#10170,#10102,#10139));
#11209=IFCFACEOUTERBOUND(#11208,.T.);
#11210=IFCFACE((#11209));
#11211=IFCPOLYLOOP((#10171,#10049,#10139));
#11212=IFCFACEOUTERBOUND(#11211,.T.);
#11213=IFCFACE((#11212));
#11214=IFCPOLYLOOP((#10065,#10173,#10138));
#11215=IFCFACEOUTERBOUND(#11214,.T.);
#11216=IFCFACE((#11215));
#11217=IFCPOLYLOOP((#10065,#10140,#10173));
#11218=IFCFACEOUTERBOUND(#11217,.T.);
#11219=IFCFACE((#11218));
#11220=IFCPOLYLOOP((#10102,#10175,#10139));
#11221=IFCFACEOUTERBOUND(#11220,.T.);
#11222=IFCFACE((#11221));
#11223=IFCPOLYLOOP((#10105,#10180,#10141));
#11224=IFCFACEOUTERBOUND(#11223,.T.);
#11225=IFCFACE((#11224));
#11226=IFCPOLYLOOP((#10068,#10141,#10176));
#11227=IFCFACEOUTERBOUND(#11226,.T.);
#11228=IFCFACE((#11227));
#11229=IFCPOLYLOOP((#10179,#10180,#10142));
#11230=IFCFACEOUTERBOUND(#11229,.T.);
#11231=IFCFACE((#11230));
#11232=IFCPOLYLOOP((#10182,#10185,#10107));
#11233=IFCFACEOUTERBOUND(#11232,.T.);
#11234=IFCFACE((#11233));
#11235=IFCPOLYLOOP((#10182,#10051,#10143));
#11236=IFCFACEOUTERBOUND(#11235,.T.);
#11237=IFCFACE((#11236));
#11238=IFCPOLYLOOP((#10184,#10107,#10144));
#11239=IFCFACEOUTERBOUND(#11238,.T.);
#11240=IFCFACE((#11239));
#11241=IFCPOLYLOOP((#10106,#10185,#10143));
#11242=IFCFACEOUTERBOUND(#11241,.T.);
#11243=IFCFACE((#11242));
#11244=IFCPOLYLOOP((#10190,#10145,#10187));
#11245=IFCFACEOUTERBOUND(#11244,.T.);
#11246=IFCFACE((#11245));
#11247=IFCPOLYLOOP((#10190,#10187,#10109));
#11248=IFCFACEOUTERBOUND(#11247,.T.);
#11249=IFCFACE((#11248));
#11250=IFCPOLYLOOP((#10190,#10189,#10108));
#11251=IFCFACEOUTERBOUND(#11250,.T.);
#11252=IFCFACE((#11251));
#11253=IFCPOLYLOOP((#10189,#10190,#10146));
#11254=IFCFACEOUTERBOUND(#11253,.T.);
#11255=IFCFACE((#11254));
#11256=IFCPOLYLOOP((#10195,#10147,#10192));
#11257=IFCFACEOUTERBOUND(#11256,.T.);
#11258=IFCFACE((#11257));
#11259=IFCPOLYLOOP((#10191,#10067,#10147));
#11260=IFCFACEOUTERBOUND(#11259,.T.);
#11261=IFCFACE((#11260));
#11262=IFCPOLYLOOP((#10195,#10192,#10111));
#11263=IFCFACEOUTERBOUND(#11262,.T.);
#11264=IFCFACE((#11263));
#11265=IFCPOLYLOOP((#10194,#10195,#10148));
#11266=IFCFACEOUTERBOUND(#11265,.T.);
#11267=IFCFACE((#11266));
#11268=IFCPOLYLOOP((#10200,#10149,#10197));
#11269=IFCFACEOUTERBOUND(#11268,.T.);
#11270=IFCFACE((#11269));
#11271=IFCPOLYLOOP((#10200,#10197,#10113));
#11272=IFCFACEOUTERBOUND(#11271,.T.);
#11273=IFCFACE((#11272));
#11274=IFCPOLYLOOP((#10200,#10199,#10112));
#11275=IFCFACEOUTERBOUND(#11274,.T.);
#11276=IFCFACE((#11275));
#11277=IFCPOLYLOOP((#10199,#10200,#10150));
#11278=IFCFACEOUTERBOUND(#11277,.T.);
#11279=IFCFACE((#11278));
#11280=IFCPOLYLOOP((#10162,#10204,#10082));
#11281=IFCFACEOUTERBOUND(#11280,.T.);
#11282=IFCFACE((#11281));
#11283=IFCPOLYLOOP((#10202,#10054,#10151));
#11284=IFCFACEOUTERBOUND(#11283,.T.);
#11285=IFCFACE((#11284));
#11286=IFCPOLYLOOP((#10081,#10204,#10134));
#11287=IFCFACEOUTERBOUND(#11286,.T.);
#11288=IFCFACE((#11287));
#11289=IFCPOLYLOOP((#10205,#10204,#10081));
#11290=IFCFACEOUTERBOUND(#11289,.T.);
#11291=IFCFACE((#11290));
#11292=IFCPOLYLOOP((#10205,#10115,#10152));
#11293=IFCFACEOUTERBOUND(#11292,.T.);
#11294=IFCFACE((#11293));
#11295=IFCPOLYLOOP((#10114,#10206,#10151));
#11296=IFCFACEOUTERBOUND(#11295,.T.);
#11297=IFCFACE((#11296));
#11298=IFCPOLYLOOP((#10184,#10209,#10057));
#11299=IFCFACEOUTERBOUND(#11298,.T.);
#11300=IFCFACE((#11299));
#11301=IFCPOLYLOOP((#10208,#10057,#10153));
#11302=IFCFACEOUTERBOUND(#11301,.T.);
#11303=IFCFACE((#11302));
#11304=IFCPOLYLOOP((#10058,#10209,#10144));
#11305=IFCFACEOUTERBOUND(#11304,.T.);
#11306=IFCFACE((#11305));
#11307=IFCPOLYLOOP((#10159,#10211,#10055));
#11308=IFCFACEOUTERBOUND(#11307,.T.);
#11309=IFCFACE((#11308));
#11310=IFCPOLYLOOP((#10056,#10211,#10131));
#11311=IFCFACEOUTERBOUND(#11310,.T.);
#11312=IFCFACE((#11311));
#11313=IFCPOLYLOOP((#10212,#10211,#10056));
#11314=IFCFACEOUTERBOUND(#11313,.T.);
#11315=IFCFACE((#11314));
#11316=IFCPOLYLOOP((#10212,#10117,#10154));
#11317=IFCFACEOUTERBOUND(#11316,.T.);
#11318=IFCFACE((#11317));
#11319=IFCPOLYLOOP((#10116,#10213,#10153));
#11320=IFCFACEOUTERBOUND(#11319,.T.);
#11321=IFCFACE((#11320));
#11322=IFCPOLYLOOP((#10165,#10215,#10214,#10064));
#11323=IFCFACEOUTERBOUND(#11322,.T.);
#11324=IFCFACE((#11323));
#11325=IFCPOLYLOOP((#10063,#10215,#10137));
#11326=IFCFACEOUTERBOUND(#11325,.T.);
#11327=IFCFACE((#11326));
#11328=IFCPOLYLOOP((#10216,#10215,#10063));
#11329=IFCFACEOUTERBOUND(#11328,.T.);
#11330=IFCFACE((#11329));
#11331=IFCPOLYLOOP((#10216,#10133,#10160));
#11332=IFCFACEOUTERBOUND(#11331,.T.);
#11333=IFCFACE((#11332));
#11334=IFCPOLYLOOP((#10217,#10218,#10163));
#11335=IFCFACEOUTERBOUND(#11334,.T.);
#11336=IFCFACE((#11335));
#11337=IFCPOLYLOOP((#10135,#10222,#10163));
#11338=IFCFACEOUTERBOUND(#11337,.T.);
#11339=IFCFACE((#11338));
#11340=IFCPOLYLOOP((#10221,#10222,#10164));
#11341=IFCFACEOUTERBOUND(#11340,.T.);
#11342=IFCFACE((#11341));
#11343=IFCPOLYLOOP((#10223,#10043,#10087,#10074,#10092,#10061,#10099,#10060,#10125,#10080,#10156,#10079,#10198,#10113,#10197,#10050,#10186,#10108,#10189,#10069,#10193,#10111,#10192,#10068,#10176,#10104,#10179,#10084,#10220,#10135,#10219,#10049,#10171,#10103,#10174,#10065,#10167,#10100,#10165,#10064,#10214,#10083,#10162,#10082,#10203,#10114,#10201,#10051,#10182,#10107,#10184,#10057,#10208,#10117,#10212,#10056,#10158,#10073,#10132,#10072,#10076,#10088,#10048,#10224));
#11344=IFCFACEOUTERBOUND(#11343,.T.);
#11345=IFCFACE((#11344));
#11346=IFCPOLYLOOP((#9987,#9986,#10225,#10226));
#11347=IFCFACEOUTERBOUND(#11346,.T.);
#11348=IFCFACE((#11347));
#11349=IFCPOLYLOOP((#9991,#9990,#10227,#10228,#10231,#10233));
#11350=IFCFACEOUTERBOUND(#11349,.T.);
#11351=IFCFACE((#11350));
#11352=IFCPOLYLOOP((#10234,#10236,#10232,#10235));
#11353=IFCFACEOUTERBOUND(#11352,.T.);
#11354=IFCFACE((#11353));
#11355=IFCPOLYLOOP((#10235,#9994,#10237));
#11356=IFCFACEOUTERBOUND(#11355,.T.);
#11357=IFCFACE((#11356));
#11358=IFCPOLYLOOP((#10228,#10229,#10238));
#11359=IFCFACEOUTERBOUND(#11358,.T.);
#11360=IFCFACE((#11359));
#11361=IFCPOLYLOOP((#10234,#10231,#10238));
#11362=IFCFACEOUTERBOUND(#11361,.T.);
#11363=IFCFACE((#11362));
#11364=IFCPOLYLOOP((#9991,#10233,#10237));
#11365=IFCFACEOUTERBOUND(#11364,.T.);
#11366=IFCFACE((#11365));
#11367=IFCPOLYLOOP((#10234,#10233,#10231));
#11368=IFCFACEOUTERBOUND(#11367,.T.);
#11369=IFCFACE((#11368));
#11370=IFCPOLYLOOP((#10236,#10234,#10238));
#11371=IFCFACEOUTERBOUND(#11370,.T.);
#11372=IFCFACE((#11371));
#11373=IFCPOLYLOOP((#10235,#10237,#10234));
#11374=IFCFACEOUTERBOUND(#11373,.T.);
#11375=IFCFACE((#11374));
#11376=IFCPOLYLOOP((#10237,#10233,#10234));
#11377=IFCFACEOUTERBOUND(#11376,.T.);
#11378=IFCFACE((#11377));
#11379=IFCPOLYLOOP((#10235,#9995,#9994));
#11380=IFCFACEOUTERBOUND(#11379,.T.);
#11381=IFCFACE((#11380));
#11382=IFCPOLYLOOP((#10229,#10230,#10236));
#11383=IFCFACEOUTERBOUND(#11382,.T.);
#11384=IFCFACE((#11383));
#11385=IFCPOLYLOOP((#9991,#10237,#9994));
#11386=IFCFACEOUTERBOUND(#11385,.T.);
#11387=IFCFACE((#11386));
#11388=IFCPOLYLOOP((#10228,#10238,#10231));
#11389=IFCFACEOUTERBOUND(#11388,.T.);
#11390=IFCFACE((#11389));
#11391=IFCPOLYLOOP((#10236,#10238,#10229));
#11392=IFCFACEOUTERBOUND(#11391,.T.);
#11393=IFCFACE((#11392));
#11394=IFCPOLYLOOP((#10249,#10254,#10258));
#11395=IFCFACEOUTERBOUND(#11394,.T.);
#11396=IFCFACE((#11395));
#11397=IFCPOLYLOOP((#10270,#10269,#10265));
#11398=IFCFACEOUTERBOUND(#11397,.T.);
#11399=IFCFACE((#11398));
#11400=IFCPOLYLOOP((#10259,#10271,#10252));
#11401=IFCFACEOUTERBOUND(#11400,.T.);
#11402=IFCFACE((#11401));
#11403=IFCPOLYLOOP((#10265,#10244,#10263));
#11404=IFCFACEOUTERBOUND(#11403,.T.);
#11405=IFCFACE((#11404));
#11406=IFCPOLYLOOP((#10245,#10259,#10252));
#11407=IFCFACEOUTERBOUND(#11406,.T.);
#11408=IFCFACE((#11407));
#11409=IFCPOLYLOOP((#10262,#10266,#10259));
#11410=IFCFACEOUTERBOUND(#11409,.T.);
#11411=IFCFACE((#11410));
#11412=IFCPOLYLOOP((#10240,#10256,#10271));
#11413=IFCFACEOUTERBOUND(#11412,.T.);
#11414=IFCFACE((#11413));
#11415=IFCPOLYLOOP((#10255,#10263,#10244));
#11416=IFCFACEOUTERBOUND(#11415,.T.);
#11417=IFCFACE((#11416));
#11418=IFCPOLYLOOP((#10246,#10263,#10251));
#11419=IFCFACEOUTERBOUND(#11418,.T.);
#11420=IFCFACE((#11419));
#11421=IFCPOLYLOOP((#10243,#10269,#10264));
#11422=IFCFACEOUTERBOUND(#11421,.T.);
#11423=IFCFACE((#11422));
#11424=IFCPOLYLOOP((#10262,#10259,#10245));
#11425=IFCFACEOUTERBOUND(#11424,.T.);
#11426=IFCFACE((#11425));
#11427=IFCPOLYLOOP((#10249,#10258,#10267));
#11428=IFCFACEOUTERBOUND(#11427,.T.);
#11429=IFCFACE((#11428));
#11430=IFCPOLYLOOP((#10250,#10251,#10267));
#11431=IFCFACEOUTERBOUND(#11430,.T.);
#11432=IFCFACE((#11431));
#11433=IFCPOLYLOOP((#10251,#10263,#10267));
#11434=IFCFACEOUTERBOUND(#11433,.T.);
#11435=IFCFACE((#11434));
#11436=IFCPOLYLOOP((#10239,#10240,#10271));
#11437=IFCFACEOUTERBOUND(#11436,.T.);
#11438=IFCFACE((#11437));
#11439=IFCPOLYLOOP((#10047,#10046,#10257));
#11440=IFCFACEOUTERBOUND(#11439,.T.);
#11441=IFCFACE((#11440));
#11442=IFCPOLYLOOP((#10250,#10258,#10257));
#11443=IFCFACEOUTERBOUND(#11442,.T.);
#11444=IFCFACE((#11443));
#11445=IFCPOLYLOOP((#10254,#10048,#10047));
#11446=IFCFACEOUTERBOUND(#11445,.T.);
#11447=IFCFACE((#11446));
#11448=IFCPOLYLOOP((#10240,#10241,#10256));
#11449=IFCFACEOUTERBOUND(#11448,.T.);
#11450=IFCFACE((#11449));
#11451=IFCPOLYLOOP((#10259,#10248,#10271));
#11452=IFCFACEOUTERBOUND(#11451,.T.);
#11453=IFCFACE((#11452));
#11454=IFCPOLYLOOP((#10257,#10258,#10047));
#11455=IFCFACEOUTERBOUND(#11454,.T.);
#11456=IFCFACE((#11455));
#11457=IFCPOLYLOOP((#10047,#10258,#10254));
#11458=IFCFACEOUTERBOUND(#11457,.T.);
#11459=IFCFACE((#11458));
#11460=IFCPOLYLOOP((#10248,#10259,#10266));
#11461=IFCFACEOUTERBOUND(#11460,.T.);
#11462=IFCFACE((#11461));
#11463=IFCPOLYLOOP((#10271,#10248,#10253,#10239));
#11464=IFCFACEOUTERBOUND(#11463,.T.);
#11465=IFCFACE((#11464));
#11466=IFCPOLYLOOP((#10245,#10260,#10262));
#11467=IFCFACEOUTERBOUND(#11466,.T.);
#11468=IFCFACE((#11467));
#11469=IFCPOLYLOOP((#10261,#10264,#10269));
#11470=IFCFACEOUTERBOUND(#11469,.T.);
#11471=IFCFACE((#11470));
#11472=IFCPOLYLOOP((#10242,#10264,#10261));
#11473=IFCFACEOUTERBOUND(#11472,.T.);
#11474=IFCFACE((#11473));
#11475=IFCPOLYLOOP((#10264,#10262,#10260));
#11476=IFCFACEOUTERBOUND(#11475,.T.);
#11477=IFCFACE((#11476));
#11478=IFCPOLYLOOP((#10263,#10246,#10265));
#11479=IFCFACEOUTERBOUND(#11478,.T.);
#11480=IFCFACE((#11479));
#11481=IFCPOLYLOOP((#10255,#10249,#10267));
#11482=IFCFACEOUTERBOUND(#11481,.T.);
#11483=IFCFACE((#11482));
#11484=IFCPOLYLOOP((#10262,#10264,#10242));
#11485=IFCFACEOUTERBOUND(#11484,.T.);
#11486=IFCFACE((#11485));
#11487=IFCPOLYLOOP((#10243,#10264,#10260));
#11488=IFCFACEOUTERBOUND(#11487,.T.);
#11489=IFCFACE((#11488));
#11490=IFCPOLYLOOP((#10269,#10270,#10247,#10261));
#11491=IFCFACEOUTERBOUND(#11490,.T.);
#11492=IFCFACE((#11491));
#11493=IFCPOLYLOOP((#10265,#10269,#10268));
#11494=IFCFACEOUTERBOUND(#11493,.T.);
#11495=IFCFACE((#11494));
#11496=IFCPOLYLOOP((#10262,#10242,#10266));
#11497=IFCFACEOUTERBOUND(#11496,.T.);
#11498=IFCFACE((#11497));
#11499=IFCPOLYLOOP((#10267,#10258,#10250));
#11500=IFCFACEOUTERBOUND(#11499,.T.);
#11501=IFCFACE((#11500));
#11502=IFCPOLYLOOP((#10255,#10267,#10263));
#11503=IFCFACEOUTERBOUND(#11502,.T.);
#11504=IFCFACE((#11503));
#11505=IFCPOLYLOOP((#10268,#10269,#10243));
#11506=IFCFACEOUTERBOUND(#11505,.T.);
#11507=IFCFACE((#11506));
#11508=IFCPOLYLOOP((#10268,#10244,#10265));
#11509=IFCFACEOUTERBOUND(#11508,.T.);
#11510=IFCFACE((#11509));
#11511=IFCPOLYLOOP((#10265,#10246,#10270));
#11512=IFCFACEOUTERBOUND(#11511,.T.);
#11513=IFCFACE((#11512));
#11514=IFCPOLYLOOP((#10271,#10256,#10252));
#11515=IFCFACEOUTERBOUND(#11514,.T.);
#11516=IFCFACE((#11515));
#11517=IFCPOLYLOOP((#10224,#10048,#10254,#10249,#10255,#10244,#10268,#10243,#10260,#10245,#10252,#10256,#10241,#10272));
#11518=IFCFACEOUTERBOUND(#11517,.T.);
#11519=IFCFACE((#11518));
#11520=IFCPOLYLOOP((#10226,#10225,#10273,#10274));
#11521=IFCFACEOUTERBOUND(#11520,.T.);
#11522=IFCFACE((#11521));
#11523=IFCPOLYLOOP((#10227,#10275,#10276,#10287,#10286,#10310,#10284,#10297,#10296,#10305,#10282,#10319,#10292,#10314,#10283,#10290,#10289,#10299,#10228));
#11524=IFCFACEOUTERBOUND(#11523,.T.);
#11525=IFCFACE((#11524));
#11526=IFCPOLYLOOP((#10307,#10298,#10285));
#11527=IFCFACEOUTERBOUND(#11526,.T.);
#11528=IFCFACE((#11527));
#11529=IFCPOLYLOOP((#10300,#10316,#10312));
#11530=IFCFACEOUTERBOUND(#11529,.T.);
#11531=IFCFACE((#11530));
#11532=IFCPOLYLOOP((#10299,#10323,#10324));
#11533=IFCFACEOUTERBOUND(#11532,.T.);
#11534=IFCFACE((#11533));
#11535=IFCPOLYLOOP((#10285,#10309,#10307));
#11536=IFCFACEOUTERBOUND(#11535,.T.);
#11537=IFCFACE((#11536));
#11538=IFCPOLYLOOP((#10323,#10299,#10289));
#11539=IFCFACEOUTERBOUND(#11538,.T.);
#11540=IFCFACE((#11539));
#11541=IFCPOLYLOOP((#10301,#10302,#10303));
#11542=IFCFACEOUTERBOUND(#11541,.T.);
#11543=IFCFACE((#11542));
#11544=IFCPOLYLOOP((#10290,#10283,#10312));
#11545=IFCFACEOUTERBOUND(#11544,.T.);
#11546=IFCFACE((#11545));
#11547=IFCPOLYLOOP((#10293,#10294,#10315));
#11548=IFCFACEOUTERBOUND(#11547,.T.);
#11549=IFCFACE((#11548));
#11550=IFCPOLYLOOP((#10304,#10306,#10325));
#11551=IFCFACEOUTERBOUND(#11550,.T.);
#11552=IFCFACE((#11551));
#11553=IFCPOLYLOOP((#10319,#10320,#10317));
#11554=IFCFACEOUTERBOUND(#11553,.T.);
#11555=IFCFACE((#11554));
#11556=IFCPOLYLOOP((#10322,#10309,#10308));
#11557=IFCFACEOUTERBOUND(#11556,.T.);
#11558=IFCFACE((#11557));
#11559=IFCPOLYLOOP((#10311,#10276,#10277));
#11560=IFCFACEOUTERBOUND(#11559,.T.);
#11561=IFCFACE((#11560));
#11562=IFCPOLYLOOP((#10298,#10307,#10311));
#11563=IFCFACEOUTERBOUND(#11562,.T.);
#11564=IFCFACE((#11563));
#11565=IFCPOLYLOOP((#10324,#10323,#10291));
#11566=IFCFACEOUTERBOUND(#11565,.T.);
#11567=IFCFACE((#11566));
#11568=IFCPOLYLOOP((#10293,#10315,#10317));
#11569=IFCFACEOUTERBOUND(#11568,.T.);
#11570=IFCFACE((#11569));
#11571=IFCPOLYLOOP((#10316,#10290,#10312));
#11572=IFCFACEOUTERBOUND(#11571,.T.);
#11573=IFCFACE((#11572));
#11574=IFCPOLYLOOP((#10228,#10299,#10324));
#11575=IFCFACEOUTERBOUND(#11574,.T.);
#11576=IFCFACE((#11575));
#11577=IFCPOLYLOOP((#10230,#10229,#10324));
#11578=IFCFACEOUTERBOUND(#11577,.T.);
#11579=IFCFACE((#11578));
#11580=IFCPOLYLOOP((#10313,#10280,#10312));
#11581=IFCFACEOUTERBOUND(#11580,.T.);
#11582=IFCFACE((#11581));
#11583=IFCPOLYLOOP((#10315,#10313,#10314));
#11584=IFCFACEOUTERBOUND(#11583,.T.);
#11585=IFCFACE((#11584));
#11586=IFCPOLYLOOP((#10281,#10301,#10303));
#11587=IFCFACEOUTERBOUND(#11586,.T.);
#11588=IFCFACE((#11587));
#11589=IFCPOLYLOOP((#10296,#10302,#10304));
#11590=IFCFACEOUTERBOUND(#11589,.T.);
#11591=IFCFACE((#11590));
#11592=IFCPOLYLOOP((#10296,#10297,#10302));
#11593=IFCFACEOUTERBOUND(#11592,.T.);
#11594=IFCFACE((#11593));
#11595=IFCPOLYLOOP((#10278,#10298,#10311));
#11596=IFCFACEOUTERBOUND(#11595,.T.);
#11597=IFCFACE((#11596));
#11598=IFCPOLYLOOP((#10307,#10286,#10287));
#11599=IFCFACEOUTERBOUND(#11598,.T.);
#11600=IFCFACE((#11599));
#11601=IFCPOLYLOOP((#10302,#10295,#10304));
#11602=IFCFACEOUTERBOUND(#11601,.T.);
#11603=IFCFACE((#11602));
#11604=IFCPOLYLOOP((#10316,#10288,#10323));
#11605=IFCFACEOUTERBOUND(#11604,.T.);
#11606=IFCFACE((#11605));
#11607=IFCPOLYLOOP((#10295,#10302,#10301));
#11608=IFCFACEOUTERBOUND(#11607,.T.);
#11609=IFCFACE((#11608));
#11610=IFCPOLYLOOP((#10303,#10302,#10297));
#11611=IFCFACEOUTERBOUND(#11610,.T.);
#11612=IFCFACE((#11611));
#11613=IFCPOLYLOOP((#10297,#10284,#10303));
#11614=IFCFACEOUTERBOUND(#11613,.T.);
#11615=IFCFACE((#11614));
#11616=IFCPOLYLOOP((#10303,#10284,#10322));
#11617=IFCFACEOUTERBOUND(#11616,.T.);
#11618=IFCFACE((#11617));
#11619=IFCPOLYLOOP((#10306,#10279,#10321));
#11620=IFCFACEOUTERBOUND(#11619,.T.);
#11621=IFCFACE((#11620));
#11622=IFCPOLYLOOP((#10304,#10295,#10306));
#11623=IFCFACEOUTERBOUND(#11622,.T.);
#11624=IFCFACE((#11623));
#11625=IFCPOLYLOOP((#10279,#10320,#10321));
#11626=IFCFACEOUTERBOUND(#11625,.T.);
#11627=IFCFACE((#11626));
#11628=IFCPOLYLOOP((#10305,#10296,#10304));
#11629=IFCFACEOUTERBOUND(#11628,.T.);
#11630=IFCFACE((#11629));
#11631=IFCPOLYLOOP((#10307,#10287,#10311));
#11632=IFCFACEOUTERBOUND(#11631,.T.);
#11633=IFCFACE((#11632));
#11634=IFCPOLYLOOP((#10276,#10311,#10287));
#11635=IFCFACEOUTERBOUND(#11634,.T.);
#11636=IFCFACE((#11635));
#11637=IFCPOLYLOOP((#10307,#10309,#10286));
#11638=IFCFACEOUTERBOUND(#11637,.T.);
#11639=IFCFACE((#11638));
#11640=IFCPOLYLOOP((#10285,#10308,#10309));
#11641=IFCFACEOUTERBOUND(#11640,.T.);
#11642=IFCFACE((#11641));
#11643=IFCPOLYLOOP((#10284,#10310,#10322));
#11644=IFCFACEOUTERBOUND(#11643,.T.);
#11645=IFCFACE((#11644));
#11646=IFCPOLYLOOP((#10281,#10322,#10308));
#11647=IFCFACEOUTERBOUND(#11646,.T.);
#11648=IFCFACE((#11647));
#11649=IFCPOLYLOOP((#10310,#10286,#10309));
#11650=IFCFACEOUTERBOUND(#11649,.T.);
#11651=IFCFACE((#11650));
#11652=IFCPOLYLOOP((#10278,#10311,#10277));
#11653=IFCFACEOUTERBOUND(#11652,.T.);
#11654=IFCFACE((#11653));
#11655=IFCPOLYLOOP((#10313,#10312,#10283));
#11656=IFCFACEOUTERBOUND(#11655,.T.);
#11657=IFCFACE((#11656));
#11658=IFCPOLYLOOP((#10300,#10312,#10280));
#11659=IFCFACEOUTERBOUND(#11658,.T.);
#11660=IFCFACE((#11659));
#11661=IFCPOLYLOOP((#10315,#10292,#10317));
#11662=IFCFACEOUTERBOUND(#11661,.T.);
#11663=IFCFACE((#11662));
#11664=IFCPOLYLOOP((#10294,#10280,#10313));
#11665=IFCFACEOUTERBOUND(#11664,.T.);
#11666=IFCFACE((#11665));
#11667=IFCPOLYLOOP((#10313,#10283,#10314));
#11668=IFCFACEOUTERBOUND(#11667,.T.);
#11669=IFCFACE((#11668));
#11670=IFCPOLYLOOP((#10315,#10314,#10292));
#11671=IFCFACEOUTERBOUND(#11670,.T.);
#11672=IFCFACE((#11671));
#11673=IFCPOLYLOOP((#10313,#10315,#10294));
#11674=IFCFACEOUTERBOUND(#11673,.T.);
#11675=IFCFACE((#11674));
#11676=IFCPOLYLOOP((#10288,#10316,#10300));
#11677=IFCFACEOUTERBOUND(#11676,.T.);
#11678=IFCFACE((#11677));
#11679=IFCPOLYLOOP((#10289,#10290,#10316));
#11680=IFCFACEOUTERBOUND(#11679,.T.);
#11681=IFCFACE((#11680));
#11682=IFCPOLYLOOP((#10320,#10319,#10282));
#11683=IFCFACEOUTERBOUND(#11682,.T.);
#11684=IFCFACE((#11683));
#11685=IFCPOLYLOOP((#10317,#10292,#10319));
#11686=IFCFACEOUTERBOUND(#11685,.T.);
#11687=IFCFACE((#11686));
#11688=IFCPOLYLOOP((#10320,#10279,#10318));
#11689=IFCFACEOUTERBOUND(#11688,.T.);
#11690=IFCFACE((#11689));
#11691=IFCPOLYLOOP((#10318,#10293,#10317));
#11692=IFCFACEOUTERBOUND(#11691,.T.);
#11693=IFCFACE((#11692));
#11694=IFCPOLYLOOP((#10320,#10282,#10321));
#11695=IFCFACEOUTERBOUND(#11694,.T.);
#11696=IFCFACE((#11695));
#11697=IFCPOLYLOOP((#10317,#10320,#10318));
#11698=IFCFACEOUTERBOUND(#11697,.T.);
#11699=IFCFACE((#11698));
#11700=IFCPOLYLOOP((#10282,#10305,#10321));
#11701=IFCFACEOUTERBOUND(#11700,.T.);
#11702=IFCFACE((#11701));
#11703=IFCPOLYLOOP((#10321,#10305,#10325));
#11704=IFCFACEOUTERBOUND(#11703,.T.);
#11705=IFCFACE((#11704));
#11706=IFCPOLYLOOP((#10322,#10310,#10309));
#11707=IFCFACEOUTERBOUND(#11706,.T.);
#11708=IFCFACE((#11707));
#11709=IFCPOLYLOOP((#10303,#10322,#10281));
#11710=IFCFACEOUTERBOUND(#11709,.T.);
#11711=IFCFACE((#11710));
#11712=IFCPOLYLOOP((#10316,#10323,#10289));
#11713=IFCFACEOUTERBOUND(#11712,.T.);
#11714=IFCFACE((#11713));
#11715=IFCPOLYLOOP((#10291,#10323,#10288));
#11716=IFCFACEOUTERBOUND(#11715,.T.);
#11717=IFCFACE((#11716));
#11718=IFCPOLYLOOP((#10230,#10324,#10291));
#11719=IFCFACEOUTERBOUND(#11718,.T.);
#11720=IFCFACE((#11719));
#11721=IFCPOLYLOOP((#10228,#10324,#10229));
#11722=IFCFACEOUTERBOUND(#11721,.T.);
#11723=IFCFACE((#11722));
#11724=IFCPOLYLOOP((#10321,#10325,#10306));
#11725=IFCFACEOUTERBOUND(#11724,.T.);
#11726=IFCFACE((#11725));
#11727=IFCPOLYLOOP((#10305,#10304,#10325));
#11728=IFCFACEOUTERBOUND(#11727,.T.);
#11729=IFCFACE((#11728));
#11730=IFCPOLYLOOP((#10357,#10375,#10376));
#11731=IFCFACEOUTERBOUND(#11730,.T.);
#11732=IFCFACE((#11731));
#11733=IFCPOLYLOOP((#10420,#10345,#10454));
#11734=IFCFACEOUTERBOUND(#11733,.T.);
#11735=IFCFACE((#11734));
#11736=IFCPOLYLOOP((#10489,#10464,#10424));
#11737=IFCFACEOUTERBOUND(#11736,.T.);
#11738=IFCFACE((#11737));
#11739=IFCPOLYLOOP((#10440,#10363,#10494));
#11740=IFCFACEOUTERBOUND(#11739,.T.);
#11741=IFCFACE((#11740));
#11742=IFCPOLYLOOP((#10377,#10398,#10406));
#11743=IFCFACEOUTERBOUND(#11742,.T.);
#11744=IFCFACE((#11743));
#11745=IFCPOLYLOOP((#10373,#10342,#10378));
#11746=IFCFACEOUTERBOUND(#11745,.T.);
#11747=IFCFACE((#11746));
#11748=IFCPOLYLOOP((#10426,#10389,#10468,#10350));
#11749=IFCFACEOUTERBOUND(#11748,.T.);
#11750=IFCFACE((#11749));
#11751=IFCPOLYLOOP((#10407,#10410,#10409));
#11752=IFCFACEOUTERBOUND(#11751,.T.);
#11753=IFCFACE((#11752));
#11754=IFCPOLYLOOP((#10370,#10369,#10355,#10371));
#11755=IFCFACEOUTERBOUND(#11754,.T.);
#11756=IFCFACE((#11755));
#11757=IFCPOLYLOOP((#10497,#10502,#10501,#10366));
#11758=IFCFACEOUTERBOUND(#11757,.T.);
#11759=IFCFACE((#11758));
#11760=IFCPOLYLOOP((#10491,#10492,#10434));
#11761=IFCFACEOUTERBOUND(#11760,.T.);
#11762=IFCFACE((#11761));
#11763=IFCPOLYLOOP((#10409,#10410,#10408));
#11764=IFCFACEOUTERBOUND(#11763,.T.);
#11765=IFCFACE((#11764));
#11766=IFCPOLYLOOP((#10493,#10488,#10433));
#11767=IFCFACEOUTERBOUND(#11766,.T.);
#11768=IFCFACE((#11767));
#11769=IFCPOLYLOOP((#10465,#10462,#10423));
#11770=IFCFACEOUTERBOUND(#11769,.T.);
#11771=IFCFACE((#11770));
#11772=IFCPOLYLOOP((#10400,#10340,#10398));
#11773=IFCFACEOUTERBOUND(#11772,.T.);
#11774=IFCFACE((#11773));
#11775=IFCPOLYLOOP((#10430,#10480,#10393));
#11776=IFCFACEOUTERBOUND(#11775,.T.);
#11777=IFCFACE((#11776));
#11778=IFCPOLYLOOP((#10342,#10373,#10371));
#11779=IFCFACEOUTERBOUND(#11778,.T.);
#11780=IFCFACE((#11779));
#11781=IFCPOLYLOOP((#10374,#10326,#10327));
#11782=IFCFACEOUTERBOUND(#11781,.T.);
#11783=IFCFACE((#11782));
#11784=IFCPOLYLOOP((#10240,#10239,#10369));
#11785=IFCFACEOUTERBOUND(#11784,.T.);
#11786=IFCFACE((#11785));
#11787=IFCPOLYLOOP((#10449,#10446,#10417));
#11788=IFCFACEOUTERBOUND(#11787,.T.);
#11789=IFCFACE((#11788));
#11790=IFCPOLYLOOP((#10484,#10485,#10432));
#11791=IFCFACEOUTERBOUND(#11790,.T.);
#11792=IFCFACE((#11791));
#11793=IFCPOLYLOOP((#10453,#10448,#10418));
#11794=IFCFACEOUTERBOUND(#11793,.T.);
#11795=IFCFACE((#11794));
#11796=IFCPOLYLOOP((#10455,#10451,#10419));
#11797=IFCFACEOUTERBOUND(#11796,.T.);
#11798=IFCFACE((#11797));
#11799=IFCPOLYLOOP((#10502,#10497,#10443));
#11800=IFCFACEOUTERBOUND(#11799,.T.);
#11801=IFCFACE((#11800));
#11802=IFCPOLYLOOP((#10428,#10475,#10391));
#11803=IFCFACEOUTERBOUND(#11802,.T.);
#11804=IFCFACE((#11803));
#11805=IFCPOLYLOOP((#10428,#10391,#10473,#10349));
#11806=IFCFACEOUTERBOUND(#11805,.T.);
#11807=IFCFACE((#11806));
#11808=IFCPOLYLOOP((#10426,#10470,#10389));
#11809=IFCFACEOUTERBOUND(#11808,.T.);
#11810=IFCFACE((#11809));
#11811=IFCPOLYLOOP((#10370,#10367,#10240));
#11812=IFCFACEOUTERBOUND(#11811,.T.);
#11813=IFCFACE((#11812));
#11814=IFCPOLYLOOP((#10374,#10375,#10357));
#11815=IFCFACEOUTERBOUND(#11814,.T.);
#11816=IFCFACE((#11815));
#11817=IFCPOLYLOOP((#10376,#10407,#10351));
#11818=IFCFACEOUTERBOUND(#11817,.T.);
#11819=IFCFACE((#11818));
#11820=IFCPOLYLOOP((#10354,#10370,#10373));
#11821=IFCFACEOUTERBOUND(#11820,.T.);
#11822=IFCFACE((#11821));
#11823=IFCPOLYLOOP((#10352,#10407,#10376));
#11824=IFCFACEOUTERBOUND(#11823,.T.);
#11825=IFCFACE((#11824));
#11826=IFCPOLYLOOP((#10327,#10375,#10374));
#11827=IFCFACEOUTERBOUND(#11826,.T.);
#11828=IFCFACE((#11827));
#11829=IFCPOLYLOOP((#10403,#10404,#10360));
#11830=IFCFACEOUTERBOUND(#11829,.T.);
#11831=IFCFACE((#11830));
#11832=IFCPOLYLOOP((#10430,#10393,#10478,#10359));
#11833=IFCFACEOUTERBOUND(#11832,.T.);
#11834=IFCFACE((#11833));
#11835=IFCPOLYLOOP((#10403,#10402,#10401));
#11836=IFCFACEOUTERBOUND(#11835,.T.);
#11837=IFCFACE((#11836));
#11838=IFCPOLYLOOP((#10495,#10496,#10440));
#11839=IFCFACEOUTERBOUND(#11838,.T.);
#11840=IFCFACE((#11839));
#11841=IFCPOLYLOOP((#10486,#10482,#10431));
#11842=IFCFACEOUTERBOUND(#11841,.T.);
#11843=IFCFACE((#11842));
#11844=IFCPOLYLOOP((#10484,#10442,#10414));
#11845=IFCFACEOUTERBOUND(#11844,.T.);
#11846=IFCFACE((#11845));
#11847=IFCPOLYLOOP((#10422,#10460,#10385));
#11848=IFCFACEOUTERBOUND(#11847,.T.);
#11849=IFCFACE((#11848));
#11850=IFCPOLYLOOP((#10422,#10385,#10458,#10365));
#11851=IFCFACEOUTERBOUND(#11850,.T.);
#11852=IFCFACE((#11851));
#11853=IFCPOLYLOOP((#10332,#10450,#10498,#10497));
#11854=IFCFACEOUTERBOUND(#11853,.T.);
#11855=IFCFACE((#11854));
#11856=IFCPOLYLOOP((#10367,#10241,#10240));
#11857=IFCFACEOUTERBOUND(#11856,.T.);
#11858=IFCFACE((#11857));
#11859=IFCPOLYLOOP((#10327,#10328,#10368));
#11860=IFCFACEOUTERBOUND(#11859,.T.);
#11861=IFCFACE((#11860));
#11862=IFCPOLYLOOP((#10369,#10370,#10240));
#11863=IFCFACEOUTERBOUND(#11862,.T.);
#11864=IFCFACE((#11863));
#11865=IFCPOLYLOOP((#10354,#10367,#10370));
#11866=IFCFACEOUTERBOUND(#11865,.T.);
#11867=IFCFACE((#11866));
#11868=IFCPOLYLOOP((#10373,#10341,#10372,#10354));
#11869=IFCFACEOUTERBOUND(#11868,.T.);
#11870=IFCFACE((#11869));
#11871=IFCPOLYLOOP((#10373,#10370,#10371));
#11872=IFCFACEOUTERBOUND(#11871,.T.);
#11873=IFCFACE((#11872));
#11874=IFCPOLYLOOP((#10495,#10445,#10417));
#11875=IFCFACEOUTERBOUND(#11874,.T.);
#11876=IFCFACE((#11875));
#11877=IFCPOLYLOOP((#10375,#10327,#10368));
#11878=IFCFACEOUTERBOUND(#11877,.T.);
#11879=IFCFACE((#11878));
#11880=IFCPOLYLOOP((#10368,#10356,#10375));
#11881=IFCFACEOUTERBOUND(#11880,.T.);
#11882=IFCFACE((#11881));
#11883=IFCPOLYLOOP((#10376,#10375,#10356));
#11884=IFCFACEOUTERBOUND(#11883,.T.);
#11885=IFCFACE((#11884));
#11886=IFCPOLYLOOP((#10352,#10376,#10356));
#11887=IFCFACEOUTERBOUND(#11886,.T.);
#11888=IFCFACE((#11887));
#11889=IFCPOLYLOOP((#10376,#10351,#10416,#10357));
#11890=IFCFACEOUTERBOUND(#11889,.T.);
#11891=IFCFACE((#11890));
#11892=IFCPOLYLOOP((#10373,#10378,#10341));
#11893=IFCFACEOUTERBOUND(#11892,.T.);
#11894=IFCFACE((#11893));
#11895=IFCPOLYLOOP((#10378,#10342,#10399));
#11896=IFCFACEOUTERBOUND(#11895,.T.);
#11897=IFCFACE((#11896));
#11898=IFCPOLYLOOP((#10398,#10339,#10400));
#11899=IFCFACEOUTERBOUND(#11898,.T.);
#11900=IFCFACE((#11899));
#11901=IFCPOLYLOOP((#10398,#10340,#10379));
#11902=IFCFACEOUTERBOUND(#11901,.T.);
#11903=IFCFACE((#11902));
#11904=IFCPOLYLOOP((#10378,#10406,#10341));
#11905=IFCFACEOUTERBOUND(#11904,.T.);
#11906=IFCFACE((#11905));
#11907=IFCPOLYLOOP((#10418,#10380,#10447,#10345));
#11908=IFCFACEOUTERBOUND(#11907,.T.);
#11909=IFCFACE((#11908));
#11910=IFCPOLYLOOP((#10498,#10450,#10419));
#11911=IFCFACEOUTERBOUND(#11910,.T.);
#11912=IFCFACE((#11911));
#11913=IFCPOLYLOOP((#10420,#10382,#10452));
#11914=IFCFACEOUTERBOUND(#11913,.T.);
#11915=IFCFACE((#11914));
#11916=IFCPOLYLOOP((#10456,#10460,#10459,#10384));
#11917=IFCFACEOUTERBOUND(#11916,.T.);
#11918=IFCFACE((#11917));
#11919=IFCPOLYLOOP((#10460,#10456,#10421));
#11920=IFCFACEOUTERBOUND(#11919,.T.);
#11921=IFCFACE((#11920));
#11922=IFCPOLYLOOP((#10423,#10334,#10461,#10386));
#11923=IFCFACEOUTERBOUND(#11922,.T.);
#11924=IFCFACE((#11923));
#11925=IFCPOLYLOOP((#10424,#10386,#10463,#10338));
#11926=IFCFACEOUTERBOUND(#11925,.T.);
#11927=IFCFACE((#11926));
#11928=IFCPOLYLOOP((#10388,#10425,#10470));
#11929=IFCFACEOUTERBOUND(#11928,.T.);
#11930=IFCFACE((#11929));
#11931=IFCPOLYLOOP((#10425,#10388,#10466,#10330));
#11932=IFCFACEOUTERBOUND(#11931,.T.);
#11933=IFCFACE((#11932));
#11934=IFCPOLYLOOP((#10471,#10475,#10474,#10390));
#11935=IFCFACEOUTERBOUND(#11934,.T.);
#11936=IFCFACE((#11935));
#11937=IFCPOLYLOOP((#10475,#10471,#10427));
#11938=IFCFACEOUTERBOUND(#11937,.T.);
#11939=IFCFACE((#11938));
#11940=IFCPOLYLOOP((#10392,#10429,#10480));
#11941=IFCFACEOUTERBOUND(#11940,.T.);
#11942=IFCFACE((#11941));
#11943=IFCPOLYLOOP((#10429,#10392,#10476,#10333));
#11944=IFCFACEOUTERBOUND(#11943,.T.);
#11945=IFCFACE((#11944));
#11946=IFCPOLYLOOP((#10431,#10331,#10481,#10394));
#11947=IFCFACEOUTERBOUND(#11946,.T.);
#11948=IFCFACE((#11947));
#11949=IFCPOLYLOOP((#10432,#10394,#10483,#10362));
#11950=IFCFACEOUTERBOUND(#11949,.T.);
#11951=IFCFACE((#11950));
#11952=IFCPOLYLOOP((#10433,#10338,#10487,#10396));
#11953=IFCFACEOUTERBOUND(#11952,.T.);
#11954=IFCFACE((#11953));
#11955=IFCPOLYLOOP((#10434,#10396,#10490,#10335));
#11956=IFCFACEOUTERBOUND(#11955,.T.);
#11957=IFCFACE((#11956));
#11958=IFCPOLYLOOP((#10406,#10398,#10379));
#11959=IFCFACEOUTERBOUND(#11958,.T.);
#11960=IFCFACE((#11959));
#11961=IFCPOLYLOOP((#10398,#10377,#10435,#10339));
#11962=IFCFACEOUTERBOUND(#11961,.T.);
#11963=IFCFACE((#11962));
#11964=IFCPOLYLOOP((#10404,#10359,#10436,#10360));
#11965=IFCFACEOUTERBOUND(#11964,.T.);
#11966=IFCFACE((#11965));
#11967=IFCPOLYLOOP((#10406,#10399,#10377));
#11968=IFCFACEOUTERBOUND(#11967,.T.);
#11969=IFCFACE((#11968));
#11970=IFCPOLYLOOP((#10403,#10405,#10400));
#11971=IFCFACEOUTERBOUND(#11970,.T.);
#11972=IFCFACE((#11971));
#11973=IFCPOLYLOOP((#10400,#10402,#10403));
#11974=IFCFACEOUTERBOUND(#11973,.T.);
#11975=IFCFACE((#11974));
#11976=IFCPOLYLOOP((#10400,#10339,#10402));
#11977=IFCFACEOUTERBOUND(#11976,.T.);
#11978=IFCFACE((#11977));
#11979=IFCPOLYLOOP((#10403,#10401,#10404));
#11980=IFCFACEOUTERBOUND(#11979,.T.);
#11981=IFCFACE((#11980));
#11982=IFCPOLYLOOP((#10341,#10406,#10379));
#11983=IFCFACEOUTERBOUND(#11982,.T.);
#11984=IFCFACE((#11983));
#11985=IFCPOLYLOOP((#10404,#10401,#10437,#10358));
#11986=IFCFACEOUTERBOUND(#11985,.T.);
#11987=IFCFACE((#11986));
#11988=IFCPOLYLOOP((#10430,#10404,#10358));
#11989=IFCFACEOUTERBOUND(#11988,.T.);
#11990=IFCFACE((#11989));
#11991=IFCPOLYLOOP((#10405,#10403,#10360));
#11992=IFCFACEOUTERBOUND(#11991,.T.);
#11993=IFCFACE((#11992));
#11994=IFCPOLYLOOP((#10405,#10340,#10400));
#11995=IFCFACEOUTERBOUND(#11994,.T.);
#11996=IFCFACE((#11995));
#11997=IFCPOLYLOOP((#10399,#10406,#10378));
#11998=IFCFACEOUTERBOUND(#11997,.T.);
#11999=IFCFACE((#11998));
#12000=IFCPOLYLOOP((#10410,#10412,#10353));
#12001=IFCFACEOUTERBOUND(#12000,.T.);
#12002=IFCFACE((#12001));
#12003=IFCPOLYLOOP((#10353,#10411,#10410));
#12004=IFCFACEOUTERBOUND(#12003,.T.);
#12005=IFCFACE((#12004));
#12006=IFCPOLYLOOP((#10410,#10411,#10408));
#12007=IFCFACEOUTERBOUND(#12006,.T.);
#12008=IFCFACE((#12007));
#12009=IFCPOLYLOOP((#10412,#10410,#10407));
#12010=IFCFACEOUTERBOUND(#12009,.T.);
#12011=IFCFACE((#12010));
#12012=IFCPOLYLOOP((#10409,#10351,#10407));
#12013=IFCFACEOUTERBOUND(#12012,.T.);
#12014=IFCFACE((#12013));
#12015=IFCPOLYLOOP((#10411,#10353,#10438,#10336));
#12016=IFCFACEOUTERBOUND(#12015,.T.);
#12017=IFCFACE((#12016));
#12018=IFCPOLYLOOP((#10488,#10493,#10397));
#12019=IFCFACEOUTERBOUND(#12018,.T.);
#12020=IFCFACE((#12019));
#12021=IFCPOLYLOOP((#10491,#10439,#10411));
#12022=IFCFACEOUTERBOUND(#12021,.T.);
#12023=IFCFACE((#12022));
#12024=IFCPOLYLOOP((#10407,#10352,#10412));
#12025=IFCFACEOUTERBOUND(#12024,.T.);
#12026=IFCFACE((#12025));
#12027=IFCPOLYLOOP((#10482,#10486,#10395));
#12028=IFCFACEOUTERBOUND(#12027,.T.);
#12029=IFCFACE((#12028));
#12030=IFCPOLYLOOP((#10414,#10413,#10441,#10361));
#12031=IFCFACEOUTERBOUND(#12030,.T.);
#12032=IFCFACE((#12031));
#12033=IFCPOLYLOOP((#10440,#10414,#10363));
#12034=IFCFACEOUTERBOUND(#12033,.T.);
#12035=IFCFACE((#12034));
#12036=IFCPOLYLOOP((#10380,#10418,#10449));
#12037=IFCFACEOUTERBOUND(#12036,.T.);
#12038=IFCFACE((#12037));
#12039=IFCPOLYLOOP((#10444,#10415,#10500,#10364));
#12040=IFCFACEOUTERBOUND(#12039,.T.);
#12041=IFCFACE((#12040));
#12042=IFCPOLYLOOP((#10329,#10498,#10419));
#12043=IFCFACEOUTERBOUND(#12042,.T.);
#12044=IFCFACE((#12043));
#12045=IFCPOLYLOOP((#10451,#10455,#10454,#10383));
#12046=IFCFACEOUTERBOUND(#12045,.T.);
#12047=IFCFACE((#12046));
#12048=IFCPOLYLOOP((#10418,#10448,#10449));
#12049=IFCFACEOUTERBOUND(#12048,.T.);
#12050=IFCFACE((#12049));
#12051=IFCPOLYLOOP((#10382,#10420,#10455));
#12052=IFCFACEOUTERBOUND(#12051,.T.);
#12053=IFCFACE((#12052));
#12054=IFCPOLYLOOP((#10498,#10329,#10443));
#12055=IFCFACEOUTERBOUND(#12054,.T.);
#12056=IFCFACE((#12055));
#12057=IFCPOLYLOOP((#10452,#10453,#10420));
#12058=IFCFACEOUTERBOUND(#12057,.T.);
#12059=IFCFACE((#12058));
#12060=IFCPOLYLOOP((#10420,#10454,#10455));
#12061=IFCFACEOUTERBOUND(#12060,.T.);
#12062=IFCFACE((#12061));
#12063=IFCPOLYLOOP((#10427,#10421,#10348));
#12064=IFCFACEOUTERBOUND(#12063,.T.);
#12065=IFCFACE((#12064));
#12066=IFCPOLYLOOP((#10421,#10347,#10457,#10385));
#12067=IFCFACEOUTERBOUND(#12066,.T.);
#12068=IFCFACE((#12067));
#12069=IFCPOLYLOOP((#10444,#10422,#10365));
#12070=IFCFACEOUTERBOUND(#12069,.T.);
#12071=IFCFACE((#12070));
#12072=IFCPOLYLOOP((#10422,#10364,#10459));
#12073=IFCFACEOUTERBOUND(#12072,.T.);
#12074=IFCFACE((#12073));
#12075=IFCPOLYLOOP((#10386,#10424,#10465));
#12076=IFCFACEOUTERBOUND(#12075,.T.);
#12077=IFCFACE((#12076));
#12078=IFCPOLYLOOP((#10431,#10423,#10331));
#12079=IFCFACEOUTERBOUND(#12078,.T.);
#12080=IFCFACE((#12079));
#12081=IFCPOLYLOOP((#10338,#10433,#10489));
#12082=IFCFACEOUTERBOUND(#12081,.T.);
#12083=IFCFACE((#12082));
#12084=IFCPOLYLOOP((#10465,#10424,#10387));
#12085=IFCFACEOUTERBOUND(#12084,.T.);
#12086=IFCFACE((#12085));
#12087=IFCPOLYLOOP((#10429,#10425,#10330));
#12088=IFCFACEOUTERBOUND(#12087,.T.);
#12089=IFCFACE((#12088));
#12090=IFCPOLYLOOP((#10425,#10333,#10467));
#12091=IFCFACEOUTERBOUND(#12090,.T.);
#12092=IFCFACE((#12091));
#12093=IFCPOLYLOOP((#10428,#10426,#10350));
#12094=IFCFACEOUTERBOUND(#12093,.T.);
#12095=IFCFACE((#12094));
#12096=IFCPOLYLOOP((#10426,#10349,#10469));
#12097=IFCFACEOUTERBOUND(#12096,.T.);
#12098=IFCFACE((#12097));
#12099=IFCPOLYLOOP((#10421,#10427,#10347));
#12100=IFCFACEOUTERBOUND(#12099,.T.);
#12101=IFCFACE((#12100));
#12102=IFCPOLYLOOP((#10427,#10348,#10472));
#12103=IFCFACEOUTERBOUND(#12102,.T.);
#12104=IFCFACE((#12103));
#12105=IFCPOLYLOOP((#10426,#10428,#10349));
#12106=IFCFACEOUTERBOUND(#12105,.T.);
#12107=IFCFACE((#12106));
#12108=IFCPOLYLOOP((#10428,#10350,#10474));
#12109=IFCFACEOUTERBOUND(#12108,.T.);
#12110=IFCFACE((#12109));
#12111=IFCPOLYLOOP((#10425,#10429,#10333));
#12112=IFCFACEOUTERBOUND(#12111,.T.);
#12113=IFCFACE((#12112));
#12114=IFCPOLYLOOP((#10429,#10330,#10477));
#12115=IFCFACEOUTERBOUND(#12114,.T.);
#12116=IFCFACE((#12115));
#12117=IFCPOLYLOOP((#10404,#10430,#10359));
#12118=IFCFACEOUTERBOUND(#12117,.T.);
#12119=IFCFACE((#12118));
#12120=IFCPOLYLOOP((#10430,#10358,#10479));
#12121=IFCFACEOUTERBOUND(#12120,.T.);
#12122=IFCFACE((#12121));
#12123=IFCPOLYLOOP((#10394,#10432,#10486));
#12124=IFCFACEOUTERBOUND(#12123,.T.);
#12125=IFCFACE((#12124));
#12126=IFCPOLYLOOP((#10423,#10431,#10334));
#12127=IFCFACEOUTERBOUND(#12126,.T.);
#12128=IFCFACE((#12127));
#12129=IFCPOLYLOOP((#10432,#10362,#10484));
#12130=IFCFACEOUTERBOUND(#12129,.T.);
#12131=IFCFACE((#12130));
#12132=IFCPOLYLOOP((#10486,#10432,#10395));
#12133=IFCFACEOUTERBOUND(#12132,.T.);
#12134=IFCFACE((#12133));
#12135=IFCPOLYLOOP((#10396,#10434,#10493));
#12136=IFCFACEOUTERBOUND(#12135,.T.);
#12137=IFCFACE((#12136));
#12138=IFCPOLYLOOP((#10489,#10433,#10337));
#12139=IFCFACEOUTERBOUND(#12138,.T.);
#12140=IFCFACE((#12139));
#12141=IFCPOLYLOOP((#10434,#10335,#10491));
#12142=IFCFACEOUTERBOUND(#12141,.T.);
#12143=IFCFACE((#12142));
#12144=IFCPOLYLOOP((#10493,#10434,#10397));
#12145=IFCFACEOUTERBOUND(#12144,.T.);
#12146=IFCFACE((#12145));
#12147=IFCPOLYLOOP((#10494,#10495,#10440));
#12148=IFCFACEOUTERBOUND(#12147,.T.);
#12149=IFCFACE((#12148));
#12150=IFCPOLYLOOP((#10439,#10408,#10411));
#12151=IFCFACEOUTERBOUND(#12150,.T.);
#12152=IFCFACE((#12151));
#12153=IFCPOLYLOOP((#10414,#10440,#10413));
#12154=IFCFACEOUTERBOUND(#12153,.T.);
#12155=IFCFACE((#12154));
#12156=IFCPOLYLOOP((#10443,#10329,#10499,#10415));
#12157=IFCFACEOUTERBOUND(#12156,.T.);
#12158=IFCFACE((#12157));
#12159=IFCPOLYLOOP((#10442,#10363,#10414));
#12160=IFCFACEOUTERBOUND(#12159,.T.);
#12161=IFCFACE((#12160));
#12162=IFCPOLYLOOP((#10502,#10415,#10444));
#12163=IFCFACEOUTERBOUND(#12162,.T.);
#12164=IFCFACE((#12163));
#12165=IFCPOLYLOOP((#10422,#10444,#10364));
#12166=IFCFACEOUTERBOUND(#12165,.T.);
#12167=IFCFACE((#12166));
#12168=IFCPOLYLOOP((#10444,#10365,#10501));
#12169=IFCFACEOUTERBOUND(#12168,.T.);
#12170=IFCFACE((#12169));
#12171=IFCPOLYLOOP((#10446,#10449,#10448,#10381));
#12172=IFCFACEOUTERBOUND(#12171,.T.);
#12173=IFCFACE((#12172));
#12174=IFCPOLYLOOP((#10380,#10417,#10445));
#12175=IFCFACEOUTERBOUND(#12174,.T.);
#12176=IFCFACE((#12175));
#12177=IFCPOLYLOOP((#10446,#10343,#10417));
#12178=IFCFACEOUTERBOUND(#12177,.T.);
#12179=IFCFACE((#12178));
#12180=IFCPOLYLOOP((#10380,#10449,#10417));
#12181=IFCFACEOUTERBOUND(#12180,.T.);
#12182=IFCFACE((#12181));
#12183=IFCPOLYLOOP((#10448,#10453,#10452,#10346));
#12184=IFCFACEOUTERBOUND(#12183,.T.);
#12185=IFCFACE((#12184));
#12186=IFCPOLYLOOP((#10382,#10419,#10450));
#12187=IFCFACEOUTERBOUND(#12186,.T.);
#12188=IFCFACE((#12187));
#12189=IFCPOLYLOOP((#10451,#10329,#10419));
#12190=IFCFACEOUTERBOUND(#12189,.T.);
#12191=IFCFACE((#12190));
#12192=IFCPOLYLOOP((#10345,#10453,#10418));
#12193=IFCFACEOUTERBOUND(#12192,.T.);
#12194=IFCFACE((#12193));
#12195=IFCPOLYLOOP((#10345,#10420,#10453));
#12196=IFCFACEOUTERBOUND(#12195,.T.);
#12197=IFCFACE((#12196));
#12198=IFCPOLYLOOP((#10382,#10455,#10419));
#12199=IFCFACEOUTERBOUND(#12198,.T.);
#12200=IFCFACE((#12199));
#12201=IFCPOLYLOOP((#10385,#10460,#10421));
#12202=IFCFACEOUTERBOUND(#12201,.T.);
#12203=IFCFACE((#12202));
#12204=IFCPOLYLOOP((#10348,#10421,#10456));
#12205=IFCFACEOUTERBOUND(#12204,.T.);
#12206=IFCFACE((#12205));
#12207=IFCPOLYLOOP((#10459,#10460,#10422));
#12208=IFCFACEOUTERBOUND(#12207,.T.);
#12209=IFCFACE((#12208));
#12210=IFCPOLYLOOP((#10462,#10465,#10387));
#12211=IFCFACEOUTERBOUND(#12210,.T.);
#12212=IFCFACE((#12211));
#12213=IFCPOLYLOOP((#10462,#10331,#10423));
#12214=IFCFACEOUTERBOUND(#12213,.T.);
#12215=IFCFACE((#12214));
#12216=IFCPOLYLOOP((#10464,#10387,#10424));
#12217=IFCFACEOUTERBOUND(#12216,.T.);
#12218=IFCFACE((#12217));
#12219=IFCPOLYLOOP((#10386,#10465,#10423));
#12220=IFCFACEOUTERBOUND(#12219,.T.);
#12221=IFCFACE((#12220));
#12222=IFCPOLYLOOP((#10470,#10425,#10467));
#12223=IFCFACEOUTERBOUND(#12222,.T.);
#12224=IFCFACE((#12223));
#12225=IFCPOLYLOOP((#10470,#10467,#10389));
#12226=IFCFACEOUTERBOUND(#12225,.T.);
#12227=IFCFACE((#12226));
#12228=IFCPOLYLOOP((#10470,#10469,#10388));
#12229=IFCFACEOUTERBOUND(#12228,.T.);
#12230=IFCFACE((#12229));
#12231=IFCPOLYLOOP((#10469,#10470,#10426));
#12232=IFCFACEOUTERBOUND(#12231,.T.);
#12233=IFCFACE((#12232));
#12234=IFCPOLYLOOP((#10475,#10427,#10472));
#12235=IFCFACEOUTERBOUND(#12234,.T.);
#12236=IFCFACE((#12235));
#12237=IFCPOLYLOOP((#10347,#10427,#10471));
#12238=IFCFACEOUTERBOUND(#12237,.T.);
#12239=IFCFACE((#12238));
#12240=IFCPOLYLOOP((#10475,#10472,#10391));
#12241=IFCFACEOUTERBOUND(#12240,.T.);
#12242=IFCFACE((#12241));
#12243=IFCPOLYLOOP((#10474,#10475,#10428));
#12244=IFCFACEOUTERBOUND(#12243,.T.);
#12245=IFCFACE((#12244));
#12246=IFCPOLYLOOP((#10480,#10429,#10477));
#12247=IFCFACEOUTERBOUND(#12246,.T.);
#12248=IFCFACE((#12247));
#12249=IFCPOLYLOOP((#10480,#10477,#10393));
#12250=IFCFACEOUTERBOUND(#12249,.T.);
#12251=IFCFACE((#12250));
#12252=IFCPOLYLOOP((#10480,#10479,#10392));
#12253=IFCFACEOUTERBOUND(#12252,.T.);
#12254=IFCFACE((#12253));
#12255=IFCPOLYLOOP((#10479,#10480,#10430));
#12256=IFCFACEOUTERBOUND(#12255,.T.);
#12257=IFCFACE((#12256));
#12258=IFCPOLYLOOP((#10442,#10484,#10362));
#12259=IFCFACEOUTERBOUND(#12258,.T.);
#12260=IFCFACE((#12259));
#12261=IFCPOLYLOOP((#10482,#10334,#10431));
#12262=IFCFACEOUTERBOUND(#12261,.T.);
#12263=IFCFACE((#12262));
#12264=IFCPOLYLOOP((#10361,#10484,#10414));
#12265=IFCFACEOUTERBOUND(#12264,.T.);
#12266=IFCFACE((#12265));
#12267=IFCPOLYLOOP((#10485,#10484,#10361));
#12268=IFCFACEOUTERBOUND(#12267,.T.);
#12269=IFCFACE((#12268));
#12270=IFCPOLYLOOP((#10485,#10395,#10432));
#12271=IFCFACEOUTERBOUND(#12270,.T.);
#12272=IFCFACE((#12271));
#12273=IFCPOLYLOOP((#10394,#10486,#10431));
#12274=IFCFACEOUTERBOUND(#12273,.T.);
#12275=IFCFACE((#12274));
#12276=IFCPOLYLOOP((#10464,#10489,#10337));
#12277=IFCFACEOUTERBOUND(#12276,.T.);
#12278=IFCFACE((#12277));
#12279=IFCPOLYLOOP((#10488,#10337,#10433));
#12280=IFCFACEOUTERBOUND(#12279,.T.);
#12281=IFCFACE((#12280));
#12282=IFCPOLYLOOP((#10338,#10489,#10424));
#12283=IFCFACEOUTERBOUND(#12282,.T.);
#12284=IFCFACE((#12283));
#12285=IFCPOLYLOOP((#10439,#10491,#10335));
#12286=IFCFACEOUTERBOUND(#12285,.T.);
#12287=IFCFACE((#12286));
#12288=IFCPOLYLOOP((#10336,#10491,#10411));
#12289=IFCFACEOUTERBOUND(#12288,.T.);
#12290=IFCFACE((#12289));
#12291=IFCPOLYLOOP((#10492,#10491,#10336));
#12292=IFCFACEOUTERBOUND(#12291,.T.);
#12293=IFCFACE((#12292));
#12294=IFCPOLYLOOP((#10492,#10397,#10434));
#12295=IFCFACEOUTERBOUND(#12294,.T.);
#12296=IFCFACE((#12295));
#12297=IFCPOLYLOOP((#10396,#10493,#10433));
#12298=IFCFACEOUTERBOUND(#12297,.T.);
#12299=IFCFACE((#12298));
#12300=IFCPOLYLOOP((#10445,#10495,#10494,#10344));
#12301=IFCFACEOUTERBOUND(#12300,.T.);
#12302=IFCFACE((#12301));
#12303=IFCPOLYLOOP((#10343,#10495,#10417));
#12304=IFCFACEOUTERBOUND(#12303,.T.);
#12305=IFCFACE((#12304));
#12306=IFCPOLYLOOP((#10496,#10495,#10343));
#12307=IFCFACEOUTERBOUND(#12306,.T.);
#12308=IFCFACE((#12307));
#12309=IFCPOLYLOOP((#10496,#10413,#10440));
#12310=IFCFACEOUTERBOUND(#12309,.T.);
#12311=IFCFACE((#12310));
#12312=IFCPOLYLOOP((#10497,#10498,#10443));
#12313=IFCFACEOUTERBOUND(#12312,.T.);
#12314=IFCFACE((#12313));
#12315=IFCPOLYLOOP((#10415,#10502,#10443));
#12316=IFCFACEOUTERBOUND(#12315,.T.);
#12317=IFCFACE((#12316));
#12318=IFCPOLYLOOP((#10501,#10502,#10444));
#12319=IFCFACEOUTERBOUND(#12318,.T.);
#12320=IFCFACE((#12319));
#12321=IFCPOLYLOOP((#10272,#10241,#10367,#10354,#10372,#10341,#10379,#10340,#10405,#10360,#10436,#10359,#10478,#10393,#10477,#10330,#10466,#10388,#10469,#10349,#10473,#10391,#10472,#10348,#10456,#10384,#10459,#10364,#10500,#10415,#10499,#10329,#10451,#10383,#10454,#10345,#10447,#10380,#10445,#10344,#10494,#10363,#10442,#10362,#10483,#10394,#10481,#10331,#10462,#10387,#10464,#10337,#10488,#10397,#10492,#10336,#10438,#10353,#10412,#10352,#10356,#10368,#10328,#10503));
#12322=IFCFACEOUTERBOUND(#12321,.T.);
#12323=IFCFACE((#12322));
#12324=IFCPOLYLOOP((#10503,#10273,#10272));
#12325=IFCFACEOUTERBOUND(#12324,.T.);
#12326=IFCFACE((#12325));
#12327=IFCPOLYLOOP((#10273,#10503,#9985));
#12328=IFCFACEOUTERBOUND(#12327,.T.);
#12329=IFCFACE((#12328));
#12330=IFCPOLYLOOP((#10223,#9985,#10503));
#12331=IFCFACEOUTERBOUND(#12330,.T.);
#12332=IFCFACE((#12331));
#12333=IFCPOLYLOOP((#9985,#10223,#10224));
#12334=IFCFACEOUTERBOUND(#12333,.T.);
#12335=IFCFACE((#12334));
#12336=IFCPOLYLOOP((#9986,#10224,#10272));
#12337=IFCFACEOUTERBOUND(#12336,.T.);
#12338=IFCFACE((#12337));
#12339=IFCPOLYLOOP((#10224,#9986,#9985));
#12340=IFCFACEOUTERBOUND(#12339,.T.);
#12341=IFCFACE((#12340));
#12342=IFCPOLYLOOP((#10225,#10272,#10273));
#12343=IFCFACEOUTERBOUND(#12342,.T.);
#12344=IFCFACE((#12343));
#12345=IFCPOLYLOOP((#10272,#10225,#9986));
#12346=IFCFACEOUTERBOUND(#12345,.T.);
#12347=IFCFACE((#12346));
#12348=IFCPOLYLOOP((#10274,#10273,#9985,#9984));
#12349=IFCFACEOUTERBOUND(#12348,.T.);
#12350=IFCFACE((#12349));
#12351=IFCPOLYLOOP((#10274,#10275,#10226));
#12352=IFCFACEOUTERBOUND(#12351,.T.);
#12353=IFCFACE((#12352));
#12354=IFCPOLYLOOP((#10275,#10274,#9989));
#12355=IFCFACEOUTERBOUND(#12354,.T.);
#12356=IFCFACE((#12355));
#12357=IFCPOLYLOOP((#9984,#9989,#10274));
#12358=IFCFACEOUTERBOUND(#12357,.T.);
#12359=IFCFACE((#12358));
#12360=IFCPOLYLOOP((#9989,#9984,#9987));
#12361=IFCFACEOUTERBOUND(#12360,.T.);
#12362=IFCFACE((#12361));
#12363=IFCPOLYLOOP((#9990,#9987,#10226));
#12364=IFCFACEOUTERBOUND(#12363,.T.);
#12365=IFCFACE((#12364));
#12366=IFCPOLYLOOP((#9987,#9990,#9989));
#12367=IFCFACEOUTERBOUND(#12366,.T.);
#12368=IFCFACE((#12367));
#12369=IFCPOLYLOOP((#10227,#10226,#10275));
#12370=IFCFACEOUTERBOUND(#12369,.T.);
#12371=IFCFACE((#12370));
#12372=IFCPOLYLOOP((#10226,#10227,#9990));
#12373=IFCFACEOUTERBOUND(#12372,.T.);
#12374=IFCFACE((#12373));
#12375=IFCPOLYLOOP((#10276,#10275,#9989,#9988,#10504,#10506));
#12376=IFCFACEOUTERBOUND(#12375,.T.);
#12377=IFCFACE((#12376));
#12378=IFCPOLYLOOP((#10507,#10509,#10505,#10508));
#12379=IFCFACEOUTERBOUND(#12378,.T.);
#12380=IFCFACE((#12379));
#12381=IFCPOLYLOOP((#10508,#10277,#10510));
#12382=IFCFACEOUTERBOUND(#12381,.T.);
#12383=IFCFACE((#12382));
#12384=IFCPOLYLOOP((#9988,#9993,#10511));
#12385=IFCFACEOUTERBOUND(#12384,.T.);
#12386=IFCFACE((#12385));
#12387=IFCPOLYLOOP((#10507,#10504,#10511));
#12388=IFCFACEOUTERBOUND(#12387,.T.);
#12389=IFCFACE((#12388));
#12390=IFCPOLYLOOP((#10276,#10506,#10510));
#12391=IFCFACEOUTERBOUND(#12390,.T.);
#12392=IFCFACE((#12391));
#12393=IFCPOLYLOOP((#10507,#10506,#10504));
#12394=IFCFACEOUTERBOUND(#12393,.T.);
#12395=IFCFACE((#12394));
#12396=IFCPOLYLOOP((#10509,#10507,#10511));
#12397=IFCFACEOUTERBOUND(#12396,.T.);
#12398=IFCFACE((#12397));
#12399=IFCPOLYLOOP((#10508,#10510,#10507));
#12400=IFCFACEOUTERBOUND(#12399,.T.);
#12401=IFCFACE((#12400));
#12402=IFCPOLYLOOP((#10510,#10506,#10507));
#12403=IFCFACEOUTERBOUND(#12402,.T.);
#12404=IFCFACE((#12403));
#12405=IFCPOLYLOOP((#10508,#10278,#10277));
#12406=IFCFACEOUTERBOUND(#12405,.T.);
#12407=IFCFACE((#12406));
#12408=IFCPOLYLOOP((#9993,#9992,#10509));
#12409=IFCFACEOUTERBOUND(#12408,.T.);
#12410=IFCFACE((#12409));
#12411=IFCPOLYLOOP((#10276,#10510,#10277));
#12412=IFCFACEOUTERBOUND(#12411,.T.);
#12413=IFCFACE((#12412));
#12414=IFCPOLYLOOP((#9988,#10511,#10504));
#12415=IFCFACEOUTERBOUND(#12414,.T.);
#12416=IFCFACE((#12415));
#12417=IFCPOLYLOOP((#10509,#10511,#9993));
#12418=IFCFACEOUTERBOUND(#12417,.T.);
#12419=IFCFACE((#12418));
#12420=IFCPOLYLOOP((#10230,#10326,#10374));
#12421=IFCFACEOUTERBOUND(#12420,.T.);
#12422=IFCFACE((#12421));
#12423=IFCPOLYLOOP((#10239,#9995,#10235));
#12424=IFCFACEOUTERBOUND(#12423,.T.);
#12425=IFCFACE((#12424));
#12426=IFCPOLYLOOP((#10326,#10278,#10508));
#12427=IFCFACEOUTERBOUND(#12426,.T.);
#12428=IFCFACE((#12427));
#12429=IFCPOLYLOOP((#10326,#10230,#10291));
#12430=IFCFACEOUTERBOUND(#12429,.T.);
#12431=IFCFACE((#12430));
#12432=IFCPOLYLOOP((#9995,#10046,#10094));
#12433=IFCFACEOUTERBOUND(#12432,.T.);
#12434=IFCFACE((#12433));
#12435=IFCPOLYLOOP((#9995,#10239,#10253));
#12436=IFCFACEOUTERBOUND(#12435,.T.);
#12437=IFCFACE((#12436));
#12438=IFCPOLYLOOP((#9992,#10045,#10523));
#12439=IFCFACEOUTERBOUND(#12438,.T.);
#12440=IFCFACE((#12439));
#12441=IFCPOLYLOOP((#10045,#9992,#10008));
#12442=IFCFACEOUTERBOUND(#12441,.T.);
#12443=IFCFACE((#12442));
#12444=IFCPOLYLOOP((#10230,#10374,#10357));
#12445=IFCFACEOUTERBOUND(#12444,.T.);
#12446=IFCFACE((#12445));
#12447=IFCPOLYLOOP((#10230,#10357,#10416));
#12448=IFCFACEOUTERBOUND(#12447,.T.);
#12449=IFCFACE((#12448));
#12450=IFCPOLYLOOP((#10230,#10416,#10351));
#12451=IFCFACEOUTERBOUND(#12450,.T.);
#12452=IFCFACE((#12451));
#12453=IFCPOLYLOOP((#10230,#10351,#10409));
#12454=IFCFACEOUTERBOUND(#12453,.T.);
#12455=IFCFACE((#12454));
#12456=IFCPOLYLOOP((#10230,#10409,#10408));
#12457=IFCFACEOUTERBOUND(#12456,.T.);
#12458=IFCFACE((#12457));
#12459=IFCPOLYLOOP((#10230,#10408,#10439));
#12460=IFCFACEOUTERBOUND(#12459,.T.);
#12461=IFCFACE((#12460));
#12462=IFCPOLYLOOP((#10230,#10439,#10335));
#12463=IFCFACEOUTERBOUND(#12462,.T.);
#12464=IFCFACE((#12463));
#12465=IFCPOLYLOOP((#10230,#10335,#10490));
#12466=IFCFACEOUTERBOUND(#12465,.T.);
#12467=IFCFACE((#12466));
#12468=IFCPOLYLOOP((#10230,#10490,#10396));
#12469=IFCFACEOUTERBOUND(#12468,.T.);
#12470=IFCFACE((#12469));
#12471=IFCPOLYLOOP((#10230,#10396,#10487));
#12472=IFCFACEOUTERBOUND(#12471,.T.);
#12473=IFCFACE((#12472));
#12474=IFCPOLYLOOP((#10230,#10487,#10338));
#12475=IFCFACEOUTERBOUND(#12474,.T.);
#12476=IFCFACE((#12475));
#12477=IFCPOLYLOOP((#10230,#10338,#10463));
#12478=IFCFACEOUTERBOUND(#12477,.T.);
#12479=IFCFACE((#12478));
#12480=IFCPOLYLOOP((#10230,#10463,#10386));
#12481=IFCFACEOUTERBOUND(#12480,.T.);
#12482=IFCFACE((#12481));
#12483=IFCPOLYLOOP((#10230,#10386,#10461));
#12484=IFCFACEOUTERBOUND(#12483,.T.);
#12485=IFCFACE((#12484));
#12486=IFCPOLYLOOP((#10230,#10461,#10334));
#12487=IFCFACEOUTERBOUND(#12486,.T.);
#12488=IFCFACE((#12487));
#12489=IFCPOLYLOOP((#10230,#10334,#10482));
#12490=IFCFACEOUTERBOUND(#12489,.T.);
#12491=IFCFACE((#12490));
#12492=IFCPOLYLOOP((#10230,#10482,#10395));
#12493=IFCFACEOUTERBOUND(#12492,.T.);
#12494=IFCFACE((#12493));
#12495=IFCPOLYLOOP((#10230,#10395,#10485));
#12496=IFCFACEOUTERBOUND(#12495,.T.);
#12497=IFCFACE((#12496));
#12498=IFCPOLYLOOP((#10230,#10485,#10361));
#12499=IFCFACEOUTERBOUND(#12498,.T.);
#12500=IFCFACE((#12499));
#12501=IFCPOLYLOOP((#10230,#10361,#10441));
#12502=IFCFACEOUTERBOUND(#12501,.T.);
#12503=IFCFACE((#12502));
#12504=IFCPOLYLOOP((#10230,#10441,#10413));
#12505=IFCFACEOUTERBOUND(#12504,.T.);
#12506=IFCFACE((#12505));
#12507=IFCPOLYLOOP((#10230,#10413,#10496));
#12508=IFCFACEOUTERBOUND(#12507,.T.);
#12509=IFCFACE((#12508));
#12510=IFCPOLYLOOP((#10230,#10496,#10343));
#12511=IFCFACEOUTERBOUND(#12510,.T.);
#12512=IFCFACE((#12511));
#12513=IFCPOLYLOOP((#10230,#10343,#10446));
#12514=IFCFACEOUTERBOUND(#12513,.T.);
#12515=IFCFACE((#12514));
#12516=IFCPOLYLOOP((#10230,#10446,#10381));
#12517=IFCFACEOUTERBOUND(#12516,.T.);
#12518=IFCFACE((#12517));
#12519=IFCPOLYLOOP((#10230,#10381,#10448));
#12520=IFCFACEOUTERBOUND(#12519,.T.);
#12521=IFCFACE((#12520));
#12522=IFCPOLYLOOP((#10230,#10448,#10346));
#12523=IFCFACEOUTERBOUND(#12522,.T.);
#12524=IFCFACE((#12523));
#12525=IFCPOLYLOOP((#10230,#10346,#10452));
#12526=IFCFACEOUTERBOUND(#12525,.T.);
#12527=IFCFACE((#12526));
#12528=IFCPOLYLOOP((#10230,#10452,#10382));
#12529=IFCFACEOUTERBOUND(#12528,.T.);
#12530=IFCFACE((#12529));
#12531=IFCPOLYLOOP((#10230,#10382,#10450));
#12532=IFCFACEOUTERBOUND(#12531,.T.);
#12533=IFCFACE((#12532));
#12534=IFCPOLYLOOP((#10230,#10450,#10332));
#12535=IFCFACEOUTERBOUND(#12534,.T.);
#12536=IFCFACE((#12535));
#12537=IFCPOLYLOOP((#10230,#10332,#10497));
#12538=IFCFACEOUTERBOUND(#12537,.T.);
#12539=IFCFACE((#12538));
#12540=IFCPOLYLOOP((#10230,#10497,#10366));
#12541=IFCFACEOUTERBOUND(#12540,.T.);
#12542=IFCFACE((#12541));
#12543=IFCPOLYLOOP((#10230,#10366,#10501));
#12544=IFCFACEOUTERBOUND(#12543,.T.);
#12545=IFCFACE((#12544));
#12546=IFCPOLYLOOP((#10230,#10501,#10365));
#12547=IFCFACEOUTERBOUND(#12546,.T.);
#12548=IFCFACE((#12547));
#12549=IFCPOLYLOOP((#10230,#10365,#10458));
#12550=IFCFACEOUTERBOUND(#12549,.T.);
#12551=IFCFACE((#12550));
#12552=IFCPOLYLOOP((#10230,#10458,#10385));
#12553=IFCFACEOUTERBOUND(#12552,.T.);
#12554=IFCFACE((#12553));
#12555=IFCPOLYLOOP((#10230,#10385,#10457));
#12556=IFCFACEOUTERBOUND(#12555,.T.);
#12557=IFCFACE((#12556));
#12558=IFCPOLYLOOP((#10230,#10457,#10347));
#12559=IFCFACEOUTERBOUND(#12558,.T.);
#12560=IFCFACE((#12559));
#12561=IFCPOLYLOOP((#10230,#10347,#10471));
#12562=IFCFACEOUTERBOUND(#12561,.T.);
#12563=IFCFACE((#12562));
#12564=IFCPOLYLOOP((#10230,#10471,#10390));
#12565=IFCFACEOUTERBOUND(#12564,.T.);
#12566=IFCFACE((#12565));
#12567=IFCPOLYLOOP((#10230,#10390,#10474));
#12568=IFCFACEOUTERBOUND(#12567,.T.);
#12569=IFCFACE((#12568));
#12570=IFCPOLYLOOP((#10230,#10474,#10350));
#12571=IFCFACEOUTERBOUND(#12570,.T.);
#12572=IFCFACE((#12571));
#12573=IFCPOLYLOOP((#10230,#10350,#10468));
#12574=IFCFACEOUTERBOUND(#12573,.T.);
#12575=IFCFACE((#12574));
#12576=IFCPOLYLOOP((#10230,#10468,#10389));
#12577=IFCFACEOUTERBOUND(#12576,.T.);
#12578=IFCFACE((#12577));
#12579=IFCPOLYLOOP((#10230,#10389,#10467));
#12580=IFCFACEOUTERBOUND(#12579,.T.);
#12581=IFCFACE((#12580));
#12582=IFCPOLYLOOP((#10230,#10467,#10333));
#12583=IFCFACEOUTERBOUND(#12582,.T.);
#12584=IFCFACE((#12583));
#12585=IFCPOLYLOOP((#10230,#10333,#10476));
#12586=IFCFACEOUTERBOUND(#12585,.T.);
#12587=IFCFACE((#12586));
#12588=IFCPOLYLOOP((#10230,#10476,#10392));
#12589=IFCFACEOUTERBOUND(#12588,.T.);
#12590=IFCFACE((#12589));
#12591=IFCPOLYLOOP((#10230,#10392,#10479));
#12592=IFCFACEOUTERBOUND(#12591,.T.);
#12593=IFCFACE((#12592));
#12594=IFCPOLYLOOP((#10230,#10479,#10358));
#12595=IFCFACEOUTERBOUND(#12594,.T.);
#12596=IFCFACE((#12595));
#12597=IFCPOLYLOOP((#10230,#10358,#10437));
#12598=IFCFACEOUTERBOUND(#12597,.T.);
#12599=IFCFACE((#12598));
#12600=IFCPOLYLOOP((#10230,#10437,#10401));
#12601=IFCFACEOUTERBOUND(#12600,.T.);
#12602=IFCFACE((#12601));
#12603=IFCPOLYLOOP((#10230,#10401,#10402));
#12604=IFCFACEOUTERBOUND(#12603,.T.);
#12605=IFCFACE((#12604));
#12606=IFCPOLYLOOP((#10230,#10402,#10339));
#12607=IFCFACEOUTERBOUND(#12606,.T.);
#12608=IFCFACE((#12607));
#12609=IFCPOLYLOOP((#10230,#10339,#10435));
#12610=IFCFACEOUTERBOUND(#12609,.T.);
#12611=IFCFACE((#12610));
#12612=IFCPOLYLOOP((#10230,#10435,#10377));
#12613=IFCFACEOUTERBOUND(#12612,.T.);
#12614=IFCFACE((#12613));
#12615=IFCPOLYLOOP((#10230,#10377,#10399));
#12616=IFCFACEOUTERBOUND(#12615,.T.);
#12617=IFCFACE((#12616));
#12618=IFCPOLYLOOP((#10230,#10399,#10342));
#12619=IFCFACEOUTERBOUND(#12618,.T.);
#12620=IFCFACE((#12619));
#12621=IFCPOLYLOOP((#10230,#10342,#10371));
#12622=IFCFACEOUTERBOUND(#12621,.T.);
#12623=IFCFACE((#12622));
#12624=IFCPOLYLOOP((#10230,#10371,#10355));
#12625=IFCFACEOUTERBOUND(#12624,.T.);
#12626=IFCFACE((#12625));
#12627=IFCPOLYLOOP((#10230,#10355,#10369));
#12628=IFCFACEOUTERBOUND(#12627,.T.);
#12629=IFCFACE((#12628));
#12630=IFCPOLYLOOP((#10230,#10369,#10239));
#12631=IFCFACEOUTERBOUND(#12630,.T.);
#12632=IFCFACE((#12631));
#12633=IFCPOLYLOOP((#10239,#10235,#10232));
#12634=IFCFACEOUTERBOUND(#12633,.T.);
#12635=IFCFACE((#12634));
#12636=IFCPOLYLOOP((#10239,#10232,#10236));
#12637=IFCFACEOUTERBOUND(#12636,.T.);
#12638=IFCFACE((#12637));
#12639=IFCPOLYLOOP((#10239,#10236,#10230));
#12640=IFCFACEOUTERBOUND(#12639,.T.);
#12641=IFCFACE((#12640));
#12642=IFCPOLYLOOP((#10326,#10508,#10505));
#12643=IFCFACEOUTERBOUND(#12642,.T.);
#12644=IFCFACE((#12643));
#12645=IFCPOLYLOOP((#10326,#10505,#10509));
#12646=IFCFACEOUTERBOUND(#12645,.T.);
#12647=IFCFACE((#12646));
#12648=IFCPOLYLOOP((#10326,#10509,#9992));
#12649=IFCFACEOUTERBOUND(#12648,.T.);
#12650=IFCFACE((#12649));
#12651=IFCPOLYLOOP((#10326,#10291,#10288));
#12652=IFCFACEOUTERBOUND(#12651,.T.);
#12653=IFCFACE((#12652));
#12654=IFCPOLYLOOP((#10326,#10288,#10300));
#12655=IFCFACEOUTERBOUND(#12654,.T.);
#12656=IFCFACE((#12655));
#12657=IFCPOLYLOOP((#10326,#10300,#10280));
#12658=IFCFACEOUTERBOUND(#12657,.T.);
#12659=IFCFACE((#12658));
#12660=IFCPOLYLOOP((#10326,#10280,#10294));
#12661=IFCFACEOUTERBOUND(#12660,.T.);
#12662=IFCFACE((#12661));
#12663=IFCPOLYLOOP((#10326,#10294,#10293));
#12664=IFCFACEOUTERBOUND(#12663,.T.);
#12665=IFCFACE((#12664));
#12666=IFCPOLYLOOP((#10326,#10293,#10318));
#12667=IFCFACEOUTERBOUND(#12666,.T.);
#12668=IFCFACE((#12667));
#12669=IFCPOLYLOOP((#10326,#10318,#10279));
#12670=IFCFACEOUTERBOUND(#12669,.T.);
#12671=IFCFACE((#12670));
#12672=IFCPOLYLOOP((#10326,#10279,#10306));
#12673=IFCFACEOUTERBOUND(#12672,.T.);
#12674=IFCFACE((#12673));
#12675=IFCPOLYLOOP((#10326,#10306,#10295));
#12676=IFCFACEOUTERBOUND(#12675,.T.);
#12677=IFCFACE((#12676));
#12678=IFCPOLYLOOP((#10326,#10295,#10301));
#12679=IFCFACEOUTERBOUND(#12678,.T.);
#12680=IFCFACE((#12679));
#12681=IFCPOLYLOOP((#10326,#10301,#10281));
#12682=IFCFACEOUTERBOUND(#12681,.T.);
#12683=IFCFACE((#12682));
#12684=IFCPOLYLOOP((#10326,#10281,#10308));
#12685=IFCFACEOUTERBOUND(#12684,.T.);
#12686=IFCFACE((#12685));
#12687=IFCPOLYLOOP((#10326,#10308,#10285));
#12688=IFCFACEOUTERBOUND(#12687,.T.);
#12689=IFCFACE((#12688));
#12690=IFCPOLYLOOP((#10326,#10285,#10298));
#12691=IFCFACEOUTERBOUND(#12690,.T.);
#12692=IFCFACE((#12691));
#12693=IFCPOLYLOOP((#10326,#10298,#10278));
#12694=IFCFACEOUTERBOUND(#12693,.T.);
#12695=IFCFACE((#12694));
#12696=IFCPOLYLOOP((#9995,#10094,#10077));
#12697=IFCFACEOUTERBOUND(#12696,.T.);
#12698=IFCFACE((#12697));
#12699=IFCPOLYLOOP((#9995,#10077,#10136));
#12700=IFCFACEOUTERBOUND(#12699,.T.);
#12701=IFCFACE((#12700));
#12702=IFCPOLYLOOP((#9995,#10136,#10071));
#12703=IFCFACEOUTERBOUND(#12702,.T.);
#12704=IFCFACE((#12703));
#12705=IFCPOLYLOOP((#9995,#10071,#10129));
#12706=IFCFACEOUTERBOUND(#12705,.T.);
#12707=IFCFACE((#12706));
#12708=IFCPOLYLOOP((#9995,#10129,#10128));
#12709=IFCFACEOUTERBOUND(#12708,.T.);
#12710=IFCFACE((#12709));
#12711=IFCPOLYLOOP((#9995,#10128,#10159));
#12712=IFCFACEOUTERBOUND(#12711,.T.);
#12713=IFCFACE((#12712));
#12714=IFCPOLYLOOP((#9995,#10159,#10055));
#12715=IFCFACEOUTERBOUND(#12714,.T.);
#12716=IFCFACE((#12715));
#12717=IFCPOLYLOOP((#9995,#10055,#10210));
#12718=IFCFACEOUTERBOUND(#12717,.T.);
#12719=IFCFACE((#12718));
#12720=IFCPOLYLOOP((#9995,#10210,#10116));
#12721=IFCFACEOUTERBOUND(#12720,.T.);
#12722=IFCFACE((#12721));
#12723=IFCPOLYLOOP((#9995,#10116,#10207));
#12724=IFCFACEOUTERBOUND(#12723,.T.);
#12725=IFCFACE((#12724));
#12726=IFCPOLYLOOP((#9995,#10207,#10058));
#12727=IFCFACEOUTERBOUND(#12726,.T.);
#12728=IFCFACE((#12727));
#12729=IFCPOLYLOOP((#9995,#10058,#10183));
#12730=IFCFACEOUTERBOUND(#12729,.T.);
#12731=IFCFACE((#12730));
#12732=IFCPOLYLOOP((#9995,#10183,#10106));
#12733=IFCFACEOUTERBOUND(#12732,.T.);
#12734=IFCFACE((#12733));
#12735=IFCPOLYLOOP((#9995,#10106,#10181));
#12736=IFCFACEOUTERBOUND(#12735,.T.);
#12737=IFCFACE((#12736));
#12738=IFCPOLYLOOP((#9995,#10181,#10054));
#12739=IFCFACEOUTERBOUND(#12738,.T.);
#12740=IFCFACE((#12739));
#12741=IFCPOLYLOOP((#9995,#10054,#10202));
#12742=IFCFACEOUTERBOUND(#12741,.T.);
#12743=IFCFACE((#12742));
#12744=IFCPOLYLOOP((#9995,#10202,#10115));
#12745=IFCFACEOUTERBOUND(#12744,.T.);
#12746=IFCFACE((#12745));
#12747=IFCPOLYLOOP((#9995,#10115,#10205));
#12748=IFCFACEOUTERBOUND(#12747,.T.);
#12749=IFCFACE((#12748));
#12750=IFCPOLYLOOP((#9995,#10205,#10081));
#12751=IFCFACEOUTERBOUND(#12750,.T.);
#12752=IFCFACE((#12751));
#12753=IFCPOLYLOOP((#9995,#10081,#10161));
#12754=IFCFACEOUTERBOUND(#12753,.T.);
#12755=IFCFACE((#12754));
#12756=IFCPOLYLOOP((#9995,#10161,#10133));
#12757=IFCFACEOUTERBOUND(#12756,.T.);
#12758=IFCFACE((#12757));
#12759=IFCPOLYLOOP((#9995,#10133,#10216));
#12760=IFCFACEOUTERBOUND(#12759,.T.);
#12761=IFCFACE((#12760));
#12762=IFCPOLYLOOP((#9995,#10216,#10063));
#12763=IFCFACEOUTERBOUND(#12762,.T.);
#12764=IFCFACE((#12763));
#12765=IFCPOLYLOOP((#9995,#10063,#10166));
#12766=IFCFACEOUTERBOUND(#12765,.T.);
#12767=IFCFACE((#12766));
#12768=IFCPOLYLOOP((#9995,#10166,#10101));
#12769=IFCFACEOUTERBOUND(#12768,.T.);
#12770=IFCFACE((#12769));
#12771=IFCPOLYLOOP((#9995,#10101,#10168));
#12772=IFCFACEOUTERBOUND(#12771,.T.);
#12773=IFCFACE((#12772));
#12774=IFCPOLYLOOP((#9995,#10168,#10066));
#12775=IFCFACEOUTERBOUND(#12774,.T.);
#12776=IFCFACE((#12775));
#12777=IFCPOLYLOOP((#9995,#10066,#10172));
#12778=IFCFACEOUTERBOUND(#12777,.T.);
#12779=IFCFACE((#12778));
#12780=IFCPOLYLOOP((#9995,#10172,#10102));
#12781=IFCFACEOUTERBOUND(#12780,.T.);
#12782=IFCFACE((#12781));
#12783=IFCPOLYLOOP((#9995,#10102,#10170));
#12784=IFCFACEOUTERBOUND(#12783,.T.);
#12785=IFCFACE((#12784));
#12786=IFCPOLYLOOP((#9995,#10170,#10052));
#12787=IFCFACEOUTERBOUND(#12786,.T.);
#12788=IFCFACE((#12787));
#12789=IFCPOLYLOOP((#9995,#10052,#10217));
#12790=IFCFACEOUTERBOUND(#12789,.T.);
#12791=IFCFACE((#12790));
#12792=IFCPOLYLOOP((#9995,#10217,#10086));
#12793=IFCFACEOUTERBOUND(#12792,.T.);
#12794=IFCFACE((#12793));
#12795=IFCPOLYLOOP((#9995,#10086,#10221));
#12796=IFCFACEOUTERBOUND(#12795,.T.);
#12797=IFCFACE((#12796));
#12798=IFCPOLYLOOP((#9995,#10221,#10085));
#12799=IFCFACEOUTERBOUND(#12798,.T.);
#12800=IFCFACE((#12799));
#12801=IFCPOLYLOOP((#9995,#10085,#10178));
#12802=IFCFACEOUTERBOUND(#12801,.T.);
#12803=IFCFACE((#12802));
#12804=IFCPOLYLOOP((#9995,#10178,#10105));
#12805=IFCFACEOUTERBOUND(#12804,.T.);
#12806=IFCFACE((#12805));
#12807=IFCPOLYLOOP((#9995,#10105,#10177));
#12808=IFCFACEOUTERBOUND(#12807,.T.);
#12809=IFCFACE((#12808));
#12810=IFCPOLYLOOP((#9995,#10177,#10067));
#12811=IFCFACEOUTERBOUND(#12810,.T.);
#12812=IFCFACE((#12811));
#12813=IFCPOLYLOOP((#9995,#10067,#10191));
#12814=IFCFACEOUTERBOUND(#12813,.T.);
#12815=IFCFACE((#12814));
#12816=IFCPOLYLOOP((#9995,#10191,#10110));
#12817=IFCFACEOUTERBOUND(#12816,.T.);
#12818=IFCFACE((#12817));
#12819=IFCPOLYLOOP((#9995,#10110,#10194));
#12820=IFCFACEOUTERBOUND(#12819,.T.);
#12821=IFCFACE((#12820));
#12822=IFCPOLYLOOP((#9995,#10194,#10070));
#12823=IFCFACEOUTERBOUND(#12822,.T.);
#12824=IFCFACE((#12823));
#12825=IFCPOLYLOOP((#9995,#10070,#10188));
#12826=IFCFACEOUTERBOUND(#12825,.T.);
#12827=IFCFACE((#12826));
#12828=IFCPOLYLOOP((#9995,#10188,#10109));
#12829=IFCFACEOUTERBOUND(#12828,.T.);
#12830=IFCFACE((#12829));
#12831=IFCPOLYLOOP((#9995,#10109,#10187));
#12832=IFCFACEOUTERBOUND(#12831,.T.);
#12833=IFCFACE((#12832));
#12834=IFCPOLYLOOP((#9995,#10187,#10053));
#12835=IFCFACEOUTERBOUND(#12834,.T.);
#12836=IFCFACE((#12835));
#12837=IFCPOLYLOOP((#9995,#10053,#10196));
#12838=IFCFACEOUTERBOUND(#12837,.T.);
#12839=IFCFACE((#12838));
#12840=IFCPOLYLOOP((#9995,#10196,#10112));
#12841=IFCFACEOUTERBOUND(#12840,.T.);
#12842=IFCFACE((#12841));
#12843=IFCPOLYLOOP((#9995,#10112,#10199));
#12844=IFCFACEOUTERBOUND(#12843,.T.);
#12845=IFCFACE((#12844));
#12846=IFCPOLYLOOP((#9995,#10199,#10078));
#12847=IFCFACEOUTERBOUND(#12846,.T.);
#12848=IFCFACE((#12847));
#12849=IFCPOLYLOOP((#9995,#10078,#10157));
#12850=IFCFACEOUTERBOUND(#12849,.T.);
#12851=IFCFACE((#12850));
#12852=IFCPOLYLOOP((#9995,#10157,#10121));
#12853=IFCFACEOUTERBOUND(#12852,.T.);
#12854=IFCFACE((#12853));
#12855=IFCPOLYLOOP((#9995,#10121,#10122));
#12856=IFCFACEOUTERBOUND(#12855,.T.);
#12857=IFCFACE((#12856));
#12858=IFCPOLYLOOP((#9995,#10122,#10059));
#12859=IFCFACEOUTERBOUND(#12858,.T.);
#12860=IFCFACE((#12859));
#12861=IFCPOLYLOOP((#9995,#10059,#10155));
#12862=IFCFACEOUTERBOUND(#12861,.T.);
#12863=IFCFACE((#12862));
#12864=IFCPOLYLOOP((#9995,#10155,#10097));
#12865=IFCFACEOUTERBOUND(#12864,.T.);
#12866=IFCFACE((#12865));
#12867=IFCPOLYLOOP((#9995,#10097,#10119));
#12868=IFCFACEOUTERBOUND(#12867,.T.);
#12869=IFCFACE((#12868));
#12870=IFCPOLYLOOP((#9995,#10119,#10062));
#12871=IFCFACEOUTERBOUND(#12870,.T.);
#12872=IFCFACE((#12871));
#12873=IFCPOLYLOOP((#9995,#10062,#10091));
#12874=IFCFACEOUTERBOUND(#12873,.T.);
#12875=IFCFACE((#12874));
#12876=IFCPOLYLOOP((#9995,#10091,#10075));
#12877=IFCFACEOUTERBOUND(#12876,.T.);
#12878=IFCFACE((#12877));
#12879=IFCPOLYLOOP((#9995,#10075,#10089));
#12880=IFCFACEOUTERBOUND(#12879,.T.);
#12881=IFCFACE((#12880));
#12882=IFCPOLYLOOP((#9995,#10089,#10045));
#12883=IFCFACEOUTERBOUND(#12882,.T.);
#12884=IFCFACE((#12883));
#12885=IFCPOLYLOOP((#9995,#10253,#10248));
#12886=IFCFACEOUTERBOUND(#12885,.T.);
#12887=IFCFACE((#12886));
#12888=IFCPOLYLOOP((#9995,#10248,#10266));
#12889=IFCFACEOUTERBOUND(#12888,.T.);
#12890=IFCFACE((#12889));
#12891=IFCPOLYLOOP((#9995,#10266,#10242));
#12892=IFCFACEOUTERBOUND(#12891,.T.);
#12893=IFCFACE((#12892));
#12894=IFCPOLYLOOP((#9995,#10242,#10261));
#12895=IFCFACEOUTERBOUND(#12894,.T.);
#12896=IFCFACE((#12895));
#12897=IFCPOLYLOOP((#9995,#10261,#10247));
#12898=IFCFACEOUTERBOUND(#12897,.T.);
#12899=IFCFACE((#12898));
#12900=IFCPOLYLOOP((#9995,#10247,#10270));
#12901=IFCFACEOUTERBOUND(#12900,.T.);
#12902=IFCFACE((#12901));
#12903=IFCPOLYLOOP((#9995,#10270,#10246));
#12904=IFCFACEOUTERBOUND(#12903,.T.);
#12905=IFCFACE((#12904));
#12906=IFCPOLYLOOP((#9995,#10246,#10251));
#12907=IFCFACEOUTERBOUND(#12906,.T.);
#12908=IFCFACE((#12907));
#12909=IFCPOLYLOOP((#9995,#10251,#10250));
#12910=IFCFACEOUTERBOUND(#12909,.T.);
#12911=IFCFACE((#12910));
#12912=IFCPOLYLOOP((#9995,#10250,#10257));
#12913=IFCFACEOUTERBOUND(#12912,.T.);
#12914=IFCFACE((#12913));
#12915=IFCPOLYLOOP((#9995,#10257,#10046));
#12916=IFCFACEOUTERBOUND(#12915,.T.);
#12917=IFCFACE((#12916));
#12918=IFCPOLYLOOP((#9992,#10523,#10518));
#12919=IFCFACEOUTERBOUND(#12918,.T.);
#12920=IFCFACE((#12919));
#12921=IFCPOLYLOOP((#9992,#10518,#10536));
#12922=IFCFACEOUTERBOUND(#12921,.T.);
#12923=IFCFACE((#12922));
#12924=IFCPOLYLOOP((#9992,#10536,#10512));
#12925=IFCFACEOUTERBOUND(#12924,.T.);
#12926=IFCFACE((#12925));
#12927=IFCPOLYLOOP((#9992,#10512,#10531));
#12928=IFCFACEOUTERBOUND(#12927,.T.);
#12929=IFCFACE((#12928));
#12930=IFCPOLYLOOP((#9992,#10531,#10517));
#12931=IFCFACEOUTERBOUND(#12930,.T.);
#12932=IFCFACE((#12931));
#12933=IFCPOLYLOOP((#9992,#10517,#10540));
#12934=IFCFACEOUTERBOUND(#12933,.T.);
#12935=IFCFACE((#12934));
#12936=IFCPOLYLOOP((#9992,#10540,#10516));
#12937=IFCFACEOUTERBOUND(#12936,.T.);
#12938=IFCFACE((#12937));
#12939=IFCPOLYLOOP((#9992,#10516,#10521));
#12940=IFCFACEOUTERBOUND(#12939,.T.);
#12941=IFCFACE((#12940));
#12942=IFCPOLYLOOP((#9992,#10521,#10520));
#12943=IFCFACEOUTERBOUND(#12942,.T.);
#12944=IFCFACE((#12943));
#12945=IFCPOLYLOOP((#9992,#10520,#10527));
#12946=IFCFACEOUTERBOUND(#12945,.T.);
#12947=IFCFACE((#12946));
#12948=IFCPOLYLOOP((#9992,#10527,#10326));
#12949=IFCFACEOUTERBOUND(#12948,.T.);
#12950=IFCFACE((#12949));
#12951=IFCPOLYLOOP((#10045,#10008,#10005));
#12952=IFCFACEOUTERBOUND(#12951,.T.);
#12953=IFCFACE((#12952));
#12954=IFCPOLYLOOP((#10045,#10005,#10017));
#12955=IFCFACEOUTERBOUND(#12954,.T.);
#12956=IFCFACE((#12955));
#12957=IFCPOLYLOOP((#10045,#10017,#9997));
#12958=IFCFACEOUTERBOUND(#12957,.T.);
#12959=IFCFACE((#12958));
#12960=IFCPOLYLOOP((#10045,#9997,#10011));
#12961=IFCFACEOUTERBOUND(#12960,.T.);
#12962=IFCFACE((#12961));
#12963=IFCPOLYLOOP((#10045,#10011,#10010));
#12964=IFCFACEOUTERBOUND(#12963,.T.);
#12965=IFCFACE((#12964));
#12966=IFCPOLYLOOP((#10045,#10010,#10035));
#12967=IFCFACEOUTERBOUND(#12966,.T.);
#12968=IFCFACE((#12967));
#12969=IFCPOLYLOOP((#10045,#10035,#9996));
#12970=IFCFACEOUTERBOUND(#12969,.T.);
#12971=IFCFACE((#12970));
#12972=IFCPOLYLOOP((#10045,#9996,#10023));
#12973=IFCFACEOUTERBOUND(#12972,.T.);
#12974=IFCFACE((#12973));
#12975=IFCPOLYLOOP((#10045,#10023,#10012));
#12976=IFCFACEOUTERBOUND(#12975,.T.);
#12977=IFCFACE((#12976));
#12978=IFCPOLYLOOP((#10045,#10012,#10018));
#12979=IFCFACEOUTERBOUND(#12978,.T.);
#12980=IFCFACE((#12979));
#12981=IFCPOLYLOOP((#10045,#10018,#9998));
#12982=IFCFACEOUTERBOUND(#12981,.T.);
#12983=IFCFACE((#12982));
#12984=IFCPOLYLOOP((#10045,#9998,#10025));
#12985=IFCFACEOUTERBOUND(#12984,.T.);
#12986=IFCFACE((#12985));
#12987=IFCPOLYLOOP((#10045,#10025,#10002));
#12988=IFCFACEOUTERBOUND(#12987,.T.);
#12989=IFCFACE((#12988));
#12990=IFCPOLYLOOP((#10045,#10002,#10015));
#12991=IFCFACEOUTERBOUND(#12990,.T.);
#12992=IFCFACE((#12991));
#12993=IFCPOLYLOOP((#10045,#10015,#9995));
#12994=IFCFACEOUTERBOUND(#12993,.T.);
#12995=IFCFACE((#12994));
#12996=IFCPOLYLOOP((#10519,#10524,#10528));
#12997=IFCFACEOUTERBOUND(#12996,.T.);
#12998=IFCFACE((#12997));
#12999=IFCPOLYLOOP((#10540,#10539,#10535));
#13000=IFCFACEOUTERBOUND(#12999,.T.);
#13001=IFCFACE((#13000));
#13002=IFCPOLYLOOP((#10529,#10541,#10522));
#13003=IFCFACEOUTERBOUND(#13002,.T.);
#13004=IFCFACE((#13003));
#13005=IFCPOLYLOOP((#10535,#10514,#10533));
#13006=IFCFACEOUTERBOUND(#13005,.T.);
#13007=IFCFACE((#13006));
#13008=IFCPOLYLOOP((#10515,#10529,#10522));
#13009=IFCFACEOUTERBOUND(#13008,.T.);
#13010=IFCFACE((#13009));
#13011=IFCPOLYLOOP((#10532,#10536,#10529));
#13012=IFCFACEOUTERBOUND(#13011,.T.);
#13013=IFCFACE((#13012));
#13014=IFCPOLYLOOP((#10044,#10526,#10541));
#13015=IFCFACEOUTERBOUND(#13014,.T.);
#13016=IFCFACE((#13015));
#13017=IFCPOLYLOOP((#10525,#10533,#10514));
#13018=IFCFACEOUTERBOUND(#13017,.T.);
#13019=IFCFACE((#13018));
#13020=IFCPOLYLOOP((#10516,#10533,#10521));
#13021=IFCFACEOUTERBOUND(#13020,.T.);
#13022=IFCFACE((#13021));
#13023=IFCPOLYLOOP((#10513,#10539,#10534));
#13024=IFCFACEOUTERBOUND(#13023,.T.);
#13025=IFCFACE((#13024));
#13026=IFCPOLYLOOP((#10532,#10529,#10515));
#13027=IFCFACEOUTERBOUND(#13026,.T.);
#13028=IFCFACE((#13027));
#13029=IFCPOLYLOOP((#10519,#10528,#10537));
#13030=IFCFACEOUTERBOUND(#13029,.T.);
#13031=IFCFACE((#13030));
#13032=IFCPOLYLOOP((#10520,#10521,#10537));
#13033=IFCFACEOUTERBOUND(#13032,.T.);
#13034=IFCFACE((#13033));
#13035=IFCPOLYLOOP((#10521,#10533,#10537));
#13036=IFCFACEOUTERBOUND(#13035,.T.);
#13037=IFCFACE((#13036));
#13038=IFCPOLYLOOP((#10045,#10044,#10541));
#13039=IFCFACEOUTERBOUND(#13038,.T.);
#13040=IFCFACE((#13039));
#13041=IFCPOLYLOOP((#10327,#10326,#10527));
#13042=IFCFACEOUTERBOUND(#13041,.T.);
#13043=IFCFACE((#13042));
#13044=IFCPOLYLOOP((#10520,#10528,#10527));
#13045=IFCFACEOUTERBOUND(#13044,.T.);
#13046=IFCFACE((#13045));
#13047=IFCPOLYLOOP((#10524,#10328,#10327));
#13048=IFCFACEOUTERBOUND(#13047,.T.);
#13049=IFCFACE((#13048));
#13050=IFCPOLYLOOP((#10044,#10043,#10526));
#13051=IFCFACEOUTERBOUND(#13050,.T.);
#13052=IFCFACE((#13051));
#13053=IFCPOLYLOOP((#10529,#10518,#10541));
#13054=IFCFACEOUTERBOUND(#13053,.T.);
#13055=IFCFACE((#13054));
#13056=IFCPOLYLOOP((#10527,#10528,#10327));
#13057=IFCFACEOUTERBOUND(#13056,.T.);
#13058=IFCFACE((#13057));
#13059=IFCPOLYLOOP((#10327,#10528,#10524));
#13060=IFCFACEOUTERBOUND(#13059,.T.);
#13061=IFCFACE((#13060));
#13062=IFCPOLYLOOP((#10518,#10529,#10536));
#13063=IFCFACEOUTERBOUND(#13062,.T.);
#13064=IFCFACE((#13063));
#13065=IFCPOLYLOOP((#10541,#10518,#10523,#10045));
#13066=IFCFACEOUTERBOUND(#13065,.T.);
#13067=IFCFACE((#13066));
#13068=IFCPOLYLOOP((#10515,#10530,#10532));
#13069=IFCFACEOUTERBOUND(#13068,.T.);
#13070=IFCFACE((#13069));
#13071=IFCPOLYLOOP((#10531,#10534,#10539));
#13072=IFCFACEOUTERBOUND(#13071,.T.);
#13073=IFCFACE((#13072));
#13074=IFCPOLYLOOP((#10512,#10534,#10531));
#13075=IFCFACEOUTERBOUND(#13074,.T.);
#13076=IFCFACE((#13075));
#13077=IFCPOLYLOOP((#10534,#10532,#10530));
#13078=IFCFACEOUTERBOUND(#13077,.T.);
#13079=IFCFACE((#13078));
#13080=IFCPOLYLOOP((#10533,#10516,#10535));
#13081=IFCFACEOUTERBOUND(#13080,.T.);
#13082=IFCFACE((#13081));
#13083=IFCPOLYLOOP((#10525,#10519,#10537));
#13084=IFCFACEOUTERBOUND(#13083,.T.);
#13085=IFCFACE((#13084));
#13086=IFCPOLYLOOP((#10532,#10534,#10512));
#13087=IFCFACEOUTERBOUND(#13086,.T.);
#13088=IFCFACE((#13087));
#13089=IFCPOLYLOOP((#10513,#10534,#10530));
#13090=IFCFACEOUTERBOUND(#13089,.T.);
#13091=IFCFACE((#13090));
#13092=IFCPOLYLOOP((#10539,#10540,#10517,#10531));
#13093=IFCFACEOUTERBOUND(#13092,.T.);
#13094=IFCFACE((#13093));
#13095=IFCPOLYLOOP((#10535,#10539,#10538));
#13096=IFCFACEOUTERBOUND(#13095,.T.);
#13097=IFCFACE((#13096));
#13098=IFCPOLYLOOP((#10532,#10512,#10536));
#13099=IFCFACEOUTERBOUND(#13098,.T.);
#13100=IFCFACE((#13099));
#13101=IFCPOLYLOOP((#10537,#10528,#10520));
#13102=IFCFACEOUTERBOUND(#13101,.T.);
#13103=IFCFACE((#13102));
#13104=IFCPOLYLOOP((#10525,#10537,#10533));
#13105=IFCFACEOUTERBOUND(#13104,.T.);
#13106=IFCFACE((#13105));
#13107=IFCPOLYLOOP((#10538,#10539,#10513));
#13108=IFCFACEOUTERBOUND(#13107,.T.);
#13109=IFCFACE((#13108));
#13110=IFCPOLYLOOP((#10538,#10514,#10535));
#13111=IFCFACEOUTERBOUND(#13110,.T.);
#13112=IFCFACE((#13111));
#13113=IFCPOLYLOOP((#10535,#10516,#10540));
#13114=IFCFACEOUTERBOUND(#13113,.T.);
#13115=IFCFACE((#13114));
#13116=IFCPOLYLOOP((#10541,#10526,#10522));
#13117=IFCFACEOUTERBOUND(#13116,.T.);
#13118=IFCFACE((#13117));
#13119=IFCPOLYLOOP((#10503,#10328,#10524,#10519,#10525,#10514,#10538,#10513,#10530,#10515,#10522,#10526,#10043,#10223));
#13120=IFCFACEOUTERBOUND(#13119,.T.);
#13121=IFCFACE((#13120));
#13122=IFCCARTESIANPOINT((202.399999999991,150.,1212.6));
#13123=IFCCARTESIANPOINT((202.399999999991,130.,1212.6));
#13124=IFCCARTESIANPOINT((202.399999999991,130.,1847.6));
#13125=IFCCARTESIANPOINT((202.399999999991,150.,1847.6));
#13126=IFCCARTESIANPOINT((214.399999999991,129.,1224.6));
#13127=IFCCARTESIANPOINT((214.399999999991,150.,1224.6));
#13128=IFCCARTESIANPOINT((214.399999999991,150.,1835.6));
#13129=IFCCARTESIANPOINT((214.399999999991,129.,1835.6));
#13130=IFCCARTESIANPOINT((209.399999999991,124.,1219.6));
#13131=IFCCARTESIANPOINT((212.935533905923,125.464466094072,1223.13553390593));
#13132=IFCCARTESIANPOINT((212.935533905923,125.464466094072,1837.06446609407));
#13133=IFCCARTESIANPOINT((209.399999999991,124.,1840.6));
#13134=IFCCARTESIANPOINT((209.399999999991,124.,1531.90754212512));
#13135=IFCCARTESIANPOINT((209.399999999991,124.,1375.75377856342));
#13136=IFCCARTESIANPOINT((209.399999999991,124.,1684.44622143658));
#13137=IFCCARTESIANPOINT((214.399999999991,129.,1530.09999819546));
#13138=IFCCARTESIANPOINT((214.399999999991,129.,1377.34999729319));
#13139=IFCCARTESIANPOINT((214.399999999991,129.,1682.84999909773));
#13140=IFCCARTESIANPOINT((209.399999999991,124.,1762.52311821915));
#13141=IFCCARTESIANPOINT((214.399999999991,129.,1759.22499954886));
#13142=IFCCARTESIANPOINT((214.399999999991,129.,1796.56155743137));
#13143=IFCCARTESIANPOINT((209.399999999991,124.,1297.67688178085));
#13144=IFCCARTESIANPOINT((214.399999999991,129.,1300.97499684205));
#13145=IFCCARTESIANPOINT((214.399999999991,129.,1339.16249706762));
#13146=IFCCARTESIANPOINT((209.399999999991,124.,1258.63844839128));
#13147=IFCCARTESIANPOINT((214.399999999991,129.,1453.72499774432));
#13148=IFCCARTESIANPOINT((209.399999999991,124.,1453.83066034427));
#13149=IFCCARTESIANPOINT((209.399999999991,124.,1414.79221195298));
#13150=IFCCARTESIANPOINT((209.399999999991,124.,1608.17688178085));
#13151=IFCCARTESIANPOINT((214.399999999991,129.,1606.47499864659));
#13152=IFCCARTESIANPOINT((214.399999999991,129.,1644.66249887216));
#13153=IFCCARTESIANPOINT((209.399999999991,124.,1801.56155160872));
#13154=IFCCARTESIANPOINT((214.399999999991,129.,1262.78750022557));
#13155=IFCCARTESIANPOINT((209.399999999991,124.,1336.71533017213));
#13156=IFCCARTESIANPOINT((209.399999999991,124.,1646.31155160872));
#13157=IFCCARTESIANPOINT((212.881634426113,125.411376068351,1627.24422416829));
#13158=IFCCARTESIANPOINT((212.971353763622,125.50065259013,1657.76460584313));
#13159=IFCCARTESIANPOINT((212.906182086677,125.435355953961,1597.66727911693));
#13160=IFCCARTESIANPOINT((214.399999999991,129.,1568.28749842103));
#13161=IFCCARTESIANPOINT((209.399999999991,124.,1570.04221195298));
#13162=IFCCARTESIANPOINT((213.03392892005,125.565679018507,1777.89327922382));
#13163=IFCCARTESIANPOINT((209.399999999991,124.,1723.48466982787));
#13164=IFCCARTESIANPOINT((212.849910579481,125.380867922626,1746.44622481338));
#13165=IFCCARTESIANPOINT((214.399999999991,129.,1721.0374993233));
#13166=IFCCARTESIANPOINT((213.006078150632,125.536446857426,1807.07686746465));
#13167=IFCCARTESIANPOINT((212.987083483149,125.516778490418,1358.25625488157));
#13168=IFCCARTESIANPOINT((212.900765138417,125.430035932178,1388.74125906469));
#13169=IFCCARTESIANPOINT((214.399999999991,129.,1415.53749751876));
#13170=IFCCARTESIANPOINT((212.931934566109,125.460870414831,1434.63125414424));
#13171=IFCCARTESIANPOINT((212.974893785069,125.50426911428,1328.8432130467));
#13172=IFCCARTESIANPOINT((212.937565451513,125.466498807675,1464.59342877158));
#13173=IFCCARTESIANPOINT((209.399999999991,124.,1492.86910873555));
#13174=IFCCARTESIANPOINT((214.399999999991,129.,1491.91249796989));
#13175=IFCCARTESIANPOINT((212.967058503426,125.496274321093,1511.00625338376));
#13176=IFCCARTESIANPOINT((212.966082130881,125.495280576749,1540.54910697231));
#13177=IFCCARTESIANPOINT((212.987083521731,125.51677853015,1701.94375147661));
#13178=IFCCARTESIANPOINT((213.036352030214,125.568244776757,1281.88125525031));
#13179=IFCCARTESIANPOINT((212.993794771024,125.523703242866,1252.75011968614));
#13180=IFCCARTESIANPOINT((212.937228178471,125.466161178926,1569.70796940423));
#13181=IFCCARTESIANPOINT((194.399999999991,126.,1204.6));
#13182=IFCCARTESIANPOINT((194.985786437617,124.585786437632,1205.18578643763));
#13183=IFCCARTESIANPOINT((196.399999999991,124.,1206.6));
#13184=IFCCARTESIANPOINT((196.399999999991,124.,1853.6));
#13185=IFCCARTESIANPOINT((194.985786437617,124.585786437632,1855.01421356237));
#13186=IFCCARTESIANPOINT((194.399999999991,126.,1855.6));
#13187=IFCCARTESIANPOINT((194.399999999991,126.,1530.10000197034));
#13188=IFCCARTESIANPOINT((194.399999999991,126.,1367.34999901483));
#13189=IFCCARTESIANPOINT((194.399999999991,126.,1692.85000098517));
#13190=IFCCARTESIANPOINT((196.399999999991,124.,1530.1));
#13191=IFCCARTESIANPOINT((196.399999999991,124.,1368.35));
#13192=IFCCARTESIANPOINT((196.399999999991,124.,1691.85));
#13193=IFCCARTESIANPOINT((196.399999999991,124.,1772.72500180277));
#13194=IFCCARTESIANPOINT((194.399999999991,126.,1774.22499852225));
#13195=IFCCARTESIANPOINT((194.399999999991,126.,1733.53749778337));
#13196=IFCCARTESIANPOINT((196.399999999991,124.,1732.28750270415));
#13197=IFCCARTESIANPOINT((196.399999999991,124.,1287.47499819723));
#13198=IFCCARTESIANPOINT((194.399999999991,126.,1285.97499753708));
#13199=IFCCARTESIANPOINT((194.399999999991,126.,1253.98015407882));
#13200=IFCCARTESIANPOINT((196.399999999991,124.,1247.03749909862));
#13201=IFCCARTESIANPOINT((196.399999999991,124.,1610.97499819723));
#13202=IFCCARTESIANPOINT((194.399999999991,126.,1611.47500344809));
#13203=IFCCARTESIANPOINT((194.399999999991,126.,1570.78750270921));
#13204=IFCCARTESIANPOINT((196.399999999991,124.,1570.53749909862));
#13205=IFCCARTESIANPOINT((196.399999999991,124.,1449.22500180277));
#13206=IFCCARTESIANPOINT((194.399999999991,126.,1448.72500049258));
#13207=IFCCARTESIANPOINT((194.399999999991,126.,1408.03749975371));
#13208=IFCCARTESIANPOINT((196.399999999991,124.,1408.78750270415));
#13209=IFCCARTESIANPOINT((196.399999999991,124.,1813.16250090138));
#13210=IFCCARTESIANPOINT((194.399999999991,126.,1814.91249926112));
#13211=IFCCARTESIANPOINT((194.399999999991,126.,1794.56874889169));
#13212=IFCCARTESIANPOINT((194.399999999991,126.,1229.29007900975));
#13213=IFCCARTESIANPOINT((196.399999999991,124.,1226.81874954931));
#13214=IFCCARTESIANPOINT((194.399999999991,126.,1830.90991704958));
#13215=IFCCARTESIANPOINT((196.399999999991,124.,1833.38125045069));
#13216=IFCCARTESIANPOINT((196.399999999991,124.,1327.91249729585));
#13217=IFCCARTESIANPOINT((194.399999999991,126.,1326.66249827596));
#13218=IFCCARTESIANPOINT((194.399999999991,126.,1306.31874790652));
#13219=IFCCARTESIANPOINT((196.399999999991,124.,1651.41249729585));
#13220=IFCCARTESIANPOINT((194.399999999991,126.,1652.16250418696));
#13221=IFCCARTESIANPOINT((194.399999999991,126.,1631.81875381753));
#13222=IFCCARTESIANPOINT((194.399999999991,126.,1489.41250123146));
#13223=IFCCARTESIANPOINT((196.399999999991,124.,1489.66250090138));
#13224=IFCCARTESIANPOINT((196.399999999991,124.,1509.88125045069));
#13225=IFCCARTESIANPOINT((194.399999999991,126.,1216.94504147521));
#13226=IFCCARTESIANPOINT((194.399999999991,126.,1843.25495852479));
#13227=IFCCARTESIANPOINT((196.399999999991,124.,1218.94504043824));
#13228=IFCCARTESIANPOINT((194.94257914564,124.630356085221,1222.88189511602));
#13229=IFCCARTESIANPOINT((196.399999999991,124.,1236.9281225212));
#13230=IFCCARTESIANPOINT((194.399999999991,126.,1241.63511654428));
#13231=IFCCARTESIANPOINT((195.043425708337,124.53040611351,1241.9828135321));
#13232=IFCCARTESIANPOINT((196.399999999991,124.,1841.25496316729));
#13233=IFCCARTESIANPOINT((194.942579104153,124.630356129367,1837.31810534916));
#13234=IFCCARTESIANPOINT((195.067418003551,124.508616339519,1823.04309149426));
#13235=IFCCARTESIANPOINT((196.399999999991,124.,1267.25624864793));
#13236=IFCCARTESIANPOINT((195.108796177132,124.472651746385,1254.33873050595));
#13237=IFCCARTESIANPOINT((194.399999999991,126.,1269.97757580795));
#13238=IFCCARTESIANPOINT((194.399999999991,126.,1591.13125307865));
#13239=IFCCARTESIANPOINT((196.399999999991,124.,1590.75624864793));
#13240=IFCCARTESIANPOINT((196.399999999991,124.,1550.31874954931));
#13241=IFCCARTESIANPOINT((194.399999999991,126.,1550.44375233977));
#13242=IFCCARTESIANPOINT((194.399999999991,126.,1469.06875086202));
#13243=IFCCARTESIANPOINT((196.399999999991,124.,1469.44375135207));
#13244=IFCCARTESIANPOINT((196.399999999991,124.,1712.06874954931));
#13245=IFCCARTESIANPOINT((194.399999999991,126.,1713.19374741393));
#13246=IFCCARTESIANPOINT((194.399999999991,126.,1387.69374938427));
#13247=IFCCARTESIANPOINT((196.399999999991,124.,1388.56874954931));
#13248=IFCCARTESIANPOINT((196.399999999991,124.,1429.00625225346));
#13249=IFCCARTESIANPOINT((194.399999999991,126.,1428.38125012315));
#13250=IFCCARTESIANPOINT((196.399999999991,124.,1348.13125045069));
#13251=IFCCARTESIANPOINT((194.399999999991,126.,1347.00624864539));
#13252=IFCCARTESIANPOINT((194.399999999991,126.,1672.5062545564));
#13253=IFCCARTESIANPOINT((196.399999999991,124.,1671.63125045069));
#13254=IFCCARTESIANPOINT((196.399999999991,124.,1752.50625225346));
#13255=IFCCARTESIANPOINT((194.399999999991,126.,1753.88124815281));
#13256=IFCCARTESIANPOINT((195.04531432744,124.52866498425,1277.97629193496));
#13257=IFCCARTESIANPOINT((196.39999999999,124.,1257.14687567604));
#13258=IFCCARTESIANPOINT((194.967468436174,124.604344842501,1289.49002996048));
#13259=IFCCARTESIANPOINT((196.399999999991,124.,1307.69374774654));
#13260=IFCCARTESIANPOINT((196.399999999991,124.,1297.58437477465));
#13261=IFCCARTESIANPOINT((195.012732698227,124.5593440961,1302.63906488741));
#13262=IFCCARTESIANPOINT((194.995891552294,124.575753017524,1317.29753303348));
#13263=IFCCARTESIANPOINT((194.399999999991,126.,1296.1468727218));
#13264=IFCCARTESIANPOINT((194.961101053864,124.610910433838,1266.55826540906));
#13265=IFCCARTESIANPOINT((194.967060760685,124.604763412018,1811.61437263609));
#13266=IFCCARTESIANPOINT((196.399999999991,124.,1792.94375135207));
#13267=IFCCARTESIANPOINT((196.399999999991,124.,1803.05312432396));
#13268=IFCCARTESIANPOINT((195.01676275368,124.555474223004,1797.99843783507));
#13269=IFCCARTESIANPOINT((194.999545131594,124.572160316573,1783.41983592365));
#13270=IFCCARTESIANPOINT((194.399999999991,126.,1804.7406240764));
#13271=IFCCARTESIANPOINT((196.399999999991,124.,1631.19374774654));
#13272=IFCCARTESIANPOINT((195.013267914266,124.558828905921,1641.30312616826));
#13273=IFCCARTESIANPOINT((194.399999999991,126.,1509.7562516009));
#13274=IFCCARTESIANPOINT((196.399999999991,124.,1823.2718774788));
#13275=IFCCARTESIANPOINT((194.963904400001,124.608012418275,1601.30312647563));
#13276=IFCCARTESIANPOINT((194.969239386442,124.602529403993,1580.95937659415));
#13277=IFCCARTESIANPOINT((194.985786376053,124.585786499196,1540.20937669565));
#13278=IFCCARTESIANPOINT((194.991380559114,124.580214357458,1560.42812659155));
#13279=IFCCARTESIANPOINT((194.963904394278,124.608012424179,1458.89687728299));
#13280=IFCCARTESIANPOINT((194.996926663035,124.57473328422,1479.55312699848));
#13281=IFCCARTESIANPOINT((195.029145503717,124.543717764295,1701.95937584663));
#13282=IFCCARTESIANPOINT((195.03433117326,124.53885365015,1722.17812573895));
#13283=IFCCARTESIANPOINT((194.943448364892,124.629431747677,1377.5218776677));
#13284=IFCCARTESIANPOINT((195.018613030607,124.553704718668,1398.67812735509));
#13285=IFCCARTESIANPOINT((195.007871200048,124.564041294342,1439.11562718766));
#13286=IFCCARTESIANPOINT((194.95350103663,124.618826314694,1418.20937749126));
#13287=IFCCARTESIANPOINT((195.029145468398,124.543717797541,1358.24062747343));
#13288=IFCCARTESIANPOINT((194.93374066989,124.639822226002,1336.83437776557));
#13289=IFCCARTESIANPOINT((194.943448379674,124.629431731967,1682.67812599688));
#13290=IFCCARTESIANPOINT((194.948431238479,124.624155484588,1662.3343761171));
#13291=IFCCARTESIANPOINT((195.039462096112,124.534074827252,1742.3968756311));
#13292=IFCCARTESIANPOINT((195.044537505,124.5293805983,1762.61562552311));
#13293=IFCCARTESIANPOINT((196.399999999991,124.,1277.36562161981));
#13294=IFCCARTESIANPOINT((194.399999999991,126.,1316.49062309124));
#13295=IFCCARTESIANPOINT((196.399999999991,124.,1317.80312071843));
#13296=IFCCARTESIANPOINT((194.399999999991,126.,1784.39687370697));
#13297=IFCCARTESIANPOINT((196.399999999991,124.,1782.83437838019));
#13298=IFCCARTESIANPOINT((194.958658529618,124.613445000813,1621.64687635655));
#13299=IFCCARTESIANPOINT((196.399999999991,124.,1641.30312071843));
#13300=IFCCARTESIANPOINT((194.399999999991,126.,1641.99062900224));
#13301=IFCCARTESIANPOINT((194.985786360819,124.58578651443,1519.9906267984));
#13302=IFCCARTESIANPOINT((194.9746642231,124.596996819996,1499.58437705976));
#13303=IFCCARTESIANPOINT((194.399999999991,126.,1601.30312826337));
#13304=IFCCARTESIANPOINT((196.399999999991,124.,1600.86562161981));
#13305=IFCCARTESIANPOINT((194.399999999991,126.,1580.95937789393));
#13306=IFCCARTESIANPOINT((196.399999999991,124.,1580.64687567604));
#13307=IFCCARTESIANPOINT((195.08305220369,124.494792870797,1591.1343088244));
#13308=IFCCARTESIANPOINT((196.399999999991,124.,1540.20937657742));
#13309=IFCCARTESIANPOINT((194.399999999991,126.,1540.27187715505));
#13310=IFCCARTESIANPOINT((196.399999999991,124.,1560.4281225212));
#13311=IFCCARTESIANPOINT((195.074857283727,124.502002409375,1570.70383869544));
#13312=IFCCARTESIANPOINT((194.399999999991,126.,1560.61562752449));
#13313=IFCCARTESIANPOINT((194.888645822467,124.690111245156,1550.32164867043));
#13314=IFCCARTESIANPOINT((194.399999999991,126.,1458.8968756773));
#13315=IFCCARTESIANPOINT((196.399999999991,124.,1459.33437838019));
#13316=IFCCARTESIANPOINT((196.399999999991,124.,1479.55312432396));
#13317=IFCCARTESIANPOINT((194.399999999991,126.,1479.24062604674));
#13318=IFCCARTESIANPOINT((194.906653390907,124.6696181356,1469.2373607625));
#13319=IFCCARTESIANPOINT((196.399999999991,124.,1701.95937297189));
#13320=IFCCARTESIANPOINT((194.399999999991,126.,1703.02187222921));
#13321=IFCCARTESIANPOINT((196.399999999991,124.,1722.17812612673));
#13322=IFCCARTESIANPOINT((194.399999999991,126.,1723.36562259865));
#13323=IFCCARTESIANPOINT((194.887974962139,124.69088568685,1712.07244632574));
#13324=IFCCARTESIANPOINT((194.399999999991,126.,1377.52187419955));
#13325=IFCCARTESIANPOINT((196.399999999991,124.,1378.45937297189));
#13326=IFCCARTESIANPOINT((196.399999999991,124.,1398.67812612673));
#13327=IFCCARTESIANPOINT((194.399999999991,126.,1397.86562456899));
#13328=IFCCARTESIANPOINT((194.928678056522,124.645300129677,1388.11916351628));
#13329=IFCCARTESIANPOINT((196.399999999991,124.,1439.11562522535));
#13330=IFCCARTESIANPOINT((194.399999999991,126.,1438.55312530786));
#13331=IFCCARTESIANPOINT((194.399999999991,126.,1418.20937493843));
#13332=IFCCARTESIANPOINT((196.399999999991,124.,1418.89687928157));
#13333=IFCCARTESIANPOINT((195.056954954658,124.518031712151,1428.64271128561));
#13334=IFCCARTESIANPOINT((196.399999999991,124.,1358.24062702811));
#13335=IFCCARTESIANPOINT((194.399999999991,126.,1357.17812383011));
#13336=IFCCARTESIANPOINT((194.399999999991,126.,1336.83437346067));
#13337=IFCCARTESIANPOINT((196.399999999991,124.,1338.02187387327));
#13338=IFCCARTESIANPOINT((195.033047619317,124.540054388357,1347.5140937421));
#13339=IFCCARTESIANPOINT((194.399999999991,126.,1682.67812974112));
#13340=IFCCARTESIANPOINT((196.399999999991,124.,1681.74062702811));
#13341=IFCCARTESIANPOINT((194.399999999991,126.,1662.33437937168));
#13342=IFCCARTESIANPOINT((194.923101935131,124.651381408255,1651.8003126666));
#13343=IFCCARTESIANPOINT((196.399999999991,124.,1661.52187387327));
#13344=IFCCARTESIANPOINT((195.083504348322,124.494397396681,1672.50970063981));
#13345=IFCCARTESIANPOINT((196.399999999991,124.,1742.39687928157));
#13346=IFCCARTESIANPOINT((194.399999999991,126.,1743.70937296809));
#13347=IFCCARTESIANPOINT((194.887404920157,124.691544374291,1732.29128442124));
#13348=IFCCARTESIANPOINT((196.399999999991,124.,1762.61562522535));
#13349=IFCCARTESIANPOINT((195.064196380542,124.51150119575,1773.02643614189));
#13350=IFCCARTESIANPOINT((194.399999999991,126.,1764.05312333753));
#13351=IFCCARTESIANPOINT((194.886728864571,124.692326313375,1752.51011972801));
#13352=IFCCARTESIANPOINT((194.399999999991,126.,1621.64687863281));
#13353=IFCCARTESIANPOINT((194.891942801917,124.68631682384,1611.4730734091));
#13354=IFCCARTESIANPOINT((196.399999999991,124.,1621.08437477465));
#13355=IFCCARTESIANPOINT((196.399999999991,124.,1519.99062342258));
#13356=IFCCARTESIANPOINT((195.090318608329,124.488466125977,1530.10000173626));
#13357=IFCCARTESIANPOINT((194.399999999991,126.,1519.92812678562));
#13358=IFCCARTESIANPOINT((194.399999999991,126.,1499.58437641618));
#13359=IFCCARTESIANPOINT((196.399999999991,124.,1499.7718774788));
#13360=IFCCARTESIANPOINT((195.080817949834,124.496750613328,1509.78208956126));
#13361=IFCCARTESIANPOINT((194.399999999991,130.,1204.6));
#13362=IFCCARTESIANPOINT((194.399999999991,130.,1855.6));
#13363=IFCCARTESIANPOINT((329.399999999991,130.,1847.6));
#13364=IFCCARTESIANPOINT((329.399999999991,150.,1847.6));
#13365=IFCCARTESIANPOINT((317.399999999991,150.,1835.6));
#13366=IFCCARTESIANPOINT((317.399999999991,129.,1835.6));
#13367=IFCCARTESIANPOINT((318.864466094058,125.464466094072,1837.06446609407));
#13368=IFCCARTESIANPOINT((322.399999999991,124.,1840.6));
#13369=IFCCARTESIANPOINT((278.361556038655,129.,1835.6));
#13370=IFCCARTESIANPOINT((265.90000057703,124.,1840.6));
#13371=IFCCARTESIANPOINT((253.438443239226,129.,1835.6));
#13372=IFCCARTESIANPOINT((265.900002405564,125.605201794767,1836.92912201977));
#13373=IFCCARTESIANPOINT((248.43844485853,124.,1840.6));
#13374=IFCCARTESIANPOINT((283.361556295529,124.,1840.6));
#13375=IFCCARTESIANPOINT((239.302021379952,126.006614131312,1836.59504793523));
#13376=IFCCARTESIANPOINT((292.497981786249,126.006614186641,1836.59504789387));
#13377=IFCCARTESIANPOINT((335.399999999991,124.,1853.6));
#13378=IFCCARTESIANPOINT((336.814213562364,124.585786437632,1855.01421356237));
#13379=IFCCARTESIANPOINT((337.399999999991,126.,1855.6));
#13380=IFCCARTESIANPOINT((286.019839853153,124.,1853.6));
#13381=IFCCARTESIANPOINT((265.899999492781,126.,1855.6));
#13382=IFCCARTESIANPOINT((243.780159231464,126.,1855.6));
#13383=IFCCARTESIANPOINT((301.649999746386,126.,1855.6));
#13384=IFCCARTESIANPOINT((241.209919926572,124.,1853.6));
#13385=IFCCARTESIANPOINT((263.614879289252,124.,1853.6));
#13386=IFCCARTESIANPOINT((310.709919926572,124.,1853.6));
#13387=IFCCARTESIANPOINT((219.090079108518,126.,1855.6));
#13388=IFCCARTESIANPOINT((218.804960563892,124.,1853.6));
#13389=IFCCARTESIANPOINT((230.007440845843,124.,1853.6));
#13390=IFCCARTESIANPOINT((312.709920891463,126.,1855.6));
#13391=IFCCARTESIANPOINT((323.054959963281,124.,1853.6));
#13392=IFCCARTESIANPOINT((206.745040061463,126.,1855.6));
#13393=IFCCARTESIANPOINT((231.435119169991,126.,1855.6));
#13394=IFCCARTESIANPOINT((325.054960952936,126.,1855.6));
#13395=IFCCARTESIANPOINT((208.7450400367,124.,1853.6));
#13396=IFCCARTESIANPOINT((213.77500044304,124.592358039256,1855.02075476784));
#13397=IFCCARTESIANPOINT((307.17996058562,124.626632212534,1855.05391228083));
#13398=IFCCARTESIANPOINT((283.775000126793,126.,1855.6));
#13399=IFCCARTESIANPOINT((274.817359571203,124.,1853.6));
#13400=IFCCARTESIANPOINT((293.538561095664,124.606528821992,1855.03465608285));
#13401=IFCCARTESIANPOINT((235.608681341404,124.555108617207,1854.9828553402));
#13402=IFCCARTESIANPOINT((280.418601929921,124.541802062658,1854.96881656021));
#13403=IFCCARTESIANPOINT((248.264933728375,124.521417090414,1854.94677116819));
#13404=IFCCARTESIANPOINT((298.364879889863,124.,1853.6));
#13405=IFCCARTESIANPOINT((224.722645798713,124.759510218065,1855.16881646501));
#13406=IFCCARTESIANPOINT((254.840079362123,126.,1855.6));
#13407=IFCCARTESIANPOINT((260.370040600262,124.631052770563,1855.05807526658));
#13408=IFCCARTESIANPOINT((252.412399007301,124.,1853.6));
#13409=IFCCARTESIANPOINT((325.500098335448,124.572995692068,1855.00130607118));
#13410=IFCCARTESIANPOINT((337.399999999991,130.,1855.6));
#13411=IFCCARTESIANPOINT((329.399999999991,130.,1212.6));
#13412=IFCCARTESIANPOINT((329.399999999991,150.,1212.6));
#13413=IFCCARTESIANPOINT((317.399999999991,150.,1224.6));
#13414=IFCCARTESIANPOINT((317.399999999991,129.,1224.6));
#13415=IFCCARTESIANPOINT((318.864466094058,125.464466094072,1223.13553390593));
#13416=IFCCARTESIANPOINT((322.399999999991,124.,1219.6));
#13417=IFCCARTESIANPOINT((322.399999999991,124.,1528.29245700157));
#13418=IFCCARTESIANPOINT((322.399999999991,124.,1684.44622099992));
#13419=IFCCARTESIANPOINT((322.399999999991,124.,1375.75377900008));
#13420=IFCCARTESIANPOINT((317.399999999991,129.,1530.09999819546));
#13421=IFCCARTESIANPOINT((317.399999999991,129.,1682.84999909773));
#13422=IFCCARTESIANPOINT((317.399999999991,129.,1377.34999729319));
#13423=IFCCARTESIANPOINT((322.399999999991,124.,1297.67688950004));
#13424=IFCCARTESIANPOINT((317.399999999991,129.,1300.97499684205));
#13425=IFCCARTESIANPOINT((317.399999999991,129.,1263.63844256863));
#13426=IFCCARTESIANPOINT((322.399999999991,124.,1762.52311049996));
#13427=IFCCARTESIANPOINT((317.399999999991,129.,1759.22499954886));
#13428=IFCCARTESIANPOINT((317.399999999991,129.,1721.0374993233));
#13429=IFCCARTESIANPOINT((322.399999999991,124.,1801.56154774912));
#13430=IFCCARTESIANPOINT((317.399999999991,129.,1606.47499864659));
#13431=IFCCARTESIANPOINT((322.399999999991,124.,1606.36934650161));
#13432=IFCCARTESIANPOINT((322.399999999991,124.,1645.40778375077));
#13433=IFCCARTESIANPOINT((322.399999999991,124.,1452.02312550169));
#13434=IFCCARTESIANPOINT((317.399999999991,129.,1453.72499774432));
#13435=IFCCARTESIANPOINT((317.399999999991,129.,1415.53749751876));
#13436=IFCCARTESIANPOINT((322.399999999991,124.,1258.63845225088));
#13437=IFCCARTESIANPOINT((317.399999999991,129.,1797.41249977443));
#13438=IFCCARTESIANPOINT((322.399999999991,124.,1723.48467325081));
#13439=IFCCARTESIANPOINT((322.399999999991,124.,1413.88845225088));
#13440=IFCCARTESIANPOINT((318.918365573868,125.411376068351,1432.95577583171));
#13441=IFCCARTESIANPOINT((318.828646236359,125.50065259013,1402.43539415687));
#13442=IFCCARTESIANPOINT((318.893817913304,125.43535595396,1462.53272088307));
#13443=IFCCARTESIANPOINT((317.399999999991,129.,1491.91249796989));
#13444=IFCCARTESIANPOINT((322.399999999991,124.,1490.15778375077));
#13445=IFCCARTESIANPOINT((318.766071079931,125.565679018507,1282.30672077618));
#13446=IFCCARTESIANPOINT((322.399999999991,124.,1336.71532674919));
#13447=IFCCARTESIANPOINT((318.9500894205,125.380867922625,1313.75377518662));
#13448=IFCCARTESIANPOINT((317.399999999991,129.,1339.16249706762));
#13449=IFCCARTESIANPOINT((318.793921849349,125.536446857426,1253.12313253535));
#13450=IFCCARTESIANPOINT((318.812916516832,125.516778490418,1701.94374511843));
#13451=IFCCARTESIANPOINT((318.899234861564,125.430035932177,1671.45874093531));
#13452=IFCCARTESIANPOINT((317.399999999991,129.,1644.66249887216));
#13453=IFCCARTESIANPOINT((318.868065433872,125.460870414831,1625.56874585576));
#13454=IFCCARTESIANPOINT((318.825106214912,125.50426911428,1731.3567869533));
#13455=IFCCARTESIANPOINT((318.862434548468,125.466498807675,1595.60657122841));
#13456=IFCCARTESIANPOINT((322.399999999991,124.,1567.33089425073));
#13457=IFCCARTESIANPOINT((317.399999999991,129.,1568.28749842103));
#13458=IFCCARTESIANPOINT((318.832941496555,125.496274321093,1549.19374661624));
#13459=IFCCARTESIANPOINT((318.8339178691,125.495280576749,1519.65089302769));
#13460=IFCCARTESIANPOINT((318.81291647825,125.51677853015,1358.25624852339));
#13461=IFCCARTESIANPOINT((318.763647969767,125.568244776757,1778.31874474968));
#13462=IFCCARTESIANPOINT((318.806205228957,125.523703242866,1807.44988031386));
#13463=IFCCARTESIANPOINT((318.86277182151,125.466161178926,1490.49203059577));
#13464=IFCCARTESIANPOINT((335.399999999991,124.,1206.6));
#13465=IFCCARTESIANPOINT((336.814213562364,124.585786437632,1205.18578643763));
#13466=IFCCARTESIANPOINT((337.399999999991,126.,1204.6));
#13467=IFCCARTESIANPOINT((337.399999999991,126.,1530.1));
#13468=IFCCARTESIANPOINT((337.399999999991,126.,1692.85));
#13469=IFCCARTESIANPOINT((337.399999999991,126.,1367.35));
#13470=IFCCARTESIANPOINT((335.399999999991,124.,1530.1));
#13471=IFCCARTESIANPOINT((335.399999999991,124.,1691.85000180277));
#13472=IFCCARTESIANPOINT((335.399999999991,124.,1368.34999819723));
#13473=IFCCARTESIANPOINT((335.399999999991,124.,1287.47499729585));
#13474=IFCCARTESIANPOINT((337.399999999991,126.,1285.97499802966));
#13475=IFCCARTESIANPOINT((337.399999999991,126.,1326.66249901483));
#13476=IFCCARTESIANPOINT((335.399999999991,124.,1327.91249774654));
#13477=IFCCARTESIANPOINT((335.399999999991,124.,1772.72500270415));
#13478=IFCCARTESIANPOINT((337.399999999991,126.,1774.22500197034));
#13479=IFCCARTESIANPOINT((337.399999999991,126.,1806.2198416816));
#13480=IFCCARTESIANPOINT((335.399999999991,124.,1813.16249954931));
#13481=IFCCARTESIANPOINT((335.399999999991,124.,1449.22499909862));
#13482=IFCCARTESIANPOINT((337.399999999991,126.,1448.72500197034));
#13483=IFCCARTESIANPOINT((337.399999999991,126.,1489.4125029555));
#13484=IFCCARTESIANPOINT((335.399999999991,124.,1489.66249954931));
#13485=IFCCARTESIANPOINT((335.399999999991,124.,1610.97500090138));
#13486=IFCCARTESIANPOINT((337.399999999991,126.,1611.47499802966));
#13487=IFCCARTESIANPOINT((337.399999999991,126.,1652.16249901483));
#13488=IFCCARTESIANPOINT((335.399999999991,124.,1651.41250135207));
#13489=IFCCARTESIANPOINT((335.399999999991,124.,1247.03750045069));
#13490=IFCCARTESIANPOINT((337.399999999991,126.,1245.2874970445));
#13491=IFCCARTESIANPOINT((337.399999999991,126.,1265.63124753708));
#13492=IFCCARTESIANPOINT((337.399999999991,126.,1830.9099208408));
#13493=IFCCARTESIANPOINT((335.399999999991,124.,1833.38124797189));
#13494=IFCCARTESIANPOINT((337.399999999991,126.,1229.29007521853));
#13495=IFCCARTESIANPOINT((335.399999999991,124.,1226.81875202811));
#13496=IFCCARTESIANPOINT((335.399999999991,124.,1732.28750225346));
#13497=IFCCARTESIANPOINT((337.399999999991,126.,1733.53750098517));
#13498=IFCCARTESIANPOINT((337.399999999991,126.,1753.88125147775));
#13499=IFCCARTESIANPOINT((335.399999999991,124.,1408.78749864793));
#13500=IFCCARTESIANPOINT((337.399999999991,126.,1408.03750098517));
#13501=IFCCARTESIANPOINT((337.399999999991,126.,1428.38125147775));
#13502=IFCCARTESIANPOINT((337.399999999991,126.,1570.7874970445));
#13503=IFCCARTESIANPOINT((335.399999999991,124.,1570.53750045069));
#13504=IFCCARTESIANPOINT((335.399999999991,124.,1550.31874842258));
#13505=IFCCARTESIANPOINT((337.399999999991,126.,1843.25495845006));
#13506=IFCCARTESIANPOINT((337.399999999991,126.,1216.94503760926));
#13507=IFCCARTESIANPOINT((335.399999999991,124.,1841.25495804827));
#13508=IFCCARTESIANPOINT((336.857420854341,124.630356085221,1837.31810488398));
#13509=IFCCARTESIANPOINT((335.399999999991,124.,1823.2718737606));
#13510=IFCCARTESIANPOINT((337.399999999991,126.,1818.56488323153));
#13511=IFCCARTESIANPOINT((336.756574291644,124.530406113509,1818.2171864679));
#13512=IFCCARTESIANPOINT((335.399999999991,124.,1218.94504195173));
#13513=IFCCARTESIANPOINT((336.857420895828,124.630356129366,1222.88189465084));
#13514=IFCCARTESIANPOINT((336.73258199643,124.508616339519,1237.15690850574));
#13515=IFCCARTESIANPOINT((335.399999999991,124.,1792.94375112673));
#13516=IFCCARTESIANPOINT((336.691203822849,124.472651746385,1805.86126949405));
#13517=IFCCARTESIANPOINT((337.399999999991,126.,1790.22241985563));
#13518=IFCCARTESIANPOINT((337.399999999991,126.,1469.06875246292));
#13519=IFCCARTESIANPOINT((335.399999999991,124.,1469.4437475212));
#13520=IFCCARTESIANPOINT((335.399999999991,124.,1509.88125157742));
#13521=IFCCARTESIANPOINT((337.399999999991,126.,1509.75625344809));
#13522=IFCCARTESIANPOINT((337.399999999991,126.,1591.13124753708));
#13523=IFCCARTESIANPOINT((335.399999999991,124.,1590.7562524788));
#13524=IFCCARTESIANPOINT((335.399999999991,124.,1348.13124977465));
#13525=IFCCARTESIANPOINT((337.399999999991,126.,1347.00624950742));
#13526=IFCCARTESIANPOINT((337.399999999991,126.,1672.50624950742));
#13527=IFCCARTESIANPOINT((335.399999999991,124.,1671.63125338019));
#13528=IFCCARTESIANPOINT((335.399999999991,124.,1631.19374932396));
#13529=IFCCARTESIANPOINT((337.399999999991,126.,1631.81874852225));
#13530=IFCCARTESIANPOINT((335.399999999991,124.,1712.06875022535));
#13531=IFCCARTESIANPOINT((337.399999999991,126.,1713.19375049258));
#13532=IFCCARTESIANPOINT((337.399999999991,126.,1387.69375049258));
#13533=IFCCARTESIANPOINT((335.399999999991,124.,1388.56874661981));
#13534=IFCCARTESIANPOINT((335.399999999991,124.,1307.69374571843));
#13535=IFCCARTESIANPOINT((337.399999999991,126.,1306.31874852225));
#13536=IFCCARTESIANPOINT((336.754685672541,124.52866498425,1782.22370806504));
#13537=IFCCARTESIANPOINT((335.399999999991,124.,1803.05312533802));
#13538=IFCCARTESIANPOINT((336.832531563807,124.6043448425,1770.70997003952));
#13539=IFCCARTESIANPOINT((335.399999999991,124.,1752.50625428157));
#13540=IFCCARTESIANPOINT((335.399999999991,124.,1762.61562849286));
#13541=IFCCARTESIANPOINT((336.787267301754,124.559344096099,1757.56093511259));
#13542=IFCCARTESIANPOINT((336.804108447687,124.575753017524,1742.90246696652));
#13543=IFCCARTESIANPOINT((337.399999999991,126.,1764.05312672404));
#13544=IFCCARTESIANPOINT((336.838898946117,124.610910433837,1793.64173459094));
#13545=IFCCARTESIANPOINT((336.832939239296,124.604763412018,1248.58562736391));
#13546=IFCCARTESIANPOINT((335.399999999991,124.,1267.25624887327));
#13547=IFCCARTESIANPOINT((335.399999999991,124.,1257.14687466198));
#13548=IFCCARTESIANPOINT((336.783237246301,124.555474223004,1262.20156216493));
#13549=IFCCARTESIANPOINT((336.800454868387,124.572160316572,1276.78016407635));
#13550=IFCCARTESIANPOINT((337.399999999991,126.,1255.45937229079));
#13551=IFCCARTESIANPOINT((335.399999999991,124.,1429.00625067604));
#13552=IFCCARTESIANPOINT((336.786732085715,124.558828905921,1418.89687383174));
#13553=IFCCARTESIANPOINT((337.399999999991,126.,1550.44374655191));
#13554=IFCCARTESIANPOINT((335.399999999991,124.,1236.9281262394));
#13555=IFCCARTESIANPOINT((336.83609559998,124.608012418275,1458.89687352437));
#13556=IFCCARTESIANPOINT((336.830760613539,124.602529403992,1479.24062340585));
#13557=IFCCARTESIANPOINT((336.814213623928,124.585786499196,1519.99062330435));
#13558=IFCCARTESIANPOINT((336.808619440868,124.580214357457,1499.77187340845));
#13559=IFCCARTESIANPOINT((336.836095605703,124.608012424179,1601.30312271701));
#13560=IFCCARTESIANPOINT((336.803073336946,124.574733284219,1580.64687300152));
#13561=IFCCARTESIANPOINT((336.770854496264,124.543717764294,1358.24062415337));
#13562=IFCCARTESIANPOINT((336.765668826722,124.53885365015,1338.02187426105));
#13563=IFCCARTESIANPOINT((336.85655163509,124.629431747676,1682.6781223323));
#13564=IFCCARTESIANPOINT((336.781386969374,124.553704718668,1661.52187264491));
#13565=IFCCARTESIANPOINT((336.792128799933,124.564041294341,1621.08437281234));
#13566=IFCCARTESIANPOINT((336.846498963352,124.618826314694,1641.99062250873));
#13567=IFCCARTESIANPOINT((336.770854531583,124.543717797541,1701.95937252657));
#13568=IFCCARTESIANPOINT((336.866259330092,124.639822226002,1723.36562223443));
#13569=IFCCARTESIANPOINT((336.856551620307,124.629431731966,1377.52187400312));
#13570=IFCCARTESIANPOINT((336.851568761502,124.624155484587,1397.8656238829));
#13571=IFCCARTESIANPOINT((336.760537903869,124.534074827252,1317.8031243689));
#13572=IFCCARTESIANPOINT((336.755462494982,124.529380598299,1297.58437447689));
#13573=IFCCARTESIANPOINT((335.399999999991,124.,1782.83437691544));
#13574=IFCCARTESIANPOINT((337.399999999991,126.,1743.70937623146));
#13575=IFCCARTESIANPOINT((335.399999999991,124.,1742.39687646475));
#13576=IFCCARTESIANPOINT((337.399999999991,126.,1275.80312278337));
#13577=IFCCARTESIANPOINT((335.399999999991,124.,1277.36562308456));
#13578=IFCCARTESIANPOINT((336.841341470363,124.613445000813,1438.55312364345));
#13579=IFCCARTESIANPOINT((335.399999999991,124.,1418.89687285922));
#13580=IFCCARTESIANPOINT((337.399999999991,126.,1418.20937623146));
#13581=IFCCARTESIANPOINT((336.814213639162,124.58578651443,1540.2093732016));
#13582=IFCCARTESIANPOINT((336.825335776881,124.596996819996,1560.61562294024));
#13583=IFCCARTESIANPOINT((337.399999999991,126.,1458.89687721663));
#13584=IFCCARTESIANPOINT((335.399999999991,124.,1459.33437330991));
#13585=IFCCARTESIANPOINT((337.399999999991,126.,1479.24062770921));
#13586=IFCCARTESIANPOINT((335.399999999991,124.,1479.55312533802));
#13587=IFCCARTESIANPOINT((336.716947796291,124.494792870796,1469.0656911756));
#13588=IFCCARTESIANPOINT((335.399999999991,124.,1519.99062578871));
#13589=IFCCARTESIANPOINT((337.399999999991,126.,1519.92812869438));
#13590=IFCCARTESIANPOINT((335.399999999991,124.,1499.7718737606));
#13591=IFCCARTESIANPOINT((336.725142716254,124.502002409375,1489.49616130456));
#13592=IFCCARTESIANPOINT((337.399999999991,126.,1499.5843782018));
#13593=IFCCARTESIANPOINT((336.911354177515,124.690111245155,1509.87835132957));
#13594=IFCCARTESIANPOINT((337.399999999991,126.,1601.30312278337));
#13595=IFCCARTESIANPOINT((335.399999999991,124.,1600.86562669009));
#13596=IFCCARTESIANPOINT((335.399999999991,124.,1580.64687466198));
#13597=IFCCARTESIANPOINT((337.399999999991,126.,1580.95937229079));
#13598=IFCCARTESIANPOINT((336.893346609075,124.6696181356,1590.9626392375));
#13599=IFCCARTESIANPOINT((335.399999999991,124.,1358.24062398594));
#13600=IFCCARTESIANPOINT((337.399999999991,126.,1357.17812475371));
#13601=IFCCARTESIANPOINT((335.399999999991,124.,1338.02187195783));
#13602=IFCCARTESIANPOINT((337.399999999991,126.,1336.83437426112));
#13603=IFCCARTESIANPOINT((336.912025037843,124.690885686849,1348.12755367426));
#13604=IFCCARTESIANPOINT((337.399999999991,126.,1682.67812475371));
#13605=IFCCARTESIANPOINT((335.399999999991,124.,1681.74062759148));
#13606=IFCCARTESIANPOINT((335.399999999991,124.,1661.52187556336));
#13607=IFCCARTESIANPOINT((337.399999999991,126.,1662.33437426112));
#13608=IFCCARTESIANPOINT((336.87132194346,124.645300129677,1672.08083648372));
#13609=IFCCARTESIANPOINT((335.399999999991,124.,1621.08437511267));
#13610=IFCCARTESIANPOINT((337.399999999991,126.,1621.64687327596));
#13611=IFCCARTESIANPOINT((337.399999999991,126.,1641.99062376854));
#13612=IFCCARTESIANPOINT((335.399999999991,124.,1641.30312714078));
#13613=IFCCARTESIANPOINT((336.743045045324,124.51803171215,1631.55728871439));
#13614=IFCCARTESIANPOINT((335.399999999991,124.,1701.95937601406));
#13615=IFCCARTESIANPOINT((337.399999999991,126.,1703.02187524629));
#13616=IFCCARTESIANPOINT((337.399999999991,126.,1723.36562573888));
#13617=IFCCARTESIANPOINT((335.399999999991,124.,1722.17812804217));
#13618=IFCCARTESIANPOINT((336.766952380665,124.540054388357,1712.6859062579));
#13619=IFCCARTESIANPOINT((337.399999999991,126.,1377.52187524629));
#13620=IFCCARTESIANPOINT((335.399999999991,124.,1378.45937240852));
#13621=IFCCARTESIANPOINT((337.399999999991,126.,1397.86562573888));
#13622=IFCCARTESIANPOINT((336.87689806485,124.651381408255,1408.3996873334));
#13623=IFCCARTESIANPOINT((335.399999999991,124.,1398.67812443664));
#13624=IFCCARTESIANPOINT((336.716495651659,124.49439739668,1387.69029936019));
#13625=IFCCARTESIANPOINT((335.399999999991,124.,1317.80312353525));
#13626=IFCCARTESIANPOINT((337.399999999991,126.,1316.49062376854));
#13627=IFCCARTESIANPOINT((336.912595079824,124.69154437429,1327.90871557876));
#13628=IFCCARTESIANPOINT((335.399999999991,124.,1297.58437150714));
#13629=IFCCARTESIANPOINT((336.735803619439,124.51150119575,1287.1735638581));
#13630=IFCCARTESIANPOINT((337.399999999991,126.,1296.14687327596));
#13631=IFCCARTESIANPOINT((336.91327113541,124.692326313374,1307.68988027199));
#13632=IFCCARTESIANPOINT((337.399999999991,126.,1438.55312672404));
#13633=IFCCARTESIANPOINT((336.908057198064,124.686316823839,1448.72692659089));
#13634=IFCCARTESIANPOINT((335.399999999991,124.,1439.11562488733));
#13635=IFCCARTESIANPOINT((335.399999999991,124.,1540.20937421129));
#13636=IFCCARTESIANPOINT((336.709681391652,124.488466125976,1530.09999826374));
#13637=IFCCARTESIANPOINT((337.399999999991,126.,1540.27187130562));
#13638=IFCCARTESIANPOINT((337.399999999991,126.,1560.6156217982));
#13639=IFCCARTESIANPOINT((335.399999999991,124.,1560.4281262394));
#13640=IFCCARTESIANPOINT((336.719182050147,124.496750613328,1550.41791043874));
#13641=IFCCARTESIANPOINT((337.399999999991,130.,1204.6));
#13642=IFCCARTESIANPOINT((253.438443961326,129.,1224.6));
#13643=IFCCARTESIANPOINT((265.899999422952,124.,1219.6));
#13644=IFCCARTESIANPOINT((278.361556760756,129.,1224.6));
#13645=IFCCARTESIANPOINT((265.899997594418,125.605201794767,1223.27087798023));
#13646=IFCCARTESIANPOINT((283.361555141451,124.,1219.6));
#13647=IFCCARTESIANPOINT((248.438443704452,124.,1219.6));
#13648=IFCCARTESIANPOINT((292.497978620029,126.006614131312,1223.60495206477));
#13649=IFCCARTESIANPOINT((239.302018213732,126.006614186641,1223.60495210612));
#13650=IFCCARTESIANPOINT((245.780158801184,124.,1206.6));
#13651=IFCCARTESIANPOINT((265.9000005072,126.,1204.6));
#13652=IFCCARTESIANPOINT((288.019840768517,126.,1204.6));
#13653=IFCCARTESIANPOINT((230.150000253595,126.,1204.6));
#13654=IFCCARTESIANPOINT((290.590080001199,124.,1206.6));
#13655=IFCCARTESIANPOINT((268.18511880058,124.,1206.6));
#13656=IFCCARTESIANPOINT((221.090079400587,124.,1206.6));
#13657=IFCCARTESIANPOINT((312.709920891463,126.,1204.6));
#13658=IFCCARTESIANPOINT((312.995040000595,124.,1206.6));
#13659=IFCCARTESIANPOINT((301.792560601509,124.,1206.6));
#13660=IFCCARTESIANPOINT((219.090080122936,126.,1204.6));
#13661=IFCCARTESIANPOINT((208.745039700289,124.,1206.6));
#13662=IFCCARTESIANPOINT((325.054959938518,126.,1204.6));
#13663=IFCCARTESIANPOINT((300.36488082999,126.,1204.6));
#13664=IFCCARTESIANPOINT((206.745040061464,126.,1204.6));
#13665=IFCCARTESIANPOINT((323.054961500915,124.,1206.6));
#13666=IFCCARTESIANPOINT((318.024999556941,124.592358039256,1205.17924523216));
#13667=IFCCARTESIANPOINT((224.620039414361,124.626632212534,1205.14608771917));
#13668=IFCCARTESIANPOINT((248.024999873188,126.,1204.6));
#13669=IFCCARTESIANPOINT((256.982638200271,124.,1206.6));
#13670=IFCCARTESIANPOINT((238.261438904317,124.606528821992,1205.16534391715));
#13671=IFCCARTESIANPOINT((296.191318658577,124.555108617207,1205.2171446598));
#13672=IFCCARTESIANPOINT((251.38139807006,124.541802062658,1205.23118343979));
#13673=IFCCARTESIANPOINT((283.535066271607,124.521417090414,1205.25322883181));
#13674=IFCCARTESIANPOINT((233.435119100886,124.,1206.6));
#13675=IFCCARTESIANPOINT((307.077354201269,124.759510218065,1205.03118353499));
#13676=IFCCARTESIANPOINT((276.959920637859,126.,1204.6));
#13677=IFCCARTESIANPOINT((271.42995939972,124.631052770563,1205.14192473342));
#13678=IFCCARTESIANPOINT((279.38759940089,124.,1206.6));
#13679=IFCCARTESIANPOINT((206.299901664532,124.572995692068,1205.19869392882));
#13680=IFCPOLYLOOP((#13122,#13123,#13124,#13125));
#13681=IFCFACEOUTERBOUND(#13680,.T.);
#13682=IFCFACE((#13681));
#13683=IFCPOLYLOOP((#13126,#13127,#13128,#13129,#13142,#13141,#13165,#13139,#13152,#13151,#13160,#13137,#13174,#13147,#13169,#13138,#13145,#13144,#13154));
#13684=IFCFACEOUTERBOUND(#13683,.T.);
#13685=IFCFACE((#13684));
#13686=IFCPOLYLOOP((#13162,#13153,#13140));
#13687=IFCFACEOUTERBOUND(#13686,.T.);
#13688=IFCFACE((#13687));
#13689=IFCPOLYLOOP((#13155,#13171,#13167));
#13690=IFCFACEOUTERBOUND(#13689,.T.);
#13691=IFCFACE((#13690));
#13692=IFCPOLYLOOP((#13154,#13178,#13179));
#13693=IFCFACEOUTERBOUND(#13692,.T.);
#13694=IFCFACE((#13693));
#13695=IFCPOLYLOOP((#13140,#13164,#13162));
#13696=IFCFACEOUTERBOUND(#13695,.T.);
#13697=IFCFACE((#13696));
#13698=IFCPOLYLOOP((#13178,#13154,#13144));
#13699=IFCFACEOUTERBOUND(#13698,.T.);
#13700=IFCFACE((#13699));
#13701=IFCPOLYLOOP((#13156,#13157,#13158));
#13702=IFCFACEOUTERBOUND(#13701,.T.);
#13703=IFCFACE((#13702));
#13704=IFCPOLYLOOP((#13145,#13138,#13167));
#13705=IFCFACEOUTERBOUND(#13704,.T.);
#13706=IFCFACE((#13705));
#13707=IFCPOLYLOOP((#13148,#13149,#13170));
#13708=IFCFACEOUTERBOUND(#13707,.T.);
#13709=IFCFACE((#13708));
#13710=IFCPOLYLOOP((#13159,#13161,#13180));
#13711=IFCFACEOUTERBOUND(#13710,.T.);
#13712=IFCFACE((#13711));
#13713=IFCPOLYLOOP((#13174,#13175,#13172));
#13714=IFCFACEOUTERBOUND(#13713,.T.);
#13715=IFCFACE((#13714));
#13716=IFCPOLYLOOP((#13177,#13164,#13163));
#13717=IFCFACEOUTERBOUND(#13716,.T.);
#13718=IFCFACE((#13717));
#13719=IFCPOLYLOOP((#13166,#13129,#13132));
#13720=IFCFACEOUTERBOUND(#13719,.T.);
#13721=IFCFACE((#13720));
#13722=IFCPOLYLOOP((#13153,#13162,#13166));
#13723=IFCFACEOUTERBOUND(#13722,.T.);
#13724=IFCFACE((#13723));
#13725=IFCPOLYLOOP((#13179,#13178,#13146));
#13726=IFCFACEOUTERBOUND(#13725,.T.);
#13727=IFCFACE((#13726));
#13728=IFCPOLYLOOP((#13148,#13170,#13172));
#13729=IFCFACEOUTERBOUND(#13728,.T.);
#13730=IFCFACE((#13729));
#13731=IFCPOLYLOOP((#13171,#13145,#13167));
#13732=IFCFACEOUTERBOUND(#13731,.T.);
#13733=IFCFACE((#13732));
#13734=IFCPOLYLOOP((#13126,#13154,#13179));
#13735=IFCFACEOUTERBOUND(#13734,.T.);
#13736=IFCFACE((#13735));
#13737=IFCPOLYLOOP((#13130,#13131,#13179));
#13738=IFCFACEOUTERBOUND(#13737,.T.);
#13739=IFCFACE((#13738));
#13740=IFCPOLYLOOP((#13168,#13135,#13167));
#13741=IFCFACEOUTERBOUND(#13740,.T.);
#13742=IFCFACE((#13741));
#13743=IFCPOLYLOOP((#13170,#13168,#13169));
#13744=IFCFACEOUTERBOUND(#13743,.T.);
#13745=IFCFACE((#13744));
#13746=IFCPOLYLOOP((#13136,#13156,#13158));
#13747=IFCFACEOUTERBOUND(#13746,.T.);
#13748=IFCFACE((#13747));
#13749=IFCPOLYLOOP((#13151,#13157,#13159));
#13750=IFCFACEOUTERBOUND(#13749,.T.);
#13751=IFCFACE((#13750));
#13752=IFCPOLYLOOP((#13151,#13152,#13157));
#13753=IFCFACEOUTERBOUND(#13752,.T.);
#13754=IFCFACE((#13753));
#13755=IFCPOLYLOOP((#13133,#13153,#13166));
#13756=IFCFACEOUTERBOUND(#13755,.T.);
#13757=IFCFACE((#13756));
#13758=IFCPOLYLOOP((#13162,#13141,#13142));
#13759=IFCFACEOUTERBOUND(#13758,.T.);
#13760=IFCFACE((#13759));
#13761=IFCPOLYLOOP((#13157,#13150,#13159));
#13762=IFCFACEOUTERBOUND(#13761,.T.);
#13763=IFCFACE((#13762));
#13764=IFCPOLYLOOP((#13171,#13143,#13178));
#13765=IFCFACEOUTERBOUND(#13764,.T.);
#13766=IFCFACE((#13765));
#13767=IFCPOLYLOOP((#13150,#13157,#13156));
#13768=IFCFACEOUTERBOUND(#13767,.T.);
#13769=IFCFACE((#13768));
#13770=IFCPOLYLOOP((#13158,#13157,#13152));
#13771=IFCFACEOUTERBOUND(#13770,.T.);
#13772=IFCFACE((#13771));
#13773=IFCPOLYLOOP((#13152,#13139,#13158));
#13774=IFCFACEOUTERBOUND(#13773,.T.);
#13775=IFCFACE((#13774));
#13776=IFCPOLYLOOP((#13158,#13139,#13177));
#13777=IFCFACEOUTERBOUND(#13776,.T.);
#13778=IFCFACE((#13777));
#13779=IFCPOLYLOOP((#13161,#13134,#13176));
#13780=IFCFACEOUTERBOUND(#13779,.T.);
#13781=IFCFACE((#13780));
#13782=IFCPOLYLOOP((#13159,#13150,#13161));
#13783=IFCFACEOUTERBOUND(#13782,.T.);
#13784=IFCFACE((#13783));
#13785=IFCPOLYLOOP((#13134,#13175,#13176));
#13786=IFCFACEOUTERBOUND(#13785,.T.);
#13787=IFCFACE((#13786));
#13788=IFCPOLYLOOP((#13160,#13151,#13159));
#13789=IFCFACEOUTERBOUND(#13788,.T.);
#13790=IFCFACE((#13789));
#13791=IFCPOLYLOOP((#13162,#13142,#13166));
#13792=IFCFACEOUTERBOUND(#13791,.T.);
#13793=IFCFACE((#13792));
#13794=IFCPOLYLOOP((#13129,#13166,#13142));
#13795=IFCFACEOUTERBOUND(#13794,.T.);
#13796=IFCFACE((#13795));
#13797=IFCPOLYLOOP((#13162,#13164,#13141));
#13798=IFCFACEOUTERBOUND(#13797,.T.);
#13799=IFCFACE((#13798));
#13800=IFCPOLYLOOP((#13140,#13163,#13164));
#13801=IFCFACEOUTERBOUND(#13800,.T.);
#13802=IFCFACE((#13801));
#13803=IFCPOLYLOOP((#13139,#13165,#13177));
#13804=IFCFACEOUTERBOUND(#13803,.T.);
#13805=IFCFACE((#13804));
#13806=IFCPOLYLOOP((#13136,#13177,#13163));
#13807=IFCFACEOUTERBOUND(#13806,.T.);
#13808=IFCFACE((#13807));
#13809=IFCPOLYLOOP((#13165,#13141,#13164));
#13810=IFCFACEOUTERBOUND(#13809,.T.);
#13811=IFCFACE((#13810));
#13812=IFCPOLYLOOP((#13133,#13166,#13132));
#13813=IFCFACEOUTERBOUND(#13812,.T.);
#13814=IFCFACE((#13813));
#13815=IFCPOLYLOOP((#13168,#13167,#13138));
#13816=IFCFACEOUTERBOUND(#13815,.T.);
#13817=IFCFACE((#13816));
#13818=IFCPOLYLOOP((#13155,#13167,#13135));
#13819=IFCFACEOUTERBOUND(#13818,.T.);
#13820=IFCFACE((#13819));
#13821=IFCPOLYLOOP((#13170,#13147,#13172));
#13822=IFCFACEOUTERBOUND(#13821,.T.);
#13823=IFCFACE((#13822));
#13824=IFCPOLYLOOP((#13149,#13135,#13168));
#13825=IFCFACEOUTERBOUND(#13824,.T.);
#13826=IFCFACE((#13825));
#13827=IFCPOLYLOOP((#13168,#13138,#13169));
#13828=IFCFACEOUTERBOUND(#13827,.T.);
#13829=IFCFACE((#13828));
#13830=IFCPOLYLOOP((#13170,#13169,#13147));
#13831=IFCFACEOUTERBOUND(#13830,.T.);
#13832=IFCFACE((#13831));
#13833=IFCPOLYLOOP((#13168,#13170,#13149));
#13834=IFCFACEOUTERBOUND(#13833,.T.);
#13835=IFCFACE((#13834));
#13836=IFCPOLYLOOP((#13143,#13171,#13155));
#13837=IFCFACEOUTERBOUND(#13836,.T.);
#13838=IFCFACE((#13837));
#13839=IFCPOLYLOOP((#13144,#13145,#13171));
#13840=IFCFACEOUTERBOUND(#13839,.T.);
#13841=IFCFACE((#13840));
#13842=IFCPOLYLOOP((#13175,#13174,#13137));
#13843=IFCFACEOUTERBOUND(#13842,.T.);
#13844=IFCFACE((#13843));
#13845=IFCPOLYLOOP((#13172,#13147,#13174));
#13846=IFCFACEOUTERBOUND(#13845,.T.);
#13847=IFCFACE((#13846));
#13848=IFCPOLYLOOP((#13175,#13134,#13173));
#13849=IFCFACEOUTERBOUND(#13848,.T.);
#13850=IFCFACE((#13849));
#13851=IFCPOLYLOOP((#13173,#13148,#13172));
#13852=IFCFACEOUTERBOUND(#13851,.T.);
#13853=IFCFACE((#13852));
#13854=IFCPOLYLOOP((#13175,#13137,#13176));
#13855=IFCFACEOUTERBOUND(#13854,.T.);
#13856=IFCFACE((#13855));
#13857=IFCPOLYLOOP((#13172,#13175,#13173));
#13858=IFCFACEOUTERBOUND(#13857,.T.);
#13859=IFCFACE((#13858));
#13860=IFCPOLYLOOP((#13137,#13160,#13176));
#13861=IFCFACEOUTERBOUND(#13860,.T.);
#13862=IFCFACE((#13861));
#13863=IFCPOLYLOOP((#13176,#13160,#13180));
#13864=IFCFACEOUTERBOUND(#13863,.T.);
#13865=IFCFACE((#13864));
#13866=IFCPOLYLOOP((#13177,#13165,#13164));
#13867=IFCFACEOUTERBOUND(#13866,.T.);
#13868=IFCFACE((#13867));
#13869=IFCPOLYLOOP((#13158,#13177,#13136));
#13870=IFCFACEOUTERBOUND(#13869,.T.);
#13871=IFCFACE((#13870));
#13872=IFCPOLYLOOP((#13171,#13178,#13144));
#13873=IFCFACEOUTERBOUND(#13872,.T.);
#13874=IFCFACE((#13873));
#13875=IFCPOLYLOOP((#13146,#13178,#13143));
#13876=IFCFACEOUTERBOUND(#13875,.T.);
#13877=IFCFACE((#13876));
#13878=IFCPOLYLOOP((#13130,#13179,#13146));
#13879=IFCFACEOUTERBOUND(#13878,.T.);
#13880=IFCFACE((#13879));
#13881=IFCPOLYLOOP((#13126,#13179,#13131));
#13882=IFCFACEOUTERBOUND(#13881,.T.);
#13883=IFCFACE((#13882));
#13884=IFCPOLYLOOP((#13176,#13180,#13161));
#13885=IFCFACEOUTERBOUND(#13884,.T.);
#13886=IFCFACE((#13885));
#13887=IFCPOLYLOOP((#13160,#13159,#13180));
#13888=IFCFACEOUTERBOUND(#13887,.T.);
#13889=IFCFACE((#13888));
#13890=IFCPOLYLOOP((#13215,#13233,#13234));
#13891=IFCFACEOUTERBOUND(#13890,.T.);
#13892=IFCFACE((#13891));
#13893=IFCPOLYLOOP((#13278,#13203,#13312));
#13894=IFCFACEOUTERBOUND(#13893,.T.);
#13895=IFCFACE((#13894));
#13896=IFCPOLYLOOP((#13347,#13322,#13282));
#13897=IFCFACEOUTERBOUND(#13896,.T.);
#13898=IFCFACE((#13897));
#13899=IFCPOLYLOOP((#13298,#13221,#13352));
#13900=IFCFACEOUTERBOUND(#13899,.T.);
#13901=IFCFACE((#13900));
#13902=IFCPOLYLOOP((#13235,#13256,#13264));
#13903=IFCFACEOUTERBOUND(#13902,.T.);
#13904=IFCFACE((#13903));
#13905=IFCPOLYLOOP((#13231,#13200,#13236));
#13906=IFCFACEOUTERBOUND(#13905,.T.);
#13907=IFCFACE((#13906));
#13908=IFCPOLYLOOP((#13284,#13247,#13326,#13208));
#13909=IFCFACEOUTERBOUND(#13908,.T.);
#13910=IFCFACE((#13909));
#13911=IFCPOLYLOOP((#13265,#13268,#13267));
#13912=IFCFACEOUTERBOUND(#13911,.T.);
#13913=IFCFACE((#13912));
#13914=IFCPOLYLOOP((#13228,#13227,#13213,#13229));
#13915=IFCFACEOUTERBOUND(#13914,.T.);
#13916=IFCFACE((#13915));
#13917=IFCPOLYLOOP((#13355,#13360,#13359,#13224));
#13918=IFCFACEOUTERBOUND(#13917,.T.);
#13919=IFCFACE((#13918));
#13920=IFCPOLYLOOP((#13349,#13350,#13292));
#13921=IFCFACEOUTERBOUND(#13920,.T.);
#13922=IFCFACE((#13921));
#13923=IFCPOLYLOOP((#13267,#13268,#13266));
#13924=IFCFACEOUTERBOUND(#13923,.T.);
#13925=IFCFACE((#13924));
#13926=IFCPOLYLOOP((#13351,#13346,#13291));
#13927=IFCFACEOUTERBOUND(#13926,.T.);
#13928=IFCFACE((#13927));
#13929=IFCPOLYLOOP((#13323,#13320,#13281));
#13930=IFCFACEOUTERBOUND(#13929,.T.);
#13931=IFCFACE((#13930));
#13932=IFCPOLYLOOP((#13258,#13198,#13256));
#13933=IFCFACEOUTERBOUND(#13932,.T.);
#13934=IFCFACE((#13933));
#13935=IFCPOLYLOOP((#13288,#13338,#13251));
#13936=IFCFACEOUTERBOUND(#13935,.T.);
#13937=IFCFACE((#13936));
#13938=IFCPOLYLOOP((#13200,#13231,#13229));
#13939=IFCFACEOUTERBOUND(#13938,.T.);
#13940=IFCFACE((#13939));
#13941=IFCPOLYLOOP((#13232,#13184,#13185));
#13942=IFCFACEOUTERBOUND(#13941,.T.);
#13943=IFCFACE((#13942));
#13944=IFCPOLYLOOP((#13182,#13183,#13227));
#13945=IFCFACEOUTERBOUND(#13944,.T.);
#13946=IFCFACE((#13945));
#13947=IFCPOLYLOOP((#13307,#13304,#13275));
#13948=IFCFACEOUTERBOUND(#13947,.T.);
#13949=IFCFACE((#13948));
#13950=IFCPOLYLOOP((#13342,#13343,#13290));
#13951=IFCFACEOUTERBOUND(#13950,.T.);
#13952=IFCFACE((#13951));
#13953=IFCPOLYLOOP((#13311,#13306,#13276));
#13954=IFCFACEOUTERBOUND(#13953,.T.);
#13955=IFCFACE((#13954));
#13956=IFCPOLYLOOP((#13313,#13309,#13277));
#13957=IFCFACEOUTERBOUND(#13956,.T.);
#13958=IFCFACE((#13957));
#13959=IFCPOLYLOOP((#13360,#13355,#13301));
#13960=IFCFACEOUTERBOUND(#13959,.T.);
#13961=IFCFACE((#13960));
#13962=IFCPOLYLOOP((#13286,#13333,#13249));
#13963=IFCFACEOUTERBOUND(#13962,.T.);
#13964=IFCFACE((#13963));
#13965=IFCPOLYLOOP((#13286,#13249,#13331,#13207));
#13966=IFCFACEOUTERBOUND(#13965,.T.);
#13967=IFCFACE((#13966));
#13968=IFCPOLYLOOP((#13284,#13328,#13247));
#13969=IFCFACEOUTERBOUND(#13968,.T.);
#13970=IFCFACE((#13969));
#13971=IFCPOLYLOOP((#13228,#13225,#13182));
#13972=IFCFACEOUTERBOUND(#13971,.T.);
#13973=IFCFACE((#13972));
#13974=IFCPOLYLOOP((#13232,#13233,#13215));
#13975=IFCFACEOUTERBOUND(#13974,.T.);
#13976=IFCFACE((#13975));
#13977=IFCPOLYLOOP((#13234,#13265,#13209));
#13978=IFCFACEOUTERBOUND(#13977,.T.);
#13979=IFCFACE((#13978));
#13980=IFCPOLYLOOP((#13212,#13228,#13231));
#13981=IFCFACEOUTERBOUND(#13980,.T.);
#13982=IFCFACE((#13981));
#13983=IFCPOLYLOOP((#13210,#13265,#13234));
#13984=IFCFACEOUTERBOUND(#13983,.T.);
#13985=IFCFACE((#13984));
#13986=IFCPOLYLOOP((#13185,#13233,#13232));
#13987=IFCFACEOUTERBOUND(#13986,.T.);
#13988=IFCFACE((#13987));
#13989=IFCPOLYLOOP((#13261,#13262,#13218));
#13990=IFCFACEOUTERBOUND(#13989,.T.);
#13991=IFCFACE((#13990));
#13992=IFCPOLYLOOP((#13288,#13251,#13336,#13217));
#13993=IFCFACEOUTERBOUND(#13992,.T.);
#13994=IFCFACE((#13993));
#13995=IFCPOLYLOOP((#13261,#13260,#13259));
#13996=IFCFACEOUTERBOUND(#13995,.T.);
#13997=IFCFACE((#13996));
#13998=IFCPOLYLOOP((#13353,#13354,#13298));
#13999=IFCFACEOUTERBOUND(#13998,.T.);
#14000=IFCFACE((#13999));
#14001=IFCPOLYLOOP((#13344,#13340,#13289));
#14002=IFCFACEOUTERBOUND(#14001,.T.);
#14003=IFCFACE((#14002));
#14004=IFCPOLYLOOP((#13342,#13300,#13272));
#14005=IFCFACEOUTERBOUND(#14004,.T.);
#14006=IFCFACE((#14005));
#14007=IFCPOLYLOOP((#13280,#13318,#13243));
#14008=IFCFACEOUTERBOUND(#14007,.T.);
#14009=IFCFACE((#14008));
#14010=IFCPOLYLOOP((#13280,#13243,#13316,#13223));
#14011=IFCFACEOUTERBOUND(#14010,.T.);
#14012=IFCFACE((#14011));
#14013=IFCPOLYLOOP((#13190,#13308,#13356,#13355));
#14014=IFCFACEOUTERBOUND(#14013,.T.);
#14015=IFCFACE((#14014));
#14016=IFCPOLYLOOP((#13225,#13181,#13182));
#14017=IFCFACEOUTERBOUND(#14016,.T.);
#14018=IFCFACE((#14017));
#14019=IFCPOLYLOOP((#13185,#13186,#13226));
#14020=IFCFACEOUTERBOUND(#14019,.T.);
#14021=IFCFACE((#14020));
#14022=IFCPOLYLOOP((#13227,#13228,#13182));
#14023=IFCFACEOUTERBOUND(#14022,.T.);
#14024=IFCFACE((#14023));
#14025=IFCPOLYLOOP((#13212,#13225,#13228));
#14026=IFCFACEOUTERBOUND(#14025,.T.);
#14027=IFCFACE((#14026));
#14028=IFCPOLYLOOP((#13231,#13199,#13230,#13212));
#14029=IFCFACEOUTERBOUND(#14028,.T.);
#14030=IFCFACE((#14029));
#14031=IFCPOLYLOOP((#13231,#13228,#13229));
#14032=IFCFACEOUTERBOUND(#14031,.T.);
#14033=IFCFACE((#14032));
#14034=IFCPOLYLOOP((#13353,#13303,#13275));
#14035=IFCFACEOUTERBOUND(#14034,.T.);
#14036=IFCFACE((#14035));
#14037=IFCPOLYLOOP((#13233,#13185,#13226));
#14038=IFCFACEOUTERBOUND(#14037,.T.);
#14039=IFCFACE((#14038));
#14040=IFCPOLYLOOP((#13226,#13214,#13233));
#14041=IFCFACEOUTERBOUND(#14040,.T.);
#14042=IFCFACE((#14041));
#14043=IFCPOLYLOOP((#13234,#13233,#13214));
#14044=IFCFACEOUTERBOUND(#14043,.T.);
#14045=IFCFACE((#14044));
#14046=IFCPOLYLOOP((#13210,#13234,#13214));
#14047=IFCFACEOUTERBOUND(#14046,.T.);
#14048=IFCFACE((#14047));
#14049=IFCPOLYLOOP((#13234,#13209,#13274,#13215));
#14050=IFCFACEOUTERBOUND(#14049,.T.);
#14051=IFCFACE((#14050));
#14052=IFCPOLYLOOP((#13231,#13236,#13199));
#14053=IFCFACEOUTERBOUND(#14052,.T.);
#14054=IFCFACE((#14053));
#14055=IFCPOLYLOOP((#13236,#13200,#13257));
#14056=IFCFACEOUTERBOUND(#14055,.T.);
#14057=IFCFACE((#14056));
#14058=IFCPOLYLOOP((#13256,#13197,#13258));
#14059=IFCFACEOUTERBOUND(#14058,.T.);
#14060=IFCFACE((#14059));
#14061=IFCPOLYLOOP((#13256,#13198,#13237));
#14062=IFCFACEOUTERBOUND(#14061,.T.);
#14063=IFCFACE((#14062));
#14064=IFCPOLYLOOP((#13236,#13264,#13199));
#14065=IFCFACEOUTERBOUND(#14064,.T.);
#14066=IFCFACE((#14065));
#14067=IFCPOLYLOOP((#13276,#13238,#13305,#13203));
#14068=IFCFACEOUTERBOUND(#14067,.T.);
#14069=IFCFACE((#14068));
#14070=IFCPOLYLOOP((#13356,#13308,#13277));
#14071=IFCFACEOUTERBOUND(#14070,.T.);
#14072=IFCFACE((#14071));
#14073=IFCPOLYLOOP((#13278,#13240,#13310));
#14074=IFCFACEOUTERBOUND(#14073,.T.);
#14075=IFCFACE((#14074));
#14076=IFCPOLYLOOP((#13314,#13318,#13317,#13242));
#14077=IFCFACEOUTERBOUND(#14076,.T.);
#14078=IFCFACE((#14077));
#14079=IFCPOLYLOOP((#13318,#13314,#13279));
#14080=IFCFACEOUTERBOUND(#14079,.T.);
#14081=IFCFACE((#14080));
#14082=IFCPOLYLOOP((#13281,#13192,#13319,#13244));
#14083=IFCFACEOUTERBOUND(#14082,.T.);
#14084=IFCFACE((#14083));
#14085=IFCPOLYLOOP((#13282,#13244,#13321,#13196));
#14086=IFCFACEOUTERBOUND(#14085,.T.);
#14087=IFCFACE((#14086));
#14088=IFCPOLYLOOP((#13246,#13283,#13328));
#14089=IFCFACEOUTERBOUND(#14088,.T.);
#14090=IFCFACE((#14089));
#14091=IFCPOLYLOOP((#13283,#13246,#13324,#13188));
#14092=IFCFACEOUTERBOUND(#14091,.T.);
#14093=IFCFACE((#14092));
#14094=IFCPOLYLOOP((#13329,#13333,#13332,#13248));
#14095=IFCFACEOUTERBOUND(#14094,.T.);
#14096=IFCFACE((#14095));
#14097=IFCPOLYLOOP((#13333,#13329,#13285));
#14098=IFCFACEOUTERBOUND(#14097,.T.);
#14099=IFCFACE((#14098));
#14100=IFCPOLYLOOP((#13250,#13287,#13338));
#14101=IFCFACEOUTERBOUND(#14100,.T.);
#14102=IFCFACE((#14101));
#14103=IFCPOLYLOOP((#13287,#13250,#13334,#13191));
#14104=IFCFACEOUTERBOUND(#14103,.T.);
#14105=IFCFACE((#14104));
#14106=IFCPOLYLOOP((#13289,#13189,#13339,#13252));
#14107=IFCFACEOUTERBOUND(#14106,.T.);
#14108=IFCFACE((#14107));
#14109=IFCPOLYLOOP((#13290,#13252,#13341,#13220));
#14110=IFCFACEOUTERBOUND(#14109,.T.);
#14111=IFCFACE((#14110));
#14112=IFCPOLYLOOP((#13291,#13196,#13345,#13254));
#14113=IFCFACEOUTERBOUND(#14112,.T.);
#14114=IFCFACE((#14113));
#14115=IFCPOLYLOOP((#13292,#13254,#13348,#13193));
#14116=IFCFACEOUTERBOUND(#14115,.T.);
#14117=IFCFACE((#14116));
#14118=IFCPOLYLOOP((#13264,#13256,#13237));
#14119=IFCFACEOUTERBOUND(#14118,.T.);
#14120=IFCFACE((#14119));
#14121=IFCPOLYLOOP((#13256,#13235,#13293,#13197));
#14122=IFCFACEOUTERBOUND(#14121,.T.);
#14123=IFCFACE((#14122));
#14124=IFCPOLYLOOP((#13262,#13217,#13294,#13218));
#14125=IFCFACEOUTERBOUND(#14124,.T.);
#14126=IFCFACE((#14125));
#14127=IFCPOLYLOOP((#13264,#13257,#13235));
#14128=IFCFACEOUTERBOUND(#14127,.T.);
#14129=IFCFACE((#14128));
#14130=IFCPOLYLOOP((#13261,#13263,#13258));
#14131=IFCFACEOUTERBOUND(#14130,.T.);
#14132=IFCFACE((#14131));
#14133=IFCPOLYLOOP((#13258,#13260,#13261));
#14134=IFCFACEOUTERBOUND(#14133,.T.);
#14135=IFCFACE((#14134));
#14136=IFCPOLYLOOP((#13258,#13197,#13260));
#14137=IFCFACEOUTERBOUND(#14136,.T.);
#14138=IFCFACE((#14137));
#14139=IFCPOLYLOOP((#13261,#13259,#13262));
#14140=IFCFACEOUTERBOUND(#14139,.T.);
#14141=IFCFACE((#14140));
#14142=IFCPOLYLOOP((#13199,#13264,#13237));
#14143=IFCFACEOUTERBOUND(#14142,.T.);
#14144=IFCFACE((#14143));
#14145=IFCPOLYLOOP((#13262,#13259,#13295,#13216));
#14146=IFCFACEOUTERBOUND(#14145,.T.);
#14147=IFCFACE((#14146));
#14148=IFCPOLYLOOP((#13288,#13262,#13216));
#14149=IFCFACEOUTERBOUND(#14148,.T.);
#14150=IFCFACE((#14149));
#14151=IFCPOLYLOOP((#13263,#13261,#13218));
#14152=IFCFACEOUTERBOUND(#14151,.T.);
#14153=IFCFACE((#14152));
#14154=IFCPOLYLOOP((#13263,#13198,#13258));
#14155=IFCFACEOUTERBOUND(#14154,.T.);
#14156=IFCFACE((#14155));
#14157=IFCPOLYLOOP((#13257,#13264,#13236));
#14158=IFCFACEOUTERBOUND(#14157,.T.);
#14159=IFCFACE((#14158));
#14160=IFCPOLYLOOP((#13268,#13270,#13211));
#14161=IFCFACEOUTERBOUND(#14160,.T.);
#14162=IFCFACE((#14161));
#14163=IFCPOLYLOOP((#13211,#13269,#13268));
#14164=IFCFACEOUTERBOUND(#14163,.T.);
#14165=IFCFACE((#14164));
#14166=IFCPOLYLOOP((#13268,#13269,#13266));
#14167=IFCFACEOUTERBOUND(#14166,.T.);
#14168=IFCFACE((#14167));
#14169=IFCPOLYLOOP((#13270,#13268,#13265));
#14170=IFCFACEOUTERBOUND(#14169,.T.);
#14171=IFCFACE((#14170));
#14172=IFCPOLYLOOP((#13267,#13209,#13265));
#14173=IFCFACEOUTERBOUND(#14172,.T.);
#14174=IFCFACE((#14173));
#14175=IFCPOLYLOOP((#13269,#13211,#13296,#13194));
#14176=IFCFACEOUTERBOUND(#14175,.T.);
#14177=IFCFACE((#14176));
#14178=IFCPOLYLOOP((#13346,#13351,#13255));
#14179=IFCFACEOUTERBOUND(#14178,.T.);
#14180=IFCFACE((#14179));
#14181=IFCPOLYLOOP((#13349,#13297,#13269));
#14182=IFCFACEOUTERBOUND(#14181,.T.);
#14183=IFCFACE((#14182));
#14184=IFCPOLYLOOP((#13265,#13210,#13270));
#14185=IFCFACEOUTERBOUND(#14184,.T.);
#14186=IFCFACE((#14185));
#14187=IFCPOLYLOOP((#13340,#13344,#13253));
#14188=IFCFACEOUTERBOUND(#14187,.T.);
#14189=IFCFACE((#14188));
#14190=IFCPOLYLOOP((#13272,#13271,#13299,#13219));
#14191=IFCFACEOUTERBOUND(#14190,.T.);
#14192=IFCFACE((#14191));
#14193=IFCPOLYLOOP((#13298,#13272,#13221));
#14194=IFCFACEOUTERBOUND(#14193,.T.);
#14195=IFCFACE((#14194));
#14196=IFCPOLYLOOP((#13238,#13276,#13307));
#14197=IFCFACEOUTERBOUND(#14196,.T.);
#14198=IFCFACE((#14197));
#14199=IFCPOLYLOOP((#13302,#13273,#13358,#13222));
#14200=IFCFACEOUTERBOUND(#14199,.T.);
#14201=IFCFACE((#14200));
#14202=IFCPOLYLOOP((#13187,#13356,#13277));
#14203=IFCFACEOUTERBOUND(#14202,.T.);
#14204=IFCFACE((#14203));
#14205=IFCPOLYLOOP((#13309,#13313,#13312,#13241));
#14206=IFCFACEOUTERBOUND(#14205,.T.);
#14207=IFCFACE((#14206));
#14208=IFCPOLYLOOP((#13276,#13306,#13307));
#14209=IFCFACEOUTERBOUND(#14208,.T.);
#14210=IFCFACE((#14209));
#14211=IFCPOLYLOOP((#13240,#13278,#13313));
#14212=IFCFACEOUTERBOUND(#14211,.T.);
#14213=IFCFACE((#14212));
#14214=IFCPOLYLOOP((#13356,#13187,#13301));
#14215=IFCFACEOUTERBOUND(#14214,.T.);
#14216=IFCFACE((#14215));
#14217=IFCPOLYLOOP((#13310,#13311,#13278));
#14218=IFCFACEOUTERBOUND(#14217,.T.);
#14219=IFCFACE((#14218));
#14220=IFCPOLYLOOP((#13278,#13312,#13313));
#14221=IFCFACEOUTERBOUND(#14220,.T.);
#14222=IFCFACE((#14221));
#14223=IFCPOLYLOOP((#13285,#13279,#13206));
#14224=IFCFACEOUTERBOUND(#14223,.T.);
#14225=IFCFACE((#14224));
#14226=IFCPOLYLOOP((#13279,#13205,#13315,#13243));
#14227=IFCFACEOUTERBOUND(#14226,.T.);
#14228=IFCFACE((#14227));
#14229=IFCPOLYLOOP((#13302,#13280,#13223));
#14230=IFCFACEOUTERBOUND(#14229,.T.);
#14231=IFCFACE((#14230));
#14232=IFCPOLYLOOP((#13280,#13222,#13317));
#14233=IFCFACEOUTERBOUND(#14232,.T.);
#14234=IFCFACE((#14233));
#14235=IFCPOLYLOOP((#13244,#13282,#13323));
#14236=IFCFACEOUTERBOUND(#14235,.T.);
#14237=IFCFACE((#14236));
#14238=IFCPOLYLOOP((#13289,#13281,#13189));
#14239=IFCFACEOUTERBOUND(#14238,.T.);
#14240=IFCFACE((#14239));
#14241=IFCPOLYLOOP((#13196,#13291,#13347));
#14242=IFCFACEOUTERBOUND(#14241,.T.);
#14243=IFCFACE((#14242));
#14244=IFCPOLYLOOP((#13323,#13282,#13245));
#14245=IFCFACEOUTERBOUND(#14244,.T.);
#14246=IFCFACE((#14245));
#14247=IFCPOLYLOOP((#13287,#13283,#13188));
#14248=IFCFACEOUTERBOUND(#14247,.T.);
#14249=IFCFACE((#14248));
#14250=IFCPOLYLOOP((#13283,#13191,#13325));
#14251=IFCFACEOUTERBOUND(#14250,.T.);
#14252=IFCFACE((#14251));
#14253=IFCPOLYLOOP((#13286,#13284,#13208));
#14254=IFCFACEOUTERBOUND(#14253,.T.);
#14255=IFCFACE((#14254));
#14256=IFCPOLYLOOP((#13284,#13207,#13327));
#14257=IFCFACEOUTERBOUND(#14256,.T.);
#14258=IFCFACE((#14257));
#14259=IFCPOLYLOOP((#13279,#13285,#13205));
#14260=IFCFACEOUTERBOUND(#14259,.T.);
#14261=IFCFACE((#14260));
#14262=IFCPOLYLOOP((#13285,#13206,#13330));
#14263=IFCFACEOUTERBOUND(#14262,.T.);
#14264=IFCFACE((#14263));
#14265=IFCPOLYLOOP((#13284,#13286,#13207));
#14266=IFCFACEOUTERBOUND(#14265,.T.);
#14267=IFCFACE((#14266));
#14268=IFCPOLYLOOP((#13286,#13208,#13332));
#14269=IFCFACEOUTERBOUND(#14268,.T.);
#14270=IFCFACE((#14269));
#14271=IFCPOLYLOOP((#13283,#13287,#13191));
#14272=IFCFACEOUTERBOUND(#14271,.T.);
#14273=IFCFACE((#14272));
#14274=IFCPOLYLOOP((#13287,#13188,#13335));
#14275=IFCFACEOUTERBOUND(#14274,.T.);
#14276=IFCFACE((#14275));
#14277=IFCPOLYLOOP((#13262,#13288,#13217));
#14278=IFCFACEOUTERBOUND(#14277,.T.);
#14279=IFCFACE((#14278));
#14280=IFCPOLYLOOP((#13288,#13216,#13337));
#14281=IFCFACEOUTERBOUND(#14280,.T.);
#14282=IFCFACE((#14281));
#14283=IFCPOLYLOOP((#13252,#13290,#13344));
#14284=IFCFACEOUTERBOUND(#14283,.T.);
#14285=IFCFACE((#14284));
#14286=IFCPOLYLOOP((#13281,#13289,#13192));
#14287=IFCFACEOUTERBOUND(#14286,.T.);
#14288=IFCFACE((#14287));
#14289=IFCPOLYLOOP((#13290,#13220,#13342));
#14290=IFCFACEOUTERBOUND(#14289,.T.);
#14291=IFCFACE((#14290));
#14292=IFCPOLYLOOP((#13344,#13290,#13253));
#14293=IFCFACEOUTERBOUND(#14292,.T.);
#14294=IFCFACE((#14293));
#14295=IFCPOLYLOOP((#13254,#13292,#13351));
#14296=IFCFACEOUTERBOUND(#14295,.T.);
#14297=IFCFACE((#14296));
#14298=IFCPOLYLOOP((#13347,#13291,#13195));
#14299=IFCFACEOUTERBOUND(#14298,.T.);
#14300=IFCFACE((#14299));
#14301=IFCPOLYLOOP((#13292,#13193,#13349));
#14302=IFCFACEOUTERBOUND(#14301,.T.);
#14303=IFCFACE((#14302));
#14304=IFCPOLYLOOP((#13351,#13292,#13255));
#14305=IFCFACEOUTERBOUND(#14304,.T.);
#14306=IFCFACE((#14305));
#14307=IFCPOLYLOOP((#13352,#13353,#13298));
#14308=IFCFACEOUTERBOUND(#14307,.T.);
#14309=IFCFACE((#14308));
#14310=IFCPOLYLOOP((#13297,#13266,#13269));
#14311=IFCFACEOUTERBOUND(#14310,.T.);
#14312=IFCFACE((#14311));
#14313=IFCPOLYLOOP((#13272,#13298,#13271));
#14314=IFCFACEOUTERBOUND(#14313,.T.);
#14315=IFCFACE((#14314));
#14316=IFCPOLYLOOP((#13301,#13187,#13357,#13273));
#14317=IFCFACEOUTERBOUND(#14316,.T.);
#14318=IFCFACE((#14317));
#14319=IFCPOLYLOOP((#13300,#13221,#13272));
#14320=IFCFACEOUTERBOUND(#14319,.T.);
#14321=IFCFACE((#14320));
#14322=IFCPOLYLOOP((#13360,#13273,#13302));
#14323=IFCFACEOUTERBOUND(#14322,.T.);
#14324=IFCFACE((#14323));
#14325=IFCPOLYLOOP((#13280,#13302,#13222));
#14326=IFCFACEOUTERBOUND(#14325,.T.);
#14327=IFCFACE((#14326));
#14328=IFCPOLYLOOP((#13302,#13223,#13359));
#14329=IFCFACEOUTERBOUND(#14328,.T.);
#14330=IFCFACE((#14329));
#14331=IFCPOLYLOOP((#13304,#13307,#13306,#13239));
#14332=IFCFACEOUTERBOUND(#14331,.T.);
#14333=IFCFACE((#14332));
#14334=IFCPOLYLOOP((#13238,#13275,#13303));
#14335=IFCFACEOUTERBOUND(#14334,.T.);
#14336=IFCFACE((#14335));
#14337=IFCPOLYLOOP((#13304,#13201,#13275));
#14338=IFCFACEOUTERBOUND(#14337,.T.);
#14339=IFCFACE((#14338));
#14340=IFCPOLYLOOP((#13238,#13307,#13275));
#14341=IFCFACEOUTERBOUND(#14340,.T.);
#14342=IFCFACE((#14341));
#14343=IFCPOLYLOOP((#13306,#13311,#13310,#13204));
#14344=IFCFACEOUTERBOUND(#14343,.T.);
#14345=IFCFACE((#14344));
#14346=IFCPOLYLOOP((#13240,#13277,#13308));
#14347=IFCFACEOUTERBOUND(#14346,.T.);
#14348=IFCFACE((#14347));
#14349=IFCPOLYLOOP((#13309,#13187,#13277));
#14350=IFCFACEOUTERBOUND(#14349,.T.);
#14351=IFCFACE((#14350));
#14352=IFCPOLYLOOP((#13203,#13311,#13276));
#14353=IFCFACEOUTERBOUND(#14352,.T.);
#14354=IFCFACE((#14353));
#14355=IFCPOLYLOOP((#13203,#13278,#13311));
#14356=IFCFACEOUTERBOUND(#14355,.T.);
#14357=IFCFACE((#14356));
#14358=IFCPOLYLOOP((#13240,#13313,#13277));
#14359=IFCFACEOUTERBOUND(#14358,.T.);
#14360=IFCFACE((#14359));
#14361=IFCPOLYLOOP((#13243,#13318,#13279));
#14362=IFCFACEOUTERBOUND(#14361,.T.);
#14363=IFCFACE((#14362));
#14364=IFCPOLYLOOP((#13206,#13279,#13314));
#14365=IFCFACEOUTERBOUND(#14364,.T.);
#14366=IFCFACE((#14365));
#14367=IFCPOLYLOOP((#13317,#13318,#13280));
#14368=IFCFACEOUTERBOUND(#14367,.T.);
#14369=IFCFACE((#14368));
#14370=IFCPOLYLOOP((#13320,#13323,#13245));
#14371=IFCFACEOUTERBOUND(#14370,.T.);
#14372=IFCFACE((#14371));
#14373=IFCPOLYLOOP((#13320,#13189,#13281));
#14374=IFCFACEOUTERBOUND(#14373,.T.);
#14375=IFCFACE((#14374));
#14376=IFCPOLYLOOP((#13322,#13245,#13282));
#14377=IFCFACEOUTERBOUND(#14376,.T.);
#14378=IFCFACE((#14377));
#14379=IFCPOLYLOOP((#13244,#13323,#13281));
#14380=IFCFACEOUTERBOUND(#14379,.T.);
#14381=IFCFACE((#14380));
#14382=IFCPOLYLOOP((#13328,#13283,#13325));
#14383=IFCFACEOUTERBOUND(#14382,.T.);
#14384=IFCFACE((#14383));
#14385=IFCPOLYLOOP((#13328,#13325,#13247));
#14386=IFCFACEOUTERBOUND(#14385,.T.);
#14387=IFCFACE((#14386));
#14388=IFCPOLYLOOP((#13328,#13327,#13246));
#14389=IFCFACEOUTERBOUND(#14388,.T.);
#14390=IFCFACE((#14389));
#14391=IFCPOLYLOOP((#13327,#13328,#13284));
#14392=IFCFACEOUTERBOUND(#14391,.T.);
#14393=IFCFACE((#14392));
#14394=IFCPOLYLOOP((#13333,#13285,#13330));
#14395=IFCFACEOUTERBOUND(#14394,.T.);
#14396=IFCFACE((#14395));
#14397=IFCPOLYLOOP((#13205,#13285,#13329));
#14398=IFCFACEOUTERBOUND(#14397,.T.);
#14399=IFCFACE((#14398));
#14400=IFCPOLYLOOP((#13333,#13330,#13249));
#14401=IFCFACEOUTERBOUND(#14400,.T.);
#14402=IFCFACE((#14401));
#14403=IFCPOLYLOOP((#13332,#13333,#13286));
#14404=IFCFACEOUTERBOUND(#14403,.T.);
#14405=IFCFACE((#14404));
#14406=IFCPOLYLOOP((#13338,#13287,#13335));
#14407=IFCFACEOUTERBOUND(#14406,.T.);
#14408=IFCFACE((#14407));
#14409=IFCPOLYLOOP((#13338,#13335,#13251));
#14410=IFCFACEOUTERBOUND(#14409,.T.);
#14411=IFCFACE((#14410));
#14412=IFCPOLYLOOP((#13338,#13337,#13250));
#14413=IFCFACEOUTERBOUND(#14412,.T.);
#14414=IFCFACE((#14413));
#14415=IFCPOLYLOOP((#13337,#13338,#13288));
#14416=IFCFACEOUTERBOUND(#14415,.T.);
#14417=IFCFACE((#14416));
#14418=IFCPOLYLOOP((#13300,#13342,#13220));
#14419=IFCFACEOUTERBOUND(#14418,.T.);
#14420=IFCFACE((#14419));
#14421=IFCPOLYLOOP((#13340,#13192,#13289));
#14422=IFCFACEOUTERBOUND(#14421,.T.);
#14423=IFCFACE((#14422));
#14424=IFCPOLYLOOP((#13219,#13342,#13272));
#14425=IFCFACEOUTERBOUND(#14424,.T.);
#14426=IFCFACE((#14425));
#14427=IFCPOLYLOOP((#13343,#13342,#13219));
#14428=IFCFACEOUTERBOUND(#14427,.T.);
#14429=IFCFACE((#14428));
#14430=IFCPOLYLOOP((#13343,#13253,#13290));
#14431=IFCFACEOUTERBOUND(#14430,.T.);
#14432=IFCFACE((#14431));
#14433=IFCPOLYLOOP((#13252,#13344,#13289));
#14434=IFCFACEOUTERBOUND(#14433,.T.);
#14435=IFCFACE((#14434));
#14436=IFCPOLYLOOP((#13322,#13347,#13195));
#14437=IFCFACEOUTERBOUND(#14436,.T.);
#14438=IFCFACE((#14437));
#14439=IFCPOLYLOOP((#13346,#13195,#13291));
#14440=IFCFACEOUTERBOUND(#14439,.T.);
#14441=IFCFACE((#14440));
#14442=IFCPOLYLOOP((#13196,#13347,#13282));
#14443=IFCFACEOUTERBOUND(#14442,.T.);
#14444=IFCFACE((#14443));
#14445=IFCPOLYLOOP((#13297,#13349,#13193));
#14446=IFCFACEOUTERBOUND(#14445,.T.);
#14447=IFCFACE((#14446));
#14448=IFCPOLYLOOP((#13194,#13349,#13269));
#14449=IFCFACEOUTERBOUND(#14448,.T.);
#14450=IFCFACE((#14449));
#14451=IFCPOLYLOOP((#13350,#13349,#13194));
#14452=IFCFACEOUTERBOUND(#14451,.T.);
#14453=IFCFACE((#14452));
#14454=IFCPOLYLOOP((#13350,#13255,#13292));
#14455=IFCFACEOUTERBOUND(#14454,.T.);
#14456=IFCFACE((#14455));
#14457=IFCPOLYLOOP((#13254,#13351,#13291));
#14458=IFCFACEOUTERBOUND(#14457,.T.);
#14459=IFCFACE((#14458));
#14460=IFCPOLYLOOP((#13303,#13353,#13352,#13202));
#14461=IFCFACEOUTERBOUND(#14460,.T.);
#14462=IFCFACE((#14461));
#14463=IFCPOLYLOOP((#13201,#13353,#13275));
#14464=IFCFACEOUTERBOUND(#14463,.T.);
#14465=IFCFACE((#14464));
#14466=IFCPOLYLOOP((#13354,#13353,#13201));
#14467=IFCFACEOUTERBOUND(#14466,.T.);
#14468=IFCFACE((#14467));
#14469=IFCPOLYLOOP((#13354,#13271,#13298));
#14470=IFCFACEOUTERBOUND(#14469,.T.);
#14471=IFCFACE((#14470));
#14472=IFCPOLYLOOP((#13355,#13356,#13301));
#14473=IFCFACEOUTERBOUND(#14472,.T.);
#14474=IFCFACE((#14473));
#14475=IFCPOLYLOOP((#13273,#13360,#13301));
#14476=IFCFACEOUTERBOUND(#14475,.T.);
#14477=IFCFACE((#14476));
#14478=IFCPOLYLOOP((#13359,#13360,#13302));
#14479=IFCFACEOUTERBOUND(#14478,.T.);
#14480=IFCFACE((#14479));
#14481=IFCPOLYLOOP((#13361,#13181,#13225,#13212,#13230,#13199,#13237,#13198,#13263,#13218,#13294,#13217,#13336,#13251,#13335,#13188,#13324,#13246,#13327,#13207,#13331,#13249,#13330,#13206,#13314,#13242,#13317,#13222,#13358,#13273,#13357,#13187,#13309,#13241,#13312,#13203,#13305,#13238,#13303,#13202,#13352,#13221,#13300,#13220,#13341,#13252,#13339,#13189,#13320,#13245,#13322,#13195,#13346,#13255,#13350,#13194,#13296,#13211,#13270,#13210,#13214,#13226,#13186,#13362));
#14482=IFCFACEOUTERBOUND(#14481,.T.);
#14483=IFCFACE((#14482));
#14484=IFCPOLYLOOP((#13125,#13124,#13363,#13364));
#14485=IFCFACEOUTERBOUND(#14484,.T.);
#14486=IFCFACE((#14485));
#14487=IFCPOLYLOOP((#13129,#13128,#13365,#13366,#13369,#13371));
#14488=IFCFACEOUTERBOUND(#14487,.T.);
#14489=IFCFACE((#14488));
#14490=IFCPOLYLOOP((#13372,#13374,#13370,#13373));
#14491=IFCFACEOUTERBOUND(#14490,.T.);
#14492=IFCFACE((#14491));
#14493=IFCPOLYLOOP((#13373,#13132,#13375));
#14494=IFCFACEOUTERBOUND(#14493,.T.);
#14495=IFCFACE((#14494));
#14496=IFCPOLYLOOP((#13366,#13367,#13376));
#14497=IFCFACEOUTERBOUND(#14496,.T.);
#14498=IFCFACE((#14497));
#14499=IFCPOLYLOOP((#13372,#13369,#13376));
#14500=IFCFACEOUTERBOUND(#14499,.T.);
#14501=IFCFACE((#14500));
#14502=IFCPOLYLOOP((#13129,#13371,#13375));
#14503=IFCFACEOUTERBOUND(#14502,.T.);
#14504=IFCFACE((#14503));
#14505=IFCPOLYLOOP((#13372,#13371,#13369));
#14506=IFCFACEOUTERBOUND(#14505,.T.);
#14507=IFCFACE((#14506));
#14508=IFCPOLYLOOP((#13374,#13372,#13376));
#14509=IFCFACEOUTERBOUND(#14508,.T.);
#14510=IFCFACE((#14509));
#14511=IFCPOLYLOOP((#13373,#13375,#13372));
#14512=IFCFACEOUTERBOUND(#14511,.T.);
#14513=IFCFACE((#14512));
#14514=IFCPOLYLOOP((#13375,#13371,#13372));
#14515=IFCFACEOUTERBOUND(#14514,.T.);
#14516=IFCFACE((#14515));
#14517=IFCPOLYLOOP((#13373,#13133,#13132));
#14518=IFCFACEOUTERBOUND(#14517,.T.);
#14519=IFCFACE((#14518));
#14520=IFCPOLYLOOP((#13367,#13368,#13374));
#14521=IFCFACEOUTERBOUND(#14520,.T.);
#14522=IFCFACE((#14521));
#14523=IFCPOLYLOOP((#13129,#13375,#13132));
#14524=IFCFACEOUTERBOUND(#14523,.T.);
#14525=IFCFACE((#14524));
#14526=IFCPOLYLOOP((#13366,#13376,#13369));
#14527=IFCFACEOUTERBOUND(#14526,.T.);
#14528=IFCFACE((#14527));
#14529=IFCPOLYLOOP((#13374,#13376,#13367));
#14530=IFCFACEOUTERBOUND(#14529,.T.);
#14531=IFCFACE((#14530));
#14532=IFCPOLYLOOP((#13387,#13392,#13396));
#14533=IFCFACEOUTERBOUND(#14532,.T.);
#14534=IFCFACE((#14533));
#14535=IFCPOLYLOOP((#13408,#13407,#13403));
#14536=IFCFACEOUTERBOUND(#14535,.T.);
#14537=IFCFACE((#14536));
#14538=IFCPOLYLOOP((#13397,#13409,#13390));
#14539=IFCFACEOUTERBOUND(#14538,.T.);
#14540=IFCFACE((#14539));
#14541=IFCPOLYLOOP((#13403,#13382,#13401));
#14542=IFCFACEOUTERBOUND(#14541,.T.);
#14543=IFCFACE((#14542));
#14544=IFCPOLYLOOP((#13383,#13397,#13390));
#14545=IFCFACEOUTERBOUND(#14544,.T.);
#14546=IFCFACE((#14545));
#14547=IFCPOLYLOOP((#13400,#13404,#13397));
#14548=IFCFACEOUTERBOUND(#14547,.T.);
#14549=IFCFACE((#14548));
#14550=IFCPOLYLOOP((#13378,#13394,#13409));
#14551=IFCFACEOUTERBOUND(#14550,.T.);
#14552=IFCFACE((#14551));
#14553=IFCPOLYLOOP((#13393,#13401,#13382));
#14554=IFCFACEOUTERBOUND(#14553,.T.);
#14555=IFCFACE((#14554));
#14556=IFCPOLYLOOP((#13384,#13401,#13389));
#14557=IFCFACEOUTERBOUND(#14556,.T.);
#14558=IFCFACE((#14557));
#14559=IFCPOLYLOOP((#13381,#13407,#13402));
#14560=IFCFACEOUTERBOUND(#14559,.T.);
#14561=IFCFACE((#14560));
#14562=IFCPOLYLOOP((#13400,#13397,#13383));
#14563=IFCFACEOUTERBOUND(#14562,.T.);
#14564=IFCFACE((#14563));
#14565=IFCPOLYLOOP((#13387,#13396,#13405));
#14566=IFCFACEOUTERBOUND(#14565,.T.);
#14567=IFCFACE((#14566));
#14568=IFCPOLYLOOP((#13388,#13389,#13405));
#14569=IFCFACEOUTERBOUND(#14568,.T.);
#14570=IFCFACE((#14569));
#14571=IFCPOLYLOOP((#13389,#13401,#13405));
#14572=IFCFACEOUTERBOUND(#14571,.T.);
#14573=IFCFACE((#14572));
#14574=IFCPOLYLOOP((#13377,#13378,#13409));
#14575=IFCFACEOUTERBOUND(#14574,.T.);
#14576=IFCFACE((#14575));
#14577=IFCPOLYLOOP((#13185,#13184,#13395));
#14578=IFCFACEOUTERBOUND(#14577,.T.);
#14579=IFCFACE((#14578));
#14580=IFCPOLYLOOP((#13388,#13396,#13395));
#14581=IFCFACEOUTERBOUND(#14580,.T.);
#14582=IFCFACE((#14581));
#14583=IFCPOLYLOOP((#13392,#13186,#13185));
#14584=IFCFACEOUTERBOUND(#14583,.T.);
#14585=IFCFACE((#14584));
#14586=IFCPOLYLOOP((#13378,#13379,#13394));
#14587=IFCFACEOUTERBOUND(#14586,.T.);
#14588=IFCFACE((#14587));
#14589=IFCPOLYLOOP((#13397,#13386,#13409));
#14590=IFCFACEOUTERBOUND(#14589,.T.);
#14591=IFCFACE((#14590));
#14592=IFCPOLYLOOP((#13395,#13396,#13185));
#14593=IFCFACEOUTERBOUND(#14592,.T.);
#14594=IFCFACE((#14593));
#14595=IFCPOLYLOOP((#13185,#13396,#13392));
#14596=IFCFACEOUTERBOUND(#14595,.T.);
#14597=IFCFACE((#14596));
#14598=IFCPOLYLOOP((#13386,#13397,#13404));
#14599=IFCFACEOUTERBOUND(#14598,.T.);
#14600=IFCFACE((#14599));
#14601=IFCPOLYLOOP((#13409,#13386,#13391,#13377));
#14602=IFCFACEOUTERBOUND(#14601,.T.);
#14603=IFCFACE((#14602));
#14604=IFCPOLYLOOP((#13383,#13398,#13400));
#14605=IFCFACEOUTERBOUND(#14604,.T.);
#14606=IFCFACE((#14605));
#14607=IFCPOLYLOOP((#13399,#13402,#13407));
#14608=IFCFACEOUTERBOUND(#14607,.T.);
#14609=IFCFACE((#14608));
#14610=IFCPOLYLOOP((#13380,#13402,#13399));
#14611=IFCFACEOUTERBOUND(#14610,.T.);
#14612=IFCFACE((#14611));
#14613=IFCPOLYLOOP((#13402,#13400,#13398));
#14614=IFCFACEOUTERBOUND(#14613,.T.);
#14615=IFCFACE((#14614));
#14616=IFCPOLYLOOP((#13401,#13384,#13403));
#14617=IFCFACEOUTERBOUND(#14616,.T.);
#14618=IFCFACE((#14617));
#14619=IFCPOLYLOOP((#13393,#13387,#13405));
#14620=IFCFACEOUTERBOUND(#14619,.T.);
#14621=IFCFACE((#14620));
#14622=IFCPOLYLOOP((#13400,#13402,#13380));
#14623=IFCFACEOUTERBOUND(#14622,.T.);
#14624=IFCFACE((#14623));
#14625=IFCPOLYLOOP((#13381,#13402,#13398));
#14626=IFCFACEOUTERBOUND(#14625,.T.);
#14627=IFCFACE((#14626));
#14628=IFCPOLYLOOP((#13407,#13408,#13385,#13399));
#14629=IFCFACEOUTERBOUND(#14628,.T.);
#14630=IFCFACE((#14629));
#14631=IFCPOLYLOOP((#13403,#13407,#13406));
#14632=IFCFACEOUTERBOUND(#14631,.T.);
#14633=IFCFACE((#14632));
#14634=IFCPOLYLOOP((#13400,#13380,#13404));
#14635=IFCFACEOUTERBOUND(#14634,.T.);
#14636=IFCFACE((#14635));
#14637=IFCPOLYLOOP((#13405,#13396,#13388));
#14638=IFCFACEOUTERBOUND(#14637,.T.);
#14639=IFCFACE((#14638));
#14640=IFCPOLYLOOP((#13393,#13405,#13401));
#14641=IFCFACEOUTERBOUND(#14640,.T.);
#14642=IFCFACE((#14641));
#14643=IFCPOLYLOOP((#13406,#13407,#13381));
#14644=IFCFACEOUTERBOUND(#14643,.T.);
#14645=IFCFACE((#14644));
#14646=IFCPOLYLOOP((#13406,#13382,#13403));
#14647=IFCFACEOUTERBOUND(#14646,.T.);
#14648=IFCFACE((#14647));
#14649=IFCPOLYLOOP((#13403,#13384,#13408));
#14650=IFCFACEOUTERBOUND(#14649,.T.);
#14651=IFCFACE((#14650));
#14652=IFCPOLYLOOP((#13409,#13394,#13390));
#14653=IFCFACEOUTERBOUND(#14652,.T.);
#14654=IFCFACE((#14653));
#14655=IFCPOLYLOOP((#13362,#13186,#13392,#13387,#13393,#13382,#13406,#13381,#13398,#13383,#13390,#13394,#13379,#13410));
#14656=IFCFACEOUTERBOUND(#14655,.T.);
#14657=IFCFACE((#14656));
#14658=IFCPOLYLOOP((#13364,#13363,#13411,#13412));
#14659=IFCFACEOUTERBOUND(#14658,.T.);
#14660=IFCFACE((#14659));
#14661=IFCPOLYLOOP((#13365,#13413,#13414,#13425,#13424,#13448,#13422,#13435,#13434,#13443,#13420,#13457,#13430,#13452,#13421,#13428,#13427,#13437,#13366));
#14662=IFCFACEOUTERBOUND(#14661,.T.);
#14663=IFCFACE((#14662));
#14664=IFCPOLYLOOP((#13445,#13436,#13423));
#14665=IFCFACEOUTERBOUND(#14664,.T.);
#14666=IFCFACE((#14665));
#14667=IFCPOLYLOOP((#13438,#13454,#13450));
#14668=IFCFACEOUTERBOUND(#14667,.T.);
#14669=IFCFACE((#14668));
#14670=IFCPOLYLOOP((#13437,#13461,#13462));
#14671=IFCFACEOUTERBOUND(#14670,.T.);
#14672=IFCFACE((#14671));
#14673=IFCPOLYLOOP((#13423,#13447,#13445));
#14674=IFCFACEOUTERBOUND(#14673,.T.);
#14675=IFCFACE((#14674));
#14676=IFCPOLYLOOP((#13461,#13437,#13427));
#14677=IFCFACEOUTERBOUND(#14676,.T.);
#14678=IFCFACE((#14677));
#14679=IFCPOLYLOOP((#13439,#13440,#13441));
#14680=IFCFACEOUTERBOUND(#14679,.T.);
#14681=IFCFACE((#14680));
#14682=IFCPOLYLOOP((#13428,#13421,#13450));
#14683=IFCFACEOUTERBOUND(#14682,.T.);
#14684=IFCFACE((#14683));
#14685=IFCPOLYLOOP((#13431,#13432,#13453));
#14686=IFCFACEOUTERBOUND(#14685,.T.);
#14687=IFCFACE((#14686));
#14688=IFCPOLYLOOP((#13442,#13444,#13463));
#14689=IFCFACEOUTERBOUND(#14688,.T.);
#14690=IFCFACE((#14689));
#14691=IFCPOLYLOOP((#13457,#13458,#13455));
#14692=IFCFACEOUTERBOUND(#14691,.T.);
#14693=IFCFACE((#14692));
#14694=IFCPOLYLOOP((#13460,#13447,#13446));
#14695=IFCFACEOUTERBOUND(#14694,.T.);
#14696=IFCFACE((#14695));
#14697=IFCPOLYLOOP((#13449,#13414,#13415));
#14698=IFCFACEOUTERBOUND(#14697,.T.);
#14699=IFCFACE((#14698));
#14700=IFCPOLYLOOP((#13436,#13445,#13449));
#14701=IFCFACEOUTERBOUND(#14700,.T.);
#14702=IFCFACE((#14701));
#14703=IFCPOLYLOOP((#13462,#13461,#13429));
#14704=IFCFACEOUTERBOUND(#14703,.T.);
#14705=IFCFACE((#14704));
#14706=IFCPOLYLOOP((#13431,#13453,#13455));
#14707=IFCFACEOUTERBOUND(#14706,.T.);
#14708=IFCFACE((#14707));
#14709=IFCPOLYLOOP((#13454,#13428,#13450));
#14710=IFCFACEOUTERBOUND(#14709,.T.);
#14711=IFCFACE((#14710));
#14712=IFCPOLYLOOP((#13366,#13437,#13462));
#14713=IFCFACEOUTERBOUND(#14712,.T.);
#14714=IFCFACE((#14713));
#14715=IFCPOLYLOOP((#13368,#13367,#13462));
#14716=IFCFACEOUTERBOUND(#14715,.T.);
#14717=IFCFACE((#14716));
#14718=IFCPOLYLOOP((#13451,#13418,#13450));
#14719=IFCFACEOUTERBOUND(#14718,.T.);
#14720=IFCFACE((#14719));
#14721=IFCPOLYLOOP((#13453,#13451,#13452));
#14722=IFCFACEOUTERBOUND(#14721,.T.);
#14723=IFCFACE((#14722));
#14724=IFCPOLYLOOP((#13419,#13439,#13441));
#14725=IFCFACEOUTERBOUND(#14724,.T.);
#14726=IFCFACE((#14725));
#14727=IFCPOLYLOOP((#13434,#13440,#13442));
#14728=IFCFACEOUTERBOUND(#14727,.T.);
#14729=IFCFACE((#14728));
#14730=IFCPOLYLOOP((#13434,#13435,#13440));
#14731=IFCFACEOUTERBOUND(#14730,.T.);
#14732=IFCFACE((#14731));
#14733=IFCPOLYLOOP((#13416,#13436,#13449));
#14734=IFCFACEOUTERBOUND(#14733,.T.);
#14735=IFCFACE((#14734));
#14736=IFCPOLYLOOP((#13445,#13424,#13425));
#14737=IFCFACEOUTERBOUND(#14736,.T.);
#14738=IFCFACE((#14737));
#14739=IFCPOLYLOOP((#13440,#13433,#13442));
#14740=IFCFACEOUTERBOUND(#14739,.T.);
#14741=IFCFACE((#14740));
#14742=IFCPOLYLOOP((#13454,#13426,#13461));
#14743=IFCFACEOUTERBOUND(#14742,.T.);
#14744=IFCFACE((#14743));
#14745=IFCPOLYLOOP((#13433,#13440,#13439));
#14746=IFCFACEOUTERBOUND(#14745,.T.);
#14747=IFCFACE((#14746));
#14748=IFCPOLYLOOP((#13441,#13440,#13435));
#14749=IFCFACEOUTERBOUND(#14748,.T.);
#14750=IFCFACE((#14749));
#14751=IFCPOLYLOOP((#13435,#13422,#13441));
#14752=IFCFACEOUTERBOUND(#14751,.T.);
#14753=IFCFACE((#14752));
#14754=IFCPOLYLOOP((#13441,#13422,#13460));
#14755=IFCFACEOUTERBOUND(#14754,.T.);
#14756=IFCFACE((#14755));
#14757=IFCPOLYLOOP((#13444,#13417,#13459));
#14758=IFCFACEOUTERBOUND(#14757,.T.);
#14759=IFCFACE((#14758));
#14760=IFCPOLYLOOP((#13442,#13433,#13444));
#14761=IFCFACEOUTERBOUND(#14760,.T.);
#14762=IFCFACE((#14761));
#14763=IFCPOLYLOOP((#13417,#13458,#13459));
#14764=IFCFACEOUTERBOUND(#14763,.T.);
#14765=IFCFACE((#14764));
#14766=IFCPOLYLOOP((#13443,#13434,#13442));
#14767=IFCFACEOUTERBOUND(#14766,.T.);
#14768=IFCFACE((#14767));
#14769=IFCPOLYLOOP((#13445,#13425,#13449));
#14770=IFCFACEOUTERBOUND(#14769,.T.);
#14771=IFCFACE((#14770));
#14772=IFCPOLYLOOP((#13414,#13449,#13425));
#14773=IFCFACEOUTERBOUND(#14772,.T.);
#14774=IFCFACE((#14773));
#14775=IFCPOLYLOOP((#13445,#13447,#13424));
#14776=IFCFACEOUTERBOUND(#14775,.T.);
#14777=IFCFACE((#14776));
#14778=IFCPOLYLOOP((#13423,#13446,#13447));
#14779=IFCFACEOUTERBOUND(#14778,.T.);
#14780=IFCFACE((#14779));
#14781=IFCPOLYLOOP((#13422,#13448,#13460));
#14782=IFCFACEOUTERBOUND(#14781,.T.);
#14783=IFCFACE((#14782));
#14784=IFCPOLYLOOP((#13419,#13460,#13446));
#14785=IFCFACEOUTERBOUND(#14784,.T.);
#14786=IFCFACE((#14785));
#14787=IFCPOLYLOOP((#13448,#13424,#13447));
#14788=IFCFACEOUTERBOUND(#14787,.T.);
#14789=IFCFACE((#14788));
#14790=IFCPOLYLOOP((#13416,#13449,#13415));
#14791=IFCFACEOUTERBOUND(#14790,.T.);
#14792=IFCFACE((#14791));
#14793=IFCPOLYLOOP((#13451,#13450,#13421));
#14794=IFCFACEOUTERBOUND(#14793,.T.);
#14795=IFCFACE((#14794));
#14796=IFCPOLYLOOP((#13438,#13450,#13418));
#14797=IFCFACEOUTERBOUND(#14796,.T.);
#14798=IFCFACE((#14797));
#14799=IFCPOLYLOOP((#13453,#13430,#13455));
#14800=IFCFACEOUTERBOUND(#14799,.T.);
#14801=IFCFACE((#14800));
#14802=IFCPOLYLOOP((#13432,#13418,#13451));
#14803=IFCFACEOUTERBOUND(#14802,.T.);
#14804=IFCFACE((#14803));
#14805=IFCPOLYLOOP((#13451,#13421,#13452));
#14806=IFCFACEOUTERBOUND(#14805,.T.);
#14807=IFCFACE((#14806));
#14808=IFCPOLYLOOP((#13453,#13452,#13430));
#14809=IFCFACEOUTERBOUND(#14808,.T.);
#14810=IFCFACE((#14809));
#14811=IFCPOLYLOOP((#13451,#13453,#13432));
#14812=IFCFACEOUTERBOUND(#14811,.T.);
#14813=IFCFACE((#14812));
#14814=IFCPOLYLOOP((#13426,#13454,#13438));
#14815=IFCFACEOUTERBOUND(#14814,.T.);
#14816=IFCFACE((#14815));
#14817=IFCPOLYLOOP((#13427,#13428,#13454));
#14818=IFCFACEOUTERBOUND(#14817,.T.);
#14819=IFCFACE((#14818));
#14820=IFCPOLYLOOP((#13458,#13457,#13420));
#14821=IFCFACEOUTERBOUND(#14820,.T.);
#14822=IFCFACE((#14821));
#14823=IFCPOLYLOOP((#13455,#13430,#13457));
#14824=IFCFACEOUTERBOUND(#14823,.T.);
#14825=IFCFACE((#14824));
#14826=IFCPOLYLOOP((#13458,#13417,#13456));
#14827=IFCFACEOUTERBOUND(#14826,.T.);
#14828=IFCFACE((#14827));
#14829=IFCPOLYLOOP((#13456,#13431,#13455));
#14830=IFCFACEOUTERBOUND(#14829,.T.);
#14831=IFCFACE((#14830));
#14832=IFCPOLYLOOP((#13458,#13420,#13459));
#14833=IFCFACEOUTERBOUND(#14832,.T.);
#14834=IFCFACE((#14833));
#14835=IFCPOLYLOOP((#13455,#13458,#13456));
#14836=IFCFACEOUTERBOUND(#14835,.T.);
#14837=IFCFACE((#14836));
#14838=IFCPOLYLOOP((#13420,#13443,#13459));
#14839=IFCFACEOUTERBOUND(#14838,.T.);
#14840=IFCFACE((#14839));
#14841=IFCPOLYLOOP((#13459,#13443,#13463));
#14842=IFCFACEOUTERBOUND(#14841,.T.);
#14843=IFCFACE((#14842));
#14844=IFCPOLYLOOP((#13460,#13448,#13447));
#14845=IFCFACEOUTERBOUND(#14844,.T.);
#14846=IFCFACE((#14845));
#14847=IFCPOLYLOOP((#13441,#13460,#13419));
#14848=IFCFACEOUTERBOUND(#14847,.T.);
#14849=IFCFACE((#14848));
#14850=IFCPOLYLOOP((#13454,#13461,#13427));
#14851=IFCFACEOUTERBOUND(#14850,.T.);
#14852=IFCFACE((#14851));
#14853=IFCPOLYLOOP((#13429,#13461,#13426));
#14854=IFCFACEOUTERBOUND(#14853,.T.);
#14855=IFCFACE((#14854));
#14856=IFCPOLYLOOP((#13368,#13462,#13429));
#14857=IFCFACEOUTERBOUND(#14856,.T.);
#14858=IFCFACE((#14857));
#14859=IFCPOLYLOOP((#13366,#13462,#13367));
#14860=IFCFACEOUTERBOUND(#14859,.T.);
#14861=IFCFACE((#14860));
#14862=IFCPOLYLOOP((#13459,#13463,#13444));
#14863=IFCFACEOUTERBOUND(#14862,.T.);
#14864=IFCFACE((#14863));
#14865=IFCPOLYLOOP((#13443,#13442,#13463));
#14866=IFCFACEOUTERBOUND(#14865,.T.);
#14867=IFCFACE((#14866));
#14868=IFCPOLYLOOP((#13495,#13513,#13514));
#14869=IFCFACEOUTERBOUND(#14868,.T.);
#14870=IFCFACE((#14869));
#14871=IFCPOLYLOOP((#13558,#13483,#13592));
#14872=IFCFACEOUTERBOUND(#14871,.T.);
#14873=IFCFACE((#14872));
#14874=IFCPOLYLOOP((#13627,#13602,#13562));
#14875=IFCFACEOUTERBOUND(#14874,.T.);
#14876=IFCFACE((#14875));
#14877=IFCPOLYLOOP((#13578,#13501,#13632));
#14878=IFCFACEOUTERBOUND(#14877,.T.);
#14879=IFCFACE((#14878));
#14880=IFCPOLYLOOP((#13515,#13536,#13544));
#14881=IFCFACEOUTERBOUND(#14880,.T.);
#14882=IFCFACE((#14881));
#14883=IFCPOLYLOOP((#13511,#13480,#13516));
#14884=IFCFACEOUTERBOUND(#14883,.T.);
#14885=IFCFACE((#14884));
#14886=IFCPOLYLOOP((#13564,#13527,#13606,#13488));
#14887=IFCFACEOUTERBOUND(#14886,.T.);
#14888=IFCFACE((#14887));
#14889=IFCPOLYLOOP((#13545,#13548,#13547));
#14890=IFCFACEOUTERBOUND(#14889,.T.);
#14891=IFCFACE((#14890));
#14892=IFCPOLYLOOP((#13508,#13507,#13493,#13509));
#14893=IFCFACEOUTERBOUND(#14892,.T.);
#14894=IFCFACE((#14893));
#14895=IFCPOLYLOOP((#13635,#13640,#13639,#13504));
#14896=IFCFACEOUTERBOUND(#14895,.T.);
#14897=IFCFACE((#14896));
#14898=IFCPOLYLOOP((#13629,#13630,#13572));
#14899=IFCFACEOUTERBOUND(#14898,.T.);
#14900=IFCFACE((#14899));
#14901=IFCPOLYLOOP((#13547,#13548,#13546));
#14902=IFCFACEOUTERBOUND(#14901,.T.);
#14903=IFCFACE((#14902));
#14904=IFCPOLYLOOP((#13631,#13626,#13571));
#14905=IFCFACEOUTERBOUND(#14904,.T.);
#14906=IFCFACE((#14905));
#14907=IFCPOLYLOOP((#13603,#13600,#13561));
#14908=IFCFACEOUTERBOUND(#14907,.T.);
#14909=IFCFACE((#14908));
#14910=IFCPOLYLOOP((#13538,#13478,#13536));
#14911=IFCFACEOUTERBOUND(#14910,.T.);
#14912=IFCFACE((#14911));
#14913=IFCPOLYLOOP((#13568,#13618,#13531));
#14914=IFCFACEOUTERBOUND(#14913,.T.);
#14915=IFCFACE((#14914));
#14916=IFCPOLYLOOP((#13480,#13511,#13509));
#14917=IFCFACEOUTERBOUND(#14916,.T.);
#14918=IFCFACE((#14917));
#14919=IFCPOLYLOOP((#13512,#13464,#13465));
#14920=IFCFACEOUTERBOUND(#14919,.T.);
#14921=IFCFACE((#14920));
#14922=IFCPOLYLOOP((#13378,#13377,#13507));
#14923=IFCFACEOUTERBOUND(#14922,.T.);
#14924=IFCFACE((#14923));
#14925=IFCPOLYLOOP((#13587,#13584,#13555));
#14926=IFCFACEOUTERBOUND(#14925,.T.);
#14927=IFCFACE((#14926));
#14928=IFCPOLYLOOP((#13622,#13623,#13570));
#14929=IFCFACEOUTERBOUND(#14928,.T.);
#14930=IFCFACE((#14929));
#14931=IFCPOLYLOOP((#13591,#13586,#13556));
#14932=IFCFACEOUTERBOUND(#14931,.T.);
#14933=IFCFACE((#14932));
#14934=IFCPOLYLOOP((#13593,#13589,#13557));
#14935=IFCFACEOUTERBOUND(#14934,.T.);
#14936=IFCFACE((#14935));
#14937=IFCPOLYLOOP((#13640,#13635,#13581));
#14938=IFCFACEOUTERBOUND(#14937,.T.);
#14939=IFCFACE((#14938));
#14940=IFCPOLYLOOP((#13566,#13613,#13529));
#14941=IFCFACEOUTERBOUND(#14940,.T.);
#14942=IFCFACE((#14941));
#14943=IFCPOLYLOOP((#13566,#13529,#13611,#13487));
#14944=IFCFACEOUTERBOUND(#14943,.T.);
#14945=IFCFACE((#14944));
#14946=IFCPOLYLOOP((#13564,#13608,#13527));
#14947=IFCFACEOUTERBOUND(#14946,.T.);
#14948=IFCFACE((#14947));
#14949=IFCPOLYLOOP((#13508,#13505,#13378));
#14950=IFCFACEOUTERBOUND(#14949,.T.);
#14951=IFCFACE((#14950));
#14952=IFCPOLYLOOP((#13512,#13513,#13495));
#14953=IFCFACEOUTERBOUND(#14952,.T.);
#14954=IFCFACE((#14953));
#14955=IFCPOLYLOOP((#13514,#13545,#13489));
#14956=IFCFACEOUTERBOUND(#14955,.T.);
#14957=IFCFACE((#14956));
#14958=IFCPOLYLOOP((#13492,#13508,#13511));
#14959=IFCFACEOUTERBOUND(#14958,.T.);
#14960=IFCFACE((#14959));
#14961=IFCPOLYLOOP((#13490,#13545,#13514));
#14962=IFCFACEOUTERBOUND(#14961,.T.);
#14963=IFCFACE((#14962));
#14964=IFCPOLYLOOP((#13465,#13513,#13512));
#14965=IFCFACEOUTERBOUND(#14964,.T.);
#14966=IFCFACE((#14965));
#14967=IFCPOLYLOOP((#13541,#13542,#13498));
#14968=IFCFACEOUTERBOUND(#14967,.T.);
#14969=IFCFACE((#14968));
#14970=IFCPOLYLOOP((#13568,#13531,#13616,#13497));
#14971=IFCFACEOUTERBOUND(#14970,.T.);
#14972=IFCFACE((#14971));
#14973=IFCPOLYLOOP((#13541,#13540,#13539));
#14974=IFCFACEOUTERBOUND(#14973,.T.);
#14975=IFCFACE((#14974));
#14976=IFCPOLYLOOP((#13633,#13634,#13578));
#14977=IFCFACEOUTERBOUND(#14976,.T.);
#14978=IFCFACE((#14977));
#14979=IFCPOLYLOOP((#13624,#13620,#13569));
#14980=IFCFACEOUTERBOUND(#14979,.T.);
#14981=IFCFACE((#14980));
#14982=IFCPOLYLOOP((#13622,#13580,#13552));
#14983=IFCFACEOUTERBOUND(#14982,.T.);
#14984=IFCFACE((#14983));
#14985=IFCPOLYLOOP((#13560,#13598,#13523));
#14986=IFCFACEOUTERBOUND(#14985,.T.);
#14987=IFCFACE((#14986));
#14988=IFCPOLYLOOP((#13560,#13523,#13596,#13503));
#14989=IFCFACEOUTERBOUND(#14988,.T.);
#14990=IFCFACE((#14989));
#14991=IFCPOLYLOOP((#13470,#13588,#13636,#13635));
#14992=IFCFACEOUTERBOUND(#14991,.T.);
#14993=IFCFACE((#14992));
#14994=IFCPOLYLOOP((#13505,#13379,#13378));
#14995=IFCFACEOUTERBOUND(#14994,.T.);
#14996=IFCFACE((#14995));
#14997=IFCPOLYLOOP((#13465,#13466,#13506));
#14998=IFCFACEOUTERBOUND(#14997,.T.);
#14999=IFCFACE((#14998));
#15000=IFCPOLYLOOP((#13507,#13508,#13378));
#15001=IFCFACEOUTERBOUND(#15000,.T.);
#15002=IFCFACE((#15001));
#15003=IFCPOLYLOOP((#13492,#13505,#13508));
#15004=IFCFACEOUTERBOUND(#15003,.T.);
#15005=IFCFACE((#15004));
#15006=IFCPOLYLOOP((#13511,#13479,#13510,#13492));
#15007=IFCFACEOUTERBOUND(#15006,.T.);
#15008=IFCFACE((#15007));
#15009=IFCPOLYLOOP((#13511,#13508,#13509));
#15010=IFCFACEOUTERBOUND(#15009,.T.);
#15011=IFCFACE((#15010));
#15012=IFCPOLYLOOP((#13633,#13583,#13555));
#15013=IFCFACEOUTERBOUND(#15012,.T.);
#15014=IFCFACE((#15013));
#15015=IFCPOLYLOOP((#13513,#13465,#13506));
#15016=IFCFACEOUTERBOUND(#15015,.T.);
#15017=IFCFACE((#15016));
#15018=IFCPOLYLOOP((#13506,#13494,#13513));
#15019=IFCFACEOUTERBOUND(#15018,.T.);
#15020=IFCFACE((#15019));
#15021=IFCPOLYLOOP((#13514,#13513,#13494));
#15022=IFCFACEOUTERBOUND(#15021,.T.);
#15023=IFCFACE((#15022));
#15024=IFCPOLYLOOP((#13490,#13514,#13494));
#15025=IFCFACEOUTERBOUND(#15024,.T.);
#15026=IFCFACE((#15025));
#15027=IFCPOLYLOOP((#13514,#13489,#13554,#13495));
#15028=IFCFACEOUTERBOUND(#15027,.T.);
#15029=IFCFACE((#15028));
#15030=IFCPOLYLOOP((#13511,#13516,#13479));
#15031=IFCFACEOUTERBOUND(#15030,.T.);
#15032=IFCFACE((#15031));
#15033=IFCPOLYLOOP((#13516,#13480,#13537));
#15034=IFCFACEOUTERBOUND(#15033,.T.);
#15035=IFCFACE((#15034));
#15036=IFCPOLYLOOP((#13536,#13477,#13538));
#15037=IFCFACEOUTERBOUND(#15036,.T.);
#15038=IFCFACE((#15037));
#15039=IFCPOLYLOOP((#13536,#13478,#13517));
#15040=IFCFACEOUTERBOUND(#15039,.T.);
#15041=IFCFACE((#15040));
#15042=IFCPOLYLOOP((#13516,#13544,#13479));
#15043=IFCFACEOUTERBOUND(#15042,.T.);
#15044=IFCFACE((#15043));
#15045=IFCPOLYLOOP((#13556,#13518,#13585,#13483));
#15046=IFCFACEOUTERBOUND(#15045,.T.);
#15047=IFCFACE((#15046));
#15048=IFCPOLYLOOP((#13636,#13588,#13557));
#15049=IFCFACEOUTERBOUND(#15048,.T.);
#15050=IFCFACE((#15049));
#15051=IFCPOLYLOOP((#13558,#13520,#13590));
#15052=IFCFACEOUTERBOUND(#15051,.T.);
#15053=IFCFACE((#15052));
#15054=IFCPOLYLOOP((#13594,#13598,#13597,#13522));
#15055=IFCFACEOUTERBOUND(#15054,.T.);
#15056=IFCFACE((#15055));
#15057=IFCPOLYLOOP((#13598,#13594,#13559));
#15058=IFCFACEOUTERBOUND(#15057,.T.);
#15059=IFCFACE((#15058));
#15060=IFCPOLYLOOP((#13561,#13472,#13599,#13524));
#15061=IFCFACEOUTERBOUND(#15060,.T.);
#15062=IFCFACE((#15061));
#15063=IFCPOLYLOOP((#13562,#13524,#13601,#13476));
#15064=IFCFACEOUTERBOUND(#15063,.T.);
#15065=IFCFACE((#15064));
#15066=IFCPOLYLOOP((#13526,#13563,#13608));
#15067=IFCFACEOUTERBOUND(#15066,.T.);
#15068=IFCFACE((#15067));
#15069=IFCPOLYLOOP((#13563,#13526,#13604,#13468));
#15070=IFCFACEOUTERBOUND(#15069,.T.);
#15071=IFCFACE((#15070));
#15072=IFCPOLYLOOP((#13609,#13613,#13612,#13528));
#15073=IFCFACEOUTERBOUND(#15072,.T.);
#15074=IFCFACE((#15073));
#15075=IFCPOLYLOOP((#13613,#13609,#13565));
#15076=IFCFACEOUTERBOUND(#15075,.T.);
#15077=IFCFACE((#15076));
#15078=IFCPOLYLOOP((#13530,#13567,#13618));
#15079=IFCFACEOUTERBOUND(#15078,.T.);
#15080=IFCFACE((#15079));
#15081=IFCPOLYLOOP((#13567,#13530,#13614,#13471));
#15082=IFCFACEOUTERBOUND(#15081,.T.);
#15083=IFCFACE((#15082));
#15084=IFCPOLYLOOP((#13569,#13469,#13619,#13532));
#15085=IFCFACEOUTERBOUND(#15084,.T.);
#15086=IFCFACE((#15085));
#15087=IFCPOLYLOOP((#13570,#13532,#13621,#13500));
#15088=IFCFACEOUTERBOUND(#15087,.T.);
#15089=IFCFACE((#15088));
#15090=IFCPOLYLOOP((#13571,#13476,#13625,#13534));
#15091=IFCFACEOUTERBOUND(#15090,.T.);
#15092=IFCFACE((#15091));
#15093=IFCPOLYLOOP((#13572,#13534,#13628,#13473));
#15094=IFCFACEOUTERBOUND(#15093,.T.);
#15095=IFCFACE((#15094));
#15096=IFCPOLYLOOP((#13544,#13536,#13517));
#15097=IFCFACEOUTERBOUND(#15096,.T.);
#15098=IFCFACE((#15097));
#15099=IFCPOLYLOOP((#13536,#13515,#13573,#13477));
#15100=IFCFACEOUTERBOUND(#15099,.T.);
#15101=IFCFACE((#15100));
#15102=IFCPOLYLOOP((#13542,#13497,#13574,#13498));
#15103=IFCFACEOUTERBOUND(#15102,.T.);
#15104=IFCFACE((#15103));
#15105=IFCPOLYLOOP((#13544,#13537,#13515));
#15106=IFCFACEOUTERBOUND(#15105,.T.);
#15107=IFCFACE((#15106));
#15108=IFCPOLYLOOP((#13541,#13543,#13538));
#15109=IFCFACEOUTERBOUND(#15108,.T.);
#15110=IFCFACE((#15109));
#15111=IFCPOLYLOOP((#13538,#13540,#13541));
#15112=IFCFACEOUTERBOUND(#15111,.T.);
#15113=IFCFACE((#15112));
#15114=IFCPOLYLOOP((#13538,#13477,#13540));
#15115=IFCFACEOUTERBOUND(#15114,.T.);
#15116=IFCFACE((#15115));
#15117=IFCPOLYLOOP((#13541,#13539,#13542));
#15118=IFCFACEOUTERBOUND(#15117,.T.);
#15119=IFCFACE((#15118));
#15120=IFCPOLYLOOP((#13479,#13544,#13517));
#15121=IFCFACEOUTERBOUND(#15120,.T.);
#15122=IFCFACE((#15121));
#15123=IFCPOLYLOOP((#13542,#13539,#13575,#13496));
#15124=IFCFACEOUTERBOUND(#15123,.T.);
#15125=IFCFACE((#15124));
#15126=IFCPOLYLOOP((#13568,#13542,#13496));
#15127=IFCFACEOUTERBOUND(#15126,.T.);
#15128=IFCFACE((#15127));
#15129=IFCPOLYLOOP((#13543,#13541,#13498));
#15130=IFCFACEOUTERBOUND(#15129,.T.);
#15131=IFCFACE((#15130));
#15132=IFCPOLYLOOP((#13543,#13478,#13538));
#15133=IFCFACEOUTERBOUND(#15132,.T.);
#15134=IFCFACE((#15133));
#15135=IFCPOLYLOOP((#13537,#13544,#13516));
#15136=IFCFACEOUTERBOUND(#15135,.T.);
#15137=IFCFACE((#15136));
#15138=IFCPOLYLOOP((#13548,#13550,#13491));
#15139=IFCFACEOUTERBOUND(#15138,.T.);
#15140=IFCFACE((#15139));
#15141=IFCPOLYLOOP((#13491,#13549,#13548));
#15142=IFCFACEOUTERBOUND(#15141,.T.);
#15143=IFCFACE((#15142));
#15144=IFCPOLYLOOP((#13548,#13549,#13546));
#15145=IFCFACEOUTERBOUND(#15144,.T.);
#15146=IFCFACE((#15145));
#15147=IFCPOLYLOOP((#13550,#13548,#13545));
#15148=IFCFACEOUTERBOUND(#15147,.T.);
#15149=IFCFACE((#15148));
#15150=IFCPOLYLOOP((#13547,#13489,#13545));
#15151=IFCFACEOUTERBOUND(#15150,.T.);
#15152=IFCFACE((#15151));
#15153=IFCPOLYLOOP((#13549,#13491,#13576,#13474));
#15154=IFCFACEOUTERBOUND(#15153,.T.);
#15155=IFCFACE((#15154));
#15156=IFCPOLYLOOP((#13626,#13631,#13535));
#15157=IFCFACEOUTERBOUND(#15156,.T.);
#15158=IFCFACE((#15157));
#15159=IFCPOLYLOOP((#13629,#13577,#13549));
#15160=IFCFACEOUTERBOUND(#15159,.T.);
#15161=IFCFACE((#15160));
#15162=IFCPOLYLOOP((#13545,#13490,#13550));
#15163=IFCFACEOUTERBOUND(#15162,.T.);
#15164=IFCFACE((#15163));
#15165=IFCPOLYLOOP((#13620,#13624,#13533));
#15166=IFCFACEOUTERBOUND(#15165,.T.);
#15167=IFCFACE((#15166));
#15168=IFCPOLYLOOP((#13552,#13551,#13579,#13499));
#15169=IFCFACEOUTERBOUND(#15168,.T.);
#15170=IFCFACE((#15169));
#15171=IFCPOLYLOOP((#13578,#13552,#13501));
#15172=IFCFACEOUTERBOUND(#15171,.T.);
#15173=IFCFACE((#15172));
#15174=IFCPOLYLOOP((#13518,#13556,#13587));
#15175=IFCFACEOUTERBOUND(#15174,.T.);
#15176=IFCFACE((#15175));
#15177=IFCPOLYLOOP((#13582,#13553,#13638,#13502));
#15178=IFCFACEOUTERBOUND(#15177,.T.);
#15179=IFCFACE((#15178));
#15180=IFCPOLYLOOP((#13467,#13636,#13557));
#15181=IFCFACEOUTERBOUND(#15180,.T.);
#15182=IFCFACE((#15181));
#15183=IFCPOLYLOOP((#13589,#13593,#13592,#13521));
#15184=IFCFACEOUTERBOUND(#15183,.T.);
#15185=IFCFACE((#15184));
#15186=IFCPOLYLOOP((#13556,#13586,#13587));
#15187=IFCFACEOUTERBOUND(#15186,.T.);
#15188=IFCFACE((#15187));
#15189=IFCPOLYLOOP((#13520,#13558,#13593));
#15190=IFCFACEOUTERBOUND(#15189,.T.);
#15191=IFCFACE((#15190));
#15192=IFCPOLYLOOP((#13636,#13467,#13581));
#15193=IFCFACEOUTERBOUND(#15192,.T.);
#15194=IFCFACE((#15193));
#15195=IFCPOLYLOOP((#13590,#13591,#13558));
#15196=IFCFACEOUTERBOUND(#15195,.T.);
#15197=IFCFACE((#15196));
#15198=IFCPOLYLOOP((#13558,#13592,#13593));
#15199=IFCFACEOUTERBOUND(#15198,.T.);
#15200=IFCFACE((#15199));
#15201=IFCPOLYLOOP((#13565,#13559,#13486));
#15202=IFCFACEOUTERBOUND(#15201,.T.);
#15203=IFCFACE((#15202));
#15204=IFCPOLYLOOP((#13559,#13485,#13595,#13523));
#15205=IFCFACEOUTERBOUND(#15204,.T.);
#15206=IFCFACE((#15205));
#15207=IFCPOLYLOOP((#13582,#13560,#13503));
#15208=IFCFACEOUTERBOUND(#15207,.T.);
#15209=IFCFACE((#15208));
#15210=IFCPOLYLOOP((#13560,#13502,#13597));
#15211=IFCFACEOUTERBOUND(#15210,.T.);
#15212=IFCFACE((#15211));
#15213=IFCPOLYLOOP((#13524,#13562,#13603));
#15214=IFCFACEOUTERBOUND(#15213,.T.);
#15215=IFCFACE((#15214));
#15216=IFCPOLYLOOP((#13569,#13561,#13469));
#15217=IFCFACEOUTERBOUND(#15216,.T.);
#15218=IFCFACE((#15217));
#15219=IFCPOLYLOOP((#13476,#13571,#13627));
#15220=IFCFACEOUTERBOUND(#15219,.T.);
#15221=IFCFACE((#15220));
#15222=IFCPOLYLOOP((#13603,#13562,#13525));
#15223=IFCFACEOUTERBOUND(#15222,.T.);
#15224=IFCFACE((#15223));
#15225=IFCPOLYLOOP((#13567,#13563,#13468));
#15226=IFCFACEOUTERBOUND(#15225,.T.);
#15227=IFCFACE((#15226));
#15228=IFCPOLYLOOP((#13563,#13471,#13605));
#15229=IFCFACEOUTERBOUND(#15228,.T.);
#15230=IFCFACE((#15229));
#15231=IFCPOLYLOOP((#13566,#13564,#13488));
#15232=IFCFACEOUTERBOUND(#15231,.T.);
#15233=IFCFACE((#15232));
#15234=IFCPOLYLOOP((#13564,#13487,#13607));
#15235=IFCFACEOUTERBOUND(#15234,.T.);
#15236=IFCFACE((#15235));
#15237=IFCPOLYLOOP((#13559,#13565,#13485));
#15238=IFCFACEOUTERBOUND(#15237,.T.);
#15239=IFCFACE((#15238));
#15240=IFCPOLYLOOP((#13565,#13486,#13610));
#15241=IFCFACEOUTERBOUND(#15240,.T.);
#15242=IFCFACE((#15241));
#15243=IFCPOLYLOOP((#13564,#13566,#13487));
#15244=IFCFACEOUTERBOUND(#15243,.T.);
#15245=IFCFACE((#15244));
#15246=IFCPOLYLOOP((#13566,#13488,#13612));
#15247=IFCFACEOUTERBOUND(#15246,.T.);
#15248=IFCFACE((#15247));
#15249=IFCPOLYLOOP((#13563,#13567,#13471));
#15250=IFCFACEOUTERBOUND(#15249,.T.);
#15251=IFCFACE((#15250));
#15252=IFCPOLYLOOP((#13567,#13468,#13615));
#15253=IFCFACEOUTERBOUND(#15252,.T.);
#15254=IFCFACE((#15253));
#15255=IFCPOLYLOOP((#13542,#13568,#13497));
#15256=IFCFACEOUTERBOUND(#15255,.T.);
#15257=IFCFACE((#15256));
#15258=IFCPOLYLOOP((#13568,#13496,#13617));
#15259=IFCFACEOUTERBOUND(#15258,.T.);
#15260=IFCFACE((#15259));
#15261=IFCPOLYLOOP((#13532,#13570,#13624));
#15262=IFCFACEOUTERBOUND(#15261,.T.);
#15263=IFCFACE((#15262));
#15264=IFCPOLYLOOP((#13561,#13569,#13472));
#15265=IFCFACEOUTERBOUND(#15264,.T.);
#15266=IFCFACE((#15265));
#15267=IFCPOLYLOOP((#13570,#13500,#13622));
#15268=IFCFACEOUTERBOUND(#15267,.T.);
#15269=IFCFACE((#15268));
#15270=IFCPOLYLOOP((#13624,#13570,#13533));
#15271=IFCFACEOUTERBOUND(#15270,.T.);
#15272=IFCFACE((#15271));
#15273=IFCPOLYLOOP((#13534,#13572,#13631));
#15274=IFCFACEOUTERBOUND(#15273,.T.);
#15275=IFCFACE((#15274));
#15276=IFCPOLYLOOP((#13627,#13571,#13475));
#15277=IFCFACEOUTERBOUND(#15276,.T.);
#15278=IFCFACE((#15277));
#15279=IFCPOLYLOOP((#13572,#13473,#13629));
#15280=IFCFACEOUTERBOUND(#15279,.T.);
#15281=IFCFACE((#15280));
#15282=IFCPOLYLOOP((#13631,#13572,#13535));
#15283=IFCFACEOUTERBOUND(#15282,.T.);
#15284=IFCFACE((#15283));
#15285=IFCPOLYLOOP((#13632,#13633,#13578));
#15286=IFCFACEOUTERBOUND(#15285,.T.);
#15287=IFCFACE((#15286));
#15288=IFCPOLYLOOP((#13577,#13546,#13549));
#15289=IFCFACEOUTERBOUND(#15288,.T.);
#15290=IFCFACE((#15289));
#15291=IFCPOLYLOOP((#13552,#13578,#13551));
#15292=IFCFACEOUTERBOUND(#15291,.T.);
#15293=IFCFACE((#15292));
#15294=IFCPOLYLOOP((#13581,#13467,#13637,#13553));
#15295=IFCFACEOUTERBOUND(#15294,.T.);
#15296=IFCFACE((#15295));
#15297=IFCPOLYLOOP((#13580,#13501,#13552));
#15298=IFCFACEOUTERBOUND(#15297,.T.);
#15299=IFCFACE((#15298));
#15300=IFCPOLYLOOP((#13640,#13553,#13582));
#15301=IFCFACEOUTERBOUND(#15300,.T.);
#15302=IFCFACE((#15301));
#15303=IFCPOLYLOOP((#13560,#13582,#13502));
#15304=IFCFACEOUTERBOUND(#15303,.T.);
#15305=IFCFACE((#15304));
#15306=IFCPOLYLOOP((#13582,#13503,#13639));
#15307=IFCFACEOUTERBOUND(#15306,.T.);
#15308=IFCFACE((#15307));
#15309=IFCPOLYLOOP((#13584,#13587,#13586,#13519));
#15310=IFCFACEOUTERBOUND(#15309,.T.);
#15311=IFCFACE((#15310));
#15312=IFCPOLYLOOP((#13518,#13555,#13583));
#15313=IFCFACEOUTERBOUND(#15312,.T.);
#15314=IFCFACE((#15313));
#15315=IFCPOLYLOOP((#13584,#13481,#13555));
#15316=IFCFACEOUTERBOUND(#15315,.T.);
#15317=IFCFACE((#15316));
#15318=IFCPOLYLOOP((#13518,#13587,#13555));
#15319=IFCFACEOUTERBOUND(#15318,.T.);
#15320=IFCFACE((#15319));
#15321=IFCPOLYLOOP((#13586,#13591,#13590,#13484));
#15322=IFCFACEOUTERBOUND(#15321,.T.);
#15323=IFCFACE((#15322));
#15324=IFCPOLYLOOP((#13520,#13557,#13588));
#15325=IFCFACEOUTERBOUND(#15324,.T.);
#15326=IFCFACE((#15325));
#15327=IFCPOLYLOOP((#13589,#13467,#13557));
#15328=IFCFACEOUTERBOUND(#15327,.T.);
#15329=IFCFACE((#15328));
#15330=IFCPOLYLOOP((#13483,#13591,#13556));
#15331=IFCFACEOUTERBOUND(#15330,.T.);
#15332=IFCFACE((#15331));
#15333=IFCPOLYLOOP((#13483,#13558,#13591));
#15334=IFCFACEOUTERBOUND(#15333,.T.);
#15335=IFCFACE((#15334));
#15336=IFCPOLYLOOP((#13520,#13593,#13557));
#15337=IFCFACEOUTERBOUND(#15336,.T.);
#15338=IFCFACE((#15337));
#15339=IFCPOLYLOOP((#13523,#13598,#13559));
#15340=IFCFACEOUTERBOUND(#15339,.T.);
#15341=IFCFACE((#15340));
#15342=IFCPOLYLOOP((#13486,#13559,#13594));
#15343=IFCFACEOUTERBOUND(#15342,.T.);
#15344=IFCFACE((#15343));
#15345=IFCPOLYLOOP((#13597,#13598,#13560));
#15346=IFCFACEOUTERBOUND(#15345,.T.);
#15347=IFCFACE((#15346));
#15348=IFCPOLYLOOP((#13600,#13603,#13525));
#15349=IFCFACEOUTERBOUND(#15348,.T.);
#15350=IFCFACE((#15349));
#15351=IFCPOLYLOOP((#13600,#13469,#13561));
#15352=IFCFACEOUTERBOUND(#15351,.T.);
#15353=IFCFACE((#15352));
#15354=IFCPOLYLOOP((#13602,#13525,#13562));
#15355=IFCFACEOUTERBOUND(#15354,.T.);
#15356=IFCFACE((#15355));
#15357=IFCPOLYLOOP((#13524,#13603,#13561));
#15358=IFCFACEOUTERBOUND(#15357,.T.);
#15359=IFCFACE((#15358));
#15360=IFCPOLYLOOP((#13608,#13563,#13605));
#15361=IFCFACEOUTERBOUND(#15360,.T.);
#15362=IFCFACE((#15361));
#15363=IFCPOLYLOOP((#13608,#13605,#13527));
#15364=IFCFACEOUTERBOUND(#15363,.T.);
#15365=IFCFACE((#15364));
#15366=IFCPOLYLOOP((#13608,#13607,#13526));
#15367=IFCFACEOUTERBOUND(#15366,.T.);
#15368=IFCFACE((#15367));
#15369=IFCPOLYLOOP((#13607,#13608,#13564));
#15370=IFCFACEOUTERBOUND(#15369,.T.);
#15371=IFCFACE((#15370));
#15372=IFCPOLYLOOP((#13613,#13565,#13610));
#15373=IFCFACEOUTERBOUND(#15372,.T.);
#15374=IFCFACE((#15373));
#15375=IFCPOLYLOOP((#13485,#13565,#13609));
#15376=IFCFACEOUTERBOUND(#15375,.T.);
#15377=IFCFACE((#15376));
#15378=IFCPOLYLOOP((#13613,#13610,#13529));
#15379=IFCFACEOUTERBOUND(#15378,.T.);
#15380=IFCFACE((#15379));
#15381=IFCPOLYLOOP((#13612,#13613,#13566));
#15382=IFCFACEOUTERBOUND(#15381,.T.);
#15383=IFCFACE((#15382));
#15384=IFCPOLYLOOP((#13618,#13567,#13615));
#15385=IFCFACEOUTERBOUND(#15384,.T.);
#15386=IFCFACE((#15385));
#15387=IFCPOLYLOOP((#13618,#13615,#13531));
#15388=IFCFACEOUTERBOUND(#15387,.T.);
#15389=IFCFACE((#15388));
#15390=IFCPOLYLOOP((#13618,#13617,#13530));
#15391=IFCFACEOUTERBOUND(#15390,.T.);
#15392=IFCFACE((#15391));
#15393=IFCPOLYLOOP((#13617,#13618,#13568));
#15394=IFCFACEOUTERBOUND(#15393,.T.);
#15395=IFCFACE((#15394));
#15396=IFCPOLYLOOP((#13580,#13622,#13500));
#15397=IFCFACEOUTERBOUND(#15396,.T.);
#15398=IFCFACE((#15397));
#15399=IFCPOLYLOOP((#13620,#13472,#13569));
#15400=IFCFACEOUTERBOUND(#15399,.T.);
#15401=IFCFACE((#15400));
#15402=IFCPOLYLOOP((#13499,#13622,#13552));
#15403=IFCFACEOUTERBOUND(#15402,.T.);
#15404=IFCFACE((#15403));
#15405=IFCPOLYLOOP((#13623,#13622,#13499));
#15406=IFCFACEOUTERBOUND(#15405,.T.);
#15407=IFCFACE((#15406));
#15408=IFCPOLYLOOP((#13623,#13533,#13570));
#15409=IFCFACEOUTERBOUND(#15408,.T.);
#15410=IFCFACE((#15409));
#15411=IFCPOLYLOOP((#13532,#13624,#13569));
#15412=IFCFACEOUTERBOUND(#15411,.T.);
#15413=IFCFACE((#15412));
#15414=IFCPOLYLOOP((#13602,#13627,#13475));
#15415=IFCFACEOUTERBOUND(#15414,.T.);
#15416=IFCFACE((#15415));
#15417=IFCPOLYLOOP((#13626,#13475,#13571));
#15418=IFCFACEOUTERBOUND(#15417,.T.);
#15419=IFCFACE((#15418));
#15420=IFCPOLYLOOP((#13476,#13627,#13562));
#15421=IFCFACEOUTERBOUND(#15420,.T.);
#15422=IFCFACE((#15421));
#15423=IFCPOLYLOOP((#13577,#13629,#13473));
#15424=IFCFACEOUTERBOUND(#15423,.T.);
#15425=IFCFACE((#15424));
#15426=IFCPOLYLOOP((#13474,#13629,#13549));
#15427=IFCFACEOUTERBOUND(#15426,.T.);
#15428=IFCFACE((#15427));
#15429=IFCPOLYLOOP((#13630,#13629,#13474));
#15430=IFCFACEOUTERBOUND(#15429,.T.);
#15431=IFCFACE((#15430));
#15432=IFCPOLYLOOP((#13630,#13535,#13572));
#15433=IFCFACEOUTERBOUND(#15432,.T.);
#15434=IFCFACE((#15433));
#15435=IFCPOLYLOOP((#13534,#13631,#13571));
#15436=IFCFACEOUTERBOUND(#15435,.T.);
#15437=IFCFACE((#15436));
#15438=IFCPOLYLOOP((#13583,#13633,#13632,#13482));
#15439=IFCFACEOUTERBOUND(#15438,.T.);
#15440=IFCFACE((#15439));
#15441=IFCPOLYLOOP((#13481,#13633,#13555));
#15442=IFCFACEOUTERBOUND(#15441,.T.);
#15443=IFCFACE((#15442));
#15444=IFCPOLYLOOP((#13634,#13633,#13481));
#15445=IFCFACEOUTERBOUND(#15444,.T.);
#15446=IFCFACE((#15445));
#15447=IFCPOLYLOOP((#13634,#13551,#13578));
#15448=IFCFACEOUTERBOUND(#15447,.T.);
#15449=IFCFACE((#15448));
#15450=IFCPOLYLOOP((#13635,#13636,#13581));
#15451=IFCFACEOUTERBOUND(#15450,.T.);
#15452=IFCFACE((#15451));
#15453=IFCPOLYLOOP((#13553,#13640,#13581));
#15454=IFCFACEOUTERBOUND(#15453,.T.);
#15455=IFCFACE((#15454));
#15456=IFCPOLYLOOP((#13639,#13640,#13582));
#15457=IFCFACEOUTERBOUND(#15456,.T.);
#15458=IFCFACE((#15457));
#15459=IFCPOLYLOOP((#13410,#13379,#13505,#13492,#13510,#13479,#13517,#13478,#13543,#13498,#13574,#13497,#13616,#13531,#13615,#13468,#13604,#13526,#13607,#13487,#13611,#13529,#13610,#13486,#13594,#13522,#13597,#13502,#13638,#13553,#13637,#13467,#13589,#13521,#13592,#13483,#13585,#13518,#13583,#13482,#13632,#13501,#13580,#13500,#13621,#13532,#13619,#13469,#13600,#13525,#13602,#13475,#13626,#13535,#13630,#13474,#13576,#13491,#13550,#13490,#13494,#13506,#13466,#13641));
#15460=IFCFACEOUTERBOUND(#15459,.T.);
#15461=IFCFACE((#15460));
#15462=IFCPOLYLOOP((#13641,#13411,#13410));
#15463=IFCFACEOUTERBOUND(#15462,.T.);
#15464=IFCFACE((#15463));
#15465=IFCPOLYLOOP((#13411,#13641,#13123));
#15466=IFCFACEOUTERBOUND(#15465,.T.);
#15467=IFCFACE((#15466));
#15468=IFCPOLYLOOP((#13361,#13123,#13641));
#15469=IFCFACEOUTERBOUND(#15468,.T.);
#15470=IFCFACE((#15469));
#15471=IFCPOLYLOOP((#13123,#13361,#13362));
#15472=IFCFACEOUTERBOUND(#15471,.T.);
#15473=IFCFACE((#15472));
#15474=IFCPOLYLOOP((#13124,#13362,#13410));
#15475=IFCFACEOUTERBOUND(#15474,.T.);
#15476=IFCFACE((#15475));
#15477=IFCPOLYLOOP((#13362,#13124,#13123));
#15478=IFCFACEOUTERBOUND(#15477,.T.);
#15479=IFCFACE((#15478));
#15480=IFCPOLYLOOP((#13363,#13410,#13411));
#15481=IFCFACEOUTERBOUND(#15480,.T.);
#15482=IFCFACE((#15481));
#15483=IFCPOLYLOOP((#13410,#13363,#13124));
#15484=IFCFACEOUTERBOUND(#15483,.T.);
#15485=IFCFACE((#15484));
#15486=IFCPOLYLOOP((#13412,#13411,#13123,#13122));
#15487=IFCFACEOUTERBOUND(#15486,.T.);
#15488=IFCFACE((#15487));
#15489=IFCPOLYLOOP((#13412,#13413,#13364));
#15490=IFCFACEOUTERBOUND(#15489,.T.);
#15491=IFCFACE((#15490));
#15492=IFCPOLYLOOP((#13413,#13412,#13127));
#15493=IFCFACEOUTERBOUND(#15492,.T.);
#15494=IFCFACE((#15493));
#15495=IFCPOLYLOOP((#13122,#13127,#13412));
#15496=IFCFACEOUTERBOUND(#15495,.T.);
#15497=IFCFACE((#15496));
#15498=IFCPOLYLOOP((#13127,#13122,#13125));
#15499=IFCFACEOUTERBOUND(#15498,.T.);
#15500=IFCFACE((#15499));
#15501=IFCPOLYLOOP((#13128,#13125,#13364));
#15502=IFCFACEOUTERBOUND(#15501,.T.);
#15503=IFCFACE((#15502));
#15504=IFCPOLYLOOP((#13125,#13128,#13127));
#15505=IFCFACEOUTERBOUND(#15504,.T.);
#15506=IFCFACE((#15505));
#15507=IFCPOLYLOOP((#13365,#13364,#13413));
#15508=IFCFACEOUTERBOUND(#15507,.T.);
#15509=IFCFACE((#15508));
#15510=IFCPOLYLOOP((#13364,#13365,#13128));
#15511=IFCFACEOUTERBOUND(#15510,.T.);
#15512=IFCFACE((#15511));
#15513=IFCPOLYLOOP((#13413,#13127,#13126,#13642,#13644,#13414));
#15514=IFCFACEOUTERBOUND(#15513,.T.);
#15515=IFCFACE((#15514));
#15516=IFCPOLYLOOP((#13645,#13647,#13643,#13646));
#15517=IFCFACEOUTERBOUND(#15516,.T.);
#15518=IFCFACE((#15517));
#15519=IFCPOLYLOOP((#13646,#13415,#13648));
#15520=IFCFACEOUTERBOUND(#15519,.T.);
#15521=IFCFACE((#15520));
#15522=IFCPOLYLOOP((#13126,#13131,#13649));
#15523=IFCFACEOUTERBOUND(#15522,.T.);
#15524=IFCFACE((#15523));
#15525=IFCPOLYLOOP((#13645,#13642,#13649));
#15526=IFCFACEOUTERBOUND(#15525,.T.);
#15527=IFCFACE((#15526));
#15528=IFCPOLYLOOP((#13414,#13644,#13648));
#15529=IFCFACEOUTERBOUND(#15528,.T.);
#15530=IFCFACE((#15529));
#15531=IFCPOLYLOOP((#13645,#13644,#13642));
#15532=IFCFACEOUTERBOUND(#15531,.T.);
#15533=IFCFACE((#15532));
#15534=IFCPOLYLOOP((#13647,#13645,#13649));
#15535=IFCFACEOUTERBOUND(#15534,.T.);
#15536=IFCFACE((#15535));
#15537=IFCPOLYLOOP((#13646,#13648,#13645));
#15538=IFCFACEOUTERBOUND(#15537,.T.);
#15539=IFCFACE((#15538));
#15540=IFCPOLYLOOP((#13648,#13644,#13645));
#15541=IFCFACEOUTERBOUND(#15540,.T.);
#15542=IFCFACE((#15541));
#15543=IFCPOLYLOOP((#13646,#13416,#13415));
#15544=IFCFACEOUTERBOUND(#15543,.T.);
#15545=IFCFACE((#15544));
#15546=IFCPOLYLOOP((#13131,#13130,#13647));
#15547=IFCFACEOUTERBOUND(#15546,.T.);
#15548=IFCFACE((#15547));
#15549=IFCPOLYLOOP((#13414,#13648,#13415));
#15550=IFCFACEOUTERBOUND(#15549,.T.);
#15551=IFCFACE((#15550));
#15552=IFCPOLYLOOP((#13126,#13649,#13642));
#15553=IFCFACEOUTERBOUND(#15552,.T.);
#15554=IFCFACE((#15553));
#15555=IFCPOLYLOOP((#13647,#13649,#13131));
#15556=IFCFACEOUTERBOUND(#15555,.T.);
#15557=IFCFACE((#15556));
#15558=IFCPOLYLOOP((#13368,#13464,#13512));
#15559=IFCFACEOUTERBOUND(#15558,.T.);
#15560=IFCFACE((#15559));
#15561=IFCPOLYLOOP((#13377,#13133,#13373));
#15562=IFCFACEOUTERBOUND(#15561,.T.);
#15563=IFCFACE((#15562));
#15564=IFCPOLYLOOP((#13464,#13416,#13646));
#15565=IFCFACEOUTERBOUND(#15564,.T.);
#15566=IFCFACE((#15565));
#15567=IFCPOLYLOOP((#13464,#13368,#13429));
#15568=IFCFACEOUTERBOUND(#15567,.T.);
#15569=IFCFACE((#15568));
#15570=IFCPOLYLOOP((#13133,#13184,#13232));
#15571=IFCFACEOUTERBOUND(#15570,.T.);
#15572=IFCFACE((#15571));
#15573=IFCPOLYLOOP((#13133,#13377,#13391));
#15574=IFCFACEOUTERBOUND(#15573,.T.);
#15575=IFCFACE((#15574));
#15576=IFCPOLYLOOP((#13130,#13183,#13661));
#15577=IFCFACEOUTERBOUND(#15576,.T.);
#15578=IFCFACE((#15577));
#15579=IFCPOLYLOOP((#13183,#13130,#13146));
#15580=IFCFACEOUTERBOUND(#15579,.T.);
#15581=IFCFACE((#15580));
#15582=IFCPOLYLOOP((#13368,#13512,#13495));
#15583=IFCFACEOUTERBOUND(#15582,.T.);
#15584=IFCFACE((#15583));
#15585=IFCPOLYLOOP((#13368,#13495,#13554));
#15586=IFCFACEOUTERBOUND(#15585,.T.);
#15587=IFCFACE((#15586));
#15588=IFCPOLYLOOP((#13368,#13554,#13489));
#15589=IFCFACEOUTERBOUND(#15588,.T.);
#15590=IFCFACE((#15589));
#15591=IFCPOLYLOOP((#13368,#13489,#13547));
#15592=IFCFACEOUTERBOUND(#15591,.T.);
#15593=IFCFACE((#15592));
#15594=IFCPOLYLOOP((#13368,#13547,#13546));
#15595=IFCFACEOUTERBOUND(#15594,.T.);
#15596=IFCFACE((#15595));
#15597=IFCPOLYLOOP((#13368,#13546,#13577));
#15598=IFCFACEOUTERBOUND(#15597,.T.);
#15599=IFCFACE((#15598));
#15600=IFCPOLYLOOP((#13368,#13577,#13473));
#15601=IFCFACEOUTERBOUND(#15600,.T.);
#15602=IFCFACE((#15601));
#15603=IFCPOLYLOOP((#13368,#13473,#13628));
#15604=IFCFACEOUTERBOUND(#15603,.T.);
#15605=IFCFACE((#15604));
#15606=IFCPOLYLOOP((#13368,#13628,#13534));
#15607=IFCFACEOUTERBOUND(#15606,.T.);
#15608=IFCFACE((#15607));
#15609=IFCPOLYLOOP((#13368,#13534,#13625));
#15610=IFCFACEOUTERBOUND(#15609,.T.);
#15611=IFCFACE((#15610));
#15612=IFCPOLYLOOP((#13368,#13625,#13476));
#15613=IFCFACEOUTERBOUND(#15612,.T.);
#15614=IFCFACE((#15613));
#15615=IFCPOLYLOOP((#13368,#13476,#13601));
#15616=IFCFACEOUTERBOUND(#15615,.T.);
#15617=IFCFACE((#15616));
#15618=IFCPOLYLOOP((#13368,#13601,#13524));
#15619=IFCFACEOUTERBOUND(#15618,.T.);
#15620=IFCFACE((#15619));
#15621=IFCPOLYLOOP((#13368,#13524,#13599));
#15622=IFCFACEOUTERBOUND(#15621,.T.);
#15623=IFCFACE((#15622));
#15624=IFCPOLYLOOP((#13368,#13599,#13472));
#15625=IFCFACEOUTERBOUND(#15624,.T.);
#15626=IFCFACE((#15625));
#15627=IFCPOLYLOOP((#13368,#13472,#13620));
#15628=IFCFACEOUTERBOUND(#15627,.T.);
#15629=IFCFACE((#15628));
#15630=IFCPOLYLOOP((#13368,#13620,#13533));
#15631=IFCFACEOUTERBOUND(#15630,.T.);
#15632=IFCFACE((#15631));
#15633=IFCPOLYLOOP((#13368,#13533,#13623));
#15634=IFCFACEOUTERBOUND(#15633,.T.);
#15635=IFCFACE((#15634));
#15636=IFCPOLYLOOP((#13368,#13623,#13499));
#15637=IFCFACEOUTERBOUND(#15636,.T.);
#15638=IFCFACE((#15637));
#15639=IFCPOLYLOOP((#13368,#13499,#13579));
#15640=IFCFACEOUTERBOUND(#15639,.T.);
#15641=IFCFACE((#15640));
#15642=IFCPOLYLOOP((#13368,#13579,#13551));
#15643=IFCFACEOUTERBOUND(#15642,.T.);
#15644=IFCFACE((#15643));
#15645=IFCPOLYLOOP((#13368,#13551,#13634));
#15646=IFCFACEOUTERBOUND(#15645,.T.);
#15647=IFCFACE((#15646));
#15648=IFCPOLYLOOP((#13368,#13634,#13481));
#15649=IFCFACEOUTERBOUND(#15648,.T.);
#15650=IFCFACE((#15649));
#15651=IFCPOLYLOOP((#13368,#13481,#13584));
#15652=IFCFACEOUTERBOUND(#15651,.T.);
#15653=IFCFACE((#15652));
#15654=IFCPOLYLOOP((#13368,#13584,#13519));
#15655=IFCFACEOUTERBOUND(#15654,.T.);
#15656=IFCFACE((#15655));
#15657=IFCPOLYLOOP((#13368,#13519,#13586));
#15658=IFCFACEOUTERBOUND(#15657,.T.);
#15659=IFCFACE((#15658));
#15660=IFCPOLYLOOP((#13368,#13586,#13484));
#15661=IFCFACEOUTERBOUND(#15660,.T.);
#15662=IFCFACE((#15661));
#15663=IFCPOLYLOOP((#13368,#13484,#13590));
#15664=IFCFACEOUTERBOUND(#15663,.T.);
#15665=IFCFACE((#15664));
#15666=IFCPOLYLOOP((#13368,#13590,#13520));
#15667=IFCFACEOUTERBOUND(#15666,.T.);
#15668=IFCFACE((#15667));
#15669=IFCPOLYLOOP((#13368,#13520,#13588));
#15670=IFCFACEOUTERBOUND(#15669,.T.);
#15671=IFCFACE((#15670));
#15672=IFCPOLYLOOP((#13368,#13588,#13470));
#15673=IFCFACEOUTERBOUND(#15672,.T.);
#15674=IFCFACE((#15673));
#15675=IFCPOLYLOOP((#13368,#13470,#13635));
#15676=IFCFACEOUTERBOUND(#15675,.T.);
#15677=IFCFACE((#15676));
#15678=IFCPOLYLOOP((#13368,#13635,#13504));
#15679=IFCFACEOUTERBOUND(#15678,.T.);
#15680=IFCFACE((#15679));
#15681=IFCPOLYLOOP((#13368,#13504,#13639));
#15682=IFCFACEOUTERBOUND(#15681,.T.);
#15683=IFCFACE((#15682));
#15684=IFCPOLYLOOP((#13368,#13639,#13503));
#15685=IFCFACEOUTERBOUND(#15684,.T.);
#15686=IFCFACE((#15685));
#15687=IFCPOLYLOOP((#13368,#13503,#13596));
#15688=IFCFACEOUTERBOUND(#15687,.T.);
#15689=IFCFACE((#15688));
#15690=IFCPOLYLOOP((#13368,#13596,#13523));
#15691=IFCFACEOUTERBOUND(#15690,.T.);
#15692=IFCFACE((#15691));
#15693=IFCPOLYLOOP((#13368,#13523,#13595));
#15694=IFCFACEOUTERBOUND(#15693,.T.);
#15695=IFCFACE((#15694));
#15696=IFCPOLYLOOP((#13368,#13595,#13485));
#15697=IFCFACEOUTERBOUND(#15696,.T.);
#15698=IFCFACE((#15697));
#15699=IFCPOLYLOOP((#13368,#13485,#13609));
#15700=IFCFACEOUTERBOUND(#15699,.T.);
#15701=IFCFACE((#15700));
#15702=IFCPOLYLOOP((#13368,#13609,#13528));
#15703=IFCFACEOUTERBOUND(#15702,.T.);
#15704=IFCFACE((#15703));
#15705=IFCPOLYLOOP((#13368,#13528,#13612));
#15706=IFCFACEOUTERBOUND(#15705,.T.);
#15707=IFCFACE((#15706));
#15708=IFCPOLYLOOP((#13368,#13612,#13488));
#15709=IFCFACEOUTERBOUND(#15708,.T.);
#15710=IFCFACE((#15709));
#15711=IFCPOLYLOOP((#13368,#13488,#13606));
#15712=IFCFACEOUTERBOUND(#15711,.T.);
#15713=IFCFACE((#15712));
#15714=IFCPOLYLOOP((#13368,#13606,#13527));
#15715=IFCFACEOUTERBOUND(#15714,.T.);
#15716=IFCFACE((#15715));
#15717=IFCPOLYLOOP((#13368,#13527,#13605));
#15718=IFCFACEOUTERBOUND(#15717,.T.);
#15719=IFCFACE((#15718));
#15720=IFCPOLYLOOP((#13368,#13605,#13471));
#15721=IFCFACEOUTERBOUND(#15720,.T.);
#15722=IFCFACE((#15721));
#15723=IFCPOLYLOOP((#13368,#13471,#13614));
#15724=IFCFACEOUTERBOUND(#15723,.T.);
#15725=IFCFACE((#15724));
#15726=IFCPOLYLOOP((#13368,#13614,#13530));
#15727=IFCFACEOUTERBOUND(#15726,.T.);
#15728=IFCFACE((#15727));
#15729=IFCPOLYLOOP((#13368,#13530,#13617));
#15730=IFCFACEOUTERBOUND(#15729,.T.);
#15731=IFCFACE((#15730));
#15732=IFCPOLYLOOP((#13368,#13617,#13496));
#15733=IFCFACEOUTERBOUND(#15732,.T.);
#15734=IFCFACE((#15733));
#15735=IFCPOLYLOOP((#13368,#13496,#13575));
#15736=IFCFACEOUTERBOUND(#15735,.T.);
#15737=IFCFACE((#15736));
#15738=IFCPOLYLOOP((#13368,#13575,#13539));
#15739=IFCFACEOUTERBOUND(#15738,.T.);
#15740=IFCFACE((#15739));
#15741=IFCPOLYLOOP((#13368,#13539,#13540));
#15742=IFCFACEOUTERBOUND(#15741,.T.);
#15743=IFCFACE((#15742));
#15744=IFCPOLYLOOP((#13368,#13540,#13477));
#15745=IFCFACEOUTERBOUND(#15744,.T.);
#15746=IFCFACE((#15745));
#15747=IFCPOLYLOOP((#13368,#13477,#13573));
#15748=IFCFACEOUTERBOUND(#15747,.T.);
#15749=IFCFACE((#15748));
#15750=IFCPOLYLOOP((#13368,#13573,#13515));
#15751=IFCFACEOUTERBOUND(#15750,.T.);
#15752=IFCFACE((#15751));
#15753=IFCPOLYLOOP((#13368,#13515,#13537));
#15754=IFCFACEOUTERBOUND(#15753,.T.);
#15755=IFCFACE((#15754));
#15756=IFCPOLYLOOP((#13368,#13537,#13480));
#15757=IFCFACEOUTERBOUND(#15756,.T.);
#15758=IFCFACE((#15757));
#15759=IFCPOLYLOOP((#13368,#13480,#13509));
#15760=IFCFACEOUTERBOUND(#15759,.T.);
#15761=IFCFACE((#15760));
#15762=IFCPOLYLOOP((#13368,#13509,#13493));
#15763=IFCFACEOUTERBOUND(#15762,.T.);
#15764=IFCFACE((#15763));
#15765=IFCPOLYLOOP((#13368,#13493,#13507));
#15766=IFCFACEOUTERBOUND(#15765,.T.);
#15767=IFCFACE((#15766));
#15768=IFCPOLYLOOP((#13368,#13507,#13377));
#15769=IFCFACEOUTERBOUND(#15768,.T.);
#15770=IFCFACE((#15769));
#15771=IFCPOLYLOOP((#13377,#13373,#13370));
#15772=IFCFACEOUTERBOUND(#15771,.T.);
#15773=IFCFACE((#15772));
#15774=IFCPOLYLOOP((#13377,#13370,#13374));
#15775=IFCFACEOUTERBOUND(#15774,.T.);
#15776=IFCFACE((#15775));
#15777=IFCPOLYLOOP((#13377,#13374,#13368));
#15778=IFCFACEOUTERBOUND(#15777,.T.);
#15779=IFCFACE((#15778));
#15780=IFCPOLYLOOP((#13464,#13646,#13643));
#15781=IFCFACEOUTERBOUND(#15780,.T.);
#15782=IFCFACE((#15781));
#15783=IFCPOLYLOOP((#13464,#13643,#13647));
#15784=IFCFACEOUTERBOUND(#15783,.T.);
#15785=IFCFACE((#15784));
#15786=IFCPOLYLOOP((#13464,#13647,#13130));
#15787=IFCFACEOUTERBOUND(#15786,.T.);
#15788=IFCFACE((#15787));
#15789=IFCPOLYLOOP((#13464,#13429,#13426));
#15790=IFCFACEOUTERBOUND(#15789,.T.);
#15791=IFCFACE((#15790));
#15792=IFCPOLYLOOP((#13464,#13426,#13438));
#15793=IFCFACEOUTERBOUND(#15792,.T.);
#15794=IFCFACE((#15793));
#15795=IFCPOLYLOOP((#13464,#13438,#13418));
#15796=IFCFACEOUTERBOUND(#15795,.T.);
#15797=IFCFACE((#15796));
#15798=IFCPOLYLOOP((#13464,#13418,#13432));
#15799=IFCFACEOUTERBOUND(#15798,.T.);
#15800=IFCFACE((#15799));
#15801=IFCPOLYLOOP((#13464,#13432,#13431));
#15802=IFCFACEOUTERBOUND(#15801,.T.);
#15803=IFCFACE((#15802));
#15804=IFCPOLYLOOP((#13464,#13431,#13456));
#15805=IFCFACEOUTERBOUND(#15804,.T.);
#15806=IFCFACE((#15805));
#15807=IFCPOLYLOOP((#13464,#13456,#13417));
#15808=IFCFACEOUTERBOUND(#15807,.T.);
#15809=IFCFACE((#15808));
#15810=IFCPOLYLOOP((#13464,#13417,#13444));
#15811=IFCFACEOUTERBOUND(#15810,.T.);
#15812=IFCFACE((#15811));
#15813=IFCPOLYLOOP((#13464,#13444,#13433));
#15814=IFCFACEOUTERBOUND(#15813,.T.);
#15815=IFCFACE((#15814));
#15816=IFCPOLYLOOP((#13464,#13433,#13439));
#15817=IFCFACEOUTERBOUND(#15816,.T.);
#15818=IFCFACE((#15817));
#15819=IFCPOLYLOOP((#13464,#13439,#13419));
#15820=IFCFACEOUTERBOUND(#15819,.T.);
#15821=IFCFACE((#15820));
#15822=IFCPOLYLOOP((#13464,#13419,#13446));
#15823=IFCFACEOUTERBOUND(#15822,.T.);
#15824=IFCFACE((#15823));
#15825=IFCPOLYLOOP((#13464,#13446,#13423));
#15826=IFCFACEOUTERBOUND(#15825,.T.);
#15827=IFCFACE((#15826));
#15828=IFCPOLYLOOP((#13464,#13423,#13436));
#15829=IFCFACEOUTERBOUND(#15828,.T.);
#15830=IFCFACE((#15829));
#15831=IFCPOLYLOOP((#13464,#13436,#13416));
#15832=IFCFACEOUTERBOUND(#15831,.T.);
#15833=IFCFACE((#15832));
#15834=IFCPOLYLOOP((#13133,#13232,#13215));
#15835=IFCFACEOUTERBOUND(#15834,.T.);
#15836=IFCFACE((#15835));
#15837=IFCPOLYLOOP((#13133,#13215,#13274));
#15838=IFCFACEOUTERBOUND(#15837,.T.);
#15839=IFCFACE((#15838));
#15840=IFCPOLYLOOP((#13133,#13274,#13209));
#15841=IFCFACEOUTERBOUND(#15840,.T.);
#15842=IFCFACE((#15841));
#15843=IFCPOLYLOOP((#13133,#13209,#13267));
#15844=IFCFACEOUTERBOUND(#15843,.T.);
#15845=IFCFACE((#15844));
#15846=IFCPOLYLOOP((#13133,#13267,#13266));
#15847=IFCFACEOUTERBOUND(#15846,.T.);
#15848=IFCFACE((#15847));
#15849=IFCPOLYLOOP((#13133,#13266,#13297));
#15850=IFCFACEOUTERBOUND(#15849,.T.);
#15851=IFCFACE((#15850));
#15852=IFCPOLYLOOP((#13133,#13297,#13193));
#15853=IFCFACEOUTERBOUND(#15852,.T.);
#15854=IFCFACE((#15853));
#15855=IFCPOLYLOOP((#13133,#13193,#13348));
#15856=IFCFACEOUTERBOUND(#15855,.T.);
#15857=IFCFACE((#15856));
#15858=IFCPOLYLOOP((#13133,#13348,#13254));
#15859=IFCFACEOUTERBOUND(#15858,.T.);
#15860=IFCFACE((#15859));
#15861=IFCPOLYLOOP((#13133,#13254,#13345));
#15862=IFCFACEOUTERBOUND(#15861,.T.);
#15863=IFCFACE((#15862));
#15864=IFCPOLYLOOP((#13133,#13345,#13196));
#15865=IFCFACEOUTERBOUND(#15864,.T.);
#15866=IFCFACE((#15865));
#15867=IFCPOLYLOOP((#13133,#13196,#13321));
#15868=IFCFACEOUTERBOUND(#15867,.T.);
#15869=IFCFACE((#15868));
#15870=IFCPOLYLOOP((#13133,#13321,#13244));
#15871=IFCFACEOUTERBOUND(#15870,.T.);
#15872=IFCFACE((#15871));
#15873=IFCPOLYLOOP((#13133,#13244,#13319));
#15874=IFCFACEOUTERBOUND(#15873,.T.);
#15875=IFCFACE((#15874));
#15876=IFCPOLYLOOP((#13133,#13319,#13192));
#15877=IFCFACEOUTERBOUND(#15876,.T.);
#15878=IFCFACE((#15877));
#15879=IFCPOLYLOOP((#13133,#13192,#13340));
#15880=IFCFACEOUTERBOUND(#15879,.T.);
#15881=IFCFACE((#15880));
#15882=IFCPOLYLOOP((#13133,#13340,#13253));
#15883=IFCFACEOUTERBOUND(#15882,.T.);
#15884=IFCFACE((#15883));
#15885=IFCPOLYLOOP((#13133,#13253,#13343));
#15886=IFCFACEOUTERBOUND(#15885,.T.);
#15887=IFCFACE((#15886));
#15888=IFCPOLYLOOP((#13133,#13343,#13219));
#15889=IFCFACEOUTERBOUND(#15888,.T.);
#15890=IFCFACE((#15889));
#15891=IFCPOLYLOOP((#13133,#13219,#13299));
#15892=IFCFACEOUTERBOUND(#15891,.T.);
#15893=IFCFACE((#15892));
#15894=IFCPOLYLOOP((#13133,#13299,#13271));
#15895=IFCFACEOUTERBOUND(#15894,.T.);
#15896=IFCFACE((#15895));
#15897=IFCPOLYLOOP((#13133,#13271,#13354));
#15898=IFCFACEOUTERBOUND(#15897,.T.);
#15899=IFCFACE((#15898));
#15900=IFCPOLYLOOP((#13133,#13354,#13201));
#15901=IFCFACEOUTERBOUND(#15900,.T.);
#15902=IFCFACE((#15901));
#15903=IFCPOLYLOOP((#13133,#13201,#13304));
#15904=IFCFACEOUTERBOUND(#15903,.T.);
#15905=IFCFACE((#15904));
#15906=IFCPOLYLOOP((#13133,#13304,#13239));
#15907=IFCFACEOUTERBOUND(#15906,.T.);
#15908=IFCFACE((#15907));
#15909=IFCPOLYLOOP((#13133,#13239,#13306));
#15910=IFCFACEOUTERBOUND(#15909,.T.);
#15911=IFCFACE((#15910));
#15912=IFCPOLYLOOP((#13133,#13306,#13204));
#15913=IFCFACEOUTERBOUND(#15912,.T.);
#15914=IFCFACE((#15913));
#15915=IFCPOLYLOOP((#13133,#13204,#13310));
#15916=IFCFACEOUTERBOUND(#15915,.T.);
#15917=IFCFACE((#15916));
#15918=IFCPOLYLOOP((#13133,#13310,#13240));
#15919=IFCFACEOUTERBOUND(#15918,.T.);
#15920=IFCFACE((#15919));
#15921=IFCPOLYLOOP((#13133,#13240,#13308));
#15922=IFCFACEOUTERBOUND(#15921,.T.);
#15923=IFCFACE((#15922));
#15924=IFCPOLYLOOP((#13133,#13308,#13190));
#15925=IFCFACEOUTERBOUND(#15924,.T.);
#15926=IFCFACE((#15925));
#15927=IFCPOLYLOOP((#13133,#13190,#13355));
#15928=IFCFACEOUTERBOUND(#15927,.T.);
#15929=IFCFACE((#15928));
#15930=IFCPOLYLOOP((#13133,#13355,#13224));
#15931=IFCFACEOUTERBOUND(#15930,.T.);
#15932=IFCFACE((#15931));
#15933=IFCPOLYLOOP((#13133,#13224,#13359));
#15934=IFCFACEOUTERBOUND(#15933,.T.);
#15935=IFCFACE((#15934));
#15936=IFCPOLYLOOP((#13133,#13359,#13223));
#15937=IFCFACEOUTERBOUND(#15936,.T.);
#15938=IFCFACE((#15937));
#15939=IFCPOLYLOOP((#13133,#13223,#13316));
#15940=IFCFACEOUTERBOUND(#15939,.T.);
#15941=IFCFACE((#15940));
#15942=IFCPOLYLOOP((#13133,#13316,#13243));
#15943=IFCFACEOUTERBOUND(#15942,.T.);
#15944=IFCFACE((#15943));
#15945=IFCPOLYLOOP((#13133,#13243,#13315));
#15946=IFCFACEOUTERBOUND(#15945,.T.);
#15947=IFCFACE((#15946));
#15948=IFCPOLYLOOP((#13133,#13315,#13205));
#15949=IFCFACEOUTERBOUND(#15948,.T.);
#15950=IFCFACE((#15949));
#15951=IFCPOLYLOOP((#13133,#13205,#13329));
#15952=IFCFACEOUTERBOUND(#15951,.T.);
#15953=IFCFACE((#15952));
#15954=IFCPOLYLOOP((#13133,#13329,#13248));
#15955=IFCFACEOUTERBOUND(#15954,.T.);
#15956=IFCFACE((#15955));
#15957=IFCPOLYLOOP((#13133,#13248,#13332));
#15958=IFCFACEOUTERBOUND(#15957,.T.);
#15959=IFCFACE((#15958));
#15960=IFCPOLYLOOP((#13133,#13332,#13208));
#15961=IFCFACEOUTERBOUND(#15960,.T.);
#15962=IFCFACE((#15961));
#15963=IFCPOLYLOOP((#13133,#13208,#13326));
#15964=IFCFACEOUTERBOUND(#15963,.T.);
#15965=IFCFACE((#15964));
#15966=IFCPOLYLOOP((#13133,#13326,#13247));
#15967=IFCFACEOUTERBOUND(#15966,.T.);
#15968=IFCFACE((#15967));
#15969=IFCPOLYLOOP((#13133,#13247,#13325));
#15970=IFCFACEOUTERBOUND(#15969,.T.);
#15971=IFCFACE((#15970));
#15972=IFCPOLYLOOP((#13133,#13325,#13191));
#15973=IFCFACEOUTERBOUND(#15972,.T.);
#15974=IFCFACE((#15973));
#15975=IFCPOLYLOOP((#13133,#13191,#13334));
#15976=IFCFACEOUTERBOUND(#15975,.T.);
#15977=IFCFACE((#15976));
#15978=IFCPOLYLOOP((#13133,#13334,#13250));
#15979=IFCFACEOUTERBOUND(#15978,.T.);
#15980=IFCFACE((#15979));
#15981=IFCPOLYLOOP((#13133,#13250,#13337));
#15982=IFCFACEOUTERBOUND(#15981,.T.);
#15983=IFCFACE((#15982));
#15984=IFCPOLYLOOP((#13133,#13337,#13216));
#15985=IFCFACEOUTERBOUND(#15984,.T.);
#15986=IFCFACE((#15985));
#15987=IFCPOLYLOOP((#13133,#13216,#13295));
#15988=IFCFACEOUTERBOUND(#15987,.T.);
#15989=IFCFACE((#15988));
#15990=IFCPOLYLOOP((#13133,#13295,#13259));
#15991=IFCFACEOUTERBOUND(#15990,.T.);
#15992=IFCFACE((#15991));
#15993=IFCPOLYLOOP((#13133,#13259,#13260));
#15994=IFCFACEOUTERBOUND(#15993,.T.);
#15995=IFCFACE((#15994));
#15996=IFCPOLYLOOP((#13133,#13260,#13197));
#15997=IFCFACEOUTERBOUND(#15996,.T.);
#15998=IFCFACE((#15997));
#15999=IFCPOLYLOOP((#13133,#13197,#13293));
#16000=IFCFACEOUTERBOUND(#15999,.T.);
#16001=IFCFACE((#16000));
#16002=IFCPOLYLOOP((#13133,#13293,#13235));
#16003=IFCFACEOUTERBOUND(#16002,.T.);
#16004=IFCFACE((#16003));
#16005=IFCPOLYLOOP((#13133,#13235,#13257));
#16006=IFCFACEOUTERBOUND(#16005,.T.);
#16007=IFCFACE((#16006));
#16008=IFCPOLYLOOP((#13133,#13257,#13200));
#16009=IFCFACEOUTERBOUND(#16008,.T.);
#16010=IFCFACE((#16009));
#16011=IFCPOLYLOOP((#13133,#13200,#13229));
#16012=IFCFACEOUTERBOUND(#16011,.T.);
#16013=IFCFACE((#16012));
#16014=IFCPOLYLOOP((#13133,#13229,#13213));
#16015=IFCFACEOUTERBOUND(#16014,.T.);
#16016=IFCFACE((#16015));
#16017=IFCPOLYLOOP((#13133,#13213,#13227));
#16018=IFCFACEOUTERBOUND(#16017,.T.);
#16019=IFCFACE((#16018));
#16020=IFCPOLYLOOP((#13133,#13227,#13183));
#16021=IFCFACEOUTERBOUND(#16020,.T.);
#16022=IFCFACE((#16021));
#16023=IFCPOLYLOOP((#13133,#13391,#13386));
#16024=IFCFACEOUTERBOUND(#16023,.T.);
#16025=IFCFACE((#16024));
#16026=IFCPOLYLOOP((#13133,#13386,#13404));
#16027=IFCFACEOUTERBOUND(#16026,.T.);
#16028=IFCFACE((#16027));
#16029=IFCPOLYLOOP((#13133,#13404,#13380));
#16030=IFCFACEOUTERBOUND(#16029,.T.);
#16031=IFCFACE((#16030));
#16032=IFCPOLYLOOP((#13133,#13380,#13399));
#16033=IFCFACEOUTERBOUND(#16032,.T.);
#16034=IFCFACE((#16033));
#16035=IFCPOLYLOOP((#13133,#13399,#13385));
#16036=IFCFACEOUTERBOUND(#16035,.T.);
#16037=IFCFACE((#16036));
#16038=IFCPOLYLOOP((#13133,#13385,#13408));
#16039=IFCFACEOUTERBOUND(#16038,.T.);
#16040=IFCFACE((#16039));
#16041=IFCPOLYLOOP((#13133,#13408,#13384));
#16042=IFCFACEOUTERBOUND(#16041,.T.);
#16043=IFCFACE((#16042));
#16044=IFCPOLYLOOP((#13133,#13384,#13389));
#16045=IFCFACEOUTERBOUND(#16044,.T.);
#16046=IFCFACE((#16045));
#16047=IFCPOLYLOOP((#13133,#13389,#13388));
#16048=IFCFACEOUTERBOUND(#16047,.T.);
#16049=IFCFACE((#16048));
#16050=IFCPOLYLOOP((#13133,#13388,#13395));
#16051=IFCFACEOUTERBOUND(#16050,.T.);
#16052=IFCFACE((#16051));
#16053=IFCPOLYLOOP((#13133,#13395,#13184));
#16054=IFCFACEOUTERBOUND(#16053,.T.);
#16055=IFCFACE((#16054));
#16056=IFCPOLYLOOP((#13130,#13661,#13656));
#16057=IFCFACEOUTERBOUND(#16056,.T.);
#16058=IFCFACE((#16057));
#16059=IFCPOLYLOOP((#13130,#13656,#13674));
#16060=IFCFACEOUTERBOUND(#16059,.T.);
#16061=IFCFACE((#16060));
#16062=IFCPOLYLOOP((#13130,#13674,#13650));
#16063=IFCFACEOUTERBOUND(#16062,.T.);
#16064=IFCFACE((#16063));
#16065=IFCPOLYLOOP((#13130,#13650,#13669));
#16066=IFCFACEOUTERBOUND(#16065,.T.);
#16067=IFCFACE((#16066));
#16068=IFCPOLYLOOP((#13130,#13669,#13655));
#16069=IFCFACEOUTERBOUND(#16068,.T.);
#16070=IFCFACE((#16069));
#16071=IFCPOLYLOOP((#13130,#13655,#13678));
#16072=IFCFACEOUTERBOUND(#16071,.T.);
#16073=IFCFACE((#16072));
#16074=IFCPOLYLOOP((#13130,#13678,#13654));
#16075=IFCFACEOUTERBOUND(#16074,.T.);
#16076=IFCFACE((#16075));
#16077=IFCPOLYLOOP((#13130,#13654,#13659));
#16078=IFCFACEOUTERBOUND(#16077,.T.);
#16079=IFCFACE((#16078));
#16080=IFCPOLYLOOP((#13130,#13659,#13658));
#16081=IFCFACEOUTERBOUND(#16080,.T.);
#16082=IFCFACE((#16081));
#16083=IFCPOLYLOOP((#13130,#13658,#13665));
#16084=IFCFACEOUTERBOUND(#16083,.T.);
#16085=IFCFACE((#16084));
#16086=IFCPOLYLOOP((#13130,#13665,#13464));
#16087=IFCFACEOUTERBOUND(#16086,.T.);
#16088=IFCFACE((#16087));
#16089=IFCPOLYLOOP((#13183,#13146,#13143));
#16090=IFCFACEOUTERBOUND(#16089,.T.);
#16091=IFCFACE((#16090));
#16092=IFCPOLYLOOP((#13183,#13143,#13155));
#16093=IFCFACEOUTERBOUND(#16092,.T.);
#16094=IFCFACE((#16093));
#16095=IFCPOLYLOOP((#13183,#13155,#13135));
#16096=IFCFACEOUTERBOUND(#16095,.T.);
#16097=IFCFACE((#16096));
#16098=IFCPOLYLOOP((#13183,#13135,#13149));
#16099=IFCFACEOUTERBOUND(#16098,.T.);
#16100=IFCFACE((#16099));
#16101=IFCPOLYLOOP((#13183,#13149,#13148));
#16102=IFCFACEOUTERBOUND(#16101,.T.);
#16103=IFCFACE((#16102));
#16104=IFCPOLYLOOP((#13183,#13148,#13173));
#16105=IFCFACEOUTERBOUND(#16104,.T.);
#16106=IFCFACE((#16105));
#16107=IFCPOLYLOOP((#13183,#13173,#13134));
#16108=IFCFACEOUTERBOUND(#16107,.T.);
#16109=IFCFACE((#16108));
#16110=IFCPOLYLOOP((#13183,#13134,#13161));
#16111=IFCFACEOUTERBOUND(#16110,.T.);
#16112=IFCFACE((#16111));
#16113=IFCPOLYLOOP((#13183,#13161,#13150));
#16114=IFCFACEOUTERBOUND(#16113,.T.);
#16115=IFCFACE((#16114));
#16116=IFCPOLYLOOP((#13183,#13150,#13156));
#16117=IFCFACEOUTERBOUND(#16116,.T.);
#16118=IFCFACE((#16117));
#16119=IFCPOLYLOOP((#13183,#13156,#13136));
#16120=IFCFACEOUTERBOUND(#16119,.T.);
#16121=IFCFACE((#16120));
#16122=IFCPOLYLOOP((#13183,#13136,#13163));
#16123=IFCFACEOUTERBOUND(#16122,.T.);
#16124=IFCFACE((#16123));
#16125=IFCPOLYLOOP((#13183,#13163,#13140));
#16126=IFCFACEOUTERBOUND(#16125,.T.);
#16127=IFCFACE((#16126));
#16128=IFCPOLYLOOP((#13183,#13140,#13153));
#16129=IFCFACEOUTERBOUND(#16128,.T.);
#16130=IFCFACE((#16129));
#16131=IFCPOLYLOOP((#13183,#13153,#13133));
#16132=IFCFACEOUTERBOUND(#16131,.T.);
#16133=IFCFACE((#16132));
#16134=IFCPOLYLOOP((#13657,#13662,#13666));
#16135=IFCFACEOUTERBOUND(#16134,.T.);
#16136=IFCFACE((#16135));
#16137=IFCPOLYLOOP((#13678,#13677,#13673));
#16138=IFCFACEOUTERBOUND(#16137,.T.);
#16139=IFCFACE((#16138));
#16140=IFCPOLYLOOP((#13667,#13679,#13660));
#16141=IFCFACEOUTERBOUND(#16140,.T.);
#16142=IFCFACE((#16141));
#16143=IFCPOLYLOOP((#13673,#13652,#13671));
#16144=IFCFACEOUTERBOUND(#16143,.T.);
#16145=IFCFACE((#16144));
#16146=IFCPOLYLOOP((#13653,#13667,#13660));
#16147=IFCFACEOUTERBOUND(#16146,.T.);
#16148=IFCFACE((#16147));
#16149=IFCPOLYLOOP((#13670,#13674,#13667));
#16150=IFCFACEOUTERBOUND(#16149,.T.);
#16151=IFCFACE((#16150));
#16152=IFCPOLYLOOP((#13182,#13664,#13679));
#16153=IFCFACEOUTERBOUND(#16152,.T.);
#16154=IFCFACE((#16153));
#16155=IFCPOLYLOOP((#13663,#13671,#13652));
#16156=IFCFACEOUTERBOUND(#16155,.T.);
#16157=IFCFACE((#16156));
#16158=IFCPOLYLOOP((#13654,#13671,#13659));
#16159=IFCFACEOUTERBOUND(#16158,.T.);
#16160=IFCFACE((#16159));
#16161=IFCPOLYLOOP((#13651,#13677,#13672));
#16162=IFCFACEOUTERBOUND(#16161,.T.);
#16163=IFCFACE((#16162));
#16164=IFCPOLYLOOP((#13670,#13667,#13653));
#16165=IFCFACEOUTERBOUND(#16164,.T.);
#16166=IFCFACE((#16165));
#16167=IFCPOLYLOOP((#13657,#13666,#13675));
#16168=IFCFACEOUTERBOUND(#16167,.T.);
#16169=IFCFACE((#16168));
#16170=IFCPOLYLOOP((#13658,#13659,#13675));
#16171=IFCFACEOUTERBOUND(#16170,.T.);
#16172=IFCFACE((#16171));
#16173=IFCPOLYLOOP((#13659,#13671,#13675));
#16174=IFCFACEOUTERBOUND(#16173,.T.);
#16175=IFCFACE((#16174));
#16176=IFCPOLYLOOP((#13183,#13182,#13679));
#16177=IFCFACEOUTERBOUND(#16176,.T.);
#16178=IFCFACE((#16177));
#16179=IFCPOLYLOOP((#13465,#13464,#13665));
#16180=IFCFACEOUTERBOUND(#16179,.T.);
#16181=IFCFACE((#16180));
#16182=IFCPOLYLOOP((#13658,#13666,#13665));
#16183=IFCFACEOUTERBOUND(#16182,.T.);
#16184=IFCFACE((#16183));
#16185=IFCPOLYLOOP((#13662,#13466,#13465));
#16186=IFCFACEOUTERBOUND(#16185,.T.);
#16187=IFCFACE((#16186));
#16188=IFCPOLYLOOP((#13182,#13181,#13664));
#16189=IFCFACEOUTERBOUND(#16188,.T.);
#16190=IFCFACE((#16189));
#16191=IFCPOLYLOOP((#13667,#13656,#13679));
#16192=IFCFACEOUTERBOUND(#16191,.T.);
#16193=IFCFACE((#16192));
#16194=IFCPOLYLOOP((#13665,#13666,#13465));
#16195=IFCFACEOUTERBOUND(#16194,.T.);
#16196=IFCFACE((#16195));
#16197=IFCPOLYLOOP((#13465,#13666,#13662));
#16198=IFCFACEOUTERBOUND(#16197,.T.);
#16199=IFCFACE((#16198));
#16200=IFCPOLYLOOP((#13656,#13667,#13674));
#16201=IFCFACEOUTERBOUND(#16200,.T.);
#16202=IFCFACE((#16201));
#16203=IFCPOLYLOOP((#13679,#13656,#13661,#13183));
#16204=IFCFACEOUTERBOUND(#16203,.T.);
#16205=IFCFACE((#16204));
#16206=IFCPOLYLOOP((#13653,#13668,#13670));
#16207=IFCFACEOUTERBOUND(#16206,.T.);
#16208=IFCFACE((#16207));
#16209=IFCPOLYLOOP((#13669,#13672,#13677));
#16210=IFCFACEOUTERBOUND(#16209,.T.);
#16211=IFCFACE((#16210));
#16212=IFCPOLYLOOP((#13650,#13672,#13669));
#16213=IFCFACEOUTERBOUND(#16212,.T.);
#16214=IFCFACE((#16213));
#16215=IFCPOLYLOOP((#13672,#13670,#13668));
#16216=IFCFACEOUTERBOUND(#16215,.T.);
#16217=IFCFACE((#16216));
#16218=IFCPOLYLOOP((#13671,#13654,#13673));
#16219=IFCFACEOUTERBOUND(#16218,.T.);
#16220=IFCFACE((#16219));
#16221=IFCPOLYLOOP((#13663,#13657,#13675));
#16222=IFCFACEOUTERBOUND(#16221,.T.);
#16223=IFCFACE((#16222));
#16224=IFCPOLYLOOP((#13670,#13672,#13650));
#16225=IFCFACEOUTERBOUND(#16224,.T.);
#16226=IFCFACE((#16225));
#16227=IFCPOLYLOOP((#13651,#13672,#13668));
#16228=IFCFACEOUTERBOUND(#16227,.T.);
#16229=IFCFACE((#16228));
#16230=IFCPOLYLOOP((#13677,#13678,#13655,#13669));
#16231=IFCFACEOUTERBOUND(#16230,.T.);
#16232=IFCFACE((#16231));
#16233=IFCPOLYLOOP((#13673,#13677,#13676));
#16234=IFCFACEOUTERBOUND(#16233,.T.);
#16235=IFCFACE((#16234));
#16236=IFCPOLYLOOP((#13670,#13650,#13674));
#16237=IFCFACEOUTERBOUND(#16236,.T.);
#16238=IFCFACE((#16237));
#16239=IFCPOLYLOOP((#13675,#13666,#13658));
#16240=IFCFACEOUTERBOUND(#16239,.T.);
#16241=IFCFACE((#16240));
#16242=IFCPOLYLOOP((#13663,#13675,#13671));
#16243=IFCFACEOUTERBOUND(#16242,.T.);
#16244=IFCFACE((#16243));
#16245=IFCPOLYLOOP((#13676,#13677,#13651));
#16246=IFCFACEOUTERBOUND(#16245,.T.);
#16247=IFCFACE((#16246));
#16248=IFCPOLYLOOP((#13676,#13652,#13673));
#16249=IFCFACEOUTERBOUND(#16248,.T.);
#16250=IFCFACE((#16249));
#16251=IFCPOLYLOOP((#13673,#13654,#13678));
#16252=IFCFACEOUTERBOUND(#16251,.T.);
#16253=IFCFACE((#16252));
#16254=IFCPOLYLOOP((#13679,#13664,#13660));
#16255=IFCFACEOUTERBOUND(#16254,.T.);
#16256=IFCFACE((#16255));
#16257=IFCPOLYLOOP((#13641,#13466,#13662,#13657,#13663,#13652,#13676,#13651,#13668,#13653,#13660,#13664,#13181,#13361));
#16258=IFCFACEOUTERBOUND(#16257,.T.);
#16259=IFCFACE((#16258));
#16260=IFCCLOSEDSHELL((#8496,#8499,#8502,#8505,#8508,#8511,#8514,#8517,#8520,#8523,#8526,#8529,#8532,#8535,#8538,#8541,#8544,#8547,#8550,#8553,#8556,#8559,#8562,#8565,#8568,#8571,#8574,#8577,#8580,#8583,#8586,#8589,#8592,#8595,#8598,#8601,#8604,#8607,#8610,#8613,#8616,#8619,#8622,#8625,#8628,#8631,#8634,#8637,#8640,#8643,#8646,#8649,#8652,#8655,#8658,#8661,#8664,#8667,#8670,#8673,#8676,#8679,#8682,#8685,#8688,#8691,#8694,#8697,#8700,#8703,#8706,#8709,#8712,#8715,#8718,#8721,#8724,#8727,#8730,#8733,#8736,#8739,#8742,#8745,#8748,#8751,#8754,#8757,#8760,#8763,#8766,#8769,#8772,#8775,#8778,#8781,#8784,#8787,#8790,#8793,#8796,#8799,#8802,#8805,#8808,#8811,#8814,#8817,#8820,#8823,#8826,#8829,#8832,#8835,#8838,#8841,#8844,#8847,#8850,#8853,#8856,#8859,#8862,#8865,#8868,#8871,#8874,#8877,#8880,#8883,#8886,#8889,#8892,#8895,#8898,#8901,#8904,#8907,#8910,#8913,#8916,#8919,#8922,#8925,#8928,#8931,#8934,#8937,#8940,#8943,#8946,#8949,#8952,#8955,#8958,#8961,#8964,#8967));
#16261=IFCFACETEDBREP(#16260);
#16262=IFCSTYLEDITEM(#16261,(#8134),$);
#16263=IFCCLOSEDSHELL((#9018,#9021,#9024,#9027,#9030,#9033,#9036,#9039,#9042,#9045,#9048,#9051,#9054,#9057,#9060,#9063,#9066,#9069,#9072,#9075,#9078,#9081,#9084,#9087,#9090,#9093));
#16264=IFCFACETEDBREP(#16263);
#16265=IFCSTYLEDITEM(#16264,(#8134),$);
#16266=IFCCLOSEDSHELL((#9224,#9227,#9230,#9233,#9236,#9239,#9242,#9245,#9248,#9251,#9254,#9257,#9260,#9263,#9266,#9269,#9272,#9275,#9278,#9281,#9284,#9287,#9290,#9293,#9296,#9299,#9302,#9305,#9308,#9311,#9314,#9317,#9320,#9323,#9326,#9329,#9332,#9335,#9338,#9341,#9344,#9347,#9350,#9353,#9356,#9359,#9362,#9365,#9368,#9371,#9374,#9377,#9380,#9383,#9386,#9389,#9392,#9395,#9398,#9401,#9404,#9407,#9410,#9413,#9416,#9419,#9422,#9425,#9428,#9431,#9434,#9437,#9440,#9443,#9446,#9449,#9452,#9455,#9458,#9461,#9464,#9467,#9470,#9473,#9476,#9479,#9482,#9485,#9488,#9491,#9494,#9497,#9500,#9503,#9506,#9509,#9512,#9515,#9518,#9521,#9524,#9527,#9530,#9533,#9536,#9539,#9542,#9545,#9548,#9551,#9554,#9557,#9560,#9563,#9566,#9569,#9572,#9575,#9578,#9581,#9584,#9587,#9590,#9593,#9596,#9599,#9602,#9605,#9608,#9611,#9614,#9617,#9620,#9623,#9626,#9629,#9632,#9635,#9638,#9641,#9644,#9647,#9650,#9653,#9656,#9659,#9662,#9665,#9668,#9671,#9674,#9677,#9680,#9683,#9686,#9689,#9692,#9695));
#16267=IFCFACETEDBREP(#16266);
#16268=IFCSTYLEDITEM(#16267,(#8134),$);
#16269=IFCCLOSEDSHELL((#9746,#9749,#9752,#9755,#9758,#9761,#9764,#9767,#9770,#9773,#9776,#9779,#9782,#9785,#9788,#9791,#9794,#9797,#9800,#9803,#9806,#9809,#9812,#9815,#9818,#9821));
#16270=IFCFACETEDBREP(#16269);
#16271=IFCSTYLEDITEM(#16270,(#8134),$);
#16272=IFCCLOSEDSHELL((#9834,#9847,#9850,#9853,#9856,#9859,#9862,#9865,#9868,#9871));
#16273=IFCFACETEDBREP(#16272);
#16274=IFCSTYLEDITEM(#16273,(#8149),$);
#16275=IFCCLOSEDSHELL((#9882,#9887,#9895,#9899,#9907,#9911,#9919,#9923,#9930,#9933,#9936,#9939,#9942,#9945,#9948,#9951,#9954,#9957));
#16276=IFCFACETEDBREP(#16275);
#16277=IFCSTYLEDITEM(#16276,(#8155),$);
#16278=IFCCLOSEDSHELL((#9964,#9971,#9974,#9977,#9980,#9983));
#16279=IFCFACETEDBREP(#16278);
#16280=IFCSTYLEDITEM(#16279,(#8161),$);
#16281=IFCCLOSEDSHELL((#10544,#10547,#10550,#10553,#10556,#10559,#10562,#10565,#10568,#10571,#10574,#10577,#10580,#10583,#10586,#10589,#10592,#10595,#10598,#10601,#10604,#10607,#10610,#10613,#10616,#10619,#10622,#10625,#10628,#10631,#10634,#10637,#10640,#10643,#10646,#10649,#10652,#10655,#10658,#10661,#10664,#10667,#10670,#10673,#10676,#10679,#10682,#10685,#10688,#10691,#10694,#10697,#10700,#10703,#10706,#10709,#10712,#10715,#10718,#10721,#10724,#10727,#10730,#10733,#10736,#10739,#10742,#10745,#10748,#10751,#10754,#10757,#10760,#10763,#10766,#10769,#10772,#10775,#10778,#10781,#10784,#10787,#10790,#10793,#10796,#10799,#10802,#10805,#10808,#10811,#10814,#10817,#10820,#10823,#10826,#10829,#10832,#10835,#10838,#10841,#10844,#10847,#10850,#10853,#10856,#10859,#10862,#10865,#10868,#10871,#10874,#10877,#10880,#10883,#10886,#10889,#10892,#10895,#10898,#10901,#10904,#10907,#10910,#10913,#10916,#10919,#10922,#10925,#10928,#10931,#10934,#10937,#10940,#10943,#10946,#10949,#10952,#10955,#10958,#10961,#10964,#10967,#10970,#10973,#10976,#10979,#10982,#10985,#10988,#10991,#10994,#10997,#11000,#11003,#11006,#11009,#11012,#11015,#11018,#11021,#11024,#11027,#11030,#11033,#11036,#11039,#11042,#11045,#11048,#11051,#11054,#11057,#11060,#11063,#11066,#11069,#11072,#11075,#11078,#11081,#11084,#11087,#11090,#11093,#11096,#11099,#11102,#11105,#11108,#11111,#11114,#11117,#11120,#11123,#11126,#11129,#11132,#11135,#11138,#11141,#11144,#11147,#11150,#11153,#11156,#11159,#11162,#11165,#11168,#11171,#11174,#11177,#11180,#11183,#11186,#11189,#11192,#11195,#11198,#11201,#11204,#11207,#11210,#11213,#11216,#11219,#11222,#11225,#11228,#11231,#11234,#11237,#11240,#11243,#11246,#11249,#11252,#11255,#11258,#11261,#11264,#11267,#11270,#11273,#11276,#11279,#11282,#11285,#11288,#11291,#11294,#11297,#11300,#11303,#11306,#11309,#11312,#11315,#11318,#11321,#11324,#11327,#11330,#11333,#11336,#11339,#11342,#11345,#11348,#11351,#11354,#11357,#11360,#11363,#11366,#11369,#11372,#11375,#11378,#11381,#11384,#11387,#11390,#11393,#11396,#11399,#11402,#11405,#11408,#11411,#11414,#11417,#11420,#11423,#11426,#11429,#11432,#11435,#11438,#11441,#11444,#11447,#11450,#11453,#11456,#11459,#11462,#11465,#11468,#11471,#11474,#11477,#11480,#11483,#11486,#11489,#11492,#11495,#11498,#11501,#11504,#11507,#11510,#11513,#11516,#11519,#11522,#11525,#11528,#11531,#11534,#11537,#11540,#11543,#11546,#11549,#11552,#11555,#11558,#11561,#11564,#11567,#11570,#11573,#11576,#11579,#11582,#11585,#11588,#11591,#11594,#11597,#11600,#11603,#11606,#11609,#11612,#11615,#11618,#11621,#11624,#11627,#11630,#11633,#11636,#11639,#11642,#11645,#11648,#11651,#11654,#11657,#11660,#11663,#11666,#11669,#11672,#11675,#11678,#11681,#11684,#11687,#11690,#11693,#11696,#11699,#11702,#11705,#11708,#11711,#11714,#11717,#11720,#11723,#11726,#11729,#11732,#11735,#11738,#11741,#11744,#11747,#11750,#11753,#11756,#11759,#11762,#11765,#11768,#11771,#11774,#11777,#11780,#11783,#11786,#11789,#11792,#11795,#11798,#11801,#11804,#11807,#11810,#11813,#11816,#11819,#11822,#11825,#11828,#11831,#11834,#11837,#11840,#11843,#11846,#11849,#11852,#11855,#11858,#11861,#11864,#11867,#11870,#11873,#11876,#11879,#11882,#11885,#11888,#11891,#11894,#11897,#11900,#11903,#11906,#11909,#11912,#11915,#11918,#11921,#11924,#11927,#11930,#11933,#11936,#11939,#11942,#11945,#11948,#11951,#11954,#11957,#11960,#11963,#11966,#11969,#11972,#11975,#11978,#11981,#11984,#11987,#11990,#11993,#11996,#11999,#12002,#12005,#12008,#12011,#12014,#12017,#12020,#12023,#12026,#12029,#12032,#12035,#12038,#12041,#12044,#12047,#12050,#12053,#12056,#12059,#12062,#12065,#12068,#12071,#12074,#12077,#12080,#12083,#12086,#12089,#12092,#12095,#12098,#12101,#12104,#12107,#12110,#12113,#12116,#12119,#12122,#12125,#12128,#12131,#12134,#12137,#12140,#12143,#12146,#12149,#12152,#12155,#12158,#12161,#12164,#12167,#12170,#12173,#12176,#12179,#12182,#12185,#12188,#12191,#12194,#12197,#12200,#12203,#12206,#12209,#12212,#12215,#12218,#12221,#12224,#12227,#12230,#12233,#12236,#12239,#12242,#12245,#12248,#12251,#12254,#12257,#12260,#12263,#12266,#12269,#12272,#12275,#12278,#12281,#12284,#12287,#12290,#12293,#12296,#12299,#12302,#12305,#12308,#12311,#12314,#12317,#12320,#12323,#12326,#12329,#12332,#12335,#12338,#12341,#12344,#12347,#12350,#12353,#12356,#12359,#12362,#12365,#12368,#12371,#12374,#12377,#12380,#12383,#12386,#12389,#12392,#12395,#12398,#12401,#12404,#12407,#12410,#12413,#12416,#12419,#12422,#12425,#12428,#12431,#12434,#12437,#12440,#12443,#12446,#12449,#12452,#12455,#12458,#12461,#12464,#12467,#12470,#12473,#12476,#12479,#12482,#12485,#12488,#12491,#12494,#12497,#12500,#12503,#12506,#12509,#12512,#12515,#12518,#12521,#12524,#12527,#12530,#12533,#12536,#12539,#12542,#12545,#12548,#12551,#12554,#12557,#12560,#12563,#12566,#12569,#12572,#12575,#12578,#12581,#12584,#12587,#12590,#12593,#12596,#12599,#12602,#12605,#12608,#12611,#12614,#12617,#12620,#12623,#12626,#12629,#12632,#12635,#12638,#12641,#12644,#12647,#12650,#12653,#12656,#12659,#12662,#12665,#12668,#12671,#12674,#12677,#12680,#12683,#12686,#12689,#12692,#12695,#12698,#12701,#12704,#12707,#12710,#12713,#12716,#12719,#12722,#12725,#12728,#12731,#12734,#12737,#12740,#12743,#12746,#12749,#12752,#12755,#12758,#12761,#12764,#12767,#12770,#12773,#12776,#12779,#12782,#12785,#12788,#12791,#12794,#12797,#12800,#12803,#12806,#12809,#12812,#12815,#12818,#12821,#12824,#12827,#12830,#12833,#12836,#12839,#12842,#12845,#12848,#12851,#12854,#12857,#12860,#12863,#12866,#12869,#12872,#12875,#12878,#12881,#12884,#12887,#12890,#12893,#12896,#12899,#12902,#12905,#12908,#12911,#12914,#12917,#12920,#12923,#12926,#12929,#12932,#12935,#12938,#12941,#12944,#12947,#12950,#12953,#12956,#12959,#12962,#12965,#12968,#12971,#12974,#12977,#12980,#12983,#12986,#12989,#12992,#12995,#12998,#13001,#13004,#13007,#13010,#13013,#13016,#13019,#13022,#13025,#13028,#13031,#13034,#13037,#13040,#13043,#13046,#13049,#13052,#13055,#13058,#13061,#13064,#13067,#13070,#13073,#13076,#13079,#13082,#13085,#13088,#13091,#13094,#13097,#13100,#13103,#13106,#13109,#13112,#13115,#13118,#13121));
#16282=IFCFACETEDBREP(#16281);
#16283=IFCSTYLEDITEM(#16282,(#8155),$);
#16284=IFCCLOSEDSHELL((#13682,#13685,#13688,#13691,#13694,#13697,#13700,#13703,#13706,#13709,#13712,#13715,#13718,#13721,#13724,#13727,#13730,#13733,#13736,#13739,#13742,#13745,#13748,#13751,#13754,#13757,#13760,#13763,#13766,#13769,#13772,#13775,#13778,#13781,#13784,#13787,#13790,#13793,#13796,#13799,#13802,#13805,#13808,#13811,#13814,#13817,#13820,#13823,#13826,#13829,#13832,#13835,#13838,#13841,#13844,#13847,#13850,#13853,#13856,#13859,#13862,#13865,#13868,#13871,#13874,#13877,#13880,#13883,#13886,#13889,#13892,#13895,#13898,#13901,#13904,#13907,#13910,#13913,#13916,#13919,#13922,#13925,#13928,#13931,#13934,#13937,#13940,#13943,#13946,#13949,#13952,#13955,#13958,#13961,#13964,#13967,#13970,#13973,#13976,#13979,#13982,#13985,#13988,#13991,#13994,#13997,#14000,#14003,#14006,#14009,#14012,#14015,#14018,#14021,#14024,#14027,#14030,#14033,#14036,#14039,#14042,#14045,#14048,#14051,#14054,#14057,#14060,#14063,#14066,#14069,#14072,#14075,#14078,#14081,#14084,#14087,#14090,#14093,#14096,#14099,#14102,#14105,#14108,#14111,#14114,#14117,#14120,#14123,#14126,#14129,#14132,#14135,#14138,#14141,#14144,#14147,#14150,#14153,#14156,#14159,#14162,#14165,#14168,#14171,#14174,#14177,#14180,#14183,#14186,#14189,#14192,#14195,#14198,#14201,#14204,#14207,#14210,#14213,#14216,#14219,#14222,#14225,#14228,#14231,#14234,#14237,#14240,#14243,#14246,#14249,#14252,#14255,#14258,#14261,#14264,#14267,#14270,#14273,#14276,#14279,#14282,#14285,#14288,#14291,#14294,#14297,#14300,#14303,#14306,#14309,#14312,#14315,#14318,#14321,#14324,#14327,#14330,#14333,#14336,#14339,#14342,#14345,#14348,#14351,#14354,#14357,#14360,#14363,#14366,#14369,#14372,#14375,#14378,#14381,#14384,#14387,#14390,#14393,#14396,#14399,#14402,#14405,#14408,#14411,#14414,#14417,#14420,#14423,#14426,#14429,#14432,#14435,#14438,#14441,#14444,#14447,#14450,#14453,#14456,#14459,#14462,#14465,#14468,#14471,#14474,#14477,#14480,#14483,#14486,#14489,#14492,#14495,#14498,#14501,#14504,#14507,#14510,#14513,#14516,#14519,#14522,#14525,#14528,#14531,#14534,#14537,#14540,#14543,#14546,#14549,#14552,#14555,#14558,#14561,#14564,#14567,#14570,#14573,#14576,#14579,#14582,#14585,#14588,#14591,#14594,#14597,#14600,#14603,#14606,#14609,#14612,#14615,#14618,#14621,#14624,#14627,#14630,#14633,#14636,#14639,#14642,#14645,#14648,#14651,#14654,#14657,#14660,#14663,#14666,#14669,#14672,#14675,#14678,#14681,#14684,#14687,#14690,#14693,#14696,#14699,#14702,#14705,#14708,#14711,#14714,#14717,#14720,#14723,#14726,#14729,#14732,#14735,#14738,#14741,#14744,#14747,#14750,#14753,#14756,#14759,#14762,#14765,#14768,#14771,#14774,#14777,#14780,#14783,#14786,#14789,#14792,#14795,#14798,#14801,#14804,#14807,#14810,#14813,#14816,#14819,#14822,#14825,#14828,#14831,#14834,#14837,#14840,#14843,#14846,#14849,#14852,#14855,#14858,#14861,#14864,#14867,#14870,#14873,#14876,#14879,#14882,#14885,#14888,#14891,#14894,#14897,#14900,#14903,#14906,#14909,#14912,#14915,#14918,#14921,#14924,#14927,#14930,#14933,#14936,#14939,#14942,#14945,#14948,#14951,#14954,#14957,#14960,#14963,#14966,#14969,#14972,#14975,#14978,#14981,#14984,#14987,#14990,#14993,#14996,#14999,#15002,#15005,#15008,#15011,#15014,#15017,#15020,#15023,#15026,#15029,#15032,#15035,#15038,#15041,#15044,#15047,#15050,#15053,#15056,#15059,#15062,#15065,#15068,#15071,#15074,#15077,#15080,#15083,#15086,#15089,#15092,#15095,#15098,#15101,#15104,#15107,#15110,#15113,#15116,#15119,#15122,#15125,#15128,#15131,#15134,#15137,#15140,#15143,#15146,#15149,#15152,#15155,#15158,#15161,#15164,#15167,#15170,#15173,#15176,#15179,#15182,#15185,#15188,#15191,#15194,#15197,#15200,#15203,#15206,#15209,#15212,#15215,#15218,#15221,#15224,#15227,#15230,#15233,#15236,#15239,#15242,#15245,#15248,#15251,#15254,#15257,#15260,#15263,#15266,#15269,#15272,#15275,#15278,#15281,#15284,#15287,#15290,#15293,#15296,#15299,#15302,#15305,#15308,#15311,#15314,#15317,#15320,#15323,#15326,#15329,#15332,#15335,#15338,#15341,#15344,#15347,#15350,#15353,#15356,#15359,#15362,#15365,#15368,#15371,#15374,#15377,#15380,#15383,#15386,#15389,#15392,#15395,#15398,#15401,#15404,#15407,#15410,#15413,#15416,#15419,#15422,#15425,#15428,#15431,#15434,#15437,#15440,#15443,#15446,#15449,#15452,#15455,#15458,#15461,#15464,#15467,#15470,#15473,#15476,#15479,#15482,#15485,#15488,#15491,#15494,#15497,#15500,#15503,#15506,#15509,#15512,#15515,#15518,#15521,#15524,#15527,#15530,#15533,#15536,#15539,#15542,#15545,#15548,#15551,#15554,#15557,#15560,#15563,#15566,#15569,#15572,#15575,#15578,#15581,#15584,#15587,#15590,#15593,#15596,#15599,#15602,#15605,#15608,#15611,#15614,#15617,#15620,#15623,#15626,#15629,#15632,#15635,#15638,#15641,#15644,#15647,#15650,#15653,#15656,#15659,#15662,#15665,#15668,#15671,#15674,#15677,#15680,#15683,#15686,#15689,#15692,#15695,#15698,#15701,#15704,#15707,#15710,#15713,#15716,#15719,#15722,#15725,#15728,#15731,#15734,#15737,#15740,#15743,#15746,#15749,#15752,#15755,#15758,#15761,#15764,#15767,#15770,#15773,#15776,#15779,#15782,#15785,#15788,#15791,#15794,#15797,#15800,#15803,#15806,#15809,#15812,#15815,#15818,#15821,#15824,#15827,#15830,#15833,#15836,#15839,#15842,#15845,#15848,#15851,#15854,#15857,#15860,#15863,#15866,#15869,#15872,#15875,#15878,#15881,#15884,#15887,#15890,#15893,#15896,#15899,#15902,#15905,#15908,#15911,#15914,#15917,#15920,#15923,#15926,#15929,#15932,#15935,#15938,#15941,#15944,#15947,#15950,#15953,#15956,#15959,#15962,#15965,#15968,#15971,#15974,#15977,#15980,#15983,#15986,#15989,#15992,#15995,#15998,#16001,#16004,#16007,#16010,#16013,#16016,#16019,#16022,#16025,#16028,#16031,#16034,#16037,#16040,#16043,#16046,#16049,#16052,#16055,#16058,#16061,#16064,#16067,#16070,#16073,#16076,#16079,#16082,#16085,#16088,#16091,#16094,#16097,#16100,#16103,#16106,#16109,#16112,#16115,#16118,#16121,#16124,#16127,#16130,#16133,#16136,#16139,#16142,#16145,#16148,#16151,#16154,#16157,#16160,#16163,#16166,#16169,#16172,#16175,#16178,#16181,#16184,#16187,#16190,#16193,#16196,#16199,#16202,#16205,#16208,#16211,#16214,#16217,#16220,#16223,#16226,#16229,#16232,#16235,#16238,#16241,#16244,#16247,#16250,#16253,#16256,#16259));
#16285=IFCFACETEDBREP(#16284);
#16286=IFCSTYLEDITEM(#16285,(#8155),$);
#16287=IFCSHAPEREPRESENTATION(#24,'Body','Brep',(#16261,#16264,#16267,#16270,#16273,#16276,#16279,#16282,#16285));
#16288=IFCAXIS2PLACEMENT3D(#3,$,$);
#16289=IFCREPRESENTATIONMAP(#16288,#16287);
#16290=IFCDOORLININGPROPERTIES('3NX6vfz5v9fPuEx9Sur9nS',#18,'M_Door-Passage-Single-Vision_Lite:750 x 2000mm:1623771',$,$,$,$,$,$,$,$,$,$,$,$,$,$);
#16291=IFCDOORPANELPROPERTIES('3NX6vfz5v9fPuEx9Gur9nS',#18,'M_Door-Passage-Single-Vision_Lite:750 x 2000mm:1623771:1',$,$,.SWINGING.,$,.NOTDEFINED.,$);
#16292=IFCDOORTYPE('2BkWxhZyYIMviGOF3JsEzS',#18,'M_Door-Passage-Single-Vision_Lite:750 x 2000mm',$,$,(#16290,#16291),(#16289),'1457080',$,.DOOR.,.SINGLE_SWING_RIGHT.,.F.,$);
#16293=IFCMATERIALCONSTITUENT('Hardware',$,#8175,$,'Metal');
#16294=IFCSHAPEREPRESENTATION(#24,'Body','Brep',(#16261,#16264,#16267,#16270));
#16295=IFCSHAPEASPECT((#16294),'Hardware',$,.U.,#16289);
#16296=IFCMATERIALCONSTITUENT('Panel',$,#8179,$,'Wood');
#16297=IFCSHAPEREPRESENTATION(#24,'Body','Brep',(#16273));
#16298=IFCSHAPEASPECT((#16297),'Panel',$,.U.,#16289);
#16299=IFCMATERIALCONSTITUENT('Frame/Mullion',$,#8200,$,'Paint');
#16300=IFCSHAPEREPRESENTATION(#24,'Body','Brep',(#16276));
#16301=IFCSHAPEASPECT((#16300),'Frame/Mullion',$,.U.,#16289);
#16302=IFCMATERIALCONSTITUENT('Glass',$,#8204,$,'Glass');
#16303=IFCSHAPEREPRESENTATION(#24,'Body','Brep',(#16279));
#16304=IFCSHAPEASPECT((#16303),'Glass',$,.U.,#16289);
#16305=IFCMATERIALCONSTITUENT('Metal - Paint Finish - Grey',$,#8200,$,'Paint');
#16306=IFCSHAPEREPRESENTATION(#24,'Body','Brep',(#16282,#16285));
#16307=IFCSHAPEASPECT((#16306),'Metal - Paint Finish - Grey',$,.U.,#16289);
#16308=IFCMATERIALCONSTITUENTSET($,$,(#16293,#16296,#16299,#16302,#16305));
#16309=IFCMAPPEDITEM(#16289,#8224);
#16310=IFCSHAPEREPRESENTATION(#24,'Body','MappedRepresentation',(#16309));
#16311=IFCPRODUCTDEFINITIONSHAPE($,$,(#16310));
#16312=IFCCARTESIANPOINT((4450.,3850.,0.));
#16313=IFCAXIS2PLACEMENT3D(#16312,#9,#8);
#16315=IFCDOOR('3NX6vfz5v9fPuEx9Our9nS',#18,'M_Door-Passage-Single-Vision_Lite:750 x 2000mm:1623771',$,'M_Door-Passage-Single-Vision_Lite:750 x 2000mm',#16720,#16311,'1623771',2100.,850.000000000001,.DOOR.,.SINGLE_SWING_RIGHT.,$);
#16316=IFCMATERIALCONSTITUENT('Aluminum',$,#8175,$,'Metal');
#16317=IFCMATERIALCONSTITUENT('Wood - Birch',$,#8179,$,'Wood');
#16318=IFCMATERIALCONSTITUENT('Metal - Paint Finish - Grey',$,#8200,$,'Paint');
#16319=IFCMATERIALCONSTITUENT('Glass',$,#8204,$,'Glass');
#16320=IFCMATERIALCONSTITUENTSET($,$,(#16316,#16317,#16318,#16319));
#16321=IFCPROPERTYSET('307hmVdj51faH4sMtkI3f6',#18,'Pset_DoorCommon',$,(#135,#8237));
#16322=IFCPROPERTYSET('3Ek1hfJANP1a4x8BLv9nIV',#18,'Pset_EnvironmentalImpactIndicators',$,(#8237));
#16323=IFCRELDEFINESBYPROPERTIES('1AYnkUjm6JYkF4aoLtCdtb',#18,$,$,(#16315),#16321);
#16324=IFCRELDEFINESBYPROPERTIES('3o9MqnjAWgj6DFE5g_oLZg',#18,$,$,(#16315),#16322);
#16325=IFCMAPPEDITEM(#16289,#8224);
#16326=IFCSHAPEREPRESENTATION(#24,'Body','MappedRepresentation',(#16325));
#16327=IFCPRODUCTDEFINITIONSHAPE($,$,(#16326));
#16328=IFCCARTESIANPOINT((4450.,1250.,0.));
#16329=IFCAXIS2PLACEMENT3D(#16328,#9,#8);
#16331=IFCDOOR('3NX6vfz5v9fPuEx9Our9tN',#18,'M_Door-Passage-Single-Vision_Lite:750 x 2000mm:1623888',$,'M_Door-Passage-Single-Vision_Lite:750 x 2000mm',#16735,#16327,'1623888',2100.,850.,.DOOR.,.SINGLE_SWING_RIGHT.,$);
#16332=IFCMATERIALCONSTITUENT('Aluminum',$,#8175,$,'Metal');
#16333=IFCMATERIALCONSTITUENT('Wood - Birch',$,#8179,$,'Wood');
#16334=IFCMATERIALCONSTITUENT('Metal - Paint Finish - Grey',$,#8200,$,'Paint');
#16335=IFCMATERIALCONSTITUENT('Glass',$,#8204,$,'Glass');
#16336=IFCMATERIALCONSTITUENTSET($,$,(#16332,#16333,#16334,#16335));
#16337=IFCPROPERTYSET('0YiSWzF$1x4Qb1ak2VNZmh',#18,'Pset_DoorCommon',$,(#135,#8237));
#16338=IFCPROPERTYSET('1b0EQdNFTGQMQmj28BntPR',#18,'Pset_EnvironmentalImpactIndicators',$,(#8237));
#16339=IFCRELDEFINESBYPROPERTIES('0VTpgryruzpNIx8_frEG0u',#18,$,$,(#16331),#16337);
#16340=IFCRELDEFINESBYPROPERTIES('2UOeXT1Aq21a7Nz35cwijl',#18,$,$,(#16331),#16338);
#16341=IFCCARTESIANPOINT((4450.,5800.,0.));
#16342=IFCAXIS2PLACEMENT3D(#16341,#9,#6);
#16343=IFCLOCALPLACEMENT(#34,#16342);
#16344=IFCCARTESIANPOINT((4250.,0.));
#16345=IFCPOLYLINE((#4,#16344));
#16346=IFCSHAPEREPRESENTATION(#23,'Axis','Curve2D',(#16345));
#16347=IFCCARTESIANPOINT((2125.,2.34479102800833E-13));
#16348=IFCAXIS2PLACEMENT2D(#16347,#12);
#16349=IFCRECTANGLEPROFILEDEF(.AREA.,$,#16348,4250.,200.);
#16350=IFCAXIS2PLACEMENT3D(#3,$,$);
#16351=IFCEXTRUDEDAREASOLID(#16349,#16350,#9,3000.);
#16352=IFCSTYLEDITEM(#16351,(#119),$);
#16353=IFCSHAPEREPRESENTATION(#24,'Body','SweptSolid',(#16351));
#16354=IFCPRODUCTDEFINITIONSHAPE($,$,(#16346,#16353));
#16355=IFCWALL('3NX6vfz5v9fPuEx9Our98H',#18,'Basic Wall:Generic - 200mm:1624214',$,'Basic Wall:Generic - 200mm',#16343,#16354,'1624214',.NOTDEFINED.);
#16356=IFCPROPERTYSET('1mCPEn6VskCQmPE$mC56zf',#18,'Pset_EnvironmentalImpactIndicators',$,(#131));
#16357=IFCPROPERTYSINGLEVALUE('Reference',$,IFCLABEL('Generic - 200mm'),$);
#16358=IFCPROPERTYSET('3bMgiTj08NOlvLz_LdOYQx',#18,'Pset_ReinforcementBarPitchOfWall',$,(#16357));
#16359=IFCPROPERTYSET('3Xb5rmBkXt3e_Xqud4MzPh',#18,'Pset_WallCommon',$,(#131,#135,#136,#197));
#16360=IFCRELDEFINESBYPROPERTIES('1hiM7WmPMaosuV7LUNZ2jP',#18,$,$,(#16355),#16356);
#16361=IFCRELDEFINESBYPROPERTIES('2gFkCFv6qOqAYfRTk3OQZL',#18,$,$,(#16355),#16358);
#16362=IFCRELDEFINESBYPROPERTIES('3xvQSQ6o91veSGHD6sVgTI',#18,$,$,(#16355),#16359);
#16363=IFCCARTESIANPOINT((200.,100.,0.));
#16364=IFCAXIS2PLACEMENT3D(#16363,$,$);
#16365=IFCLOCALPLACEMENT(#34,#16364);
#16366=IFCCARTESIANPOINT((4250.,0.));
#16367=IFCPOLYLINE((#4,#16366));
#16368=IFCSHAPEREPRESENTATION(#23,'Axis','Curve2D',(#16367));
#16369=IFCCARTESIANPOINT((2125.00000000003,-7.105427357601E-15));
#16370=IFCAXIS2PLACEMENT2D(#16369,#12);
#16371=IFCRECTANGLEPROFILEDEF(.AREA.,$,#16370,4250.00000000006,200.);
#16372=IFCAXIS2PLACEMENT3D(#3,$,$);
#16373=IFCEXTRUDEDAREASOLID(#16371,#16372,#9,3000.);
#16374=IFCSTYLEDITEM(#16373,(#119),$);
#16375=IFCSHAPEREPRESENTATION(#24,'Body','SweptSolid',(#16373));
#16376=IFCPRODUCTDEFINITIONSHAPE($,$,(#16368,#16375));
#16377=IFCWALL('3NX6vfz5v9fPuEx9Our99W',#18,'Basic Wall:Generic - 200mm:1624295',$,'Basic Wall:Generic - 200mm',#16365,#16376,'1624295',.NOTDEFINED.);
#16378=IFCPROPERTYSET('2lLiCx3n8e5ejEv14aQhF8',#18,'Pset_EnvironmentalImpactIndicators',$,(#131));
#16379=IFCPROPERTYSINGLEVALUE('Reference',$,IFCLABEL('Generic - 200mm'),$);
#16380=IFCPROPERTYSET('2RAxlcC0j4kjjEeVcN6PuX',#18,'Pset_ReinforcementBarPitchOfWall',$,(#16379));
#16381=IFCPROPERTYSET('1rfIGJoCrNZczfdQMBj7Y5',#18,'Pset_WallCommon',$,(#131,#135,#136,#197));
#16382=IFCRELDEFINESBYPROPERTIES('1KnIgF9$Q4roSeOnbxFLXk',#18,$,$,(#16377),#16378);
#16383=IFCRELDEFINESBYPROPERTIES('2jqlL14QWosLbKR7EN6EId',#18,$,$,(#16377),#16380);
#16384=IFCRELDEFINESBYPROPERTIES('3Wvh6aFGNLPWh2J5cxG_tN',#18,$,$,(#16377),#16381);
#16385=IFCCARTESIANPOINT((0.,100.,0.));
#16386=IFCAXIS2PLACEMENT3D(#16385,$,$);
#16387=IFCLOCALPLACEMENT(#38,#16386);
#16388=IFCCARTESIANPOINT((8900.,-0.));
#16389=IFCPOLYLINE((#4,#16388));
#16390=IFCSHAPEREPRESENTATION(#23,'Axis','Curve2D',(#16389));
#16391=IFCCARTESIANPOINT((4449.99999999998,-7.105427357601E-15));
#16392=IFCAXIS2PLACEMENT2D(#16391,#12);
#16393=IFCRECTANGLEPROFILEDEF(.AREA.,$,#16392,8899.99999999996,200.);
#16394=IFCAXIS2PLACEMENT3D(#3,$,$);
#16395=IFCEXTRUDEDAREASOLID(#16393,#16394,#9,2700.);
#16396=IFCSTYLEDITEM(#16395,(#119),$);
#16397=IFCSHAPEREPRESENTATION(#24,'Body','SweptSolid',(#16395));
#16398=IFCPRODUCTDEFINITIONSHAPE($,$,(#16390,#16397));
#16399=IFCWALL('3NX6vfz5v9fPuEx9Our921',#18,'Basic Wall:Generic - 200mm:1624582',$,'Basic Wall:Generic - 200mm',#16387,#16398,'1624582',.NOTDEFINED.);
#16400=IFCPROPERTYSET('2YV5wgYMr8fefeNpA1SMz1',#18,'Pset_EnvironmentalImpactIndicators',$,(#131));
#16401=IFCPROPERTYSINGLEVALUE('Reference',$,IFCLABEL('Generic - 200mm'),$);
#16402=IFCPROPERTYSET('0xz_nJ60svz28IraqgVeMg',#18,'Pset_ReinforcementBarPitchOfWall',$,(#16401));
#16403=IFCPROPERTYSET('2BlToOfmunUD66of3Y0b7C',#18,'Pset_WallCommon',$,(#131,#135,#136,#197));
#16404=IFCRELDEFINESBYPROPERTIES('3SOlnJvW_dcK8q7SekUoJ3',#18,$,$,(#16399),#16400);
#16405=IFCRELDEFINESBYPROPERTIES('1XT4OeZAasP9m5fvz78Im_',#18,$,$,(#16399),#16402);
#16406=IFCRELDEFINESBYPROPERTIES('2q0ZHcv8vmcIh9JspXliSr',#18,$,$,(#16399),#16403);
#16407=IFCCARTESIANPOINT((8800.,200.,0.));
#16408=IFCAXIS2PLACEMENT3D(#16407,#9,#7);
#16409=IFCLOCALPLACEMENT(#38,#16408);
#16410=IFCCARTESIANPOINT((5700.,-0.));
#16411=IFCPOLYLINE((#4,#16410));
#16412=IFCSHAPEREPRESENTATION(#23,'Axis','Curve2D',(#16411));
#16413=IFCCARTESIANPOINT((2849.99999999995,-1.63424829224823E-13));
#16414=IFCAXIS2PLACEMENT2D(#16413,#12);
#16415=IFCRECTANGLEPROFILEDEF(.AREA.,$,#16414,5699.9999999999,200.);
#16416=IFCAXIS2PLACEMENT3D(#3,$,$);
#16417=IFCEXTRUDEDAREASOLID(#16415,#16416,#9,2700.);
#16418=IFCSTYLEDITEM(#16417,(#119),$);
#16419=IFCSHAPEREPRESENTATION(#24,'Body','SweptSolid',(#16417));
#16420=IFCPRODUCTDEFINITIONSHAPE($,$,(#16412,#16419));
#16421=IFCWALL('3NX6vfz5v9fPuEx9Our93k',#18,'Basic Wall:Generic - 200mm:1624681',$,'Basic Wall:Generic - 200mm',#16409,#16420,'1624681',.NOTDEFINED.);
#16422=IFCPROPERTYSET('0pXkk2yOnkuEqX0kg5Ojiz',#18,'Pset_EnvironmentalImpactIndicators',$,(#131));
#16423=IFCPROPERTYSINGLEVALUE('Reference',$,IFCLABEL('Generic - 200mm'),$);
#16424=IFCPROPERTYSET('3jt$_pOaLsBKi93qP5RCMP',#18,'Pset_ReinforcementBarPitchOfWall',$,(#16423));
#16425=IFCPROPERTYSET('1WitHxKyu7lfMeHpUuxGaw',#18,'Pset_WallCommon',$,(#131,#135,#136,#197));
#16426=IFCRELDEFINESBYPROPERTIES('0jvLg5kVyfgjrcmH6uivrH',#18,$,$,(#16421),#16422);
#16427=IFCRELDEFINESBYPROPERTIES('0YtJ9VWHfPLoSZXV$3k1et',#18,$,$,(#16421),#16424);
#16428=IFCRELDEFINESBYPROPERTIES('00uRuUJ6VQxtwmzxnmZOSg',#18,$,$,(#16421),#16425);
#16429=IFCCARTESIANPOINT((8700.,5800.,0.));
#16430=IFCAXIS2PLACEMENT3D(#16429,#9,#6);
#16431=IFCLOCALPLACEMENT(#38,#16430);
#16432=IFCCARTESIANPOINT((8700.,0.));
#16433=IFCPOLYLINE((#4,#16432));
#16434=IFCSHAPEREPRESENTATION(#23,'Axis','Curve2D',(#16433));
#16435=IFCCARTESIANPOINT((4349.99999999998,2.34479102800833E-13));
#16436=IFCAXIS2PLACEMENT2D(#16435,#12);
#16437=IFCRECTANGLEPROFILEDEF(.AREA.,$,#16436,8699.99999999995,200.);
#16438=IFCAXIS2PLACEMENT3D(#3,$,$);
#16439=IFCEXTRUDEDAREASOLID(#16437,#16438,#9,2700.);
#16440=IFCSTYLEDITEM(#16439,(#119),$);
#16441=IFCSHAPEREPRESENTATION(#24,'Body','SweptSolid',(#16439));
#16442=IFCPRODUCTDEFINITIONSHAPE($,$,(#16434,#16441));
#16443=IFCWALL('3NX6vfz5v9fPuEx9Our91Z',#18,'Basic Wall:Generic - 200mm:1624804',$,'Basic Wall:Generic - 200mm',#16431,#16442,'1624804',.NOTDEFINED.);
#16444=IFCPROPERTYSET('3cY0oSzhAsLB6ofoDSuwFG',#18,'Pset_EnvironmentalImpactIndicators',$,(#131));
#16445=IFCPROPERTYSINGLEVALUE('Reference',$,IFCLABEL('Generic - 200mm'),$);
#16446=IFCPROPERTYSET('1AA4ilDikyIitbYNjFVT8k',#18,'Pset_ReinforcementBarPitchOfWall',$,(#16445));
#16447=IFCPROPERTYSET('2lJ0viAtDFhaFlh7Tb0DZE',#18,'Pset_WallCommon',$,(#131,#135,#136,#197));
#16448=IFCRELDEFINESBYPROPERTIES('2OAlcJqkfz6YZTdXq4r5CA',#18,$,$,(#16443),#16444);
#16449=IFCRELDEFINESBYPROPERTIES('26ze_Jh0OH24jeFe$zfWxt',#18,$,$,(#16443),#16446);
#16450=IFCRELDEFINESBYPROPERTIES('2649b9gnceWG9gRCnvBHY5',#18,$,$,(#16443),#16447);
#16451=IFCCARTESIANPOINT((100.,5700.,0.));
#16452=IFCAXIS2PLACEMENT3D(#16451,#9,#8);
#16453=IFCLOCALPLACEMENT(#38,#16452);
#16454=IFCCARTESIANPOINT((5500.,0.));
#16455=IFCPOLYLINE((#4,#16454));
#16456=IFCSHAPEREPRESENTATION(#23,'Axis','Curve2D',(#16455));
#16457=IFCCARTESIANPOINT((2749.99999999995,0.));
#16458=IFCAXIS2PLACEMENT2D(#16457,#12);
#16459=IFCRECTANGLEPROFILEDEF(.AREA.,$,#16458,5499.9999999999,200.);
#16460=IFCAXIS2PLACEMENT3D(#3,$,$);
#16461=IFCEXTRUDEDAREASOLID(#16459,#16460,#9,2700.);
#16462=IFCSTYLEDITEM(#16461,(#119),$);
#16463=IFCSHAPEREPRESENTATION(#24,'Body','SweptSolid',(#16461));
#16464=IFCPRODUCTDEFINITIONSHAPE($,$,(#16456,#16463));
#16465=IFCWALL('3NX6vfz5v9fPuEx9Our95v',#18,'Basic Wall:Generic - 200mm:1625086',$,'Basic Wall:Generic - 200mm',#16453,#16464,'1625086',.NOTDEFINED.);
#16466=IFCPROPERTYSET('0_6nug_V1pct6lIFgBSvAp',#18,'Pset_EnvironmentalImpactIndicators',$,(#131));
#16467=IFCPROPERTYSINGLEVALUE('Reference',$,IFCLABEL('Generic - 200mm'),$);
#16468=IFCPROPERTYSET('36YUctrOnEVt9jNzeYz5pw',#18,'Pset_ReinforcementBarPitchOfWall',$,(#16467));
#16469=IFCPROPERTYSET('0lZJs_Ayzu9NYeWovaKQoM',#18,'Pset_WallCommon',$,(#131,#135,#136,#197));
#16470=IFCRELDEFINESBYPROPERTIES('1uWLOyLUN$Z04bcLbdyiQn',#18,$,$,(#16465),#16466);
#16471=IFCRELDEFINESBYPROPERTIES('2ZjODpnkpVhkzwZtvxbpDY',#18,$,$,(#16465),#16468);
#16472=IFCRELDEFINESBYPROPERTIES('1kaE_lA3c8T_dE6WPFUYKr',#18,$,$,(#16465),#16469);
#16473=IFCCARTESIANPOINT((4550.,200.,0.));
#16474=IFCAXIS2PLACEMENT3D(#16473,#9,#7);
#16475=IFCLOCALPLACEMENT(#38,#16474);
#16476=IFCCARTESIANPOINT((5500.,-0.));
#16477=IFCPOLYLINE((#4,#16476));
#16478=IFCSHAPEREPRESENTATION(#23,'Axis','Curve2D',(#16477));
#16479=IFCCARTESIANPOINT((2749.99999999995,0.));
#16480=IFCAXIS2PLACEMENT2D(#16479,#11);
#16481=IFCRECTANGLEPROFILEDEF(.AREA.,$,#16480,5499.9999999999,200.);
#16482=IFCAXIS2PLACEMENT3D(#3,$,$);
#16483=IFCEXTRUDEDAREASOLID(#16481,#16482,#9,2700.);
#16484=IFCSTYLEDITEM(#16483,(#119),$);
#16485=IFCSHAPEREPRESENTATION(#24,'Body','SweptSolid',(#16483));
#16486=IFCPRODUCTDEFINITIONSHAPE($,$,(#16478,#16485));
#16487=IFCWALL('3NX6vfz5v9fPuEx9Our9K9',#18,'Basic Wall:Generic - 200mm:1625998',$,'Basic Wall:Generic - 200mm',#16475,#16486,'1625998',.NOTDEFINED.);
#16488=IFCAXIS2PLACEMENT3D(#16497,$,$);
#16490=IFCCARTESIANPOINT((0.,2.27373675443232E-13));
#16491=IFCAXIS2PLACEMENT2D(#16490,#11);
#16492=IFCRECTANGLEPROFILEDEF(.AREA.,$,#16491,2438.4,1500.);
#16493=IFCCARTESIANPOINT((750.,-200.,1219.2));
#16494=IFCAXIS2PLACEMENT3D(#16493,#7,#10);
#16495=IFCEXTRUDEDAREASOLID(#16492,#16494,#9,200.);
#16496=IFCSHAPEREPRESENTATION(#24,'Body','SweptSolid',(#16495));
#16497=IFCCARTESIANPOINT((3700.,100.,0.));
#16498=IFCPRODUCTDEFINITIONSHAPE($,$,(#16496));
#16499=IFCCARTESIANPOINT((3700.,100.,0.));
#16500=IFCAXIS2PLACEMENT3D(#16499,$,$);
#16501=IFCLOCALPLACEMENT(#16475,#16500);
#16502=IFCOPENINGELEMENT('3$LLWIV1uGcX2kUN2Ag9uo',#18,'Basic Wall:Generic - 200mm:1625998',$,$,#16501,#16498,'1627745',.OPENING.);
#16503=IFCRELVOIDSELEMENT('1cjHsNsex2OsMEJr4dMiAL',#18,$,$,#16487,#16502);
#16504=IFCPROPERTYSET('2oPqgmP777CaacxKWQfPUe',#18,'Pset_EnvironmentalImpactIndicators',$,(#131));
#16505=IFCPROPERTYSINGLEVALUE('Reference',$,IFCLABEL('Generic - 200mm'),$);
#16506=IFCPROPERTYSET('38MLuBFuAxr8gjp_Sfc_xE',#18,'Pset_ReinforcementBarPitchOfWall',$,(#16505));
#16507=IFCPROPERTYSET('2I7bSDL3kMfLDhCrbI2YKs',#18,'Pset_WallCommon',$,(#131,#135,#136,#197));
#16508=IFCPROPERTYSET('0yoTbA_J1oT38xo$yZN6rM',#18,'Pset_EnvironmentalImpactIndicators',$,(#131));
#16509=IFCPROPERTYSET('223001pgdqwVCYYM61RiZy',#18,'Pset_OpeningElementCommon',$,(#131));
#16510=IFCRELDEFINESBYPROPERTIES('3XntKB9e1Y_Wfhc953Uhig',#18,$,$,(#16487),#16504);
#16511=IFCRELDEFINESBYPROPERTIES('1RSmWyvZhZhqq8zaSZOVFq',#18,$,$,(#16487),#16506);
#16512=IFCRELDEFINESBYPROPERTIES('2HQ0a5oswJ7SMUepXUJ5eg',#18,$,$,(#16487),#16507);
#16513=IFCRELDEFINESBYPROPERTIES('3aC4IZMWhmnvj6ZRgUTyXJ',#18,$,$,(#16502),#16508);
#16514=IFCRELDEFINESBYPROPERTIES('1zxYLIieUL$mxX1gUdbF0r',#18,$,$,(#16502),#16509);
#16515=IFCCARTESIANPOINT((8700.,2700.,0.));
#16516=IFCAXIS2PLACEMENT3D(#16515,#9,#6);
#16517=IFCLOCALPLACEMENT(#38,#16516);
#16518=IFCCARTESIANPOINT((4050.,0.));
#16519=IFCPOLYLINE((#4,#16518));
#16520=IFCSHAPEREPRESENTATION(#23,'Axis','Curve2D',(#16519));
#16521=IFCCARTESIANPOINT((2024.99999999998,0.));
#16522=IFCAXIS2PLACEMENT2D(#16521,#11);
#16523=IFCRECTANGLEPROFILEDEF(.AREA.,$,#16522,4049.99999999995,200.);
#16524=IFCAXIS2PLACEMENT3D(#3,$,$);
#16525=IFCEXTRUDEDAREASOLID(#16523,#16524,#9,2700.);
#16526=IFCSTYLEDITEM(#16525,(#119),$);
#16527=IFCSHAPEREPRESENTATION(#24,'Body','SweptSolid',(#16525));
#16528=IFCPRODUCTDEFINITIONSHAPE($,$,(#16520,#16527));
#16529=IFCWALL('3NX6vfz5v9fPuEx9Our8lt',#18,'Basic Wall:Generic - 200mm:1626480',$,'Basic Wall:Generic - 200mm',#16517,#16528,'1626480',.NOTDEFINED.);
#16530=IFCPROPERTYSET('2mHJXBTcqmb_LpoVP9xECI',#18,'Pset_EnvironmentalImpactIndicators',$,(#131));
#16531=IFCPROPERTYSINGLEVALUE('Reference',$,IFCLABEL('Generic - 200mm'),$);
#16532=IFCPROPERTYSET('2ptUYwL0iWf$NG18gz0H9S',#18,'Pset_ReinforcementBarPitchOfWall',$,(#16531));
#16533=IFCPROPERTYSET('2XgbUtCP6WhFobzHSs5kMN',#18,'Pset_WallCommon',$,(#131,#135,#136,#197));
#16534=IFCRELDEFINESBYPROPERTIES('0YaBFcR8iNmf1_f7orMefJ',#18,$,$,(#16529),#16530);
#16535=IFCRELDEFINESBYPROPERTIES('16b7mqMjDviNoDyaObjMEp',#18,$,$,(#16529),#16532);
#16536=IFCRELDEFINESBYPROPERTIES('0nKxS7qPjEwz5A59J0_RfI',#18,$,$,(#16529),#16533);
#16537=IFCCARTESIANPOINT((6660.,2600.,0.));
#16538=IFCAXIS2PLACEMENT3D(#16537,#9,#8);
#16539=IFCLOCALPLACEMENT(#38,#16538);
#16540=IFCCARTESIANPOINT((2400.,-0.));
#16541=IFCPOLYLINE((#4,#16540));
#16542=IFCSHAPEREPRESENTATION(#23,'Axis','Curve2D',(#16541));
#16543=IFCCARTESIANPOINT((1199.99999999997,-1.06581410364015E-13));
#16544=IFCAXIS2PLACEMENT2D(#16543,#12);
#16545=IFCRECTANGLEPROFILEDEF(.AREA.,$,#16544,2399.99999999994,200.);
#16546=IFCAXIS2PLACEMENT3D(#3,$,$);
#16547=IFCEXTRUDEDAREASOLID(#16545,#16546,#9,2700.);
#16548=IFCSTYLEDITEM(#16547,(#119),$);
#16549=IFCSHAPEREPRESENTATION(#24,'Body','SweptSolid',(#16547));
#16550=IFCPRODUCTDEFINITIONSHAPE($,$,(#16542,#16549));
#16551=IFCWALL('1DIidudZ10MuqkaQorPVsP',#18,'Basic Wall:Generic - 200mm:1627001',$,'Basic Wall:Generic - 200mm',#16539,#16550,'1627001',.NOTDEFINED.);
#16552=IFCAXIS2PLACEMENT3D(#16561,$,$);
#16554=IFCCARTESIANPOINT((0.,-1.13686837721616E-13));
#16555=IFCAXIS2PLACEMENT2D(#16554,#11);
#16556=IFCRECTANGLEPROFILEDEF(.AREA.,$,#16555,2200.,1900.);
#16557=IFCCARTESIANPOINT((-950.,0.,1100.));
#16558=IFCAXIS2PLACEMENT3D(#16557,#7,#10);
#16559=IFCEXTRUDEDAREASOLID(#16556,#16558,#9,200.);
#16560=IFCSHAPEREPRESENTATION(#24,'Body','SweptSolid',(#16559));
#16561=IFCCARTESIANPOINT((2150.,-100.,0.));
#16562=IFCPRODUCTDEFINITIONSHAPE($,$,(#16560));
#16563=IFCCARTESIANPOINT((2150.,-100.,0.));
#16564=IFCAXIS2PLACEMENT3D(#16563,$,$);
#16565=IFCLOCALPLACEMENT(#16539,#16564);
#16566=IFCOPENINGELEMENT('3LzliFahYt7RMEFPsh_wmZ',#18,'Basic Wall:Generic - 200mm:1627001',$,$,#16565,#16562,'1627237',.OPENING.);
#16567=IFCRELVOIDSELEMENT('05c2Q9XIuLJZ2Dy3vluftI',#18,$,$,#16551,#16566);
#16568=IFCPROPERTYSET('16DiOsnBCEumAMerGXew_L',#18,'Pset_EnvironmentalImpactIndicators',$,(#131));
#16569=IFCPROPERTYSINGLEVALUE('Reference',$,IFCLABEL('Generic - 200mm'),$);
#16570=IFCPROPERTYSET('0gRa7mz5i6ASepBmQCz8ke',#18,'Pset_ReinforcementBarPitchOfWall',$,(#16569));
#16571=IFCPROPERTYSET('3LRW_HAY2krH1sheos4g0t',#18,'Pset_WallCommon',$,(#131,#135,#136,#197));
#16572=IFCPROPERTYSET('0JjFXjSf1MNs$1ZIn4UG29',#18,'Pset_EnvironmentalImpactIndicators',$,(#131));
#16573=IFCPROPERTYSET('0vo4mpPnO$bphIS80IUaTF',#18,'Pset_OpeningElementCommon',$,(#131));
#16574=IFCRELDEFINESBYPROPERTIES('0n6WfQ_HEWtNnFhO$I3Lhh',#18,$,$,(#16551),#16568);
#16575=IFCRELDEFINESBYPROPERTIES('2Vc32t03jnmA2geuZaWcj2',#18,$,$,(#16551),#16570);
#16576=IFCRELDEFINESBYPROPERTIES('0g9SiMbscqZwtvNFlmNId8',#18,$,$,(#16551),#16571);
#16577=IFCRELDEFINESBYPROPERTIES('03uw5LjN3Q2RgafU4kwyL8',#18,$,$,(#16566),#16572);
#16578=IFCRELDEFINESBYPROPERTIES('0e01M2TsG0BDYe7XYodXZi',#18,$,$,(#16566),#16573);
#16579=IFCMAPPEDITEM(#8171,#8224);
#16580=IFCSHAPEREPRESENTATION(#24,'Body','MappedRepresentation',(#16579));
#16581=IFCPRODUCTDEFINITIONSHAPE($,$,(#16580));
#16582=IFCCARTESIANPOINT((8500.,2812.69999999997,0.));
#16583=IFCAXIS2PLACEMENT3D(#16582,#9,#6);
#16585=IFCDOOR('1DIidudZ10MuqkaQorPVqp',#18,'M_Door-Passage-Single-Vision_Lite:750 x 2000mm:1627091',$,'M_Door-Passage-Single-Vision_Lite:750 x 2000mm',#16751,#16581,'1627091',2100.,850.000000000001,.DOOR.,.SINGLE_SWING_LEFT.,$);
#16586=IFCMATERIALCONSTITUENT('Aluminum',$,#8175,$,'Metal');
#16587=IFCMATERIALCONSTITUENT('Wood - Birch',$,#8179,$,'Wood');
#16588=IFCMATERIALCONSTITUENT('Metal - Paint Finish - Grey',$,#8200,$,'Paint');
#16589=IFCMATERIALCONSTITUENT('Glass',$,#8204,$,'Glass');
#16590=IFCMATERIALCONSTITUENTSET($,$,(#16586,#16587,#16588,#16589));
#16591=IFCPROPERTYSET('3pMB3pmZPXJZt$EAMwF7xE',#18,'Pset_DoorCommon',$,(#135,#8237));
#16592=IFCPROPERTYSET('366I_35cuzXTx_3l89VIxw',#18,'Pset_EnvironmentalImpactIndicators',$,(#8237));
#16593=IFCRELDEFINESBYPROPERTIES('1VKX2Fj2K6oM54c$PBEt$c',#18,$,$,(#16585),#16591);
#16594=IFCRELDEFINESBYPROPERTIES('19ytIYV44D1kLkfacjOZtM',#18,$,$,(#16585),#16592);
#16595=IFCAXIS2PLACEMENT3D(#3,$,$);
#16596=IFCLOCALPLACEMENT(#42,#16595);
#16597=IFCCARTESIANPOINT((0.,9.09494701772928E-13));
#16598=IFCAXIS2PLACEMENT2D(#16597,#11);
#16599=IFCRECTANGLEPROFILEDEF(.AREA.,$,#16598,5899.9999999999,8899.99999999995);
#16600=IFCCARTESIANPOINT((4450.,2950.,0.));
#16601=IFCAXIS2PLACEMENT3D(#16600,#10,#7);
#16602=IFCEXTRUDEDAREASOLID(#16599,#16601,#9,300.);
#16603=IFCSTYLEDITEM(#16602,(#8253),$);
#16604=IFCSHAPEREPRESENTATION(#24,'Body','SweptSolid',(#16602));
#16605=IFCPRODUCTDEFINITIONSHAPE($,$,(#16604));
#16606=IFCSLAB('1uo4MLS1L5LgfOUfGnhVNA',#18,'Floor:Generic 300mm:1628177',$,'Floor:Generic 300mm',#16596,#16605,'1628177',.FLOOR.);
#16607=IFCMATERIALLAYERSETUSAGE(#8264,.AXIS3.,.POSITIVE.,0.,$);
#16608=IFCPROPERTYSET('1W98LeFA73FgYu4LRnWRC6',#18,'Pset_EnvironmentalImpactIndicators',$,(#8266));
#16609=IFCPROPERTYSINGLEVALUE('Reference',$,IFCLABEL('Generic 300mm'),$);
#16610=IFCPROPERTYSET('22Ti6wprz74zvTnOD_zAd0',#18,'Pset_ReinforcementBarPitchOfSlab',$,(#16609));
#16611=IFCPROPERTYSET('3afBU0$7GCudBYPTvsYQnD',#18,'Pset_SlabCommon',$,(#49,#8266,#8270,#8271));
#16612=IFCRELDEFINESBYPROPERTIES('0fq$SeWu65NyXUaudg9m6T',#18,$,$,(#16606),#16608);
#16613=IFCRELDEFINESBYPROPERTIES('3lwR_X0ba0ueQIscf0zBMX',#18,$,$,(#16606),#16610);
#16614=IFCRELDEFINESBYPROPERTIES('0kCAkcFw$kUSkkxzO_$OK3',#18,$,$,(#16606),#16611);
#16615=IFCPROPERTYSINGLEVALUE('Reference',$,IFCIDENTIFIER('8mm Head'),$);
#16616=IFCPROPERTYSINGLEVALUE('AboveGround',$,IFCLOGICAL(.U.),$);
#16617=IFCPROPERTYSET('16L50AfyZF4hYq5TGET4H4',#18,'Pset_BuildingStoreyCommon',$,(#16615,#16616));
#16618=IFCPROPERTYSET('2J7ac_h5ujdwWuzVwBIIta',#18,'Pset_SpaceCommon',$,(#49,#16615));
#16619=IFCRELDEFINESBYPROPERTIES('2VdfSfkgzGoZi_3SgzE8$0',#18,$,$,(#35),#16617);
#16620=IFCRELDEFINESBYPROPERTIES('3$YdOpA8iaPobC8MDiWxoI',#18,$,$,(#35),#16618);
#16621=IFCRELCONTAINEDINSPATIALSTRUCTURE('2JF4e6axWHqu3u0C5FZlmi',#18,$,$,(#123,#171,#193,#228,#8231,#8289,#8325,#8358,#16315,#16331,#16355,#16377),#35);
#16622=IFCPROPERTYSET('1n34enW33Z_3Qq2Pm1kjQZ',#18,'Pset_BuildingStoreyCommon',$,(#16615,#16616));
#16623=IFCPROPERTYSET('0qNc4$IaPwTvoqOd7IlIE4',#18,'Pset_SpaceCommon',$,(#49,#16615));
#16624=IFCRELDEFINESBYPROPERTIES('36oM8gyLQ5_Z6XoGK5uP1E',#18,$,$,(#39),#16622);
#16625=IFCRELDEFINESBYPROPERTIES('0jA6Vdz$3CfPvu_I1iTL6J',#18,$,$,(#39),#16623);
#16626=IFCRELCONTAINEDINSPATIALSTRUCTURE('1ZGO8hrFCHqw0v0066FpFv',#18,$,$,(#8257,#16399,#16421,#16443,#16465,#16487,#16529,#16551,#16585),#39);
#16627=IFCPROPERTYSET('09cf5xzyQAg1aHr6z8RWVQ',#18,'Pset_BuildingStoreyCommon',$,(#16615,#16616));
#16628=IFCPROPERTYSET('1kETkjizUxurycgODCOLR_',#18,'Pset_SpaceCommon',$,(#49,#16615));
#16629=IFCRELDEFINESBYPROPERTIES('2kFQ$f8F7f8k2BH3skfBBP',#18,$,$,(#43),#16627);
#16630=IFCRELDEFINESBYPROPERTIES('17bua8$mSXVEFlw3LJvqWD',#18,$,$,(#43),#16628);
#16631=IFCRELCONTAINEDINSPATIALSTRUCTURE('3NX6vfz5v9fPuEx9Sur9RW',#18,$,$,(#16606),#43);
#16632=IFCRELAGGREGATES('2KFB6YYWgXBmucZ8cm7uCP',#18,$,$,#27,(#46));
#16633=IFCRELAGGREGATES('16_hfJTeCqU7LcG8m10BTS',#18,$,$,#46,(#32));
#16634=IFCRELAGGREGATES('2JF4e6axWHqu3u0C9FZlmi',#18,$,$,#35,(#84));
#16635=IFCRELAGGREGATES('1yhDISh1T5aQqAoygxGIhP',#18,$,$,#32,(#35,#39,#43));
#16636=IFCPROPERTYSINGLEVALUE('NumberOfStoreys',$,IFCCOUNTMEASURE(3),$);
#16637=IFCPROPERTYSINGLEVALUE('IsLandmarked',$,IFCLOGICAL(.U.),$);
#16638=IFCPROPERTYSET('01y_GmllCupEYuBgfGbhkd',#18,'Pset_BuildingCommon',$,(#47,#16636,#16637));
#16639=IFCPROPERTYSET('1rUR7OGyIAkZT62xvibLnd',#18,'Pset_BuildingElementProxyCommon',$,(#47,#49));
#16640=IFCPROPERTYSET('2kFDjjfIaTsBi7MLK$i$Me',#18,'Pset_BuildingStoreyCommon',$,(#47,#16616));
#16641=IFCPROPERTYSET('1TYvb3FgH88mtl04iE5P1T',#18,'Pset_BuildingSystemCommon',$,(#47));
#16642=IFCPROPERTYSET('2W94HCj5xfigmNGtkBMklk',#18,'Pset_SpaceCommon',$,(#47,#49));
#16643=IFCRELDEFINESBYPROPERTIES('0vDjba2fshDEh0_KufwWht',#18,$,$,(#32),#16638);
#16644=IFCRELDEFINESBYPROPERTIES('1V6UQfELB4oPy3GPEaJMPw',#18,$,$,(#32),#16639);
#16645=IFCRELDEFINESBYPROPERTIES('0Vpd75HttOMIhzXutBGgCt',#18,$,$,(#32),#16640);
#16646=IFCRELDEFINESBYPROPERTIES('22VMRBFW9n6_S81yWIP225',#18,$,$,(#32),#16641);
#16647=IFCRELDEFINESBYPROPERTIES('2w3bzVlKnfBVjA3_BjG2II',#18,$,$,(#32),#16642);
#16648=IFCRELASSOCIATESMATERIAL('3qwOTLQUvfta0lsP8SJ5rO',#18,$,$,(#8257),#8265);
#16649=IFCRELASSOCIATESMATERIAL('09OvC172L410bPwW$PluRo',#18,$,$,(#8289),#8290);
#16650=IFCRELASSOCIATESMATERIAL('0oRDeqJcMum$mWG4sK9UJf',#18,$,$,(#16606),#16607);
#16651=IFCRELASSOCIATESMATERIAL('08fXXz7pMMJp7hReQWlnrU',#18,$,$,(#8174),#8223);
#16652=IFCRELASSOCIATESMATERIAL('3Rmi5AUO0cgBXtKTGjdPuX',#18,$,$,(#8231),#8236);
#16653=IFCRELASSOCIATESMATERIAL('1jruf0t5idgzg3GtAp8n3H',#18,$,$,(#16292),#16308);
#16654=IFCRELASSOCIATESMATERIAL('0ItKss_FuXnMP9GW_cBOfM',#18,$,$,(#16315),#16320);
#16655=IFCRELASSOCIATESMATERIAL('2ACjoZFFpTl$pkobqY2rqf',#18,$,$,(#16331),#16336);
#16656=IFCRELASSOCIATESMATERIAL('2EwlaTdVkQvpj8YCmdM$wr',#18,$,$,(#16585),#16590);
#16657=IFCRELASSOCIATESMATERIAL('22T9r9KB1F3JFgePfxkUGp',#18,$,$,(#123,#130,#171,#193,#228,#8325,#8358,#16355,#16377,#16399,#16421,#16443,#16465,#16487,#16529,#16551),#129);
#16658=IFCRELASSOCIATESMATERIAL('0QfjMRWx0N0AraD35Xcprq',#18,$,$,(#8258),#8264);
#16659=IFCRELDEFINESBYTYPE('0WS$pAmFT1r59rjTNQCmF_',#18,$,$,(#84),#85);
#16660=IFCRELDEFINESBYTYPE('0MSq_ijuC5q4PUKv4QkOsA',#18,$,$,(#123,#171,#193,#228,#8325,#8358,#16355,#16377,#16399,#16421,#16443,#16465,#16487,#16529,#16551),#130);
#16661=IFCRELDEFINESBYTYPE('26otHfVJSt3dO2_pQKnio6',#18,$,$,(#8231,#16585),#8174);
#16662=IFCRELDEFINESBYTYPE('1bgurferyyrfEx97ISVVLa',#18,$,$,(#8257,#8289,#16606),#8258);
#16663=IFCRELDEFINESBYTYPE('056fT7PZCYQZb5NU7usW7E',#18,$,$,(#16315,#16331),#16292);
#16664=IFCRELCONNECTSPATHELEMENTS('2tHZRVgx3S2k930weLkc_2',#18,'3BWdP87i9Ef9$qXUk0QtZE|3BWdP87i9Ef9$qXUk0QtfL','Structural',$,#123,#171,(),(),.ATEND.,.ATSTART.);
#16665=IFCRELCONNECTSPATHELEMENTS('1FboaKoKCJ3fLiUBXqmBBM',#18,'3BWdP87i9Ef9$qXUk0QtZE|3BWdP87i9Ef9$qXUk0QtIn','Structural',$,#123,#228,(),(),.ATSTART.,.ATEND.);
#16666=IFCRELCONNECTSPATHELEMENTS('0gClM8gL3l9GZQvPbie2HP',#18,'3BWdP87i9Ef9$qXUk0QtfL|3NX6vfz5v9fPuEx9Our9oT','Structural',$,#171,#8325,(),(),.ATEND.,.ATSTART.);
#16667=IFCRELCONNECTSPATHELEMENTS('1jvfyRfCuJtILWo7zBusLt',#18,'3BWdP87i9Ef9$qXUk0QtfL|3NX6vfz5v9fPuEx9Our99W','Structural',$,#171,#16377,(),(),.ATEND.,.ATSTART.);
#16668=IFCRELCONNECTSPATHELEMENTS('2rOnpbqRHtmuOzK$aDBmi9',#18,'3BWdP87i9Ef9$qXUk0QtIo|3NX6vfz5v9fPuEx9Our98H','Structural',$,#193,#16355,(),(),.ATEND.,.ATSTART.);
#16669=IFCRELCONNECTSPATHELEMENTS('0a3TgEyHT6pqbZLWS1t3yX',#18,'3BWdP87i9Ef9$qXUk0QtIo|3NX6vfz5v9fPuEx9Our99W','Structural',$,#193,#16377,(),(),.ATSTART.,.ATEND.);
#16670=IFCRELCONNECTSPATHELEMENTS('3JRKnHw8UZleOmIhFdgO6$',#18,'3BWdP87i9Ef9$qXUk0QtIn|3NX6vfz5v9fPuEx9Our9oT','Structural',$,#228,#8325,(),(),.ATSTART.,.ATEND.);
#16671=IFCRELCONNECTSPATHELEMENTS('13U0BNRfRA$D9tGdjZItm7',#18,'3BWdP87i9Ef9$qXUk0QtIn|3NX6vfz5v9fPuEx9Our98H','Structural',$,#228,#16355,(),(),.ATSTART.,.ATEND.);
#16672=IFCRELCONNECTSPATHELEMENTS('0ye_s$Fot2kn$b2egSn6eg',#18,'3NX6vfz5v9fPuEx9Our9oT|3NX6vfz5v9fPuEx9Our98H','Structural',$,#8325,#16355,(),(),.ATSTART.,.ATSTART.);
#16673=IFCRELCONNECTSPATHELEMENTS('0YeKNrY$ebRoXNItjSrH_t',#18,'3NX6vfz5v9fPuEx9Our9oT|3NX6vfz5v9fPuEx9Our99W','Structural',$,#8325,#16377,(),(),.ATEND.,.ATEND.);
#16674=IFCRELCONNECTSPATHELEMENTS('0PIP6ITioDwFv99TCWWJuu',#18,'3NX6vfz5v9fPuEx9Our9oT|3NX6vfz5v9fPuEx9Our9n2','Structural',$,#8325,#8358,(),(),.ATSTART.,.ATPATH.);
#16675=IFCRELCONNECTSPATHELEMENTS('2vW85piPIcCEAqSSejA3lQ',#18,'3BWdP87i9Ef9$qXUk0QtZE|3NX6vfz5v9fPuEx9Our9n2','Structural',$,#123,#8358,(),(),.ATEND.,.ATPATH.);
#16676=IFCRELCONNECTSPATHELEMENTS('2o$NT1DjIj1hwbMM6pYiZI',#18,'3NX6vfz5v9fPuEx9Our921|3NX6vfz5v9fPuEx9Our95v','Structural',$,#16399,#16465,(),(),.ATEND.,.ATSTART.);
#16677=IFCRELCONNECTSPATHELEMENTS('0aYOO4wD7Y4tcHKnD8iKMs',#18,'3NX6vfz5v9fPuEx9Our921|3NX6vfz5v9fPuEx9Our93k','Structural',$,#16399,#16421,(),(),.ATSTART.,.ATEND.);
#16678=IFCRELCONNECTSPATHELEMENTS('336x21yCBQQPZTycQgLQTa',#18,'3NX6vfz5v9fPuEx9Our93k|3NX6vfz5v9fPuEx9Our91Z','Structural',$,#16421,#16443,(),(),.ATSTART.,.ATEND.);
#16679=IFCRELCONNECTSPATHELEMENTS('0VXyjrLt7Hkdw5db8DeTlO',#18,'3NX6vfz5v9fPuEx9Our91Z|3NX6vfz5v9fPuEx9Our95v','Structural',$,#16443,#16465,(),(),.ATSTART.,.ATEND.);
#16680=IFCRELCONNECTSPATHELEMENTS('2RATk$_tGva5kWKvafLcaP',#18,'3NX6vfz5v9fPuEx9Our921|3NX6vfz5v9fPuEx9Our9K9','Structural',$,#16399,#16487,(),(),.ATSTART.,.ATPATH.);
#16681=IFCRELCONNECTSPATHELEMENTS('1vYNlOakFIo0Kj5gk9Io2n',#18,'3NX6vfz5v9fPuEx9Our91Z|3NX6vfz5v9fPuEx9Our9K9','Structural',$,#16443,#16487,(),(),.ATEND.,.ATPATH.);
#16682=IFCRELCONNECTSPATHELEMENTS('0uWouPfJ5aEg9ovguisAdX',#18,'3NX6vfz5v9fPuEx9Our93k|3NX6vfz5v9fPuEx9Our8lt','Structural',$,#16421,#16529,(),(),.ATSTART.,.ATPATH.);
#16683=IFCRELCONNECTSPATHELEMENTS('3RBQr2PBzcs6WHw00xgSQt',#18,'3NX6vfz5v9fPuEx9Our9K9|3NX6vfz5v9fPuEx9Our8lt','Structural',$,#16487,#16529,(),(),.ATEND.,.ATPATH.);
#16684=IFCRELCONNECTSPATHELEMENTS('0zkpmMaU1Sz0VTZVb5L3Um',#18,'3NX6vfz5v9fPuEx9Our8lt|1DIidudZ10MuqkaQorPVsP','Structural',$,#16529,#16551,(),(),.ATSTART.,.ATPATH.);
#16685=IFCRELCONNECTSPATHELEMENTS('21Qwe7EVB85TKOeWGNu_8C',#18,'3NX6vfz5v9fPuEx9Our921|1DIidudZ10MuqkaQorPVsP','Structural',$,#16399,#16551,(),(),.ATEND.,.ATPATH.);
#16686=IFCPRESENTATIONLAYERASSIGNMENT('A-AREA-____-OTLN',$,(#82),$);
#16687=IFCPRESENTATIONLAYERASSIGNMENT('A-WALL-____-OTLN',$,(#96,#121,#150,#169,#184,#191,#207,#226,#8303,#8323,#8338,#8356,#16346,#16353,#16368,#16375,#16390,#16397,#16412,#16419,#16434,#16441,#16456,#16463,#16478,#16485,#16520,#16527,#16542,#16549),$);
#16688=IFCPRESENTATIONLAYERASSIGNMENT('A-DOOR-____-OTLN',$,(#8169,#8209,#8212,#8215,#8218,#8221,#8226,#16287,#16294,#16297,#16300,#16303,#16306,#16310,#16326,#16580),$);
#16689=IFCPRESENTATIONLAYERASSIGNMENT('A-FLOR-____-OTLN',$,(#8255,#8287,#16604),$);
#16690=IFCCARTESIANPOINT((1050.,425.));
#16691=IFCAXIS2PLACEMENT2D(#16690,#11);
#16692=IFCRECTANGLEPROFILEDEF(.AREA.,$,#16691,2100.,850.);
#16693=IFCAXIS2PLACEMENT3D(#3,#7,#9);
#16694=IFCEXTRUDEDAREASOLID(#16692,#16693,#9,200.);
#16695=IFCSHAPEREPRESENTATION(#24,'Body','SweptSolid',(#16694));
#16696=IFCPRODUCTDEFINITIONSHAPE($,$,(#16695));
#16697=IFCCARTESIANPOINT((2525.,-100.,0.));
#16698=IFCAXIS2PLACEMENT3D(#16697,$,$);
#16699=IFCLOCALPLACEMENT(#181,#16698);
#16700=IFCOPENINGELEMENT('3bdffHZf$Y4q4I_3LTlrif',#18,'M_Door-Passage-Single-Vision_Lite:750 x 2000mm:1622003:1',$,$,#16699,#16696,'1622003',.OPENING.);
#16701=IFCRELVOIDSELEMENT('2QnDw_VXDDCuQkmg3iHfEj',#18,$,$,#193,#16700);
#16702=IFCRELFILLSELEMENT('0JT70HGV5JKZhuBV3FAqWF',#18,$,$,#16700,#8231);
#16703=IFCCARTESIANPOINT((0.,-12.7000000000118,0.));
#16704=IFCAXIS2PLACEMENT3D(#16703,$,$);
#16705=IFCLOCALPLACEMENT(#16699,#16704);
#16706=IFCCARTESIANPOINT((1050.,425.));
#16707=IFCAXIS2PLACEMENT2D(#16706,#11);
#16708=IFCRECTANGLEPROFILEDEF(.AREA.,$,#16707,2100.,850.);
#16709=IFCAXIS2PLACEMENT3D(#3,#7,#9);
#16710=IFCEXTRUDEDAREASOLID(#16708,#16709,#9,200.);
#16711=IFCSHAPEREPRESENTATION(#24,'Body','SweptSolid',(#16710));
#16712=IFCPRODUCTDEFINITIONSHAPE($,$,(#16711));
#16713=IFCCARTESIANPOINT((1850.,-100.,0.));
#16714=IFCAXIS2PLACEMENT3D(#16713,$,$);
#16715=IFCLOCALPLACEMENT(#8300,#16714);
#16716=IFCOPENINGELEMENT('0$PQ2EtHNrzJAZ0u0exXv9',#18,'M_Door-Passage-Single-Vision_Lite:750 x 2000mm:1623771:1',$,$,#16715,#16712,'1623771',.OPENING.);
#16717=IFCRELVOIDSELEMENT('3NX6vfz5v9fPuEx88ur9nS',#18,$,$,#8325,#16716);
#16718=IFCRELFILLSELEMENT('3erv4Fk0sgtbgjQpfICPRq',#18,$,$,#16716,#16315);
#16719=IFCAXIS2PLACEMENT3D(#3,$,$);
#16720=IFCLOCALPLACEMENT(#16715,#16719);
#16721=IFCCARTESIANPOINT((1050.,425.));
#16722=IFCAXIS2PLACEMENT2D(#16721,#11);
#16723=IFCRECTANGLEPROFILEDEF(.AREA.,$,#16722,2100.,850.);
#16724=IFCAXIS2PLACEMENT3D(#3,#7,#9);
#16725=IFCEXTRUDEDAREASOLID(#16723,#16724,#9,200.);
#16726=IFCSHAPEREPRESENTATION(#24,'Body','SweptSolid',(#16725));
#16727=IFCPRODUCTDEFINITIONSHAPE($,$,(#16726));
#16728=IFCCARTESIANPOINT((4450.,-100.,0.));
#16729=IFCAXIS2PLACEMENT3D(#16728,$,$);
#16730=IFCLOCALPLACEMENT(#8300,#16729);
#16731=IFCOPENINGELEMENT('3rvR4mn3QguRde7Kg$kj5m',#18,'M_Door-Passage-Single-Vision_Lite:750 x 2000mm:1623888:1',$,$,#16730,#16727,'1623888',.OPENING.);
#16732=IFCRELVOIDSELEMENT('3NX6vfz5v9fPuEx88ur9tN',#18,$,$,#8325,#16731);
#16733=IFCRELFILLSELEMENT('1yfuG5eFyeswyVpc1jzFfX',#18,$,$,#16731,#16331);
#16734=IFCAXIS2PLACEMENT3D(#3,$,$);
#16735=IFCLOCALPLACEMENT(#16730,#16734);
#16736=IFCCARTESIANPOINT((1050.,425.000000000001));
#16737=IFCAXIS2PLACEMENT2D(#16736,#11);
#16738=IFCRECTANGLEPROFILEDEF(.AREA.,$,#16737,2100.,850.);
#16739=IFCAXIS2PLACEMENT3D(#3,#7,#9);
#16740=IFCEXTRUDEDAREASOLID(#16738,#16739,#9,200.);
#16741=IFCSHAPEREPRESENTATION(#24,'Body','SweptSolid',(#16740));
#16742=IFCPRODUCTDEFINITIONSHAPE($,$,(#16741));
#16743=IFCCARTESIANPOINT((200.,-100.,0.));
#16744=IFCAXIS2PLACEMENT3D(#16743,$,$);
#16745=IFCLOCALPLACEMENT(#16517,#16744);
#16746=IFCOPENINGELEMENT('0tPIX5h3f$mlHegqdfqF93',#18,'M_Door-Passage-Single-Vision_Lite:750 x 2000mm:1627091:1',$,$,#16745,#16742,'1627091',.OPENING.);
#16747=IFCRELVOIDSELEMENT('1DIidudZ10MuqkaRYrPVqp',#18,$,$,#16529,#16746);
#16748=IFCRELFILLSELEMENT('1awZcHayC9nH4ZlT5jkHTG',#18,$,$,#16746,#16585);
#16749=IFCCARTESIANPOINT((0.,-12.6999999999675,0.));
#16750=IFCAXIS2PLACEMENT3D(#16749,$,$);
#16751=IFCLOCALPLACEMENT(#16745,#16750);
#16752=IFCRELASSOCIATESCLASSIFICATION('15kS_ZjgS4BJTf6DYycLwo',#18,'Exterior Walls','Exterior Walls:B2010',(#123,#171,#193,#228,#8325,#8358,#16355,#16377,#16399,#16421,#16443,#16465,#16487,#16529,#16551),#142);
#16753=IFCRELASSOCIATESCLASSIFICATION('00LsFziLUyoKQHdrPXyR5k',#18,'Glazed Doors & Entrances','Glazed Doors & Entrances:B2030100',(#8231,#16315,#16331,#16585),#8242);
#16754=IFCUNITASSIGNMENT((#19,#80,#81));
ENDSEC;
END-ISO-10303-21;
